version 3
run ParameterStudy-38-20251202-16:20:00-1436
attr configname ParameterStudy
attr datetime 20251202-16:20:00
attr datetimef 20251202-162000
attr experiment ParameterStudy
attr inifile omnetpp.ini
attr iterationvars $betaProducer=1.7s
attr iterationvarsd betaProducer=1.7s
attr iterationvarsf betaProducer=1.7s-
attr measurement $betaProducer=1.7s
attr network queue_sim
attr processid 1436
attr repetition 3
attr replication #3
attr resultdir results
attr runnumber 38
attr seedset 38
itervar betaProducer 1.7s
config description "Parameter study: β_producer = 1s to 10s (0.1s steps), β_service = 1s, 5 repetitions"
config *.serviceUnit.meanServiceTime 1s
config *.producer.warmupPeriod 100s
config *.queue.warmupPeriod 100s
config *.serviceUnit.warmupPeriod 100s
config *.sink.warmupPeriod 100s
config *.producer.meanInterArrivalTime 1.7s
config network queue_sim
config sim-time-limit 600s
config warmup-period 100s
config repeat 5
config **.vector-recording true
config **.scalar-recording true
config debug-on-errors true

vector 0 queue_sim.producer jobGenerated:vector ETV
attr recordingmode vector
attr title "Jobs Generated"
vector 1 queue_sim.producer interArrivalTime:vector ETV
attr recordingmode vector
attr title "Inter-arrival Time"
attr unit s
vector 2 queue_sim.queue queueLength:vector ETV
attr recordingmode vector
attr title "Queue Length"
vector 3 queue_sim.queue queueingDelay:vector ETV
attr recordingmode vector
attr title "Queueing Delay"
attr unit s
vector 4 queue_sim.queue queueUtilization:vector ETV
attr recordingmode vector
attr title "Queue Utilization"
vector 5 queue_sim.queue systemSize:vector ETV
attr recordingmode vector
attr title "System Size"
vector 6 queue_sim.serviceUnit serviceTime:vector ETV
attr recordingmode vector
attr title "Service Time"
attr unit s
vector 7 queue_sim.serviceUnit utilization:vector ETV
attr recordingmode vector
attr title "Server Utilization"
vector 8 queue_sim.sink jobCompleted:vector ETV
attr recordingmode vector
attr title "Jobs Completed"
vector 9 queue_sim.sink totalDelay:vector ETV
attr recordingmode vector
attr title "Total System Delay"
attr unit s
0	325	101.017185769686	55
0	331	101.784624166236	56
0	337	102.273841879637	57
0	343	103.265229367699	58
0	349	104.828320786255	59
0	352	105.50775685267	60
0	358	107.284292232169	61
0	364	108.202356158318	62
0	366	108.78635284618	63
0	376	111.01838970959	64
0	382	115.308730207696	65
0	384	116.780692626139	66
0	386	116.78319273418	67
0	403	118.668703666124	68
0	409	120.515270455917	69
0	412	121.359057502931	70
0	418	123.577364034755	71
0	427	125.295473488556	72
0	430	126.336921075966	73
0	432	126.383718576405	74
0	434	127.109557150507	75
0	440	128.379710155126	76
0	446	129.413654303065	77
0	448	131.158867194779	78
0	450	131.545607864965	79
0	456	132.880444197485	80
0	481	138.710488029033	81
0	487	139.626751835754	82
0	493	141.954251033088	83
0	496	142.010738405361	84
0	498	142.044828947765	85
0	504	142.609612216638	86
0	506	143.287700554262	87
0	512	144.521680258277	88
0	518	145.122038189664	89
0	528	146.452583963192	90
0	538	148.239719042302	91
0	547	151.75403703309	92
0	553	155.038376983991	93
0	556	155.465845759739	94
0	562	157.253072847936	95
0	571	162.332525168833	96
0	577	164.253378759166	97
0	580	165.466427997105	98
0	586	165.953965338147	99
0	592	166.224880166858	100
0	594	167.115104744448	101
0	596	167.543032613808	102
0	613	171.339501430384	103
0	619	171.741689560245	104
0	625	172.490186783539	105
0	628	173.740189504238	106
0	634	175.234113086566	107
0	643	176.844732375548	108
0	646	177.439772056309	109
0	648	177.625056724745	110
0	650	177.847982725068	111
0	667	189.542960936631	112
0	673	190.796333686855	113
0	676	191.468845989639	114
0	685	193.276915384572	115
0	688	193.55436184021	116
0	697	198.807533415793	117
0	700	198.964997556369	118
0	706	201.81074632841	119
0	712	203.084826158498	120
0	714	204.304445348431	121
0	720	206.642795113395	122
0	722	208.764509119722	123
0	728	209.753108323882	124
0	734	210.764633626691	125
0	748	213.235010271834	126
0	757	217.04041471372	127
0	763	219.576310369633	128
0	766	219.651078536804	129
0	775	220.783538347683	130
0	781	222.803921170622	131
0	787	223.43517328076	132
0	793	235.00567719831	133
0	796	236.36913245436	134
0	802	237.547046327354	135
0	808	239.698096321583	136
0	814	241.755902446163	137
0	816	242.366723657784	138
0	818	242.75536536577	139
0	824	243.36966917073	140
0	830	245.48466938526	141
0	836	247.352611518855	142
0	853	249.569137630837	143
0	859	250.490108195178	144
0	865	256.738920497213	145
0	871	258.389805531132	146
0	877	259.690258443747	147
0	883	261.002637377875	148
0	886	261.743598690799	149
0	888	262.154982035245	150
0	890	262.553822701301	151
0	892	262.674433917043	152
0	902	264.958829118631	153
0	908	265.603892456222	154
0	910	267.254571762589	155
0	916	268.597616904859	156
0	930	270.867370172812	157
0	940	272.102231513987	158
0	949	275.33920970747	159
0	955	275.891900220283	160
0	961	279.997084737575	161
0	967	282.125550275929	162
0	970	282.552620021678	163
0	979	285.309749397256	164
0	985	285.758595082766	165
0	991	289.133462284862	166
0	997	289.915541819208	167
0	1000	290.047034134104	168
0	1002	290.18320683761	169
0	1012	291.701231965328	170
0	1018	292.701592140099	171
0	1020	293.066186668616	172
0	1022	294.202143321077	173
0	1024	296.167005707226	174
0	1026	296.721309854148	175
0	1032	297.086482326397	176
0	1046	298.66098012104	177
0	1063	302.557578245371	178
0	1069	303.811734082672	179
0	1075	307.414755393054	180
0	1078	308.102828734949	181
0	1080	308.937017089469	182
0	1093	311.750490435525	183
0	1096	312.109421881881	184
0	1098	312.465960836862	185
0	1111	317.732817373984	186
0	1117	323.625433918601	187
0	1120	323.673146135978	188
0	1126	323.797081278033	189
0	1128	324.16088777654	190
0	1141	328.312611497887	191
0	1144	330.131762225105	192
0	1146	330.216769308582	193
0	1159	334.352645461598	194
0	1165	340.137524227481	195
0	1171	341.529678363837	196
0	1174	342.713883174985	197
0	1183	345.869414447587	198
0	1189	346.296449603968	199
0	1195	348.1634014052	200
0	1201	351.362262792757	201
0	1204	351.367309731244	202
0	1213	355.401442029547	203
0	1216	355.893223722182	204
0	1218	356.629937430804	205
0	1228	358.238602199412	206
0	1237	360.858015078526	207
0	1240	361.101424695663	208
0	1249	365.659417266192	209
0	1255	367.24774722407	210
0	1258	367.290695808763	211
0	1260	368.226876576829	212
0	1273	375.004395213442	213
0	1276	375.50104568141	214
0	1278	376.505667338701	215
0	1280	376.957950030433	216
0	1294	378.604964162885	217
0	1303	380.533094927381	218
0	1309	385.219025243938	219
0	1312	387.46820809733	220
0	1321	389.161842756608	221
0	1327	397.144186320794	222
0	1333	399.620397376493	223
0	1336	401.783599681066	224
0	1342	403.997145903684	225
0	1351	408.867809914082	226
0	1357	409.346788958314	227
0	1363	410.634360957966	228
0	1366	411.997247211884	229
0	1375	412.496180840931	230
0	1381	417.272534912386	231
0	1387	418.184548284206	232
0	1390	418.803184710473	233
0	1399	421.315696606878	234
0	1402	421.600556502089	235
0	1408	426.071500084658	236
0	1410	426.12392480122	237
0	1412	426.968191977948	238
0	1429	430.504625127668	239
0	1435	431.669298513778	240
0	1441	434.94991212838	241
0	1447	438.359063157857	242
0	1453	441.056818828966	243
0	1459	443.873338797898	244
0	1465	446.191093653805	245
0	1471	448.259858357314	246
0	1474	448.391146216134	247
0	1476	448.40831571533	248
0	1489	450.746684574554	249
0	1495	451.364299925966	250
0	1501	456.631951165694	251
0	1507	457.297801038972	252
0	1510	457.45145956311	253
0	1512	460.034693488628	254
0	1522	462.22889150077	255
0	1528	462.764966659733	256
0	1534	463.644681985383	257
0	1540	464.113699081512	258
0	1549	466.640969996579	259
0	1555	467.757082418319	260
0	1558	469.289810470372	261
0	1560	469.763572489472	262
0	1562	470.224535071078	263
0	1576	471.032151869125	264
0	1582	471.381523874237	265
0	1584	471.679686619043	266
0	1597	474.612734417683	267
0	1600	474.73013692924	268
0	1602	475.91246710883	269
0	1612	476.934117782271	270
0	1614	478.754026936844	271
0	1620	478.841134972992	272
0	1633	480.207267032624	273
0	1636	481.154351859329	274
0	1638	482.938690416404	275
0	1644	484.779047705783	276
0	1650	485.763493595252	277
0	1656	488.341611551987	278
0	1666	492.349724920182	279
0	1672	493.057099243779	280
0	1678	494.97250438951	281
0	1680	495.374102062278	282
0	1686	497.281787600856	283
0	1699	499.969202071315	284
0	1705	506.258409570204	285
0	1708	506.488315658565	286
0	1710	506.822293008416	287
0	1712	507.764980333451	288
0	1714	507.964412008567	289
0	1735	513.033676104824	290
0	1738	513.144327836674	291
0	1747	514.676515516297	292
0	1750	515.230220915035	293
0	1759	516.141634868613	294
0	1765	517.468927764517	295
0	1771	517.947461326192	296
0	1777	519.735014028221	297
0	1783	523.188743977307	298
0	1786	523.388551527788	299
0	1795	527.894149007546	300
0	1798	528.984214217147	301
0	1804	530.286813636386	302
0	1813	532.331522576823	303
0	1819	534.187926847384	304
0	1822	534.603183143931	305
0	1828	536.319262460702	306
0	1834	537.214000479581	307
0	1840	538.803819052172	308
0	1846	540.08703628195	309
0	1855	541.498430621073	310
0	1861	543.194410903861	311
0	1867	547.499152955343	312
0	1873	548.070146291242	313
0	1879	552.871099885396	314
0	1882	552.890619265129	315
0	1891	554.185299815568	316
0	1897	555.306047191114	317
0	1903	557.595465909624	318
0	1906	557.872909917003	319
0	1912	563.90214177554	320
0	1921	566.726359200384	321
0	1927	569.822483727547	322
0	1933	572.833510420736	323
0	1939	574.541099085097	324
0	1942	574.561655689866	325
0	1951	577.604488361109	326
0	1957	580.908034841793	327
0	1963	582.822586301718	328
0	1969	587.256573728498	329
0	1972	587.829342935695	330
0	1974	588.000097744861	331
0	1987	591.891300194364	332
0	1993	594.871363895072	333
0	1996	595.451267149789	334
0	1998	595.627194249238	335
0	2008	599.543022666613	336
1	325	101.017185769686	0.76743839655043
1	331	101.784624166236	0.48921771340092
1	337	102.273841879637	0.99138748806198
1	343	103.265229367699	1.5630914185563
1	349	104.828320786255	0.67943606641459
1	352	105.50775685267	1.776535379499
1	358	107.284292232169	0.91806392614882
1	364	108.202356158318	0.58399668786163
1	366	108.78635284618	2.2320368634098
1	376	111.01838970959	4.2903404981057
1	382	115.308730207696	1.4719624184425
1	384	116.780692626139	0.0025001080412492
1	386	116.78319273418	1.8855109319436
1	403	118.668703666124	1.8465667897934
1	409	120.515270455917	0.8437870470139
1	412	121.359057502931	2.2183065318241
1	418	123.577364034755	1.718109453801
1	427	125.295473488556	1.0414475874097
1	430	126.336921075966	0.046797500438651
1	432	126.383718576405	0.72583857410239
1	434	127.109557150507	1.270153004619
1	440	128.379710155126	1.033944147939
1	446	129.413654303065	1.7452128917141
1	448	131.158867194779	0.3867406701859
1	450	131.545607864965	1.3348363325201
1	456	132.880444197485	5.8300438315484
1	481	138.710488029033	0.91626380672087
1	487	139.626751835754	2.3274991973343
1	493	141.954251033088	0.056487372272636
1	496	142.010738405361	0.034090542404013
1	498	142.044828947765	0.56478326887264
1	504	142.609612216638	0.67808833762399
1	506	143.287700554262	1.2339797040155
1	512	144.521680258277	0.60035793138683
1	518	145.122038189664	1.3305457735279
1	528	146.452583963192	1.7871350791103
1	538	148.239719042302	3.5143179907876
1	547	151.75403703309	3.2843399509007
1	553	155.038376983991	0.42746877574803
1	556	155.465845759739	1.7872270881975
1	562	157.253072847936	5.0794523208969
1	571	162.332525168833	1.9208535903329
1	577	164.253378759166	1.2130492379386
1	580	165.466427997105	0.48753734104186
1	586	165.953965338147	0.27091482871056
1	592	166.224880166858	0.89022457758977
1	594	167.115104744448	0.42792786936047
1	596	167.543032613808	3.7964688165755
1	613	171.339501430384	0.40218812986145
1	619	171.741689560245	0.74849722329367
1	625	172.490186783539	1.2500027206993
1	628	173.740189504238	1.4939235823284
1	634	175.234113086566	1.6106192889816
1	643	176.844732375548	0.59503968076125
1	646	177.439772056309	0.185284668436
1	648	177.625056724745	0.22292600032322
1	650	177.847982725068	11.694978211563
1	667	189.542960936631	1.2533727502244
1	673	190.796333686855	0.67251230278387
1	676	191.468845989639	1.8080693949332
1	685	193.276915384572	0.27744645563755
1	688	193.55436184021	5.2531715755832
1	697	198.807533415793	0.157464140576
1	700	198.964997556369	2.845748772041
1	706	201.81074632841	1.2740798300882
1	712	203.084826158498	1.2196191899326
1	714	204.304445348431	2.3383497649643
1	720	206.642795113395	2.1217140063266
1	722	208.764509119722	0.9885992041598
1	728	209.753108323882	1.0115253028088
1	734	210.764633626691	2.4703766451434
1	748	213.235010271834	3.8054044418858
1	757	217.04041471372	2.5358956559126
1	763	219.576310369633	0.074768167170974
1	766	219.651078536804	1.132459810879
1	775	220.783538347683	2.0203828229386
1	781	222.803921170622	0.6312521101378
1	787	223.43517328076	11.57050391755
1	793	235.00567719831	1.3634552560505
1	796	236.36913245436	1.1779138729945
1	802	237.547046327354	2.1510499942293
1	808	239.698096321583	2.0578061245802
1	814	241.755902446163	0.61082121162103
1	816	242.366723657784	0.38864170798569
1	818	242.75536536577	0.6143038049599
1	824	243.36966917073	2.1150002145295
1	830	245.48466938526	1.8679421335948
1	836	247.352611518855	2.216526111982
1	853	249.569137630837	0.92097056434073
1	859	250.490108195178	6.2488123020352
1	865	256.738920497213	1.6508850339195
1	871	258.389805531132	1.3004529126153
1	877	259.690258443747	1.3123789341275
1	883	261.002637377875	0.74096131292421
1	886	261.743598690799	0.41138334444572
1	888	262.154982035245	0.39884066605596
1	890	262.553822701301	0.12061121574241
1	892	262.674433917043	2.2843952015875
1	902	264.958829118631	0.6450633375912
1	908	265.603892456222	1.6506793063666
1	910	267.254571762589	1.3430451422698
1	916	268.597616904859	2.2697532679531
1	930	270.867370172812	1.2348613411746
1	940	272.102231513987	3.2369781934829
1	949	275.33920970747	0.55269051281299
1	955	275.891900220283	4.1051845172917
1	961	279.997084737575	2.1284655383539
1	967	282.125550275929	0.42706974574888
1	970	282.552620021678	2.7571293755784
1	979	285.309749397256	0.44884568551016
1	985	285.758595082766	3.3748672020963
1	991	289.133462284862	0.78207953434644
1	997	289.915541819208	0.13149231489624
1	1000	290.047034134104	0.13617270350627
1	1002	290.18320683761	1.5180251277176
1	1012	291.701231965328	1.0003601747713
1	1018	292.701592140099	0.3645945285173
1	1020	293.066186668616	1.1359566524605
1	1022	294.202143321077	1.9648623861491
1	1024	296.167005707226	0.55430414692213
1	1026	296.721309854148	0.36517247224869
1	1032	297.086482326397	1.5744977946432
1	1046	298.66098012104	3.8965981243305
1	1063	302.557578245371	1.2541558373011
1	1069	303.811734082672	3.6030213103822
1	1075	307.414755393054	0.6880733418947
1	1078	308.102828734949	0.83418835452011
1	1080	308.937017089469	2.8134733460556
1	1093	311.750490435525	0.35893144635617
1	1096	312.109421881881	0.3565389549805
1	1098	312.465960836862	5.2668565371215
1	1111	317.732817373984	5.8926165446167
1	1117	323.625433918601	0.047712217376823
1	1120	323.673146135978	0.12393514205513
1	1126	323.797081278033	0.36380649850688
1	1128	324.16088777654	4.1517237213474
1	1141	328.312611497887	1.8191507272184
1	1144	330.131762225105	0.08500708347702
1	1146	330.216769308582	4.1358761530161
1	1159	334.352645461598	5.7848787658834
1	1165	340.137524227481	1.3921541363563
1	1171	341.529678363837	1.1842048111481
1	1174	342.713883174985	3.1555312726022
1	1183	345.869414447587	0.42703515638143
1	1189	346.296449603968	1.8669518012319
1	1195	348.1634014052	3.1988613875569
1	1201	351.362262792757	0.0050469384868841
1	1204	351.367309731244	4.0341322983028
1	1213	355.401442029547	0.49178169263516
1	1216	355.893223722182	0.73671370862231
1	1218	356.629937430804	1.6086647686082
1	1228	358.238602199412	2.6194128791139
1	1237	360.858015078526	0.24340961713728
1	1240	361.101424695663	4.5579925705292
1	1249	365.659417266192	1.5883299578783
1	1255	367.24774722407	0.042948584692558
1	1258	367.290695808763	0.93618076806617
1	1260	368.226876576829	6.7775186366129
1	1273	375.004395213442	0.49665046796791
1	1276	375.50104568141	1.004621657291
1	1278	376.505667338701	0.45228269173209
1	1280	376.957950030433	1.6470141324519
1	1294	378.604964162885	1.9281307644962
1	1303	380.533094927381	4.6859303165573
1	1309	385.219025243938	2.2491828533922
1	1312	387.46820809733	1.6936346592782
1	1321	389.161842756608	7.9823435641862
1	1327	397.144186320794	2.4762110556986
1	1333	399.620397376493	2.1632023045734
1	1336	401.783599681066	2.2135462226176
1	1342	403.997145903684	4.8706640103977
1	1351	408.867809914082	0.47897904423161
1	1357	409.346788958314	1.2875719996519
1	1363	410.634360957966	1.3628862539179
1	1366	411.997247211884	0.49893362904695
1	1375	412.496180840931	4.776354071455
1	1381	417.272534912386	0.91201337181982
1	1387	418.184548284206	0.61863642626706
1	1390	418.803184710473	2.5125118964052
1	1399	421.315696606878	0.28485989521056
1	1402	421.600556502089	4.4709435825693
1	1408	426.071500084658	0.052424716562354
1	1410	426.12392480122	0.84426717672778
1	1412	426.968191977948	3.5364331497199
1	1429	430.504625127668	1.16467338611
1	1435	431.669298513778	3.2806136146018
1	1441	434.94991212838	3.4091510294768
1	1447	438.359063157857	2.6977556711087
1	1453	441.056818828966	2.8165199689321
1	1459	443.873338797898	2.3177548559065
1	1465	446.191093653805	2.0687647035089
1	1471	448.259858357314	0.13128785881997
1	1474	448.391146216134	0.017169499195991
1	1476	448.40831571533	2.3383688592242
1	1489	450.746684574554	0.61761535141194
1	1495	451.364299925966	5.2676512397283
1	1501	456.631951165694	0.66584987327813
1	1507	457.297801038972	0.15365852413848
1	1510	457.45145956311	2.583233925518
1	1512	460.034693488628	2.194198012142
1	1522	462.22889150077	0.53607515896333
1	1528	462.764966659733	0.87971532564966
1	1534	463.644681985383	0.46901709612871
1	1540	464.113699081512	2.527270915067
1	1549	466.640969996579	1.1161124217404
1	1555	467.757082418319	1.532728052053
1	1558	469.289810470372	0.47376201909977
1	1560	469.763572489472	0.4609625816064
1	1562	470.224535071078	0.80761679804653
1	1576	471.032151869125	0.34937200511154
1	1582	471.381523874237	0.29816274480611
1	1584	471.679686619043	2.93304779864
1	1597	474.612734417683	0.11740251155713
1	1600	474.73013692924	1.1823301795898
1	1602	475.91246710883	1.0216506734415
1	1612	476.934117782271	1.819909154573
1	1614	478.754026936844	0.087108036147642
1	1620	478.841134972992	1.3661320596316
1	1633	480.207267032624	0.94708482670451
1	1636	481.154351859329	1.784338557075
1	1638	482.938690416404	1.8403572893795
1	1644	484.779047705783	0.98444588946852
1	1650	485.763493595252	2.5781179567346
1	1656	488.341611551987	4.0081133681952
1	1666	492.349724920182	0.70737432359729
1	1672	493.057099243779	1.9154051457307
1	1678	494.97250438951	0.40159767276835
1	1680	495.374102062278	1.9076855385782
1	1686	497.281787600856	2.6874144704587
1	1699	499.969202071315	6.2892074988885
1	1705	506.258409570204	0.22990608836088
1	1708	506.488315658565	0.33397734985108
1	1710	506.822293008416	0.94268732503452
1	1712	507.764980333451	0.19943167511646
1	1714	507.964412008567	5.0692640962567
1	1735	513.033676104824	0.11065173185028
1	1738	513.144327836674	1.5321876796228
1	1747	514.676515516297	0.55370539873785
1	1750	515.230220915035	0.91141395357793
1	1759	516.141634868613	1.3272928959038
1	1765	517.468927764517	0.47853356167504
1	1771	517.947461326192	1.7875527020295
1	1777	519.735014028221	3.4537299490856
1	1783	523.188743977307	0.19980755048088
1	1786	523.388551527788	4.5055974797579
1	1795	527.894149007546	1.0900652096015
1	1798	528.984214217147	1.3025994192385
1	1804	530.286813636386	2.0447089404371
1	1813	532.331522576823	1.8564042705608
1	1819	534.187926847384	0.41525629654676
1	1822	534.603183143931	1.716079316771
1	1828	536.319262460702	0.89473801887943
1	1834	537.214000479581	1.5898185725906
1	1840	538.803819052172	1.2832172297776
1	1846	540.08703628195	1.4113943391231
1	1855	541.498430621073	1.6959802827879
1	1861	543.194410903861	4.3047420514823
1	1867	547.499152955343	0.570993335899
1	1873	548.070146291242	4.8009535941537
1	1879	552.871099885396	0.019519379732603
1	1882	552.890619265129	1.2946805504385
1	1891	554.185299815568	1.1207473755457
1	1897	555.306047191114	2.2894187185095
1	1903	557.595465909624	0.27744400737875
1	1906	557.872909917003	6.0292318585374
1	1912	563.90214177554	2.8242174248435
1	1921	566.726359200384	3.0961245271631
1	1927	569.822483727547	3.0110266931885
1	1933	572.833510420736	1.7075886643605
1	1939	574.541099085097	0.020556604768599
1	1942	574.561655689866	3.0428326712433
1	1951	577.604488361109	3.3035464806839
1	1957	580.908034841793	1.9145514599253
1	1963	582.822586301718	4.4339874267804
1	1969	587.256573728498	0.57276920719719
1	1972	587.829342935695	0.17075480916571
1	1974	588.000097744861	3.8912024495026
1	1987	591.891300194364	2.980063700708
1	1993	594.871363895072	0.5799032547173
1	1996	595.451267149789	0.17592709944903
1	1998	595.627194249238	3.915828417375
1	2008	599.543022666613	0.48172806432967
2	326	101.017185769686	1
2	326	101.017185769686	0
2	332	101.784624166236	1
2	332	101.784624166236	0
2	338	102.273841879637	1
2	338	102.273841879637	0
2	344	103.265229367699	1
2	344	103.265229367699	0
2	350	104.828320786255	1
2	350	104.828320786255	0
2	353	105.50775685267	1
2	356	106.49611246773	0
2	359	107.284292232169	1
2	362	107.339018227275	0
2	365	108.202356158318	1
2	367	108.78635284618	2
2	370	109.666109681849	1
2	374	110.835124880446	0
2	377	111.01838970959	1
2	380	114.52324584026	0
2	383	115.308730207696	1
2	385	116.780692626139	2
2	387	116.78319273418	3
2	390	116.839443946192	2
2	394	117.269645301338	1
2	398	118.302466758173	0
2	404	118.668703666124	1
2	404	118.668703666124	0
2	410	120.515270455917	1
2	410	120.515270455917	0
2	413	121.359057502931	1
2	416	122.88266971743	0
2	419	123.577364034755	1
2	422	123.867816195131	0
2	428	125.295473488556	1
2	428	125.295473488556	0
2	431	126.336921075966	1
2	433	126.383718576405	2
2	435	127.109557150507	3
2	438	128.273198669848	2
2	441	128.379710155126	3
2	444	128.45220669481	2
2	447	129.413654303065	3
2	449	131.158867194779	4
2	451	131.545607864965	5
2	454	132.27074705268	4
2	457	132.880444197485	5
2	460	133.531193075131	4
2	464	134.532158619338	3
2	468	136.082947531502	2
2	472	136.152500789154	1
2	476	137.108952304577	0
2	482	138.710488029033	1
2	482	138.710488029033	0
2	488	139.626751835754	1
2	488	139.626751835754	0
2	494	141.954251033088	1
2	494	141.954251033088	0
2	497	142.010738405361	1
2	499	142.044828947765	2
2	502	142.111661707916	1
2	505	142.609612216638	2
2	507	143.287700554262	3
2	510	143.447542662256	2
2	513	144.521680258277	3
2	516	144.579209327213	2
2	519	145.122038189664	3
2	522	145.353050441408	2
2	526	145.733906493999	1
2	529	146.452583963192	2
2	532	147.628535589417	1
2	536	148.075007995272	0
2	539	148.239719042302	1
2	542	149.297695988153	0
2	548	151.75403703309	1
2	548	151.75403703309	0
2	554	155.038376983991	1
2	554	155.038376983991	0
2	557	155.465845759739	1
2	560	156.461099542673	0
2	563	157.253072847936	1
2	566	157.620658430328	0
2	572	162.332525168833	1
2	572	162.332525168833	0
2	578	164.253378759166	1
2	578	164.253378759166	0
2	581	165.466427997105	1
2	584	165.897781780038	0
2	587	165.953965338147	1
2	590	165.969403608632	0
2	593	166.224880166858	1
2	595	167.115104744448	2
2	597	167.543032613808	3
2	600	169.524691151352	2
2	604	170.657368613681	1
2	608	170.926930815613	0
2	614	171.339501430384	1
2	614	171.339501430384	0
2	620	171.741689560245	1
2	620	171.741689560245	0
2	626	172.490186783539	1
2	626	172.490186783539	0
2	629	173.740189504238	1
2	632	174.281310610175	0
2	635	175.234113086566	1
2	638	175.707384844922	0
2	644	176.844732375548	1
2	644	176.844732375548	0
2	647	177.439772056309	1
2	649	177.625056724745	2
2	651	177.847982725068	3
2	654	178.68556574444	2
2	658	181.772102807109	1
2	662	181.809784825387	0
2	668	189.542960936631	1
2	668	189.542960936631	0
2	674	190.796333686855	1
2	674	190.796333686855	0
2	677	191.468845989639	1
2	680	191.472701626424	0
2	686	193.276915384572	1
2	686	193.276915384572	0
2	689	193.55436184021	1
2	692	195.180219317834	0
2	698	198.807533415793	1
2	698	198.807533415793	0
2	701	198.964997556369	1
2	704	200.342793440706	0
2	707	201.81074632841	1
2	710	202.746696682864	0
2	713	203.084826158498	1
2	715	204.304445348431	2
2	718	205.533258609277	1
2	721	206.642795113395	2
2	723	208.764509119722	3
2	726	209.640370906208	2
2	729	209.753108323882	3
2	732	209.849813983528	2
2	735	210.764633626691	3
2	738	211.189688657468	2
2	742	211.587631655093	1
2	746	213.175490687119	0
2	749	213.235010271834	1
2	752	213.687356358725	0
2	758	217.04041471372	1
2	758	217.04041471372	0
2	764	219.576310369633	1
2	764	219.576310369633	0
2	767	219.651078536804	1
2	770	219.838229518055	0
2	776	220.783538347683	1
2	776	220.783538347683	0
2	782	222.803921170622	1
2	782	222.803921170622	0
2	788	223.43517328076	1
2	788	223.43517328076	0
2	794	235.00567719831	1
2	794	235.00567719831	0
2	797	236.36913245436	1
2	800	236.562173305593	0
2	803	237.547046327354	1
2	806	238.857991257536	0
2	809	239.698096321583	1
2	812	241.505968123977	0
2	815	241.755902446163	1
2	817	242.366723657784	2
2	819	242.75536536577	3
2	822	242.831429012009	2
2	825	243.36966917073	3
2	828	245.472890494601	2
2	831	245.48466938526	3
2	834	246.774376472723	2
2	837	247.352611518855	3
2	840	247.46697601702	2
2	844	247.531626470769	1
2	848	248.199966406406	0
2	854	249.569137630837	1
2	854	249.569137630837	0
2	860	250.490108195178	1
2	860	250.490108195178	0
2	866	256.738920497213	1
2	866	256.738920497213	0
2	872	258.389805531132	1
2	872	258.389805531132	0
2	878	259.690258443747	1
2	878	259.690258443747	0
2	884	261.002637377875	1
2	884	261.002637377875	0
2	887	261.743598690799	1
2	889	262.154982035245	2
2	891	262.553822701301	3
2	893	262.674433917043	4
2	896	262.814700503023	3
2	900	263.173835856439	2
2	903	264.958829118631	3
2	906	264.987189886783	2
2	909	265.603892456222	3
2	911	267.254571762589	4
2	914	268.553259398552	3
2	917	268.597616904859	4
2	920	268.8260501236	3
2	924	269.160041293921	2
2	928	270.534530943841	1
2	931	270.867370172812	2
2	934	271.409405658771	1
2	938	271.963395211545	0
2	941	272.102231513987	1
2	944	273.771368392895	0
2	950	275.33920970747	1
2	950	275.33920970747	0
2	956	275.891900220283	1
2	956	275.891900220283	0
2	962	279.997084737575	1
2	962	279.997084737575	0
2	968	282.125550275929	1
2	968	282.125550275929	0
2	971	282.552620021678	1
2	974	283.967622711872	0
2	980	285.309749397256	1
2	980	285.309749397256	0
2	986	285.758595082766	1
2	986	285.758595082766	0
2	992	289.133462284862	1
2	992	289.133462284862	0
2	998	289.915541819208	1
2	998	289.915541819208	0
2	1001	290.047034134104	1
2	1003	290.18320683761	2
2	1006	290.522330689535	1
2	1010	291.609595610724	0
2	1013	291.701231965328	1
2	1016	292.096831238968	0
2	1019	292.701592140099	1
2	1021	293.066186668616	2
2	1023	294.202143321077	3
2	1025	296.167005707226	4
2	1027	296.721309854148	5
2	1030	296.834229598404	4
2	1033	297.086482326397	5
2	1036	297.43750734523	4
2	1040	297.594158378762	3
2	1044	297.694034511054	2
2	1047	298.66098012104	3
2	1050	298.843153229881	2
2	1054	300.213365689671	1
2	1058	300.21973903172	0
2	1064	302.557578245371	1
2	1064	302.557578245371	0
2	1070	303.811734082672	1
2	1070	303.811734082672	0
2	1076	307.414755393054	1
2	1076	307.414755393054	0
2	1079	308.102828734949	1
2	1081	308.937017089469	2
2	1084	309.080979142093	1
2	1088	309.51413467119	0
2	1094	311.750490435525	1
2	1094	311.750490435525	0
2	1097	312.109421881881	1
2	1099	312.465960836862	2
2	1102	312.814203410948	1
2	1106	313.320282583639	0
2	1112	317.732817373984	1
2	1112	317.732817373984	0
2	1118	323.625433918601	1
2	1118	323.625433918601	0
2	1121	323.673146135978	1
2	1124	323.714245964509	0
2	1127	323.797081278033	1
2	1129	324.16088777654	2
2	1132	324.186574219364	1
2	1136	324.997293020115	0
2	1142	328.312611497887	1
2	1142	328.312611497887	0
2	1145	330.131762225105	1
2	1147	330.216769308582	2
2	1150	332.80530711817	1
2	1154	332.984889499431	0
2	1160	334.352645461598	1
2	1160	334.352645461598	0
2	1166	340.137524227481	1
2	1166	340.137524227481	0
2	1172	341.529678363837	1
2	1172	341.529678363837	0
2	1175	342.713883174985	1
2	1178	343.64018101229	0
2	1184	345.869414447587	1
2	1184	345.869414447587	0
2	1190	346.296449603968	1
2	1190	346.296449603968	0
2	1196	348.1634014052	1
2	1196	348.1634014052	0
2	1202	351.362262792757	1
2	1202	351.362262792757	0
2	1205	351.367309731244	1
2	1208	352.92090538973	0
2	1214	355.401442029547	1
2	1214	355.401442029547	0
2	1217	355.893223722182	1
2	1219	356.629937430804	2
2	1222	356.818048135804	1
2	1226	358.167611822428	0
2	1229	358.238602199412	1
2	1232	358.336534634309	0
2	1238	360.858015078526	1
2	1238	360.858015078526	0
2	1241	361.101424695663	1
2	1244	364.350024622843	0
2	1250	365.659417266192	1
2	1250	365.659417266192	0
2	1256	367.24774722407	1
2	1256	367.24774722407	0
2	1259	367.290695808763	1
2	1261	368.226876576829	2
2	1264	368.316361236812	1
2	1268	371.509770235667	0
2	1274	375.004395213442	1
2	1274	375.004395213442	0
2	1277	375.50104568141	1
2	1279	376.505667338701	2
2	1281	376.957950030433	3
2	1284	377.5331708865	2
2	1288	378.12260697048	1
2	1292	378.347962275174	0
2	1295	378.604964162885	1
2	1298	379.143680450689	0
2	1304	380.533094927381	1
2	1304	380.533094927381	0
2	1310	385.219025243938	1
2	1310	385.219025243938	0
2	1313	387.46820809733	1
2	1316	387.668830574129	0
2	1322	389.161842756608	1
2	1322	389.161842756608	0
2	1328	397.144186320794	1
2	1328	397.144186320794	0
2	1334	399.620397376493	1
2	1334	399.620397376493	0
2	1337	401.783599681066	1
2	1340	402.368919266813	0
2	1343	403.997145903684	1
2	1346	404.52465236367	0
2	1352	408.867809914082	1
2	1352	408.867809914082	0
2	1358	409.346788958314	1
2	1358	409.346788958314	0
2	1364	410.634360957966	1
2	1364	410.634360957966	0
2	1367	411.997247211884	1
2	1370	412.124891416637	0
2	1376	412.496180840931	1
2	1376	412.496180840931	0
2	1382	417.272534912386	1
2	1382	417.272534912386	0
2	1388	418.184548284206	1
2	1388	418.184548284206	0
2	1391	418.803184710473	1
2	1394	419.541966437712	0
2	1400	421.315696606878	1
2	1400	421.315696606878	0
2	1403	421.600556502089	1
2	1406	425.775561259219	0
2	1409	426.071500084658	1
2	1411	426.12392480122	2
2	1413	426.968191977948	3
2	1416	427.174036071241	2
2	1420	427.234837310347	1
2	1424	428.137909400821	0
2	1430	430.504625127668	1
2	1430	430.504625127668	0
2	1436	431.669298513778	1
2	1436	431.669298513778	0
2	1442	434.94991212838	1
2	1442	434.94991212838	0
2	1448	438.359063157857	1
2	1448	438.359063157857	0
2	1454	441.056818828966	1
2	1454	441.056818828966	0
2	1460	443.873338797898	1
2	1460	443.873338797898	0
2	1466	446.191093653805	1
2	1466	446.191093653805	0
2	1472	448.259858357314	1
2	1472	448.259858357314	0
2	1475	448.391146216134	1
2	1477	448.40831571533	2
2	1480	448.720842570344	1
2	1484	448.819945947298	0
2	1490	450.746684574554	1
2	1490	450.746684574554	0
2	1496	451.364299925966	1
2	1496	451.364299925966	0
2	1502	456.631951165694	1
2	1502	456.631951165694	0
2	1508	457.297801038972	1
2	1508	457.297801038972	0
2	1511	457.45145956311	1
2	1513	460.034693488628	2
2	1516	460.358526551592	1
2	1520	461.089529638232	0
2	1523	462.22889150077	1
2	1526	462.697820135498	0
2	1529	462.764966659733	1
2	1532	463.409757905678	0
2	1535	463.644681985383	1
2	1538	463.854935075251	0
2	1541	464.113699081512	1
2	1544	464.373040183031	0
2	1550	466.640969996579	1
2	1550	466.640969996579	0
2	1556	467.757082418319	1
2	1556	467.757082418319	0
2	1559	469.289810470372	1
2	1561	469.763572489472	2
2	1563	470.224535071078	3
2	1566	470.438235850287	2
2	1570	470.463760266685	1
2	1574	470.89744709777	0
2	1577	471.032151869125	1
2	1580	471.050810437241	0
2	1583	471.381523874237	1
2	1585	471.679686619043	2
2	1588	473.235512278529	1
2	1592	473.244336490242	0
2	1598	474.612734417683	1
2	1598	474.612734417683	0
2	1601	474.73013692924	1
2	1603	475.91246710883	2
2	1606	476.287137396061	1
2	1610	476.376614701801	0
2	1613	476.934117782271	1
2	1615	478.754026936844	2
2	1618	478.786235479591	1
2	1621	478.841134972992	2
2	1624	478.99849013672	1
2	1628	479.075567636523	0
2	1634	480.207267032624	1
2	1634	480.207267032624	0
2	1637	481.154351859329	1
2	1639	482.938690416404	2
2	1642	482.948130172592	1
2	1645	484.779047705783	2
2	1648	485.038719761446	1
2	1651	485.763493595252	2
2	1654	487.251043964909	1
2	1657	488.341611551987	2
2	1660	488.364475806315	1
2	1664	489.014131597306	0
2	1667	492.349724920182	1
2	1670	492.855500879554	0
2	1673	493.057099243779	1
2	1676	493.758334590375	0
2	1679	494.97250438951	1
2	1681	495.374102062278	2
2	1684	495.863255168699	1
2	1687	497.281787600856	2
2	1690	497.696216898787	1
2	1694	498.49924114353	0
2	1700	499.969202071315	1
2	1700	499.969202071315	0
2	1706	506.258409570204	1
2	1706	506.258409570204	0
2	1709	506.488315658565	1
2	1711	506.822293008416	2
2	1713	507.764980333451	3
2	1715	507.964412008567	4
2	1718	508.112098126975	3
2	1722	509.449525743049	2
2	1726	511.035189571127	1
2	1730	512.040330812152	0
2	1736	513.033676104824	1
2	1736	513.033676104824	0
2	1739	513.144327836674	1
2	1742	513.179568566996	0
2	1748	514.676515516297	1
2	1748	514.676515516297	0
2	1751	515.230220915035	1
2	1754	515.354871321792	0
2	1760	516.141634868613	1
2	1760	516.141634868613	0
2	1766	517.468927764517	1
2	1766	517.468927764517	0
2	1772	517.947461326192	1
2	1772	517.947461326192	0
2	1778	519.735014028221	1
2	1778	519.735014028221	0
2	1784	523.188743977307	1
2	1784	523.188743977307	0
2	1787	523.388551527788	1
2	1790	525.847891549127	0
2	1796	527.894149007546	1
2	1796	527.894149007546	0
2	1799	528.984214217147	1
2	1802	530.278151461602	0
2	1805	530.286813636386	1
2	1808	530.96455045539	0
2	1814	532.331522576823	1
2	1814	532.331522576823	0
2	1820	534.187926847384	1
2	1820	534.187926847384	0
2	1823	534.603183143931	1
2	1826	534.878328758458	0
2	1829	536.319262460702	1
2	1832	536.480840043442	0
2	1835	537.214000479581	1
2	1838	537.376821433082	0
2	1841	538.803819052172	1
2	1844	539.256647889441	0
2	1847	540.08703628195	1
2	1850	540.709729476331	0
2	1856	541.498430621073	1
2	1856	541.498430621073	0
2	1862	543.194410903861	1
2	1862	543.194410903861	0
2	1868	547.499152955343	1
2	1868	547.499152955343	0
2	1874	548.070146291242	1
2	1874	548.070146291242	0
2	1880	552.871099885396	1
2	1880	552.871099885396	0
2	1883	552.890619265129	1
2	1886	553.307487813913	0
2	1892	554.185299815568	1
2	1892	554.185299815568	0
2	1898	555.306047191114	1
2	1898	555.306047191114	0
2	1904	557.595465909624	1
2	1904	557.595465909624	0
2	1907	557.872909917003	1
2	1910	558.002288825953	0
2	1913	563.90214177554	1
2	1916	564.043235496864	0
2	1922	566.726359200384	1
2	1922	566.726359200384	0
2	1928	569.822483727547	1
2	1928	569.822483727547	0
2	1934	572.833510420736	1
2	1934	572.833510420736	0
2	1940	574.541099085097	1
2	1940	574.541099085097	0
2	1943	574.561655689866	1
2	1946	575.347132086471	0
2	1952	577.604488361109	1
2	1952	577.604488361109	0
2	1958	580.908034841793	1
2	1958	580.908034841793	0
2	1964	582.822586301718	1
2	1964	582.822586301718	0
2	1970	587.256573728498	1
2	1970	587.256573728498	0
2	1973	587.829342935695	1
2	1975	588.000097744861	2
2	1978	588.078780747726	1
2	1982	589.130540808522	0
2	1988	591.891300194364	1
2	1988	591.891300194364	0
2	1994	594.871363895072	1
2	1994	594.871363895072	0
2	1997	595.451267149789	1
2	1999	595.627194249238	2
2	2002	596.937364867923	1
2	2006	597.661407246716	0
2	2009	599.543022666613	1
3	326	101.017185769686	0
3	332	101.784624166236	0
3	338	102.273841879637	0
3	344	103.265229367699	0
3	350	104.828320786255	0
3	356	106.49611246773	0.98835561506
3	362	107.339018227275	0.054725995106
3	370	109.666109681849	1.463753523531
3	374	110.835124880446	2.048772034266
3	380	114.52324584026	3.50485613067
3	390	116.839443946192	1.530713738496
3	394	117.269645301338	0.488952675199
3	398	118.302466758173	1.519274023993
3	404	118.668703666124	0
3	410	120.515270455917	0
3	416	122.88266971743	1.523612214499
3	422	123.867816195131	0.290452160376
3	428	125.295473488556	0
3	438	128.273198669848	1.936277593882
3	444	128.45220669481	2.068488118405
3	454	132.27074705268	5.161189902173
3	460	133.531193075131	5.151482920005
3	464	134.532158619338	5.118504316273
3	468	136.082947531502	4.924080336723
3	472	136.152500789154	4.606892924189
3	476	137.108952304577	4.228508107092
3	482	138.710488029033	0
3	488	139.626751835754	0
3	494	141.954251033088	0
3	502	142.111661707916	0.100923302555
3	510	143.447542662256	1.402713714491
3	516	144.579209327213	1.969597110575
3	522	145.353050441408	2.065349887146
3	526	145.733906493999	1.212226235722
3	532	147.628535589417	2.506497399753
3	536	148.075007995272	1.62242403208
3	542	149.297695988153	1.057976945851
3	548	151.75403703309	0
3	554	155.038376983991	0
3	560	156.461099542673	0.995253782934
3	566	157.620658430328	0.367585582392
3	572	162.332525168833	0
3	578	164.253378759166	0
3	584	165.897781780038	0.431353782933
3	590	165.969403608632	0.015438270485
3	600	169.524691151352	3.299810984494
3	604	170.657368613681	3.542263869233
3	608	170.926930815613	3.383898201805
3	614	171.339501430384	0
3	620	171.741689560245	0
3	626	172.490186783539	0
3	632	174.281310610175	0.541121105937
3	638	175.707384844922	0.473271758356
3	644	176.844732375548	0
3	654	178.68556574444	1.245793688131
3	658	181.772102807109	4.147046082364
3	662	181.809784825387	3.961802100319
3	668	189.542960936631	0
3	674	190.796333686855	0
3	680	191.472701626424	0.003855636785
3	686	193.276915384572	0
3	692	195.180219317834	1.625857477624
3	698	198.807533415793	0
3	704	200.342793440706	1.377795884337
3	710	202.746696682864	0.935950354454
3	718	205.533258609277	2.448432450779
3	726	209.640370906208	5.335925557777
3	732	209.849813983528	3.207018870133
3	738	211.189688657468	2.425179537746
3	742	211.587631655093	1.834523331211
3	746	213.175490687119	2.410857060428
3	752	213.687356358725	0.452346086891
3	758	217.04041471372	0
3	764	219.576310369633	0
3	770	219.838229518055	0.187150981251
3	776	220.783538347683	0
3	782	222.803921170622	0
3	788	223.43517328076	0
3	794	235.00567719831	0
3	800	236.562173305593	0.193040851233
3	806	238.857991257536	1.310944930182
3	812	241.505968123977	1.807871802394
3	822	242.831429012009	1.075526565846
3	828	245.472890494601	3.106166836817
3	834	246.774376472723	4.019011106953
3	840	247.46697601702	4.09730684629
3	844	247.531626470769	2.046957085509
3	848	248.199966406406	0.847354887551
3	854	249.569137630837	0
3	860	250.490108195178	0
3	866	256.738920497213	0
3	872	258.389805531132	0
3	878	259.690258443747	0
3	884	261.002637377875	0
3	896	262.814700503023	1.071101812224
3	900	263.173835856439	1.018853821194
3	906	264.987189886783	2.433367185482
3	914	268.553259398552	5.878825481509
3	920	268.8260501236	3.867221004969
3	924	269.160041293921	3.556148837699
3	928	270.534530943841	3.279959181252
3	934	271.409405658771	2.811788753912
3	938	271.963395211545	1.096025038733
3	944	273.771368392895	1.669136878908
3	950	275.33920970747	0
3	956	275.891900220283	0
3	962	279.997084737575	0
3	968	282.125550275929	0
3	974	283.967622711872	1.415002690194
3	980	285.309749397256	0
3	986	285.758595082766	0
3	992	289.133462284862	0
3	998	289.915541819208	0
3	1006	290.522330689535	0.475296555431
3	1010	291.609595610724	1.426388773114
3	1016	292.096831238968	0.39559927364
3	1030	296.834229598404	4.132637458305
3	1036	297.43750734523	4.371320676614
3	1040	297.594158378762	3.392015057685
3	1044	297.694034511054	1.527028803828
3	1050	298.843153229881	2.121843375733
3	1054	300.213365689671	3.126883363274
3	1058	300.21973903172	1.55875891068
3	1064	302.557578245371	0
3	1070	303.811734082672	0
3	1076	307.414755393054	0
3	1084	309.080979142093	0.978150407144
3	1088	309.51413467119	0.577117581721
3	1094	311.750490435525	0
3	1102	312.814203410948	0.704781529067
3	1106	313.320282583639	0.854321746777
3	1112	317.732817373984	0
3	1118	323.625433918601	0
3	1124	323.714245964509	0.041099828531
3	1132	324.186574219364	0.389492941331
3	1136	324.997293020115	0.836405243575
3	1142	328.312611497887	0
3	1150	332.80530711817	2.673544893065
3	1154	332.984889499431	2.768120190849
3	1160	334.352645461598	0
3	1166	340.137524227481	0
3	1172	341.529678363837	0
3	1178	343.64018101229	0.926297837305
3	1184	345.869414447587	0
3	1190	346.296449603968	0
3	1196	348.1634014052	0
3	1202	351.362262792757	0
3	1208	352.92090538973	1.553595658486
3	1214	355.401442029547	0
3	1222	356.818048135804	0.924824413622
3	1226	358.167611822428	1.537674391624
3	1232	358.336534634309	0.097932434897
3	1238	360.858015078526	0
3	1244	364.350024622843	3.24859992718
3	1250	365.659417266192	0
3	1256	367.24774722407	0
3	1264	368.316361236812	1.025665428049
3	1268	371.509770235667	3.282893658838
3	1274	375.004395213442	0
3	1284	377.5331708865	2.03212520509
3	1288	378.12260697048	1.616939631779
3	1292	378.347962275174	1.390012244741
3	1298	379.143680450689	0.538716287804
3	1304	380.533094927381	0
3	1310	385.219025243938	0
3	1316	387.668830574129	0.200622476799
3	1322	389.161842756608	0
3	1328	397.144186320794	0
3	1334	399.620397376493	0
3	1340	402.368919266813	0.585319585747
3	1346	404.52465236367	0.527506459986
3	1352	408.867809914082	0
3	1358	409.346788958314	0
3	1364	410.634360957966	0
3	1370	412.124891416637	0.127644204753
3	1376	412.496180840931	0
3	1382	417.272534912386	0
3	1388	418.184548284206	0
3	1394	419.541966437712	0.738781727239
3	1400	421.315696606878	0
3	1406	425.775561259219	4.17500475713
3	1416	427.174036071241	1.102535986583
3	1420	427.234837310347	1.110912509127
3	1424	428.137909400821	1.169717422873
3	1430	430.504625127668	0
3	1436	431.669298513778	0
3	1442	434.94991212838	0
3	1448	438.359063157857	0
3	1454	441.056818828966	0
3	1460	443.873338797898	0
3	1466	446.191093653805	0
3	1472	448.259858357314	0
3	1480	448.720842570344	0.32969635421
3	1484	448.819945947298	0.411630231968
3	1490	450.746684574554	0
3	1496	451.364299925966	0
3	1502	456.631951165694	0
3	1508	457.297801038972	0
3	1516	460.358526551592	2.907066988482
3	1520	461.089529638232	1.054836149604
3	1526	462.697820135498	0.468928634728
3	1532	463.409757905678	0.644791245945
3	1538	463.854935075251	0.210253089868
3	1544	464.373040183031	0.259341101519
3	1550	466.640969996579	0
3	1556	467.757082418319	0
3	1566	470.438235850287	1.148425379915
3	1570	470.463760266685	0.700187777213
3	1574	470.89744709777	0.672912026692
3	1580	471.050810437241	0.018658568116
3	1588	473.235512278529	1.853988404292
3	1592	473.244336490242	1.564649871199
3	1598	474.612734417683	0
3	1606	476.287137396061	1.557000466821
3	1610	476.376614701801	0.464147592971
3	1618	478.786235479591	1.85211769732
3	1624	478.99849013672	0.244463199876
3	1628	479.075567636523	0.234432663531
3	1634	480.207267032624	0
3	1642	482.948130172592	1.793778313263
3	1648	485.038719761446	2.100029345042
3	1654	487.251043964909	2.471996259126
3	1660	488.364475806315	2.600982211063
3	1664	489.014131597306	0.672520045319
3	1670	492.855500879554	0.505775959372
3	1676	493.758334590375	0.701235346596
3	1684	495.863255168699	0.890750779189
3	1690	497.696216898787	2.322114836509
3	1694	498.49924114353	1.217453542674
3	1700	499.969202071315	0
3	1706	506.258409570204	0
3	1718	508.112098126975	1.62378246841
3	1722	509.449525743049	2.627232734633
3	1726	511.035189571127	3.270209237676
3	1730	512.040330812152	4.075918803585
3	1736	513.033676104824	0
3	1742	513.179568566996	0.035240730322
3	1748	514.676515516297	0
3	1754	515.354871321792	0.124650406757
3	1760	516.141634868613	0
3	1766	517.468927764517	0
3	1772	517.947461326192	0
3	1778	519.735014028221	0
3	1784	523.188743977307	0
3	1790	525.847891549127	2.459340021339
3	1796	527.894149007546	0
3	1802	530.278151461602	1.293937244455
3	1808	530.96455045539	0.677736819004
3	1814	532.331522576823	0
3	1820	534.187926847384	0
3	1826	534.878328758458	0.275145614527
3	1832	536.480840043442	0.16157758274
3	1838	537.376821433082	0.162820953501
3	1844	539.256647889441	0.452828837269
3	1850	540.709729476331	0.622693194381
3	1856	541.498430621073	0
3	1862	543.194410903861	0
3	1868	547.499152955343	0
3	1874	548.070146291242	0
3	1880	552.871099885396	0
3	1886	553.307487813913	0.416868548784
3	1892	554.185299815568	0
3	1898	555.306047191114	0
3	1904	557.595465909624	0
3	1910	558.002288825953	0.12937890895
3	1916	564.043235496864	0.141093721324
3	1922	566.726359200384	0
3	1928	569.822483727547	0
3	1934	572.833510420736	0
3	1940	574.541099085097	0
3	1946	575.347132086471	0.785476396605
3	1952	577.604488361109	0
3	1958	580.908034841793	0
3	1964	582.822586301718	0
3	1970	587.256573728498	0
3	1978	588.078780747726	0.249437812031
3	1982	589.130540808522	1.130443063661
3	1988	591.891300194364	0
3	1994	594.871363895072	0
3	2002	596.937364867923	1.486097718134
3	2006	597.661407246716	2.034212997478
4	2010	600	0.32522388181595
5	324	100.601575392332	0
5	326	101.017185769686	1
5	326	101.017185769686	1
5	330	101.139530576366	0
5	332	101.784624166236	1
5	332	101.784624166236	1
5	336	101.945222015708	0
5	338	102.273841879637	1
5	338	102.273841879637	1
5	342	102.796670112627	0
5	344	103.265229367699	1
5	344	103.265229367699	1
5	348	103.802348133718	0
5	350	104.828320786255	1
5	350	104.828320786255	1
5	353	105.50775685267	2
5	356	106.49611246773	1
5	356	106.49611246773	1
5	359	107.284292232169	2
5	362	107.339018227275	1
5	362	107.339018227275	1
5	365	108.202356158318	2
5	367	108.78635284618	3
5	370	109.666109681849	2
5	370	109.666109681849	2
5	374	110.835124880446	1
5	374	110.835124880446	1
5	377	111.01838970959	2
5	380	114.52324584026	1
5	380	114.52324584026	1
5	383	115.308730207696	2
5	385	116.780692626139	3
5	387	116.78319273418	4
5	390	116.839443946192	3
5	390	116.839443946192	3
5	394	117.269645301338	2
5	394	117.269645301338	2
5	398	118.302466758173	1
5	398	118.302466758173	1
5	402	118.389611623255	0
5	404	118.668703666124	1
5	404	118.668703666124	1
5	408	119.738037825848	0
5	410	120.515270455917	1
5	410	120.515270455917	1
5	413	121.359057502931	2
5	416	122.88266971743	1
5	416	122.88266971743	1
5	419	123.577364034755	2
5	422	123.867816195131	1
5	422	123.867816195131	1
5	426	124.013198372748	0
5	428	125.295473488556	1
5	428	125.295473488556	1
5	431	126.336921075966	2
5	433	126.383718576405	3
5	435	127.109557150507	4
5	438	128.273198669848	3
5	438	128.273198669848	3
5	441	128.379710155126	4
5	444	128.45220669481	3
5	444	128.45220669481	3
5	447	129.413654303065	4
5	449	131.158867194779	5
5	451	131.545607864965	6
5	454	132.27074705268	5
5	454	132.27074705268	5
5	457	132.880444197485	6
5	460	133.531193075131	5
5	460	133.531193075131	5
5	464	134.532158619338	4
5	464	134.532158619338	4
5	468	136.082947531502	3
5	468	136.082947531502	3
5	472	136.152500789154	2
5	472	136.152500789154	2
5	476	137.108952304577	1
5	476	137.108952304577	1
5	480	137.745631200419	0
5	482	138.710488029033	1
5	482	138.710488029033	1
5	486	138.793334590625	0
5	488	139.626751835754	1
5	488	139.626751835754	1
5	492	139.658049930037	0
5	494	141.954251033088	1
5	494	141.954251033088	1
5	497	142.010738405361	2
5	499	142.044828947765	3
5	502	142.111661707916	2
5	502	142.111661707916	2
5	505	142.609612216638	3
5	507	143.287700554262	4
5	510	143.447542662256	3
5	510	143.447542662256	3
5	513	144.521680258277	4
5	516	144.579209327213	3
5	516	144.579209327213	3
5	519	145.122038189664	4
5	522	145.353050441408	3
5	522	145.353050441408	3
5	526	145.733906493999	2
5	526	145.733906493999	2
5	529	146.452583963192	3
5	532	147.628535589417	2
5	532	147.628535589417	2
5	536	148.075007995272	1
5	536	148.075007995272	1
5	539	148.239719042302	2
5	542	149.297695988153	1
5	542	149.297695988153	1
5	546	149.424481097845	0
5	548	151.75403703309	1
5	548	151.75403703309	1
5	552	152.262458605703	0
5	554	155.038376983991	1
5	554	155.038376983991	1
5	557	155.465845759739	2
5	560	156.461099542673	1
5	560	156.461099542673	1
5	563	157.253072847936	2
5	566	157.620658430328	1
5	566	157.620658430328	1
5	570	159.231719508986	0
5	572	162.332525168833	1
5	572	162.332525168833	1
5	576	162.654837879483	0
5	578	164.253378759166	1
5	578	164.253378759166	1
5	581	165.466427997105	2
5	584	165.897781780038	1
5	584	165.897781780038	1
5	587	165.953965338147	2
5	590	165.969403608632	1
5	590	165.969403608632	1
5	593	166.224880166858	2
5	595	167.115104744448	3
5	597	167.543032613808	4
5	600	169.524691151352	3
5	600	169.524691151352	3
5	604	170.657368613681	2
5	604	170.657368613681	2
5	608	170.926930815613	1
5	608	170.926930815613	1
5	612	171.274124585213	0
5	614	171.339501430384	1
5	614	171.339501430384	1
5	618	171.721354214156	0
5	620	171.741689560245	1
5	620	171.741689560245	1
5	624	171.808172748905	0
5	626	172.490186783539	1
5	626	172.490186783539	1
5	629	173.740189504238	2
5	632	174.281310610175	1
5	632	174.281310610175	1
5	635	175.234113086566	2
5	638	175.707384844922	1
5	638	175.707384844922	1
5	642	176.743083807596	0
5	644	176.844732375548	1
5	644	176.844732375548	1
5	647	177.439772056309	2
5	649	177.625056724745	3
5	651	177.847982725068	4
5	654	178.68556574444	3
5	654	178.68556574444	3
5	658	181.772102807109	2
5	658	181.772102807109	2
5	662	181.809784825387	1
5	662	181.809784825387	1
5	666	184.375631161107	0
5	668	189.542960936631	1
5	668	189.542960936631	1
5	672	190.576957092074	0
5	674	190.796333686855	1
5	674	190.796333686855	1
5	677	191.468845989639	2
5	680	191.472701626424	1
5	680	191.472701626424	1
5	684	191.743865115497	0
5	686	193.276915384572	1
5	686	193.276915384572	1
5	689	193.55436184021	2
5	692	195.180219317834	1
5	692	195.180219317834	1
5	696	196.852503836653	0
5	698	198.807533415793	1
5	698	198.807533415793	1
5	701	198.964997556369	2
5	704	200.342793440706	1
5	704	200.342793440706	1
5	707	201.81074632841	2
5	710	202.746696682864	1
5	710	202.746696682864	1
5	713	203.084826158498	2
5	715	204.304445348431	3
5	718	205.533258609277	2
5	718	205.533258609277	2
5	721	206.642795113395	3
5	723	208.764509119722	4
5	726	209.640370906208	3
5	726	209.640370906208	3
5	729	209.753108323882	4
5	732	209.849813983528	3
5	732	209.849813983528	3
5	735	210.764633626691	4
5	738	211.189688657468	3
5	738	211.189688657468	3
5	742	211.587631655093	2
5	742	211.587631655093	2
5	746	213.175490687119	1
5	746	213.175490687119	1
5	749	213.235010271834	2
5	752	213.687356358725	1
5	752	213.687356358725	1
5	756	214.886708821362	0
5	758	217.04041471372	1
5	758	217.04041471372	1
5	762	217.972105348653	0
5	764	219.576310369633	1
5	764	219.576310369633	1
5	767	219.651078536804	2
5	770	219.838229518055	1
5	770	219.838229518055	1
5	774	220.253615425328	0
5	776	220.783538347683	1
5	776	220.783538347683	1
5	780	221.049980999341	0
5	782	222.803921170622	1
5	782	222.803921170622	1
5	786	222.967135412922	0
5	788	223.43517328076	1
5	788	223.43517328076	1
5	792	223.613126698469	0
5	794	235.00567719831	1
5	794	235.00567719831	1
5	797	236.36913245436	2
5	800	236.562173305593	1
5	800	236.562173305593	1
5	803	237.547046327354	2
5	806	238.857991257536	1
5	806	238.857991257536	1
5	809	239.698096321583	2
5	812	241.505968123977	1
5	812	241.505968123977	1
5	815	241.755902446163	2
5	817	242.366723657784	3
5	819	242.75536536577	4
5	822	242.831429012009	3
5	822	242.831429012009	3
5	825	243.36966917073	4
5	828	245.472890494601	3
5	828	245.472890494601	3
5	831	245.48466938526	4
5	834	246.774376472723	3
5	834	246.774376472723	3
5	837	247.352611518855	4
5	840	247.46697601702	3
5	840	247.46697601702	3
5	844	247.531626470769	2
5	844	247.531626470769	2
5	848	248.199966406406	1
5	848	248.199966406406	1
5	852	249.082733353821	0
5	854	249.569137630837	1
5	854	249.569137630837	1
5	858	250.013550516728	0
5	860	250.490108195178	1
5	860	250.490108195178	1
5	864	251.854847287275	0
5	866	256.738920497213	1
5	866	256.738920497213	1
5	870	256.835090971696	0
5	872	258.389805531132	1
5	872	258.389805531132	1
5	876	258.573877566174	0
5	878	259.690258443747	1
5	878	259.690258443747	1
5	882	259.921382091652	0
5	884	261.002637377875	1
5	884	261.002637377875	1
5	887	261.743598690799	2
5	889	262.154982035245	3
5	891	262.553822701301	4
5	893	262.674433917043	5
5	896	262.814700503023	4
5	896	262.814700503023	4
5	900	263.173835856439	3
5	900	263.173835856439	3
5	903	264.958829118631	4
5	906	264.987189886783	3
5	906	264.987189886783	3
5	909	265.603892456222	4
5	911	267.254571762589	5
5	914	268.553259398552	4
5	914	268.553259398552	4
5	917	268.597616904859	5
5	920	268.8260501236	4
5	920	268.8260501236	4
5	924	269.160041293921	3
5	924	269.160041293921	3
5	928	270.534530943841	2
5	928	270.534530943841	2
5	931	270.867370172812	3
5	934	271.409405658771	2
5	934	271.409405658771	2
5	938	271.963395211545	1
5	938	271.963395211545	1
5	941	272.102231513987	2
5	944	273.771368392895	1
5	944	273.771368392895	1
5	948	274.935657677854	0
5	950	275.33920970747	1
5	950	275.33920970747	1
5	954	275.451604377324	0
5	956	275.891900220283	1
5	956	275.891900220283	1
5	960	277.325479135898	0
5	962	279.997084737575	1
5	962	279.997084737575	1
5	966	280.603300068972	0
5	968	282.125550275929	1
5	968	282.125550275929	1
5	971	282.552620021678	2
5	974	283.967622711872	1
5	974	283.967622711872	1
5	978	283.989455501484	0
5	980	285.309749397256	1
5	980	285.309749397256	1
5	984	285.414742411335	0
5	986	285.758595082766	1
5	986	285.758595082766	1
5	990	286.11261391728	0
5	992	289.133462284862	1
5	992	289.133462284862	1
5	996	289.552519093717	0
5	998	289.915541819208	1
5	998	289.915541819208	1
5	1001	290.047034134104	2
5	1003	290.18320683761	3
5	1006	290.522330689535	2
5	1006	290.522330689535	2
5	1010	291.609595610724	1
5	1010	291.609595610724	1
5	1013	291.701231965328	2
5	1016	292.096831238968	1
5	1016	292.096831238968	1
5	1019	292.701592140099	2
5	1021	293.066186668616	3
5	1023	294.202143321077	4
5	1025	296.167005707226	5
5	1027	296.721309854148	6
5	1030	296.834229598404	5
5	1030	296.834229598404	5
5	1033	297.086482326397	6
5	1036	297.43750734523	5
5	1036	297.43750734523	5
5	1040	297.594158378762	4
5	1040	297.594158378762	4
5	1044	297.694034511054	3
5	1044	297.694034511054	3
5	1047	298.66098012104	4
5	1050	298.843153229881	3
5	1050	298.843153229881	3
5	1054	300.213365689671	2
5	1054	300.213365689671	2
5	1058	300.21973903172	1
5	1058	300.21973903172	1
5	1062	300.817004231338	0
5	1064	302.557578245371	1
5	1064	302.557578245371	1
5	1068	302.680529459846	0
5	1070	303.811734082672	1
5	1070	303.811734082672	1
5	1074	304.546484602572	0
5	1076	307.414755393054	1
5	1076	307.414755393054	1
5	1079	308.102828734949	2
5	1081	308.937017089469	3
5	1084	309.080979142093	2
5	1084	309.080979142093	2
5	1088	309.51413467119	1
5	1088	309.51413467119	1
5	1092	309.695485908361	0
5	1094	311.750490435525	1
5	1094	311.750490435525	1
5	1097	312.109421881881	2
5	1099	312.465960836862	3
5	1102	312.814203410948	2
5	1102	312.814203410948	2
5	1106	313.320282583639	1
5	1106	313.320282583639	1
5	1110	314.959502065299	0
5	1112	317.732817373984	1
5	1112	317.732817373984	1
5	1116	318.68946500787	0
5	1118	323.625433918601	1
5	1118	323.625433918601	1
5	1121	323.673146135978	2
5	1124	323.714245964509	1
5	1124	323.714245964509	1
5	1127	323.797081278033	2
5	1129	324.16088777654	3
5	1132	324.186574219364	2
5	1132	324.186574219364	2
5	1136	324.997293020115	1
5	1136	324.997293020115	1
5	1140	326.093291015498	0
5	1142	328.312611497887	1
5	1142	328.312611497887	1
5	1145	330.131762225105	2
5	1147	330.216769308582	3
5	1150	332.80530711817	2
5	1150	332.80530711817	2
5	1154	332.984889499431	1
5	1154	332.984889499431	1
5	1158	333.116898759395	0
5	1160	334.352645461598	1
5	1160	334.352645461598	1
5	1164	334.508841571471	0
5	1166	340.137524227481	1
5	1166	340.137524227481	1
5	1170	340.192125509824	0
5	1172	341.529678363837	1
5	1172	341.529678363837	1
5	1175	342.713883174985	2
5	1178	343.64018101229	1
5	1178	343.64018101229	1
5	1182	343.838267624858	0
5	1184	345.869414447587	1
5	1184	345.869414447587	1
5	1188	346.037721867216	0
5	1190	346.296449603968	1
5	1190	346.296449603968	1
5	1194	346.467714737813	0
5	1196	348.1634014052	1
5	1196	348.1634014052	1
5	1200	348.703873989575	0
5	1202	351.362262792757	1
5	1202	351.362262792757	1
5	1205	351.367309731244	2
5	1208	352.92090538973	1
5	1208	352.92090538973	1
5	1212	354.025194093169	0
5	1214	355.401442029547	1
5	1214	355.401442029547	1
5	1217	355.893223722182	2
5	1219	356.629937430804	3
5	1222	356.818048135804	2
5	1222	356.818048135804	2
5	1226	358.167611822428	1
5	1226	358.167611822428	1
5	1229	358.238602199412	2
5	1232	358.336534634309	1
5	1232	358.336534634309	1
5	1236	358.881664470116	0
5	1238	360.858015078526	1
5	1238	360.858015078526	1
5	1241	361.101424695663	2
5	1244	364.350024622843	1
5	1244	364.350024622843	1
5	1248	364.505252673951	0
5	1250	365.659417266192	1
5	1250	365.659417266192	1
5	1254	366.040999688758	0
5	1256	367.24774722407	1
5	1256	367.24774722407	1
5	1259	367.290695808763	2
5	1261	368.226876576829	3
5	1264	368.316361236812	2
5	1264	368.316361236812	2
5	1268	371.509770235667	1
5	1268	371.509770235667	1
5	1272	372.363050017483	0
5	1274	375.004395213442	1
5	1274	375.004395213442	1
5	1277	375.50104568141	2
5	1279	376.505667338701	3
5	1281	376.957950030433	4
5	1284	377.5331708865	3
5	1284	377.5331708865	3
5	1288	378.12260697048	2
5	1288	378.12260697048	2
5	1292	378.347962275174	1
5	1292	378.347962275174	1
5	1295	378.604964162885	2
5	1298	379.143680450689	1
5	1298	379.143680450689	1
5	1302	380.502345750293	0
5	1304	380.533094927381	1
5	1304	380.533094927381	1
5	1308	381.21414525691	0
5	1310	385.219025243938	1
5	1310	385.219025243938	1
5	1313	387.46820809733	2
5	1316	387.668830574129	1
5	1316	387.668830574129	1
5	1320	387.677339563008	0
5	1322	389.161842756608	1
5	1322	389.161842756608	1
5	1326	390.4372643122	0
5	1328	397.144186320794	1
5	1328	397.144186320794	1
5	1332	397.928444782874	0
5	1334	399.620397376493	1
5	1334	399.620397376493	1
5	1337	401.783599681066	2
5	1340	402.368919266813	1
5	1340	402.368919266813	1
5	1343	403.997145903684	2
5	1346	404.52465236367	1
5	1346	404.52465236367	1
5	1350	404.633025466149	0
5	1352	408.867809914082	1
5	1352	408.867809914082	1
5	1356	409.118700960026	0
5	1358	409.346788958314	1
5	1358	409.346788958314	1
5	1362	410.302840722295	0
5	1364	410.634360957966	1
5	1364	410.634360957966	1
5	1367	411.997247211884	2
5	1370	412.124891416637	1
5	1370	412.124891416637	1
5	1374	412.403351808477	0
5	1376	412.496180840931	1
5	1376	412.496180840931	1
5	1380	412.538351614376	0
5	1382	417.272534912386	1
5	1382	417.272534912386	1
5	1386	417.293386663499	0
5	1388	418.184548284206	1
5	1388	418.184548284206	1
5	1391	418.803184710473	2
5	1394	419.541966437712	1
5	1394	419.541966437712	1
5	1398	419.708398064539	0
5	1400	421.315696606878	1
5	1400	421.315696606878	1
5	1403	421.600556502089	2
5	1406	425.775561259219	1
5	1406	425.775561259219	1
5	1409	426.071500084658	2
5	1411	426.12392480122	3
5	1413	426.968191977948	4
5	1416	427.174036071241	3
5	1416	427.174036071241	3
5	1420	427.234837310347	2
5	1420	427.234837310347	2
5	1424	428.137909400821	1
5	1424	428.137909400821	1
5	1428	428.477851993331	0
5	1430	430.504625127668	1
5	1430	430.504625127668	1
5	1434	431.391849101987	0
5	1436	431.669298513778	1
5	1436	431.669298513778	1
5	1440	433.573721948588	0
5	1442	434.94991212838	1
5	1442	434.94991212838	1
5	1446	437.255504979779	0
5	1448	438.359063157857	1
5	1448	438.359063157857	1
5	1452	438.564250606857	0
5	1454	441.056818828966	1
5	1454	441.056818828966	1
5	1458	441.97637371186	0
5	1460	443.873338797898	1
5	1460	443.873338797898	1
5	1464	444.714884843764	0
5	1466	446.191093653805	1
5	1466	446.191093653805	1
5	1470	447.514684817177	0
5	1472	448.259858357314	1
5	1472	448.259858357314	1
5	1475	448.391146216134	2
5	1477	448.40831571533	3
5	1480	448.720842570344	2
5	1480	448.720842570344	2
5	1484	448.819945947298	1
5	1484	448.819945947298	1
5	1488	449.544480061141	0
5	1490	450.746684574554	1
5	1490	450.746684574554	1
5	1494	451.22884268078	0
5	1496	451.364299925966	1
5	1496	451.364299925966	1
5	1500	451.881553991138	0
5	1502	456.631951165694	1
5	1502	456.631951165694	1
5	1506	457.101720326581	0
5	1508	457.297801038972	1
5	1508	457.297801038972	1
5	1511	457.45145956311	2
5	1513	460.034693488628	3
5	1516	460.358526551592	2
5	1516	460.358526551592	2
5	1520	461.089529638232	1
5	1520	461.089529638232	1
5	1523	462.22889150077	2
5	1526	462.697820135498	1
5	1526	462.697820135498	1
5	1529	462.764966659733	2
5	1532	463.409757905678	1
5	1532	463.409757905678	1
5	1535	463.644681985383	2
5	1538	463.854935075251	1
5	1538	463.854935075251	1
5	1541	464.113699081512	2
5	1544	464.373040183031	1
5	1544	464.373040183031	1
5	1548	464.442161890906	0
5	1550	466.640969996579	1
5	1550	466.640969996579	1
5	1554	466.675610070377	0
5	1556	467.757082418319	1
5	1556	467.757082418319	1
5	1559	469.289810470372	2
5	1561	469.763572489472	3
5	1563	470.224535071078	4
5	1566	470.438235850287	3
5	1566	470.438235850287	3
5	1570	470.463760266685	2
5	1570	470.463760266685	2
5	1574	470.89744709777	1
5	1574	470.89744709777	1
5	1577	471.032151869125	2
5	1580	471.050810437241	1
5	1580	471.050810437241	1
5	1583	471.381523874237	2
5	1585	471.679686619043	3
5	1588	473.235512278529	2
5	1588	473.235512278529	2
5	1592	473.244336490242	1
5	1592	473.244336490242	1
5	1596	473.500730301644	0
5	1598	474.612734417683	1
5	1598	474.612734417683	1
5	1601	474.73013692924	2
5	1603	475.91246710883	3
5	1606	476.287137396061	2
5	1606	476.287137396061	2
5	1610	476.376614701801	1
5	1610	476.376614701801	1
5	1613	476.934117782271	2
5	1615	478.754026936844	3
5	1618	478.786235479591	2
5	1618	478.786235479591	2
5	1621	478.841134972992	3
5	1624	478.99849013672	2
5	1624	478.99849013672	2
5	1628	479.075567636523	1
5	1628	479.075567636523	1
5	1632	479.121533085331	0
5	1634	480.207267032624	1
5	1634	480.207267032624	1
5	1637	481.154351859329	2
5	1639	482.938690416404	3
5	1642	482.948130172592	2
5	1642	482.948130172592	2
5	1645	484.779047705783	3
5	1648	485.038719761446	2
5	1648	485.038719761446	2
5	1651	485.763493595252	3
5	1654	487.251043964909	2
5	1654	487.251043964909	2
5	1657	488.341611551987	3
5	1660	488.364475806315	2
5	1660	488.364475806315	2
5	1664	489.014131597306	1
5	1664	489.014131597306	1
5	1667	492.349724920182	2
5	1670	492.855500879554	1
5	1670	492.855500879554	1
5	1673	493.057099243779	2
5	1676	493.758334590375	1
5	1676	493.758334590375	1
5	1679	494.97250438951	2
5	1681	495.374102062278	3
5	1684	495.863255168699	2
5	1684	495.863255168699	2
5	1687	497.281787600856	3
5	1690	497.696216898787	2
5	1690	497.696216898787	2
5	1694	498.49924114353	1
5	1694	498.49924114353	1
5	1698	499.575483955577	0
5	1700	499.969202071315	1
5	1700	499.969202071315	1
5	1704	501.362053485733	0
5	1706	506.258409570204	1
5	1706	506.258409570204	1
5	1709	506.488315658565	2
5	1711	506.822293008416	3
5	1713	507.764980333451	4
5	1715	507.964412008567	5
5	1718	508.112098126975	4
5	1718	508.112098126975	4
5	1722	509.449525743049	3
5	1722	509.449525743049	3
5	1726	511.035189571127	2
5	1726	511.035189571127	2
5	1730	512.040330812152	1
5	1730	512.040330812152	1
5	1734	512.314977305823	0
5	1736	513.033676104824	1
5	1736	513.033676104824	1
5	1739	513.144327836674	2
5	1742	513.179568566996	1
5	1742	513.179568566996	1
5	1746	513.461819926565	0
5	1748	514.676515516297	1
5	1748	514.676515516297	1
5	1751	515.230220915035	2
5	1754	515.354871321792	1
5	1754	515.354871321792	1
5	1758	515.563714380316	0
5	1760	516.141634868613	1
5	1760	516.141634868613	1
5	1764	516.641850892385	0
5	1766	517.468927764517	1
5	1766	517.468927764517	1
5	1770	517.497249289254	0
5	1772	517.947461326192	1
5	1772	517.947461326192	1
5	1776	518.110324532482	0
5	1778	519.735014028221	1
5	1778	519.735014028221	1
5	1782	520.694748166598	0
5	1784	523.188743977307	1
5	1784	523.188743977307	1
5	1787	523.388551527788	2
5	1790	525.847891549127	1
5	1790	525.847891549127	1
5	1794	526.101449072804	0
5	1796	527.894149007546	1
5	1796	527.894149007546	1
5	1799	528.984214217147	2
5	1802	530.278151461602	1
5	1802	530.278151461602	1
5	1805	530.286813636386	2
5	1808	530.96455045539	1
5	1808	530.96455045539	1
5	1812	531.55253311645	0
5	1814	532.331522576823	1
5	1814	532.331522576823	1
5	1818	532.596448916292	0
5	1820	534.187926847384	1
5	1820	534.187926847384	1
5	1823	534.603183143931	2
5	1826	534.878328758458	1
5	1826	534.878328758458	1
5	1829	536.319262460702	2
5	1832	536.480840043442	1
5	1832	536.480840043442	1
5	1835	537.214000479581	2
5	1838	537.376821433082	1
5	1838	537.376821433082	1
5	1841	538.803819052172	2
5	1844	539.256647889441	1
5	1844	539.256647889441	1
5	1847	540.08703628195	2
5	1850	540.709729476331	1
5	1850	540.709729476331	1
5	1854	540.784708131996	0
5	1856	541.498430621073	1
5	1856	541.498430621073	1
5	1860	541.857983823965	0
5	1862	543.194410903861	1
5	1862	543.194410903861	1
5	1866	544.374065450209	0
5	1868	547.499152955343	1
5	1868	547.499152955343	1
5	1872	547.60391671127	0
5	1874	548.070146291242	1
5	1874	548.070146291242	1
5	1878	548.127389709273	0
5	1880	552.871099885396	1
5	1880	552.871099885396	1
5	1883	552.890619265129	2
5	1886	553.307487813913	1
5	1886	553.307487813913	1
5	1890	553.621146029449	0
5	1892	554.185299815568	1
5	1892	554.185299815568	1
5	1896	554.703713467315	0
5	1898	555.306047191114	1
5	1898	555.306047191114	1
5	1902	556.743293092779	0
5	1904	557.595465909624	1
5	1904	557.595465909624	1
5	1907	557.872909917003	2
5	1910	558.002288825953	1
5	1910	558.002288825953	1
5	1913	563.90214177554	2
5	1916	564.043235496864	1
5	1916	564.043235496864	1
5	1920	565.322883517972	0
5	1922	566.726359200384	1
5	1922	566.726359200384	1
5	1926	569.369588308054	0
5	1928	569.822483727547	1
5	1928	569.822483727547	1
5	1932	571.11408329634	0
5	1934	572.833510420736	1
5	1934	572.833510420736	1
5	1938	574.118670707343	0
5	1940	574.541099085097	1
5	1940	574.541099085097	1
5	1943	574.561655689866	2
5	1946	575.347132086471	1
5	1946	575.347132086471	1
5	1950	576.436443913751	0
5	1952	577.604488361109	1
5	1952	577.604488361109	1
5	1956	578.23332612049	0
5	1958	580.908034841793	1
5	1958	580.908034841793	1
5	1962	581.242303086601	0
5	1964	582.822586301718	1
5	1964	582.822586301718	1
5	1968	585.714705247244	0
5	1970	587.256573728498	1
5	1970	587.256573728498	1
5	1973	587.829342935695	2
5	1975	588.000097744861	3
5	1978	588.078780747726	2
5	1978	588.078780747726	2
5	1982	589.130540808522	1
5	1982	589.130540808522	1
5	1986	589.399637187734	0
5	1988	591.891300194364	1
5	1988	591.891300194364	1
5	1992	594.505454080912	0
5	1994	594.871363895072	1
5	1994	594.871363895072	1
5	1997	595.451267149789	2
5	1999	595.627194249238	3
5	2002	596.937364867923	2
5	2002	596.937364867923	2
5	2006	597.661407246716	1
5	2006	597.661407246716	1
5	2009	599.543022666613	2
6	327	101.017185769686	0.12234480667986
6	333	101.784624166236	0.16059784947218
6	339	102.273841879637	0.52282823299049
6	345	103.265229367699	0.5371187660188
6	351	104.828320786255	1.6677916814753
6	357	106.49611246773	0.8429057595452
6	363	107.339018227275	2.3270914545736
6	371	109.666109681849	1.1690151985974
6	375	110.835124880446	3.6881209598143
6	381	114.52324584026	2.3161981059316
6	391	116.839443946192	0.43020135514631
6	395	117.269645301338	1.0328214568346
6	399	118.302466758173	0.087144865082139
6	405	118.668703666124	1.069334159724
6	411	120.515270455917	2.3673992615128
6	417	122.88266971743	0.98514647770109
6	423	123.867816195131	0.14538217761727
6	429	125.295473488556	2.9777251812917
6	439	128.273198669848	0.17900802496169
6	445	128.45220669481	3.8185403578702
6	455	132.27074705268	1.2604460224508
6	461	133.531193075131	1.0009655442074
6	465	134.532158619338	1.5507889121642
6	469	136.082947531502	0.069553257652471
6	473	136.152500789154	0.95645151542331
6	477	137.108952304577	0.63667889584196
6	483	138.710488029033	0.082846561592054
6	489	139.626751835754	0.031298094283191
6	495	141.954251033088	0.15741067482808
6	503	142.111661707916	1.33588095434
6	511	143.447542662256	1.1316666649574
6	517	144.579209327213	0.77384111419491
6	523	145.353050441408	0.38085605259065
6	527	145.733906493999	1.894629095418
6	533	147.628535589417	0.4464724058547
6	537	148.075007995272	1.2226879928808
6	543	149.297695988153	0.12678510969213
6	549	151.75403703309	0.50842157261265
6	555	155.038376983991	1.4227225586825
6	561	156.461099542673	1.1595588876549
6	567	157.620658430328	1.611061078658
6	573	162.332525168833	0.32231271065032
6	579	164.253378759166	1.6444030208724
6	585	165.897781780038	0.071621828593834
6	591	165.969403608632	3.5552875427202
6	601	169.524691151352	1.1326774623291
6	605	170.657368613681	0.26956220193183
6	609	170.926930815613	0.34719376959984
6	615	171.339501430384	0.38185278377231
6	621	171.741689560245	0.066483188660372
6	627	172.490186783539	1.7911238266363
6	633	174.281310610175	1.4260742347469
6	639	175.707384844922	1.0356989626737
6	645	176.844732375548	1.8408333688918
6	655	178.68556574444	3.0865370626687
6	659	181.772102807109	0.037682018278016
6	663	181.809784825387	2.5658463357198
6	669	189.542960936631	1.0339961554433
6	675	190.796333686855	0.67636793956927
6	681	191.472701626424	0.27116348907319
6	687	193.276915384572	1.9033039332624
6	693	195.180219317834	1.6722845188189
6	699	198.807533415793	1.5352600249129
6	705	200.342793440706	2.4039032421577
6	711	202.746696682864	2.7865619264131
6	719	205.533258609277	4.1071122969315
6	727	209.640370906208	0.20944307732026
6	733	209.849813983528	1.3398746739401
6	739	211.189688657468	0.39794299762456
6	743	211.587631655093	1.5878590320262
6	747	213.175490687119	0.51186567160626
6	753	213.687356358725	1.199352462637
6	759	217.04041471372	0.93169063493346
6	765	219.576310369633	0.2619191484217
6	771	219.838229518055	0.41538590727264
6	777	220.783538347683	0.2664426516584
6	783	222.803921170622	0.16321424230007
6	789	223.43517328076	0.17795341770944
6	795	235.00567719831	1.556496107283
6	801	236.562173305593	2.2958179519432
6	807	238.857991257536	2.6479768664411
6	813	241.505968123977	1.3254608880318
6	823	242.831429012009	2.6414614825921
6	829	245.472890494601	1.301485978122
6	835	246.774376472723	0.6925995442968
6	841	247.46697601702	0.064650453748809
6	845	247.531626470769	0.66833993563659
6	849	248.199966406406	0.8827669474152
6	855	249.569137630837	0.44441288589067
6	861	250.490108195178	1.3647390920967
6	867	256.738920497213	0.096170474483473
6	873	258.389805531132	0.18407203504158
6	879	259.690258443747	0.23112364790531
6	885	261.002637377875	1.8120631251477
6	897	262.814700503023	0.35913535341624
6	901	263.173835856439	1.8133540303436
6	907	264.987189886783	3.5660695117694
6	915	268.553259398552	0.27279072504816
6	921	268.8260501236	0.33399117032137
6	925	269.160041293921	1.3744896499201
6	929	270.534530943841	0.87487471493013
6	935	271.409405658771	0.55398955277445
6	939	271.963395211545	1.8079731813502
6	945	273.771368392895	1.1642892849594
6	951	275.33920970747	0.11239466985406
6	957	275.891900220283	1.4335789156154
6	963	279.997084737575	0.60621533139709
6	969	282.125550275929	1.8420724359432
6	975	283.967622711872	0.021832789612465
6	981	285.309749397256	0.10499301407855
6	987	285.758595082766	0.3540188345137
6	993	289.133462284862	0.41905680885454
6	999	289.915541819208	0.60678887032673
6	1007	290.522330689535	1.0872649211887
6	1011	291.609595610724	0.48723562824403
6	1017	292.096831238968	4.7373983594361
6	1031	296.834229598404	0.6032777468258
6	1037	297.43750734523	0.15665103353155
6	1041	297.594158378762	0.099876132291953
6	1045	297.694034511054	1.1491187188265
6	1051	298.843153229881	1.3702124597902
6	1055	300.213365689671	0.0063733420493474
6	1059	300.21973903172	0.59726519961777
6	1065	302.557578245371	0.12295121447514
6	1071	303.811734082672	0.73475051989973
6	1077	307.414755393054	1.6662237490392
6	1085	309.080979142093	0.43315552909651
6	1089	309.51413467119	0.18135123717113
6	1095	311.750490435525	1.0637129754234
6	1103	312.814203410948	0.50607917269094
6	1107	313.320282583639	1.6392194816597
6	1113	317.732817373984	0.95664763388631
6	1119	323.625433918601	0.088812045907829
6	1125	323.714245964509	0.47232825485471
6	1133	324.186574219364	0.81071880075128
6	1137	324.997293020115	1.095997995383
6	1143	328.312611497887	4.4926956202833
6	1151	332.80530711817	0.17958238126128
6	1155	332.984889499431	0.13200925996429
6	1161	334.352645461598	0.15619610987281
6	1167	340.137524227481	0.054601282343449
6	1173	341.529678363837	2.1105026484526
6	1179	343.64018101229	0.1980866125685
6	1185	345.869414447587	0.16830741962917
6	1191	346.296449603968	0.17126513384504
6	1197	348.1634014052	0.54047258437525
6	1203	351.362262792757	1.5586425969725
6	1209	352.92090538973	1.1042887034389
6	1215	355.401442029547	1.416606106257
6	1223	356.818048135804	1.3495636866236
6	1227	358.167611822428	0.16892281188053
6	1233	358.336534634309	0.54512983580732
6	1239	360.858015078526	3.492009544317
6	1245	364.350024622843	0.15522805110837
6	1251	365.659417266192	0.38158242256587
6	1257	367.24774722407	1.068614012742
6	1265	368.316361236812	3.1934089988552
6	1269	371.509770235667	0.85327978181558
6	1275	375.004395213442	2.5287756730575
6	1285	377.5331708865	0.58943608398009
6	1289	378.12260697048	0.22535530469416
6	1293	378.347962275174	0.79571817551527
6	1299	379.143680450689	1.3586652996044
6	1305	380.533094927381	0.68105032952898
6	1311	385.219025243938	2.4498053301914
6	1317	387.668830574129	0.0085089888793132
6	1323	389.161842756608	1.2754215555919
6	1329	397.144186320794	0.78425846207973
6	1335	399.620397376493	2.7485218903199
6	1341	402.368919266813	2.1557330968571
6	1347	404.52465236367	0.10837310247861
6	1353	408.867809914082	0.25089104594432
6	1359	409.346788958314	0.95605176398061
6	1365	410.634360957966	1.4905304586711
6	1371	412.124891416637	0.27846039184034
6	1377	412.496180840931	0.042170773445378
6	1383	417.272534912386	0.020851751113458
6	1389	418.184548284206	1.3574181535064
6	1395	419.541966437712	0.166431626827
6	1401	421.315696606878	4.4598646523412
6	1407	425.775561259219	1.398474812022
6	1417	427.174036071241	0.060801239106316
6	1421	427.234837310347	0.90307209047408
6	1425	428.137909400821	0.33994259251009
6	1431	430.504625127668	0.88722397431933
6	1437	431.669298513778	1.9044234348102
6	1443	434.94991212838	2.3055928513994
6	1449	438.359063157857	0.20518744899977
6	1455	441.056818828966	0.91955488289413
6	1461	443.873338797898	0.84154604586642
6	1467	446.191093653805	1.323591163372
6	1473	448.259858357314	0.46098421302963
6	1481	448.720842570344	0.099103376953612
6	1485	448.819945947298	0.72453411384259
6	1491	450.746684574554	0.48215810622639
6	1497	451.364299925966	0.51725406517155
6	1503	456.631951165694	0.46976916088717
6	1509	457.297801038972	3.0607255126199
6	1517	460.358526551592	0.73100308663989
6	1521	461.089529638232	1.6082904972655
6	1527	462.697820135498	0.71193777017993
6	1533	463.409757905678	0.44517716957261
6	1539	463.854935075251	0.51810510777992
6	1545	464.373040183031	0.069121707874888
6	1551	466.640969996579	0.034640073797518
6	1557	467.757082418319	2.6811534319681
6	1567	470.438235850287	0.025524416398323
6	1571	470.463760266685	0.43368683108527
6	1575	470.89744709777	0.15336333947082
6	1581	471.050810437241	2.1847018412885
6	1589	473.235512278529	0.0088242117130363
6	1593	473.244336490242	0.25639381140188
6	1599	474.612734417683	1.6744029783777
6	1607	476.287137396061	0.089477305740141
6	1611	476.376614701801	2.4096207777903
6	1619	478.786235479591	0.21225465712909
6	1625	478.99849013672	0.077077499802727
6	1629	479.075567636523	0.045965448808272
6	1635	480.207267032624	2.7408631399679
6	1643	482.948130172592	2.0905895888539
6	1649	485.038719761446	2.2123242034632
6	1655	487.251043964909	1.113431841406
6	1661	488.364475806315	0.64965579099074
6	1665	489.014131597306	3.8413692822479
6	1671	492.855500879554	0.90283371082118
6	1677	493.758334590375	2.1049205783237
6	1685	495.863255168699	1.8329617300879
6	1691	497.696216898787	0.80302424474251
6	1695	498.49924114353	1.0762428120471
6	1701	499.969202071315	1.3928514144176
6	1707	506.258409570204	1.8536885567714
6	1719	508.112098126975	1.3374276160745
6	1723	509.449525743049	1.5856638280783
6	1727	511.035189571127	1.0051412410251
6	1731	512.040330812152	0.27464649367056
6	1737	513.033676104824	0.14589246217233
6	1743	513.179568566996	0.282251359569
6	1749	514.676515516297	0.67835580549461
6	1755	515.354871321792	0.20884305852392
6	1761	516.141634868613	0.50021602377214
6	1767	517.468927764517	0.028321524737413
6	1773	517.947461326192	0.16286320629
6	1779	519.735014028221	0.95973413837713
6	1785	523.188743977307	2.6591475718204
6	1791	525.847891549127	0.25355752367715
6	1797	527.894149007546	2.3840024540562
6	1803	530.278151461602	0.68639899378825
6	1809	530.96455045539	0.5879826610602
6	1815	532.331522576823	0.26492633946911
6	1821	534.187926847384	0.69040191107437
6	1827	534.878328758458	1.6025112849845
6	1833	536.480840043442	0.89598138963988
6	1839	537.376821433082	1.8798264563593
6	1845	539.256647889441	1.4530815868895
6	1851	540.709729476331	0.074978655664818
6	1857	541.498430621073	0.35955320289209
6	1863	543.194410903861	1.1796545463477
6	1869	547.499152955343	0.1047637559274
6	1875	548.070146291242	0.057243418031455
6	1881	552.871099885396	0.43638792851711
6	1887	553.307487813913	0.31365821553571
6	1893	554.185299815568	0.51841365174697
6	1899	555.306047191114	1.4372459016652
6	1905	557.595465909624	0.40682291632888
6	1911	558.002288825953	6.0409466709108
6	1917	564.043235496864	1.2796480211083
6	1923	566.726359200384	2.6432291076702
6	1929	569.822483727547	1.2915995687928
6	1935	572.833510420736	1.285160286607
6	1941	574.541099085097	0.80603300137393
6	1947	575.347132086471	1.0893118272796
6	1953	577.604488361109	0.62883775938126
6	1959	580.908034841793	0.33426824480794
6	1965	582.822586301718	2.8921189455262
6	1971	587.256573728498	0.82220701922822
6	1979	588.078780747726	1.051760060796
6	1983	589.130540808522	0.26909637921198
6	1989	591.891300194364	2.6141538865483
6	1995	594.871363895072	2.0660009728512
6	2003	596.937364867923	0.72404237879337
6	2007	597.661407246716	3.2581809217353
7	322	100.601575392332	51.177649436603
7	328	101.139530576366	51.02640490278
7	334	101.945222015708	50.780667513935
7	340	102.796670112627	50.868663755196
7	346	103.802348133718	50.893271864231
7	354	106.49611246773	51.17201149961
7	360	107.339018227275	51.555445160674
7	368	109.666109681849	52.583428280658
7	372	110.835124880446	53.083546750007
7	378	114.52324584026	54.594450089516
7	388	116.839443946192	55.494559206347
7	392	117.269645301338	55.657826528352
7	396	118.302466758173	56.044949041172
7	400	118.389611623255	56.077303712607
7	406	119.738037825848	56.338852263462
7	414	122.88266971743	56.823664114682
7	420	123.867816195131	57.167054484545
7	424	124.013198372748	57.217268066442
7	436	128.273198669848	57.638454563132
7	442	128.45220669481	57.697488633298
7	452	132.27074705268	58.918725002581
7	458	133.531193075131	59.306505029669
7	462	134.532158619338	59.609278632328
7	466	136.082947531502	60.069567625089
7	470	136.152500789154	60.089966013918
7	474	137.108952304577	60.368372433375
7	478	137.745631200419	60.551555164178
7	484	138.793334590625	60.154162784845
7	490	139.658049930037	59.804119103971
7	500	142.111661707916	58.882343776442
7	508	143.447542662256	59.265259320458
7	514	144.579209327213	59.584102868899
7	520	145.353050441408	59.79927195391
7	524	145.733906493999	59.904331174261
7	530	147.628535589417	60.418909337989
7	534	148.075007995272	60.538253344878
7	540	149.297695988153	60.861429154752
7	544	149.424481097845	60.894637822846
7	550	152.262458605703	60.093550960424
7	558	156.461099542673	59.390251625549
7	564	157.620658430328	59.689003040002
7	568	159.231719508986	60.096858198788
7	574	162.654837879483	59.030259808564
7	582	165.897781780038	58.86756011109
7	588	165.969403608632	58.885310253558
7	598	169.524691151352	59.747571339454
7	602	170.657368613681	60.014732488827
7	606	170.926930815613	60.077791696078
7	610	171.274124585213	60.158718934944
7	616	171.721354214156	60.22440975646
7	622	171.808172748905	60.232673180907
7	630	174.281310610175	60.405661770612
7	636	175.707384844922	60.72701687837
7	640	176.743083807596	60.957153113429
7	652	178.68556574444	61.324699130766
7	656	181.772102807109	61.981415687924
7	660	181.809784825387	61.989295445277
7	664	184.375631161107	62.518267882609
7	670	190.576957092074	61.026500228359
7	678	191.472701626424	61.094252131459
7	682	191.743865115497	61.14927250111
7	690	195.180219317834	61.0478269434
7	694	196.852503836653	61.378730105449
7	702	200.342793440706	61.0757317292
7	708	202.746696682864	61.537244425711
7	716	205.533258609277	62.058711613034
7	724	209.640370906208	62.80202804308
7	730	209.849813983528	62.839153916907
7	736	211.189688657468	63.07491768381
7	740	211.587631655093	63.144364455484
7	744	213.175490687119	63.418887354865
7	750	213.687356358725	63.50651357717
7	754	214.886708821362	63.710195568725
7	760	217.972105348653	63.235813066881
7	768	219.838229518055	62.818169763917
7	772	220.253615425328	62.888292600525
7	778	221.049980999341	62.78226315884
7	784	222.967135412922	62.315638925243
7	790	223.613126698469	62.215197514402
7	798	236.562173305593	59.467598976247
7	804	238.857991257536	59.857181980842
7	810	241.505968123977	60.297325362367
7	820	242.831429012009	60.514036776522
7	826	245.472890494601	60.938933598113
7	832	246.774376472723	61.144941332543
7	838	247.46697601702	61.253687139195
7	842	247.531626470769	61.263806923658
7	846	248.199966406406	61.368113725799
7	850	249.082733353821	61.505027882232
7	856	250.013550516728	61.453796071227
7	862	251.854847287275	61.546386042066
7	868	256.835090971696	60.390395434188
7	874	258.573877566174	60.055486094826
7	880	259.921382091652	59.833062398719
7	894	262.814700503023	59.863845347513
7	898	263.173835856439	59.918616415613
7	904	264.987189886783	60.192900385701
7	912	268.553259398552	60.721491565731
7	918	268.8260501236	60.761349357748
7	922	269.160041293921	60.81003921077
7	926	270.534530943841	61.009149451143
7	932	271.409405658771	61.134834517864
7	936	271.963395211545	61.214002876632
7	942	273.771368392895	61.470143769022
7	946	274.935657677854	61.63330884968
7	952	275.451604377324	61.55866766057
7	958	277.325479135898	61.659648854754
7	964	280.603300068972	61.155421874645
7	972	283.967622711872	61.079570526703
7	976	283.989455501484	61.082562685502
7	982	285.414742411335	60.81431839314
7	988	286.11261391728	60.789717253008
7	994	289.552519093717	60.212256615847
7	1004	290.522330689535	60.220119496304
7	1008	291.609595610724	60.368438582136
7	1014	292.096831238968	60.434546484244
7	1028	296.834229598404	61.066000999546
7	1034	297.43750734523	61.14496889906
7	1038	297.594158378762	61.165421856918
7	1042	297.694034511054	61.17845082967
7	1048	298.843153229881	61.327728363263
7	1052	300.213365689671	61.504233590881
7	1056	300.21973903172	61.505050814584
7	1060	300.817004231338	61.581481645242
7	1066	302.680529459846	61.242961280585
7	1072	304.546484602572	61.108986440519
7	1082	309.080979142093	60.751552635524
7	1086	309.51413467119	60.806479632647
7	1090	309.695485908361	60.829430543238
7	1100	312.814203410948	60.563015171888
7	1104	313.320282583639	60.626714325006
7	1108	314.959502065299	60.831634184582
7	1114	318.68946500787	60.419838401334
7	1122	323.714245964509	59.509420486505
7	1130	324.186574219364	59.568413814053
7	1134	324.997293020115	59.669272029703
7	1138	326.093291015498	59.804823414003
7	1148	332.80530711817	59.948627083092
7	1152	332.984889499431	59.970227225165
7	1156	333.116898759395	59.986090427242
7	1162	334.508841571471	59.783173230529
7	1168	340.192125509824	58.80047964387
7	1176	343.64018101229	58.824641391885
7	1180	343.838267624858	58.848362682026
7	1186	346.037721867216	58.52295440461
7	1192	346.467714737813	58.499754725581
7	1198	348.703873989575	58.27960371768
7	1206	352.92090538973	58.024864885846
7	1210	354.025194093169	58.155795306351
7	1220	356.818048135804	58.097614288023
7	1224	358.167611822428	58.25550108815
7	1230	358.336534634309	58.275179790864
7	1234	358.881664470116	58.338558465903
7	1242	364.350024622843	58.42140381765
7	1246	364.505252673951	58.439110460849
7	1252	366.040999688758	58.298171475256
7	1262	368.316361236812	58.228155534786
7	1266	371.509770235667	58.587216304384
7	1270	372.363050017483	58.682114794002
7	1282	377.5331708865	58.548309176578
7	1286	378.12260697048	58.612926107337
7	1290	378.347962275174	58.637577480088
7	1296	379.143680450689	58.724385814446
7	1300	380.502345750293	58.871769254628
7	1306	381.21414525691	58.940497388066
7	1314	387.668830574129	58.591070714117
7	1318	387.677339563008	58.59197958364
7	1324	390.4372643122	58.504469240441
7	1330	397.928444782874	57.600181809042
7	1338	402.368919266813	57.647601106421
7	1344	404.52465236367	57.873299262251
7	1348	404.633025466149	57.88458208142
7	1354	409.118700960026	57.311246406049
7	1360	410.302840722295	57.378856590407
7	1368	412.124891416637	57.4868477875
7	1372	412.403351808477	57.515553250177
7	1378	412.538351614376	57.506954022575
7	1384	417.293386663499	56.856662368053
7	1392	419.541966437712	56.875480686486
7	1396	419.708398064539	56.892581330501
7	1404	425.775561259219	57.129349005558
7	1414	427.174036071241	57.269698185349
7	1418	427.234837310347	57.275779279565
7	1422	428.137909400821	57.365897557981
7	1426	428.477851993331	57.399722287184
7	1432	431.391849101987	57.217659905816
7	1438	433.573721948588	57.368962168074
7	1444	437.255504979779	57.413190802115
7	1450	438.564250606857	57.288646867165
7	1456	441.97637371186	57.054425235654
7	1462	444.714884843764	56.892322332193
7	1468	447.514684817177	56.832149991196
7	1478	448.720842570344	56.782118624457
7	1482	448.819945947298	56.791661511371
7	1486	449.544480061141	56.861300705324
7	1492	451.22884268078	56.755901328576
7	1498	451.881553991138	56.788388133272
7	1504	457.101720326581	56.242627956062
7	1514	460.358526551592	56.509596423757
7	1518	461.089529638232	56.578545331094
7	1524	462.697820135498	56.729473885072
7	1530	463.409757905678	56.795950521248
7	1536	463.854935075251	56.837414899455
7	1542	464.373040183031	56.885571777375
7	1546	464.442161890906	56.891988384559
7	1552	466.675610070377	56.627133530702
7	1564	470.438235850287	56.744149169603
7	1568	470.463760266685	56.746495961092
7	1572	470.89744709777	56.786331545709
7	1578	471.050810437241	56.800400924974
7	1586	473.235512278529	56.999832795984
7	1590	473.244336490242	57.000634585989
7	1594	473.500730301644	57.023918121749
7	1604	476.287137396061	57.041866218938
7	1608	476.376614701801	57.049934998874
7	1616	478.786235479591	57.266092777366
7	1622	478.99849013672	57.285029101827
7	1626	479.075567636523	57.291901427162
7	1630	479.121533085331	57.29599871101
7	1640	482.948130172592	57.409546334018
7	1646	485.038719761446	57.593117573573
7	1652	487.251043964909	57.785662614877
7	1658	488.364475806315	57.881907918819
7	1662	489.014131597306	57.937861848691
7	1668	492.855500879554	58.26569872005
7	1674	493.758334590375	58.342009602223
7	1682	495.863255168699	58.518846180304
7	1688	497.696216898787	58.671616816064
7	1692	498.49924114353	58.738192030134
7	1696	499.575483955577	58.827082949857
7	1702	501.362053485733	58.89527013566
7	1716	508.112098126975	58.477691322483
7	1720	509.449525743049	58.586697376081
7	1724	511.035189571127	58.715196503562
7	1728	512.040330812152	58.79623906237
7	1732	512.314977305823	58.818327950981
7	1740	513.179568566996	58.747661524749
7	1744	513.461819926565	58.770338047458
7	1752	515.354871321792	58.686086025589
7	1756	515.563714380316	58.702821346391
7	1762	516.641850892385	58.677140010945
7	1768	517.497249289254	58.58562227034
7	1774	518.110324532482	58.547732513922
7	1780	520.694748166598	58.441453873721
7	1788	525.847891549127	58.374433667537
7	1792	526.101449072804	58.394495341079
7	1800	530.278151461602	58.384130624443
7	1806	530.96455045539	58.437929114079
7	1810	531.55253311645	58.483903454367
7	1816	532.596448916292	58.419014480782
7	1824	534.878328758458	58.298865697441
7	1830	536.480840043442	58.423430329258
7	1836	537.376821433082	58.492751950854
7	1842	539.256647889441	58.637444507392
7	1848	540.709729476331	58.748600575975
7	1852	540.784708131996	58.754319995231
7	1858	541.857983823965	58.704299023004
7	1864	544.374065450209	58.64966865869
7	1870	547.60391671127	58.322875286283
7	1876	548.127389709273	58.277619185164
7	1884	553.307487813913	57.810889568233
7	1888	553.621146029449	57.834792125402
7	1894	554.703713467315	57.815378702895
7	1900	556.743293092779	57.861729547253
7	1908	558.002288825953	57.804085735345
7	1914	564.043235496864	58.256007240225
7	1918	565.322883517972	58.350497697423
7	1924	569.369588308054	58.400018558407
7	1930	571.11408329634	58.447787328232
7	1936	574.118670707343	58.365756452474
7	1944	575.347132086471	58.38123097555
7	1948	576.436443913751	58.459879398657
7	1954	578.23332612049	58.386964643908
7	1960	581.242303086601	58.142216100145
7	1966	585.714705247244	58.192029638
7	1976	588.078780747726	58.097910190947
7	1980	589.130540808522	58.172716946788
7	1984	589.399637187734	58.191813616877
7	1990	594.505454080912	58.131761423731
7	2000	596.937364867923	58.24103392609
7	2004	597.661407246716	58.291623207522
8	323	100.601575392332	54
8	329	101.139530576366	55
8	335	101.945222015708	56
8	341	102.796670112627	57
8	347	103.802348133718	58
8	355	106.49611246773	59
8	361	107.339018227275	60
8	369	109.666109681849	61
8	373	110.835124880446	62
8	379	114.52324584026	63
8	389	116.839443946192	64
8	393	117.269645301338	65
8	397	118.302466758173	66
8	401	118.389611623255	67
8	407	119.738037825848	68
8	415	122.88266971743	69
8	421	123.867816195131	70
8	425	124.013198372748	71
8	437	128.273198669848	72
8	443	128.45220669481	73
8	453	132.27074705268	74
8	459	133.531193075131	75
8	463	134.532158619338	76
8	467	136.082947531502	77
8	471	136.152500789154	78
8	475	137.108952304577	79
8	479	137.745631200419	80
8	485	138.793334590625	81
8	491	139.658049930037	82
8	501	142.111661707916	83
8	509	143.447542662256	84
8	515	144.579209327213	85
8	521	145.353050441408	86
8	525	145.733906493999	87
8	531	147.628535589417	88
8	535	148.075007995272	89
8	541	149.297695988153	90
8	545	149.424481097845	91
8	551	152.262458605703	92
8	559	156.461099542673	93
8	565	157.620658430328	94
8	569	159.231719508986	95
8	575	162.654837879483	96
8	583	165.897781780038	97
8	589	165.969403608632	98
8	599	169.524691151352	99
8	603	170.657368613681	100
8	607	170.926930815613	101
8	611	171.274124585213	102
8	617	171.721354214156	103
8	623	171.808172748905	104
8	631	174.281310610175	105
8	637	175.707384844922	106
8	641	176.743083807596	107
8	653	178.68556574444	108
8	657	181.772102807109	109
8	661	181.809784825387	110
8	665	184.375631161107	111
8	671	190.576957092074	112
8	679	191.472701626424	113
8	683	191.743865115497	114
8	691	195.180219317834	115
8	695	196.852503836653	116
8	703	200.342793440706	117
8	709	202.746696682864	118
8	717	205.533258609277	119
8	725	209.640370906208	120
8	731	209.849813983528	121
8	737	211.189688657468	122
8	741	211.587631655093	123
8	745	213.175490687119	124
8	751	213.687356358725	125
8	755	214.886708821362	126
8	761	217.972105348653	127
8	769	219.838229518055	128
8	773	220.253615425328	129
8	779	221.049980999341	130
8	785	222.967135412922	131
8	791	223.613126698469	132
8	799	236.562173305593	133
8	805	238.857991257536	134
8	811	241.505968123977	135
8	821	242.831429012009	136
8	827	245.472890494601	137
8	833	246.774376472723	138
8	839	247.46697601702	139
8	843	247.531626470769	140
8	847	248.199966406406	141
8	851	249.082733353821	142
8	857	250.013550516728	143
8	863	251.854847287275	144
8	869	256.835090971696	145
8	875	258.573877566174	146
8	881	259.921382091652	147
8	895	262.814700503023	148
8	899	263.173835856439	149
8	905	264.987189886783	150
8	913	268.553259398552	151
8	919	268.8260501236	152
8	923	269.160041293921	153
8	927	270.534530943841	154
8	933	271.409405658771	155
8	937	271.963395211545	156
8	943	273.771368392895	157
8	947	274.935657677854	158
8	953	275.451604377324	159
8	959	277.325479135898	160
8	965	280.603300068972	161
8	973	283.967622711872	162
8	977	283.989455501484	163
8	983	285.414742411335	164
8	989	286.11261391728	165
8	995	289.552519093717	166
8	1005	290.522330689535	167
8	1009	291.609595610724	168
8	1015	292.096831238968	169
8	1029	296.834229598404	170
8	1035	297.43750734523	171
8	1039	297.594158378762	172
8	1043	297.694034511054	173
8	1049	298.843153229881	174
8	1053	300.213365689671	175
8	1057	300.21973903172	176
8	1061	300.817004231338	177
8	1067	302.680529459846	178
8	1073	304.546484602572	179
8	1083	309.080979142093	180
8	1087	309.51413467119	181
8	1091	309.695485908361	182
8	1101	312.814203410948	183
8	1105	313.320282583639	184
8	1109	314.959502065299	185
8	1115	318.68946500787	186
8	1123	323.714245964509	187
8	1131	324.186574219364	188
8	1135	324.997293020115	189
8	1139	326.093291015498	190
8	1149	332.80530711817	191
8	1153	332.984889499431	192
8	1157	333.116898759395	193
8	1163	334.508841571471	194
8	1169	340.192125509824	195
8	1177	343.64018101229	196
8	1181	343.838267624858	197
8	1187	346.037721867216	198
8	1193	346.467714737813	199
8	1199	348.703873989575	200
8	1207	352.92090538973	201
8	1211	354.025194093169	202
8	1221	356.818048135804	203
8	1225	358.167611822428	204
8	1231	358.336534634309	205
8	1235	358.881664470116	206
8	1243	364.350024622843	207
8	1247	364.505252673951	208
8	1253	366.040999688758	209
8	1263	368.316361236812	210
8	1267	371.509770235667	211
8	1271	372.363050017483	212
8	1283	377.5331708865	213
8	1287	378.12260697048	214
8	1291	378.347962275174	215
8	1297	379.143680450689	216
8	1301	380.502345750293	217
8	1307	381.21414525691	218
8	1315	387.668830574129	219
8	1319	387.677339563008	220
8	1325	390.4372643122	221
8	1331	397.928444782874	222
8	1339	402.368919266813	223
8	1345	404.52465236367	224
8	1349	404.633025466149	225
8	1355	409.118700960026	226
8	1361	410.302840722295	227
8	1369	412.124891416637	228
8	1373	412.403351808477	229
8	1379	412.538351614376	230
8	1385	417.293386663499	231
8	1393	419.541966437712	232
8	1397	419.708398064539	233
8	1405	425.775561259219	234
8	1415	427.174036071241	235
8	1419	427.234837310347	236
8	1423	428.137909400821	237
8	1427	428.477851993331	238
8	1433	431.391849101987	239
8	1439	433.573721948588	240
8	1445	437.255504979779	241
8	1451	438.564250606857	242
8	1457	441.97637371186	243
8	1463	444.714884843764	244
8	1469	447.514684817177	245
8	1479	448.720842570344	246
8	1483	448.819945947298	247
8	1487	449.544480061141	248
8	1493	451.22884268078	249
8	1499	451.881553991138	250
8	1505	457.101720326581	251
8	1515	460.358526551592	252
8	1519	461.089529638232	253
8	1525	462.697820135498	254
8	1531	463.409757905678	255
8	1537	463.854935075251	256
8	1543	464.373040183031	257
8	1547	464.442161890906	258
8	1553	466.675610070377	259
8	1565	470.438235850287	260
8	1569	470.463760266685	261
8	1573	470.89744709777	262
8	1579	471.050810437241	263
8	1587	473.235512278529	264
8	1591	473.244336490242	265
8	1595	473.500730301644	266
8	1605	476.287137396061	267
8	1609	476.376614701801	268
8	1617	478.786235479591	269
8	1623	478.99849013672	270
8	1627	479.075567636523	271
8	1631	479.121533085331	272
8	1641	482.948130172592	273
8	1647	485.038719761446	274
8	1653	487.251043964909	275
8	1659	488.364475806315	276
8	1663	489.014131597306	277
8	1669	492.855500879554	278
8	1675	493.758334590375	279
8	1683	495.863255168699	280
8	1689	497.696216898787	281
8	1693	498.49924114353	282
8	1697	499.575483955577	283
8	1703	501.362053485733	284
8	1717	508.112098126975	285
8	1721	509.449525743049	286
8	1725	511.035189571127	287
8	1729	512.040330812152	288
8	1733	512.314977305823	289
8	1741	513.179568566996	290
8	1745	513.461819926565	291
8	1753	515.354871321792	292
8	1757	515.563714380316	293
8	1763	516.641850892385	294
8	1769	517.497249289254	295
8	1775	518.110324532482	296
8	1781	520.694748166598	297
8	1789	525.847891549127	298
8	1793	526.101449072804	299
8	1801	530.278151461602	300
8	1807	530.96455045539	301
8	1811	531.55253311645	302
8	1817	532.596448916292	303
8	1825	534.878328758458	304
8	1831	536.480840043442	305
8	1837	537.376821433082	306
8	1843	539.256647889441	307
8	1849	540.709729476331	308
8	1853	540.784708131996	309
8	1859	541.857983823965	310
8	1865	544.374065450209	311
8	1871	547.60391671127	312
8	1877	548.127389709273	313
8	1885	553.307487813913	314
8	1889	553.621146029449	315
8	1895	554.703713467315	316
8	1901	556.743293092779	317
8	1909	558.002288825953	318
8	1915	564.043235496864	319
8	1919	565.322883517972	320
8	1925	569.369588308054	321
8	1931	571.11408329634	322
8	1937	574.118670707343	323
8	1945	575.347132086471	324
8	1949	576.436443913751	325
8	1955	578.23332612049	326
8	1961	581.242303086601	327
8	1967	585.714705247244	328
8	1977	588.078780747726	329
8	1981	589.130540808522	330
8	1985	589.399637187734	331
8	1991	594.505454080912	332
8	2001	596.937364867923	333
8	2005	597.661407246716	334
9	323	100.601575392332	1.017192280317
9	329	101.139530576366	0.12234480668
9	335	101.945222015708	0.160597849472
9	341	102.796670112627	0.52282823299
9	347	103.802348133718	0.537118766019
9	355	106.49611246773	1.667791681475
9	361	107.339018227275	1.831261374605
9	369	109.666109681849	2.38181744968
9	373	110.835124880446	2.632768722128
9	379	114.52324584026	5.73689299408
9	389	116.839443946192	5.821054236602
9	393	117.269645301338	1.960915093642
9	397	118.302466758173	1.521774132034
9	401	118.389611623255	1.606418889075
9	407	119.738037825848	1.069334159724
9	415	122.88266971743	2.367399261513
9	421	123.867816195131	2.5087586922
9	425	124.013198372748	0.435834337993
9	437	128.273198669848	2.977725181292
9	443	128.45220669481	2.115285618844
9	453	132.27074705268	5.887028476275
9	459	133.531193075131	6.421635924624
9	463	134.532158619338	6.152448464212
9	467	136.082947531502	6.669293228437
9	471	136.152500789154	4.993633594375
9	475	137.108952304577	5.563344439612
9	479	137.745631200419	4.865187002934
9	485	138.793334590625	0.082846561592
9	491	139.658049930037	0.031298094283
9	501	142.111661707916	0.157410674828
9	509	143.447542662256	1.436804256895
9	515	144.579209327213	2.534380379448
9	521	145.353050441408	2.74343822477
9	525	145.733906493999	2.446205939737
9	531	147.628535589417	3.10685533114
9	535	148.075007995272	2.952969805608
9	541	149.297695988153	2.845112024961
9	545	149.424481097845	1.184762055543
9	551	152.262458605703	0.508421572613
9	559	156.461099542673	1.422722558682
9	565	157.620658430328	2.154812670589
9	569	159.231719508986	1.97864666105
9	575	162.654837879483	0.32231271065
9	583	165.897781780038	1.644403020872
9	589	165.969403608632	0.502975611527
9	599	169.524691151352	3.570725813205
9	603	170.657368613681	4.432488446823
9	607	170.926930815613	3.811826071165
9	611	171.274124585213	3.731091971405
9	617	171.721354214156	0.381852783772
9	623	171.808172748905	0.06648318866
9	631	174.281310610175	1.791123826636
9	637	175.707384844922	1.967195340684
9	641	176.743083807596	1.50897072103
9	653	178.68556574444	1.840833368892
9	657	181.772102807109	4.3323307508
9	661	181.809784825387	4.184728100642
9	665	184.375631161107	6.527648436039
9	671	190.576957092074	1.033996155443
9	679	191.472701626424	0.676367939569
9	683	191.743865115497	0.275019125858
9	691	195.180219317834	1.903303933262
9	695	196.852503836653	3.298141996443
9	703	200.342793440706	1.535260024913
9	709	202.746696682864	3.781699126495
9	717	205.533258609277	3.722512280867
9	725	209.640370906208	6.55554474771
9	731	209.849813983528	5.545368635097
9	737	211.189688657468	4.546893544073
9	741	211.587631655093	2.823122535371
9	745	213.175490687119	3.422382363237
9	751	213.687356358725	2.922722732034
9	755	214.886708821362	1.651698549528
9	761	217.972105348653	0.931690634933
9	769	219.838229518055	0.261919148422
9	773	220.253615425328	0.602536888524
9	779	221.049980999341	0.266442651658
9	785	222.967135412922	0.1632142423
9	791	223.613126698469	0.177953417709
9	799	236.562173305593	1.556496107283
9	805	238.857991257536	2.488858803176
9	811	241.505968123977	3.958921796623
9	821	242.831429012009	3.133332690426
9	827	245.472890494601	3.716988048438
9	833	246.774376472723	4.407652814939
9	839	247.46697601702	4.71161065125
9	843	247.531626470769	4.161957300039
9	847	248.199966406406	2.715297021146
9	851	249.082733353821	1.730121834966
9	857	250.013550516728	0.444412885891
9	863	251.854847287275	1.364739092097
9	869	256.835090971696	0.096170474483
9	875	258.573877566174	0.184072035042
9	881	259.921382091652	0.231123647905
9	895	262.814700503023	1.812063125148
9	899	263.173835856439	1.43023716564
9	905	264.987189886783	2.832207851538
9	913	268.553259398552	5.999436697251
9	919	268.8260501236	6.151616206557
9	923	269.160041293921	4.20121217529
9	927	270.534530943841	4.930638487619
9	933	271.409405658771	4.154833896182
9	937	271.963395211545	3.365778306686
9	943	273.771368392895	2.903998220083
9	947	274.935657677854	2.833426163867
9	953	275.451604377324	0.112394669854
9	959	277.325479135898	1.433578915615
9	965	280.603300068972	0.606215331397
9	973	283.967622711872	1.842072435943
9	977	283.989455501484	1.436835479806
9	983	285.414742411335	0.104993014079
9	989	286.11261391728	0.354018834514
9	995	289.552519093717	0.419056808855
9	1005	290.522330689535	0.606788870327
9	1009	291.609595610724	1.56256147662
9	1015	292.096831238968	1.913624401358
9	1029	296.834229598404	5.132997633076
9	1035	297.43750734523	4.735915205131
9	1039	297.594158378762	4.527971710146
9	1043	297.694034511054	3.491891189977
9	1049	298.843153229881	2.676147522655
9	1053	300.213365689671	3.492055835523
9	1057	300.21973903172	3.133256705323
9	1061	300.817004231338	2.156024110298
9	1067	302.680529459846	0.122951214475
9	1073	304.546484602572	0.7347505199
9	1083	309.080979142093	1.666223749039
9	1087	309.51413467119	1.411305936241
9	1091	309.695485908361	0.758468818892
9	1101	312.814203410948	1.063712975423
9	1105	313.320282583639	1.210860701758
9	1109	314.959502065299	2.493541228437
9	1115	318.68946500787	0.956647633886
9	1123	323.714245964509	0.088812045908
9	1131	324.186574219364	0.513428083386
9	1135	324.997293020115	1.200211742082
9	1139	326.093291015498	1.932403238958
9	1149	332.80530711817	4.492695620283
9	1153	332.984889499431	2.853127274326
9	1157	333.116898759395	2.900129450813
9	1163	334.508841571471	0.156196109873
9	1169	340.192125509824	0.054601282343
9	1177	343.64018101229	2.110502648453
9	1181	343.838267624858	1.124384449873
9	1187	346.037721867216	0.168307419629
9	1193	346.467714737813	0.171265133845
9	1199	348.703873989575	0.540472584375
9	1207	352.92090538973	1.558642596973
9	1211	354.025194093169	2.657884361925
9	1221	356.818048135804	1.416606106257
9	1225	358.167611822428	2.274388100246
9	1231	358.336534634309	1.706597203505
9	1235	358.881664470116	0.643062270704
9	1243	364.350024622843	3.492009544317
9	1247	364.505252673951	3.403827978288
9	1253	366.040999688758	0.381582422566
9	1263	368.316361236812	1.068614012742
9	1267	371.509770235667	4.219074426904
9	1271	372.363050017483	4.136173440654
9	1283	377.5331708865	2.528775673058
9	1287	378.12260697048	2.62156128907
9	1291	378.347962275174	1.842294936473
9	1297	379.143680450689	2.185730420256
9	1301	380.502345750293	1.897381587408
9	1307	381.21414525691	0.681050329529
9	1315	387.668830574129	2.449805330191
9	1319	387.677339563008	0.209131465678
9	1325	390.4372643122	1.275421555592
9	1331	397.928444782874	0.78425846208
9	1339	402.368919266813	2.74852189032
9	1345	404.52465236367	2.741052682604
9	1349	404.633025466149	0.635879562465
9	1355	409.118700960026	0.250891045944
9	1361	410.302840722295	0.956051763981
9	1369	412.124891416637	1.490530458671
9	1373	412.403351808477	0.406104596593
9	1379	412.538351614376	0.042170773445
9	1385	417.293386663499	0.020851751113
9	1393	419.541966437712	1.357418153506
9	1397	419.708398064539	0.905213354066
9	1405	425.775561259219	4.459864652341
9	1415	427.174036071241	5.573479569152
9	1419	427.234837310347	1.163337225689
9	1423	428.137909400821	2.013984599601
9	1427	428.477851993331	1.509660015383
9	1433	431.391849101987	0.887223974319
9	1439	433.573721948588	1.90442343481
9	1445	437.255504979779	2.305592851399
9	1451	438.564250606857	0.205187449
9	1457	441.97637371186	0.919554882894
9	1463	444.714884843764	0.841546045866
9	1469	447.514684817177	1.323591163372
9	1479	448.720842570344	0.46098421303
9	1483	448.819945947298	0.428799731164
9	1487	449.544480061141	1.136164345811
9	1493	451.22884268078	0.482158106226
9	1499	451.881553991138	0.517254065172
9	1505	457.101720326581	0.469769160887
9	1515	460.358526551592	3.06072551262
9	1519	461.089529638232	3.638070075122
9	1525	462.697820135498	2.66312664687
9	1531	463.409757905678	1.180866404908
9	1537	463.854935075251	1.089968415518
9	1543	464.373040183031	0.728358197648
9	1547	464.442161890906	0.328462809394
9	1553	466.675610070377	0.034640073798
9	1565	470.438235850287	2.681153431968
9	1569	470.463760266685	1.173949796313
9	1573	470.89744709777	1.133874608298
9	1579	471.050810437241	0.826275366163
9	1587	473.235512278529	2.203360409404
9	1591	473.244336490242	1.862812616005
9	1595	473.500730301644	1.821043682601
9	1605	476.287137396061	1.674402978378
9	1609	476.376614701801	1.646477772561
9	1617	478.786235479591	2.873768370761
9	1623	478.99849013672	2.064372354449
9	1627	479.075567636523	0.321540699679
9	1631	479.121533085331	0.280398112339
9	1641	482.948130172592	2.740863139968
9	1647	485.038719761446	3.884367902117
9	1653	487.251043964909	4.312353548505
9	1659	488.364475806315	3.585428100532
9	1663	489.014131597306	3.250638002054
9	1669	492.855500879554	4.513889327567
9	1675	493.758334590375	1.408609670193
9	1683	495.863255168699	2.80615592492
9	1689	497.696216898787	2.723712509277
9	1693	498.49924114353	3.125139081252
9	1697	499.575483955577	2.293696354721
9	1703	501.362053485733	1.392851414418
9	1717	508.112098126975	1.853688556771
9	1721	509.449525743049	2.961210084484
9	1725	511.035189571127	4.212896562711
9	1729	512.040330812152	4.275350478701
9	1733	512.314977305823	4.350565297256
9	1741	513.179568566996	0.145892462172
9	1745	513.461819926565	0.317492089891
9	1753	515.354871321792	0.678355805495
9	1757	515.563714380316	0.333493465281
9	1763	516.641850892385	0.500216023772
9	1769	517.497249289254	0.028321524737
9	1775	518.110324532482	0.16286320629
9	1781	520.694748166598	0.959734138377
9	1789	525.847891549127	2.65914757182
9	1793	526.101449072804	2.712897545016
9	1801	530.278151461602	2.384002454056
9	1807	530.96455045539	1.980336238243
9	1811	531.55253311645	1.265719480064
9	1817	532.596448916292	0.264926339469
9	1825	534.878328758458	0.690401911074
9	1831	536.480840043442	1.877656899511
9	1837	537.376821433082	1.05755897238
9	1843	539.256647889441	2.04264740986
9	1849	540.709729476331	1.905910424159
9	1853	540.784708131996	0.697671850046
9	1859	541.857983823965	0.359553202892
9	1865	544.374065450209	1.179654546348
9	1871	547.60391671127	0.104763755927
9	1877	548.127389709273	0.057243418031
9	1885	553.307487813913	0.436387928517
9	1889	553.621146029449	0.73052676432
9	1895	554.703713467315	0.518413651747
9	1901	556.743293092779	1.437245901665
9	1909	558.002288825953	0.406822916329
9	1915	564.043235496864	6.170325579861
9	1919	565.322883517972	1.420741742432
9	1925	569.369588308054	2.64322910767
9	1931	571.11408329634	1.291599568793
9	1937	574.118670707343	1.285160286607
9	1945	575.347132086471	0.806033001374
9	1949	576.436443913751	1.874788223885
9	1955	578.23332612049	0.628837759381
9	1961	581.242303086601	0.334268244808
9	1967	585.714705247244	2.892118945526
9	1977	588.078780747726	0.822207019228
9	1981	589.130540808522	1.301197872827
9	1985	589.399637187734	1.399539442873
9	1991	594.505454080912	2.614153886548
9	2001	596.937364867923	2.066000972851
9	2005	597.661407246716	2.210140096927

