version 3
run ParameterStudy-6-20251202-16:19:59-1436
attr configname ParameterStudy
attr datetime 20251202-16:19:59
attr datetimef 20251202-161959
attr experiment ParameterStudy
attr inifile omnetpp.ini
attr iterationvars $betaProducer=1.1s
attr iterationvarsd betaProducer=1.1s
attr iterationvarsf betaProducer=1.1s-
attr measurement $betaProducer=1.1s
attr network queue_sim
attr processid 1436
attr repetition 1
attr replication #1
attr resultdir results
attr runnumber 6
attr seedset 6
itervar betaProducer 1.1s
config description "Parameter study: β_producer = 1s to 10s (0.1s steps), β_service = 1s, 5 repetitions"
config *.serviceUnit.meanServiceTime 1s
config *.producer.warmupPeriod 100s
config *.queue.warmupPeriod 100s
config *.serviceUnit.warmupPeriod 100s
config *.sink.warmupPeriod 100s
config *.producer.meanInterArrivalTime 1.1s
config network queue_sim
config sim-time-limit 600s
config warmup-period 100s
config repeat 5
config **.vector-recording true
config **.scalar-recording true
config debug-on-errors true

vector 0 queue_sim.producer jobGenerated:vector ETV
attr recordingmode vector
attr title "Jobs Generated"
vector 1 queue_sim.producer interArrivalTime:vector ETV
attr recordingmode vector
attr title "Inter-arrival Time"
attr unit s
vector 2 queue_sim.queue queueLength:vector ETV
attr recordingmode vector
attr title "Queue Length"
vector 3 queue_sim.queue queueingDelay:vector ETV
attr recordingmode vector
attr title "Queueing Delay"
attr unit s
vector 4 queue_sim.queue queueUtilization:vector ETV
attr recordingmode vector
attr title "Queue Utilization"
vector 5 queue_sim.queue systemSize:vector ETV
attr recordingmode vector
attr title "System Size"
vector 6 queue_sim.serviceUnit serviceTime:vector ETV
attr recordingmode vector
attr title "Service Time"
attr unit s
vector 7 queue_sim.serviceUnit utilization:vector ETV
attr recordingmode vector
attr title "Server Utilization"
vector 8 queue_sim.sink jobCompleted:vector ETV
attr recordingmode vector
attr title "Jobs Completed"
vector 9 queue_sim.sink totalDelay:vector ETV
attr recordingmode vector
attr title "Total System Delay"
attr unit s
0	554	101.15876524881	95
0	556	101.900237827149	96
0	558	102.010465326358	97
0	560	102.051490303254	98
0	562	103.719735223789	99
0	564	104.136553575211	100
0	566	104.558521720152	101
0	580	106.745317704723	102
0	586	107.615657941334	103
0	596	108.120105277263	104
0	598	109.451804235647	105
0	604	109.807597099613	106
0	606	109.95530957343	107
0	608	110.099359158543	108
0	610	111.009412520224	109
0	620	113.10282301553	110
0	638	114.743814173962	111
0	648	116.969276194418	112
0	650	117.016186134723	113
0	652	117.414647891667	114
0	654	118.320918958849	115
0	656	118.349509348261	116
0	662	119.562848117137	117
0	676	122.628518778029	118
0	682	124.155338282411	119
0	684	124.911331374772	120
0	698	126.153412013739	121
0	700	126.811024235283	122
0	702	126.826113366183	123
0	728	132.176711203395	124
0	730	132.248027747711	125
0	736	132.613262586037	126
0	742	133.943643450678	127
0	760	134.420729004293	128
0	766	135.52604500998	129
0	768	135.672094709404	130
0	781	138.302709747853	131
0	784	138.658983260615	132
0	786	139.053757088499	133
0	788	139.415067613977	134
0	790	139.633789818848	135
0	804	141.512274107372	136
0	814	143.415307289882	137
0	816	143.725636405717	138
0	829	145.820196948969	139
0	832	146.143983991961	140
0	841	148.244901196967	141
0	844	148.971656799647	142
0	850	150.045155496556	143
0	859	154.021223406944	144
0	862	154.503148384696	145
0	868	154.783026996798	146
0	877	159.017693229781	147
0	880	159.990629912724	148
0	889	164.3904512766	149
0	895	168.199810701282	150
0	901	169.543056259466	151
0	904	169.564590054439	152
0	913	170.608371716901	153
0	916	170.924175635335	154
0	918	171.076650669867	155
0	924	171.954296932653	156
0	934	172.482597789699	157
0	940	174.082540757937	158
0	949	177.075474974423	159
0	952	177.104907895596	160
0	954	177.430287615346	161
0	956	177.667073919169	162
0	958	178.007541632468	163
0	972	179.918548861987	164
0	974	181.217990446756	165
0	976	181.530943813843	166
0	982	182.863663743578	167
0	1000	184.580980085252	168
0	1006	186.93947316375	169
0	1015	190.609444364334	170
0	1021	191.783358330983	171
0	1027	192.170779249312	172
0	1030	192.238065412815	173
0	1039	194.436211917088	174
0	1042	194.621655859353	175
0	1044	194.967156937419	176
0	1046	195.252872061577	177
0	1052	196.126850616806	178
0	1054	196.446646216639	179
0	1060	198.385714814068	180
0	1066	199.252567989964	181
0	1072	200.022044607154	182
0	1074	200.195771169802	183
0	1084	202.788036101576	184
0	1086	203.096581494988	185
0	1088	203.40082043484	186
0	1098	204.012562816499	187
0	1108	205.233057778453	188
0	1129	208.609942033931	189
0	1135	209.206939781285	190
0	1138	209.34824199349	191
0	1144	209.603490709573	192
0	1150	211.106870893662	193
0	1152	211.775926816587	194
0	1154	212.416161382013	195
0	1156	212.548694906305	196
0	1162	212.880655667436	197
0	1168	212.993079554562	198
0	1170	213.063089276777	199
0	1172	213.071807964441	200
0	1174	213.227234619783	201
0	1176	214.356785400766	202
0	1186	217.756983302392	203
0	1196	219.011225146109	204
0	1202	219.630782914214	205
0	1204	220.449982416741	206
0	1214	222.34760732387	207
0	1228	224.081471742088	208
0	1238	224.742258140055	209
0	1244	226.768296156027	210
0	1246	227.69709088954	211
0	1260	230.532068770739	212
0	1262	230.661822589209	213
0	1268	231.344641530569	214
0	1285	234.493959131259	215
0	1288	234.619005271647	216
0	1290	236.169387619391	217
0	1292	236.245828607878	218
0	1294	236.292771506523	219
0	1300	236.923645914578	220
0	1306	238.21811550787	221
0	1308	238.489598169048	222
0	1318	239.087277584512	223
0	1324	241.028878593501	224
0	1342	241.915891957892	225
0	1344	242.184932944679	226
0	1354	244.110716309169	227
0	1356	244.53428262818	228
0	1362	245.621526895006	229
0	1364	247.360931777378	230
0	1370	249.054975284981	231
0	1387	250.400635945606	232
0	1393	251.441554477059	233
0	1396	253.539404976772	234
0	1405	256.370783038359	235
0	1411	257.564648925026	236
0	1414	257.894348576765	237
0	1416	258.250824499092	238
0	1422	258.869681742264	239
0	1424	259.202895865504	240
0	1438	260.620605474318	241
0	1440	261.867001785645	242
0	1442	262.153857102164	243
0	1452	262.930698156597	244
0	1454	263.531820713594	245
0	1464	264.796594345391	246
0	1466	265.609868568851	247
0	1468	265.750409805568	248
0	1470	266.287393119659	249
0	1480	268.30139957054	250
0	1482	269.213596293541	251
0	1488	270.151265442329	252
0	1490	270.155834450635	253
0	1500	270.34384386373	254
0	1502	270.928847165487	255
0	1504	271.324398007673	256
0	1510	271.998699029971	257
0	1512	272.713062019294	258
0	1518	273.870755556169	259
0	1528	276.391022348262	260
0	1542	278.282106628971	261
0	1552	279.331927250395	262
0	1558	280.445880574774	263
0	1568	281.566135245919	264
0	1574	282.559788929596	265
0	1576	283.099440918587	266
0	1586	285.103412506039	267
0	1596	287.329133189137	268
0	1609	290.528102506837	269
0	1612	290.63032015919	270
0	1621	291.875022842777	271
0	1624	292.358391946724	272
0	1626	292.774122680026	273
0	1628	292.96813449619	274
0	1638	295.396673418747	275
0	1644	295.595298688346	276
0	1646	296.077747518622	277
0	1648	296.564072287631	278
0	1650	297.024266853314	279
0	1660	298.150472996142	280
0	1678	301.667537015814	281
0	1687	308.0600314396	282
0	1690	308.119323174353	283
0	1692	308.417620690389	284
0	1705	313.466818394333	285
0	1711	315.242350188907	286
0	1714	315.887401848036	287
0	1720	315.958656511354	288
0	1722	316.380068945594	289
0	1728	317.013227239297	290
0	1730	317.064819499615	291
0	1736	318.540050730387	292
0	1742	318.899626638592	293
0	1759	320.33420496044	294
0	1762	320.51626955268	295
0	1771	325.127063594251	296
0	1774	325.460704909515	297
0	1783	326.492609142404	298
0	1789	329.238194587219	299
0	1792	330.371186317226	300
0	1794	330.983319673179	301
0	1807	333.640816940626	302
0	1810	333.695974247788	303
0	1816	333.789185535342	304
0	1822	334.448168064638	305
0	1831	337.258832028707	306
0	1834	337.551157331921	307
0	1840	339.785789707726	308
0	1849	341.590964458	309
0	1852	341.80144614564	310
0	1854	342.213412898448	311
0	1860	342.923466139033	312
0	1866	343.945896067391	313
0	1868	344.565257342141	314
0	1874	345.671360224974	315
0	1884	347.587333116364	316
0	1886	347.915438255698	317
0	1896	348.876152638092	318
0	1909	350.353941612975	319
0	1915	351.413479519902	320
0	1921	352.355793418189	321
0	1927	354.578363671402	322
0	1933	357.421465170992	323
0	1936	358.360505892222	324
0	1942	359.663389929794	325
0	1944	360.211084449139	326
0	1946	360.785374886359	327
0	1952	362.026584892763	328
0	1969	368.985942422182	329
0	1972	369.1534310324	330
0	1981	372.215104455094	331
0	1984	372.258471529461	332
0	1986	372.286529478361	333
0	1999	373.81546630876	334
0	2005	374.215769943384	335
0	2011	378.81706830273	336
0	2014	381.977184011256	337
0	2020	383.565292749285	338
0	2029	384.638616731215	339
0	2035	388.455638180837	340
0	2038	389.391748472482	341
0	2040	389.655535116403	342
0	2042	389.663521182374	343
0	2048	389.821084974153	344
0	2054	391.408280017141	345
0	2060	392.232546388124	346
0	2070	394.103016934152	347
0	2072	394.197113942248	348
0	2074	395.417232989423	349
0	2084	397.199693019779	350
0	2101	398.481431100111	351
0	2107	400.431522203176	352
0	2113	403.154715832623	353
0	2119	404.807539112534	354
0	2122	404.906275362073	355
0	2124	408.194552033577	356
0	2126	408.493296007467	357
0	2132	409.20655162179	358
0	2146	411.590356303402	359
0	2155	414.653164471059	360
0	2161	415.069104825192	361
0	2164	415.670320669344	362
0	2170	416.9422042179	363
0	2172	417.046930653252	364
0	2185	419.546005583305	365
0	2191	420.508170880174	366
0	2197	421.043367322997	367
0	2200	421.16711345825	368
0	2202	421.178263250269	369
0	2208	422.147722030114	370
0	2210	422.92323096215	371
0	2212	424.13619742303	372
0	2214	424.185572870762	373
0	2220	424.616180212971	374
0	2230	427.005537838696	375
0	2232	427.234390454203	376
0	2234	427.327954430789	377
0	2236	428.49536465015	378
0	2238	428.827294448406	379
0	2244	429.315170010306	380
0	2246	429.436380656313	381
0	2264	432.223631351005	382
0	2266	432.811365652433	383
0	2288	435.356687627988	384
0	2290	435.579495053547	385
0	2292	436.140353137298	386
0	2298	436.202554320893	387
0	2300	439.640477013372	388
0	2310	440.637746898878	389
0	2335	444.118919586899	390
0	2341	446.000510487857	391
0	2347	447.78976703878	392
0	2350	448.474364703683	393
0	2359	450.102327595285	394
0	2362	451.622068170425	395
0	2371	452.281074062696	396
0	2374	452.647591439224	397
0	2376	452.816685485373	398
0	2378	453.214884639975	399
0	2384	455.864649546956	400
0	2386	455.955300616581	401
0	2392	457.34629815012	402
0	2402	458.571201389753	403
0	2416	459.790581743661	404
0	2418	459.920319887646	405
0	2431	464.443743118445	406
0	2434	464.536608789052	407
0	2436	464.572330905624	408
0	2438	465.136348728483	409
0	2440	466.258996368258	410
0	2446	468.788563775382	411
0	2448	468.815958069211	412
0	2454	469.542136735781	413
0	2464	471.542008872224	414
0	2470	471.968205409266	415
0	2472	472.366757118425	416
0	2478	476.396539489979	417
0	2484	477.372363581834	418
0	2502	480.584547628004	419
0	2504	480.740078434758	420
0	2514	483.45202370921	421
0	2527	484.891343335992	422
0	2533	485.434169759363	423
0	2539	486.037389904809	424
0	2542	486.234508850016	425
0	2544	486.262358202806	426
0	2557	489.528994270803	427
0	2563	490.776771199102	428
0	2566	491.098920366169	429
0	2568	491.280353790975	430
0	2578	492.109518762148	431
0	2587	493.985355826284	432
0	2593	496.431115730251	433
0	2599	497.097409069145	434
0	2605	498.582759965443	435
0	2611	499.524074172734	436
0	2614	500.261555218889	437
0	2620	501.398897478451	438
0	2629	504.657611433062	439
0	2632	506.441512361776	440
0	2634	507.02270842855	441
0	2636	507.639561943862	442
0	2638	507.958082107006	443
0	2652	508.225001867073	444
0	2658	509.465345417447	445
0	2660	509.482340503857	446
0	2662	510.088933174358	447
0	2664	510.263644532222	448
0	2666	511.118026742153	449
0	2668	511.863355644189	450
0	2670	511.935721303127	451
0	2672	512.100437356779	452
0	2674	512.269174190717	453
0	2680	513.252908928193	454
0	2682	513.5164767206	455
0	2684	514.360488257576	456
0	2686	516.078775980577	457
0	2688	516.353719586548	458
0	2690	516.451836068132	459
0	2700	517.581588247486	460
0	2702	517.666026037431	461
0	2708	518.437574911466	462
0	2710	518.876177030649	463
0	2720	520.320421755529	464
0	2722	520.473865442742	465
0	2728	520.61735922049	466
0	2746	524.574668590163	467
0	2748	525.658889512325	468
0	2754	526.722441415954	469
0	2756	526.83284956562	470
0	2758	527.249464580641	471
0	2760	527.274942501804	472
0	2762	528.585161173094	473
0	2784	531.011726674499	474
0	2794	535.432165181101	475
0	2796	536.328151444082	476
0	2802	537.832132302502	477
0	2804	538.123511093573	478
0	2810	538.959292695118	479
0	2812	539.426000423644	480
0	2814	540.107818471835	481
0	2824	542.16404948066	482
0	2826	542.845119613452	483
0	2836	543.177746832233	484
0	2838	543.339540981872	485
0	2844	545.318274339744	486
0	2846	545.981680281213	487
0	2872	550.335144620774	488
0	2874	550.786350740945	489
0	2884	551.705711039702	490
0	2886	553.048997720696	491
0	2888	553.102286735617	492
0	2898	553.976374154748	493
0	2908	555.862690406943	494
0	2938	561.353779236099	495
0	2944	561.779390951746	496
0	2946	562.038530343085	497
0	2960	565.174532089101	498
0	2962	567.085420906379	499
0	2964	567.354221691696	500
0	2970	568.687568652536	501
0	2992	570.429027107242	502
0	2994	570.632596386641	503
0	3008	573.093336020335	504
0	3014	573.656485775503	505
0	3020	574.266647557882	506
0	3026	575.152330587368	507
0	3028	575.553301054058	508
0	3030	575.597074555403	509
0	3032	575.924866985888	510
0	3034	576.362898631749	511
0	3036	579.01064573519	512
0	3038	579.313960000585	513
0	3044	580.102028629109	514
0	3046	580.242128802477	515
0	3072	582.524571666063	516
0	3078	583.458331220314	517
0	3080	583.94615658674	518
0	3094	587.30122850067	519
0	3096	587.349559289438	520
0	3098	587.559459024875	521
0	3112	590.400242263037	522
0	3118	590.961172345229	523
0	3139	595.369645755995	524
0	3145	596.792435962119	525
0	3151	597.869742846289	526
0	3154	598.761395089668	527
0	3156	598.824535326787	528
1	554	101.15876524881	0.74147257833869
1	556	101.900237827149	0.11022749920937
1	558	102.010465326358	0.041024976895705
1	560	102.051490303254	1.6682449205351
1	562	103.719735223789	0.41681835142231
1	564	104.136553575211	0.42196814494094
1	566	104.558521720152	2.1867959845711
1	580	106.745317704723	0.87034023661064
1	586	107.615657941334	0.50444733592883
1	596	108.120105277263	1.3316989583842
1	598	109.451804235647	0.35579286396642
1	604	109.807597099613	0.14771247381721
1	606	109.95530957343	0.14404958511301
1	608	110.099359158543	0.91005336168145
1	610	111.009412520224	2.0934104953064
1	620	113.10282301553	1.6409911584325
1	638	114.743814173962	2.2254620204556
1	648	116.969276194418	0.046909940304717
1	650	117.016186134723	0.39846175694356
1	652	117.414647891667	0.90627106718222
1	654	118.320918958849	0.02859038941164
1	656	118.349509348261	1.2133387688763
1	662	119.562848117137	3.0656706608919
1	676	122.628518778029	1.5268195043817
1	682	124.155338282411	0.75599309236113
1	684	124.911331374772	1.2420806389672
1	698	126.153412013739	0.65761222154435
1	700	126.811024235283	0.015089130900481
1	702	126.826113366183	5.3505978372121
1	728	132.176711203395	0.071316544316495
1	730	132.248027747711	0.36523483832648
1	736	132.613262586037	1.3303808646411
1	742	133.943643450678	0.47708555361528
1	760	134.420729004293	1.1053160056868
1	766	135.52604500998	0.14604969942435
1	768	135.672094709404	2.6306150384495
1	781	138.302709747853	0.35627351276182
1	784	138.658983260615	0.39477382788357
1	786	139.053757088499	0.36131052547757
1	788	139.415067613977	0.21872220487095
1	790	139.633789818848	1.8784842885235
1	804	141.512274107372	1.9030331825103
1	814	143.415307289882	0.31032911583497
1	816	143.725636405717	2.0945605432525
1	829	145.820196948969	0.32378704299205
1	832	146.143983991961	2.1009172050056
1	841	148.244901196967	0.72675560268001
1	844	148.971656799647	1.0734986969086
1	850	150.045155496556	3.9760679103882
1	859	154.021223406944	0.48192497775232
1	862	154.503148384696	0.27987861210228
1	868	154.783026996798	4.2346662329831
1	877	159.017693229781	0.97293668294251
1	880	159.990629912724	4.399821363876
1	889	164.3904512766	3.809359424682
1	895	168.199810701282	1.3432455581836
1	901	169.543056259466	0.021533794973204
1	904	169.564590054439	1.0437816624615
1	913	170.608371716901	0.31580391843373
1	916	170.924175635335	0.15247503453204
1	918	171.076650669867	0.87764626278552
1	924	171.954296932653	0.52830085704591
1	934	172.482597789699	1.5999429682379
1	940	174.082540757937	2.9929342164864
1	949	177.075474974423	0.029432921172639
1	952	177.104907895596	0.32537971974955
1	954	177.430287615346	0.23678630382334
1	956	177.667073919169	0.3404677132985
1	958	178.007541632468	1.9110072295189
1	972	179.918548861987	1.2994415847693
1	974	181.217990446756	0.31295336708702
1	976	181.530943813843	1.3327199297351
1	982	182.863663743578	1.7173163416741
1	1000	184.580980085252	2.3584930784984
1	1006	186.93947316375	3.6699712005842
1	1015	190.609444364334	1.1739139666491
1	1021	191.783358330983	0.3874209183293
1	1027	192.170779249312	0.067286163502886
1	1030	192.238065412815	2.198146504273
1	1039	194.436211917088	0.18544394226512
1	1042	194.621655859353	0.34550107806618
1	1044	194.967156937419	0.28571512415756
1	1046	195.252872061577	0.87397855522897
1	1052	196.126850616806	0.31979559983297
1	1054	196.446646216639	1.9390685974293
1	1060	198.385714814068	0.86685317589598
1	1066	199.252567989964	0.76947661719005
1	1072	200.022044607154	0.17372656264844
1	1074	200.195771169802	2.5922649317741
1	1084	202.788036101576	0.30854539341174
1	1086	203.096581494988	0.30423893985161
1	1088	203.40082043484	0.61174238165879
1	1098	204.012562816499	1.2204949619536
1	1108	205.233057778453	3.3768842554781
1	1129	208.609942033931	0.59699774735398
1	1135	209.206939781285	0.14130221220538
1	1138	209.34824199349	0.25524871608281
1	1144	209.603490709573	1.5033801840886
1	1150	211.106870893662	0.66905592292486
1	1152	211.775926816587	0.64023456542638
1	1154	212.416161382013	0.13253352429179
1	1156	212.548694906305	0.33196076113079
1	1162	212.880655667436	0.11242388712596
1	1168	212.993079554562	0.070009722214698
1	1170	213.063089276777	0.0087186876637671
1	1172	213.071807964441	0.15542665534213
1	1174	213.227234619783	1.1295507809826
1	1176	214.356785400766	3.4001979016261
1	1186	217.756983302392	1.2542418437168
1	1196	219.011225146109	0.61955776810469
1	1202	219.630782914214	0.81919950252738
1	1204	220.449982416741	1.8976249071285
1	1214	222.34760732387	1.733864418218
1	1228	224.081471742088	0.66078639796696
1	1238	224.742258140055	2.0260380159719
1	1244	226.768296156027	0.92879473351305
1	1246	227.69709088954	2.8349778811989
1	1260	230.532068770739	0.12975381846961
1	1262	230.661822589209	0.68281894135985
1	1268	231.344641530569	3.1493176006898
1	1285	234.493959131259	0.12504614038767
1	1288	234.619005271647	1.5503823477437
1	1290	236.169387619391	0.076440988487389
1	1292	236.245828607878	0.046942898645029
1	1294	236.292771506523	0.63087440805483
1	1300	236.923645914578	1.2944695932921
1	1306	238.21811550787	0.27148266117781
1	1308	238.489598169048	0.59767941546412
1	1318	239.087277584512	1.9416010089892
1	1324	241.028878593501	0.88701336439139
1	1342	241.915891957892	0.26904098678672
1	1344	242.184932944679	1.9257833644903
1	1354	244.110716309169	0.42356631901126
1	1356	244.53428262818	1.0872442668262
1	1362	245.621526895006	1.7394048823717
1	1364	247.360931777378	1.6940435076028
1	1370	249.054975284981	1.3456606606248
1	1387	250.400635945606	1.0409185314526
1	1393	251.441554477059	2.0978504997132
1	1396	253.539404976772	2.8313780615873
1	1405	256.370783038359	1.1938658866669
1	1411	257.564648925026	0.32969965173918
1	1414	257.894348576765	0.35647592232723
1	1416	258.250824499092	0.61885724317151
1	1422	258.869681742264	0.33321412323968
1	1424	259.202895865504	1.4177096088143
1	1438	260.620605474318	1.246396311327
1	1440	261.867001785645	0.28685531651871
1	1442	262.153857102164	0.77684105443301
1	1452	262.930698156597	0.60112255699666
1	1454	263.531820713594	1.264773631797
1	1464	264.796594345391	0.81327422346037
1	1466	265.609868568851	0.14054123671724
1	1468	265.750409805568	0.53698331409108
1	1470	266.287393119659	2.0140064508807
1	1480	268.30139957054	0.9121967230014
1	1482	269.213596293541	0.93766914878815
1	1488	270.151265442329	0.004569008305663
1	1490	270.155834450635	0.18800941309486
1	1500	270.34384386373	0.58500330175669
1	1502	270.928847165487	0.3955508421857
1	1504	271.324398007673	0.67430102229786
1	1510	271.998699029971	0.7143629893229
1	1512	272.713062019294	1.1576935368751
1	1518	273.870755556169	2.5202667920929
1	1528	276.391022348262	1.8910842807087
1	1542	278.282106628971	1.0498206214241
1	1552	279.331927250395	1.1139533243785
1	1558	280.445880574774	1.1202546711445
1	1568	281.566135245919	0.99365368367676
1	1574	282.559788929596	0.53965198899079
1	1576	283.099440918587	2.0039715874516
1	1586	285.103412506039	2.2257206830975
1	1596	287.329133189137	3.1989693176997
1	1609	290.528102506837	0.10221765235319
1	1612	290.63032015919	1.2447026835868
1	1621	291.875022842777	0.48336910394651
1	1624	292.358391946724	0.4157307333022
1	1626	292.774122680026	0.19401181616397
1	1628	292.96813449619	2.4285389225565
1	1638	295.396673418747	0.19862526959856
1	1644	295.595298688346	0.48244883027582
1	1646	296.077747518622	0.48632476900851
1	1648	296.564072287631	0.46019456568273
1	1650	297.024266853314	1.1262061428279
1	1660	298.150472996142	3.517064019672
1	1678	301.667537015814	6.3924944237862
1	1687	308.0600314396	0.059291734752526
1	1690	308.119323174353	0.29829751603591
1	1692	308.417620690389	5.0491977039445
1	1705	313.466818394333	1.7755317945738
1	1711	315.242350188907	0.64505165912918
1	1714	315.887401848036	0.071254663317672
1	1720	315.958656511354	0.42141243424011
1	1722	316.380068945594	0.63315829370287
1	1728	317.013227239297	0.051592260318436
1	1730	317.064819499615	1.4752312307718
1	1736	318.540050730387	0.35957590820504
1	1742	318.899626638592	1.4345783218479
1	1759	320.33420496044	0.18206459224036
1	1762	320.51626955268	4.6107940415715
1	1771	325.127063594251	0.33364131526396
1	1774	325.460704909515	1.0319042328888
1	1783	326.492609142404	2.7455854448155
1	1789	329.238194587219	1.1329917300073
1	1792	330.371186317226	0.61213335595331
1	1794	330.983319673179	2.6574972674475
1	1807	333.640816940626	0.055157307162445
1	1810	333.695974247788	0.093211287553643
1	1816	333.789185535342	0.65898252929582
1	1822	334.448168064638	2.8106639640688
1	1831	337.258832028707	0.29232530321391
1	1834	337.551157331921	2.2346323758048
1	1840	339.785789707726	1.8051747502743
1	1849	341.590964458	0.21048168763953
1	1852	341.80144614564	0.41196675280764
1	1854	342.213412898448	0.71005324058542
1	1860	342.923466139033	1.022429928358
1	1866	343.945896067391	0.61936127474993
1	1868	344.565257342141	1.1061028828334
1	1874	345.671360224974	1.9159728913904
1	1884	347.587333116364	0.32810513933395
1	1886	347.915438255698	0.9607143823943
1	1896	348.876152638092	1.4777889748829
1	1909	350.353941612975	1.0595379069265
1	1915	351.413479519902	0.94231389828681
1	1921	352.355793418189	2.2225702532131
1	1927	354.578363671402	2.8431014995896
1	1933	357.421465170992	0.93904072122977
1	1936	358.360505892222	1.3028840375725
1	1942	359.663389929794	0.54769451934537
1	1944	360.211084449139	0.57429043722028
1	1946	360.785374886359	1.2412100064041
1	1952	362.026584892763	6.9593575294195
1	1969	368.985942422182	0.16748861021772
1	1972	369.1534310324	3.0616734226945
1	1981	372.215104455094	0.04336707436726
1	1984	372.258471529461	0.028057948899721
1	1986	372.286529478361	1.5289368303993
1	1999	373.81546630876	0.40030363462416
1	2005	374.215769943384	4.6012983593458
1	2011	378.81706830273	3.1601157085257
1	2014	381.977184011256	1.5881087380294
1	2020	383.565292749285	1.0733239819299
1	2029	384.638616731215	3.8170214496216
1	2035	388.455638180837	0.93611029164523
1	2038	389.391748472482	0.26378664392148
1	2040	389.655535116403	0.0079860659705928
1	2042	389.663521182374	0.15756379177855
1	2048	389.821084974153	1.5871950429883
1	2054	391.408280017141	0.82426637098308
1	2060	392.232546388124	1.8704705460276
1	2070	394.103016934152	0.094097008095909
1	2072	394.197113942248	1.2201190471746
1	2074	395.417232989423	1.7824600303563
1	2084	397.199693019779	1.2817380803319
1	2101	398.481431100111	1.9500911030646
1	2107	400.431522203176	2.7231936294465
1	2113	403.154715832623	1.6528232799111
1	2119	404.807539112534	0.098736249539386
1	2122	404.906275362073	3.2882766715039
1	2124	408.194552033577	0.29874397388979
1	2126	408.493296007467	0.7132556143225
1	2132	409.20655162179	2.3838046816122
1	2146	411.590356303402	3.0628081676573
1	2155	414.653164471059	0.41594035413304
1	2161	415.069104825192	0.6012158441521
1	2164	415.670320669344	1.2718835485562
1	2170	416.9422042179	0.10472643535164
1	2172	417.046930653252	2.4990749300525
1	2185	419.546005583305	0.96216529686914
1	2191	420.508170880174	0.53519644282297
1	2197	421.043367322997	0.12374613525306
1	2200	421.16711345825	0.011149792019057
1	2202	421.178263250269	0.96945877984522
1	2208	422.147722030114	0.77550893203645
1	2210	422.92323096215	1.2129664608801
1	2212	424.13619742303	0.049375447732302
1	2214	424.185572870762	0.4306073422095
1	2220	424.616180212971	2.389357625725
1	2230	427.005537838696	0.22885261550693
1	2232	427.234390454203	0.0935639765858
1	2234	427.327954430789	1.1674102193612
1	2236	428.49536465015	0.33192979825556
1	2238	428.827294448406	0.48787556189989
1	2244	429.315170010306	0.12121064600733
1	2246	429.436380656313	2.7872506946918
1	2264	432.223631351005	0.58773430142824
1	2266	432.811365652433	2.5453219755545
1	2288	435.356687627988	0.2228074255587
1	2290	435.579495053547	0.56085808375068
1	2292	436.140353137298	0.062201183595403
1	2298	436.202554320893	3.4379226924789
1	2300	439.640477013372	0.99726988550603
1	2310	440.637746898878	3.4811726880209
1	2335	444.118919586899	1.8815909009584
1	2341	446.000510487857	1.7892565509228
1	2347	447.78976703878	0.68459766490348
1	2350	448.474364703683	1.6279628916022
1	2359	450.102327595285	1.5197405751405
1	2362	451.622068170425	0.65900589227114
1	2371	452.281074062696	0.36651737652771
1	2374	452.647591439224	0.16909404614939
1	2376	452.816685485373	0.39819915460206
1	2378	453.214884639975	2.6497649069806
1	2384	455.864649546956	0.090651069624864
1	2386	455.955300616581	1.3909975335386
1	2392	457.34629815012	1.2249032396334
1	2402	458.571201389753	1.2193803539078
1	2416	459.790581743661	0.12973814398486
1	2418	459.920319887646	4.5234232307987
1	2431	464.443743118445	0.092865670607183
1	2434	464.536608789052	0.035722116572305
1	2436	464.572330905624	0.56401782285883
1	2438	465.136348728483	1.1226476397753
1	2440	466.258996368258	2.5295674071236
1	2446	468.788563775382	0.027394293829093
1	2448	468.815958069211	0.72617866657035
1	2454	469.542136735781	1.999872136443
1	2464	471.542008872224	0.42619653704199
1	2470	471.968205409266	0.39855170915927
1	2472	472.366757118425	4.0297823715538
1	2478	476.396539489979	0.975824091855
1	2484	477.372363581834	3.2121840461702
1	2502	480.584547628004	0.15553080675373
1	2504	480.740078434758	2.7119452744517
1	2514	483.45202370921	1.4393196267825
1	2527	484.891343335992	0.54282642337099
1	2533	485.434169759363	0.60322014544637
1	2539	486.037389904809	0.19711894520656
1	2542	486.234508850016	0.02784935279038
1	2544	486.262358202806	3.266636067997
1	2557	489.528994270803	1.2477769282992
1	2563	490.776771199102	0.32214916706706
1	2566	491.098920366169	0.18143342480632
1	2568	491.280353790975	0.82916497117268
1	2578	492.109518762148	1.8758370641356
1	2587	493.985355826284	2.4457599039669
1	2593	496.431115730251	0.66629333889432
1	2599	497.097409069145	1.4853508962976
1	2605	498.582759965443	0.94131420729056
1	2611	499.524074172734	0.73748104615492
1	2614	500.261555218889	1.1373422595625
1	2620	501.398897478451	3.258713954611
1	2629	504.657611433062	1.783900928714
1	2632	506.441512361776	0.58119606677429
1	2634	507.02270842855	0.61685351531237
1	2636	507.639561943862	0.31852016314374
1	2638	507.958082107006	0.26691976006657
1	2652	508.225001867073	1.2403435503736
1	2658	509.465345417447	0.016995086410261
1	2660	509.482340503857	0.60659267050125
1	2662	510.088933174358	0.17471135786408
1	2664	510.263644532222	0.85438220993143
1	2666	511.118026742153	0.74532890203598
1	2668	511.863355644189	0.072365658937751
1	2670	511.935721303127	0.16471605365229
1	2672	512.100437356779	0.16873683393829
1	2674	512.269174190717	0.9837347374758
1	2680	513.252908928193	0.26356779240749
1	2682	513.5164767206	0.84401153697595
1	2684	514.360488257576	1.7182877230015
1	2686	516.078775980577	0.27494360597114
1	2688	516.353719586548	0.098116481583622
1	2690	516.451836068132	1.1297521793541
1	2700	517.581588247486	0.084437789944678
1	2702	517.666026037431	0.77154887403544
1	2708	518.437574911466	0.43860211918307
1	2710	518.876177030649	1.4442447248798
1	2720	520.320421755529	0.15344368721269
1	2722	520.473865442742	0.14349377774779
1	2728	520.61735922049	3.9573093696733
1	2746	524.574668590163	1.0842209221615
1	2748	525.658889512325	1.0635519036286
1	2754	526.722441415954	0.11040814966555
1	2756	526.83284956562	0.4166150150207
1	2758	527.249464580641	0.025477921162596
1	2760	527.274942501804	1.3102186712898
1	2762	528.585161173094	2.4265655014054
1	2784	531.011726674499	4.4204385066016
1	2794	535.432165181101	0.89598626298054
1	2796	536.328151444082	1.5039808584202
1	2802	537.832132302502	0.29137879107104
1	2804	538.123511093573	0.83578160154504
1	2810	538.959292695118	0.46670772852638
1	2812	539.426000423644	0.68181804819127
1	2814	540.107818471835	2.056231008825
1	2824	542.16404948066	0.68107013279231
1	2826	542.845119613452	0.33262721878061
1	2836	543.177746832233	0.16179414963942
1	2838	543.339540981872	1.9787333578719
1	2844	545.318274339744	0.66340594146899
1	2846	545.981680281213	4.3534643395614
1	2872	550.335144620774	0.45120612017102
1	2874	550.786350740945	0.9193602987565
1	2884	551.705711039702	1.3432866809936
1	2886	553.048997720696	0.053289014920824
1	2888	553.102286735617	0.87408741913119
1	2898	553.976374154748	1.8863162521953
1	2908	555.862690406943	5.4910888291564
1	2938	561.353779236099	0.42561171564717
1	2944	561.779390951746	0.25913939133905
1	2946	562.038530343085	3.1360017460163
1	2960	565.174532089101	1.9108888172779
1	2962	567.085420906379	0.26880078531708
1	2964	567.354221691696	1.3333469608401
1	2970	568.687568652536	1.7414584547061
1	2992	570.429027107242	0.20356927939931
1	2994	570.632596386641	2.4607396336941
1	3008	573.093336020335	0.56314975516831
1	3014	573.656485775503	0.61016178237922
1	3020	574.266647557882	0.88568302948587
1	3026	575.152330587368	0.40097046668967
1	3028	575.553301054058	0.043773501344536
1	3030	575.597074555403	0.32779243048527
1	3032	575.924866985888	0.43803164586141
1	3034	576.362898631749	2.6477471034408
1	3036	579.01064573519	0.30331426539482
1	3038	579.313960000585	0.78806862852441
1	3044	580.102028629109	0.14010017336825
1	3046	580.242128802477	2.2824428635863
1	3072	582.524571666063	0.9337595542509
1	3078	583.458331220314	0.48782536642602
1	3080	583.94615658674	3.35507191393
1	3094	587.30122850067	0.048330788767658
1	3096	587.349559289438	0.20989973543677
1	3098	587.559459024875	2.8407832381618
1	3112	590.400242263037	0.56093008219214
1	3118	590.961172345229	4.4084734107661
1	3139	595.369645755995	1.4227902061241
1	3145	596.792435962119	1.0773068841702
1	3151	597.869742846289	0.89165224337927
1	3154	598.761395089668	0.063140237118702
1	3156	598.824535326787	7.1202270688278
2	552	100.200872436038	2
2	555	101.15876524881	3
2	557	101.900237827149	4
2	559	102.010465326358	5
2	561	102.051490303254	6
2	563	103.719735223789	7
2	565	104.136553575211	8
2	567	104.558521720152	9
2	570	104.926168314585	8
2	574	105.498494840928	7
2	578	106.315996493245	6
2	581	106.745317704723	7
2	584	107.400384487815	6
2	587	107.615657941334	7
2	590	107.789949575922	6
2	594	107.814766434121	5
2	597	108.120105277263	6
2	599	109.451804235647	7
2	602	109.575938587682	6
2	605	109.807597099613	7
2	607	109.95530957343	8
2	609	110.099359158543	9
2	611	111.009412520224	10
2	614	111.169527673583	9
2	618	111.480599846659	8
2	621	113.10282301553	9
2	624	113.856514421265	8
2	628	114.077064228897	7
2	632	114.274791466441	6
2	636	114.365920267361	5
2	639	114.743814173962	6
2	642	115.894961704984	5
2	646	116.83144576152	4
2	649	116.969276194418	5
2	651	117.016186134723	6
2	653	117.414647891667	7
2	655	118.320918958849	8
2	657	118.349509348261	9
2	660	118.517429085156	8
2	663	119.562848117137	9
2	666	119.942624977135	8
2	670	120.960911384322	7
2	674	122.502718028392	6
2	677	122.628518778029	7
2	680	123.333818947093	6
2	683	124.155338282411	7
2	685	124.911331374772	8
2	688	125.736174829433	7
2	692	125.779847237668	6
2	696	126.113371524592	5
2	699	126.153412013739	6
2	701	126.811024235283	7
2	703	126.826113366183	8
2	706	127.810916835108	7
2	710	128.609516059274	6
2	714	128.901350004219	5
2	718	129.737898304637	4
2	722	131.900581764683	3
2	726	132.020399995525	2
2	729	132.176711203395	3
2	731	132.248027747711	4
2	734	132.443022708651	3
2	737	132.613262586037	4
2	740	133.298040138799	3
2	743	133.943643450678	4
2	746	133.962571226238	3
2	750	134.321279807449	2
2	754	134.368868167665	1
2	758	134.409477224651	0
2	761	134.420729004293	1
2	764	134.896440828262	0
2	767	135.52604500998	1
2	769	135.672094709404	2
2	772	136.457457226643	1
2	776	136.46913094425	0
2	782	138.302709747853	1
2	782	138.302709747853	0
2	785	138.658983260615	1
2	787	139.053757088499	2
2	789	139.415067613977	3
2	791	139.633789818848	4
2	794	141.220426050853	3
2	798	141.289752512096	2
2	802	141.321101181757	1
2	805	141.512274107372	2
2	808	142.831752909641	1
2	812	143.343826768892	0
2	815	143.415307289882	1
2	817	143.725636405717	2
2	820	144.583050849647	1
2	824	145.324909799576	0
2	830	145.820196948969	1
2	830	145.820196948969	0
2	833	146.143983991961	1
2	836	146.527140478852	0
2	842	148.244901196967	1
2	842	148.244901196967	0
2	845	148.971656799647	1
2	848	149.558519160604	0
2	851	150.045155496556	1
2	854	150.593579413197	0
2	860	154.021223406944	1
2	860	154.021223406944	0
2	863	154.503148384696	1
2	866	154.581101293327	0
2	869	154.783026996798	1
2	872	155.575954154618	0
2	878	159.017693229781	1
2	878	159.017693229781	0
2	881	159.990629912724	1
2	884	162.089110341943	0
2	890	164.3904512766	1
2	890	164.3904512766	0
2	896	168.199810701282	1
2	896	168.199810701282	0
2	902	169.543056259466	1
2	902	169.543056259466	0
2	905	169.564590054439	1
2	908	169.813385140489	0
2	914	170.608371716901	1
2	914	170.608371716901	0
2	917	170.924175635335	1
2	919	171.076650669867	2
2	922	171.71731615537	1
2	925	171.954296932653	2
2	928	172.173434445719	1
2	932	172.396694882461	0
2	935	172.482597789699	1
2	938	173.429482941186	0
2	941	174.082540757937	1
2	944	175.710077723967	0
2	950	177.075474974423	1
2	950	177.075474974423	0
2	953	177.104907895596	1
2	955	177.430287615346	2
2	957	177.667073919169	3
2	959	178.007541632468	4
2	962	179.205977486026	3
2	966	179.359510691989	2
2	970	179.751070505006	1
2	973	179.918548861987	2
2	975	181.217990446756	3
2	977	181.530943813843	4
2	980	182.777247674772	3
2	983	182.863663743578	4
2	986	183.217593345541	3
2	990	183.26777051222	2
2	994	183.50422394204	1
2	998	183.776204160894	0
2	1001	184.580980085252	1
2	1004	184.846157738569	0
2	1007	186.93947316375	1
2	1010	187.297029981631	0
2	1016	190.609444364334	1
2	1016	190.609444364334	0
2	1022	191.783358330983	1
2	1022	191.783358330983	0
2	1028	192.170779249312	1
2	1028	192.170779249312	0
2	1031	192.238065412815	1
2	1034	192.758118697716	0
2	1040	194.436211917088	1
2	1040	194.436211917088	0
2	1043	194.621655859353	1
2	1045	194.967156937419	2
2	1047	195.252872061577	3
2	1050	195.913282392621	2
2	1053	196.126850616806	3
2	1055	196.446646216639	4
2	1058	197.108809791646	3
2	1061	198.385714814068	4
2	1064	198.971065245866	3
2	1067	199.252567989964	4
2	1070	199.668652038033	3
2	1073	200.022044607154	4
2	1075	200.195771169802	5
2	1078	200.331637488316	4
2	1082	201.514667315204	3
2	1085	202.788036101576	4
2	1087	203.096581494988	5
2	1089	203.40082043484	6
2	1092	203.982933851321	5
2	1096	204.001879075091	4
2	1099	204.012562816499	5
2	1102	205.014910394938	4
2	1106	205.145461361891	3
2	1109	205.233057778453	4
2	1112	205.460944191755	3
2	1116	205.475353970887	2
2	1120	206.022638356493	1
2	1124	206.124815494228	0
2	1130	208.609942033931	1
2	1130	208.609942033931	0
2	1136	209.206939781285	1
2	1136	209.206939781285	0
2	1139	209.34824199349	1
2	1142	209.363270124541	0
2	1145	209.603490709573	1
2	1148	210.728572216846	0
2	1151	211.106870893662	1
2	1153	211.775926816587	2
2	1155	212.416161382013	3
2	1157	212.548694906305	4
2	1160	212.63841148554	3
2	1163	212.880655667436	4
2	1166	212.880895446468	3
2	1169	212.993079554562	4
2	1171	213.063089276777	5
2	1173	213.071807964441	6
2	1175	213.227234619783	7
2	1177	214.356785400766	8
2	1180	215.54363659173	7
2	1184	216.578323909594	6
2	1187	217.756983302392	7
2	1190	218.124079152455	6
2	1194	218.511603679314	5
2	1197	219.011225146109	6
2	1200	219.374717366988	5
2	1203	219.630782914214	6
2	1205	220.449982416741	7
2	1208	220.909642664196	6
2	1212	221.741489951952	5
2	1215	222.34760732387	6
2	1218	222.782293810745	5
2	1222	222.980305377803	4
2	1226	223.096988980636	3
2	1229	224.081471742088	4
2	1232	224.392613019873	3
2	1236	224.727683162847	2
2	1239	224.742258140055	3
2	1242	225.534378269465	2
2	1245	226.768296156027	3
2	1247	227.69709088954	4
2	1250	227.978901873963	3
2	1254	228.068025609719	2
2	1258	228.719951786514	1
2	1261	230.532068770739	2
2	1263	230.661822589209	3
2	1266	231.138533724109	2
2	1269	231.344641530569	3
2	1272	232.349164465592	2
2	1276	233.05315479504	1
2	1280	233.094489718976	0
2	1286	234.493959131259	1
2	1286	234.493959131259	0
2	1289	234.619005271647	1
2	1291	236.169387619391	2
2	1293	236.245828607878	3
2	1295	236.292771506523	4
2	1298	236.630864759814	3
2	1301	236.923645914578	4
2	1304	237.231547899446	3
2	1307	238.21811550787	4
2	1309	238.489598169048	5
2	1312	238.924834024159	4
2	1316	239.065933668908	3
2	1319	239.087277584512	4
2	1322	239.276604229206	3
2	1325	241.028878593501	4
2	1328	241.130732336347	3
2	1332	241.244176909372	2
2	1336	241.498401218981	1
2	1340	241.83810469589	0
2	1343	241.915891957892	1
2	1345	242.184932944679	2
2	1348	242.662541831478	1
2	1352	243.286661613046	0
2	1355	244.110716309169	1
2	1357	244.53428262818	2
2	1360	245.61954335025	1
2	1363	245.621526895006	2
2	1365	247.360931777378	3
2	1368	248.017474534327	2
2	1371	249.054975284981	3
2	1374	249.215330559014	2
2	1378	249.752574199245	1
2	1382	249.903284830723	0
2	1388	250.400635945606	1
2	1388	250.400635945606	0
2	1394	251.441554477059	1
2	1394	251.441554477059	0
2	1397	253.539404976772	1
2	1400	254.029946470722	0
2	1406	256.370783038359	1
2	1406	256.370783038359	0
2	1412	257.564648925026	1
2	1412	257.564648925026	0
2	1415	257.894348576765	1
2	1417	258.250824499092	2
2	1420	258.403728485544	1
2	1423	258.869681742264	2
2	1425	259.202895865504	3
2	1428	259.412896847178	2
2	1432	259.496489293664	1
2	1436	259.861178045335	0
2	1439	260.620605474318	1
2	1441	261.867001785645	2
2	1443	262.153857102164	3
2	1446	262.577869840293	2
2	1450	262.59143620649	1
2	1453	262.930698156597	2
2	1455	263.531820713594	3
2	1458	264.359786330614	2
2	1462	264.427919363073	1
2	1465	264.796594345391	2
2	1467	265.609868568851	3
2	1469	265.750409805568	4
2	1471	266.287393119659	5
2	1474	266.836990217046	4
2	1478	267.103921850267	3
2	1481	268.30139957054	4
2	1483	269.213596293541	5
2	1486	270.065636406181	4
2	1489	270.151265442329	5
2	1491	270.155834450635	6
2	1494	270.307172317834	5
2	1498	270.341259008798	4
2	1501	270.34384386373	5
2	1503	270.928847165487	6
2	1505	271.324398007673	7
2	1508	271.348650868696	6
2	1511	271.998699029971	7
2	1513	272.713062019294	8
2	1516	273.602893427193	7
2	1519	273.870755556169	8
2	1522	274.746777762492	7
2	1526	276.152831811992	6
2	1529	276.391022348262	7
2	1532	276.418047365303	6
2	1536	276.717858814103	5
2	1540	277.142979563175	4
2	1543	278.282106628971	5
2	1546	278.601428548034	4
2	1550	278.906824366245	3
2	1553	279.331927250395	4
2	1556	279.40583233088	3
2	1559	280.445880574774	4
2	1562	280.698074232166	3
2	1566	281.526978464893	2
2	1569	281.566135245919	3
2	1572	282.230296467143	2
2	1575	282.559788929596	3
2	1577	283.099440918587	4
2	1580	283.568113166497	3
2	1584	284.574493638501	2
2	1587	285.103412506039	3
2	1590	286.172253566352	2
2	1594	286.999393718512	1
2	1597	287.329133189137	2
2	1600	288.054066933967	1
2	1604	288.191714235871	0
2	1610	290.528102506837	1
2	1610	290.528102506837	0
2	1613	290.63032015919	1
2	1616	290.8480424174	0
2	1622	291.875022842777	1
2	1622	291.875022842777	0
2	1625	292.358391946724	1
2	1627	292.774122680026	2
2	1629	292.96813449619	3
2	1632	293.016093218312	2
2	1636	293.444839100709	1
2	1639	295.396673418747	2
2	1642	295.439317502759	1
2	1645	295.595298688346	2
2	1647	296.077747518622	3
2	1649	296.564072287631	4
2	1651	297.024266853314	5
2	1654	297.077475543576	4
2	1658	297.38115097305	3
2	1661	298.150472996142	4
2	1664	298.294527312831	3
2	1668	298.563115969122	2
2	1672	300.456923724314	1
2	1676	301.34778128675	0
2	1679	301.667537015814	1
2	1682	302.192888846075	0
2	1688	308.0600314396	1
2	1688	308.0600314396	0
2	1691	308.119323174353	1
2	1693	308.417620690389	2
2	1696	308.870271176071	1
2	1700	309.272222612181	0
2	1706	313.466818394333	1
2	1706	313.466818394333	0
2	1712	315.242350188907	1
2	1712	315.242350188907	0
2	1715	315.887401848036	1
2	1718	315.903626010789	0
2	1721	315.958656511354	1
2	1723	316.380068945594	2
2	1726	316.438635477382	1
2	1729	317.013227239297	2
2	1731	317.064819499615	3
2	1734	318.21365168083	2
2	1737	318.540050730387	3
2	1740	318.716297172434	2
2	1743	318.899626638592	3
2	1746	319.302545635935	2
2	1750	319.473222845293	1
2	1754	319.858434605348	0
2	1760	320.33420496044	1
2	1760	320.33420496044	0
2	1763	320.51626955268	1
2	1766	322.272451128612	0
2	1772	325.127063594251	1
2	1772	325.127063594251	0
2	1775	325.460704909515	1
2	1778	325.900538987731	0
2	1784	326.492609142404	1
2	1784	326.492609142404	0
2	1790	329.238194587219	1
2	1790	329.238194587219	0
2	1793	330.371186317226	1
2	1795	330.983319673179	2
2	1798	332.578097847743	1
2	1802	333.084294165871	0
2	1808	333.640816940626	1
2	1808	333.640816940626	0
2	1811	333.695974247788	1
2	1814	333.762289266	0
2	1817	333.789185535342	1
2	1820	334.306238046268	0
2	1823	334.448168064638	1
2	1826	334.508162364951	0
2	1832	337.258832028707	1
2	1832	337.258832028707	0
2	1835	337.551157331921	1
2	1838	338.733510744851	0
2	1841	339.785789707726	1
2	1844	340.165923630023	0
2	1850	341.590964458	1
2	1850	341.590964458	0
2	1853	341.80144614564	1
2	1855	342.213412898448	2
2	1858	342.564544242181	1
2	1861	342.923466139033	2
2	1864	343.123855267139	1
2	1867	343.945896067391	2
2	1869	344.565257342141	3
2	1872	345.084793614377	2
2	1875	345.671360224974	3
2	1878	347.382721859155	2
2	1882	347.572474069346	1
2	1885	347.587333116364	2
2	1887	347.915438255698	3
2	1890	348.25974275198	2
2	1894	348.488473800382	1
2	1897	348.876152638092	2
2	1900	349.093449371547	1
2	1904	349.392221613658	0
2	1910	350.353941612975	1
2	1910	350.353941612975	0
2	1916	351.413479519902	1
2	1916	351.413479519902	0
2	1922	352.355793418189	1
2	1922	352.355793418189	0
2	1928	354.578363671402	1
2	1928	354.578363671402	0
2	1934	357.421465170992	1
2	1934	357.421465170992	0
2	1937	358.360505892222	1
2	1940	358.8133515496	0
2	1943	359.663389929794	1
2	1945	360.211084449139	2
2	1947	360.785374886359	3
2	1950	361.028377788549	2
2	1953	362.026584892763	3
2	1956	362.026687297188	2
2	1960	363.888516363659	1
2	1964	366.708317780602	0
2	1970	368.985942422182	1
2	1970	368.985942422182	0
2	1973	369.1534310324	1
2	1976	370.378387492681	0
2	1982	372.215104455094	1
2	1982	372.215104455094	0
2	1985	372.258471529461	1
2	1987	372.286529478361	2
2	1990	372.460796429237	1
2	1994	372.65656654728	0
2	2000	373.81546630876	1
2	2000	373.81546630876	0
2	2006	374.215769943384	1
2	2006	374.215769943384	0
2	2012	378.81706830273	1
2	2012	378.81706830273	0
2	2015	381.977184011256	1
2	2018	382.912430851906	0
2	2021	383.565292749285	1
2	2024	383.875470042912	0
2	2030	384.638616731215	1
2	2030	384.638616731215	0
2	2036	388.455638180837	1
2	2036	388.455638180837	0
2	2039	389.391748472482	1
2	2041	389.655535116403	2
2	2043	389.663521182374	3
2	2046	389.701824082588	2
2	2049	389.821084974153	3
2	2052	390.978426077517	2
2	2055	391.408280017141	3
2	2058	392.150025765293	2
2	2061	392.232546388124	3
2	2064	393.632366056408	2
2	2068	393.92689978214	1
2	2071	394.103016934152	2
2	2073	394.197113942248	3
2	2075	395.417232989423	4
2	2078	395.506056128515	3
2	2082	397.00555584355	2
2	2085	397.199693019779	3
2	2088	397.27886418646	2
2	2092	397.556856441455	1
2	2096	398.116810621986	0
2	2102	398.481431100111	1
2	2102	398.481431100111	0
2	2108	400.431522203176	1
2	2108	400.431522203176	0
2	2114	403.154715832623	1
2	2114	403.154715832623	0
2	2120	404.807539112534	1
2	2120	404.807539112534	0
2	2123	404.906275362073	1
2	2125	408.194552033577	2
2	2127	408.493296007467	3
2	2130	408.719205495724	2
2	2133	409.20655162179	3
2	2136	409.540252008372	2
2	2140	410.882490194691	1
2	2144	410.971272619695	0
2	2147	411.590356303402	1
2	2150	413.443298846729	0
2	2156	414.653164471059	1
2	2156	414.653164471059	0
2	2162	415.069104825192	1
2	2162	415.069104825192	0
2	2165	415.670320669344	1
2	2168	415.857815089261	0
2	2171	416.9422042179	1
2	2173	417.046930653252	2
2	2176	417.515922190946	1
2	2180	417.749135074109	0
2	2186	419.546005583305	1
2	2186	419.546005583305	0
2	2192	420.508170880174	1
2	2192	420.508170880174	0
2	2198	421.043367322997	1
2	2198	421.043367322997	0
2	2201	421.16711345825	1
2	2203	421.178263250269	2
2	2206	422.103392520535	1
2	2209	422.147722030114	2
2	2211	422.92323096215	3
2	2213	424.13619742303	4
2	2215	424.185572870762	5
2	2218	424.368104156948	4
2	2221	424.616180212971	5
2	2224	424.966558331034	4
2	2228	425.844283456521	3
2	2231	427.005537838696	4
2	2233	427.234390454203	5
2	2235	427.327954430789	6
2	2237	428.49536465015	7
2	2239	428.827294448406	8
2	2242	429.262290638649	7
2	2245	429.315170010306	8
2	2247	429.436380656313	9
2	2250	430.016614639746	8
2	2254	430.28074789753	7
2	2258	430.546089881914	6
2	2262	430.554372521942	5
2	2265	432.223631351005	6
2	2267	432.811365652433	7
2	2270	433.293152040259	6
2	2274	433.323167126184	5
2	2278	433.73596824748	4
2	2282	434.703577950071	3
2	2286	434.958774115824	2
2	2289	435.356687627988	3
2	2291	435.579495053547	4
2	2293	436.140353137298	5
2	2296	436.15611056693	4
2	2299	436.202554320893	5
2	2301	439.640477013372	6
2	2304	439.716574661102	5
2	2308	439.875349894482	4
2	2311	440.637746898878	5
2	2314	441.549210973643	4
2	2318	441.728044747915	3
2	2322	442.142239196792	2
2	2326	443.196588763626	1
2	2330	443.257732568122	0
2	2336	444.118919586899	1
2	2336	444.118919586899	0
2	2342	446.000510487857	1
2	2342	446.000510487857	0
2	2348	447.78976703878	1
2	2348	447.78976703878	0
2	2351	448.474364703683	1
2	2354	449.170562793105	0
2	2360	450.102327595285	1
2	2360	450.102327595285	0
2	2363	451.622068170425	1
2	2366	452.001538040953	0
2	2372	452.281074062696	1
2	2372	452.281074062696	0
2	2375	452.647591439224	1
2	2377	452.816685485373	2
2	2379	453.214884639975	3
2	2382	453.833799497084	2
2	2385	455.864649546956	3
2	2387	455.955300616581	4
2	2390	457.042384999508	3
2	2393	457.34629815012	4
2	2396	458.335775085084	3
2	2400	458.416640687739	2
2	2403	458.571201389753	3
2	2406	458.844644678704	2
2	2410	459.01523780544	1
2	2414	459.077425605766	0
2	2417	459.790581743661	1
2	2419	459.920319887646	2
2	2422	460.393454030531	1
2	2426	461.038464599369	0
2	2432	464.443743118445	1
2	2432	464.443743118445	0
2	2435	464.536608789052	1
2	2437	464.572330905624	2
2	2439	465.136348728483	3
2	2441	466.258996368258	4
2	2444	466.646658554104	3
2	2447	468.788563775382	4
2	2449	468.815958069211	5
2	2452	468.902114614112	4
2	2455	469.542136735781	5
2	2458	469.683577701416	4
2	2462	470.688322280228	3
2	2465	471.542008872224	4
2	2468	471.92271092898	3
2	2471	471.968205409266	4
2	2473	472.366757118425	5
2	2476	474.626220413352	4
2	2479	476.396539489979	5
2	2482	476.511160597448	4
2	2485	477.372363581834	5
2	2488	477.517677293761	4
2	2492	477.603233384085	3
2	2496	478.825184082865	2
2	2500	480.154292128213	1
2	2503	480.584547628004	2
2	2505	480.740078434758	3
2	2508	480.779171633039	2
2	2512	482.978444401228	1
2	2515	483.45202370921	2
2	2518	483.844981369415	1
2	2522	484.118365563902	0
2	2528	484.891343335992	1
2	2528	484.891343335992	0
2	2534	485.434169759363	1
2	2534	485.434169759363	0
2	2540	486.037389904809	1
2	2540	486.037389904809	0
2	2543	486.234508850016	1
2	2545	486.262358202806	2
2	2548	487.768366096804	1
2	2552	487.822411968314	0
2	2558	489.528994270803	1
2	2558	489.528994270803	0
2	2564	490.776771199102	1
2	2564	490.776771199102	0
2	2567	491.098920366169	1
2	2569	491.280353790975	2
2	2572	491.388226210248	1
2	2576	491.608353102275	0
2	2579	492.109518762148	1
2	2582	493.524736896008	0
2	2588	493.985355826284	1
2	2588	493.985355826284	0
2	2594	496.431115730251	1
2	2594	496.431115730251	0
2	2600	497.097409069145	1
2	2600	497.097409069145	0
2	2606	498.582759965443	1
2	2606	498.582759965443	0
2	2612	499.524074172734	1
2	2612	499.524074172734	0
2	2615	500.261555218889	1
2	2618	500.64894298811	0
2	2621	501.398897478451	1
2	2624	501.497647846077	0
2	2630	504.657611433062	1
2	2630	504.657611433062	0
2	2633	506.441512361776	1
2	2635	507.02270842855	2
2	2637	507.639561943862	3
2	2639	507.958082107006	4
2	2642	508.091779654377	3
2	2646	508.094406857241	2
2	2650	508.117293333939	1
2	2653	508.225001867073	2
2	2656	508.461585331836	1
2	2659	509.465345417447	2
2	2661	509.482340503857	3
2	2663	510.088933174358	4
2	2665	510.263644532222	5
2	2667	511.118026742153	6
2	2669	511.863355644189	7
2	2671	511.935721303127	8
2	2673	512.100437356779	9
2	2675	512.269174190717	10
2	2678	512.334564353224	9
2	2681	513.252908928193	10
2	2683	513.5164767206	11
2	2685	514.360488257576	12
2	2687	516.078775980577	13
2	2689	516.353719586548	14
2	2691	516.451836068132	15
2	2694	516.574738103882	14
2	2698	517.124972248147	13
2	2701	517.581588247486	14
2	2703	517.666026037431	15
2	2706	518.42270085332	14
2	2709	518.437574911466	15
2	2711	518.876177030649	16
2	2714	518.996204082341	15
2	2718	520.277053080652	14
2	2721	520.320421755529	15
2	2723	520.473865442742	16
2	2726	520.535254767428	15
2	2729	520.61735922049	16
2	2732	521.80998328918	15
2	2736	522.403731247611	14
2	2740	523.037011768057	13
2	2744	523.763853320018	12
2	2747	524.574668590163	13
2	2749	525.658889512325	14
2	2752	526.646446456925	13
2	2755	526.722441415954	14
2	2757	526.83284956562	15
2	2759	527.249464580641	16
2	2761	527.274942501804	17
2	2763	528.585161173094	18
2	2766	528.609661323203	17
2	2770	528.733623425095	16
2	2774	529.651049042989	15
2	2778	530.228309339272	14
2	2782	530.955018970102	13
2	2785	531.011726674499	14
2	2788	532.217954350902	13
2	2792	534.424522924589	12
2	2795	535.432165181101	13
2	2797	536.328151444082	14
2	2800	537.265422910514	13
2	2803	537.832132302502	14
2	2805	538.123511093573	15
2	2808	538.268859754763	14
2	2811	538.959292695118	15
2	2813	539.426000423644	16
2	2815	540.107818471835	17
2	2818	541.004100081375	16
2	2822	542.108781142462	15
2	2825	542.16404948066	16
2	2827	542.845119613452	17
2	2830	542.962693485319	16
2	2834	543.086783667204	15
2	2837	543.177746832233	16
2	2839	543.339540981872	17
2	2842	544.68188312188	16
2	2845	545.318274339744	17
2	2847	545.981680281213	18
2	2850	546.279735757426	17
2	2854	547.417965024143	16
2	2858	547.805010414446	15
2	2862	547.902918334736	14
2	2866	548.983998522126	13
2	2870	550.266186218611	12
2	2873	550.335144620774	13
2	2875	550.786350740945	14
2	2878	550.965111376088	13
2	2882	550.987911789472	12
2	2885	551.705711039702	13
2	2887	553.048997720696	14
2	2889	553.102286735617	15
2	2892	553.359813518187	14
2	2896	553.739617774783	13
2	2899	553.976374154748	14
2	2902	555.501438083057	13
2	2906	555.623850495392	12
2	2909	555.862690406943	13
2	2912	556.143702552699	12
2	2916	558.756834293145	11
2	2920	559.16108099239	10
2	2924	560.09474164807	9
2	2928	560.238549906617	8
2	2932	560.700855721528	7
2	2936	560.744154152222	6
2	2939	561.353779236099	7
2	2942	561.565311517882	6
2	2945	561.779390951746	7
2	2947	562.038530343085	8
2	2950	562.071517865657	7
2	2954	562.925585599244	6
2	2958	565.136117352692	5
2	2961	565.174532089101	6
2	2963	567.085420906379	7
2	2965	567.354221691696	8
2	2968	568.315461143939	7
2	2971	568.687568652536	8
2	2974	568.714630356037	7
2	2978	569.024035792527	6
2	2982	569.190763608707	5
2	2986	569.506931267692	4
2	2990	569.725409582384	3
2	2993	570.429027107242	4
2	2995	570.632596386641	5
2	2998	570.887260717428	4
2	3002	572.187283471089	3
2	3006	573.064958242664	2
2	3009	573.093336020335	3
2	3012	573.112843757863	2
2	3015	573.656485775503	3
2	3018	574.173900204541	2
2	3021	574.266647557882	3
2	3024	574.945943293939	2
2	3027	575.152330587368	3
2	3029	575.553301054058	4
2	3031	575.597074555403	5
2	3033	575.924866985888	6
2	3035	576.362898631749	7
2	3037	579.01064573519	8
2	3039	579.313960000585	9
2	3042	580.093989091509	8
2	3045	580.102028629109	9
2	3047	580.242128802477	10
2	3050	580.573723059995	9
2	3054	581.419056837117	8
2	3058	581.661114253098	7
2	3062	581.94874885375	6
2	3066	582.01437206067	5
2	3070	582.019781706604	4
2	3073	582.524571666063	5
2	3076	582.661620286234	4
2	3079	583.458331220314	5
2	3081	583.94615658674	6
2	3084	584.162511036457	5
2	3088	585.312256935734	4
2	3092	587.03148689449	3
2	3095	587.30122850067	4
2	3097	587.349559289438	5
2	3099	587.559459024875	6
2	3102	587.983390923691	5
2	3106	588.342010485154	4
2	3110	589.350407385233	3
2	3113	590.400242263037	4
2	3116	590.608728457736	3
2	3119	590.961172345229	4
2	3122	591.172050198588	3
2	3126	591.316755468053	2
2	3130	591.420050635034	1
2	3134	591.611157483631	0
2	3140	595.369645755995	1
2	3140	595.369645755995	0
2	3146	596.792435962119	1
2	3146	596.792435962119	0
2	3152	597.869742846289	1
2	3152	597.869742846289	0
2	3155	598.761395089668	1
2	3157	598.824535326787	2
3	552	100.200872436038	3.056857520086
3	570	104.926168314585	6.76354884281
3	574	105.498494840928	6.671720694425
3	578	106.315996493245	5.157231244435
3	584	107.400384487815	5.500146660666
3	590	107.789949575922	5.779484249564
3	594	107.814766434121	5.763276130867
3	602	109.575938587682	5.856203363893
3	614	111.169527673583	7.032974098372
3	618	111.480599846659	6.922078126507
3	624	113.856514421265	7.111196716542
3	628	114.077064228897	6.461406287563
3	632	114.274791466441	6.154686189178
3	636	114.365920267361	4.914116031714
3	642	115.894961704984	6.087364605371
3	646	116.83144576152	6.87613618809
3	660	118.517429085156	8.418069926613
3	666	119.942624977135	8.933212456911
3	670	120.960911384322	7.858088368792
3	674	122.502718028392	7.75890385443
3	680	123.333818947093	6.364542752675
3	688	125.736174829433	8.71998869471
3	692	125.779847237668	8.365199346001
3	696	126.113371524592	7.792452565743
3	706	127.810916835108	9.461407486847
3	710	128.609516059274	9.046667942137
3	714	128.901350004219	6.27283122619
3	718	129.737898304637	5.582560022226
3	722	131.900581764683	6.989250389911
3	726	132.020399995525	5.866987981786
3	734	132.443022708651	5.631998473368
3	740	133.298040138799	6.471926772616
3	746	133.962571226238	1.785860022843
3	750	134.321279807449	2.073252059738
3	754	134.368868167665	1.755605581628
3	758	134.409477224651	0.465833773973
3	764	134.896440828262	0.475711823969
3	772	136.457457226643	0.931412216663
3	776	136.46913094425	0.797036234846
3	782	138.302709747853	0
3	794	141.220426050853	2.561442790238
3	798	141.289752512096	2.235995423597
3	802	141.321101181757	1.90603356778
3	808	142.831752909641	3.197963090793
3	812	143.343826768892	1.83155266152
3	820	144.583050849647	1.167743559765
3	824	145.324909799576	1.599273393859
3	830	145.820196948969	0
3	836	146.527140478852	0.383156486891
3	842	148.244901196967	0
3	848	149.558519160604	0.586862360957
3	854	150.593579413197	0.548423916641
3	860	154.021223406944	0
3	866	154.581101293327	0.077952908631
3	872	155.575954154618	0.79292715782
3	878	159.017693229781	0
3	884	162.089110341943	2.098480429219
3	890	164.3904512766	0
3	896	168.199810701282	0
3	902	169.543056259466	0
3	908	169.813385140489	0.24879508605
3	914	170.608371716901	0
3	922	171.71731615537	0.793140520035
3	928	172.173434445719	1.096783775852
3	932	172.396694882461	0.442397949808
3	938	173.429482941186	0.946885151487
3	944	175.710077723967	1.62753696603
3	950	177.075474974423	0
3	962	179.205977486026	2.10106959043
3	966	179.359510691989	1.929223076643
3	970	179.751070505006	2.083996585837
3	980	182.777247674772	4.769706042304
3	986	183.217593345541	3.299044483554
3	990	183.26777051222	2.049780065464
3	994	183.50422394204	1.973280128197
3	998	183.776204160894	0.912540417316
3	1004	184.846157738569	0.265177653317
3	1010	187.297029981631	0.357556817881
3	1016	190.609444364334	0
3	1022	191.783358330983	0
3	1028	192.170779249312	0
3	1034	192.758118697716	0.520053284901
3	1040	194.436211917088	0
3	1050	195.913282392621	1.291626533268
3	1058	197.108809791646	2.141652854227
3	1064	198.971065245866	3.718193184289
3	1070	199.668652038033	3.541801421227
3	1078	200.331637488316	3.884991271677
3	1082	201.514667315204	3.128952501136
3	1092	203.982933851321	4.730365861357
3	1096	204.001879075091	3.979834467937
3	1102	205.014910394938	4.819139225136
3	1106	205.145461361891	2.357425260315
3	1112	205.460944191755	2.364362696767
3	1116	205.475353970887	2.074533536047
3	1120	206.022638356493	2.010075539994
3	1124	206.124815494228	0.891757715775
3	1130	208.609942033931	0
3	1136	209.206939781285	0
3	1142	209.363270124541	0.015028131051
3	1148	210.728572216846	1.125081507273
3	1160	212.63841148554	1.531540591878
3	1166	212.880895446468	1.104968629881
3	1180	215.54363659173	3.127475209717
3	1184	216.578323909594	4.029629003289
3	1190	218.124079152455	5.243423485019
3	1194	218.511603679314	5.518524124752
3	1200	219.374717366988	6.311628090211
3	1208	220.909642664196	7.837834699755
3	1212	221.741489951952	8.514255332169
3	1218	222.782293810745	8.425508409979
3	1222	222.980305377803	5.223322075411
3	1226	223.096988980636	4.085763834527
3	1232	224.392613019873	4.761830105659
3	1236	224.727683162847	4.277700746106
3	1242	225.534378269465	3.186770945595
3	1250	227.978901873963	3.897430131875
3	1254	228.068025609719	3.325767469664
3	1258	228.719951786514	1.951655630487
3	1266	231.138533724109	3.441442834569
3	1272	232.349164465592	1.817095694853
3	1276	233.05315479504	2.391332205831
3	1280	233.094489718976	1.749848188407
3	1286	234.493959131259	0
3	1298	236.630864759814	2.011859488167
3	1304	237.231547899446	1.062160280055
3	1312	238.924834024159	2.679005416281
3	1316	239.065933668908	2.773162162385
3	1322	239.276604229206	2.352958314628
3	1328	241.130732336347	2.912616828477
3	1332	241.244176909372	2.754578740324
3	1336	241.498401218981	2.411123634469
3	1340	241.83810469589	0.809226102389
3	1348	242.662541831478	0.746649873586
3	1352	243.286661613046	1.101728668367
3	1360	245.61954335025	1.508827041081
3	1368	248.017474534327	3.483191906147
3	1374	249.215330559014	3.593803664008
3	1378	249.752574199245	2.391642421867
3	1382	249.903284830723	0.848309545742
3	1388	250.400635945606	0
3	1394	251.441554477059	0
3	1400	254.029946470722	0.49054149395
3	1406	256.370783038359	0
3	1412	257.564648925026	0
3	1420	258.403728485544	0.509379908779
3	1428	259.412896847178	1.162072348086
3	1432	259.496489293664	0.6268075514
3	1436	259.861178045335	0.658282179831
3	1446	262.577869840293	1.957264365975
3	1450	262.59143620649	0.724434420845
3	1458	264.359786330614	2.20592922845
3	1462	264.427919363073	1.497221206476
3	1474	266.836990217046	3.305169503452
3	1478	267.103921850267	2.307327504876
3	1486	270.065636406181	4.45576783733
3	1494	270.307172317834	4.556762512266
3	1498	270.341259008798	4.053865889139
3	1508	271.348650868696	3.047251298156
3	1516	273.602893427193	4.389297133652
3	1522	274.746777762492	4.595512320163
3	1526	276.152831811992	5.996997361357
3	1532	276.418047365303	6.074203501573
3	1536	276.717858814103	5.789011648616
3	1540	277.142979563175	5.818581555502
3	1546	278.601428548034	6.602729518063
3	1550	278.906824366245	6.193762346951
3	1556	279.40583233088	5.535076774711
3	1562	280.698074232166	4.307051883904
3	1566	281.526978464893	3.244871835922
3	1572	282.230296467143	2.898369216748
3	1580	283.568113166497	3.122232591723
3	1584	284.574493638501	3.008358392582
3	1590	286.172253566352	3.612464636756
3	1594	286.999393718512	3.899952799925
3	1600	288.054066933967	2.950654427928
3	1604	288.191714235871	0.862581046734
3	1610	290.528102506837	0
3	1616	290.8480424174	0.21772225821
3	1622	291.875022842777	0
3	1632	293.016093218312	0.657701271588
3	1636	293.444839100709	0.670716420683
3	1642	295.439317502759	2.471183006569
3	1654	297.077475543576	1.680802124829
3	1658	297.38115097305	1.785852284704
3	1664	298.294527312831	2.216779794209
3	1668	298.563115969122	1.999043681491
3	1672	300.456923724314	3.432656871
3	1676	301.34778128675	3.197308290608
3	1682	302.192888846075	0.525351830261
3	1688	308.0600314396	0
3	1696	308.870271176071	0.750948001718
3	1700	309.272222612181	0.854601921792
3	1706	313.466818394333	0
3	1712	315.242350188907	0
3	1718	315.903626010789	0.016224162753
3	1726	316.438635477382	0.479978966028
3	1734	318.21365168083	1.833582735236
3	1740	318.716297172434	1.703069933137
3	1746	319.302545635935	2.23772613632
3	1750	319.473222845293	0.933172114906
3	1754	319.858434605348	0.958807966756
3	1760	320.33420496044	0
3	1766	322.272451128612	1.756181575932
3	1772	325.127063594251	0
3	1778	325.900538987731	0.439834078216
3	1784	326.492609142404	0
3	1790	329.238194587219	0
3	1798	332.578097847743	2.206911530517
3	1802	333.084294165871	2.100974492692
3	1808	333.640816940626	0
3	1814	333.762289266	0.066315018212
3	1820	334.306238046268	0.517052510926
3	1826	334.508162364951	0.059994300313
3	1832	337.258832028707	0
3	1838	338.733510744851	1.18235341293
3	1844	340.165923630023	0.380133922297
3	1850	341.590964458	0
3	1858	342.564544242181	0.763098096541
3	1864	343.123855267139	0.910442368691
3	1872	345.084793614377	2.161327475344
3	1878	347.382721859155	3.436825791764
3	1882	347.572474069346	3.007216727205
3	1890	348.25974275198	2.588382527006
3	1894	348.488473800382	0.901140684018
3	1900	349.093449371547	1.178011115849
3	1904	349.392221613658	0.516068975566
3	1910	350.353941612975	0
3	1916	351.413479519902	0
3	1922	352.355793418189	0
3	1928	354.578363671402	0
3	1934	357.421465170992	0
3	1940	358.8133515496	0.452845657378
3	1950	361.028377788549	1.364987858755
3	1956	362.026687297188	1.815602848049
3	1960	363.888516363659	3.1031414773
3	1964	366.708317780602	4.681732887839
3	1970	368.985942422182	0
3	1976	370.378387492681	1.224956460281
3	1982	372.215104455094	0
3	1990	372.460796429237	0.202324899776
3	1994	372.65656654728	0.370037068919
3	2000	373.81546630876	0
3	2006	374.215769943384	0
3	2012	378.81706830273	0
3	2018	382.912430851906	0.93524684065
3	2024	383.875470042912	0.310177293627
3	2030	384.638616731215	0
3	2036	388.455638180837	0
3	2046	389.701824082588	0.310075610106
3	2052	390.978426077517	1.322890961114
3	2058	392.150025765293	2.486504582919
3	2064	393.632366056408	3.811281082255
3	2068	393.92689978214	2.518619764999
3	2078	395.506056128515	3.273509740391
3	2082	397.00555584355	2.902538909398
3	2088	397.27886418646	3.081750244212
3	2092	397.556856441455	2.139623452032
3	2096	398.116810621986	0.917117602207
3	2102	398.481431100111	0
3	2108	400.431522203176	0
3	2114	403.154715832623	0
3	2120	404.807539112534	0
3	2130	408.719205495724	3.812930133651
3	2136	409.540252008372	1.345699974795
3	2140	410.882490194691	2.389194187224
3	2144	410.971272619695	1.764720997905
3	2150	413.443298846729	1.852942543327
3	2156	414.653164471059	0
3	2162	415.069104825192	0
3	2168	415.857815089261	0.187494419917
3	2176	417.515922190946	0.573717973046
3	2180	417.749135074109	0.702204420857
3	2186	419.546005583305	0
3	2192	420.508170880174	0
3	2198	421.043367322997	0
3	2206	422.103392520535	0.936279062285
3	2218	424.368104156948	3.189840906679
3	2224	424.966558331034	2.81883630092
3	2228	425.844283456521	2.921052494371
3	2242	429.262290638649	5.126093215619
3	2250	430.016614639746	5.831041768984
3	2254	430.28074789753	5.664567684559
3	2258	430.546089881914	3.540552043218
3	2262	430.554372521942	3.319982067739
3	2270	433.293152040259	5.96519760947
3	2274	433.323167126184	4.827802476034
3	2278	433.73596824748	4.908673799074
3	2282	434.703577950071	5.388407939765
3	2286	434.958774115824	5.522393459511
3	2296	436.15611056693	3.932479215925
3	2304	439.716574661102	6.905209008669
3	2308	439.875349894482	4.518662266494
3	2314	441.549210973643	5.969715920096
3	2318	441.728044747915	5.587691610617
3	2322	442.142239196792	5.939684875899
3	2326	443.196588763626	3.556111750254
3	2330	443.257732568122	2.619985669244
3	2336	444.118919586899	0
3	2342	446.000510487857	0
3	2348	447.78976703878	0
3	2354	449.170562793105	0.696198089422
3	2360	450.102327595285	0
3	2366	452.001538040953	0.379469870528
3	2372	452.281074062696	0
3	2382	453.833799497084	1.18620805786
3	2390	457.042384999508	4.225699514135
3	2396	458.335775085084	5.120890445109
3	2400	458.416640687739	2.551991140783
3	2406	458.844644678704	2.889344062123
3	2410	459.01523780544	1.66893965532
3	2414	459.077425605766	0.506224216013
3	2422	460.393454030531	0.60287228687
3	2426	461.038464599369	1.118144711723
3	2432	464.443743118445	0
3	2444	466.646658554104	2.110049765052
3	2452	468.902114614112	4.329783708488
3	2458	469.683577701416	4.547228972933
3	2462	470.688322280228	4.42932591197
3	2468	471.92271092898	3.134147153598
3	2476	474.626220413352	5.810262344141
3	2482	476.511160597448	6.969023861667
3	2488	477.517677293761	5.975668421537
3	2492	477.603233384085	5.635027974819
3	2496	478.825184082865	6.45842696444
3	2500	480.154292128213	3.757752638234
3	2508	480.779171633039	3.406808051205
3	2512	482.978444401228	2.393896773224
3	2518	483.844981369415	3.104902934657
3	2522	484.118365563902	0.666341854692
3	2528	484.891343335992	0
3	2534	485.434169759363	0
3	2540	486.037389904809	0
3	2548	487.768366096804	1.533857246788
3	2552	487.822411968314	1.560053765508
3	2558	489.528994270803	0
3	2564	490.776771199102	0
3	2572	491.388226210248	0.289305844079
3	2576	491.608353102275	0.3279993113
3	2582	493.524736896008	1.41521813386
3	2588	493.985355826284	0
3	2594	496.431115730251	0
3	2600	497.097409069145	0
3	2606	498.582759965443	0
3	2612	499.524074172734	0
3	2618	500.64894298811	0.387387769221
3	2624	501.497647846077	0.098750367626
3	2630	504.657611433062	0
3	2642	508.091779654377	1.650267292601
3	2646	508.094406857241	1.071698428691
3	2650	508.117293333939	0.477731390077
3	2656	508.461585331836	0.50350322483
3	2678	512.334564353224	4.109562486151
3	2694	516.574738103882	7.109392686435
3	2698	517.124972248147	7.64263174429
3	2706	518.42270085332	8.333767678962
3	2714	518.996204082341	8.732559550119
3	2718	520.277053080652	9.159026338499
3	2726	520.535254767428	8.671899123239
3	2732	521.80998328918	9.874261986053
3	2736	522.403731247611	10.303293890832
3	2740	523.037011768057	10.76783757734
3	2744	523.763853320018	10.510944391825
3	2752	526.646446456925	13.129969736325
3	2766	528.609661323203	14.249173065627
3	2770	528.733623425095	12.654847444518
3	2774	529.651049042989	13.297329456441
3	2778	530.228309339272	13.77647327114
3	2782	530.955018970102	13.373430722616
3	2788	532.217954350902	14.551928313471
3	2792	534.424522924589	15.986948013123
3	2800	537.265422910514	18.389245879865
3	2808	538.268859754763	17.948437999234
3	2818	541.004100081375	20.530234638633
3	2822	542.108781142462	21.491421921972
3	2830	542.962693485319	18.388024895156
3	2834	543.086783667204	17.427894154879
3	2842	544.68188312188	17.959441705926
3	2850	546.279735757426	19.446886191806
3	2854	547.417965024143	20.168500443502
3	2858	547.805010414446	20.530067912642
3	2862	547.902918334736	19.317757161642
3	2866	548.983998522126	17.972271847627
3	2870	550.266186218611	14.83402103751
3	2878	550.965111376088	14.636959932006
3	2882	550.987911789472	13.15577948697
3	2892	553.359813518187	15.236302424614
3	2896	553.739617774783	14.780325079665
3	2902	555.501438083057	16.075437659413
3	2906	555.623850495392	15.516032023557
3	2912	556.143702552699	13.979653072039
3	2916	558.756834293145	15.911714679693
3	2920	559.16108099239	15.983334160157
3	2924	560.09474164807	16.755200666198
3	2928	560.238549906617	14.920275566873
3	2932	560.700855721528	14.719175440315
3	2936	560.744154152222	10.409009531448
3	2942	561.565311517882	10.778960776937
3	2950	562.071517865657	10.365806825955
3	2954	562.925585599244	9.876587878548
3	2958	565.136117352692	12.033830617075
3	2968	568.315461143939	14.339086989191
3	2974	568.714630356037	12.851939949094
3	2978	569.024035792527	7.670256556428
3	2982	569.190763608707	7.411372656961
3	2986	569.506931267692	7.468400924607
3	2990	569.725409582384	4.550877493283
3	2998	570.887260717428	3.801839811049
3	3002	572.187283471089	4.833061779393
3	3006	573.064958242664	4.377389590128
3	3012	573.112843757863	2.683816650621
3	3018	574.173900204541	3.5413038179
3	3024	574.945943293939	1.852607273604
3	3042	580.093989091509	6.437503316006
3	3050	580.573723059995	6.307075502113
3	3054	581.419056837117	6.266726249749
3	3058	581.661114253098	6.10781319904
3	3062	581.94874885375	6.351674298347
3	3066	582.01437206067	6.089505074782
3	3070	582.019781706604	5.656883074855
3	3076	582.661620286234	3.650974551044
3	3084	584.162511036457	4.848551035872
3	3088	585.312256935734	5.210228306625
3	3092	587.03148689449	6.789358092013
3	3102	587.983390923691	5.458819257628
3	3106	588.342010485154	4.88367926484
3	3110	589.350407385233	5.404250798493
3	3116	590.608728457736	3.307499957066
3	3122	591.172050198588	3.82249090915
3	3126	591.316755468053	3.757296443178
3	3130	591.420050635034	1.019808371997
3	3134	591.611157483631	0.649985138402
3	3140	595.369645755995	0
3	3146	596.792435962119	0
3	3152	597.869742846289	0
4	3158	600	0.67286716803509
5	552	100.200872436038	3
5	552	100.200872436038	3
5	555	101.15876524881	4
5	557	101.900237827149	5
5	559	102.010465326358	6
5	561	102.051490303254	7
5	563	103.719735223789	8
5	565	104.136553575211	9
5	567	104.558521720152	10
5	570	104.926168314585	9
5	570	104.926168314585	9
5	574	105.498494840928	8
5	574	105.498494840928	8
5	578	106.315996493245	7
5	578	106.315996493245	7
5	581	106.745317704723	8
5	584	107.400384487815	7
5	584	107.400384487815	7
5	587	107.615657941334	8
5	590	107.789949575922	7
5	590	107.789949575922	7
5	594	107.814766434121	6
5	594	107.814766434121	6
5	597	108.120105277263	7
5	599	109.451804235647	8
5	602	109.575938587682	7
5	602	109.575938587682	7
5	605	109.807597099613	8
5	607	109.95530957343	9
5	609	110.099359158543	10
5	611	111.009412520224	11
5	614	111.169527673583	10
5	614	111.169527673583	10
5	618	111.480599846659	9
5	618	111.480599846659	9
5	621	113.10282301553	10
5	624	113.856514421265	9
5	624	113.856514421265	9
5	628	114.077064228897	8
5	628	114.077064228897	8
5	632	114.274791466441	7
5	632	114.274791466441	7
5	636	114.365920267361	6
5	636	114.365920267361	6
5	639	114.743814173962	7
5	642	115.894961704984	6
5	642	115.894961704984	6
5	646	116.83144576152	5
5	646	116.83144576152	5
5	649	116.969276194418	6
5	651	117.016186134723	7
5	653	117.414647891667	8
5	655	118.320918958849	9
5	657	118.349509348261	10
5	660	118.517429085156	9
5	660	118.517429085156	9
5	663	119.562848117137	10
5	666	119.942624977135	9
5	666	119.942624977135	9
5	670	120.960911384322	8
5	670	120.960911384322	8
5	674	122.502718028392	7
5	674	122.502718028392	7
5	677	122.628518778029	8
5	680	123.333818947093	7
5	680	123.333818947093	7
5	683	124.155338282411	8
5	685	124.911331374772	9
5	688	125.736174829433	8
5	688	125.736174829433	8
5	692	125.779847237668	7
5	692	125.779847237668	7
5	696	126.113371524592	6
5	696	126.113371524592	6
5	699	126.153412013739	7
5	701	126.811024235283	8
5	703	126.826113366183	9
5	706	127.810916835108	8
5	706	127.810916835108	8
5	710	128.609516059274	7
5	710	128.609516059274	7
5	714	128.901350004219	6
5	714	128.901350004219	6
5	718	129.737898304637	5
5	718	129.737898304637	5
5	722	131.900581764683	4
5	722	131.900581764683	4
5	726	132.020399995525	3
5	726	132.020399995525	3
5	729	132.176711203395	4
5	731	132.248027747711	5
5	734	132.443022708651	4
5	734	132.443022708651	4
5	737	132.613262586037	5
5	740	133.298040138799	4
5	740	133.298040138799	4
5	743	133.943643450678	5
5	746	133.962571226238	4
5	746	133.962571226238	4
5	750	134.321279807449	3
5	750	134.321279807449	3
5	754	134.368868167665	2
5	754	134.368868167665	2
5	758	134.409477224651	1
5	758	134.409477224651	1
5	761	134.420729004293	2
5	764	134.896440828262	1
5	764	134.896440828262	1
5	767	135.52604500998	2
5	769	135.672094709404	3
5	772	136.457457226643	2
5	772	136.457457226643	2
5	776	136.46913094425	1
5	776	136.46913094425	1
5	780	136.540578388959	0
5	782	138.302709747853	1
5	782	138.302709747853	1
5	785	138.658983260615	2
5	787	139.053757088499	3
5	789	139.415067613977	4
5	791	139.633789818848	5
5	794	141.220426050853	4
5	794	141.220426050853	4
5	798	141.289752512096	3
5	798	141.289752512096	3
5	802	141.321101181757	2
5	802	141.321101181757	2
5	805	141.512274107372	3
5	808	142.831752909641	2
5	808	142.831752909641	2
5	812	143.343826768892	1
5	812	143.343826768892	1
5	815	143.415307289882	2
5	817	143.725636405717	3
5	820	144.583050849647	2
5	820	144.583050849647	2
5	824	145.324909799576	1
5	824	145.324909799576	1
5	828	145.369511501346	0
5	830	145.820196948969	1
5	830	145.820196948969	1
5	833	146.143983991961	2
5	836	146.527140478852	1
5	836	146.527140478852	1
5	840	146.759532935057	0
5	842	148.244901196967	1
5	842	148.244901196967	1
5	845	148.971656799647	2
5	848	149.558519160604	1
5	848	149.558519160604	1
5	851	150.045155496556	2
5	854	150.593579413197	1
5	854	150.593579413197	1
5	858	152.126815887476	0
5	860	154.021223406944	1
5	860	154.021223406944	1
5	863	154.503148384696	2
5	866	154.581101293327	1
5	866	154.581101293327	1
5	869	154.783026996798	2
5	872	155.575954154618	1
5	872	155.575954154618	1
5	876	156.01201022878	0
5	878	159.017693229781	1
5	878	159.017693229781	1
5	881	159.990629912724	2
5	884	162.089110341943	1
5	884	162.089110341943	1
5	888	163.046827758095	0
5	890	164.3904512766	1
5	890	164.3904512766	1
5	894	165.064981700037	0
5	896	168.199810701282	1
5	896	168.199810701282	1
5	900	168.496039544105	0
5	902	169.543056259466	1
5	902	169.543056259466	1
5	905	169.564590054439	2
5	908	169.813385140489	1
5	908	169.813385140489	1
5	912	170.550726466035	0
5	914	170.608371716901	1
5	914	170.608371716901	1
5	917	170.924175635335	2
5	919	171.076650669867	3
5	922	171.71731615537	2
5	922	171.71731615537	2
5	925	171.954296932653	3
5	928	172.173434445719	2
5	928	172.173434445719	2
5	932	172.396694882461	1
5	932	172.396694882461	1
5	935	172.482597789699	2
5	938	173.429482941186	1
5	938	173.429482941186	1
5	941	174.082540757937	2
5	944	175.710077723967	1
5	944	175.710077723967	1
5	948	176.439492267945	0
5	950	177.075474974423	1
5	950	177.075474974423	1
5	953	177.104907895596	2
5	955	177.430287615346	3
5	957	177.667073919169	4
5	959	178.007541632468	5
5	962	179.205977486026	4
5	962	179.205977486026	4
5	966	179.359510691989	3
5	966	179.359510691989	3
5	970	179.751070505006	2
5	970	179.751070505006	2
5	973	179.918548861987	3
5	975	181.217990446756	4
5	977	181.530943813843	5
5	980	182.777247674772	4
5	980	182.777247674772	4
5	983	182.863663743578	5
5	986	183.217593345541	4
5	986	183.217593345541	4
5	990	183.26777051222	3
5	990	183.26777051222	3
5	994	183.50422394204	2
5	994	183.50422394204	2
5	998	183.776204160894	1
5	998	183.776204160894	1
5	1001	184.580980085252	2
5	1004	184.846157738569	1
5	1004	184.846157738569	1
5	1007	186.93947316375	2
5	1010	187.297029981631	1
5	1010	187.297029981631	1
5	1014	187.558485599781	0
5	1016	190.609444364334	1
5	1016	190.609444364334	1
5	1020	190.668592732678	0
5	1022	191.783358330983	1
5	1022	191.783358330983	1
5	1026	192.126413959733	0
5	1028	192.170779249312	1
5	1028	192.170779249312	1
5	1031	192.238065412815	2
5	1034	192.758118697716	1
5	1034	192.758118697716	1
5	1038	192.766071250754	0
5	1040	194.436211917088	1
5	1040	194.436211917088	1
5	1043	194.621655859353	2
5	1045	194.967156937419	3
5	1047	195.252872061577	4
5	1050	195.913282392621	3
5	1050	195.913282392621	3
5	1053	196.126850616806	4
5	1055	196.446646216639	5
5	1058	197.108809791646	4
5	1058	197.108809791646	4
5	1061	198.385714814068	5
5	1064	198.971065245866	4
5	1064	198.971065245866	4
5	1067	199.252567989964	5
5	1070	199.668652038033	4
5	1070	199.668652038033	4
5	1073	200.022044607154	5
5	1075	200.195771169802	6
5	1078	200.331637488316	5
5	1078	200.331637488316	5
5	1082	201.514667315204	4
5	1082	201.514667315204	4
5	1085	202.788036101576	5
5	1087	203.096581494988	6
5	1089	203.40082043484	7
5	1092	203.982933851321	6
5	1092	203.982933851321	6
5	1096	204.001879075091	5
5	1096	204.001879075091	5
5	1099	204.012562816499	6
5	1102	205.014910394938	5
5	1102	205.014910394938	5
5	1106	205.145461361891	4
5	1106	205.145461361891	4
5	1109	205.233057778453	5
5	1112	205.460944191755	4
5	1112	205.460944191755	4
5	1116	205.475353970887	3
5	1116	205.475353970887	3
5	1120	206.022638356493	2
5	1120	206.022638356493	2
5	1124	206.124815494228	1
5	1124	206.124815494228	1
5	1128	206.721698872839	0
5	1130	208.609942033931	1
5	1130	208.609942033931	1
5	1134	208.86105789821	0
5	1136	209.206939781285	1
5	1136	209.206939781285	1
5	1139	209.34824199349	2
5	1142	209.363270124541	1
5	1142	209.363270124541	1
5	1145	209.603490709573	2
5	1148	210.728572216846	1
5	1148	210.728572216846	1
5	1151	211.106870893662	2
5	1153	211.775926816587	3
5	1155	212.416161382013	4
5	1157	212.548694906305	5
5	1160	212.63841148554	4
5	1160	212.63841148554	4
5	1163	212.880655667436	5
5	1166	212.880895446468	4
5	1166	212.880895446468	4
5	1169	212.993079554562	5
5	1171	213.063089276777	6
5	1173	213.071807964441	7
5	1175	213.227234619783	8
5	1177	214.356785400766	9
5	1180	215.54363659173	8
5	1180	215.54363659173	8
5	1184	216.578323909594	7
5	1184	216.578323909594	7
5	1187	217.756983302392	8
5	1190	218.124079152455	7
5	1190	218.124079152455	7
5	1194	218.511603679314	6
5	1194	218.511603679314	6
5	1197	219.011225146109	7
5	1200	219.374717366988	6
5	1200	219.374717366988	6
5	1203	219.630782914214	7
5	1205	220.449982416741	8
5	1208	220.909642664196	7
5	1208	220.909642664196	7
5	1212	221.741489951952	6
5	1212	221.741489951952	6
5	1215	222.34760732387	7
5	1218	222.782293810745	6
5	1218	222.782293810745	6
5	1222	222.980305377803	5
5	1222	222.980305377803	5
5	1226	223.096988980636	4
5	1226	223.096988980636	4
5	1229	224.081471742088	5
5	1232	224.392613019873	4
5	1232	224.392613019873	4
5	1236	224.727683162847	3
5	1236	224.727683162847	3
5	1239	224.742258140055	4
5	1242	225.534378269465	3
5	1242	225.534378269465	3
5	1245	226.768296156027	4
5	1247	227.69709088954	5
5	1250	227.978901873963	4
5	1250	227.978901873963	4
5	1254	228.068025609719	3
5	1254	228.068025609719	3
5	1258	228.719951786514	2
5	1258	228.719951786514	2
5	1261	230.532068770739	3
5	1263	230.661822589209	4
5	1266	231.138533724109	3
5	1266	231.138533724109	3
5	1269	231.344641530569	4
5	1272	232.349164465592	3
5	1272	232.349164465592	3
5	1276	233.05315479504	2
5	1276	233.05315479504	2
5	1280	233.094489718976	1
5	1280	233.094489718976	1
5	1284	233.206099739446	0
5	1286	234.493959131259	1
5	1286	234.493959131259	1
5	1289	234.619005271647	2
5	1291	236.169387619391	3
5	1293	236.245828607878	4
5	1295	236.292771506523	5
5	1298	236.630864759814	4
5	1298	236.630864759814	4
5	1301	236.923645914578	5
5	1304	237.231547899446	4
5	1304	237.231547899446	4
5	1307	238.21811550787	5
5	1309	238.489598169048	6
5	1312	238.924834024159	5
5	1312	238.924834024159	5
5	1316	239.065933668908	4
5	1316	239.065933668908	4
5	1319	239.087277584512	5
5	1322	239.276604229206	4
5	1322	239.276604229206	4
5	1325	241.028878593501	5
5	1328	241.130732336347	4
5	1328	241.130732336347	4
5	1332	241.244176909372	3
5	1332	241.244176909372	3
5	1336	241.498401218981	2
5	1336	241.498401218981	2
5	1340	241.83810469589	1
5	1340	241.83810469589	1
5	1343	241.915891957892	2
5	1345	242.184932944679	3
5	1348	242.662541831478	2
5	1348	242.662541831478	2
5	1352	243.286661613046	1
5	1352	243.286661613046	1
5	1355	244.110716309169	2
5	1357	244.53428262818	3
5	1360	245.61954335025	2
5	1360	245.61954335025	2
5	1363	245.621526895006	3
5	1365	247.360931777378	4
5	1368	248.017474534327	3
5	1368	248.017474534327	3
5	1371	249.054975284981	4
5	1374	249.215330559014	3
5	1374	249.215330559014	3
5	1378	249.752574199245	2
5	1378	249.752574199245	2
5	1382	249.903284830723	1
5	1382	249.903284830723	1
5	1386	250.183125418598	0
5	1388	250.400635945606	1
5	1388	250.400635945606	1
5	1392	251.193338159467	0
5	1394	251.441554477059	1
5	1394	251.441554477059	1
5	1397	253.539404976772	2
5	1400	254.029946470722	1
5	1400	254.029946470722	1
5	1404	254.920578638221	0
5	1406	256.370783038359	1
5	1406	256.370783038359	1
5	1410	256.981330869778	0
5	1412	257.564648925026	1
5	1412	257.564648925026	1
5	1415	257.894348576765	2
5	1417	258.250824499092	3
5	1420	258.403728485544	2
5	1420	258.403728485544	2
5	1423	258.869681742264	3
5	1425	259.202895865504	4
5	1428	259.412896847178	3
5	1428	259.412896847178	3
5	1432	259.496489293664	2
5	1432	259.496489293664	2
5	1436	259.861178045335	1
5	1436	259.861178045335	1
5	1439	260.620605474318	2
5	1441	261.867001785645	3
5	1443	262.153857102164	4
5	1446	262.577869840293	3
5	1446	262.577869840293	3
5	1450	262.59143620649	2
5	1450	262.59143620649	2
5	1453	262.930698156597	3
5	1455	263.531820713594	4
5	1458	264.359786330614	3
5	1458	264.359786330614	3
5	1462	264.427919363073	2
5	1462	264.427919363073	2
5	1465	264.796594345391	3
5	1467	265.609868568851	4
5	1469	265.750409805568	5
5	1471	266.287393119659	6
5	1474	266.836990217046	5
5	1474	266.836990217046	5
5	1478	267.103921850267	4
5	1478	267.103921850267	4
5	1481	268.30139957054	5
5	1483	269.213596293541	6
5	1486	270.065636406181	5
5	1486	270.065636406181	5
5	1489	270.151265442329	6
5	1491	270.155834450635	7
5	1494	270.307172317834	6
5	1494	270.307172317834	6
5	1498	270.341259008798	5
5	1498	270.341259008798	5
5	1501	270.34384386373	6
5	1503	270.928847165487	7
5	1505	271.324398007673	8
5	1508	271.348650868696	7
5	1508	271.348650868696	7
5	1511	271.998699029971	8
5	1513	272.713062019294	9
5	1516	273.602893427193	8
5	1516	273.602893427193	8
5	1519	273.870755556169	9
5	1522	274.746777762492	8
5	1522	274.746777762492	8
5	1526	276.152831811992	7
5	1526	276.152831811992	7
5	1529	276.391022348262	8
5	1532	276.418047365303	7
5	1532	276.418047365303	7
5	1536	276.717858814103	6
5	1536	276.717858814103	6
5	1540	277.142979563175	5
5	1540	277.142979563175	5
5	1543	278.282106628971	6
5	1546	278.601428548034	5
5	1546	278.601428548034	5
5	1550	278.906824366245	4
5	1550	278.906824366245	4
5	1553	279.331927250395	5
5	1556	279.40583233088	4
5	1556	279.40583233088	4
5	1559	280.445880574774	5
5	1562	280.698074232166	4
5	1562	280.698074232166	4
5	1566	281.526978464893	3
5	1566	281.526978464893	3
5	1569	281.566135245919	4
5	1572	282.230296467143	3
5	1572	282.230296467143	3
5	1575	282.559788929596	4
5	1577	283.099440918587	5
5	1580	283.568113166497	4
5	1580	283.568113166497	4
5	1584	284.574493638501	3
5	1584	284.574493638501	3
5	1587	285.103412506039	4
5	1590	286.172253566352	3
5	1590	286.172253566352	3
5	1594	286.999393718512	2
5	1594	286.999393718512	2
5	1597	287.329133189137	3
5	1600	288.054066933967	2
5	1600	288.054066933967	2
5	1604	288.191714235871	1
5	1604	288.191714235871	1
5	1608	288.374268556798	0
5	1610	290.528102506837	1
5	1610	290.528102506837	1
5	1613	290.63032015919	2
5	1616	290.8480424174	1
5	1616	290.8480424174	1
5	1620	290.918432473513	0
5	1622	291.875022842777	1
5	1622	291.875022842777	1
5	1625	292.358391946724	2
5	1627	292.774122680026	3
5	1629	292.96813449619	4
5	1632	293.016093218312	3
5	1632	293.016093218312	3
5	1636	293.444839100709	2
5	1636	293.444839100709	2
5	1639	295.396673418747	3
5	1642	295.439317502759	2
5	1642	295.439317502759	2
5	1645	295.595298688346	3
5	1647	296.077747518622	4
5	1649	296.564072287631	5
5	1651	297.024266853314	6
5	1654	297.077475543576	5
5	1654	297.077475543576	5
5	1658	297.38115097305	4
5	1658	297.38115097305	4
5	1661	298.150472996142	5
5	1664	298.294527312831	4
5	1664	298.294527312831	4
5	1668	298.563115969122	3
5	1668	298.563115969122	3
5	1672	300.456923724314	2
5	1672	300.456923724314	2
5	1676	301.34778128675	1
5	1676	301.34778128675	1
5	1679	301.667537015814	2
5	1682	302.192888846075	1
5	1682	302.192888846075	1
5	1686	302.203446270755	0
5	1688	308.0600314396	1
5	1688	308.0600314396	1
5	1691	308.119323174353	2
5	1693	308.417620690389	3
5	1696	308.870271176071	2
5	1696	308.870271176071	2
5	1700	309.272222612181	1
5	1700	309.272222612181	1
5	1704	311.201246432028	0
5	1706	313.466818394333	1
5	1706	313.466818394333	1
5	1710	313.811103104328	0
5	1712	315.242350188907	1
5	1712	315.242350188907	1
5	1715	315.887401848036	2
5	1718	315.903626010789	1
5	1718	315.903626010789	1
5	1721	315.958656511354	2
5	1723	316.380068945594	3
5	1726	316.438635477382	2
5	1726	316.438635477382	2
5	1729	317.013227239297	3
5	1731	317.064819499615	4
5	1734	318.21365168083	3
5	1734	318.21365168083	3
5	1737	318.540050730387	4
5	1740	318.716297172434	3
5	1740	318.716297172434	3
5	1743	318.899626638592	4
5	1746	319.302545635935	3
5	1746	319.302545635935	3
5	1750	319.473222845293	2
5	1750	319.473222845293	2
5	1754	319.858434605348	1
5	1754	319.858434605348	1
5	1758	320.055718345789	0
5	1760	320.33420496044	1
5	1760	320.33420496044	1
5	1763	320.51626955268	2
5	1766	322.272451128612	1
5	1766	322.272451128612	1
5	1770	322.554089533717	0
5	1772	325.127063594251	1
5	1772	325.127063594251	1
5	1775	325.460704909515	2
5	1778	325.900538987731	1
5	1778	325.900538987731	1
5	1782	326.170352933349	0
5	1784	326.492609142404	1
5	1784	326.492609142404	1
5	1788	326.544353837039	0
5	1790	329.238194587219	1
5	1790	329.238194587219	1
5	1793	330.371186317226	2
5	1795	330.983319673179	3
5	1798	332.578097847743	2
5	1798	332.578097847743	2
5	1802	333.084294165871	1
5	1802	333.084294165871	1
5	1806	333.524175633005	0
5	1808	333.640816940626	1
5	1808	333.640816940626	1
5	1811	333.695974247788	2
5	1814	333.762289266	1
5	1814	333.762289266	1
5	1817	333.789185535342	2
5	1820	334.306238046268	1
5	1820	334.306238046268	1
5	1823	334.448168064638	2
5	1826	334.508162364951	1
5	1826	334.508162364951	1
5	1830	335.536403897325	0
5	1832	337.258832028707	1
5	1832	337.258832028707	1
5	1835	337.551157331921	2
5	1838	338.733510744851	1
5	1838	338.733510744851	1
5	1841	339.785789707726	2
5	1844	340.165923630023	1
5	1844	340.165923630023	1
5	1848	340.233149815213	0
5	1850	341.590964458	1
5	1850	341.590964458	1
5	1853	341.80144614564	2
5	1855	342.213412898448	3
5	1858	342.564544242181	2
5	1858	342.564544242181	2
5	1861	342.923466139033	3
5	1864	343.123855267139	2
5	1864	343.123855267139	2
5	1867	343.945896067391	3
5	1869	344.565257342141	4
5	1872	345.084793614377	3
5	1872	345.084793614377	3
5	1875	345.671360224974	4
5	1878	347.382721859155	3
5	1878	347.382721859155	3
5	1882	347.572474069346	2
5	1882	347.572474069346	2
5	1885	347.587333116364	3
5	1887	347.915438255698	4
5	1890	348.25974275198	3
5	1890	348.25974275198	3
5	1894	348.488473800382	2
5	1894	348.488473800382	2
5	1897	348.876152638092	3
5	1900	349.093449371547	2
5	1900	349.093449371547	2
5	1904	349.392221613658	1
5	1904	349.392221613658	1
5	1908	349.587029984186	0
5	1910	350.353941612975	1
5	1910	350.353941612975	1
5	1914	350.838666366921	0
5	1916	351.413479519902	1
5	1916	351.413479519902	1
5	1920	351.786703213238	0
5	1922	352.355793418189	1
5	1922	352.355793418189	1
5	1926	353.825295262365	0
5	1928	354.578363671402	1
5	1928	354.578363671402	1
5	1932	354.578882969888	0
5	1934	357.421465170992	1
5	1934	357.421465170992	1
5	1937	358.360505892222	2
5	1940	358.8133515496	1
5	1940	358.8133515496	1
5	1943	359.663389929794	2
5	1945	360.211084449139	3
5	1947	360.785374886359	4
5	1950	361.028377788549	3
5	1950	361.028377788549	3
5	1953	362.026584892763	4
5	1956	362.026687297188	3
5	1956	362.026687297188	3
5	1960	363.888516363659	2
5	1960	363.888516363659	2
5	1964	366.708317780602	1
5	1964	366.708317780602	1
5	1968	367.107360718461	0
5	1970	368.985942422182	1
5	1970	368.985942422182	1
5	1973	369.1534310324	2
5	1976	370.378387492681	1
5	1976	370.378387492681	1
5	1980	370.76736779142	0
5	1982	372.215104455094	1
5	1982	372.215104455094	1
5	1985	372.258471529461	2
5	1987	372.286529478361	3
5	1990	372.460796429237	2
5	1990	372.460796429237	2
5	1994	372.65656654728	1
5	1994	372.65656654728	1
5	1998	373.526457965203	0
5	2000	373.81546630876	1
5	2000	373.81546630876	1
5	2004	373.827810869268	0
5	2006	374.215769943384	1
5	2006	374.215769943384	1
5	2010	374.940206370243	0
5	2012	378.81706830273	1
5	2012	378.81706830273	1
5	2015	381.977184011256	2
5	2018	382.912430851906	1
5	2018	382.912430851906	1
5	2021	383.565292749285	2
5	2024	383.875470042912	1
5	2024	383.875470042912	1
5	2028	384.095236743218	0
5	2030	384.638616731215	1
5	2030	384.638616731215	1
5	2034	386.296386144801	0
5	2036	388.455638180837	1
5	2036	388.455638180837	1
5	2039	389.391748472482	2
5	2041	389.655535116403	3
5	2043	389.663521182374	4
5	2046	389.701824082588	3
5	2046	389.701824082588	3
5	2049	389.821084974153	4
5	2052	390.978426077517	3
5	2052	390.978426077517	3
5	2055	391.408280017141	4
5	2058	392.150025765293	3
5	2058	392.150025765293	3
5	2061	392.232546388124	4
5	2064	393.632366056408	3
5	2064	393.632366056408	3
5	2068	393.92689978214	2
5	2068	393.92689978214	2
5	2071	394.103016934152	3
5	2073	394.197113942248	4
5	2075	395.417232989423	5
5	2078	395.506056128515	4
5	2078	395.506056128515	4
5	2082	397.00555584355	3
5	2082	397.00555584355	3
5	2085	397.199693019779	4
5	2088	397.27886418646	3
5	2088	397.27886418646	3
5	2092	397.556856441455	2
5	2092	397.556856441455	2
5	2096	398.116810621986	1
5	2096	398.116810621986	1
5	2100	398.419883823849	0
5	2102	398.481431100111	1
5	2102	398.481431100111	1
5	2106	398.694055439184	0
5	2108	400.431522203176	1
5	2108	400.431522203176	1
5	2112	401.060062102594	0
5	2114	403.154715832623	1
5	2114	403.154715832623	1
5	2118	403.451302684857	0
5	2120	404.807539112534	1
5	2120	404.807539112534	1
5	2123	404.906275362073	2
5	2125	408.194552033577	3
5	2127	408.493296007467	4
5	2130	408.719205495724	3
5	2130	408.719205495724	3
5	2133	409.20655162179	4
5	2136	409.540252008372	3
5	2136	409.540252008372	3
5	2140	410.882490194691	2
5	2140	410.882490194691	2
5	2144	410.971272619695	1
5	2144	410.971272619695	1
5	2147	411.590356303402	2
5	2150	413.443298846729	1
5	2150	413.443298846729	1
5	2154	414.349538223132	0
5	2156	414.653164471059	1
5	2156	414.653164471059	1
5	2160	414.755150897476	0
5	2162	415.069104825192	1
5	2162	415.069104825192	1
5	2165	415.670320669344	2
5	2168	415.857815089261	1
5	2168	415.857815089261	1
5	2171	416.9422042179	2
5	2173	417.046930653252	3
5	2176	417.515922190946	2
5	2176	417.515922190946	2
5	2180	417.749135074109	1
5	2180	417.749135074109	1
5	2184	418.956373404533	0
5	2186	419.546005583305	1
5	2186	419.546005583305	1
5	2190	419.716516731865	0
5	2192	420.508170880174	1
5	2192	420.508170880174	1
5	2196	420.559780261769	0
5	2198	421.043367322997	1
5	2198	421.043367322997	1
5	2201	421.16711345825	2
5	2203	421.178263250269	3
5	2206	422.103392520535	2
5	2206	422.103392520535	2
5	2209	422.147722030114	3
5	2211	422.92323096215	4
5	2213	424.13619742303	5
5	2215	424.185572870762	6
5	2218	424.368104156948	5
5	2218	424.368104156948	5
5	2221	424.616180212971	6
5	2224	424.966558331034	5
5	2224	424.966558331034	5
5	2228	425.844283456521	4
5	2228	425.844283456521	4
5	2231	427.005537838696	5
5	2233	427.234390454203	6
5	2235	427.327954430789	7
5	2237	428.49536465015	8
5	2239	428.827294448406	9
5	2242	429.262290638649	8
5	2242	429.262290638649	8
5	2245	429.315170010306	9
5	2247	429.436380656313	10
5	2250	430.016614639746	9
5	2250	430.016614639746	9
5	2254	430.28074789753	8
5	2254	430.28074789753	8
5	2258	430.546089881914	7
5	2258	430.546089881914	7
5	2262	430.554372521942	6
5	2262	430.554372521942	6
5	2265	432.223631351005	7
5	2267	432.811365652433	8
5	2270	433.293152040259	7
5	2270	433.293152040259	7
5	2274	433.323167126184	6
5	2274	433.323167126184	6
5	2278	433.73596824748	5
5	2278	433.73596824748	5
5	2282	434.703577950071	4
5	2282	434.703577950071	4
5	2286	434.958774115824	3
5	2286	434.958774115824	3
5	2289	435.356687627988	4
5	2291	435.579495053547	5
5	2293	436.140353137298	6
5	2296	436.15611056693	5
5	2296	436.15611056693	5
5	2299	436.202554320893	6
5	2301	439.640477013372	7
5	2304	439.716574661102	6
5	2304	439.716574661102	6
5	2308	439.875349894482	5
5	2308	439.875349894482	5
5	2311	440.637746898878	6
5	2314	441.549210973643	5
5	2314	441.549210973643	5
5	2318	441.728044747915	4
5	2318	441.728044747915	4
5	2322	442.142239196792	3
5	2322	442.142239196792	3
5	2326	443.196588763626	2
5	2326	443.196588763626	2
5	2330	443.257732568122	1
5	2330	443.257732568122	1
5	2334	443.320045755389	0
5	2336	444.118919586899	1
5	2336	444.118919586899	1
5	2340	444.17501056575	0
5	2342	446.000510487857	1
5	2342	446.000510487857	1
5	2346	446.455720195475	0
5	2348	447.78976703878	1
5	2348	447.78976703878	1
5	2351	448.474364703683	2
5	2354	449.170562793105	1
5	2354	449.170562793105	1
5	2358	449.520423208233	0
5	2360	450.102327595285	1
5	2360	450.102327595285	1
5	2363	451.622068170425	2
5	2366	452.001538040953	1
5	2366	452.001538040953	1
5	2370	452.092222825952	0
5	2372	452.281074062696	1
5	2372	452.281074062696	1
5	2375	452.647591439224	2
5	2377	452.816685485373	3
5	2379	453.214884639975	4
5	2382	453.833799497084	3
5	2382	453.833799497084	3
5	2385	455.864649546956	4
5	2387	455.955300616581	5
5	2390	457.042384999508	4
5	2390	457.042384999508	4
5	2393	457.34629815012	5
5	2396	458.335775085084	4
5	2396	458.335775085084	4
5	2400	458.416640687739	3
5	2400	458.416640687739	3
5	2403	458.571201389753	4
5	2406	458.844644678704	3
5	2406	458.844644678704	3
5	2410	459.01523780544	2
5	2410	459.01523780544	2
5	2414	459.077425605766	1
5	2414	459.077425605766	1
5	2417	459.790581743661	2
5	2419	459.920319887646	3
5	2422	460.393454030531	2
5	2422	460.393454030531	2
5	2426	461.038464599369	1
5	2426	461.038464599369	1
5	2430	461.111080429641	0
5	2432	464.443743118445	1
5	2432	464.443743118445	1
5	2435	464.536608789052	2
5	2437	464.572330905624	3
5	2439	465.136348728483	4
5	2441	466.258996368258	5
5	2444	466.646658554104	4
5	2444	466.646658554104	4
5	2447	468.788563775382	5
5	2449	468.815958069211	6
5	2452	468.902114614112	5
5	2452	468.902114614112	5
5	2455	469.542136735781	6
5	2458	469.683577701416	5
5	2458	469.683577701416	5
5	2462	470.688322280228	4
5	2462	470.688322280228	4
5	2465	471.542008872224	5
5	2468	471.92271092898	4
5	2468	471.92271092898	4
5	2471	471.968205409266	5
5	2473	472.366757118425	6
5	2476	474.626220413352	5
5	2476	474.626220413352	5
5	2479	476.396539489979	6
5	2482	476.511160597448	5
5	2482	476.511160597448	5
5	2485	477.372363581834	6
5	2488	477.517677293761	5
5	2488	477.517677293761	5
5	2492	477.603233384085	4
5	2492	477.603233384085	4
5	2496	478.825184082865	3
5	2496	478.825184082865	3
5	2500	480.154292128213	2
5	2500	480.154292128213	2
5	2503	480.584547628004	3
5	2505	480.740078434758	4
5	2508	480.779171633039	3
5	2508	480.779171633039	3
5	2512	482.978444401228	2
5	2512	482.978444401228	2
5	2515	483.45202370921	3
5	2518	483.844981369415	2
5	2518	483.844981369415	2
5	2522	484.118365563902	1
5	2522	484.118365563902	1
5	2526	484.285513367756	0
5	2528	484.891343335992	1
5	2528	484.891343335992	1
5	2532	485.282167881585	0
5	2534	485.434169759363	1
5	2534	485.434169759363	1
5	2538	485.621730611013	0
5	2540	486.037389904809	1
5	2540	486.037389904809	1
5	2543	486.234508850016	2
5	2545	486.262358202806	3
5	2548	487.768366096804	2
5	2548	487.768366096804	2
5	2552	487.822411968314	1
5	2552	487.822411968314	1
5	2556	487.830534204376	0
5	2558	489.528994270803	1
5	2558	489.528994270803	1
5	2562	489.613991239228	0
5	2564	490.776771199102	1
5	2564	490.776771199102	1
5	2567	491.098920366169	2
5	2569	491.280353790975	3
5	2572	491.388226210248	2
5	2572	491.388226210248	2
5	2576	491.608353102275	1
5	2576	491.608353102275	1
5	2579	492.109518762148	2
5	2582	493.524736896008	1
5	2582	493.524736896008	1
5	2586	493.955286038919	0
5	2588	493.985355826284	1
5	2588	493.985355826284	1
5	2592	494.190874952485	0
5	2594	496.431115730251	1
5	2594	496.431115730251	1
5	2598	496.762196646242	0
5	2600	497.097409069145	1
5	2600	497.097409069145	1
5	2604	497.127911273242	0
5	2606	498.582759965443	1
5	2606	498.582759965443	1
5	2610	498.921494554063	0
5	2612	499.524074172734	1
5	2612	499.524074172734	1
5	2615	500.261555218889	2
5	2618	500.64894298811	1
5	2618	500.64894298811	1
5	2621	501.398897478451	2
5	2624	501.497647846077	1
5	2624	501.497647846077	1
5	2628	502.503741695805	0
5	2630	504.657611433062	1
5	2630	504.657611433062	1
5	2633	506.441512361776	2
5	2635	507.02270842855	3
5	2637	507.639561943862	4
5	2639	507.958082107006	5
5	2642	508.091779654377	4
5	2642	508.091779654377	4
5	2646	508.094406857241	3
5	2646	508.094406857241	3
5	2650	508.117293333939	2
5	2650	508.117293333939	2
5	2653	508.225001867073	3
5	2656	508.461585331836	2
5	2656	508.461585331836	2
5	2659	509.465345417447	3
5	2661	509.482340503857	4
5	2663	510.088933174358	5
5	2665	510.263644532222	6
5	2667	511.118026742153	7
5	2669	511.863355644189	8
5	2671	511.935721303127	9
5	2673	512.100437356779	10
5	2675	512.269174190717	11
5	2678	512.334564353224	10
5	2678	512.334564353224	10
5	2681	513.252908928193	11
5	2683	513.5164767206	12
5	2685	514.360488257576	13
5	2687	516.078775980577	14
5	2689	516.353719586548	15
5	2691	516.451836068132	16
5	2694	516.574738103882	15
5	2694	516.574738103882	15
5	2698	517.124972248147	14
5	2698	517.124972248147	14
5	2701	517.581588247486	15
5	2703	517.666026037431	16
5	2706	518.42270085332	15
5	2706	518.42270085332	15
5	2709	518.437574911466	16
5	2711	518.876177030649	17
5	2714	518.996204082341	16
5	2714	518.996204082341	16
5	2718	520.277053080652	15
5	2718	520.277053080652	15
5	2721	520.320421755529	16
5	2723	520.473865442742	17
5	2726	520.535254767428	16
5	2726	520.535254767428	16
5	2729	520.61735922049	17
5	2732	521.80998328918	16
5	2732	521.80998328918	16
5	2736	522.403731247611	15
5	2736	522.403731247611	15
5	2740	523.037011768057	14
5	2740	523.037011768057	14
5	2744	523.763853320018	13
5	2744	523.763853320018	13
5	2747	524.574668590163	14
5	2749	525.658889512325	15
5	2752	526.646446456925	14
5	2752	526.646446456925	14
5	2755	526.722441415954	15
5	2757	526.83284956562	16
5	2759	527.249464580641	17
5	2761	527.274942501804	18
5	2763	528.585161173094	19
5	2766	528.609661323203	18
5	2766	528.609661323203	18
5	2770	528.733623425095	17
5	2770	528.733623425095	17
5	2774	529.651049042989	16
5	2774	529.651049042989	16
5	2778	530.228309339272	15
5	2778	530.228309339272	15
5	2782	530.955018970102	14
5	2782	530.955018970102	14
5	2785	531.011726674499	15
5	2788	532.217954350902	14
5	2788	532.217954350902	14
5	2792	534.424522924589	13
5	2792	534.424522924589	13
5	2795	535.432165181101	14
5	2797	536.328151444082	15
5	2800	537.265422910514	14
5	2800	537.265422910514	14
5	2803	537.832132302502	15
5	2805	538.123511093573	16
5	2808	538.268859754763	15
5	2808	538.268859754763	15
5	2811	538.959292695118	16
5	2813	539.426000423644	17
5	2815	540.107818471835	18
5	2818	541.004100081375	17
5	2818	541.004100081375	17
5	2822	542.108781142462	16
5	2822	542.108781142462	16
5	2825	542.16404948066	17
5	2827	542.845119613452	18
5	2830	542.962693485319	17
5	2830	542.962693485319	17
5	2834	543.086783667204	16
5	2834	543.086783667204	16
5	2837	543.177746832233	17
5	2839	543.339540981872	18
5	2842	544.68188312188	17
5	2842	544.68188312188	17
5	2845	545.318274339744	18
5	2847	545.981680281213	19
5	2850	546.279735757426	18
5	2850	546.279735757426	18
5	2854	547.417965024143	17
5	2854	547.417965024143	17
5	2858	547.805010414446	16
5	2858	547.805010414446	16
5	2862	547.902918334736	15
5	2862	547.902918334736	15
5	2866	548.983998522126	14
5	2866	548.983998522126	14
5	2870	550.266186218611	13
5	2870	550.266186218611	13
5	2873	550.335144620774	14
5	2875	550.786350740945	15
5	2878	550.965111376088	14
5	2878	550.965111376088	14
5	2882	550.987911789472	13
5	2882	550.987911789472	13
5	2885	551.705711039702	14
5	2887	553.048997720696	15
5	2889	553.102286735617	16
5	2892	553.359813518187	15
5	2892	553.359813518187	15
5	2896	553.739617774783	14
5	2896	553.739617774783	14
5	2899	553.976374154748	15
5	2902	555.501438083057	14
5	2902	555.501438083057	14
5	2906	555.623850495392	13
5	2906	555.623850495392	13
5	2909	555.862690406943	14
5	2912	556.143702552699	13
5	2912	556.143702552699	13
5	2916	558.756834293145	12
5	2916	558.756834293145	12
5	2920	559.16108099239	11
5	2920	559.16108099239	11
5	2924	560.09474164807	10
5	2924	560.09474164807	10
5	2928	560.238549906617	9
5	2928	560.238549906617	9
5	2932	560.700855721528	8
5	2932	560.700855721528	8
5	2936	560.744154152222	7
5	2936	560.744154152222	7
5	2939	561.353779236099	8
5	2942	561.565311517882	7
5	2942	561.565311517882	7
5	2945	561.779390951746	8
5	2947	562.038530343085	9
5	2950	562.071517865657	8
5	2950	562.071517865657	8
5	2954	562.925585599244	7
5	2954	562.925585599244	7
5	2958	565.136117352692	6
5	2958	565.136117352692	6
5	2961	565.174532089101	7
5	2963	567.085420906379	8
5	2965	567.354221691696	9
5	2968	568.315461143939	8
5	2968	568.315461143939	8
5	2971	568.687568652536	9
5	2974	568.714630356037	8
5	2974	568.714630356037	8
5	2978	569.024035792527	7
5	2978	569.024035792527	7
5	2982	569.190763608707	6
5	2982	569.190763608707	6
5	2986	569.506931267692	5
5	2986	569.506931267692	5
5	2990	569.725409582384	4
5	2990	569.725409582384	4
5	2993	570.429027107242	5
5	2995	570.632596386641	6
5	2998	570.887260717428	5
5	2998	570.887260717428	5
5	3002	572.187283471089	4
5	3002	572.187283471089	4
5	3006	573.064958242664	3
5	3006	573.064958242664	3
5	3009	573.093336020335	4
5	3012	573.112843757863	3
5	3012	573.112843757863	3
5	3015	573.656485775503	4
5	3018	574.173900204541	3
5	3018	574.173900204541	3
5	3021	574.266647557882	4
5	3024	574.945943293939	3
5	3024	574.945943293939	3
5	3027	575.152330587368	4
5	3029	575.553301054058	5
5	3031	575.597074555403	6
5	3033	575.924866985888	7
5	3035	576.362898631749	8
5	3037	579.01064573519	9
5	3039	579.313960000585	10
5	3042	580.093989091509	9
5	3042	580.093989091509	9
5	3045	580.102028629109	10
5	3047	580.242128802477	11
5	3050	580.573723059995	10
5	3050	580.573723059995	10
5	3054	581.419056837117	9
5	3054	581.419056837117	9
5	3058	581.661114253098	8
5	3058	581.661114253098	8
5	3062	581.94874885375	7
5	3062	581.94874885375	7
5	3066	582.01437206067	6
5	3066	582.01437206067	6
5	3070	582.019781706604	5
5	3070	582.019781706604	5
5	3073	582.524571666063	6
5	3076	582.661620286234	5
5	3076	582.661620286234	5
5	3079	583.458331220314	6
5	3081	583.94615658674	7
5	3084	584.162511036457	6
5	3084	584.162511036457	6
5	3088	585.312256935734	5
5	3088	585.312256935734	5
5	3092	587.03148689449	4
5	3092	587.03148689449	4
5	3095	587.30122850067	5
5	3097	587.349559289438	6
5	3099	587.559459024875	7
5	3102	587.983390923691	6
5	3102	587.983390923691	6
5	3106	588.342010485154	5
5	3106	588.342010485154	5
5	3110	589.350407385233	4
5	3110	589.350407385233	4
5	3113	590.400242263037	5
5	3116	590.608728457736	4
5	3116	590.608728457736	4
5	3119	590.961172345229	5
5	3122	591.172050198588	4
5	3122	591.172050198588	4
5	3126	591.316755468053	3
5	3126	591.316755468053	3
5	3130	591.420050635034	2
5	3130	591.420050635034	2
5	3134	591.611157483631	1
5	3134	591.611157483631	1
5	3138	592.208784504539	0
5	3140	595.369645755995	1
5	3140	595.369645755995	1
5	3144	595.452093048088	0
5	3146	596.792435962119	1
5	3146	596.792435962119	1
5	3150	597.111166558436	0
5	3152	597.869742846289	1
5	3152	597.869742846289	1
5	3155	598.761395089668	2
5	3157	598.824535326787	3
6	553	100.200872436038	4.7252958785468
6	571	104.926168314585	0.57232652634345
6	575	105.498494840928	0.81750165231725
6	579	106.315996493245	1.0843879945695
6	585	107.400384487815	0.38956508810724
6	591	107.789949575922	0.02481685819866
6	595	107.814766434121	1.7611721535607
6	603	109.575938587682	1.5935890859014
6	615	111.169527673583	0.31107217307584
6	619	111.480599846659	2.3759145746063
6	625	113.856514421265	0.22054980763152
6	629	114.077064228897	0.19772723754372
6	633	114.274791466441	0.09112880091989
6	637	114.365920267361	1.5290414376233
6	643	115.894961704984	0.93648405653613
6	647	116.83144576152	1.685983323636
6	661	118.517429085156	1.4251958919786
6	667	119.942624977135	1.0182864071866
6	671	120.960911384322	1.5418066440699
6	675	122.502718028392	0.83110091870145
6	681	123.333818947093	2.40235588234
6	689	125.736174829433	0.043672408234846
6	693	125.779847237668	0.33352428692396
6	697	126.113371524592	1.6975453105164
6	707	127.810916835108	0.79859922416622
6	711	128.609516059274	0.29183394494481
6	715	128.901350004219	0.83654830041797
6	719	129.737898304637	2.1626834600462
6	723	131.900581764683	0.11981823084191
6	727	132.020399995525	0.42262271312604
6	735	132.443022708651	0.85501743014799
6	741	133.298040138799	0.66453108743864
6	747	133.962571226238	0.35870858121062
6	751	134.321279807449	0.047588360216012
6	755	134.368868167665	0.040609056985925
6	759	134.409477224651	0.4869636036114
6	765	134.896440828262	1.5610163983812
6	773	136.457457226643	0.011673717607203
6	777	136.46913094425	0.07144744470928
6	783	138.302709747853	2.9177163029998
6	795	141.220426050853	0.069326461243075
6	799	141.289752512096	0.031348669660909
6	803	141.321101181757	1.5106517278839
6	809	142.831752909641	0.5120738592508
6	813	143.343826768892	1.2392240807551
6	821	144.583050849647	0.74185894992947
6	825	145.324909799576	0.044601701770423
6	831	145.820196948969	0.70694352988328
6	837	146.527140478852	0.23239245620489
6	843	148.244901196967	1.3136179636375
6	849	149.558519160604	1.0350602525927
6	855	150.593579413197	1.5332364742792
6	861	154.021223406944	0.55987788638279
6	867	154.581101293327	0.99485286129071
6	873	155.575954154618	0.43605607416151
6	879	159.017693229781	3.0714171121622
6	885	162.089110341943	0.95771741615249
6	891	164.3904512766	0.67453042343686
6	897	168.199810701282	0.29622884282271
6	903	169.543056259466	0.27032888102342
6	909	169.813385140489	0.73734132554578
6	915	170.608371716901	1.1089444384688
6	923	171.71731615537	0.45611829034881
6	929	172.173434445719	0.22326043674165
6	933	172.396694882461	1.0327880587245
6	939	173.429482941186	2.2805947827813
6	945	175.710077723967	0.72941454397845
6	951	177.075474974423	2.1305025116031
6	963	179.205977486026	0.1535332059633
6	967	179.359510691989	0.39155981301676
6	971	179.751070505006	3.0261771697663
6	981	182.777247674772	0.44034567076879
6	987	183.217593345541	0.050177166678997
6	991	183.26777051222	0.23645342981984
6	995	183.50422394204	0.27198021885439
6	999	183.776204160894	1.0699535776754
6	1005	184.846157738569	2.4508722430625
6	1011	187.297029981631	0.26145561814972
6	1017	190.609444364334	0.059148368344437
6	1023	191.783358330983	0.34305562874956
6	1029	192.170779249312	0.587339448404
6	1035	192.758118697716	0.007952553037536
6	1041	194.436211917088	1.4770704755333
6	1051	195.913282392621	1.1955273990248
6	1059	197.108809791646	1.8622554542197
6	1065	198.971065245866	0.69758679216673
6	1071	199.668652038033	0.66298545028279
6	1079	200.331637488316	1.1830298268884
6	1083	201.514667315204	2.4682665361172
6	1093	203.982933851321	0.018945223769667
6	1097	204.001879075091	1.0130313198467
6	1103	205.014910394938	0.13055096695324
6	1107	205.145461361891	0.31548282986375
6	1113	205.460944191755	0.014409779132136
6	1117	205.475353970887	0.547284385606
6	1121	206.022638356493	0.10217713773468
6	1125	206.124815494228	0.59688337861137
6	1131	208.609942033931	0.25111586427872
6	1137	209.206939781285	0.15633034325572
6	1143	209.363270124541	1.3653020923047
6	1149	210.728572216846	1.9098392686942
6	1161	212.63841148554	0.24248396092794
6	1167	212.880895446468	2.6627411452617
6	1181	215.54363659173	1.0346873178641
6	1185	216.578323909594	1.5457552428615
6	1191	218.124079152455	0.38752452685889
6	1195	218.511603679314	0.86311368767414
6	1201	219.374717366988	1.5349252972084
6	1209	220.909642664196	0.83184728775601
6	1213	221.741489951952	1.0408038587929
6	1219	222.782293810745	0.19801156705837
6	1223	222.980305377803	0.11668360283264
6	1227	223.096988980636	1.2956240392371
6	1233	224.392613019873	0.33507014297419
6	1237	224.727683162847	0.80669510661772
6	1243	225.534378269465	2.4445236044981
6	1251	227.978901873963	0.089123735756266
6	1255	228.068025609719	0.65192617679491
6	1259	228.719951786514	2.4185819375948
6	1267	231.138533724109	1.2106307414828
6	1273	232.349164465592	0.70399032944809
6	1277	233.05315479504	0.04133492393598
6	1281	233.094489718976	0.11161002046986
6	1287	234.493959131259	2.1369056285553
6	1299	236.630864759814	0.60068313963232
6	1305	237.231547899446	1.6932861247126
6	1313	238.924834024159	0.14109964474881
6	1317	239.065933668908	0.21067056029826
6	1323	239.276604229206	1.8541281071412
6	1329	241.130732336347	0.11344457302516
6	1333	241.244176909372	0.25422430960946
6	1337	241.498401218981	0.33970347690891
6	1341	241.83810469589	0.82443713558841
6	1349	242.662541831478	0.62411978156759
6	1353	243.286661613046	2.3328817372044
6	1361	245.61954335025	2.3979311840775
6	1369	248.017474534327	1.197856024687
6	1375	249.215330559014	0.53724364023124
6	1379	249.752574199245	0.15071063147788
6	1383	249.903284830723	0.27984058787469
6	1389	250.400635945606	0.79270221386093
6	1395	251.441554477059	2.5883919936632
6	1401	254.029946470722	0.89063216749909
6	1407	256.370783038359	0.61054783141855
6	1413	257.564648925026	0.83907956051848
6	1421	258.403728485544	1.0091683616343
6	1429	259.412896847178	0.083592446485622
6	1433	259.496489293664	0.36468875167064
6	1437	259.861178045335	2.7166917949584
6	1447	262.577869840293	0.013566366196663
6	1451	262.59143620649	1.7683501241242
6	1459	264.359786330614	0.068133032459361
6	1463	264.427919363073	2.4090708539726
6	1475	266.836990217046	0.26693163322081
6	1479	267.103921850267	2.9617145559135
6	1487	270.065636406181	0.24153591165257
6	1495	270.307172317834	0.034086690964343
6	1499	270.341259008798	1.0073918598979
6	1509	271.348650868696	2.254242558497
6	1517	273.602893427193	1.1438843352987
6	1523	274.746777762492	1.4060540494999
6	1527	276.152831811992	0.265215553311
6	1533	276.418047365303	0.29981144879986
6	1537	276.717858814103	0.42512074907177
6	1541	277.142979563175	1.4584489848593
6	1547	278.601428548034	0.30539581821113
6	1551	278.906824366245	0.49900796463493
6	1557	279.40583233088	1.2922419012857
6	1563	280.698074232166	0.82890423272654
6	1567	281.526978464893	0.70331800225031
6	1573	282.230296467143	1.3378166993536
6	1581	283.568113166497	1.0063804720039
6	1585	284.574493638501	1.5977599278513
6	1591	286.172253566352	0.82714015216011
6	1595	286.999393718512	1.0546732154546
6	1601	288.054066933967	0.13764730190419
6	1605	288.191714235871	0.18255432092716
6	1611	290.528102506837	0.3199399105633
6	1617	290.8480424174	0.070390056113142
6	1623	291.875022842777	1.1410703755349
6	1633	293.016093218312	0.42874588239691
6	1637	293.444839100709	1.9944784020495
6	1643	295.439317502759	1.6381580408172
6	1655	297.077475543576	0.30367542947411
6	1659	297.38115097305	0.91337633978145
6	1665	298.294527312831	0.2685886562909
6	1669	298.563115969122	1.8938077551919
6	1673	300.456923724314	0.89085756243645
6	1677	301.34778128675	0.84510755932533
6	1683	302.192888846075	0.010557424680196
6	1689	308.0600314396	0.81023973647091
6	1697	308.870271176071	0.40195143610984
6	1701	309.272222612181	1.9290238198466
6	1707	313.466818394333	0.34428470999525
6	1713	315.242350188907	0.66127582188156
6	1719	315.903626010789	0.53500946659295
6	1727	316.438635477382	1.775016203448
6	1735	318.21365168083	0.50264549160387
6	1741	318.716297172434	0.58624846350135
6	1747	319.302545635935	0.17067720935789
6	1751	319.473222845293	0.38521176005517
6	1755	319.858434605348	0.19728374044102
6	1761	320.33420496044	1.9382461681716
6	1767	322.272451128612	0.28163840510482
6	1773	325.127063594251	0.7734753934804
6	1779	325.900538987731	0.26981394561801
6	1785	326.492609142404	0.051744694634859
6	1791	329.238194587219	3.3399032605242
6	1799	332.578097847743	0.50619631812846
6	1803	333.084294165871	0.43988146713392
6	1809	333.640816940626	0.12147232537446
6	1815	333.762289266	0.54394878026798
6	1821	334.306238046268	0.20192431868317
6	1827	334.508162364951	1.0282415323736
6	1833	337.258832028707	1.4746787161441
6	1839	338.733510744851	1.432412885172
6	1845	340.165923630023	0.067226185190151
6	1851	341.590964458	0.97357978418087
6	1859	342.564544242181	0.55931102495814
6	1865	343.123855267139	1.9609383472382
6	1873	345.084793614377	2.2979282447783
6	1879	347.382721859155	0.18975221019056
6	1883	347.572474069346	0.68726868263388
6	1891	348.25974275198	0.22873104840203
6	1895	348.488473800382	0.60497557116506
6	1901	349.093449371547	0.29877224211086
6	1905	349.392221613658	0.19480837052813
6	1911	350.353941612975	0.4847247539461
6	1917	351.413479519902	0.37322369333616
6	1923	352.355793418189	1.4695018441762
6	1929	354.578363671402	0.0005192984858654
6	1935	357.421465170992	1.3918863786082
6	1941	358.8133515496	2.215026238949
6	1951	361.028377788549	0.99830950863867
6	1957	362.026687297188	1.8618290664712
6	1961	363.888516363659	2.8198014169426
6	1965	366.708317780602	0.39904293785856
6	1971	368.985942422182	1.3924450704988
6	1977	370.378387492681	0.38898029873916
6	1983	372.215104455094	0.24569197414317
6	1991	372.460796429237	0.19577011804255
6	1995	372.65656654728	0.86989141792323
6	2001	373.81546630876	0.012344560508447
6	2007	374.215769943384	0.72443642685936
6	2013	378.81706830273	4.0953625491765
6	2019	382.912430851906	0.9630391910056
6	2025	383.875470042912	0.21976670030617
6	2031	384.638616731215	1.6577694135858
6	2037	388.455638180837	1.2461859017507
6	2047	389.701824082588	1.2766019949289
6	2053	390.978426077517	1.1715996877758
6	2059	392.150025765293	1.4823402911153
6	2065	393.632366056408	0.29453372573171
6	2069	393.92689978214	1.5791563463749
6	2079	395.506056128515	1.4994997150352
6	2083	397.00555584355	0.27330834290993
6	2089	397.27886418646	0.27799225499475
6	2093	397.556856441455	0.55995418053064
6	2097	398.116810621986	0.30307320186281
6	2103	398.481431100111	0.21262433907325
6	2109	400.431522203176	0.62853989941764
6	2115	403.154715832623	0.29658685223421
6	2121	404.807539112534	3.9116663831895
6	2131	408.719205495724	0.82104651264772
6	2137	409.540252008372	1.3422381863194
6	2141	410.882490194691	0.088782425003868
6	2145	410.971272619695	2.4720262270335
6	2151	413.443298846729	0.9062393764034
6	2157	414.653164471059	0.10198642641682
6	2163	415.069104825192	0.78871026406929
6	2169	415.857815089261	1.6581071016846
6	2177	417.515922190946	0.2332128831631
6	2181	417.749135074109	1.2072383304244
6	2187	419.546005583305	0.17051114856043
6	2193	420.508170880174	0.0516093815951
6	2199	421.043367322997	1.060025197538
6	2207	422.103392520535	2.2647116364131
6	2219	424.368104156948	0.5984541740858
6	2225	424.966558331034	0.87772512548676
6	2229	425.844283456521	3.418007182128
6	2243	429.262290638649	0.75432400109737
6	2251	430.016614639746	0.26413325778368
6	2255	430.28074789753	0.26534198438359
6	2259	430.546089881914	0.0082826400282957
6	2263	430.554372521942	2.7387795183174
6	2271	433.293152040259	0.030015085924719
6	2275	433.323167126184	0.41280112129636
6	2279	433.73596824748	0.96760970259103
6	2283	434.703577950071	0.25519616575345
6	2287	434.958774115824	1.1973364511056
6	2297	436.15611056693	3.5604640941717
6	2305	439.716574661102	0.15877523337988
6	2309	439.875349894482	1.6738610791606
6	2315	441.549210973643	0.17883377427249
6	2319	441.728044747915	0.41419444887677
6	2323	442.142239196792	1.054349566834
6	2327	443.196588763626	0.061143804496251
6	2331	443.257732568122	0.062313187267011
6	2337	444.118919586899	0.056090978851397
6	2343	446.000510487857	0.45520970761753
6	2349	447.78976703878	1.3807957543251
6	2355	449.170562793105	0.34986041512784
6	2361	450.102327595285	1.8992104456675
6	2367	452.001538040953	0.090684784998619
6	2373	452.281074062696	1.5527254343876
6	2383	453.833799497084	3.2085855024239
6	2391	457.042384999508	1.2933900855758
6	2397	458.335775085084	0.080865602654891
6	2401	458.416640687739	0.42800399096538
6	2407	458.844644678704	0.17059312673556
6	2411	459.01523780544	0.062187800325963
6	2415	459.077425605766	1.3160284247646
6	2423	460.393454030531	0.64501056883841
6	2427	461.038464599369	0.072615830271908
6	2433	464.443743118445	2.2029154356586
6	2445	466.646658554104	2.2554560600083
6	2453	468.902114614112	0.78146308730375
6	2459	469.683577701416	1.0047445788123
6	2463	470.688322280228	1.2343886487523
6	2469	471.92271092898	2.703509484372
6	2477	474.626220413352	1.884940184096
6	2483	476.511160597448	1.0065166963129
6	2489	477.517677293761	0.085556090324306
6	2493	477.603233384085	1.2219506987802
6	2497	478.825184082865	1.3291080453483
6	2501	480.154292128213	0.62487950482571
6	2509	480.779171633039	2.1992727681895
6	2513	482.978444401228	0.86653696818659
6	2519	483.844981369415	0.27338419448731
6	2523	484.118365563902	0.1671478038544
6	2529	484.891343335992	0.39082454559277
6	2535	485.434169759363	0.18756085165049
6	2541	486.037389904809	1.7309761919954
6	2549	487.768366096804	0.054045871510237
6	2553	487.822411968314	0.0081222360616632
6	2559	489.528994270803	0.084996968425014
6	2565	490.776771199102	0.61145501114631
6	2573	491.388226210248	0.22012689202695
6	2577	491.608353102275	1.9163837937326
6	2583	493.524736896008	0.43054914291088
6	2589	493.985355826284	0.20551912620062
6	2595	496.431115730251	0.33108091599117
6	2601	497.097409069145	0.030502204096662
6	2607	498.582759965443	0.33873458861964
6	2613	499.524074172734	1.1248688153757
6	2619	500.64894298811	0.84870485796669
6	2625	501.497647846077	1.0060938497283
6	2631	504.657611433062	3.4341682213146
6	2643	508.091779654377	0.0026272028635101
6	2647	508.094406857241	0.022886476697631
6	2651	508.117293333939	0.34429199789731
6	2657	508.461585331836	3.872979021388
6	2679	512.334564353224	4.2401737506577
6	2695	516.574738103882	0.55023414426483
6	2699	517.124972248147	1.2977286051727
6	2707	518.42270085332	0.57350322902148
6	2715	518.996204082341	1.2808489983108
6	2719	520.277053080652	0.25820168677556
6	2727	520.535254767428	1.2747285217519
6	2733	521.80998328918	0.5937479584315
6	2737	522.403731247611	0.63328052044618
6	2741	523.037011768057	0.72684155196065
6	2745	523.763853320018	2.8825931369067
6	2753	526.646446456925	1.9632148662779
6	2767	528.609661323203	0.12396210189217
6	2771	528.733623425095	0.91742561789413
6	2775	529.651049042989	0.57726029628314
6	2779	530.228309339272	0.72670963082999
6	2783	530.955018970102	1.2629353808001
6	2789	532.217954350902	2.2065685736875
6	2793	534.424522924589	2.8408999859247
6	2801	537.265422910514	1.0034368442492
6	2809	538.268859754763	2.7352403266124
6	2819	541.004100081375	1.1046810610869
6	2823	542.108781142462	0.85391234285744
6	2831	542.962693485319	0.12409018188496
6	2835	543.086783667204	1.5950994546764
6	2843	544.68188312188	1.5978526355461
6	2851	546.279735757426	1.1382292667167
6	2855	547.417965024143	0.38704539030323
6	2859	547.805010414446	0.097907920289691
6	2863	547.902918334736	1.0810801873904
6	2867	548.983998522126	1.2821876964854
6	2871	550.266186218611	0.6989251574771
6	2879	550.965111376088	0.0228004133839
6	2883	550.987911789472	2.3719017287149
6	2893	553.359813518187	0.37980425659615
6	2897	553.739617774783	1.7618203082743
6	2903	555.501438083057	0.12241241233505
6	2907	555.623850495392	0.51985205730725
6	2913	556.143702552699	2.6131317404459
6	2917	558.756834293145	0.40424669924462
6	2921	559.16108099239	0.93366065568032
6	2925	560.09474164807	0.14380825854667
6	2929	560.238549906617	0.46230581491138
6	2933	560.700855721528	0.04329843069413
6	2937	560.744154152222	0.82115736566005
6	2943	561.565311517882	0.50620634777521
6	2951	562.071517865657	0.85406773358693
6	2955	562.925585599244	2.2105317534477
6	2959	565.136117352692	3.1793437912471
6	2969	568.315461143939	0.3991692120981
6	2975	568.714630356037	0.30940543648978
6	2979	569.024035792527	0.16672781618021
6	2983	569.190763608707	0.31616765898538
6	2987	569.506931267692	0.21847831469228
6	2991	569.725409582384	1.1618511350441
6	2999	570.887260717428	1.3000227536607
6	3003	572.187283471089	0.8776747715754
6	3007	573.064958242664	0.047885515199251
6	3013	573.112843757863	1.0610564466785
6	3019	574.173900204541	0.77204308939753
6	3025	574.945943293939	5.1480457975697
6	3043	580.093989091509	0.47973396848617
6	3051	580.573723059995	0.84533377712186
6	3055	581.419056837117	0.242057415981
6	3059	581.661114253098	0.28763460065211
6	3063	581.94874885375	0.065623206919721
6	3067	582.01437206067	0.0054096459341914
6	3071	582.019781706604	0.6418385796305
6	3077	582.661620286234	1.5008907502229
6	3085	584.162511036457	1.149745899277
6	3089	585.312256935734	1.7192299587562
6	3093	587.03148689449	0.95190402920129
6	3103	587.983390923691	0.35861956146325
6	3107	588.342010485154	1.0083969000793
6	3111	589.350407385233	1.2583210725034
6	3117	590.608728457736	0.56332174085193
6	3123	591.172050198588	0.14470526946483
6	3127	591.316755468053	0.10329516698099
6	3131	591.420050635034	0.19110684859724
6	3135	591.611157483631	0.59762702090756
6	3141	595.369645755995	0.082447292093375
6	3147	596.792435962119	0.31873059631722
6	3153	597.869742846289	2.4619071827806
7	550	100.200872436038	95.048985151571
7	568	104.926168314585	95.271951551981
7	572	105.498494840928	95.297601088959
7	576	106.315996493245	95.333759512964
7	582	107.400384487815	95.380873079531
7	588	107.789949575922	95.397567127472
7	592	107.814766434121	95.398626517829
7	600	109.575938587682	95.472582634011
7	612	111.169527673583	95.537482099294
7	616	111.480599846659	95.549934177437
7	622	113.856514421265	95.642796463794
7	626	114.077064228897	95.651220421828
7	630	114.274791466441	95.658745022501
7	634	114.365920267361	95.662204211739
7	640	115.894961704984	95.719434219071
7	644	116.83144576152	95.753745885598
7	658	118.517429085156	95.814151462061
7	664	119.942624977135	95.86388902735
7	668	120.960911384322	95.898708090251
7	672	122.502718028392	95.95032652956
7	678	123.333818947093	95.977615778936
7	686	125.736174829433	96.054468748319
7	690	125.779847237668	96.055838688379
7	694	126.113371524592	96.066269569523
7	704	127.810916835108	96.118516167939
7	708	128.609516059274	96.142618194537
7	712	128.901350004219	96.151351345504
7	716	129.737898304637	96.176167382552
7	720	131.900581764683	96.238864145865
7	724	132.020399995525	96.242277653505
7	732	132.443022708651	96.25426846118
7	738	133.298040138799	96.278294814089
7	744	133.962571226238	96.296756603614
7	748	134.321279807449	96.306646214453
7	752	134.368868167665	96.307954260377
7	756	134.409477224651	96.309069736004
7	762	134.896440828262	96.322393650934
7	770	136.457457226643	96.364463933749
7	774	136.46913094425	96.36477492145
7	778	136.540578388959	96.36667712185
7	792	141.220426050853	95.239292488017
7	796	141.289752512096	95.241628418252
7	800	141.321101181757	95.242683947947
7	806	142.831752909641	95.292999424497
7	810	143.343826768892	95.309814462888
7	818	144.583050849647	95.350014132397
7	822	145.324909799576	95.373751519454
7	826	145.369511501346	95.375170926817
7	834	146.527140478852	95.104130978304
7	838	146.759532935057	95.111883544727
7	846	149.558519160604	94.210195989108
7	852	150.593579413197	94.24999048782
7	856	152.126815887476	94.307942955044
7	864	154.581101293327	93.172805360965
7	870	155.575954154618	93.216462841057
7	874	156.01201022878	93.23542293636
7	882	162.089110341943	91.634702890987
7	886	163.046827758095	91.683839638035
7	892	165.064981700037	90.971519806032
7	898	168.496039544105	89.294888930319
7	906	169.813385140489	88.761365966068
7	910	170.550726466035	88.80995391106
7	920	171.71731615537	88.852405467299
7	926	172.173434445719	88.881937443449
7	930	172.396694882461	88.896335767639
7	936	173.429482941186	88.962459079735
7	942	175.710077723967	89.105718695595
7	946	176.439492267945	89.150756499363
7	960	179.205977486026	88.963352042508
7	964	179.359510691989	88.972799503295
7	968	179.751070505006	88.996820548357
7	978	182.777247674772	89.178996234199
7	984	183.217593345541	89.205003464589
7	988	183.26777051222	89.207959043406
7	992	183.50422394204	89.22186507262
7	996	183.776204160894	89.23781621009
7	1002	184.846157738569	89.30011145707
7	1008	187.297029981631	89.440124674772
7	1012	187.558485599781	89.454845089697
7	1018	190.668592732678	88.026716256056
7	1024	192.126413959733	87.537342355335
7	1032	192.758118697716	87.555168794747
7	1036	192.766071250754	87.555682205533
7	1048	195.913282392621	86.903101791095
7	1056	197.108809791646	86.982538629395
7	1062	198.971065245866	87.10437462805
7	1068	199.668652038033	87.149428360042
7	1076	200.331637488316	87.191956550456
7	1080	201.514667315204	87.26714858301
7	1090	203.982933851321	87.42122064418
7	1094	204.001879075091	87.422388808859
7	1100	205.014910394938	87.48453801567
7	1104	205.145461361891	87.492502635765
7	1110	205.460944191755	87.511707748827
7	1114	205.475353970887	87.512583540155
7	1118	206.022638356493	87.545755467762
7	1122	206.124815494228	87.551929101227
7	1126	206.721698872839	87.587871368806
7	1132	208.86105789821	86.810941871604
7	1140	209.363270124541	86.67737268325
7	1146	210.728572216846	86.763689459182
7	1158	212.63841148554	86.882573086401
7	1164	212.880895446468	86.897514613345
7	1178	215.54363659173	87.0593775544
7	1182	216.578323909594	87.121200444558
7	1188	218.124079152455	87.212467176832
7	1192	218.511603679314	87.235145526739
7	1198	219.374717366988	87.285367907646
7	1206	220.909642664196	87.37371176719
7	1210	221.741489951952	87.421078381454
7	1216	222.782293810745	87.479845126046
7	1220	222.980305377803	87.490963307457
7	1224	223.096988980636	87.497505751064
7	1230	224.392613019873	87.569694099341
7	1234	224.727683162847	87.588227750009
7	1240	225.534378269465	87.632622382949
7	1248	227.978901873963	87.765232665138
7	1252	228.068025609719	87.770013730647
7	1256	228.719951786514	87.804873165203
7	1264	231.138533724109	87.932480245745
7	1270	232.349164465592	87.995356780814
7	1274	233.05315479504	88.03161954989
7	1278	233.094489718976	88.033741917074
7	1282	233.206099739446	88.039468844075
7	1296	236.630864759814	87.668325669061
7	1302	237.231547899446	87.699550136968
7	1310	238.924834024159	87.786724754734
7	1314	239.065933668908	87.793933179505
7	1320	239.276604229206	87.80467998421
7	1326	241.130732336347	87.898453537659
7	1330	241.244176909372	87.904144264743
7	1334	241.498401218981	87.916877519116
7	1338	241.83810469589	87.933850356063
7	1346	242.662541831478	87.974844659407
7	1350	243.286661613046	88.005693606385
7	1358	245.61954335025	88.11961490904
7	1366	248.017474534327	88.234479177947
7	1372	249.215330559014	88.291030273615
7	1376	249.752574199245	88.31621747955
7	1380	249.903284830723	88.323263686417
7	1384	250.183125418598	88.33632461828
7	1390	251.193338159467	88.29664100526
7	1398	254.029946470722	88.329614336756
7	1402	254.920578638221	88.370387902132
7	1408	256.981330869778	87.899323757039
7	1418	258.403728485544	87.740193574481
7	1426	259.412896847178	87.787886688103
7	1430	259.496489293664	87.791820615808
7	1434	259.861178045335	87.808953554761
7	1444	262.577869840293	87.935084960541
7	1448	262.59143620649	87.935708275063
7	1456	264.359786330614	88.016408490725
7	1460	264.427919363073	88.019496207148
7	1472	266.836990217046	88.127659181404
7	1476	267.103921850267	88.139523864269
7	1484	270.065636406181	88.2695935217
7	1492	270.307172317834	88.280075353901
7	1496	270.341259008798	88.281553091524
7	1506	271.348650868696	88.325058257252
7	1514	273.602893427193	88.421249310698
7	1520	274.746777762492	88.469456433066
7	1524	276.152831811992	88.528165110318
7	1530	276.418047365303	88.539172022012
7	1534	276.717858814103	88.551589317575
7	1538	277.142979563175	88.569150494599
7	1544	278.601428548034	88.628989781655
7	1548	278.906824366245	88.641440746157
7	1554	279.40583233088	88.661726691827
7	1560	280.698074232166	88.713924384658
7	1564	281.526978464893	88.747154151479
7	1570	282.230296467143	88.775196247459
7	1578	283.568113166497	88.828152589198
7	1582	284.574493638501	88.867661151356
7	1588	286.172253566352	88.929815342385
7	1592	286.999393718512	88.961719919268
7	1598	288.054066933967	89.002135173494
7	1602	288.191714235871	89.007388018545
7	1606	288.374268556798	89.014346853068
7	1614	290.8480424174	88.367248210619
7	1618	290.918432473513	88.370062848537
7	1630	293.016093218312	88.1268564993
7	1634	293.444839100709	88.144204091449
7	1640	295.439317502759	88.224241268216
7	1652	297.077475543576	88.289175689171
7	1656	297.38115097305	88.301134381208
7	1662	298.294527312831	88.336956248792
7	1666	298.563115969122	88.347448372842
7	1670	300.456923724314	88.420895482549
7	1674	301.34778128675	88.455126140501
7	1680	302.192888846075	88.487412340905
7	1684	302.203446270755	88.487814531147
7	1694	308.870271176071	86.840168773113
7	1698	309.272222612181	86.857272194222
7	1702	311.201246432028	86.938739204029
7	1708	313.811103104328	86.325411072266
7	1716	315.903626010789	85.96292609754
7	1724	316.438635477382	85.98665887407
7	1732	318.21365168083	86.06482619163
7	1738	318.716297172434	86.086803267643
7	1744	319.302545635935	86.112348288559
7	1748	319.473222845293	86.119767707368
7	1752	319.858434605348	86.136483942218
7	1756	320.055718345789	86.14502947397
7	1764	322.272451128612	86.153916693138
7	1768	322.554089533717	86.166006413733
7	1776	325.900538987731	85.518561501782
7	1780	326.170352933349	85.530540806536
7	1786	326.544353837039	85.448426295058
7	1796	332.578097847743	84.902438433847
7	1800	333.084294165871	84.925382566042
7	1804	333.524175633005	84.945264317704
7	1812	333.762289266	84.921057290084
7	1818	334.306238046268	84.945592197188
7	1824	334.508162364951	84.954679721442
7	1828	335.536403897325	85.000785667022
7	1836	338.733510744851	84.633863829223
7	1842	340.165923630023	84.69856946232
7	1846	340.233149815213	84.701592850263
7	1856	342.564544242181	84.409341813805
7	1862	343.123855267139	84.43475545636
7	1870	345.084793614377	84.523204688186
7	1876	347.382721859155	84.625583312244
7	1880	347.572474069346	84.633976754661
7	1888	348.25974275198	84.664300634389
7	1892	348.488473800382	84.674366248771
7	1898	349.093449371547	84.700925423825
7	1902	349.392221613658	84.714007966969
7	1906	349.587029984186	84.722526129671
7	1912	350.838666366921	84.558435548257
7	1918	351.786703213238	84.436651117971
7	1924	353.825295262365	84.365481245315
7	1930	354.578882969888	84.186325455706
7	1938	358.8133515496	83.580730064162
7	1948	361.028377788549	83.681467612703
7	1954	362.026687297188	83.726466908669
7	1958	363.888516363659	83.809730148813
7	1962	366.708317780602	83.934225132029
7	1966	367.107360718461	83.951688508382
7	1974	370.378387492681	83.586214392254
7	1978	370.76736779142	83.603434460101
7	1988	372.460796429237	83.289287967794
7	1992	372.65656654728	83.298066715737
7	1996	373.526457965203	83.336963206513
7	2002	373.827810869268	83.273085187989
7	2008	374.940206370243	83.219239368612
7	2016	382.912430851906	82.556147282629
7	2022	383.875470042912	82.599909166677
7	2026	384.095236743218	82.609864928118
7	2032	386.296386144801	82.568291374834
7	2044	389.701824082588	82.166541647078
7	2050	390.978426077517	82.224770508293
7	2056	392.150025765293	82.277876340128
7	2062	393.632366056408	82.344614292112
7	2066	393.92689978214	82.357814981211
7	2076	395.506056128515	82.42825579496
7	2080	397.00555584355	82.494624703506
7	2086	397.27886418646	82.506667541788
7	2090	397.556856441455	82.518899781929
7	2094	398.116810621986	82.543487076125
7	2098	398.419883823849	82.556766035033
7	2104	398.694055439184	82.553324077535
7	2110	401.060062102594	82.223030095587
7	2116	403.451302684857	81.809209740995
7	2128	408.719205495724	81.711841359242
7	2134	409.540252008372	81.748505469305
7	2138	410.882490194691	81.808127997646
7	2142	410.971272619695	81.812058001077
7	2148	413.443298846729	81.920805850571
7	2152	414.349538223132	81.960347532461
7	2158	414.755150897476	81.904783392845
7	2166	415.857815089261	81.87726811007
7	2174	417.515922190946	81.949240048987
7	2178	417.749135074109	81.959317077083
7	2182	418.956373404533	82.011301974113
7	2188	419.716516731865	81.90339764512
7	2194	420.559780261769	81.751444907247
7	2204	422.103392520535	81.703612994179
7	2216	424.368104156948	81.801254735277
7	2222	424.966558331034	81.826882904961
7	2226	425.844283456521	81.864340262268
7	2240	429.262290638649	82.008745714571
7	2248	430.016614639746	82.040305506578
7	2252	430.28074789753	82.051330291299
7	2256	430.546089881914	82.06239190758
7	2260	430.554372521942	82.062736976078
7	2268	433.293152040259	82.176115662894
7	2272	433.323167126184	82.177350273597
7	2276	433.73596824748	82.194312689283
7	2280	434.703577950071	82.233946491895
7	2284	434.958774115824	82.244370074555
7	2294	436.15611056693	82.293112858176
7	2302	439.716574661102	82.436488704166
7	2306	439.875349894482	82.442828342442
7	2312	441.549210973643	82.509385513347
7	2316	441.728044747915	82.516466595566
7	2320	442.142239196792	82.532844995639
7	2324	443.196588763626	82.574398761574
7	2328	443.257732568122	82.576802481751
7	2332	443.320045755389	82.579251491175
7	2338	444.17501056575	82.432927959549
7	2344	446.455720195475	82.113781859731
7	2352	449.170562793105	81.924886093977
7	2356	449.520423208233	81.938953901641
7	2364	452.001538040953	81.909354645421
7	2368	452.092222825952	81.912983432208
7	2380	453.833799497084	81.940779516247
7	2388	457.042384999508	82.067561090409
7	2394	458.335775085084	82.118165123427
7	2398	458.416640687739	82.121319514489
7	2404	458.844644678704	82.137996502419
7	2408	459.01523780544	82.14463492044
7	2412	459.077425605766	82.147053653787
7	2420	460.393454030531	82.198086058031
7	2424	461.038464599369	82.222991621275
7	2428	461.111080429641	82.225791146765
7	2442	466.646658554104	81.722464394355
7	2450	468.902114614112	81.810380778519
7	2456	469.683577701416	81.84064480449
7	2460	470.688322280228	81.879408276673
7	2466	471.92271092898	81.926805556384
7	2474	474.626220413352	82.029751939221
7	2480	476.511160597448	82.100837037512
7	2486	477.517677293761	82.138565078229
7	2490	477.603233384085	82.141764710126
7	2494	478.825184082865	82.187338509952
7	2498	480.154292128213	82.236645476658
7	2506	480.779171633039	82.259732908131
7	2510	482.978444401228	82.340514331749
7	2516	483.844981369415	82.372141397772
7	2520	484.118365563902	82.382095942502
7	2524	484.285513367756	82.388176640541
7	2530	485.282167881585	82.299506385536
7	2536	485.621730611013	82.28058268572
7	2546	487.768366096804	82.273348105476
7	2550	487.822411968314	82.275312042202
7	2554	487.830534204376	82.275607153085
7	2560	489.613991239228	81.993271852205
7	2570	491.388226210248	81.821656366331
7	2574	491.608353102275	81.829796061804
7	2580	493.524736896008	81.900351966611
7	2584	493.955286038919	81.916128268976
7	2590	494.190874952485	81.918664497428
7	2596	496.762196646242	81.561287972513
7	2602	497.127911273242	81.507422689571
7	2608	498.921494554063	81.282303321168
7	2616	500.64894298811	81.226527499724
7	2622	501.497647846077	81.258298610477
7	2626	502.503741695805	81.29582253107
7	2640	508.091779654377	81.077619197569
7	2644	508.094406857241	81.07771703949
7	2648	508.117293333939	81.078569331655
7	2654	508.461585331836	81.091381503421
7	2676	512.334564353224	81.234320683902
7	2692	516.574738103882	81.388354040511
7	2696	517.124972248147	81.408157305945
7	2704	518.42270085332	81.454696869215
7	2712	518.996204082341	81.475189873104
7	2716	520.277053080652	81.520795352635
7	2724	520.535254767428	81.529961613261
7	2730	521.80998328918	81.575082031581
7	2734	522.403731247611	81.596023224711
7	2738	523.037011768057	81.618306313151
7	2742	523.763853320018	81.643815096704
7	2750	526.646446456925	81.744287459098
7	2764	528.609661323203	81.812087745164
7	2768	528.733623425095	81.816351918525
7	2772	529.651049042989	81.847848400231
7	2776	530.228309339272	81.867610672871
7	2780	530.955018970102	81.892428183739
7	2786	532.217954350902	81.935396845206
7	2790	534.424522924589	82.00998321598
7	2798	537.265422910514	82.105109081612
7	2806	538.268859754763	82.138468605474
7	2816	541.004100081375	82.228773985707
7	2820	542.108781142462	82.264987265206
7	2828	542.962693485319	82.292878953634
7	2832	543.086783667204	82.296924862939
7	2840	544.68188312188	82.348768271674
7	2848	546.279735757426	82.40039762069
7	2852	547.417965024143	82.436991930323
7	2856	547.805010414446	82.449400873622
7	2860	547.902918334736	82.452537091012
7	2864	548.983998522126	82.48709222293
7	2868	550.266186218611	82.527899445768
7	2876	550.965111376088	82.550063627091
7	2880	550.987911789472	82.550785722358
7	2890	553.359813518187	82.625579410838
7	2894	553.739617774783	82.637496345592
7	2900	555.501438083057	82.692563010489
7	2904	555.623850495392	82.696376102946
7	2910	556.143702552699	82.712550563684
7	2914	558.756834293145	82.793398582108
7	2918	559.16108099239	82.805838131399
7	2922	560.09474164807	82.834500268802
7	2926	560.238549906617	82.838906500083
7	2930	560.700855721528	82.853056065282
7	2934	560.744154152222	82.854380084014
7	2940	561.565311517882	82.879451525917
7	2948	562.071517865657	82.894870436215
7	2952	562.925585599244	82.920822248698
7	2956	565.136117352692	82.98762750779
7	2966	568.315461143939	83.082800320349
7	2972	568.714630356037	83.094674158134
7	2976	569.024035792527	83.103866387973
7	2980	569.190763608707	83.108815617018
7	2984	569.506931267692	83.118192932605
7	2988	569.725409582384	83.124666768413
7	2996	570.887260717428	83.159010896262
7	3000	572.187283471089	83.197274013359
7	3004	573.064958242664	83.223008144333
7	3010	573.112843757863	83.224409918708
7	3016	574.173900204541	83.255410714802
7	3022	574.945943293939	83.277895514622
7	3040	580.093989091509	83.426295879635
7	3048	580.573723059995	83.439990899809
7	3052	581.419056837117	83.464067742281
7	3056	581.661114253098	83.470949146135
7	3060	581.94874885375	83.479118812194
7	3064	582.01437206067	83.480981572388
7	3068	582.019781706604	83.481135110195
7	3074	582.661620286234	83.499331683315
7	3082	584.162511036457	83.541726907215
7	3086	585.312256935734	83.574056371998
7	3090	587.03148689449	83.622162776878
7	3100	587.983390923691	83.64867735107
7	3104	588.342010485154	83.658644179978
7	3108	589.350407385233	83.686604748674
7	3114	590.608728457736	83.721361243151
7	3120	591.172050198588	83.736872989893
7	3124	591.316755468053	83.740852853738
7	3128	591.420050635034	83.743692614273
7	3132	591.611157483631	83.748943853428
7	3136	592.208784504539	83.765343593731
7	3142	595.452093048088	83.322936675699
7	3148	597.111166558436	83.14480264745
8	551	100.200872436038	91
8	569	104.926168314585	92
8	573	105.498494840928	93
8	577	106.315996493245	94
8	583	107.400384487815	95
8	589	107.789949575922	96
8	593	107.814766434121	97
8	601	109.575938587682	98
8	613	111.169527673583	99
8	617	111.480599846659	100
8	623	113.856514421265	101
8	627	114.077064228897	102
8	631	114.274791466441	103
8	635	114.365920267361	104
8	641	115.894961704984	105
8	645	116.83144576152	106
8	659	118.517429085156	107
8	665	119.942624977135	108
8	669	120.960911384322	109
8	673	122.502718028392	110
8	679	123.333818947093	111
8	687	125.736174829433	112
8	691	125.779847237668	113
8	695	126.113371524592	114
8	705	127.810916835108	115
8	709	128.609516059274	116
8	713	128.901350004219	117
8	717	129.737898304637	118
8	721	131.900581764683	119
8	725	132.020399995525	120
8	733	132.443022708651	121
8	739	133.298040138799	122
8	745	133.962571226238	123
8	749	134.321279807449	124
8	753	134.368868167665	125
8	757	134.409477224651	126
8	763	134.896440828262	127
8	771	136.457457226643	128
8	775	136.46913094425	129
8	779	136.540578388959	130
8	793	141.220426050853	131
8	797	141.289752512096	132
8	801	141.321101181757	133
8	807	142.831752909641	134
8	811	143.343826768892	135
8	819	144.583050849647	136
8	823	145.324909799576	137
8	827	145.369511501346	138
8	835	146.527140478852	139
8	839	146.759532935057	140
8	847	149.558519160604	141
8	853	150.593579413197	142
8	857	152.126815887476	143
8	865	154.581101293327	144
8	871	155.575954154618	145
8	875	156.01201022878	146
8	883	162.089110341943	147
8	887	163.046827758095	148
8	893	165.064981700037	149
8	899	168.496039544105	150
8	907	169.813385140489	151
8	911	170.550726466035	152
8	921	171.71731615537	153
8	927	172.173434445719	154
8	931	172.396694882461	155
8	937	173.429482941186	156
8	943	175.710077723967	157
8	947	176.439492267945	158
8	961	179.205977486026	159
8	965	179.359510691989	160
8	969	179.751070505006	161
8	979	182.777247674772	162
8	985	183.217593345541	163
8	989	183.26777051222	164
8	993	183.50422394204	165
8	997	183.776204160894	166
8	1003	184.846157738569	167
8	1009	187.297029981631	168
8	1013	187.558485599781	169
8	1019	190.668592732678	170
8	1025	192.126413959733	171
8	1033	192.758118697716	172
8	1037	192.766071250754	173
8	1049	195.913282392621	174
8	1057	197.108809791646	175
8	1063	198.971065245866	176
8	1069	199.668652038033	177
8	1077	200.331637488316	178
8	1081	201.514667315204	179
8	1091	203.982933851321	180
8	1095	204.001879075091	181
8	1101	205.014910394938	182
8	1105	205.145461361891	183
8	1111	205.460944191755	184
8	1115	205.475353970887	185
8	1119	206.022638356493	186
8	1123	206.124815494228	187
8	1127	206.721698872839	188
8	1133	208.86105789821	189
8	1141	209.363270124541	190
8	1147	210.728572216846	191
8	1159	212.63841148554	192
8	1165	212.880895446468	193
8	1179	215.54363659173	194
8	1183	216.578323909594	195
8	1189	218.124079152455	196
8	1193	218.511603679314	197
8	1199	219.374717366988	198
8	1207	220.909642664196	199
8	1211	221.741489951952	200
8	1217	222.782293810745	201
8	1221	222.980305377803	202
8	1225	223.096988980636	203
8	1231	224.392613019873	204
8	1235	224.727683162847	205
8	1241	225.534378269465	206
8	1249	227.978901873963	207
8	1253	228.068025609719	208
8	1257	228.719951786514	209
8	1265	231.138533724109	210
8	1271	232.349164465592	211
8	1275	233.05315479504	212
8	1279	233.094489718976	213
8	1283	233.206099739446	214
8	1297	236.630864759814	215
8	1303	237.231547899446	216
8	1311	238.924834024159	217
8	1315	239.065933668908	218
8	1321	239.276604229206	219
8	1327	241.130732336347	220
8	1331	241.244176909372	221
8	1335	241.498401218981	222
8	1339	241.83810469589	223
8	1347	242.662541831478	224
8	1351	243.286661613046	225
8	1359	245.61954335025	226
8	1367	248.017474534327	227
8	1373	249.215330559014	228
8	1377	249.752574199245	229
8	1381	249.903284830723	230
8	1385	250.183125418598	231
8	1391	251.193338159467	232
8	1399	254.029946470722	233
8	1403	254.920578638221	234
8	1409	256.981330869778	235
8	1419	258.403728485544	236
8	1427	259.412896847178	237
8	1431	259.496489293664	238
8	1435	259.861178045335	239
8	1445	262.577869840293	240
8	1449	262.59143620649	241
8	1457	264.359786330614	242
8	1461	264.427919363073	243
8	1473	266.836990217046	244
8	1477	267.103921850267	245
8	1485	270.065636406181	246
8	1493	270.307172317834	247
8	1497	270.341259008798	248
8	1507	271.348650868696	249
8	1515	273.602893427193	250
8	1521	274.746777762492	251
8	1525	276.152831811992	252
8	1531	276.418047365303	253
8	1535	276.717858814103	254
8	1539	277.142979563175	255
8	1545	278.601428548034	256
8	1549	278.906824366245	257
8	1555	279.40583233088	258
8	1561	280.698074232166	259
8	1565	281.526978464893	260
8	1571	282.230296467143	261
8	1579	283.568113166497	262
8	1583	284.574493638501	263
8	1589	286.172253566352	264
8	1593	286.999393718512	265
8	1599	288.054066933967	266
8	1603	288.191714235871	267
8	1607	288.374268556798	268
8	1615	290.8480424174	269
8	1619	290.918432473513	270
8	1631	293.016093218312	271
8	1635	293.444839100709	272
8	1641	295.439317502759	273
8	1653	297.077475543576	274
8	1657	297.38115097305	275
8	1663	298.294527312831	276
8	1667	298.563115969122	277
8	1671	300.456923724314	278
8	1675	301.34778128675	279
8	1681	302.192888846075	280
8	1685	302.203446270755	281
8	1695	308.870271176071	282
8	1699	309.272222612181	283
8	1703	311.201246432028	284
8	1709	313.811103104328	285
8	1717	315.903626010789	286
8	1725	316.438635477382	287
8	1733	318.21365168083	288
8	1739	318.716297172434	289
8	1745	319.302545635935	290
8	1749	319.473222845293	291
8	1753	319.858434605348	292
8	1757	320.055718345789	293
8	1765	322.272451128612	294
8	1769	322.554089533717	295
8	1777	325.900538987731	296
8	1781	326.170352933349	297
8	1787	326.544353837039	298
8	1797	332.578097847743	299
8	1801	333.084294165871	300
8	1805	333.524175633005	301
8	1813	333.762289266	302
8	1819	334.306238046268	303
8	1825	334.508162364951	304
8	1829	335.536403897325	305
8	1837	338.733510744851	306
8	1843	340.165923630023	307
8	1847	340.233149815213	308
8	1857	342.564544242181	309
8	1863	343.123855267139	310
8	1871	345.084793614377	311
8	1877	347.382721859155	312
8	1881	347.572474069346	313
8	1889	348.25974275198	314
8	1893	348.488473800382	315
8	1899	349.093449371547	316
8	1903	349.392221613658	317
8	1907	349.587029984186	318
8	1913	350.838666366921	319
8	1919	351.786703213238	320
8	1925	353.825295262365	321
8	1931	354.578882969888	322
8	1939	358.8133515496	323
8	1949	361.028377788549	324
8	1955	362.026687297188	325
8	1959	363.888516363659	326
8	1963	366.708317780602	327
8	1967	367.107360718461	328
8	1975	370.378387492681	329
8	1979	370.76736779142	330
8	1989	372.460796429237	331
8	1993	372.65656654728	332
8	1997	373.526457965203	333
8	2003	373.827810869268	334
8	2009	374.940206370243	335
8	2017	382.912430851906	336
8	2023	383.875470042912	337
8	2027	384.095236743218	338
8	2033	386.296386144801	339
8	2045	389.701824082588	340
8	2051	390.978426077517	341
8	2057	392.150025765293	342
8	2063	393.632366056408	343
8	2067	393.92689978214	344
8	2077	395.506056128515	345
8	2081	397.00555584355	346
8	2087	397.27886418646	347
8	2091	397.556856441455	348
8	2095	398.116810621986	349
8	2099	398.419883823849	350
8	2105	398.694055439184	351
8	2111	401.060062102594	352
8	2117	403.451302684857	353
8	2129	408.719205495724	354
8	2135	409.540252008372	355
8	2139	410.882490194691	356
8	2143	410.971272619695	357
8	2149	413.443298846729	358
8	2153	414.349538223132	359
8	2159	414.755150897476	360
8	2167	415.857815089261	361
8	2175	417.515922190946	362
8	2179	417.749135074109	363
8	2183	418.956373404533	364
8	2189	419.716516731865	365
8	2195	420.559780261769	366
8	2205	422.103392520535	367
8	2217	424.368104156948	368
8	2223	424.966558331034	369
8	2227	425.844283456521	370
8	2241	429.262290638649	371
8	2249	430.016614639746	372
8	2253	430.28074789753	373
8	2257	430.546089881914	374
8	2261	430.554372521942	375
8	2269	433.293152040259	376
8	2273	433.323167126184	377
8	2277	433.73596824748	378
8	2281	434.703577950071	379
8	2285	434.958774115824	380
8	2295	436.15611056693	381
8	2303	439.716574661102	382
8	2307	439.875349894482	383
8	2313	441.549210973643	384
8	2317	441.728044747915	385
8	2321	442.142239196792	386
8	2325	443.196588763626	387
8	2329	443.257732568122	388
8	2333	443.320045755389	389
8	2339	444.17501056575	390
8	2345	446.455720195475	391
8	2353	449.170562793105	392
8	2357	449.520423208233	393
8	2365	452.001538040953	394
8	2369	452.092222825952	395
8	2381	453.833799497084	396
8	2389	457.042384999508	397
8	2395	458.335775085084	398
8	2399	458.416640687739	399
8	2405	458.844644678704	400
8	2409	459.01523780544	401
8	2413	459.077425605766	402
8	2421	460.393454030531	403
8	2425	461.038464599369	404
8	2429	461.111080429641	405
8	2443	466.646658554104	406
8	2451	468.902114614112	407
8	2457	469.683577701416	408
8	2461	470.688322280228	409
8	2467	471.92271092898	410
8	2475	474.626220413352	411
8	2481	476.511160597448	412
8	2487	477.517677293761	413
8	2491	477.603233384085	414
8	2495	478.825184082865	415
8	2499	480.154292128213	416
8	2507	480.779171633039	417
8	2511	482.978444401228	418
8	2517	483.844981369415	419
8	2521	484.118365563902	420
8	2525	484.285513367756	421
8	2531	485.282167881585	422
8	2537	485.621730611013	423
8	2547	487.768366096804	424
8	2551	487.822411968314	425
8	2555	487.830534204376	426
8	2561	489.613991239228	427
8	2571	491.388226210248	428
8	2575	491.608353102275	429
8	2581	493.524736896008	430
8	2585	493.955286038919	431
8	2591	494.190874952485	432
8	2597	496.762196646242	433
8	2603	497.127911273242	434
8	2609	498.921494554063	435
8	2617	500.64894298811	436
8	2623	501.497647846077	437
8	2627	502.503741695805	438
8	2641	508.091779654377	439
8	2645	508.094406857241	440
8	2649	508.117293333939	441
8	2655	508.461585331836	442
8	2677	512.334564353224	443
8	2693	516.574738103882	444
8	2697	517.124972248147	445
8	2705	518.42270085332	446
8	2713	518.996204082341	447
8	2717	520.277053080652	448
8	2725	520.535254767428	449
8	2731	521.80998328918	450
8	2735	522.403731247611	451
8	2739	523.037011768057	452
8	2743	523.763853320018	453
8	2751	526.646446456925	454
8	2765	528.609661323203	455
8	2769	528.733623425095	456
8	2773	529.651049042989	457
8	2777	530.228309339272	458
8	2781	530.955018970102	459
8	2787	532.217954350902	460
8	2791	534.424522924589	461
8	2799	537.265422910514	462
8	2807	538.268859754763	463
8	2817	541.004100081375	464
8	2821	542.108781142462	465
8	2829	542.962693485319	466
8	2833	543.086783667204	467
8	2841	544.68188312188	468
8	2849	546.279735757426	469
8	2853	547.417965024143	470
8	2857	547.805010414446	471
8	2861	547.902918334736	472
8	2865	548.983998522126	473
8	2869	550.266186218611	474
8	2877	550.965111376088	475
8	2881	550.987911789472	476
8	2891	553.359813518187	477
8	2895	553.739617774783	478
8	2901	555.501438083057	479
8	2905	555.623850495392	480
8	2911	556.143702552699	481
8	2915	558.756834293145	482
8	2919	559.16108099239	483
8	2923	560.09474164807	484
8	2927	560.238549906617	485
8	2931	560.700855721528	486
8	2935	560.744154152222	487
8	2941	561.565311517882	488
8	2949	562.071517865657	489
8	2953	562.925585599244	490
8	2957	565.136117352692	491
8	2967	568.315461143939	492
8	2973	568.714630356037	493
8	2977	569.024035792527	494
8	2981	569.190763608707	495
8	2985	569.506931267692	496
8	2989	569.725409582384	497
8	2997	570.887260717428	498
8	3001	572.187283471089	499
8	3005	573.064958242664	500
8	3011	573.112843757863	501
8	3017	574.173900204541	502
8	3023	574.945943293939	503
8	3041	580.093989091509	504
8	3049	580.573723059995	505
8	3053	581.419056837117	506
8	3057	581.661114253098	507
8	3061	581.94874885375	508
8	3065	582.01437206067	509
8	3069	582.019781706604	510
8	3075	582.661620286234	511
8	3083	584.162511036457	512
8	3087	585.312256935734	513
8	3091	587.03148689449	514
8	3101	587.983390923691	515
8	3105	588.342010485154	516
8	3109	589.350407385233	517
8	3115	590.608728457736	518
8	3121	591.172050198588	519
8	3125	591.316755468053	520
8	3129	591.420050635034	521
8	3133	591.611157483631	522
8	3137	592.208784504539	523
8	3143	595.452093048088	524
8	3149	597.111166558436	525
9	551	100.200872436038	4.209068834898
9	569	104.926168314585	7.782153398633
9	573	105.498494840928	7.335875369153
9	577	106.315996493245	7.489222346742
9	583	107.400384487815	6.241619239005
9	589	107.789949575922	5.889711748773
9	593	107.814766434121	5.804301107763
9	601	109.575938587682	7.524448284428
9	613	111.169527673583	7.449792449794
9	617	111.480599846659	7.344046271448
9	623	113.856514421265	9.297992701113
9	627	114.077064228897	7.331746524174
9	631	114.274791466441	6.659133525107
9	635	114.365920267361	6.245814990098
9	641	115.894961704984	6.443157469337
9	645	116.83144576152	7.023848661907
9	659	118.517429085156	8.562119511726
9	665	119.942624977135	9.843265818592
9	669	120.960911384322	9.951498864098
9	673	122.502718028392	9.399895012862
9	679	123.333818947093	8.590004773131
9	687	125.736174829433	8.766898635015
9	691	125.779847237668	8.763661102945
9	695	126.113371524592	8.698723632925
9	705	127.810916835108	9.489997876259
9	709	128.609516059274	10.260006711013
9	713	128.901350004219	9.338501887082
9	717	129.737898304637	7.109379526608
9	721	131.900581764683	7.745243482272
9	725	132.020399995525	7.109068620753
9	733	132.443022708651	6.289610694912
9	739	133.298040138799	6.487015903516
9	745	133.962571226238	7.136457860055
9	749	134.321279807449	2.144568604054
9	753	134.368868167665	2.120840419954
9	757	134.409477224651	1.796214638614
9	763	134.896440828262	0.952797377584
9	771	136.457457226643	2.03672822235
9	775	136.46913094425	0.94308593427
9	779	136.540578388959	0.868483679555
9	793	141.220426050853	2.917716303
9	797	141.289752512096	2.630769251481
9	801	141.321101181757	2.267344093258
9	807	142.831752909641	3.416685295664
9	811	143.343826768892	3.710036950044
9	819	144.583050849647	3.070776742275
9	823	145.324909799576	1.909602509694
9	827	145.369511501346	1.643875095629
9	835	146.527140478852	0.706943529883
9	839	146.759532935057	0.615548943096
9	847	149.558519160604	1.313617963637
9	853	150.593579413197	1.62192261355
9	857	152.126815887476	2.08166039092
9	865	154.581101293327	0.559877886383
9	871	155.575954154618	1.072805769922
9	875	156.01201022878	1.228983231982
9	883	162.089110341943	3.071417112162
9	887	163.046827758095	3.056197845371
9	893	165.064981700037	0.674530423437
9	899	168.496039544105	0.296228842823
9	907	169.813385140489	0.270328881023
9	911	170.550726466035	0.986136411596
9	921	171.71731615537	1.108944438469
9	927	172.173434445719	1.249258810384
9	931	172.396694882461	1.320044212594
9	937	173.429482941186	1.475186008533
9	943	175.710077723967	3.227479934268
9	947	176.439492267945	2.356951510008
9	961	179.205977486026	2.130502511603
9	965	179.359510691989	2.254602796393
9	969	179.751070505006	2.32078288966
9	979	182.777247674772	5.110173755603
9	985	183.217593345541	5.210051713073
9	989	183.26777051222	3.349221650233
9	993	183.50422394204	2.286233495284
9	997	183.776204160894	2.245260347051
9	1003	184.846157738569	1.982493994991
9	1009	187.297029981631	2.716049896379
9	1013	187.558485599781	0.619012436031
9	1019	190.668592732678	0.059148368344
9	1025	192.126413959733	0.34305562875
9	1033	192.758118697716	0.587339448404
9	1037	192.766071250754	0.528005837939
9	1049	195.913282392621	1.477070475533
9	1057	197.108809791646	2.487153932293
9	1063	198.971065245866	4.003908308447
9	1069	199.668652038033	4.415779976456
9	1077	200.331637488316	4.20478687151
9	1081	201.514667315204	5.068021098565
9	1091	203.982933851321	5.597219037253
9	1095	204.001879075091	4.749311085127
9	1101	205.014910394938	4.992865787784
9	1105	205.145461361891	4.949690192089
9	1111	205.460944191755	2.672908090179
9	1115	205.475353970887	2.378772475899
9	1119	206.022638356493	2.621817921653
9	1123	206.124815494228	2.112252677729
9	1127	206.721698872839	1.488641094386
9	1133	208.86105789821	0.251115864279
9	1141	209.363270124541	0.156330343256
9	1147	210.728572216846	1.380330223356
9	1159	212.63841148554	3.034920775967
9	1165	212.880895446468	1.774024552806
9	1179	215.54363659173	3.767709775143
9	1183	216.578323909594	4.162162527581
9	1189	218.124079152455	5.57538424615
9	1193	218.511603679314	5.630948011878
9	1199	219.374717366988	6.381637812426
9	1207	220.909642664196	7.846553387419
9	1211	221.741489951952	8.669681987511
9	1217	222.782293810745	9.555059190962
9	1221	222.980305377803	8.623519977037
9	1225	223.096988980636	5.340005678244
9	1231	224.392613019873	5.381387873764
9	1235	224.727683162847	5.096900248633
9	1241	225.534378269465	5.084395852724
9	1249	227.978901873963	5.631294550093
9	1253	228.068025609719	3.986553867631
9	1257	228.719951786514	3.977693646459
9	1265	231.138533724109	4.370237568082
9	1271	232.349164465592	4.652073576052
9	1275	233.05315479504	2.521086024301
9	1279	233.094489718976	2.432667129767
9	1283	233.206099739446	1.861458208877
9	1297	236.630864759814	2.136905628555
9	1303	237.231547899446	2.612542627799
9	1311	238.924834024159	2.755446404768
9	1315	239.065933668908	2.82010506103
9	1321	239.276604229206	2.983832722683
9	1327	241.130732336347	4.207086421769
9	1331	241.244176909372	3.026061401502
9	1335	241.498401218981	3.008803049933
9	1339	241.83810469589	2.750827111378
9	1347	242.662541831478	1.633663237977
9	1351	243.286661613046	1.370769655154
9	1359	245.61954335025	3.434610405571
9	1367	248.017474534327	3.906758225158
9	1373	249.215330559014	4.681047930834
9	1377	249.752574199245	4.131047304239
9	1381	249.903284830723	2.542353053345
9	1385	250.183125418598	1.128150133617
9	1391	251.193338159467	0.792702213861
9	1399	254.029946470722	2.588391993663
9	1403	254.920578638221	1.381173661449
9	1409	256.981330869778	0.610547831419
9	1419	258.403728485544	0.839079560518
9	1427	259.412896847178	1.518548270413
9	1431	259.496489293664	1.245664794572
9	1435	259.861178045335	0.991496303071
9	1445	262.577869840293	3.374973974789
9	1449	262.59143620649	1.970830732172
9	1457	264.359786330614	2.492784544969
9	1461	264.427919363073	2.274062260909
9	1473	266.836990217046	3.906292060449
9	1477	267.103921850267	3.572101136673
9	1485	270.065636406181	5.26904206079
9	1493	270.307172317834	4.697303748983
9	1497	270.341259008798	4.59084920323
9	1507	271.348650868696	5.061257749037
9	1515	273.602893427193	5.301493856653
9	1521	274.746777762492	5.533181468951
9	1525	276.152831811992	6.001566369663
9	1531	276.418047365303	6.262212914668
9	1535	276.717858814103	6.374014950373
9	1539	277.142979563175	6.214132397688
9	1545	278.601428548034	7.277030540361
9	1549	278.906824366245	6.908125336274
9	1555	279.40583233088	6.692770311586
9	1561	280.698074232166	6.827318675997
9	1565	281.526978464893	5.135956116631
9	1571	282.230296467143	3.948189838172
9	1579	283.568113166497	4.236185916102
9	1583	284.574493638501	4.128613063727
9	1589	286.172253566352	4.606118320433
9	1593	286.999393718512	4.439604788916
9	1599	288.054066933967	4.95462601538
9	1603	288.191714235871	3.088301729832
9	1607	288.374268556798	1.045135367661
9	1615	290.8480424174	0.319939910563
9	1619	290.918432473513	0.288112314323
9	1631	293.016093218312	1.141070375535
9	1635	293.444839100709	1.086447153985
9	1641	295.439317502759	2.665194822733
9	1653	297.077475543576	4.109341047386
9	1657	297.38115097305	1.984477554303
9	1663	298.294527312831	2.699228624485
9	1667	298.563115969122	2.4853684505
9	1671	300.456923724314	3.892851436683
9	1675	301.34778128675	4.323514433436
9	1681	302.192888846075	4.042415849933
9	1685	302.203446270755	0.535909254941
9	1695	308.870271176071	0.810239736471
9	1699	309.272222612181	1.152899437828
9	1703	311.201246432028	2.783625741639
9	1709	313.811103104328	0.344284709995
9	1717	315.903626010789	0.661275821882
9	1725	316.438635477382	0.551233629346
9	1733	318.21365168083	2.254995169476
9	1739	318.716297172434	2.33622822684
9	1745	319.302545635935	2.289318396638
9	1749	319.473222845293	2.408403345678
9	1753	319.858434605348	1.318383874961
9	1757	320.055718345789	1.156091707197
9	1765	322.272451128612	1.938246168172
9	1769	322.554089533717	2.037819981037
9	1777	325.900538987731	0.77347539348
9	1781	326.170352933349	0.709648023834
9	1787	326.544353837039	0.051744694635
9	1797	332.578097847743	3.339903260524
9	1801	333.084294165871	2.713107848645
9	1805	333.524175633005	2.540855959826
9	1813	333.762289266	0.121472325374
9	1819	334.306238046268	0.61026379848
9	1825	334.508162364951	0.718976829609
9	1829	335.536403897325	1.088235832687
9	1837	338.733510744851	1.474678716144
9	1843	340.165923630023	2.614766298102
9	1847	340.233149815213	0.447360107487
9	1857	342.564544242181	0.973579784181
9	1863	343.123855267139	1.322409121499
9	1871	345.084793614377	2.871380715929
9	1877	347.382721859155	4.459255720122
9	1881	347.572474069346	3.626578001955
9	1889	348.25974275198	3.694485409839
9	1893	348.488473800382	2.817113575408
9	1899	349.093449371547	1.506116255183
9	1903	349.392221613658	1.47678335796
9	1907	349.587029984186	0.710877346094
9	1913	350.838666366921	0.484724753946
9	1919	351.786703213238	0.373223693336
9	1925	353.825295262365	1.469501844176
9	1931	354.578882969888	0.000519298486
9	1939	358.8133515496	1.391886378608
9	1949	361.028377788549	2.667871896327
9	1955	362.026687297188	2.363297367394
9	1959	363.888516363659	3.67743191452
9	1963	366.708317780602	5.922942894243
9	1967	367.107360718461	5.080775825698
9	1975	370.378387492681	1.392445070499
9	1979	370.76736779142	1.61393675902
9	1989	372.460796429237	0.245691974143
9	1993	372.65656654728	0.398095017819
9	1997	373.526457965203	1.239928486842
9	2003	373.827810869268	0.012344560508
9	2009	374.940206370243	0.724436426859
9	2017	382.912430851906	4.095362549176
9	2023	383.875470042912	1.898286031656
9	2027	384.095236743218	0.529943993933
9	2033	386.296386144801	1.657769413586
9	2045	389.701824082588	1.246185901751
9	2051	390.978426077517	1.586677605035
9	2057	392.150025765293	2.49449064889
9	2063	393.632366056408	3.968844874034
9	2067	393.92689978214	4.105814807987
9	2077	395.506056128515	4.097776111374
9	2081	397.00555584355	4.773009455426
9	2087	397.27886418646	3.175847252308
9	2091	397.556856441455	3.359742499207
9	2095	398.116810621986	2.699577632563
9	2099	398.419883823849	1.22019080407
9	2105	398.694055439184	0.212624339073
9	2111	401.060062102594	0.628539899418
9	2117	403.451302684857	0.296586852234
9	2129	408.719205495724	3.91166638319
9	2135	409.540252008372	4.633976646299
9	2139	410.882490194691	2.687938161114
9	2143	410.971272619695	2.477976612228
9	2149	413.443298846729	4.236747224939
9	2153	414.349538223132	2.75918191973
9	2159	414.755150897476	0.101986426417
9	2167	415.857815089261	0.788710264069
9	2175	417.515922190946	1.845601521602
9	2179	417.749135074109	0.806930856209
9	2183	418.956373404533	1.909442751281
9	2189	419.716516731865	0.17051114856
9	2195	420.559780261769	0.051609381595
9	2205	422.103392520535	1.060025197538
9	2217	424.368104156948	3.200990698698
9	2223	424.966558331034	3.788295080765
9	2227	425.844283456521	3.696561426407
9	2241	429.262290638649	6.339059676499
9	2249	430.016614639746	5.880417216716
9	2253	430.28074789753	6.095175026768
9	2257	430.546089881914	5.929909668943
9	2261	430.554372521942	3.548834683246
9	2269	433.293152040259	6.058761586056
9	2273	433.323167126184	5.995212695395
9	2277	433.73596824748	5.24060359733
9	2281	434.703577950071	5.876283501665
9	2285	434.958774115824	5.643604105518
9	2295	436.15611056693	6.719729910617
9	2303	439.716574661102	7.492943310097
9	2307	439.875349894482	7.063984242049
9	2313	441.549210973643	6.192523345655
9	2317	441.728044747915	6.148549694368
9	2321	442.142239196792	6.001886059494
9	2325	443.196588763626	6.994034442733
9	2329	443.257732568122	3.61725555475
9	2333	443.320045755389	2.682298856511
9	2339	444.17501056575	0.056090978851
9	2345	446.455720195475	0.455209707618
9	2353	449.170562793105	1.380795754325
9	2357	449.520423208233	1.04605850455
9	2365	452.001538040953	1.899210445668
9	2369	452.092222825952	0.470154655527
9	2381	453.833799497084	1.552725434388
9	2389	457.042384999508	4.394793560284
9	2395	458.335775085084	5.519089599711
9	2399	458.416640687739	5.201756047764
9	2405	458.844644678704	2.979995131748
9	2409	459.01523780544	3.059937188859
9	2413	459.077425605766	1.731127455646
9	2421	460.393454030531	1.822252640778
9	2425	461.038464599369	1.247882855708
9	2429	461.111080429641	1.190760541995
9	2443	466.646658554104	2.202915435659
9	2451	468.902114614112	4.36550582506
9	2457	469.683577701416	5.111246795792
9	2461	470.688322280228	5.551973551745
9	2467	471.92271092898	5.663714560722
9	2475	474.626220413352	5.83765663797
9	2481	476.511160597448	7.695202528237
9	2487	477.517677293761	7.97554055798
9	2491	477.603233384085	6.061224511861
9	2495	478.825184082865	6.856978673599
9	2499	480.154292128213	7.787535009788
9	2507	480.779171633039	4.38263214306
9	2511	482.978444401228	5.606080819394
9	2517	483.844981369415	3.260433741411
9	2521	484.118365563902	3.378287129144
9	2525	484.285513367756	0.833489658546
9	2531	485.282167881585	0.390824545593
9	2537	485.621730611013	0.18756085165
9	2547	487.768366096804	1.730976191995
9	2551	487.822411968314	1.587903118298
9	2555	487.830534204376	1.56817600157
9	2561	489.613991239228	0.084996968425
9	2571	491.388226210248	0.611455011146
9	2575	491.608353102275	0.509432736106
9	2581	493.524736896008	2.244383105033
9	2585	493.955286038919	1.845767276771
9	2591	494.190874952485	0.205519126201
9	2597	496.762196646242	0.331080915991
9	2603	497.127911273242	0.030502204097
9	2609	498.921494554063	0.33873458862
9	2617	500.64894298811	1.124868815376
9	2623	501.497647846077	1.236092627188
9	2627	502.503741695805	1.104844217354
9	2641	508.091779654377	3.434168221315
9	2645	508.094406857241	1.652894495465
9	2649	508.117293333939	1.094584905389
9	2655	508.461585331836	0.822023387974
9	2677	512.334564353224	4.376482246218
9	2693	516.574738103882	8.349736236809
9	2697	517.124972248147	7.6596268307
9	2705	518.42270085332	8.940360349463
9	2713	518.996204082341	8.907270907983
9	2717	520.277053080652	10.01340854843
9	2725	520.535254767428	9.417228025275
9	2731	521.80998328918	9.946627644991
9	2735	522.403731247611	10.468009944484
9	2739	523.037011768057	10.936574411278
9	2743	523.763853320018	11.494679129301
9	2751	526.646446456925	13.393537528732
9	2765	528.609661323203	15.093184602603
9	2769	528.733623425095	14.373135167519
9	2773	529.651049042989	13.572273062412
9	2777	530.228309339272	13.874589752724
9	2781	530.955018970102	14.50318290197
9	2787	532.217954350902	14.636366103416
9	2791	534.424522924589	16.758496887158
9	2799	537.265422910514	18.827847999048
9	2807	538.268859754763	19.392682724114
9	2817	541.004100081375	20.683678325846
9	2821	542.108781142462	21.63491569972
9	2829	542.962693485319	22.345334264829
9	2833	543.086783667204	18.512115077041
9	2841	544.68188312188	19.022993609555
9	2849	546.279735757426	19.557294341472
9	2853	547.417965024143	20.585115458523
9	2857	547.805010414446	20.555545833805
9	2861	547.902918334736	20.627975832932
9	2865	548.983998522126	20.398837349032
9	2869	550.266186218611	19.254459544112
9	2877	550.965111376088	15.532946194987
9	2881	550.987911789472	14.65976034539
9	2891	553.359813518187	15.527681215685
9	2895	553.739617774783	15.61610668121
9	2901	555.501438083057	16.542145387939
9	2905	555.623850495392	16.197850071748
9	2911	556.143702552699	16.035884080864
9	2915	558.756834293145	16.592784812485
9	2919	559.16108099239	16.315961378938
9	2923	560.09474164807	16.916994815837
9	2927	560.238549906617	16.899008924745
9	2931	560.700855721528	15.382581381784
9	2935	560.744154152222	14.762473871009
9	2941	561.565311517882	11.230166897108
9	2949	562.071517865657	11.285167124712
9	2953	562.925585599244	11.219874559542
9	2957	565.136117352692	12.087119631996
9	2967	568.315461143939	15.213174408322
9	2973	568.714630356037	14.738256201289
9	2977	569.024035792527	13.161345385584
9	2981	569.190763608707	7.836984372608
9	2985	569.506931267692	7.727540315946
9	2989	569.725409582384	7.686879239299
9	2997	570.887260717428	5.712728628327
9	3001	572.187283471089	5.10186256471
9	3005	573.064958242664	5.710736550968
9	3011	573.112843757863	4.425275105327
9	3017	574.173900204541	3.744873097299
9	3023	574.945943293939	4.313346907298
9	3041	580.093989091509	7.000653071174
9	3049	580.573723059995	6.917237284492
9	3053	581.419056837117	7.152409279235
9	3057	581.661114253098	6.50878366573
9	3061	581.94874885375	6.395447799692
9	3065	582.01437206067	6.417297505267
9	3069	582.019781706604	6.094914720716
9	3075	582.661620286234	6.298721654485
9	3083	584.162511036457	5.151865301267
9	3087	585.312256935734	5.998296935149
9	3091	587.03148689449	6.929458265381
9	3101	587.983390923691	7.741262121214
9	3105	588.342010485154	5.817438819091
9	3109	589.350407385233	5.892076164919
9	3115	590.608728457736	6.662571870996
9	3121	591.172050198588	3.870821697918
9	3125	591.316755468053	3.967196178615
9	3129	591.420050635034	3.860591610159
9	3133	591.611157483631	1.210915220594
9	3137	592.208784504539	1.24761215931
9	3143	595.452093048088	0.082447292093
9	3149	597.111166558436	0.318730596317

