version 3
run HighLoad_RoundRobin-48-20260126-11:00:30-303
attr configname HighLoad_RoundRobin
attr datetime 20260126-11:00:30
attr datetimef 20260126-110030
attr experiment HighLoad_RoundRobin
attr inifile simulations/nwsim_project/omnetpp.ini
attr iterationvars ""
attr iterationvarsd ""
attr iterationvarsf ""
attr measurement ""
attr network CrossTraffic
attr processid 303
attr repetition 48
attr replication #48
attr resultdir results
attr runnumber 48
attr seedset 48
config description "High Load - Round-Robin Mode (100% more traffic)"
config *.Junc*.junctionMode "\"roundrobin\""
config *.EndNW.spawnInterval exponential(200s)
config *.EndNE.spawnInterval exponential(300s)
config *.EndEN.spawnInterval exponential(250s)
config *.EndES.spawnInterval exponential(365s)
config *.EndSE.spawnInterval exponential(225s)
config *.EndSW.spawnInterval exponential(250s)
config *.EndWS.spawnInterval exponential(300s)
config *.EndWN.spawnInterval exponential(350s)
config network CrossTraffic
config sim-time-limit 20000s
config warmup-period 1000s
config repeat 50
config **.scalar-recording true
config **.vector-recording true
config *.Junc*.junctionMode "\"queue\""
config *.EndNW.spawnInterval exponential(800s)
config *.EndNE.spawnInterval exponential(1200s)
config *.EndEN.spawnInterval exponential(1000s)
config *.EndES.spawnInterval exponential(1500s)
config *.EndSE.spawnInterval exponential(900s)
config *.EndSW.spawnInterval exponential(1100s)
config *.EndWS.spawnInterval exponential(1300s)
config *.EndWN.spawnInterval exponential(1400s)

vector 0 CrossTraffic.JuncNW queueLength:vector ETV
attr interpolationmode sample-hold
attr recordingmode vector
attr source queueLength
attr title "Queue Length"
vector 1 CrossTraffic.JuncNW junctionProcessingTime:vector ETV
attr recordingmode vector
attr source junctionProcessingTime
attr title "Junction Processing Time"
vector 2 CrossTraffic.JuncNW vehicleCount:vector ETV
attr recordingmode vector
attr source vehicleCount
attr title "Vehicle Count"
vector 3 CrossTraffic.JuncNE queueLength:vector ETV
attr interpolationmode sample-hold
attr recordingmode vector
attr source queueLength
attr title "Queue Length"
vector 4 CrossTraffic.JuncNE junctionProcessingTime:vector ETV
attr recordingmode vector
attr source junctionProcessingTime
attr title "Junction Processing Time"
vector 5 CrossTraffic.JuncNE vehicleCount:vector ETV
attr recordingmode vector
attr source vehicleCount
attr title "Vehicle Count"
vector 6 CrossTraffic.JuncSE queueLength:vector ETV
attr interpolationmode sample-hold
attr recordingmode vector
attr source queueLength
attr title "Queue Length"
vector 7 CrossTraffic.JuncSE junctionProcessingTime:vector ETV
attr recordingmode vector
attr source junctionProcessingTime
attr title "Junction Processing Time"
vector 8 CrossTraffic.JuncSE vehicleCount:vector ETV
attr recordingmode vector
attr source vehicleCount
attr title "Vehicle Count"
vector 9 CrossTraffic.JuncSW queueLength:vector ETV
attr interpolationmode sample-hold
attr recordingmode vector
attr source queueLength
attr title "Queue Length"
vector 10 CrossTraffic.JuncSW junctionProcessingTime:vector ETV
attr recordingmode vector
attr source junctionProcessingTime
attr title "Junction Processing Time"
vector 11 CrossTraffic.JuncSW vehicleCount:vector ETV
attr recordingmode vector
attr source vehicleCount
attr title "Vehicle Count"
vector 12 CrossTraffic.EndNW travelTime:vector ETV
attr recordingmode vector
attr source travelTime
attr title "Vehicle Travel Time"
vector 13 CrossTraffic.EndNW junctionTime:vector ETV
attr recordingmode vector
attr source junctionTime
attr title "Total Junction Time per Vehicle"
vector 14 CrossTraffic.EndNW junctionCount:vector ETV
attr recordingmode vector
attr source junctionCount
attr title "Junctions Visited per Vehicle"
vector 15 CrossTraffic.EndNE travelTime:vector ETV
attr recordingmode vector
attr source travelTime
attr title "Vehicle Travel Time"
vector 16 CrossTraffic.EndNE junctionTime:vector ETV
attr recordingmode vector
attr source junctionTime
attr title "Total Junction Time per Vehicle"
vector 17 CrossTraffic.EndNE junctionCount:vector ETV
attr recordingmode vector
attr source junctionCount
attr title "Junctions Visited per Vehicle"
vector 18 CrossTraffic.EndEN travelTime:vector ETV
attr recordingmode vector
attr source travelTime
attr title "Vehicle Travel Time"
vector 19 CrossTraffic.EndEN junctionTime:vector ETV
attr recordingmode vector
attr source junctionTime
attr title "Total Junction Time per Vehicle"
vector 20 CrossTraffic.EndEN junctionCount:vector ETV
attr recordingmode vector
attr source junctionCount
attr title "Junctions Visited per Vehicle"
vector 21 CrossTraffic.EndES travelTime:vector ETV
attr recordingmode vector
attr source travelTime
attr title "Vehicle Travel Time"
vector 22 CrossTraffic.EndES junctionTime:vector ETV
attr recordingmode vector
attr source junctionTime
attr title "Total Junction Time per Vehicle"
vector 23 CrossTraffic.EndES junctionCount:vector ETV
attr recordingmode vector
attr source junctionCount
attr title "Junctions Visited per Vehicle"
vector 24 CrossTraffic.EndSE travelTime:vector ETV
attr recordingmode vector
attr source travelTime
attr title "Vehicle Travel Time"
vector 25 CrossTraffic.EndSE junctionTime:vector ETV
attr recordingmode vector
attr source junctionTime
attr title "Total Junction Time per Vehicle"
vector 26 CrossTraffic.EndSE junctionCount:vector ETV
attr recordingmode vector
attr source junctionCount
attr title "Junctions Visited per Vehicle"
vector 27 CrossTraffic.EndSW travelTime:vector ETV
attr recordingmode vector
attr source travelTime
attr title "Vehicle Travel Time"
vector 28 CrossTraffic.EndSW junctionTime:vector ETV
attr recordingmode vector
attr source junctionTime
attr title "Total Junction Time per Vehicle"
vector 29 CrossTraffic.EndSW junctionCount:vector ETV
attr recordingmode vector
attr source junctionCount
attr title "Junctions Visited per Vehicle"
vector 30 CrossTraffic.EndWS travelTime:vector ETV
attr recordingmode vector
attr source travelTime
attr title "Vehicle Travel Time"
vector 31 CrossTraffic.EndWS junctionTime:vector ETV
attr recordingmode vector
attr source junctionTime
attr title "Total Junction Time per Vehicle"
vector 32 CrossTraffic.EndWS junctionCount:vector ETV
attr recordingmode vector
attr source junctionCount
attr title "Junctions Visited per Vehicle"
vector 33 CrossTraffic.EndWN travelTime:vector ETV
attr recordingmode vector
attr source travelTime
attr title "Vehicle Travel Time"
vector 34 CrossTraffic.EndWN junctionTime:vector ETV
attr recordingmode vector
attr source junctionTime
attr title "Total Junction Time per Vehicle"
vector 35 CrossTraffic.EndWN junctionCount:vector ETV
attr recordingmode vector
attr source junctionCount
attr title "Junctions Visited per Vehicle"
0	305	1020	0
0	305	1020	0
0	312	1050	0
0	312	1050	0
0	323	1080	0
0	323	1080	0
0	328	1110	0
0	328	1110	0
0	332	1119.915190830084	1
0	337	1140	1
0	337	1140	1
0	347	1170	1
0	347	1170	1
0	355	1200	1
0	355	1200	0
0	360	1230	0
0	360	1230	0
0	365	1245.875051579374	1
0	367	1260	1
0	367	1260	1
0	371	1260.671859068122	2
0	378	1282.832350992139	3
0	379	1290	3
0	379	1290	1
0	385	1320	1
0	385	1320	0
0	393	1350	0
0	393	1350	0
0	399	1380	0
0	399	1380	0
0	408	1393.161965800666	1
0	411	1410	1
0	411	1410	1
0	420	1440	1
0	420	1440	0
0	426	1470	0
0	426	1470	0
0	434	1492.887276275063	1
0	435	1500	1
0	435	1500	1
0	444	1530	1
0	444	1530	1
0	453	1560	1
0	453	1560	0
0	459	1570.02976973046	1
0	460	1585.704726053096	2
0	461	1590	2
0	461	1590	0
0	466	1618.648132033568	1
0	467	1620	1
0	467	1620	1
0	475	1650	1
0	475	1650	1
0	482	1680	1
0	482	1680	0
0	494	1710	0
0	494	1710	0
0	502	1739.83810462596	1
0	503	1740	1
0	503	1740	1
0	508	1770	1
0	508	1770	0
0	517	1800	0
0	517	1800	0
0	522	1804.66620112583	1
0	527	1830	1
0	527	1830	0
0	533	1860	0
0	533	1860	0
0	540	1890	0
0	540	1890	0
0	545	1900	1
0	551	1920	1
0	551	1920	1
0	559	1950	1
0	559	1950	0
0	566	1980	0
0	566	1980	0
0	574	2010	0
0	574	2010	0
0	582	2040	0
0	582	2040	0
0	586	2043.064241729867	1
0	588	2050	2
0	592	2070	2
0	592	2070	1
0	601	2100	1
0	601	2100	1
0	606	2130	1
0	606	2130	0
0	616	2160	0
0	616	2160	0
0	623	2171.003641520977	1
0	624	2181.394433781268	2
0	625	2190	2
0	625	2190	1
0	629	2195.62587995447	2
0	632	2204.227805013012	3
0	634	2220	3
0	634	2220	3
0	640	2250	3
0	640	2250	0
0	644	2253.595194303949	1
0	652	2280	1
0	652	2280	0
0	661	2310	0
0	661	2310	0
0	667	2340	0
0	667	2340	0
0	676	2370	0
0	676	2370	0
0	682	2380	1
0	684	2400	1
0	684	2400	1
0	688	2410	2
0	691	2430	2
0	691	2430	0
0	696	2440	1
0	697	2460	1
0	697	2460	0
0	703	2490	0
0	703	2490	0
0	712	2520	0
0	712	2520	0
0	718	2530	1
0	720	2550	1
0	720	2550	0
0	727	2580	0
0	727	2580	0
0	732	2582.090856808463	1
0	737	2610	1
0	737	2610	1
0	744	2640	1
0	744	2640	0
0	752	2670	0
0	752	2670	0
0	758	2682.059561297777	1
0	759	2700	1
0	759	2700	1
0	764	2730	1
0	764	2730	1
0	771	2760	1
0	771	2760	0
0	776	2765.949673323007	1
0	779	2770	2
0	781	2776.165899510337	3
0	782	2790	3
0	782	2790	2
0	786	2802.109332685933	3
0	787	2820	3
0	787	2820	3
0	791	2850	3
0	791	2850	1
0	795	2857.085871633403	2
0	797	2860	3
0	801	2866.65483265969	4
0	804	2880	4
0	804	2880	2
0	811	2910	2
0	811	2910	0
0	817	2940	0
0	817	2940	0
0	827	2964.114467546618	1
0	829	2970	1
0	829	2970	1
0	836	2980	2
0	839	3000	2
0	839	3000	1
0	850	3030	1
0	850	3030	0
0	856	3060	0
0	856	3060	0
0	861	3063.516741772399	1
0	863	3069.017203798175	2
0	868	3090	2
0	868	3090	1
0	881	3113.156831742627	2
0	882	3120	2
0	882	3120	0
0	889	3130	1
0	891	3137.361298914095	2
0	893	3150	2
0	893	3150	0
0	898	3165.222647073058	1
0	899	3174.715523448842	2
0	900	3180	2
0	900	3180	2
0	906	3196.022330449151	3
0	912	3210	3
0	912	3210	2
0	924	3231.745596863056	3
0	925	3240	3
0	925	3240	0
0	933	3270	0
0	933	3270	0
0	938	3300	0
0	938	3300	0
0	949	3312.313203419859	1
0	955	3330	1
0	955	3330	1
0	965	3360	1
0	965	3360	0
0	970	3390	0
0	970	3390	0
0	980	3420	0
0	980	3420	0
0	990	3450	0
0	990	3450	0
0	1000	3480	0
0	1000	3480	0
0	1006	3510	0
0	1006	3510	0
0	1011	3519.722796251335	1
0	1015	3540	1
0	1015	3540	1
0	1023	3570	1
0	1023	3570	0
0	1032	3600	0
0	1032	3600	0
0	1039	3630	0
0	1039	3630	0
0	1048	3660	0
0	1048	3660	0
0	1054	3671.152933356766	1
0	1058	3690	1
0	1058	3690	1
0	1062	3711.08660767207	2
0	1063	3720	2
0	1063	3720	1
0	1072	3750	1
0	1072	3750	0
0	1079	3780	0
0	1079	3780	0
0	1087	3810	0
0	1087	3810	0
0	1093	3834.049518106813	1
0	1094	3840	1
0	1094	3840	1
0	1099	3850	2
0	1100	3870	2
0	1100	3870	0
0	1106	3900	0
0	1106	3900	0
0	1110	3900.943376574965	1
0	1115	3930	1
0	1115	3930	1
0	1123	3960	1
0	1123	3960	0
0	1129	3990	0
0	1129	3990	0
0	1138	4020	0
0	1138	4020	0
0	1147	4050	0
0	1147	4050	0
0	1156	4080	0
0	1156	4080	0
0	1164	4110	0
0	1164	4110	0
0	1172	4133.254516210452	1
0	1173	4140	1
0	1173	4140	1
0	1182	4170	1
0	1182	4170	1
0	1189	4184.860811270767	2
0	1191	4200	2
0	1191	4200	0
0	1199	4230	0
0	1199	4230	0
0	1207	4260	0
0	1207	4260	0
0	1213	4271.138377953948	1
0	1215	4290	1
0	1215	4290	1
0	1225	4320	1
0	1225	4320	0
0	1233	4350	0
0	1233	4350	0
0	1239	4360	1
0	1240	4380	1
0	1240	4380	0
0	1246	4410	0
0	1246	4410	0
0	1255	4440	0
0	1255	4440	0
0	1259	4450	1
0	1260	4470	1
0	1260	4470	0
0	1269	4500	0
0	1269	4500	0
0	1275	4530	0
0	1275	4530	0
0	1281	4560	0
0	1281	4560	0
0	1290	4590	0
0	1290	4590	0
0	1295	4620	0
0	1295	4620	0
0	1304	4647.533633417622	1
0	1305	4650	1
0	1305	4650	1
0	1309	4680	1
0	1309	4680	0
0	1315	4710	0
0	1315	4710	0
0	1323	4740	0
0	1323	4740	0
0	1327	4770	0
0	1327	4770	0
0	1336	4800	0
0	1336	4800	0
0	1342	4830	0
0	1342	4830	0
0	1347	4860	0
0	1347	4860	0
0	1355	4887.670188869079	1
0	1356	4890	1
0	1356	4890	0
0	1361	4912.359364331939	1
0	1362	4920	1
0	1362	4920	0
0	1367	4950	0
0	1367	4950	0
0	1371	4960	1
0	1373	4980	1
0	1373	4980	0
0	1377	4980.131617465288	1
0	1381	4994.377955807615	2
0	1382	5010	2
0	1382	5010	1
0	1389	5040	1
0	1389	5040	0
0	1396	5070	0
0	1396	5070	0
0	1401	5100	0
0	1401	5100	0
0	1408	5130	0
0	1408	5130	0
0	1412	5131.801654659558	1
0	1421	5160	1
0	1421	5160	0
0	1428	5190	0
0	1428	5190	0
0	1432	5220	0
0	1432	5220	0
0	1438	5249.343373117825	1
0	1439	5250	1
0	1439	5250	1
0	1450	5280	1
0	1450	5280	0
0	1454	5290	1
0	1455	5310	1
0	1455	5310	0
0	1459	5340	0
0	1459	5340	0
0	1466	5370	0
0	1466	5370	0
0	1474	5400	0
0	1474	5400	0
0	1482	5430	0
0	1482	5430	0
0	1489	5460	0
0	1489	5460	0
0	1496	5490	0
0	1496	5490	0
0	1503	5520	0
0	1503	5520	0
0	1510	5550	0
0	1510	5550	0
0	1517	5580	0
0	1517	5580	0
0	1526	5610	0
0	1526	5610	0
0	1531	5640	0
0	1531	5640	0
0	1537	5665.128808699052	1
0	1538	5670	1
0	1538	5670	0
0	1543	5700	0
0	1543	5700	0
0	1552	5730	0
0	1552	5730	0
0	1556	5760	0
0	1556	5760	0
0	1563	5790	0
0	1563	5790	0
0	1572	5820	0
0	1572	5820	0
0	1578	5850	0
0	1578	5850	0
0	1583	5880	0
0	1583	5880	0
0	1588	5907.674343549022	1
0	1590	5910	1
0	1590	5910	0
0	1594	5920	1
0	1598	5939.228336172776	2
0	1599	5940	2
0	1599	5940	1
0	1605	5970	1
0	1605	5970	1
0	1610	6000	1
0	1610	6000	0
0	1618	6030	0
0	1618	6030	0
0	1623	6039.119183841037	1
0	1626	6060	1
0	1626	6060	1
0	1635	6090	1
0	1635	6090	0
0	1644	6120	0
0	1644	6120	0
0	1650	6150	0
0	1650	6150	0
0	1658	6180	0
0	1658	6180	0
0	1670	6210	0
0	1670	6210	0
0	1675	6240	0
0	1675	6240	0
0	1679	6250	1
0	1684	6270	1
0	1684	6270	0
0	1693	6300	0
0	1693	6300	0
0	1699	6330	0
0	1699	6330	0
0	1703	6340	1
0	1705	6353.619880824132	2
0	1707	6360	2
0	1707	6360	1
0	1712	6370	2
0	1713	6370	3
0	1715	6390	3
0	1715	6390	0
0	1723	6420	0
0	1723	6420	0
0	1728	6450	0
0	1728	6450	0
0	1733	6480	0
0	1733	6480	0
0	1743	6510	0
0	1743	6510	0
0	1748	6540	0
0	1748	6540	0
0	1755	6570	0
0	1755	6570	0
0	1762	6600	0
0	1762	6600	0
0	1767	6630	0
0	1767	6630	0
0	1775	6660	0
0	1775	6660	0
0	1779	6664.995186470854	1
0	1780	6672.50586733395	2
0	1781	6688.53822979336	3
0	1782	6690	3
0	1782	6690	3
0	1788	6720	3
0	1788	6720	0
0	1793	6750	0
0	1793	6750	0
0	1800	6780	0
0	1800	6780	0
0	1806	6810	0
0	1806	6810	0
0	1815	6840	0
0	1815	6840	0
0	1822	6870	0
0	1822	6870	0
0	1827	6900	0
0	1827	6900	0
0	1836	6930	0
0	1836	6930	0
0	1845	6960	0
0	1845	6960	0
0	1850	6970	1
0	1852	6990	1
0	1852	6990	0
0	1860	7020	0
0	1860	7020	0
0	1868	7047.491756283809	1
0	1869	7050	1
0	1869	7050	0
0	1875	7080	0
0	1875	7080	0
0	1882	7110	0
0	1882	7110	0
0	1887	7140	0
0	1887	7140	0
0	1894	7170	0
0	1894	7170	0
0	1899	7177.371466242925	1
0	1903	7200	1
0	1903	7200	0
0	1909	7230	0
0	1909	7230	0
0	1915	7260	0
0	1915	7260	0
0	1921	7271.91744619902	1
0	1922	7290	1
0	1922	7290	1
0	1931	7320	1
0	1931	7320	0
0	1935	7350	0
0	1935	7350	0
0	1942	7380	0
0	1942	7380	0
0	1946	7390.429227148898	1
0	1948	7410	1
0	1948	7410	1
0	1955	7440	1
0	1955	7440	0
0	1961	7470	0
0	1961	7470	0
0	1965	7500	0
0	1965	7500	0
0	1970	7530	0
0	1970	7530	0
0	1979	7560	0
0	1979	7560	0
0	1983	7590	0
0	1983	7590	0
0	1989	7610.73091794571	1
0	1990	7620	1
0	1990	7620	1
0	1995	7650	1
0	1995	7650	0
0	2002	7680	0
0	2002	7680	0
0	2006	7710	0
0	2006	7710	0
0	2011	7740	0
0	2011	7740	0
0	2020	7761.3910326299	1
0	2021	7770	1
0	2021	7770	0
0	2025	7800	0
0	2025	7800	0
0	2030	7830	0
0	2030	7830	0
0	2041	7860	0
0	2041	7860	0
0	2046	7890	0
0	2046	7890	0
0	2052	7920	0
0	2052	7920	0
0	2060	7950	0
0	2060	7950	0
0	2070	7980	0
0	2070	7980	0
0	2078	8010	0
0	2078	8010	0
0	2083	8020	1
0	2085	8040	1
0	2085	8040	1
0	2090	8070	1
0	2090	8070	0
0	2100	8100	0
0	2100	8100	0
0	2108	8130	0
0	2108	8130	0
0	2112	8140	1
0	2114	8160	1
0	2114	8160	1
0	2119	8170	2
0	2122	8190	2
0	2122	8190	0
0	2134	8220	0
0	2134	8220	0
0	2142	8250	0
0	2142	8250	0
0	2147	8280	0
0	2147	8280	0
0	2158	8310	0
0	2158	8310	0
0	2166	8340	0
0	2166	8340	0
0	2174	8369.274501670635	1
0	2175	8370	1
0	2175	8370	1
0	2184	8392.145584699894	2
0	2186	8400	2
0	2186	8400	1
0	2194	8430	1
0	2194	8430	0
0	2205	8460	0
0	2205	8460	0
0	2210	8490	0
0	2210	8490	0
0	2218	8509.977044778492	1
0	2220	8520	1
0	2220	8520	0
0	2229	8550	0
0	2229	8550	0
0	2236	8560	1
0	2239	8580	1
0	2239	8580	0
0	2247	8610	0
0	2247	8610	0
0	2254	8631.930294245039	1
0	2257	8640	1
0	2257	8640	1
0	2265	8670	1
0	2265	8670	0
0	2276	8697.357303325354	1
0	2277	8700	1
0	2277	8700	1
0	2283	8730	1
0	2283	8730	0
0	2293	8752.871647508111	1
0	2294	8760	1
0	2294	8760	0
0	2307	8790	0
0	2307	8790	0
0	2313	8820	0
0	2313	8820	0
0	2324	8850	0
0	2324	8850	0
0	2332	8880	0
0	2332	8880	0
0	2337	8890	1
0	2339	8897.507462685185	2
0	2340	8910	2
0	2340	8910	1
0	2349	8939.549512340811	2
0	2350	8940	2
0	2350	8940	2
0	2360	8970	2
0	2360	8970	1
0	2370	9000	1
0	2370	9000	0
0	2378	9030	0
0	2378	9030	0
0	2388	9052.52043087815	1
0	2389	9060	1
0	2389	9060	1
0	2398	9078.027389743763	2
0	2401	9090	2
0	2401	9090	1
0	2406	9100	2
0	2408	9120	2
0	2408	9120	1
0	2415	9150	1
0	2415	9150	0
0	2422	9160	1
0	2423	9160	2
0	2425	9180	2
0	2425	9180	0
0	2432	9210	0
0	2432	9210	0
0	2441	9240	0
0	2441	9240	0
0	2449	9270	0
0	2449	9270	0
0	2456	9300	0
0	2456	9300	0
0	2464	9330	0
0	2464	9330	0
0	2472	9357.949990477528	1
0	2473	9360	1
0	2473	9360	0
0	2477	9370	1
0	2478	9390	1
0	2478	9390	0
0	2483	9420	0
0	2483	9420	0
0	2489	9450	0
0	2489	9450	0
0	2501	9480	0
0	2501	9480	0
0	2508	9510	0
0	2508	9510	0
0	2514	9540	0
0	2514	9540	0
0	2521	9570	0
0	2521	9570	0
0	2533	9600	0
0	2533	9600	0
0	2540	9630	0
0	2540	9630	0
0	2545	9638.347201380798	1
0	2546	9660	1
0	2546	9660	1
0	2556	9690	1
0	2556	9690	1
0	2561	9700	2
0	2562	9700	3
0	2566	9720	3
0	2566	9720	2
0	2571	9750	2
0	2571	9750	0
0	2578	9766.030841713618	1
0	2580	9780	1
0	2580	9780	1
0	2588	9808.371713188688	2
0	2589	9810	2
0	2589	9810	2
0	2594	9820	3
0	2596	9840	3
0	2596	9840	1
0	2602	9850	2
0	2606	9870	2
0	2606	9870	0
0	2614	9900	0
0	2614	9900	0
0	2622	9930	0
0	2622	9930	0
0	2631	9960	0
0	2631	9960	0
0	2641	9990	0
0	2641	9990	0
0	2647	10020	0
0	2647	10020	0
0	2654	10047.782703326674	1
0	2655	10050	1
0	2655	10050	1
0	2666	10080	1
0	2666	10080	0
0	2673	10110	0
0	2673	10110	0
0	2679	10140	0
0	2679	10140	0
0	2685	10161.728108426842	1
0	2688	10170	1
0	2688	10170	0
0	2695	10200	0
0	2695	10200	0
0	2701	10230	0
0	2701	10230	0
0	2708	10260	0
0	2708	10260	0
0	2716	10290	0
0	2716	10290	0
0	2723	10320	0
0	2723	10320	0
0	2728	10330	1
0	2732	10343.747998529517	2
0	2733	10350	2
0	2733	10350	1
0	2739	10380	1
0	2739	10380	1
0	2748	10410	1
0	2748	10410	0
0	2757	10440	0
0	2757	10440	0
0	2762	10450	1
0	2766	10470	1
0	2766	10470	0
0	2774	10500	0
0	2774	10500	0
0	2781	10530	0
0	2781	10530	0
0	2790	10560	0
0	2790	10560	0
0	2796	10585.643234101504	1
0	2797	10590	1
0	2797	10590	1
0	2806	10620	1
0	2806	10620	1
0	2812	10650	1
0	2812	10650	0
0	2816	10653.995815390376	1
0	2824	10680	1
0	2824	10680	0
0	2830	10710	0
0	2830	10710	0
0	2837	10725.950963286473	1
0	2838	10740	1
0	2838	10740	1
0	2847	10760.151562665838	2
0	2848	10770	2
0	2848	10770	2
0	2856	10800	2
0	2856	10800	0
0	2862	10830	0
0	2862	10830	0
0	2866	10848.656182194422	1
0	2869	10860	1
0	2869	10860	1
0	2876	10890	1
0	2876	10890	1
0	2885	10920	1
0	2885	10920	0
0	2892	10950	0
0	2892	10950	0
0	2898	10960	1
0	2899	10980	1
0	2899	10980	0
0	2905	11010	0
0	2905	11010	0
0	2914	11040	0
0	2914	11040	0
0	2918	11050	1
0	2921	11070	1
0	2921	11070	0
0	2926	11081.684671017901	1
0	2927	11100	1
0	2927	11100	1
0	2937	11130	1
0	2937	11130	0
0	2943	11160	0
0	2943	11160	0
0	2949	11167.114622561683	1
0	2952	11190	1
0	2952	11190	1
0	2957	11200	2
0	2959	11205.596612255651	3
0	2961	11220	3
0	2961	11220	2
0	2969	11250	2
0	2969	11250	1
0	2974	11261.340251836057	2
0	2977	11280	2
0	2977	11280	0
0	2983	11310	0
0	2983	11310	0
0	2994	11340	0
0	2994	11340	0
0	3002	11370	0
0	3002	11370	0
0	3012	11400	0
0	3012	11400	0
0	3018	11430	0
0	3018	11430	0
0	3023	11436.599780721972	1
0	3025	11454.080434166747	2
0	3028	11460	2
0	3028	11460	2
0	3039	11490	2
0	3039	11490	0
0	3046	11520	0
0	3046	11520	0
0	3050	11529.916356804067	1
0	3051	11535.534195269316	2
0	3052	11550	2
0	3052	11550	2
0	3060	11580	2
0	3060	11580	2
0	3071	11610	2
0	3071	11610	0
0	3076	11640	0
0	3076	11640	0
0	3082	11670	0
0	3082	11670	0
0	3089	11700	0
0	3089	11700	0
0	3093	11704.486830362761	1
0	3099	11730	1
0	3099	11730	0
0	3104	11760	0
0	3104	11760	0
0	3109	11770	1
0	3112	11782.604756789522	2
0	3113	11790	2
0	3113	11790	0
0	3118	11820	0
0	3118	11820	0
0	3122	11827.002307291732	1
0	3125	11850	1
0	3125	11850	0
0	3133	11880	0
0	3133	11880	0
0	3144	11910	0
0	3144	11910	0
0	3150	11940	0
0	3150	11940	0
0	3159	11970	0
0	3159	11970	0
0	3164	11980.089115578232	1
0	3168	12000	1
0	3168	12000	0
0	3174	12030	0
0	3174	12030	0
0	3181	12060	0
0	3181	12060	0
0	3186	12090	0
0	3186	12090	0
0	3193	12120	0
0	3193	12120	0
0	3199	12132.990764788448	1
0	3201	12150	1
0	3201	12150	1
0	3206	12160	2
0	3208	12180	2
0	3208	12180	1
0	3215	12210	1
0	3215	12210	0
0	3222	12240	0
0	3222	12240	0
0	3231	12270	0
0	3231	12270	0
0	3238	12300	0
0	3238	12300	0
0	3247	12330	0
0	3247	12330	0
0	3252	12340	1
0	3253	12340	2
0	3254	12351.902896753676	3
0	3256	12360	3
0	3256	12360	2
0	3263	12390	2
0	3263	12390	0
0	3273	12420	0
0	3273	12420	0
0	3277	12450	0
0	3277	12450	0
0	3283	12460	1
0	3286	12480	1
0	3286	12480	1
0	3294	12510	1
0	3294	12510	0
0	3302	12540	0
0	3302	12540	0
0	3310	12570	0
0	3310	12570	0
0	3317	12600	0
0	3317	12600	0
0	3322	12605.986734268867	1
0	3326	12630	1
0	3326	12630	0
0	3330	12660	0
0	3330	12660	0
0	3338	12690	0
0	3338	12690	0
0	3343	12720	0
0	3343	12720	0
0	3349	12750	0
0	3349	12750	0
0	3353	12760.830272106871	1
0	3355	12780	1
0	3355	12780	1
0	3359	12810	1
0	3359	12810	1
0	3363	12827.490140107298	2
0	3366	12840	2
0	3366	12840	0
0	3371	12870	0
0	3371	12870	0
0	3376	12900	0
0	3376	12900	0
0	3382	12930	0
0	3382	12930	0
0	3392	12960	0
0	3392	12960	0
0	3397	12990	0
0	3397	12990	0
0	3401	13017.667432304598	1
0	3402	13018.157752386208	2
0	3403	13020	2
0	3403	13020	2
0	3412	13050	2
0	3412	13050	2
0	3421	13080	2
0	3421	13080	0
0	3426	13110	0
0	3426	13110	0
0	3434	13140	0
0	3434	13140	0
0	3444	13165.608040688047	1
0	3445	13170	1
0	3445	13170	1
0	3449	13177.016003276892	2
0	3453	13200	2
0	3453	13200	0
0	3460	13230	0
0	3460	13230	0
0	3468	13260	0
0	3468	13260	0
0	3472	13264.579076786218	1
0	3474	13290	1
0	3474	13290	1
0	3484	13320	1
0	3484	13320	0
0	3493	13350	0
0	3493	13350	0
0	3499	13380	0
0	3499	13380	0
0	3506	13410	0
0	3506	13410	0
0	3518	13435.327430327193	1
0	3519	13440	1
0	3519	13440	1
0	3524	13458.159811728453	2
0	3525	13470	2
0	3525	13470	1
0	3532	13500	1
0	3532	13500	1
0	3537	13517.216809971811	2
0	3543	13530	2
0	3543	13530	1
0	3548	13560	1
0	3548	13560	0
0	3553	13570	1
0	3554	13590	1
0	3554	13590	0
0	3564	13620	0
0	3564	13620	0
0	3572	13650	0
0	3572	13650	0
0	3579	13660	1
0	3582	13680	1
0	3582	13680	1
0	3588	13690	2
0	3594	13710	2
0	3594	13710	0
0	3603	13727.06499015703	1
0	3604	13740	1
0	3604	13740	0
0	3612	13761.614668033285	1
0	3613	13762.078421503941	2
0	3614	13770	2
0	3614	13770	1
0	3619	13782.939017486168	2
0	3620	13800	2
0	3620	13800	0
0	3632	13830	0
0	3632	13830	0
0	3638	13853.457289583917	1
0	3639	13860	1
0	3639	13860	1
0	3645	13890	1
0	3645	13890	1
0	3651	13900	2
0	3656	13920	2
0	3656	13920	1
0	3663	13930	2
0	3665	13950	2
0	3665	13950	0
0	3671	13980	0
0	3671	13980	0
0	3680	14010	0
0	3680	14010	0
0	3692	14040	0
0	3692	14040	0
0	3702	14070	0
0	3702	14070	0
0	3706	14079.968669880713	1
0	3707	14100	1
0	3707	14100	1
0	3711	14103.404042911899	2
0	3716	14130	2
0	3716	14130	1
0	3726	14160	1
0	3726	14160	0
0	3733	14190	0
0	3733	14190	0
0	3740	14205.490700737569	1
0	3742	14220	1
0	3742	14220	0
0	3749	14240.179395841225	1
0	3750	14250	1
0	3750	14250	1
0	3754	14257.135352884207	2
0	3757	14280	2
0	3757	14280	1
0	3761	14286.191412470378	2
0	3763	14297.167186840553	3
0	3764	14310	3
0	3764	14310	3
0	3774	14340	3
0	3774	14340	2
0	3780	14370	2
0	3780	14370	0
0	3787	14400	0
0	3787	14400	0
0	3795	14430	0
0	3795	14430	0
0	3799	14432.360704174459	1
0	3802	14460	1
0	3802	14460	1
0	3815	14490	1
0	3815	14490	0
0	3820	14520	0
0	3820	14520	0
0	3826	14550	0
0	3826	14550	0
0	3832	14567.117647330592	1
0	3835	14580	1
0	3835	14580	1
0	3839	14587.774980849886	2
0	3841	14609.216673995883	3
0	3842	14610	3
0	3842	14610	1
0	3847	14640	1
0	3847	14640	0
0	3852	14670	0
0	3852	14670	0
0	3861	14700	0
0	3861	14700	0
0	3870	14730	0
0	3870	14730	0
0	3878	14760	0
0	3878	14760	0
0	3885	14790	0
0	3885	14790	0
0	3892	14805.327524280563	1
0	3894	14820	1
0	3894	14820	1
0	3902	14850	1
0	3902	14850	1
0	3909	14880	1
0	3909	14880	0
0	3916	14897.766858419132	1
0	3918	14910	1
0	3918	14910	0
0	3924	14940	0
0	3924	14940	0
0	3932	14970	0
0	3932	14970	0
0	3937	15000	0
0	3937	15000	0
0	3945	15030	0
0	3945	15030	0
0	3952	15060	0
0	3952	15060	0
0	3957	15090	0
0	3957	15090	0
0	3962	15112.607397737392	1
0	3963	15120	1
0	3963	15120	1
0	3970	15150	1
0	3970	15150	0
0	3976	15180	0
0	3976	15180	0
0	3984	15210	0
0	3984	15210	0
0	3994	15240	0
0	3994	15240	0
0	4000	15270	0
0	4000	15270	0
0	4008	15300	0
0	4008	15300	0
0	4016	15326.865005975051	1
0	4017	15330	1
0	4017	15330	1
0	4023	15340	2
0	4025	15360	2
0	4025	15360	1
0	4032	15390	1
0	4032	15390	0
0	4041	15420	0
0	4041	15420	0
0	4049	15450	0
0	4049	15450	0
0	4054	15460	1
0	4056	15471.461437727542	2
0	4057	15480	2
0	4057	15480	1
0	4064	15490	2
0	4069	15510	2
0	4069	15510	0
0	4077	15540	0
0	4077	15540	0
0	4084	15570	0
0	4084	15570	0
0	4092	15584.453622375043	1
0	4094	15593.005093449149	2
0	4095	15600	2
0	4095	15600	0
0	4106	15630	0
0	4106	15630	0
0	4114	15660	0
0	4114	15660	0
0	4123	15690	0
0	4123	15690	0
0	4134	15720	0
0	4134	15720	0
0	4138	15730	1
0	4139	15730	2
0	4141	15750	2
0	4141	15750	0
0	4145	15751.883054949207	1
0	4146	15780	1
0	4146	15780	1
0	4156	15810	1
0	4156	15810	1
0	4163	15840	1
0	4163	15840	0
0	4172	15870	0
0	4172	15870	0
0	4179	15884.461453031122	1
0	4181	15900	1
0	4181	15900	1
0	4186	15930	1
0	4186	15930	1
0	4198	15960	1
0	4198	15960	0
0	4202	15970	1
0	4206	15990	1
0	4206	15990	0
0	4212	16020	0
0	4212	16020	0
0	4217	16030.663269957445	1
0	4221	16050	1
0	4221	16050	0
0	4230	16080	0
0	4230	16080	0
0	4238	16090	1
0	4242	16110	1
0	4242	16110	0
0	4248	16140	0
0	4248	16140	0
0	4255	16170	0
0	4255	16170	0
0	4267	16200	0
0	4267	16200	0
0	4277	16230	0
0	4277	16230	0
0	4283	16260	0
0	4283	16260	0
0	4289	16290	0
0	4289	16290	0
0	4295	16320	0
0	4295	16320	0
0	4300	16332.765034297532	1
0	4301	16350	1
0	4301	16350	1
0	4310	16360	2
0	4313	16380	2
0	4313	16380	1
0	4322	16410	1
0	4322	16410	0
0	4329	16440	0
0	4329	16440	0
0	4338	16470	0
0	4338	16470	0
0	4346	16496.701170083484	1
0	4347	16496.845860110908	2
0	4348	16500	2
0	4348	16500	2
0	4356	16530	2
0	4356	16530	2
0	4364	16560	2
0	4364	16560	0
0	4368	16570	1
0	4372	16590	1
0	4372	16590	0
0	4380	16620	0
0	4380	16620	0
0	4385	16650	0
0	4385	16650	0
0	4395	16680	0
0	4395	16680	0
0	4404	16710	0
0	4404	16710	0
0	4411	16720	1
0	4412	16740	1
0	4412	16740	0
0	4417	16770	0
0	4417	16770	0
0	4424	16800	0
0	4424	16800	0
0	4429	16810	1
0	4431	16830	1
0	4431	16830	0
0	4437	16840	1
0	4438	16860	1
0	4438	16860	0
0	4446	16890	0
0	4446	16890	0
0	4451	16920	0
0	4451	16920	0
0	4459	16950	0
0	4459	16950	0
0	4465	16960.652459899579	1
0	4466	16980	1
0	4466	16980	1
0	4471	17010	1
0	4471	17010	1
0	4477	17040	1
0	4477	17040	0
0	4485	17070	0
0	4485	17070	0
0	4489	17100	0
0	4489	17100	0
0	4495	17130	0
0	4495	17130	0
0	4503	17160	0
0	4503	17160	0
0	4507	17190	0
0	4507	17190	0
0	4513	17206.090068234563	1
0	4514	17220	1
0	4514	17220	1
0	4522	17250	1
0	4522	17250	1
0	4527	17280	1
0	4527	17280	0
0	4533	17310	0
0	4533	17310	0
0	4537	17320	1
0	4540	17340	1
0	4540	17340	0
0	4546	17370	0
0	4546	17370	0
0	4553	17400	0
0	4553	17400	0
0	4562	17430	0
0	4562	17430	0
0	4572	17460	0
0	4572	17460	0
0	4578	17490	0
0	4578	17490	0
0	4582	17500	1
0	4588	17520	1
0	4588	17520	1
0	4594	17550	1
0	4594	17550	0
0	4598	17551.295842539575	1
0	4599	17580	1
0	4599	17580	1
0	4606	17610	1
0	4606	17610	1
0	4610	17640	1
0	4610	17640	0
0	4616	17650	1
0	4620	17670	1
0	4620	17670	0
0	4626	17700	0
0	4626	17700	0
0	4633	17730	0
0	4633	17730	0
0	4640	17760	0
0	4640	17760	0
0	4647	17790	0
0	4647	17790	0
0	4655	17820	0
0	4655	17820	0
0	4660	17850	0
0	4660	17850	0
0	4667	17880	0
0	4667	17880	0
0	4674	17910	0
0	4674	17910	0
0	4681	17940	0
0	4681	17940	0
0	4686	17970	0
0	4686	17970	0
0	4691	18000	0
0	4691	18000	0
0	4698	18030	0
0	4698	18030	0
0	4704	18040	1
0	4706	18060	1
0	4706	18060	0
0	4711	18090	0
0	4711	18090	0
0	4717	18120	0
0	4717	18120	0
0	4724	18150	0
0	4724	18150	0
0	4731	18180	0
0	4731	18180	0
0	4737	18210	0
0	4737	18210	0
0	4741	18217.109758431026	1
0	4743	18240	1
0	4743	18240	0
0	4750	18270	0
0	4750	18270	0
0	4758	18300	0
0	4758	18300	0
0	4765	18330	0
0	4765	18330	0
0	4773	18360	0
0	4773	18360	0
0	4780	18390	0
0	4780	18390	0
0	4787	18420	0
0	4787	18420	0
0	4794	18435.753662268982	1
0	4796	18450	1
0	4796	18450	1
0	4800	18480	1
0	4800	18480	0
0	4806	18510	0
0	4806	18510	0
0	4814	18540	0
0	4814	18540	0
0	4823	18570	0
0	4823	18570	0
0	4830	18600	0
0	4830	18600	0
0	4839	18630	0
0	4839	18630	0
0	4845	18660	0
0	4845	18660	0
0	4851	18690	0
0	4851	18690	0
0	4863	18720	0
0	4863	18720	0
0	4867	18722.239512608274	1
0	4870	18750	1
0	4870	18750	0
0	4876	18780	0
0	4876	18780	0
0	4881	18808.145791178071	1
0	4882	18810	1
0	4882	18810	1
0	4888	18813.794140627116	2
0	4891	18840	2
0	4891	18840	0
0	4897	18870	0
0	4897	18870	0
0	4903	18900	0
0	4903	18900	0
0	4909	18930	0
0	4909	18930	0
0	4918	18960	0
0	4918	18960	0
0	4923	18990	0
0	4923	18990	0
0	4929	19020	0
0	4929	19020	0
0	4938	19050	0
0	4938	19050	0
0	4943	19080	0
0	4943	19080	0
0	4949	19110	0
0	4949	19110	0
0	4956	19140	0
0	4956	19140	0
0	4961	19148.092687182162	1
0	4964	19170	1
0	4964	19170	1
0	4972	19200	1
0	4972	19200	0
0	4982	19230	0
0	4982	19230	0
0	4989	19260	0
0	4989	19260	0
0	4995	19275.993523688919	1
0	4996	19290	1
0	4996	19290	0
0	5007	19320	0
0	5007	19320	0
0	5014	19350	0
0	5014	19350	0
0	5021	19380	0
0	5021	19380	0
0	5028	19391.131709194151	1
0	5031	19410	1
0	5031	19410	0
0	5037	19420	1
0	5039	19440	1
0	5039	19440	1
0	5048	19470	1
0	5048	19470	0
0	5056	19500	0
0	5056	19500	0
0	5064	19530	0
0	5064	19530	0
0	5074	19560	0
0	5074	19560	0
0	5083	19581.218780233582	1
0	5084	19590	1
0	5084	19590	0
0	5093	19620	0
0	5093	19620	0
0	5104	19650	0
0	5104	19650	0
0	5115	19680	0
0	5115	19680	0
0	5123	19710	0
0	5123	19710	0
0	5129	19727.638332362912	1
0	5131	19740	1
0	5131	19740	1
0	5135	19743.977443861464	2
0	5140	19770	2
0	5140	19770	1
0	5148	19794.915580435455	2
0	5150	19800	2
0	5150	19800	1
0	5156	19810	2
0	5160	19825.720579603028	3
0	5161	19830	3
0	5161	19830	1
0	5168	19860	1
0	5168	19860	1
0	5175	19875.505242601101	2
0	5176	19890	2
0	5176	19890	1
0	5185	19920	1
0	5185	19920	0
0	5191	19930	1
0	5192	19930	2
0	5196	19950	2
0	5196	19950	0
0	5200	19952.293039806906	1
0	5203	19980	1
0	5203	19980	1
1	333	1120	0
1	355	1200	80.084809169916
1	379	1290	44.124948420626
1	379	1290	29.328140931878
1	385	1320	37.167649007861
1	420	1440	46.838034199334
1	453	1560	67.112723724937
1	461	1590	19.97023026954
1	461	1590	4.295273946904
1	482	1680	61.351867966432
1	508	1770	30.16189537404
1	524	1805.316373121137	0
1	525	1808.447099886478	0
1	527	1830	25.33379887417
1	531	1840	0
1	544	1892.198420238355	0
1	559	1950	50
1	592	2070	20
1	606	2130	86.935758270133
1	615	2157.246899866551	0
1	621	2163.995196841905	0
1	625	2190	18.996358479023
1	640	2250	68.605566218732
1	640	2250	54.37412004553
1	640	2250	45.772194986988
1	652	2280	26.404805696051
1	691	2430	50
1	691	2430	20
1	697	2460	20
1	720	2550	20
1	744	2640	57.909143191537
1	771	2760	77.940438702223
1	782	2790	20
1	791	2850	84.050326676993
1	791	2850	73.834100489663
1	804	2880	77.890667314067
1	804	2880	22.914128366597
1	811	2910	50
1	811	2910	43.34516734031
1	823	2950	0
1	833	2977.291231822405	0
1	838	2997.273230192469	0
1	839	3000	35.885532453382
1	849	3029.625059227236	0
1	850	3030	50
1	868	3090	20.982796201825
1	879	3103.346050084964	0
1	882	3120	56.483258227601
1	882	3120	6.843168257373
1	893	3150	20
1	893	3150	12.638701085905
1	912	3210	35.284476551158
1	925	3240	74.777352926942
1	925	3240	43.977669550849
1	925	3240	8.254403136944
1	945	3310	0
1	947	3310	0
1	948	3310	0
1	959	3330.643425221524	0
1	965	3360	47.686796580141
1	1021	3550	0
1	1023	3570	50.277203748665
1	1044	3640	0
1	1063	3720	48.847066643234
1	1072	3750	38.91339232793
1	1100	3870	35.950481893187
1	1100	3870	20
1	1123	3960	59.056623425035
1	1151	4051.918920076074	0
1	1191	4200	66.745483789548
1	1191	4200	15.139188729233
1	1225	4320	48.861622046052
1	1240	4380	20
1	1260	4470	20
1	1265	4480	0
1	1309	4680	32.466366582378
1	1356	4890	2.329811130921
1	1362	4920	7.640635668061
1	1373	4980	20
1	1382	5010	29.868382534712
1	1389	5040	45.622044192385
1	1418	5150.863046878901	0
1	1421	5160	28.198345340442
1	1450	5280	30.656626882175
1	1455	5310	20
1	1514	5560	0
1	1524	5606.29872840716	0
1	1538	5670	4.871191300948
1	1551	5710	0
1	1576	5830	0
1	1582	5873.01680222369	0
1	1590	5910	2.325656450978
1	1599	5940	20
1	1610	6000	60.771663827224
1	1635	6090	50.880816158963
1	1681	6256.695834174582	0
1	1684	6270	20
1	1707	6360	6.380119175868
1	1715	6390	50
1	1715	6390	20
1	1715	6390	20
1	1720	6400	0
1	1721	6400	0
1	1752	6550	0
1	1788	6720	55.004813529146
1	1788	6720	47.49413266605
1	1788	6720	31.46177020664
1	1843	6946.194078910131	0
1	1852	6990	20
1	1869	7050	2.508243716191
1	1903	7200	22.628533757075
1	1931	7320	48.08255380098
1	1955	7440	49.570772851102
1	1995	7650	39.26908205429
1	2021	7770	8.6089673701
1	2029	7824.322148048154	0
1	2082	8017.297616940504	0
1	2090	8070	50
1	2104	8110	0
1	2122	8190	50
1	2122	8190	20
1	2151	8280.724322696179	0
1	2162	8320	0
1	2186	8400	30.725498329365
1	2194	8430	37.854415300106
1	2199	8434.572030195628	0
1	2200	8440	0
1	2220	8520	10.022955221508
1	2239	8580	20
1	2265	8670	38.069705754961
1	2272	8680	0
1	2273	8680	0
1	2274	8680	0
1	2283	8730	32.642696674646
1	2287	8732.505734063732	0
1	2294	8760	7.128352491889
1	2306	8788.972454811675	0
1	2340	8910	20
1	2345	8920	0
1	2354	8947.266623896724	0
1	2360	8970	72.492537314815
1	2370	9000	60.450487659189
1	2384	9040	0
1	2401	9090	37.47956912185
1	2408	9120	41.972610256237
1	2412	9127.858189884161	0
1	2413	9136.480921525479	0
1	2415	9150	50
1	2425	9180	20
1	2425	9180	20
1	2446	9250.729679792909	0
1	2473	9360	2.050009522472
1	2478	9390	20
1	2506	9500.224666335114	0
1	2566	9720	81.652798619202
1	2571	9750	50
1	2571	9750	50
1	2596	9840	73.969158286382
1	2596	9840	31.628286811312
1	2606	9870	50
1	2606	9870	20
1	2611	9880	0
1	2612	9880	0
1	2619	9910	0
1	2666	10080	32.217296673326
1	2688	10170	8.271891573158
1	2715	10270	0
1	2733	10350	20
1	2748	10410	66.252001470483
1	2766	10470	20
1	2794	10561.748330626993	0
1	2812	10650	64.356765898496
1	2824	10680	26.004184609624
1	2856	10800	74.049036713527
1	2856	10800	39.848437334162
1	2885	10920	71.343817805578
1	2899	10980	20
1	2911	11025.510372465552	0
1	2921	11070	20
1	2937	11130	48.315328982099
1	2948	11162.370493524588	0
1	2961	11220	20
1	2969	11250	82.885377438317
1	2977	11280	74.403387744349
1	2977	11280	18.659748163943
1	2982	11294.510180454106	0
1	2999	11350	0
1	3033	11470	0
1	3039	11490	53.400219278028
1	3039	11490	35.919565833253
1	3071	11610	80.083643195933
1	3071	11610	74.465804730684
1	3099	11730	25.513169637239
1	3111	11777.472127622848	0
1	3113	11790	20
1	3113	11790	7.395243210478
1	3125	11850	22.997692708268
1	3168	12000	19.910884421768
1	3208	12180	20
1	3215	12210	77.009235211552
1	3255	12355.508762189006	0
1	3256	12360	8.097103246324
1	3263	12390	50
1	3263	12390	50
1	3268	12400	0
1	3285	12475.466033426811	0
1	3294	12510	50
1	3299	12520	0
1	3326	12630	24.013265731133
1	3366	12840	79.169727893129
1	3366	12840	12.509859892702
1	3421	13080	62.332567695402
1	3421	13080	61.842247613792
1	3453	13200	34.391959311953
1	3453	13200	22.983996723108
1	3464	13232.23118141869	0
1	3467	13240	0
1	3484	13320	55.420923213782
1	3525	13470	34.672569672807
1	3536	13510	0
1	3543	13530	71.840188271547
1	3548	13560	42.783190028189
1	3554	13590	20
1	3590	13700.027218555082	0
1	3593	13708.64501901535	0
1	3594	13710	50
1	3594	13710	20
1	3604	13740	12.93500984297
1	3614	13770	8.385331966715
1	3620	13800	37.921578496059
1	3620	13800	17.060982513832
1	3656	13920	66.542710416083
1	3665	13950	50
1	3665	13950	20
1	3716	14130	26.595957088101
1	3720	14130.991550952894	0
1	3726	14160	80.031330119287
1	3742	14220	14.509299262431
1	3757	14280	39.820604158775
1	3769	14320	0
1	3770	14320	0
1	3774	14340	82.864647115793
1	3780	14370	83.808587529622
1	3780	14370	72.832813159447
1	3815	14490	57.639295825541
1	3842	14610	42.882352669408
1	3842	14610	22.225019150114
1	3847	14640	30.783326004117
1	3883	14780.122450009042	0
1	3909	14880	74.672475719437
1	3918	14910	12.233141580868
1	3970	15150	37.392602262608
1	4021	15331.189460385423	0
1	4025	15360	33.134994024949
1	4032	15390	50
1	4036	15393.719698870812	0
1	4057	15480	8.538562272458
1	4068	15503.84183869625	0
1	4069	15510	50
1	4069	15510	20
1	4074	15520	0
1	4082	15550	0
1	4095	15600	15.546377624957
1	4095	15600	6.994906550851
1	4140	15745.39925196387	0
1	4141	15750	20
1	4141	15750	20
1	4150	15783.683006922201	0
1	4163	15840	88.116945050793
1	4192	15945.20186338477	0
1	4198	15960	75.538546968878
1	4205	15988.696990968999	0
1	4206	15990	20
1	4216	16030	0
1	4221	16050	19.336730042555
1	4242	16110	20
1	4305	16360	0
1	4313	16380	20
1	4322	16410	77.234965702468
1	4364	16560	63.298829916516
1	4364	16560	63.154139889092
1	4372	16590	20
1	4403	16702.88837464403	0
1	4408	16720	0
1	4412	16740	20
1	4431	16830	20
1	4438	16860	20
1	4477	17040	79.347540100421
1	4494	17126.205244987401	0
1	4527	17280	73.909931765437
1	4540	17340	20
1	4594	17550	50
1	4610	17640	88.704157460425
1	4620	17670	20
1	4652	17800	0
1	4706	18060	20
1	4743	18240	22.890241568974
1	4800	18480	44.246337731018
1	4810	18520	0
1	4838	18626.679200141909	0
1	4870	18750	27.760487391726
1	4891	18840	31.854208821929
1	4891	18840	26.205859372884
1	4954	19120	0
1	4972	19200	51.907312817838
1	4996	19290	14.006476311081
1	5001	19293.683289655193	0
1	5011	19321.220162412042	0
1	5031	19410	18.868290805849
1	5048	19470	50
1	5052	19480	0
1	5084	19590	8.781219766418
1	5089	19600	0
1	5100	19630	0
1	5140	19770	42.361667637088
1	5150	19800	56.022556138536
1	5161	19830	35.084419564545
1	5161	19830	20
1	5176	19890	64.279420396972
1	5185	19920	44.494757398899
1	5196	19950	20
1	5196	19950	20
1	5201	19960	0
2	333	1120	28875
2	355	1200	28886
2	379	1290	28890
2	379	1290	28891
2	385	1320	28892
2	420	1440	28894
2	453	1560	28899
2	461	1590	28897
2	461	1590	28898
2	482	1680	28904
2	508	1770	28908
2	524	1805.316373121137	28910
2	525	1808.447099886478	28911
2	527	1830	28906
2	531	1840	28903
2	544	1892.198420238355	28913
2	559	1950	28907
2	592	2070	28914
2	606	2130	28916
2	615	2157.246899866551	28920
2	621	2163.995196841905	28921
2	625	2190	28917
2	640	2250	28922
2	640	2250	28923
2	640	2250	28924
2	652	2280	28925
2	691	2430	28926
2	691	2430	28927
2	697	2460	28929
2	720	2550	28931
2	744	2640	28933
2	771	2760	28936
2	782	2790	28935
2	791	2850	28938
2	791	2850	28941
2	804	2880	28942
2	804	2880	28943
2	811	2910	28937
2	811	2910	28939
2	823	2950	28940
2	833	2977.291231822405	28946
2	838	2997.273230192469	28947
2	839	3000	28945
2	849	3029.625059227236	28949
2	850	3030	28944
2	868	3090	28953
2	879	3103.346050084964	28954
2	882	3120	28952
2	882	3120	28955
2	893	3150	28948
2	893	3150	28950
2	912	3210	28958
2	925	3240	28957
2	925	3240	28960
2	925	3240	28963
2	945	3310	28956
2	947	3310	28961
2	948	3310	28962
2	959	3330.643425221524	28966
2	965	3360	28965
2	1021	3550	28969
2	1023	3570	28970
2	1044	3640	28967
2	1063	3720	28977
2	1072	3750	28974
2	1100	3870	28979
2	1100	3870	28978
2	1123	3960	28981
2	1151	4051.918920076074	28987
2	1191	4200	28990
2	1191	4200	28993
2	1225	4320	28996
2	1240	4380	28994
2	1260	4470	28995
2	1265	4480	28992
2	1309	4680	29004
2	1356	4890	29009
2	1362	4920	29010
2	1373	4980	29006
2	1382	5010	29011
2	1389	5040	29012
2	1418	5150.863046878901	29015
2	1421	5160	29014
2	1450	5280	29018
2	1455	5310	29016
2	1514	5560	29017
2	1524	5606.29872840716	29025
2	1538	5670	29026
2	1551	5710	29027
2	1576	5830	29029
2	1582	5873.01680222369	29032
2	1590	5910	29031
2	1599	5940	29030
2	1610	6000	29033
2	1635	6090	29037
2	1681	6256.695834174582	29047
2	1684	6270	29040
2	1707	6360	29048
2	1715	6390	29042
2	1715	6390	29043
2	1715	6390	29046
2	1720	6400	29039
2	1721	6400	29045
2	1752	6550	29050
2	1788	6720	29053
2	1788	6720	29054
2	1788	6720	29055
2	1843	6946.194078910131	29061
2	1852	6990	29058
2	1869	7050	29065
2	1903	7200	29067
2	1931	7320	29068
2	1955	7440	29073
2	1995	7650	29074
2	2021	7770	29077
2	2029	7824.322148048154	29078
2	2082	8017.297616940504	29084
2	2090	8070	29079
2	2104	8110	29081
2	2122	8190	29083
2	2122	8190	29085
2	2151	8280.724322696179	29094
2	2162	8320	29087
2	2186	8400	29097
2	2194	8430	29095
2	2199	8434.572030195628	29096
2	2200	8440	29090
2	2220	8520	29104
2	2239	8580	29100
2	2265	8670	29105
2	2272	8680	29099
2	2273	8680	29098
2	2274	8680	29101
2	2283	8730	29109
2	2287	8732.505734063732	29111
2	2294	8760	29112
2	2306	8788.972454811675	29115
2	2340	8910	29110
2	2345	8920	29107
2	2354	8947.266623896724	29117
2	2360	8970	29120
2	2370	9000	29121
2	2384	9040	29116
2	2401	9090	29126
2	2408	9120	29127
2	2412	9127.858189884161	29128
2	2413	9136.480921525479	29129
2	2415	9150	29123
2	2425	9180	29124
2	2425	9180	29125
2	2446	9250.729679792909	29131
2	2473	9360	29134
2	2478	9390	29132
2	2506	9500.224666335114	29136
2	2566	9720	29144
2	2571	9750	29139
2	2571	9750	29141
2	2596	9840	29149
2	2596	9840	29152
2	2606	9870	29147
2	2606	9870	29145
2	2611	9880	29138
2	2612	9880	29142
2	2619	9910	29150
2	2666	10080	29155
2	2688	10170	29159
2	2715	10270	29157
2	2733	10350	29160
2	2748	10410	29165
2	2766	10470	29163
2	2794	10561.748330626993	29173
2	2812	10650	29174
2	2824	10680	29176
2	2856	10800	29177
2	2856	10800	29179
2	2885	10920	29181
2	2899	10980	29180
2	2911	11025.510372465552	29185
2	2921	11070	29182
2	2937	11130	29188
2	2948	11162.370493524588	29189
2	2961	11220	29186
2	2969	11250	29190
2	2977	11280	29192
2	2977	11280	29195
2	2982	11294.510180454106	29196
2	2999	11350	29194
2	3033	11470	29197
2	3039	11490	29199
2	3039	11490	29200
2	3071	11610	29202
2	3071	11610	29203
2	3099	11730	29209
2	3111	11777.472127622848	29211
2	3113	11790	29205
2	3113	11790	29208
2	3125	11850	29212
2	3168	12000	29215
2	3208	12180	29216
2	3215	12210	29220
2	3255	12355.508762189006	29228
2	3256	12360	29227
2	3263	12390	29222
2	3263	12390	29223
2	3268	12400	29221
2	3285	12475.466033426811	29232
2	3294	12510	29226
2	3299	12520	29225
2	3326	12630	29233
2	3366	12840	29236
2	3366	12840	29237
2	3421	13080	29239
2	3421	13080	29240
2	3453	13200	29246
2	3453	13200	29247
2	3464	13232.23118141869	29245
2	3467	13240	29238
2	3484	13320	29250
2	3525	13470	29253
2	3536	13510	29252
2	3543	13530	29255
2	3548	13560	29258
2	3554	13590	29254
2	3590	13700.027218555082	29265
2	3593	13708.64501901535	29266
2	3594	13710	29256
2	3594	13710	29260
2	3604	13740	29264
2	3614	13770	29269
2	3620	13800	29270
2	3620	13800	29271
2	3656	13920	29275
2	3665	13950	29267
2	3665	13950	29273
2	3716	14130	29281
2	3720	14130.991550952894	29283
2	3726	14160	29280
2	3742	14220	29282
2	3757	14280	29286
2	3769	14320	29278
2	3770	14320	29276
2	3774	14340	29284
2	3780	14370	29287
2	3780	14370	29288
2	3815	14490	29291
2	3842	14610	29295
2	3842	14610	29296
2	3847	14640	29297
2	3883	14780.122450009042	29299
2	3909	14880	29301
2	3918	14910	29300
2	3970	15150	29307
2	4021	15331.189460385423	29317
2	4025	15360	29316
2	4032	15390	29310
2	4036	15393.719698870812	29314
2	4057	15480	29323
2	4068	15503.84183869625	29324
2	4069	15510	29313
2	4069	15510	29319
2	4074	15520	29312
2	4082	15550	29320
2	4095	15600	29327
2	4095	15600	29328
2	4140	15745.39925196387	29332
2	4141	15750	29326
2	4141	15750	29329
2	4150	15783.683006922201	29330
2	4163	15840	29333
2	4192	15945.20186338477	29338
2	4198	15960	29336
2	4205	15988.696990968999	29341
2	4206	15990	29334
2	4216	16030	29337
2	4221	16050	29342
2	4242	16110	29340
2	4305	16360	29343
2	4313	16380	29348
2	4322	16410	29354
2	4364	16560	29359
2	4364	16560	29360
2	4372	16590	29357
2	4403	16702.88837464403	29367
2	4408	16720	29356
2	4412	16740	29363
2	4431	16830	29365
2	4438	16860	29364
2	4477	17040	29370
2	4494	17126.205244987401	29372
2	4527	17280	29376
2	4540	17340	29375
2	4594	17550	29379
2	4610	17640	29386
2	4620	17670	29385
2	4652	17800	29382
2	4706	18060	29392
2	4743	18240	29397
2	4800	18480	29404
2	4810	18520	29399
2	4838	18626.679200141909	29409
2	4870	18750	29408
2	4891	18840	29413
2	4891	18840	29416
2	4954	19120	29418
2	4972	19200	29421
2	4996	19290	29428
2	5001	19293.683289655193	29429
2	5011	19321.220162412042	29432
2	5031	19410	29433
2	5048	19470	29425
2	5052	19480	29422
2	5084	19590	29437
2	5089	19600	29426
2	5100	19630	29438
2	5140	19770	29446
2	5150	19800	29447
2	5161	19830	29445
2	5161	19830	29440
2	5176	19890	29451
2	5185	19920	29454
2	5196	19950	29448
2	5196	19950	29450
2	5201	19960	29444
3	303	1013.004218042678	2
3	306	1020	2
3	306	1020	0
3	313	1050	0
3	313	1050	0
3	324	1080	0
3	324	1080	0
3	329	1110	0
3	329	1110	0
3	338	1140	0
3	338	1140	0
3	348	1170	0
3	348	1170	0
3	356	1200	0
3	356	1200	0
3	361	1230	0
3	361	1230	0
3	368	1260	0
3	368	1260	0
3	380	1290	0
3	380	1290	0
3	386	1320	0
3	386	1320	0
3	389	1330	1
3	394	1350	1
3	394	1350	1
3	400	1380	1
3	400	1380	0
3	412	1410	0
3	412	1410	0
3	417	1431.548005570043	1
3	421	1440	1
3	421	1440	1
3	427	1470	1
3	427	1470	0
3	436	1500	0
3	436	1500	0
3	439	1509.734160923888	1
3	440	1509.933566334362	2
3	445	1530	2
3	445	1530	2
3	454	1560	2
3	454	1560	2
3	462	1590	2
3	462	1590	0
3	468	1620	0
3	468	1620	0
3	476	1650	0
3	476	1650	0
3	483	1680	0
3	483	1680	0
3	495	1710	0
3	495	1710	0
3	498	1720	1
3	501	1729.648985968662	2
3	504	1740	2
3	504	1740	1
3	509	1770	1
3	509	1770	1
3	518	1800	1
3	518	1800	0
3	521	1802.25221258735	1
3	528	1830	1
3	528	1830	0
3	534	1860	0
3	534	1860	0
3	541	1890	0
3	541	1890	0
3	548	1905.261835007543	1
3	552	1920	1
3	552	1920	1
3	560	1950	1
3	560	1950	0
3	563	1960	1
3	567	1980	1
3	567	1980	0
3	573	2004.056728853246	1
3	575	2010	1
3	575	2010	1
3	583	2040	1
3	583	2040	0
3	593	2070	0
3	593	2070	0
3	602	2100	0
3	602	2100	0
3	607	2130	0
3	607	2130	0
3	613	2153.056022603798	1
3	617	2160	1
3	617	2160	1
3	626	2190	1
3	626	2190	0
3	635	2220	0
3	635	2220	0
3	641	2250	0
3	641	2250	0
3	648	2260.003678587898	1
3	653	2280	1
3	653	2280	0
3	658	2301.010021651667	1
3	662	2310	1
3	662	2310	0
3	666	2320	1
3	668	2340	1
3	668	2340	0
3	674	2353.901135818967	1
3	677	2370	1
3	677	2370	1
3	680	2370.121703323799	2
3	685	2400	2
3	685	2400	1
3	689	2410	2
3	692	2430	2
3	692	2430	1
3	698	2460	1
3	698	2460	0
3	704	2490	0
3	704	2490	0
3	713	2520	0
3	713	2520	0
3	721	2550	0
3	721	2550	0
3	728	2580	0
3	728	2580	0
3	736	2603.811405722537	1
3	738	2610	1
3	738	2610	1
3	745	2640	1
3	745	2640	1
3	749	2657.967486015271	2
3	753	2670	2
3	753	2670	0
3	760	2700	0
3	760	2700	0
3	765	2730	0
3	765	2730	0
3	768	2730.073735230596	1
3	772	2760	1
3	772	2760	0
3	783	2790	0
3	783	2790	0
3	788	2820	0
3	788	2820	0
3	792	2850	0
3	792	2850	0
3	800	2864.798700810071	1
3	805	2880	1
3	805	2880	0
3	812	2910	0
3	812	2910	0
3	818	2940	0
3	818	2940	0
3	830	2970	0
3	830	2970	0
3	840	3000	0
3	840	3000	0
3	844	3003.574258151866	1
3	851	3030	1
3	851	3030	0
3	857	3060	0
3	857	3060	0
3	869	3090	0
3	869	3090	0
3	883	3120	0
3	883	3120	0
3	894	3150	0
3	894	3150	0
3	901	3180	0
3	901	3180	0
3	905	3190	1
3	910	3203.346050084964	2
3	913	3210	2
3	913	3210	0
3	926	3240	0
3	926	3240	0
3	934	3270	0
3	934	3270	0
3	939	3300	0
3	939	3300	0
3	956	3330	0
3	956	3330	0
3	966	3360	0
3	966	3360	0
3	971	3390	0
3	971	3390	0
3	981	3420	0
3	981	3420	0
3	991	3450	0
3	991	3450	0
3	1001	3480	0
3	1001	3480	0
3	1004	3490	1
3	1007	3510	1
3	1007	3510	1
3	1016	3540	1
3	1016	3540	0
3	1024	3570	0
3	1024	3570	0
3	1033	3600	0
3	1033	3600	0
3	1040	3630	0
3	1040	3630	0
3	1045	3641.405237960034	1
3	1049	3660	1
3	1049	3660	0
3	1052	3670	1
3	1059	3690	1
3	1059	3690	0
3	1064	3720	0
3	1064	3720	0
3	1067	3720.942018388791	1
3	1071	3742.677539762034	2
3	1073	3750	2
3	1073	3750	1
3	1080	3780	1
3	1080	3780	0
3	1088	3810	0
3	1088	3810	0
3	1095	3840	0
3	1095	3840	0
3	1101	3870	0
3	1101	3870	0
3	1107	3900	0
3	1107	3900	0
3	1113	3914.723532550536	1
3	1116	3930	1
3	1116	3930	1
3	1124	3960	1
3	1124	3960	1
3	1130	3990	1
3	1130	3990	0
3	1139	4020	0
3	1139	4020	0
3	1148	4050	0
3	1148	4050	0
3	1157	4080	0
3	1157	4080	0
3	1165	4110	0
3	1165	4110	0
3	1168	4116.507660097544	1
3	1174	4140	1
3	1174	4140	0
3	1177	4148.203722864378	1
3	1183	4170	1
3	1183	4170	1
3	1192	4200	1
3	1192	4200	1
3	1200	4230	1
3	1200	4230	0
3	1208	4260	0
3	1208	4260	0
3	1211	4260.966422874465	1
3	1216	4290	1
3	1216	4290	1
3	1226	4320	1
3	1226	4320	1
3	1234	4350	1
3	1234	4350	0
3	1238	4360	1
3	1241	4380	1
3	1241	4380	0
3	1244	4395.184808860128	1
3	1247	4410	1
3	1247	4410	1
3	1254	4434.320875661874	2
3	1256	4440	2
3	1256	4440	2
3	1261	4470	2
3	1261	4470	0
3	1270	4500	0
3	1270	4500	0
3	1276	4530	0
3	1276	4530	0
3	1282	4560	0
3	1282	4560	0
3	1289	4583.219074366957	1
3	1291	4590	1
3	1291	4590	0
3	1296	4620	0
3	1296	4620	0
3	1306	4650	0
3	1306	4650	0
3	1310	4680	0
3	1310	4680	0
3	1316	4710	0
3	1316	4710	0
3	1324	4740	0
3	1324	4740	0
3	1328	4770	0
3	1328	4770	0
3	1337	4800	0
3	1337	4800	0
3	1343	4830	0
3	1343	4830	0
3	1348	4860	0
3	1348	4860	0
3	1352	4877.970735385935	1
3	1357	4890	1
3	1357	4890	1
3	1363	4920	1
3	1363	4920	1
3	1368	4950	1
3	1368	4950	0
3	1374	4980	0
3	1374	4980	0
3	1383	5010	0
3	1383	5010	0
3	1388	5031.91341695914	1
3	1390	5040	1
3	1390	5040	0
3	1397	5070	0
3	1397	5070	0
3	1402	5100	0
3	1402	5100	0
3	1409	5130	0
3	1409	5130	0
3	1422	5160	0
3	1422	5160	0
3	1426	5169.486377293133	1
3	1429	5190	1
3	1429	5190	0
3	1433	5220	0
3	1433	5220	0
3	1440	5250	0
3	1440	5250	0
3	1451	5280	0
3	1451	5280	0
3	1456	5310	0
3	1456	5310	0
3	1460	5340	0
3	1460	5340	0
3	1467	5370	0
3	1467	5370	0
3	1475	5400	0
3	1475	5400	0
3	1480	5410	1
3	1483	5430	1
3	1483	5430	1
3	1490	5460	1
3	1490	5460	0
3	1497	5490	0
3	1497	5490	0
3	1504	5520	0
3	1504	5520	0
3	1511	5550	0
3	1511	5550	0
3	1515	5560	1
3	1518	5580	1
3	1518	5580	0
3	1527	5610	0
3	1527	5610	0
3	1532	5640	0
3	1532	5640	0
3	1535	5650	1
3	1539	5670	1
3	1539	5670	1
3	1544	5700	1
3	1544	5700	0
3	1553	5730	0
3	1553	5730	0
3	1557	5760	0
3	1557	5760	0
3	1564	5790	0
3	1564	5790	0
3	1573	5820	0
3	1573	5820	0
3	1579	5850	0
3	1579	5850	0
3	1584	5880	0
3	1584	5880	0
3	1591	5910	0
3	1591	5910	0
3	1600	5940	0
3	1600	5940	0
3	1606	5970	0
3	1606	5970	0
3	1611	6000	0
3	1611	6000	0
3	1619	6030	0
3	1619	6030	0
3	1627	6060	0
3	1627	6060	0
3	1636	6090	0
3	1636	6090	0
3	1645	6120	0
3	1645	6120	0
3	1649	6146.94252713455	1
3	1651	6150	1
3	1651	6150	0
3	1659	6180	0
3	1659	6180	0
3	1662	6183.459322669158	1
3	1663	6188.98622120503	2
3	1671	6210	2
3	1671	6210	2
3	1674	6237.221558495379	3
3	1676	6240	3
3	1676	6240	2
3	1685	6270	2
3	1685	6270	0
3	1689	6280	1
3	1692	6294.074166803225	2
3	1694	6300	2
3	1694	6300	0
3	1700	6330	0
3	1700	6330	0
3	1708	6360	0
3	1708	6360	0
3	1716	6390	0
3	1716	6390	0
3	1724	6420	0
3	1724	6420	0
3	1729	6450	0
3	1729	6450	0
3	1734	6480	0
3	1734	6480	0
3	1740	6490	1
3	1744	6510	1
3	1744	6510	1
3	1749	6540	1
3	1749	6540	0
3	1756	6570	0
3	1756	6570	0
3	1763	6600	0
3	1763	6600	0
3	1768	6630	0
3	1768	6630	0
3	1776	6660	0
3	1776	6660	0
3	1783	6690	0
3	1783	6690	0
3	1789	6720	0
3	1789	6720	0
3	1794	6750	0
3	1794	6750	0
3	1801	6780	0
3	1801	6780	0
3	1807	6810	0
3	1807	6810	0
3	1810	6815.029115599256	1
3	1816	6840	1
3	1816	6840	1
3	1820	6858.16570673335	2
3	1823	6870	2
3	1823	6870	0
3	1828	6900	0
3	1828	6900	0
3	1837	6930	0
3	1837	6930	0
3	1846	6960	0
3	1846	6960	0
3	1849	6964.796316308504	1
3	1853	6990	1
3	1853	6990	0
3	1861	7020	0
3	1861	7020	0
3	1870	7050	0
3	1870	7050	0
3	1876	7080	0
3	1876	7080	0
3	1883	7110	0
3	1883	7110	0
3	1888	7140	0
3	1888	7140	0
3	1895	7170	0
3	1895	7170	0
3	1904	7200	0
3	1904	7200	0
3	1910	7230	0
3	1910	7230	0
3	1913	7240	1
3	1916	7260	1
3	1916	7260	0
3	1923	7290	0
3	1923	7290	0
3	1930	7300.023083820326	1
3	1932	7320	1
3	1932	7320	0
3	1936	7350	0
3	1936	7350	0
3	1941	7361.38405911918	1
3	1943	7380	1
3	1943	7380	1
3	1949	7410	1
3	1949	7410	1
3	1956	7440	1
3	1956	7440	0
3	1959	7450	1
3	1960	7450.348702156518	2
3	1962	7470	2
3	1962	7470	2
3	1966	7500	2
3	1966	7500	0
3	1971	7530	0
3	1971	7530	0
3	1980	7560	0
3	1980	7560	0
3	1984	7590	0
3	1984	7590	0
3	1991	7620	0
3	1991	7620	0
3	1996	7650	0
3	1996	7650	0
3	2003	7680	0
3	2003	7680	0
3	2007	7710	0
3	2007	7710	0
3	2012	7740	0
3	2012	7740	0
3	2022	7770	0
3	2022	7770	0
3	2026	7800	0
3	2026	7800	0
3	2031	7830	0
3	2031	7830	0
3	2034	7840	1
3	2035	7841.575498351262	2
3	2038	7856.801026476815	3
3	2042	7860	3
3	2042	7860	1
3	2045	7870	2
3	2047	7890	2
3	2047	7890	1
3	2053	7920	1
3	2053	7920	0
3	2061	7950	0
3	2061	7950	0
3	2065	7958.231846838579	1
3	2071	7980	1
3	2071	7980	1
3	2079	8010	1
3	2079	8010	1
3	2084	8031.357100885825	2
3	2086	8040	2
3	2086	8040	1
3	2091	8070	1
3	2091	8070	0
3	2096	8080	1
3	2101	8100	1
3	2101	8100	0
3	2106	8117.297616940504	1
3	2109	8130	1
3	2109	8130	0
3	2115	8160	0
3	2115	8160	0
3	2123	8190	0
3	2123	8190	0
3	2129	8200	1
3	2133	8210.068189398226	2
3	2135	8220	2
3	2135	8220	1
3	2138	8229.802364520461	2
3	2143	8250	2
3	2143	8250	2
3	2148	8280	2
3	2148	8280	0
3	2159	8310	0
3	2159	8310	0
3	2163	8320	1
3	2167	8340	1
3	2167	8340	0
3	2176	8370	0
3	2176	8370	0
3	2187	8400	0
3	2187	8400	0
3	2195	8430	0
3	2195	8430	0
3	2206	8460	0
3	2206	8460	0
3	2211	8490	0
3	2211	8490	0
3	2221	8520	0
3	2221	8520	0
3	2225	8530	1
3	2230	8550	1
3	2230	8550	1
3	2233	8560	2
3	2234	8560	3
3	2240	8580	3
3	2240	8580	0
3	2248	8610	0
3	2248	8610	0
3	2258	8640	0
3	2258	8640	0
3	2266	8670	0
3	2266	8670	0
3	2278	8700	0
3	2278	8700	0
3	2281	8701.253602187105	1
3	2284	8730	1
3	2284	8730	1
3	2295	8760	1
3	2295	8760	1
3	2301	8770	2
3	2302	8774.56123843045	3
3	2308	8790	3
3	2308	8790	1
3	2314	8820	1
3	2314	8820	0
3	2325	8850	0
3	2325	8850	0
3	2333	8880	0
3	2333	8880	0
3	2341	8910	0
3	2341	8910	0
3	2348	8939.391058293995	1
3	2351	8940	1
3	2351	8940	0
3	2359	8968.129545673563	1
3	2361	8970	1
3	2361	8970	1
3	2371	9000	1
3	2371	9000	0
3	2379	9030	0
3	2379	9030	0
3	2385	9040	1
3	2390	9060	1
3	2390	9060	0
3	2402	9090	0
3	2402	9090	0
3	2409	9120	0
3	2409	9120	0
3	2416	9150	0
3	2416	9150	0
3	2426	9180	0
3	2426	9180	0
3	2429	9190	1
3	2433	9210	1
3	2433	9210	0
3	2442	9240	0
3	2442	9240	0
3	2447	9252.872357969579	1
3	2450	9270	1
3	2450	9270	0
3	2455	9298.171664756627	1
3	2457	9300	1
3	2457	9300	1
3	2465	9330	1
3	2465	9330	1
3	2474	9360	1
3	2474	9360	0
3	2479	9390	0
3	2479	9390	0
3	2484	9420	0
3	2484	9420	0
3	2490	9450	0
3	2490	9450	0
3	2502	9480	0
3	2502	9480	0
3	2509	9510	0
3	2509	9510	0
3	2515	9540	0
3	2515	9540	0
3	2522	9570	0
3	2522	9570	0
3	2526	9576.556733498126	1
3	2528	9579.06145190898	2
3	2534	9600	2
3	2534	9600	0
3	2541	9630	0
3	2541	9630	0
3	2547	9660	0
3	2547	9660	0
3	2550	9665.879335462651	1
3	2557	9690	1
3	2557	9690	1
3	2560	9696.361998084657	2
3	2567	9720	2
3	2567	9720	1
3	2570	9730	2
3	2572	9750	2
3	2572	9750	1
3	2575	9760	2
3	2577	9760	3
3	2581	9780	3
3	2581	9780	0
3	2590	9810	0
3	2590	9810	0
3	2597	9840	0
3	2597	9840	0
3	2603	9850	1
3	2607	9870	1
3	2607	9870	1
3	2615	9900	1
3	2615	9900	0
3	2621	9928.632507938986	1
3	2623	9930	1
3	2623	9930	1
3	2632	9960	1
3	2632	9960	0
3	2642	9990	0
3	2642	9990	0
3	2648	10020	0
3	2648	10020	0
3	2656	10050	0
3	2656	10050	0
3	2667	10080	0
3	2667	10080	0
3	2670	10090	1
3	2674	10110	1
3	2674	10110	1
3	2680	10140	1
3	2680	10140	0
3	2687	10165.347528641475	1
3	2689	10170	1
3	2689	10170	1
3	2696	10200	1
3	2696	10200	1
3	2699	10206.795777433507	2
3	2702	10230	2
3	2702	10230	0
3	2709	10260	0
3	2709	10260	0
3	2713	10262.16296732129	1
3	2714	10270	2
3	2717	10290	2
3	2717	10290	1
3	2724	10320	1
3	2724	10320	1
3	2734	10350	1
3	2734	10350	0
3	2740	10380	0
3	2740	10380	0
3	2749	10410	0
3	2749	10410	0
3	2756	10438.632824649705	1
3	2758	10440	1
3	2758	10440	0
3	2763	10450	1
3	2767	10470	1
3	2767	10470	1
3	2775	10500	1
3	2775	10500	0
3	2782	10530	0
3	2782	10530	0
3	2791	10560	0
3	2791	10560	0
3	2798	10590	0
3	2798	10590	0
3	2803	10600	1
3	2807	10620	1
3	2807	10620	0
3	2813	10650	0
3	2813	10650	0
3	2825	10680	0
3	2825	10680	0
3	2831	10710	0
3	2831	10710	0
3	2839	10740	0
3	2839	10740	0
3	2849	10770	0
3	2849	10770	0
3	2857	10800	0
3	2857	10800	0
3	2863	10830	0
3	2863	10830	0
3	2867	10854.043185330388	1
3	2870	10860	1
3	2870	10860	0
3	2875	10886.516541510974	1
3	2877	10890	1
3	2877	10890	1
3	2886	10920	1
3	2886	10920	1
3	2893	10950	1
3	2893	10950	0
3	2900	10980	0
3	2900	10980	0
3	2906	11010	0
3	2906	11010	0
3	2913	11033.382015354455	1
3	2915	11040	1
3	2915	11040	0
3	2922	11070	0
3	2922	11070	0
3	2928	11100	0
3	2928	11100	0
3	2938	11130	0
3	2938	11130	0
3	2944	11160	0
3	2944	11160	0
3	2951	11170	1
3	2953	11190	1
3	2953	11190	1
3	2962	11220	1
3	2962	11220	0
3	2970	11250	0
3	2970	11250	0
3	2978	11280	0
3	2978	11280	0
3	2984	11310	0
3	2984	11310	0
3	2995	11340	0
3	2995	11340	0
3	3003	11370	0
3	3003	11370	0
3	3013	11400	0
3	3013	11400	0
3	3019	11430	0
3	3019	11430	0
3	3029	11460	0
3	3029	11460	0
3	3040	11490	0
3	3040	11490	0
3	3047	11520	0
3	3047	11520	0
3	3053	11550	0
3	3053	11550	0
3	3061	11580	0
3	3061	11580	0
3	3065	11583.061563793126	1
3	3066	11590	2
3	3072	11610	2
3	3072	11610	1
3	3077	11640	1
3	3077	11640	1
3	3083	11670	1
3	3083	11670	0
3	3090	11700	0
3	3090	11700	0
3	3100	11730	0
3	3100	11730	0
3	3105	11760	0
3	3105	11760	0
3	3114	11790	0
3	3114	11790	0
3	3119	11820	0
3	3119	11820	0
3	3124	11830	1
3	3126	11850	1
3	3126	11850	0
3	3134	11880	0
3	3134	11880	0
3	3145	11910	0
3	3145	11910	0
3	3151	11940	0
3	3151	11940	0
3	3160	11970	0
3	3160	11970	0
3	3169	12000	0
3	3169	12000	0
3	3172	12003.896171020776	1
3	3175	12030	1
3	3175	12030	0
3	3182	12060	0
3	3182	12060	0
3	3187	12090	0
3	3187	12090	0
3	3194	12120	0
3	3194	12120	0
3	3202	12150	0
3	3202	12150	0
3	3209	12180	0
3	3209	12180	0
3	3213	12193.918207407881	1
3	3216	12210	1
3	3216	12210	1
3	3221	12235.81150677535	2
3	3223	12240	2
3	3223	12240	0
3	3232	12270	0
3	3232	12270	0
3	3236	12289.017473567988	1
3	3239	12300	1
3	3239	12300	0
3	3248	12330	0
3	3248	12330	0
3	3251	12334.162823211064	1
3	3257	12360	1
3	3257	12360	0
3	3261	12370	1
3	3264	12390	1
3	3264	12390	1
3	3272	12416.587610135735	2
3	3274	12420	2
3	3274	12420	0
3	3278	12450	0
3	3278	12450	0
3	3287	12480	0
3	3287	12480	0
3	3295	12510	0
3	3295	12510	0
3	3303	12540	0
3	3303	12540	0
3	3311	12570	0
3	3311	12570	0
3	3318	12600	0
3	3318	12600	0
3	3327	12630	0
3	3327	12630	0
3	3331	12660	0
3	3331	12660	0
3	3335	12663.815592747158	1
3	3339	12690	1
3	3339	12690	1
3	3344	12720	1
3	3344	12720	1
3	3350	12750	1
3	3350	12750	0
3	3356	12780	0
3	3356	12780	0
3	3360	12810	0
3	3360	12810	0
3	3367	12840	0
3	3367	12840	0
3	3372	12870	0
3	3372	12870	0
3	3377	12900	0
3	3377	12900	0
3	3383	12930	0
3	3383	12930	0
3	3393	12960	0
3	3393	12960	0
3	3398	12990	0
3	3398	12990	0
3	3404	13020	0
3	3404	13020	0
3	3413	13050	0
3	3413	13050	0
3	3422	13080	0
3	3422	13080	0
3	3427	13110	0
3	3427	13110	0
3	3430	13120	1
3	3435	13140	1
3	3435	13140	0
3	3446	13170	0
3	3446	13170	0
3	3454	13200	0
3	3454	13200	0
3	3461	13230	0
3	3461	13230	0
3	3469	13260	0
3	3469	13260	0
3	3475	13290	0
3	3475	13290	0
3	3478	13293.156650512627	1
3	3485	13320	1
3	3485	13320	1
3	3494	13350	1
3	3494	13350	0
3	3500	13380	0
3	3500	13380	0
3	3505	13399.75948514308	1
3	3507	13410	1
3	3507	13410	1
3	3520	13440	1
3	3520	13440	1
3	3526	13470	1
3	3526	13470	0
3	3529	13475.602390521912	1
3	3533	13500	1
3	3533	13500	1
3	3541	13523.382575483559	2
3	3544	13530	2
3	3544	13530	2
3	3549	13560	2
3	3549	13560	1
3	3555	13590	1
3	3555	13590	0
3	3559	13600	1
3	3565	13620	1
3	3565	13620	0
3	3573	13650	0
3	3573	13650	0
3	3583	13680	0
3	3583	13680	0
3	3589	13691.390574872252	1
3	3595	13710	1
3	3595	13710	1
3	3605	13740	1
3	3605	13740	0
3	3609	13753.832115300439	1
3	3610	13757.864351821485	2
3	3615	13770	2
3	3615	13770	2
3	3621	13800	2
3	3621	13800	1
3	3626	13803.530838222131	2
3	3627	13808.64501901535	3
3	3633	13830	3
3	3633	13830	1
3	3640	13860	1
3	3640	13860	1
3	3643	13870	2
3	3646	13890	2
3	3646	13890	0
3	3657	13920	0
3	3657	13920	0
3	3666	13950	0
3	3666	13950	0
3	3672	13980	0
3	3672	13980	0
3	3681	14010	0
3	3681	14010	0
3	3693	14040	0
3	3693	14040	0
3	3703	14070	0
3	3703	14070	0
3	3708	14100	0
3	3708	14100	0
3	3717	14130	0
3	3717	14130	0
3	3727	14160	0
3	3727	14160	0
3	3730	14164.829934575748	1
3	3731	14170	2
3	3734	14190	2
3	3734	14190	1
3	3738	14200	2
3	3743	14220	2
3	3743	14220	0
3	3751	14250	0
3	3751	14250	0
3	3758	14280	0
3	3758	14280	0
3	3765	14310	0
3	3765	14310	0
3	3775	14340	0
3	3775	14340	0
3	3781	14370	0
3	3781	14370	0
3	3788	14400	0
3	3788	14400	0
3	3796	14430	0
3	3796	14430	0
3	3803	14460	0
3	3803	14460	0
3	3816	14490	0
3	3816	14490	0
3	3821	14520	0
3	3821	14520	0
3	3824	14530	1
3	3827	14550	1
3	3827	14550	1
3	3833	14568.408565737292	2
3	3836	14580	2
3	3836	14580	0
3	3843	14610	0
3	3843	14610	0
3	3848	14640	0
3	3848	14640	0
3	3853	14670	0
3	3853	14670	0
3	3862	14700	0
3	3862	14700	0
3	3871	14730	0
3	3871	14730	0
3	3879	14760	0
3	3879	14760	0
3	3886	14790	0
3	3886	14790	0
3	3895	14820	0
3	3895	14820	0
3	3903	14850	0
3	3903	14850	0
3	3910	14880	0
3	3910	14880	0
3	3917	14905.32705526702	1
3	3919	14910	1
3	3919	14910	0
3	3925	14940	0
3	3925	14940	0
3	3933	14970	0
3	3933	14970	0
3	3938	15000	0
3	3938	15000	0
3	3946	15030	0
3	3946	15030	0
3	3951	15054.877391113952	1
3	3953	15060	1
3	3953	15060	1
3	3958	15090	1
3	3958	15090	1
3	3964	15120	1
3	3964	15120	0
3	3971	15150	0
3	3971	15150	0
3	3977	15180	0
3	3977	15180	0
3	3982	15191.011890626752	1
3	3985	15210	1
3	3985	15210	1
3	3995	15240	1
3	3995	15240	0
3	4001	15270	0
3	4001	15270	0
3	4006	15290.302055256697	1
3	4009	15300	1
3	4009	15300	1
3	4012	15311.198088630934	2
3	4018	15330	2
3	4018	15330	2
3	4026	15360	2
3	4026	15360	1
3	4031	15385.190018554608	2
3	4033	15390	2
3	4033	15390	0
3	4037	15400	1
3	4040	15413.516350094138	2
3	4042	15420	2
3	4042	15420	1
3	4045	15423.582139112859	2
3	4046	15431.189460385423	3
3	4050	15450	3
3	4050	15450	2
3	4058	15480	2
3	4058	15480	1
3	4065	15490	2
3	4070	15510	2
3	4070	15510	1
3	4078	15540	1
3	4078	15540	0
3	4083	15565.993067534964	1
3	4085	15570	1
3	4085	15570	1
3	4096	15600	1
3	4096	15600	1
3	4100	15603.84183869625	2
3	4104	15619.220522655789	3
3	4107	15630	3
3	4107	15630	1
3	4115	15660	1
3	4115	15660	1
3	4124	15690	1
3	4124	15690	0
3	4135	15720	0
3	4135	15720	0
3	4142	15750	0
3	4142	15750	0
3	4147	15780	0
3	4147	15780	0
3	4151	15783.980973149548	1
3	4157	15810	1
3	4157	15810	1
3	4164	15840	1
3	4164	15840	1
3	4173	15870	1
3	4173	15870	0
3	4177	15880	1
3	4182	15900	1
3	4182	15900	0
3	4187	15930	0
3	4187	15930	0
3	4196	15955.162145363242	1
3	4199	15960	1
3	4199	15960	1
3	4204	15978.86117044918	2
3	4207	15990	2
3	4207	15990	0
3	4213	16020	0
3	4213	16020	0
3	4219	16045.20186338477	1
3	4222	16050	1
3	4222	16050	0
3	4231	16080	0
3	4231	16080	0
3	4243	16110	0
3	4243	16110	0
3	4249	16140	0
3	4249	16140	0
3	4256	16170	0
3	4256	16170	0
3	4260	16174.04457166951	1
3	4268	16200	1
3	4268	16200	0
3	4278	16230	0
3	4278	16230	0
3	4282	16240	1
3	4284	16260	1
3	4284	16260	0
3	4288	16281.771893344651	1
3	4290	16290	1
3	4290	16290	1
3	4296	16320	1
3	4296	16320	1
3	4299	16324.891501811735	2
3	4302	16350	2
3	4302	16350	0
3	4306	16360	1
3	4312	16375.898059272019	2
3	4314	16380	2
3	4314	16380	1
3	4323	16410	1
3	4323	16410	1
3	4330	16440	1
3	4330	16440	0
3	4337	16463.119760206092	1
3	4339	16470	1
3	4339	16470	0
3	4349	16500	0
3	4349	16500	0
3	4357	16530	0
3	4357	16530	0
3	4365	16560	0
3	4365	16560	0
3	4369	16570	1
3	4371	16585.456469173068	2
3	4373	16590	2
3	4373	16590	2
3	4381	16620	2
3	4381	16620	0
3	4386	16650	0
3	4386	16650	0
3	4396	16680	0
3	4396	16680	0
3	4399	16680.427140293098	1
3	4405	16710	1
3	4405	16710	0
3	4413	16740	0
3	4413	16740	0
3	4418	16770	0
3	4418	16770	0
3	4425	16800	0
3	4425	16800	0
3	4432	16830	0
3	4432	16830	0
3	4439	16860	0
3	4439	16860	0
3	4447	16890	0
3	4447	16890	0
3	4452	16920	0
3	4452	16920	0
3	4460	16950	0
3	4460	16950	0
3	4467	16980	0
3	4467	16980	0
3	4472	17010	0
3	4472	17010	0
3	4478	17040	0
3	4478	17040	0
3	4486	17070	0
3	4486	17070	0
3	4490	17100	0
3	4490	17100	0
3	4496	17130	0
3	4496	17130	0
3	4504	17160	0
3	4504	17160	0
3	4508	17190	0
3	4508	17190	0
3	4515	17220	0
3	4515	17220	0
3	4523	17250	0
3	4523	17250	0
3	4528	17280	0
3	4528	17280	0
3	4534	17310	0
3	4534	17310	0
3	4538	17327.407954490043	1
3	4539	17331.477359104658	2
3	4541	17340	2
3	4541	17340	1
3	4547	17370	1
3	4547	17370	1
3	4554	17400	1
3	4554	17400	0
3	4563	17430	0
3	4563	17430	0
3	4573	17460	0
3	4573	17460	0
3	4579	17490	0
3	4579	17490	0
3	4587	17518.587602184994	1
3	4589	17520	1
3	4589	17520	1
3	4593	17539.117965010015	2
3	4595	17550	2
3	4595	17550	0
3	4600	17580	0
3	4600	17580	0
3	4607	17610	0
3	4607	17610	0
3	4611	17640	0
3	4611	17640	0
3	4618	17650	1
3	4621	17670	1
3	4621	17670	1
3	4624	17680	2
3	4627	17700	2
3	4627	17700	0
3	4634	17730	0
3	4634	17730	0
3	4641	17760	0
3	4641	17760	0
3	4648	17790	0
3	4648	17790	0
3	4656	17820	0
3	4656	17820	0
3	4661	17850	0
3	4661	17850	0
3	4668	17880	0
3	4668	17880	0
3	4675	17910	0
3	4675	17910	0
3	4680	17926.007114316315	1
3	4682	17940	1
3	4682	17940	0
3	4687	17970	0
3	4687	17970	0
3	4692	18000	0
3	4692	18000	0
3	4699	18030	0
3	4699	18030	0
3	4707	18060	0
3	4707	18060	0
3	4712	18090	0
3	4712	18090	0
3	4718	18120	0
3	4718	18120	0
3	4721	18130	1
3	4725	18150	1
3	4725	18150	1
3	4732	18180	1
3	4732	18180	0
3	4738	18210	0
3	4738	18210	0
3	4744	18240	0
3	4744	18240	0
3	4751	18270	0
3	4751	18270	0
3	4759	18300	0
3	4759	18300	0
3	4766	18330	0
3	4766	18330	0
3	4774	18360	0
3	4774	18360	0
3	4778	18375.513003380907	1
3	4781	18390	1
3	4781	18390	1
3	4788	18420	1
3	4788	18420	0
3	4792	18426.796189025079	1
3	4797	18450	1
3	4797	18450	1
3	4801	18480	1
3	4801	18480	0
3	4807	18510	0
3	4807	18510	0
3	4815	18540	0
3	4815	18540	0
3	4824	18570	0
3	4824	18570	0
3	4831	18600	0
3	4831	18600	0
3	4840	18630	0
3	4840	18630	0
3	4846	18660	0
3	4846	18660	0
3	4850	18682.095597738439	1
3	4852	18690	1
3	4852	18690	1
3	4864	18720	1
3	4864	18720	0
3	4868	18726.679200141909	1
3	4871	18750	1
3	4871	18750	1
3	4877	18780	1
3	4877	18780	1
3	4883	18810	1
3	4883	18810	0
3	4892	18840	0
3	4892	18840	0
3	4898	18870	0
3	4898	18870	0
3	4904	18900	0
3	4904	18900	0
3	4910	18930	0
3	4910	18930	0
3	4919	18960	0
3	4919	18960	0
3	4924	18990	0
3	4924	18990	0
3	4928	19000	1
3	4930	19020	1
3	4930	19020	0
3	4939	19050	0
3	4939	19050	0
3	4944	19080	0
3	4944	19080	0
3	4950	19110	0
3	4950	19110	0
3	4955	19120	1
3	4957	19140	1
3	4957	19140	0
3	4965	19170	0
3	4965	19170	0
3	4973	19200	0
3	4973	19200	0
3	4978	19210	1
3	4983	19230	1
3	4983	19230	1
3	4988	19251.375698009609	2
3	4990	19260	2
3	4990	19260	1
3	4997	19290	1
3	4997	19290	1
3	5008	19320	1
3	5008	19320	0
3	5012	19330	1
3	5015	19350	1
3	5015	19350	1
3	5019	19360	2
3	5022	19380	2
3	5022	19380	0
3	5032	19410	0
3	5032	19410	0
3	5035	19410.300369119242	1
3	5040	19440	1
3	5040	19440	0
3	5044	19450	1
3	5045	19450	2
3	5046	19450	3
3	5049	19470	3
3	5049	19470	3
3	5057	19500	3
3	5057	19500	0
3	5065	19530	0
3	5065	19530	0
3	5075	19560	0
3	5075	19560	0
3	5085	19590	0
3	5085	19590	0
3	5094	19620	0
3	5094	19620	0
3	5097	19621.853220291544	1
3	5105	19650	1
3	5105	19650	1
3	5112	19670.666222070444	2
3	5116	19680	2
3	5116	19680	1
3	5124	19710	1
3	5124	19710	0
3	5132	19740	0
3	5132	19740	0
3	5141	19770	0
3	5141	19770	0
3	5145	19776.422331370184	1
3	5151	19800	1
3	5151	19800	1
3	5159	19814.34009644678	2
3	5162	19830	2
3	5162	19830	0
3	5166	19840	1
3	5169	19860	1
3	5169	19860	0
3	5172	19860.341746135645	1
3	5173	19869.569709519994	2
3	5177	19890	2
3	5177	19890	2
3	5180	19898.818543951777	3
3	5184	19907.268672616772	4
3	5186	19920	4
3	5186	19920	2
3	5197	19950	2
3	5197	19950	0
3	5204	19980	0
3	5204	19980	0
4	306	1020	50
4	306	1020	6.995781957322
4	342	1150	0
4	374	1270	0
4	400	1380	50
4	406	1390	0
4	415	1420	0
4	427	1470	38.451994429957
4	430	1470.02976973046	0
4	432	1485.704726053096	0
4	462	1590	80.265839076112
4	462	1590	80.066433665638
4	491	1704.66620112583	0
4	504	1740	20
4	518	1800	70.351014031338
4	528	1830	27.74778741265
4	538	1870	0
4	560	1950	44.738164992457
4	567	1980	20
4	570	1990	0
4	583	2040	35.943271146754
4	596	2071.003641520977	0
4	626	2190	36.943977396202
4	649	2263.995196841905	0
4	653	2280	19.996321412102
4	662	2310	8.989978348333
4	668	2340	20
4	685	2400	46.098864181033
4	692	2430	59.878296676201
4	698	2460	50
4	753	2670	66.188594277463
4	753	2670	12.032513984729
4	772	2760	29.926264769404
4	777	2766.65483265969	0
4	805	2880	15.201299189929
4	834	2980	0
4	851	3030	26.425741848134
4	854	3037.361298914095	0
4	913	3210	20
4	913	3210	6.653949915036
4	917	3220	0
4	960	3340	0
4	985	3430	0
4	1016	3540	50
4	1036	3611.08660767207	0
4	1049	3660	18.594762039966
4	1053	3670	0
4	1059	3690	20
4	1069	3734.049518106813	0
4	1073	3750	29.057981611209
4	1080	3780	37.322460237966
4	1130	3990	75.276467449464
4	1163	4101.807990197906	0
4	1174	4140	23.492339902456
4	1200	4230	81.796277135622
4	1234	4350	89.033577125535
4	1241	4380	20
4	1261	4470	74.815191139872
4	1261	4470	35.679124338126
4	1291	4590	6.780925633043
4	1299	4630	0
4	1301	4630	0
4	1351	4870	0
4	1368	4950	72.029264614065
4	1386	5020	0
4	1390	5040	8.08658304086
4	1429	5190	20.513622706867
4	1443	5250.863046878901	0
4	1490	5460	50
4	1516	5565.128808699052	0
4	1518	5580	20
4	1544	5700	50
4	1570	5807.674343549022	0
4	1651	6150	3.05747286545
4	1676	6240	56.540677330842
4	1685	6270	81.01377879497
4	1685	6270	32.778441504621
4	1694	6300	20
4	1694	6300	5.925833196775
4	1697	6310	0
4	1749	6540	50
4	1792	6736.497491396777	0
4	1812	6820	0
4	1823	6870	54.970884400744
4	1823	6870	11.83429326665
4	1833	6910	0
4	1853	6990	25.203683691496
4	1916	7260	20
4	1932	7320	19.976916179674
4	1956	7440	78.61594088082
4	1966	7500	50
4	1966	7500	49.651297843482
4	2040	7858.30668842373	0
4	2042	7860	20
4	2042	7860	18.424501648738
4	2047	7890	20
4	2053	7920	63.198973523185
4	2086	8040	81.768153161421
4	2091	8070	38.642899114175
4	2101	8100	20
4	2109	8130	12.702383059496
4	2135	8220	20
4	2148	8280	69.931810601774
4	2148	8280	50.197635479539
4	2154	8292.145584699894	0
4	2165	8334.572030195628	0
4	2167	8340	20
4	2172	8350	0
4	2226	8531.930294245039	0
4	2240	8580	50
4	2240	8580	20
4	2240	8580	20
4	2308	8790	88.746397812895
4	2308	8790	15.43876156955
4	2314	8820	50
4	2351	8940	0.608941706005
4	2356	8950	0
4	2371	9000	31.870454326437
4	2390	9060	20
4	2433	9210	20
4	2450	9270	17.127642030421
4	2474	9360	61.828335243373
4	2534	9600	23.443266501874
4	2534	9600	20.93854809102
4	2567	9720	23.638001915343
4	2572	9750	84.120664537349
4	2581	9780	50
4	2581	9780	20
4	2581	9780	20
4	2593	9820	0
4	2615	9900	50
4	2627	9940	0
4	2632	9960	31.367492061014
4	2680	10140	50
4	2702	10230	64.652471358525
4	2702	10230	23.204222566493
4	2717	10290	20
4	2734	10350	87.83703267871
4	2745	10390	0
4	2758	10440	1.367175350295
4	2775	10500	50
4	2807	10620	20
4	2870	10860	5.956814669612
4	2881	10900	0
4	2893	10950	63.483458489026
4	2910	11020	0
4	2915	11040	6.617984645545
4	2962	11220	50
4	2967	11230	0
4	3006	11380	0
4	3026	11455.726350090829	0
4	3072	11610	20
4	3083	11670	86.938436206874
4	3088	11682.604756789522	0
4	3126	11850	20
4	3156	11950	0
4	3175	12030	26.103828979224
4	3223	12240	46.081792592119
4	3223	12240	4.18849322465
4	3239	12300	10.982526432012
4	3243	12310	0
4	3257	12360	25.837176788936
4	3274	12420	50
4	3274	12420	3.412389864265
4	3282	12460	0
4	3293	12505.986734268867	0
4	3314	12575.466033426811	0
4	3336	12670	0
4	3350	12750	86.184407252842
4	3432	13132.23118141869	0
4	3435	13140	20
4	3457	13206.987686879089	0
4	3491	13335.327430327193	0
4	3494	13350	56.843349487373
4	3526	13470	70.24051485692
4	3549	13560	84.397609478088
4	3555	13590	66.617424516441
4	3563	13619.260176316519	0
4	3565	13620	20
4	3568	13621.258614569334	0
4	3578	13660	0
4	3605	13740	48.609425127748
4	3621	13800	46.167884699561
4	3633	13830	72.135648178515
4	3633	13830	26.469161777869
4	3646	13890	81.35498098465
4	3646	13890	20
4	3699	14050.120279182753	0
4	3713	14110	0
4	3734	14190	25.170065424252
4	3743	14220	50
4	3743	14220	20
4	3784	14380	0
4	3831	14566.018485506252	0
4	3836	14580	50
4	3836	14580	11.591434262708
4	3856	14678.764988269677	0
4	3868	14710	0
4	3890	14797.766858419132	0
4	3919	14910	4.67294473298
4	3944	15012.607397737392	0
4	3949	15031.369865379133	0
4	3956	15070	0
4	3964	15120	65.122608886048
4	3995	15240	48.988109373248
4	4007	15293.719698870812	0
4	4026	15360	69.697944743303
4	4033	15390	78.801911369066
4	4033	15390	4.809981445392
4	4042	15420	20
4	4048	15436.53803616085	0
4	4050	15450	18.810539614577
4	4058	15480	66.483649905862
4	4070	15510	86.417860887141
4	4078	15540	50
4	4088	15580	0
4	4107	15630	64.006932465036
4	4107	15630	10.779477344211
4	4124	15690	86.15816130375
4	4128	15700	0
4	4173	15870	86.019026850452
4	4182	15900	20
4	4191	15940	0
4	4207	15990	34.837854636758
4	4207	15990	11.13882955082
4	4222	16050	4.79813661523
4	4268	16200	25.95542833049
4	4284	16260	20
4	4302	16350	68.228106655349
4	4302	16350	25.108498188265
4	4314	16380	20
4	4330	16440	64.101940727981
4	4339	16470	6.880239793908
4	4353	16510	0
4	4381	16620	50
4	4381	16620	34.543530826932
4	4405	16710	29.572859706902
4	4532	17299.648381812475	0
4	4541	17340	8.522640895342
4	4544	17350	0
4	4545	17350	0
4	4554	17400	72.592045509957
4	4595	17550	31.412397815006
4	4595	17550	10.882034989985
4	4627	17700	50
4	4627	17700	20
4	4682	17940	13.992885683685
4	4723	18149.191357704308	0
4	4732	18180	50
4	4735	18190	0
4	4788	18420	44.486996619093
4	4801	18480	53.203810974921
4	4834	18600.721534995834	0
4	4837	18622.239512608274	0
4	4864	18720	37.904402261561
4	4883	18810	83.320799858091
4	4914	18940	0
4	4915	18940	0
4	4930	19020	20
4	4957	19140	20
4	4990	19260	50
4	5008	19320	68.624301990391
4	5022	19380	50
4	5022	19380	20
4	5040	19440	29.699630880758
4	5054	19481.218780233582	0
4	5057	19500	50
4	5057	19500	50
4	5057	19500	50
4	5116	19680	9.333777929556
4	5120	19694.915580435455	0
4	5124	19710	88.146779708456
4	5162	19830	53.577668629816
4	5162	19830	15.65990355322
4	5169	19860	20
4	5186	19920	59.658253864355
4	5186	19920	21.181456048223
4	5197	19950	80.430290480006
4	5197	19950	42.731327383228
5	306	1020	28875
5	306	1020	28882
5	342	1150	28879
5	374	1270	28884
5	400	1380	28889
5	406	1390	28887
5	415	1420	28892
5	427	1470	28895
5	430	1470.02976973046	28897
5	432	1485.704726053096	28898
5	462	1590	28900
5	462	1590	28901
5	491	1704.66620112583	28906
5	504	1740	28903
5	518	1800	28907
5	528	1830	28909
5	538	1870	28902
5	560	1950	28914
5	567	1980	28912
5	570	1990	28905
5	583	2040	28915
5	596	2071.003641520977	28917
5	626	2190	28919
5	649	2263.995196841905	28921
5	653	2280	28926
5	662	2310	28927
5	668	2340	28918
5	685	2400	28930
5	692	2430	28931
5	698	2460	28928
5	753	2670	28934
5	753	2670	28935
5	772	2760	28937
5	777	2766.65483265969	28939
5	805	2880	28944
5	834	2980	28942
5	851	3030	28948
5	854	3037.361298914095	28950
5	913	3210	28953
5	913	3210	28954
5	917	3220	28952
5	960	3340	28957
5	985	3430	28959
5	1016	3540	28967
5	1036	3611.08660767207	28974
5	1049	3660	28971
5	1053	3670	28968
5	1059	3690	28970
5	1069	3734.049518106813	28979
5	1073	3750	28978
5	1080	3780	28976
5	1130	3990	28982
5	1163	4101.807990197906	28988
5	1174	4140	28985
5	1200	4230	28991
5	1234	4350	28995
5	1241	4380	28992
5	1261	4470	29000
5	1261	4470	29001
5	1291	4590	29002
5	1299	4630	28997
5	1301	4630	28998
5	1351	4870	29003
5	1368	4950	29007
5	1386	5020	29010
5	1390	5040	29013
5	1429	5190	29016
5	1443	5250.863046878901	29015
5	1490	5460	29017
5	1516	5565.128808699052	29026
5	1518	5580	29022
5	1544	5700	29023
5	1570	5807.674343549022	29031
5	1651	6150	29040
5	1676	6240	29042
5	1685	6270	29043
5	1685	6270	29046
5	1694	6300	29039
5	1694	6300	29045
5	1697	6310	29036
5	1749	6540	29049
5	1792	6736.497491396777	29056
5	1812	6820	29054
5	1823	6870	29058
5	1823	6870	29059
5	1833	6910	29051
5	1853	6990	29062
5	1916	7260	29066
5	1932	7320	29070
5	1956	7440	29072
5	1966	7500	29069
5	1966	7500	29071
5	2040	7858.30668842373	29080
5	2042	7860	29075
5	2042	7860	29076
5	2047	7890	29077
5	2053	7920	29079
5	2086	8040	29083
5	2091	8070	29085
5	2101	8100	29082
5	2109	8130	29084
5	2135	8220	29087
5	2148	8280	29092
5	2148	8280	29093
5	2154	8292.145584699894	29095
5	2165	8334.572030195628	29096
5	2167	8340	29090
5	2172	8350	29088
5	2226	8531.930294245039	29105
5	2240	8580	29099
5	2240	8580	29098
5	2240	8580	29101
5	2308	8790	29110
5	2308	8790	29114
5	2314	8820	29107
5	2351	8940	29116
5	2356	8950	29108
5	2371	9000	29123
5	2390	9060	29119
5	2433	9210	29126
5	2450	9270	29132
5	2474	9360	29133
5	2534	9600	29139
5	2534	9600	29141
5	2567	9720	29147
5	2572	9750	29145
5	2581	9780	29137
5	2581	9780	29138
5	2581	9780	29142
5	2593	9820	29144
5	2615	9900	29148
5	2627	9940	29152
5	2632	9960	29153
5	2680	10140	29154
5	2702	10230	29160
5	2702	10230	29162
5	2717	10290	29159
5	2734	10350	29163
5	2745	10390	29158
5	2758	10440	29167
5	2775	10500	29164
5	2807	10620	29168
5	2870	10860	29178
5	2881	10900	29179
5	2893	10950	29182
5	2910	11020	29181
5	2915	11040	29187
5	2962	11220	29184
5	2967	11230	29183
5	3006	11380	29192
5	3026	11455.726350090829	29201
5	3072	11610	29199
5	3083	11670	29205
5	3088	11682.604756789522	29208
5	3126	11850	29209
5	3156	11950	29207
5	3175	12030	29217
5	3223	12240	29222
5	3223	12240	29223
5	3239	12300	29221
5	3243	12310	29218
5	3257	12360	29226
5	3274	12420	29224
5	3274	12420	29225
5	3282	12460	29227
5	3293	12505.986734268867	29233
5	3314	12575.466033426811	29232
5	3336	12670	29230
5	3350	12750	29234
5	3432	13132.23118141869	29245
5	3435	13140	29238
5	3457	13206.987686879089	29248
5	3491	13335.327430327193	29253
5	3494	13350	29251
5	3526	13470	29254
5	3549	13560	29256
5	3555	13590	29260
5	3563	13619.260176316519	29262
5	3565	13620	29257
5	3568	13621.258614569334	29259
5	3578	13660	29258
5	3605	13740	29261
5	3621	13800	29267
5	3633	13830	29268
5	3633	13830	29273
5	3646	13890	29266
5	3646	13890	29269
5	3699	14050.120279182753	29279
5	3713	14110	29274
5	3734	14190	29285
5	3743	14220	29278
5	3743	14220	29276
5	3784	14380	29286
5	3831	14566.018485506252	29294
5	3836	14580	29289
5	3836	14580	29292
5	3856	14678.764988269677	29298
5	3868	14710	29290
5	3890	14797.766858419132	29300
5	3919	14910	29306
5	3944	15012.607397737392	29307
5	3949	15031.369865379133	29308
5	3956	15070	29302
5	3964	15120	29309
5	3995	15240	29310
5	4007	15293.719698870812	29314
5	4026	15360	29313
5	4033	15390	29315
5	4033	15390	29319
5	4042	15420	29312
5	4048	15436.53803616085	29311
5	4050	15450	29317
5	4058	15480	29321
5	4070	15510	29322
5	4078	15540	29318
5	4088	15580	29323
5	4107	15630	29326
5	4107	15630	29329
5	4124	15690	29324
5	4128	15700	29328
5	4173	15870	29334
5	4182	15900	29331
5	4191	15940	29333
5	4207	15990	29339
5	4207	15990	29340
5	4222	16050	29338
5	4268	16200	29346
5	4284	16260	29343
5	4302	16350	29352
5	4302	16350	29353
5	4314	16380	29349
5	4330	16440	29355
5	4339	16470	29357
5	4353	16510	29347
5	4381	16620	29356
5	4381	16620	29358
5	4405	16710	29365
5	4532	17299.648381812475	29378
5	4541	17340	29377
5	4544	17350	29371
5	4545	17350	29373
5	4554	17400	29379
5	4595	17550	29383
5	4595	17550	29385
5	4627	17700	29384
5	4627	17700	29382
5	4682	17940	29390
5	4723	18149.191357704308	29395
5	4732	18180	29393
5	4735	18190	29391
5	4788	18420	29399
5	4801	18480	29403
5	4834	18600.721534995834	29407
5	4837	18622.239512608274	29408
5	4864	18720	29411
5	4883	18810	29409
5	4914	18940	29413
5	4915	18940	29416
5	4930	19020	29418
5	4957	19140	29419
5	4990	19260	29420
5	5008	19320	29425
5	5022	19380	29422
5	5022	19380	29423
5	5040	19440	29434
5	5054	19481.218780233582	29437
5	5057	19500	29426
5	5057	19500	29427
5	5057	19500	29430
5	5116	19680	29443
5	5120	19694.915580435455	29445
5	5124	19710	29440
5	5162	19830	29448
5	5162	19830	29450
5	5169	19860	29444
5	5186	19920	29452
5	5186	19920	29455
5	5197	19950	29453
5	5197	19950	29456
6	301	1000	1
6	307	1020	1
6	307	1020	1
6	314	1050	1
6	314	1050	0
6	325	1080	0
6	325	1080	0
6	330	1110	0
6	330	1110	0
6	335	1120	1
6	339	1140	1
6	339	1140	1
6	343	1150	2
6	346	1169.669083700534	3
6	349	1170	3
6	349	1170	0
6	351	1174.101046567264	1
6	357	1200	1
6	357	1200	1
6	362	1230	1
6	362	1230	0
6	369	1260	0
6	369	1260	0
6	376	1270	1
6	381	1290	1
6	381	1290	0
6	387	1320	0
6	387	1320	0
6	395	1350	0
6	395	1350	0
6	401	1380	0
6	401	1380	0
6	413	1410	0
6	413	1410	0
6	418	1434.150430001237	1
6	422	1440	1
6	422	1440	1
6	428	1470	1
6	428	1470	0
6	437	1500	0
6	437	1500	0
6	441	1510	1
6	446	1530	1
6	446	1530	0
6	451	1543.049197866411	1
6	455	1560	1
6	455	1560	1
6	463	1590	1
6	463	1590	1
6	469	1620	1
6	469	1620	0
6	477	1650	0
6	477	1650	0
6	484	1680	0
6	484	1680	0
6	496	1710	0
6	496	1710	0
6	499	1720	1
6	505	1740	1
6	505	1740	1
6	510	1770	1
6	510	1770	0
6	519	1800	0
6	519	1800	0
6	526	1823.546419634342	1
6	529	1830	1
6	529	1830	1
6	532	1840	2
6	535	1860	2
6	535	1860	1
6	542	1890	1
6	542	1890	0
6	553	1920	0
6	553	1920	0
6	561	1950	0
6	561	1950	0
6	568	1980	0
6	568	1980	0
6	576	2010	0
6	576	2010	0
6	584	2040	0
6	584	2040	0
6	594	2070	0
6	594	2070	0
6	603	2100	0
6	603	2100	0
6	608	2130	0
6	608	2130	0
6	610	2130.449681419835	1
6	611	2140	2
6	618	2160	2
6	618	2160	1
6	627	2190	1
6	627	2190	1
6	636	2220	1
6	636	2220	0
6	642	2250	0
6	642	2250	0
6	654	2280	0
6	654	2280	0
6	659	2301.162468587648	1
6	663	2310	1
6	663	2310	0
6	669	2340	0
6	669	2340	0
6	678	2370	0
6	678	2370	0
6	686	2400	0
6	686	2400	0
6	690	2410.27433541208	1
6	693	2430	1
6	693	2430	0
6	699	2460	0
6	699	2460	0
6	705	2490	0
6	705	2490	0
6	714	2520	0
6	714	2520	0
6	722	2550	0
6	722	2550	0
6	729	2580	0
6	729	2580	0
6	739	2610	0
6	739	2610	0
6	746	2640	0
6	746	2640	0
6	754	2670	0
6	754	2670	0
6	761	2700	0
6	761	2700	0
6	766	2730	0
6	766	2730	0
6	773	2760	0
6	773	2760	0
6	784	2790	0
6	784	2790	0
6	789	2820	0
6	789	2820	0
6	793	2850	0
6	793	2850	0
6	806	2880	0
6	806	2880	0
6	813	2910	0
6	813	2910	0
6	819	2940	0
6	819	2940	0
6	831	2970	0
6	831	2970	0
6	841	3000	0
6	841	3000	0
6	852	3030	0
6	852	3030	0
6	858	3060	0
6	858	3060	0
6	870	3090	0
6	870	3090	0
6	884	3120	0
6	884	3120	0
6	895	3150	0
6	895	3150	0
6	902	3180	0
6	902	3180	0
6	914	3210	0
6	914	3210	0
6	927	3240	0
6	927	3240	0
6	929	3247.666046035696	1
6	935	3270	1
6	935	3270	1
6	940	3300	1
6	940	3300	0
6	946	3310	1
6	957	3330	1
6	957	3330	0
6	967	3360	0
6	967	3360	0
6	969	3381.06405313196	1
6	972	3390	1
6	972	3390	0
6	982	3420	0
6	982	3420	0
6	992	3450	0
6	992	3450	0
6	1002	3480	0
6	1002	3480	0
6	1008	3510	0
6	1008	3510	0
6	1012	3520	1
6	1017	3540	1
6	1017	3540	1
6	1025	3570	1
6	1025	3570	0
6	1028	3574.823734877695	1
6	1034	3600	1
6	1034	3600	1
6	1038	3629.024088218266	2
6	1041	3630	2
6	1041	3630	1
6	1050	3660	1
6	1050	3660	0
6	1055	3676.950233648908	1
6	1060	3690	1
6	1060	3690	0
6	1065	3720	0
6	1065	3720	0
6	1074	3750	0
6	1074	3750	0
6	1081	3780	0
6	1081	3780	0
6	1089	3810	0
6	1089	3810	0
6	1096	3840	0
6	1096	3840	0
6	1102	3870	0
6	1102	3870	0
6	1108	3900	0
6	1108	3900	0
6	1117	3930	0
6	1117	3930	0
6	1125	3960	0
6	1125	3960	0
6	1131	3990	0
6	1131	3990	0
6	1135	4013.118306391078	1
6	1140	4020	1
6	1140	4020	0
6	1142	4030	1
6	1149	4050	1
6	1149	4050	0
6	1158	4080	0
6	1158	4080	0
6	1166	4110	0
6	1166	4110	0
6	1169	4117.968059777873	1
6	1175	4140	1
6	1175	4140	0
6	1179	4150	1
6	1184	4170	1
6	1184	4170	0
6	1187	4178.995899931777	1
6	1193	4200	1
6	1193	4200	1
6	1201	4230	1
6	1201	4230	1
6	1209	4260	1
6	1209	4260	0
6	1217	4290	0
6	1217	4290	0
6	1227	4320	0
6	1227	4320	0
6	1235	4350	0
6	1235	4350	0
6	1242	4380	0
6	1242	4380	0
6	1248	4410	0
6	1248	4410	0
6	1257	4440	0
6	1257	4440	0
6	1262	4470	0
6	1262	4470	0
6	1266	4480	1
6	1267	4480	2
6	1271	4500	2
6	1271	4500	2
6	1273	4510	3
6	1277	4530	3
6	1277	4530	0
6	1283	4560	0
6	1283	4560	0
6	1292	4590	0
6	1292	4590	0
6	1297	4620	0
6	1297	4620	0
6	1307	4650	0
6	1307	4650	0
6	1311	4680	0
6	1311	4680	0
6	1317	4710	0
6	1317	4710	0
6	1319	4720	1
6	1325	4740	1
6	1325	4740	1
6	1329	4770	1
6	1329	4770	0
6	1338	4800	0
6	1338	4800	0
6	1344	4830	0
6	1344	4830	0
6	1346	4840	1
6	1349	4860	1
6	1349	4860	1
6	1358	4890	1
6	1358	4890	0
6	1364	4920	0
6	1364	4920	0
6	1369	4950	0
6	1369	4950	0
6	1375	4980	0
6	1375	4980	0
6	1384	5010	0
6	1384	5010	0
6	1391	5040	0
6	1391	5040	0
6	1398	5070	0
6	1398	5070	0
6	1403	5100	0
6	1403	5100	0
6	1410	5130	0
6	1410	5130	0
6	1414	5140	1
6	1423	5160	1
6	1423	5160	0
6	1430	5190	0
6	1430	5190	0
6	1434	5220	0
6	1434	5220	0
6	1436	5223.289068510701	1
6	1441	5250	1
6	1441	5250	1
6	1444	5253.454153364543	2
6	1449	5263.054764250362	3
6	1452	5280	3
6	1452	5280	3
6	1457	5310	3
6	1457	5310	1
6	1461	5340	1
6	1461	5340	0
6	1468	5370	0
6	1468	5370	0
6	1476	5400	0
6	1476	5400	0
6	1484	5430	0
6	1484	5430	0
6	1488	5447.618909925344	1
6	1491	5460	1
6	1491	5460	0
6	1494	5476.571876877973	1
6	1498	5490	1
6	1498	5490	1
6	1505	5520	1
6	1505	5520	1
6	1512	5550	1
6	1512	5550	0
6	1519	5580	0
6	1519	5580	0
6	1528	5610	0
6	1528	5610	0
6	1533	5640	0
6	1533	5640	0
6	1540	5670	0
6	1540	5670	0
6	1545	5700	0
6	1545	5700	0
6	1554	5730	0
6	1554	5730	0
6	1558	5760	0
6	1558	5760	0
6	1565	5790	0
6	1565	5790	0
6	1568	5800	1
6	1574	5820	1
6	1574	5820	1
6	1580	5850	1
6	1580	5850	0
6	1585	5880	0
6	1585	5880	0
6	1592	5910	0
6	1592	5910	0
6	1601	5940	0
6	1601	5940	0
6	1607	5970	0
6	1607	5970	0
6	1612	6000	0
6	1612	6000	0
6	1614	6004.797647050737	1
6	1620	6030	1
6	1620	6030	1
6	1628	6060	1
6	1628	6060	0
6	1637	6090	0
6	1637	6090	0
6	1643	6117.486328962572	1
6	1646	6120	1
6	1646	6120	1
6	1652	6150	1
6	1652	6150	1
6	1660	6180	1
6	1660	6180	0
6	1667	6190	1
6	1672	6210	1
6	1672	6210	0
6	1677	6240	0
6	1677	6240	0
6	1686	6270	0
6	1686	6270	0
6	1695	6300	0
6	1695	6300	0
6	1701	6330	0
6	1701	6330	0
6	1709	6360	0
6	1709	6360	0
6	1714	6372.975817720059	1
6	1717	6390	1
6	1717	6390	0
6	1725	6420	0
6	1725	6420	0
6	1730	6450	0
6	1730	6450	0
6	1735	6480	0
6	1735	6480	0
6	1745	6510	0
6	1745	6510	0
6	1750	6540	0
6	1750	6540	0
6	1757	6570	0
6	1757	6570	0
6	1764	6600	0
6	1764	6600	0
6	1769	6630	0
6	1769	6630	0
6	1777	6660	0
6	1777	6660	0
6	1784	6690	0
6	1784	6690	0
6	1790	6720	0
6	1790	6720	0
6	1795	6750	0
6	1795	6750	0
6	1798	6760	1
6	1799	6760	2
6	1802	6780	2
6	1802	6780	2
6	1808	6810	2
6	1808	6810	0
6	1817	6840	0
6	1817	6840	0
6	1824	6870	0
6	1824	6870	0
6	1826	6890.011143440486	1
6	1829	6900	1
6	1829	6900	1
6	1838	6930	1
6	1838	6930	0
6	1847	6960	0
6	1847	6960	0
6	1854	6990	0
6	1854	6990	0
6	1857	7005.443958212515	1
6	1858	7007.258625183316	2
6	1862	7020	2
6	1862	7020	1
6	1871	7050	1
6	1871	7050	0
6	1877	7080	0
6	1877	7080	0
6	1881	7103.980260782104	1
6	1884	7110	1
6	1884	7110	1
6	1889	7140	1
6	1889	7140	0
6	1893	7150	1
6	1896	7170	1
6	1896	7170	0
6	1905	7200	0
6	1905	7200	0
6	1911	7230	0
6	1911	7230	0
6	1917	7260	0
6	1917	7260	0
6	1924	7290	0
6	1924	7290	0
6	1927	7296.240491148289	1
6	1933	7320	1
6	1933	7320	1
6	1937	7350	1
6	1937	7350	0
6	1944	7380	0
6	1944	7380	0
6	1950	7410	0
6	1950	7410	0
6	1953	7420	1
6	1957	7440	1
6	1957	7440	0
6	1963	7470	0
6	1963	7470	0
6	1967	7500	0
6	1967	7500	0
6	1972	7530	0
6	1972	7530	0
6	1981	7560	0
6	1981	7560	0
6	1985	7590	0
6	1985	7590	0
6	1992	7620	0
6	1992	7620	0
6	1997	7650	0
6	1997	7650	0
6	1999	7651.024504333455	1
6	2004	7680	1
6	2004	7680	1
6	2008	7710	1
6	2008	7710	1
6	2013	7740	1
6	2013	7740	0
6	2023	7770	0
6	2023	7770	0
6	2027	7800	0
6	2027	7800	0
6	2032	7830	0
6	2032	7830	0
6	2043	7860	0
6	2043	7860	0
6	2048	7890	0
6	2048	7890	0
6	2054	7920	0
6	2054	7920	0
6	2062	7950	0
6	2062	7950	0
6	2064	7950.179535303361	1
6	2066	7958.30668842373	2
6	2072	7980	2
6	2072	7980	1
6	2080	8010	1
6	2080	8010	1
6	2087	8040	1
6	2087	8040	0
6	2092	8070	0
6	2092	8070	0
6	2095	8078.959997656648	1
6	2098	8092.010415914671	2
6	2102	8100	2
6	2102	8100	0
6	2110	8130	0
6	2110	8130	0
6	2116	8160	0
6	2116	8160	0
6	2120	8176.111379137176	1
6	2124	8190	1
6	2124	8190	1
6	2136	8220	1
6	2136	8220	0
6	2140	8230	1
6	2144	8250	1
6	2144	8250	0
6	2149	8280	0
6	2149	8280	0
6	2160	8310	0
6	2160	8310	0
6	2168	8340	0
6	2168	8340	0
6	2177	8370	0
6	2177	8370	0
6	2180	8380	1
6	2185	8396.004321292137	2
6	2188	8400	2
6	2188	8400	1
6	2193	8428.365818958649	2
6	2196	8430	2
6	2196	8430	1
6	2202	8448.367030277849	2
6	2204	8456.778151008306	3
6	2207	8460	3
6	2207	8460	0
6	2212	8490	0
6	2212	8490	0
6	2222	8520	0
6	2222	8520	0
6	2231	8550	0
6	2231	8550	0
6	2241	8580	0
6	2241	8580	0
6	2246	8605.587142575646	1
6	2249	8610	1
6	2249	8610	1
6	2251	8618.198168301836	2
6	2259	8640	2
6	2259	8640	2
6	2267	8670	2
6	2267	8670	0
6	2279	8700	0
6	2279	8700	0
6	2285	8730	0
6	2285	8730	0
6	2296	8760	0
6	2296	8760	0
6	2309	8790	0
6	2309	8790	0
6	2312	8800	1
6	2315	8820	1
6	2315	8820	1
6	2326	8850	1
6	2326	8850	0
6	2328	8851.200701965536	1
6	2334	8880	1
6	2334	8880	1
6	2342	8910	1
6	2342	8910	1
6	2346	8920	2
6	2352	8940	2
6	2352	8940	1
6	2355	8949.335208395134	2
6	2362	8970	2
6	2362	8970	0
6	2372	9000	0
6	2372	9000	0
6	2380	9030	0
6	2380	9030	0
6	2391	9060	0
6	2391	9060	0
6	2393	9067.657306481459	1
6	2403	9090	1
6	2403	9090	0
6	2410	9120	0
6	2410	9120	0
6	2417	9150	0
6	2417	9150	0
6	2427	9180	0
6	2427	9180	0
6	2434	9210	0
6	2434	9210	0
6	2443	9240	0
6	2443	9240	0
6	2451	9270	0
6	2451	9270	0
6	2458	9300	0
6	2458	9300	0
6	2461	9310	1
6	2466	9330	1
6	2466	9330	0
6	2475	9360	0
6	2475	9360	0
6	2480	9390	0
6	2480	9390	0
6	2485	9420	0
6	2485	9420	0
6	2491	9450	0
6	2491	9450	0
6	2494	9460	1
6	2503	9480	1
6	2503	9480	0
6	2510	9510	0
6	2510	9510	0
6	2516	9540	0
6	2516	9540	0
6	2518	9550	1
6	2520	9567.51075604034	2
6	2523	9570	2
6	2523	9570	1
6	2525	9573.924668530474	2
6	2527	9578.397370839181	3
6	2535	9600	3
6	2535	9600	3
6	2538	9601.192277658823	4
6	2542	9630	4
6	2542	9630	3
6	2548	9660	3
6	2548	9660	0
6	2558	9690	0
6	2558	9690	0
6	2564	9701.301017784267	1
6	2568	9720	1
6	2568	9720	1
6	2573	9750	1
6	2573	9750	0
6	2582	9780	0
6	2582	9780	0
6	2584	9783.243067310904	1
6	2591	9810	1
6	2591	9810	0
6	2598	9840	0
6	2598	9840	0
6	2608	9870	0
6	2608	9870	0
6	2616	9900	0
6	2616	9900	0
6	2624	9930	0
6	2624	9930	0
6	2633	9960	0
6	2633	9960	0
6	2635	9964.958008781514	1
6	2643	9990	1
6	2643	9990	0
6	2649	10020	0
6	2649	10020	0
6	2657	10050	0
6	2657	10050	0
6	2659	10060	1
6	2668	10080	1
6	2668	10080	0
6	2675	10110	0
6	2675	10110	0
6	2677	10131.420341607179	1
6	2681	10140	1
6	2681	10140	0
6	2690	10170	0
6	2690	10170	0
6	2697	10200	0
6	2697	10200	0
6	2703	10230	0
6	2703	10230	0
6	2710	10260	0
6	2710	10260	0
6	2712	10260.228375974552	1
6	2718	10290	1
6	2718	10290	0
6	2725	10320	0
6	2725	10320	0
6	2727	10321.997117599871	1
6	2735	10350	1
6	2735	10350	0
6	2741	10380	0
6	2741	10380	0
6	2750	10410	0
6	2750	10410	0
6	2752	10419.0221725549	1
6	2759	10440	1
6	2759	10440	1
6	2768	10470	1
6	2768	10470	1
6	2770	10470.714424576592	2
6	2771	10481.537420876688	3
6	2776	10500	3
6	2776	10500	0
6	2780	10528.014027939234	1
6	2783	10530	1
6	2783	10530	1
6	2786	10540	2
6	2789	10555.351009263207	3
6	2792	10560	3
6	2792	10560	2
6	2799	10590	2
6	2799	10590	1
6	2808	10620	1
6	2808	10620	0
6	2811	10634.687934310583	1
6	2814	10650	1
6	2814	10650	0
6	2826	10680	0
6	2826	10680	0
6	2832	10710	0
6	2832	10710	0
6	2836	10720	1
6	2840	10740	1
6	2840	10740	1
6	2850	10770	1
6	2850	10770	0
6	2858	10800	0
6	2858	10800	0
6	2864	10830	0
6	2864	10830	0
6	2871	10860	0
6	2871	10860	0
6	2878	10890	0
6	2878	10890	0
6	2887	10920	0
6	2887	10920	0
6	2894	10950	0
6	2894	10950	0
6	2901	10980	0
6	2901	10980	0
6	2907	11010	0
6	2907	11010	0
6	2909	11015.850820018429	1
6	2916	11040	1
6	2916	11040	1
6	2923	11070	1
6	2923	11070	0
6	2929	11100	0
6	2929	11100	0
6	2933	11110	1
6	2939	11130	1
6	2939	11130	0
6	2941	11140	1
6	2945	11160	1
6	2945	11160	0
6	2954	11190	0
6	2954	11190	0
6	2958	11202.239488334012	1
6	2963	11220	1
6	2963	11220	0
6	2971	11250	0
6	2971	11250	0
6	2979	11280	0
6	2979	11280	0
6	2985	11310	0
6	2985	11310	0
6	2991	11320.153238216161	1
6	2996	11340	1
6	2996	11340	1
6	3004	11370	1
6	3004	11370	0
6	3014	11400	0
6	3014	11400	0
6	3020	11430	0
6	3020	11430	0
6	3030	11460	0
6	3030	11460	0
6	3038	11487.46268001283	1
6	3041	11490	1
6	3041	11490	0
6	3048	11520	0
6	3048	11520	0
6	3054	11550	0
6	3054	11550	0
6	3056	11555.726350090829	1
6	3062	11580	1
6	3062	11580	1
6	3073	11610	1
6	3073	11610	1
6	3075	11619.459345368037	2
6	3078	11640	2
6	3078	11640	1
6	3084	11670	1
6	3084	11670	0
6	3091	11700	0
6	3091	11700	0
6	3101	11730	0
6	3101	11730	0
6	3106	11760	0
6	3106	11760	0
6	3108	11767.590027662591	1
6	3115	11790	1
6	3115	11790	0
6	3117	11800	1
6	3120	11820	1
6	3120	11820	1
6	3127	11850	1
6	3127	11850	0
6	3135	11880	0
6	3135	11880	0
6	3146	11910	0
6	3146	11910	0
6	3152	11940	0
6	3152	11940	0
6	3157	11953.539504458509	1
6	3161	11970	1
6	3161	11970	1
6	3170	12000	1
6	3170	12000	1
6	3176	12030	1
6	3176	12030	0
6	3183	12060	0
6	3183	12060	0
6	3188	12090	0
6	3188	12090	0
6	3195	12120	0
6	3195	12120	0
6	3203	12150	0
6	3203	12150	0
6	3207	12160	1
6	3210	12180	1
6	3210	12180	1
6	3214	12209.753357024565	2
6	3217	12210	2
6	3217	12210	0
6	3224	12240	0
6	3224	12240	0
6	3227	12250.343866597546	1
6	3233	12270	1
6	3233	12270	0
6	3240	12300	0
6	3240	12300	0
6	3249	12330	0
6	3249	12330	0
6	3258	12360	0
6	3258	12360	0
6	3260	12366.57336428134	1
6	3265	12390	1
6	3265	12390	1
6	3271	12412.010049963513	2
6	3275	12420	2
6	3275	12420	0
6	3279	12450	0
6	3279	12450	0
6	3288	12480	0
6	3288	12480	0
6	3296	12510	0
6	3296	12510	0
6	3304	12540	0
6	3304	12540	0
6	3306	12550	1
6	3312	12570	1
6	3312	12570	0
6	3319	12600	0
6	3319	12600	0
6	3328	12630	0
6	3328	12630	0
6	3332	12660	0
6	3332	12660	0
6	3340	12690	0
6	3340	12690	0
6	3345	12720	0
6	3345	12720	0
6	3351	12750	0
6	3351	12750	0
6	3357	12780	0
6	3357	12780	0
6	3361	12810	0
6	3361	12810	0
6	3368	12840	0
6	3368	12840	0
6	3373	12870	0
6	3373	12870	0
6	3375	12880	1
6	3378	12900	1
6	3378	12900	1
6	3384	12930	1
6	3384	12930	0
6	3387	12939.78105719529	1
6	3394	12960	1
6	3394	12960	1
6	3399	12990	1
6	3399	12990	1
6	3405	13020	1
6	3405	13020	0
6	3414	13050	0
6	3414	13050	0
6	3423	13080	0
6	3423	13080	0
6	3428	13110	0
6	3428	13110	0
6	3436	13140	0
6	3436	13140	0
6	3442	13161.803474898016	1
6	3447	13170	1
6	3447	13170	0
6	3455	13200	0
6	3455	13200	0
6	3462	13230	0
6	3462	13230	0
6	3470	13260	0
6	3470	13260	0
6	3476	13290	0
6	3476	13290	0
6	3483	13306.987686879089	1
6	3486	13320	1
6	3486	13320	0
6	3495	13350	0
6	3495	13350	0
6	3501	13380	0
6	3501	13380	0
6	3508	13410	0
6	3508	13410	0
6	3521	13440	0
6	3521	13440	0
6	3527	13470	0
6	3527	13470	0
6	3531	13499.754428693619	1
6	3534	13500	1
6	3534	13500	0
6	3545	13530	0
6	3545	13530	0
6	3550	13560	0
6	3550	13560	0
6	3556	13590	0
6	3556	13590	0
6	3566	13620	0
6	3566	13620	0
6	3574	13650	0
6	3574	13650	0
6	3584	13680	0
6	3584	13680	0
6	3596	13710	0
6	3596	13710	0
6	3599	13719.260176316519	1
6	3606	13740	1
6	3606	13740	1
6	3616	13770	1
6	3616	13770	1
6	3622	13800	1
6	3622	13800	0
6	3625	13801.563759982378	1
6	3634	13830	1
6	3634	13830	0
6	3641	13860	0
6	3641	13860	0
6	3647	13890	0
6	3647	13890	0
6	3658	13920	0
6	3658	13920	0
6	3667	13950	0
6	3667	13950	0
6	3673	13980	0
6	3673	13980	0
6	3677	13990	1
6	3682	14010	1
6	3682	14010	0
6	3684	14018.931622503592	1
6	3689	14029.278122177496	2
6	3694	14040	2
6	3694	14040	2
6	3704	14070	2
6	3704	14070	1
6	3709	14100	1
6	3709	14100	0
6	3718	14130	0
6	3718	14130	0
6	3724	14150.120279182753	1
6	3728	14160	1
6	3728	14160	0
6	3735	14190	0
6	3735	14190	0
6	3739	14200	1
6	3744	14220	1
6	3744	14220	1
6	3752	14250	1
6	3752	14250	0
6	3759	14280	0
6	3759	14280	0
6	3766	14310	0
6	3766	14310	0
6	3776	14340	0
6	3776	14340	0
6	3782	14370	0
6	3782	14370	0
6	3789	14400	0
6	3789	14400	0
6	3793	14425.136154000124	1
6	3797	14430	1
6	3797	14430	0
6	3804	14460	0
6	3804	14460	0
6	3817	14490	0
6	3817	14490	0
6	3822	14520	0
6	3822	14520	0
6	3828	14550	0
6	3828	14550	0
6	3830	14560	1
6	3837	14580	1
6	3837	14580	1
6	3844	14610	1
6	3844	14610	0
6	3849	14640	0
6	3849	14640	0
6	3854	14670	0
6	3854	14670	0
6	3863	14700	0
6	3863	14700	0
6	3869	14710	1
6	3872	14730	1
6	3872	14730	0
6	3880	14760	0
6	3880	14760	0
6	3887	14790	0
6	3887	14790	0
6	3896	14820	0
6	3896	14820	0
6	3904	14850	0
6	3904	14850	0
6	3911	14880	0
6	3911	14880	0
6	3915	14892.382034468492	1
6	3920	14910	1
6	3920	14910	0
6	3926	14940	0
6	3926	14940	0
6	3929	14950	1
6	3934	14970	1
6	3934	14970	0
6	3939	15000	0
6	3939	15000	0
6	3947	15030	0
6	3947	15030	0
6	3950	15040	1
6	3954	15060	1
6	3954	15060	1
6	3959	15090	1
6	3959	15090	0
6	3965	15120	0
6	3965	15120	0
6	3972	15150	0
6	3972	15150	0
6	3978	15180	0
6	3978	15180	0
6	3986	15210	0
6	3986	15210	0
6	3996	15240	0
6	3996	15240	0
6	3999	15263.785356355716	1
6	4002	15270	1
6	4002	15270	1
6	4010	15300	1
6	4010	15300	0
6	4019	15330	0
6	4019	15330	0
6	4027	15360	0
6	4027	15360	0
6	4030	15371.752375636868	1
6	4034	15390	1
6	4034	15390	0
6	4043	15420	0
6	4043	15420	0
6	4051	15450	0
6	4051	15450	0
6	4059	15480	0
6	4059	15480	0
6	4071	15510	0
6	4071	15510	0
6	4079	15540	0
6	4079	15540	0
6	4086	15570	0
6	4086	15570	0
6	4097	15600	0
6	4097	15600	0
6	4108	15630	0
6	4108	15630	0
6	4116	15660	0
6	4116	15660	0
6	4118	15670	1
6	4125	15690	1
6	4125	15690	0
6	4129	15703.511465426348	1
6	4136	15720	1
6	4136	15720	1
6	4143	15750	1
6	4143	15750	1
6	4148	15780	1
6	4148	15780	0
6	4158	15810	0
6	4158	15810	0
6	4165	15840	0
6	4165	15840	0
6	4174	15870	0
6	4174	15870	0
6	4183	15900	0
6	4183	15900	0
6	4188	15930	0
6	4188	15930	0
6	4200	15960	0
6	4200	15960	0
6	4208	15990	0
6	4208	15990	0
6	4211	16000	1
6	4214	16020	1
6	4214	16020	1
6	4223	16050	1
6	4223	16050	0
6	4225	16056.103504924867	1
6	4229	16076.377392358879	2
6	4232	16080	2
6	4232	16080	2
6	4244	16110	2
6	4244	16110	1
6	4250	16140	1
6	4250	16140	0
6	4257	16170	0
6	4257	16170	0
6	4269	16200	0
6	4269	16200	0
6	4271	16201.986774939978	1
6	4272	16206.463062158763	2
6	4279	16230	2
6	4279	16230	2
6	4285	16260	2
6	4285	16260	0
6	4291	16290	0
6	4291	16290	0
6	4293	16300	1
6	4297	16320	1
6	4297	16320	0
6	4303	16350	0
6	4303	16350	0
6	4309	16360	1
6	4315	16380	1
6	4315	16380	1
6	4318	16390	2
6	4321	16408.695430688774	3
6	4324	16410	3
6	4324	16410	1
6	4331	16440	1
6	4331	16440	1
6	4340	16470	1
6	4340	16470	0
6	4350	16500	0
6	4350	16500	0
6	4358	16530	0
6	4358	16530	0
6	4360	16533.983288457478	1
6	4361	16540	2
6	4366	16560	2
6	4366	16560	1
6	4374	16590	1
6	4374	16590	1
6	4382	16620	1
6	4382	16620	0
6	4387	16650	0
6	4387	16650	0
6	4397	16680	0
6	4397	16680	0
6	4402	16699.117612712168	1
6	4406	16710	1
6	4406	16710	1
6	4414	16740	1
6	4414	16740	0
6	4419	16770	0
6	4419	16770	0
6	4423	16783.144623439485	1
6	4426	16800	1
6	4426	16800	1
6	4433	16830	1
6	4433	16830	0
6	4440	16860	0
6	4440	16860	0
6	4443	16867.261692928672	1
6	4448	16890	1
6	4448	16890	0
6	4453	16920	0
6	4453	16920	0
6	4461	16950	0
6	4461	16950	0
6	4468	16980	0
6	4468	16980	0
6	4473	17010	0
6	4473	17010	0
6	4479	17040	0
6	4479	17040	0
6	4487	17070	0
6	4487	17070	0
6	4491	17100	0
6	4491	17100	0
6	4497	17130	0
6	4497	17130	0
6	4501	17142.179357754643	1
6	4505	17160	1
6	4505	17160	1
6	4509	17190	1
6	4509	17190	0
6	4512	17200	1
6	4516	17220	1
6	4516	17220	1
6	4520	17230	2
6	4524	17250	2
6	4524	17250	0
6	4529	17280	0
6	4529	17280	0
6	4535	17310	0
6	4535	17310	0
6	4542	17340	0
6	4542	17340	0
6	4548	17370	0
6	4548	17370	0
6	4552	17399.648381812475	1
6	4555	17400	1
6	4555	17400	0
6	4564	17430	0
6	4564	17430	0
6	4574	17460	0
6	4574	17460	0
6	4580	17490	0
6	4580	17490	0
6	4585	17508.951057767769	1
6	4586	17509.688802306379	2
6	4590	17520	2
6	4590	17520	2
6	4592	17527.579589546871	3
6	4596	17550	3
6	4596	17550	1
6	4601	17580	1
6	4601	17580	0
6	4604	17589.063624769467	1
6	4608	17610	1
6	4608	17610	0
6	4612	17640	0
6	4612	17640	0
6	4622	17670	0
6	4622	17670	0
6	4628	17700	0
6	4628	17700	0
6	4635	17730	0
6	4635	17730	0
6	4642	17760	0
6	4642	17760	0
6	4644	17765.250708434546	1
6	4649	17790	1
6	4649	17790	0
6	4653	17804.46722041826	1
6	4657	17820	1
6	4657	17820	0
6	4662	17850	0
6	4662	17850	0
6	4669	17880	0
6	4669	17880	0
6	4676	17910	0
6	4676	17910	0
6	4683	17940	0
6	4683	17940	0
6	4688	17970	0
6	4688	17970	0
6	4690	17999.924746740514	1
6	4693	18000	1
6	4693	18000	1
6	4700	18030	1
6	4700	18030	0
6	4703	18040	1
6	4708	18060	1
6	4708	18060	1
6	4713	18090	1
6	4713	18090	0
6	4715	18100.267292523102	1
6	4719	18120	1
6	4719	18120	1
6	4726	18150	1
6	4726	18150	0
6	4729	18173.611767449699	1
6	4733	18180	1
6	4733	18180	0
6	4739	18210	0
6	4739	18210	0
6	4745	18240	0
6	4745	18240	0
6	4752	18270	0
6	4752	18270	0
6	4760	18300	0
6	4760	18300	0
6	4767	18330	0
6	4767	18330	0
6	4775	18360	0
6	4775	18360	0
6	4782	18390	0
6	4782	18390	0
6	4784	18400	1
6	4789	18420	1
6	4789	18420	1
6	4793	18431.932075302248	2
6	4798	18450	2
6	4798	18450	0
6	4802	18480	0
6	4802	18480	0
6	4808	18510	0
6	4808	18510	0
6	4811	18521.35203897618	1
6	4816	18540	1
6	4816	18540	0
6	4821	18550	1
6	4825	18570	1
6	4825	18570	0
6	4828	18580	1
6	4832	18600	1
6	4832	18600	0
6	4841	18630	0
6	4841	18630	0
6	4847	18660	0
6	4847	18660	0
6	4853	18690	0
6	4853	18690	0
6	4865	18720	0
6	4865	18720	0
6	4872	18750	0
6	4872	18750	0
6	4878	18780	0
6	4878	18780	0
6	4884	18810	0
6	4884	18810	0
6	4886	18811.704516662442	1
6	4889	18820	2
6	4893	18840	2
6	4893	18840	1
6	4896	18861.224751998818	2
6	4899	18870	2
6	4899	18870	1
6	4901	18880	2
6	4902	18895.613847962827	3
6	4905	18900	3
6	4905	18900	1
6	4908	18912.975124951391	2
6	4911	18930	2
6	4911	18930	0
6	4913	18939.844333646299	1
6	4920	18960	1
6	4920	18960	1
6	4925	18990	1
6	4925	18990	1
6	4931	19020	1
6	4931	19020	0
6	4940	19050	0
6	4940	19050	0
6	4942	19054.886215292527	1
6	4945	19080	1
6	4945	19080	1
6	4951	19110	1
6	4951	19110	0
6	4958	19140	0
6	4958	19140	0
6	4966	19170	0
6	4966	19170	0
6	4970	19190.463744591568	1
6	4974	19200	1
6	4974	19200	1
6	4979	19218.250913374538	2
6	4984	19230	2
6	4984	19230	1
6	4987	19241.379846059291	2
6	4991	19260	2
6	4991	19260	0
6	4993	19267.69543211882	1
6	4994	19272.152131921428	2
6	4998	19290	2
6	4998	19290	2
6	5003	19303.860000773475	3
6	5009	19320	3
6	5009	19320	3
6	5016	19350	3
6	5016	19350	0
6	5023	19380	0
6	5023	19380	0
6	5030	19407.305809381789	1
6	5033	19410	1
6	5033	19410	0
6	5036	19416.529974167464	1
6	5041	19440	1
6	5041	19440	1
6	5050	19470	1
6	5050	19470	0
6	5058	19500	0
6	5058	19500	0
6	5066	19530	0
6	5066	19530	0
6	5068	19540	1
6	5076	19560	1
6	5076	19560	0
6	5086	19590	0
6	5086	19590	0
6	5092	19600	1
6	5095	19620	1
6	5095	19620	1
6	5098	19624.072928835066	2
6	5106	19650	2
6	5106	19650	1
6	5108	19651.963469687327	2
6	5114	19678.552894248723	3
6	5117	19680	3
6	5117	19680	3
6	5125	19710	3
6	5125	19710	1
6	5133	19740	1
6	5133	19740	0
6	5142	19770	0
6	5142	19770	0
6	5146	19780	1
6	5152	19800	1
6	5152	19800	0
6	5163	19830	0
6	5163	19830	0
6	5170	19860	0
6	5170	19860	0
6	5178	19890	0
6	5178	19890	0
6	5187	19920	0
6	5187	19920	0
6	5195	19932.403253665009	1
6	5198	19950	1
6	5198	19950	1
6	5202	19960	2
6	5205	19980	2
6	5205	19980	1
7	314	1050	50
7	345	1169.316960150681	0
7	349	1170	50
7	349	1170	20
7	349	1170	0.330916299466
7	352	1180	0
7	362	1230	55.898953432736
7	381	1290	20
7	428	1470	35.849569998763
7	446	1530	20
7	450	1540	0
7	469	1620	76.950802133589
7	481	1660	0
7	488	1690	0
7	510	1770	50
7	513	1780	0
7	535	1860	36.453580365658
7	542	1890	50
7	546	1900	0
7	556	1930	0
7	612	2140	0
7	618	2160	20
7	636	2220	89.550318580165
7	663	2310	8.837531412352
7	683	2380	0
7	693	2430	19.72566458792
7	708	2500	0
7	709	2500	0
7	710	2500	0
7	778	2770	0
7	798	2860	0
7	860	3063.155005791118	0
7	876	3100	0
7	877	3100	0
7	919	3220	0
7	921	3229.625059227236	0
7	940	3300	52.333953964304
7	957	3330	20
7	963	3340	0
7	972	3390	8.93594686804
7	995	3460	0
7	1019	3541.405237960034	0
7	1025	3570	50
7	1030	3580	0
7	1031	3580	0
7	1041	3630	0.975911781734
7	1046	3642.677539762034	0
7	1050	3660	85.176265122305
7	1060	3690	13.049766351092
7	1120	3940	0
7	1136	4016.507660097544	0
7	1140	4020	6.881693608922
7	1149	4050	20
7	1161	4090	0
7	1175	4140	22.031940222127
7	1184	4170	20
7	1188	4180	0
7	1196	4201.807990197906	0
7	1209	4260	81.004100068223
7	1222	4300	0
7	1229	4330	0
7	1277	4530	50
7	1277	4530	50
7	1277	4530	20
7	1279	4540	0
7	1313	4690	0
7	1329	4770	50
7	1354	4880.236284294447	0
7	1358	4890	50
7	1393	5050	0
7	1415	5140	0
7	1423	5160	20
7	1448	5260	0
7	1457	5310	86.710931489299
7	1457	5310	56.545846635457
7	1461	5340	76.945235749638
7	1491	5460	12.381090074656
7	1495	5486.448038982078	0
7	1500	5500	0
7	1512	5550	73.428123122027
7	1580	5850	50
7	1628	6060	55.202352949263
7	1630	6060.158264546062	0
7	1641	6100	0
7	1660	6180	62.513671037428
7	1664	6189.411062625338	0
7	1668	6194.074166803225	0
7	1672	6210	20
7	1704	6340	0
7	1717	6390	17.024182279941
7	1808	6810	50
7	1808	6810	50
7	1838	6930	39.988856559514
7	1841	6940	0
7	1851	6970	0
7	1862	7020	14.556041787485
7	1871	7050	42.741374816684
7	1880	7090	0
7	1889	7140	36.019739217896
7	1896	7170	20
7	1929	7300	0
7	1937	7350	53.759508851711
7	1939	7350.348702156518	0
7	1957	7440	20
7	2000	7660	0
7	2013	7740	88.975495666545
7	2015	7741.575498351262	0
7	2050	7900	0
7	2072	7980	29.820464696639
7	2087	8040	81.69331157627
7	2102	8100	21.040002343352
7	2102	8100	7.989584085329
7	2127	8197.069714967114	0
7	2136	8220	43.888620862824
7	2144	8250	20
7	2188	8400	20
7	2196	8430	1.634181041351
7	2207	8460	63.995678707863
7	2207	8460	11.632969722151
7	2207	8460	3.221848991694
7	2209	8477.802096050544	0
7	2216	8500	0
7	2253	8620	0
7	2267	8670	64.412857424354
7	2267	8670	51.801831698164
7	2289	8740	0
7	2319	8839.391058293995	0
7	2326	8850	50
7	2338	8890	0
7	2352	8940	88.799298034464
7	2362	8970	50
7	2362	8970	20.664791604866
7	2366	8980	0
7	2368	8988.972454811675	0
7	2403	9090	22.342693518541
7	2437	9220	0
7	2466	9330	20
7	2503	9480	20
7	2523	9570	20
7	2542	9630	62.48924395966
7	2548	9660	86.075331469526
7	2548	9660	81.602629160819
7	2548	9660	58.807722341177
7	2563	9700.224666335114	0
7	2573	9750	48.698982215733
7	2585	9789.054537719579	0
7	2591	9810	26.756932689096
7	2643	9990	25.041991218486
7	2660	10060	0
7	2668	10080	20
7	2681	10140	8.579658392821
7	2718	10290	29.771624025448
7	2720	10294.196352387625	0
7	2721	10300	0
7	2729	10330	0
7	2735	10350	28.002882400129
7	2776	10500	80.9778274451
7	2776	10500	29.285575423408
7	2776	10500	18.462579123312
7	2792	10560	20
7	2799	10590	61.985972060766
7	2808	10620	64.648990736793
7	2814	10650	15.312065689417
7	2819	10660	0
7	2845	10754.043185330388	0
7	2850	10770	50
7	2854	10780	0
7	2923	11070	54.149179981571
7	2939	11130	20
7	2945	11160	20
7	2963	11220	17.760511665988
7	3004	11370	49.846761783839
7	3008	11380	0
7	3009	11380	0
7	3041	11490	2.53731998717
7	3044	11500	0
7	3078	11640	84.273649909171
7	3084	11670	50.540654631963
7	3115	11790	22.409972337409
7	3127	11850	50
7	3130	11860	0
7	3176	12030	76.460495541491
7	3212	12189.017473567988	0
7	3217	12210	50
7	3217	12210	0.246642975435
7	3233	12270	19.656133402454
7	3246	12316.587610135735	0
7	3275	12420	53.42663571866
7	3275	12420	7.989950036487
7	3284	12460	0
7	3312	12570	20
7	3384	12930	50
7	3405	13020	80.21894280471
7	3409	13039.595724684974	0
7	3410	13046.340632706508	0
7	3411	13048.299196800017	0
7	3416	13060	0
7	3417	13060	0
7	3447	13170	8.196525101984
7	3486	13320	13.012313120911
7	3534	13500	0.245571306381
7	3539	13521.258614569334	0
7	3558	13591.390574872252	0
7	3569	13622.749538593296	0
7	3618	13780	0
7	3622	13800	80.739823683481
7	3634	13830	28.436240017622
7	3662	13930	0
7	3682	14010	20
7	3686	14020	0
7	3687	14020	0
7	3704	14070	40.721877822504
7	3709	14100	81.068377496408
7	3721	14140	0
7	3728	14160	9.879720817247
7	3752	14250	50
7	3785	14380	0
7	3786	14380	0
7	3797	14430	4.863845999876
7	3808	14468.408565737292	0
7	3844	14610	50
7	3872	14730	20
7	3875	14740	0
7	3882	14778.764988269677	0
7	3906	14860	0
7	3920	14910	17.617965531508
7	3934	14970	20
7	3959	15090	50
7	3968	15131.369865379133	0
7	4010	15300	36.214643644284
7	4022	15336.53803616085	0
7	4034	15390	18.247624363132
7	4063	15490	0
7	4090	15580	0
7	4103	15610	0
7	4125	15690	20
7	4148	15780	76.488534573652
7	4193	15945.39925196387	0
7	4223	16050	50
7	4237	16090	0
7	4244	16110	33.622607641121
7	4250	16140	83.896495075133
7	4285	16260	58.013225060022
7	4285	16260	53.536937841237
7	4297	16320	20
7	4324	16410	50
7	4324	16410	20
7	4334	16450	0
7	4340	16470	61.304569311226
7	4344	16485.456469173068	0
7	4355	16523.292098134702	0
7	4366	16560	20
7	4382	16620	86.016711542522
7	4414	16740	40.882387287832
7	4421	16780	0
7	4422	16780	0
7	4433	16830	46.855376560515
7	4448	16890	22.738307071328
7	4509	17190	47.820642245357
7	4521	17231.477359104658	0
7	4524	17250	50
7	4524	17250	20
7	4555	17400	0.351618187525
7	4584	17500	0
7	4596	17550	41.048942232231
7	4596	17550	22.420410453129
7	4601	17580	70.311197693621
7	4608	17610	20.936375230533
7	4615	17650	0
7	4649	17790	24.749291565454
7	4657	17820	15.53277958174
7	4659	17826.007114316315	0
7	4664	17860	0
7	4700	18030	30.075253259486
7	4713	18090	50
7	4726	18150	49.732707476898
7	4733	18180	6.388232550301
7	4754	18275.513003380907	0
7	4762	18300.182064258675	0
7	4798	18450	50
7	4798	18450	18.067924697752
7	4816	18540	18.64796102382
7	4825	18570	20
7	4832	18600	20
7	4893	18840	20
7	4899	18870	8.775248001182
7	4905	18900	88.295483337558
7	4905	18900	4.386152037173
7	4911	18930	50
7	4911	18930	17.024875048609
7	4931	19020	80.155666353701
7	4951	19110	55.113784707473
7	4984	19230	39.536255408432
7	4991	19260	41.749086625462
7	4991	19260	18.620153940709
7	5016	19350	82.30456788118
7	5016	19350	77.847868078572
7	5016	19350	46.139999226525
7	5033	19410	2.694190618211
7	5050	19470	53.470025832536
7	5069	19540	0
7	5071	19540	0
7	5076	19560	20
7	5106	19650	50
7	5109	19654.77854091069	0
7	5125	19710	85.927071164934
7	5125	19710	58.036530312673
7	5133	19740	61.447105751277
7	5152	19800	20
7	5205	19980	47.596746334991
8	314	1050	28879
8	345	1169.316960150681	28888
8	349	1170	28883
8	349	1170	28884
8	349	1170	28885
8	352	1180	28881
8	362	1230	28889
8	381	1290	28887
8	428	1470	28896
8	446	1530	28893
8	450	1540	28890
8	469	1620	28903
8	481	1660	28894
8	488	1690	28900
8	510	1770	28902
8	513	1780	28899
8	535	1860	28912
8	542	1890	28905
8	546	1900	28904
8	556	1930	28909
8	612	2140	28913
8	618	2160	28915
8	636	2220	28918
8	663	2310	28928
8	683	2380	28920
8	693	2430	28932
8	708	2500	28922
8	709	2500	28923
8	710	2500	28925
8	778	2770	28934
8	798	2860	28933
8	860	3063.155005791118	28951
8	876	3100	28941
8	877	3100	28943
8	919	3220	28946
8	921	3229.625059227236	28949
8	940	3300	28964
8	957	3330	28959
8	963	3340	28955
8	972	3390	28967
8	995	3460	28958
8	1019	3541.405237960034	28971
8	1025	3570	28968
8	1030	3580	28966
8	1031	3580	28965
8	1041	3630	28975
8	1046	3642.677539762034	28976
8	1050	3660	28972
8	1060	3690	28973
8	1120	3940	28977
8	1136	4016.507660097544	28985
8	1140	4020	28984
8	1149	4050	28980
8	1161	4090	28982
8	1175	4140	28989
8	1184	4170	28986
8	1188	4180	28981
8	1196	4201.807990197906	28988
8	1209	4260	28992
8	1222	4300	28987
8	1229	4330	28991
8	1277	4530	28997
8	1277	4530	28999
8	1277	4530	28998
8	1279	4540	28996
8	1313	4690	29002
8	1329	4770	29003
8	1354	4880.236284294447	29008
8	1358	4890	29005
8	1393	5050	29007
8	1415	5140	29009
8	1423	5160	29013
8	1448	5260	29011
8	1457	5310	29017
8	1457	5310	29019
8	1461	5340	29021
8	1491	5460	29022
8	1495	5486.448038982078	29024
8	1500	5500	29018
8	1512	5550	29023
8	1580	5850	29028
8	1628	6060	29034
8	1630	6060.158264546062	29038
8	1641	6100	29032
8	1660	6180	29039
8	1664	6189.411062625338	29044
8	1668	6194.074166803225	29045
8	1672	6210	29036
8	1704	6340	29037
8	1717	6390	29049
8	1808	6810	29051
8	1808	6810	29052
8	1838	6930	29057
8	1841	6940	29055
8	1851	6970	29059
8	1862	7020	29063
8	1871	7050	29060
8	1880	7090	29062
8	1889	7140	29066
8	1896	7170	29064
8	1929	7300	29065
8	1937	7350	29069
8	1939	7350.348702156518	29071
8	1957	7440	29070
8	2000	7660	29073
8	2013	7740	29075
8	2015	7741.575498351262	29076
8	2050	7900	29074
8	2072	7980	29082
8	2087	8040	29080
8	2102	8100	29087
8	2102	8100	29089
8	2127	8197.069714967114	29091
8	2136	8220	29090
8	2144	8250	29088
8	2188	8400	29092
8	2196	8430	29099
8	2207	8460	29098
8	2207	8460	29101
8	2207	8460	29102
8	2209	8477.802096050544	29103
8	2216	8500	29094
8	2253	8620	29097
8	2267	8670	29106
8	2267	8670	29107
8	2289	8740	29104
8	2319	8839.391058293995	29116
8	2326	8850	29108
8	2338	8890	29114
8	2352	8940	29119
8	2362	8970	29113
8	2362	8970	29118
8	2366	8980	29111
8	2368	8988.972454811675	29115
8	2403	9090	29122
8	2437	9220	29120
8	2466	9330	29130
8	2503	9480	29133
8	2523	9570	29135
8	2542	9630	29137
8	2548	9660	29138
8	2548	9660	29140
8	2548	9660	29142
8	2563	9700.224666335114	29136
8	2573	9750	29148
8	2585	9789.054537719579	29151
8	2591	9810	29146
8	2643	9990	29154
8	2660	10060	29149
8	2668	10080	29153
8	2681	10140	29156
8	2718	10290	29158
8	2720	10294.196352387625	29161
8	2721	10300	29155
8	2729	10330	29162
8	2735	10350	29164
8	2776	10500	29166
8	2776	10500	29168
8	2776	10500	29169
8	2792	10560	29167
8	2799	10590	29170
8	2808	10620	29172
8	2814	10650	29171
8	2819	10660	29165
8	2845	10754.043185330388	29178
8	2850	10770	29175
8	2854	10780	29173
8	2923	11070	29184
8	2939	11130	29183
8	2945	11160	29187
8	2963	11220	29191
8	3004	11370	29193
8	3008	11380	29188
8	3009	11380	29189
8	3041	11490	29198
8	3044	11500	29196
8	3078	11640	29201
8	3084	11670	29206
8	3115	11790	29210
8	3127	11850	29207
8	3130	11860	29202
8	3176	12030	29214
8	3212	12189.017473567988	29221
8	3217	12210	29218
8	3217	12210	29219
8	3233	12270	29224
8	3246	12316.587610135735	29225
8	3275	12420	29229
8	3275	12420	29231
8	3284	12460	29220
8	3312	12570	29230
8	3384	12930	29235
8	3405	13020	29238
8	3409	13039.595724684974	29241
8	3410	13046.340632706508	29242
8	3411	13048.299196800017	29243
8	3416	13060	29236
8	3417	13060	29237
8	3447	13170	29244
8	3486	13320	29248
8	3534	13500	29257
8	3539	13521.258614569334	29259
8	3558	13591.390574872252	29261
8	3569	13622.749538593296	29263
8	3618	13780	29255
8	3622	13800	29262
8	3634	13830	29272
8	3662	13930	29268
8	3682	14010	29274
8	3686	14020	29270
8	3687	14020	29271
8	3704	14070	29278
8	3709	14100	29276
8	3721	14140	29275
8	3728	14160	29279
8	3752	14250	29277
8	3785	14380	29283
8	3786	14380	29280
8	3797	14430	29289
8	3808	14468.408565737292	29292
8	3844	14610	29290
8	3872	14730	29293
8	3875	14740	29291
8	3882	14778.764988269677	29298
8	3906	14860	29296
8	3920	14910	29305
8	3934	14970	29302
8	3959	15090	29304
8	3968	15131.369865379133	29308
8	4010	15300	29312
8	4022	15336.53803616085	29311
8	4034	15390	29318
8	4063	15490	29315
8	4090	15580	29316
8	4103	15610	29322
8	4125	15690	29325
8	4148	15780	29331
8	4193	15945.39925196387	29332
8	4223	16050	29335
8	4237	16090	29339
8	4244	16110	29344
8	4250	16140	29343
8	4285	16260	29349
8	4285	16260	29350
8	4297	16320	29346
8	4324	16410	29347
8	4324	16410	29351
8	4334	16450	29353
8	4340	16470	29356
8	4344	16485.456469173068	29358
8	4355	16523.292098134702	29361
8	4366	16560	29355
8	4382	16620	29362
8	4414	16740	29366
8	4421	16780	29359
8	4422	16780	29360
8	4433	16830	29369
8	4448	16890	29368
8	4509	17190	29374
8	4521	17231.477359104658	29377
8	4524	17250	29371
8	4524	17250	29373
8	4555	17400	29378
8	4584	17500	29376
8	4596	17550	29381
8	4596	17550	29384
8	4601	17580	29382
8	4608	17610	29380
8	4615	17650	29383
8	4649	17790	29388
8	4657	17820	29389
8	4659	17826.007114316315	29390
8	4664	17860	29386
8	4700	18030	29393
8	4713	18090	29391
8	4726	18150	29394
8	4733	18180	29396
8	4754	18275.513003380907	29399
8	4762	18300.182064258675	29400
8	4798	18450	29398
8	4798	18450	29401
8	4816	18540	29406
8	4825	18570	29402
8	4832	18600	29403
8	4893	18840	29411
8	4899	18870	29417
8	4905	18900	29414
8	4905	18900	29418
8	4911	18930	29412
8	4911	18930	29415
8	4931	19020	29419
8	4951	19110	29420
8	4984	19230	29422
8	4991	19260	29423
8	4991	19260	29424
8	5016	19350	29426
8	5016	19350	29427
8	5016	19350	29430
8	5033	19410	29431
8	5050	19470	29435
8	5069	19540	29428
8	5071	19540	29432
8	5076	19560	29434
8	5106	19650	29436
8	5109	19654.77854091069	29439
8	5125	19710	29441
8	5125	19710	29442
8	5133	19740	29444
8	5152	19800	29443
8	5205	19980	29457
9	308	1020	2
9	308	1020	1
9	315	1050	1
9	315	1050	0
9	316	1060	1
9	326	1080	1
9	326	1080	0
9	331	1110	0
9	331	1110	0
9	336	1129.976394701533	1
9	340	1140	1
9	340	1140	1
9	350	1170	1
9	350	1170	0
9	358	1200	0
9	358	1200	0
9	363	1230	0
9	363	1230	0
9	370	1260	0
9	370	1260	0
9	372	1269.316960150681	1
9	382	1290	1
9	382	1290	1
9	384	1300	2
9	388	1320	2
9	388	1320	1
9	391	1333.155814842174	2
9	396	1350	2
9	396	1350	1
9	402	1380	1
9	402	1380	1
9	404	1390	2
9	414	1410	2
9	414	1410	1
9	423	1440	1
9	423	1440	0
9	429	1470	0
9	429	1470	0
9	438	1500	0
9	438	1500	0
9	447	1530	0
9	447	1530	0
9	448	1537.011074323738	1
9	449	1540	2
9	456	1560	2
9	456	1560	1
9	464	1590	1
9	464	1590	1
9	470	1620	1
9	470	1620	0
9	478	1650	0
9	478	1650	0
9	479	1656.829119252593	1
9	480	1660	2
9	485	1680	2
9	485	1680	1
9	497	1710	1
9	497	1710	1
9	506	1740	1
9	506	1740	0
9	511	1770	0
9	511	1770	0
9	512	1780	1
9	520	1800	1
9	520	1800	0
9	530	1830	0
9	530	1830	0
9	536	1860	0
9	536	1860	0
9	543	1890	0
9	543	1890	0
9	549	1905.316373121137	1
9	554	1920	1
9	554	1920	0
9	562	1950	0
9	562	1950	0
9	569	1980	0
9	569	1980	0
9	571	1992.198420238355	1
9	577	2010	1
9	577	2010	1
9	585	2040	1
9	585	2040	0
9	595	2070	0
9	595	2070	0
9	604	2100	0
9	604	2100	0
9	609	2130	0
9	609	2130	0
9	619	2160	0
9	619	2160	0
9	628	2190	0
9	628	2190	0
9	637	2220	0
9	637	2220	0
9	643	2250	0
9	643	2250	0
9	646	2257.246899866551	1
9	655	2280	1
9	655	2280	0
9	660	2309.19882027084	1
9	664	2310	1
9	664	2310	1
9	670	2340	1
9	670	2340	0
9	671	2350	1
9	672	2350	2
9	679	2370	2
9	679	2370	2
9	681	2380	3
9	687	2400	3
9	687	2400	0
9	694	2430	0
9	694	2430	0
9	700	2460	0
9	700	2460	0
9	706	2490	0
9	706	2490	0
9	715	2520	0
9	715	2520	0
9	723	2550	0
9	723	2550	0
9	730	2580	0
9	730	2580	0
9	740	2610	0
9	740	2610	0
9	747	2640	0
9	747	2640	0
9	755	2670	0
9	755	2670	0
9	762	2700	0
9	762	2700	0
9	767	2730	0
9	767	2730	0
9	769	2740	1
9	774	2760	1
9	774	2760	0
9	780	2772.61282771195	1
9	785	2790	1
9	785	2790	1
9	790	2820	1
9	790	2820	1
9	794	2850	1
9	794	2850	0
9	807	2880	0
9	807	2880	0
9	814	2910	0
9	814	2910	0
9	820	2940	0
9	820	2940	0
9	821	2950	1
9	822	2950	2
9	832	2970	2
9	832	2970	2
9	835	2980	3
9	842	3000	3
9	842	3000	0
9	853	3030	0
9	853	3030	0
9	859	3060	0
9	859	3060	0
9	865	3077.291231822405	1
9	871	3090	1
9	871	3090	1
9	874	3100	2
9	885	3120	2
9	885	3120	0
9	886	3129.550366472031	1
9	896	3150	1
9	896	3150	1
9	903	3180	1
9	903	3180	1
9	904	3189.533547775196	2
9	909	3200.530955803597	3
9	911	3208.54524068512	4
9	915	3210	4
9	915	3210	0
9	918	3220	1
9	928	3240	1
9	928	3240	0
9	936	3270	0
9	936	3270	0
9	941	3300	0
9	941	3300	0
9	942	3310	1
9	958	3330	1
9	958	3330	1
9	961	3340	2
9	962	3340	3
9	968	3360	3
9	968	3360	0
9	973	3390	0
9	973	3390	0
9	978	3419.037557713389	1
9	983	3420	1
9	983	3420	0
9	984	3426.325658170546	1
9	986	3430.643425221524	2
9	993	3450	2
9	993	3450	1
9	994	3460	2
9	1003	3480	2
9	1003	3480	0
9	1009	3510	0
9	1009	3510	0
9	1018	3540	0
9	1018	3540	0
9	1026	3570	0
9	1026	3570	0
9	1035	3600	0
9	1035	3600	0
9	1042	3630	0
9	1042	3630	0
9	1051	3660	0
9	1051	3660	0
9	1061	3690	0
9	1061	3690	0
9	1066	3720	0
9	1066	3720	0
9	1075	3750	0
9	1075	3750	0
9	1082	3780	0
9	1082	3780	0
9	1090	3810	0
9	1090	3810	0
9	1092	3820	1
9	1097	3840	1
9	1097	3840	0
9	1103	3870	0
9	1103	3870	0
9	1105	3892.710741301948	1
9	1109	3900	1
9	1109	3900	1
9	1118	3930	1
9	1118	3930	0
9	1126	3960	0
9	1126	3960	0
9	1132	3990	0
9	1132	3990	0
9	1133	4001.524897637027	1
9	1141	4020	1
9	1141	4020	0
9	1144	4038.097535363209	1
9	1150	4050	1
9	1150	4050	0
9	1152	4060	1
9	1159	4080	1
9	1159	4080	0
9	1167	4110	0
9	1167	4110	0
9	1176	4140	0
9	1176	4140	0
9	1180	4151.918920076074	1
9	1185	4170	1
9	1185	4170	1
9	1194	4200	1
9	1194	4200	0
9	1195	4201.530197711481	1
9	1202	4230	1
9	1202	4230	1
9	1210	4260	1
9	1210	4260	0
9	1218	4290	0
9	1218	4290	0
9	1220	4300	1
9	1221	4300	2
9	1224	4302.969280392531	3
9	1228	4320	3
9	1228	4320	1
9	1232	4349.483358748607	2
9	1236	4350	2
9	1236	4350	2
9	1237	4351.98645431328	3
9	1243	4380	3
9	1243	4380	1
9	1249	4410	1
9	1249	4410	0
9	1250	4420	1
9	1258	4440	1
9	1258	4440	0
9	1263	4470	0
9	1263	4470	0
9	1272	4500	0
9	1272	4500	0
9	1278	4530	0
9	1278	4530	0
9	1284	4560	0
9	1284	4560	0
9	1293	4590	0
9	1293	4590	0
9	1294	4617.954439563386	1
9	1298	4620	1
9	1298	4620	0
9	1308	4650	0
9	1308	4650	0
9	1312	4680	0
9	1312	4680	0
9	1318	4710	0
9	1318	4710	0
9	1322	4733.252273120759	1
9	1326	4740	1
9	1326	4740	0
9	1330	4770	0
9	1330	4770	0
9	1339	4800	0
9	1339	4800	0
9	1340	4807.033541779553	1
9	1345	4830	1
9	1345	4830	1
9	1350	4860	1
9	1350	4860	0
9	1359	4890	0
9	1359	4890	0
9	1365	4920	0
9	1365	4920	0
9	1370	4950	0
9	1370	4950	0
9	1376	4980	0
9	1376	4980	0
9	1378	4980.236284294447	1
9	1379	4990	2
9	1385	5010	2
9	1385	5010	2
9	1392	5040	2
9	1392	5040	1
9	1399	5070	1
9	1399	5070	0
9	1404	5100	0
9	1404	5100	0
9	1405	5110	1
9	1411	5130	1
9	1411	5130	1
9	1424	5160	1
9	1424	5160	0
9	1431	5190	0
9	1431	5190	0
9	1435	5220	0
9	1435	5220	0
9	1442	5250	0
9	1442	5250	0
9	1445	5255.872807371833	1
9	1446	5260	2
9	1453	5280	2
9	1453	5280	1
9	1458	5310	1
9	1458	5310	1
9	1462	5340	1
9	1462	5340	0
9	1469	5370	0
9	1469	5370	0
9	1471	5380	1
9	1477	5400	1
9	1477	5400	0
9	1481	5410	1
9	1485	5430	1
9	1485	5430	0
9	1492	5460	0
9	1492	5460	0
9	1499	5490	0
9	1499	5490	0
9	1506	5520	0
9	1506	5520	0
9	1513	5550	0
9	1513	5550	0
9	1520	5580	0
9	1520	5580	0
9	1521	5586.448038982078	1
9	1523	5602.050369231047	2
9	1529	5610	2
9	1529	5610	1
9	1530	5628.927211011693	2
9	1534	5640	2
9	1534	5640	2
9	1541	5670	2
9	1541	5670	1
9	1546	5700	1
9	1546	5700	0
9	1549	5706.398609246914	1
9	1555	5730	1
9	1555	5730	0
9	1559	5760	0
9	1559	5760	0
9	1566	5790	0
9	1566	5790	0
9	1569	5801.046611162643	1
9	1575	5820	1
9	1575	5820	0
9	1581	5850	0
9	1581	5850	0
9	1586	5880	0
9	1586	5880	0
9	1593	5910	0
9	1593	5910	0
9	1602	5940	0
9	1602	5940	0
9	1608	5970	0
9	1608	5970	0
9	1609	5973.01680222369	1
9	1613	6000	1
9	1613	6000	0
9	1615	6009.542649326833	1
9	1621	6030	1
9	1621	6030	1
9	1622	6033.474816412758	2
9	1629	6060	2
9	1629	6060	2
9	1638	6090	2
9	1638	6090	0
9	1647	6120	0
9	1647	6120	0
9	1653	6150	0
9	1653	6150	0
9	1657	6162.471175585795	1
9	1661	6180	1
9	1661	6180	1
9	1665	6190	2
9	1673	6210	2
9	1673	6210	1
9	1678	6240	1
9	1678	6240	0
9	1687	6270	0
9	1687	6270	0
9	1696	6300	0
9	1696	6300	0
9	1702	6330	0
9	1702	6330	0
9	1710	6360	0
9	1710	6360	0
9	1718	6390	0
9	1718	6390	0
9	1719	6393.918012820703	1
9	1726	6420	1
9	1726	6420	1
9	1731	6450	1
9	1731	6450	0
9	1736	6480	0
9	1736	6480	0
9	1746	6510	0
9	1746	6510	0
9	1751	6540	0
9	1751	6540	0
9	1758	6570	0
9	1758	6570	0
9	1765	6600	0
9	1765	6600	0
9	1766	6628.089162530259	1
9	1770	6630	1
9	1770	6630	1
9	1774	6656.666150555043	2
9	1778	6660	2
9	1778	6660	0
9	1785	6690	0
9	1785	6690	0
9	1791	6720	0
9	1791	6720	0
9	1796	6750	0
9	1796	6750	0
9	1803	6780	0
9	1803	6780	0
9	1809	6810	0
9	1809	6810	0
9	1811	6820	1
9	1813	6820	2
9	1818	6840	2
9	1818	6840	0
9	1825	6870	0
9	1825	6870	0
9	1830	6900	0
9	1830	6900	0
9	1839	6930	0
9	1839	6930	0
9	1848	6960	0
9	1848	6960	0
9	1855	6990	0
9	1855	6990	0
9	1863	7020	0
9	1863	7020	0
9	1866	7041.132697224167	1
9	1867	7046.194078910131	2
9	1872	7050	2
9	1872	7050	1
9	1878	7080	1
9	1878	7080	0
9	1885	7110	0
9	1885	7110	0
9	1890	7140	0
9	1890	7140	0
9	1891	7150	1
9	1897	7170	1
9	1897	7170	1
9	1906	7200	1
9	1906	7200	0
9	1912	7230	0
9	1912	7230	0
9	1918	7260	0
9	1918	7260	0
9	1925	7290	0
9	1925	7290	0
9	1928	7300	1
9	1934	7320	1
9	1934	7320	0
9	1938	7350	0
9	1938	7350	0
9	1945	7380	0
9	1945	7380	0
9	1951	7410	0
9	1951	7410	0
9	1952	7420	1
9	1958	7440	1
9	1958	7440	0
9	1964	7470	0
9	1964	7470	0
9	1968	7500	0
9	1968	7500	0
9	1973	7530	0
9	1973	7530	0
9	1974	7540	1
9	1982	7560	1
9	1982	7560	0
9	1986	7590	0
9	1986	7590	0
9	1993	7620	0
9	1993	7620	0
9	1998	7650	0
9	1998	7650	0
9	2005	7680	0
9	2005	7680	0
9	2009	7710	0
9	2009	7710	0
9	2014	7740	0
9	2014	7740	0
9	2016	7750	1
9	2024	7770	1
9	2024	7770	1
9	2028	7800	1
9	2028	7800	0
9	2033	7830	0
9	2033	7830	0
9	2044	7860	0
9	2044	7860	0
9	2049	7890	0
9	2049	7890	0
9	2055	7920	0
9	2055	7920	0
9	2058	7946.138807235314	1
9	2063	7950	1
9	2063	7950	1
9	2073	7980	1
9	2073	7980	1
9	2081	8010	1
9	2081	8010	0
9	2088	8040	0
9	2088	8040	0
9	2089	8048.067451878919	1
9	2093	8070	1
9	2093	8070	1
9	2097	8082.173201109135	2
9	2103	8100	2
9	2103	8100	1
9	2111	8130	1
9	2111	8130	0
9	2117	8160	0
9	2117	8160	0
9	2125	8190	0
9	2125	8190	0
9	2137	8220	0
9	2137	8220	0
9	2145	8250	0
9	2145	8250	0
9	2150	8280	0
9	2150	8280	0
9	2156	8297.069714967114	1
9	2161	8310	1
9	2161	8310	0
9	2169	8340	0
9	2169	8340	0
9	2178	8370	0
9	2178	8370	0
9	2182	8380.724322696179	1
9	2189	8400	1
9	2189	8400	0
9	2197	8430	0
9	2197	8430	0
9	2201	8447.243178094391	1
9	2208	8460	1
9	2208	8460	0
9	2213	8490	0
9	2213	8490	0
9	2214	8500	1
9	2223	8520	1
9	2223	8520	0
9	2232	8550	0
9	2232	8550	0
9	2242	8580	0
9	2242	8580	0
9	2250	8610	0
9	2250	8610	0
9	2252	8620	1
9	2260	8640	1
9	2260	8640	0
9	2264	8668.330643477092	1
9	2268	8670	1
9	2268	8670	1
9	2280	8700	1
9	2280	8700	0
9	2286	8730	0
9	2286	8730	0
9	2297	8760	0
9	2297	8760	0
9	2298	8766.473920520777	1
9	2310	8790	1
9	2310	8790	1
9	2316	8820	1
9	2316	8820	0
9	2317	8830	1
9	2318	8832.505734063732	2
9	2327	8850	2
9	2327	8850	2
9	2329	8860	3
9	2335	8880	3
9	2335	8880	0
9	2343	8910	0
9	2343	8910	0
9	2353	8940	0
9	2353	8940	0
9	2363	8970	0
9	2363	8970	0
9	2373	9000	0
9	2373	9000	0
9	2375	9016.351995111573	1
9	2381	9030	1
9	2381	9030	1
9	2383	9037.76079401652	2
9	2392	9060	2
9	2392	9060	0
9	2394	9070	1
9	2404	9090	1
9	2404	9090	1
9	2405	9100	2
9	2411	9120	2
9	2411	9120	0
9	2418	9150	0
9	2418	9150	0
9	2424	9171.783588136179	1
9	2428	9180	1
9	2428	9180	1
9	2435	9210	1
9	2435	9210	0
9	2436	9220	1
9	2439	9227.858189884161	2
9	2440	9236.480921525479	3
9	2444	9240	3
9	2444	9240	0
9	2452	9270	0
9	2452	9270	0
9	2459	9300	0
9	2459	9300	0
9	2467	9330	0
9	2467	9330	0
9	2471	9350.729679792909	1
9	2476	9360	1
9	2476	9360	0
9	2481	9390	0
9	2481	9390	0
9	2486	9420	0
9	2486	9420	0
9	2487	9423.346151042382	1
9	2492	9450	1
9	2492	9450	0
9	2493	9460	1
9	2504	9480	1
9	2504	9480	0
9	2511	9510	0
9	2511	9510	0
9	2517	9540	0
9	2517	9540	0
9	2524	9570	0
9	2524	9570	0
9	2536	9600	0
9	2536	9600	0
9	2543	9630	0
9	2543	9630	0
9	2544	9631.360558533929	1
9	2549	9660	1
9	2549	9660	1
9	2559	9690	1
9	2559	9690	0
9	2569	9720	0
9	2569	9720	0
9	2574	9750	0
9	2574	9750	0
9	2579	9772.925387455362	1
9	2583	9780	1
9	2583	9780	1
9	2592	9810	1
9	2592	9810	0
9	2599	9840	0
9	2599	9840	0
9	2609	9870	0
9	2609	9870	0
9	2617	9900	0
9	2617	9900	0
9	2625	9930	0
9	2625	9930	0
9	2626	9940	1
9	2634	9960	1
9	2634	9960	0
9	2644	9990	0
9	2644	9990	0
9	2650	10020	0
9	2650	10020	0
9	2658	10050	0
9	2658	10050	0
9	2669	10080	0
9	2669	10080	0
9	2676	10110	0
9	2676	10110	0
9	2678	10136.261464048491	1
9	2682	10140	1
9	2682	10140	1
9	2691	10170	1
9	2691	10170	0
9	2692	10180	1
9	2698	10200	1
9	2698	10200	0
9	2704	10230	0
9	2704	10230	0
9	2711	10260	0
9	2711	10260	0
9	2719	10290	0
9	2719	10290	0
9	2726	10320	0
9	2726	10320	0
9	2736	10350	0
9	2736	10350	0
9	2742	10380	0
9	2742	10380	0
9	2751	10410	0
9	2751	10410	0
9	2760	10440	0
9	2760	10440	0
9	2769	10470	0
9	2769	10470	0
9	2777	10500	0
9	2777	10500	0
9	2778	10510	1
9	2784	10530	1
9	2784	10530	1
9	2793	10560	1
9	2793	10560	0
9	2800	10590	0
9	2800	10590	0
9	2805	10618.534253526975	1
9	2809	10620	1
9	2809	10620	0
9	2815	10650	0
9	2815	10650	0
9	2821	10661.748330626993	1
9	2827	10680	1
9	2827	10680	0
9	2828	10690	1
9	2833	10710	1
9	2833	10710	0
9	2841	10740	0
9	2841	10740	0
9	2843	10750	1
9	2851	10770	1
9	2851	10770	1
9	2852	10773.36562325978	2
9	2853	10780	3
9	2859	10800	3
9	2859	10800	1
9	2865	10830	1
9	2865	10830	1
9	2872	10860	1
9	2872	10860	0
9	2879	10890	0
9	2879	10890	0
9	2888	10920	0
9	2888	10920	0
9	2895	10950	0
9	2895	10950	0
9	2896	10954.538989688159	1
9	2902	10980	1
9	2902	10980	1
9	2908	11010	1
9	2908	11010	0
9	2912	11028.309610759325	1
9	2917	11040	1
9	2917	11040	1
9	2924	11070	1
9	2924	11070	1
9	2930	11100	1
9	2930	11100	0
9	2940	11130	0
9	2940	11130	0
9	2946	11160	0
9	2946	11160	0
9	2955	11190	0
9	2955	11190	0
9	2964	11220	0
9	2964	11220	0
9	2966	11230	1
9	2968	11248.199640416019	2
9	2972	11250	2
9	2972	11250	1
9	2975	11262.370493524588	2
9	2980	11280	2
9	2980	11280	0
9	2986	11310	0
9	2986	11310	0
9	2987	11310.713638702153	1
9	2997	11340	1
9	2997	11340	1
9	3005	11370	1
9	3005	11370	0
9	3007	11380	1
9	3011	11394.510180454106	2
9	3015	11400	2
9	3015	11400	0
9	3021	11430	0
9	3021	11430	0
9	3031	11460	0
9	3031	11460	0
9	3042	11490	0
9	3042	11490	0
9	3049	11520	0
9	3049	11520	0
9	3055	11550	0
9	3055	11550	0
9	3057	11559.630223395911	1
9	3063	11580	1
9	3063	11580	0
9	3074	11610	0
9	3074	11610	0
9	3079	11640	0
9	3079	11640	0
9	3081	11668.721700519966	1
9	3085	11670	1
9	3085	11670	1
9	3092	11700	1
9	3092	11700	0
9	3094	11710	1
9	3095	11710	2
9	3102	11730	2
9	3102	11730	2
9	3107	11760	2
9	3107	11760	0
9	3110	11770	1
9	3116	11790	1
9	3116	11790	0
9	3121	11820	0
9	3121	11820	0
9	3128	11850	0
9	3128	11850	0
9	3132	11877.472127622848	1
9	3136	11880	1
9	3136	11880	0
9	3147	11910	0
9	3147	11910	0
9	3153	11940	0
9	3153	11940	0
9	3162	11970	0
9	3162	11970	0
9	3165	11980.675619284461	1
9	3171	12000	1
9	3171	12000	1
9	3177	12030	1
9	3177	12030	1
9	3178	12032.858652552423	2
9	3184	12060	2
9	3184	12060	0
9	3189	12090	0
9	3189	12090	0
9	3196	12120	0
9	3196	12120	0
9	3198	12130	1
9	3204	12150	1
9	3204	12150	0
9	3211	12180	0
9	3211	12180	0
9	3218	12210	0
9	3218	12210	0
9	3225	12240	0
9	3225	12240	0
9	3234	12270	0
9	3234	12270	0
9	3241	12300	0
9	3241	12300	0
9	3242	12310	1
9	3250	12330	1
9	3250	12330	1
9	3259	12360	1
9	3259	12360	0
9	3266	12390	0
9	3266	12390	0
9	3267	12391.484262407804	1
9	3276	12420	1
9	3276	12420	1
9	3280	12450	1
9	3280	12450	0
9	3281	12455.508762189006	1
9	3289	12480	1
9	3289	12480	0
9	3297	12510	0
9	3297	12510	0
9	3305	12540	0
9	3305	12540	0
9	3313	12570	0
9	3313	12570	0
9	3320	12600	0
9	3320	12600	0
9	3329	12630	0
9	3329	12630	0
9	3333	12660	0
9	3333	12660	0
9	3341	12690	0
9	3341	12690	0
9	3342	12701.595230513999	1
9	3346	12720	1
9	3346	12720	1
9	3352	12750	1
9	3352	12750	1
9	3358	12780	1
9	3358	12780	0
9	3362	12810	0
9	3362	12810	0
9	3369	12840	0
9	3369	12840	0
9	3374	12870	0
9	3374	12870	0
9	3379	12900	0
9	3379	12900	0
9	3385	12930	0
9	3385	12930	0
9	3388	12940	1
9	3389	12940	2
9	3395	12960	2
9	3395	12960	0
9	3400	12990	0
9	3400	12990	0
9	3406	13020	0
9	3406	13020	0
9	3415	13050	0
9	3415	13050	0
9	3424	13080	0
9	3424	13080	0
9	3429	13110	0
9	3429	13110	0
9	3437	13140	0
9	3437	13140	0
9	3438	13146.340632706508	1
9	3448	13170	1
9	3448	13170	1
9	3450	13180	2
9	3456	13200	2
9	3456	13200	1
9	3459	13228.768269221656	2
9	3463	13230	2
9	3463	13230	1
9	3471	13260	1
9	3471	13260	1
9	3477	13290	1
9	3477	13290	0
9	3480	13300	1
9	3481	13300	2
9	3487	13320	2
9	3487	13320	0
9	3488	13323.950221186104	1
9	3496	13350	1
9	3496	13350	1
9	3502	13380	1
9	3502	13380	1
9	3509	13410	1
9	3509	13410	0
9	3511	13420	1
9	3522	13440	1
9	3522	13440	0
9	3528	13470	0
9	3528	13470	0
9	3535	13500	0
9	3535	13500	0
9	3546	13530	0
9	3546	13530	0
9	3551	13560	0
9	3551	13560	0
9	3557	13590	0
9	3557	13590	0
9	3567	13620	0
9	3567	13620	0
9	3571	13630	1
9	3575	13650	1
9	3575	13650	1
9	3585	13680	1
9	3585	13680	0
9	3597	13710	0
9	3597	13710	0
9	3607	13740	0
9	3607	13740	0
9	3617	13770	0
9	3617	13770	0
9	3623	13800	0
9	3623	13800	0
9	3630	13810.413737153785	1
9	3635	13830	1
9	3635	13830	1
9	3642	13860	1
9	3642	13860	1
9	3648	13890	1
9	3648	13890	0
9	3649	13900	1
9	3650	13900	2
9	3659	13920	2
9	3659	13920	0
9	3664	13930	1
9	3668	13950	1
9	3668	13950	0
9	3674	13980	0
9	3674	13980	0
9	3683	14010	0
9	3683	14010	0
9	3685	14020	1
9	3688	14022.663999606441	2
9	3695	14040	2
9	3695	14040	1
9	3705	14070	1
9	3705	14070	1
9	3710	14100	1
9	3710	14100	0
9	3719	14130	0
9	3719	14130	0
9	3729	14160	0
9	3729	14160	0
9	3736	14190	0
9	3736	14190	0
9	3745	14220	0
9	3745	14220	0
9	3747	14230.991550952894	1
9	3753	14250	1
9	3753	14250	1
9	3755	14260	2
9	3760	14280	2
9	3760	14280	0
9	3767	14310	0
9	3767	14310	0
9	3777	14340	0
9	3777	14340	0
9	3783	14370	0
9	3783	14370	0
9	3790	14400	0
9	3790	14400	0
9	3794	14425.937462517865	1
9	3798	14430	1
9	3798	14430	1
9	3805	14460	1
9	3805	14460	0
9	3810	14470	1
9	3818	14490	1
9	3818	14490	1
9	3823	14520	1
9	3823	14520	0
9	3825	14533.58283677844	1
9	3829	14550	1
9	3829	14550	1
9	3838	14580	1
9	3838	14580	1
9	3840	14590	2
9	3845	14610	2
9	3845	14610	1
9	3850	14640	1
9	3850	14640	0
9	3855	14670	0
9	3855	14670	0
9	3864	14700	0
9	3864	14700	0
9	3867	14710	1
9	3873	14730	1
9	3873	14730	1
9	3874	14740	2
9	3881	14760	2
9	3881	14760	0
9	3888	14790	0
9	3888	14790	0
9	3897	14820	0
9	3897	14820	0
9	3900	14844.402351230402	1
9	3905	14850	1
9	3905	14850	0
9	3912	14880	0
9	3912	14880	0
9	3914	14883.913890513719	1
9	3921	14910	1
9	3921	14910	1
9	3927	14940	1
9	3927	14940	0
9	3935	14970	0
9	3935	14970	0
9	3940	15000	0
9	3940	15000	0
9	3943	15010	1
9	3948	15030	1
9	3948	15030	0
9	3955	15060	0
9	3955	15060	0
9	3960	15090	0
9	3960	15090	0
9	3966	15120	0
9	3966	15120	0
9	3973	15150	0
9	3973	15150	0
9	3979	15180	0
9	3979	15180	0
9	3987	15210	0
9	3987	15210	0
9	3997	15240	0
9	3997	15240	0
9	4003	15270	0
9	4003	15270	0
9	4011	15300	0
9	4011	15300	0
9	4020	15330	0
9	4020	15330	0
9	4028	15360	0
9	4028	15360	0
9	4035	15390	0
9	4035	15390	0
9	4039	15411.443350213626	1
9	4044	15420	1
9	4044	15420	1
9	4052	15450	1
9	4052	15450	0
9	4053	15460	1
9	4060	15480	1
9	4060	15480	0
9	4072	15510	0
9	4072	15510	0
9	4075	15535.477100635958	1
9	4080	15540	1
9	4080	15540	1
9	4087	15570	1
9	4087	15570	0
9	4098	15600	0
9	4098	15600	0
9	4109	15630	0
9	4109	15630	0
9	4117	15660	0
9	4117	15660	0
9	4126	15690	0
9	4126	15690	0
9	4127	15700	1
9	4137	15720	1
9	4137	15720	0
9	4144	15750	0
9	4144	15750	0
9	4149	15780	0
9	4149	15780	0
9	4159	15810	0
9	4159	15810	0
9	4160	15814.91404707507	1
9	4166	15840	1
9	4166	15840	1
9	4175	15870	1
9	4175	15870	1
9	4184	15900	1
9	4184	15900	0
9	4185	15922.825655563181	1
9	4189	15930	1
9	4189	15930	0
9	4201	15960	0
9	4201	15960	0
9	4209	15990	0
9	4209	15990	0
9	4215	16020	0
9	4215	16020	0
9	4224	16050	0
9	4224	16050	0
9	4226	16060	1
9	4233	16080	1
9	4233	16080	0
9	4245	16110	0
9	4245	16110	0
9	4251	16140	0
9	4251	16140	0
9	4258	16170	0
9	4258	16170	0
9	4259	16170.58762823457	1
9	4263	16185.537600967915	2
9	4266	16198.6581686079	3
9	4270	16200	3
9	4270	16200	3
9	4275	16213.106338286109	4
9	4280	16230	4
9	4280	16230	4
9	4286	16260	4
9	4286	16260	1
9	4292	16290	1
9	4292	16290	0
9	4298	16320	0
9	4298	16320	0
9	4304	16350	0
9	4304	16350	0
9	4316	16380	0
9	4316	16380	0
9	4325	16410	0
9	4325	16410	0
9	4332	16440	0
9	4332	16440	0
9	4341	16470	0
9	4341	16470	0
9	4351	16500	0
9	4351	16500	0
9	4352	16510	1
9	4359	16530	1
9	4359	16530	1
9	4367	16560	1
9	4367	16560	0
9	4375	16590	0
9	4375	16590	0
9	4376	16593.394822148045	1
9	4383	16620	1
9	4383	16620	0
9	4388	16650	0
9	4388	16650	0
9	4389	16653.676239644607	1
9	4390	16660	2
9	4391	16660	3
9	4398	16680	3
9	4398	16680	1
9	4407	16710	1
9	4407	16710	1
9	4415	16740	1
9	4415	16740	0
9	4420	16770	0
9	4420	16770	0
9	4427	16800	0
9	4427	16800	0
9	4434	16830	0
9	4434	16830	0
9	4441	16860	0
9	4441	16860	0
9	4449	16890	0
9	4449	16890	0
9	4454	16920	0
9	4454	16920	0
9	4457	16930	1
9	4462	16950	1
9	4462	16950	0
9	4469	16980	0
9	4469	16980	0
9	4474	17010	0
9	4474	17010	0
9	4475	17014.941356741596	1
9	4480	17040	1
9	4480	17040	1
9	4484	17058.592444377482	2
9	4488	17070	2
9	4488	17070	2
9	4492	17100	2
9	4492	17100	1
9	4498	17130	1
9	4498	17130	0
9	4500	17140	1
9	4502	17142.180288288965	2
9	4506	17160	2
9	4506	17160	1
9	4510	17190	1
9	4510	17190	1
9	4517	17220	1
9	4517	17220	0
9	4525	17250	0
9	4525	17250	0
9	4530	17280	0
9	4530	17280	0
9	4531	17290	1
9	4536	17310	1
9	4536	17310	0
9	4543	17340	0
9	4543	17340	0
9	4549	17370	0
9	4549	17370	0
9	4550	17380	1
9	4556	17400	1
9	4556	17400	0
9	4565	17430	0
9	4565	17430	0
9	4575	17460	0
9	4575	17460	0
9	4581	17490	0
9	4581	17490	0
9	4591	17520	0
9	4591	17520	0
9	4597	17550	0
9	4597	17550	0
9	4602	17580	0
9	4602	17580	0
9	4609	17610	0
9	4609	17610	0
9	4613	17640	0
9	4613	17640	0
9	4623	17670	0
9	4623	17670	0
9	4629	17700	0
9	4629	17700	0
9	4636	17730	0
9	4636	17730	0
9	4637	17740	1
9	4643	17760	1
9	4643	17760	0
9	4650	17790	0
9	4650	17790	0
9	4658	17820	0
9	4658	17820	0
9	4663	17850	0
9	4663	17850	0
9	4666	17871.15712324955	1
9	4670	17880	1
9	4670	17880	1
9	4671	17890	2
9	4677	17910	2
9	4677	17910	1
9	4678	17917.514943763382	2
9	4684	17940	2
9	4684	17940	0
9	4689	17970	0
9	4689	17970	0
9	4694	18000	0
9	4694	18000	0
9	4701	18030	0
9	4701	18030	0
9	4709	18060	0
9	4709	18060	0
9	4714	18090	0
9	4714	18090	0
9	4720	18120	0
9	4720	18120	0
9	4727	18150	0
9	4727	18150	0
9	4734	18180	0
9	4734	18180	0
9	4740	18210	0
9	4740	18210	0
9	4746	18240	0
9	4746	18240	0
9	4747	18248.749723567364	1
9	4749	18250	2
9	4753	18270	2
9	4753	18270	1
9	4761	18300	1
9	4761	18300	0
9	4768	18330	0
9	4768	18330	0
9	4776	18360	0
9	4776	18360	0
9	4783	18390	0
9	4783	18390	0
9	4786	18407.518738872751	1
9	4790	18420	1
9	4790	18420	1
9	4795	18439.343043720617	2
9	4799	18450	2
9	4799	18450	0
9	4803	18480	0
9	4803	18480	0
9	4809	18510	0
9	4809	18510	0
9	4817	18540	0
9	4817	18540	0
9	4826	18570	0
9	4826	18570	0
9	4827	18580	1
9	4833	18600	1
9	4833	18600	0
9	4842	18630	0
9	4842	18630	0
9	4844	18641.019676342188	1
9	4848	18660	1
9	4848	18660	0
9	4854	18690	0
9	4854	18690	0
9	4859	18711.092342022564	1
9	4866	18720	1
9	4866	18720	1
9	4873	18750	1
9	4873	18750	1
9	4879	18780	1
9	4879	18780	0
9	4885	18810	0
9	4885	18810	0
9	4894	18840	0
9	4894	18840	0
9	4900	18870	0
9	4900	18870	0
9	4906	18900	0
9	4906	18900	0
9	4912	18930	0
9	4912	18930	0
9	4921	18960	0
9	4921	18960	0
9	4926	18990	0
9	4926	18990	0
9	4932	19020	0
9	4932	19020	0
9	4941	19050	0
9	4941	19050	0
9	4946	19080	0
9	4946	19080	0
9	4952	19110	0
9	4952	19110	0
9	4959	19140	0
9	4959	19140	0
9	4967	19170	0
9	4967	19170	0
9	4975	19200	0
9	4975	19200	0
9	4985	19230	0
9	4985	19230	0
9	4992	19260	0
9	4992	19260	0
9	4999	19290	0
9	4999	19290	0
9	5010	19320	0
9	5010	19320	0
9	5017	19350	0
9	5017	19350	0
9	5024	19380	0
9	5024	19380	0
9	5027	19390	1
9	5029	19393.683289655193	2
9	5034	19410	2
9	5034	19410	2
9	5038	19421.220162412042	3
9	5042	19440	3
9	5042	19440	0
9	5043	19440.637631831626	1
9	5051	19470	1
9	5051	19470	1
9	5055	19489.352969984448	2
9	5059	19500	2
9	5059	19500	1
9	5060	19510	2
9	5067	19530	2
9	5067	19530	1
9	5077	19560	1
9	5077	19560	0
9	5087	19590	0
9	5087	19590	0
9	5096	19620	0
9	5096	19620	0
9	5107	19650	0
9	5107	19650	0
9	5118	19680	0
9	5118	19680	0
9	5126	19710	0
9	5126	19710	0
9	5134	19740	0
9	5134	19740	0
9	5143	19770	0
9	5143	19770	0
9	5153	19800	0
9	5153	19800	0
9	5154	19805.259607509205	1
9	5157	19810	2
9	5158	19810	3
9	5164	19830	3
9	5164	19830	1
9	5171	19860	1
9	5171	19860	0
9	5174	19870	1
9	5179	19890	1
9	5179	19890	1
9	5188	19920	1
9	5188	19920	0
9	5199	19950	0
9	5199	19950	0
9	5206	19980	0
9	5206	19980	0
9	5207	19990	1
10	308	1020	82.668416283469
10	315	1050	89.948751659811
10	319	1069.669083700534	0
10	326	1080	20
10	327	1090	0
10	350	1170	40.023605298467
10	388	1320	20
10	396	1350	80.683039849319
10	414	1410	76.844185157826
10	423	1440	50
10	456	1560	20
10	470	1620	82.988925676262
10	485	1680	20
10	487	1690	0
10	506	1740	83.170880747407
10	520	1800	20
10	554	1920	14.683626878863
10	555	1930	0
10	585	2040	47.801579761645
10	622	2170	0
10	655	2280	22.753100133449
10	670	2340	30.80117972916
10	687	2400	50
10	687	2400	50
10	687	2400	20
10	716	2530	0
10	717	2530	0
10	774	2760	20
10	794	2850	77.38717228805
10	808	2890	0
10	842	3000	50
10	842	3000	50
10	842	3000	20
10	885	3120	42.708768177595
10	885	3120	20
10	887	3129.625059227236	0
10	888	3130	0
10	897	3163.155005791118	0
10	915	3210	80.449633527969
10	915	3210	20.466452224804
10	915	3210	9.469044196403
10	915	3210	1.45475931488
10	928	3240	20
10	930	3250	0
10	968	3360	50
10	968	3360	20
10	968	3360	20
10	974	3400	0
10	983	3420	0.962442286611
10	993	3450	23.674341829454
10	1003	3480	49.356574778476
10	1003	3480	20
10	1029	3576.950233648908	0
10	1097	3840	20
10	1098	3850	0
10	1118	3930	37.289258698052
10	1127	3970	0
10	1128	3970	0
10	1141	4020	18.475102362973
10	1150	4050	11.902464636791
10	1159	4080	20
10	1170	4120	0
10	1194	4200	48.081079923926
10	1204	4240	0
10	1210	4260	58.469802288519
10	1228	4320	20
10	1228	4320	20
10	1243	4380	77.030719607469
10	1243	4380	28.01354568672
10	1249	4410	60.516641251393
10	1258	4440	20
10	1298	4620	2.045560436614
10	1326	4740	6.747726879241
10	1350	4860	52.966458220447
10	1392	5040	50
10	1399	5070	89.763715705553
10	1424	5160	50
10	1453	5280	20
10	1462	5340	84.127192628167
10	1477	5400	20
10	1485	5430	20
10	1486	5440	0
10	1502	5506.29872840716	0
10	1529	5610	7.949630768953
10	1541	5670	83.551961017922
10	1546	5700	71.072788988307
10	1555	5730	23.601390753086
10	1575	5820	18.953388837357
10	1613	6000	26.98319777631
10	1616	6010	0
10	1638	6090	80.457350673167
10	1638	6090	56.525183587242
10	1655	6160	0
10	1656	6160.158264546062	0
10	1673	6210	47.528824414205
10	1678	6240	50
10	1731	6450	56.081987179297
10	1738	6490	0
10	1778	6660	31.910837469741
10	1778	6660	3.333849444957
10	1804	6790.011143440486	0
10	1818	6840	20
10	1818	6840	20
10	1832	6907.258625183316	0
10	1872	7050	8.867302775833
10	1878	7080	33.805921089869
10	1886	7120	0
10	1906	7200	50
10	1934	7320	20
10	1958	7440	20
10	1982	7560	20
10	2028	7800	50
10	2081	8010	63.861192764686
10	2103	8100	51.932548121081
10	2111	8130	47.826798890865
10	2130	8200	0
10	2153	8290	0
10	2161	8310	12.930285032886
10	2189	8400	19.275677303821
10	2208	8460	12.756821905609
10	2223	8520	20
10	2227	8534.572030195628	0
10	2235	8560	0
10	2238	8577.802096050544	0
10	2260	8640	20
10	2280	8700	31.669356522908
10	2316	8820	53.526079479223
10	2322	8847.266623896724	0
10	2323	8849.335208395134	0
10	2335	8880	50
10	2335	8880	47.494265936268
10	2335	8880	20
10	2336	8888.972454811675	0
10	2358	8967.657306481459	0
10	2374	9010	0
10	2392	9060	43.648004888427
10	2392	9060	22.23920598348
10	2411	9120	50
10	2411	9120	20
10	2435	9210	38.216411863821
10	2444	9240	20
10	2444	9240	12.141810115839
10	2444	9240	3.519078474521
10	2476	9360	9.270320207091
10	2492	9450	26.653848957618
10	2504	9480	20
10	2537	9600.224666335114	0
10	2554	9683.243067310904	0
10	2559	9690	58.639441466071
10	2576	9760	0
10	2592	9810	37.074612544638
10	2600	9850	0
10	2601	9850	0
10	2613	9889.054537719579	0
10	2634	9960	20
10	2636	9970	0
10	2637	9970	0
10	2684	10160.228375974552	0
10	2691	10170	33.738535951509
10	2694	10194.196352387625	0
10	2698	10200	20
10	2706	10240	0
10	2761	10450	0
10	2785	10534.687934310583	0
10	2793	10560	50
10	2795	10570	0
10	2804	10600	0
10	2809	10620	1.465746473025
10	2827	10680	18.251669373007
10	2833	10710	20
10	2835	10720	0
10	2859	10800	50
10	2859	10800	20
10	2872	10860	86.63437674022
10	2908	11010	55.461010311841
10	2930	11100	71.690389240675
10	2950	11170	0
10	2965	11220.153238216161	0
10	2972	11250	1.800359583981
10	2980	11280	50
10	2980	11280	17.629506475412
10	2990	11320	0
10	3005	11370	59.286361297847
10	3010	11387.46268001283	0
10	3015	11400	20
10	3015	11400	5.489819545894
10	3063	11580	20.369776604089
10	3092	11700	31.278299480034
10	3107	11760	50
10	3107	11760	50
10	3116	11790	20
10	3123	11829.655518910388	0
10	3136	11880	2.527872377152
10	3139	11890	0
10	3140	11890	0
10	3184	12060	79.324380715539
10	3184	12060	27.141347447577
10	3192	12109.753357024565	0
10	3204	12150	20
10	3259	12360	50
10	3280	12450	58.515737592196
10	3289	12480	24.491237810994
10	3290	12490	0
10	3301	12520	0
10	3348	12730	0
10	3358	12780	78.404769486001
10	3395	12960	20
10	3395	12960	20
10	3418	13061.803474898016	0
10	3433	13139.595724684974	0
10	3456	13200	20
10	3463	13230	83.659367293492
10	3477	13290	61.231730778344
10	3487	13320	20
10	3487	13320	20
10	3490	13332.23118141869	0
10	3509	13410	86.049778813896
10	3522	13440	20
10	3570	13627.06499015703	0
10	3585	13680	50
10	3602	13722.749538593296	0
10	3628	13810	0
10	3629	13810	0
10	3648	13890	79.586262846215
10	3659	13920	20
10	3659	13920	20
10	3668	13950	20
10	3695	14040	20
10	3697	14050	0
10	3710	14100	77.336000393559
10	3712	14105.490700737569	0
10	3725	14157.135352884207	0
10	3760	14280	49.008449047106
10	3760	14280	20
10	3805	14460	34.062537482135
10	3823	14520	50
10	3845	14610	76.41716322156
10	3850	14640	50
10	3881	14760	50
10	3881	14760	20
10	3901	14846.513715362344	0
10	3905	14850	5.597648769598
10	3927	14940	56.086109486281
10	3948	15030	20
10	3993	15236.53803616085	0
10	3998	15250	0
10	4052	15450	38.556649786374
10	4060	15480	20
10	4087	15570	34.522899364042
10	4101	15610	0
10	4102	15610	0
10	4121	15683.683006922201	0
10	4137	15720	20
10	4168	15845.39925196387	0
10	4169	15850	0
10	4170	15850	0
10	4184	15900	85.08595292493
10	4189	15930	7.174344436819
10	4233	16080	20
10	4235	16088.696990968999	0
10	4286	16260	89.41237176543
10	4286	16260	74.462399032085
10	4286	16260	61.3418313921
10	4292	16290	76.893661713891
10	4307	16360	0
10	4367	16560	50
10	4383	16620	26.605177851955
10	4398	16680	20
10	4398	16680	20
10	4415	16740	86.323760355393
10	4416	16767.261692928672	0
10	4436	16840	0
10	4462	16950	20
10	4476	17026.205244987401	0
10	4492	17100	85.058643258404
10	4498	17130	71.407555622518
10	4506	17160	20
10	4517	17220	77.819711711035
10	4536	17310	20
10	4556	17400	20
10	4577	17489.063624769467	0
10	4603	17583.767213752637	0
10	4614	17650	0
10	4643	17760	20
10	4645	17770	0
10	4677	17910	20
10	4679	17920	0
10	4684	17940	68.84287675045
10	4684	17940	22.485056236618
10	4753	18270	20
10	4756	18280	0
10	4761	18300	51.250276432636
10	4769	18331.932075302248	0
10	4785	18400.182064258675	0
10	4799	18450	42.481261127249
10	4799	18450	10.656956279383
10	4833	18600	20
10	4843	18640	0
10	4848	18660	18.980323657812
10	4879	18780	68.907657977436
10	4887	18812.975124951391	0
10	4927	19000	0
10	5004	19307.305809381789	0
10	5042	19440	50
10	5042	19440	46.316710344807
10	5042	19440	18.779837587958
10	5059	19500	59.362368168374
10	5067	19530	40.647030015552
10	5073	19554.77854091069	0
10	5077	19560	50
10	5119	19690	0
10	5164	19830	20
10	5164	19830	20
10	5171	19860	54.740392490795
10	5188	19920	50
10	5189	19930	0
10	5190	19930	0
11	308	1020	28883
11	315	1050	28884
11	319	1069.669083700534	28885
11	326	1080	28881
11	327	1090	28877
11	350	1170	28887
11	388	1320	28886
11	396	1350	28888
11	414	1410	28893
11	423	1440	28890
11	456	1560	28894
11	470	1620	28902
11	485	1680	28899
11	487	1690	28898
11	506	1740	28905
11	520	1800	28904
11	554	1920	28910
11	555	1930	28906
11	585	2040	28913
11	622	2170	28914
11	655	2280	28920
11	670	2340	28929
11	687	2400	28922
11	687	2400	28923
11	687	2400	28925
11	716	2530	28926
11	717	2530	28927
11	774	2760	28933
11	794	2850	28940
11	808	2890	28935
11	842	3000	28938
11	842	3000	28941
11	842	3000	28943
11	885	3120	28946
11	885	3120	28945
11	887	3129.625059227236	28949
11	888	3130	28944
11	897	3163.155005791118	28951
11	915	3210	28956
11	915	3210	28959
11	915	3210	28961
11	915	3210	28962
11	928	3240	28955
11	930	3250	28948
11	968	3360	28958
11	968	3360	28960
11	968	3360	28963
11	974	3400	28964
11	983	3420	28968
11	993	3450	28969
11	1003	3480	28966
11	1003	3480	28965
11	1029	3576.950233648908	28973
11	1097	3840	28977
11	1098	3850	28974
11	1118	3930	28980
11	1127	3970	28979
11	1128	3970	28978
11	1141	4020	28983
11	1150	4050	28986
11	1159	4080	28981
11	1170	4120	28984
11	1194	4200	28987
11	1204	4240	28989
11	1210	4260	28994
11	1228	4320	28990
11	1228	4320	28993
11	1243	4380	28997
11	1243	4380	28999
11	1249	4410	28998
11	1258	4440	28996
11	1298	4620	29003
11	1326	4740	29005
11	1350	4860	29006
11	1392	5040	29009
11	1399	5070	29008
11	1424	5160	29011
11	1453	5280	29014
11	1462	5340	29020
11	1477	5400	29018
11	1485	5430	29019
11	1486	5440	29021
11	1502	5506.29872840716	29025
11	1529	5610	29027
11	1541	5670	29024
11	1546	5700	29028
11	1555	5730	29029
11	1575	5820	29030
11	1613	6000	29032
11	1616	6010	29031
11	1638	6090	29035
11	1638	6090	29036
11	1655	6160	29034
11	1656	6160.158264546062	29038
11	1673	6210	29041
11	1678	6240	29037
11	1731	6450	29050
11	1738	6490	29043
11	1778	6660	29051
11	1778	6660	29052
11	1804	6790.011143440486	29057
11	1818	6840	29053
11	1818	6840	29055
11	1832	6907.258625183316	29060
11	1872	7050	29064
11	1878	7080	29061
11	1886	7120	29063
11	1906	7200	29065
11	1934	7320	29067
11	1958	7440	29068
11	1982	7560	29073
11	2028	7800	29074
11	2081	8010	29081
11	2103	8100	29086
11	2111	8130	29088
11	2130	8200	29089
11	2153	8290	29085
11	2161	8310	29091
11	2189	8400	29094
11	2208	8460	29100
11	2223	8520	29097
11	2227	8534.572030195628	29096
11	2235	8560	29102
11	2238	8577.802096050544	29103
11	2260	8640	29104
11	2280	8700	29108
11	2316	8820	29113
11	2322	8847.266623896724	29117
11	2323	8849.335208395134	29118
11	2335	8880	29109
11	2335	8880	29111
11	2335	8880	29112
11	2336	8888.972454811675	29115
11	2358	8967.657306481459	29122
11	2374	9010	29110
11	2392	9060	29124
11	2392	9060	29125
11	2411	9120	29120
11	2411	9120	29121
11	2435	9210	29130
11	2444	9240	29127
11	2444	9240	29128
11	2444	9240	29129
11	2476	9360	29131
11	2492	9450	29135
11	2504	9480	29134
11	2537	9600.224666335114	29136
11	2554	9683.243067310904	29146
11	2559	9690	29143
11	2576	9760	29140
11	2592	9810	29150
11	2600	9850	29139
11	2601	9850	29141
11	2613	9889.054537719579	29151
11	2634	9960	29149
11	2636	9970	29147
11	2637	9970	29145
11	2684	10160.228375974552	29158
11	2691	10170	29157
11	2694	10194.196352387625	29161
11	2698	10200	29155
11	2706	10240	29156
11	2761	10450	29160
11	2785	10534.687934310583	29171
11	2793	10560	29165
11	2795	10570	29163
11	2804	10600	29169
11	2809	10620	29175
11	2827	10680	29173
11	2833	10710	29170
11	2835	10720	29172
11	2859	10800	29174
11	2859	10800	29176
11	2872	10860	29180
11	2908	11010	29183
11	2930	11100	29186
11	2950	11170	29182
11	2965	11220.153238216161	29193
11	2972	11250	29194
11	2980	11280	29188
11	2980	11280	29189
11	2990	11320	29191
11	3005	11370	29197
11	3010	11387.46268001283	29198
11	3015	11400	29195
11	3015	11400	29196
11	3063	11580	29204
11	3092	11700	29207
11	3107	11760	29202
11	3107	11760	29203
11	3116	11790	29206
11	3123	11829.655518910388	29213
11	3136	11880	29211
11	3139	11890	29205
11	3140	11890	29208
11	3184	12060	29216
11	3184	12060	29218
11	3192	12109.753357024565	29219
11	3204	12150	29214
11	3259	12360	29220
11	3280	12450	29230
11	3289	12480	29228
11	3290	12490	29222
11	3301	12520	29231
11	3348	12730	29233
11	3358	12780	29235
11	3395	12960	29236
11	3395	12960	29237
11	3418	13061.803474898016	29244
11	3433	13139.595724684974	29241
11	3456	13200	29239
11	3463	13230	29242
11	3477	13290	29249
11	3487	13320	29246
11	3487	13320	29247
11	3490	13332.23118141869	29245
11	3509	13410	29252
11	3522	13440	29250
11	3570	13627.06499015703	29264
11	3585	13680	29255
11	3602	13722.749538593296	29263
11	3628	13810	29256
11	3629	13810	29260
11	3648	13890	29274
11	3659	13920	29270
11	3659	13920	29271
11	3668	13950	29272
11	3695	14040	29275
11	3697	14050	29273
11	3710	14100	29277
11	3712	14105.490700737569	29282
11	3725	14157.135352884207	29284
11	3760	14280	29283
11	3760	14280	29280
11	3805	14460	29290
11	3823	14520	29288
11	3845	14610	29293
11	3850	14640	29291
11	3881	14760	29296
11	3881	14760	29297
11	3901	14846.513715362344	29303
11	3905	14850	29302
11	3927	14940	29304
11	3948	15030	29305
11	3993	15236.53803616085	29311
11	3998	15250	29307
11	4052	15450	29320
11	4060	15480	29316
11	4087	15570	29325
11	4101	15610	29313
11	4102	15610	29319
11	4121	15683.683006922201	29330
11	4137	15720	29327
11	4168	15845.39925196387	29332
11	4169	15850	29326
11	4170	15850	29329
11	4184	15900	29335
11	4189	15930	29337
11	4233	16080	29336
11	4235	16088.696990968999	29341
11	4286	16260	29345
11	4286	16260	29347
11	4286	16260	29348
11	4292	16290	29351
11	4307	16360	29350
11	4367	16560	29354
11	4383	16620	29363
11	4398	16680	29359
11	4398	16680	29360
11	4415	16740	29364
11	4416	16767.261692928672	29368
11	4436	16840	29366
11	4462	16950	29369
11	4476	17026.205244987401	29372
11	4492	17100	29371
11	4498	17130	29373
11	4506	17160	29370
11	4517	17220	29375
11	4536	17310	29374
11	4556	17400	29376
11	4577	17489.063624769467	29380
11	4603	17583.767213752637	29387
11	4614	17650	29379
11	4643	17760	29386
11	4645	17770	29385
11	4677	17910	29388
11	4679	17920	29389
11	4684	17940	29391
11	4684	17940	29392
11	4753	18270	29394
11	4756	18280	29396
11	4761	18300	29398
11	4769	18331.932075302248	29401
11	4785	18400.182064258675	29400
11	4799	18450	29402
11	4799	18450	29405
11	4833	18600	29404
11	4843	18640	29406
11	4848	18660	29410
11	4879	18780	29412
11	4887	18812.975124951391	29415
11	4927	19000	29414
11	5004	19307.305809381789	29431
11	5042	19440	29428
11	5042	19440	29429
11	5042	19440	29432
11	5059	19500	29436
11	5067	19530	29438
11	5073	19554.77854091069	29439
11	5077	19560	29433
11	5119	19690	29437
11	5164	19830	29441
11	5164	19830	29442
11	5171	19860	29449
11	5188	19920	29446
11	5189	19930	29445
11	5190	19930	29440
12	405	1390	229.32814093188
12	486	1690	319.97023026954
12	537	1870	230.16189537404
12	557	1940	496.95080213359
12	638	2230	286.93575827013
12	656	2290	318.99635847902
12	673	2350	245.77219498699
12	725	2560	350.80117972916
12	846	3010	343.34516734031
12	855	3050	377.38717228805
12	873	3097.273230192469	200
12	931	3250	312.6387010859
12	976	3410	309.4690441964
12	977	3410	301.45475931488
12	1070	3740	458.93594686804
12	1400	5080	372.96645822045
12	1479	5410	340.51362270687
12	1548	5706.29872840716	300
12	1560	5770	304.87119130095
12	1571	5810	307.94963076895
12	1624	6040	338.95338883736
12	1739	6490	352.77844150462
12	1742	6500	405.92583319677
12	1879	7090	374.97088440074
12	2132	8210	363.86119276469
12	2152	8290	431.76815316142
12	2192	8420	441.04000234335
12	2224	8530	337.85441530011
12	2228	8540	463.88862086282
12	2304	8780	483.99567870786
12	2305	8780	431.63296972215
12	2376	9020	501.80183169816
12	2453	9280	363.64800488843
12	2638	9980	506.07533146953
12	2639	9980	478.80772234118
12	2936	11125.510372465552	200
12	2998	11350	282.88537743832
12	3059	11570	359.28636129785
12	3067	11590	235.91956583325
12	3154	11950	222.99769270827
12	3235	12280	399.32438071554
12	3291	12490	354.18849322465
12	3292	12500	410.98252643201
12	3323	12610	375.83717678894
12	3324	12620	403.41238986426
12	3492	13340	500.21894280471
12	3587	13690	390.24051485692
12	3636	13840	312.93500984297
12	3746	14230	226.5959570881
12	3801	14440	382.86464711579
12	3809	14470	283.80858752962
12	3866	14710	242.88235266941
12	3941	15010	312.23314158087
12	4062	15490	398.98810937325
12	4105	15620	456.21464364428
12	4112	15650	338.55664978637
12	4178	15883.683006922201	300
12	4236	16090	406.01902685045
12	4247	16130	307.17434443682
12	4252	16150	219.33673004255
12	4273	16210	331.13882955082
12	4335	16460	503.89649507513
12	4342	16480	381.3418313921
12	4430	16820	511.30456931123
12	4435	16840	346.60517785195
12	4673	17900	490.31119769362
12	4895	18850	327.76048739173
12	5078	19570	418.62430199039
12	5130	19730	340.64703001555
13	405	1390	29.328140931878
13	486	1690	19.97023026954
13	537	1870	30.16189537404
13	557	1940	96.950802133589
13	638	2230	86.935758270133
13	656	2290	18.996358479023
13	673	2350	45.772194986988
13	725	2560	50.80117972916
13	846	3010	43.34516734031
13	855	3050	77.38717228805
13	873	3097.273230192469	0
13	931	3250	12.638701085905
13	976	3410	9.469044196403
13	977	3410	1.45475931488
13	1070	3740	58.93594686804
13	1400	5080	72.966458220447
13	1479	5410	40.513622706867
13	1548	5706.29872840716	0
13	1560	5770	4.871191300948
13	1571	5810	7.949630768953
13	1624	6040	38.953388837357
13	1739	6490	52.778441504621
13	1742	6500	5.925833196775
13	1879	7090	74.970884400744
13	2132	8210	63.861192764686
13	2152	8290	131.76815316142
13	2192	8420	41.040002343352
13	2224	8530	37.854415300106
13	2228	8540	63.888620862824
13	2304	8780	83.995678707863
13	2305	8780	31.632969722151
13	2376	9020	101.80183169816
13	2453	9280	63.648004888427
13	2638	9980	106.07533146953
13	2639	9980	78.807722341177
13	2936	11125.510372465552	0
13	2998	11350	82.885377438317
13	3059	11570	59.286361297847
13	3067	11590	35.919565833253
13	3154	11950	22.997692708268
13	3235	12280	99.324380715539
13	3291	12490	54.18849322465
13	3292	12500	10.982526432012
13	3323	12610	75.837176788936
13	3324	12620	3.412389864265
13	3492	13340	100.21894280471
13	3587	13690	90.24051485692
13	3636	13840	12.93500984297
13	3746	14230	26.595957088101
13	3801	14440	82.864647115793
13	3809	14470	83.808587529622
13	3866	14710	42.882352669408
13	3941	15010	12.233141580868
13	4062	15490	98.988109373248
13	4105	15620	56.214643644284
13	4112	15650	38.556649786374
13	4178	15883.683006922201	0
13	4236	16090	106.01902685045
13	4247	16130	7.174344436819
13	4252	16150	19.336730042555
13	4273	16210	31.13882955082
13	4335	16460	103.89649507513
13	4342	16480	81.3418313921
13	4430	16820	111.30456931123
13	4435	16840	46.605177851955
13	4673	17900	90.311197693621
13	4895	18850	27.760487391726
13	5078	19570	118.62430199039
13	5130	19730	40.647030015552
14	405	1390	1
14	486	1690	2
14	537	1870	1
14	557	1940	3
14	638	2230	1
14	656	2290	2
14	673	2350	1
14	725	2560	2
14	846	3010	2
14	855	3050	2
14	873	3097.273230192469	1
14	931	3250	2
14	976	3410	2
14	977	3410	2
14	1070	3740	3
14	1400	5080	2
14	1479	5410	2
14	1548	5706.29872840716	2
14	1560	5770	2
14	1571	5810	2
14	1624	6040	2
14	1739	6490	2
14	1742	6500	3
14	1879	7090	2
14	2132	8210	2
14	2152	8290	2
14	2192	8420	3
14	2224	8530	2
14	2228	8540	3
14	2304	8780	3
14	2305	8780	3
14	2376	9020	3
14	2453	9280	2
14	2638	9980	3
14	2639	9980	3
14	2936	11125.510372465552	1
14	2998	11350	1
14	3059	11570	2
14	3067	11590	1
14	3154	11950	1
14	3235	12280	2
14	3291	12490	2
14	3292	12500	3
14	3323	12610	2
14	3324	12620	3
14	3492	13340	3
14	3587	13690	2
14	3636	13840	2
14	3746	14230	1
14	3801	14440	2
14	3809	14470	1
14	3866	14710	1
14	3941	15010	2
14	4062	15490	2
14	4105	15620	3
14	4112	15650	2
14	4178	15883.683006922201	2
14	4236	16090	2
14	4247	16130	2
14	4252	16150	1
14	4273	16210	2
14	4335	16460	3
14	4342	16480	2
14	4430	16820	3
14	4435	16840	2
14	4673	17900	3
14	4895	18850	2
14	5078	19570	2
14	5130	19730	2
15	366	1250	515.71295631087
15	431	1480	405.89895343274
15	443	1520	337.16764900786
15	457	1570	238.45199442996
15	489	1690	280.06643366564
15	657	2290	236.9439773962
15	675	2363.995196841905	300
15	726	2560	358.83753141235
15	944	3310	306.65394991504
15	951	3320	356.4832582276
15	987	3440	374.77735292694
15	1014	3530	440.4664522248
15	1076	3760	318.59476203997
15	1078	3770	450.96244228661
15	1083	3790	370.27720374866
15	1104	3880	337.32246023797
15	1286	4570	274.81519113987
15	1287	4570	235.67912433813
15	1321	4730	480.51664125139
15	1406	5120	307.64063566806
15	1464	5350.863046878901	300
15	1542	5680	332.38109007466
15	1722	6410	476.52518358724
15	1772	6640	367.02418227994
15	1859	7010	481.91083746974
15	1940	7360	356.0197392179
15	1987	7600	403.75950885171
15	2067	7960	408.97549566654
15	2068	7960	318.42450164874
15	2203	8450	467.82679889087
15	2421	9160	408.79929803446
15	2460	9310	357.47956912185
15	2610	9880	412.48924395966
15	2620	9920	381.6527986192
15	2645	10000	398.69898221573
15	2653	10040	331.62828681131
15	2705	10240	375.04199121849
15	2773	10490	429.77162402545
15	2904	11000	339.84843733416
15	2934	11120	371.34381780558
15	2989	11320	404.14917998157
15	3034	11480	374.40338774435
15	3096	11710	373.40021927803
15	3180	12050	481.27829948003
15	3197	12130	226.10382897922
15	3298	12520	369.65613340245
15	3370	12850	286.18440725284
15	3523	13450	256.84334948737
15	3601	13721.258614569334	300
15	3611	13760	342.78319002819
15	3741	14210	499.58626284621
15	3762	14290	225.17006542425
15	3851	14666.018485506252	200
15	3858	14680	311.59143426271
15	3893	14810	484.06253748213
15	3942	15010	204.67294473298
15	3975	15170	425.5976487696
15	4076	15536.53803616085	400
15	4081	15550	318.81053961458
15	4110	15640	368.24762436313
15	4155	15800	306.99490655085
15	4210	16000	396.48853457365
15	4253	16150	304.79813661523
15	4333	16450	268.22810665535
15	4343	16480	378.01322506002
15	4379	16610	524.46239903209
15	4409	16720	334.54353082693
15	4568	17440	308.52264089534
15	4570	17450	491.40755562252
15	4651	17800	372.42041045313
15	4702	18040	313.99288568369
15	4936	19040	326.20585937288
15	4986	19240	400.1556663537
15	5090	19600	427.84786807857
16	366	1250	115.71295631087
16	431	1480	105.89895343274
16	443	1520	37.167649007861
16	457	1570	38.451994429957
16	489	1690	80.066433665638
16	657	2290	36.943977396202
16	675	2363.995196841905	0
16	726	2560	58.837531412352
16	944	3310	6.653949915036
16	951	3320	56.483258227601
16	987	3440	74.777352926942
16	1014	3530	40.466452224804
16	1076	3760	18.594762039966
16	1078	3770	50.962442286611
16	1083	3790	70.277203748665
16	1104	3880	37.322460237966
16	1286	4570	74.815191139872
16	1287	4570	35.679124338126
16	1321	4730	80.516641251393
16	1406	5120	7.640635668061
16	1464	5350.863046878901	0
16	1542	5680	32.381090074656
16	1722	6410	76.525183587242
16	1772	6640	67.024182279941
16	1859	7010	81.910837469741
16	1940	7360	56.019739217896
16	1987	7600	103.75950885171
16	2067	7960	108.97549566655
16	2068	7960	18.424501648738
16	2203	8450	67.826798890865
16	2421	9160	108.79929803446
16	2460	9310	57.47956912185
16	2610	9880	112.48924395966
16	2620	9920	81.652798619202
16	2645	10000	98.698982215733
16	2653	10040	31.628286811312
16	2705	10240	75.041991218486
16	2773	10490	29.771624025448
16	2904	11000	39.848437334162
16	2934	11120	71.343817805578
16	2989	11320	104.14917998157
16	3034	11480	74.403387744349
16	3096	11710	73.400219278028
16	3180	12050	81.278299480034
16	3197	12130	26.103828979224
16	3298	12520	69.656133402454
16	3370	12850	86.184407252842
16	3523	13450	56.843349487373
16	3601	13721.258614569334	0
16	3611	13760	42.783190028189
16	3741	14210	99.586262846215
16	3762	14290	25.170065424252
16	3851	14666.018485506252	0
16	3858	14680	11.591434262708
16	3893	14810	84.062537482135
16	3942	15010	4.67294473298
16	3975	15170	25.597648769598
16	4076	15536.53803616085	0
16	4081	15550	18.810539614577
16	4110	15640	68.247624363132
16	4155	15800	6.994906550851
16	4210	16000	96.488534573652
16	4253	16150	4.79813661523
16	4333	16450	68.228106655349
16	4343	16480	78.013225060022
16	4379	16610	124.46239903209
16	4409	16720	34.543530826932
16	4568	17440	8.522640895342
16	4570	17450	91.407555622518
16	4651	17800	72.420410453129
16	4702	18040	13.992885683685
16	4936	19040	26.205859372884
16	4986	19240	100.1556663537
16	5090	19600	127.84786807857
17	366	1250	3
17	431	1480	2
17	443	1520	2
17	457	1570	1
17	489	1690	1
17	657	2290	1
17	675	2363.995196841905	2
17	726	2560	2
17	944	3310	2
17	951	3320	2
17	987	3440	2
17	1014	3530	3
17	1076	3760	2
17	1078	3770	3
17	1083	3790	2
17	1104	3880	2
17	1286	4570	1
17	1287	4570	1
17	1321	4730	3
17	1406	5120	2
17	1464	5350.863046878901	2
17	1542	5680	2
17	1722	6410	3
17	1772	6640	2
17	1859	7010	3
17	1940	7360	2
17	1987	7600	2
17	2067	7960	2
17	2068	7960	2
17	2203	8450	3
17	2421	9160	2
17	2460	9310	2
17	2610	9880	2
17	2620	9920	2
17	2645	10000	2
17	2653	10040	2
17	2705	10240	2
17	2773	10490	3
17	2904	11000	2
17	2934	11120	2
17	2989	11320	2
17	3034	11480	2
17	3096	11710	2
17	3180	12050	3
17	3197	12130	1
17	3298	12520	2
17	3370	12850	1
17	3523	13450	1
17	3601	13721.258614569334	2
17	3611	13760	2
17	3741	14210	3
17	3762	14290	1
17	3851	14666.018485506252	1
17	3858	14680	2
17	3893	14810	3
17	3942	15010	1
17	3975	15170	3
17	4076	15536.53803616085	3
17	4081	15550	2
17	4110	15640	2
17	4155	15800	2
17	4210	16000	2
17	4253	16150	2
17	4333	16450	1
17	4343	16480	2
17	4379	16610	3
17	4409	16720	2
17	4568	17440	2
17	4570	17450	3
17	4651	17800	2
17	4702	18040	2
17	4936	19040	2
17	4986	19240	2
17	5090	19600	2
18	302	1010	491.14673238456
18	310	1040	378.83240407535
18	311	1040	311.05070566018
18	334	1120	306.99578195732
18	397	1370	509.94875165981
18	433	1490	460.02360529847
18	564	1970	532.98892567626
18	597	2080	356.45358036566
18	599	2090	533.17088074741
18	695	2440	409.55031858016
18	707	2500	246.09886418103
18	866	3080	377.89066731407
18	943	3310	340.98279620183
18	1203	4240	323.49233990246
18	1320	4730	527.03071960747
18	1372	4970	452.04556043661
18	1567	5800	423.42812312203
18	1814	6836.497491396777	200
18	1835	6920	347.49413266605
18	1975	7540	278.61594088082
18	1988	7600	349.65129784348
18	2075	7990	328.6089673701
18	2128	8200	349.82046469664
18	2139	8230	312.7023830595
18	2181	8380	250.19763547954
18	2387	9050	481.66935652291
18	2744	10390	328.27189157316
18	2801	10600	378.00288240013
18	2834	10720	349.28557542341
18	2897	10960	305.95681466961
18	2992	11330	475.46101031184
18	3155	11950	345.51316963724
18	3270	12410	477.14134744758
18	3307	12560	308.09710324632
18	3337	12675.466033426811	300
18	3354	12770	478.5157375922
18	3600	13720	320.24557130638
18	3637	13840	348.60942512775
18	3675	13990	381.35498098465
18	3676	13990	328.38533196672
18	3811	14480	339.82060415877
18	3857	14680	354.86384599988
18	3989	15220	265.12260888605
18	4089	15580	266.48364990586
18	4119	15680	308.53856227246
18	4153	15790	386.15816130375
18	4218	16040	388.11694505079
18	4569	17450	535.0586432584
18	4748	18249.191357704308	200
18	4755	18280	380.07525325949
18	4757	18290	518.84287675045
18	4857	18700.721534995834	200
18	4907	18910	383.32079985809
18	4935	19040	331.85420882193
18	5018	19360	405.11378470747
18	5053	19480	361.74908662546
18	5091	19600	396.13999922652
19	302	1010	91.146732384563
19	310	1040	78.832404075354
19	311	1040	11.050705660183
19	334	1120	6.995781957322
19	397	1370	109.94875165981
19	433	1490	60.023605298467
19	564	1970	132.98892567626
19	597	2080	56.453580365658
19	599	2090	133.17088074741
19	695	2440	109.55031858016
19	707	2500	46.098864181033
19	866	3080	77.890667314067
19	943	3310	40.982796201825
19	1203	4240	23.492339902456
19	1320	4730	127.03071960747
19	1372	4970	52.045560436614
19	1567	5800	123.42812312203
19	1814	6836.497491396777	0
19	1835	6920	47.49413266605
19	1975	7540	78.61594088082
19	1988	7600	49.651297843482
19	2075	7990	28.6089673701
19	2128	8200	49.820464696639
19	2139	8230	12.702383059496
19	2181	8380	50.197635479539
19	2387	9050	81.669356522908
19	2744	10390	28.271891573158
19	2801	10600	78.002882400129
19	2834	10720	49.285575423408
19	2897	10960	5.956814669612
19	2992	11330	75.461010311841
19	3155	11950	45.513169637239
19	3270	12410	77.141347447577
19	3307	12560	8.097103246324
19	3337	12675.466033426811	0
19	3354	12770	78.515737592196
19	3600	13720	20.245571306381
19	3637	13840	48.609425127748
19	3675	13990	81.35498098465
19	3676	13990	28.385331966715
19	3811	14480	39.820604158775
19	3857	14680	54.863845999876
19	3989	15220	65.122608886048
19	4089	15580	66.483649905862
19	4119	15680	8.538562272458
19	4153	15790	86.15816130375
19	4218	16040	88.116945050793
19	4569	17450	135.0586432584
19	4748	18249.191357704308	0
19	4755	18280	80.075253259486
19	4757	18290	118.84287675045
19	4857	18700.721534995834	0
19	4907	18910	83.320799858091
19	4935	19040	31.854208821929
19	5018	19360	105.11378470747
19	5053	19480	61.749086625462
19	5091	19600	96.139999226525
20	302	1010	3
20	310	1040	2
20	311	1040	2
20	334	1120	2
20	397	1370	3
20	433	1490	3
20	564	1970	3
20	597	2080	2
20	599	2090	3
20	695	2440	2
20	707	2500	1
20	866	3080	2
20	943	3310	2
20	1203	4240	2
20	1320	4730	3
20	1372	4970	3
20	1567	5800	2
20	1814	6836.497491396777	1
20	1835	6920	2
20	1975	7540	1
20	1988	7600	2
20	2075	7990	2
20	2128	8200	2
20	2139	8230	2
20	2181	8380	1
20	2387	9050	3
20	2744	10390	2
20	2801	10600	2
20	2834	10720	2
20	2897	10960	2
20	2992	11330	3
20	3155	11950	2
20	3270	12410	3
20	3307	12560	2
20	3337	12675.466033426811	2
20	3354	12770	3
20	3600	13720	2
20	3637	13840	2
20	3675	13990	2
20	3676	13990	2
20	3811	14480	2
20	3857	14680	2
20	3989	15220	1
20	4089	15580	1
20	4119	15680	2
20	4153	15790	2
20	4218	16040	2
20	4569	17450	3
20	4748	18249.191357704308	1
20	4755	18280	2
20	4757	18290	3
20	4857	18700.721534995834	1
20	4907	18910	2
20	4935	19040	2
20	5018	19360	2
20	5053	19480	2
20	5091	19600	2
21	373	1270	432.66841628347
21	375	1270	300.33091629947
21	377	1280	496.16101830563
21	474	1640	494.12494842063
21	515	1790	380.26583907611
21	539	1880	487.11272372494
21	701	2480	422.75310013345
21	802	2870	366.18859427746
21	907	3200	523.83410048966
21	952	3320	442.7087681776
21	954	3329.625059227236	400
21	1022	3560	485.28447655116
21	1056	3680	449.35657477848
21	1077	3760	285.1762651223
21	1084	3790	313.04976635109
21	1145	4040	468.84706664323
21	1190	4190	375.27646744946
21	1380	4990	356.74772687924
21	1417	5150	372.02926461406
21	1437	5240	452.32981113092
21	1669	6200	426.98319777631
21	1690	6289.411062625338	200
21	1834	6910	353.33384944496
21	1864	7030	339.98885655951
21	1873	7070	311.83429326665
21	1892	7150	342.74137481668
21	1901	7190	325.2036836915
21	1920	7270	328.86730277583
21	2077	8000	489.26908205429
21	2215	8500	389.93181060177
21	2282	8720	450.72549832936
21	2321	8840	430.02295522151
21	2369	8990	315.43876156955
21	2396	9070	320.66479160487
21	2488	9430	358.21641186382
21	2587	9800.224666335114	400
21	2683	10160	493.96915828638
21	2693	10180	351.36749206101
21	2747	10400	452.21729667333
21	2754	10430	323.20422256649
21	2802	10600	280.9778274451
21	2844	10750	315.31206568942
21	2846	10760	516.25200147048
21	2973	11260	326.61798464554
21	3035	11480	498.3153289821
21	3103	11740	384.27364990917
21	3300	12520	253.42663571866
21	3308	12560	527.00923521155
21	3439	13148.299196800017	200
21	3440	13160	499.16972789313
21	3473	13270	308.19652510198
21	3652	13900	380.73982368348
21	3714	14120	457.92157849606
21	3748	14240	486.54271041608
21	3778	14350	427.33600039356
21	3812	14480	449.00844904711
21	3898	14830	396.41716322156
21	3899	14840	507.63929582554
21	3980	15190	406.08610948628
21	4154	15790	354.52289936404
21	4326	16420	345.95542833049
21	4362	16550	325.10849818827
21	4384	16623.292098134702	200
21	4410	16720	286.01671154252
21	4445	16880	483.15413988909
21	4605	17600	493.90993176544
21	4631	17710	320.93637523053
21	4820	18550	318.06792469775
21	4855	18700	373.20381097492
21	4933	19030	418.90765797744
21	4934	19030	317.02487504861
21	5020	19360	218.62015394071
21	5061	19510	302.69419061821
21	5110	19660	349.69963088076
21	5137	19754.77854091069	300
21	5182	19900	329.33377792956
22	373	1270	132.66841628347
22	375	1270	0.330916299466
22	377	1280	96.161018305627
22	474	1640	94.124948420626
22	515	1790	80.265839076112
22	539	1880	87.112723724937
22	701	2480	22.753100133449
22	802	2870	66.188594277463
22	907	3200	123.83410048966
22	952	3320	42.708768177595
22	954	3329.625059227236	0
22	1022	3560	85.284476551158
22	1056	3680	49.356574778476
22	1077	3760	85.176265122305
22	1084	3790	13.049766351092
22	1145	4040	68.847066643234
22	1190	4190	75.276467449464
22	1380	4990	56.747726879241
22	1417	5150	72.029264614065
22	1437	5240	52.329811130921
22	1669	6200	26.98319777631
22	1690	6289.411062625338	0
22	1834	6910	53.333849444957
22	1864	7030	39.988856559514
22	1873	7070	11.83429326665
22	1892	7150	42.741374816684
22	1901	7190	25.203683691496
22	1920	7270	28.867302775833
22	2077	8000	89.26908205429
22	2215	8500	89.931810601774
22	2282	8720	50.725498329365
22	2321	8840	30.022955221508
22	2369	8990	15.43876156955
22	2396	9070	20.664791604866
22	2488	9430	58.216411863821
22	2587	9800.224666335114	0
22	2683	10160	93.969158286382
22	2693	10180	51.367492061014
22	2747	10400	52.217296673326
22	2754	10430	23.204222566493
22	2802	10600	80.9778274451
22	2844	10750	15.312065689417
22	2846	10760	116.25200147048
22	2973	11260	26.617984645545
22	3035	11480	98.315328982099
22	3103	11740	84.273649909171
22	3300	12520	53.42663571866
22	3308	12560	127.00923521155
22	3439	13148.299196800017	0
22	3440	13160	99.169727893129
22	3473	13270	8.196525101984
22	3652	13900	80.739823683481
22	3714	14120	57.921578496059
22	3748	14240	86.542710416083
22	3778	14350	127.33600039356
22	3812	14480	49.008449047106
22	3898	14830	96.41716322156
22	3899	14840	107.63929582554
22	3980	15190	106.08610948628
22	4154	15790	54.522899364042
22	4326	16420	45.95542833049
22	4362	16550	25.108498188265
22	4384	16623.292098134702	0
22	4410	16720	86.016711542522
22	4445	16880	83.154139889092
22	4605	17600	93.909931765437
22	4631	17710	20.936375230533
22	4820	18550	18.067924697752
22	4855	18700	73.203810974921
22	4933	19030	118.90765797744
22	4934	19030	17.024875048609
22	5020	19360	18.620153940709
22	5061	19510	2.694190618211
22	5110	19660	49.699630880758
22	5137	19754.77854091069	0
22	5182	19900	29.333777929556
23	373	1270	2
23	375	1270	2
23	377	1280	3
23	474	1640	3
23	515	1790	2
23	539	1880	3
23	701	2480	3
23	802	2870	2
23	907	3200	3
23	952	3320	3
23	954	3329.625059227236	3
23	1022	3560	3
23	1056	3680	3
23	1077	3760	1
23	1084	3790	2
23	1145	4040	3
23	1190	4190	2
23	1380	4990	2
23	1417	5150	2
23	1437	5240	3
23	1669	6200	3
23	1690	6289.411062625338	1
23	1834	6910	2
23	1864	7030	2
23	1873	7070	2
23	1892	7150	2
23	1901	7190	2
23	1920	7270	2
23	2077	8000	3
23	2215	8500	2
23	2282	8720	3
23	2321	8840	3
23	2369	8990	2
23	2396	9070	2
23	2488	9430	2
23	2587	9800.224666335114	3
23	2683	10160	3
23	2693	10180	2
23	2747	10400	3
23	2754	10430	2
23	2802	10600	1
23	2844	10750	2
23	2846	10760	3
23	2973	11260	2
23	3035	11480	3
23	3103	11740	2
23	3300	12520	1
23	3308	12560	3
23	3439	13148.299196800017	1
23	3440	13160	3
23	3473	13270	2
23	3652	13900	2
23	3714	14120	3
23	3748	14240	3
23	3778	14350	2
23	3812	14480	3
23	3898	14830	2
23	3899	14840	3
23	3980	15190	2
23	4154	15790	2
23	4326	16420	2
23	4362	16550	2
23	4384	16623.292098134702	1
23	4410	16720	1
23	4445	16880	3
23	4605	17600	3
23	4631	17710	2
23	4820	18550	2
23	4855	18700	2
23	4933	19030	2
23	4934	19030	2
23	5020	19360	1
23	5061	19510	2
23	5110	19660	2
23	5137	19754.77854091069	2
23	5182	19900	2
24	458	1570	235.84956999876
24	472	1630	396.84418515783
24	507	1760	466.83803419933
24	572	2000	481.35186796643
24	580	2030	327.74778741265
24	639	2240	447.80157976164
24	647	2260	355.94327114675
24	719	2530	219.72566458792
24	733	2600	518.60556621873
24	734	2600	504.37412004553
24	735	2600	446.40480569605
24	824	2960	477.90914319154
24	908	3200	442.9141283666
24	988	3440	426.84316825737
24	1057	3680	467.68679658014
24	1068	3730	200.97591178173
24	1178	4150	357.28925869805
24	1212	4270	331.90246463679
24	1214	4280	479.05662342504
24	1223	4301.807990197906	300
24	1245	4400	448.08107992393
24	1253	4430	381.79627713562
24	1300	4630	378.01354568672
24	1303	4640	468.86162204605
24	1335	4790	306.78092563304
24	1447	5260	328.08658304086
24	1465	5360	479.86838253471
24	1522	5600	450.65662688217
24	1603	5950	421.07278898831
24	1727	6440	500.88081615896
24	1865	7040	451.46177020664
24	1947	7400	452.50824371619
24	1976	7540	339.97691617967
24	2019	7760	469.5707728511
24	2113	8140	381.69331157627
24	2244	8600	419.27567730382
24	2300	8770	264.41285742435
24	2395	9070	403.52607947922
24	2399	9080	447.49426593627
24	2400	9088.972454811675	400
24	2430	9190	322.34269351854
24	2462	9320	522.49253731481
24	2529	9580	381.82833524337
24	2552	9670	346.65384895762
24	2618	9910	326.7569326891
24	2746	10394.196352387625	300
24	2818	10660	321.36717535029
24	2873	10870	351.46574647302
24	2874	10880	418.25166937301
24	3032	11470	349.84676178384
24	3036	11480	417.62950647541
24	3068	11590	302.53731998717
24	3069	11600	405.48981954589
24	3141	11890	222.40997233741
24	3158	11960	530.08364319593
24	3244	12310	300.24664297544
24	3407	13030	428.404769486
24	3441	13160	432.5098598927
24	3512	13420	313.01231312091
24	3644	13880	521.84018827155
24	3690	14030	372.13564817851
24	3715	14120	437.06098251383
24	3756	14260	309.87972081725
24	3813	14480	500.03133011929
24	3908	14878.764988269677	300
24	3931	14960	472.22501915011
24	3992	15231.369865379133	300
24	4093	15590	378.80191136907
24	4120	15680	453.13499402495
24	4132	15710	386.41786088714
24	4220	16045.39925196387	400
24	4254	16150	435.08595292493
24	4265	16190	334.83785463676
24	4274	16210	233.62260764112
24	4354	16510	396.89366171389
24	4392	16660	384.10194072798
24	4444	16880	483.29882991652
24	4470	16990	322.73830707133
24	4583	17500	300.35161818752
24	4617	17650	241.04894223223
24	4639	17750	331.41239781501
24	4685	17960	508.70415746042
24	4819	18550	401.25027643264
24	4849	18670	362.48126112725
24	4916	18940	357.90440226156
24	4922	18970	208.77524800118
24	5079	19570	253.47002583254
24	5101	19640	464.00647631108
24	5102	19640	418.77983758796
24	5136	19750	409.36236816837
25	458	1570	35.849569998763
25	472	1630	96.844185157826
25	507	1760	66.838034199334
25	572	2000	81.351867966432
25	580	2030	27.74778741265
25	639	2240	47.801579761645
25	647	2260	55.943271146754
25	719	2530	19.72566458792
25	733	2600	118.60556621873
25	734	2600	104.37412004553
25	735	2600	46.404805696051
25	824	2960	77.909143191537
25	908	3200	42.914128366597
25	988	3440	26.843168257373
25	1057	3680	67.686796580141
25	1068	3730	0.975911781734
25	1178	4150	57.289258698052
25	1212	4270	31.902464636791
25	1214	4280	79.056623425035
25	1223	4301.807990197906	0
25	1245	4400	48.081079923926
25	1253	4430	81.796277135622
25	1300	4630	78.01354568672
25	1303	4640	68.861622046052
25	1335	4790	6.780925633043
25	1447	5260	28.08658304086
25	1465	5360	79.868382534712
25	1522	5600	50.656626882175
25	1603	5950	121.07278898831
25	1727	6440	100.88081615896
25	1865	7040	51.46177020664
25	1947	7400	52.508243716191
25	1976	7540	39.976916179674
25	2019	7760	69.570772851102
25	2113	8140	81.69331157627
25	2244	8600	19.275677303821
25	2300	8770	64.412857424354
25	2395	9070	103.52607947922
25	2399	9080	47.494265936268
25	2400	9088.972454811675	0
25	2430	9190	22.342693518541
25	2462	9320	122.49253731481
25	2529	9580	81.828335243373
25	2552	9670	46.653848957618
25	2618	9910	26.756932689096
25	2746	10394.196352387625	0
25	2818	10660	21.367175350295
25	2873	10870	51.465746473025
25	2874	10880	18.251669373007
25	3032	11470	49.846761783839
25	3036	11480	17.629506475412
25	3068	11590	2.53731998717
25	3069	11600	5.489819545894
25	3141	11890	22.409972337409
25	3158	11960	130.08364319593
25	3244	12310	0.246642975435
25	3407	13030	128.404769486
25	3441	13160	32.509859892702
25	3512	13420	13.012313120911
25	3644	13880	121.84018827155
25	3690	14030	72.135648178515
25	3715	14120	37.060982513832
25	3756	14260	9.879720817247
25	3813	14480	100.03133011929
25	3908	14878.764988269677	0
25	3931	14960	72.225019150114
25	3992	15231.369865379133	0
25	4093	15590	78.801911369066
25	4120	15680	53.134994024949
25	4132	15710	86.417860887141
25	4220	16045.39925196387	0
25	4254	16150	135.08595292493
25	4265	16190	34.837854636758
25	4274	16210	33.622607641121
25	4354	16510	96.893661713891
25	4392	16660	84.101940727981
25	4444	16880	83.298829916516
25	4470	16990	22.738307071328
25	4583	17500	0.351618187525
25	4617	17650	41.048942232231
25	4639	17750	31.412397815006
25	4685	17960	108.70415746042
25	4819	18550	101.25027643264
25	4849	18670	62.481261127249
25	4916	18940	57.904402261561
25	4922	18970	8.775248001182
25	5079	19570	53.470025832536
25	5101	19640	64.006476311081
25	5102	19640	18.779837587958
25	5136	19750	109.36236816837
26	458	1570	1
26	472	1630	2
26	507	1760	3
26	572	2000	3
26	580	2030	2
26	639	2240	3
26	647	2260	2
26	719	2530	1
26	733	2600	3
26	734	2600	3
26	735	2600	3
26	824	2960	3
26	908	3200	3
26	988	3440	3
26	1057	3680	3
26	1068	3730	1
26	1178	4150	2
26	1212	4270	2
26	1214	4280	3
26	1223	4301.807990197906	2
26	1245	4400	3
26	1253	4430	2
26	1300	4630	2
26	1303	4640	3
26	1335	4790	2
26	1447	5260	2
26	1465	5360	3
26	1522	5600	3
26	1603	5950	2
26	1727	6440	3
26	1865	7040	3
26	1947	7400	3
26	1976	7540	2
26	2019	7760	3
26	2113	8140	2
26	2244	8600	3
26	2300	8770	1
26	2395	9070	2
26	2399	9080	3
26	2400	9088.972454811675	3
26	2430	9190	2
26	2462	9320	3
26	2529	9580	2
26	2552	9670	2
26	2618	9910	2
26	2746	10394.196352387625	2
26	2818	10660	2
26	2873	10870	2
26	2874	10880	3
26	3032	11470	2
26	3036	11480	3
26	3068	11590	2
26	3069	11600	3
26	3141	11890	1
26	3158	11960	3
26	3244	12310	2
26	3407	13030	2
26	3441	13160	3
26	3512	13420	2
26	3644	13880	3
26	3690	14030	2
26	3715	14120	3
26	3756	14260	2
26	3813	14480	3
26	3908	14878.764988269677	2
26	3931	14960	3
26	3992	15231.369865379133	2
26	4093	15590	2
26	4120	15680	3
26	4132	15710	2
26	4220	16045.39925196387	3
26	4254	16150	2
26	4265	16190	2
26	4274	16210	1
26	4354	16510	2
26	4392	16660	2
26	4444	16880	3
26	4470	16990	2
26	4583	17500	2
26	4617	17650	1
26	4639	17750	2
26	4685	17960	3
26	4819	18550	2
26	4849	18670	2
26	4916	18940	2
26	4922	18970	1
26	5079	19570	1
26	5101	19640	3
26	5102	19640	3
26	5136	19750	2
27	317	1064.962126863753	300
27	321	1070	469.1147788522
27	416	1420	400.08480916992
27	425	1450	380.68303984932
27	741	2630	469.9963214121
27	922	3230	465.20129918993
27	996	3460	363.97766955085
27	997	3460	328.25440313694
27	1121	3950	438.91339232793
27	1154	4070	449.05798161121
27	1231	4340	322.03194022213
27	1252	4420	335.13918872923
27	1427	5170	389.76371570555
27	1509	5540	376.94523574964
27	1561	5770	383.55196101792
27	1666	6190	280.45735067317
27	1682	6260	355.20235294926
27	1683	6260.158264546062	300
27	1698	6310	247.5288244142
27	1840	6940	375.00481352915
27	2191	8410	312.93028503289
27	2256	8634.572030195628	400
27	2270	8677.802096050544	300
27	2365	8980	382.64269667465
27	2367	8980	327.12835249189
27	2438	9220	380.45048765919
27	2469	9340	312.14181011584
27	2530	9580	322.05000952247
27	2586	9790	258.63944146607
27	2629	9950	473.44326650187
27	2731	10340	308.57965839282
27	2822	10670	507.83703267871
27	2829	10700	318.46257912331
27	3016	11420	317.76051166599
27	3043	11500	338.65974816394
27	3131	11860	424.46580473068
27	3142	11890	370.54065463196
27	3226	12250	396.46049554149
27	3315	12580	324.49123781099
27	3325	12620	307.98995003649
27	3364	12830	424.01326573113
27	3466	13239.595724684974	300
27	3482	13300	382.3325676954
27	3503	13390	261.23173077834
27	3547	13540	375.42092321378
27	3654	13910	486.61742451644
27	3723	14150	446.46916177787
27	3846	14620	422.83281315945
27	3907	14860	350.78332600412
27	3967	15130	337.61796553151
27	4130	15710	519.6979447433
27	4161	15820	335.54637762496
27	4194	15950	484.00693246504
27	4195	15950	430.77947734421
27	4483	17050	366.85537656051
27	4559	17410	367.82064224536
27	4638	17750	522.59204550996
27	4665	17870	430.88203498999
27	4696	18010	344.74929156545
27	4697	18020	315.53277958174
27	4777	18370	369.7327074769
27	4804	18500.182064258675	300
27	4822	18550	210.65695627938
27	4856	18700	364.24633773102
27	4869	18740	318.64796102382
27	4948	19100	388.29548333756
27	5070	19540	346.31671034481
27	5193	19930	405.92707116493
28	317	1064.962126863753	0
28	321	1070	69.114778852201
28	416	1420	100.08480916992
28	425	1450	80.683039849319
28	741	2630	69.996321412102
28	922	3230	65.201299189929
28	996	3460	63.977669550849
28	997	3460	28.254403136944
28	1121	3950	38.91339232793
28	1154	4070	49.057981611209
28	1231	4340	22.031940222127
28	1252	4420	35.139188729233
28	1427	5170	89.763715705553
28	1509	5540	76.945235749638
28	1561	5770	83.551961017922
28	1666	6190	80.457350673167
28	1682	6260	55.202352949263
28	1683	6260.158264546062	0
28	1698	6310	47.528824414205
28	1840	6940	75.004813529146
28	2191	8410	12.930285032886
28	2256	8634.572030195628	0
28	2270	8677.802096050544	0
28	2365	8980	82.642696674646
28	2367	8980	27.128352491889
28	2438	9220	80.450487659189
28	2469	9340	12.141810115839
28	2530	9580	22.050009522472
28	2586	9790	58.639441466071
28	2629	9950	73.443266501874
28	2731	10340	8.579658392821
28	2822	10670	107.83703267871
28	2829	10700	18.462579123312
28	3016	11420	17.760511665988
28	3043	11500	38.659748163943
28	3131	11860	124.46580473068
28	3142	11890	70.540654631963
28	3226	12250	96.460495541491
28	3315	12580	24.491237810994
28	3325	12620	7.989950036487
28	3364	12830	24.013265731133
28	3466	13239.595724684974	0
28	3482	13300	82.332567695402
28	3503	13390	61.231730778344
28	3547	13540	75.420923213782
28	3654	13910	86.617424516441
28	3723	14150	46.469161777869
28	3846	14620	122.83281315945
28	3907	14860	50.783326004117
28	3967	15130	37.617965531508
28	4130	15710	119.6979447433
28	4161	15820	35.546377624957
28	4194	15950	84.006932465036
28	4195	15950	30.779477344211
28	4483	17050	66.855376560515
28	4559	17410	67.820642245357
28	4638	17750	122.59204550996
28	4665	17870	30.882034989985
28	4696	18010	44.749291565454
28	4697	18020	15.53277958174
28	4777	18370	69.732707476898
28	4804	18500.182064258675	0
28	4822	18550	10.656956279383
28	4856	18700	64.246337731018
28	4869	18740	18.64796102382
28	4948	19100	88.295483337558
28	5070	19540	46.316710344807
28	5193	19930	105.92707116493
29	317	1064.962126863753	2
29	321	1070	3
29	416	1420	2
29	425	1450	2
29	741	2630	3
29	922	3230	3
29	996	3460	2
29	997	3460	2
29	1121	3950	3
29	1154	4070	3
29	1231	4340	2
29	1252	4420	2
29	1427	5170	2
29	1509	5540	2
29	1561	5770	2
29	1666	6190	1
29	1682	6260	2
29	1683	6260.158264546062	2
29	1698	6310	1
29	1840	6940	2
29	2191	8410	2
29	2256	8634.572030195628	3
29	2270	8677.802096050544	2
29	2365	8980	2
29	2367	8980	2
29	2438	9220	2
29	2469	9340	2
29	2530	9580	2
29	2586	9790	1
29	2629	9950	3
29	2731	10340	2
29	2822	10670	3
29	2829	10700	2
29	3016	11420	2
29	3043	11500	2
29	3131	11860	2
29	3142	11890	2
29	3226	12250	2
29	3315	12580	2
29	3325	12620	2
29	3364	12830	3
29	3466	13239.595724684974	2
29	3482	13300	2
29	3503	13390	1
29	3547	13540	2
29	3654	13910	3
29	3723	14150	3
29	3846	14620	2
29	3907	14860	2
29	3967	15130	2
29	4130	15710	3
29	4161	15820	2
29	4194	15950	3
29	4195	15950	3
29	4483	17050	2
29	4559	17410	2
29	4638	17750	3
29	4665	17870	3
29	4696	18010	2
29	4697	18020	2
29	4777	18370	2
29	4804	18500.182064258675	2
29	4822	18550	1
29	4856	18700	2
29	4869	18740	2
29	4948	19100	2
29	5070	19540	2
29	5193	19930	2
30	320	1070	516.52398543207
30	354	1190	485.16137661347
30	514	1790	404.2952739469
30	578	2020	314.68362687886
30	579	2030	425.33379887417
30	650	2270	464.73816499246
30	742	2630	428.98997834833
30	837	2990	432.03251398473
30	875	3100	434.05032667699
30	920	3220	355.88553245338
30	932	3263.155005791118	300
30	964	3350	446.42574184813
30	1005	3500	352.3339539643
30	1153	4070	435.95048189319
30	1171	4120	218.47510236297
30	1198	4220	306.88169360892
30	1251	4420	386.74548378955
30	1472	5380	348.19834534044
30	1487	5440	284.12719262817
30	1508	5530	376.54584663546
30	1642	6110	402.32565645098
30	1761	6590	501.01377879497
30	1900	7180	333.80592108987
30	1908	7220	314.55604178749
30	1954	7420	342.62853375707
30	1977	7540	368.08255380098
30	2131	8200	251.93254812108
30	2157	8300	307.98958408533
30	2183	8390	458.64289911418
30	2262	8660	303.22184899169
30	2407	9110	508.74639781289
30	2468	9340	361.97261025624
30	2470	9340	303.51907847452
30	2495	9460	309.27032020709
30	2604	9860	381.60262916082
30	2630	9950	470.93854809102
30	2640	9989.054537719579	300
30	2664	10070	473.63800191534
30	2665	10070	504.12066453735
30	2787	10550	484.65247135852
30	2860	10810	381.98597206077
30	2861	10820	364.64899073679
30	2882	10900	414.3567658985
30	2883	10900	346.00418460962
30	2976	11270	483.48345848903
30	3087	11680	220.36977660409
30	3148	11929.655518910388	200
30	3163	11980	302.52787237715
30	3166	11990	506.93843620687
30	3167	11990	407.39524321048
30	3316	12590	496.08179259212
30	3489	13330	383.65936729349
30	3513	13420	354.39195931195
30	3514	13420	342.98399672311
30	3517	13432.23118141869	400
30	3631	13822.749538593296	300
30	3653	13910	534.39760947809
30	3698	14050	348.43624001762
30	3928	14946.513715362344	200
30	4024	15350	437.39260226261
30	4131	15710	424.80998144539
30	4261	16180	395.53854696888
30	4264	16188.696990968999	300
30	4308	16360	289.41237176543
30	4336	16460	353.53693784124
30	4393	16660	427.23496570247
30	4458	16940	340.88238728783
30	4526	17260	399.34754010042
30	4625	17683.767213752637	200
30	4779	18380	306.3882325503
30	4874	18760	218.98032365781
30	5111	19660	368.86829080585
30	5147	19790	408.78121976642
30	5194	19930	378.03653031267
31	320	1070	116.52398543207
31	354	1190	85.161376613475
31	514	1790	4.295273946904
31	578	2020	14.683626878863
31	579	2030	25.33379887417
31	650	2270	64.738164992457
31	742	2630	28.989978348333
31	837	2990	32.032513984729
31	875	3100	134.05032667699
31	920	3220	55.885532453382
31	932	3263.155005791118	0
31	964	3350	46.425741848134
31	1005	3500	52.333953964304
31	1153	4070	35.950481893187
31	1171	4120	18.475102362973
31	1198	4220	6.881693608922
31	1251	4420	86.745483789548
31	1472	5380	48.198345340442
31	1487	5440	84.127192628167
31	1508	5530	76.545846635457
31	1642	6110	2.325656450978
31	1761	6590	101.01377879497
31	1900	7180	33.805921089869
31	1908	7220	14.556041787485
31	1954	7420	42.628533757075
31	1977	7540	68.08255380098
31	2131	8200	51.932548121081
31	2157	8300	7.989584085329
31	2183	8390	58.642899114175
31	2262	8660	3.221848991694
31	2407	9110	108.74639781289
31	2468	9340	61.972610256237
31	2470	9340	3.519078474521
31	2495	9460	9.270320207091
31	2604	9860	81.602629160819
31	2630	9950	70.93854809102
31	2640	9989.054537719579	0
31	2664	10070	73.638001915343
31	2665	10070	104.12066453735
31	2787	10550	84.652471358525
31	2860	10810	81.985972060766
31	2861	10820	64.648990736793
31	2882	10900	114.3567658985
31	2883	10900	46.004184609624
31	2976	11270	83.483458489026
31	3087	11680	20.369776604089
31	3148	11929.655518910388	0
31	3163	11980	2.527872377152
31	3166	11990	106.93843620687
31	3167	11990	7.395243210478
31	3316	12590	96.081792592119
31	3489	13330	83.659367293492
31	3513	13420	54.391959311953
31	3514	13420	42.983996723108
31	3517	13432.23118141869	0
31	3631	13822.749538593296	0
31	3653	13910	134.39760947809
31	3698	14050	48.436240017622
31	3928	14946.513715362344	0
31	4024	15350	37.392602262608
31	4131	15710	24.809981445392
31	4261	16180	95.538546968878
31	4264	16188.696990968999	0
31	4308	16360	89.41237176543
31	4336	16460	53.536937841237
31	4393	16660	127.23496570247
31	4458	16940	40.882387287832
31	4526	17260	99.347540100421
31	4625	17683.767213752637	0
31	4779	18380	6.388232550301
31	4874	18760	18.980323657812
31	5111	19660	68.868290805849
31	5147	19790	8.781219766418
31	5194	19930	78.036530312673
32	320	1070	3
32	354	1190	3
32	514	1790	3
32	578	2020	2
32	579	2030	3
32	650	2270	3
32	742	2630	3
32	837	2990	3
32	875	3100	2
32	920	3220	2
32	932	3263.155005791118	2
32	964	3350	3
32	1005	3500	2
32	1153	4070	3
32	1171	4120	1
32	1198	4220	2
32	1251	4420	2
32	1472	5380	2
32	1487	5440	1
32	1508	5530	2
32	1642	6110	3
32	1761	6590	3
32	1900	7180	2
32	1908	7220	2
32	1954	7420	2
32	1977	7540	2
32	2131	8200	1
32	2157	8300	2
32	2183	8390	3
32	2262	8660	2
32	2407	9110	3
32	2468	9340	2
32	2470	9340	2
32	2495	9460	2
32	2604	9860	2
32	2630	9950	3
32	2640	9989.054537719579	2
32	2664	10070	3
32	2665	10070	3
32	2787	10550	3
32	2860	10810	2
32	2861	10820	2
32	2882	10900	2
32	2883	10900	2
32	2976	11270	3
32	3087	11680	1
32	3148	11929.655518910388	1
32	3163	11980	2
32	3166	11990	3
32	3167	11990	3
32	3316	12590	3
32	3489	13330	2
32	3513	13420	2
32	3514	13420	2
32	3517	13432.23118141869	3
32	3631	13822.749538593296	2
32	3653	13910	3
32	3698	14050	2
32	3928	14946.513715362344	1
32	4024	15350	3
32	4131	15710	3
32	4261	16180	2
32	4264	16188.696990968999	2
32	4308	16360	1
32	4336	16460	2
32	4393	16660	2
32	4458	16940	2
32	4526	17260	2
32	4625	17683.767213752637	1
32	4779	18380	2
32	4874	18760	1
32	5111	19660	2
32	5147	19790	3
32	5194	19930	2
33	359	1220	530.83958710132
33	550	1908.447099886478	200
33	587	2050	420.35101403134
33	748	2650	379.8782966762
33	796	2860	277.94043870222
33	845	3010	379.9262647694
33	975	3410	380.44963352797
33	1047	3650	323.67434182945
33	1264	4480	378.46980228852
33	1285	4570	409.03357712553
33	1288	4580	501.00410006822
33	1332	4780	232.46636658238
33	1413	5140	245.62204419239
33	1536	5660	536.7109314893
33	1595	5930	323.60139075309
33	1640	6100	260.77166382722
33	1706	6356.695834174582	200
33	1711	6370	323.05747286545
33	1732	6460	206.38011917587
33	1737	6490	406.54067733084
33	1741	6500	482.51367103743
33	1773	6650	356.0819871793
33	2056	7924.322148048154	200
33	2118	8170	413.19897352318
33	2271	8680	332.75682190561
33	2299	8770	338.06970575496
33	2303	8780	451.63418104135
33	2386	9047.266623896724	300
33	2414	9140	400.608941706
33	2445	9250	381.87045432644
33	2454	9280	342.23920598348
33	2505	9490	337.12764203042
33	2646	10010	337.07461254464
33	2737	10370	333.73853595151
33	2880	10900	274.04903671353
33	2925	11080	406.63437674022
33	2988	11320	391.69038924068
33	3024	11450	301.80035958398
33	3191	12100	219.91088442177
33	3451	13180	261.84224761379
33	3552	13570	334.67256967281
33	3562	13610	386.0497788139
33	3624	13800.027218555082	200
33	3696	14050	396.16788469956
33	3768	14320	314.50929926243
33	3791	14420	490.7218778225
33	3792	14420	501.06837749641
33	3913	14880.122450009042	200
33	3936	14980	274.67247571944
33	4067	15493.719698870812	300
33	4401	16690	326.88023979391
33	4428	16802.88837464403	200
33	4456	16930	349.5728597069
33	4464	16960	406.32376035539
33	4518	17226.205244987401	300
33	4567	17440	397.81971171103
33	4728	18160	342.48505623662
33	4772	18340	222.89024156897
33	4836	18620	444.48699661909
33	4980	19220	424.38615203717
33	5002	19300	251.90731281784
33	5082	19580	489.53625540843
33	5121	19700	532.30456788118
33	5181	19900	256.02255613854
34	359	1220	130.83958710132
34	550	1908.447099886478	0
34	587	2050	120.35101403134
34	748	2650	79.878296676201
34	796	2860	77.940438702223
34	845	3010	79.926264769404
34	975	3410	80.449633527969
34	1047	3650	23.674341829454
34	1264	4480	78.469802288519
34	1285	4570	109.03357712554
34	1288	4580	101.00410006822
34	1332	4780	32.466366582378
34	1413	5140	45.622044192385
34	1536	5660	136.7109314893
34	1595	5930	23.601390753086
34	1640	6100	60.771663827224
34	1706	6356.695834174582	0
34	1711	6370	23.05747286545
34	1732	6460	6.380119175868
34	1737	6490	106.54067733084
34	1741	6500	82.513671037428
34	1773	6650	56.081987179297
34	2056	7924.322148048154	0
34	2118	8170	113.19897352319
34	2271	8680	32.756821905609
34	2299	8770	38.069705754961
34	2303	8780	51.634181041351
34	2386	9047.266623896724	0
34	2414	9140	0.608941706005
34	2445	9250	81.870454326437
34	2454	9280	42.23920598348
34	2505	9490	37.127642030421
34	2646	10010	37.074612544638
34	2737	10370	33.738535951509
34	2880	10900	74.049036713527
34	2925	11080	106.63437674022
34	2988	11320	91.690389240675
34	3024	11450	1.800359583981
34	3191	12100	19.910884421768
34	3451	13180	61.842247613792
34	3552	13570	34.672569672807
34	3562	13610	86.049778813896
34	3624	13800.027218555082	0
34	3696	14050	96.167884699561
34	3768	14320	14.509299262431
34	3791	14420	90.721877822504
34	3792	14420	101.06837749641
34	3913	14880.122450009042	0
34	3936	14980	74.672475719437
34	4067	15493.719698870812	0
34	4401	16690	26.880239793908
34	4428	16802.88837464403	0
34	4456	16930	49.572859706902
34	4464	16960	106.32376035539
34	4518	17226.205244987401	0
34	4567	17440	97.819711711035
34	4728	18160	42.485056236618
34	4772	18340	22.890241568974
34	4836	18620	44.486996619093
34	4980	19220	24.386152037173
34	5002	19300	51.907312817838
34	5082	19580	89.536255408432
34	5121	19700	132.30456788118
34	5181	19900	56.022556138536
35	359	1220	3
35	550	1908.447099886478	1
35	587	2050	2
35	748	2650	2
35	796	2860	1
35	845	3010	2
35	975	3410	2
35	1047	3650	2
35	1264	4480	2
35	1285	4570	2
35	1288	4580	3
35	1332	4780	1
35	1413	5140	1
35	1536	5660	3
35	1595	5930	2
35	1640	6100	1
35	1706	6356.695834174582	1
35	1711	6370	2
35	1732	6460	1
35	1737	6490	2
35	1741	6500	3
35	1773	6650	2
35	2056	7924.322148048154	1
35	2118	8170	2
35	2271	8680	2
35	2299	8770	2
35	2303	8780	3
35	2386	9047.266623896724	2
35	2414	9140	3
35	2445	9250	2
35	2454	9280	2
35	2505	9490	2
35	2646	10010	2
35	2737	10370	2
35	2880	10900	1
35	2925	11080	2
35	2988	11320	2
35	3024	11450	2
35	3191	12100	1
35	3451	13180	1
35	3552	13570	2
35	3562	13610	2
35	3624	13800.027218555082	1
35	3696	14050	2
35	3768	14320	2
35	3791	14420	3
35	3792	14420	3
35	3913	14880.122450009042	1
35	3936	14980	1
35	4067	15493.719698870812	2
35	4401	16690	2
35	4428	16802.88837464403	1
35	4456	16930	2
35	4464	16960	2
35	4518	17226.205244987401	2
35	4567	17440	2
35	4728	18160	2
35	4772	18340	1
35	4836	18620	3
35	4980	19220	3
35	5002	19300	1
35	5082	19580	3
35	5121	19700	3
35	5181	19900	1

