version 3
run HighLoad_Queue-26-20260126-11:00:01-298
attr configname HighLoad_Queue
attr datetime 20260126-11:00:01
attr datetimef 20260126-110001
attr experiment HighLoad_Queue
attr inifile simulations/nwsim_project/omnetpp.ini
attr iterationvars ""
attr iterationvarsd ""
attr iterationvarsf ""
attr measurement ""
attr network CrossTraffic
attr processid 298
attr repetition 26
attr replication #26
attr resultdir results
attr runnumber 26
attr seedset 26
config description "High Load - Queue Mode (100% more traffic)"
config *.Junc*.junctionMode "\"queue\""
config *.EndNW.spawnInterval exponential(200s)
config *.EndNE.spawnInterval exponential(300s)
config *.EndEN.spawnInterval exponential(250s)
config *.EndES.spawnInterval exponential(365s)
config *.EndSE.spawnInterval exponential(225s)
config *.EndSW.spawnInterval exponential(250s)
config *.EndWS.spawnInterval exponential(300s)
config *.EndWN.spawnInterval exponential(350s)
config network CrossTraffic
config sim-time-limit 20000s
config warmup-period 1000s
config repeat 50
config **.scalar-recording true
config **.vector-recording true
config *.Junc*.junctionMode "\"queue\""
config *.EndNW.spawnInterval exponential(800s)
config *.EndNE.spawnInterval exponential(1200s)
config *.EndEN.spawnInterval exponential(1000s)
config *.EndES.spawnInterval exponential(1500s)
config *.EndSE.spawnInterval exponential(900s)
config *.EndSW.spawnInterval exponential(1100s)
config *.EndWS.spawnInterval exponential(1300s)
config *.EndWN.spawnInterval exponential(1400s)

vector 0 CrossTraffic.JuncNW queueLength:vector ETV
attr interpolationmode sample-hold
attr recordingmode vector
attr source queueLength
attr title "Queue Length"
vector 1 CrossTraffic.JuncNW junctionProcessingTime:vector ETV
attr recordingmode vector
attr source junctionProcessingTime
attr title "Junction Processing Time"
vector 2 CrossTraffic.JuncNW vehicleCount:vector ETV
attr recordingmode vector
attr source vehicleCount
attr title "Vehicle Count"
vector 3 CrossTraffic.JuncNE queueLength:vector ETV
attr interpolationmode sample-hold
attr recordingmode vector
attr source queueLength
attr title "Queue Length"
vector 4 CrossTraffic.JuncNE junctionProcessingTime:vector ETV
attr recordingmode vector
attr source junctionProcessingTime
attr title "Junction Processing Time"
vector 5 CrossTraffic.JuncNE vehicleCount:vector ETV
attr recordingmode vector
attr source vehicleCount
attr title "Vehicle Count"
vector 6 CrossTraffic.JuncSE queueLength:vector ETV
attr interpolationmode sample-hold
attr recordingmode vector
attr source queueLength
attr title "Queue Length"
vector 7 CrossTraffic.JuncSE junctionProcessingTime:vector ETV
attr recordingmode vector
attr source junctionProcessingTime
attr title "Junction Processing Time"
vector 8 CrossTraffic.JuncSE vehicleCount:vector ETV
attr recordingmode vector
attr source vehicleCount
attr title "Vehicle Count"
vector 9 CrossTraffic.JuncSW queueLength:vector ETV
attr interpolationmode sample-hold
attr recordingmode vector
attr source queueLength
attr title "Queue Length"
vector 10 CrossTraffic.JuncSW junctionProcessingTime:vector ETV
attr recordingmode vector
attr source junctionProcessingTime
attr title "Junction Processing Time"
vector 11 CrossTraffic.JuncSW vehicleCount:vector ETV
attr recordingmode vector
attr source vehicleCount
attr title "Vehicle Count"
vector 12 CrossTraffic.EndNW travelTime:vector ETV
attr recordingmode vector
attr source travelTime
attr title "Vehicle Travel Time"
vector 13 CrossTraffic.EndNW junctionTime:vector ETV
attr recordingmode vector
attr source junctionTime
attr title "Total Junction Time per Vehicle"
vector 14 CrossTraffic.EndNW junctionCount:vector ETV
attr recordingmode vector
attr source junctionCount
attr title "Junctions Visited per Vehicle"
vector 15 CrossTraffic.EndNE travelTime:vector ETV
attr recordingmode vector
attr source travelTime
attr title "Vehicle Travel Time"
vector 16 CrossTraffic.EndNE junctionTime:vector ETV
attr recordingmode vector
attr source junctionTime
attr title "Total Junction Time per Vehicle"
vector 17 CrossTraffic.EndNE junctionCount:vector ETV
attr recordingmode vector
attr source junctionCount
attr title "Junctions Visited per Vehicle"
vector 18 CrossTraffic.EndEN travelTime:vector ETV
attr recordingmode vector
attr source travelTime
attr title "Vehicle Travel Time"
vector 19 CrossTraffic.EndEN junctionTime:vector ETV
attr recordingmode vector
attr source junctionTime
attr title "Total Junction Time per Vehicle"
vector 20 CrossTraffic.EndEN junctionCount:vector ETV
attr recordingmode vector
attr source junctionCount
attr title "Junctions Visited per Vehicle"
vector 21 CrossTraffic.EndES travelTime:vector ETV
attr recordingmode vector
attr source travelTime
attr title "Vehicle Travel Time"
vector 22 CrossTraffic.EndES junctionTime:vector ETV
attr recordingmode vector
attr source junctionTime
attr title "Total Junction Time per Vehicle"
vector 23 CrossTraffic.EndES junctionCount:vector ETV
attr recordingmode vector
attr source junctionCount
attr title "Junctions Visited per Vehicle"
vector 24 CrossTraffic.EndSE travelTime:vector ETV
attr recordingmode vector
attr source travelTime
attr title "Vehicle Travel Time"
vector 25 CrossTraffic.EndSE junctionTime:vector ETV
attr recordingmode vector
attr source junctionTime
attr title "Total Junction Time per Vehicle"
vector 26 CrossTraffic.EndSE junctionCount:vector ETV
attr recordingmode vector
attr source junctionCount
attr title "Junctions Visited per Vehicle"
vector 27 CrossTraffic.EndSW travelTime:vector ETV
attr recordingmode vector
attr source travelTime
attr title "Vehicle Travel Time"
vector 28 CrossTraffic.EndSW junctionTime:vector ETV
attr recordingmode vector
attr source junctionTime
attr title "Total Junction Time per Vehicle"
vector 29 CrossTraffic.EndSW junctionCount:vector ETV
attr recordingmode vector
attr source junctionCount
attr title "Junctions Visited per Vehicle"
vector 30 CrossTraffic.EndWS travelTime:vector ETV
attr recordingmode vector
attr source travelTime
attr title "Vehicle Travel Time"
vector 31 CrossTraffic.EndWS junctionTime:vector ETV
attr recordingmode vector
attr source junctionTime
attr title "Total Junction Time per Vehicle"
vector 32 CrossTraffic.EndWS junctionCount:vector ETV
attr recordingmode vector
attr source junctionCount
attr title "Junctions Visited per Vehicle"
vector 33 CrossTraffic.EndWN travelTime:vector ETV
attr recordingmode vector
attr source travelTime
attr title "Vehicle Travel Time"
vector 34 CrossTraffic.EndWN junctionTime:vector ETV
attr recordingmode vector
attr source junctionTime
attr title "Total Junction Time per Vehicle"
vector 35 CrossTraffic.EndWN junctionCount:vector ETV
attr recordingmode vector
attr source junctionCount
attr title "Junctions Visited per Vehicle"
0	225	1196.302948242774	1
0	227	1199.302948242774	0
0	233	1221.894579463152	1
0	235	1224.894579463152	0
0	236	1245.65146730165	1
0	237	1248.65146730165	0
0	240	1273.539243585328	1
0	242	1276.539243585328	0
0	245	1287.613816524162	1
0	246	1290.613816524162	0
0	253	1305.500512585398	1
0	254	1308.500512585398	0
0	265	1387.198147435068	1
0	266	1390.198147435068	0
0	277	1414.716909262061	1
0	278	1417.716909262061	0
0	283	1472.541713997366	1
0	285	1475.541713997366	0
0	315	1658.179692201696	1
0	316	1661.179692201696	0
0	317	1677.928853012691	1
0	318	1680.928853012691	0
0	325	1742.10609773948	1
0	326	1745.10609773948	0
0	355	1964.536723176116	1
0	356	1967.536723176116	0
0	389	2177.717288407553	1
0	390	2180.717288407553	0
0	393	2187.766737320337	1
0	394	2190.766737320337	0
0	401	2252.871847488339	1
0	403	2255.871847488339	0
0	406	2264.206582080461	1
0	407	2267.206582080461	0
0	410	2277.628268220218	1
0	412	2280.628268220218	0
0	415	2287.520100549898	1
0	416	2290.520100549898	0
0	426	2328.168113464394	1
0	428	2331.168113464394	0
0	432	2362.305195415054	1
0	433	2365.305195415054	0
0	437	2377.734365683014	1
0	439	2380.734365683014	0
0	448	2399.766737320337	1
0	449	2402.766737320337	0
0	451	2404.907984998103	1
0	453	2407.907984998103	0
0	454	2428.648116434361	1
0	456	2431.648116434361	0
0	467	2494.877174112155	1
0	468	2497.877174112155	0
0	469	2499.45058040203	1
0	470	2502.45058040203	0
0	479	2551.431507696808	1
0	480	2554.431507696808	0
0	482	2592.160708879085	1
0	483	2595.160708879085	0
0	517	2815.861133115627	1
0	518	2818.861133115627	0
0	527	2870.471792368511	1
0	528	2873.471792368511	0
0	550	2994.275415063753	1
0	552	2997.275415063753	0
0	558	3029.27788292441	1
0	559	3032.27788292441	0
0	560	3041.337851294485	1
0	561	3044.337851294485	0
0	567	3080.889962700273	1
0	569	3083.889962700273	0
0	577	3100.969179354042	1
0	579	3103.969179354042	0
0	593	3190.935969368124	1
0	595	3193.935969368124	0
0	603	3212.758079061573	1
0	604	3215.758079061573	0
0	637	3494.964318967451	1
0	638	3497.964318967451	0
0	660	3619.83230923461	1
0	662	3622.83230923461	0
0	666	3653.832140328574	1
0	667	3656.832140328574	0
0	668	3657.212833083806	1
0	669	3660.212833083806	0
0	690	3770.588599849324	1
0	692	3773.588599849324	0
0	702	3851.456053251197	1
0	704	3854.456053251197	0
0	719	3939.749720719079	1
0	720	3942.749720719079	0
0	735	4013.079510264727	1
0	736	4016.079510264727	0
0	737	4019.784854260286	1
0	738	4022.784854260286	0
0	753	4102.187257319282	1
0	754	4105.187257319282	0
0	769	4182.374320397436	1
0	770	4185.374320397436	0
0	786	4254.872022634799	1
0	787	4257.872022634799	0
0	793	4278.331365488466	1
0	794	4281.331365488466	0
0	804	4322.855398649214	1
0	805	4325.855398649214	0
0	814	4363.014741793682	1
0	815	4366.014741793682	0
0	863	4604.717774071703	1
0	864	4607.717774071703	0
0	871	4695.214155974177	1
0	873	4698.214155974177	0
0	880	4797.890382951057	1
0	882	4800.890382951057	0
0	887	4844.865072790905	1
0	888	4847.865072790905	0
0	891	4920.436304949783	1
0	892	4923.436304949783	0
0	899	4997.873387291675	1
0	900	5000.873387291675	0
0	906	5055.168259989257	1
0	908	5058.168259989257	0
0	928	5167.703367213047	1
0	929	5170.703367213047	0
0	979	5440.21517607391	1
0	980	5443.21517607391	0
0	993	5526.478631978366	1
0	995	5529.478631978366	0
0	999	5559.857211676223	1
0	1000	5562.857211676223	0
0	1004	5591.171227579159	1
0	1005	5594.171227579159	0
0	1007	5607.750353024132	1
0	1008	5610.750353024132	0
0	1027	5743.978924223242	1
0	1028	5746.978924223242	0
0	1030	5755.7860614792	1
0	1031	5758.7860614792	0
0	1032	5764.43124651573	1
0	1033	5767.43124651573	0
0	1037	5795.912913560371	1
0	1040	5798.912913560371	0
0	1065	5910.08526111452	1
0	1066	5913.08526111452	0
0	1067	5920.076155600815	1
0	1068	5923.076155600815	0
0	1071	5948.513771525053	1
0	1073	5951.513771525053	0
0	1078	5958.196602125413	1
0	1079	5961.196602125413	0
0	1087	5999.71043262345	1
0	1089	6002.71043262345	0
0	1095	6037.781097431012	1
0	1097	6040.781097431012	0
0	1100	6054.912836640361	1
0	1101	6056.388195315284	2
0	1103	6057.912836640361	1
0	1104	6060.912836640361	0
0	1109	6094.500831073538	1
0	1111	6097.500831073538	0
0	1114	6104.918315310496	1
0	1116	6107.918315310496	0
0	1138	6228.420369019456	1
0	1139	6229.198290579783	2
0	1140	6231.420369019456	1
0	1141	6234.420369019456	0
0	1150	6297.807809730434	1
0	1151	6300.807809730434	0
0	1162	6353.214347821542	1
0	1163	6356.214347821542	0
0	1169	6419.735438387546	1
0	1170	6422.735438387546	0
0	1174	6434.980203907419	1
0	1177	6437.980203907419	0
0	1187	6515.441910128817	1
0	1188	6518.441910128817	0
0	1197	6547.008956507959	1
0	1199	6550.008956507959	0
0	1246	6785.191662945871	1
0	1248	6788.191662945871	0
0	1264	6882.002031606541	1
0	1265	6885.002031606541	0
0	1279	6975.054447374294	1
0	1281	6978.054447374294	0
0	1293	7060.795148945317	1
0	1294	7063.795148945317	0
0	1305	7152.306673877923	1
0	1307	7155.306673877923	0
0	1315	7187.054447374294	1
0	1316	7190.054447374294	0
0	1321	7241.075584863625	1
0	1323	7244.075584863625	0
0	1327	7255.812672775741	1
0	1328	7258.812672775741	0
0	1332	7280.155990786047	1
0	1333	7283.155990786047	0
0	1343	7354.351327213079	1
0	1344	7357.351327213079	0
0	1346	7361.954532035629	1
0	1347	7364.954532035629	0
0	1359	7472.786665970773	1
0	1360	7475.786665970773	0
0	1384	7729.664052974464	1
0	1387	7732.664052974464	0
0	1389	7737.082759920684	1
0	1390	7740.082759920684	0
0	1396	7781.126244393542	1
0	1397	7782.097644182206	2
0	1398	7784.126244393542	1
0	1399	7790.126244393542	0
0	1407	7833.86797997582	1
0	1410	7836.86797997582	0
0	1424	7899.110833735765	1
0	1425	7902.110833735765	0
0	1426	7914.593618005473	1
0	1428	7917.593618005473	0
0	1444	7990.546828122891	1
0	1446	7993.546828122891	0
0	1453	8027.02945040382	1
0	1455	8030.02945040382	0
0	1483	8164.718698162102	1
0	1485	8167.718698162102	0
0	1525	8323.906277474706	1
0	1527	8326.906277474706	0
0	1529	8329.906277474706	1
0	1531	8332.663375169091	2
0	1533	8332.906277474706	1
0	1535	8338.906277474706	2
0	1536	8338.906277474706	1
0	1539	8344.906277474706	0
0	1541	8367.270171383786	1
0	1542	8370.270171383786	0
0	1544	8378.034424131329	1
0	1546	8381.034424131329	0
0	1549	8392.880589736508	1
0	1550	8395.880589736508	0
0	1600	8736.100673088367	1
0	1601	8739.100673088367	0
0	1607	8788.399938519818	1
0	1608	8791.399938519818	0
0	1619	8861.250245450426	1
0	1620	8864.250245450426	0
0	1625	8902.408463598369	1
0	1627	8905.408463598369	0
0	1629	8918.691200129455	1
0	1630	8921.691200129455	0
0	1638	8950.864678789973	1
0	1640	8953.864678789973	0
0	1660	9043.123455111706	1
0	1661	9046.123455111706	0
0	1662	9051.348086977399	1
0	1664	9054.348086977399	0
0	1673	9106.857538734256	1
0	1676	9109.857538734256	0
0	1701	9208.740405732175	1
0	1704	9211.740405732175	0
0	1705	9212.213913076456	1
0	1707	9215.213913076456	0
0	1713	9240.191769794148	1
0	1714	9243.191769794148	0
0	1718	9279.694254225645	1
0	1720	9282.694254225645	0
0	1722	9287.241371030698	1
0	1723	9290.241371030698	0
0	1745	9400.144027791206	1
0	1746	9403.144027791206	0
0	1758	9489.910180287256	1
0	1759	9492.910180287256	0
0	1765	9507.457802443752	1
0	1766	9510.457802443752	0
0	1776	9596.955749441295	1
0	1777	9599.955749441295	0
0	1783	9627.908810434375	1
0	1784	9630.908810434375	0
0	1786	9666.982795996941	1
0	1787	9669.982795996941	0
0	1815	9840.106143996524	1
0	1817	9843.106143996524	0
0	1827	9874.480897602159	1
0	1829	9877.480897602159	0
0	1836	9936.015865180329	1
0	1837	9939.015865180329	0
0	1839	9941.394279582148	1
0	1842	9944.394279582148	0
0	1846	9966.084496219773	1
0	1847	9968.776173500585	2
0	1848	9969.084496219773	1
0	1854	9975.084496219773	0
0	1858	9989.929645866968	1
0	1859	9992.929645866968	0
0	1861	10017.310151913599	1
0	1862	10020.310151913599	0
0	1885	10080.246881554757	1
0	1886	10083.246881554757	0
0	1891	10122.058474352343	1
0	1893	10125.058474352343	0
0	1908	10198.903317153273	1
0	1909	10201.903317153273	0
0	1914	10229.940922621869	1
0	1915	10232.940922621869	0
0	1924	10275.227125657964	1
0	1925	10278.227125657964	0
0	1928	10306.939585816409	1
0	1929	10309.939585816409	0
0	1953	10383.015297535641	1
0	1954	10386.015297535641	0
0	1969	10449.699879489873	1
0	1971	10452.699879489873	0
0	1972	10453.266318902408	1
0	1974	10456.266318902408	0
0	1976	10459.395255391184	1
0	1978	10462.395255391184	0
0	1981	10464.1714474738	1
0	1982	10467.1714474738	0
0	1994	10519.168171381851	1
0	1996	10522.168171381851	0
0	2007	10562.877549216454	1
0	2010	10565.877549216454	0
0	2026	10658.409453625875	1
0	2027	10661.409453625875	0
0	2030	10666.040132822836	1
0	2033	10669.040132822836	0
0	2036	10709.386881373154	1
0	2037	10712.386881373154	0
0	2040	10740.910383727382	1
0	2041	10743.910383727382	0
0	2060	10873.412878195147	1
0	2062	10876.412878195147	0
0	2083	10987.019241428127	1
0	2084	10990.019241428127	0
0	2100	11077.2197608963	1
0	2102	11080.2197608963	0
0	2123	11195.593111126558	1
0	2125	11198.593111126558	0
0	2142	11352.238339427566	1
0	2143	11355.238339427566	0
0	2154	11442.184041749464	1
0	2156	11445.184041749464	0
0	2165	11492.258270439252	1
0	2167	11495.258270439252	0
0	2182	11587.045010841124	1
0	2183	11590.045010841124	0
0	2196	11660.909232981041	1
0	2197	11663.909232981041	0
0	2201	11698.88365003425	1
0	2202	11700.450565466553	2
0	2203	11701.88365003425	1
0	2204	11706.450565466553	2
0	2205	11707.88365003425	1
0	2207	11710.88365003425	0
0	2226	11836.357043616679	1
0	2229	11839.357043616679	0
0	2241	11903.697889691409	1
0	2243	11906.697889691409	0
0	2250	11937.966840641333	1
0	2254	11940.966840641333	0
0	2262	11955.133187758466	1
0	2263	11958.133187758466	0
0	2264	11958.385706576893	1
0	2266	11961.385706576893	0
0	2289	12049.180539277973	1
0	2292	12052.180539277973	0
0	2301	12078.182054533382	1
0	2302	12081.182054533382	0
0	2303	12084.182054533382	1
0	2304	12087.182054533382	0
0	2305	12090.182054533382	1
0	2306	12093.182054533382	0
0	2312	12126.481595192802	1
0	2314	12129.481595192802	0
0	2315	12141.526872521128	1
0	2317	12144.526872521128	0
0	2345	12327.443793710698	1
0	2347	12330.443793710698	0
0	2350	12337.131011036545	1
0	2352	12340.131011036545	0
0	2366	12421.601020207978	1
0	2367	12424.601020207978	0
0	2369	12433.032159521097	1
0	2371	12436.032159521097	0
0	2373	12442.029325598915	1
0	2375	12445.029325598915	0
0	2385	12477.400608193797	1
0	2386	12480.400608193797	0
0	2402	12550.514644116079	1
0	2403	12553.514644116079	0
0	2414	12601.419548360222	1
0	2416	12604.419548360222	0
0	2449	12830.55272427627	1
0	2450	12833.55272427627	0
0	2452	12888.166059820794	1
0	2453	12891.166059820794	0
0	2463	13009.337698002651	1
0	2464	13012.337698002651	0
0	2476	13118.188675331157	1
0	2478	13121.188675331157	0
0	2513	13364.830191276171	1
0	2514	13367.830191276171	0
0	2521	13454.310894017303	1
0	2522	13457.310894017303	0
0	2527	13473.424600512065	1
0	2528	13476.424600512065	0
0	2531	13504.201975825615	1
0	2532	13507.201975825615	0
0	2550	13629.570066789001	1
0	2551	13632.570066789001	0
0	2552	13651.35342042611	1
0	2553	13654.35342042611	0
0	2557	13674.377925277191	1
0	2558	13677.377925277191	0
0	2578	13794.947670575589	1
0	2579	13797.947670575589	0
0	2605	14075.68037690843	1
0	2606	14078.68037690843	0
0	2614	14169.608967980276	1
0	2615	14172.608967980276	0
0	2620	14200.300772032808	1
0	2622	14203.300772032808	0
0	2641	14309.402366423792	1
0	2642	14312.402366423792	0
0	2651	14359.771483457612	1
0	2652	14360.341408062467	2
0	2653	14362.771483457612	1
0	2654	14368.771483457612	0
0	2655	14370.698333028427	1
0	2656	14373.698333028427	0
0	2674	14449.926405168505	1
0	2675	14452.926405168505	0
0	2716	14579.679609144833	1
0	2719	14582.679609144833	0
0	2758	14769.854704047389	1
0	2760	14772.854704047389	0
0	2764	14800.928568845322	1
0	2765	14803.928568845322	0
0	2812	15195.19697580484	1
0	2813	15198.19697580484	0
0	2817	15224.368010569647	1
0	2818	15227.368010569647	0
0	2821	15250.787512217096	1
0	2822	15251.908255999748	2
0	2823	15253.787512217096	1
0	2824	15259.787512217096	0
0	2843	15394.482167822799	1
0	2845	15397.482167822799	0
0	2857	15489.222046681958	1
0	2858	15492.222046681958	0
0	2867	15524.7898360516	1
0	2868	15527.7898360516	0
0	2869	15541.499210456829	1
0	2871	15544.499210456829	0
0	2876	15589.101270711598	1
0	2877	15592.101270711598	0
0	2882	15615.58874452449	1
0	2883	15618.58874452449	0
0	2886	15623.837310306572	1
0	2887	15626.837310306572	0
0	2893	15654.028696922309	1
0	2894	15657.028696922309	0
0	2916	15789.236199665087	1
0	2917	15792.236199665087	0
0	2943	15974.929958536636	1
0	2944	15977.929958536636	0
0	2945	15980.532404277234	1
0	2946	15981.756753278042	2
0	2947	15983.532404277234	1
0	2950	15989.532404277234	0
0	2957	16025.365705806917	1
0	2958	16028.365705806917	0
0	2959	16030.996154117419	1
0	2960	16033.996154117419	0
0	2988	16151.140738453587	1
0	2989	16152.833334334432	2
0	2990	16154.140738453587	1
0	2991	16160.140738453587	0
0	2998	16221.384639455559	1
0	2999	16223.471086717447	2
0	3001	16224.384639455559	1
0	3004	16230.384639455559	0
0	3007	16240.312411681533	1
0	3008	16243.312411681533	0
0	3038	16429.980306792639	1
0	3039	16432.980306792639	0
0	3047	16513.113159186715	1
0	3049	16516.113159186715	0
0	3052	16548.268677099631	1
0	3053	16551.268677099631	0
0	3056	16612.36708429696	1
0	3057	16615.36708429696	0
0	3068	16757.893340425086	1
0	3069	16760.893340425086	0
0	3110	17077.157059138937	1
0	3111	17080.157059138937	0
0	3125	17150.505752841831	1
0	3126	17153.505752841831	0
0	3131	17184.768376423065	1
0	3132	17187.768376423065	0
0	3144	17263.763860814258	1
0	3145	17266.763860814258	0
0	3148	17289.157059138937	1
0	3149	17292.157059138937	0
0	3154	17338.608031548311	1
0	3156	17341.608031548311	0
0	3157	17345.266935530053	1
0	3158	17348.266935530053	0
0	3159	17350.704228691919	1
0	3160	17353.704228691919	0
0	3166	17423.30444426861	1
0	3167	17426.30444426861	0
0	3187	17527.290885080704	1
0	3189	17530.290885080704	0
0	3190	17531.107071167607	1
0	3191	17534.107071167607	0
0	3199	17572.754618197159	1
0	3200	17575.754618197159	0
0	3203	17600.660930737461	1
0	3204	17603.660930737461	0
0	3217	17684.610552636878	1
0	3218	17687.610552636878	0
0	3233	17835.374504741034	1
0	3234	17838.374504741034	0
0	3248	17999.52201792538	1
0	3249	18002.52201792538	0
0	3250	18036.729988527705	1
0	3251	18039.729988527705	0
0	3257	18089.960653990089	1
0	3258	18092.960653990089	0
0	3264	18169.457671055064	1
0	3265	18172.457671055064	0
0	3275	18257.414767226737	1
0	3276	18260.414767226737	0
0	3283	18311.494249878356	1
0	3284	18314.494249878356	0
0	3306	18429.613481607449	1
0	3308	18432.613481607449	0
0	3316	18454.249021284169	1
0	3317	18455.631438461177	2
0	3318	18457.249021284169	1
0	3319	18463.249021284169	0
0	3320	18467.87655234011	1
0	3321	18470.87655234011	0
0	3325	18513.525614565243	1
0	3326	18516.525614565243	0
0	3340	18552.404632404875	1
0	3341	18555.404632404875	0
0	3382	18721.91748823213	1
0	3384	18724.91748823213	0
0	3388	18747.142081315117	1
0	3389	18750.142081315117	0
0	3403	18788.675140400999	1
0	3404	18791.675140400999	0
0	3407	18802.4713221161	1
0	3408	18805.4713221161	0
0	3412	18838.522479602175	1
0	3413	18841.522479602175	0
0	3427	18881.760047056575	1
0	3428	18884.760047056575	0
0	3444	18955.868619256423	1
0	3446	18957.722340506236	2
0	3447	18958.868619256423	1
0	3449	18964.868619256423	0
0	3458	19006.413724297306	1
0	3459	19006.881913775538	2
0	3461	19009.413724297306	1
0	3462	19012.413724297306	0
0	3507	19243.022094961746	1
0	3508	19246.022094961746	0
0	3515	19278.036383294679	1
0	3516	19281.036383294679	0
0	3524	19348.830911764051	1
0	3526	19351.830911764051	0
0	3533	19386.356492486779	1
0	3534	19389.356492486779	0
0	3554	19522.62097775303	1
0	3556	19525.62097775303	0
0	3564	19607.661420494885	1
0	3565	19610.661420494885	0
0	3566	19612.653157638748	1
0	3567	19615.653157638748	0
0	3585	19730.795706654266	1
0	3586	19733.795706654266	0
0	3589	19746.107780923296	1
0	3591	19749.107780923296	0
0	3593	19757.274073690466	1
0	3594	19760.274073690466	0
1	227	1199.302948242774	3
1	235	1224.894579463152	3
1	237	1248.65146730165	3
1	242	1276.539243585328	3
1	246	1290.613816524162	3
1	254	1308.500512585398	3
1	266	1390.198147435068	3
1	278	1417.716909262061	3
1	285	1475.541713997366	3
1	316	1661.179692201696	3
1	318	1680.928853012691	3
1	326	1745.10609773948	3
1	356	1967.536723176116	3
1	390	2180.717288407553	3
1	394	2190.766737320337	3
1	403	2255.871847488339	3
1	407	2267.206582080461	3
1	412	2280.628268220218	3
1	416	2290.520100549898	3
1	428	2331.168113464394	3
1	433	2365.305195415054	3
1	439	2380.734365683014	3
1	449	2402.766737320337	3
1	453	2407.907984998103	3
1	456	2431.648116434361	3
1	468	2497.877174112155	3
1	470	2502.45058040203	3
1	480	2554.431507696808	3
1	483	2595.160708879085	3
1	518	2818.861133115627	3
1	528	2873.471792368511	3
1	552	2997.275415063753	3
1	559	3032.27788292441	3
1	561	3044.337851294485	3
1	569	3083.889962700273	3
1	579	3103.969179354042	3
1	595	3193.935969368124	3
1	604	3215.758079061573	3
1	638	3497.964318967451	3
1	662	3622.83230923461	3
1	667	3656.832140328574	3
1	669	3660.212833083806	3
1	692	3773.588599849324	3
1	704	3854.456053251197	3
1	720	3942.749720719079	3
1	736	4016.079510264727	3
1	738	4022.784854260286	3
1	754	4105.187257319282	3
1	770	4185.374320397436	3
1	787	4257.872022634799	3
1	794	4281.331365488466	3
1	805	4325.855398649214	3
1	815	4366.014741793682	3
1	864	4607.717774071703	3
1	873	4698.214155974177	3
1	882	4800.890382951057	3
1	888	4847.865072790905	3
1	892	4923.436304949783	3
1	900	5000.873387291675	3
1	908	5058.168259989257	3
1	929	5170.703367213047	3
1	980	5443.21517607391	3
1	995	5529.478631978366	3
1	1000	5562.857211676223	3
1	1005	5594.171227579159	3
1	1008	5610.750353024132	3
1	1028	5746.978924223242	3
1	1031	5758.7860614792	3
1	1033	5767.43124651573	3
1	1040	5798.912913560371	3
1	1066	5913.08526111452	3
1	1068	5923.076155600815	3
1	1073	5951.513771525053	3
1	1079	5961.196602125413	3
1	1089	6002.71043262345	3
1	1097	6040.781097431012	3
1	1103	6057.912836640361	3
1	1104	6060.912836640361	4.524641325077
1	1111	6097.500831073538	3
1	1116	6107.918315310496	3
1	1140	6231.420369019456	3
1	1141	6234.420369019456	5.222078439673
1	1151	6300.807809730434	3
1	1163	6356.214347821542	3
1	1170	6422.735438387546	3
1	1177	6437.980203907419	3
1	1188	6518.441910128817	3
1	1199	6550.008956507959	3
1	1248	6788.191662945871	3
1	1265	6885.002031606541	3
1	1281	6978.054447374294	3
1	1294	7063.795148945317	3
1	1307	7155.306673877923	3
1	1316	7190.054447374294	3
1	1323	7244.075584863625	3
1	1328	7258.812672775741	3
1	1333	7283.155990786047	3
1	1344	7357.351327213079	3
1	1347	7364.954532035629	3
1	1360	7475.786665970773	3
1	1387	7732.664052974464	3
1	1390	7740.082759920684	3
1	1398	7784.126244393542	3
1	1399	7790.126244393542	8.028600211336
1	1410	7836.86797997582	3
1	1425	7902.110833735765	3
1	1428	7917.593618005473	3
1	1446	7993.546828122891	3
1	1455	8030.02945040382	3
1	1485	8167.718698162102	3
1	1527	8326.906277474706	3
1	1533	8332.906277474706	3
1	1536	8338.906277474706	6.242902305615
1	1539	8344.906277474706	6
1	1542	8370.270171383786	3
1	1546	8381.034424131329	3
1	1550	8395.880589736508	3
1	1601	8739.100673088367	3
1	1608	8791.399938519818	3
1	1620	8864.250245450426	3
1	1627	8905.408463598369	3
1	1630	8921.691200129455	3
1	1640	8953.864678789973	3
1	1661	9046.123455111706	3
1	1664	9054.348086977399	3
1	1676	9109.857538734256	3
1	1704	9211.740405732175	3
1	1707	9215.213913076456	3
1	1714	9243.191769794148	3
1	1720	9282.694254225645	3
1	1723	9290.241371030698	3
1	1746	9403.144027791206	3
1	1759	9492.910180287256	3
1	1766	9510.457802443752	3
1	1777	9599.955749441295	3
1	1784	9630.908810434375	3
1	1787	9669.982795996941	3
1	1817	9843.106143996524	3
1	1829	9877.480897602159	3
1	1837	9939.015865180329	3
1	1842	9944.394279582148	3
1	1848	9969.084496219773	3
1	1854	9975.084496219773	6.308322719188
1	1859	9992.929645866968	3
1	1862	10020.310151913599	3
1	1886	10083.246881554757	3
1	1893	10125.058474352343	3
1	1909	10201.903317153273	3
1	1915	10232.940922621869	3
1	1925	10278.227125657964	3
1	1929	10309.939585816409	3
1	1954	10386.015297535641	3
1	1971	10452.699879489873	3
1	1974	10456.266318902408	3
1	1978	10462.395255391184	3
1	1982	10467.1714474738	3
1	1996	10522.168171381851	3
1	2010	10565.877549216454	3
1	2027	10661.409453625875	3
1	2033	10669.040132822836	3
1	2037	10712.386881373154	3
1	2041	10743.910383727382	3
1	2062	10876.412878195147	3
1	2084	10990.019241428127	3
1	2102	11080.2197608963	3
1	2125	11198.593111126558	3
1	2143	11355.238339427566	3
1	2156	11445.184041749464	3
1	2167	11495.258270439252	3
1	2183	11590.045010841124	3
1	2197	11663.909232981041	3
1	2203	11701.88365003425	3
1	2205	11707.88365003425	7.433084567697
1	2207	11710.88365003425	4.433084567697
1	2229	11839.357043616679	3
1	2243	11906.697889691409	3
1	2254	11940.966840641333	3
1	2263	11958.133187758466	3
1	2266	11961.385706576893	3
1	2292	12052.180539277973	3
1	2302	12081.182054533382	3
1	2304	12087.182054533382	3
1	2306	12093.182054533382	3
1	2314	12129.481595192802	3
1	2317	12144.526872521128	3
1	2347	12330.443793710698	3
1	2352	12340.131011036545	3
1	2367	12424.601020207978	3
1	2371	12436.032159521097	3
1	2375	12445.029325598915	3
1	2386	12480.400608193797	3
1	2403	12553.514644116079	3
1	2416	12604.419548360222	3
1	2450	12833.55272427627	3
1	2453	12891.166059820794	3
1	2464	13012.337698002651	3
1	2478	13121.188675331157	3
1	2514	13367.830191276171	3
1	2522	13457.310894017303	3
1	2528	13476.424600512065	3
1	2532	13507.201975825615	3
1	2551	13632.570066789001	3
1	2553	13654.35342042611	3
1	2558	13677.377925277191	3
1	2579	13797.947670575589	3
1	2606	14078.68037690843	3
1	2615	14172.608967980276	3
1	2622	14203.300772032808	3
1	2642	14312.402366423792	3
1	2653	14362.771483457612	3
1	2654	14368.771483457612	8.430075395145
1	2656	14373.698333028427	3
1	2675	14452.926405168505	3
1	2719	14582.679609144833	3
1	2760	14772.854704047389	3
1	2765	14803.928568845322	3
1	2813	15198.19697580484	3
1	2818	15227.368010569647	3
1	2823	15253.787512217096	3
1	2824	15259.787512217096	7.879256217348
1	2845	15397.482167822799	3
1	2858	15492.222046681958	3
1	2868	15527.7898360516	3
1	2871	15544.499210456829	3
1	2877	15592.101270711598	3
1	2883	15618.58874452449	3
1	2887	15626.837310306572	3
1	2894	15657.028696922309	3
1	2917	15792.236199665087	3
1	2944	15977.929958536636	3
1	2947	15983.532404277234	3
1	2950	15989.532404277234	7.775650999192
1	2958	16028.365705806917	3
1	2960	16033.996154117419	3
1	2990	16154.140738453587	3
1	2991	16160.140738453587	7.307404119155
1	3001	16224.384639455559	3
1	3004	16230.384639455559	6.913552738112
1	3008	16243.312411681533	3
1	3039	16432.980306792639	3
1	3049	16516.113159186715	3
1	3053	16551.268677099631	3
1	3057	16615.36708429696	3
1	3069	16760.893340425086	3
1	3111	17080.157059138937	3
1	3126	17153.505752841831	3
1	3132	17187.768376423065	3
1	3145	17266.763860814258	3
1	3149	17292.157059138937	3
1	3156	17341.608031548311	3
1	3158	17348.266935530053	3
1	3160	17353.704228691919	3
1	3167	17426.30444426861	3
1	3189	17530.290885080704	3
1	3191	17534.107071167607	3
1	3200	17575.754618197159	3
1	3204	17603.660930737461	3
1	3218	17687.610552636878	3
1	3234	17838.374504741034	3
1	3249	18002.52201792538	3
1	3251	18039.729988527705	3
1	3258	18092.960653990089	3
1	3265	18172.457671055064	3
1	3276	18260.414767226737	3
1	3284	18314.494249878356	3
1	3308	18432.613481607449	3
1	3318	18457.249021284169	3
1	3319	18463.249021284169	7.617582822992
1	3321	18470.87655234011	3
1	3326	18516.525614565243	3
1	3341	18555.404632404875	3
1	3384	18724.91748823213	3
1	3389	18750.142081315117	3
1	3404	18791.675140400999	3
1	3408	18805.4713221161	3
1	3413	18841.522479602175	3
1	3428	18884.760047056575	3
1	3447	18958.868619256423	3
1	3449	18964.868619256423	7.146278750187
1	3461	19009.413724297306	3
1	3462	19012.413724297306	5.531810521768
1	3508	19246.022094961746	3
1	3516	19281.036383294679	3
1	3526	19351.830911764051	3
1	3534	19389.356492486779	3
1	3556	19525.62097775303	3
1	3565	19610.661420494885	3
1	3567	19615.653157638748	3
1	3586	19733.795706654266	3
1	3591	19749.107780923296	3
1	3594	19760.274073690466	3
2	227	1199.302948242774	15765
2	235	1224.894579463152	15771
2	237	1248.65146730165	15766
2	242	1276.539243585328	15767
2	246	1290.613816524162	15764
2	254	1308.500512585398	15775
2	266	1390.198147435068	15773
2	278	1417.716909262061	15770
2	285	1475.541713997366	15772
2	316	1661.179692201696	15784
2	318	1680.928853012691	15781
2	326	1745.10609773948	15785
2	356	1967.536723176116	15788
2	390	2180.717288407553	15797
2	394	2190.766737320337	15799
2	403	2255.871847488339	15800
2	407	2267.206582080461	15794
2	412	2280.628268220218	15796
2	416	2290.520100549898	15798
2	428	2331.168113464394	15803
2	433	2365.305195415054	15804
2	439	2380.734365683014	15795
2	449	2402.766737320337	15801
2	453	2407.907984998103	15802
2	456	2431.648116434361	15808
2	468	2497.877174112155	15810
2	470	2502.45058040203	15806
2	480	2554.431507696808	15811
2	483	2595.160708879085	15809
2	518	2818.861133115627	15812
2	528	2873.471792368511	15815
2	552	2997.275415063753	15819
2	559	3032.27788292441	15817
2	561	3044.337851294485	15823
2	569	3083.889962700273	15825
2	579	3103.969179354042	15827
2	595	3193.935969368124	15829
2	604	3215.758079061573	15828
2	638	3497.964318967451	15832
2	662	3622.83230923461	15833
2	667	3656.832140328574	15836
2	669	3660.212833083806	15840
2	692	3773.588599849324	15841
2	704	3854.456053251197	15839
2	720	3942.749720719079	15847
2	736	4016.079510264727	15845
2	738	4022.784854260286	15846
2	754	4105.187257319282	15852
2	770	4185.374320397436	15853
2	787	4257.872022634799	15855
2	794	4281.331365488466	15856
2	805	4325.855398649214	15863
2	815	4366.014741793682	15865
2	864	4607.717774071703	15871
2	873	4698.214155974177	15869
2	882	4800.890382951057	15872
2	888	4847.865072790905	15874
2	892	4923.436304949783	15875
2	900	5000.873387291675	15876
2	908	5058.168259989257	15877
2	929	5170.703367213047	15878
2	980	5443.21517607391	15883
2	995	5529.478631978366	15890
2	1000	5562.857211676223	15891
2	1005	5594.171227579159	15893
2	1008	5610.750353024132	15894
2	1028	5746.978924223242	15898
2	1031	5758.7860614792	15895
2	1033	5767.43124651573	15899
2	1040	5798.912913560371	15900
2	1066	5913.08526111452	15897
2	1068	5923.076155600815	15904
2	1073	5951.513771525053	15906
2	1079	5961.196602125413	15901
2	1089	6002.71043262345	15903
2	1097	6040.781097431012	15905
2	1103	6057.912836640361	15910
2	1104	6060.912836640361	15911
2	1111	6097.500831073538	15902
2	1116	6107.918315310496	15909
2	1140	6231.420369019456	15914
2	1141	6234.420369019456	15915
2	1151	6300.807809730434	15912
2	1163	6356.214347821542	15916
2	1170	6422.735438387546	15918
2	1177	6437.980203907419	15920
2	1188	6518.441910128817	15923
2	1199	6550.008956507959	15924
2	1248	6788.191662945871	15926
2	1265	6885.002031606541	15933
2	1281	6978.054447374294	15937
2	1294	7063.795148945317	15940
2	1307	7155.306673877923	15939
2	1316	7190.054447374294	15938
2	1323	7244.075584863625	15941
2	1328	7258.812672775741	15942
2	1333	7283.155990786047	15947
2	1344	7357.351327213079	15946
2	1347	7364.954532035629	15943
2	1360	7475.786665970773	15950
2	1387	7732.664052974464	15955
2	1390	7740.082759920684	15956
2	1398	7784.126244393542	15958
2	1399	7790.126244393542	15959
2	1410	7836.86797997582	15952
2	1425	7902.110833735765	15960
2	1428	7917.593618005473	15963
2	1446	7993.546828122891	15965
2	1455	8030.02945040382	15966
2	1485	8167.718698162102	15967
2	1527	8326.906277474706	15974
2	1533	8332.906277474706	15975
2	1536	8338.906277474706	15977
2	1539	8344.906277474706	15970
2	1542	8370.270171383786	15971
2	1546	8381.034424131329	15979
2	1550	8395.880589736508	15984
2	1601	8739.100673088367	15989
2	1608	8791.399938519818	15991
2	1620	8864.250245450426	15990
2	1627	8905.408463598369	15992
2	1630	8921.691200129455	15994
2	1640	8953.864678789973	15997
2	1661	9046.123455111706	15996
2	1664	9054.348086977399	16002
2	1676	9109.857538734256	15999
2	1704	9211.740405732175	16008
2	1707	9215.213913076456	16009
2	1714	9243.191769794148	16005
2	1720	9282.694254225645	16010
2	1723	9290.241371030698	16007
2	1746	9403.144027791206	16013
2	1759	9492.910180287256	16012
2	1766	9510.457802443752	16017
2	1777	9599.955749441295	16016
2	1784	9630.908810434375	16014
2	1787	9669.982795996941	16019
2	1817	9843.106143996524	16024
2	1829	9877.480897602159	16020
2	1837	9939.015865180329	16023
2	1842	9944.394279582148	16029
2	1848	9969.084496219773	16031
2	1854	9975.084496219773	16025
2	1859	9992.929645866968	16028
2	1862	10020.310151913599	16021
2	1886	10083.246881554757	16032
2	1893	10125.058474352343	16037
2	1909	10201.903317153273	16036
2	1915	10232.940922621869	16038
2	1925	10278.227125657964	16035
2	1929	10309.939585816409	16041
2	1954	10386.015297535641	16046
2	1971	10452.699879489873	16039
2	1974	10456.266318902408	16044
2	1978	10462.395255391184	16051
2	1982	10467.1714474738	16045
2	1996	10522.168171381851	16048
2	2010	10565.877549216454	16055
2	2027	10661.409453625875	16049
2	2033	10669.040132822836	16056
2	2037	10712.386881373154	16053
2	2041	10743.910383727382	16057
2	2062	10876.412878195147	16059
2	2084	10990.019241428127	16067
2	2102	11080.2197608963	16066
2	2125	11198.593111126558	16071
2	2143	11355.238339427566	16072
2	2156	11445.184041749464	16073
2	2167	11495.258270439252	16076
2	2183	11590.045010841124	16082
2	2197	11663.909232981041	16081
2	2203	11701.88365003425	16085
2	2205	11707.88365003425	16083
2	2207	11710.88365003425	16079
2	2229	11839.357043616679	16089
2	2243	11906.697889691409	16091
2	2254	11940.966840641333	16093
2	2263	11958.133187758466	16097
2	2266	11961.385706576893	16098
2	2292	12052.180539277973	16095
2	2302	12081.182054533382	16100
2	2304	12087.182054533382	16101
2	2306	12093.182054533382	16090
2	2314	12129.481595192802	16103
2	2317	12144.526872521128	16092
2	2347	12330.443793710698	16106
2	2352	12340.131011036545	16109
2	2367	12424.601020207978	16114
2	2371	12436.032159521097	16108
2	2375	12445.029325598915	16110
2	2386	12480.400608193797	16117
2	2403	12553.514644116079	16115
2	2416	12604.419548360222	16121
2	2450	12833.55272427627	16124
2	2453	12891.166059820794	16125
2	2464	13012.337698002651	16126
2	2478	13121.188675331157	16127
2	2514	13367.830191276171	16135
2	2522	13457.310894017303	16134
2	2528	13476.424600512065	16136
2	2532	13507.201975825615	16138
2	2551	13632.570066789001	16142
2	2553	13654.35342042611	16139
2	2558	13677.377925277191	16141
2	2579	13797.947670575589	16145
2	2606	14078.68037690843	16147
2	2615	14172.608967980276	16146
2	2622	14203.300772032808	16150
2	2642	14312.402366423792	16154
2	2653	14362.771483457612	16151
2	2654	14368.771483457612	16158
2	2656	14373.698333028427	16152
2	2675	14452.926405168505	16160
2	2719	14582.679609144833	16162
2	2760	14772.854704047389	16168
2	2765	14803.928568845322	16173
2	2813	15198.19697580484	16178
2	2818	15227.368010569647	16180
2	2823	15253.787512217096	16182
2	2824	15259.787512217096	16183
2	2845	15397.482167822799	16187
2	2858	15492.222046681958	16190
2	2868	15527.7898360516	16185
2	2871	15544.499210456829	16193
2	2877	15592.101270711598	16189
2	2883	15618.58874452449	16191
2	2887	15626.837310306572	16195
2	2894	15657.028696922309	16194
2	2917	15792.236199665087	16199
2	2944	15977.929958536636	16202
2	2947	15983.532404277234	16203
2	2950	15989.532404277234	16198
2	2958	16028.365705806917	16205
2	2960	16033.996154117419	16206
2	2990	16154.140738453587	16207
2	2991	16160.140738453587	16212
2	3001	16224.384639455559	16213
2	3004	16230.384639455559	16209
2	3008	16243.312411681533	16211
2	3039	16432.980306792639	16217
2	3049	16516.113159186715	16219
2	3053	16551.268677099631	16220
2	3057	16615.36708429696	16222
2	3069	16760.893340425086	16221
2	3111	17080.157059138937	16232
2	3126	17153.505752841831	16231
2	3132	17187.768376423065	16233
2	3145	17266.763860814258	16238
2	3149	17292.157059138937	16235
2	3156	17341.608031548311	16236
2	3158	17348.266935530053	16237
2	3160	17353.704228691919	16240
2	3167	17426.30444426861	16241
2	3189	17530.290885080704	16244
2	3191	17534.107071167607	16239
2	3200	17575.754618197159	16247
2	3204	17603.660930737461	16248
2	3218	17687.610552636878	16243
2	3234	17838.374504741034	16250
2	3249	18002.52201792538	16251
2	3251	18039.729988527705	16252
2	3258	18092.960653990089	16254
2	3265	18172.457671055064	16255
2	3276	18260.414767226737	16256
2	3284	18314.494249878356	16258
2	3308	18432.613481607449	16259
2	3318	18457.249021284169	16261
2	3319	18463.249021284169	16266
2	3321	18470.87655234011	16267
2	3326	18516.525614565243	16262
2	3341	18555.404632404875	16270
2	3384	18724.91748823213	16277
2	3389	18750.142081315117	16273
2	3404	18791.675140400999	16281
2	3408	18805.4713221161	16275
2	3413	18841.522479602175	16272
2	3428	18884.760047056575	16280
2	3447	18958.868619256423	16287
2	3449	18964.868619256423	16282
2	3461	19009.413724297306	16288
2	3462	19012.413724297306	16289
2	3508	19246.022094961746	16293
2	3516	19281.036383294679	16294
2	3526	19351.830911764051	16297
2	3534	19389.356492486779	16296
2	3556	19525.62097775303	16300
2	3565	19610.661420494885	16305
2	3567	19615.653157638748	16302
2	3586	19733.795706654266	16303
2	3591	19749.107780923296	16306
2	3594	19760.274073690466	16309
3	197	1066.862600280358	1
3	199	1069.862600280358	0
3	205	1093.302948242774	1
3	207	1096.302948242774	0
3	209	1119.71233415736	1
3	211	1122.71233415736	0
3	212	1142.65146730165	1
3	213	1145.65146730165	0
3	218	1173.167909299048	1
3	220	1176.167909299048	0
3	222	1184.613816524162	1
3	223	1187.613816524162	0
3	224	1194.961000744472	1
3	226	1197.961000744472	0
3	255	1311.716909262061	1
3	256	1314.716909262061	0
3	262	1369.541713997366	1
3	263	1372.541713997366	0
3	279	1424.035185477532	1
3	281	1427.035185477532	0
3	302	1574.928853012691	1
3	304	1577.928853012691	0
3	321	1716.872665044571	1
3	323	1719.872665044571	0
3	327	1761.179692201696	1
3	329	1764.179692201696	0
3	340	1861.536723176116	1
3	342	1864.536723176116	0
3	361	2000.974280658933	1
3	362	2003.974280658933	0
3	386	2174.628268220218	1
3	388	2177.628268220218	0
3	391	2184.520100549898	1
3	392	2187.520100549898	0
3	397	2201.973354289147	1
3	398	2204.973354289147	0
3	402	2253.784362995126	1
3	404	2256.784362995126	0
3	409	2274.734365683014	1
3	411	2277.734365683014	0
3	413	2280.717288407553	1
3	414	2283.717288407553	0
3	417	2290.766737320337	1
3	418	2293.01414403761	2
3	419	2293.766737320337	1
3	421	2299.766737320337	0
3	422	2301.907984998103	1
3	424	2304.907984998103	0
3	435	2370.285386278838	1
3	436	2373.285386278838	0
3	446	2396.45058040203	1
3	447	2399.45058040203	0
3	455	2431.168113464394	1
3	457	2434.168113464394	0
3	464	2489.160708879085	1
3	465	2492.160708879085	0
3	473	2507.170087238771	1
3	475	2510.170087238771	0
3	501	2712.861133115627	1
3	502	2715.861133115627	0
3	506	2733.585606109235	1
3	507	2736.585606109235	0
3	511	2767.471792368511	1
3	512	2770.471792368511	0
3	513	2770.852678341522	1
3	514	2773.852678341522	0
3	530	2891.275415063753	1
3	532	2894.275415063753	0
3	536	2926.27788292441	1
3	537	2929.27788292441	0
3	540	2959.789737355841	1
3	541	2962.789737355841	0
3	542	2965.549739386889	1
3	543	2968.549739386889	0
3	549	2992.922356747768	1
3	551	2995.922356747768	0
3	555	3017.799697742784	1
3	556	3020.799697742784	0
3	580	3109.758079061573	1
3	581	3112.758079061573	0
3	589	3183.889962700273	1
3	591	3186.889962700273	0
3	600	3203.969179354042	1
3	602	3206.969179354042	0
3	610	3290.755093538559	1
3	612	3293.755093538559	0
3	613	3293.935969368124	1
3	614	3296.784612481481	2
3	615	3296.935969368124	1
3	616	3302.935969368124	0
3	628	3407.676026691315	1
3	630	3410.676026691315	0
3	640	3510.83230923461	1
3	641	3512.537107134819	2
3	642	3513.83230923461	1
3	645	3519.83230923461	0
3	651	3560.676908445105	1
3	653	3563.676908445105	0
3	659	3619.087139396629	1
3	661	3622.087139396629	0
3	673	3667.588599849324	1
3	674	3670.588599849324	0
3	682	3748.456053251197	1
3	684	3751.456053251197	0
3	697	3827.562519677326	1
3	698	3830.562519677326	0
3	703	3853.274123554133	1
3	705	3856.274123554133	0
3	713	3910.079510264727	1
3	714	3913.079510264727	0
3	721	3945.719380063524	1
3	723	3948.719380063524	0
3	727	3960.767929079877	1
3	728	3963.767929079877	0
3	733	3999.187257319282	1
3	734	4002.187257319282	0
3	749	4079.374320397436	1
3	750	4082.374320397436	0
3	796	4288.811409577358	1
3	797	4291.811409577358	0
3	809	4345.742453466024	1
3	810	4348.742453466024	0
3	825	4403.846608626139	1
3	827	4406.846608626139	0
3	849	4508.46056787382	1
3	850	4511.46056787382	0
3	860	4592.214155974177	1
3	862	4595.214155974177	0
3	870	4694.890382951057	1
3	872	4697.890382951057	0
3	874	4707.717774071703	1
3	875	4710.717774071703	0
3	885	4833.10201686904	1
3	886	4836.10201686904	0
3	922	5156.389434063756	1
3	924	5159.389434063756	0
3	951	5274.501716625306	1
3	952	5277.501716625306	0
3	955	5301.097083516697	1
3	956	5304.097083516697	0
3	959	5337.21517607391	1
3	960	5340.21517607391	0
3	967	5367.239873064542	1
3	969	5370.239873064542	0
3	972	5378.822742552407	1
3	973	5381.822742552407	0
3	982	5456.857211676223	1
3	983	5459.857211676223	0
3	984	5460.324801124397	1
3	985	5463.324801124397	0
3	1013	5652.7860614792	1
3	1014	5655.7860614792	0
3	1034	5776.978425506832	1
3	1035	5779.978425506832	0
3	1041	5807.08526111452	1
3	1042	5810.08526111452	0
3	1046	5846.978924223242	1
3	1048	5849.978924223242	0
3	1050	5855.196602125413	1
3	1051	5858.196602125413	0
3	1054	5867.43124651573	1
3	1055	5870.43124651573	0
3	1060	5896.71043262345	1
3	1061	5898.912913560371	2
3	1062	5899.71043262345	1
3	1064	5905.71043262345	0
3	1069	5934.781097431012	1
3	1070	5937.781097431012	0
3	1083	5991.500831073538	1
3	1086	5994.500831073538	0
3	1088	6001.918315310496	1
3	1090	6004.918315310496	0
3	1093	6023.076155600815	1
3	1094	6026.076155600815	0
3	1098	6051.513771525053	1
3	1099	6054.513771525053	0
3	1125	6157.912836640361	1
3	1126	6160.912836640361	2
3	1127	6160.912836640361	1
3	1128	6163.912836640361	0
3	1131	6194.807809730434	1
3	1133	6197.807809730434	0
3	1134	6200.807809730434	1
3	1135	6203.807809730434	0
3	1142	6243.282995527868	1
3	1143	6246.282995527868	0
3	1155	6331.420369019456	1
3	1157	6334.420369019456	0
3	1176	6437.452354551516	1
3	1178	6440.452354551516	0
3	1214	6633.679899090791	1
3	1215	6636.679899090791	0
3	1225	6682.191662945871	1
3	1227	6685.191662945871	0
3	1234	6718.639486728918	1
3	1235	6721.488995854526	2
3	1236	6721.639486728918	1
3	1237	6724.639486728918	0
3	1250	6798.806482470959	1
3	1252	6801.806482470959	0
3	1259	6832.195815238326	1
3	1260	6835.195815238326	0
3	1285	6998.807458619079	1
3	1286	7001.807458619079	0
3	1295	7078.054447374294	1
3	1296	7078.193555842677	2
3	1297	7081.054447374294	1
3	1298	7087.054447374294	0
3	1311	7163.795148945317	1
3	1312	7166.795148945317	0
3	1319	7234.173179883108	1
3	1320	7237.173179883108	0
3	1324	7251.351327213079	1
3	1325	7254.351327213079	0
3	1329	7258.954532035629	1
3	1330	7261.954532035629	0
3	1340	7343.661420495107	1
3	1342	7346.661420495107	0
3	1353	7439.147215924152	1
3	1355	7442.147215924152	0
3	1362	7497.222330921362	1
3	1363	7500.222330921362	0
3	1375	7646.584111784969	1
3	1376	7649.584111784969	0
3	1385	7730.86797997582	1
3	1388	7733.86797997582	0
3	1400	7796.110833735765	1
3	1401	7799.110833735765	0
3	1411	7840.082759920684	1
3	1412	7840.258881003715	2
3	1413	7843.082759920684	1
3	1415	7849.082759920684	0
3	1419	7884.126244393542	1
3	1420	7887.126244393542	0
3	1431	7935.637823830604	1
3	1434	7938.637823830604	0
3	1449	8018.711457344459	1
3	1451	8021.711457344459	0
3	1460	8061.718698162102	1
3	1462	8064.718698162102	0
3	1465	8093.546828122891	1
3	1466	8096.546828122891	0
3	1477	8130.02945040382	1
3	1479	8133.02945040382	0
3	1484	8167.200410250693	1
3	1486	8170.200410250693	0
3	1494	8220.906277474706	1
3	1495	8221.074955804897	2
3	1497	8223.906277474706	1
3	1499	8227.825513957587	2
3	1502	8229.906277474706	1
3	1503	8230.461797736034	2
3	1506	8232.906277474706	1
3	1508	8237.42870675834	2
3	1509	8238.906277474706	1
3	1510	8244.906277474706	0
3	1511	8264.270171383786	1
3	1512	8267.270171383786	0
3	1543	8375.398795453454	1
3	1545	8378.398795453454	0
3	1552	8417.665531817397	1
3	1553	8420.665531817397	0
3	1576	8528.549488784514	1
3	1578	8531.549488784514	0
3	1609	8799.408463598369	1
3	1610	8802.408463598369	0
3	1633	8933.038147026527	1
3	1634	8936.038147026527	0
3	1635	8940.123455111706	1
3	1637	8943.123455111706	0
3	1685	9137.191769794148	1
3	1687	9140.191769794148	0
3	1693	9178.241371030698	1
3	1694	9179.446093562197	2
3	1696	9181.241371030698	1
3	1697	9187.241371030698	0
3	1709	9233.691200129455	1
3	1712	9236.691200129455	0
3	1726	9311.740405732175	1
3	1728	9314.740405732175	0
3	1761	9493.955749441295	1
3	1762	9496.955749441295	0
3	1763	9503.144027791206	1
3	1764	9506.144027791206	0
3	1769	9524.908810434375	1
3	1770	9527.908810434375	0
3	1794	9721.757844022195	1
3	1795	9724.757844022195	0
3	1802	9769.982795996941	1
3	1804	9772.982795996941	0
3	1819	9865.776173500585	1
3	1822	9868.776173500585	0
3	1830	9886.929645866968	1
3	1831	9889.929645866968	0
3	1832	9914.310151913599	1
3	1833	9917.310151913599	0
3	1840	9943.106143996524	1
3	1843	9946.106143996524	0
3	1850	9969.320940964213	1
3	1852	9972.320940964213	0
3	1855	9977.246881554757	1
3	1857	9980.246881554757	0
3	1863	10021.376629444024	1
3	1865	10024.376629444024	0
3	1870	10044.394279582148	1
3	1872	10047.334243079554	2
3	1873	10047.394279582148	1
3	1876	10053.394279582148	0
3	1894	10126.940922621869	1
3	1895	10129.940922621869	0
3	1904	10172.227125657964	1
3	1905	10175.227125657964	0
3	1932	10321.318840585772	1
3	1933	10324.318840585772	0
3	1940	10346.699879489873	1
3	1941	10349.699879489873	0
3	1947	10361.1714474738	1
3	1948	10364.1714474738	0
3	1960	10416.168171381851	1
3	1962	10419.168171381851	0
3	1975	10458.309503532521	1
3	1977	10461.309503532521	0
3	1990	10507.112478500372	1
3	1991	10510.112478500372	0
3	1999	10544.940922621869	1
3	2000	10547.940922621869	0
3	2002	10555.409453625875	1
3	2004	10558.409453625875	0
3	2008	10563.040132822836	1
3	2011	10566.040132822836	0
3	2017	10606.386881373154	1
3	2018	10609.386881373154	0
3	2023	10637.910383727382	1
3	2024	10640.910383727382	0
3	2029	10665.877549216454	1
3	2032	10668.877549216454	0
3	2065	10900.491701370773	1
3	2066	10903.491701370773	0
3	2068	10929.368569990843	1
3	2069	10930.301190780691	2
3	2070	10932.368569990843	1
3	2072	10935.368569990843	0
3	2077	10963.165494820396	1
3	2078	10966.165494820396	0
3	2079	10974.2197608963	1
3	2081	10977.2197608963	0
3	2104	11090.019241428127	1
3	2105	11093.019241428127	0
3	2108	11096.300702538818	1
3	2110	11099.300702538818	0
3	2137	11339.184041749464	1
3	2139	11342.184041749464	0
3	2153	11440.463595975785	1
3	2155	11443.463595975785	0
3	2178	11557.909232981041	1
3	2179	11560.909232981041	0
3	2185	11597.450565466553	1
3	2186	11598.005358007583	2
3	2188	11600.450565466553	1
3	2190	11606.450565466553	0
3	2191	11607.27283637619	1
3	2192	11610.27283637619	0
3	2224	11833.924920085751	1
3	2227	11836.924920085751	0
3	2257	11946.180539277973	1
3	2258	11948.495381239858	2
3	2259	11949.180539277973	1
3	2261	11952.180539277973	0
3	2269	11975.182054533382	1
3	2270	11975.882653217613	2
3	2271	11978.182054533382	1
3	2272	11981.482611522859	2
3	2273	11984.182054533382	1
3	2274	11990.182054533382	0
3	2280	12023.481595192802	1
3	2282	12026.481595192802	0
3	2283	12038.526872521128	1
3	2285	12041.526872521128	0
3	2290	12050.526872521128	1
3	2293	12053.526872521128	0
3	2296	12061.385706576893	1
3	2298	12064.385706576893	0
3	2299	12072.932340529481	1
3	2300	12075.932340529481	0
3	2308	12110.970237865712	1
3	2309	12113.970237865712	0
3	2329	12224.443793710698	1
3	2330	12227.443793710698	0
3	2341	12281.901076324716	1
3	2342	12284.901076324716	0
3	2377	12447.514644116079	1
3	2378	12450.514644116079	0
3	2379	12461.52858093006	1
3	2380	12464.52858093006	0
3	2382	12467.52858093006	1
3	2384	12470.52858093006	0
3	2389	12497.301181450326	1
3	2390	12500.301181450326	0
3	2436	12727.55272427627	1
3	2437	12730.55272427627	0
3	2438	12753.159002203375	1
3	2439	12756.159002203375	0
3	2441	12785.166059820794	1
3	2442	12788.166059820794	0
3	2443	12793.185593101719	1
3	2444	12796.185593101719	0
3	2445	12799.525999600713	1
3	2446	12802.525999600713	0
3	2465	13015.188675331157	1
3	2466	13018.188675331157	0
3	2471	13082.207111620191	1
3	2472	13085.207111620191	0
3	2477	13121.114626725572	1
3	2480	13124.114626725572	0
3	2495	13227.15795559939	1
3	2496	13230.15795559939	0
3	2498	13250.677972132847	1
3	2500	13253.677972132847	0
3	2508	13333.114626725572	1
3	2509	13336.114626725572	0
3	2510	13351.310894017303	1
3	2512	13354.310894017303	0
3	2524	13467.830191276171	1
3	2525	13470.830191276171	0
3	2534	13548.35342042611	1
3	2535	13551.35342042611	0
3	2541	13571.377925277191	1
3	2542	13574.377925277191	0
3	2546	13587.861494657433	1
3	2547	13590.861494657433	0
3	2548	13607.201975825615	1
3	2549	13610.201975825615	0
3	2562	13687.335754157702	1
3	2563	13690.335754157702	0
3	2595	13972.68037690843	1
3	2596	13975.68037690843	0
3	2603	14066.608967980276	1
3	2604	14069.608967980276	0
3	2607	14088.653979298215	1
3	2608	14091.653979298215	0
3	2621	14202.084563767438	1
3	2623	14205.084563767438	0
3	2628	14256.771483457612	1
3	2629	14259.771483457612	0
3	2631	14267.698333028427	1
3	2632	14270.698333028427	0
3	2638	14303.300772032808	1
3	2640	14306.300772032808	0
3	2645	14321.186114916674	1
3	2646	14324.186114916674	0
3	2663	14388.647475754934	1
3	2664	14391.647475754934	0
3	2684	14476.679609144833	1
3	2687	14479.173464644653	2
3	2688	14479.679609144833	1
3	2690	14482.679609144833	0
3	2698	14521.159396513148	1
3	2700	14524.159396513148	0
3	2708	14562.689585562016	1
3	2711	14565.689585562016	0
3	2717	14581.440058602944	1
3	2720	14584.440058602944	0
3	2723	14591.44414379946	1
3	2725	14594.44414379946	0
3	2729	14621.581590342837	1
3	2731	14624.581590342837	0
3	2732	14628.250159363484	1
3	2733	14631.250159363484	0
3	2739	14666.854704047389	1
3	2740	14669.854704047389	0
3	2749	14697.928568845322	1
3	2750	14700.928568845322	0
3	2756	14764.616038655717	1
3	2757	14767.616038655717	0
3	2762	14795.344218507991	1
3	2763	14798.344218507991	0
3	2776	14905.307729517802	1
3	2778	14908.307729517802	0
3	2792	15079.414348175477	1
3	2793	15082.414348175477	0
3	2796	15100.894880355056	1
3	2797	15103.894880355056	0
3	2802	15121.368010569647	1
3	2803	15124.368010569647	0
3	2848	15421.7898360516	1
3	2849	15424.7898360516	0
3	2853	15469.247029652323	1
3	2854	15472.247029652323	0
3	2855	15486.101270711598	1
3	2856	15489.101270711598	0
3	2860	15497.482167822799	1
3	2861	15500.482167822799	0
3	2862	15512.58874452449	1
3	2863	15515.58874452449	0
3	2864	15515.618192783272	1
3	2865	15518.618192783272	0
3	2920	15801.955562126144	1
3	2921	15804.955562126144	0
3	2925	15848.371998342733	1
3	2926	15851.371998342733	0
3	2928	15878.756753278042	1
3	2930	15881.756753278042	0
3	2970	16085.477603680823	1
3	2972	16088.477603680823	0
3	2975	16120.471086717447	1
3	2979	16123.471086717447	0
3	2985	16137.312411681533	1
3	2987	16140.312411681533	0
3	3010	16260.140738453587	1
3	3011	16263.140738453587	0
3	3021	16326.980306792639	1
3	3022	16329.980306792639	0
3	3041	16445.268677099631	1
3	3043	16448.268677099631	0
3	3062	16654.893340425086	1
3	3063	16657.893340425086	0
3	3091	16963.542541266063	1
3	3092	16966.542541266063	0
3	3107	17047.505752841831	1
3	3108	17050.505752841831	0
3	3119	17118.810215281655	1
3	3120	17121.810215281655	0
3	3128	17180.157059138937	1
3	3129	17182.86163484947	2
3	3130	17183.157059138937	1
3	3133	17189.157059138937	0
3	3138	17235.608031548311	1
3	3139	17238.608031548311	0
3	3169	17428.107071167607	1
3	3170	17431.107071167607	0
3	3201	17581.610552636878	1
3	3202	17584.610552636878	0
3	3205	17629.001116677224	1
3	3207	17632.001116677224	0
3	3212	17652.741058587107	1
3	3214	17655.741058587107	0
3	3221	17732.374504741034	1
3	3224	17735.374504741034	0
3	3238	17896.52201792538	1
3	3239	17899.52201792538	0
3	3240	17933.729988527705	1
3	3241	17936.729988527705	0
3	3246	17986.960653990089	1
3	3247	17989.960653990089	0
3	3253	18066.457671055064	1
3	3254	18069.457671055064	0
3	3266	18175.058148462608	1
3	3267	18178.058148462608	0
3	3285	18326.613481607449	1
3	3287	18329.613481607449	0
3	3289	18339.700772709012	1
3	3291	18342.700772709012	0
3	3292	18351.249021284169	1
3	3293	18354.249021284169	0
3	3300	18410.525614565243	1
3	3302	18413.525614565243	0
3	3309	18436.975848380344	1
3	3311	18439.975848380344	0
3	3312	18441.257107825817	1
3	3314	18444.257107825817	0
3	3346	18570.87655234011	1
3	3347	18573.87655234011	0
3	3353	18621.154789661931	1
3	3355	18624.154789661931	0
3	3361	18644.142081315117	1
3	3363	18647.142081315117	0
3	3374	18678.114030835425	1
3	3376	18681.114030835425	0
3	3380	18704.372240760046	1
3	3381	18707.372240760046	0
3	3385	18735.522479602175	1
3	3386	18738.522479602175	0
3	3390	18751.501571963711	1
3	3391	18754.501571963711	0
3	3400	18778.760047056575	1
3	3402	18781.760047056575	0
3	3418	18854.722340506236	1
3	3421	18857.722340506236	0
3	3424	18876.299082711648	1
3	3426	18879.299082711648	0
3	3441	18942.097901592873	1
3	3442	18945.097901592873	0
3	3450	18978.413043430776	1
3	3452	18981.413043430776	0
3	3478	19108.084031672691	1
3	3480	19111.084031672691	0
3	3481	19112.413724297306	1
3	3483	19115.413724297306	0
3	3484	19127.997877132564	1
3	3485	19130.997877132564	0
3	3488	19140.022094961746	1
3	3489	19143.022094961746	0
3	3538	19419.62097775303	1
3	3539	19422.62097775303	0
3	3570	19627.795706654266	1
3	3571	19630.795706654266	0
3	3579	19710.661420494885	1
3	3580	19713.661420494885	0
3	3601	19835.98475870026	1
3	3602	19838.98475870026	0
3	3603	19848.616951831312	1
3	3605	19851.616951831312	0
3	3611	19919.816396457752	1
3	3613	19922.816396457752	0
3	3619	19984.534599300868	1
3	3620	19987.534599300868	0
4	199	1069.862600280358	3
4	207	1096.302948242774	3
4	211	1122.71233415736	3
4	213	1145.65146730165	3
4	220	1176.167909299048	3
4	223	1187.613816524162	3
4	226	1197.961000744472	3
4	256	1314.716909262061	3
4	263	1372.541713997366	3
4	281	1427.035185477532	3
4	304	1577.928853012691	3
4	323	1719.872665044571	3
4	329	1764.179692201696	3
4	342	1864.536723176116	3
4	362	2003.974280658933	3
4	388	2177.628268220218	3
4	392	2187.520100549898	3
4	398	2204.973354289147	3
4	404	2256.784362995126	3
4	411	2277.734365683014	3
4	414	2283.717288407553	3
4	419	2293.766737320337	3
4	421	2299.766737320337	6.752593282727
4	424	2304.907984998103	3
4	436	2373.285386278838	3
4	447	2399.45058040203	3
4	457	2434.168113464394	3
4	465	2492.160708879085	3
4	475	2510.170087238771	3
4	502	2715.861133115627	3
4	507	2736.585606109235	3
4	512	2770.471792368511	3
4	514	2773.852678341522	3
4	532	2894.275415063753	3
4	537	2929.27788292441	3
4	541	2962.789737355841	3
4	543	2968.549739386889	3
4	551	2995.922356747768	3
4	556	3020.799697742784	3
4	581	3112.758079061573	3
4	591	3186.889962700273	3
4	602	3206.969179354042	3
4	612	3293.755093538559	3
4	615	3296.935969368124	3
4	616	3302.935969368124	6.151356886643
4	630	3410.676026691315	3
4	642	3513.83230923461	3
4	645	3519.83230923461	7.295202099791
4	653	3563.676908445105	3
4	661	3622.087139396629	3
4	674	3670.588599849324	3
4	684	3751.456053251197	3
4	698	3830.562519677326	3
4	705	3856.274123554133	3
4	714	3913.079510264727	3
4	723	3948.719380063524	3
4	728	3963.767929079877	3
4	734	4002.187257319282	3
4	750	4082.374320397436	3
4	797	4291.811409577358	3
4	810	4348.742453466024	3
4	827	4406.846608626139	3
4	850	4511.46056787382	3
4	862	4595.214155974177	3
4	872	4697.890382951057	3
4	875	4710.717774071703	3
4	886	4836.10201686904	3
4	924	5159.389434063756	3
4	952	5277.501716625306	3
4	956	5304.097083516697	3
4	960	5340.21517607391	3
4	969	5370.239873064542	3
4	973	5381.822742552407	3
4	983	5459.857211676223	3
4	985	5463.324801124397	3
4	1014	5655.7860614792	3
4	1035	5779.978425506832	3
4	1042	5810.08526111452	3
4	1048	5849.978924223242	3
4	1051	5858.196602125413	3
4	1055	5870.43124651573	3
4	1062	5899.71043262345	3
4	1064	5905.71043262345	6.797519063079
4	1070	5937.781097431012	3
4	1086	5994.500831073538	3
4	1090	6004.918315310496	3
4	1094	6026.076155600815	3
4	1099	6054.513771525053	3
4	1127	6160.912836640361	3
4	1128	6163.912836640361	3
4	1133	6197.807809730434	3
4	1135	6203.807809730434	3
4	1143	6246.282995527868	3
4	1157	6334.420369019456	3
4	1178	6440.452354551516	3
4	1215	6636.679899090791	3
4	1227	6685.191662945871	3
4	1236	6721.639486728918	3
4	1237	6724.639486728918	3.150490874392
4	1252	6801.806482470959	3
4	1260	6835.195815238326	3
4	1286	7001.807458619079	3
4	1297	7081.054447374294	3
4	1298	7087.054447374294	8.860891531617
4	1312	7166.795148945317	3
4	1320	7237.173179883108	3
4	1325	7254.351327213079	3
4	1330	7261.954532035629	3
4	1342	7346.661420495107	3
4	1355	7442.147215924152	3
4	1363	7500.222330921362	3
4	1376	7649.584111784969	3
4	1388	7733.86797997582	3
4	1401	7799.110833735765	3
4	1413	7843.082759920684	3
4	1415	7849.082759920684	8.823878916969
4	1420	7887.126244393542	3
4	1434	7938.637823830604	3
4	1451	8021.711457344459	3
4	1462	8064.718698162102	3
4	1466	8096.546828122891	3
4	1479	8133.02945040382	3
4	1486	8170.200410250693	3
4	1497	8223.906277474706	3
4	1502	8229.906277474706	8.831321669809
4	1506	8232.906277474706	5.080763517119
4	1509	8238.906277474706	8.444479738672
4	1510	8244.906277474706	7.477570716366
4	1512	8267.270171383786	3
4	1545	8378.398795453454	3
4	1553	8420.665531817397	3
4	1578	8531.549488784514	3
4	1610	8802.408463598369	3
4	1634	8936.038147026527	3
4	1637	8943.123455111706	3
4	1687	9140.191769794148	3
4	1696	9181.241371030698	3
4	1697	9187.241371030698	7.795277468501
4	1712	9236.691200129455	3
4	1728	9314.740405732175	3
4	1762	9496.955749441295	3
4	1764	9506.144027791206	3
4	1770	9527.908810434375	3
4	1795	9724.757844022195	3
4	1804	9772.982795996941	3
4	1822	9868.776173500585	3
4	1831	9889.929645866968	3
4	1833	9917.310151913599	3
4	1843	9946.106143996524	3
4	1852	9972.320940964213	3
4	1857	9980.246881554757	3
4	1865	10024.376629444024	3
4	1873	10047.394279582148	3
4	1876	10053.394279582148	6.060036502594
4	1895	10129.940922621869	3
4	1905	10175.227125657964	3
4	1933	10324.318840585772	3
4	1941	10349.699879489873	3
4	1948	10364.1714474738	3
4	1962	10419.168171381851	3
4	1977	10461.309503532521	3
4	1991	10510.112478500372	3
4	2000	10547.940922621869	3
4	2004	10558.409453625875	3
4	2011	10566.040132822836	3
4	2018	10609.386881373154	3
4	2024	10640.910383727382	3
4	2032	10668.877549216454	3
4	2066	10903.491701370773	3
4	2070	10932.368569990843	3
4	2072	10935.368569990843	5.067379210152
4	2078	10966.165494820396	3
4	2081	10977.2197608963	3
4	2105	11093.019241428127	3
4	2110	11099.300702538818	3
4	2139	11342.184041749464	3
4	2155	11443.463595975785	3
4	2179	11560.909232981041	3
4	2188	11600.450565466553	3
4	2190	11606.450565466553	8.44520745897
4	2192	11610.27283637619	3
4	2227	11836.924920085751	3
4	2259	11949.180539277973	3
4	2261	11952.180539277973	3.685158038115
4	2271	11978.182054533382	3
4	2273	11984.182054533382	8.299401315769
4	2274	11990.182054533382	8.699443010523
4	2282	12026.481595192802	3
4	2285	12041.526872521128	3
4	2293	12053.526872521128	3
4	2298	12064.385706576893	3
4	2300	12075.932340529481	3
4	2309	12113.970237865712	3
4	2330	12227.443793710698	3
4	2342	12284.901076324716	3
4	2378	12450.514644116079	3
4	2380	12464.52858093006	3
4	2384	12470.52858093006	3
4	2390	12500.301181450326	3
4	2437	12730.55272427627	3
4	2439	12756.159002203375	3
4	2442	12788.166059820794	3
4	2444	12796.185593101719	3
4	2446	12802.525999600713	3
4	2466	13018.188675331157	3
4	2472	13085.207111620191	3
4	2480	13124.114626725572	3
4	2496	13230.15795559939	3
4	2500	13253.677972132847	3
4	2509	13336.114626725572	3
4	2512	13354.310894017303	3
4	2525	13470.830191276171	3
4	2535	13551.35342042611	3
4	2542	13574.377925277191	3
4	2547	13590.861494657433	3
4	2549	13610.201975825615	3
4	2563	13690.335754157702	3
4	2596	13975.68037690843	3
4	2604	14069.608967980276	3
4	2608	14091.653979298215	3
4	2623	14205.084563767438	3
4	2629	14259.771483457612	3
4	2632	14270.698333028427	3
4	2640	14306.300772032808	3
4	2646	14324.186114916674	3
4	2664	14391.647475754934	3
4	2688	14479.679609144833	3
4	2690	14482.679609144833	3.50614450018
4	2700	14524.159396513148	3
4	2711	14565.689585562016	3
4	2720	14584.440058602944	3
4	2725	14594.44414379946	3
4	2731	14624.581590342837	3
4	2733	14631.250159363484	3
4	2740	14669.854704047389	3
4	2750	14700.928568845322	3
4	2757	14767.616038655717	3
4	2763	14798.344218507991	3
4	2778	14908.307729517802	3
4	2793	15082.414348175477	3
4	2797	15103.894880355056	3
4	2803	15124.368010569647	3
4	2849	15424.7898360516	3
4	2854	15472.247029652323	3
4	2856	15489.101270711598	3
4	2861	15500.482167822799	3
4	2863	15515.58874452449	3
4	2865	15518.618192783272	3
4	2921	15804.955562126144	3
4	2926	15851.371998342733	3
4	2930	15881.756753278042	3
4	2972	16088.477603680823	3
4	2979	16123.471086717447	3
4	2987	16140.312411681533	3
4	3011	16263.140738453587	3
4	3022	16329.980306792639	3
4	3043	16448.268677099631	3
4	3063	16657.893340425086	3
4	3092	16966.542541266063	3
4	3108	17050.505752841831	3
4	3120	17121.810215281655	3
4	3130	17183.157059138937	3
4	3133	17189.157059138937	6.295424289467
4	3139	17238.608031548311	3
4	3170	17431.107071167607	3
4	3202	17584.610552636878	3
4	3207	17632.001116677224	3
4	3214	17655.741058587107	3
4	3224	17735.374504741034	3
4	3239	17899.52201792538	3
4	3241	17936.729988527705	3
4	3247	17989.960653990089	3
4	3254	18069.457671055064	3
4	3267	18178.058148462608	3
4	3287	18329.613481607449	3
4	3291	18342.700772709012	3
4	3293	18354.249021284169	3
4	3302	18413.525614565243	3
4	3311	18439.975848380344	3
4	3314	18444.257107825817	3
4	3347	18573.87655234011	3
4	3355	18624.154789661931	3
4	3363	18647.142081315117	3
4	3376	18681.114030835425	3
4	3381	18707.372240760046	3
4	3386	18738.522479602175	3
4	3391	18754.501571963711	3
4	3402	18781.760047056575	3
4	3421	18857.722340506236	3
4	3426	18879.299082711648	3
4	3442	18945.097901592873	3
4	3452	18981.413043430776	3
4	3480	19111.084031672691	3
4	3483	19115.413724297306	3
4	3485	19130.997877132564	3
4	3489	19143.022094961746	3
4	3539	19422.62097775303	3
4	3571	19630.795706654266	3
4	3580	19713.661420494885	3
4	3602	19838.98475870026	3
4	3605	19851.616951831312	3
4	3613	19922.816396457752	3
4	3620	19987.534599300868	3
5	199	1069.862600280358	15762
5	207	1096.302948242774	15765
5	211	1122.71233415736	15763
5	213	1145.65146730165	15766
5	220	1176.167909299048	15768
5	223	1187.613816524162	15764
5	226	1197.961000744472	15769
5	256	1314.716909262061	15770
5	263	1372.541713997366	15772
5	281	1427.035185477532	15776
5	304	1577.928853012691	15781
5	323	1719.872665044571	15779
5	329	1764.179692201696	15784
5	342	1864.536723176116	15788
5	362	2003.974280658933	15792
5	388	2177.628268220218	15796
5	392	2187.520100549898	15798
5	398	2204.973354289147	15791
5	404	2256.784362995126	15793
5	411	2277.734365683014	15795
5	414	2283.717288407553	15797
5	419	2293.766737320337	15799
5	421	2299.766737320337	15801
5	424	2304.907984998103	15802
5	436	2373.285386278838	15805
5	447	2399.45058040203	15806
5	457	2434.168113464394	15803
5	465	2492.160708879085	15809
5	475	2510.170087238771	15807
5	502	2715.861133115627	15812
5	507	2736.585606109235	15814
5	512	2770.471792368511	15815
5	514	2773.852678341522	15816
5	532	2894.275415063753	15819
5	537	2929.27788292441	15817
5	541	2962.789737355841	15818
5	543	2968.549739386889	15820
5	551	2995.922356747768	15821
5	556	3020.799697742784	15822
5	581	3112.758079061573	15828
5	591	3186.889962700273	15825
5	602	3206.969179354042	15827
5	612	3293.755093538559	15831
5	615	3296.935969368124	15829
5	616	3302.935969368124	15826
5	630	3410.676026691315	15830
5	642	3513.83230923461	15834
5	645	3519.83230923461	15833
5	653	3563.676908445105	15838
5	661	3622.087139396629	15835
5	674	3670.588599849324	15841
5	684	3751.456053251197	15839
5	698	3830.562519677326	15844
5	705	3856.274123554133	15843
5	714	3913.079510264727	15845
5	723	3948.719380063524	15848
5	728	3963.767929079877	15850
5	734	4002.187257319282	15852
5	750	4082.374320397436	15853
5	797	4291.811409577358	15861
5	810	4348.742453466024	15854
5	827	4406.846608626139	15857
5	850	4511.46056787382	15868
5	862	4595.214155974177	15869
5	872	4697.890382951057	15872
5	875	4710.717774071703	15871
5	886	4836.10201686904	15873
5	924	5159.389434063756	15881
5	952	5277.501716625306	15882
5	956	5304.097083516697	15887
5	960	5340.21517607391	15883
5	969	5370.239873064542	15885
5	973	5381.822742552407	15889
5	983	5459.857211676223	15891
5	985	5463.324801124397	15884
5	1014	5655.7860614792	15895
5	1035	5779.978425506832	15896
5	1042	5810.08526111452	15897
5	1048	5849.978924223242	15898
5	1051	5858.196602125413	15901
5	1055	5870.43124651573	15899
5	1062	5899.71043262345	15903
5	1064	5905.71043262345	15900
5	1070	5937.781097431012	15905
5	1086	5994.500831073538	15902
5	1090	6004.918315310496	15909
5	1094	6026.076155600815	15904
5	1099	6054.513771525053	15906
5	1127	6160.912836640361	15910
5	1128	6163.912836640361	15911
5	1133	6197.807809730434	15912
5	1135	6203.807809730434	15908
5	1143	6246.282995527868	15913
5	1157	6334.420369019456	15914
5	1178	6440.452354551516	15921
5	1215	6636.679899090791	15919
5	1227	6685.191662945871	15926
5	1236	6721.639486728918	15931
5	1237	6724.639486728918	15932
5	1252	6801.806482470959	15927
5	1260	6835.195815238326	15935
5	1286	7001.807458619079	15936
5	1297	7081.054447374294	15937
5	1298	7087.054447374294	15938
5	1312	7166.795148945317	15940
5	1320	7237.173179883108	15945
5	1325	7254.351327213079	15946
5	1330	7261.954532035629	15943
5	1342	7346.661420495107	15948
5	1355	7442.147215924152	15949
5	1363	7500.222330921362	15951
5	1376	7649.584111784969	15953
5	1388	7733.86797997582	15952
5	1401	7799.110833735765	15960
5	1413	7843.082759920684	15956
5	1415	7849.082759920684	15962
5	1420	7887.126244393542	15958
5	1434	7938.637823830604	15954
5	1451	8021.711457344459	15961
5	1462	8064.718698162102	15967
5	1466	8096.546828122891	15965
5	1479	8133.02945040382	15966
5	1486	8170.200410250693	15968
5	1497	8223.906277474706	15974
5	1502	8229.906277474706	15975
5	1506	8232.906277474706	15976
5	1509	8238.906277474706	15970
5	1510	8244.906277474706	15978
5	1512	8267.270171383786	15971
5	1545	8378.398795453454	15983
5	1553	8420.665531817397	15973
5	1578	8531.549488784514	15981
5	1610	8802.408463598369	15992
5	1634	8936.038147026527	15995
5	1637	8943.123455111706	15996
5	1687	9140.191769794148	16005
5	1696	9181.241371030698	16006
5	1697	9187.241371030698	16007
5	1712	9236.691200129455	16000
5	1728	9314.740405732175	16008
5	1762	9496.955749441295	16016
5	1764	9506.144027791206	16013
5	1770	9527.908810434375	16014
5	1795	9724.757844022195	16018
5	1804	9772.982795996941	16019
5	1822	9868.776173500585	16025
5	1831	9889.929645866968	16028
5	1833	9917.310151913599	16021
5	1843	9946.106143996524	16024
5	1852	9972.320940964213	16026
5	1857	9980.246881554757	16032
5	1865	10024.376629444024	16022
5	1873	10047.394279582148	16029
5	1876	10053.394279582148	16030
5	1895	10129.940922621869	16038
5	1905	10175.227125657964	16035
5	1933	10324.318840585772	16042
5	1941	10349.699879489873	16039
5	1948	10364.1714474738	16045
5	1962	10419.168171381851	16048
5	1977	10461.309503532521	16050
5	1991	10510.112478500372	16054
5	2000	10547.940922621869	16043
5	2004	10558.409453625875	16049
5	2011	10566.040132822836	16056
5	2018	10609.386881373154	16053
5	2024	10640.910383727382	16057
5	2032	10668.877549216454	16055
5	2066	10903.491701370773	16060
5	2070	10932.368569990843	16061
5	2072	10935.368569990843	16062
5	2078	10966.165494820396	16065
5	2081	10977.2197608963	16066
5	2105	11093.019241428127	16067
5	2110	11099.300702538818	16069
5	2139	11342.184041749464	16073
5	2155	11443.463595975785	16077
5	2179	11560.909232981041	16081
5	2188	11600.450565466553	16083
5	2190	11606.450565466553	16079
5	2192	11610.27283637619	16084
5	2227	11836.924920085751	16088
5	2259	11949.180539277973	16095
5	2261	11952.180539277973	16096
5	2271	11978.182054533382	16100
5	2273	11984.182054533382	16101
5	2274	11990.182054533382	16090
5	2282	12026.481595192802	16103
5	2285	12041.526872521128	16092
5	2293	12053.526872521128	16094
5	2298	12064.385706576893	16098
5	2300	12075.932340529481	16104
5	2309	12113.970237865712	16102
5	2330	12227.443793710698	16106
5	2342	12284.901076324716	16107
5	2378	12450.514644116079	16115
5	2380	12464.52858093006	16111
5	2384	12470.52858093006	16112
5	2390	12500.301181450326	16118
5	2437	12730.55272427627	16124
5	2439	12756.159002203375	16119
5	2442	12788.166059820794	16125
5	2444	12796.185593101719	16120
5	2446	12802.525999600713	16122
5	2466	13018.188675331157	16127
5	2472	13085.207111620191	16128
5	2480	13124.114626725572	16129
5	2496	13230.15795559939	16131
5	2500	13253.677972132847	16133
5	2509	13336.114626725572	16130
5	2512	13354.310894017303	16134
5	2525	13470.830191276171	16135
5	2535	13551.35342042611	16139
5	2542	13574.377925277191	16141
5	2547	13590.861494657433	16137
5	2549	13610.201975825615	16138
5	2563	13690.335754157702	16143
5	2596	13975.68037690843	16147
5	2604	14069.608967980276	16146
5	2608	14091.653979298215	16148
5	2623	14205.084563767438	16149
5	2629	14259.771483457612	16151
5	2632	14270.698333028427	16152
5	2640	14306.300772032808	16150
5	2646	14324.186114916674	16156
5	2664	14391.647475754934	16153
5	2688	14479.679609144833	16162
5	2690	14482.679609144833	16164
5	2700	14524.159396513148	16155
5	2711	14565.689585562016	16161
5	2720	14584.440058602944	16163
5	2725	14594.44414379946	16159
5	2731	14624.581590342837	16166
5	2733	14631.250159363484	16170
5	2740	14669.854704047389	16168
5	2750	14700.928568845322	16173
5	2757	14767.616038655717	16171
5	2763	14798.344218507991	16172
5	2778	14908.307729517802	16175
5	2793	15082.414348175477	16177
5	2797	15103.894880355056	16176
5	2803	15124.368010569647	16180
5	2849	15424.7898360516	16185
5	2854	15472.247029652323	16188
5	2856	15489.101270711598	16189
5	2861	15500.482167822799	16187
5	2863	15515.58874452449	16191
5	2865	15518.618192783272	16192
5	2921	15804.955562126144	16197
5	2926	15851.371998342733	16196
5	2930	15881.756753278042	16198
5	2972	16088.477603680823	16208
5	2979	16123.471086717447	16209
5	2987	16140.312411681533	16211
5	3011	16263.140738453587	16212
5	3022	16329.980306792639	16217
5	3043	16448.268677099631	16220
5	3063	16657.893340425086	16221
5	3092	16966.542541266063	16228
5	3108	17050.505752841831	16231
5	3120	17121.810215281655	16234
5	3130	17183.157059138937	16232
5	3133	17189.157059138937	16235
5	3139	17238.608031548311	16236
5	3170	17431.107071167607	16239
5	3202	17584.610552636878	16243
5	3207	17632.001116677224	16249
5	3214	17655.741058587107	16246
5	3224	17735.374504741034	16250
5	3239	17899.52201792538	16251
5	3241	17936.729988527705	16252
5	3247	17989.960653990089	16254
5	3254	18069.457671055064	16255
5	3267	18178.058148462608	16253
5	3287	18329.613481607449	16259
5	3291	18342.700772709012	16260
5	3293	18354.249021284169	16261
5	3302	18413.525614565243	16262
5	3311	18439.975848380344	16264
5	3314	18444.257107825817	16265
5	3347	18573.87655234011	16267
5	3355	18624.154789661931	16271
5	3363	18647.142081315117	16273
5	3376	18681.114030835425	16268
5	3381	18707.372240760046	16276
5	3386	18738.522479602175	16272
5	3391	18754.501571963711	16278
5	3402	18781.760047056575	16280
5	3421	18857.722340506236	16282
5	3426	18879.299082711648	16274
5	3442	18945.097901592873	16286
5	3452	18981.413043430776	16279
5	3480	19111.084031672691	16284
5	3483	19115.413724297306	16289
5	3485	19130.997877132564	16285
5	3489	19143.022094961746	16293
5	3539	19422.62097775303	16300
5	3571	19630.795706654266	16303
5	3580	19713.661420494885	16305
5	3602	19838.98475870026	16311
5	3605	19851.616951831312	16308
5	3613	19922.816396457752	16312
5	3620	19987.534599300868	16313
6	192	1016.71233415736	1
6	193	1019.71233415736	0
6	202	1081.613816524162	1
6	203	1084.613816524162	0
6	230	1208.716909262061	1
6	231	1211.716909262061	0
6	238	1266.541713997366	1
6	239	1269.541713997366	0
6	257	1321.035185477532	1
6	258	1324.035185477532	0
6	269	1402.077357458501	1
6	271	1404.682539281539	2
6	272	1405.077357458501	1
6	275	1411.077357458501	0
6	288	1502.917140376711	1
6	290	1505.917140376711	0
6	309	1613.872665044571	1
6	310	1616.872665044571	0
6	311	1621.787134809513	1
6	312	1624.787134809513	0
6	335	1817.396208424527	1
6	337	1820.396208424527	0
6	343	1887.238181981709	1
6	344	1890.238181981709	0
6	345	1895.729624763295	1
6	347	1898.729624763295	0
6	349	1911.460464448039	1
6	350	1914.460464448039	0
6	375	2098.973354289147	1
6	376	2101.973354289147	0
6	377	2103.974280658933	1
6	379	2106.974280658933	0
6	380	2150.784362995126	1
6	382	2153.784362995126	0
6	385	2171.734365683014	1
6	387	2174.734365683014	0
6	450	2404.170087238771	1
6	452	2407.170087238771	0
6	461	2473.285386278838	1
6	462	2476.285386278838	0
6	492	2634.648116434361	1
6	493	2637.648116434361	0
6	499	2700.877174112155	1
6	500	2703.877174112155	0
6	504	2728.480532579517	1
6	505	2731.480532579517	0
6	519	2823.27788292441	1
6	520	2826.27788292441	0
6	522	2836.585606109235	1
6	523	2839.585606109235	0
6	524	2856.789737355841	1
6	525	2859.789737355841	0
6	563	3068.549739386889	1
6	564	3071.549739386889	0
6	566	3079.383739724426	1
6	568	3082.383739724426	0
6	573	3095.922356747768	1
6	575	3098.922356747768	0
6	582	3120.799697742784	1
6	583	3123.799697742784	0
6	594	3193.784612481481	1
6	596	3196.784612481481	0
6	606	3247.337851294485	1
6	607	3250.337851294485	0
6	617	3304.676026691315	1
6	619	3307.676026691315	0
6	629	3409.537107134819	1
6	632	3412.537107134819	0
6	643	3516.087139396629	1
6	644	3519.087139396629	0
6	657	3613.83230923461	1
6	658	3616.83230923461	0
6	663	3645.456053251197	1
6	664	3648.456053251197	0
6	670	3662.745704273035	1
6	671	3663.676908445105	2
6	672	3665.745704273035	1
6	675	3671.745704273035	0
6	683	3750.274123554133	1
6	685	3753.274123554133	0
6	693	3806.709120156872	1
6	694	3809.709120156872	0
6	717	3930.562519677326	1
6	718	3933.562519677326	0
6	731	3991.569930514563	1
6	732	3994.569930514563	0
6	744	4049.8898784346	1
6	746	4052.8898784346	0
6	781	4236.742453466024	1
6	782	4238.022841260863	2
6	783	4239.742453466024	1
6	784	4245.742453466024	0
6	798	4300.846608626139	1
6	799	4303.846608626139	0
6	811	4354.218505099072	1
6	812	4357.218505099072	0
6	816	4370.464419555603	1
6	817	4373.464419555603	0
6	818	4375.945203892909	1
6	819	4378.128368193098	2
6	820	4378.945203892909	1
6	822	4381.945203892909	0
6	826	4405.46056787382	1
6	828	4408.46056787382	0
6	829	4422.810873785626	1
6	830	4425.810873785626	0
6	845	4489.214155974177	1
6	846	4492.214155974177	0
6	853	4531.408323573019	1
6	854	4534.408323573019	0
6	856	4569.014741793682	1
6	857	4572.014741793682	0
6	876	4730.10201686904	1
6	877	4733.10201686904	0
6	904	5050.865072790905	1
6	905	5053.865072790905	0
6	912	5087.497549607265	1
6	913	5090.497549607265	0
6	930	5171.501716625306	1
6	931	5174.501716625306	0
6	935	5203.873387291675	1
6	936	5206.873387291675	0
6	937	5234.21517607391	1
6	938	5237.21517607391	0
6	939	5248.345741190504	1
6	942	5251.345741190504	0
6	946	5264.239873064542	1
6	948	5267.239873064542	0
6	961	5351.324801124397	1
6	963	5353.652745514942	2
6	964	5354.324801124397	1
6	966	5360.324801124397	0
6	968	5370.112817208757	1
6	970	5373.112817208757	0
6	974	5404.097083516697	1
6	975	5407.097083516697	0
6	988	5481.822742552407	1
6	989	5484.822742552407	0
6	1010	5630.417802638496	1
6	1011	5633.417802638496	0
6	1017	5673.978425506832	1
6	1018	5676.978425506832	0
6	1022	5704.08526111452	1
6	1023	5707.08526111452	0
6	1057	5888.500831073538	1
6	1059	5891.500831073538	0
6	1107	6091.807809730434	1
6	1108	6094.418783116297	2
6	1110	6094.807809730434	1
6	1112	6100.807809730434	0
6	1120	6140.282995527868	1
6	1122	6143.282995527868	0
6	1148	6277.514426375116	1
6	1149	6280.514426375116	0
6	1182	6457.484525248772	1
6	1183	6460.484525248772	0
6	1191	6530.679899090791	1
6	1192	6533.679899090791	0
6	1194	6540.452354551516	1
6	1196	6543.452354551516	0
6	1204	6579.191662945871	1
6	1205	6582.191662945871	0
6	1222	6667.673724836991	1
6	1223	6670.673724836991	0
6	1228	6695.806482470959	1
6	1230	6698.806482470959	0
6	1245	6783.832310209538	1
6	1247	6786.832310209538	0
6	1253	6817.389274896113	1
6	1254	6820.389274896113	0
6	1255	6821.639486728918	1
6	1256	6824.639486728918	2
6	1257	6824.639486728918	1
6	1258	6827.639486728918	0
6	1269	6895.807458619079	1
6	1270	6898.807458619079	0
6	1275	6935.195815238326	1
6	1276	6938.195815238326	0
6	1280	6975.193555842677	1
6	1282	6978.193555842677	0
6	1309	7155.954532035629	1
6	1310	7158.954532035629	0
6	1317	7228.373402779289	1
6	1318	7231.373402779289	0
6	1337	7337.173179883108	1
6	1339	7340.173179883108	0
6	1370	7627.86797997582	1
6	1373	7630.86797997582	0
6	1392	7749.584111784969	1
6	1393	7752.584111784969	0
6	1405	7832.637823830604	1
6	1408	7835.637823830604	0
6	1417	7871.859591393515	1
6	1418	7874.859591393515	0
6	1427	7915.711457344459	1
6	1429	7918.711457344459	0
6	1432	7935.664052974464	1
6	1435	7938.664052974464	0
6	1461	8064.200410250693	1
6	1463	8067.200410250693	0
6	1472	8121.860341328596	1
6	1473	8124.860341328596	0
6	1474	8127.461797736034	1
6	1478	8130.461797736034	0
6	1481	8161.270171383786	1
6	1482	8164.270171383786	0
6	1522	8314.665531817397	1
6	1523	8317.665531817397	0
6	1530	8332.645416625205	1
6	1534	8335.645416625205	0
6	1538	8344.906277474706	1
6	1540	8347.906277474706	0
6	1547	8385.341337710745	1
6	1548	8388.341337710745	0
6	1554	8425.549488784514	1
6	1556	8428.549488784514	0
6	1568	8478.398795453454	1
6	1570	8481.398795453454	0
6	1573	8502.642200500093	1
6	1574	8505.642200500093	0
6	1580	8544.082567730785	1
6	1581	8545.586575268936	2
6	1582	8547.082567730785	1
6	1583	8553.082567730785	0
6	1594	8680.043705348516	1
6	1595	8683.043705348516	0
6	1654	9027.802602273689	1
6	1656	9030.802602273689	0
6	1657	9036.038147026527	1
6	1659	9039.038147026527	0
6	1670	9092.90307296417	1
6	1671	9095.90307296417	0
6	1672	9106.832596018249	1
6	1675	9109.832596018249	0
6	1679	9124.691200129455	1
6	1680	9127.691200129455	0
6	1681	9130.691200129455	1
6	1683	9133.691200129455	0
6	1698	9189.111293144311	1
6	1699	9192.111293144311	0
6	1716	9257.348086977399	1
6	1717	9260.348086977399	0
6	1749	9418.213913076456	1
6	1750	9421.213913076456	0
6	1751	9421.908810434375	1
6	1752	9424.908810434375	0
6	1756	9485.694254225645	1
6	1757	9488.694254225645	0
6	1771	9557.32240183948	1
6	1772	9560.32240183948	0
6	1781	9618.757844022195	1
6	1782	9621.757844022195	0
6	1791	9713.457802443752	1
6	1793	9716.457802443752	0
6	1807	9811.310151913599	1
6	1808	9814.310151913599	0
6	1821	9866.320940964213	1
6	1824	9869.320940964213	0
6	1834	9918.376629444024	1
6	1835	9921.376629444024	0
6	1841	9944.334243079554	1
6	1844	9947.334243079554	0
6	1851	9971.99090552592	1
6	1853	9974.99090552592	0
6	1868	10041.175093736093	1
6	1869	10044.175093736093	0
6	1878	10069.227125657964	1
6	1880	10072.227125657964	0
6	1899	10153.181699289515	1
6	1901	10156.181699289515	0
6	1917	10243.699879489873	1
6	1918	10246.699879489873	0
6	1922	10264.522479923293	1
6	1923	10267.522479923293	0
6	1934	10328.058474352343	1
6	1935	10331.058474352343	0
6	1963	10424.318840585772	1
6	1964	10427.318840585772	0
6	1967	10441.940922621869	1
6	1968	10444.940922621869	0
6	1970	10452.409453625875	1
6	1973	10455.409453625875	0
6	1983	10467.408667393645	1
6	1984	10470.408667393645	0
6	1988	10503.386881373154	1
6	1989	10506.386881373154	0
6	1993	10518.939585816409	1
6	1995	10521.939585816409	0
6	2019	10610.112478500372	1
6	2020	10613.112478500372	0
6	2028	10665.395255391184	1
6	2031	10668.395255391184	0
6	2071	10933.582202638087	1
6	2073	10936.582202638087	0
6	2074	10941.135996338144	1
6	2075	10944.135996338144	0
6	2085	10990.760538963591	1
6	2086	10993.760538963591	0
6	2089	11003.491701370773	1
6	2090	11006.491701370773	0
6	2092	11035.368569990843	1
6	2094	11038.368569990843	0
6	2098	11066.165494820396	1
6	2099	11069.165494820396	0
6	2101	11079.412878195147	1
6	2103	11082.412878195147	0
6	2144	11368.163761771441	1
6	2145	11371.163761771441	0
6	2151	11401.593111126558	1
6	2152	11404.593111126558	0
6	2157	11451.484754714666	1
6	2158	11454.484754714666	0
6	2166	11495.005358007583	1
6	2169	11498.005358007583	0
6	2170	11501.498833618068	1
6	2171	11504.498833618068	0
6	2174	11543.463595975785	1
6	2176	11546.463595975785	0
6	2180	11574.896841929485	1
6	2181	11577.896841929485	0
6	2208	11723.897140821533	1
6	2209	11726.897140821533	0
6	2239	11878.482611522859	1
6	2240	11881.482611522859	0
6	2242	11904.88365003425	1
6	2244	11907.88365003425	0
6	2248	11935.526872521128	1
6	2249	11936.924920085751	2
6	2251	11938.526872521128	1
6	2253	11940.492535427563	2
6	2256	11944.526872521128	1
6	2260	11950.526872521128	0
6	2277	12007.970237865712	1
6	2279	12010.970237865712	0
6	2291	12052.180539277973	1
6	2294	12055.180539277973	0
6	2311	12125.352855016468	1
6	2313	12128.352855016468	0
6	2316	12143.966840641333	1
6	2318	12146.966840641333	0
6	2355	12358.52858093006	1
6	2356	12359.186038840906	2
6	2357	12361.52858093006	1
6	2359	12367.52858093006	0
6	2361	12384.901076324716	1
6	2362	12387.901076324716	0
6	2364	12410.210606917528	1
6	2365	12413.210606917528	0
6	2381	12467.346641747617	1
6	2383	12470.346641747617	0
6	2397	12543.131011036545	1
6	2399	12546.131011036545	0
6	2413	12600.301181450326	1
6	2415	12603.301181450326	0
6	2421	12650.159002203375	1
6	2422	12653.159002203375	0
6	2428	12690.185593101719	1
6	2429	12693.185593101719	0
6	2430	12696.525999600713	1
6	2431	12699.525999600713	0
6	2434	12706.803255794098	1
6	2435	12709.803255794098	0
6	2481	13124.15795559939	1
6	2483	13127.15795559939	0
6	2485	13185.207111620191	1
6	2486	13188.207111620191	0
6	2491	13224.114626725572	1
6	2493	13224.253619910234	2
6	2494	13227.114626725572	1
6	2497	13233.114626725572	0
6	2503	13316.014605099822	1
6	2504	13319.014605099822	0
6	2529	13484.861494657433	1
6	2530	13487.861494657433	0
6	2538	13561.056727203581	1
6	2539	13564.056727203581	0
6	2560	13679.424600512065	1
6	2561	13682.424600512065	0
6	2576	13790.335754157702	1
6	2577	13793.335754157702	0
6	2580	13835.570066789001	1
6	2581	13838.570066789001	0
6	2585	13881.735292120287	1
6	2586	13884.735292120287	0
6	2593	13963.608967980276	1
6	2594	13966.608967980276	0
6	2598	13985.653979298215	1
6	2599	13988.653979298215	0
6	2609	14099.084563767438	1
6	2611	14102.084563767438	0
6	2636	14285.647475754934	1
6	2637	14288.647475754934	0
6	2647	14332.491505458604	1
6	2648	14335.491505458604	0
6	2667	14418.159396513148	1
6	2669	14421.159396513148	0
6	2670	14424.186114916674	1
6	2671	14427.186114916674	0
6	2676	14459.689585562016	1
6	2678	14462.689585562016	0
6	2686	14478.440058602944	1
6	2689	14481.440058602944	0
6	2693	14488.44414379946	1
6	2694	14491.44414379946	0
6	2697	14518.581590342837	1
6	2699	14521.581590342837	0
6	2710	14563.854704047389	1
6	2712	14566.854704047389	0
6	2713	14571.771483457612	1
6	2714	14574.771483457612	0
6	2718	14582.679609144833	1
6	2721	14585.679609144833	0
6	2735	14661.616038655717	1
6	2736	14662.708236661476	2
6	2737	14664.616038655717	1
6	2741	14670.616038655717	0
6	2746	14692.344218507991	1
6	2748	14695.344218507991	0
6	2751	14720.020603223594	1
6	2752	14723.020603223594	0
6	2754	14731.250159363484	1
6	2755	14734.250159363484	0
6	2781	14997.894880355056	1
6	2782	14998.202690916336	2
6	2783	15000.894880355056	1
6	2784	15006.894880355056	0
6	2786	15008.307729517802	1
6	2788	15011.307729517802	0
6	2799	15109.336961363784	1
6	2801	15112.336961363784	0
6	2804	15134.587863752015	1
6	2805	15137.587863752015	0
6	2809	15182.414348175477	1
6	2810	15185.414348175477	0
6	2826	15290.285015631402	1
6	2827	15293.285015631402	0
6	2831	15318.7898360516	1
6	2832	15321.7898360516	0
6	2874	15572.247029652323	1
6	2875	15575.247029652323	0
6	2884	15618.618192783272	1
6	2885	15621.618192783272	0
6	2900	15695.222046681958	1
6	2901	15698.222046681958	0
6	2902	15698.955562126144	1
6	2903	15701.955562126144	0
6	2909	15745.371998342733	1
6	2910	15748.371998342733	0
6	2913	15775.756753278042	1
6	2914	15778.756753278042	0
6	2931	15884.240497609869	1
6	2932	15887.240497609869	0
6	2939	15932.08736253039	1
6	2940	15935.08736253039	0
6	2951	15995.236199665087	1
6	2952	15998.236199665087	0
6	2953	16017.888268415829	1
6	2955	16020.888268415829	0
6	3003	16229.888268415829	1
6	3005	16232.888268415829	0
6	3032	16397.678929281485	1
6	3033	16400.678929281485	0
6	3035	16412.372251888397	1
6	3037	16415.372251888397	0
6	3054	16551.893340425086	1
6	3055	16554.893340425086	0
6	3059	16637.438791006177	1
6	3060	16640.438791006177	0
6	3073	16818.36708429696	1
6	3074	16821.36708429696	0
6	3079	16886.410875711934	1
6	3080	16889.410875711934	0
6	3081	16891.910600976431	1
6	3082	16894.910600976431	0
6	3084	16908.125696425893	1
6	3085	16911.125696425893	0
6	3099	17001.909046040299	1
6	3100	17004.909046040299	0
6	3103	17024.600072275664	1
6	3104	17027.600072275664	0
6	3105	17041.789269884704	1
6	3106	17044.789269884704	0
6	3135	17221.810215281655	1
6	3136	17224.810215281655	0
6	3152	17325.107071167607	1
6	3153	17328.107071167607	0
6	3182	17478.610552636878	1
6	3183	17481.610552636878	0
6	3195	17549.741058587107	1
6	3197	17552.741058587107	0
6	3211	17652.047371337875	1
6	3213	17655.047371337875	0
6	3220	17732.001116677224	1
6	3222	17733.290885080704	2
6	3223	17735.001116677224	1
6	3225	17741.001116677224	0
6	3255	18072.058148462608	1
6	3256	18075.058148462608	0
6	3299	18409.408528473945	1
6	3301	18412.408528473945	0
6	3334	18539.975848380344	1
6	3336	18542.975848380344	0
6	3338	18544.257107825817	1
6	3339	18547.257107825817	0
6	3348	18575.114030835425	1
6	3349	18578.114030835425	0
6	3356	18632.522479602175	1
6	3357	18635.522479602175	0
6	3359	18642.811399306325	1
6	3362	18645.811399306325	0
6	3368	18666.249021284169	1
6	3369	18669.249021284169	0
6	3393	18758.404632404875	1
6	3394	18761.404632404875	0
6	3397	18773.299082711648	1
6	3399	18776.299082711648	0
6	3417	18854.501571963711	1
6	3420	18857.501571963711	0
6	3423	18875.413043430776	1
6	3425	18878.413043430776	0
6	3431	18900.351899948658	1
6	3433	18903.351899948658	0
6	3457	19005.084031672691	1
6	3460	19008.084031672691	0
6	3463	19024.997877132564	1
6	3464	19027.997877132564	0
6	3467	19045.097901592873	1
6	3468	19048.097901592873	0
6	3470	19061.087513958367	1
6	3472	19064.087513958367	0
6	3476	19102.39095405396	1
6	3477	19105.39095405396	0
6	3486	19134.165561709683	1
6	3487	19137.165561709683	0
6	3492	19161.868619256423	1
6	3494	19164.868619256423	0
6	3527	19354.500348085016	1
6	3528	19356.29144207263	2
6	3529	19357.500348085016	1
6	3530	19363.500348085016	0
6	3536	19414.919654960091	1
6	3537	19417.919654960091	0
6	3546	19465.614992735805	1
6	3548	19468.614992735805	0
6	3555	19524.795706654266	1
6	3557	19527.795706654266	0
6	3575	19646.792638297616	1
6	3576	19649.792638297616	0
6	3588	19745.616951831312	1
6	3590	19748.616951831312	0
6	3596	19815.995270429115	1
6	3597	19818.995270429115	0
6	3615	19938.98475870026	1
6	3616	19941.98475870026	0
7	193	1019.71233415736	3
7	203	1084.613816524162	3
7	231	1211.716909262061	3
7	239	1269.541713997366	3
7	258	1324.035185477532	3
7	272	1405.077357458501	3
7	275	1411.077357458501	6.394818176962
7	290	1505.917140376711	3
7	310	1616.872665044571	3
7	312	1624.787134809513	3
7	337	1820.396208424527	3
7	344	1890.238181981709	3
7	347	1898.729624763295	3
7	350	1914.460464448039	3
7	376	2101.973354289147	3
7	379	2106.974280658933	3
7	382	2153.784362995126	3
7	387	2174.734365683014	3
7	452	2407.170087238771	3
7	462	2476.285386278838	3
7	493	2637.648116434361	3
7	500	2703.877174112155	3
7	505	2731.480532579517	3
7	520	2826.27788292441	3
7	523	2839.585606109235	3
7	525	2859.789737355841	3
7	564	3071.549739386889	3
7	568	3082.383739724426	3
7	575	3098.922356747768	3
7	583	3123.799697742784	3
7	596	3196.784612481481	3
7	607	3250.337851294485	3
7	619	3307.676026691315	3
7	632	3412.537107134819	3
7	644	3519.087139396629	3
7	658	3616.83230923461	3
7	664	3648.456053251197	3
7	672	3665.745704273035	3
7	675	3671.745704273035	8.06879582793
7	685	3753.274123554133	3
7	694	3809.709120156872	3
7	718	3933.562519677326	3
7	732	3994.569930514563	3
7	746	4052.8898784346	3
7	783	4239.742453466024	3
7	784	4245.742453466024	7.719612205161
7	799	4303.846608626139	3
7	812	4357.218505099072	3
7	817	4373.464419555603	3
7	820	4378.945203892909	3
7	822	4381.945203892909	3.816835699811
7	828	4408.46056787382	3
7	830	4425.810873785626	3
7	846	4492.214155974177	3
7	854	4534.408323573019	3
7	857	4572.014741793682	3
7	877	4733.10201686904	3
7	905	5053.865072790905	3
7	913	5090.497549607265	3
7	931	5174.501716625306	3
7	936	5206.873387291675	3
7	938	5237.21517607391	3
7	942	5251.345741190504	3
7	948	5267.239873064542	3
7	964	5354.324801124397	3
7	966	5360.324801124397	6.672055609455
7	970	5373.112817208757	3
7	975	5407.097083516697	3
7	989	5484.822742552407	3
7	1011	5633.417802638496	3
7	1018	5676.978425506832	3
7	1023	5707.08526111452	3
7	1059	5891.500831073538	3
7	1110	6094.807809730434	3
7	1112	6100.807809730434	6.389026614137
7	1122	6143.282995527868	3
7	1149	6280.514426375116	3
7	1183	6460.484525248772	3
7	1192	6533.679899090791	3
7	1196	6543.452354551516	3
7	1205	6582.191662945871	3
7	1223	6670.673724836991	3
7	1230	6698.806482470959	3
7	1247	6786.832310209538	3
7	1254	6820.389274896113	3
7	1257	6824.639486728918	3
7	1258	6827.639486728918	3
7	1270	6898.807458619079	3
7	1276	6938.195815238326	3
7	1282	6978.193555842677	3
7	1310	7158.954532035629	3
7	1318	7231.373402779289	3
7	1339	7340.173179883108	3
7	1373	7630.86797997582	3
7	1393	7752.584111784969	3
7	1408	7835.637823830604	3
7	1418	7874.859591393515	3
7	1429	7918.711457344459	3
7	1435	7938.664052974464	3
7	1463	8067.200410250693	3
7	1473	8124.860341328596	3
7	1478	8130.461797736034	3
7	1482	8164.270171383786	3
7	1523	8317.665531817397	3
7	1534	8335.645416625205	3
7	1540	8347.906277474706	3
7	1548	8388.341337710745	3
7	1556	8428.549488784514	3
7	1570	8481.398795453454	3
7	1574	8505.642200500093	3
7	1582	8547.082567730785	3
7	1583	8553.082567730785	7.495992461849
7	1595	8683.043705348516	3
7	1656	9030.802602273689	3
7	1659	9039.038147026527	3
7	1671	9095.90307296417	3
7	1675	9109.832596018249	3
7	1680	9127.691200129455	3
7	1683	9133.691200129455	3
7	1699	9192.111293144311	3
7	1717	9260.348086977399	3
7	1750	9421.213913076456	3
7	1752	9424.908810434375	3
7	1757	9488.694254225645	3
7	1772	9560.32240183948	3
7	1782	9621.757844022195	3
7	1793	9716.457802443752	3
7	1808	9814.310151913599	3
7	1824	9869.320940964213	3
7	1835	9921.376629444024	3
7	1844	9947.334243079554	3
7	1853	9974.99090552592	3
7	1869	10044.175093736093	3
7	1880	10072.227125657964	3
7	1901	10156.181699289515	3
7	1918	10246.699879489873	3
7	1923	10267.522479923293	3
7	1935	10331.058474352343	3
7	1964	10427.318840585772	3
7	1968	10444.940922621869	3
7	1973	10455.409453625875	3
7	1984	10470.408667393645	3
7	1989	10506.386881373154	3
7	1995	10521.939585816409	3
7	2020	10613.112478500372	3
7	2031	10668.395255391184	3
7	2073	10936.582202638087	3
7	2075	10944.135996338144	3
7	2086	10993.760538963591	3
7	2090	11006.491701370773	3
7	2094	11038.368569990843	3
7	2099	11069.165494820396	3
7	2103	11082.412878195147	3
7	2145	11371.163761771441	3
7	2152	11404.593111126558	3
7	2158	11454.484754714666	3
7	2169	11498.005358007583	3
7	2171	11504.498833618068	3
7	2176	11546.463595975785	3
7	2181	11577.896841929485	3
7	2209	11726.897140821533	3
7	2240	11881.482611522859	3
7	2244	11907.88365003425	3
7	2251	11938.526872521128	3
7	2256	11944.526872521128	7.601952435377
7	2260	11950.526872521128	10.034337093565
7	2279	12010.970237865712	3
7	2294	12055.180539277973	3
7	2313	12128.352855016468	3
7	2318	12146.966840641333	3
7	2357	12361.52858093006	3
7	2359	12367.52858093006	8.342542089154
7	2362	12387.901076324716	3
7	2365	12413.210606917528	3
7	2383	12470.346641747617	3
7	2399	12546.131011036545	3
7	2415	12603.301181450326	3
7	2422	12653.159002203375	3
7	2429	12693.185593101719	3
7	2431	12699.525999600713	3
7	2435	12709.803255794098	3
7	2483	13127.15795559939	3
7	2486	13188.207111620191	3
7	2494	13227.114626725572	3
7	2497	13233.114626725572	8.861006815338
7	2504	13319.014605099822	3
7	2530	13487.861494657433	3
7	2539	13564.056727203581	3
7	2561	13682.424600512065	3
7	2577	13793.335754157702	3
7	2581	13838.570066789001	3
7	2586	13884.735292120287	3
7	2594	13966.608967980276	3
7	2599	13988.653979298215	3
7	2611	14102.084563767438	3
7	2637	14288.647475754934	3
7	2648	14335.491505458604	3
7	2669	14421.159396513148	3
7	2671	14427.186114916674	3
7	2678	14462.689585562016	3
7	2689	14481.440058602944	3
7	2694	14491.44414379946	3
7	2699	14521.581590342837	3
7	2712	14566.854704047389	3
7	2714	14574.771483457612	3
7	2721	14585.679609144833	3
7	2737	14664.616038655717	3
7	2741	14670.616038655717	7.907801994241
7	2748	14695.344218507991	3
7	2752	14723.020603223594	3
7	2755	14734.250159363484	3
7	2783	15000.894880355056	3
7	2784	15006.894880355056	8.69218943872
7	2788	15011.307729517802	3
7	2801	15112.336961363784	3
7	2805	15137.587863752015	3
7	2810	15185.414348175477	3
7	2827	15293.285015631402	3
7	2832	15321.7898360516	3
7	2875	15575.247029652323	3
7	2885	15621.618192783272	3
7	2901	15698.222046681958	3
7	2903	15701.955562126144	3
7	2910	15748.371998342733	3
7	2914	15778.756753278042	3
7	2932	15887.240497609869	3
7	2940	15935.08736253039	3
7	2952	15998.236199665087	3
7	2955	16020.888268415829	3
7	3005	16232.888268415829	3
7	3033	16400.678929281485	3
7	3037	16415.372251888397	3
7	3055	16554.893340425086	3
7	3060	16640.438791006177	3
7	3074	16821.36708429696	3
7	3080	16889.410875711934	3
7	3082	16894.910600976431	3
7	3085	16911.125696425893	3
7	3100	17004.909046040299	3
7	3104	17027.600072275664	3
7	3106	17044.789269884704	3
7	3136	17224.810215281655	3
7	3153	17328.107071167607	3
7	3183	17481.610552636878	3
7	3197	17552.741058587107	3
7	3213	17655.047371337875	3
7	3223	17735.001116677224	3
7	3225	17741.001116677224	7.71023159652
7	3256	18075.058148462608	3
7	3301	18412.408528473945	3
7	3336	18542.975848380344	3
7	3339	18547.257107825817	3
7	3349	18578.114030835425	3
7	3357	18635.522479602175	3
7	3362	18645.811399306325	3
7	3369	18669.249021284169	3
7	3394	18761.404632404875	3
7	3399	18776.299082711648	3
7	3420	18857.501571963711	3
7	3425	18878.413043430776	3
7	3433	18903.351899948658	3
7	3460	19008.084031672691	3
7	3464	19027.997877132564	3
7	3468	19048.097901592873	3
7	3472	19064.087513958367	3
7	3477	19105.39095405396	3
7	3487	19137.165561709683	3
7	3494	19164.868619256423	3
7	3529	19357.500348085016	3
7	3530	19363.500348085016	7.208906012386
7	3537	19417.919654960091	3
7	3548	19468.614992735805	3
7	3557	19527.795706654266	3
7	3576	19649.792638297616	3
7	3590	19748.616951831312	3
7	3597	19818.995270429115	3
7	3616	19941.98475870026	3
8	193	1019.71233415736	15763
8	203	1084.613816524162	15764
8	231	1211.716909262061	15770
8	239	1269.541713997366	15772
8	258	1324.035185477532	15776
8	272	1405.077357458501	15778
8	275	1411.077357458501	15774
8	290	1505.917140376711	15777
8	310	1616.872665044571	15779
8	312	1624.787134809513	15783
8	337	1820.396208424527	15787
8	344	1890.238181981709	15786
8	347	1898.729624763295	15789
8	350	1914.460464448039	15790
8	376	2101.973354289147	15791
8	379	2106.974280658933	15792
8	382	2153.784362995126	15793
8	387	2174.734365683014	15795
8	452	2407.170087238771	15807
8	462	2476.285386278838	15805
8	493	2637.648116434361	15808
8	500	2703.877174112155	15810
8	505	2731.480532579517	15813
8	520	2826.27788292441	15817
8	523	2839.585606109235	15814
8	525	2859.789737355841	15818
8	564	3071.549739386889	15820
8	568	3082.383739724426	15824
8	575	3098.922356747768	15821
8	583	3123.799697742784	15822
8	596	3196.784612481481	15826
8	607	3250.337851294485	15823
8	619	3307.676026691315	15830
8	632	3412.537107134819	15833
8	644	3519.087139396629	15835
8	658	3616.83230923461	15834
8	664	3648.456053251197	15839
8	672	3665.745704273035	15837
8	675	3671.745704273035	15838
8	685	3753.274123554133	15843
8	694	3809.709120156872	15842
8	718	3933.562519677326	15844
8	732	3994.569930514563	15851
8	746	4052.8898784346	15849
8	783	4239.742453466024	15859
8	784	4245.742453466024	15854
8	799	4303.846608626139	15857
8	812	4357.218505099072	15864
8	817	4373.464419555603	15860
8	820	4378.945203892909	15866
8	822	4381.945203892909	15867
8	828	4408.46056787382	15868
8	830	4425.810873785626	15862
8	846	4492.214155974177	15869
8	854	4534.408323573019	15870
8	857	4572.014741793682	15865
8	877	4733.10201686904	15873
8	905	5053.865072790905	15874
8	913	5090.497549607265	15879
8	931	5174.501716625306	15882
8	936	5206.873387291675	15876
8	938	5237.21517607391	15883
8	942	5251.345741190504	15880
8	948	5267.239873064542	15885
8	964	5354.324801124397	15888
8	966	5360.324801124397	15884
8	970	5373.112817208757	15886
8	975	5407.097083516697	15887
8	989	5484.822742552407	15889
8	1011	5633.417802638496	15892
8	1018	5676.978425506832	15896
8	1023	5707.08526111452	15897
8	1059	5891.500831073538	15902
8	1110	6094.807809730434	15912
8	1112	6100.807809730434	15908
8	1122	6143.282995527868	15913
8	1149	6280.514426375116	15917
8	1183	6460.484525248772	15922
8	1192	6533.679899090791	15919
8	1196	6543.452354551516	15921
8	1205	6582.191662945871	15926
8	1223	6670.673724836991	15928
8	1230	6698.806482470959	15927
8	1247	6786.832310209538	15934
8	1254	6820.389274896113	15930
8	1257	6824.639486728918	15931
8	1258	6827.639486728918	15932
8	1270	6898.807458619079	15936
8	1276	6938.195815238326	15935
8	1282	6978.193555842677	15938
8	1310	7158.954532035629	15943
8	1318	7231.373402779289	15944
8	1339	7340.173179883108	15945
8	1373	7630.86797997582	15952
8	1393	7752.584111784969	15953
8	1408	7835.637823830604	15954
8	1418	7874.859591393515	15957
8	1429	7918.711457344459	15961
8	1435	7938.664052974464	15955
8	1463	8067.200410250693	15968
8	1473	8124.860341328596	15969
8	1478	8130.461797736034	15970
8	1482	8164.270171383786	15971
8	1523	8317.665531817397	15973
8	1534	8335.645416625205	15982
8	1540	8347.906277474706	15978
8	1548	8388.341337710745	15980
8	1556	8428.549488784514	15981
8	1570	8481.398795453454	15983
8	1574	8505.642200500093	15986
8	1582	8547.082567730785	15985
8	1583	8553.082567730785	15987
8	1595	8683.043705348516	15988
8	1656	9030.802602273689	16001
8	1659	9039.038147026527	15995
8	1671	9095.90307296417	15998
8	1675	9109.832596018249	16004
8	1680	9127.691200129455	15994
8	1683	9133.691200129455	16000
8	1699	9192.111293144311	16003
8	1717	9260.348086977399	16002
8	1750	9421.213913076456	16009
8	1752	9424.908810434375	16014
8	1757	9488.694254225645	16010
8	1772	9560.32240183948	16015
8	1782	9621.757844022195	16018
8	1793	9716.457802443752	16017
8	1808	9814.310151913599	16021
8	1824	9869.320940964213	16026
8	1835	9921.376629444024	16022
8	1844	9947.334243079554	16030
8	1853	9974.99090552592	16027
8	1869	10044.175093736093	16033
8	1880	10072.227125657964	16035
8	1901	10156.181699289515	16034
8	1918	10246.699879489873	16039
8	1923	10267.522479923293	16040
8	1935	10331.058474352343	16037
8	1964	10427.318840585772	16042
8	1968	10444.940922621869	16043
8	1973	10455.409453625875	16049
8	1984	10470.408667393645	16052
8	1989	10506.386881373154	16053
8	1995	10521.939585816409	16047
8	2020	10613.112478500372	16054
8	2031	10668.395255391184	16051
8	2073	10936.582202638087	16063
8	2075	10944.135996338144	16064
8	2086	10993.760538963591	16068
8	2090	11006.491701370773	16060
8	2094	11038.368569990843	16062
8	2099	11069.165494820396	16065
8	2103	11082.412878195147	16059
8	2145	11371.163761771441	16075
8	2152	11404.593111126558	16071
8	2158	11454.484754714666	16074
8	2169	11498.005358007583	16079
8	2171	11504.498833618068	16080
8	2176	11546.463595975785	16077
8	2181	11577.896841929485	16078
8	2209	11726.897140821533	16086
8	2240	11881.482611522859	16090
8	2244	11907.88365003425	16085
8	2251	11938.526872521128	16092
8	2256	11944.526872521128	16088
8	2260	11950.526872521128	16094
8	2279	12010.970237865712	16102
8	2294	12055.180539277973	16096
8	2313	12128.352855016468	16105
8	2318	12146.966840641333	16093
8	2357	12361.52858093006	16111
8	2359	12367.52858093006	16112
8	2362	12387.901076324716	16107
8	2365	12413.210606917528	16113
8	2383	12470.346641747617	16116
8	2399	12546.131011036545	16109
8	2415	12603.301181450326	16118
8	2422	12653.159002203375	16119
8	2429	12693.185593101719	16120
8	2431	12699.525999600713	16122
8	2435	12709.803255794098	16123
8	2483	13127.15795559939	16131
8	2486	13188.207111620191	16128
8	2494	13227.114626725572	16129
8	2497	13233.114626725572	16130
8	2504	13319.014605099822	16132
8	2530	13487.861494657433	16137
8	2539	13564.056727203581	16140
8	2561	13682.424600512065	16136
8	2577	13793.335754157702	16143
8	2581	13838.570066789001	16142
8	2586	13884.735292120287	16144
8	2594	13966.608967980276	16146
8	2599	13988.653979298215	16148
8	2611	14102.084563767438	16149
8	2637	14288.647475754934	16153
8	2648	14335.491505458604	16157
8	2669	14421.159396513148	16155
8	2671	14427.186114916674	16156
8	2678	14462.689585562016	16161
8	2689	14481.440058602944	16163
8	2694	14491.44414379946	16159
8	2699	14521.581590342837	16166
8	2712	14566.854704047389	16168
8	2714	14574.771483457612	16158
8	2721	14585.679609144833	16164
8	2737	14664.616038655717	16171
8	2741	14670.616038655717	16167
8	2748	14695.344218507991	16172
8	2752	14723.020603223594	16169
8	2755	14734.250159363484	16170
8	2783	15000.894880355056	16176
8	2784	15006.894880355056	16174
8	2788	15011.307729517802	16175
8	2801	15112.336961363784	16179
8	2805	15137.587863752015	16181
8	2810	15185.414348175477	16177
8	2827	15293.285015631402	16184
8	2832	15321.7898360516	16185
8	2875	15575.247029652323	16188
8	2885	15621.618192783272	16192
8	2901	15698.222046681958	16190
8	2903	15701.955562126144	16197
8	2910	15748.371998342733	16196
8	2914	15778.756753278042	16198
8	2932	15887.240497609869	16200
8	2940	15935.08736253039	16201
8	2952	15998.236199665087	16199
8	2955	16020.888268415829	16204
8	3005	16232.888268415829	16210
8	3033	16400.678929281485	16218
8	3037	16415.372251888397	16216
8	3055	16554.893340425086	16221
8	3060	16640.438791006177	16223
8	3074	16821.36708429696	16222
8	3080	16889.410875711934	16224
8	3082	16894.910600976431	16225
8	3085	16911.125696425893	16226
8	3100	17004.909046040299	16229
8	3104	17027.600072275664	16230
8	3106	17044.789269884704	16227
8	3136	17224.810215281655	16234
8	3153	17328.107071167607	16239
8	3183	17481.610552636878	16243
8	3197	17552.741058587107	16246
8	3213	17655.047371337875	16245
8	3223	17735.001116677224	16249
8	3225	17741.001116677224	16244
8	3256	18075.058148462608	16253
8	3301	18412.408528473945	16257
8	3336	18542.975848380344	16264
8	3339	18547.257107825817	16265
8	3349	18578.114030835425	16268
8	3357	18635.522479602175	16272
8	3362	18645.811399306325	16269
8	3369	18669.249021284169	16266
8	3394	18761.404632404875	16270
8	3399	18776.299082711648	16274
8	3420	18857.501571963711	16278
8	3425	18878.413043430776	16279
8	3433	18903.351899948658	16283
8	3460	19008.084031672691	16284
8	3464	19027.997877132564	16285
8	3468	19048.097901592873	16286
8	3472	19064.087513958367	16290
8	3477	19105.39095405396	16291
8	3487	19137.165561709683	16292
8	3494	19164.868619256423	16287
8	3529	19357.500348085016	16295
8	3530	19363.500348085016	16298
8	3537	19417.919654960091	16299
8	3548	19468.614992735805	16301
8	3557	19527.795706654266	16303
8	3576	19649.792638297616	16304
8	3590	19748.616951831312	16308
8	3597	19818.995270429115	16310
8	3616	19941.98475870026	16311
9	195	1058.179330890866	1
9	196	1061.179330890866	0
9	217	1170.539243585328	1
9	219	1173.539243585328	0
9	243	1284.198147435068	1
9	244	1287.198147435068	0
9	250	1301.682539281539	1
9	252	1304.682539281539	0
9	260	1348.65146730165	1
9	261	1351.65146730165	0
9	268	1399.917140376711	1
9	270	1402.917140376711	0
9	273	1408.500512585398	1
9	276	1411.500512585398	0
9	289	1505.077357458501	1
9	291	1508.077357458501	0
9	292	1510.872665044571	1
9	295	1513.872665044571	0
9	298	1526.899005225358	1
9	300	1529.899005225358	0
9	305	1598.957314312587	1
9	306	1601.957314312587	0
9	331	1784.238181981709	1
9	332	1787.238181981709	0
9	338	1845.10609773948	1
9	339	1848.10609773948	0
9	351	1920.396208424527	1
9	352	1923.396208424527	0
9	358	1995.973354289147	1
9	359	1998.729624763295	2
9	360	1998.973354289147	1
9	363	2004.973354289147	0
9	366	2047.784362995126	1
9	367	2050.784362995126	0
9	383	2161.206582080461	1
9	384	2164.206582080461	0
9	429	2355.871847488339	1
9	431	2358.871847488339	0
9	442	2390.520100549898	1
9	443	2393.520100549898	0
9	471	2502.766737320337	1
9	472	2505.766737320337	0
9	476	2531.648116434361	1
9	478	2534.648116434361	0
9	484	2597.877174112155	1
9	485	2600.877174112155	0
9	494	2654.431507696808	1
9	495	2657.431507696808	0
9	534	2918.861133115627	1
9	535	2921.861133115627	0
9	544	2973.471792368511	1
9	545	2976.471792368511	0
9	570	3090.784612481481	1
9	572	3093.784612481481	0
9	574	3097.275415063753	1
9	576	3100.275415063753	0
9	585	3144.337851294485	1
9	586	3147.337851294485	0
9	588	3182.383739724426	1
9	590	3185.383739724426	0
9	599	3201.676026691315	1
9	601	3204.676026691315	0
9	623	3391.964318967451	1
9	625	3394.964318967451	0
9	647	3550.832140328574	1
9	648	3553.832140328574	0
9	650	3559.745704273035	1
9	652	3562.745704273035	0
9	676	3703.709120156872	1
9	677	3706.709120156872	0
9	687	3760.212833083806	1
9	688	3763.212833083806	0
9	708	3873.588599849324	1
9	709	3876.588599849324	0
9	715	3916.784854260286	1
9	716	3919.784854260286	0
9	722	3946.8898784346	1
9	724	3949.8898784346	0
9	741	4042.749720719079	1
9	742	4045.749720719079	0
9	755	4116.079510264727	1
9	756	4119.079510264727	0
9	759	4135.022841260863	1
9	761	4138.022841260863	0
9	763	4151.872022634799	1
9	765	4154.872022634799	0
9	767	4175.331365488466	1
9	768	4178.331365488466	0
9	772	4197.846608626139	1
9	773	4200.846608626139	0
9	774	4205.187257319282	1
9	775	4208.187257319282	0
9	779	4227.455005561158	1
9	780	4230.455005561158	0
9	789	4267.464419555603	1
9	790	4270.464419555603	0
9	802	4319.810873785626	1
9	803	4322.810873785626	0
9	807	4339.742453466024	1
9	808	4342.742453466024	0
9	831	4425.855398649214	1
9	832	4428.855398649214	0
9	836	4457.218505099072	1
9	837	4460.218505099072	0
9	838	4466.014741793682	1
9	839	4469.014741793682	0
9	841	4478.945203892909	1
9	842	4481.945203892909	2
9	843	4481.945203892909	1
9	844	4484.945203892909	0
9	867	4634.408323573019	1
9	868	4637.408323573019	0
9	894	4947.865072790905	1
9	895	4950.865072790905	0
9	901	5023.436304949783	1
9	902	5026.436304949783	0
9	909	5064.703367213047	1
9	910	5067.703367213047	0
9	914	5100.873387291675	1
9	915	5103.873387291675	0
9	918	5145.345741190504	1
9	919	5148.345741190504	0
9	923	5158.168259989257	1
9	925	5161.168259989257	0
9	932	5190.497549607265	1
9	933	5193.497549607265	0
9	940	5250.652745514942	1
9	943	5253.652745514942	0
9	947	5267.112817208757	1
9	949	5270.112817208757	0
9	976	5423.478631978366	1
9	977	5426.478631978366	0
9	994	5527.417802638496	1
9	996	5530.417802638496	0
9	1019	5694.171227579159	1
9	1021	5697.171227579159	0
9	1024	5710.750353024132	1
9	1025	5713.750353024132	0
9	1052	5858.7860614792	1
9	1053	5861.7860614792	0
9	1074	5953.896962987003	1
9	1077	5956.896962987003	0
9	1082	5991.418783116297	1
9	1085	5994.418783116297	0
9	1105	6061.196602125413	1
9	1106	6064.196602125413	0
9	1113	6102.71043262345	1
9	1115	6105.71043262345	0
9	1144	6250.214347821542	1
9	1145	6253.214347821542	0
9	1156	6334.420369019456	1
9	1159	6337.420369019456	0
9	1165	6380.514426375116	1
9	1166	6383.514426375116	0
9	1171	6427.679899090791	1
9	1172	6430.679899090791	0
9	1189	6522.735438387546	1
9	1190	6525.735438387546	0
9	1193	6537.980203907419	1
9	1195	6540.980203907419	0
9	1198	6549.01041751634	1
9	1200	6552.01041751634	0
9	1201	6560.484525248772	1
9	1202	6563.484525248772	0
9	1206	6592.806482470959	1
9	1207	6595.806482470959	0
9	1218	6650.008956507959	1
9	1220	6653.008956507959	0
9	1229	6695.906828887865	1
9	1231	6698.906828887865	0
9	1232	6714.389274896113	1
9	1233	6717.389274896113	0
9	1241	6770.673724836991	1
9	1242	6773.673724836991	0
9	1243	6779.002031606541	1
9	1244	6782.002031606541	0
9	1266	6886.832310209538	1
9	1268	6889.832310209538	0
9	1289	7049.306673877923	1
9	1290	7052.306673877923	0
9	1302	7138.075584863625	1
9	1303	7141.075584863625	0
9	1306	7152.812672775741	1
9	1308	7155.812672775741	0
9	1335	7331.373402779289	1
9	1336	7334.373402779289	0
9	1349	7383.155990786047	1
9	1350	7386.155990786047	0
9	1367	7575.786665970773	1
9	1368	7578.786665970773	0
9	1383	7729.637823830604	1
9	1386	7732.637823830604	0
9	1394	7768.859591393515	1
9	1395	7771.859591393515	0
9	1402	7812.711457344459	1
9	1404	7815.711457344459	0
9	1406	7832.664052974464	1
9	1409	7835.664052974464	0
9	1421	7890.126244393542	1
9	1423	7893.126244393542	0
9	1437	7946.725794406826	1
9	1439	7949.725794406826	0
9	1448	8017.593618005473	1
9	1450	8020.593618005473	0
9	1489	8186.654491638682	1
9	1490	8189.654491638682	0
9	1492	8211.665531817397	1
9	1493	8214.665531817397	0
9	1498	8224.860341328596	1
9	1500	8227.860341328596	0
9	1501	8229.663375169091	1
9	1505	8232.663375169091	0
9	1515	8275.034424131329	1
9	1517	8278.034424131329	0
9	1518	8282.341337710745	1
9	1519	8285.341337710745	0
9	1524	8322.549488784514	1
9	1526	8325.549488784514	0
9	1555	8426.906277474706	1
9	1557	8429.906277474706	0
9	1559	8435.645416625205	1
9	1560	8438.645416625205	0
9	1562	8441.082567730785	1
9	1563	8444.082567730785	0
9	1586	8605.642200500093	1
9	1587	8608.642200500093	0
9	1591	8653.082567730785	1
9	1592	8656.082567730785	0
9	1603	8758.250245450426	1
9	1604	8761.250245450426	0
9	1605	8783.043705348516	1
9	1606	8786.043705348516	0
9	1611	8811.566218584451	1
9	1612	8814.566218584451	0
9	1615	8839.100673088367	1
9	1617	8842.100673088367	0
9	1623	8891.399938519818	1
9	1624	8894.399938519818	0
9	1643	8989.90307296417	1
9	1644	8992.90307296417	0
9	1646	9003.857538734256	1
9	1647	9005.408463598369	2
9	1649	9006.857538734256	1
9	1650	9012.857538734256	0
9	1651	9021.691200129455	1
9	1652	9023.98915868426	2
9	1653	9024.691200129455	1
9	1655	9030.691200129455	0
9	1663	9053.864678789973	1
9	1665	9056.864678789973	0
9	1668	9086.111293144311	1
9	1669	9089.111293144311	0
9	1682	9130.802602273689	1
9	1684	9133.802602273689	0
9	1688	9146.123455111706	1
9	1689	9149.123455111706	0
9	1690	9154.348086977399	1
9	1692	9157.348086977399	0
9	1702	9209.832596018249	1
9	1706	9212.832596018249	0
9	1729	9315.213913076456	1
9	1730	9318.213913076456	0
9	1732	9336.013997252515	1
9	1734	9339.013997252515	0
9	1738	9382.694254225645	1
9	1739	9385.694254225645	0
9	1740	9386.910180287256	1
9	1741	9389.910180287256	0
9	1742	9390.241371030698	1
9	1743	9393.241371030698	0
9	1754	9454.32240183948	1
9	1755	9457.32240183948	0
9	1779	9610.457802443752	1
9	1780	9613.457802443752	0
9	1803	9771.480897602159	1
9	1805	9774.480897602159	0
9	1809	9815.376629444024	1
9	1811	9818.376629444024	0
9	1813	9833.015865180329	1
9	1814	9836.015865180329	0
9	1823	9868.99090552592	1
9	1825	9871.99090552592	0
9	1874	10050.181699289515	1
9	1875	10053.181699289515	0
9	1877	10069.084496219773	1
9	1879	10072.084496219773	0
9	1883	10075.084496219773	1
9	1884	10078.084496219773	0
9	1888	10095.903317153273	1
9	1889	10098.903317153273	0
9	1912	10225.058474352343	1
9	1913	10228.058474352343	0
9	1936	10332.940922621869	1
9	1937	10335.186827487192	2
9	1938	10335.940922621869	1
9	1939	10341.940922621869	0
9	1942	10350.266318902408	1
9	1944	10353.266318902408	0
9	1950	10367.522479923293	1
9	1951	10370.522479923293	0
9	1957	10409.939585816409	1
9	1958	10412.227758700528	2
9	1959	10412.939585816409	1
9	1961	10418.939585816409	0
9	1986	10486.015297535641	1
9	1987	10489.015297535641	0
9	2006	10562.395255391184	1
9	2009	10565.395255391184	0
9	2012	10567.1714474738	1
9	2013	10570.1714474738	0
9	2014	10570.408667393645	1
9	2015	10573.408667393645	0
9	2045	10769.040132822836	1
9	2046	10772.040132822836	0
9	2050	10825.794570623158	1
9	2051	10828.794570623158	0
9	2056	10843.910383727382	1
9	2057	10846.910383727382	0
9	2080	10976.412878195147	1
9	2082	10979.412878195147	0
9	2093	11036.582202638087	1
9	2095	11039.582202638087	0
9	2096	11044.135996338144	1
9	2097	11047.135996338144	0
9	2106	11093.760538963591	1
9	2109	11096.760538963591	0
9	2111	11100.699515082788	1
9	2112	11103.699515082788	0
9	2119	11180.2197608963	1
9	2121	11183.2197608963	0
9	2130	11249.238339427566	1
9	2131	11252.238339427566	0
9	2135	11298.593111126558	1
9	2136	11301.593111126558	0
9	2140	11348.484754714666	1
9	2141	11351.484754714666	0
9	2147	11389.258270439252	1
9	2148	11392.258270439252	0
9	2162	11471.896841929485	1
9	2163	11474.896841929485	0
9	2199	11690.045010841124	1
9	2200	11693.045010841124	0
9	2212	11741.76431552264	1
9	2213	11744.76431552264	0
9	2217	11801.88365003425	1
9	2219	11804.88365003425	0
9	2220	11807.88365003425	1
9	2222	11810.88365003425	0
9	2252	11939.357043616679	1
9	2255	11942.357043616679	0
9	2265	11960.379575100445	1
9	2267	11963.379575100445	0
9	2275	12006.697889691409	1
9	2278	12009.697889691409	0
9	2284	12040.966840641333	1
9	2287	12043.966840641333	0
9	2332	12229.481595192802	1
9	2334	12232.481595192802	0
9	2346	12330.032159521097	1
9	2349	12333.032159521097	0
9	2351	12339.029325598915	1
9	2353	12342.029325598915	0
9	2368	12430.443793710698	1
9	2370	12433.443793710698	0
9	2372	12440.131011036545	1
9	2374	12443.131011036545	0
9	2392	12513.210606917528	1
9	2393	12516.210606917528	0
9	2400	12547.159002203375	1
9	2401	12550.159002203375	0
9	2405	12570.346641747617	1
9	2407	12573.346641747617	0
9	2408	12580.400608193797	1
9	2409	12583.400608193797	0
9	2410	12587.185593101719	1
9	2411	12590.185593101719	0
9	2423	12653.514644116079	1
9	2424	12656.514644116079	0
9	2447	12809.803255794098	1
9	2448	12812.803255794098	0
9	2459	12933.55272427627	1
9	2460	12936.55272427627	0
9	2473	13112.337698002651	1
9	2475	13115.337698002651	0
9	2479	13121.253619910234	1
9	2482	13124.253619910234	0
9	2487	13213.014605099822	1
9	2489	13216.014605099822	0
9	2490	13221.188675331157	1
9	2492	13224.188675331157	0
9	2536	13557.310894017303	1
9	2537	13560.310894017303	0
9	2543	13576.424600512065	1
9	2544	13579.424600512065	0
9	2555	13664.056727203581	1
9	2556	13667.056727203581	0
9	2567	13732.570066789001	1
9	2568	13735.570066789001	0
9	2569	13754.35342042611	1
9	2570	13757.35342042611	0
9	2573	13778.735292120287	1
9	2574	13781.735292120287	0
9	2590	13897.947670575589	1
9	2591	13900.947670575589	0
9	2600	13996.084563767438	1
9	2601	13999.084563767438	0
9	2616	14178.68037690843	1
9	2617	14181.68037690843	0
9	2643	14315.159396513148	1
9	2644	14318.159396513148	0
9	2661	14385.44414379946	1
9	2662	14388.44414379946	0
9	2672	14435.491505458604	1
9	2673	14438.491505458604	0
9	2681	14468.771483457612	1
9	2682	14471.771483457612	0
9	2683	14473.698333028427	1
9	2685	14476.698333028427	0
9	2691	14485.343940424815	1
9	2692	14488.343940424815	0
9	2704	14552.926405168505	1
9	2705	14555.926405168505	0
9	2706	14559.708236661476	1
9	2709	14562.708236661476	0
9	2727	14617.020603223594	1
9	2728	14620.020603223594	0
9	2771	14895.202690916336	1
9	2773	14898.202690916336	0
9	2775	14903.928568845322	1
9	2777	14906.928568845322	0
9	2794	15092.19697580484	1
9	2795	15095.19697580484	0
9	2806	15147.787512217096	1
9	2807	15150.787512217096	0
9	2819	15237.587863752015	1
9	2820	15240.587863752015	0
9	2833	15327.368010569647	1
9	2834	15330.368010569647	0
9	2842	15393.736822640956	1
9	2844	15396.736822640956	0
9	2872	15551.028696922309	1
9	2873	15554.028696922309	0
9	2878	15592.222046681958	1
9	2879	15595.222046681958	0
9	2889	15642.371998342733	1
9	2890	15644.499210456829	2
9	2891	15645.371998342733	1
9	2892	15651.371998342733	0
9	2898	15692.101270711598	1
9	2899	15695.101270711598	0
9	2904	15718.58874452449	1
9	2905	15721.58874452449	0
9	2907	15726.837310306572	1
9	2908	15729.837310306572	0
9	2933	15892.236199665087	1
9	2934	15895.236199665087	0
9	2961	16035.08736253039	1
9	2963	16038.08736253039	0
9	2964	16048.140738453587	1
9	2965	16051.140738453587	0
9	2967	16077.929958536636	1
9	2968	16080.929958536636	0
9	2969	16083.532404277234	1
9	2971	16086.532404277234	0
9	2976	16120.888268415829	1
9	2978	16123.417558289732	2
9	2980	16123.888268415829	1
9	2981	16128.365705806917	2
9	2982	16129.888268415829	1
9	2984	16135.888268415829	0
9	3012	16265.036719416464	1
9	3013	16268.036719416464	0
9	3014	16294.484914027792	1
9	3015	16297.484914027792	0
9	3017	16309.372251888397	1
9	3019	16312.372251888397	0
9	3023	16330.384639455559	1
9	3025	16333.384639455559	0
9	3026	16343.312411681533	1
9	3028	16346.312411681533	0
9	3034	16410.113159186715	1
9	3036	16413.113159186715	0
9	3064	16715.36708429696	1
9	3065	16718.36708429696	0
9	3066	16740.438791006177	1
9	3067	16743.438791006177	0
9	3088	16938.789269884704	1
9	3089	16941.789269884704	0
9	3095	16989.410875711934	1
9	3096	16992.410875711934	0
9	3097	16994.910600976431	1
9	3098	16997.910600976431	0
9	3112	17081.768376423065	1
9	3114	17084.768376423065	0
9	3117	17104.909046040299	1
9	3118	17107.909046040299	0
9	3140	17242.266935530053	1
9	3141	17245.266935530053	0
9	3161	17366.763860814258	1
9	3162	17369.763860814258	0
9	3164	17392.157059138937	1
9	3165	17395.157059138937	0
9	3171	17439.286184066669	1
9	3172	17441.608031548311	2
9	3173	17442.286184066669	1
9	3175	17448.286184066669	0
9	3178	17453.704228691919	1
9	3179	17456.704228691919	0
9	3194	17549.047371337875	1
9	3196	17552.047371337875	0
9	3206	17630.290885080704	1
9	3209	17633.290885080704	0
9	3215	17675.754618197159	1
9	3216	17678.754618197159	0
9	3244	17969.058148462608	1
9	3245	17972.058148462608	0
9	3259	18102.52201792538	1
9	3260	18105.52201792538	0
9	3262	18154.414767226737	1
9	3263	18157.414767226737	0
9	3277	18272.457671055064	1
9	3278	18275.457671055064	0
9	3280	18306.408528473945	1
9	3281	18309.408528473945	0
9	3303	18414.494249878356	1
9	3304	18417.494249878356	0
9	3305	18429.486095006595	1
9	3307	18432.486095006595	0
9	3322	18472.114030835425	1
9	3323	18475.114030835425	0
9	3331	18532.613481607449	1
9	3332	18535.613481607449	0
9	3333	18539.811399306325	1
9	3335	18542.811399306325	0
9	3343	18563.249021284169	1
9	3344	18566.249021284169	0
9	3366	18655.404632404875	1
9	3367	18658.404632404875	0
9	3370	18670.299082711648	1
9	3372	18673.299082711648	0
9	3378	18699.4713221161	1
9	3379	18702.4713221161	0
9	3396	18772.413043430776	1
9	3398	18775.413043430776	0
9	3415	18850.142081315117	1
9	3416	18853.142081315117	0
9	3429	18891.675140400999	1
9	3430	18894.675140400999	0
9	3432	18902.084031672691	1
9	3434	18905.084031672691	0
9	3438	18921.997877132564	1
9	3439	18924.997877132564	0
9	3469	19058.868619256423	1
9	3471	19061.868619256423	0
9	3479	19109.413724297306	1
9	3482	19112.413724297306	0
9	3493	19164.087513958367	1
9	3495	19167.087513958367	0
9	3496	19175.036383294679	1
9	3497	19178.036383294679	0
9	3499	19205.39095405396	1
9	3500	19208.39095405396	0
9	3505	19237.165561709683	1
9	3506	19240.165561709683	0
9	3510	19251.500348085016	1
9	3511	19254.500348085016	0
9	3517	19283.356492486779	1
9	3518	19286.356492486779	0
9	3523	19346.022094961746	1
9	3525	19349.022094961746	0
9	3545	19463.500348085016	1
9	3547	19466.500348085016	0
9	3551	19509.653157638748	1
9	3552	19512.653157638748	0
9	3559	19543.792638297616	1
9	3560	19546.792638297616	0
9	3562	19568.614992735805	1
9	3563	19571.614992735805	0
9	3572	19643.107780923296	1
9	3574	19646.107780923296	0
9	3583	19721.441526165967	1
9	3584	19724.441526165967	0
9	3606	19860.274073690466	1
9	3607	19863.274073690466	0
9	3610	19918.995270429115	1
9	3612	19921.995270429115	0
10	196	1061.179330890866	3
10	219	1173.539243585328	3
10	244	1287.198147435068	3
10	252	1304.682539281539	3
10	261	1351.65146730165	3
10	270	1402.917140376711	3
10	276	1411.500512585398	3
10	291	1508.077357458501	3
10	295	1513.872665044571	3
10	300	1529.899005225358	3
10	306	1601.957314312587	3
10	332	1787.238181981709	3
10	339	1848.10609773948	3
10	352	1923.396208424527	3
10	360	1998.973354289147	3
10	363	2004.973354289147	6.243729525852
10	367	2050.784362995126	3
10	384	2164.206582080461	3
10	431	2358.871847488339	3
10	443	2393.520100549898	3
10	472	2505.766737320337	3
10	478	2534.648116434361	3
10	485	2600.877174112155	3
10	495	2657.431507696808	3
10	535	2921.861133115627	3
10	545	2976.471792368511	3
10	572	3093.784612481481	3
10	576	3100.275415063753	3
10	586	3147.337851294485	3
10	590	3185.383739724426	3
10	601	3204.676026691315	3
10	625	3394.964318967451	3
10	648	3553.832140328574	3
10	652	3562.745704273035	3
10	677	3706.709120156872	3
10	688	3763.212833083806	3
10	709	3876.588599849324	3
10	716	3919.784854260286	3
10	724	3949.8898784346	3
10	742	4045.749720719079	3
10	756	4119.079510264727	3
10	761	4138.022841260863	3
10	765	4154.872022634799	3
10	768	4178.331365488466	3
10	773	4200.846608626139	3
10	775	4208.187257319282	3
10	780	4230.455005561158	3
10	790	4270.464419555603	3
10	803	4322.810873785626	3
10	808	4342.742453466024	3
10	832	4428.855398649214	3
10	837	4460.218505099072	3
10	839	4469.014741793682	3
10	843	4481.945203892909	3
10	844	4484.945203892909	3
10	868	4637.408323573019	3
10	895	4950.865072790905	3
10	902	5026.436304949783	3
10	910	5067.703367213047	3
10	915	5103.873387291675	3
10	919	5148.345741190504	3
10	925	5161.168259989257	3
10	933	5193.497549607265	3
10	943	5253.652745514942	3
10	949	5270.112817208757	3
10	977	5426.478631978366	3
10	996	5530.417802638496	3
10	1021	5697.171227579159	3
10	1025	5713.750353024132	3
10	1053	5861.7860614792	3
10	1077	5956.896962987003	3
10	1085	5994.418783116297	3
10	1106	6064.196602125413	3
10	1115	6105.71043262345	3
10	1145	6253.214347821542	3
10	1159	6337.420369019456	3
10	1166	6383.514426375116	3
10	1172	6430.679899090791	3
10	1190	6525.735438387546	3
10	1195	6540.980203907419	3
10	1200	6552.01041751634	3
10	1202	6563.484525248772	3
10	1207	6595.806482470959	3
10	1220	6653.008956507959	3
10	1231	6698.906828887865	3
10	1233	6717.389274896113	3
10	1242	6773.673724836991	3
10	1244	6782.002031606541	3
10	1268	6889.832310209538	3
10	1290	7052.306673877923	3
10	1303	7141.075584863625	3
10	1308	7155.812672775741	3
10	1336	7334.373402779289	3
10	1350	7386.155990786047	3
10	1368	7578.786665970773	3
10	1386	7732.637823830604	3
10	1395	7771.859591393515	3
10	1404	7815.711457344459	3
10	1409	7835.664052974464	3
10	1423	7893.126244393542	3
10	1439	7949.725794406826	3
10	1450	8020.593618005473	3
10	1490	8189.654491638682	3
10	1493	8214.665531817397	3
10	1500	8227.860341328596	3
10	1505	8232.663375169091	3
10	1517	8278.034424131329	3
10	1519	8285.341337710745	3
10	1526	8325.549488784514	3
10	1557	8429.906277474706	3
10	1560	8438.645416625205	3
10	1563	8444.082567730785	3
10	1587	8608.642200500093	3
10	1592	8656.082567730785	3
10	1604	8761.250245450426	3
10	1606	8786.043705348516	3
10	1612	8814.566218584451	3
10	1617	8842.100673088367	3
10	1624	8894.399938519818	3
10	1644	8992.90307296417	3
10	1649	9006.857538734256	3
10	1650	9012.857538734256	7.449075135887
10	1653	9024.691200129455	3
10	1655	9030.691200129455	6.702041445195
10	1665	9056.864678789973	3
10	1669	9089.111293144311	3
10	1684	9133.802602273689	3
10	1689	9149.123455111706	3
10	1692	9157.348086977399	3
10	1706	9212.832596018249	3
10	1730	9318.213913076456	3
10	1734	9339.013997252515	3
10	1739	9385.694254225645	3
10	1741	9389.910180287256	3
10	1743	9393.241371030698	3
10	1755	9457.32240183948	3
10	1780	9613.457802443752	3
10	1805	9774.480897602159	3
10	1811	9818.376629444024	3
10	1814	9836.015865180329	3
10	1825	9871.99090552592	3
10	1875	10053.181699289515	3
10	1879	10072.084496219773	3
10	1884	10078.084496219773	3
10	1889	10098.903317153273	3
10	1913	10228.058474352343	3
10	1938	10335.940922621869	3
10	1939	10341.940922621869	6.754095134677
10	1944	10353.266318902408	3
10	1951	10370.522479923293	3
10	1959	10412.939585816409	3
10	1961	10418.939585816409	6.711827115881
10	1987	10489.015297535641	3
10	2009	10565.395255391184	3
10	2013	10570.1714474738	3
10	2015	10573.408667393645	3
10	2046	10772.040132822836	3
10	2051	10828.794570623158	3
10	2057	10846.910383727382	3
10	2082	10979.412878195147	3
10	2095	11039.582202638087	3
10	2097	11047.135996338144	3
10	2109	11096.760538963591	3
10	2112	11103.699515082788	3
10	2121	11183.2197608963	3
10	2131	11252.238339427566	3
10	2136	11301.593111126558	3
10	2141	11351.484754714666	3
10	2148	11392.258270439252	3
10	2163	11474.896841929485	3
10	2200	11693.045010841124	3
10	2213	11744.76431552264	3
10	2219	11804.88365003425	3
10	2222	11810.88365003425	3
10	2255	11942.357043616679	3
10	2267	11963.379575100445	3
10	2278	12009.697889691409	3
10	2287	12043.966840641333	3
10	2334	12232.481595192802	3
10	2349	12333.032159521097	3
10	2353	12342.029325598915	3
10	2370	12433.443793710698	3
10	2374	12443.131011036545	3
10	2393	12516.210606917528	3
10	2401	12550.159002203375	3
10	2407	12573.346641747617	3
10	2409	12583.400608193797	3
10	2411	12590.185593101719	3
10	2424	12656.514644116079	3
10	2448	12812.803255794098	3
10	2460	12936.55272427627	3
10	2475	13115.337698002651	3
10	2482	13124.253619910234	3
10	2489	13216.014605099822	3
10	2492	13224.188675331157	3
10	2537	13560.310894017303	3
10	2544	13579.424600512065	3
10	2556	13667.056727203581	3
10	2568	13735.570066789001	3
10	2570	13757.35342042611	3
10	2574	13781.735292120287	3
10	2591	13900.947670575589	3
10	2601	13999.084563767438	3
10	2617	14181.68037690843	3
10	2644	14318.159396513148	3
10	2662	14388.44414379946	3
10	2673	14438.491505458604	3
10	2682	14471.771483457612	3
10	2685	14476.698333028427	3
10	2692	14488.343940424815	3
10	2705	14555.926405168505	3
10	2709	14562.708236661476	3
10	2728	14620.020603223594	3
10	2773	14898.202690916336	3
10	2777	14906.928568845322	3
10	2795	15095.19697580484	3
10	2807	15150.787512217096	3
10	2820	15240.587863752015	3
10	2834	15330.368010569647	3
10	2844	15396.736822640956	3
10	2873	15554.028696922309	3
10	2879	15595.222046681958	3
10	2891	15645.371998342733	3
10	2892	15651.371998342733	6.872787885904
10	2899	15695.101270711598	3
10	2905	15721.58874452449	3
10	2908	15729.837310306572	3
10	2934	15895.236199665087	3
10	2963	16038.08736253039	3
10	2965	16051.140738453587	3
10	2968	16080.929958536636	3
10	2971	16086.532404277234	3
10	2980	16123.888268415829	3
10	2982	16129.888268415829	6.470710126097
10	2984	16135.888268415829	7.522562608912
10	3013	16268.036719416464	3
10	3015	16297.484914027792	3
10	3019	16312.372251888397	3
10	3025	16333.384639455559	3
10	3028	16346.312411681533	3
10	3036	16413.113159186715	3
10	3065	16718.36708429696	3
10	3067	16743.438791006177	3
10	3089	16941.789269884704	3
10	3096	16992.410875711934	3
10	3098	16997.910600976431	3
10	3114	17084.768376423065	3
10	3118	17107.909046040299	3
10	3141	17245.266935530053	3
10	3162	17369.763860814258	3
10	3165	17395.157059138937	3
10	3173	17442.286184066669	3
10	3175	17448.286184066669	6.678152518358
10	3179	17456.704228691919	3
10	3196	17552.047371337875	3
10	3209	17633.290885080704	3
10	3216	17678.754618197159	3
10	3245	17972.058148462608	3
10	3260	18105.52201792538	3
10	3263	18157.414767226737	3
10	3278	18275.457671055064	3
10	3281	18309.408528473945	3
10	3304	18417.494249878356	3
10	3307	18432.486095006595	3
10	3323	18475.114030835425	3
10	3332	18535.613481607449	3
10	3335	18542.811399306325	3
10	3344	18566.249021284169	3
10	3367	18658.404632404875	3
10	3372	18673.299082711648	3
10	3379	18702.4713221161	3
10	3398	18775.413043430776	3
10	3416	18853.142081315117	3
10	3430	18894.675140400999	3
10	3434	18905.084031672691	3
10	3439	18924.997877132564	3
10	3471	19061.868619256423	3
10	3482	19112.413724297306	3
10	3495	19167.087513958367	3
10	3497	19178.036383294679	3
10	3500	19208.39095405396	3
10	3506	19240.165561709683	3
10	3511	19254.500348085016	3
10	3518	19286.356492486779	3
10	3525	19349.022094961746	3
10	3547	19466.500348085016	3
10	3552	19512.653157638748	3
10	3560	19546.792638297616	3
10	3563	19571.614992735805	3
10	3574	19646.107780923296	3
10	3584	19724.441526165967	3
10	3607	19863.274073690466	3
10	3612	19921.995270429115	3
11	196	1061.179330890866	15761
11	219	1173.539243585328	15767
11	244	1287.198147435068	15773
11	252	1304.682539281539	15774
11	261	1351.65146730165	15766
11	270	1402.917140376711	15777
11	276	1411.500512585398	15775
11	291	1508.077357458501	15778
11	295	1513.872665044571	15779
11	300	1529.899005225358	15780
11	306	1601.957314312587	15782
11	332	1787.238181981709	15786
11	339	1848.10609773948	15785
11	352	1923.396208424527	15787
11	360	1998.973354289147	15791
11	363	2004.973354289147	15789
11	367	2050.784362995126	15793
11	384	2164.206582080461	15794
11	431	2358.871847488339	15800
11	443	2393.520100549898	15798
11	472	2505.766737320337	15801
11	478	2534.648116434361	15808
11	485	2600.877174112155	15810
11	495	2657.431507696808	15811
11	535	2921.861133115627	15812
11	545	2976.471792368511	15815
11	572	3093.784612481481	15826
11	576	3100.275415063753	15819
11	586	3147.337851294485	15823
11	590	3185.383739724426	15824
11	601	3204.676026691315	15830
11	625	3394.964318967451	15832
11	648	3553.832140328574	15836
11	652	3562.745704273035	15837
11	677	3706.709120156872	15842
11	688	3763.212833083806	15840
11	709	3876.588599849324	15841
11	716	3919.784854260286	15846
11	724	3949.8898784346	15849
11	742	4045.749720719079	15847
11	756	4119.079510264727	15845
11	761	4138.022841260863	15854
11	765	4154.872022634799	15855
11	768	4178.331365488466	15856
11	773	4200.846608626139	15857
11	775	4208.187257319282	15852
11	780	4230.455005561158	15858
11	790	4270.464419555603	15860
11	803	4322.810873785626	15862
11	808	4342.742453466024	15859
11	832	4428.855398649214	15863
11	837	4460.218505099072	15864
11	839	4469.014741793682	15865
11	843	4481.945203892909	15866
11	844	4484.945203892909	15867
11	868	4637.408323573019	15870
11	895	4950.865072790905	15874
11	902	5026.436304949783	15875
11	910	5067.703367213047	15878
11	915	5103.873387291675	15876
11	919	5148.345741190504	15880
11	925	5161.168259989257	15877
11	933	5193.497549607265	15879
11	943	5253.652745514942	15884
11	949	5270.112817208757	15886
11	977	5426.478631978366	15890
11	996	5530.417802638496	15892
11	1021	5697.171227579159	15893
11	1025	5713.750353024132	15894
11	1053	5861.7860614792	15895
11	1077	5956.896962987003	15907
11	1085	5994.418783116297	15908
11	1106	6064.196602125413	15901
11	1115	6105.71043262345	15903
11	1145	6253.214347821542	15916
11	1159	6337.420369019456	15915
11	1166	6383.514426375116	15917
11	1172	6430.679899090791	15919
11	1190	6525.735438387546	15918
11	1195	6540.980203907419	15920
11	1200	6552.01041751634	15925
11	1202	6563.484525248772	15922
11	1207	6595.806482470959	15927
11	1220	6653.008956507959	15924
11	1231	6698.906828887865	15929
11	1233	6717.389274896113	15930
11	1242	6773.673724836991	15928
11	1244	6782.002031606541	15933
11	1268	6889.832310209538	15934
11	1290	7052.306673877923	15939
11	1303	7141.075584863625	15941
11	1308	7155.812672775741	15942
11	1336	7334.373402779289	15944
11	1350	7386.155990786047	15947
11	1368	7578.786665970773	15950
11	1386	7732.637823830604	15954
11	1395	7771.859591393515	15957
11	1404	7815.711457344459	15961
11	1409	7835.664052974464	15955
11	1423	7893.126244393542	15959
11	1439	7949.725794406826	15964
11	1450	8020.593618005473	15963
11	1490	8189.654491638682	15972
11	1493	8214.665531817397	15973
11	1500	8227.860341328596	15969
11	1505	8232.663375169091	15977
11	1517	8278.034424131329	15979
11	1519	8285.341337710745	15980
11	1526	8325.549488784514	15981
11	1557	8429.906277474706	15974
11	1560	8438.645416625205	15982
11	1563	8444.082567730785	15985
11	1587	8608.642200500093	15986
11	1592	8656.082567730785	15987
11	1604	8761.250245450426	15990
11	1606	8786.043705348516	15988
11	1612	8814.566218584451	15993
11	1617	8842.100673088367	15989
11	1624	8894.399938519818	15991
11	1644	8992.90307296417	15998
11	1649	9006.857538734256	15999
11	1650	9012.857538734256	15992
11	1653	9024.691200129455	15994
11	1655	9030.691200129455	16000
11	1665	9056.864678789973	15997
11	1669	9089.111293144311	16003
11	1684	9133.802602273689	16001
11	1689	9149.123455111706	15996
11	1692	9157.348086977399	16002
11	1706	9212.832596018249	16004
11	1730	9318.213913076456	16009
11	1734	9339.013997252515	16011
11	1739	9385.694254225645	16010
11	1741	9389.910180287256	16012
11	1743	9393.241371030698	16007
11	1755	9457.32240183948	16015
11	1780	9613.457802443752	16017
11	1805	9774.480897602159	16020
11	1811	9818.376629444024	16022
11	1814	9836.015865180329	16023
11	1825	9871.99090552592	16027
11	1875	10053.181699289515	16034
11	1879	10072.084496219773	16031
11	1884	10078.084496219773	16025
11	1889	10098.903317153273	16036
11	1913	10228.058474352343	16037
11	1938	10335.940922621869	16038
11	1939	10341.940922621869	16043
11	1944	10353.266318902408	16044
11	1951	10370.522479923293	16040
11	1959	10412.939585816409	16041
11	1961	10418.939585816409	16047
11	1987	10489.015297535641	16046
11	2009	10565.395255391184	16051
11	2013	10570.1714474738	16045
11	2015	10573.408667393645	16052
11	2046	10772.040132822836	16056
11	2051	10828.794570623158	16058
11	2057	10846.910383727382	16057
11	2082	10979.412878195147	16059
11	2095	11039.582202638087	16063
11	2097	11047.135996338144	16064
11	2109	11096.760538963591	16068
11	2112	11103.699515082788	16070
11	2121	11183.2197608963	16066
11	2131	11252.238339427566	16072
11	2136	11301.593111126558	16071
11	2141	11351.484754714666	16074
11	2148	11392.258270439252	16076
11	2163	11474.896841929485	16078
11	2200	11693.045010841124	16082
11	2213	11744.76431552264	16087
11	2219	11804.88365003425	16085
11	2222	11810.88365003425	16083
11	2255	11942.357043616679	16089
11	2267	11963.379575100445	16099
11	2278	12009.697889691409	16091
11	2287	12043.966840641333	16093
11	2334	12232.481595192802	16103
11	2349	12333.032159521097	16108
11	2353	12342.029325598915	16110
11	2370	12433.443793710698	16106
11	2374	12443.131011036545	16109
11	2393	12516.210606917528	16113
11	2401	12550.159002203375	16119
11	2407	12573.346641747617	16116
11	2409	12583.400608193797	16117
11	2411	12590.185593101719	16120
11	2424	12656.514644116079	16115
11	2448	12812.803255794098	16123
11	2460	12936.55272427627	16124
11	2475	13115.337698002651	16126
11	2482	13124.253619910234	16130
11	2489	13216.014605099822	16132
11	2492	13224.188675331157	16127
11	2537	13560.310894017303	16134
11	2544	13579.424600512065	16136
11	2556	13667.056727203581	16140
11	2568	13735.570066789001	16142
11	2570	13757.35342042611	16139
11	2574	13781.735292120287	16144
11	2591	13900.947670575589	16145
11	2601	13999.084563767438	16149
11	2617	14181.68037690843	16147
11	2644	14318.159396513148	16155
11	2662	14388.44414379946	16159
11	2673	14438.491505458604	16157
11	2682	14471.771483457612	16158
11	2685	14476.698333028427	16152
11	2692	14488.343940424815	16165
11	2705	14555.926405168505	16160
11	2709	14562.708236661476	16167
11	2728	14620.020603223594	16169
11	2773	14898.202690916336	16174
11	2777	14906.928568845322	16173
11	2795	15095.19697580484	16178
11	2807	15150.787512217096	16182
11	2820	15240.587863752015	16181
11	2834	15330.368010569647	16180
11	2844	15396.736822640956	16186
11	2873	15554.028696922309	16194
11	2879	15595.222046681958	16190
11	2891	15645.371998342733	16196
11	2892	15651.371998342733	16193
11	2899	15695.101270711598	16189
11	2905	15721.58874452449	16191
11	2908	15729.837310306572	16195
11	2934	15895.236199665087	16199
11	2963	16038.08736253039	16201
11	2965	16051.140738453587	16207
11	2968	16080.929958536636	16202
11	2971	16086.532404277234	16203
11	2980	16123.888268415829	16204
11	2982	16129.888268415829	16210
11	2984	16135.888268415829	16205
11	3013	16268.036719416464	16214
11	3015	16297.484914027792	16215
11	3019	16312.372251888397	16216
11	3025	16333.384639455559	16209
11	3028	16346.312411681533	16211
11	3036	16413.113159186715	16219
11	3065	16718.36708429696	16222
11	3067	16743.438791006177	16223
11	3089	16941.789269884704	16227
11	3096	16992.410875711934	16224
11	3098	16997.910600976431	16225
11	3114	17084.768376423065	16233
11	3118	17107.909046040299	16229
11	3141	17245.266935530053	16237
11	3162	17369.763860814258	16238
11	3165	17395.157059138937	16235
11	3173	17442.286184066669	16242
11	3175	17448.286184066669	16236
11	3179	17456.704228691919	16240
11	3196	17552.047371337875	16245
11	3209	17633.290885080704	16244
11	3216	17678.754618197159	16247
11	3245	17972.058148462608	16253
11	3260	18105.52201792538	16251
11	3263	18157.414767226737	16256
11	3278	18275.457671055064	16255
11	3281	18309.408528473945	16257
11	3304	18417.494249878356	16258
11	3307	18432.486095006595	16263
11	3323	18475.114030835425	16268
11	3332	18535.613481607449	16259
11	3335	18542.811399306325	16269
11	3344	18566.249021284169	16266
11	3367	18658.404632404875	16270
11	3372	18673.299082711648	16274
11	3379	18702.4713221161	16275
11	3398	18775.413043430776	16279
11	3416	18853.142081315117	16273
11	3430	18894.675140400999	16281
11	3434	18905.084031672691	16284
11	3439	18924.997877132564	16285
11	3471	19061.868619256423	16287
11	3482	19112.413724297306	16288
11	3495	19167.087513958367	16290
11	3497	19178.036383294679	16294
11	3500	19208.39095405396	16291
11	3506	19240.165561709683	16292
11	3511	19254.500348085016	16295
11	3518	19286.356492486779	16296
11	3525	19349.022094961746	16293
11	3547	19466.500348085016	16298
11	3552	19512.653157638748	16302
11	3560	19546.792638297616	16304
11	3563	19571.614992735805	16301
11	3574	19646.107780923296	16306
11	3584	19724.441526165967	16307
11	3607	19863.274073690466	16309
11	3612	19921.995270429115	16310
12	248	1299.302948242774	306
12	259	1324.894579463152	203
12	264	1376.539243585328	306
12	286	1490.198147435068	306
12	330	1780.928853012691	306
12	369	2067.536723176116	306
12	463	2480.734365683014	409
12	474	2507.907984998103	306
12	498	2695.160708879085	306
12	655	3597.964318967451	306
12	680	3722.83230923461	413.29520209979
12	725	3954.456053251197	409
12	795	4285.374320397436	306
12	950	5270.703367213047	306
12	997	5543.21517607391	409
12	1015	5662.857211676223	306
12	1137	6207.918315310496	306
12	1334	7290.054447374294	414.86089153162
12	1341	7344.075584863625	306
12	1345	7358.812672775741	306
12	1357	7457.351327213079	306
12	1433	7936.86797997582	409
12	1447	8002.110833735765	306
12	1513	8267.718698162102	306
12	1558	8432.906277474706	311.83132166981
12	1564	8444.906277474706	417.44447973867
12	1703	9209.857538734256	306
12	1735	9343.191769794148	306
12	1789	9699.955749441295	306
12	1796	9730.908810434375	409
12	1887	10092.929645866968	306
12	1890	10120.310151913599	409
12	1927	10301.903317153273	306
12	1952	10378.227125657964	409
12	2003	10556.266318902408	306
12	2049	10812.386881373154	409
12	2159	11455.238339427566	306
12	2175	11545.184041749464	306
12	2221	11810.88365003425	415.87829202667
12	2295	12058.133187758466	203
12	2326	12187.182054533382	311.29940131577
12	2327	12193.182054533382	414.69944301052
12	2394	12524.601020207978	203
12	2398	12545.029325598915	306
12	2462	12991.166059820794	306
12	2572	13777.377925277191	306
12	2666	14412.402366423792	203
12	2770	14872.854704047389	409
12	2830	15298.19697580484	306
12	2836	15353.787512217096	306
12	2837	15359.787512217096	207.87925621735
12	2983	16133.996154117419	203
12	3061	16651.268677099631	306
12	3143	17253.505752841831	306
12	3174	17448.266935530053	306
12	3186	17526.30444426861	203
12	3210	17634.107071167607	409
12	3242	17938.374504741034	306
12	3295	18360.414767226737	306
12	3342	18557.249021284169	306
12	3352	18616.525614565243	306
12	3411	18824.91748823213	203
12	3453	18984.760047056575	306
12	3532	19381.036383294679	306
12	3569	19625.62097775303	306
12	3581	19715.653157638748	306
12	3600	19833.795706654266	409
13	248	1299.302948242774	6
13	259	1324.894579463152	3
13	264	1376.539243585328	6
13	286	1490.198147435068	6
13	330	1780.928853012691	6
13	369	2067.536723176116	6
13	463	2480.734365683014	9
13	474	2507.907984998103	6
13	498	2695.160708879085	6
13	655	3597.964318967451	6
13	680	3722.83230923461	13.295202099791
13	725	3954.456053251197	9
13	795	4285.374320397436	6
13	950	5270.703367213047	6
13	997	5543.21517607391	9
13	1015	5662.857211676223	6
13	1137	6207.918315310496	6
13	1334	7290.054447374294	14.860891531617
13	1341	7344.075584863625	6
13	1345	7358.812672775741	6
13	1357	7457.351327213079	6
13	1433	7936.86797997582	9
13	1447	8002.110833735765	6
13	1513	8267.718698162102	6
13	1558	8432.906277474706	11.831321669809
13	1564	8444.906277474706	17.444479738672
13	1703	9209.857538734256	6
13	1735	9343.191769794148	6
13	1789	9699.955749441295	6
13	1796	9730.908810434375	9
13	1887	10092.929645866968	6
13	1890	10120.310151913599	9
13	1927	10301.903317153273	6
13	1952	10378.227125657964	9
13	2003	10556.266318902408	6
13	2049	10812.386881373154	9
13	2159	11455.238339427566	6
13	2175	11545.184041749464	6
13	2221	11810.88365003425	15.878292026667
13	2295	12058.133187758466	3
13	2326	12187.182054533382	11.299401315769
13	2327	12193.182054533382	14.699443010523
13	2394	12524.601020207978	3
13	2398	12545.029325598915	6
13	2462	12991.166059820794	6
13	2572	13777.377925277191	6
13	2666	14412.402366423792	3
13	2770	14872.854704047389	9
13	2830	15298.19697580484	6
13	2836	15353.787512217096	6
13	2837	15359.787512217096	7.879256217348
13	2983	16133.996154117419	3
13	3061	16651.268677099631	6
13	3143	17253.505752841831	6
13	3174	17448.266935530053	6
13	3186	17526.30444426861	3
13	3210	17634.107071167607	9
13	3242	17938.374504741034	6
13	3295	18360.414767226737	6
13	3342	18557.249021284169	6
13	3352	18616.525614565243	6
13	3411	18824.91748823213	3
13	3453	18984.760047056575	6
13	3532	19381.036383294679	6
13	3569	19625.62097775303	6
13	3581	19715.653157638748	6
13	3600	19833.795706654266	9
14	248	1299.302948242774	2
14	259	1324.894579463152	1
14	264	1376.539243585328	2
14	286	1490.198147435068	2
14	330	1780.928853012691	2
14	369	2067.536723176116	2
14	463	2480.734365683014	3
14	474	2507.907984998103	2
14	498	2695.160708879085	2
14	655	3597.964318967451	2
14	680	3722.83230923461	3
14	725	3954.456053251197	3
14	795	4285.374320397436	2
14	950	5270.703367213047	2
14	997	5543.21517607391	3
14	1015	5662.857211676223	2
14	1137	6207.918315310496	2
14	1334	7290.054447374294	3
14	1341	7344.075584863625	2
14	1345	7358.812672775741	2
14	1357	7457.351327213079	2
14	1433	7936.86797997582	3
14	1447	8002.110833735765	2
14	1513	8267.718698162102	2
14	1558	8432.906277474706	2
14	1564	8444.906277474706	3
14	1703	9209.857538734256	2
14	1735	9343.191769794148	2
14	1789	9699.955749441295	2
14	1796	9730.908810434375	3
14	1887	10092.929645866968	2
14	1890	10120.310151913599	3
14	1927	10301.903317153273	2
14	1952	10378.227125657964	3
14	2003	10556.266318902408	2
14	2049	10812.386881373154	3
14	2159	11455.238339427566	2
14	2175	11545.184041749464	2
14	2221	11810.88365003425	3
14	2295	12058.133187758466	1
14	2326	12187.182054533382	2
14	2327	12193.182054533382	3
14	2394	12524.601020207978	1
14	2398	12545.029325598915	2
14	2462	12991.166059820794	2
14	2572	13777.377925277191	2
14	2666	14412.402366423792	1
14	2770	14872.854704047389	3
14	2830	15298.19697580484	2
14	2836	15353.787512217096	2
14	2837	15359.787512217096	1
14	2983	16133.996154117419	1
14	3061	16651.268677099631	2
14	3143	17253.505752841831	2
14	3174	17448.266935530053	2
14	3186	17526.30444426861	1
14	3210	17634.107071167607	3
14	3242	17938.374504741034	2
14	3295	18360.414767226737	2
14	3342	18557.249021284169	2
14	3352	18616.525614565243	2
14	3411	18824.91748823213	1
14	3453	18984.760047056575	2
14	3532	19381.036383294679	2
14	3569	19625.62097775303	2
14	3581	19715.653157638748	2
14	3600	19833.795706654266	3
15	336	1819.872665044571	409
15	341	1864.179692201696	306
15	425	2304.973354289147	409
15	430	2356.784362995126	409
15	444	2393.766737320337	306
15	488	2610.170087238771	306
15	529	2873.852678341522	203
15	618	3306.969179354042	306
15	624	3393.755093538559	203
15	626	3396.935969368124	306
15	627	3402.935969368124	412.15135688664
15	726	3956.274123554133	306
15	743	4048.719380063524	203
15	747	4063.767929079877	203
15	824	4391.811409577358	203
15	883	4810.717774071703	306
15	893	4936.10201686904	306
15	971	5377.501716625306	306
15	1001	5563.324801124397	412.67205560946
15	1072	5949.978924223242	306
15	1081	5970.43124651573	306
15	1091	6005.71043262345	309.79751906308
15	1146	6260.912836640361	306
15	1152	6303.807809730434	412.38902661414
15	1271	6901.806482470959	409
15	1356	7446.661420495107	203
15	1369	7600.222330921362	203
15	1436	7943.082759920684	306
15	1471	8121.711457344459	409
15	1491	8196.546828122891	306
15	1514	8270.200410250693	306
15	1532	8332.906277474706	205.08076351712
15	1575	8520.665531817397	409
15	1719	9281.241371030698	203
15	1733	9336.691200129455	412.70204144519
15	1748	9414.740405732175	306
15	1778	9606.144027791206	306
15	1812	9824.757844022195	306
15	1881	10072.320940964213	306
15	1892	10124.376629444024	409
15	1898	10147.394279582148	306
15	2126	11199.300702538818	203
15	2206	11710.27283637619	203
15	2320	12153.526872521128	313.03433709357
15	2322	12164.385706576893	306
15	2328	12213.970237865712	306
15	2404	12564.52858093006	306
15	2451	12856.159002203375	409
15	2507	13330.15795559939	306
15	2511	13353.677972132847	203
15	2564	13690.861494657433	306
15	2566	13710.201975825615	306
15	2619	14191.653979298215	306
15	2639	14305.084563767438	409
15	2695	14491.647475754934	306
15	2730	14624.159396513148	409
15	2747	14694.44414379946	409
15	2881	15600.482167822799	306
15	2935	15904.955562126144	306
15	3029	16363.140738453587	310.30740411915
15	3109	17066.542541266063	203
15	3227	17755.741058587107	306
15	3279	18278.058148462608	409
15	3313	18442.700772709012	203
15	3383	18724.154789661931	203
15	3475	19081.413043430776	409
15	3501	19211.084031672691	409
15	3503	19215.413724297306	308.53181052177
16	336	1819.872665044571	9
16	341	1864.179692201696	6
16	425	2304.973354289147	9
16	430	2356.784362995126	9
16	444	2393.766737320337	6
16	488	2610.170087238771	6
16	529	2873.852678341522	3
16	618	3306.969179354042	6
16	624	3393.755093538559	3
16	626	3396.935969368124	6
16	627	3402.935969368124	12.151356886643
16	726	3956.274123554133	6
16	743	4048.719380063524	3
16	747	4063.767929079877	3
16	824	4391.811409577358	3
16	883	4810.717774071703	6
16	893	4936.10201686904	6
16	971	5377.501716625306	6
16	1001	5563.324801124397	12.672055609455
16	1072	5949.978924223242	6
16	1081	5970.43124651573	6
16	1091	6005.71043262345	9.797519063079
16	1146	6260.912836640361	6
16	1152	6303.807809730434	12.389026614137
16	1271	6901.806482470959	9
16	1356	7446.661420495107	3
16	1369	7600.222330921362	3
16	1436	7943.082759920684	6
16	1471	8121.711457344459	9
16	1491	8196.546828122891	6
16	1514	8270.200410250693	6
16	1532	8332.906277474706	5.080763517119
16	1575	8520.665531817397	9
16	1719	9281.241371030698	3
16	1733	9336.691200129455	12.702041445195
16	1748	9414.740405732175	6
16	1778	9606.144027791206	6
16	1812	9824.757844022195	6
16	1881	10072.320940964213	6
16	1892	10124.376629444024	9
16	1898	10147.394279582148	6
16	2126	11199.300702538818	3
16	2206	11710.27283637619	3
16	2320	12153.526872521128	13.034337093565
16	2322	12164.385706576893	6
16	2328	12213.970237865712	6
16	2404	12564.52858093006	6
16	2451	12856.159002203375	9
16	2507	13330.15795559939	6
16	2511	13353.677972132847	3
16	2564	13690.861494657433	6
16	2566	13710.201975825615	6
16	2619	14191.653979298215	6
16	2639	14305.084563767438	9
16	2695	14491.647475754934	6
16	2730	14624.159396513148	9
16	2747	14694.44414379946	9
16	2881	15600.482167822799	6
16	2935	15904.955562126144	6
16	3029	16363.140738453587	10.307404119155
16	3109	17066.542541266063	3
16	3227	17755.741058587107	6
16	3279	18278.058148462608	9
16	3313	18442.700772709012	3
16	3383	18724.154789661931	3
16	3475	19081.413043430776	9
16	3501	19211.084031672691	9
16	3503	19215.413724297306	8.531810521768
17	336	1819.872665044571	3
17	341	1864.179692201696	2
17	425	2304.973354289147	3
17	430	2356.784362995126	3
17	444	2393.766737320337	2
17	488	2610.170087238771	2
17	529	2873.852678341522	1
17	618	3306.969179354042	2
17	624	3393.755093538559	1
17	626	3396.935969368124	2
17	627	3402.935969368124	3
17	726	3956.274123554133	2
17	743	4048.719380063524	1
17	747	4063.767929079877	1
17	824	4391.811409577358	1
17	883	4810.717774071703	2
17	893	4936.10201686904	2
17	971	5377.501716625306	2
17	1001	5563.324801124397	3
17	1072	5949.978924223242	2
17	1081	5970.43124651573	2
17	1091	6005.71043262345	2
17	1146	6260.912836640361	2
17	1152	6303.807809730434	3
17	1271	6901.806482470959	3
17	1356	7446.661420495107	1
17	1369	7600.222330921362	1
17	1436	7943.082759920684	2
17	1471	8121.711457344459	3
17	1491	8196.546828122891	2
17	1514	8270.200410250693	2
17	1532	8332.906277474706	1
17	1575	8520.665531817397	3
17	1719	9281.241371030698	1
17	1733	9336.691200129455	3
17	1748	9414.740405732175	2
17	1778	9606.144027791206	2
17	1812	9824.757844022195	2
17	1881	10072.320940964213	2
17	1892	10124.376629444024	3
17	1898	10147.394279582148	2
17	2126	11199.300702538818	1
17	2206	11710.27283637619	1
17	2320	12153.526872521128	2
17	2322	12164.385706576893	2
17	2328	12213.970237865712	2
17	2404	12564.52858093006	2
17	2451	12856.159002203375	3
17	2507	13330.15795559939	2
17	2511	13353.677972132847	1
17	2564	13690.861494657433	2
17	2566	13710.201975825615	2
17	2619	14191.653979298215	2
17	2639	14305.084563767438	3
17	2695	14491.647475754934	2
17	2730	14624.159396513148	3
17	2747	14694.44414379946	3
17	2881	15600.482167822799	2
17	2935	15904.955562126144	2
17	3029	16363.140738453587	2
17	3109	17066.542541266063	1
17	3227	17755.741058587107	2
17	3279	18278.058148462608	3
17	3313	18442.700772709012	1
17	3383	18724.154789661931	1
17	3475	19081.413043430776	3
17	3501	19211.084031672691	3
17	3503	19215.413724297306	2
18	216	1169.862600280358	306
18	234	1222.71233415736	306
18	241	1276.167909299048	203
18	247	1297.961000744472	203
18	299	1527.035185477532	306
18	440	2383.717288407553	306
18	477	2534.168113464394	306
18	562	3062.789737355841	306
18	609	3286.889962700273	306
18	639	3510.676026691315	409
18	679	3722.087139396629	306
18	835	4448.742453466024	413.71961220516
18	848	4506.846608626139	409
18	865	4611.46056787382	306
18	944	5259.389434063756	203
18	986	5470.239873064542	306
18	1056	5879.978425506832	306
18	1117	6126.076155600815	306
18	1124	6154.513771525053	306
18	1147	6263.912836640361	307.52464132508
18	1161	6346.282995527868	306
18	1173	6434.420369019456	306
18	1239	6736.679899090791	409
18	1299	7101.807458619079	306
18	1314	7181.054447374294	306
18	1331	7266.795148945317	306
18	1365	7542.147215924152	203
18	1438	7949.082759920684	208.82387891697
18	1443	7987.126244393542	306
18	1456	8038.637823830604	409
18	1507	8233.02945040382	306
18	1588	8631.549488784514	409
18	1826	9872.982795996941	306
18	1871	10046.106143996524	306
18	1900	10153.394279582148	309.06003650259
18	2005	10561.309503532521	203
18	2025	10647.940922621869	412.75409513468
18	2044	10768.877549216454	306
18	2091	11032.368569990843	203
18	2122	11193.019241428127	306
18	2323	12175.932340529481	203
18	2406	12570.52858093006	311.34254208915
18	2454	12896.185593101719	409
18	2455	12902.525999600713	306
18	2519	13436.114626725572	414.86100681534
18	2540	13570.830191276171	306
18	2665	14406.300772032808	306
18	2738	14665.689585562016	306
18	2744	14684.440058602944	306
18	2753	14724.581590342837	306
18	2769	14867.616038655717	306
18	2774	14898.344218507991	306
18	2814	15203.894880355056	306
18	2942	15951.371998342733	409
18	2995	16188.477603680823	203
18	3146	17283.157059138937	306
18	3373	18673.87655234011	306
18	3401	18781.114030835425	409
18	3409	18807.372240760046	203
18	3451	18979.299082711648	409
18	3504	19230.997877132564	409
18	3595	19813.661420494885	306
18	3617	19951.616951831312	306
19	216	1169.862600280358	6
19	234	1222.71233415736	6
19	241	1276.167909299048	3
19	247	1297.961000744472	3
19	299	1527.035185477532	6
19	440	2383.717288407553	6
19	477	2534.168113464394	6
19	562	3062.789737355841	6
19	609	3286.889962700273	6
19	639	3510.676026691315	9
19	679	3722.087139396629	6
19	835	4448.742453466024	13.719612205161
19	848	4506.846608626139	9
19	865	4611.46056787382	6
19	944	5259.389434063756	3
19	986	5470.239873064542	6
19	1056	5879.978425506832	6
19	1117	6126.076155600815	6
19	1124	6154.513771525053	6
19	1147	6263.912836640361	7.524641325077
19	1161	6346.282995527868	6
19	1173	6434.420369019456	6
19	1239	6736.679899090791	9
19	1299	7101.807458619079	6
19	1314	7181.054447374294	6
19	1331	7266.795148945317	6
19	1365	7542.147215924152	3
19	1438	7949.082759920684	8.823878916969
19	1443	7987.126244393542	6
19	1456	8038.637823830604	9
19	1507	8233.02945040382	6
19	1588	8631.549488784514	9
19	1826	9872.982795996941	6
19	1871	10046.106143996524	6
19	1900	10153.394279582148	9.060036502594
19	2005	10561.309503532521	3
19	2025	10647.940922621869	12.754095134677
19	2044	10768.877549216454	6
19	2091	11032.368569990843	3
19	2122	11193.019241428127	6
19	2323	12175.932340529481	3
19	2406	12570.52858093006	11.342542089154
19	2454	12896.185593101719	9
19	2455	12902.525999600713	6
19	2519	13436.114626725572	14.861006815338
19	2540	13570.830191276171	6
19	2665	14406.300772032808	6
19	2738	14665.689585562016	6
19	2744	14684.440058602944	6
19	2753	14724.581590342837	6
19	2769	14867.616038655717	6
19	2774	14898.344218507991	6
19	2814	15203.894880355056	6
19	2942	15951.371998342733	9
19	2995	16188.477603680823	3
19	3146	17283.157059138937	6
19	3373	18673.87655234011	6
19	3401	18781.114030835425	9
19	3409	18807.372240760046	3
19	3451	18979.299082711648	9
19	3504	19230.997877132564	9
19	3595	19813.661420494885	6
19	3617	19951.616951831312	6
20	216	1169.862600280358	2
20	234	1222.71233415736	2
20	241	1276.167909299048	1
20	247	1297.961000744472	1
20	299	1527.035185477532	2
20	440	2383.717288407553	2
20	477	2534.168113464394	2
20	562	3062.789737355841	2
20	609	3286.889962700273	2
20	639	3510.676026691315	3
20	679	3722.087139396629	2
20	835	4448.742453466024	3
20	848	4506.846608626139	3
20	865	4611.46056787382	2
20	944	5259.389434063756	1
20	986	5470.239873064542	2
20	1056	5879.978425506832	2
20	1117	6126.076155600815	2
20	1124	6154.513771525053	2
20	1147	6263.912836640361	2
20	1161	6346.282995527868	2
20	1173	6434.420369019456	2
20	1239	6736.679899090791	3
20	1299	7101.807458619079	2
20	1314	7181.054447374294	2
20	1331	7266.795148945317	2
20	1365	7542.147215924152	1
20	1438	7949.082759920684	1
20	1443	7987.126244393542	2
20	1456	8038.637823830604	3
20	1507	8233.02945040382	2
20	1588	8631.549488784514	3
20	1826	9872.982795996941	2
20	1871	10046.106143996524	2
20	1900	10153.394279582148	2
20	2005	10561.309503532521	1
20	2025	10647.940922621869	3
20	2044	10768.877549216454	2
20	2091	11032.368569990843	1
20	2122	11193.019241428127	2
20	2323	12175.932340529481	1
20	2406	12570.52858093006	2
20	2454	12896.185593101719	3
20	2455	12902.525999600713	2
20	2519	13436.114626725572	3
20	2540	13570.830191276171	2
20	2665	14406.300772032808	2
20	2738	14665.689585562016	2
20	2744	14684.440058602944	2
20	2753	14724.581590342837	2
20	2769	14867.616038655717	2
20	2774	14898.344218507991	2
20	2814	15203.894880355056	2
20	2942	15951.371998342733	3
20	2995	16188.477603680823	1
20	3146	17283.157059138937	2
20	3373	18673.87655234011	2
20	3401	18781.114030835425	3
20	3409	18807.372240760046	1
20	3451	18979.299082711648	3
20	3504	19230.997877132564	3
20	3595	19813.661420494885	2
20	3617	19951.616951831312	2
21	191	1012.200294098452	414.40898847707
21	307	1605.917140376711	306
21	324	1724.787134809513	203
21	357	1990.238181981709	306
21	399	2206.974280658933	306
21	516	2803.877174112155	409
21	538	2939.585606109235	306
21	597	3198.922356747768	306
21	605	3223.799697742784	306
21	622	3350.337851294485	409
21	689	3765.745704273035	306
21	691	3771.745704273035	311.06879582793
21	712	3909.709120156872	306
21	739	4033.562519677326	306
21	751	4094.569930514563	203
21	869	4672.014741793682	409
21	981	5454.324801124397	203
21	991	5507.097083516697	306
21	1003	5584.822742552407	306
21	1026	5733.417802638496	306
21	1217	6643.452354551516	306
21	1273	6924.639486728918	306
21	1274	6927.639486728918	306.15049087439
21	1354	7440.173179883108	306
21	1442	7974.859591393515	306
21	1457	8038.664052974464	409
21	1590	8647.082567730785	306
21	1686	9139.038147026527	306
21	1700	9195.90307296417	306
21	1708	9227.691200129455	409
21	1724	9292.111293144311	306
21	1785	9660.32240183948	306
21	1920	10256.181699289515	306
21	2038	10713.112478500372	306
21	2113	11106.491701370773	306
21	2120	11182.412878195147	409
21	2161	11471.163761771441	203
21	2172	11504.593111126558	409
21	2177	11554.484754714666	306
21	2195	11646.463595975785	306
21	2198	11677.896841929485	306
21	2276	12007.88365003425	409
21	2288	12044.526872521128	310.60195243538
21	2321	12155.180539277973	306.68515803811
21	2331	12228.352855016468	203
21	2388	12487.901076324716	306
21	2432	12703.301181450326	306
21	2506	13327.114626725572	306
21	2575	13782.424600512065	409
21	2588	13893.335754157702	306
21	2592	13938.570066789001	409
21	2597	13984.735292120287	306
21	2742	14674.771483457612	414.43007539514
21	2745	14685.679609144833	306.50614450018
21	2768	14834.250159363484	306
21	2798	15106.894880355056	311.69218943872
21	2800	15111.307729517802	306
21	2815	15212.336961363784	203
21	2841	15393.285015631402	203
21	2949	15987.240497609869	203
21	2974	16098.236199665087	409
21	3045	16500.678929281485	203
21	3101	17011.125696425893	203
21	3121	17127.600072275664	203
21	3124	17144.789269884704	306
21	3232	17835.001116677224	306
21	3235	17841.001116677224	413.71023159652
21	3364	18647.257107825817	306
21	3387	18745.811399306325	306
21	3395	18769.249021284169	413.61758282299
21	3422	18861.404632404875	409
21	3445	18957.501571963711	306
21	3456	19003.351899948658	203
21	3544	19457.500348085016	306
22	191	1012.200294098452	14.408988477069
22	307	1605.917140376711	6
22	324	1724.787134809513	3
22	357	1990.238181981709	6
22	399	2206.974280658933	6
22	516	2803.877174112155	9
22	538	2939.585606109235	6
22	597	3198.922356747768	6
22	605	3223.799697742784	6
22	622	3350.337851294485	9
22	689	3765.745704273035	6
22	691	3771.745704273035	11.06879582793
22	712	3909.709120156872	6
22	739	4033.562519677326	6
22	751	4094.569930514563	3
22	869	4672.014741793682	9
22	981	5454.324801124397	3
22	991	5507.097083516697	6
22	1003	5584.822742552407	6
22	1026	5733.417802638496	6
22	1217	6643.452354551516	6
22	1273	6924.639486728918	6
22	1274	6927.639486728918	6.150490874392
22	1354	7440.173179883108	6
22	1442	7974.859591393515	6
22	1457	8038.664052974464	9
22	1590	8647.082567730785	6
22	1686	9139.038147026527	6
22	1700	9195.90307296417	6
22	1708	9227.691200129455	9
22	1724	9292.111293144311	6
22	1785	9660.32240183948	6
22	1920	10256.181699289515	6
22	2038	10713.112478500372	6
22	2113	11106.491701370773	6
22	2120	11182.412878195147	9
22	2161	11471.163761771441	3
22	2172	11504.593111126558	9
22	2177	11554.484754714666	6
22	2195	11646.463595975785	6
22	2198	11677.896841929485	6
22	2276	12007.88365003425	9
22	2288	12044.526872521128	10.601952435377
22	2321	12155.180539277973	6.685158038115
22	2331	12228.352855016468	3
22	2388	12487.901076324716	6
22	2432	12703.301181450326	6
22	2506	13327.114626725572	6
22	2575	13782.424600512065	9
22	2588	13893.335754157702	6
22	2592	13938.570066789001	9
22	2597	13984.735292120287	6
22	2742	14674.771483457612	14.430075395145
22	2745	14685.679609144833	6.50614450018
22	2768	14834.250159363484	6
22	2798	15106.894880355056	11.69218943872
22	2800	15111.307729517802	6
22	2815	15212.336961363784	3
22	2841	15393.285015631402	3
22	2949	15987.240497609869	3
22	2974	16098.236199665087	9
22	3045	16500.678929281485	3
22	3101	17011.125696425893	3
22	3121	17127.600072275664	3
22	3124	17144.789269884704	6
22	3232	17835.001116677224	6
22	3235	17841.001116677224	13.71023159652
22	3364	18647.257107825817	6
22	3387	18745.811399306325	6
22	3395	18769.249021284169	13.617582822992
22	3422	18861.404632404875	9
22	3445	18957.501571963711	6
22	3456	19003.351899948658	3
22	3544	19457.500348085016	6
23	191	1012.200294098452	3
23	307	1605.917140376711	2
23	324	1724.787134809513	1
23	357	1990.238181981709	2
23	399	2206.974280658933	2
23	516	2803.877174112155	3
23	538	2939.585606109235	2
23	597	3198.922356747768	2
23	605	3223.799697742784	2
23	622	3350.337851294485	3
23	689	3765.745704273035	2
23	691	3771.745704273035	2
23	712	3909.709120156872	2
23	739	4033.562519677326	2
23	751	4094.569930514563	1
23	869	4672.014741793682	3
23	981	5454.324801124397	1
23	991	5507.097083516697	2
23	1003	5584.822742552407	2
23	1026	5733.417802638496	2
23	1217	6643.452354551516	2
23	1273	6924.639486728918	2
23	1274	6927.639486728918	2
23	1354	7440.173179883108	2
23	1442	7974.859591393515	2
23	1457	8038.664052974464	3
23	1590	8647.082567730785	2
23	1686	9139.038147026527	2
23	1700	9195.90307296417	2
23	1708	9227.691200129455	3
23	1724	9292.111293144311	2
23	1785	9660.32240183948	2
23	1920	10256.181699289515	2
23	2038	10713.112478500372	2
23	2113	11106.491701370773	2
23	2120	11182.412878195147	3
23	2161	11471.163761771441	1
23	2172	11504.593111126558	3
23	2177	11554.484754714666	2
23	2195	11646.463595975785	2
23	2198	11677.896841929485	2
23	2276	12007.88365003425	3
23	2288	12044.526872521128	2
23	2321	12155.180539277973	2
23	2331	12228.352855016468	1
23	2388	12487.901076324716	2
23	2432	12703.301181450326	2
23	2506	13327.114626725572	2
23	2575	13782.424600512065	3
23	2588	13893.335754157702	2
23	2592	13938.570066789001	3
23	2597	13984.735292120287	2
23	2742	14674.771483457612	3
23	2745	14685.679609144833	2
23	2768	14834.250159363484	2
23	2798	15106.894880355056	2
23	2800	15111.307729517802	2
23	2815	15212.336961363784	1
23	2841	15393.285015631402	1
23	2949	15987.240497609869	1
23	2974	16098.236199665087	3
23	3045	16500.678929281485	1
23	3101	17011.125696425893	1
23	3121	17127.600072275664	1
23	3124	17144.789269884704	2
23	3232	17835.001116677224	2
23	3235	17841.001116677224	3
23	3364	18647.257107825817	2
23	3387	18745.811399306325	2
23	3395	18769.249021284169	3
23	3422	18861.404632404875	3
23	3445	18957.501571963711	2
23	3456	19003.351899948658	1
23	3544	19457.500348085016	2
24	293	1511.077357458501	309.39481817696
24	364	2014.460464448039	203
24	481	2576.285386278838	306
24	508	2737.648116434361	409
24	521	2831.480532579517	203
24	587	3171.549739386889	306
24	678	3716.83230923461	306
24	764	4152.8898784346	306
24	840	4473.464419555603	306
24	851	4525.810873785626	306
24	921	5153.865072790905	409
24	957	5306.873387291675	409
24	962	5351.345741190504	306
24	987	5473.112817208757	306
24	1272	6920.389274896113	306
24	1288	7038.195815238326	306
24	1416	7852.584111784969	306
24	1566	8447.906277474706	310.47757071637
24	1571	8488.341337710745	306
24	1585	8581.398795453454	306
24	1737	9360.348086977399	409
24	1768	9521.213913076456	409
24	1774	9588.694254225645	409
24	1810	9816.457802443752	409
24	1882	10074.99090552592	306
24	1897	10144.175093736093	203
24	1965	10431.058474352343	409
24	1997	10527.318840585772	306
24	2021	10621.939585816409	309.71182711588
24	2043	10768.395255391184	409
24	2114	11138.368569990843	308.06737921015
24	2118	11169.165494820396	306
24	2189	11604.498833618068	203
24	2223	11826.897140821533	203
24	2338	12246.966840641333	409
24	2420	12646.131011036545	409
24	2502	13288.207111620191	306
24	2518	13419.014605099822	306
24	2701	14527.186114916674	306
24	2759	14770.616038655717	310.90780199424
24	2767	14823.020603223594	306
24	2825	15285.414348175477	306
24	2895	15675.247029652323	306
24	2906	15721.618192783272	306
24	2919	15798.222046681958	409
24	3024	16332.888268415829	309.4707101261
24	3048	16515.372251888397	306
24	3086	16921.36708429696	409
24	3151	17324.810215281655	306
24	3226	17755.047371337875	306
24	3324	18512.408528473945	306
24	3360	18642.975848380344	306
24	3490	19148.097901592873	306
24	3513	19264.868619256423	409
24	3553	19517.919654960091	203
24	3592	19749.792638297616	306
25	293	1511.077357458501	9.394818176962
25	364	2014.460464448039	3
25	481	2576.285386278838	6
25	508	2737.648116434361	9
25	521	2831.480532579517	3
25	587	3171.549739386889	6
25	678	3716.83230923461	6
25	764	4152.8898784346	6
25	840	4473.464419555603	6
25	851	4525.810873785626	6
25	921	5153.865072790905	9
25	957	5306.873387291675	9
25	962	5351.345741190504	6
25	987	5473.112817208757	6
25	1272	6920.389274896113	6
25	1288	7038.195815238326	6
25	1416	7852.584111784969	6
25	1566	8447.906277474706	10.477570716366
25	1571	8488.341337710745	6
25	1585	8581.398795453454	6
25	1737	9360.348086977399	9
25	1768	9521.213913076456	9
25	1774	9588.694254225645	9
25	1810	9816.457802443752	9
25	1882	10074.99090552592	6
25	1897	10144.175093736093	3
25	1965	10431.058474352343	9
25	1997	10527.318840585772	6
25	2021	10621.939585816409	9.711827115881
25	2043	10768.395255391184	9
25	2114	11138.368569990843	8.067379210152
25	2118	11169.165494820396	6
25	2189	11604.498833618068	3
25	2223	11826.897140821533	3
25	2338	12246.966840641333	9
25	2420	12646.131011036545	9
25	2502	13288.207111620191	6
25	2518	13419.014605099822	6
25	2701	14527.186114916674	6
25	2759	14770.616038655717	10.907801994241
25	2767	14823.020603223594	6
25	2825	15285.414348175477	6
25	2895	15675.247029652323	6
25	2906	15721.618192783272	6
25	2919	15798.222046681958	9
25	3024	16332.888268415829	9.470710126097
25	3048	16515.372251888397	6
25	3086	16921.36708429696	9
25	3151	17324.810215281655	6
25	3226	17755.047371337875	6
25	3324	18512.408528473945	6
25	3360	18642.975848380344	6
25	3490	19148.097901592873	6
25	3513	19264.868619256423	9
25	3553	19517.919654960091	3
25	3592	19749.792638297616	6
26	293	1511.077357458501	2
26	364	2014.460464448039	1
26	481	2576.285386278838	2
26	508	2737.648116434361	3
26	521	2831.480532579517	1
26	587	3171.549739386889	2
26	678	3716.83230923461	2
26	764	4152.8898784346	2
26	840	4473.464419555603	2
26	851	4525.810873785626	2
26	921	5153.865072790905	3
26	957	5306.873387291675	3
26	962	5351.345741190504	2
26	987	5473.112817208757	2
26	1272	6920.389274896113	2
26	1288	7038.195815238326	2
26	1416	7852.584111784969	2
26	1566	8447.906277474706	2
26	1571	8488.341337710745	2
26	1585	8581.398795453454	2
26	1737	9360.348086977399	3
26	1768	9521.213913076456	3
26	1774	9588.694254225645	3
26	1810	9816.457802443752	3
26	1882	10074.99090552592	2
26	1897	10144.175093736093	1
26	1965	10431.058474352343	3
26	1997	10527.318840585772	2
26	2021	10621.939585816409	2
26	2043	10768.395255391184	3
26	2114	11138.368569990843	2
26	2118	11169.165494820396	2
26	2189	11604.498833618068	1
26	2223	11826.897140821533	1
26	2338	12246.966840641333	3
26	2420	12646.131011036545	3
26	2502	13288.207111620191	2
26	2518	13419.014605099822	2
26	2701	14527.186114916674	2
26	2759	14770.616038655717	2
26	2767	14823.020603223594	2
26	2825	15285.414348175477	2
26	2895	15675.247029652323	2
26	2906	15721.618192783272	2
26	2919	15798.222046681958	3
26	3024	16332.888268415829	2
26	3048	16515.372251888397	2
26	3086	16921.36708429696	3
26	3151	17324.810215281655	2
26	3226	17755.047371337875	2
26	3324	18512.408528473945	2
26	3360	18642.975848380344	2
26	3490	19148.097901592873	2
26	3513	19264.868619256423	3
26	3553	19517.919654960091	1
26	3592	19749.792638297616	2
27	198	1068.98225618017	306
27	204	1092.99403106322	306
27	214	1161.179330890866	306
27	308	1608.077357458501	306
27	354	1948.10609773948	306
27	365	2023.396208424527	306
27	378	2104.973354289147	309.24372952585
27	466	2493.520100549898	409
27	557	3021.861133115627	409
27	598	3200.275415063753	409
27	729	3976.588599849324	409
27	762	4145.749720719079	306
27	806	4330.455005561158	203
27	834	4442.742453466024	306
27	858	4581.945203892909	306
27	859	4584.945203892909	306.81683569981
27	878	4737.408323573019	306
27	945	5261.168259989257	306
27	1039	5797.171227579159	306
27	1102	6056.896962987003	203
27	1129	6164.196602125413	409
27	1136	6205.71043262345	409
27	1175	6437.420369019456	308.22207843967
27	1216	6640.980203907419	306
27	1221	6663.484525248772	306
27	1240	6753.008956507959	306
27	1251	6798.906828887865	203
27	1261	6873.673724836991	306
27	1352	7434.373402779289	306
27	1445	7993.126244393542	311.02860021134
27	1458	8049.725794406826	203
27	1528	8327.860341328596	306
27	1577	8529.906277474706	409
27	1579	8538.645416625205	306
27	1598	8708.642200500093	306
27	1602	8756.082567730785	310.49599246185
27	1678	9112.857538734256	413.44907513589
27	1691	9156.864678789973	306
27	1710	9233.802602273689	306
27	1727	9312.832596018249	306
27	1903	10172.084496219773	306
27	1906	10178.084496219773	412.30832271919
27	1966	10435.940922621869	409
27	1985	10470.522479923293	306
27	1992	10512.939585816409	306
27	2016	10589.015297535641	306
27	2034	10670.1714474738	409
27	2059	10872.040132822836	409
27	2076	10946.910383727382	409
27	2124	11196.760538963591	306
27	2231	11844.76431552264	203
27	2307	12109.697889691409	306
27	2426	12683.400608193797	306
27	2488	13215.337698002651	306
27	2505	13324.188675331157	409
27	2554	13660.310894017303	409
27	2602	14000.947670575589	306
27	2715	14576.698333028427	409
27	2734	14655.926405168505	306
27	2785	15006.928568845322	409
27	2835	15340.587863752015	306
27	2850	15430.368010569647	409
27	2918	15795.101270711598	409
27	3006	16235.888268415829	310.52256260891
27	3031	16397.484914027792	203
27	3042	16446.312411681533	409
27	3076	16843.438791006177	306
27	3116	17097.910600976431	306
27	3134	17207.909046040299	306
27	3193	17548.286184066669	412.67815251836
27	3198	17556.704228691919	306
27	3327	18517.494249878356	306
27	3443	18953.142081315117	409
27	3502	19212.413724297306	306
27	3519	19308.39095405396	306
27	3561	19566.500348085016	310.20890601239
27	3578	19671.614992735805	306
28	198	1068.98225618017	6
28	204	1092.99403106322	6
28	214	1161.179330890866	6
28	308	1608.077357458501	6
28	354	1948.10609773948	6
28	365	2023.396208424527	6
28	378	2104.973354289147	9.243729525852
28	466	2493.520100549898	9
28	557	3021.861133115627	9
28	598	3200.275415063753	9
28	729	3976.588599849324	9
28	762	4145.749720719079	6
28	806	4330.455005561158	3
28	834	4442.742453466024	6
28	858	4581.945203892909	6
28	859	4584.945203892909	6.816835699811
28	878	4737.408323573019	6
28	945	5261.168259989257	6
28	1039	5797.171227579159	6
28	1102	6056.896962987003	3
28	1129	6164.196602125413	9
28	1136	6205.71043262345	9
28	1175	6437.420369019456	8.222078439673
28	1216	6640.980203907419	6
28	1221	6663.484525248772	6
28	1240	6753.008956507959	6
28	1251	6798.906828887865	3
28	1261	6873.673724836991	6
28	1352	7434.373402779289	6
28	1445	7993.126244393542	11.028600211336
28	1458	8049.725794406826	3
28	1528	8327.860341328596	6
28	1577	8529.906277474706	9
28	1579	8538.645416625205	6
28	1598	8708.642200500093	6
28	1602	8756.082567730785	10.495992461849
28	1678	9112.857538734256	13.449075135887
28	1691	9156.864678789973	6
28	1710	9233.802602273689	6
28	1727	9312.832596018249	6
28	1903	10172.084496219773	6
28	1906	10178.084496219773	12.308322719188
28	1966	10435.940922621869	9
28	1985	10470.522479923293	6
28	1992	10512.939585816409	6
28	2016	10589.015297535641	6
28	2034	10670.1714474738	9
28	2059	10872.040132822836	9
28	2076	10946.910383727382	9
28	2124	11196.760538963591	6
28	2231	11844.76431552264	3
28	2307	12109.697889691409	6
28	2426	12683.400608193797	6
28	2488	13215.337698002651	6
28	2505	13324.188675331157	9
28	2554	13660.310894017303	9
28	2602	14000.947670575589	6
28	2715	14576.698333028427	9
28	2734	14655.926405168505	6
28	2785	15006.928568845322	9
28	2835	15340.587863752015	6
28	2850	15430.368010569647	9
28	2918	15795.101270711598	9
28	3006	16235.888268415829	10.522562608912
28	3031	16397.484914027792	3
28	3042	16446.312411681533	9
28	3076	16843.438791006177	6
28	3116	17097.910600976431	6
28	3134	17207.909046040299	6
28	3193	17548.286184066669	12.678152518358
28	3198	17556.704228691919	6
28	3327	18517.494249878356	6
28	3443	18953.142081315117	9
28	3502	19212.413724297306	6
28	3519	19308.39095405396	6
28	3561	19566.500348085016	10.208906012386
28	3578	19671.614992735805	6
29	198	1068.98225618017	2
29	204	1092.99403106322	2
29	214	1161.179330890866	2
29	308	1608.077357458501	2
29	354	1948.10609773948	2
29	365	2023.396208424527	2
29	378	2104.973354289147	2
29	466	2493.520100549898	3
29	557	3021.861133115627	3
29	598	3200.275415063753	3
29	729	3976.588599849324	3
29	762	4145.749720719079	2
29	806	4330.455005561158	1
29	834	4442.742453466024	2
29	858	4581.945203892909	2
29	859	4584.945203892909	2
29	878	4737.408323573019	2
29	945	5261.168259989257	2
29	1039	5797.171227579159	2
29	1102	6056.896962987003	1
29	1129	6164.196602125413	3
29	1136	6205.71043262345	3
29	1175	6437.420369019456	2
29	1216	6640.980203907419	2
29	1221	6663.484525248772	2
29	1240	6753.008956507959	2
29	1251	6798.906828887865	1
29	1261	6873.673724836991	2
29	1352	7434.373402779289	2
29	1445	7993.126244393542	2
29	1458	8049.725794406826	1
29	1528	8327.860341328596	2
29	1577	8529.906277474706	3
29	1579	8538.645416625205	2
29	1598	8708.642200500093	2
29	1602	8756.082567730785	2
29	1678	9112.857538734256	3
29	1691	9156.864678789973	2
29	1710	9233.802602273689	2
29	1727	9312.832596018249	2
29	1903	10172.084496219773	2
29	1906	10178.084496219773	3
29	1966	10435.940922621869	3
29	1985	10470.522479923293	2
29	1992	10512.939585816409	2
29	2016	10589.015297535641	2
29	2034	10670.1714474738	3
29	2059	10872.040132822836	3
29	2076	10946.910383727382	3
29	2124	11196.760538963591	2
29	2231	11844.76431552264	1
29	2307	12109.697889691409	2
29	2426	12683.400608193797	2
29	2488	13215.337698002651	2
29	2505	13324.188675331157	3
29	2554	13660.310894017303	3
29	2602	14000.947670575589	2
29	2715	14576.698333028427	3
29	2734	14655.926405168505	2
29	2785	15006.928568845322	3
29	2835	15340.587863752015	2
29	2850	15430.368010569647	3
29	2918	15795.101270711598	3
29	3006	16235.888268415829	2
29	3031	16397.484914027792	1
29	3042	16446.312411681533	3
29	3076	16843.438791006177	2
29	3116	17097.910600976431	2
29	3134	17207.909046040299	2
29	3193	17548.286184066669	3
29	3198	17556.704228691919	2
29	3327	18517.494249878356	2
29	3443	18953.142081315117	3
29	3502	19212.413724297306	2
29	3519	19308.39095405396	2
29	3561	19566.500348085016	2
29	3578	19671.614992735805	2
30	282	1451.65146730165	409
30	294	1511.500512585398	306
30	313	1629.899005225358	203
30	320	1701.957314312587	203
30	459	2458.871847488339	306
30	487	2605.766737320337	412.75259328273
30	510	2757.431507696808	306
30	565	3076.471792368511	409
30	608	3285.383739724426	306
30	707	3863.212833083806	306
30	776	4219.079510264727	409
30	801	4308.187257319282	409
30	852	4528.855398649214	306
30	855	4560.218505099072	306
30	916	5126.436304949783	306
30	954	5293.497549607265	306
30	1043	5813.750353024132	306
30	1080	5961.7860614792	409
30	1185	6483.514426375116	306
30	1213	6625.735438387546	306
30	1219	6652.01041751634	203
30	1284	6989.832310209538	306
30	1361	7486.155990786047	306
30	1378	7678.786665970773	306
30	1468	8120.593618005473	306
30	1520	8289.654491638682	203
30	1621	8886.043705348516	306
30	1628	8914.566218584451	203
30	1636	8942.100673088367	306
30	1645	8994.399938519818	306
30	1715	9249.123455111706	409
30	1753	9439.013997252515	203
30	1760	9493.241371030698	413.7952774685
30	2035	10673.408667393645	306
30	2067	10928.794570623158	203
30	2115	11139.582202638087	306
30	2116	11147.135996338144	306
30	2127	11203.699515082788	203
30	2133	11283.2197608963	409
30	2216	11793.045010841124	306
30	2246	11910.88365003425	413.4330845677
30	2286	12042.357043616679	306
30	2297	12063.379575100445	203
30	2348	12332.481595192802	409
30	2395	12533.443793710698	409
30	2418	12616.210606917528	306
30	2425	12673.346641747617	306
30	2440	12756.514644116079	409
30	2457	12912.803255794098	306
30	2470	13036.55272427627	409
30	2571	13767.056727203581	306
30	2582	13857.35342042611	409
30	2634	14281.68037690843	409
30	2703	14538.491505458604	306
30	2722	14588.343940424815	203
30	2859	15496.736822640956	203
30	2911	15751.371998342733	309.8727878859
30	2922	15821.58874452449	409
30	2923	15829.837310306572	306
30	2986	16138.08736253039	306
30	2993	16180.929958536636	306
30	2994	16186.532404277234	306
30	3000	16223.888268415829	306
30	3030	16368.036719416464	203
30	3040	16433.384639455559	412.91355273811
30	3115	17092.410875711934	306
30	3180	17469.763860814258	306
30	3184	17495.157059138937	412.29542428947
30	3192	17542.286184066669	203
30	3228	17778.754618197159	306
30	3269	18205.52201792538	409
30	3298	18375.457671055064	409
30	3329	18532.486095006595	203
30	3358	18635.613481607449	409
30	3454	18994.675140400999	306
30	3514	19267.087513958367	306
30	3522	19340.165561709683	306
30	3542	19449.022094961746	409
30	3599	19824.441526165967	203
30	3618	19963.274073690466	306
31	282	1451.65146730165	9
31	294	1511.500512585398	6
31	313	1629.899005225358	3
31	320	1701.957314312587	3
31	459	2458.871847488339	6
31	487	2605.766737320337	12.752593282727
31	510	2757.431507696808	6
31	565	3076.471792368511	9
31	608	3285.383739724426	6
31	707	3863.212833083806	6
31	776	4219.079510264727	9
31	801	4308.187257319282	9
31	852	4528.855398649214	6
31	855	4560.218505099072	6
31	916	5126.436304949783	6
31	954	5293.497549607265	6
31	1043	5813.750353024132	6
31	1080	5961.7860614792	9
31	1185	6483.514426375116	6
31	1213	6625.735438387546	6
31	1219	6652.01041751634	3
31	1284	6989.832310209538	6
31	1361	7486.155990786047	6
31	1378	7678.786665970773	6
31	1468	8120.593618005473	6
31	1520	8289.654491638682	3
31	1621	8886.043705348516	6
31	1628	8914.566218584451	3
31	1636	8942.100673088367	6
31	1645	8994.399938519818	6
31	1715	9249.123455111706	9
31	1753	9439.013997252515	3
31	1760	9493.241371030698	13.795277468501
31	2035	10673.408667393645	6
31	2067	10928.794570623158	3
31	2115	11139.582202638087	6
31	2116	11147.135996338144	6
31	2127	11203.699515082788	3
31	2133	11283.2197608963	9
31	2216	11793.045010841124	6
31	2246	11910.88365003425	13.433084567697
31	2286	12042.357043616679	6
31	2297	12063.379575100445	3
31	2348	12332.481595192802	9
31	2395	12533.443793710698	9
31	2418	12616.210606917528	6
31	2425	12673.346641747617	6
31	2440	12756.514644116079	9
31	2457	12912.803255794098	6
31	2470	13036.55272427627	9
31	2571	13767.056727203581	6
31	2582	13857.35342042611	9
31	2634	14281.68037690843	9
31	2703	14538.491505458604	6
31	2722	14588.343940424815	3
31	2859	15496.736822640956	3
31	2911	15751.371998342733	9.872787885904
31	2922	15821.58874452449	9
31	2923	15829.837310306572	6
31	2986	16138.08736253039	6
31	2993	16180.929958536636	6
31	2994	16186.532404277234	6
31	3000	16223.888268415829	6
31	3030	16368.036719416464	3
31	3040	16433.384639455559	12.913552738112
31	3115	17092.410875711934	6
31	3180	17469.763860814258	6
31	3184	17495.157059138937	12.295424289467
31	3192	17542.286184066669	3
31	3228	17778.754618197159	6
31	3269	18205.52201792538	9
31	3298	18375.457671055064	9
31	3329	18532.486095006595	3
31	3358	18635.613481607449	9
31	3454	18994.675140400999	6
31	3514	19267.087513958367	6
31	3522	19340.165561709683	6
31	3542	19449.022094961746	9
31	3599	19824.441526165967	3
31	3618	19963.274073690466	6
32	282	1451.65146730165	3
32	294	1511.500512585398	2
32	313	1629.899005225358	1
32	320	1701.957314312587	1
32	459	2458.871847488339	2
32	487	2605.766737320337	3
32	510	2757.431507696808	2
32	565	3076.471792368511	3
32	608	3285.383739724426	2
32	707	3863.212833083806	2
32	776	4219.079510264727	3
32	801	4308.187257319282	3
32	852	4528.855398649214	2
32	855	4560.218505099072	2
32	916	5126.436304949783	2
32	954	5293.497549607265	2
32	1043	5813.750353024132	2
32	1080	5961.7860614792	3
32	1185	6483.514426375116	2
32	1213	6625.735438387546	2
32	1219	6652.01041751634	1
32	1284	6989.832310209538	2
32	1361	7486.155990786047	2
32	1378	7678.786665970773	2
32	1468	8120.593618005473	2
32	1520	8289.654491638682	1
32	1621	8886.043705348516	2
32	1628	8914.566218584451	1
32	1636	8942.100673088367	2
32	1645	8994.399938519818	2
32	1715	9249.123455111706	3
32	1753	9439.013997252515	1
32	1760	9493.241371030698	3
32	2035	10673.408667393645	2
32	2067	10928.794570623158	1
32	2115	11139.582202638087	2
32	2116	11147.135996338144	2
32	2127	11203.699515082788	1
32	2133	11283.2197608963	3
32	2216	11793.045010841124	2
32	2246	11910.88365003425	3
32	2286	12042.357043616679	2
32	2297	12063.379575100445	1
32	2348	12332.481595192802	3
32	2395	12533.443793710698	3
32	2418	12616.210606917528	2
32	2425	12673.346641747617	2
32	2440	12756.514644116079	3
32	2457	12912.803255794098	2
32	2470	13036.55272427627	3
32	2571	13767.056727203581	2
32	2582	13857.35342042611	3
32	2634	14281.68037690843	3
32	2703	14538.491505458604	2
32	2722	14588.343940424815	1
32	2859	15496.736822640956	1
32	2911	15751.371998342733	2
32	2922	15821.58874452449	3
32	2923	15829.837310306572	2
32	2986	16138.08736253039	2
32	2993	16180.929958536636	2
32	2994	16186.532404277234	2
32	3000	16223.888268415829	2
32	3030	16368.036719416464	1
32	3040	16433.384639455559	3
32	3115	17092.410875711934	2
32	3180	17469.763860814258	2
32	3184	17495.157059138937	3
32	3192	17542.286184066669	1
32	3228	17778.754618197159	2
32	3269	18205.52201792538	3
32	3298	18375.457671055064	3
32	3329	18532.486095006595	1
32	3358	18635.613481607449	3
32	3454	18994.675140400999	2
32	3514	19267.087513958367	2
32	3522	19340.165561709683	2
32	3542	19449.022094961746	3
32	3599	19824.441526165967	1
32	3618	19963.274073690466	2
33	267	1390.613816524162	409
33	296	1517.716909262061	409
33	303	1575.541713997366	409
33	434	2367.206582080461	306
33	438	2380.628268220218	306
33	460	2465.305195415054	203
33	486	2602.45058040203	306
33	584	3132.27788292441	409
33	621	3315.758079061573	306
33	686	3756.832140328574	306
33	757	4122.784854260286	306
33	813	4357.872022634799	306
33	821	4381.331365488466	306
33	881	4798.214155974177	409
33	890	4900.890382951057	306
33	1009	5629.478631978366	306
33	1092	6013.08526111452	409
33	1121	6140.781097431012	306
33	1132	6197.500831073538	409
33	1167	6400.807809730434	409
33	1181	6456.214347821542	306
33	1210	6618.441910128817	203
33	1267	6888.191662945871	409
33	1283	6985.002031606541	306
33	1326	7255.306673877923	306
33	1358	7464.954532035629	409
33	1561	8438.906277474706	309.24290230562
33	1567	8470.270171383786	409
33	1569	8481.034424131329	306
33	1572	8495.880589736508	203
33	1641	8964.250245450426	306
33	1775	9592.910180287256	306
33	1856	9977.480897602159	306
33	1867	10039.015865180329	306
33	1907	10183.246881554757	306
33	2001	10552.699879489873	409
33	2022	10622.168171381851	306
33	2042	10761.409453625875	409
33	2184	11595.258270439252	306
33	2214	11763.909232981041	306
33	2319	12152.180539277973	306
33	2324	12181.182054533382	306
33	2337	12244.526872521128	409
33	2396	12536.032159521097	306
33	2433	12704.419548360222	203
33	2633	14272.608967980276	409
33	2679	14462.771483457612	306
33	2743	14682.679609144833	306
33	2888	15627.7898360516	409
33	2912	15757.028696922309	306
33	2973	16089.532404277234	413.77565099919
33	3009	16254.140738453587	306
33	3020	16324.384639455559	203
33	3050	16532.980306792639	306
33	3058	16616.113159186715	306
33	3077	16860.893340425086	409
33	3147	17287.768376423065	306
33	3219	17703.660930737461	203
33	3229	17787.610552636878	409
33	3261	18139.729988527705	306
33	3268	18192.960653990089	306
33	3435	18905.4713221161	306
33	3440	18941.522479602175	409
33	3473	19064.868619256423	310.14627875019
33	3543	19451.830911764051	203
33	3549	19489.356492486779	306
33	3604	19849.107780923296	306
34	267	1390.613816524162	9
34	296	1517.716909262061	9
34	303	1575.541713997366	9
34	434	2367.206582080461	6
34	438	2380.628268220218	6
34	460	2465.305195415054	3
34	486	2602.45058040203	6
34	584	3132.27788292441	9
34	621	3315.758079061573	6
34	686	3756.832140328574	6
34	757	4122.784854260286	6
34	813	4357.872022634799	6
34	821	4381.331365488466	6
34	881	4798.214155974177	9
34	890	4900.890382951057	6
34	1009	5629.478631978366	6
34	1092	6013.08526111452	9
34	1121	6140.781097431012	6
34	1132	6197.500831073538	9
34	1167	6400.807809730434	9
34	1181	6456.214347821542	6
34	1210	6618.441910128817	3
34	1267	6888.191662945871	9
34	1283	6985.002031606541	6
34	1326	7255.306673877923	6
34	1358	7464.954532035629	9
34	1561	8438.906277474706	9.242902305615
34	1567	8470.270171383786	9
34	1569	8481.034424131329	6
34	1572	8495.880589736508	3
34	1641	8964.250245450426	6
34	1775	9592.910180287256	6
34	1856	9977.480897602159	6
34	1867	10039.015865180329	6
34	1907	10183.246881554757	6
34	2001	10552.699879489873	9
34	2022	10622.168171381851	6
34	2042	10761.409453625875	9
34	2184	11595.258270439252	6
34	2214	11763.909232981041	6
34	2319	12152.180539277973	6
34	2324	12181.182054533382	6
34	2337	12244.526872521128	9
34	2396	12536.032159521097	6
34	2433	12704.419548360222	3
34	2633	14272.608967980276	9
34	2679	14462.771483457612	6
34	2743	14682.679609144833	6
34	2888	15627.7898360516	9
34	2912	15757.028696922309	6
34	2973	16089.532404277234	13.775650999192
34	3009	16254.140738453587	6
34	3020	16324.384639455559	3
34	3050	16532.980306792639	6
34	3058	16616.113159186715	6
34	3077	16860.893340425086	9
34	3147	17287.768376423065	6
34	3219	17703.660930737461	3
34	3229	17787.610552636878	9
34	3261	18139.729988527705	6
34	3268	18192.960653990089	6
34	3435	18905.4713221161	6
34	3440	18941.522479602175	9
34	3473	19064.868619256423	10.146278750187
34	3543	19451.830911764051	3
34	3549	19489.356492486779	6
34	3604	19849.107780923296	6
35	267	1390.613816524162	3
35	296	1517.716909262061	3
35	303	1575.541713997366	3
35	434	2367.206582080461	2
35	438	2380.628268220218	2
35	460	2465.305195415054	1
35	486	2602.45058040203	2
35	584	3132.27788292441	3
35	621	3315.758079061573	2
35	686	3756.832140328574	2
35	757	4122.784854260286	2
35	813	4357.872022634799	2
35	821	4381.331365488466	2
35	881	4798.214155974177	3
35	890	4900.890382951057	2
35	1009	5629.478631978366	2
35	1092	6013.08526111452	3
35	1121	6140.781097431012	2
35	1132	6197.500831073538	3
35	1167	6400.807809730434	3
35	1181	6456.214347821542	2
35	1210	6618.441910128817	1
35	1267	6888.191662945871	3
35	1283	6985.002031606541	2
35	1326	7255.306673877923	2
35	1358	7464.954532035629	3
35	1561	8438.906277474706	2
35	1567	8470.270171383786	3
35	1569	8481.034424131329	2
35	1572	8495.880589736508	1
35	1641	8964.250245450426	2
35	1775	9592.910180287256	2
35	1856	9977.480897602159	2
35	1867	10039.015865180329	2
35	1907	10183.246881554757	2
35	2001	10552.699879489873	3
35	2022	10622.168171381851	2
35	2042	10761.409453625875	3
35	2184	11595.258270439252	2
35	2214	11763.909232981041	2
35	2319	12152.180539277973	2
35	2324	12181.182054533382	2
35	2337	12244.526872521128	3
35	2396	12536.032159521097	2
35	2433	12704.419548360222	1
35	2633	14272.608967980276	3
35	2679	14462.771483457612	2
35	2743	14682.679609144833	2
35	2888	15627.7898360516	3
35	2912	15757.028696922309	2
35	2973	16089.532404277234	3
35	3009	16254.140738453587	2
35	3020	16324.384639455559	1
35	3050	16532.980306792639	2
35	3058	16616.113159186715	2
35	3077	16860.893340425086	3
35	3147	17287.768376423065	2
35	3219	17703.660930737461	1
35	3229	17787.610552636878	3
35	3261	18139.729988527705	2
35	3268	18192.960653990089	2
35	3435	18905.4713221161	2
35	3440	18941.522479602175	3
35	3473	19064.868619256423	2
35	3543	19451.830911764051	1
35	3549	19489.356492486779	2
35	3604	19849.107780923296	2

