version 3
run HighLoad_RoundRobin-44-20260126-11:00:30-303
attr configname HighLoad_RoundRobin
attr datetime 20260126-11:00:30
attr datetimef 20260126-110030
attr experiment HighLoad_RoundRobin
attr inifile simulations/nwsim_project/omnetpp.ini
attr iterationvars ""
attr iterationvarsd ""
attr iterationvarsf ""
attr measurement ""
attr network CrossTraffic
attr processid 303
attr repetition 44
attr replication #44
attr resultdir results
attr runnumber 44
attr seedset 44
config description "High Load - Round-Robin Mode (100% more traffic)"
config *.Junc*.junctionMode "\"roundrobin\""
config *.EndNW.spawnInterval exponential(200s)
config *.EndNE.spawnInterval exponential(300s)
config *.EndEN.spawnInterval exponential(250s)
config *.EndES.spawnInterval exponential(365s)
config *.EndSE.spawnInterval exponential(225s)
config *.EndSW.spawnInterval exponential(250s)
config *.EndWS.spawnInterval exponential(300s)
config *.EndWN.spawnInterval exponential(350s)
config network CrossTraffic
config sim-time-limit 20000s
config warmup-period 1000s
config repeat 50
config **.scalar-recording true
config **.vector-recording true
config *.Junc*.junctionMode "\"queue\""
config *.EndNW.spawnInterval exponential(800s)
config *.EndNE.spawnInterval exponential(1200s)
config *.EndEN.spawnInterval exponential(1000s)
config *.EndES.spawnInterval exponential(1500s)
config *.EndSE.spawnInterval exponential(900s)
config *.EndSW.spawnInterval exponential(1100s)
config *.EndWS.spawnInterval exponential(1300s)
config *.EndWN.spawnInterval exponential(1400s)

vector 0 CrossTraffic.JuncNW queueLength:vector ETV
attr interpolationmode sample-hold
attr recordingmode vector
attr source queueLength
attr title "Queue Length"
vector 1 CrossTraffic.JuncNW junctionProcessingTime:vector ETV
attr recordingmode vector
attr source junctionProcessingTime
attr title "Junction Processing Time"
vector 2 CrossTraffic.JuncNW vehicleCount:vector ETV
attr recordingmode vector
attr source vehicleCount
attr title "Vehicle Count"
vector 3 CrossTraffic.JuncNE queueLength:vector ETV
attr interpolationmode sample-hold
attr recordingmode vector
attr source queueLength
attr title "Queue Length"
vector 4 CrossTraffic.JuncNE junctionProcessingTime:vector ETV
attr recordingmode vector
attr source junctionProcessingTime
attr title "Junction Processing Time"
vector 5 CrossTraffic.JuncNE vehicleCount:vector ETV
attr recordingmode vector
attr source vehicleCount
attr title "Vehicle Count"
vector 6 CrossTraffic.JuncSE queueLength:vector ETV
attr interpolationmode sample-hold
attr recordingmode vector
attr source queueLength
attr title "Queue Length"
vector 7 CrossTraffic.JuncSE junctionProcessingTime:vector ETV
attr recordingmode vector
attr source junctionProcessingTime
attr title "Junction Processing Time"
vector 8 CrossTraffic.JuncSE vehicleCount:vector ETV
attr recordingmode vector
attr source vehicleCount
attr title "Vehicle Count"
vector 9 CrossTraffic.JuncSW queueLength:vector ETV
attr interpolationmode sample-hold
attr recordingmode vector
attr source queueLength
attr title "Queue Length"
vector 10 CrossTraffic.JuncSW junctionProcessingTime:vector ETV
attr recordingmode vector
attr source junctionProcessingTime
attr title "Junction Processing Time"
vector 11 CrossTraffic.JuncSW vehicleCount:vector ETV
attr recordingmode vector
attr source vehicleCount
attr title "Vehicle Count"
vector 12 CrossTraffic.EndNW travelTime:vector ETV
attr recordingmode vector
attr source travelTime
attr title "Vehicle Travel Time"
vector 13 CrossTraffic.EndNW junctionTime:vector ETV
attr recordingmode vector
attr source junctionTime
attr title "Total Junction Time per Vehicle"
vector 14 CrossTraffic.EndNW junctionCount:vector ETV
attr recordingmode vector
attr source junctionCount
attr title "Junctions Visited per Vehicle"
vector 15 CrossTraffic.EndNE travelTime:vector ETV
attr recordingmode vector
attr source travelTime
attr title "Vehicle Travel Time"
vector 16 CrossTraffic.EndNE junctionTime:vector ETV
attr recordingmode vector
attr source junctionTime
attr title "Total Junction Time per Vehicle"
vector 17 CrossTraffic.EndNE junctionCount:vector ETV
attr recordingmode vector
attr source junctionCount
attr title "Junctions Visited per Vehicle"
vector 18 CrossTraffic.EndEN travelTime:vector ETV
attr recordingmode vector
attr source travelTime
attr title "Vehicle Travel Time"
vector 19 CrossTraffic.EndEN junctionTime:vector ETV
attr recordingmode vector
attr source junctionTime
attr title "Total Junction Time per Vehicle"
vector 20 CrossTraffic.EndEN junctionCount:vector ETV
attr recordingmode vector
attr source junctionCount
attr title "Junctions Visited per Vehicle"
vector 21 CrossTraffic.EndES travelTime:vector ETV
attr recordingmode vector
attr source travelTime
attr title "Vehicle Travel Time"
vector 22 CrossTraffic.EndES junctionTime:vector ETV
attr recordingmode vector
attr source junctionTime
attr title "Total Junction Time per Vehicle"
vector 23 CrossTraffic.EndES junctionCount:vector ETV
attr recordingmode vector
attr source junctionCount
attr title "Junctions Visited per Vehicle"
vector 24 CrossTraffic.EndSE travelTime:vector ETV
attr recordingmode vector
attr source travelTime
attr title "Vehicle Travel Time"
vector 25 CrossTraffic.EndSE junctionTime:vector ETV
attr recordingmode vector
attr source junctionTime
attr title "Total Junction Time per Vehicle"
vector 26 CrossTraffic.EndSE junctionCount:vector ETV
attr recordingmode vector
attr source junctionCount
attr title "Junctions Visited per Vehicle"
vector 27 CrossTraffic.EndSW travelTime:vector ETV
attr recordingmode vector
attr source travelTime
attr title "Vehicle Travel Time"
vector 28 CrossTraffic.EndSW junctionTime:vector ETV
attr recordingmode vector
attr source junctionTime
attr title "Total Junction Time per Vehicle"
vector 29 CrossTraffic.EndSW junctionCount:vector ETV
attr recordingmode vector
attr source junctionCount
attr title "Junctions Visited per Vehicle"
vector 30 CrossTraffic.EndWS travelTime:vector ETV
attr recordingmode vector
attr source travelTime
attr title "Vehicle Travel Time"
vector 31 CrossTraffic.EndWS junctionTime:vector ETV
attr recordingmode vector
attr source junctionTime
attr title "Total Junction Time per Vehicle"
vector 32 CrossTraffic.EndWS junctionCount:vector ETV
attr recordingmode vector
attr source junctionCount
attr title "Junctions Visited per Vehicle"
vector 33 CrossTraffic.EndWN travelTime:vector ETV
attr recordingmode vector
attr source travelTime
attr title "Vehicle Travel Time"
vector 34 CrossTraffic.EndWN junctionTime:vector ETV
attr recordingmode vector
attr source junctionTime
attr title "Total Junction Time per Vehicle"
vector 35 CrossTraffic.EndWN junctionCount:vector ETV
attr recordingmode vector
attr source junctionCount
attr title "Junctions Visited per Vehicle"
0	288	1020	0
0	288	1020	0
0	294	1050	0
0	294	1050	0
0	304	1080	0
0	304	1080	0
0	310	1090	1
0	312	1110	1
0	312	1110	0
0	319	1140	0
0	319	1140	0
0	323	1147.660685373249	1
0	327	1170	1
0	327	1170	0
0	336	1200	0
0	336	1200	0
0	342	1230	0
0	342	1230	0
0	348	1248.904466434772	1
0	350	1260	1
0	350	1260	1
0	356	1271.980690249062	2
0	359	1290	2
0	359	1290	2
0	365	1305.365109112357	3
0	367	1320	3
0	367	1320	0
0	372	1350	0
0	372	1350	0
0	378	1380	0
0	378	1380	0
0	385	1410	0
0	385	1410	0
0	394	1440	0
0	394	1440	0
0	399	1470	0
0	399	1470	0
0	406	1500	0
0	406	1500	0
0	415	1530	0
0	415	1530	0
0	422	1560	0
0	422	1560	0
0	427	1590	0
0	427	1590	0
0	434	1620	0
0	434	1620	0
0	441	1650	0
0	441	1650	0
0	448	1680	0
0	448	1680	0
0	453	1710	0
0	453	1710	0
0	462	1740	0
0	462	1740	0
0	466	1760.265511501967	1
0	467	1770	1
0	467	1770	1
0	471	1800	1
0	471	1800	0
0	476	1818.21815247508	1
0	477	1822.401374168695	2
0	478	1830	2
0	478	1830	2
0	484	1840	3
0	485	1840	4
0	486	1860	4
0	486	1860	2
0	492	1890	2
0	492	1890	0
0	498	1920	0
0	498	1920	0
0	502	1950	0
0	502	1950	0
0	513	1980	0
0	513	1980	0
0	520	2010	0
0	520	2010	0
0	526	2040	0
0	526	2040	0
0	533	2070	0
0	533	2070	0
0	537	2070.48637678908	1
0	541	2100	1
0	541	2100	1
0	546	2121.923497196847	2
0	547	2130	2
0	547	2130	2
0	554	2160	2
0	554	2160	0
0	561	2190	0
0	561	2190	0
0	565	2198.21227244066	1
0	570	2220	1
0	570	2220	1
0	577	2250	1
0	577	2250	0
0	588	2280	0
0	588	2280	0
0	594	2310	0
0	594	2310	0
0	600	2340	0
0	600	2340	0
0	607	2370	0
0	607	2370	0
0	615	2400	0
0	615	2400	0
0	621	2419.082474530541	1
0	624	2430	1
0	624	2430	0
0	631	2460	0
0	631	2460	0
0	638	2490	0
0	638	2490	0
0	645	2520	0
0	645	2520	0
0	654	2550	0
0	654	2550	0
0	658	2551.049241322368	1
0	662	2580	1
0	662	2580	1
0	670	2597.905063824861	2
0	671	2610	2
0	671	2610	1
0	679	2640	1
0	679	2640	0
0	684	2670	0
0	684	2670	0
0	691	2688.437473870359	1
0	695	2700	1
0	695	2700	1
0	703	2730	1
0	703	2730	0
0	710	2760	0
0	710	2760	0
0	717	2790	0
0	717	2790	0
0	725	2820	0
0	725	2820	0
0	738	2850	0
0	738	2850	0
0	744	2880	0
0	744	2880	0
0	751	2910	0
0	751	2910	0
0	755	2918.248289576121	1
0	759	2930.706954775257	2
0	760	2940	2
0	760	2940	2
0	766	2970	2
0	766	2970	2
0	770	2977.498588799434	3
0	773	3000	3
0	773	3000	0
0	778	3010	1
0	783	3030	1
0	783	3030	0
0	787	3060	0
0	787	3060	0
0	795	3090	0
0	795	3090	0
0	805	3120	0
0	805	3120	0
0	811	3150	0
0	811	3150	0
0	818	3177.516762164227	1
0	819	3180	1
0	819	3180	1
0	828	3210	1
0	828	3210	0
0	837	3240	0
0	837	3240	0
0	844	3270	0
0	844	3270	0
0	849	3280.080673104777	1
0	853	3300	1
0	853	3300	1
0	861	3312.022828418487	2
0	865	3330	2
0	865	3330	1
0	869	3355.172215117459	2
0	870	3360	2
0	870	3360	0
0	874	3361.603416137813	1
0	875	3361.730761878066	2
0	877	3390	2
0	877	3390	2
0	888	3420	2
0	888	3420	2
0	895	3450	2
0	895	3450	0
0	902	3480	0
0	902	3480	0
0	906	3481.515958175081	1
0	911	3510	1
0	911	3510	0
0	918	3540	0
0	918	3540	0
0	928	3570	0
0	928	3570	0
0	938	3600	0
0	938	3600	0
0	944	3630	0
0	944	3630	0
0	956	3660	0
0	956	3660	0
0	969	3690	0
0	969	3690	0
0	974	3720	0
0	974	3720	0
0	982	3745.643063089946	1
0	983	3750	1
0	983	3750	0
0	992	3780	0
0	992	3780	0
0	1001	3810	0
0	1001	3810	0
0	1006	3840	0
0	1006	3840	0
0	1012	3850	1
0	1017	3870	1
0	1017	3870	0
0	1024	3890.317880376509	1
0	1027	3900	1
0	1027	3900	1
0	1033	3930	1
0	1033	3930	0
0	1041	3960	0
0	1041	3960	0
0	1052	3990	0
0	1052	3990	0
0	1062	4020	0
0	1062	4020	0
0	1066	4020.56206464997	1
0	1069	4050	1
0	1069	4050	1
0	1073	4052.384075759539	2
0	1078	4080	2
0	1078	4080	0
0	1089	4110	0
0	1089	4110	0
0	1096	4140	0
0	1096	4140	0
0	1101	4170	0
0	1101	4170	0
0	1109	4180	1
0	1112	4200	1
0	1112	4200	1
0	1118	4230	1
0	1118	4230	0
0	1126	4260	0
0	1126	4260	0
0	1134	4290	0
0	1134	4290	0
0	1142	4320	0
0	1142	4320	0
0	1150	4350	0
0	1150	4350	0
0	1160	4375.41129797255	1
0	1161	4380	1
0	1161	4380	0
0	1166	4391.876857472566	1
0	1168	4410	1
0	1168	4410	1
0	1175	4440	1
0	1175	4440	0
0	1182	4458.056551593588	1
0	1185	4470	1
0	1185	4470	1
0	1195	4500	1
0	1195	4500	1
0	1199	4519.493521949332	2
0	1202	4530	2
0	1202	4530	0
0	1208	4542.184692289605	1
0	1209	4560	1
0	1209	4560	0
0	1213	4570	1
0	1217	4590	1
0	1217	4590	0
0	1223	4620	0
0	1223	4620	0
0	1236	4650	0
0	1236	4650	0
0	1244	4680	0
0	1244	4680	0
0	1252	4710	0
0	1252	4710	0
0	1257	4720.250641076446	1
0	1258	4734.950961804505	2
0	1261	4740	2
0	1261	4740	2
0	1265	4757.784460374654	3
0	1267	4770	3
0	1267	4770	2
0	1271	4780	3
0	1276	4800	3
0	1276	4800	1
0	1281	4810	2
0	1285	4830	2
0	1285	4830	0
0	1293	4860	0
0	1293	4860	0
0	1300	4890	0
0	1300	4890	0
0	1308	4912.44560891519	1
0	1310	4920	1
0	1310	4920	0
0	1320	4950	0
0	1320	4950	0
0	1327	4980	0
0	1327	4980	0
0	1332	4997.371911324816	1
0	1335	5010	1
0	1335	5010	0
0	1342	5020	1
0	1346	5040	1
0	1346	5040	1
0	1352	5070	1
0	1352	5070	0
0	1361	5100	0
0	1361	5100	0
0	1369	5130	0
0	1369	5130	0
0	1376	5154.756788321404	1
0	1377	5160	1
0	1377	5160	0
0	1386	5190	0
0	1386	5190	0
0	1394	5220	0
0	1394	5220	0
0	1405	5250	0
0	1405	5250	0
0	1416	5280	0
0	1416	5280	0
0	1421	5310	0
0	1421	5310	0
0	1426	5320	1
0	1430	5340	1
0	1430	5340	0
0	1440	5370	0
0	1440	5370	0
0	1450	5400	0
0	1450	5400	0
0	1454	5430	0
0	1454	5430	0
0	1461	5440	1
0	1464	5453.401056416766	2
0	1465	5460	2
0	1465	5460	0
0	1472	5471.077901644481	1
0	1476	5490	1
0	1476	5490	1
0	1480	5493.397923392219	2
0	1482	5520	2
0	1482	5520	0
0	1488	5550	0
0	1488	5550	0
0	1498	5560.441528290341	1
0	1499	5580	1
0	1499	5580	1
0	1505	5610	1
0	1505	5610	0
0	1514	5640	0
0	1514	5640	0
0	1523	5670	0
0	1523	5670	0
0	1529	5700	0
0	1529	5700	0
0	1535	5729.547846507395	1
0	1536	5730	1
0	1536	5730	1
0	1545	5760	1
0	1545	5760	0
0	1550	5770	1
0	1553	5790	1
0	1553	5790	0
0	1558	5820	0
0	1558	5820	0
0	1567	5850	0
0	1567	5850	0
0	1574	5880	0
0	1574	5880	0
0	1580	5899.388191631761	1
0	1581	5910	1
0	1581	5910	1
0	1586	5923.4450283304	2
0	1588	5940	2
0	1588	5940	2
0	1595	5970	2
0	1595	5970	1
0	1600	5978.92679900927	2
0	1602	6000	2
0	1602	6000	0
0	1609	6030	0
0	1609	6030	0
0	1614	6060	0
0	1614	6060	0
0	1622	6090	0
0	1622	6090	0
0	1629	6114.808004280309	1
0	1631	6120	1
0	1631	6120	0
0	1636	6150	0
0	1636	6150	0
0	1643	6180	0
0	1643	6180	0
0	1647	6210	0
0	1647	6210	0
0	1652	6220	1
0	1657	6240	1
0	1657	6240	1
0	1665	6270	1
0	1665	6270	0
0	1670	6300	0
0	1670	6300	0
0	1675	6330	0
0	1675	6330	0
0	1685	6360	0
0	1685	6360	0
0	1692	6390	0
0	1692	6390	0
0	1699	6420	0
0	1699	6420	0
0	1705	6445.651691423006	1
0	1706	6450	1
0	1706	6450	1
0	1712	6480	1
0	1712	6480	0
0	1719	6510	0
0	1719	6510	0
0	1725	6520	1
0	1729	6540	1
0	1729	6540	0
0	1734	6570	0
0	1734	6570	0
0	1742	6600	0
0	1742	6600	0
0	1750	6630	0
0	1750	6630	0
0	1757	6660	0
0	1757	6660	0
0	1765	6690	0
0	1765	6690	0
0	1774	6720	0
0	1774	6720	0
0	1779	6730	1
0	1780	6750	1
0	1780	6750	0
0	1791	6780	0
0	1791	6780	0
0	1795	6787.785554161128	1
0	1799	6810	1
0	1799	6810	1
0	1805	6840	1
0	1805	6840	0
0	1814	6870	0
0	1814	6870	0
0	1821	6893.065188535151	1
0	1823	6900	1
0	1823	6900	0
0	1830	6930	0
0	1830	6930	0
0	1836	6951.592683495293	1
0	1838	6960	1
0	1838	6960	0
0	1842	6968.077668112891	1
0	1846	6990	1
0	1846	6990	0
0	1854	7020	0
0	1854	7020	0
0	1861	7050	0
0	1861	7050	0
0	1868	7080	0
0	1868	7080	0
0	1876	7110	0
0	1876	7110	0
0	1885	7140	0
0	1885	7140	0
0	1889	7170	0
0	1889	7170	0
0	1893	7180	1
0	1894	7200	1
0	1894	7200	1
0	1900	7212.797563264128	2
0	1902	7230	2
0	1902	7230	1
0	1911	7260	1
0	1911	7260	1
0	1917	7290	1
0	1917	7290	0
0	1921	7320	0
0	1921	7320	0
0	1928	7350	0
0	1928	7350	0
0	1934	7374.318786275623	1
0	1935	7380	1
0	1935	7380	1
0	1941	7410	1
0	1941	7410	1
0	1946	7440	1
0	1946	7440	0
0	1954	7470	0
0	1954	7470	0
0	1958	7500	0
0	1958	7500	0
0	1963	7530	0
0	1963	7530	0
0	1972	7560	0
0	1972	7560	0
0	1978	7590	0
0	1978	7590	0
0	1983	7620	0
0	1983	7620	0
0	1989	7650	0
0	1989	7650	0
0	1996	7680	0
0	1996	7680	0
0	2000	7690	1
0	2004	7710	1
0	2004	7710	0
0	2010	7740	0
0	2010	7740	0
0	2019	7770	0
0	2019	7770	0
0	2024	7780	1
0	2026	7800	1
0	2026	7800	1
0	2036	7830	1
0	2036	7830	0
0	2046	7860	0
0	2046	7860	0
0	2052	7890	0
0	2052	7890	0
0	2059	7920	0
0	2059	7920	0
0	2066	7941.798517418853	1
0	2068	7950	1
0	2068	7950	0
0	2074	7960	1
0	2076	7968.91563619465	2
0	2078	7980	2
0	2078	7980	1
0	2087	8010	1
0	2087	8010	0
0	2096	8040	0
0	2096	8040	0
0	2102	8053.780701133025	1
0	2103	8070	1
0	2103	8070	1
0	2110	8080	2
0	2114	8100	2
0	2114	8100	1
0	2118	8104.029588687702	2
0	2124	8130	2
0	2124	8130	1
0	2131	8160	1
0	2131	8160	0
0	2135	8170	1
0	2139	8190	1
0	2139	8190	0
0	2146	8220	0
0	2146	8220	0
0	2156	8250	0
0	2156	8250	0
0	2164	8280	0
0	2164	8280	0
0	2174	8310	0
0	2174	8310	0
0	2185	8336.849661830345	1
0	2186	8337.393268493679	2
0	2187	8340	2
0	2187	8340	1
0	2194	8370	1
0	2194	8370	1
0	2203	8400	1
0	2203	8400	0
0	2210	8430	0
0	2210	8430	0
0	2214	8434.15473620167	1
0	2222	8460	1
0	2222	8460	1
0	2228	8490	1
0	2228	8490	1
0	2232	8498.43950884876	2
0	2234	8520	2
0	2234	8520	0
0	2239	8550	0
0	2239	8550	0
0	2246	8560	1
0	2248	8580	1
0	2248	8580	0
0	2257	8610	0
0	2257	8610	0
0	2265	8640	0
0	2265	8640	0
0	2271	8670	0
0	2271	8670	0
0	2283	8700	0
0	2283	8700	0
0	2289	8721.973666254136	1
0	2290	8730	1
0	2290	8730	0
0	2297	8760	0
0	2297	8760	0
0	2302	8771.774161460133	1
0	2304	8785.078115812994	2
0	2305	8790	2
0	2305	8790	2
0	2311	8820	2
0	2311	8820	2
0	2317	8850	2
0	2317	8850	0
0	2322	8860	1
0	2324	8880	1
0	2324	8880	1
0	2329	8910	1
0	2329	8910	0
0	2335	8940	0
0	2335	8940	0
0	2343	8970	0
0	2343	8970	0
0	2347	8979.376436855387	1
0	2350	9000	1
0	2350	9000	1
0	2356	9016.749449362781	2
0	2359	9030	2
0	2359	9030	2
0	2365	9060	2
0	2365	9060	1
0	2371	9090	1
0	2371	9090	0
0	2383	9120	0
0	2383	9120	0
0	2389	9150	0
0	2389	9150	0
0	2393	9156.756516204513	1
0	2398	9180	1
0	2398	9180	1
0	2410	9210	1
0	2410	9210	0
0	2415	9220.603429316418	1
0	2416	9240	1
0	2416	9240	1
0	2424	9270	1
0	2424	9270	0
0	2433	9300	0
0	2433	9300	0
0	2442	9330	0
0	2442	9330	0
0	2450	9350.07838886015	1
0	2451	9360	1
0	2451	9360	0
0	2458	9390	0
0	2458	9390	0
0	2467	9420	0
0	2467	9420	0
0	2472	9422.440867453599	1
0	2475	9432.524559811177	2
0	2477	9450	2
0	2477	9450	1
0	2484	9480	1
0	2484	9480	0
0	2495	9510	0
0	2495	9510	0
0	2501	9520	1
0	2505	9540	1
0	2505	9540	0
0	2512	9570	0
0	2512	9570	0
0	2520	9600	0
0	2520	9600	0
0	2525	9610	1
0	2532	9630	1
0	2532	9630	0
0	2538	9660	0
0	2538	9660	0
0	2542	9690	0
0	2542	9690	0
0	2549	9720	0
0	2549	9720	0
0	2556	9730	1
0	2562	9750	1
0	2562	9750	0
0	2567	9760	1
0	2571	9780	1
0	2571	9780	0
0	2577	9810	0
0	2577	9810	0
0	2583	9840	0
0	2583	9840	0
0	2594	9870	0
0	2594	9870	0
0	2605	9900	0
0	2605	9900	0
0	2611	9930	0
0	2611	9930	0
0	2617	9943.350660624082	1
0	2619	9960	1
0	2619	9960	0
0	2624	9968.426200192979	1
0	2631	9990	1
0	2631	9990	0
0	2641	10020	0
0	2641	10020	0
0	2648	10050	0
0	2648	10050	0
0	2654	10080	0
0	2654	10080	0
0	2659	10086.369547998463	1
0	2663	10110	1
0	2663	10110	0
0	2672	10140	0
0	2672	10140	0
0	2679	10170	0
0	2679	10170	0
0	2684	10180	1
0	2685	10181.455569999645	2
0	2688	10200	2
0	2688	10200	1
0	2695	10230	1
0	2695	10230	0
0	2702	10260	0
0	2702	10260	0
0	2708	10290	0
0	2708	10290	0
0	2718	10320	0
0	2718	10320	0
0	2723	10330	1
0	2725	10350	1
0	2725	10350	0
0	2730	10380	0
0	2730	10380	0
0	2737	10410	0
0	2737	10410	0
0	2741	10415.10113354512	1
0	2745	10440	1
0	2745	10440	1
0	2750	10450	2
0	2753	10470	2
0	2753	10470	1
0	2759	10500	1
0	2759	10500	0
0	2766	10530	0
0	2766	10530	0
0	2773	10560	0
0	2773	10560	0
0	2780	10590	0
0	2780	10590	0
0	2789	10620	0
0	2789	10620	0
0	2795	10638.165754657106	1
0	2797	10650	1
0	2797	10650	1
0	2802	10680	1
0	2802	10680	0
0	2808	10690	1
0	2812	10710	1
0	2812	10710	0
0	2822	10740	0
0	2822	10740	0
0	2827	10770	0
0	2827	10770	0
0	2833	10800	0
0	2833	10800	0
0	2838	10830	0
0	2838	10830	0
0	2846	10860	0
0	2846	10860	0
0	2854	10890	0
0	2854	10890	0
0	2861	10920	0
0	2861	10920	0
0	2866	10950	0
0	2866	10950	0
0	2873	10980	0
0	2873	10980	0
0	2884	11010	0
0	2884	11010	0
0	2888	11011.784293051638	1
0	2890	11040	1
0	2890	11040	0
0	2894	11070	0
0	2894	11070	0
0	2905	11100	0
0	2905	11100	0
0	2911	11123.495510821087	1
0	2912	11130	1
0	2912	11130	0
0	2917	11160	0
0	2917	11160	0
0	2921	11183.54545315853	1
0	2922	11190	1
0	2922	11190	0
0	2932	11220	0
0	2932	11220	0
0	2937	11250	0
0	2937	11250	0
0	2941	11260	1
0	2943	11280	1
0	2943	11280	1
0	2950	11310	1
0	2950	11310	0
0	2958	11340	0
0	2958	11340	0
0	2965	11370	0
0	2965	11370	0
0	2973	11400	0
0	2973	11400	0
0	2980	11410	1
0	2983	11430	1
0	2983	11430	0
0	2990	11460	0
0	2990	11460	0
0	3000	11490	0
0	3000	11490	0
0	3004	11503.578110964656	1
0	3007	11520	1
0	3007	11520	0
0	3013	11550	0
0	3013	11550	0
0	3017	11552.131161995537	1
0	3023	11580	1
0	3023	11580	1
0	3029	11603.880465480489	2
0	3030	11610	2
0	3030	11610	1
0	3039	11640	1
0	3039	11640	0
0	3045	11670	0
0	3045	11670	0
0	3055	11700	0
0	3055	11700	0
0	3064	11721.675543373858	1
0	3065	11728.236162167511	2
0	3066	11730	2
0	3066	11730	1
0	3075	11760	1
0	3075	11760	0
0	3086	11790	0
0	3086	11790	0
0	3093	11820	0
0	3093	11820	0
0	3102	11850	0
0	3102	11850	0
0	3115	11880	0
0	3115	11880	0
0	3123	11910	0
0	3123	11910	0
0	3128	11920	1
0	3130	11920	2
0	3133	11940	2
0	3133	11940	0
0	3140	11963.607511963614	1
0	3141	11970	1
0	3141	11970	0
0	3147	11980	1
0	3153	12000	1
0	3153	12000	1
0	3161	12030	1
0	3161	12030	0
0	3172	12060	0
0	3172	12060	0
0	3183	12090	0
0	3183	12090	0
0	3189	12098.679513927105	1
0	3193	12120	1
0	3193	12120	0
0	3204	12150	0
0	3204	12150	0
0	3209	12160	1
0	3214	12180	1
0	3214	12180	0
0	3222	12203.346128076771	1
0	3223	12210	1
0	3223	12210	1
0	3232	12240	1
0	3232	12240	0
0	3238	12270	0
0	3238	12270	0
0	3246	12300	0
0	3246	12300	0
0	3257	12330	0
0	3257	12330	0
0	3264	12360	0
0	3264	12360	0
0	3271	12390	0
0	3271	12390	0
0	3281	12420	0
0	3281	12420	0
0	3286	12450	0
0	3286	12450	0
0	3290	12456.898909271664	1
0	3293	12480	1
0	3293	12480	0
0	3298	12501.836088357246	1
0	3300	12510	1
0	3300	12510	0
0	3306	12540	0
0	3306	12540	0
0	3313	12570	0
0	3313	12570	0
0	3318	12600	0
0	3318	12600	0
0	3325	12630	0
0	3325	12630	0
0	3332	12660	0
0	3332	12660	0
0	3339	12690	0
0	3339	12690	0
0	3346	12720	0
0	3346	12720	0
0	3352	12750	0
0	3352	12750	0
0	3360	12780	0
0	3360	12780	0
0	3365	12797.323122599925	1
0	3366	12810	1
0	3366	12810	1
0	3372	12840	1
0	3372	12840	0
0	3376	12870	0
0	3376	12870	0
0	3383	12900	0
0	3383	12900	0
0	3388	12930	0
0	3388	12930	0
0	3396	12960	0
0	3396	12960	0
0	3402	12990	0
0	3402	12990	0
0	3410	13020	0
0	3410	13020	0
0	3419	13044.653958107599	1
0	3420	13050	1
0	3420	13050	0
0	3425	13080	0
0	3425	13080	0
0	3434	13110	0
0	3434	13110	0
0	3441	13140	0
0	3441	13140	0
0	3448	13170	0
0	3448	13170	0
0	3453	13180	1
0	3456	13200	1
0	3456	13200	1
0	3462	13222.033304326329	2
0	3463	13230	2
0	3463	13230	1
0	3469	13254.415985141946	2
0	3470	13260	2
0	3470	13260	2
0	3477	13290	2
0	3477	13290	0
0	3484	13320	0
0	3484	13320	0
0	3491	13350	0
0	3491	13350	0
0	3498	13380	0
0	3498	13380	0
0	3505	13401.017284610793	1
0	3506	13410	1
0	3506	13410	0
0	3511	13440	0
0	3511	13440	0
0	3515	13450	1
0	3517	13470	1
0	3517	13470	0
0	3523	13499.128460205151	1
0	3524	13500	1
0	3524	13500	1
0	3530	13530	1
0	3530	13530	1
0	3536	13560	1
0	3536	13560	0
0	3544	13590	0
0	3544	13590	0
0	3550	13620	0
0	3550	13620	0
0	3557	13650	0
0	3557	13650	0
0	3564	13680	0
0	3564	13680	0
0	3571	13710	0
0	3571	13710	0
0	3575	13720	1
0	3577	13740	1
0	3577	13740	0
0	3587	13770	0
0	3587	13770	0
0	3593	13788.311286291338	1
0	3594	13800	1
0	3594	13800	0
0	3601	13830	0
0	3601	13830	0
0	3607	13840	1
0	3611	13850.982539790441	2
0	3613	13860	2
0	3613	13860	1
0	3621	13890	1
0	3621	13890	0
0	3632	13920	0
0	3632	13920	0
0	3640	13950	0
0	3640	13950	0
0	3649	13980	0
0	3649	13980	0
0	3656	13994.683054418297	1
0	3658	14010	1
0	3658	14010	0
0	3664	14020	1
0	3670	14040	1
0	3670	14040	1
0	3680	14070	1
0	3680	14070	0
0	3691	14100	0
0	3691	14100	0
0	3698	14122.958690454056	1
0	3699	14130	1
0	3699	14130	1
0	3703	14131.043115177387	2
0	3706	14140	3
0	3711	14160	3
0	3711	14160	1
0	3721	14190	1
0	3721	14190	0
0	3725	14192.276960531543	1
0	3731	14220	1
0	3731	14220	1
0	3738	14248.070343129377	2
0	3739	14250	2
0	3739	14250	1
0	3746	14260	2
0	3754	14280	2
0	3754	14280	1
0	3759	14290	2
0	3760	14290	3
0	3764	14302.044697463691	4
0	3765	14310	4
0	3765	14310	1
0	3772	14336.259051667349	2
0	3773	14340	2
0	3773	14340	2
0	3782	14354.130012544457	3
0	3785	14361.81474006799	4
0	3787	14364.165654573026	5
0	3789	14370	5
0	3789	14370	4
0	3794	14377.730555401119	5
0	3800	14400	5
0	3800	14400	1
0	3810	14430	1
0	3810	14430	1
0	3818	14460	1
0	3818	14460	0
0	3827	14490	0
0	3827	14490	0
0	3836	14500	1
0	3840	14520	1
0	3840	14520	1
0	3847	14550	1
0	3847	14550	0
0	3857	14580	0
0	3857	14580	0
0	3864	14592.234946390182	1
0	3867	14610	1
0	3867	14610	0
0	3877	14620.586146216793	1
0	3881	14640	1
0	3881	14640	0
0	3886	14650	1
0	3889	14670	1
0	3889	14670	0
0	3898	14700	0
0	3898	14700	0
0	3908	14721.355490593906	1
0	3910	14730	1
0	3910	14730	0
0	3918	14760	0
0	3918	14760	0
0	3926	14790	0
0	3926	14790	0
0	3936	14820	0
0	3936	14820	0
0	3945	14850	0
0	3945	14850	0
0	3952	14880	0
0	3952	14880	0
0	3957	14888.225829988661	1
0	3963	14910	1
0	3963	14910	1
0	3973	14934.749885651376	2
0	3975	14940	2
0	3975	14940	2
0	3982	14970	2
0	3982	14970	0
0	3989	15000	0
0	3989	15000	0
0	3996	15030	0
0	3996	15030	0
0	4004	15060	0
0	4004	15060	0
0	4011	15090	0
0	4011	15090	0
0	4018	15120	0
0	4018	15120	0
0	4024	15150	0
0	4024	15150	0
0	4030	15180	0
0	4030	15180	0
0	4038	15210	0
0	4038	15210	0
0	4047	15240	0
0	4047	15240	0
0	4053	15270	0
0	4053	15270	0
0	4061	15300	0
0	4061	15300	0
0	4068	15330	0
0	4068	15330	0
0	4075	15360	0
0	4075	15360	0
0	4080	15390	0
0	4080	15390	0
0	4087	15418.496538568476	1
0	4088	15420	1
0	4088	15420	1
0	4094	15450	1
0	4094	15450	0
0	4099	15480	0
0	4099	15480	0
0	4103	15510	0
0	4103	15510	0
0	4111	15540	0
0	4111	15540	0
0	4118	15570	0
0	4118	15570	0
0	4123	15600	0
0	4123	15600	0
0	4128	15630	0
0	4128	15630	0
0	4135	15660	0
0	4135	15660	0
0	4140	15690	0
0	4140	15690	0
0	4148	15720	0
0	4148	15720	0
0	4154	15750	0
0	4154	15750	0
0	4160	15760	1
0	4162	15780	1
0	4162	15780	0
0	4170	15810	0
0	4170	15810	0
0	4177	15840	0
0	4177	15840	0
0	4183	15870	0
0	4183	15870	0
0	4189	15888.391990230628	1
0	4191	15900	1
0	4191	15900	1
0	4197	15930	1
0	4197	15930	0
0	4202	15960	0
0	4202	15960	0
0	4207	15990	0
0	4207	15990	0
0	4216	16020	0
0	4216	16020	0
0	4225	16050	0
0	4225	16050	0
0	4230	16080	0
0	4230	16080	0
0	4235	16110	0
0	4235	16110	0
0	4239	16124.091393781281	1
0	4240	16140	1
0	4240	16140	1
0	4251	16170	1
0	4251	16170	0
0	4255	16200	0
0	4255	16200	0
0	4259	16230	0
0	4259	16230	0
0	4266	16260	0
0	4266	16260	0
0	4272	16290	0
0	4272	16290	0
0	4277	16320	0
0	4277	16320	0
0	4282	16350	0
0	4282	16350	0
0	4290	16380	0
0	4290	16380	0
0	4295	16410	0
0	4295	16410	0
0	4303	16431.60574876121	1
0	4304	16440	1
0	4304	16440	0
0	4310	16470	0
0	4310	16470	0
0	4315	16496.136048161603	1
0	4316	16500	1
0	4316	16500	1
0	4321	16510.749347426139	2
0	4324	16530	2
0	4324	16530	0
0	4331	16560	0
0	4331	16560	0
0	4338	16590	0
0	4338	16590	0
0	4343	16604.289471836989	1
0	4345	16620	1
0	4345	16620	1
0	4354	16650	1
0	4354	16650	1
0	4361	16680	1
0	4361	16680	0
0	4369	16710	0
0	4369	16710	0
0	4377	16740	0
0	4377	16740	0
0	4384	16770	0
0	4384	16770	0
0	4395	16800	0
0	4395	16800	0
0	4404	16830	0
0	4404	16830	0
0	4415	16860	0
0	4415	16860	0
0	4419	16871.415396122154	1
0	4421	16890	1
0	4421	16890	1
0	4431	16920	1
0	4431	16920	0
0	4436	16926.918099338529	1
0	4439	16950	1
0	4439	16950	1
0	4445	16980	1
0	4445	16980	1
0	4459	17010	1
0	4459	17010	0
0	4465	17040	0
0	4465	17040	0
0	4473	17070	0
0	4473	17070	0
0	4482	17091.552059809948	1
0	4483	17098.078462988384	2
0	4484	17100	2
0	4484	17100	1
0	4493	17130	1
0	4493	17130	0
0	4501	17160	0
0	4501	17160	0
0	4506	17184.796011878206	1
0	4507	17190	1
0	4507	17190	0
0	4515	17220	0
0	4515	17220	0
0	4524	17250	0
0	4524	17250	0
0	4529	17260	1
0	4534	17280	1
0	4534	17280	1
0	4540	17310	1
0	4540	17310	0
0	4548	17340	0
0	4548	17340	0
0	4553	17370	0
0	4553	17370	0
0	4557	17380	1
0	4562	17400	1
0	4562	17400	1
0	4570	17430	1
0	4570	17430	0
0	4577	17460	0
0	4577	17460	0
0	4583	17490	0
0	4583	17490	0
0	4589	17520	0
0	4589	17520	0
0	4595	17538.648076445296	1
0	4596	17550	1
0	4596	17550	1
0	4601	17557.760663567085	2
0	4606	17580	2
0	4606	17580	2
0	4612	17610	2
0	4612	17610	1
0	4617	17640	1
0	4617	17640	0
0	4621	17655.058251093389	1
0	4623	17670	1
0	4623	17670	0
0	4631	17700	0
0	4631	17700	0
0	4638	17730	0
0	4638	17730	0
0	4643	17760	0
0	4643	17760	0
0	4650	17790	0
0	4650	17790	0
0	4657	17820	0
0	4657	17820	0
0	4663	17850	0
0	4663	17850	0
0	4668	17873.400601078064	1
0	4669	17880	1
0	4669	17880	1
0	4676	17910	1
0	4676	17910	0
0	4684	17940	0
0	4684	17940	0
0	4689	17970	0
0	4689	17970	0
0	4695	18000	0
0	4695	18000	0
0	4703	18030	0
0	4703	18030	0
0	4710	18060	0
0	4710	18060	0
0	4717	18090	0
0	4717	18090	0
0	4724	18120	0
0	4724	18120	0
0	4728	18150	0
0	4728	18150	0
0	4739	18180	0
0	4739	18180	0
0	4744	18210	0
0	4744	18210	0
0	4749	18240	0
0	4749	18240	0
0	4754	18250	1
0	4756	18270	1
0	4756	18270	0
0	4764	18300	0
0	4764	18300	0
0	4769	18330	0
0	4769	18330	0
0	4776	18360	0
0	4776	18360	0
0	4784	18390	0
0	4784	18390	0
0	4791	18414.83687302843	1
0	4792	18420	1
0	4792	18420	1
0	4796	18434.107286719093	2
0	4797	18450	2
0	4797	18450	1
0	4805	18480	1
0	4805	18480	0
0	4810	18495.753189788463	1
0	4812	18510	1
0	4812	18510	1
0	4818	18540	1
0	4818	18540	1
0	4823	18570	1
0	4823	18570	0
0	4831	18600	0
0	4831	18600	0
0	4836	18630	0
0	4836	18630	0
0	4843	18660	0
0	4843	18660	0
0	4849	18690	0
0	4849	18690	0
0	4855	18714.785672029899	1
0	4856	18720	1
0	4856	18720	0
0	4860	18750	0
0	4860	18750	0
0	4870	18780	0
0	4870	18780	0
0	4877	18810	0
0	4877	18810	0
0	4883	18840	0
0	4883	18840	0
0	4889	18870	0
0	4889	18870	0
0	4894	18878.711924136971	1
0	4896	18884.868195249899	2
0	4897	18897.931392594614	3
0	4898	18900	3
0	4898	18900	3
0	4903	18930	3
0	4903	18930	1
0	4909	18960	1
0	4909	18960	0
0	4915	18990	0
0	4915	18990	0
0	4920	19020	0
0	4920	19020	0
0	4928	19050	0
0	4928	19050	0
0	4936	19075.970457741198	1
0	4937	19080	1
0	4937	19080	0
0	4943	19110	0
0	4943	19110	0
0	4949	19140	0
0	4949	19140	0
0	4956	19170	0
0	4956	19170	0
0	4968	19200	0
0	4968	19200	0
0	4975	19230	0
0	4975	19230	0
0	4983	19260	0
0	4983	19260	0
0	4991	19287.398865065683	1
0	4992	19290	1
0	4992	19290	1
0	4999	19315.476730356265	2
0	5000	19320	2
0	5000	19320	0
0	5004	19330	1
0	5005	19330	2
0	5010	19350	2
0	5010	19350	0
0	5016	19380	0
0	5016	19380	0
0	5024	19410	0
0	5024	19410	0
0	5032	19440	0
0	5032	19440	0
0	5041	19470	0
0	5041	19470	0
0	5047	19500	0
0	5047	19500	0
0	5052	19530	0
0	5052	19530	0
0	5057	19540	1
0	5062	19560	1
0	5062	19560	1
0	5070	19588.2078098218	2
0	5071	19590	2
0	5071	19590	0
0	5078	19620	0
0	5078	19620	0
0	5085	19650	0
0	5085	19650	0
0	5090	19661.14079723459	1
0	5094	19680	1
0	5094	19680	1
0	5103	19710	1
0	5103	19710	0
0	5108	19740	0
0	5108	19740	0
0	5115	19770	0
0	5115	19770	0
0	5119	19778.400364109009	1
0	5120	19780	2
0	5124	19800	2
0	5124	19800	1
0	5132	19830	1
0	5132	19830	0
0	5138	19860	0
0	5138	19860	0
0	5142	19868.758043276664	1
0	5145	19890	1
0	5145	19890	1
0	5159	19920	1
0	5159	19920	0
0	5164	19950	0
0	5164	19950	0
0	5168	19952.306484537139	1
0	5172	19980	1
0	5172	19980	1
1	312	1110	20
1	327	1170	22.339314626751
1	333	1182.586965332901	0
1	367	1320	71.095533565228
1	367	1320	48.019309750938
1	367	1320	14.634890887643
1	393	1420.131628090644	0
1	432	1605.329906195338	0
1	471	1800	39.734488498033
1	486	1860	20
1	486	1860	20
1	492	1890	71.78184752492
1	492	1890	67.598625831305
1	554	2160	89.51362321092
1	554	2160	38.076502803153
1	558	2164.556281544435	0
1	577	2250	51.78772755934
1	599	2320	0
1	624	2430	10.917525469459
1	635	2473.456976881272	0
1	653	2534.893730289419	0
1	669	2590	0
1	671	2610	12.094936175139
1	679	2640	88.950758677632
1	688	2680	0
1	703	2730	41.562526129641
1	756	2920	0
1	773	3000	81.751710423879
1	773	3000	69.293045224743
1	773	3000	22.501411200566
1	783	3030	20
1	793	3070	0
1	828	3210	32.483237835773
1	865	3330	17.977171581513
1	870	3360	79.919326895223
1	870	3360	4.827784882541
1	895	3450	88.396583862187
1	895	3450	88.269238121934
1	911	3510	28.484041824919
1	949	3640	0
1	950	3640	0
1	981	3744.751144840612	0
1	983	3750	4.356936910054
1	1017	3870	20
1	1033	3930	39.682119623491
1	1059	4000	0
1	1077	4078.795552737155	0
1	1078	4080	59.43793535003
1	1078	4080	27.615924240461
1	1086	4097.067871431035	0
1	1093	4120	0
1	1118	4230	50
1	1149	4341.953233959245	0
1	1161	4380	4.58870202745
1	1175	4440	48.123142527434
1	1189	4471.475112309051	0
1	1191	4480	0
1	1202	4530	71.943448406412
1	1202	4530	10.506478050668
1	1209	4560	17.815307710395
1	1217	4590	20
1	1267	4770	35.049038195495
1	1276	4800	79.749358923554
1	1276	4800	42.215539625346
1	1285	4830	50
1	1285	4830	20
1	1290	4840	0
1	1291	4840	0
1	1310	4920	7.55439108481
1	1335	5010	12.628088675184
1	1352	5070	50
1	1357	5080	0
1	1377	5160	5.243211678596
1	1385	5184.016637774693	0
1	1399	5230	0
1	1430	5340	20
1	1465	5460	20
1	1465	5460	6.598943583234
1	1482	5520	48.922098355519
1	1482	5520	26.602076607781
1	1495	5560	0
1	1505	5610	49.558471709659
1	1545	5760	30.452153492605
1	1553	5790	20
1	1571	5850.482294927164	0
1	1595	5970	70.611808368239
1	1602	6000	76.5549716696
1	1602	6000	21.07320099073
1	1631	6120	5.191995719691
1	1640	6160	0
1	1665	6270	50
1	1680	6339.775909912477	0
1	1712	6480	34.348308576994
1	1729	6540	20
1	1749	6623.643282370919	0
1	1780	6750	20
1	1784	6760	0
1	1805	6840	52.214445838872
1	1819	6874.89139661809	0
1	1823	6900	6.934811464849
1	1838	6960	8.407316504707
1	1846	6990	21.922331887109
1	1881	7120	0
1	1902	7230	50
1	1907	7240	0
1	1917	7290	77.202436735872
1	1926	7339.115744067453	0
1	1933	7360	0
1	1946	7440	65.681213724377
1	1970	7547.034482618213	0
1	2004	7710	20
1	2036	7830	50
1	2051	7870	0
1	2068	7950	8.201482581147
1	2078	7980	20
1	2083	7990	0
1	2087	8010	41.08436380535
1	2114	8100	20
1	2124	8130	76.219298866975
1	2131	8160	55.970411312298
1	2139	8190	20
1	2187	8340	3.150338169655
1	2203	8400	62.606731506321
1	2234	8520	85.84526379833
1	2234	8520	21.56049115124
1	2248	8580	20
1	2254	8590	0
1	2290	8730	8.026333745864
1	2309	8800	0
1	2317	8850	78.225838539867
1	2317	8850	64.921884187006
1	2329	8910	50
1	2365	9060	80.623563144613
1	2371	9090	73.250550637219
1	2375	9093.666880689532	0
1	2380	9108.168794907387	0
1	2410	9210	53.243483795487
1	2420	9243.224452812852	0
1	2424	9270	49.396570683582
1	2431	9280	0
1	2451	9360	9.92161113985
1	2464	9400	0
1	2477	9450	17.475440188823
1	2484	9480	57.559132546401
1	2500	9520	0
1	2505	9540	20
1	2532	9630	20
1	2562	9750	20
1	2571	9780	20
1	2593	9869.728928897267	0
1	2601	9880	0
1	2602	9880	0
1	2619	9960	16.649339375918
1	2631	9990	21.573799807021
1	2663	10110	23.630452001537
1	2688	10200	18.544430000355
1	2695	10230	50
1	2725	10350	20
1	2729	10360	0
1	2753	10470	20
1	2759	10500	84.89886645488
1	2764	10510	0
1	2779	10588.1458230227	0
1	2785	10600	0
1	2802	10680	41.834245342894
1	2812	10710	20
1	2843	10840	0
1	2890	11040	28.215706948362
1	2912	11130	6.504489178913
1	2922	11190	6.45454684147
1	2950	11310	50
1	2983	11430	20
1	2996	11467.90889747679	0
1	3007	11520	16.421889035344
1	3028	11590	0
1	3030	11610	6.119534519511
1	3039	11640	87.868838004463
1	3043	11640.842568358361	0
1	3050	11680	0
1	3051	11680	0
1	3066	11730	8.324456626142
1	3075	11760	31.763837832489
1	3090	11800	0
1	3127	11911.844879855337	0
1	3133	11940	20
1	3133	11940	20
1	3141	11970	6.392488036386
1	3145	11975.24862699546	0
1	3146	11976.667615170699	0
1	3159	12021.771870826774	0
1	3161	12030	50
1	3167	12040	0
1	3193	12120	21.320486072895
1	3198	12125.136384337948	0
1	3214	12180	20
1	3232	12240	36.653871923229
1	3293	12480	23.101090728336
1	3300	12510	8.163911642754
1	3324	12619.201479588563	0
1	3372	12840	42.676877400075
1	3420	13050	5.346041892401
1	3432	13099.648277128519	0
1	3463	13230	50
1	3477	13290	67.966695673671
1	3477	13290	35.584014858054
1	3496	13360	0
1	3506	13410	8.982715389207
1	3517	13470	20
1	3536	13560	60.871539794849
1	3577	13740	20
1	3594	13800	11.688713708662
1	3613	13860	20
1	3621	13890	39.017460209559
1	3658	14010	15.316945581703
1	3680	14070	50
1	3711	14160	37.041309545944
1	3711	14160	28.956884822613
1	3721	14190	50
1	3726	14200	0
1	3739	14250	1.929656870623
1	3754	14280	87.723039468457
1	3765	14310	50
1	3765	14310	20
1	3765	14310	20
1	3770	14320	0
1	3789	14370	67.955302536309
1	3800	14400	63.740948332651
1	3800	14400	45.869987455543
1	3800	14400	38.18525993201
1	3800	14400	35.834345426974
1	3818	14460	82.269444598881
1	3846	14536.597194901801	0
1	3847	14550	50
1	3867	14610	17.765053609818
1	3881	14640	19.413853783207
1	3889	14670	20
1	3896	14680	0
1	3910	14730	8.644509406094
1	3962	14901.146388000516	0
1	3982	14970	81.774170011339
1	3982	14970	35.250114348624
1	4001	15040	0
1	4046	15238.682980194194	0
1	4079	15374.339298216679	0
1	4094	15450	31.503461431524
1	4108	15520	0
1	4132	15640	0
1	4162	15780	20
1	4197	15930	41.608009769372
1	4206	15970.586659851192	0
1	4251	16170	45.908606218719
1	4271	16270	0
1	4304	16440	8.39425123879
1	4324	16530	33.863951838397
1	4324	16530	19.250652573861
1	4361	16680	75.710528163011
1	4373	16720	0
1	4412	16842.295352608324	0
1	4431	16920	48.584603877846
1	4438	16945.534990267083	0
1	4443	16960	0
1	4453	16990	0
1	4459	17010	83.081900661471
1	4484	17100	8.447940190052
1	4493	17130	31.921537011616
1	4507	17190	5.203988121794
1	4540	17310	50
1	4570	17430	50
1	4581	17470	0
1	4612	17610	71.351923554704
1	4617	17640	82.239336432915
1	4623	17670	14.941748906611
1	4654	17794.563726403863	0
1	4676	17910	36.599398921936
1	4702	18019.059356892937	0
1	4732	18160	0
1	4756	18270	20
1	4760	18280	0
1	4789	18400	0
1	4797	18450	35.16312697157
1	4805	18480	45.892713280907
1	4823	18570	74.246810211537
1	4827	18571.756292400527	0
1	4856	18720	5.214327970101
1	4865	18760	0
1	4866	18760	0
1	4903	18930	45.131804750101
1	4903	18930	32.068607405386
1	4909	18960	81.288075863029
1	4937	19080	4.029542258802
1	4960	19173.814290341611	0
1	4997	19296.650493906698	0
1	5000	19320	32.601134934317
1	5000	19320	4.523269643735
1	5009	19336.232983985371	0
1	5010	19350	20
1	5010	19350	20
1	5021	19390	0
1	5071	19590	50
1	5071	19590	1.7921901782
1	5091	19665.65881075355	0
1	5103	19710	48.85920276541
1	5124	19800	21.599635890991
1	5128	19807.656323958101	0
1	5132	19830	50
1	5159	19920	51.241956723336
1	5170	19960	0
2	312	1110	26456
2	327	1170	26459
2	333	1182.586965332901	26461
2	367	1320	26462
2	367	1320	26463
2	367	1320	26466
2	393	1420.131628090644	26469
2	432	1605.329906195338	26468
2	471	1800	26474
2	486	1860	26471
2	486	1860	26473
2	492	1890	26475
2	492	1890	26476
2	554	2160	26482
2	554	2160	26483
2	558	2164.556281544435	26484
2	577	2250	26485
2	599	2320	26480
2	624	2430	26488
2	635	2473.456976881272	26490
2	653	2534.893730289419	26493
2	669	2590	26491
2	671	2610	26495
2	679	2640	26494
2	688	2680	26489
2	703	2730	26500
2	756	2920	26499
2	773	3000	26506
2	773	3000	26507
2	773	3000	26509
2	783	3030	26502
2	793	3070	26508
2	828	3210	26513
2	865	3330	26517
2	870	3360	26515
2	870	3360	26520
2	895	3450	26521
2	895	3450	26522
2	911	3510	26523
2	949	3640	26518
2	950	3640	26526
2	981	3744.751144840612	26535
2	983	3750	26530
2	1017	3870	26532
2	1033	3930	26539
2	1059	4000	26534
2	1077	4078.795552737155	26548
2	1078	4080	26544
2	1078	4080	26546
2	1086	4097.067871431035	26551
2	1093	4120	26541
2	1118	4230	26547
2	1149	4341.953233959245	26556
2	1161	4380	26555
2	1175	4440	26558
2	1189	4471.475112309051	26557
2	1191	4480	26554
2	1202	4530	26559
2	1202	4530	26562
2	1209	4560	26565
2	1217	4590	26560
2	1267	4770	26571
2	1276	4800	26570
2	1276	4800	26573
2	1285	4830	26568
2	1285	4830	26569
2	1290	4840	26564
2	1291	4840	26567
2	1310	4920	26578
2	1335	5010	26580
2	1352	5070	26576
2	1357	5080	26575
2	1377	5160	26586
2	1385	5184.016637774693	26588
2	1399	5230	26582
2	1430	5340	26587
2	1465	5460	26591
2	1465	5460	26593
2	1482	5520	26597
2	1482	5520	26599
2	1495	5560	26590
2	1505	5610	26600
2	1545	5760	26605
2	1553	5790	26604
2	1571	5850.482294927164	26609
2	1595	5970	26610
2	1602	6000	26611
2	1602	6000	26612
2	1631	6120	26615
2	1640	6160	26608
2	1665	6270	26616
2	1680	6339.775909912477	26619
2	1712	6480	26624
2	1729	6540	26620
2	1749	6623.643282370919	26630
2	1780	6750	26628
2	1784	6760	26625
2	1805	6840	26633
2	1819	6874.89139661809	26632
2	1823	6900	26634
2	1838	6960	26639
2	1846	6990	26636
2	1881	7120	26637
2	1902	7230	26642
2	1907	7240	26641
2	1917	7290	26647
2	1926	7339.115744067453	26648
2	1933	7360	26645
2	1946	7440	26649
2	1970	7547.034482618213	26650
2	2004	7710	26651
2	2036	7830	26653
2	2051	7870	26654
2	2068	7950	26661
2	2078	7980	26659
2	2083	7990	26657
2	2087	8010	26666
2	2114	8100	26663
2	2124	8130	26669
2	2131	8160	26670
2	2139	8190	26668
2	2187	8340	26676
2	2203	8400	26680
2	2234	8520	26683
2	2234	8520	26687
2	2248	8580	26682
2	2254	8590	26684
2	2290	8730	26691
2	2309	8800	26688
2	2317	8850	26692
2	2317	8850	26693
2	2329	8910	26690
2	2365	9060	26695
2	2371	9090	26697
2	2375	9093.666880689532	26699
2	2380	9108.168794907387	26700
2	2410	9210	26703
2	2420	9243.224452812852	26706
2	2424	9270	26702
2	2431	9280	26698
2	2451	9360	26711
2	2464	9400	26704
2	2477	9450	26714
2	2484	9480	26713
2	2500	9520	26708
2	2505	9540	26712
2	2532	9630	26715
2	2562	9750	26722
2	2571	9780	26719
2	2593	9869.728928897267	26728
2	2601	9880	26717
2	2602	9880	26721
2	2619	9960	26731
2	2631	9990	26727
2	2663	10110	26734
2	2688	10200	26740
2	2695	10230	26735
2	2725	10350	26739
2	2729	10360	26737
2	2753	10470	26743
2	2759	10500	26742
2	2764	10510	26744
2	2779	10588.1458230227	26750
2	2785	10600	26741
2	2802	10680	26752
2	2812	10710	26747
2	2843	10840	26748
2	2890	11040	26760
2	2912	11130	26763
2	2922	11190	26762
2	2950	11310	26761
2	2983	11430	26766
2	2996	11467.90889747679	26768
2	3007	11520	26775
2	3028	11590	26770
2	3030	11610	26778
2	3039	11640	26776
2	3043	11640.842568358361	26779
2	3050	11680	26771
2	3051	11680	26773
2	3066	11730	26781
2	3075	11760	26782
2	3090	11800	26777
2	3127	11911.844879855337	26787
2	3133	11940	26783
2	3133	11940	26786
2	3141	11970	26793
2	3145	11975.24862699546	26794
2	3146	11976.667615170699	26795
2	3159	12021.771870826774	26797
2	3161	12030	26789
2	3167	12040	26785
2	3193	12120	26799
2	3198	12125.136384337948	26801
2	3214	12180	26796
2	3232	12240	26806
2	3293	12480	26811
2	3300	12510	26810
2	3324	12619.201479588563	26815
2	3372	12840	26818
2	3420	13050	26823
2	3432	13099.648277128519	26826
2	3463	13230	26824
2	3477	13290	26829
2	3477	13290	26830
2	3496	13360	26827
2	3506	13410	26833
2	3517	13470	26831
2	3536	13560	26835
2	3577	13740	26836
2	3594	13800	26840
2	3613	13860	26837
2	3621	13890	26843
2	3658	14010	26850
2	3680	14070	26845
2	3711	14160	26857
2	3711	14160	26858
2	3721	14190	26853
2	3726	14200	26847
2	3739	14250	26865
2	3754	14280	26863
2	3765	14310	26860
2	3765	14310	26859
2	3765	14310	26861
2	3770	14320	26852
2	3789	14370	26867
2	3800	14400	26869
2	3800	14400	26870
2	3800	14400	26871
2	3800	14400	26872
2	3818	14460	26866
2	3846	14536.597194901801	26880
2	3847	14550	26868
2	3867	14610	26881
2	3881	14640	26882
2	3889	14670	26877
2	3896	14680	26875
2	3910	14730	26888
2	3962	14901.146388000516	26893
2	3982	14970	26892
2	3982	14970	26894
2	4001	15040	26890
2	4046	15238.682980194194	26901
2	4079	15374.339298216679	26905
2	4094	15450	26906
2	4108	15520	26903
2	4132	15640	26907
2	4162	15780	26908
2	4197	15930	26915
2	4206	15970.586659851192	26918
2	4251	16170	26920
2	4271	16270	26919
2	4304	16440	26923
2	4324	16530	26926
2	4324	16530	26927
2	4361	16680	26930
2	4373	16720	26925
2	4412	16842.295352608324	26931
2	4431	16920	26939
2	4438	16945.534990267083	26943
2	4443	16960	26934
2	4453	16990	26937
2	4459	17010	26942
2	4484	17100	26944
2	4493	17130	26948
2	4507	17190	26947
2	4540	17310	26949
2	4570	17430	26951
2	4581	17470	26955
2	4612	17610	26958
2	4617	17640	26960
2	4623	17670	26959
2	4654	17794.563726403863	26963
2	4676	17910	26964
2	4702	18019.059356892937	26970
2	4732	18160	26966
2	4756	18270	26972
2	4760	18280	26968
2	4789	18400	26973
2	4797	18450	26977
2	4805	18480	26978
2	4823	18570	26980
2	4827	18571.756292400527	26982
2	4856	18720	26984
2	4865	18760	26979
2	4866	18760	26981
2	4903	18930	26988
2	4903	18930	26989
2	4909	18960	26987
2	4937	19080	26991
2	4960	19173.814290341611	26995
2	4997	19296.650493906698	27000
2	5000	19320	26999
2	5000	19320	27001
2	5009	19336.232983985371	27003
2	5010	19350	26993
2	5010	19350	26996
2	5021	19390	26998
2	5071	19590	27004
2	5071	19590	27005
2	5091	19665.65881075355	27009
2	5103	19710	27006
2	5124	19800	27015
2	5128	19807.656323958101	27016
2	5132	19830	27007
2	5159	19920	27017
2	5170	19960	27010
3	289	1020	0
3	289	1020	0
3	295	1050	0
3	295	1050	0
3	305	1080	0
3	305	1080	0
3	311	1107.761398159153	1
3	313	1110	1
3	313	1110	1
3	320	1140	1
3	320	1140	0
3	328	1170	0
3	328	1170	0
3	337	1200	0
3	337	1200	0
3	343	1230	0
3	343	1230	0
3	349	1256.485176874661	1
3	351	1260	1
3	351	1260	0
3	355	1270	1
3	357	1280.812969006548	2
3	360	1290	2
3	360	1290	1
3	368	1320	1
3	368	1320	1
3	373	1350	1
3	373	1350	0
3	379	1380	0
3	379	1380	0
3	386	1410	0
3	386	1410	0
3	395	1440	0
3	395	1440	0
3	400	1470	0
3	400	1470	0
3	404	1480	1
3	407	1500	1
3	407	1500	0
3	416	1530	0
3	416	1530	0
3	423	1560	0
3	423	1560	0
3	428	1590	0
3	428	1590	0
3	435	1620	0
3	435	1620	0
3	442	1650	0
3	442	1650	0
3	449	1680	0
3	449	1680	0
3	454	1710	0
3	454	1710	0
3	458	1720	1
3	463	1740	1
3	463	1740	0
3	468	1770	0
3	468	1770	0
3	472	1800	0
3	472	1800	0
3	479	1830	0
3	479	1830	0
3	483	1840	1
3	487	1860	1
3	487	1860	0
3	493	1890	0
3	493	1890	0
3	499	1920	0
3	499	1920	0
3	503	1950	0
3	503	1950	0
3	514	1980	0
3	514	1980	0
3	517	1982.293443545132	1
3	521	2010	1
3	521	2010	1
3	527	2040	1
3	527	2040	0
3	534	2070	0
3	534	2070	0
3	538	2078.927784143683	1
3	539	2080	2
3	542	2100	2
3	542	2100	0
3	548	2130	0
3	548	2130	0
3	555	2160	0
3	555	2160	0
3	560	2170	1
3	562	2190	1
3	562	2190	1
3	571	2220	1
3	571	2220	0
3	578	2250	0
3	578	2250	0
3	589	2280	0
3	589	2280	0
3	595	2310	0
3	595	2310	0
3	601	2340	0
3	601	2340	0
3	608	2370	0
3	608	2370	0
3	616	2400	0
3	616	2400	0
3	625	2430	0
3	625	2430	0
3	632	2460	0
3	632	2460	0
3	639	2490	0
3	639	2490	0
3	646	2520	0
3	646	2520	0
3	655	2550	0
3	655	2550	0
3	660	2560	1
3	663	2580	1
3	663	2580	0
3	672	2610	0
3	672	2610	0
3	680	2640	0
3	680	2640	0
3	683	2653.096497813498	1
3	685	2670	1
3	685	2670	0
3	696	2700	0
3	696	2700	0
3	699	2710	1
3	704	2730	1
3	704	2730	0
3	711	2760	0
3	711	2760	0
3	718	2790	0
3	718	2790	0
3	722	2798.744619264719	1
3	723	2800	2
3	726	2820	2
3	726	2820	1
3	729	2827.933021992682	2
3	739	2850	2
3	739	2850	2
3	745	2880	2
3	745	2880	1
3	749	2891.911488187304	2
3	752	2910	2
3	752	2910	0
3	761	2940	0
3	761	2940	0
3	767	2970	0
3	767	2970	0
3	774	3000	0
3	774	3000	0
3	784	3030	0
3	784	3030	0
3	788	3060	0
3	788	3060	0
3	796	3090	0
3	796	3090	0
3	806	3120	0
3	806	3120	0
3	812	3150	0
3	812	3150	0
3	820	3180	0
3	820	3180	0
3	829	3210	0
3	829	3210	0
3	838	3240	0
3	838	3240	0
3	845	3270	0
3	845	3270	0
3	854	3300	0
3	854	3300	0
3	858	3310	1
3	866	3330	1
3	866	3330	0
3	871	3360	0
3	871	3360	0
3	878	3390	0
3	878	3390	0
3	882	3400	1
3	889	3420	1
3	889	3420	0
3	896	3450	0
3	896	3450	0
3	903	3480	0
3	903	3480	0
3	907	3490	1
3	912	3510	1
3	912	3510	1
3	917	3520	2
3	919	3540	2
3	919	3540	0
3	923	3550	1
3	929	3570	1
3	929	3570	0
3	939	3600	0
3	939	3600	0
3	945	3630	0
3	945	3630	0
3	951	3640	1
3	957	3660	1
3	957	3660	0
3	964	3675.058529647695	1
3	966	3679.867153576624	2
3	970	3690	2
3	970	3690	2
3	975	3720	2
3	975	3720	2
3	984	3750	2
3	984	3750	0
3	990	3767.864460001029	1
3	993	3780	1
3	993	3780	0
3	1002	3810	0
3	1002	3810	0
3	1007	3840	0
3	1007	3840	0
3	1014	3850	1
3	1018	3870	1
3	1018	3870	1
3	1028	3900	1
3	1028	3900	0
3	1034	3930	0
3	1034	3930	0
3	1042	3960	0
3	1042	3960	0
3	1050	3982.143612658845	1
3	1053	3990	1
3	1053	3990	0
3	1061	4019.041237635281	1
3	1063	4020	1
3	1063	4020	0
3	1070	4050	0
3	1070	4050	0
3	1075	4066.916816981345	1
3	1079	4080	1
3	1079	4080	0
3	1090	4110	0
3	1090	4110	0
3	1097	4140	0
3	1097	4140	0
3	1102	4170	0
3	1102	4170	0
3	1113	4200	0
3	1113	4200	0
3	1119	4230	0
3	1119	4230	0
3	1127	4260	0
3	1127	4260	0
3	1135	4290	0
3	1135	4290	0
3	1143	4320	0
3	1143	4320	0
3	1148	4331.130486089973	1
3	1151	4350	1
3	1151	4350	1
3	1162	4380	1
3	1162	4380	0
3	1169	4410	0
3	1169	4410	0
3	1176	4440	0
3	1176	4440	0
3	1180	4441.953233959245	1
3	1183	4458.97700091475	2
3	1186	4470	2
3	1186	4470	1
3	1192	4480.455709081822	2
3	1196	4500	2
3	1196	4500	2
3	1203	4530	2
3	1203	4530	1
3	1210	4560	1
3	1210	4560	0
3	1218	4590	0
3	1218	4590	0
3	1224	4620	0
3	1224	4620	0
3	1229	4628.515195659219	1
3	1237	4650	1
3	1237	4650	1
3	1243	4675.587700425864	2
3	1245	4680	2
3	1245	4680	1
3	1249	4690	2
3	1250	4692.18333444004	3
3	1253	4710	3
3	1253	4710	2
3	1262	4740	2
3	1262	4740	0
3	1268	4770	0
3	1268	4770	0
3	1277	4800	0
3	1277	4800	0
3	1286	4830	0
3	1286	4830	0
3	1292	4840	1
3	1294	4860	1
3	1294	4860	0
3	1297	4867.681973119297	1
3	1301	4890	1
3	1301	4890	1
3	1311	4920	1
3	1311	4920	0
3	1317	4935.898936238	1
3	1321	4950	1
3	1321	4950	1
3	1328	4980	1
3	1328	4980	0
3	1336	5010	0
3	1336	5010	0
3	1347	5040	0
3	1347	5040	0
3	1353	5070	0
3	1353	5070	0
3	1362	5100	0
3	1362	5100	0
3	1370	5130	0
3	1370	5130	0
3	1378	5160	0
3	1378	5160	0
3	1387	5190	0
3	1387	5190	0
3	1395	5220	0
3	1395	5220	0
3	1406	5250	0
3	1406	5250	0
3	1417	5280	0
3	1417	5280	0
3	1420	5284.016637774693	1
3	1422	5310	1
3	1422	5310	1
3	1431	5340	1
3	1431	5340	1
3	1441	5370	1
3	1441	5370	0
3	1451	5400	0
3	1451	5400	0
3	1455	5430	0
3	1455	5430	0
3	1460	5440	1
3	1466	5460	1
3	1466	5460	0
3	1477	5490	0
3	1477	5490	0
3	1483	5520	0
3	1483	5520	0
3	1486	5530	1
3	1489	5550	1
3	1489	5550	1
3	1500	5580	1
3	1500	5580	0
3	1506	5610	0
3	1506	5610	0
3	1515	5640	0
3	1515	5640	0
3	1518	5641.280174182903	1
3	1519	5650.039405162892	2
3	1524	5670	2
3	1524	5670	0
3	1530	5700	0
3	1530	5700	0
3	1533	5710	1
3	1537	5730	1
3	1537	5730	0
3	1544	5751.127927964791	1
3	1546	5760	1
3	1546	5760	1
3	1554	5790	1
3	1554	5790	0
3	1559	5820	0
3	1559	5820	0
3	1568	5850	0
3	1568	5850	0
3	1575	5880	0
3	1575	5880	0
3	1582	5910	0
3	1582	5910	0
3	1589	5940	0
3	1589	5940	0
3	1596	5970	0
3	1596	5970	0
3	1603	6000	0
3	1603	6000	0
3	1606	6010	1
3	1610	6030	1
3	1610	6030	1
3	1615	6060	1
3	1615	6060	0
3	1620	6072.755650944833	1
3	1623	6090	1
3	1623	6090	1
3	1630	6119.502370053862	2
3	1632	6120	2
3	1632	6120	1
3	1637	6150	1
3	1637	6150	0
3	1642	6179.076655501699	1
3	1644	6180	1
3	1644	6180	1
3	1648	6210	1
3	1648	6210	1
3	1658	6240	1
3	1658	6240	0
3	1662	6250	1
3	1666	6270	1
3	1666	6270	1
3	1671	6300	1
3	1671	6300	0
3	1676	6330	0
3	1676	6330	0
3	1686	6360	0
3	1686	6360	0
3	1693	6390	0
3	1693	6390	0
3	1700	6420	0
3	1700	6420	0
3	1707	6450	0
3	1707	6450	0
3	1713	6480	0
3	1713	6480	0
3	1720	6510	0
3	1720	6510	0
3	1730	6540	0
3	1730	6540	0
3	1735	6570	0
3	1735	6570	0
3	1743	6600	0
3	1743	6600	0
3	1746	6600.035830383397	1
3	1751	6630	1
3	1751	6630	0
3	1756	6640	1
3	1758	6660	1
3	1758	6660	0
3	1766	6690	0
3	1766	6690	0
3	1775	6720	0
3	1775	6720	0
3	1778	6723.643282370919	1
3	1781	6750	1
3	1781	6750	1
3	1792	6780	1
3	1792	6780	1
3	1800	6810	1
3	1800	6810	0
3	1806	6840	0
3	1806	6840	0
3	1815	6870	0
3	1815	6870	0
3	1824	6900	0
3	1824	6900	0
3	1831	6930	0
3	1831	6930	0
3	1839	6960	0
3	1839	6960	0
3	1843	6973.423438277498	1
3	1847	6990	1
3	1847	6990	1
3	1855	7020	1
3	1855	7020	0
3	1859	7032.586376926618	1
3	1862	7050	1
3	1862	7050	1
3	1869	7080	1
3	1869	7080	0
3	1877	7110	0
3	1877	7110	0
3	1882	7120	1
3	1886	7140	1
3	1886	7140	0
3	1890	7170	0
3	1890	7170	0
3	1895	7200	0
3	1895	7200	0
3	1903	7230	0
3	1903	7230	0
3	1908	7240	1
3	1909	7240	2
3	1912	7260	2
3	1912	7260	0
3	1918	7290	0
3	1918	7290	0
3	1922	7320	0
3	1922	7320	0
3	1929	7350	0
3	1929	7350	0
3	1936	7380	0
3	1936	7380	0
3	1942	7410	0
3	1942	7410	0
3	1947	7440	0
3	1947	7440	0
3	1955	7470	0
3	1955	7470	0
3	1959	7500	0
3	1959	7500	0
3	1964	7530	0
3	1964	7530	0
3	1971	7548.208697212116	1
3	1973	7560	1
3	1973	7560	1
3	1979	7590	1
3	1979	7590	0
3	1984	7620	0
3	1984	7620	0
3	1990	7650	0
3	1990	7650	0
3	1994	7669.237595385684	1
3	1997	7680	1
3	1997	7680	0
3	2005	7710	0
3	2005	7710	0
3	2011	7740	0
3	2011	7740	0
3	2020	7770	0
3	2020	7770	0
3	2023	7778.39355052041	1
3	2027	7800	1
3	2027	7800	0
3	2037	7830	0
3	2037	7830	0
3	2047	7860	0
3	2047	7860	0
3	2053	7890	0
3	2053	7890	0
3	2060	7920	0
3	2060	7920	0
3	2067	7945.630213518591	1
3	2069	7950	1
3	2069	7950	0
3	2079	7980	0
3	2079	7980	0
3	2085	7990.913392340951	1
3	2088	8010	1
3	2088	8010	1
3	2095	8039.572392521541	2
3	2097	8040	2
3	2097	8040	1
3	2104	8070	1
3	2104	8070	0
3	2115	8100	0
3	2115	8100	0
3	2125	8130	0
3	2125	8130	0
3	2128	8136.452454492471	1
3	2132	8160	1
3	2132	8160	0
3	2140	8190	0
3	2140	8190	0
3	2147	8220	0
3	2147	8220	0
3	2157	8250	0
3	2157	8250	0
3	2165	8280	0
3	2165	8280	0
3	2170	8290	1
3	2175	8310	1
3	2175	8310	1
3	2188	8340	1
3	2188	8340	0
3	2195	8370	0
3	2195	8370	0
3	2204	8400	0
3	2204	8400	0
3	2209	8426.44016264492	1
3	2211	8430	1
3	2211	8430	1
3	2223	8460	1
3	2223	8460	0
3	2229	8490	0
3	2229	8490	0
3	2235	8520	0
3	2235	8520	0
3	2240	8550	0
3	2240	8550	0
3	2245	8560	1
3	2249	8580	1
3	2249	8580	0
3	2258	8610	0
3	2258	8610	0
3	2266	8640	0
3	2266	8640	0
3	2272	8670	0
3	2272	8670	0
3	2278	8680	1
3	2282	8691.017439556479	2
3	2284	8700	2
3	2284	8700	1
3	2291	8730	1
3	2291	8730	1
3	2298	8760	1
3	2298	8760	0
3	2306	8790	0
3	2306	8790	0
3	2312	8820	0
3	2312	8820	0
3	2318	8850	0
3	2318	8850	0
3	2325	8880	0
3	2325	8880	0
3	2330	8910	0
3	2330	8910	0
3	2336	8940	0
3	2336	8940	0
3	2342	8959.039002505216	1
3	2344	8970	1
3	2344	8970	1
3	2351	9000	1
3	2351	9000	0
3	2360	9030	0
3	2360	9030	0
3	2366	9060	0
3	2366	9060	0
3	2372	9090	0
3	2372	9090	0
3	2384	9120	0
3	2384	9120	0
3	2390	9150	0
3	2390	9150	0
3	2395	9160	1
3	2399	9180	1
3	2399	9180	0
3	2404	9193.666880689532	1
3	2411	9210	1
3	2411	9210	0
3	2417	9240	0
3	2417	9240	0
3	2422	9250	1
3	2425	9270	1
3	2425	9270	1
3	2429	9275.929920321377	2
3	2434	9300	2
3	2434	9300	0
3	2443	9330	0
3	2443	9330	0
3	2452	9360	0
3	2452	9360	0
3	2459	9390	0
3	2459	9390	0
3	2465	9400	1
3	2468	9420	1
3	2468	9420	0
3	2478	9450	0
3	2478	9450	0
3	2485	9480	0
3	2485	9480	0
3	2489	9490.135262465799	1
3	2496	9510	1
3	2496	9510	0
3	2506	9540	0
3	2506	9540	0
3	2513	9570	0
3	2513	9570	0
3	2521	9600	0
3	2521	9600	0
3	2530	9626.719076765331	1
3	2531	9628.605440762067	2
3	2533	9630	2
3	2533	9630	0
3	2539	9660	0
3	2539	9660	0
3	2543	9690	0
3	2543	9690	0
3	2550	9720	0
3	2550	9720	0
3	2558	9730	1
3	2560	9730	2
3	2563	9750	2
3	2563	9750	2
3	2572	9780	2
3	2572	9780	0
3	2578	9810	0
3	2578	9810	0
3	2584	9840	0
3	2584	9840	0
3	2589	9850	1
3	2595	9870	1
3	2595	9870	1
3	2606	9900	1
3	2606	9900	0
3	2612	9930	0
3	2612	9930	0
3	2620	9960	0
3	2620	9960	0
3	2625	9969.728928897267	1
3	2626	9970	2
3	2632	9990	2
3	2632	9990	2
3	2635	9990.629096316043	3
3	2642	10020	3
3	2642	10020	2
3	2649	10050	2
3	2649	10050	1
3	2655	10080	1
3	2655	10080	0
3	2664	10110	0
3	2664	10110	0
3	2668	10120	1
3	2669	10120	2
3	2673	10140	2
3	2673	10140	0
3	2680	10170	0
3	2680	10170	0
3	2683	10178.606936608114	1
3	2689	10200	1
3	2689	10200	1
3	2696	10230	1
3	2696	10230	0
3	2701	10240	1
3	2703	10260	1
3	2703	10260	0
3	2709	10290	0
3	2709	10290	0
3	2717	10317.771151610312	1
3	2719	10320	1
3	2719	10320	1
3	2726	10350	1
3	2726	10350	0
3	2731	10380	0
3	2731	10380	0
3	2738	10410	0
3	2738	10410	0
3	2746	10440	0
3	2746	10440	0
3	2754	10470	0
3	2754	10470	0
3	2757	10480	1
3	2760	10500	1
3	2760	10500	0
3	2765	10525.967139634777	1
3	2767	10530	1
3	2767	10530	1
3	2774	10560	1
3	2774	10560	1
3	2778	10570	2
3	2781	10590	2
3	2781	10590	1
3	2790	10620	1
3	2790	10620	0
3	2798	10650	0
3	2798	10650	0
3	2803	10680	0
3	2803	10680	0
3	2813	10710	0
3	2813	10710	0
3	2817	10720	1
3	2823	10740	1
3	2823	10740	0
3	2828	10770	0
3	2828	10770	0
3	2834	10800	0
3	2834	10800	0
3	2839	10830	0
3	2839	10830	0
3	2847	10860	0
3	2847	10860	0
3	2855	10890	0
3	2855	10890	0
3	2862	10920	0
3	2862	10920	0
3	2867	10950	0
3	2867	10950	0
3	2874	10980	0
3	2874	10980	0
3	2885	11010	0
3	2885	11010	0
3	2891	11040	0
3	2891	11040	0
3	2895	11070	0
3	2895	11070	0
3	2898	11080	1
3	2899	11081.522835295177	2
3	2901	11087.283446651231	3
3	2906	11100	3
3	2906	11100	1
3	2913	11130	1
3	2913	11130	1
3	2918	11160	1
3	2918	11160	0
3	2923	11190	0
3	2923	11190	0
3	2933	11220	0
3	2933	11220	0
3	2936	11230	1
3	2938	11250	1
3	2938	11250	0
3	2944	11280	0
3	2944	11280	0
3	2948	11299.221881723798	1
3	2951	11310	1
3	2951	11310	0
3	2959	11340	0
3	2959	11340	0
3	2966	11370	0
3	2966	11370	0
3	2974	11400	0
3	2974	11400	0
3	2984	11430	0
3	2984	11430	0
3	2991	11460	0
3	2991	11460	0
3	2999	11482.164301339882	1
3	3001	11490	1
3	3001	11490	1
3	3008	11520	1
3	3008	11520	0
3	3014	11550	0
3	3014	11550	0
3	3019	11562.865373978426	1
3	3022	11573.595367615395	2
3	3024	11580	2
3	3024	11580	0
3	3031	11610	0
3	3031	11610	0
3	3040	11640	0
3	3040	11640	0
3	3046	11670	0
3	3046	11670	0
3	3052	11680	1
3	3056	11700	1
3	3056	11700	0
3	3063	11717.46877284453	1
3	3067	11730	1
3	3067	11730	1
3	3076	11760	1
3	3076	11760	0
3	3087	11790	0
3	3087	11790	0
3	3094	11820	0
3	3094	11820	0
3	3103	11850	0
3	3103	11850	0
3	3112	11872.047733813479	1
3	3116	11880	1
3	3116	11880	0
3	3121	11890	1
3	3124	11910	1
3	3124	11910	1
3	3134	11940	1
3	3134	11940	0
3	3142	11970	0
3	3142	11970	0
3	3154	12000	0
3	3154	12000	0
3	3162	12030	0
3	3162	12030	0
3	3171	12053.94257907097	1
3	3173	12060	1
3	3173	12060	0
3	3177	12070	1
3	3184	12090	1
3	3184	12090	0
3	3194	12120	0
3	3194	12120	0
3	3205	12150	0
3	3205	12150	0
3	3210	12164.818889863589	1
3	3215	12180	1
3	3215	12180	1
3	3224	12210	1
3	3224	12210	1
3	3233	12240	1
3	3233	12240	0
3	3239	12270	0
3	3239	12270	0
3	3247	12300	0
3	3247	12300	0
3	3258	12330	0
3	3258	12330	0
3	3265	12360	0
3	3265	12360	0
3	3272	12390	0
3	3272	12390	0
3	3282	12420	0
3	3282	12420	0
3	3287	12450	0
3	3287	12450	0
3	3294	12480	0
3	3294	12480	0
3	3301	12510	0
3	3301	12510	0
3	3307	12540	0
3	3307	12540	0
3	3314	12570	0
3	3314	12570	0
3	3319	12600	0
3	3319	12600	0
3	3323	12610	1
3	3326	12630	1
3	3326	12630	1
3	3333	12660	1
3	3333	12660	0
3	3340	12690	0
3	3340	12690	0
3	3347	12720	0
3	3347	12720	0
3	3353	12750	0
3	3353	12750	0
3	3361	12780	0
3	3361	12780	0
3	3367	12810	0
3	3367	12810	0
3	3373	12840	0
3	3373	12840	0
3	3377	12870	0
3	3377	12870	0
3	3384	12900	0
3	3384	12900	0
3	3389	12930	0
3	3389	12930	0
3	3397	12960	0
3	3397	12960	0
3	3403	12990	0
3	3403	12990	0
3	3411	13020	0
3	3411	13020	0
3	3421	13050	0
3	3421	13050	0
3	3424	13061.395424941111	1
3	3426	13080	1
3	3426	13080	0
3	3435	13110	0
3	3435	13110	0
3	3442	13140	0
3	3442	13140	0
3	3445	13150	1
3	3449	13170	1
3	3449	13170	0
3	3457	13200	0
3	3457	13200	0
3	3464	13230	0
3	3464	13230	0
3	3467	13240	1
3	3468	13240	2
3	3471	13260	2
3	3471	13260	0
3	3476	13277.137968921743	1
3	3478	13290	1
3	3478	13290	1
3	3485	13320	1
3	3485	13320	1
3	3492	13350	1
3	3492	13350	0
3	3499	13380	0
3	3499	13380	0
3	3507	13410	0
3	3507	13410	0
3	3512	13440	0
3	3512	13440	0
3	3518	13470	0
3	3518	13470	0
3	3525	13500	0
3	3525	13500	0
3	3528	13510	1
3	3531	13530	1
3	3531	13530	0
3	3537	13560	0
3	3537	13560	0
3	3545	13590	0
3	3545	13590	0
3	3551	13620	0
3	3551	13620	0
3	3558	13650	0
3	3558	13650	0
3	3565	13680	0
3	3565	13680	0
3	3572	13710	0
3	3572	13710	0
3	3578	13740	0
3	3578	13740	0
3	3588	13770	0
3	3588	13770	0
3	3595	13800	0
3	3595	13800	0
3	3602	13830	0
3	3602	13830	0
3	3614	13860	0
3	3614	13860	0
3	3618	13867.275933274658	1
3	3622	13890	1
3	3622	13890	1
3	3633	13920	1
3	3633	13920	0
3	3638	13945.155907931984	1
3	3641	13950	1
3	3641	13950	1
3	3647	13960	2
3	3650	13980	2
3	3650	13980	0
3	3654	13990	1
3	3659	14010	1
3	3659	14010	0
3	3663	14018.523617669255	1
3	3671	14040	1
3	3671	14040	0
3	3681	14070	0
3	3681	14070	0
3	3687	14080	1
3	3692	14100	1
3	3692	14100	0
3	3700	14130	0
3	3700	14130	0
3	3705	14138.037263468668	1
3	3707	14147.85404576269	2
3	3710	14152.166208497612	3
3	3712	14160	3
3	3712	14160	2
3	3722	14190	2
3	3722	14190	0
3	3727	14200	1
3	3732	14220	1
3	3732	14220	0
3	3740	14250	0
3	3740	14250	0
3	3755	14280	0
3	3755	14280	0
3	3766	14310	0
3	3766	14310	0
3	3771	14335.040378926002	1
3	3774	14340	1
3	3774	14340	1
3	3790	14370	1
3	3790	14370	1
3	3801	14400	1
3	3801	14400	0
3	3811	14430	0
3	3811	14430	0
3	3819	14460	0
3	3819	14460	0
3	3822	14463.51834080579	1
3	3824	14470	2
3	3826	14481.479470128841	3
3	3828	14490	3
3	3828	14490	2
3	3841	14520	2
3	3841	14520	1
3	3848	14550	1
3	3848	14550	0
3	3852	14560	1
3	3853	14560	2
3	3858	14580	2
3	3858	14580	0
3	3868	14610	0
3	3868	14610	0
3	3882	14640	0
3	3882	14640	0
3	3890	14670	0
3	3890	14670	0
3	3899	14700	0
3	3899	14700	0
3	3902	14702.29789228753	1
3	3911	14730	1
3	3911	14730	1
3	3919	14760	1
3	3919	14760	1
3	3927	14790	1
3	3927	14790	0
3	3937	14820	0
3	3937	14820	0
3	3941	14830	1
3	3946	14850	1
3	3946	14850	0
3	3953	14880	0
3	3953	14880	0
3	3964	14910	0
3	3964	14910	0
3	3969	14920	1
3	3970	14920	2
3	3972	14921.907420592163	3
3	3974	14935.84639305373	4
3	3976	14940	4
3	3976	14940	1
3	3983	14970	1
3	3983	14970	1
3	3990	15000	1
3	3990	15000	0
3	3997	15030	0
3	3997	15030	0
3	4005	15060	0
3	4005	15060	0
3	4012	15090	0
3	4012	15090	0
3	4019	15120	0
3	4019	15120	0
3	4025	15150	0
3	4025	15150	0
3	4031	15180	0
3	4031	15180	0
3	4039	15210	0
3	4039	15210	0
3	4048	15240	0
3	4048	15240	0
3	4054	15270	0
3	4054	15270	0
3	4062	15300	0
3	4062	15300	0
3	4069	15330	0
3	4069	15330	0
3	4076	15360	0
3	4076	15360	0
3	4081	15390	0
3	4081	15390	0
3	4084	15400	1
3	4085	15400	2
3	4089	15420	2
3	4089	15420	0
3	4095	15450	0
3	4095	15450	0
3	4100	15480	0
3	4100	15480	0
3	4104	15510	0
3	4104	15510	0
3	4110	15531.240248050298	1
3	4112	15540	1
3	4112	15540	0
3	4119	15570	0
3	4119	15570	0
3	4124	15600	0
3	4124	15600	0
3	4129	15630	0
3	4129	15630	0
3	4136	15660	0
3	4136	15660	0
3	4141	15690	0
3	4141	15690	0
3	4149	15720	0
3	4149	15720	0
3	4155	15750	0
3	4155	15750	0
3	4163	15780	0
3	4163	15780	0
3	4171	15810	0
3	4171	15810	0
3	4178	15840	0
3	4178	15840	0
3	4184	15870	0
3	4184	15870	0
3	4192	15900	0
3	4192	15900	0
3	4198	15930	0
3	4198	15930	0
3	4203	15960	0
3	4203	15960	0
3	4208	15990	0
3	4208	15990	0
3	4217	16020	0
3	4217	16020	0
3	4222	16030	1
3	4226	16050	1
3	4226	16050	0
3	4231	16080	0
3	4231	16080	0
3	4236	16110	0
3	4236	16110	0
3	4241	16140	0
3	4241	16140	0
3	4252	16170	0
3	4252	16170	0
3	4256	16200	0
3	4256	16200	0
3	4260	16230	0
3	4260	16230	0
3	4267	16260	0
3	4267	16260	0
3	4273	16290	0
3	4273	16290	0
3	4278	16320	0
3	4278	16320	0
3	4283	16350	0
3	4283	16350	0
3	4291	16380	0
3	4291	16380	0
3	4296	16410	0
3	4296	16410	0
3	4300	16414.720402933714	1
3	4305	16440	1
3	4305	16440	1
3	4311	16470	1
3	4311	16470	0
3	4317	16500	0
3	4317	16500	0
3	4325	16530	0
3	4325	16530	0
3	4332	16560	0
3	4332	16560	0
3	4339	16590	0
3	4339	16590	0
3	4342	16600	1
3	4346	16620	1
3	4346	16620	0
3	4355	16650	0
3	4355	16650	0
3	4362	16680	0
3	4362	16680	0
3	4366	16690	1
3	4367	16706.364215230926	2
3	4370	16710	2
3	4370	16710	1
3	4378	16740	1
3	4378	16740	0
3	4385	16770	0
3	4385	16770	0
3	4396	16800	0
3	4396	16800	0
3	4403	16829.839098697358	1
3	4405	16830	1
3	4405	16830	1
3	4416	16860	1
3	4416	16860	0
3	4422	16890	0
3	4422	16890	0
3	4432	16920	0
3	4432	16920	0
3	4440	16950	0
3	4440	16950	0
3	4444	16960	1
3	4446	16980	1
3	4446	16980	0
3	4460	17010	0
3	4460	17010	0
3	4464	17020.039400229241	1
3	4466	17040	1
3	4466	17040	0
3	4474	17070	0
3	4474	17070	0
3	4478	17080	1
3	4485	17100	1
3	4485	17100	0
3	4494	17130	0
3	4494	17130	0
3	4499	17151.956039148996	1
3	4500	17159.373963736996	2
3	4502	17160	2
3	4502	17160	0
3	4508	17190	0
3	4508	17190	0
3	4516	17220	0
3	4516	17220	0
3	4520	17222.072219414686	1
3	4525	17250	1
3	4525	17250	1
3	4533	17269.990316653646	2
3	4535	17280	2
3	4535	17280	0
3	4541	17310	0
3	4541	17310	0
3	4549	17340	0
3	4549	17340	0
3	4554	17370	0
3	4554	17370	0
3	4563	17400	0
3	4563	17400	0
3	4569	17421.076426197944	1
3	4571	17430	1
3	4571	17430	1
3	4578	17460	1
3	4578	17460	0
3	4584	17490	0
3	4584	17490	0
3	4590	17520	0
3	4590	17520	0
3	4597	17550	0
3	4597	17550	0
3	4607	17580	0
3	4607	17580	0
3	4613	17610	0
3	4613	17610	0
3	4618	17640	0
3	4618	17640	0
3	4624	17670	0
3	4624	17670	0
3	4632	17700	0
3	4632	17700	0
3	4639	17730	0
3	4639	17730	0
3	4644	17760	0
3	4644	17760	0
3	4651	17790	0
3	4651	17790	0
3	4658	17820	0
3	4658	17820	0
3	4664	17850	0
3	4664	17850	0
3	4670	17880	0
3	4670	17880	0
3	4677	17910	0
3	4677	17910	0
3	4685	17940	0
3	4685	17940	0
3	4690	17970	0
3	4690	17970	0
3	4696	18000	0
3	4696	18000	0
3	4701	18010	1
3	4704	18030	1
3	4704	18030	1
3	4708	18040	2
3	4711	18060	2
3	4711	18060	0
3	4716	18088.765218830594	1
3	4718	18090	1
3	4718	18090	1
3	4725	18120	1
3	4725	18120	1
3	4729	18150	1
3	4729	18150	0
3	4734	18160	1
3	4735	18160	2
3	4740	18180	2
3	4740	18180	0
3	4745	18210	0
3	4745	18210	0
3	4750	18240	0
3	4750	18240	0
3	4757	18270	0
3	4757	18270	0
3	4762	18280	1
3	4765	18300	1
3	4765	18300	0
3	4770	18330	0
3	4770	18330	0
3	4774	18344.374547351761	1
3	4777	18360	1
3	4777	18360	0
3	4781	18370	1
3	4783	18382.927009417331	2
3	4785	18390	2
3	4785	18390	1
3	4793	18420	1
3	4793	18420	0
3	4798	18450	0
3	4798	18450	0
3	4806	18480	0
3	4806	18480	0
3	4813	18510	0
3	4813	18510	0
3	4819	18540	0
3	4819	18540	0
3	4824	18570	0
3	4824	18570	0
3	4832	18600	0
3	4832	18600	0
3	4837	18630	0
3	4837	18630	0
3	4840	18640	1
3	4841	18640	2
3	4844	18660	2
3	4844	18660	0
3	4847	18670	1
3	4850	18690	1
3	4850	18690	0
3	4857	18720	0
3	4857	18720	0
3	4861	18750	0
3	4861	18750	0
3	4871	18780	0
3	4871	18780	0
3	4878	18810	0
3	4878	18810	0
3	4884	18840	0
3	4884	18840	0
3	4890	18870	0
3	4890	18870	0
3	4899	18900	0
3	4899	18900	0
3	4904	18930	0
3	4904	18930	0
3	4910	18960	0
3	4910	18960	0
3	4916	18990	0
3	4916	18990	0
3	4919	19000	1
3	4921	19020	1
3	4921	19020	0
3	4925	19030	1
3	4929	19050	1
3	4929	19050	0
3	4938	19080	0
3	4938	19080	0
3	4944	19110	0
3	4944	19110	0
3	4950	19140	0
3	4950	19140	0
3	4953	19146.947062355664	1
3	4957	19170	1
3	4957	19170	1
3	4966	19194.27942375816	2
3	4969	19200	2
3	4969	19200	2
3	4976	19230	2
3	4976	19230	0
3	4980	19235.645732379314	1
3	4984	19260	1
3	4984	19260	0
3	4993	19290	0
3	4993	19290	0
3	5001	19320	0
3	5001	19320	0
3	5008	19333.052395124574	1
3	5011	19350	1
3	5011	19350	0
3	5017	19380	0
3	5017	19380	0
3	5022	19395.255917922365	1
3	5025	19410	1
3	5025	19410	1
3	5033	19440	1
3	5033	19440	0
3	5042	19470	0
3	5042	19470	0
3	5048	19500	0
3	5048	19500	0
3	5053	19530	0
3	5053	19530	0
3	5063	19560	0
3	5063	19560	0
3	5072	19590	0
3	5072	19590	0
3	5076	19613.511797514534	1
3	5079	19620	1
3	5079	19620	1
3	5082	19633.966446636334	2
3	5086	19650	2
3	5086	19650	2
3	5095	19680	2
3	5095	19680	0
3	5098	19683.696311979397	1
3	5104	19710	1
3	5104	19710	0
3	5107	19716.405517300675	1
3	5109	19740	1
3	5109	19740	1
3	5112	19757.99289064684	2
3	5116	19770	2
3	5116	19770	2
3	5125	19800	2
3	5125	19800	0
3	5133	19830	0
3	5133	19830	0
3	5136	19840	1
3	5139	19860	1
3	5139	19860	0
3	5144	19888.825637923926	1
3	5146	19890	1
3	5146	19890	1
3	5160	19920	1
3	5160	19920	1
3	5165	19950	1
3	5165	19950	0
3	5173	19980	0
3	5173	19980	0
4	292	1030	0
4	299	1060	0
4	320	1140	32.238601840847
4	351	1260	3.514823125339
4	360	1290	20
4	373	1350	69.187030993452
4	383	1390	0
4	389	1420	0
4	390	1420	0
4	407	1500	20
4	410	1505.329906195338	0
4	463	1740	20
4	487	1860	20
4	527	2040	57.706556454868
4	542	2100	21.072215856317
4	542	2100	20
4	571	2220	50
4	581	2260	0
4	598	2319.082474530541	0
4	663	2580	20
4	668	2590	0
4	685	2670	16.903502186502
4	704	2730	20
4	708	2740	0
4	726	2820	20
4	732	2830	0
4	745	2880	81.255380735281
4	752	2910	82.066978007318
4	752	2910	18.088511812696
4	800	3100	0
4	801	3100	0
4	866	3330	20
4	876	3381.515958175081	0
4	889	3420	20
4	919	3540	50
4	919	3540	20
4	925	3550	0
4	929	3570	20
4	954	3645.643063089946	0
4	957	3660	20
4	963	3670	0
4	984	3750	74.941470352305
4	984	3750	70.132846423376
4	993	3780	12.135539998971
4	1015	3853.007151682545	0
4	1028	3900	50
4	1053	3990	7.856387341155
4	1063	4020	0.958762364719
4	1079	4080	13.083183018655
4	1107	4180	0
4	1111	4197.067871431035	0
4	1130	4270	0
4	1159	4371.475112309051	0
4	1162	4380	48.869513910027
4	1186	4470	11.02299908525
4	1203	4530	88.046766040755
4	1206	4540	0
4	1210	4560	79.544290918178
4	1245	4680	51.484804340781
4	1253	4710	34.412299574136
4	1262	4740	50
4	1262	4740	47.81666555996
4	1294	4860	20
4	1299	4870	0
4	1305	4900	0
4	1311	4920	52.318026880703
4	1328	4980	44.101063762
4	1366	5110	0
4	1367	5110	0
4	1398	5230	0
4	1436	5350	0
4	1437	5350	0
4	1441	5370	85.983362225307
4	1466	5460	20
4	1500	5580	50
4	1511	5620	0
4	1524	5670	28.719825817097
4	1524	5670	19.960594837108
4	1537	5730	20
4	1554	5790	38.872072035209
4	1564	5830	0
4	1572	5860	0
4	1615	6060	50
4	1632	6120	0.497629946138
4	1637	6150	77.244349055167
4	1658	6240	60.923344498301
4	1671	6300	50
4	1716	6486.880377954704	0
4	1748	6616.785386613678	0
4	1751	6630	29.964169616603
4	1758	6660	20
4	1761	6670	0
4	1790	6774.89139661809	0
4	1800	6810	86.356717629081
4	1813	6868.077668112891	0
4	1827	6900.997563899821	0
4	1835	6940	0
4	1855	7020	46.576561722502
4	1869	7080	47.413623073382
4	1886	7140	20
4	1912	7260	20
4	1912	7260	20
4	1979	7590	41.791302787884
4	1997	7680	10.762404614316
4	2027	7800	21.60644947959
4	2041	7840.955806136145	0
4	2042	7841.798517418853	0
4	2069	7950	4.369786481409
4	2097	8040	49.086607659049
4	2104	8070	30.427607478459
4	2120	8110	0
4	2132	8160	23.547545507529
4	2152	8230	0
4	2160	8260	0
4	2188	8340	50
4	2223	8460	33.55983735508
4	2249	8580	20
4	2253	8590	0
4	2270	8666.782743456046	0
4	2284	8700	20
4	2287	8710	0
4	2298	8760	68.982560443521
4	2351	9000	40.960997494784
4	2387	9120.603429316418	0
4	2399	9180	20
4	2411	9210	16.333119310468
4	2434	9300	50
4	2434	9300	24.070079678623
4	2468	9420	20
4	2496	9510	19.864737534201
4	2502	9520.194097926702	0
4	2533	9630	3.280923234669
4	2533	9630	1.394559237933
4	2572	9780	50
4	2572	9780	50
4	2592	9868.426200192979	0
4	2606	9900	50
4	2609	9910	0
4	2630	9986.369547998463	0
4	2642	10020	50
4	2645	10030	0
4	2649	10050	80.271071102733
4	2652	10060	0
4	2655	10080	89.370903683957
4	2673	10140	20
4	2673	10140	20
4	2696	10230	51.393063391886
4	2703	10260	20
4	2714	10300	0
4	2726	10350	32.228848389688
4	2760	10500	20
4	2781	10590	64.032860365223
4	2790	10620	50
4	2823	10740	20
4	2881	10990	0
4	2882	10990	0
4	2900	11083.54545315853	0
4	2906	11100	20
4	2906	11100	12.716553348769
4	2918	11160	78.477164704823
4	2938	11250	20
4	2949	11307.621266541187	0
4	2951	11310	10.778118276202
4	3008	11520	37.835698660118
4	3024	11580	17.134626021574
4	3024	11580	6.404632384605
4	3056	11700	20
4	3070	11740	0
4	3073	11740.842568358361	0
4	3076	11760	42.53122715547
4	3092	11811.844879855337	0
4	3116	11880	7.952266186521
4	3119	11884.099081018535	0
4	3134	11940	50
4	3170	12048.687557100729	0
4	3173	12060	6.05742092903
4	3178	12070	0
4	3184	12090	20
4	3227	12220	0
4	3230	12225.136384337948	0
4	3233	12240	75.181110136411
4	3279	12401.836088357246	0
4	3285	12430	0
4	3317	12580	0
4	3333	12660	50
4	3337	12670	0
4	3364	12790	0
4	3394	12940	0
4	3414	13030	0
4	3415	13030	0
4	3426	13080	18.604575058889
4	3449	13170	20
4	3471	13260	20
4	3471	13260	20
4	3492	13350	72.862031078257
4	3529	13510	0
4	3531	13530	20
4	3555	13630	0
4	3582	13750	0
4	3633	13920	52.724066725342
4	3639	13949.611889332038	0
4	3650	13980	34.844092068016
4	3650	13980	20
4	3653	13981.411772145631	0
4	3659	14010	20
4	3671	14040	21.476382330745
4	3692	14100	20
4	3712	14160	12.14595423731
4	3722	14190	51.962736531332
4	3722	14190	37.833791502388
4	3732	14220	20
4	3744	14260	0
4	3779	14350	0
4	3780	14350	0
4	3801	14400	64.959621073998
4	3828	14490	20
4	3841	14520	38.520529871159
4	3848	14550	86.48165919421
4	3858	14580	20
4	3858	14580	20
4	3904	14710	0
4	3915	14740	0
4	3927	14790	87.70210771247
4	3946	14850	20
4	3976	14940	20
4	3976	14940	20
4	3976	14940	18.092579407837
4	3990	15000	64.15360694627
4	4034	15190	0
4	4036	15192.628133236278	0
4	4065	15310	0
4	4074	15338.682980194194	0
4	4089	15420	20
4	4089	15420	20
4	4098	15474.339298216679	0
4	4112	15540	8.759751949702
4	4134	15655.798819667192	0
4	4139	15670	0
4	4226	16050	20
4	4245	16150	0
4	4247	16150	0
4	4311	16470	55.279597066286
4	4346	16620	20
4	4370	16710	3.635784769074
4	4378	16740	50
4	4381	16742.295352608324	0
4	4382	16750	0
4	4416	16860	30.160901302642
4	4446	16980	20
4	4450	16990	0
4	4466	17040	19.960599770759
4	4479	17084.796011878206	0
4	4485	17100	20
4	4490	17110	0
4	4502	17160	8.043960851004
4	4502	17160	0.626036263004
4	4535	17280	57.927780585314
4	4535	17280	10.009683346354
4	4568	17419.048902180131	0
4	4578	17460	38.923573802056
4	4600	17555.058251093389	0
4	4610	17590	0
4	4622	17664.036914182396	0
4	4630	17694.563726403863	0
4	4649	17773.400601078064	0
4	4688	17950	0
4	4711	18060	50
4	4711	18060	20
4	4715	18070	0
4	4729	18150	61.234781169406
4	4740	18180	20
4	4740	18180	20
4	4765	18300	20
4	4777	18360	15.625452648239
4	4785	18390	7.072990582669
4	4793	18420	50
4	4844	18660	20
4	4844	18660	20
4	4850	18690	20
4	4921	19020	20
4	4929	19050	20
4	4976	19230	83.052937644336
4	4976	19230	35.72057624184
4	4984	19260	24.354267620686
4	5011	19350	16.947604875426
4	5033	19440	44.744082077635
4	5045	19488.2078098218	0
4	5066	19561.14079723459	0
4	5095	19680	66.488202485466
4	5095	19680	46.033553363666
4	5104	19710	26.303688020603
4	5125	19800	83.594482699325
4	5125	19800	42.00710935316
4	5139	19860	20
4	5165	19950	61.174362076074
4	5176	19990	0
5	292	1030	26447
5	299	1060	26454
5	320	1140	26457
5	351	1260	26460
5	360	1290	26459
5	373	1350	26464
5	383	1390	26458
5	389	1420	26462
5	390	1420	26463
5	407	1500	26467
5	410	1505.329906195338	26468
5	463	1740	26470
5	487	1860	26472
5	527	2040	26479
5	542	2100	26478
5	542	2100	26477
5	571	2220	26480
5	581	2260	26482
5	598	2319.082474530541	26488
5	663	2580	26489
5	668	2590	26486
5	685	2670	26498
5	704	2730	26495
5	708	2740	26494
5	726	2820	26499
5	732	2830	26496
5	745	2880	26501
5	752	2910	26502
5	752	2910	26505
5	800	3100	26507
5	801	3100	26509
5	866	3330	26513
5	876	3381.515958175081	26523
5	889	3420	26514
5	919	3540	26518
5	919	3540	26526
5	925	3550	26519
5	929	3570	26521
5	954	3645.643063089946	26530
5	957	3660	26528
5	963	3670	26525
5	984	3750	26532
5	984	3750	26533
5	993	3780	26531
5	1015	3853.007151682545	26538
5	1028	3900	26534
5	1053	3990	26543
5	1063	4020	26541
5	1079	4080	26547
5	1107	4180	26544
5	1111	4197.067871431035	26551
5	1130	4270	26542
5	1159	4371.475112309051	26557
5	1162	4380	26554
5	1186	4470	26560
5	1203	4530	26556
5	1206	4540	26558
5	1210	4560	26561
5	1245	4680	26568
5	1253	4710	26569
5	1262	4740	26564
5	1262	4740	26567
5	1294	4860	26572
5	1299	4870	26566
5	1305	4900	26570
5	1311	4920	26576
5	1328	4980	26575
5	1366	5110	26574
5	1367	5110	26577
5	1398	5230	26579
5	1436	5350	26584
5	1437	5350	26585
5	1441	5370	26588
5	1466	5460	26590
5	1500	5580	26594
5	1511	5620	26599
5	1524	5670	26603
5	1524	5670	26604
5	1537	5730	26600
5	1554	5790	26607
5	1564	5830	26601
5	1572	5860	26605
5	1615	6060	26608
5	1632	6120	26616
5	1637	6150	26614
5	1658	6240	26618
5	1671	6300	26617
5	1716	6486.880377954704	26626
5	1748	6616.785386613678	26629
5	1751	6630	26628
5	1758	6660	26625
5	1761	6670	26621
5	1790	6774.89139661809	26632
5	1800	6810	26630
5	1813	6868.077668112891	26636
5	1827	6900.997563899821	26635
5	1835	6940	26633
5	1855	7020	26637
5	1869	7080	26642
5	1886	7140	26641
5	1912	7260	26643
5	1912	7260	26645
5	1979	7590	26651
5	1997	7680	26653
5	2027	7800	26655
5	2041	7840.955806136145	26660
5	2042	7841.798517418853	26661
5	2069	7950	26664
5	2097	8040	26667
5	2104	8070	26668
5	2120	8110	26662
5	2132	8160	26672
5	2152	8230	26665
5	2160	8260	26670
5	2188	8340	26671
5	2223	8460	26678
5	2249	8580	26685
5	2253	8590	26679
5	2270	8666.782743456046	26689
5	2284	8700	26688
5	2287	8710	26686
5	2298	8760	26690
5	2351	9000	26696
5	2387	9120.603429316418	26702
5	2399	9180	26698
5	2411	9210	26699
5	2434	9300	26701
5	2434	9300	26704
5	2468	9420	26708
5	2496	9510	26715
5	2502	9520.194097926702	26716
5	2533	9630	26722
5	2533	9630	26723
5	2572	9780	26717
5	2572	9780	26721
5	2592	9868.426200192979	26727
5	2606	9900	26724
5	2609	9910	26718
5	2630	9986.369547998463	26734
5	2642	10020	26725
5	2645	10030	26726
5	2649	10050	26728
5	2652	10060	26731
5	2655	10080	26735
5	2673	10140	26732
5	2673	10140	26733
5	2696	10230	26739
5	2703	10260	26737
5	2714	10300	26740
5	2726	10350	26743
5	2760	10500	26741
5	2781	10590	26747
5	2790	10620	26745
5	2823	10740	26748
5	2881	10990	26755
5	2882	10990	26754
5	2900	11083.54545315853	26762
5	2906	11100	26758
5	2906	11100	26759
5	2918	11160	26761
5	2938	11250	26763
5	2949	11307.621266541187	26767
5	2951	11310	26766
5	3008	11520	26774
5	3024	11580	26771
5	3024	11580	26773
5	3056	11700	26777
5	3070	11740	26776
5	3073	11740.842568358361	26779
5	3076	11760	26780
5	3092	11811.844879855337	26787
5	3116	11880	26789
5	3119	11884.099081018535	26790
5	3134	11940	26785
5	3170	12048.687557100729	26798
5	3173	12060	26792
5	3178	12070	26784
5	3184	12090	26793
5	3227	12220	26799
5	3230	12225.136384337948	26801
5	3233	12240	26802
5	3279	12401.836088357246	26810
5	3285	12430	26804
5	3317	12580	26811
5	3333	12660	26812
5	3337	12670	26809
5	3364	12790	26814
5	3394	12940	26818
5	3414	13030	26817
5	3415	13030	26816
5	3426	13080	26824
5	3449	13170	26823
5	3471	13260	26825
5	3471	13260	26827
5	3492	13350	26831
5	3529	13510	26828
5	3531	13530	26833
5	3555	13630	26832
5	3582	13750	26834
5	3633	13920	26845
5	3639	13949.611889332038	26849
5	3650	13980	26842
5	3650	13980	26841
5	3653	13981.411772145631	26846
5	3659	14010	26843
5	3671	14040	26853
5	3692	14100	26847
5	3712	14160	26860
5	3722	14190	26859
5	3722	14190	26861
5	3732	14220	26852
5	3744	14260	26857
5	3779	14350	26854
5	3780	14350	26856
5	3801	14400	26868
5	3828	14490	26867
5	3841	14520	26879
5	3848	14550	26877
5	3858	14580	26874
5	3858	14580	26875
5	3904	14710	26876
5	3915	14740	26882
5	3927	14790	26886
5	3946	14850	26888
5	3976	14940	26889
5	3976	14940	26890
5	3976	14940	26891
5	3990	15000	26895
5	4034	15190	26896
5	4036	15192.628133236278	26898
5	4065	15310	26899
5	4074	15338.682980194194	26901
5	4089	15420	26902
5	4089	15420	26903
5	4098	15474.339298216679	26905
5	4112	15540	26907
5	4134	15655.798819667192	26909
5	4139	15670	26904
5	4226	16050	26915
5	4245	16150	26911
5	4247	16150	26914
5	4311	16470	26922
5	4346	16620	26925
5	4370	16710	26933
5	4378	16740	26929
5	4381	16742.295352608324	26931
5	4382	16750	26928
5	4416	16860	26934
5	4446	16980	26938
5	4450	16990	26932
5	4466	17040	26946
5	4479	17084.796011878206	26947
5	4485	17100	26940
5	4490	17110	26936
5	4502	17160	26949
5	4502	17160	26950
5	4535	17280	26951
5	4535	17280	26952
5	4568	17419.048902180131	26957
5	4578	17460	26954
5	4600	17555.058251093389	26959
5	4610	17590	26956
5	4622	17664.036914182396	26961
5	4630	17694.563726403863	26963
5	4649	17773.400601078064	26964
5	4688	17950	26962
5	4711	18060	26966
5	4711	18060	26967
5	4715	18070	26965
5	4729	18150	26972
5	4740	18180	26968
5	4740	18180	26969
5	4765	18300	26973
5	4777	18360	26975
5	4785	18390	26976
5	4793	18420	26974
5	4844	18660	26979
5	4844	18660	26981
5	4850	18690	26980
5	4921	19020	26986
5	4929	19050	26989
5	4976	19230	26993
5	4976	19230	26996
5	4984	19260	26992
5	5011	19350	27002
5	5033	19440	27004
5	5045	19488.2078098218	27005
5	5066	19561.14079723459	27006
5	5095	19680	27007
5	5095	19680	27008
5	5104	19710	27011
5	5125	19800	27013
5	5125	19800	27014
5	5139	19860	27010
5	5165	19950	27018
5	5176	19990	27012
6	290	1020	1
6	290	1020	0
6	296	1050	0
6	296	1050	0
6	306	1080	0
6	306	1080	0
6	314	1110	0
6	314	1110	0
6	321	1140	0
6	321	1140	0
6	329	1170	0
6	329	1170	0
6	338	1200	0
6	338	1200	0
6	344	1230	0
6	344	1230	0
6	347	1240	1
6	352	1260	1
6	352	1260	1
6	361	1290	1
6	361	1290	0
6	363	1293.67194479262	1
6	369	1320	1
6	369	1320	1
6	374	1350	1
6	374	1350	1
6	377	1364.963245324467	2
6	380	1380	2
6	380	1380	0
6	387	1410	0
6	387	1410	0
6	396	1440	0
6	396	1440	0
6	401	1470	0
6	401	1470	0
6	408	1500	0
6	408	1500	0
6	417	1530	0
6	417	1530	0
6	424	1560	0
6	424	1560	0
6	429	1590	0
6	429	1590	0
6	433	1612.487457651931	1
6	436	1620	1
6	436	1620	0
6	443	1650	0
6	443	1650	0
6	450	1680	0
6	450	1680	0
6	455	1710	0
6	455	1710	0
6	459	1720.598308740038	1
6	464	1740	1
6	464	1740	0
6	469	1770	0
6	469	1770	0
6	473	1800	0
6	473	1800	0
6	480	1830	0
6	480	1830	0
6	488	1860	0
6	488	1860	0
6	494	1890	0
6	494	1890	0
6	497	1900.002166440538	1
6	500	1920	1
6	500	1920	1
6	504	1950	1
6	504	1950	1
6	515	1980	1
6	515	1980	0
6	522	2010	0
6	522	2010	0
6	528	2040	0
6	528	2040	0
6	530	2055.134018111581	1
6	535	2070	1
6	535	2070	0
6	543	2100	0
6	543	2100	0
6	549	2130	0
6	549	2130	0
6	551	2140	1
6	556	2160	1
6	556	2160	0
6	563	2190	0
6	563	2190	0
6	572	2220	0
6	572	2220	0
6	574	2230	1
6	579	2250	1
6	579	2250	0
6	590	2280	0
6	590	2280	0
6	592	2300.672996698323	1
6	596	2310	1
6	596	2310	0
6	602	2340	0
6	602	2340	0
6	609	2370	0
6	609	2370	0
6	611	2372.895163178842	1
6	617	2400	1
6	617	2400	1
6	626	2430	1
6	626	2430	1
6	629	2440	2
6	633	2460	2
6	633	2460	1
6	640	2490	1
6	640	2490	0
6	647	2520	0
6	647	2520	0
6	656	2550	0
6	656	2550	0
6	664	2580	0
6	664	2580	0
6	673	2610	0
6	673	2610	0
6	681	2640	0
6	681	2640	0
6	686	2670	0
6	686	2670	0
6	690	2680.228351977413	1
6	697	2700	1
6	697	2700	0
6	700	2712.191134907082	1
6	701	2727.091354927641	2
6	705	2730	2
6	705	2730	0
6	712	2760	0
6	712	2760	0
6	719	2790	0
6	719	2790	0
6	727	2820	0
6	727	2820	0
6	740	2850	0
6	740	2850	0
6	746	2880	0
6	746	2880	0
6	753	2910	0
6	753	2910	0
6	762	2940	0
6	762	2940	0
6	765	2950	1
6	768	2970	1
6	768	2970	0
6	771	2980	1
6	775	3000	1
6	775	3000	0
6	777	3005.805448193662	1
6	785	3030	1
6	785	3030	1
6	789	3060	1
6	789	3060	0
6	792	3070	1
6	797	3090	1
6	797	3090	0
6	804	3115.345364487626	1
6	807	3120	1
6	807	3120	1
6	813	3150	1
6	813	3150	1
6	816	3160	2
6	821	3180	2
6	821	3180	1
6	830	3210	1
6	830	3210	0
6	836	3237.495975755218	1
6	839	3240	1
6	839	3240	1
6	846	3270	1
6	846	3270	1
6	851	3291.159428231252	2
6	855	3300	2
6	855	3300	0
6	862	3319.758877904162	1
6	867	3330	1
6	867	3330	1
6	872	3360	1
6	872	3360	1
6	879	3390	1
6	879	3390	0
6	881	3395.274566276575	1
6	887	3410.189593097448	2
6	890	3420	2
6	890	3420	0
6	892	3424.232438191697	1
6	897	3450	1
6	897	3450	0
6	904	3480	0
6	904	3480	0
6	910	3505.91584755263	1
6	913	3510	1
6	913	3510	1
6	920	3540	1
6	920	3540	0
6	926	3550	1
6	930	3570	1
6	930	3570	0
6	940	3600	0
6	940	3600	0
6	946	3630	0
6	946	3630	0
6	952	3640	1
6	958	3660	1
6	958	3660	1
6	965	3678.06886781477	2
6	971	3690	2
6	971	3690	0
6	976	3720	0
6	976	3720	0
6	978	3732.585034309104	1
6	985	3750	1
6	985	3750	0
6	989	3765.390247848763	1
6	994	3780	1
6	994	3780	0
6	1003	3810	0
6	1003	3810	0
6	1008	3840	0
6	1008	3840	0
6	1019	3870	0
6	1019	3870	0
6	1026	3893.58063107658	1
6	1029	3900	1
6	1029	3900	0
6	1035	3930	0
6	1035	3930	0
6	1040	3953.007151682545	1
6	1043	3960	1
6	1043	3960	0
6	1054	3990	0
6	1054	3990	0
6	1064	4020	0
6	1064	4020	0
6	1071	4050	0
6	1071	4050	0
6	1080	4080	0
6	1080	4080	0
6	1083	4089.541548145777	1
6	1091	4110	1
6	1091	4110	1
6	1094	4120	2
6	1098	4140	2
6	1098	4140	1
6	1103	4170	1
6	1103	4170	0
6	1110	4185.147900008501	1
6	1114	4200	1
6	1114	4200	1
6	1116	4206.27755315424	2
6	1120	4230	2
6	1120	4230	2
6	1128	4260	2
6	1128	4260	0
6	1136	4290	0
6	1136	4290	0
6	1144	4320	0
6	1144	4320	0
6	1152	4350	0
6	1152	4350	0
6	1163	4380	0
6	1163	4380	0
6	1170	4410	0
6	1170	4410	0
6	1177	4440	0
6	1177	4440	0
6	1187	4470	0
6	1187	4470	0
6	1197	4500	0
6	1197	4500	0
6	1204	4530	0
6	1204	4530	0
6	1207	4541.813992117549	1
6	1211	4560	1
6	1211	4560	1
6	1219	4590	1
6	1219	4590	0
6	1225	4620	0
6	1225	4620	0
6	1238	4650	0
6	1238	4650	0
6	1242	4660	1
6	1246	4680	1
6	1246	4680	0
6	1254	4710	0
6	1254	4710	0
6	1256	4720	1
6	1260	4739.523228613851	2
6	1263	4740	2
6	1263	4740	1
6	1269	4770	1
6	1269	4770	0
6	1278	4800	0
6	1278	4800	0
6	1287	4830	0
6	1287	4830	0
6	1295	4860	0
6	1295	4860	0
6	1302	4890	0
6	1302	4890	0
6	1312	4920	0
6	1312	4920	0
6	1322	4950	0
6	1322	4950	0
6	1325	4960	1
6	1329	4980	1
6	1329	4980	1
6	1334	5009.573213992955	2
6	1337	5010	2
6	1337	5010	0
6	1339	5015.196386152994	1
6	1348	5040	1
6	1348	5040	1
6	1354	5070	1
6	1354	5070	1
6	1358	5080	2
6	1363	5100	2
6	1363	5100	1
6	1371	5130	1
6	1371	5130	0
6	1379	5160	0
6	1379	5160	0
6	1388	5190	0
6	1388	5190	0
6	1396	5220	0
6	1396	5220	0
6	1400	5230	1
6	1401	5231.421587420067	2
6	1404	5249.072089049785	3
6	1407	5250	3
6	1407	5250	0
6	1415	5277.729057250172	1
6	1418	5280	1
6	1418	5280	1
6	1423	5310	1
6	1423	5310	1
6	1425	5318.638332389499	2
6	1432	5340	2
6	1432	5340	0
6	1439	5355.501090800267	1
6	1442	5370	1
6	1442	5370	1
6	1445	5371.276939175073	2
6	1452	5400	2
6	1452	5400	2
6	1456	5430	2
6	1456	5430	1
6	1467	5460	1
6	1467	5460	0
6	1478	5490	0
6	1478	5490	0
6	1484	5520	0
6	1484	5520	0
6	1490	5550	0
6	1490	5550	0
6	1501	5580	0
6	1501	5580	0
6	1507	5610	0
6	1507	5610	0
6	1509	5616.580846277532	1
6	1516	5640	1
6	1516	5640	1
6	1525	5670	1
6	1525	5670	0
6	1528	5686.185465100853	1
6	1531	5700	1
6	1531	5700	1
6	1538	5730	1
6	1538	5730	0
6	1541	5739.948759288505	1
6	1547	5760	1
6	1547	5760	1
6	1555	5790	1
6	1555	5790	1
6	1560	5820	1
6	1560	5820	0
6	1565	5835.523605195637	1
6	1569	5850	1
6	1569	5850	1
6	1576	5880	1
6	1576	5880	1
6	1583	5910	1
6	1583	5910	0
6	1590	5940	0
6	1590	5940	0
6	1597	5970	0
6	1597	5970	0
6	1604	6000	0
6	1604	6000	0
6	1611	6030	0
6	1611	6030	0
6	1616	6060	0
6	1616	6060	0
6	1624	6090	0
6	1624	6090	0
6	1633	6120	0
6	1633	6120	0
6	1635	6144.422711047353	1
6	1638	6150	1
6	1638	6150	0
6	1645	6180	0
6	1645	6180	0
6	1649	6210	0
6	1649	6210	0
6	1659	6240	0
6	1659	6240	0
6	1667	6270	0
6	1667	6270	0
6	1672	6300	0
6	1672	6300	0
6	1677	6330	0
6	1677	6330	0
6	1681	6340	1
6	1687	6360	1
6	1687	6360	0
6	1694	6390	0
6	1694	6390	0
6	1701	6420	0
6	1701	6420	0
6	1708	6450	0
6	1708	6450	0
6	1711	6468.070247715711	1
6	1714	6480	1
6	1714	6480	1
6	1721	6510	1
6	1721	6510	1
6	1731	6540	1
6	1731	6540	0
6	1733	6550	1
6	1736	6570	1
6	1736	6570	0
6	1740	6586.880377954704	1
6	1744	6600	1
6	1744	6600	0
6	1752	6630	0
6	1752	6630	0
6	1754	6632.928652382797	1
6	1759	6660	1
6	1759	6660	0
6	1767	6690	0
6	1767	6690	0
6	1773	6716.785386613678	1
6	1776	6720	1
6	1776	6720	0
6	1782	6750	0
6	1782	6750	0
6	1793	6780	0
6	1793	6780	0
6	1801	6810	0
6	1801	6810	0
6	1807	6840	0
6	1807	6840	0
6	1816	6870	0
6	1816	6870	0
6	1825	6900	0
6	1825	6900	0
6	1829	6910.804243178176	1
6	1832	6930	1
6	1832	6930	1
6	1840	6960	1
6	1840	6960	1
6	1848	6990	1
6	1848	6990	0
6	1850	6999.977620382864	1
6	1856	7020	1
6	1856	7020	0
6	1863	7050	0
6	1863	7050	0
6	1865	7059.973425887957	1
6	1870	7080	1
6	1870	7080	1
6	1878	7110	1
6	1878	7110	1
6	1883	7120	2
6	1884	7128.53865021189	3
6	1887	7140	3
6	1887	7140	1
6	1891	7170	1
6	1891	7170	0
6	1896	7200	0
6	1896	7200	0
6	1904	7230	0
6	1904	7230	0
6	1913	7260	0
6	1913	7260	0
6	1919	7290	0
6	1919	7290	0
6	1923	7320	0
6	1923	7320	0
6	1930	7350	0
6	1930	7350	0
6	1937	7380	0
6	1937	7380	0
6	1940	7390	1
6	1943	7410	1
6	1943	7410	0
6	1948	7440	0
6	1948	7440	0
6	1956	7470	0
6	1956	7470	0
6	1960	7500	0
6	1960	7500	0
6	1965	7530	0
6	1965	7530	0
6	1974	7560	0
6	1974	7560	0
6	1976	7563.247983320691	1
6	1980	7590	1
6	1980	7590	1
6	1985	7620	1
6	1985	7620	0
6	1991	7650	0
6	1991	7650	0
6	1998	7680	0
6	1998	7680	0
6	2006	7710	0
6	2006	7710	0
6	2012	7740	0
6	2012	7740	0
6	2021	7770	0
6	2021	7770	0
6	2028	7800	0
6	2028	7800	0
6	2038	7830	0
6	2038	7830	0
6	2048	7860	0
6	2048	7860	0
6	2054	7890	0
6	2054	7890	0
6	2057	7900	1
6	2061	7920	1
6	2061	7920	0
6	2070	7950	0
6	2070	7950	0
6	2075	7960	1
6	2080	7980	1
6	2080	7980	1
6	2082	7990	2
6	2084	7990	3
6	2089	8010	3
6	2089	8010	0
6	2098	8040	0
6	2098	8040	0
6	2105	8070	0
6	2105	8070	0
6	2111	8080	1
6	2116	8100	1
6	2116	8100	1
6	2123	8122.139972108103	2
6	2126	8130	2
6	2126	8130	1
6	2130	8140	2
6	2133	8160	2
6	2133	8160	1
6	2136	8170.481165982617	2
6	2138	8183.419893864748	3
6	2141	8190	3
6	2141	8190	1
6	2148	8220	1
6	2148	8220	0
6	2158	8250	0
6	2158	8250	0
6	2166	8280	0
6	2166	8280	0
6	2176	8310	0
6	2176	8310	0
6	2189	8340	0
6	2189	8340	0
6	2196	8370	0
6	2196	8370	0
6	2199	8389.812767725871	1
6	2205	8400	1
6	2205	8400	1
6	2212	8430	1
6	2212	8430	1
6	2216	8436.31309990565	2
6	2219	8440	3
6	2220	8440	4
6	2224	8460	4
6	2224	8460	2
6	2230	8490	2
6	2230	8490	0
6	2236	8520	0
6	2236	8520	0
6	2238	8548.639128185802	1
6	2241	8550	1
6	2241	8550	1
6	2250	8580	1
6	2250	8580	0
6	2255	8590	1
6	2259	8610	1
6	2259	8610	0
6	2267	8640	0
6	2267	8640	0
6	2273	8670	0
6	2273	8670	0
6	2285	8700	0
6	2285	8700	0
6	2292	8730	0
6	2292	8730	0
6	2299	8760	0
6	2299	8760	0
6	2307	8790	0
6	2307	8790	0
6	2313	8820	0
6	2313	8820	0
6	2319	8850	0
6	2319	8850	0
6	2326	8880	0
6	2326	8880	0
6	2331	8910	0
6	2331	8910	0
6	2334	8932.84744852455	1
6	2337	8940	1
6	2337	8940	1
6	2345	8970	1
6	2345	8970	0
6	2352	9000	0
6	2352	9000	0
6	2361	9030	0
6	2361	9030	0
6	2363	9043.504568424145	1
6	2367	9060	1
6	2367	9060	0
6	2373	9090	0
6	2373	9090	0
6	2376	9100	1
6	2382	9118.089523163431	2
6	2385	9120	2
6	2385	9120	1
6	2391	9150	1
6	2391	9150	0
6	2400	9180	0
6	2400	9180	0
6	2412	9210	0
6	2412	9210	0
6	2418	9240	0
6	2418	9240	0
6	2426	9270	0
6	2426	9270	0
6	2432	9292.581960708562	1
6	2435	9300	1
6	2435	9300	0
6	2438	9307.629948874019	1
6	2444	9330	1
6	2444	9330	0
6	2449	9348.075896751296	1
6	2453	9360	1
6	2453	9360	1
6	2460	9390	1
6	2460	9390	0
6	2469	9420	0
6	2469	9420	0
6	2474	9430	1
6	2479	9450	1
6	2479	9450	0
6	2486	9480	0
6	2486	9480	0
6	2497	9510	0
6	2497	9510	0
6	2507	9540	0
6	2507	9540	0
6	2511	9555.876171917372	1
6	2514	9570	1
6	2514	9570	1
6	2522	9600	1
6	2522	9600	1
6	2524	9601.665087922386	2
6	2527	9618.421815304853	3
6	2534	9630	3
6	2534	9630	0
6	2540	9660	0
6	2540	9660	0
6	2544	9690	0
6	2544	9690	0
6	2551	9720	0
6	2551	9720	0
6	2561	9730.915128147683	1
6	2564	9750	1
6	2564	9750	0
6	2566	9760	1
6	2573	9780	1
6	2573	9780	1
6	2575	9798.1544156204	2
6	2579	9810	2
6	2579	9810	1
6	2585	9840	1
6	2585	9840	1
6	2596	9870	1
6	2596	9870	0
6	2607	9900	0
6	2607	9900	0
6	2610	9926.659957034874	1
6	2613	9930	1
6	2613	9930	0
6	2621	9960	0
6	2621	9960	0
6	2623	9963.465103150037	1
6	2627	9970.094532340815	2
6	2633	9990	2
6	2633	9990	2
6	2643	10020	2
6	2643	10020	0
6	2646	10033.185516844145	1
6	2650	10050	1
6	2650	10050	0
6	2656	10080	0
6	2656	10080	0
6	2661	10093.796481436971	1
6	2665	10110	1
6	2665	10110	1
6	2671	10139.887199609368	2
6	2674	10140	2
6	2674	10140	1
6	2681	10170	1
6	2681	10170	0
6	2690	10200	0
6	2690	10200	0
6	2697	10230	0
6	2697	10230	0
6	2704	10260	0
6	2704	10260	0
6	2710	10290	0
6	2710	10290	0
6	2712	10293.414668903818	1
6	2720	10320	1
6	2720	10320	1
6	2727	10350	1
6	2727	10350	1
6	2732	10380	1
6	2732	10380	0
6	2736	10408.147012988005	1
6	2739	10410	1
6	2739	10410	1
6	2743	10430.281553781806	2
6	2747	10440	2
6	2747	10440	2
6	2755	10470	2
6	2755	10470	1
6	2761	10500	1
6	2761	10500	0
6	2768	10530	0
6	2768	10530	0
6	2770	10532.799306498318	1
6	2772	10553.688152955521	2
6	2775	10560	2
6	2775	10560	2
6	2782	10590	2
6	2782	10590	1
6	2791	10620	1
6	2791	10620	0
6	2799	10650	0
6	2799	10650	0
6	2804	10680	0
6	2804	10680	0
6	2814	10710	0
6	2814	10710	0
6	2818	10720	1
6	2824	10740	1
6	2824	10740	1
6	2829	10770	1
6	2829	10770	0
6	2835	10800	0
6	2835	10800	0
6	2840	10830	0
6	2840	10830	0
6	2844	10840	1
6	2845	10846.370233922022	2
6	2848	10860	2
6	2848	10860	2
6	2851	10870	3
6	2856	10890	3
6	2856	10890	0
6	2863	10920	0
6	2863	10920	0
6	2868	10950	0
6	2868	10950	0
6	2870	10960	1
6	2872	10971.605327415998	2
6	2875	10980	2
6	2875	10980	1
6	2886	11010	1
6	2886	11010	0
6	2892	11040	0
6	2892	11040	0
6	2896	11070	0
6	2896	11070	0
6	2907	11100	0
6	2907	11100	0
6	2914	11130	0
6	2914	11130	0
6	2919	11160	0
6	2919	11160	0
6	2924	11190	0
6	2924	11190	0
6	2926	11197.166219913158	1
6	2931	11216.349786315712	2
6	2934	11220	2
6	2934	11220	0
6	2939	11250	0
6	2939	11250	0
6	2945	11280	0
6	2945	11280	0
6	2952	11310	0
6	2952	11310	0
6	2960	11340	0
6	2960	11340	0
6	2967	11370	0
6	2967	11370	0
6	2975	11400	0
6	2975	11400	0
6	2985	11430	0
6	2985	11430	0
6	2992	11460	0
6	2992	11460	0
6	3002	11490	0
6	3002	11490	0
6	3009	11520	0
6	3009	11520	0
6	3015	11550	0
6	3015	11550	0
6	3018	11562.732977405831	1
6	3021	11570.169329557048	2
6	3025	11580	2
6	3025	11580	1
6	3032	11610	1
6	3032	11610	0
6	3036	11620	1
6	3041	11640	1
6	3041	11640	0
6	3047	11670	0
6	3047	11670	0
6	3057	11700	0
6	3057	11700	0
6	3068	11730	0
6	3068	11730	0
6	3077	11760	0
6	3077	11760	0
6	3085	11788.807404951163	1
6	3088	11790	1
6	3088	11790	0
6	3095	11820	0
6	3095	11820	0
6	3104	11850	0
6	3104	11850	0
6	3108	11860	1
6	3117	11880	1
6	3117	11880	0
6	3125	11910	0
6	3125	11910	0
6	3129	11920	1
6	3131	11920.419862510952	2
6	3135	11940	2
6	3135	11940	1
6	3143	11970	1
6	3143	11970	0
6	3155	12000	0
6	3155	12000	0
6	3163	12030	0
6	3163	12030	0
6	3169	12040	1
6	3174	12060	1
6	3174	12060	1
6	3185	12090	1
6	3185	12090	0
6	3191	12109.205838291429	1
6	3195	12120	1
6	3195	12120	1
6	3206	12150	1
6	3206	12150	1
6	3216	12180	1
6	3216	12180	0
6	3225	12210	0
6	3225	12210	0
6	3234	12240	0
6	3234	12240	0
6	3240	12270	0
6	3240	12270	0
6	3248	12300	0
6	3248	12300	0
6	3252	12310	1
6	3259	12330	1
6	3259	12330	0
6	3262	12340	1
6	3266	12360	1
6	3266	12360	0
6	3273	12390	0
6	3273	12390	0
6	3277	12400	1
6	3278	12400	2
6	3283	12420	2
6	3283	12420	2
6	3288	12450	2
6	3288	12450	0
6	3292	12476.200866495083	1
6	3295	12480	1
6	3295	12480	1
6	3297	12496.499688723835	2
6	3302	12510	2
6	3302	12510	1
6	3308	12540	1
6	3308	12540	0
6	3312	12550	1
6	3315	12570	1
6	3315	12570	0
6	3320	12600	0
6	3320	12600	0
6	3327	12630	0
6	3327	12630	0
6	3331	12640	1
6	3334	12660	1
6	3334	12660	1
6	3341	12690	1
6	3341	12690	0
6	3348	12720	0
6	3348	12720	0
6	3354	12750	0
6	3354	12750	0
6	3362	12780	0
6	3362	12780	0
6	3368	12810	0
6	3368	12810	0
6	3371	12827.025082898877	1
6	3374	12840	1
6	3374	12840	1
6	3378	12870	1
6	3378	12870	1
6	3381	12880	2
6	3385	12900	2
6	3385	12900	1
6	3387	12910	2
6	3390	12930	2
6	3390	12930	0
6	3398	12960	0
6	3398	12960	0
6	3404	12990	0
6	3404	12990	0
6	3412	13020	0
6	3412	13020	0
6	3416	13032.018364113803	1
6	3422	13050	1
6	3422	13050	1
6	3427	13080	1
6	3427	13080	1
6	3430	13090.096019588875	2
6	3433	13104.625034678233	3
6	3436	13110	3
6	3436	13110	2
6	3443	13140	2
6	3443	13140	0
6	3446	13150	1
6	3450	13170	1
6	3450	13170	0
6	3458	13200	0
6	3458	13200	0
6	3465	13230	0
6	3465	13230	0
6	3472	13260	0
6	3472	13260	0
6	3479	13290	0
6	3479	13290	0
6	3486	13320	0
6	3486	13320	0
6	3493	13350	0
6	3493	13350	0
6	3497	13360	1
6	3500	13380	1
6	3500	13380	1
6	3508	13410	1
6	3508	13410	0
6	3513	13440	0
6	3513	13440	0
6	3519	13470	0
6	3519	13470	0
6	3522	13480	1
6	3526	13500	1
6	3526	13500	1
6	3532	13530	1
6	3532	13530	0
6	3538	13560	0
6	3538	13560	0
6	3546	13590	0
6	3546	13590	0
6	3548	13600	1
6	3552	13620	1
6	3552	13620	1
6	3559	13650	1
6	3559	13650	0
6	3566	13680	0
6	3566	13680	0
6	3568	13686.156540813228	1
6	3573	13710	1
6	3573	13710	1
6	3579	13740	1
6	3579	13740	0
6	3589	13770	0
6	3589	13770	0
6	3596	13800	0
6	3596	13800	0
6	3599	13808.545624311503	1
6	3603	13830	1
6	3603	13830	1
6	3612	13859.607841618365	2
6	3615	13860	2
6	3615	13860	1
6	3623	13890	1
6	3623	13890	0
6	3627	13908.359095750012	1
6	3630	13914.399663503843	2
6	3634	13920	2
6	3634	13920	2
6	3642	13950	2
6	3642	13950	2
6	3651	13980	2
6	3651	13980	0
6	3657	14008.744919947296	1
6	3660	14010	1
6	3660	14010	1
6	3662	14011.85140364698	2
6	3672	14040	2
6	3672	14040	2
6	3676	14050.298763489795	3
6	3682	14070	3
6	3682	14070	1
6	3693	14100	1
6	3693	14100	0
6	3701	14130	0
6	3701	14130	0
6	3713	14160	0
6	3713	14160	0
6	3718	14176.419237272928	1
6	3723	14190	1
6	3723	14190	0
6	3728	14200	1
6	3729	14200	2
6	3733	14220	2
6	3733	14220	2
6	3741	14250	2
6	3741	14250	0
6	3756	14280	0
6	3756	14280	0
6	3767	14310	0
6	3767	14310	0
6	3775	14340	0
6	3775	14340	0
6	3781	14350	1
6	3791	14370	1
6	3791	14370	0
6	3793	14377.632778603668	1
6	3795	14379.443381537774	2
6	3802	14400	2
6	3802	14400	2
6	3808	14416.003849688318	3
6	3812	14430	3
6	3812	14430	2
6	3820	14460	2
6	3820	14460	0
6	3829	14490	0
6	3829	14490	0
6	3842	14520	0
6	3842	14520	0
6	3849	14550	0
6	3849	14550	0
6	3854	14560	1
6	3859	14580	1
6	3859	14580	1
6	3863	14590	2
6	3869	14610	2
6	3869	14610	0
6	3883	14640	0
6	3883	14640	0
6	3888	14669.844436862936	1
6	3891	14670	1
6	3891	14670	1
6	3893	14671.178208357811	2
6	3900	14700	2
6	3900	14700	0
6	3912	14730	0
6	3912	14730	0
6	3914	14733.970625111487	1
6	3920	14760	1
6	3920	14760	1
6	3923	14772.091399179862	2
6	3928	14790	2
6	3928	14790	2
6	3932	14800	3
6	3938	14820	3
6	3938	14820	1
6	3947	14850	1
6	3947	14850	0
6	3954	14880	0
6	3954	14880	0
6	3965	14910	0
6	3965	14910	0
6	3977	14940	0
6	3977	14940	0
6	3984	14970	0
6	3984	14970	0
6	3991	15000	0
6	3991	15000	0
6	3995	15020.249759513265	1
6	3998	15030	1
6	3998	15030	1
6	4003	15051.039787861318	2
6	4006	15060	2
6	4006	15060	1
6	4013	15090	1
6	4013	15090	0
6	4016	15100	1
6	4020	15120	1
6	4020	15120	0
6	4026	15150	0
6	4026	15150	0
6	4032	15180	0
6	4032	15180	0
6	4035	15190	1
6	4040	15210	1
6	4040	15210	0
6	4049	15240	0
6	4049	15240	0
6	4051	15253.604486387589	1
6	4055	15270	1
6	4055	15270	1
6	4060	15292.942586283005	2
6	4063	15300	2
6	4063	15300	0
6	4070	15330	0
6	4070	15330	0
6	4077	15360	0
6	4077	15360	0
6	4082	15390	0
6	4082	15390	0
6	4090	15420	0
6	4090	15420	0
6	4096	15450	0
6	4096	15450	0
6	4101	15480	0
6	4101	15480	0
6	4105	15510	0
6	4105	15510	0
6	4109	15520	1
6	4113	15540	1
6	4113	15540	1
6	4120	15570	1
6	4120	15570	0
6	4125	15600	0
6	4125	15600	0
6	4130	15630	0
6	4130	15630	0
6	4137	15660	0
6	4137	15660	0
6	4142	15690	0
6	4142	15690	0
6	4150	15720	0
6	4150	15720	0
6	4156	15750	0
6	4156	15750	0
6	4159	15755.798819667192	1
6	4164	15780	1
6	4164	15780	1
6	4172	15810	1
6	4172	15810	1
6	4179	15840	1
6	4179	15840	0
6	4181	15849.470745008973	1
6	4185	15870	1
6	4185	15870	1
6	4193	15900	1
6	4193	15900	0
6	4195	15910	1
6	4199	15930	1
6	4199	15930	0
6	4204	15960	0
6	4204	15960	0
6	4209	15990	0
6	4209	15990	0
6	4213	16000	1
6	4214	16000	2
6	4215	16000	3
6	4218	16020	3
6	4218	16020	3
6	4220	16022.007663488203	4
6	4224	16030	5
6	4227	16050	5
6	4227	16050	0
6	4232	16080	0
6	4232	16080	0
6	4237	16110	0
6	4237	16110	0
6	4242	16140	0
6	4242	16140	0
6	4253	16170	0
6	4253	16170	0
6	4257	16200	0
6	4257	16200	0
6	4261	16230	0
6	4261	16230	0
6	4268	16260	0
6	4268	16260	0
6	4274	16290	0
6	4274	16290	0
6	4279	16320	0
6	4279	16320	0
6	4284	16350	0
6	4284	16350	0
6	4292	16380	0
6	4292	16380	0
6	4297	16410	0
6	4297	16410	0
6	4306	16440	0
6	4306	16440	0
6	4309	16463.259872049	1
6	4312	16470	1
6	4312	16470	0
6	4314	16471.285380078103	1
6	4318	16500	1
6	4318	16500	0
6	4326	16530	0
6	4326	16530	0
6	4330	16542.902081736361	1
6	4333	16560	1
6	4333	16560	1
6	4340	16590	1
6	4340	16590	0
6	4347	16620	0
6	4347	16620	0
6	4352	16630	1
6	4356	16650	1
6	4356	16650	0
6	4363	16680	0
6	4363	16680	0
6	4371	16710	0
6	4371	16710	0
6	4379	16740	0
6	4379	16740	0
6	4386	16770	0
6	4386	16770	0
6	4397	16800	0
6	4397	16800	0
6	4406	16830	0
6	4406	16830	0
6	4409	16837.641271288262	1
6	4411	16840	2
6	4417	16860	2
6	4417	16860	1
6	4420	16883.04329115523	2
6	4423	16890	2
6	4423	16890	0
6	4426	16898.512371674251	1
6	4433	16920	1
6	4433	16920	1
6	4441	16950	1
6	4441	16950	1
6	4447	16980	1
6	4447	16980	0
6	4452	16990	1
6	4456	16999.613060584221	2
6	4461	17010	2
6	4461	17010	0
6	4467	17040	0
6	4467	17040	0
6	4475	17070	0
6	4475	17070	0
6	4486	17100	0
6	4486	17100	0
6	4495	17130	0
6	4495	17130	0
6	4497	17140	1
6	4503	17160	1
6	4503	17160	0
6	4509	17190	0
6	4509	17190	0
6	4517	17220	0
6	4517	17220	0
6	4526	17250	0
6	4526	17250	0
6	4530	17260	1
6	4536	17280	1
6	4536	17280	0
6	4542	17310	0
6	4542	17310	0
6	4550	17340	0
6	4550	17340	0
6	4555	17370	0
6	4555	17370	0
6	4558	17380	1
6	4564	17400	1
6	4564	17400	0
6	4572	17430	0
6	4572	17430	0
6	4579	17460	0
6	4579	17460	0
6	4582	17470	1
6	4585	17490	1
6	4585	17490	0
6	4591	17520	0
6	4591	17520	0
6	4598	17550	0
6	4598	17550	0
6	4608	17580	0
6	4608	17580	0
6	4614	17610	0
6	4614	17610	0
6	4619	17640	0
6	4619	17640	0
6	4625	17670	0
6	4625	17670	0
6	4633	17700	0
6	4633	17700	0
6	4640	17730	0
6	4640	17730	0
6	4645	17760	0
6	4645	17760	0
6	4652	17790	0
6	4652	17790	0
6	4655	17800	1
6	4659	17820	1
6	4659	17820	1
6	4661	17820.241137948021	2
6	4665	17850	2
6	4665	17850	1
6	4671	17880	1
6	4671	17880	1
6	4678	17910	1
6	4678	17910	0
6	4681	17920	1
6	4683	17936.22637539672	2
6	4686	17940	2
6	4686	17940	1
6	4691	17970	1
6	4691	17970	0
6	4693	17986.688044428423	1
6	4697	18000	1
6	4697	18000	1
6	4699	18003.805380998985	2
6	4705	18030	2
6	4705	18030	2
6	4712	18060	2
6	4712	18060	0
6	4719	18090	0
6	4719	18090	0
6	4726	18120	0
6	4726	18120	0
6	4730	18150	0
6	4730	18150	0
6	4737	18169.207695698509	1
6	4741	18180	1
6	4741	18180	0
6	4743	18194.386414552265	1
6	4746	18210	1
6	4746	18210	1
6	4751	18240	1
6	4751	18240	1
6	4758	18270	1
6	4758	18270	0
6	4766	18300	0
6	4766	18300	0
6	4771	18330	0
6	4771	18330	0
6	4778	18360	0
6	4778	18360	0
6	4786	18390	0
6	4786	18390	0
6	4794	18420	0
6	4794	18420	0
6	4799	18450	0
6	4799	18450	0
6	4801	18454.77368649905	1
6	4807	18480	1
6	4807	18480	1
6	4814	18510	1
6	4814	18510	1
6	4816	18510.085917645711	2
6	4820	18540	2
6	4820	18540	0
6	4825	18570	0
6	4825	18570	0
6	4833	18600	0
6	4833	18600	0
6	4838	18630	0
6	4838	18630	0
6	4845	18660	0
6	4845	18660	0
6	4851	18690	0
6	4851	18690	0
6	4858	18720	0
6	4858	18720	0
6	4862	18750	0
6	4862	18750	0
6	4864	18759.76883465128	1
6	4872	18780	1
6	4872	18780	0
6	4879	18810	0
6	4879	18810	0
6	4885	18840	0
6	4885	18840	0
6	4891	18870	0
6	4891	18870	0
6	4893	18872.328256207617	1
6	4900	18900	1
6	4900	18900	0
6	4905	18930	0
6	4905	18930	0
6	4911	18960	0
6	4911	18960	0
6	4917	18990	0
6	4917	18990	0
6	4922	19020	0
6	4922	19020	0
6	4930	19050	0
6	4930	19050	0
6	4932	19051.977449613451	1
6	4939	19080	1
6	4939	19080	1
6	4945	19110	1
6	4945	19110	0
6	4951	19140	0
6	4951	19140	0
6	4958	19170	0
6	4958	19170	0
6	4970	19200	0
6	4970	19200	0
6	4972	19208.958109898005	1
6	4977	19230	1
6	4977	19230	0
6	4985	19260	0
6	4985	19260	0
6	4994	19290	0
6	4994	19290	0
6	5002	19320	0
6	5002	19320	0
6	5012	19350	0
6	5012	19350	0
6	5018	19380	0
6	5018	19380	0
6	5026	19410	0
6	5026	19410	0
6	5034	19440	0
6	5034	19440	0
6	5043	19470	0
6	5043	19470	0
6	5049	19500	0
6	5049	19500	0
6	5054	19530	0
6	5054	19530	0
6	5064	19560	0
6	5064	19560	0
6	5073	19590	0
6	5073	19590	0
6	5080	19620	0
6	5080	19620	0
6	5087	19650	0
6	5087	19650	0
6	5092	19677.230998611486	1
6	5096	19680	1
6	5096	19680	1
6	5105	19710	1
6	5105	19710	1
6	5110	19740	1
6	5110	19740	0
6	5117	19770	0
6	5117	19770	0
6	5126	19800	0
6	5126	19800	0
6	5134	19830	0
6	5134	19830	0
6	5140	19860	0
6	5140	19860	0
6	5143	19870	1
6	5147	19890	1
6	5147	19890	0
6	5150	19900	1
6	5151	19900	2
6	5161	19920	2
6	5161	19920	0
6	5166	19950	0
6	5166	19950	0
6	5174	19980	0
6	5174	19980	0
7	286	1007.761398159153	0
7	290	1020	84.740745674093
7	309	1090	0
7	325	1156.485176874661	0
7	361	1290	50
7	380	1380	86.32805520738
7	380	1380	15.036754675533
7	384	1405.329906195338	0
7	398	1450	0
7	419	1540	0
7	436	1620	7.512542348069
7	464	1740	19.401691259962
7	512	1978.927784143683	0
7	515	1980	79.997833559462
7	524	2020	0
7	535	2070	14.865981888419
7	552	2140	0
7	553	2140	0
7	556	2160	20
7	579	2250	20
7	596	2310	9.327003301677
7	613	2380	0
7	614	2380	0
7	633	2460	87.104836821158
7	640	2490	50
7	697	2700	19.771648022587
7	705	2730	17.808865092918
7	705	2730	2.908645072359
7	714	2770	0
7	768	2970	20
7	775	3000	20
7	779	3010	0
7	789	3060	54.194551806338
7	797	3090	20
7	821	3180	64.654635512374
7	830	3210	50
7	834	3220	0
7	855	3300	62.504024244782
7	855	3300	8.840571768748
7	879	3390	70.241122095838
7	890	3420	24.725433723425
7	890	3420	9.810406902552
7	897	3450	25.767561808303
7	920	3540	34.08415244737
7	930	3570	20
7	935	3580	0
7	936	3580	0
7	961	3667.864460001029	0
7	971	3690	50
7	971	3690	11.93113218523
7	985	3750	17.414965690896
7	994	3780	14.609752151237
7	999	3792.139972218241	0
7	1013	3850	0
7	1029	3900	6.41936892342
7	1031	3919.041237635281	0
7	1043	3960	6.992848317455
7	1068	4044.477315537484	0
7	1098	4140	50.458451854223
7	1103	4170	50
7	1122	4231.130486089973	0
7	1128	4260	74.852099991499
7	1128	4260	53.72244684576
7	1141	4300	0
7	1200	4524.532528778567	0
7	1219	4590	48.186007882451
7	1222	4592.18333444004	0
7	1246	4680	20
7	1263	4740	0.476771386149
7	1269	4770	50
7	1289	4835.898936238	0
7	1337	5010	50
7	1337	5010	0.426786007045
7	1363	5100	84.803613847006
7	1371	5130	50
7	1407	5250	20
7	1407	5250	18.578412579933
7	1407	5250	0.927910950215
7	1432	5340	62.270942749828
7	1432	5340	21.361667610501
7	1447	5380	0
7	1456	5430	74.498909199733
7	1467	5460	88.723060824927
7	1475	5489.030454196881	0
7	1525	5670	53.419153722468
7	1538	5730	43.814534899147
7	1542	5740	0
7	1560	5820	80.051240711495
7	1579	5890	0
7	1583	5910	74.476394804363
7	1638	6150	5.577288952647
7	1661	6250	0
7	1687	6360	20
7	1698	6415.03090955614	0
7	1703	6431.819619961565	0
7	1731	6540	71.929752284289
7	1736	6570	20
7	1739	6580	0
7	1744	6600	13.119622045296
7	1759	6660	27.071347617203
7	1771	6700	0
7	1776	6720	3.214613386322
7	1798	6800.997563899821	0
7	1818	6873.423438277498	0
7	1848	6990	79.195756821824
7	1856	7020	20.022379617136
7	1887	7140	80.026574112043
7	1887	7140	11.46134978811
7	1891	7170	50
7	1943	7410	20
7	1969	7540	0
7	1985	7620	56.752016679309
7	1993	7660	0
7	2061	7920	20
7	2089	8010	50
7	2089	8010	20
7	2089	8010	20
7	2126	8130	50
7	2133	8160	20
7	2141	8190	67.860027891897
7	2141	8190	6.580106135252
7	2148	8220	49.518834017383
7	2179	8326.44016264492	0
7	2198	8380	0
7	2224	8460	70.187232274129
7	2224	8460	23.68690009435
7	2230	8490	50
7	2230	8490	50
7	2250	8580	31.360871814198
7	2259	8610	20
7	2263	8620	0
7	2345	8970	37.15255147545
7	2367	9060	16.495431575855
7	2377	9100	0
7	2378	9100	0
7	2385	9120	20
7	2391	9150	31.910476836569
7	2396	9175.929920321377	0
7	2435	9300	7.418039291438
7	2437	9307.183898353379	0
7	2444	9330	22.370051125981
7	2447	9340	0
7	2460	9390	41.924103248704
7	2479	9450	20
7	2529	9620.194097926702	0
7	2534	9630	74.123828082628
7	2534	9630	28.334912077614
7	2534	9630	11.578184695147
7	2547	9700	0
7	2564	9750	19.084871852317
7	2579	9810	50
7	2596	9870	71.8455843796
7	2613	9930	3.340042965126
7	2643	10020	56.534896849963
7	2643	10020	49.905467659185
7	2650	10050	16.814483155855
7	2674	10140	46.203518563029
7	2681	10170	30.112800390632
7	2732	10380	86.585331096182
7	2755	10470	61.852987011995
7	2761	10500	69.718446218194
7	2782	10590	36.311847044479
7	2791	10620	87.200693501682
7	2829	10770	50
7	2856	10890	50
7	2856	10890	43.629766077978
7	2856	10890	20
7	2858	10900	0
7	2875	10980	8.394672584002
7	2879	10987.283446651231	0
7	2886	11010	50
7	2934	11220	22.833780086842
7	2934	11220	3.650213684288
7	2978	11407.621266541187	0
7	2995	11462.865373978426	0
7	2998	11473.595367615395	0
7	3025	11580	17.267022594169
7	3032	11610	39.830670442952
7	3041	11640	20
7	3072	11740	0
7	3088	11790	1.192595048837
7	3109	11860	0
7	3117	11880	20
7	3135	11940	19.580137489048
7	3138	11953.94257907097	0
7	3143	11970	50
7	3149	11980	0
7	3185	12090	50
7	3203	12148.687557100729	0
7	3216	12180	70.794161708571
7	3221	12196.400874024983	0
7	3228	12220	0
7	3229	12221.771870826774	0
7	3259	12330	20
7	3266	12360	20
7	3288	12450	50
7	3288	12450	50
7	3302	12510	33.799133504917
7	3308	12540	43.500311276165
7	3315	12570	20
7	3341	12690	50
7	3380	12871.953613020959	0
7	3385	12900	72.974917101123
7	3390	12930	50
7	3390	12930	20
7	3436	13110	77.981635886197
7	3443	13140	49.903980411125
7	3443	13140	35.374965321767
7	3450	13170	20
7	3508	13410	50
7	3532	13530	50
7	3534	13540	0
7	3559	13650	50
7	3579	13740	53.843459186772
7	3591	13780	0
7	3608	13845.155907931984	0
7	3615	13860	51.454375688497
7	3617	13863.412082220085	0
7	3620	13881.411772145631	0
7	3623	13890	30.392158381635
7	3651	13980	71.640904249988
7	3651	13980	65.600336496157
7	3665	14020	0
7	3675	14049.611889332038	0
7	3682	14070	61.255080052704
7	3682	14070	19.701236510205
7	3693	14100	88.14859635302
7	3723	14190	13.580762727072
7	3741	14250	50
7	3741	14250	50
7	3747	14260	0
7	3791	14370	20
7	3812	14430	52.367221396332
7	3820	14460	80.556618462226
7	3820	14460	43.996150311682
7	3838	14500	0
7	3869	14610	50
7	3869	14610	20
7	3876	14620	0
7	3900	14700	30.155563137064
7	3900	14700	28.821791642189
7	3906	14718.219742971947	0
7	3938	14820	86.029374888513
7	3938	14820	47.908600820138
7	3940	14821.907420592163	0
7	3947	14850	50
7	3958	14890	0
7	4006	15060	39.750240486735
7	4013	15090	38.960212138682
7	4015	15092.628133236278	0
7	4020	15120	20
7	4040	15210	20
7	4044	15220	0
7	4063	15300	46.395513612411
7	4063	15300	7.057413716995
7	4092	15431.240248050298	0
7	4120	15570	50
7	4144	15700	0
7	4179	15840	84.201180332808
7	4193	15900	50.529254991027
7	4199	15930	20
7	4227	16050	50
7	4227	16050	50
7	4227	16050	50
7	4227	16050	27.992336511797
7	4227	16050	20
7	4301	16420	0
7	4312	16470	6.740127951
7	4318	16500	28.714619921897
7	4336	16570	0
7	4340	16590	47.097918263639
7	4353	16642.295352608324	0
7	4356	16650	20
7	4358	16660	0
7	4374	16729.839098697358	0
7	4400	16810	0
7	4417	16860	22.358728711738
7	4423	16890	50
7	4423	16890	6.95670884477
7	4428	16900	0
7	4447	16980	81.487628325749
7	4458	17004.334431795555	0
7	4461	17010	20
7	4461	17010	10.386939415779
7	4498	17140	0
7	4503	17160	20
7	4536	17280	20
7	4544	17318.067609466891	0
7	4546	17321.076426197944	0
7	4564	17400	20
7	4585	17490	20
7	4665	17850	50
7	4678	17910	89.758862051979
7	4686	17940	3.77362460328
7	4691	17970	50
7	4712	18060	73.311955571577
7	4712	18060	56.194619001015
7	4741	18180	10.792304301491
7	4758	18270	75.613585447735
7	4809	18490	0
7	4820	18540	85.22631350095
7	4820	18540	29.914082354289
7	4872	18780	20.23116534872
7	4882	18820	0
7	4900	18900	27.671743792383
7	4945	19110	58.022550386549
7	4948	19135.645732379314	0
7	4955	19158.196526046736	0
7	4962	19180	0
7	4963	19180	0
7	4977	19230	21.041890101995
7	5038	19450	0
7	5059	19540	0
7	5060	19540	0
7	5110	19740	62.769001388514
7	5130	19810	0
7	5147	19890	20
7	5152	19900	0
7	5161	19920	20
7	5161	19920	20
8	286	1007.761398159153	26457
8	290	1020	26455
8	309	1090	26453
8	325	1156.485176874661	26460
8	361	1290	26458
8	380	1380	26465
8	380	1380	26467
8	384	1405.329906195338	26468
8	398	1450	26464
8	419	1540	26466
8	436	1620	26470
8	464	1740	26472
8	512	1978.927784143683	26478
8	515	1980	26477
8	524	2020	26474
8	535	2070	26480
8	552	2140	26475
8	553	2140	26476
8	556	2160	26479
8	579	2250	26481
8	596	2310	26487
8	613	2380	26483
8	614	2380	26484
8	633	2460	26489
8	640	2490	26486
8	697	2700	26499
8	705	2730	26496
8	705	2730	26497
8	714	2770	26498
8	768	2970	26503
8	775	3000	26501
8	779	3010	26505
8	789	3060	26510
8	797	3090	26504
8	821	3180	26512
8	830	3210	26511
8	834	3220	26506
8	855	3300	26514
8	855	3300	26516
8	879	3390	26518
8	890	3420	26524
8	890	3420	26526
8	897	3450	26519
8	920	3540	26528
8	930	3570	26525
8	935	3580	26517
8	936	3580	26515
8	961	3667.864460001029	26531
8	971	3690	26527
8	971	3690	26529
8	985	3750	26534
8	994	3780	26536
8	999	3792.139972218241	26537
8	1013	3850	26533
8	1029	3900	26540
8	1031	3919.041237635281	26541
8	1043	3960	26538
8	1068	4044.477315537484	26545
8	1098	4140	26549
8	1103	4170	26542
8	1122	4231.130486089973	26554
8	1128	4260	26552
8	1128	4260	26553
8	1141	4300	26546
8	1200	4524.532528778567	26563
8	1219	4590	26564
8	1222	4592.18333444004	26567
8	1246	4680	26561
8	1263	4740	26572
8	1269	4770	26566
8	1289	4835.898936238	26575
8	1337	5010	26574
8	1337	5010	26577
8	1363	5100	26581
8	1371	5130	26579
8	1407	5250	26583
8	1407	5250	26584
8	1407	5250	26585
8	1432	5340	26589
8	1432	5340	26590
8	1447	5380	26586
8	1456	5430	26594
8	1467	5460	26595
8	1475	5489.030454196881	26598
8	1525	5670	26602
8	1538	5730	26601
8	1542	5740	26597
8	1560	5820	26606
8	1579	5890	26607
8	1583	5910	26608
8	1638	6150	26617
8	1661	6250	26614
8	1687	6360	26618
8	1698	6415.03090955614	26622
8	1703	6431.819619961565	26623
8	1731	6540	26625
8	1736	6570	26621
8	1739	6580	26619
8	1744	6600	26626
8	1759	6660	26631
8	1771	6700	26624
8	1776	6720	26629
8	1798	6800.997563899821	26635
8	1818	6873.423438277498	26637
8	1848	6990	26638
8	1856	7020	26641
8	1887	7140	26643
8	1887	7140	26645
8	1891	7170	26640
8	1943	7410	26646
8	1969	7540	26648
8	1985	7620	26652
8	1993	7660	26649
8	2061	7920	26655
8	2089	8010	26662
8	2089	8010	26656
8	2089	8010	26658
8	2126	8130	26665
8	2133	8160	26667
8	2141	8190	26671
8	2141	8190	26675
8	2148	8220	26673
8	2179	8326.44016264492	26678
8	2198	8380	26669
8	2224	8460	26681
8	2224	8460	26685
8	2230	8490	26677
8	2230	8490	26679
8	2250	8580	26688
8	2259	8610	26686
8	2263	8620	26680
8	2345	8970	26694
8	2367	9060	26698
8	2377	9100	26692
8	2378	9100	26693
8	2385	9120	26696
8	2391	9150	26701
8	2396	9175.929920321377	26704
8	2435	9300	26708
8	2437	9307.183898353379	26709
8	2444	9330	26705
8	2447	9340	26697
8	2460	9390	26710
8	2479	9450	26707
8	2529	9620.194097926702	26716
8	2534	9630	26717
8	2534	9630	26720
8	2534	9630	26721
8	2547	9700	26714
8	2564	9750	26724
8	2579	9810	26718
8	2596	9870	26725
8	2613	9930	26726
8	2643	10020	26732
8	2643	10020	26733
8	2650	10050	26730
8	2674	10140	26737
8	2681	10170	26736
8	2732	10380	26741
8	2755	10470	26745
8	2761	10500	26746
8	2782	10590	26749
8	2791	10620	26748
8	2829	10770	26751
8	2856	10890	26753
8	2856	10890	26755
8	2856	10890	26754
8	2858	10900	26752
8	2875	10980	26758
8	2879	10987.283446651231	26759
8	2886	11010	26756
8	2934	11220	26764
8	2934	11220	26765
8	2978	11407.621266541187	26767
8	2995	11462.865373978426	26771
8	2998	11473.595367615395	26773
8	3025	11580	26777
8	3032	11610	26772
8	3041	11640	26774
8	3072	11740	26775
8	3088	11790	26785
8	3109	11860	26778
8	3117	11880	26780
8	3135	11940	26791
8	3138	11953.94257907097	26792
8	3143	11970	26784
8	3149	11980	26782
8	3185	12090	26788
8	3203	12148.687557100729	26798
8	3216	12180	26800
8	3221	12196.400874024983	26805
8	3228	12220	26795
8	3229	12221.771870826774	26797
8	3259	12330	26804
8	3266	12360	26802
8	3288	12450	26807
8	3288	12450	26808
8	3302	12510	26812
8	3308	12540	26813
8	3315	12570	26809
8	3341	12690	26814
8	3380	12871.953613020959	26820
8	3385	12900	26819
8	3390	12930	26817
8	3390	12930	26816
8	3436	13110	26821
8	3443	13140	26825
8	3443	13140	26827
8	3450	13170	26822
8	3508	13410	26828
8	3532	13530	26832
8	3534	13540	26829
8	3559	13650	26834
8	3579	13740	26838
8	3591	13780	26835
8	3608	13845.155907931984	26842
8	3615	13860	26841
8	3617	13863.412082220085	26844
8	3620	13881.411772145631	26846
8	3623	13890	26839
8	3651	13980	26847
8	3651	13980	26848
8	3665	14020	26840
8	3675	14049.611889332038	26849
8	3682	14070	26851
8	3682	14070	26855
8	3693	14100	26852
8	3723	14190	26862
8	3741	14250	26854
8	3741	14250	26856
8	3747	14260	26850
8	3791	14370	26864
8	3812	14430	26873
8	3820	14460	26874
8	3820	14460	26875
8	3838	14500	26863
8	3869	14610	26876
8	3869	14610	26878
8	3876	14620	26872
8	3900	14700	26883
8	3900	14700	26884
8	3906	14718.219742971947	26887
8	3938	14820	26889
8	3938	14820	26890
8	3940	14821.907420592163	26891
8	3947	14850	26885
8	3958	14890	26886
8	4006	15060	26900
8	4013	15090	26896
8	4015	15092.628133236278	26898
8	4020	15120	26895
8	4040	15210	26899
8	4044	15220	26894
8	4063	15300	26902
8	4063	15300	26903
8	4092	15431.240248050298	26907
8	4120	15570	26904
8	4144	15700	26906
8	4179	15840	26909
8	4193	15900	26913
8	4199	15930	26910
8	4227	16050	26911
8	4227	16050	26912
8	4227	16050	26914
8	4227	16050	26917
8	4227	16050	26916
8	4301	16420	26920
8	4312	16470	26924
8	4318	16500	26925
8	4336	16570	26922
8	4340	16590	26929
8	4353	16642.295352608324	26931
8	4356	16650	26928
8	4358	16660	26923
8	4374	16729.839098697358	26934
8	4400	16810	26933
8	4417	16860	26938
8	4423	16890	26932
8	4423	16890	26935
8	4428	16900	26930
8	4447	16980	26940
8	4458	17004.334431795555	26945
8	4461	17010	26936
8	4461	17010	26941
8	4498	17140	26939
8	4503	17160	26946
8	4536	17280	26950
8	4544	17318.067609466891	26953
8	4546	17321.076426197944	26954
8	4564	17400	26952
8	4585	17490	26956
8	4665	17850	26962
8	4678	17910	26966
8	4686	17940	26967
8	4691	17970	26965
8	4712	18060	26968
8	4712	18060	26969
8	4741	18180	26973
8	4758	18270	26974
8	4809	18490	26976
8	4820	18540	26979
8	4820	18540	26981
8	4872	18780	26985
8	4882	18820	26982
8	4900	18900	26986
8	4945	19110	26990
8	4948	19135.645732379314	26992
8	4955	19158.196526046736	26994
8	4962	19180	26988
8	4963	19180	26987
8	4977	19230	26997
8	5038	19450	27002
8	5059	19540	26999
8	5060	19540	27001
8	5110	19740	27010
8	5130	19810	27011
8	5147	19890	27012
8	5152	19900	27009
8	5161	19920	27013
8	5161	19920	27014
9	291	1020	0
9	291	1020	0
9	297	1050	0
9	297	1050	0
9	307	1080	0
9	307	1080	0
9	315	1110	0
9	315	1110	0
9	316	1118.678065764319	1
9	322	1140	1
9	322	1140	0
9	330	1170	0
9	330	1170	0
9	339	1200	0
9	339	1200	0
9	345	1230	0
9	345	1230	0
9	353	1260	0
9	353	1260	0
9	358	1282.586965332901	1
9	362	1290	1
9	362	1290	1
9	370	1320	1
9	370	1320	0
9	375	1350	0
9	375	1350	0
9	381	1380	0
9	381	1380	0
9	388	1410	0
9	388	1410	0
9	391	1420	1
9	397	1440	1
9	397	1440	0
9	402	1470	0
9	402	1470	0
9	409	1500	0
9	409	1500	0
9	414	1520.131628090644	1
9	418	1530	1
9	418	1530	1
9	425	1560	1
9	425	1560	0
9	430	1590	0
9	430	1590	0
9	437	1620	0
9	437	1620	0
9	444	1650	0
9	444	1650	0
9	445	1652.25336126331	1
9	451	1680	1
9	451	1680	1
9	456	1710	1
9	456	1710	1
9	461	1726.447975834462	2
9	465	1740	2
9	465	1740	0
9	470	1770	0
9	470	1770	0
9	474	1800	0
9	474	1800	0
9	481	1830	0
9	481	1830	0
9	489	1860	0
9	489	1860	0
9	495	1890	0
9	495	1890	0
9	496	1900	1
9	501	1920	1
9	501	1920	0
9	505	1950	0
9	505	1950	0
9	516	1980	0
9	516	1980	0
9	518	1990	1
9	519	1990	2
9	523	2010	2
9	523	2010	2
9	529	2040	2
9	529	2040	0
9	531	2056.128152632584	1
9	536	2070	1
9	536	2070	1
9	544	2100	1
9	544	2100	1
9	550	2130	1
9	550	2130	0
9	557	2160	0
9	557	2160	0
9	564	2190	0
9	564	2190	0
9	573	2220	0
9	573	2220	0
9	580	2250	0
9	580	2250	0
9	582	2260	1
9	584	2264.556281544435	2
9	585	2269.869533399761	3
9	591	2280	3
9	591	2280	1
9	597	2310	1
9	597	2310	1
9	603	2340	1
9	603	2340	0
9	604	2350	1
9	610	2370	1
9	610	2370	1
9	618	2400	1
9	618	2400	0
9	619	2408.041716053163	1
9	620	2410	2
9	627	2430	2
9	627	2430	1
9	634	2460	1
9	634	2460	1
9	641	2490	1
9	641	2490	0
9	648	2520	0
9	648	2520	0
9	649	2520.081150972666	1
9	657	2550	1
9	657	2550	1
9	665	2580	1
9	665	2580	0
9	674	2610	0
9	674	2610	0
9	678	2634.893730289419	1
9	682	2640	1
9	682	2640	0
9	687	2670	0
9	687	2670	0
9	698	2700	0
9	698	2700	0
9	706	2730	0
9	706	2730	0
9	713	2760	0
9	713	2760	0
9	720	2790	0
9	720	2790	0
9	728	2820	0
9	728	2820	0
9	730	2830	1
9	735	2834.693041266194	2
9	741	2850	2
9	741	2850	1
9	747	2880	1
9	747	2880	0
9	748	2882.147393125425	1
9	754	2910	1
9	754	2910	1
9	763	2940	1
9	763	2940	1
9	764	2940.816666705974	2
9	769	2970	2
9	769	2970	0
9	776	3000	0
9	776	3000	0
9	782	3023.965140643916	1
9	786	3030	1
9	786	3030	1
9	790	3060	1
9	790	3060	0
9	798	3090	0
9	798	3090	0
9	799	3100	1
9	808	3120	1
9	808	3120	0
9	814	3150	0
9	814	3150	0
9	822	3180	0
9	822	3180	0
9	831	3210	0
9	831	3210	0
9	840	3240	0
9	840	3240	0
9	847	3270	0
9	847	3270	0
9	856	3300	0
9	856	3300	0
9	868	3330	0
9	868	3330	0
9	873	3360	0
9	873	3360	0
9	880	3390	0
9	880	3390	0
9	886	3409.423181621201	1
9	891	3420	1
9	891	3420	1
9	893	3430	2
9	898	3450	2
9	898	3450	1
9	899	3460	2
9	900	3460	3
9	905	3480	3
9	905	3480	0
9	909	3502.471315972746	1
9	914	3510	1
9	914	3510	1
9	921	3540	1
9	921	3540	0
9	931	3570	0
9	931	3570	0
9	941	3600	0
9	941	3600	0
9	947	3630	0
9	947	3630	0
9	959	3660	0
9	959	3660	0
9	972	3690	0
9	972	3690	0
9	977	3720	0
9	977	3720	0
9	986	3750	0
9	986	3750	0
9	995	3780	0
9	995	3780	0
9	1004	3810	0
9	1004	3810	0
9	1009	3840	0
9	1009	3840	0
9	1020	3870	0
9	1020	3870	0
9	1030	3900	0
9	1030	3900	0
9	1036	3930	0
9	1036	3930	0
9	1044	3960	0
9	1044	3960	0
9	1045	3963.248045683439	1
9	1055	3990	1
9	1055	3990	1
9	1065	4020	1
9	1065	4020	0
9	1072	4050	0
9	1072	4050	0
9	1081	4080	0
9	1081	4080	0
9	1085	4090.062121061636	1
9	1092	4110	1
9	1092	4110	1
9	1099	4140	1
9	1099	4140	0
9	1100	4144.477315537484	1
9	1104	4170	1
9	1104	4170	1
9	1106	4178.795552737155	2
9	1108	4180	3
9	1115	4200	3
9	1115	4200	1
9	1121	4230	1
9	1121	4230	0
9	1129	4260	0
9	1129	4260	0
9	1137	4290	0
9	1137	4290	0
9	1145	4320	0
9	1145	4320	0
9	1153	4350	0
9	1153	4350	0
9	1164	4380	0
9	1164	4380	0
9	1171	4410	0
9	1171	4410	0
9	1178	4440	0
9	1178	4440	0
9	1188	4470	0
9	1188	4470	0
9	1198	4500	0
9	1198	4500	0
9	1205	4530	0
9	1205	4530	0
9	1212	4560	0
9	1212	4560	0
9	1220	4590	0
9	1220	4590	0
9	1221	4591.91482028646	1
9	1226	4620	1
9	1226	4620	0
9	1228	4624.532528778567	1
9	1231	4630	2
9	1239	4650	2
9	1239	4650	2
9	1247	4680	2
9	1247	4680	1
9	1255	4710	1
9	1255	4710	0
9	1264	4740	0
9	1264	4740	0
9	1270	4770	0
9	1270	4770	0
9	1275	4792.689411277429	1
9	1279	4800	1
9	1279	4800	1
9	1288	4830	1
9	1288	4830	1
9	1296	4860	1
9	1296	4860	0
9	1303	4890	0
9	1303	4890	0
9	1306	4900	1
9	1313	4920	1
9	1313	4920	0
9	1314	4922.727608197099	1
9	1323	4950	1
9	1323	4950	1
9	1330	4980	1
9	1330	4980	0
9	1338	5010	0
9	1338	5010	0
9	1341	5020	1
9	1349	5040	1
9	1349	5040	0
9	1355	5070	0
9	1355	5070	0
9	1360	5095.185940002339	1
9	1364	5100	1
9	1364	5100	1
9	1365	5110	2
9	1368	5118.910517617184	3
9	1372	5130	3
9	1372	5130	1
9	1380	5160	1
9	1380	5160	0
9	1383	5178.776952236012	1
9	1389	5190	1
9	1389	5190	1
9	1397	5220	1
9	1397	5220	0
9	1408	5250	0
9	1408	5250	0
9	1411	5260	1
9	1419	5280	1
9	1419	5280	0
9	1424	5310	0
9	1424	5310	0
9	1429	5339.808758691484	1
9	1433	5340	1
9	1433	5340	0
9	1434	5344.21298452099	1
9	1443	5370	1
9	1443	5370	0
9	1446	5372.484174382429	1
9	1453	5400	1
9	1453	5400	1
9	1457	5430	1
9	1457	5430	1
9	1468	5460	1
9	1468	5460	0
9	1479	5490	0
9	1479	5490	0
9	1485	5520	0
9	1485	5520	0
9	1491	5550	0
9	1491	5550	0
9	1502	5580	0
9	1502	5580	0
9	1504	5589.030454196881	1
9	1508	5610	1
9	1508	5610	1
9	1510	5620	2
9	1517	5640	2
9	1517	5640	1
9	1526	5670	1
9	1526	5670	0
9	1532	5700	0
9	1532	5700	0
9	1539	5730	0
9	1539	5730	0
9	1548	5760	0
9	1548	5760	0
9	1556	5790	0
9	1556	5790	0
9	1561	5820	0
9	1561	5820	0
9	1570	5850	0
9	1570	5850	0
9	1577	5880	0
9	1577	5880	0
9	1584	5910	0
9	1584	5910	0
9	1591	5940	0
9	1591	5940	0
9	1592	5950.482294927164	1
9	1598	5970	1
9	1598	5970	1
9	1605	6000	1
9	1605	6000	0
9	1612	6030	0
9	1612	6030	0
9	1617	6060	0
9	1617	6060	0
9	1619	6070	1
9	1625	6090	1
9	1625	6090	1
9	1626	6100	2
9	1627	6100	3
9	1634	6120	3
9	1634	6120	0
9	1639	6150	0
9	1639	6150	0
9	1646	6180	0
9	1646	6180	0
9	1650	6210	0
9	1650	6210	0
9	1660	6240	0
9	1660	6240	0
9	1668	6270	0
9	1668	6270	0
9	1673	6300	0
9	1673	6300	0
9	1678	6330	0
9	1678	6330	0
9	1684	6352.685876422831	1
9	1688	6360	1
9	1688	6360	1
9	1695	6390	1
9	1695	6390	1
9	1696	6394.133719059621	2
9	1702	6420	2
9	1702	6420	1
9	1704	6439.775909912477	2
9	1709	6450	2
9	1709	6450	1
9	1715	6480	1
9	1715	6480	0
9	1722	6510	0
9	1722	6510	0
9	1732	6540	0
9	1732	6540	0
9	1737	6570	0
9	1737	6570	0
9	1738	6580	1
9	1741	6599.160291822308	2
9	1745	6600	2
9	1745	6600	1
9	1753	6630	1
9	1753	6630	1
9	1760	6660	1
9	1760	6660	0
9	1768	6690	0
9	1768	6690	0
9	1777	6720	0
9	1777	6720	0
9	1783	6750	0
9	1783	6750	0
9	1794	6780	0
9	1794	6780	0
9	1802	6810	0
9	1802	6810	0
9	1808	6840	0
9	1808	6840	0
9	1817	6870	0
9	1817	6870	0
9	1826	6900	0
9	1826	6900	0
9	1833	6930	0
9	1833	6930	0
9	1841	6960	0
9	1841	6960	0
9	1845	6982.202721204615	1
9	1849	6990	1
9	1849	6990	1
9	1857	7020	1
9	1857	7020	0
9	1864	7050	0
9	1864	7050	0
9	1871	7080	0
9	1871	7080	0
9	1873	7090	1
9	1874	7101.179171743124	2
9	1879	7110	2
9	1879	7110	1
9	1888	7140	1
9	1888	7140	0
9	1892	7170	0
9	1892	7170	0
9	1897	7200	0
9	1897	7200	0
9	1898	7203.997090140909	1
9	1905	7230	1
9	1905	7230	1
9	1914	7260	1
9	1914	7260	1
9	1920	7290	1
9	1920	7290	0
9	1924	7320	0
9	1924	7320	0
9	1931	7350	0
9	1931	7350	0
9	1938	7380	0
9	1938	7380	0
9	1939	7390	1
9	1944	7410	1
9	1944	7410	1
9	1945	7439.115744067453	2
9	1949	7440	2
9	1949	7440	0
9	1957	7470	0
9	1957	7470	0
9	1961	7500	0
9	1961	7500	0
9	1966	7530	0
9	1966	7530	0
9	1967	7540	1
9	1975	7560	1
9	1975	7560	0
9	1981	7590	0
9	1981	7590	0
9	1986	7620	0
9	1986	7620	0
9	1988	7647.034482618213	1
9	1992	7650	1
9	1992	7650	1
9	1999	7680	1
9	1999	7680	0
9	2002	7702.197059090192	1
9	2007	7710	1
9	2007	7710	1
9	2013	7740	1
9	2013	7740	1
9	2022	7770	1
9	2022	7770	0
9	2029	7800	0
9	2029	7800	0
9	2030	7800.03301600891	1
9	2031	7808.833006475612	2
9	2035	7827.82896954024	3
9	2039	7830	3
9	2039	7830	3
9	2040	7840.785643394168	4
9	2044	7857.533325239165	5
9	2049	7860	5
9	2049	7860	3
9	2055	7890	3
9	2055	7890	0
9	2058	7909.432278005504	1
9	2062	7920	1
9	2062	7920	1
9	2071	7950	1
9	2071	7950	1
9	2073	7959.179816917791	2
9	2081	7980	2
9	2081	7980	0
9	2090	8010	0
9	2090	8010	0
9	2099	8040	0
9	2099	8040	0
9	2106	8070	0
9	2106	8070	0
9	2117	8100	0
9	2117	8100	0
9	2119	8110	1
9	2127	8130	1
9	2127	8130	1
9	2134	8160	1
9	2134	8160	0
9	2137	8174.805780932104	1
9	2142	8190	1
9	2142	8190	1
9	2149	8220	1
9	2149	8220	1
9	2151	8230	2
9	2159	8250	2
9	2159	8250	1
9	2167	8280	1
9	2167	8280	0
9	2171	8290	1
9	2173	8298.243981204289	2
9	2177	8310	2
9	2177	8310	1
9	2181	8331.25832581595	2
9	2190	8340	2
9	2190	8340	0
9	2197	8370	0
9	2197	8370	0
9	2201	8391.90281507795	1
9	2206	8400	1
9	2206	8400	1
9	2213	8430	1
9	2213	8430	1
9	2215	8435.916923366078	2
9	2225	8460	2
9	2225	8460	1
9	2226	8464.326334200241	2
9	2231	8490	2
9	2231	8490	0
9	2233	8500	1
9	2237	8520	1
9	2237	8520	0
9	2242	8550	0
9	2242	8550	0
9	2251	8580	0
9	2251	8580	0
9	2260	8610	0
9	2260	8610	0
9	2261	8620	1
9	2262	8620	2
9	2268	8640	2
9	2268	8640	0
9	2274	8670	0
9	2274	8670	0
9	2286	8700	0
9	2286	8700	0
9	2293	8730	0
9	2293	8730	0
9	2300	8760	0
9	2300	8760	0
9	2308	8790	0
9	2308	8790	0
9	2314	8820	0
9	2314	8820	0
9	2315	8830	1
9	2320	8850	1
9	2320	8850	1
9	2327	8880	1
9	2327	8880	0
9	2332	8910	0
9	2332	8910	0
9	2338	8940	0
9	2338	8940	0
9	2340	8950	1
9	2341	8950	2
9	2346	8970	2
9	2346	8970	2
9	2353	9000	2
9	2353	9000	0
9	2362	9030	0
9	2362	9030	0
9	2368	9060	0
9	2368	9060	0
9	2374	9090	0
9	2374	9090	0
9	2386	9120	0
9	2386	9120	0
9	2392	9150	0
9	2392	9150	0
9	2401	9180	0
9	2401	9180	0
9	2402	9190	1
9	2413	9210	1
9	2413	9210	1
9	2419	9240	1
9	2419	9240	0
9	2427	9270	0
9	2427	9270	0
9	2430	9277.905018851971	1
9	2436	9300	1
9	2436	9300	1
9	2445	9330	1
9	2445	9330	0
9	2448	9343.224452812852	1
9	2454	9360	1
9	2454	9360	0
9	2456	9372.849055734481	1
9	2461	9390	1
9	2461	9390	1
9	2470	9420	1
9	2470	9420	0
9	2480	9450	0
9	2480	9450	0
9	2482	9460	1
9	2487	9480	1
9	2487	9480	0
9	2488	9490	1
9	2498	9510	1
9	2498	9510	0
9	2508	9540	0
9	2508	9540	0
9	2509	9550	1
9	2515	9570	1
9	2515	9570	1
9	2516	9580	2
9	2518	9593.42220811547	3
9	2519	9599.423840496795	4
9	2523	9600	4
9	2523	9600	2
9	2535	9630	2
9	2535	9630	2
9	2541	9660	2
9	2541	9660	0
9	2545	9690	0
9	2545	9690	0
9	2552	9720	0
9	2552	9720	0
9	2559	9730	1
9	2565	9750	1
9	2565	9750	0
9	2574	9780	0
9	2574	9780	0
9	2580	9810	0
9	2580	9810	0
9	2586	9840	0
9	2586	9840	0
9	2597	9870	0
9	2597	9870	0
9	2599	9879.400326472713	1
9	2608	9900	1
9	2608	9900	0
9	2614	9930	0
9	2614	9930	0
9	2622	9960	0
9	2622	9960	0
9	2634	9990	0
9	2634	9990	0
9	2644	10020	0
9	2644	10020	0
9	2651	10050	0
9	2651	10050	0
9	2657	10080	0
9	2657	10080	0
9	2662	10095.472237463215	1
9	2666	10110	1
9	2666	10110	1
9	2675	10140	1
9	2675	10140	1
9	2682	10170	1
9	2682	10170	0
9	2691	10200	0
9	2691	10200	0
9	2698	10230	0
9	2698	10230	0
9	2705	10260	0
9	2705	10260	0
9	2711	10290	0
9	2711	10290	0
9	2721	10320	0
9	2721	10320	0
9	2728	10350	0
9	2728	10350	0
9	2733	10380	0
9	2733	10380	0
9	2734	10399.92989526431	1
9	2740	10410	1
9	2740	10410	0
9	2748	10440	0
9	2748	10440	0
9	2756	10470	0
9	2756	10470	0
9	2762	10500	0
9	2762	10500	0
9	2769	10530	0
9	2769	10530	0
9	2776	10560	0
9	2776	10560	0
9	2783	10590	0
9	2783	10590	0
9	2787	10600.321444402911	1
9	2792	10620	1
9	2792	10620	0
9	2800	10650	0
9	2800	10650	0
9	2805	10680	0
9	2805	10680	0
9	2815	10710	0
9	2815	10710	0
9	2819	10725.824609288419	1
9	2820	10729.665940542492	2
9	2825	10740	2
9	2825	10740	1
9	2830	10770	1
9	2830	10770	0
9	2831	10780	1
9	2832	10785.000797230296	2
9	2836	10800	2
9	2836	10800	1
9	2841	10830	1
9	2841	10830	1
9	2842	10833.05999749832	2
9	2849	10860	2
9	2849	10860	0
9	2857	10890	0
9	2857	10890	0
9	2864	10920	0
9	2864	10920	0
9	2869	10950	0
9	2869	10950	0
9	2876	10980	0
9	2876	10980	0
9	2887	11010	0
9	2887	11010	0
9	2893	11040	0
9	2893	11040	0
9	2897	11070	0
9	2897	11070	0
9	2908	11100	0
9	2908	11100	0
9	2915	11130	0
9	2915	11130	0
9	2920	11160	0
9	2920	11160	0
9	2925	11190	0
9	2925	11190	0
9	2935	11220	0
9	2935	11220	0
9	2940	11250	0
9	2940	11250	0
9	2946	11280	0
9	2946	11280	0
9	2953	11310	0
9	2953	11310	0
9	2961	11340	0
9	2961	11340	0
9	2968	11370	0
9	2968	11370	0
9	2976	11400	0
9	2976	11400	0
9	2986	11430	0
9	2986	11430	0
9	2987	11435.155326781082	1
9	2988	11438.718636389396	2
9	2993	11460	2
9	2993	11460	2
9	3003	11490	2
9	3003	11490	0
9	3010	11520	0
9	3010	11520	0
9	3016	11550	0
9	3016	11550	0
9	3026	11580	0
9	3026	11580	0
9	3033	11610	0
9	3033	11610	0
9	3035	11620	1
9	3042	11640	1
9	3042	11640	0
9	3048	11670	0
9	3048	11670	0
9	3058	11700	0
9	3058	11700	0
9	3060	11710	1
9	3069	11730	1
9	3069	11730	1
9	3074	11747.338585536172	2
9	3078	11760	2
9	3078	11760	1
9	3081	11774.474468299	2
9	3089	11790	2
9	3089	11790	2
9	3091	11803.013748181702	3
9	3096	11820	3
9	3096	11820	0
9	3105	11850	0
9	3105	11850	0
9	3107	11860	1
9	3111	11868.573503721749	2
9	3118	11880	2
9	3118	11880	1
9	3126	11910	1
9	3126	11910	1
9	3136	11940	1
9	3136	11940	0
9	3144	11970	0
9	3144	11970	0
9	3151	11988.622119839549	1
9	3156	12000	1
9	3156	12000	1
9	3164	12030	1
9	3164	12030	1
9	3175	12060	1
9	3175	12060	0
9	3180	12076.667615170699	1
9	3186	12090	1
9	3186	12090	1
9	3196	12120	1
9	3196	12120	0
9	3207	12150	0
9	3207	12150	0
9	3213	12178.836749197564	1
9	3217	12180	1
9	3217	12180	1
9	3220	12193.94523748016	2
9	3226	12210	2
9	3226	12210	0
9	3231	12233.196363055498	1
9	3235	12240	1
9	3235	12240	1
9	3237	12269.525222379592	2
9	3241	12270	2
9	3241	12270	2
9	3249	12300	2
9	3249	12300	0
9	3260	12330	0
9	3260	12330	0
9	3267	12360	0
9	3267	12360	0
9	3269	12377.70884384272	1
9	3274	12390	1
9	3274	12390	1
9	3284	12420	1
9	3284	12420	1
9	3289	12450	1
9	3289	12450	0
9	3296	12480	0
9	3296	12480	0
9	3299	12505.242917679313	1
9	3303	12510	1
9	3303	12510	1
9	3309	12540	1
9	3309	12540	0
9	3316	12570	0
9	3316	12570	0
9	3321	12600	0
9	3321	12600	0
9	3328	12630	0
9	3328	12630	0
9	3335	12660	0
9	3335	12660	0
9	3342	12690	0
9	3342	12690	0
9	3345	12719.201479588563	1
9	3349	12720	1
9	3349	12720	0
9	3351	12739.879024344961	1
9	3355	12750	1
9	3355	12750	1
9	3357	12762.576903413037	2
9	3363	12780	2
9	3363	12780	1
9	3369	12810	1
9	3369	12810	0
9	3375	12840	0
9	3375	12840	0
9	3379	12870	0
9	3379	12870	0
9	3386	12900	0
9	3386	12900	0
9	3391	12930	0
9	3391	12930	0
9	3399	12960	0
9	3399	12960	0
9	3401	12971.953613020959	1
9	3405	12990	1
9	3405	12990	0
9	3413	13020	0
9	3413	13020	0
9	3417	13036.700624054518	1
9	3423	13050	1
9	3423	13050	0
9	3428	13080	0
9	3428	13080	0
9	3437	13110	0
9	3437	13110	0
9	3444	13140	0
9	3444	13140	0
9	3451	13170	0
9	3451	13170	0
9	3454	13192.726701609876	1
9	3455	13199.648277128519	2
9	3459	13200	2
9	3459	13200	1
9	3461	13210	2
9	3466	13230	2
9	3466	13230	1
9	3473	13260	1
9	3473	13260	0
9	3480	13290	0
9	3480	13290	0
9	3483	13305.774095402129	1
9	3487	13320	1
9	3487	13320	1
9	3494	13350	1
9	3494	13350	1
9	3501	13380	1
9	3501	13380	0
9	3502	13390	1
9	3503	13390	2
9	3509	13410	2
9	3509	13410	2
9	3510	13435.750991356182	3
9	3514	13440	3
9	3514	13440	1
9	3520	13470	1
9	3520	13470	1
9	3527	13500	1
9	3527	13500	0
9	3533	13530	0
9	3533	13530	0
9	3539	13560	0
9	3539	13560	0
9	3542	13578.273965161926	1
9	3547	13590	1
9	3547	13590	1
9	3553	13620	1
9	3553	13620	0
9	3560	13650	0
9	3560	13650	0
9	3562	13660	1
9	3563	13675.3993683027	2
9	3567	13680	2
9	3567	13680	1
9	3574	13710	1
9	3574	13710	1
9	3580	13740	1
9	3580	13740	0
9	3590	13770	0
9	3590	13770	0
9	3597	13800	0
9	3597	13800	0
9	3604	13830	0
9	3604	13830	0
9	3616	13860	0
9	3616	13860	0
9	3624	13890	0
9	3624	13890	0
9	3626	13900	1
9	3635	13920	1
9	3635	13920	0
9	3643	13950	0
9	3643	13950	0
9	3652	13980	0
9	3652	13980	0
9	3661	14010	0
9	3661	14010	0
9	3668	14036.291492752812	1
9	3673	14040	1
9	3673	14040	1
9	3678	14054.386734865259	2
9	3683	14070	2
9	3683	14070	2
9	3694	14100	2
9	3694	14100	0
9	3695	14110	1
9	3702	14130	1
9	3702	14130	1
9	3714	14160	1
9	3714	14160	0
9	3717	14170	1
9	3724	14190	1
9	3724	14190	0
9	3734	14220	0
9	3734	14220	0
9	3737	14237.561585616958	1
9	3742	14250	1
9	3742	14250	0
9	3745	14260	1
9	3757	14280	1
9	3757	14280	0
9	3761	14290	1
9	3768	14310	1
9	3768	14310	0
9	3776	14340	0
9	3776	14340	0
9	3778	14350	1
9	3792	14370	1
9	3792	14370	1
9	3796	14380	2
9	3803	14400	2
9	3803	14400	0
9	3813	14430	0
9	3813	14430	0
9	3815	14448.6029231596	1
9	3821	14460	1
9	3821	14460	0
9	3823	14464.700510929253	1
9	3830	14490	1
9	3830	14490	0
9	3832	14500	1
9	3833	14500	2
9	3834	14500	3
9	3835	14500	4
9	3843	14520	4
9	3843	14520	0
9	3845	14530	1
9	3850	14550	1
9	3850	14550	0
9	3860	14580	0
9	3860	14580	0
9	3870	14610	0
9	3870	14610	0
9	3880	14636.597194901801	1
9	3884	14640	1
9	3884	14640	0
9	3892	14670	0
9	3892	14670	0
9	3897	14681.401474450078	1
9	3901	14700	1
9	3901	14700	0
9	3903	14710	1
9	3913	14730	1
9	3913	14730	1
9	3921	14760	1
9	3921	14760	0
9	3929	14790	0
9	3929	14790	0
9	3939	14820	0
9	3939	14820	0
9	3948	14850	0
9	3948	14850	0
9	3955	14880	0
9	3955	14880	0
9	3966	14910	0
9	3966	14910	0
9	3978	14940	0
9	3978	14940	0
9	3985	14970	0
9	3985	14970	0
9	3992	15000	0
9	3992	15000	0
9	3994	15019.280946684611	1
9	3999	15030	1
9	3999	15030	1
9	4007	15060	1
9	4007	15060	1
9	4008	15070	2
9	4009	15070	3
9	4014	15090	3
9	4014	15090	2
9	4021	15120	2
9	4021	15120	0
9	4027	15150	0
9	4027	15150	0
9	4033	15180	0
9	4033	15180	0
9	4041	15210	0
9	4041	15210	0
9	4050	15240	0
9	4050	15240	0
9	4056	15270	0
9	4056	15270	0
9	4064	15300	0
9	4064	15300	0
9	4071	15330	0
9	4071	15330	0
9	4073	15331.282128794714	1
9	4078	15360	1
9	4078	15360	1
9	4083	15390	1
9	4083	15390	1
9	4091	15420	1
9	4091	15420	0
9	4097	15450	0
9	4097	15450	0
9	4102	15480	0
9	4102	15480	0
9	4106	15510	0
9	4106	15510	0
9	4114	15540	0
9	4114	15540	0
9	4116	15550	1
9	4121	15570	1
9	4121	15570	1
9	4126	15600	1
9	4126	15600	0
9	4131	15630	0
9	4131	15630	0
9	4133	15643.075316432072	1
9	4138	15660	1
9	4138	15660	0
9	4143	15690	0
9	4143	15690	0
9	4151	15720	0
9	4151	15720	0
9	4157	15750	0
9	4157	15750	0
9	4165	15780	0
9	4165	15780	0
9	4169	15802.131034318812	1
9	4173	15810	1
9	4173	15810	0
9	4174	15810.182619514514	1
9	4175	15815.217172158651	2
9	4180	15840	2
9	4180	15840	2
9	4182	15850.317685581998	3
9	4186	15870	3
9	4186	15870	3
9	4190	15897.943987192789	4
9	4194	15900	4
9	4194	15900	1
9	4200	15930	1
9	4200	15930	0
9	4205	15960	0
9	4205	15960	0
9	4210	15990	0
9	4210	15990	0
9	4219	16020	0
9	4219	16020	0
9	4228	16050	0
9	4228	16050	0
9	4233	16080	0
9	4233	16080	0
9	4234	16095.000045013525	1
9	4238	16110	1
9	4238	16110	1
9	4243	16140	1
9	4243	16140	1
9	4254	16170	1
9	4254	16170	0
9	4258	16200	0
9	4258	16200	0
9	4262	16230	0
9	4262	16230	0
9	4265	16251.012974613068	1
9	4269	16260	1
9	4269	16260	0
9	4270	16270	1
9	4275	16290	1
9	4275	16290	1
9	4280	16320	1
9	4280	16320	0
9	4285	16350	0
9	4285	16350	0
9	4293	16380	0
9	4293	16380	0
9	4298	16410	0
9	4298	16410	0
9	4307	16440	0
9	4307	16440	0
9	4313	16470	0
9	4313	16470	0
9	4319	16500	0
9	4319	16500	0
9	4323	16520.85265178766	1
9	4327	16530	1
9	4327	16530	0
9	4328	16540	1
9	4334	16560	1
9	4334	16560	0
9	4341	16590	0
9	4341	16590	0
9	4348	16620	0
9	4348	16620	0
9	4350	16630	1
9	4351	16630	2
9	4357	16650	2
9	4357	16650	2
9	4359	16661.862342865588	3
9	4364	16680	3
9	4364	16680	1
9	4372	16710	1
9	4372	16710	1
9	4380	16740	1
9	4380	16740	0
9	4387	16770	0
9	4387	16770	0
9	4389	16780	1
9	4398	16800	1
9	4398	16800	0
9	4399	16807.14876960222	1
9	4407	16830	1
9	4407	16830	1
9	4408	16831.204086181741	2
9	4418	16860	2
9	4418	16860	2
9	4424	16890	2
9	4424	16890	0
9	4434	16920	0
9	4434	16920	0
9	4442	16950	0
9	4442	16950	0
9	4448	16980	0
9	4448	16980	0
9	4462	17010	0
9	4462	17010	0
9	4463	17020	1
9	4468	17040	1
9	4468	17040	0
9	4476	17070	0
9	4476	17070	0
9	4487	17100	0
9	4487	17100	0
9	4488	17104.334431795555	1
9	4489	17110	2
9	4496	17130	2
9	4496	17130	2
9	4504	17160	2
9	4504	17160	1
9	4510	17190	1
9	4510	17190	0
9	4518	17220	0
9	4518	17220	0
9	4521	17230	1
9	4527	17250	1
9	4527	17250	1
9	4537	17280	1
9	4537	17280	0
9	4543	17310	0
9	4543	17310	0
9	4547	17330.048852327143	1
9	4551	17340	1
9	4551	17340	1
9	4552	17358.416937274537	2
9	4556	17370	2
9	4556	17370	0
9	4565	17400	0
9	4565	17400	0
9	4567	17418.067609466891	1
9	4573	17430	1
9	4573	17430	0
9	4580	17460	0
9	4580	17460	0
9	4586	17490	0
9	4586	17490	0
9	4592	17520	0
9	4592	17520	0
9	4599	17550	0
9	4599	17550	0
9	4609	17580	0
9	4609	17580	0
9	4615	17610	0
9	4615	17610	0
9	4620	17640	0
9	4620	17640	0
9	4626	17670	0
9	4626	17670	0
9	4627	17673.251173732798	1
9	4634	17700	1
9	4634	17700	0
9	4641	17730	0
9	4641	17730	0
9	4642	17740	1
9	4646	17760	1
9	4646	17760	0
9	4653	17790	0
9	4653	17790	0
9	4656	17814.130475599259	1
9	4660	17820	1
9	4660	17820	0
9	4666	17850	0
9	4666	17850	0
9	4672	17880	0
9	4672	17880	0
9	4679	17910	0
9	4679	17910	0
9	4687	17940	0
9	4687	17940	0
9	4692	17970	0
9	4692	17970	0
9	4698	18000	0
9	4698	18000	0
9	4706	18030	0
9	4706	18030	0
9	4707	18030.90352929056	1
9	4713	18060	1
9	4713	18060	0
9	4720	18090	0
9	4720	18090	0
9	4723	18119.059356892937	1
9	4727	18120	1
9	4727	18120	0
9	4731	18150	0
9	4731	18150	0
9	4742	18180	0
9	4742	18180	0
9	4747	18210	0
9	4747	18210	0
9	4752	18240	0
9	4752	18240	0
9	4759	18270	0
9	4759	18270	0
9	4767	18300	0
9	4767	18300	0
9	4772	18330	0
9	4772	18330	0
9	4779	18360	0
9	4779	18360	0
9	4787	18390	0
9	4787	18390	0
9	4795	18420	0
9	4795	18420	0
9	4800	18450	0
9	4800	18450	0
9	4808	18480	0
9	4808	18480	0
9	4815	18510	0
9	4815	18510	0
9	4821	18540	0
9	4821	18540	0
9	4822	18550	1
9	4826	18570	1
9	4826	18570	1
9	4828	18575.974540117298	2
9	4829	18580	3
9	4834	18600	3
9	4834	18600	1
9	4839	18630	1
9	4839	18630	1
9	4846	18660	1
9	4846	18660	0
9	4848	18671.756292400527	1
9	4852	18690	1
9	4852	18690	1
9	4859	18720	1
9	4859	18720	0
9	4863	18750	0
9	4863	18750	0
9	4873	18780	0
9	4873	18780	0
9	4880	18810	0
9	4880	18810	0
9	4881	18820	1
9	4886	18840	1
9	4886	18840	0
9	4892	18870	0
9	4892	18870	0
9	4901	18900	0
9	4901	18900	0
9	4906	18930	0
9	4906	18930	0
9	4912	18960	0
9	4912	18960	0
9	4918	18990	0
9	4918	18990	0
9	4923	19020	0
9	4923	19020	0
9	4924	19030	1
9	4931	19050	1
9	4931	19050	1
9	4934	19060	2
9	4940	19080	2
9	4940	19080	0
9	4946	19110	0
9	4946	19110	0
9	4952	19140	0
9	4952	19140	0
9	4959	19170	0
9	4959	19170	0
9	4961	19180	1
9	4971	19200	1
9	4971	19200	0
9	4973	19210	1
9	4978	19230	1
9	4978	19230	0
9	4986	19260	0
9	4986	19260	0
9	4987	19273.814290341611	1
9	4990	19285.809477213573	2
9	4995	19290	2
9	4995	19290	1
9	5003	19320	1
9	5003	19320	0
9	5006	19330	1
9	5013	19350	1
9	5013	19350	0
9	5019	19380	0
9	5019	19380	0
9	5023	19396.650493906698	1
9	5027	19410	1
9	5027	19410	1
9	5028	19420	2
9	5029	19420	3
9	5035	19440	3
9	5035	19440	0
9	5044	19470	0
9	5044	19470	0
9	5050	19500	0
9	5050	19500	0
9	5055	19530	0
9	5055	19530	0
9	5065	19560	0
9	5065	19560	0
9	5074	19590	0
9	5074	19590	0
9	5081	19620	0
9	5081	19620	0
9	5088	19650	0
9	5088	19650	0
9	5097	19680	0
9	5097	19680	0
9	5101	19700.904528651667	1
9	5106	19710	1
9	5106	19710	1
9	5111	19740	1
9	5111	19740	1
9	5113	19765.65881075355	2
9	5118	19770	2
9	5118	19770	1
9	5127	19800	1
9	5127	19800	0
9	5135	19830	0
9	5135	19830	0
9	5141	19860	0
9	5141	19860	0
9	5148	19890	0
9	5148	19890	0
9	5149	19900	1
9	5154	19907.656323958101	2
9	5157	19910.917136781585	3
9	5162	19920	3
9	5162	19920	1
9	5167	19950	1
9	5167	19950	1
9	5175	19980	1
9	5175	19980	0
10	322	1140	21.321934235681
10	341	1210	0
10	370	1320	37.413034667099
10	397	1440	20
10	403	1480	0
10	425	1560	39.868371909356
10	465	1740	87.74663873669
10	465	1740	13.552024165538
10	501	1920	20
10	529	2040	50
10	529	2040	50
10	550	2130	73.871847367416
10	591	2280	20
10	591	2280	15.443718455565
10	603	2340	70.130466600239
10	612	2373.456976881272	0
10	618	2400	50
10	627	2430	20
10	641	2490	81.958283946837
10	651	2530	0
10	665	2580	59.918849027334
10	675	2612.191134907082	0
10	676	2627.091354927641	0
10	682	2640	5.106269710581
10	741	2850	15.306958733806
10	747	2880	50
10	769	2970	87.852606874575
10	769	2970	29.183333294026
10	790	3060	36.034859356084
10	808	3120	20
10	864	3324.232438191697	0
10	883	3400	0
10	898	3450	40.576818378799
10	905	3480	50
10	905	3480	20
10	905	3480	20
10	916	3520	0
10	921	3540	37.528684027254
10	933	3578.06886781477	0
10	1022	3880	0
10	1025	3892.139972218241	0
10	1047	3970	0
10	1065	4020	56.751954316561
10	1099	4140	49.937878938364
10	1115	4200	21.204447262845
10	1115	4200	20
10	1121	4230	85.522684462516
10	1132	4275.41129797255	0
10	1146	4330	0
10	1156	4360	0
10	1226	4620	28.08517971354
10	1247	4680	50
10	1248	4690	0
10	1255	4710	85.467471221433
10	1296	4860	67.310588722571
10	1307	4909.573213992955	0
10	1313	4920	20
10	1316	4930	0
10	1330	4980	57.272391802901
10	1349	5040	20
10	1372	5130	34.814059997661
10	1372	5130	11.089482382816
10	1373	5131.421587420067	0
10	1375	5149.072089049785	0
10	1380	5160	50
10	1397	5220	41.223047763988
10	1419	5280	20
10	1433	5340	0.191241308516
10	1438	5353.401056416766	0
10	1443	5370	25.78701547901
10	1468	5460	87.515825617571
10	1496	5560	0
10	1503	5586.185465100853	0
10	1517	5640	20
10	1526	5670	80.969545803119
10	1605	6000	49.517705072836
10	1618	6067.150504671202	0
10	1634	6120	50
10	1634	6120	20
10	1634	6120	20
10	1702	6420	67.314123577169
10	1709	6450	55.866280940379
10	1715	6480	40.224090087523
10	1723	6515.03090955614	0
10	1745	6600	20
10	1760	6660	60.839708177692
10	1785	6760	0
10	1796	6793.065188535151	0
10	1844	6974.89139661809	0
10	1857	7020	37.797278795385
10	1879	7110	20
10	1888	7140	38.820828256876
10	1920	7290	86.002909859091
10	1949	7440	50
10	1949	7440	0.884255932547
10	1975	7560	20
10	1999	7680	32.965517381787
10	2008	7720	0
10	2022	7770	67.802940909808
10	2049	7860	19.214356605832
10	2049	7860	2.466674760835
10	2055	7890	89.96698399109
10	2055	7890	81.166993524388
10	2055	7890	62.17103045976
10	2063	7930	0
10	2081	7980	70.567721994496
10	2081	7980	20.820183082209
10	2134	8160	50
10	2154	8236.849661830345	0
10	2159	8250	75.194219067896
10	2167	8280	50
10	2169	8290	0
10	2177	8310	20
10	2178	8320	0
10	2190	8340	41.756018795711
10	2190	8340	8.74167418405
10	2225	8460	68.09718492205
10	2231	8490	54.083076633922
10	2231	8490	25.673665799759
10	2237	8520	20
10	2244	8560	0
10	2268	8640	20
10	2268	8640	20
10	2316	8832.84744852455	0
10	2323	8879.376436855387	0
10	2327	8880	50
10	2353	9000	50
10	2353	9000	50
10	2355	9010	0
10	2408	9207.629948874019	0
10	2419	9240	50
10	2445	9330	52.094981148029
10	2454	9360	16.775547187148
10	2466	9407.183898353379	0
10	2470	9420	47.150944265519
10	2487	9480	20
10	2498	9510	20
10	2523	9600	50
10	2523	9600	20
10	2541	9660	66.57779188453
10	2541	9660	60.576159503205
10	2565	9750	20
10	2581	9826.659957034874	0
10	2588	9850	0
10	2608	9900	20.599673527287
10	2615	9933.185516844145	0
10	2647	10039.887199609368	0
10	2660	10090	0
10	2682	10170	74.527762536785
10	2716	10315.10113354512	0
10	2740	10410	10.07010473569
10	2777	10570	0
10	2786	10600	0
10	2792	10620	19.678555597089
10	2825	10740	14.175390711581
10	2826	10746.370233922022	0
10	2830	10770	40.334059457508
10	2836	10800	20
10	2837	10810	0
10	2849	10860	74.999202769704
10	2849	10860	26.94000250168
10	2947	11290	0
10	2954	11320	0
10	2955	11320	0
10	2964	11367.90889747679	0
10	2997	11470.169329557048	0
10	3003	11490	54.844673218918
10	3003	11490	51.281363610604
10	3042	11640	20
10	3078	11760	50
10	3096	11820	72.661414463828
10	3096	11820	45.525531701
10	3096	11820	16.986251818298
10	3118	11880	20
10	3136	11940	71.426496278251
10	3158	12011.844879855337	0
10	3168	12040	0
10	3175	12060	71.377880160451
10	3196	12120	43.332384829301
10	3197	12121.771870826774	0
10	3226	12210	31.163250802436
10	3226	12210	16.05476251984
10	3244	12280	0
10	3245	12296.400874024983	0
10	3249	12300	66.803636944502
10	3249	12300	30.474777620408
10	3289	12450	72.29115615728
10	3309	12540	34.757082320687
10	3322	12610	0
10	3349	12720	0.798520411437
10	3363	12780	17.423096586963
10	3369	12810	70.120975655039
10	3405	12990	18.046386979041
10	3423	13050	13.299375945482
10	3459	13200	0.351722871481
10	3466	13230	20
10	3473	13260	67.273298390124
10	3501	13380	74.225904597871
10	3514	13440	50
10	3514	13440	50
10	3527	13500	64.249008643818
10	3553	13620	41.726034838074
10	3567	13680	20
10	3580	13740	64.6006316973
10	3584	13759.607841618365	0
10	3606	13840	0
10	3635	13920	20
10	3648	13963.412082220085	0
10	3688	14080	0
10	3694	14100	63.708507247188
10	3694	14100	45.613265134741
10	3714	14160	50
10	3715	14170	0
10	3724	14190	20
10	3742	14250	12.438414383042
10	3752	14277.730555401119	0
10	3757	14280	20
10	3758	14290	0
10	3768	14310	20
10	3803	14400	50
10	3803	14400	20
10	3804	14410	0
10	3821	14460	11.3970768404
10	3830	14490	25.299489070747
10	3843	14520	20
10	3843	14520	20
10	3843	14520	20
10	3843	14520	20
10	3850	14550	20
10	3884	14640	3.402805098199
10	3885	14650	0
10	3901	14700	18.598525549922
10	3921	14760	50
10	3922	14770	0
10	3930	14800	0
10	3931	14800	0
10	3935	14818.219742971947	0
10	3981	14951.039787861318	0
10	3986	14986.968615246553	0
10	3988	14992.628133236278	0
10	3993	15001.146388000516	0
10	4014	15090	70.719053315389
10	4021	15120	50
10	4021	15120	50
10	4029	15160	0
10	4091	15420	88.717871205286
10	4126	15600	50
10	4138	15660	16.924683567928
10	4173	15810	7.868965681188
10	4194	15900	89.817380485486
10	4194	15900	84.782827841349
10	4194	15900	49.682314418002
10	4196	15922.007663488203	0
10	4200	15930	32.056012807211
10	4254	16170	74.999954986475
10	4269	16260	8.987025386932
10	4280	16320	50
10	4327	16530	9.14734821234
10	4334	16560	20
10	4364	16680	50
10	4364	16680	50
10	4380	16740	78.137657134412
10	4392	16783.04329115523	0
10	4398	16800	20
10	4424	16890	82.85123039778
10	4424	16890	58.795913818259
10	4427	16899.613060584221	0
10	4454	16991.552059809948	0
10	4468	17040	20
10	4504	17160	50
10	4510	17190	85.665568204445
10	4537	17280	50
10	4538	17290	0
10	4556	17370	39.951147672857
10	4556	17370	11.583062725463
10	4573	17430	11.932390533109
10	4593	17530	0
10	4634	17700	26.748826267202
10	4646	17760	20
10	4660	17820	5.869524400741
10	4700	18010	0
10	4713	18060	29.09647070944
10	4727	18120	0.940643107063
10	4834	18600	50
10	4834	18600	20
10	4846	18660	84.025459882702
10	4859	18720	48.243707599473
10	4886	18840	20
10	4895	18880	0
10	4940	19080	50
10	4940	19080	20
10	4971	19200	20
10	4978	19230	20
10	4982	19258.196526046736	0
10	4995	19290	4.190522786427
10	5003	19320	46.185709658389
10	5013	19350	20
10	5035	19440	43.349506093302
10	5035	19440	20
10	5035	19440	20
10	5099	19690	0
10	5118	19770	69.095471348333
10	5127	19800	34.34118924645
10	5129	19810	0
10	5162	19920	20
10	5162	19920	12.343676041899
10	5175	19980	69.082863218415
11	322	1140	26458
11	341	1210	26456
11	370	1320	26461
11	397	1440	26466
11	403	1480	26465
11	425	1560	26469
11	465	1740	26471
11	465	1740	26473
11	501	1920	26474
11	529	2040	26475
11	529	2040	26476
11	550	2130	26481
11	591	2280	26483
11	591	2280	26484
11	603	2340	26486
11	612	2373.456976881272	26490
11	618	2400	26485
11	627	2430	26487
11	641	2490	26491
11	651	2530	26488
11	665	2580	26492
11	675	2612.191134907082	26496
11	676	2627.091354927641	26497
11	682	2640	26493
11	741	2850	26503
11	747	2880	26500
11	769	2970	26504
11	769	2970	26508
11	790	3060	26511
11	808	3120	26506
11	864	3324.232438191697	26519
11	883	3400	26516
11	898	3450	26525
11	905	3480	26517
11	905	3480	26515
11	905	3480	26520
11	916	3520	26524
11	921	3540	26527
11	933	3578.06886781477	26529
11	1022	3880	26536
11	1025	3892.139972218241	26537
11	1047	3970	26532
11	1065	4020	26542
11	1099	4140	26550
11	1115	4200	26548
11	1115	4200	26546
11	1121	4230	26545
11	1132	4275.41129797255	26555
11	1146	4330	26547
11	1156	4360	26552
11	1226	4620	26566
11	1247	4680	26562
11	1248	4690	26560
11	1255	4710	26563
11	1296	4860	26574
11	1307	4909.573213992955	26577
11	1313	4920	26573
11	1316	4930	26569
11	1330	4980	26579
11	1349	5040	26578
11	1372	5130	26582
11	1372	5130	26583
11	1373	5131.421587420067	26584
11	1375	5149.072089049785	26585
11	1380	5160	26580
11	1397	5220	26587
11	1419	5280	26586
11	1433	5340	26591
11	1438	5353.401056416766	26593
11	1443	5370	26592
11	1468	5460	26596
11	1496	5560	26595
11	1503	5586.185465100853	26601
11	1517	5640	26597
11	1526	5670	26598
11	1605	6000	26609
11	1618	6067.150504671202	26613
11	1634	6120	26610
11	1634	6120	26611
11	1634	6120	26612
11	1702	6420	26620
11	1709	6450	26621
11	1715	6480	26619
11	1723	6515.03090955614	26622
11	1745	6600	26624
11	1760	6660	26627
11	1785	6760	26631
11	1796	6793.065188535151	26634
11	1844	6974.89139661809	26632
11	1857	7020	26640
11	1879	7110	26638
11	1888	7140	26644
11	1920	7290	26646
11	1949	7440	26647
11	1949	7440	26648
11	1975	7560	26649
11	1999	7680	26650
11	2008	7720	26652
11	2022	7770	26654
11	2049	7860	26659
11	2049	7860	26662
11	2055	7890	26656
11	2055	7890	26657
11	2055	7890	26658
11	2063	7930	26653
11	2081	7980	26663
11	2081	7980	26665
11	2134	8160	26666
11	2154	8236.849661830345	26676
11	2159	8250	26674
11	2167	8280	26669
11	2169	8290	26668
11	2177	8310	26675
11	2178	8320	26673
11	2190	8340	26677
11	2190	8340	26679
11	2225	8460	26682
11	2231	8490	26684
11	2231	8490	26686
11	2237	8520	26680
11	2244	8560	26681
11	2268	8640	26683
11	2268	8640	26687
11	2316	8832.84744852455	26694
11	2323	8879.376436855387	26695
11	2327	8880	26691
11	2353	9000	26692
11	2353	9000	26693
11	2355	9010	26690
11	2408	9207.629948874019	26705
11	2419	9240	26697
11	2445	9330	26707
11	2454	9360	26706
11	2466	9407.183898353379	26709
11	2470	9420	26712
11	2487	9480	26711
11	2498	9510	26710
11	2523	9600	26714
11	2523	9600	26713
11	2541	9660	26718
11	2541	9660	26719
11	2565	9750	26720
11	2581	9826.659957034874	26726
11	2588	9850	26722
11	2608	9900	26729
11	2615	9933.185516844145	26730
11	2647	10039.887199609368	26736
11	2660	10090	26727
11	2682	10170	26738
11	2716	10315.10113354512	26742
11	2740	10410	26744
11	2777	10570	26743
11	2786	10600	26746
11	2792	10620	26751
11	2825	10740	26753
11	2826	10746.370233922022	26755
11	2830	10770	26754
11	2836	10800	26752
11	2837	10810	26747
11	2849	10860	26756
11	2849	10860	26757
11	2947	11290	26762
11	2954	11320	26764
11	2955	11320	26765
11	2964	11367.90889747679	26768
11	2997	11470.169329557048	26772
11	3003	11490	26769
11	3003	11490	26770
11	3042	11640	26775
11	3078	11760	26778
11	3096	11820	26783
11	3096	11820	26784
11	3096	11820	26786
11	3118	11880	26782
11	3136	11940	26788
11	3158	12011.844879855337	26787
11	3168	12040	26791
11	3175	12060	26796
11	3196	12120	26795
11	3197	12121.771870826774	26797
11	3226	12210	26803
11	3226	12210	26804
11	3244	12280	26800
11	3245	12296.400874024983	26805
11	3249	12300	26807
11	3249	12300	26808
11	3289	12450	26809
11	3309	12540	26814
11	3322	12610	26810
11	3349	12720	26815
11	3363	12780	26817
11	3369	12810	26816
11	3405	12990	26820
11	3423	13050	26822
11	3459	13200	26826
11	3466	13230	26821
11	3473	13260	26828
11	3501	13380	26832
11	3514	13440	26829
11	3514	13440	26830
11	3527	13500	26834
11	3553	13620	26836
11	3567	13680	26835
11	3580	13740	26837
11	3584	13759.607841618365	26839
11	3606	13840	26838
11	3635	13920	26840
11	3648	13963.412082220085	26844
11	3688	14080	26848
11	3694	14100	26854
11	3694	14100	26856
11	3714	14160	26850
11	3715	14170	26845
11	3724	14190	26855
11	3742	14250	26864
11	3752	14277.730555401119	26866
11	3757	14280	26858
11	3758	14290	26853
11	3768	14310	26862
11	3803	14400	26865
11	3803	14400	26863
11	3804	14410	26860
11	3821	14460	26876
11	3830	14490	26878
11	3843	14520	26869
11	3843	14520	26870
11	3843	14520	26871
11	3843	14520	26872
11	3850	14550	26873
11	3884	14640	26880
11	3885	14650	26868
11	3901	14700	26885
11	3921	14760	26881
11	3922	14770	26877
11	3930	14800	26883
11	3931	14800	26884
11	3935	14818.219742971947	26887
11	3981	14951.039787861318	26896
11	3986	14986.968615246553	26897
11	3988	14992.628133236278	26898
11	3993	15001.146388000516	26893
11	4014	15090	26899
11	4021	15120	26892
11	4021	15120	26894
11	4029	15160	26900
11	4091	15420	26904
11	4126	15600	26906
11	4138	15660	26908
11	4173	15810	26910
11	4194	15900	26911
11	4194	15900	26912
11	4194	15900	26914
11	4196	15922.007663488203	26917
11	4200	15930	26916
11	4254	16170	26919
11	4269	16260	26921
11	4280	16320	26920
11	4327	16530	26928
11	4334	16560	26923
11	4364	16680	26926
11	4364	16680	26927
11	4380	16740	26932
11	4392	16783.04329115523	26935
11	4398	16800	26930
11	4424	16890	26936
11	4424	16890	26937
11	4427	16899.613060584221	26941
11	4454	16991.552059809948	26944
11	4468	17040	26939
11	4504	17160	26942
11	4510	17190	26945
11	4537	17280	26948
11	4538	17290	26947
11	4556	17370	26955
11	4556	17370	26956
11	4573	17430	26953
11	4593	17530	26951
11	4634	17700	26962
11	4646	17760	26960
11	4660	17820	26965
11	4700	18010	26964
11	4713	18060	26971
11	4727	18120	26970
11	4834	18600	26977
11	4834	18600	26978
11	4846	18660	26983
11	4859	18720	26982
11	4886	18840	26984
11	4895	18880	26985
11	4940	19080	26988
11	4940	19080	26987
11	4971	19200	26991
11	4978	19230	26990
11	4982	19258.196526046736	26994
11	4995	19290	26998
11	5003	19320	26995
11	5013	19350	26997
11	5035	19440	27000
11	5035	19440	26999
11	5035	19440	27001
11	5099	19690	27004
11	5118	19770	27012
11	5127	19800	27009
11	5129	19810	27006
11	5162	19920	27015
11	5162	19920	27016
11	5175	19980	27019
12	508	1960	407.74663873669
12	509	1960	333.55202416554
12	661	2573.456976881272	300
12	693	2690	381.95828394684
12	809	3130	402.06697800732
12	924	3550	288.26923812193
12	979	3740	520.24112209584
12	1011	3850	304.35693691005
12	1067	4030	239.68211962349
12	1087	4100	467.4149656909
12	1190	4480	304.58870202745
12	1214	4571.475112309051	300
12	1216	4580	448.86951391003
12	1230	4630	271.94344840641
12	1298	4870	235.0490381955
12	1318	4940	498.18600788245
12	1319	4940	447.81666555996
12	1381	5170	402.3180268807
12	1384	5180	444.101063762
12	1428	5330	334.81405999766
12	1493	5560	320.19124130852
12	1578	5890	339.96059483711
12	1664	6260	524.47639480436
12	1690	6370	350.49762994614
12	1851	7000	306.93481146485
12	1872	7090	321.92233188711
12	1901	7220	446.5765617225
12	1927	7340	440.02237961714
12	2033	7810	361.79130278788
12	2077	7970	367.80294090981
12	2100	8050	308.20148258115
12	2113	8090	381.16699352439
12	2144	8200	390.5677219945
12	2276	8680	388.09718492205
12	2281	8690	354.08307663392
12	2328	8900	451.3608718142
12	2394	9160	380.62356314461
12	2409	9208.168794907387	200
12	2439	9310	253.24348379549
12	2455	9370	349.39657068358
12	2457	9380	436.49543157585
12	2600	9880	380.57615950321
12	2629	9980	461.57818469515
12	2749	10450	371.39306339189
12	2784	10600	384.89886645488
12	2788	10610	310.07010473569
12	2865	10940	507.20069350168
12	3011	11530	330.7781182762
12	3020	11567.90889747679	300
12	3083	11780	406.40463238461
12	3098	11830	208.32445662614
12	3122	11900	437.26702259417
12	3179	12075.24862699546	200
12	3199	12130	357.95226618652
12	3243	12280	391.37788016045
12	3488	13330	368.60457505889
12	3605	13840	361.72603483807
12	3763	14300	491.64090424999
12	3805	14410	371.96273653133
12	3806	14410	357.83379150239
12	3851	14560	382.26944459888
12	3924	14780	463.99615031168
12	4288	16370	374.99995498648
12	4401	16820	448.7146199219
12	4472	17060	430.16090130264
12	4481	17090	358.79591381826
12	4511	17200	308.44794019005
12	4604	17570	339.95114767286
12	4635	17710	271.3519235547
12	4674	17894.563726403863	300
12	4755	18260	539.75886205198
12	4780	18370	381.23478116941
12	4782	18380	493.31195557158
12	4887	18860	505.22631350095
12	4888	18860	449.91408235429
13	508	1960	107.74663873669
13	509	1960	33.552024165538
13	661	2573.456976881272	0
13	693	2690	81.958283946837
13	809	3130	102.06697800732
13	924	3550	88.269238121934
13	979	3740	120.24112209584
13	1011	3850	4.356936910054
13	1067	4030	39.682119623491
13	1087	4100	67.414965690896
13	1190	4480	4.58870202745
13	1214	4571.475112309051	0
13	1216	4580	48.869513910027
13	1230	4630	71.943448406412
13	1298	4870	35.049038195495
13	1318	4940	98.186007882451
13	1319	4940	47.81666555996
13	1381	5170	102.3180268807
13	1384	5180	44.101063762
13	1428	5330	34.814059997661
13	1493	5560	20.191241308516
13	1578	5890	39.960594837108
13	1664	6260	124.47639480436
13	1690	6370	50.497629946138
13	1851	7000	6.934811464849
13	1872	7090	21.922331887109
13	1901	7220	46.576561722502
13	1927	7340	40.022379617136
13	2033	7810	61.791302787884
13	2077	7970	67.802940909808
13	2100	8050	8.201482581147
13	2113	8090	81.166993524388
13	2144	8200	90.567721994496
13	2276	8680	88.09718492205
13	2281	8690	54.083076633922
13	2328	8900	51.360871814198
13	2394	9160	80.623563144613
13	2409	9208.168794907387	0
13	2439	9310	53.243483795487
13	2455	9370	49.396570683582
13	2457	9380	36.495431575855
13	2600	9880	80.576159503205
13	2629	9980	61.578184695147
13	2749	10450	71.393063391886
13	2784	10600	84.89886645488
13	2788	10610	10.07010473569
13	2865	10940	107.20069350168
13	3011	11530	30.778118276202
13	3020	11567.90889747679	0
13	3083	11780	6.404632384605
13	3098	11830	8.324456626142
13	3122	11900	37.267022594169
13	3179	12075.24862699546	0
13	3199	12130	57.952266186521
13	3243	12280	91.377880160451
13	3488	13330	68.604575058889
13	3605	13840	61.726034838074
13	3763	14300	91.640904249988
13	3805	14410	71.962736531332
13	3806	14410	57.833791502388
13	3851	14560	82.269444598881
13	3924	14780	63.996150311682
13	4288	16370	74.999954986475
13	4401	16820	48.714619921897
13	4472	17060	30.160901302642
13	4481	17090	58.795913818259
13	4511	17200	8.447940190052
13	4604	17570	39.951147672857
13	4635	17710	71.351923554704
13	4674	17894.563726403863	0
13	4755	18260	139.75886205198
13	4780	18370	81.234781169406
13	4782	18380	93.311955571577
13	4887	18860	105.22631350095
13	4888	18860	49.914082354289
14	508	1960	2
14	509	1960	2
14	661	2573.456976881272	2
14	693	2690	2
14	809	3130	2
14	924	3550	1
14	979	3740	3
14	1011	3850	2
14	1067	4030	1
14	1087	4100	3
14	1190	4480	2
14	1214	4571.475112309051	2
14	1216	4580	3
14	1230	4630	1
14	1298	4870	1
14	1318	4940	3
14	1319	4940	3
14	1381	5170	2
14	1384	5180	3
14	1428	5330	2
14	1493	5560	2
14	1578	5890	2
14	1664	6260	3
14	1690	6370	2
14	1851	7000	2
14	1872	7090	2
14	1901	7220	3
14	1927	7340	3
14	2033	7810	2
14	2077	7970	2
14	2100	8050	2
14	2113	8090	2
14	2144	8200	2
14	2276	8680	2
14	2281	8690	2
14	2328	8900	3
14	2394	9160	2
14	2409	9208.168794907387	1
14	2439	9310	1
14	2455	9370	2
14	2457	9380	3
14	2600	9880	2
14	2629	9980	3
14	2749	10450	2
14	2784	10600	2
14	2788	10610	2
14	2865	10940	3
14	3011	11530	2
14	3020	11567.90889747679	2
14	3083	11780	3
14	3098	11830	1
14	3122	11900	3
14	3179	12075.24862699546	1
14	3199	12130	2
14	3243	12280	2
14	3488	13330	2
14	3605	13840	2
14	3763	14300	3
14	3805	14410	2
14	3806	14410	2
14	3851	14560	2
14	3924	14780	3
14	4288	16370	2
14	4401	16820	3
14	4472	17060	3
14	4481	17090	2
14	4511	17200	2
14	4604	17570	2
14	4635	17710	1
14	4674	17894.563726403863	2
14	4755	18260	3
14	4780	18370	2
14	4782	18380	3
14	4887	18860	3
14	4888	18860	3
15	346	1240	332.23860184085
15	376	1360	303.51482312534
15	405	1490	471.32193423568
15	413	1520	348.01930975094
15	431	1600	335.03675467553
15	566	2200	321.07221585632
15	692	2690	520.13046660024
15	731	2830	332.09493617514
15	758	2930	417.80886509292
15	826	3200	369.29304522474
15	915	3520	382.50402424478
15	955	3650	425.7675618083
15	962	3670	408.39658386219
15	988	3760	354.08415244737
15	1084	4090	207.85638734115
15	1139	4297.067871431035	300
15	1158	4370	506.75195431656
15	1232	4630	388.04676604076
15	1392	5210	400.42678600704
15	1427	5330	507.2723918029
15	1462	5450	418.57841257993
15	1527	5680	424.49890919973
15	1534	5720	326.60207660778
15	1549	5770	228.7198258171
15	1852	7000.997563899821	300
15	1860	7040	352.21444583887
15	2065	7940.955806136145	200
15	2101	8050	204.36978648141
15	2145	8210	452.46667476084
15	2180	8330	470.82018308221
15	2192	8360	355.9704113123
15	2243	8560	333.55983735508
15	2277	8680	343.68690009435
15	2280	8690	458.74167418405
15	2557	9730	201.39455923793
15	2638	10000	369.08487185232
15	2640	10010	516.57779188453
15	2667	10120	421.8455843796
15	2676	10150	380.27107110273
15	2700	10240	369.90546765918
15	2903	11090	460.33405945751
15	2929	11200	312.71655334877
15	2962	11350	326.50448917891
15	3099	11840	387.86883800446
15	3101	11840.842568358361	300
15	3208	12160	306.05742092903
15	3218	12190	326.39248803639
15	3256	12325.136384337948	300
15	3356	12760	383.79913350492
15	3358	12770	492.29115615728
15	3382	12890	484.75708232069
15	3439	13130	467.42309658696
15	3440	13130	490.12097565504
15	3495	13360	369.90398041113
15	3549	13610	517.27329839012
15	3576	13730	524.22590459787
15	3610	13850	514.24900864382
15	3696	14110	359.01746020956
15	3783	14360	337.04130954594
15	3817	14450	495.61326513474
15	3895	14680	400.55661846223
15	3979	14950	328.64450940609
15	4107	15520	366.39551361241
15	4122	15574.339298216679	300
15	4263	16250	539.81738048549
15	4264	16250	499.682314418
15	4410	16840	397.09791826364
15	4480	17090	528.13765713441
15	4602	17560	338.92357380206
15	4629	17690	431.58306272546
15	4709	18050	476.7488262672
15	4733	18160	323.77362460328
15	4761	18280	376.19461900101
15	4817	18520	425.61358544773
15	4954	19150	352.06860740539
16	346	1240	32.238601840847
16	376	1360	3.514823125339
16	405	1490	71.321934235681
16	413	1520	48.019309750938
16	431	1600	35.036754675533
16	566	2200	21.072215856317
16	692	2690	120.13046660024
16	731	2830	32.094936175139
16	758	2930	17.808865092918
16	826	3200	69.293045224743
16	915	3520	82.504024244782
16	955	3650	25.767561808303
16	962	3670	108.39658386219
16	988	3760	54.08415244737
16	1084	4090	7.856387341155
16	1139	4297.067871431035	0
16	1158	4370	106.75195431656
16	1232	4630	88.046766040755
16	1392	5210	0.426786007045
16	1427	5330	107.2723918029
16	1462	5450	18.578412579933
16	1527	5680	124.49890919973
16	1534	5720	26.602076607781
16	1549	5770	28.719825817097
16	1852	7000.997563899821	0
16	1860	7040	52.214445838872
16	2065	7940.955806136145	0
16	2101	8050	4.369786481409
16	2145	8210	52.466674760835
16	2180	8330	70.820183082209
16	2192	8360	55.970411312298
16	2243	8560	33.55983735508
16	2277	8680	43.68690009435
16	2280	8690	58.74167418405
16	2557	9730	1.394559237933
16	2638	10000	69.084871852317
16	2640	10010	116.57779188453
16	2667	10120	121.8455843796
16	2676	10150	80.271071102733
16	2700	10240	69.905467659185
16	2903	11090	60.334059457508
16	2929	11200	12.716553348769
16	2962	11350	26.504489178913
16	3099	11840	87.868838004463
16	3101	11840.842568358361	0
16	3208	12160	6.05742092903
16	3218	12190	26.392488036386
16	3256	12325.136384337948	0
16	3356	12760	83.799133504917
16	3358	12770	92.29115615728
16	3382	12890	84.757082320687
16	3439	13130	67.423096586963
16	3440	13130	90.120975655039
16	3495	13360	69.903980411125
16	3549	13610	117.27329839012
16	3576	13730	124.22590459787
16	3610	13850	114.24900864382
16	3696	14110	59.017460209559
16	3783	14360	37.041309545944
16	3817	14450	95.613265134741
16	3895	14680	100.55661846223
16	3979	14950	28.644509406094
16	4107	15520	66.395513612411
16	4122	15574.339298216679	0
16	4263	16250	139.81738048549
16	4264	16250	99.682314418002
16	4410	16840	97.097918263639
16	4480	17090	128.13765713441
16	4602	17560	38.923573802056
16	4629	17690	31.583062725463
16	4709	18050	76.748826267202
16	4733	18160	23.77362460328
16	4761	18280	76.194619001015
16	4817	18520	125.61358544773
16	4954	19150	52.068607405386
17	346	1240	2
17	376	1360	2
17	405	1490	3
17	413	1520	2
17	431	1600	2
17	566	2200	2
17	692	2690	3
17	731	2830	2
17	758	2930	3
17	826	3200	2
17	915	3520	2
17	955	3650	3
17	962	3670	2
17	988	3760	2
17	1084	4090	1
17	1139	4297.067871431035	2
17	1158	4370	3
17	1232	4630	2
17	1392	5210	3
17	1427	5330	3
17	1462	5450	3
17	1527	5680	2
17	1534	5720	2
17	1549	5770	1
17	1852	7000.997563899821	2
17	1860	7040	2
17	2065	7940.955806136145	1
17	2101	8050	1
17	2145	8210	3
17	2180	8330	3
17	2192	8360	2
17	2243	8560	2
17	2277	8680	2
17	2280	8690	3
17	2557	9730	1
17	2638	10000	2
17	2640	10010	3
17	2667	10120	2
17	2676	10150	2
17	2700	10240	2
17	2903	11090	3
17	2929	11200	2
17	2962	11350	2
17	3099	11840	2
17	3101	11840.842568358361	2
17	3208	12160	2
17	3218	12190	2
17	3256	12325.136384337948	2
17	3356	12760	2
17	3358	12770	3
17	3382	12890	3
17	3439	13130	3
17	3440	13130	3
17	3495	13360	2
17	3549	13610	3
17	3576	13730	3
17	3610	13850	3
17	3696	14110	2
17	3783	14360	2
17	3817	14450	3
17	3895	14680	2
17	3979	14950	2
17	4107	15520	2
17	4122	15574.339298216679	2
17	4263	16250	3
17	4264	16250	3
17	4410	16840	2
17	4480	17090	3
17	4602	17560	2
17	4629	17690	3
17	4709	18050	3
17	4733	18160	2
17	4761	18280	2
17	4817	18520	2
17	4954	19150	2
18	318	1130	520.03291906746
18	326	1160	337.67750648784
18	382	1390	342.33931462675
18	412	1520	371.09553356523
18	482	1840	327.51254234807
18	510	1960	339.40169125996
18	567	2200	399.99783355946
18	606	2360	389.51362321092
18	736	2840	388.95075867763
18	827	3200	322.50141120057
18	894	3430	352.48323783577
18	991	3770	460.5768183788
18	1021	3880	312.13553999897
18	1133	4280	359.43793535003
18	1235	4640	348.12314252743
18	1324	4960	320.47677138615
18	1326	4970	478.08517971354
18	1333	5000	379.74935892355
18	1391	5210	517.31058872257
18	1463	5450	400.92791095021
18	1470	5470	385.98336222531
18	1563	5830	369.55847170966
18	1587	5930	443.81453489915
18	1593	5960	330.45215349261
18	1697	6400	355.57728895265
18	1788	6770	475.86628094038
18	1828	6910	386.35671762908
18	1932	7360	400.02657411204
18	2161	8260	223.54754550753
18	2218	8440	417.8600278919
18	2301	8766.782743456046	200
18	2310	8810	445.67366579976
18	2440	9310	316.33311931047
18	2463	9400	381.91047683657
18	2670	10130	403.34004296513
18	2678	10160	316.64933937592
18	2699	10240	376.53489684996
18	2735	10400	318.54443000036
18	2816	10720	411.85298701199
18	2902	11090	443.62976607798
18	2928	11200	328.394672584
18	3150	11984.099081018535	200
18	3212	12170	495.525531701
18	3253	12320	321.32048607289
18	3305	12530	436.05476251984
18	3338	12680	323.10109072834
18	3418	13040	342.67687740007
18	3474	13270	325.3460418924
18	3554	13630	328.98271538921
18	3685	14080	334.84409206802
18	3686	14080	371.4543756885
18	3689	14081.411772145631	300
18	3816	14450	513.70850724719
18	3862	14590	387.95530253631
18	3872	14620	238.52052987116
18	3934	14810	461.3970768404
18	3944	14840	319.41385378321
18	4000	15040	406.02937488851
18	4002	15040	318.09257940784
18	4058	15290	438.96021213868
18	4059	15292.628133236278	400
18	4086	15410	490.71905331539
18	4093	15438.682980194194	300
18	4161	15770	538.71787120529
18	4244	16150	361.60800976937
18	4414	16850	429.14734821234
18	4477	17080	342.35872871174
18	4512	17200	401.48762832575
18	4513	17210	502.85123039778
18	4588	17519.048902180131	200
18	4647	17764.036914182396	200
18	4738	18170	455.86952440074
18	4802	18460	215.62545264824
18	4875	18790	394.24681021154
18	4947	19120	347.67174379238
18	5015	19360	324.35426762069
18	5121	19780	246.03355336367
19	318	1130	120.03291906746
19	326	1160	37.677506487837
19	382	1390	42.339314626751
19	412	1520	71.095533565228
19	482	1840	27.512542348069
19	510	1960	39.401691259962
19	567	2200	99.997833559462
19	606	2360	89.51362321092
19	736	2840	88.950758677632
19	827	3200	22.501411200566
19	894	3430	52.483237835773
19	991	3770	60.576818378799
19	1021	3880	12.135539998971
19	1133	4280	59.43793535003
19	1235	4640	48.123142527434
19	1324	4960	20.476771386149
19	1326	4970	78.08517971354
19	1333	5000	79.749358923554
19	1391	5210	117.31058872257
19	1463	5450	0.927910950215
19	1470	5470	85.983362225307
19	1563	5830	69.558471709659
19	1587	5930	43.814534899147
19	1593	5960	30.452153492605
19	1697	6400	55.577288952647
19	1788	6770	75.866280940379
19	1828	6910	86.356717629081
19	1932	7360	100.02657411204
19	2161	8260	23.547545507529
19	2218	8440	117.8600278919
19	2301	8766.782743456046	0
19	2310	8810	45.673665799759
19	2440	9310	16.333119310468
19	2463	9400	81.910476836569
19	2670	10130	3.340042965126
19	2678	10160	16.649339375918
19	2699	10240	76.534896849963
19	2735	10400	18.544430000355
19	2816	10720	111.85298701199
19	2902	11090	43.629766077978
19	2928	11200	28.394672584002
19	3150	11984.099081018535	0
19	3212	12170	95.525531701
19	3253	12320	21.320486072895
19	3305	12530	36.05476251984
19	3338	12680	23.101090728336
19	3418	13040	42.676877400075
19	3474	13270	25.346041892401
19	3554	13630	28.982715389207
19	3685	14080	34.844092068016
19	3686	14080	71.454375688497
19	3689	14081.411772145631	0
19	3816	14450	113.70850724719
19	3862	14590	87.955302536309
19	3872	14620	38.520529871159
19	3934	14810	61.3970768404
19	3944	14840	19.413853783207
19	4000	15040	106.02937488851
19	4002	15040	18.092579407837
19	4058	15290	38.960212138682
19	4059	15292.628133236278	0
19	4086	15410	90.719053315389
19	4093	15438.682980194194	0
19	4161	15770	138.71787120529
19	4244	16150	61.608009769372
19	4414	16850	29.14734821234
19	4477	17080	42.358728711738
19	4512	17200	101.48762832575
19	4513	17210	102.85123039778
19	4588	17519.048902180131	0
19	4647	17764.036914182396	0
19	4738	18170	55.869524400741
19	4802	18460	15.625452648239
19	4875	18790	94.246810211537
19	4947	19120	47.671743792383
19	5015	19360	24.354267620686
19	5121	19780	46.033553363666
20	318	1130	3
20	326	1160	2
20	382	1390	2
20	412	1520	2
20	482	1840	2
20	510	1960	2
20	567	2200	2
20	606	2360	2
20	736	2840	2
20	827	3200	2
20	894	3430	2
20	991	3770	3
20	1021	3880	2
20	1133	4280	2
20	1235	4640	2
20	1324	4960	2
20	1326	4970	3
20	1333	5000	2
20	1391	5210	3
20	1463	5450	3
20	1470	5470	2
20	1563	5830	2
20	1587	5930	3
20	1593	5960	2
20	1697	6400	2
20	1788	6770	3
20	1828	6910	2
20	1932	7360	2
20	2161	8260	1
20	2218	8440	2
20	2301	8766.782743456046	1
20	2310	8810	3
20	2440	9310	2
20	2463	9400	2
20	2670	10130	3
20	2678	10160	2
20	2699	10240	2
20	2735	10400	2
20	2816	10720	2
20	2902	11090	3
20	2928	11200	2
20	3150	11984.099081018535	1
20	3212	12170	3
20	3253	12320	2
20	3305	12530	3
20	3338	12680	2
20	3418	13040	2
20	3474	13270	2
20	3554	13630	2
20	3685	14080	2
20	3686	14080	2
20	3689	14081.411772145631	2
20	3816	14450	3
20	3862	14590	2
20	3872	14620	1
20	3934	14810	3
20	3944	14840	2
20	4000	15040	2
20	4002	15040	2
20	4058	15290	3
20	4059	15292.628133236278	3
20	4086	15410	3
20	4093	15438.682980194194	2
20	4161	15770	3
20	4244	16150	2
20	4414	16850	3
20	4477	17080	2
20	4512	17200	2
20	4513	17210	3
20	4588	17519.048902180131	1
20	4647	17764.036914182396	1
20	4738	18170	3
20	4802	18460	1
20	4875	18790	2
20	4947	19120	2
20	5015	19360	2
20	5121	19780	1
21	285	1000	276.98200917334
21	300	1060	302.66101793296
21	317	1120	284.74074567409
21	420	1550	369.18703099345
21	440	1640	434.63489088764
21	583	2260	377.70655645487
21	637	2480	415.44371845556
21	733	2830	302.90864507236
21	742	2870	316.9035021865
21	802	3100	401.25538073528
21	803	3110	318.0885118127
21	815	3160	254.19455180634
21	848	3280	264.65463551237
21	859	3310	386.03485935608
21	968	3680	499.91932689522
21	1038	3950	370.13284642338
21	1060	4000	206.41936892342
21	1123	4240	250.45845185422
21	1157	4360	253.72244684576
21	1167	4400	447.61592424046
21	1390	5200	284.80361384701
21	1435	5350	331.08948238282
21	1459	5440	262.27094274983
21	1566	5840	468.92209835552
21	1585	5920	280.05124071149
21	1601	5990	338.87207203521
21	1727	6531.819619961565	200
21	1770	6700	313.1196220453
21	1962	7510	406.00290985909
21	2162	8260	369.08660765905
21	2227	8480	526.21929886698
21	2252	8590	391.75601879571
21	2288	8720	482.60673150632
21	2369	9070	337.15255147545
21	2405	9200	528.22583853987
21	2476	9440	523.25055063722
21	2553	9720.194097926702	300
21	2576	9800	467.47544018882
21	2677	10150	316.81448315585
21	2850	10870	369.67855559709
21	2880	10990	364.17539071158
21	2883	11000	461.83424534289
21	2909	11110	424.9992027697
21	3061	11710	339.83067044295
21	3071	11740	357.83569866012
21	3100	11840	436.42188903534
21	3139	11960	456.11953451951
21	3236	12248.687557100729	300
21	3255	12321.771870826774	400
21	3291	12460	395.18111013641
21	3311	12550	380.47477762041
21	3330	12640	243.50031127617
21	3408	13000	272.97491710112
21	3475	13270	333.29937594548
21	3556	13640	517.96669567367
21	3655	13990	330.39215838163
21	3825	14470	332.43841438304
21	3865	14600	507.72303946846
21	3905	14710	345.29948907075
21	3907	14720	455.83434542697
21	3980	14950	368.59852554992
21	4067	15320	485.25011434862
21	4168	15800	481.50346143152
21	4212	16000	250.52925499103
21	4223	16030	327.86896568119
21	4248	16150	327.9923365118
21	4360	16670	355.27959706629
21	4383	16760	428.39425123879
21	4430	16910	303.63578476907
21	4451	16990	306.95670884477
21	4457	17000	495.71052816301
21	4491	17110	310.38693941578
21	4559	17380	320.626036263
21	4830	18590	307.07299058267
21	4902	18920	448.24370759947
21	4988	19280	495.1318047501
21	4989	19280	501.28807586303
21	5061	19550	316.94760487543
21	5083	19640	452.60113493432
21	5084	19640	424.52326964373
21	5177	20000	434.34118924645
22	285	1000	76.982009173337
22	300	1060	2.661017932965
22	317	1120	84.740745674093
22	420	1550	69.187030993452
22	440	1640	34.634890887643
22	583	2260	77.706556454868
22	637	2480	15.443718455565
22	733	2830	2.908645072359
22	742	2870	16.903502186502
22	802	3100	101.25538073528
22	803	3110	18.088511812696
22	815	3160	54.194551806338
22	848	3280	64.654635512374
22	859	3310	86.034859356084
22	968	3680	99.919326895223
22	1038	3950	70.132846423376
22	1060	4000	6.41936892342
22	1123	4240	50.458451854223
22	1157	4360	53.72244684576
22	1167	4400	47.615924240461
22	1390	5200	84.803613847006
22	1435	5350	31.089482382816
22	1459	5440	62.270942749828
22	1566	5840	68.922098355519
22	1585	5920	80.051240711495
22	1601	5990	38.872072035209
22	1727	6531.819619961565	0
22	1770	6700	13.119622045296
22	1962	7510	106.00290985909
22	2162	8260	69.086607659049
22	2227	8480	126.21929886697
22	2252	8590	91.756018795711
22	2288	8720	82.606731506321
22	2369	9070	37.15255147545
22	2405	9200	128.22583853987
22	2476	9440	123.25055063722
22	2553	9720.194097926702	0
22	2576	9800	67.475440188823
22	2677	10150	16.814483155855
22	2850	10870	69.678555597089
22	2880	10990	64.175390711581
22	2883	11000	61.834245342894
22	2909	11110	124.9992027697
22	3061	11710	39.830670442952
22	3071	11740	57.835698660118
22	3100	11840	36.421889035344
22	3139	11960	56.119534519511
22	3236	12248.687557100729	0
22	3255	12321.771870826774	0
22	3291	12460	95.181110136411
22	3311	12550	80.474777620408
22	3330	12640	43.500311276165
22	3408	13000	72.974917101123
22	3475	13270	33.299375945482
22	3556	13640	117.96669567367
22	3655	13990	30.392158381635
22	3825	14470	32.438414383042
22	3865	14600	107.72303946846
22	3905	14710	45.299489070747
22	3907	14720	55.834345426974
22	3980	14950	68.598525549922
22	4067	15320	85.250114348624
22	4168	15800	81.503461431524
22	4212	16000	50.529254991027
22	4223	16030	27.868965681188
22	4248	16150	27.992336511797
22	4360	16670	55.279597066286
22	4383	16760	28.39425123879
22	4430	16910	3.635784769074
22	4451	16990	6.95670884477
22	4457	17000	95.710528163011
22	4491	17110	10.386939415779
22	4559	17380	20.626036263004
22	4830	18590	7.072990582669
22	4902	18920	48.243707599473
22	4988	19280	95.131804750101
22	4989	19280	101.28807586303
22	5061	19550	16.947604875426
22	5083	19640	52.601134934317
22	5084	19640	24.523269643735
22	5177	20000	34.34118924645
23	285	1000	1
23	300	1060	2
23	317	1120	1
23	420	1550	2
23	440	1640	3
23	583	2260	2
23	637	2480	3
23	733	2830	2
23	742	2870	2
23	802	3100	2
23	803	3110	2
23	815	3160	1
23	848	3280	1
23	859	3310	2
23	968	3680	3
23	1038	3950	2
23	1060	4000	1
23	1123	4240	1
23	1157	4360	1
23	1167	4400	3
23	1390	5200	1
23	1435	5350	2
23	1459	5440	1
23	1566	5840	3
23	1585	5920	1
23	1601	5990	2
23	1727	6531.819619961565	1
23	1770	6700	2
23	1962	7510	2
23	2162	8260	2
23	2227	8480	3
23	2252	8590	2
23	2288	8720	3
23	2369	9070	2
23	2405	9200	3
23	2476	9440	3
23	2553	9720.194097926702	2
23	2576	9800	3
23	2677	10150	2
23	2850	10870	2
23	2880	10990	2
23	2883	11000	3
23	2909	11110	2
23	3061	11710	2
23	3071	11740	2
23	3100	11840	3
23	3139	11960	3
23	3236	12248.687557100729	2
23	3255	12321.771870826774	3
23	3291	12460	2
23	3311	12550	2
23	3330	12640	1
23	3408	13000	1
23	3475	13270	2
23	3556	13640	3
23	3655	13990	2
23	3825	14470	2
23	3865	14600	3
23	3905	14710	2
23	3907	14720	3
23	3980	14950	2
23	4067	15320	3
23	4168	15800	3
23	4212	16000	1
23	4223	16030	2
23	4248	16150	2
23	4360	16670	2
23	4383	16760	3
23	4430	16910	2
23	4451	16990	2
23	4457	17000	3
23	4491	17110	2
23	4559	17380	2
23	4830	18590	2
23	4902	18920	3
23	4988	19280	3
23	4989	19280	3
23	5061	19550	2
23	5083	19640	3
23	5084	19640	3
23	5177	20000	3
24	334	1190	374.40200771099
24	545	2120	459.73448849803
24	575	2240	521.78184752492
24	576	2240	517.5986258313
24	605	2350	393.87184736742
24	636	2480	458.07650280315
24	791	3070	335.30695873381
24	824	3190	407.85260687457
24	863	3320	501.75171042388
24	967	3680	467.97717158151
24	996	3790	387.52868402725
24	997	3790	311.93113218523
24	1074	4060	306.99284831746
24	1272	4780	399.54429091818
24	1473	5480	425.2432116786
24	1551	5770	253.41915372247
24	1683	6350	377.24434905517
24	1710	6460	380.9233444983
24	1763	6680	440.22409008752
24	1797	6800	454.34830857699
24	1804	6820	303.21461338632
24	1915	7270	387.79727879539
24	1987	7640	400.88425593255
24	2018	7760	485.68121372438
24	2091	8020	341.60644947959
24	2121	8110	409.96698399109
24	2122	8110	382.17103045976
24	2406	9200	514.92188418701
24	2414	9220	360.96099749478
24	2473	9430	322.37005112598
24	2510	9550	372.09498114803
24	2706	10270	330.11280039063
24	2809	10690	236.31184704448
24	3006	11507.621266541187	300
24	3148	11980	362.53122715547
24	3182	12080	451.76383783249
24	3219	12190	421.42649627825
24	3254	12320	443.3323848293
24	3310	12550	416.8036369445
24	3619	13880	480.87153979485
24	3697	14120	431.68871370866
24	3709	14149.611889332038	300
24	3716	14170	261.2550800527
24	3784	14360	465.3169455817
24	3987	14990	387.70210771247
24	4042	15220	384.15360694627
24	4201	15940	384.20118033281
24	4246	16150	434.78282784135
24	4249	16150	352.05601280721
24	4322	16520	495.90860621872
24	4337	16570	206.740127951
24	4523	17240	468.58460387785
24	4531	17260	339.96059977076
24	4587	17500	330.00968334635
24	5156	19910	326.3036880206
25	334	1190	74.402007710992
25	545	2120	59.734488498033
25	575	2240	121.78184752492
25	576	2240	117.59862583131
25	605	2350	93.871847367416
25	636	2480	58.076502803153
25	791	3070	35.306958733806
25	824	3190	107.85260687458
25	863	3320	101.75171042388
25	967	3680	67.977171581513
25	996	3790	87.528684027254
25	997	3790	11.93113218523
25	1074	4060	6.992848317455
25	1272	4780	99.544290918178
25	1473	5480	25.243211678596
25	1551	5770	53.419153722468
25	1683	6350	77.244349055167
25	1710	6460	80.923344498301
25	1763	6680	40.224090087523
25	1797	6800	54.348308576994
25	1804	6820	3.214613386322
25	1915	7270	87.797278795385
25	1987	7640	0.884255932547
25	2018	7760	85.681213724377
25	2091	8020	41.60644947959
25	2121	8110	109.96698399109
25	2122	8110	82.17103045976
25	2406	9200	114.92188418701
25	2414	9220	60.960997494784
25	2473	9430	22.370051125981
25	2510	9550	72.094981148029
25	2706	10270	30.112800390632
25	2809	10690	36.311847044479
25	3006	11507.621266541187	0
25	3148	11980	62.53122715547
25	3182	12080	51.763837832489
25	3219	12190	121.42649627825
25	3254	12320	43.332384829301
25	3310	12550	116.8036369445
25	3619	13880	80.871539794849
25	3697	14120	31.688713708662
25	3709	14149.611889332038	0
25	3716	14170	61.255080052704
25	3784	14360	65.316945581703
25	3987	14990	87.70210771247
25	4042	15220	84.15360694627
25	4201	15940	84.201180332808
25	4246	16150	134.78282784135
25	4249	16150	52.056012807211
25	4322	16520	95.908606218719
25	4337	16570	6.740127951
25	4523	17240	68.584603877846
25	4531	17260	39.960599770759
25	4587	17500	30.009683346354
25	5156	19910	26.303688020603
26	334	1190	2
26	545	2120	3
26	575	2240	3
26	576	2240	3
26	605	2350	2
26	636	2480	3
26	791	3070	2
26	824	3190	2
26	863	3320	3
26	967	3680	3
26	996	3790	2
26	997	3790	2
26	1074	4060	2
26	1272	4780	2
26	1473	5480	3
26	1551	5770	1
26	1683	6350	2
26	1710	6460	2
26	1763	6680	3
26	1797	6800	3
26	1804	6820	2
26	1915	7270	2
26	1987	7640	3
26	2018	7760	3
26	2091	8020	2
26	2121	8110	2
26	2122	8110	2
26	2406	9200	3
26	2414	9220	2
26	2473	9430	2
26	2510	9550	2
26	2706	10270	2
26	2809	10690	1
26	3006	11507.621266541187	2
26	3148	11980	2
26	3182	12080	3
26	3219	12190	2
26	3254	12320	3
26	3310	12550	2
26	3619	13880	3
26	3697	14120	3
26	3709	14149.611889332038	2
26	3716	14170	1
26	3784	14360	3
26	3987	14990	2
26	4042	15220	2
26	4201	15940	2
26	4246	16150	2
26	4249	16150	2
26	4322	16520	3
26	4337	16570	1
26	4523	17240	3
26	4531	17260	2
26	4587	17500	2
26	5156	19910	2
27	302	1070	454.8237472793
27	366	1310	428.04762040591
27	426	1580	386.32805520738
27	446	1660	339.86837190936
27	709	2740	305.10626971058
27	937	3580	324.82778488254
27	1049	3980	314.60975215124
27	1057	3992.139972218241	300
27	1076	4070	494.9414703523
27	1140	4300	321.20444726285
27	1273	4780	360.50647805067
27	1282	4810	385.46747122143
27	1343	5020	362.21553962535
27	1374	5140	327.55439108481
27	1412	5260	362.62808867518
27	1471	5470	225.78701547901
27	1628	6100	349.51770507284
27	1654	6220	396.5549716696
27	1655	6220	341.07320099073
27	1747	6615.03090955614	300
27	1899	7210	399.19575682182
27	1968	7540	427.20243673587
27	2025	7780	332.96551738179
27	2034	7820	356.75201667931
27	2093	8030	460.76240461432
27	2191	8350	275.1942190679
27	2207	8410	326.58010613525
27	2295	8740	405.84526379833
27	2381	9110	518.98256044352
27	2483	9460	316.77554718715
27	2494	9507.183898353379	300
27	2517	9580	329.92161113985
27	2526	9610	361.9241032487
27	2548	9700	377.5591325464
27	2590	9850	348.33491207761
27	2707	10270	274.52776253679
27	2811	10700	369.71844621819
27	2859	10910	484.03286036522
27	2972	11390	406.45454684147
27	3027	11590	254.84467321892
27	3251	12310	231.16325080244
27	3429	13090	318.04638697904
27	3481	13300	300.35172287148
27	3489	13330	397.9816358862
27	3750	14270	502.72406672534
27	3807	14410	333.58076272707
27	3837	14500	351.92965687062
27	3839	14510	462.14595423731
27	3873	14620	383.74094833265
27	3887	14650	372.36722139633
27	3917	14750	514.959621074
27	3951	14870	506.48165919421
27	3961	14900	328.82179164219
27	4010	15086.968615246553	200
27	4043	15220	431.77417001134
27	4052	15260	339.75024048673
27	4391	16780	369.25065257386
27	4532	17260	433.08190066147
27	4560	17380	381.92153701162
27	4594	17530	311.93239053311
27	4616	17630	507.92778058531
27	4667	17860	402.23933643291
27	4748	18220	300.94064310706
27	4853	18700	385.16312697157
27	4914	18980	320.23116534872
27	4998	19300	324.0295422588
28	302	1070	54.8237472793
28	366	1310	28.047620405907
28	426	1580	86.32805520738
28	446	1660	39.868371909356
28	709	2740	5.106269710581
28	937	3580	24.827784882541
28	1049	3980	14.609752151237
28	1057	3992.139972218241	0
28	1076	4070	94.941470352305
28	1140	4300	21.204447262845
28	1273	4780	60.506478050668
28	1282	4810	85.467471221433
28	1343	5020	62.215539625346
28	1374	5140	27.55439108481
28	1412	5260	62.628088675184
28	1471	5470	25.78701547901
28	1628	6100	49.517705072836
28	1654	6220	96.5549716696
28	1655	6220	41.07320099073
28	1747	6615.03090955614	0
28	1899	7210	99.195756821824
28	1968	7540	127.20243673587
28	2025	7780	32.965517381787
28	2034	7820	56.752016679309
28	2093	8030	60.762404614316
28	2191	8350	75.194219067896
28	2207	8410	26.580106135252
28	2295	8740	105.84526379833
28	2381	9110	118.98256044352
28	2483	9460	16.775547187148
28	2494	9507.183898353379	0
28	2517	9580	29.92161113985
28	2526	9610	61.924103248704
28	2548	9700	77.559132546401
28	2590	9850	48.334912077614
28	2707	10270	74.527762536785
28	2811	10700	69.718446218194
28	2859	10910	84.032860365223
28	2972	11390	6.45454684147
28	3027	11590	54.844673218918
28	3251	12310	31.163250802436
28	3429	13090	18.046386979041
28	3481	13300	0.351722871481
28	3489	13330	97.981635886197
28	3750	14270	102.72406672534
28	3807	14410	33.580762727072
28	3837	14500	51.929656870623
28	3839	14510	62.14595423731
28	3873	14620	83.740948332651
28	3887	14650	72.367221396332
28	3917	14750	114.959621074
28	3951	14870	106.48165919421
28	3961	14900	28.821791642189
28	4010	15086.968615246553	0
28	4043	15220	131.77417001134
28	4052	15260	39.750240486735
28	4391	16780	69.250652573861
28	4532	17260	133.08190066147
28	4560	17380	81.921537011616
28	4594	17530	11.932390533109
28	4616	17630	107.92778058531
28	4667	17860	102.23933643291
28	4748	18220	0.940643107063
28	4853	18700	85.16312697157
28	4914	18980	20.23116534872
28	4998	19300	24.029542258802
29	302	1070	3
29	366	1310	3
29	426	1580	2
29	446	1660	2
29	709	2740	2
29	937	3580	2
29	1049	3980	2
29	1057	3992.139972218241	2
29	1076	4070	3
29	1140	4300	2
29	1273	4780	2
29	1282	4810	2
29	1343	5020	2
29	1374	5140	2
29	1412	5260	2
29	1471	5470	1
29	1628	6100	2
29	1654	6220	2
29	1655	6220	2
29	1747	6615.03090955614	2
29	1899	7210	2
29	1968	7540	2
29	2025	7780	2
29	2034	7820	2
29	2093	8030	3
29	2191	8350	1
29	2207	8410	2
29	2295	8740	2
29	2381	9110	3
29	2483	9460	2
29	2494	9507.183898353379	2
29	2517	9580	2
29	2526	9610	2
29	2548	9700	2
29	2590	9850	2
29	2707	10270	1
29	2811	10700	2
29	2859	10910	3
29	2972	11390	3
29	3027	11590	1
29	3251	12310	1
29	3429	13090	2
29	3481	13300	2
29	3489	13330	2
29	3750	14270	3
29	3807	14410	2
29	3837	14500	2
29	3839	14510	3
29	3873	14620	2
29	3887	14650	2
29	3917	14750	3
29	3951	14870	3
29	3961	14900	2
29	4010	15086.968615246553	1
29	4043	15220	2
29	4052	15260	2
29	4391	16780	2
29	4532	17260	2
29	4560	17380	2
29	4594	17530	2
29	4616	17630	3
29	4667	17860	2
29	4748	18220	2
29	4853	18700	2
29	4914	18980	2
29	4998	19300	2
30	301	1060	342.59849073351
30	303	1070	433.52248373137
30	392	1420	337.4130346671
30	643	2500	401.78772755934
30	652	2530	329.32700330168
30	677	2630	410.91752546946
30	689	2680	259.91884902733
30	772	2980	391.56252612964
30	908	3500	308.84057176875
30	943	3620	324.72543372342
30	1124	4240	249.93787893836
30	1147	4330	385.52268446252
30	1174	4430	463.08318301866
30	1184	4460	374.8520999915
30	1274	4790	431.02299908525
30	1344	5030	454.41229957414
30	1497	5560	287.51582561757
30	1522	5660	388.72306082493
30	1552	5770	380.96954580312
30	1641	6167.150504671202	200
30	1653	6220	420.61180836824
30	1786	6760	260.83970817769
30	1812	6860	327.0713476172
30	1867	7074.89139661809	400
30	1910	7240	238.82082825688
30	2163	8260	391.08436380535
30	2200	8390	450.42760747846
30	2208	8420	349.51883401738
30	2269	8660	370.18723227413
30	2296	8740	341.56049115124
30	2348	8980	358.02633374586
30	2618	9950	423.28092323467
30	2639	10000	220.59967352729
30	2686	10190	421.57379980702
30	2801	10670	452.22884838969
30	2871	10960	226.94000250168
30	2981	11420	322.83378008684
30	2982	11420	303.65021368429
30	3192	12111.844879855337	400
30	3202	12140	319.58013748905
30	3270	12380	370.79416170857
30	3275	12396.400874024983	300
30	3344	12710	408.16391164275
30	3370	12820	300.79852041144
30	3535	13540	385.58401485805
30	3637	13940	353.84345918677
30	3679	14063.412082220085	300
30	3720	14180	365.60033649616
30	3762	14290	339.7012365102
30	3797	14380	348.95688482261
30	3799	14390	471.47638233074
30	3874	14620	365.86998745554
30	3875	14620	358.18525993201
30	3916	14740	303.4028050982
30	3950	14860	367.76505360982
30	3960	14900	330.15556313706
30	3967	14918.219742971947	300
30	4017	15101.146388000516	300
30	4286	16360	208.98702538693
30	4390	16780	383.8639518384
30	4539	17290	385.66556820444
30	4561	17390	405.20398812179
30	4722	18110	436.59939892194
30	4736	18160	229.09647070944
30	4854	18700	365.89271328091
30	4867	18760	284.0254598827
30	4907	18940	325.2143279701
30	5007	19330	378.02255038655
30	5014	19358.196526046736	300
30	5030	19420	346.18570965839
30	5039	19450	341.04189010199
30	5058	19540	343.3495060933
30	5123	19790	494.74408207763
30	5155	19910	448.85920276541
31	301	1060	42.598490733506
31	303	1070	33.522483731372
31	392	1420	37.413034667099
31	643	2500	101.78772755934
31	652	2530	29.327003301677
31	677	2630	10.917525469459
31	689	2680	59.918849027334
31	772	2980	91.562526129641
31	908	3500	8.840571768748
31	943	3620	24.725433723425
31	1124	4240	49.937878938364
31	1147	4330	85.522684462516
31	1174	4430	63.083183018655
31	1184	4460	74.852099991499
31	1274	4790	31.02299908525
31	1344	5030	54.412299574136
31	1497	5560	87.515825617571
31	1522	5660	88.723060824927
31	1552	5770	80.969545803119
31	1641	6167.150504671202	0
31	1653	6220	120.61180836824
31	1786	6760	60.839708177692
31	1812	6860	27.071347617203
31	1867	7074.89139661809	0
31	1910	7240	38.820828256876
31	2163	8260	91.08436380535
31	2200	8390	50.427607478459
31	2208	8420	49.518834017383
31	2269	8660	70.187232274129
31	2296	8740	41.56049115124
31	2348	8980	58.026333745864
31	2618	9950	23.280923234669
31	2639	10000	20.599673527287
31	2686	10190	21.573799807021
31	2801	10670	52.228848389688
31	2871	10960	26.94000250168
31	2981	11420	22.833780086842
31	2982	11420	3.650213684288
31	3192	12111.844879855337	0
31	3202	12140	19.580137489048
31	3270	12380	70.794161708571
31	3275	12396.400874024983	0
31	3344	12710	8.163911642754
31	3370	12820	0.798520411437
31	3535	13540	85.584014858054
31	3637	13940	53.843459186772
31	3679	14063.412082220085	0
31	3720	14180	65.600336496157
31	3762	14290	39.701236510205
31	3797	14380	48.956884822613
31	3799	14390	71.476382330745
31	3874	14620	65.869987455543
31	3875	14620	58.18525993201
31	3916	14740	3.402805098199
31	3950	14860	67.765053609818
31	3960	14900	30.155563137064
31	3967	14918.219742971947	0
31	4017	15101.146388000516	0
31	4286	16360	8.987025386932
31	4390	16780	83.863951838397
31	4539	17290	85.665568204445
31	4561	17390	5.203988121794
31	4722	18110	36.599398921936
31	4736	18160	29.09647070944
31	4854	18700	65.892713280907
31	4867	18760	84.025459882702
31	4907	18940	25.214327970101
31	5007	19330	78.022550386549
31	5014	19358.196526046736	0
31	5030	19420	46.185709658389
31	5039	19450	41.041890101995
31	5058	19540	43.349506093302
31	5123	19790	94.744082077635
31	5155	19910	48.85920276541
32	301	1060	2
32	303	1070	3
32	392	1420	2
32	643	2500	2
32	652	2530	2
32	677	2630	3
32	689	2680	1
32	772	2980	2
32	908	3500	2
32	943	3620	2
32	1124	4240	1
32	1147	4330	2
32	1174	4430	3
32	1184	4460	2
32	1274	4790	3
32	1344	5030	3
32	1497	5560	1
32	1522	5660	2
32	1552	5770	2
32	1641	6167.150504671202	1
32	1653	6220	2
32	1786	6760	1
32	1812	6860	2
32	1867	7074.89139661809	3
32	1910	7240	1
32	2163	8260	2
32	2200	8390	3
32	2208	8420	2
32	2269	8660	2
32	2296	8740	2
32	2348	8980	2
32	2618	9950	3
32	2639	10000	1
32	2686	10190	3
32	2801	10670	3
32	2871	10960	1
32	2981	11420	2
32	2982	11420	2
32	3192	12111.844879855337	3
32	3202	12140	2
32	3270	12380	2
32	3275	12396.400874024983	2
32	3344	12710	3
32	3370	12820	2
32	3535	13540	2
32	3637	13940	2
32	3679	14063.412082220085	2
32	3720	14180	2
32	3762	14290	2
32	3797	14380	2
32	3799	14390	3
32	3874	14620	2
32	3875	14620	2
32	3916	14740	2
32	3950	14860	2
32	3960	14900	2
32	3967	14918.219742971947	2
32	4017	15101.146388000516	2
32	4286	16360	1
32	4390	16780	2
32	4539	17290	2
32	4561	17390	3
32	4722	18110	3
32	4736	18160	1
32	4854	18700	2
32	4867	18760	1
32	4907	18940	2
32	5007	19330	2
32	5014	19358.196526046736	2
32	5030	19420	2
32	5039	19450	2
32	5058	19540	2
32	5123	19790	3
32	5155	19910	3
33	452	1705.329906195338	400
33	622	2420	464.86598188842
33	715	2780	507.10483682116
33	781	3020	439.77164802259
33	817	3170	329.18333329403
33	942	3610	328.48404182492
33	980	3740	429.81040690255
33	1010	3844.751144840612	200
33	1117	4220	400.95876236472
33	1241	4660	217.81530771039
33	1315	4930	401.48480434078
33	1458	5440	361.22304776399
33	1494	5560	306.59894358323
33	1521	5660	441.3616676105
33	1651	6220	205.19199571969
33	1755	6640	387.31412357717
33	1809	6850	349.9641696166
33	1811	6860	491.92975228429
33	1866	7060	208.40731650471
33	1925	7330	397.41362307338
33	1952	7460	431.46134978811
33	2109	8080	339.21435660583
33	2217	8440	303.15033816966
33	2492	9500	424.07007967862
33	2528	9620	427.41803929144
33	2537	9640	367.15094426552
33	2555	9730	339.8647375342
33	2628	9980	524.12382808263
33	2692	10210	323.63045200154
33	2722	10330	439.37090368396
33	2752	10460	466.20351856303
33	2807	10688.1458230227	200
33	2810	10700	506.58533109618
33	2916	11140	228.21570694836
33	2979	11410	428.47716470482
33	3054	11690	351.2813636106
33	3082	11780	417.13462602157
33	3165	12040	392.66141446383
33	3166	12040	336.9862518183
33	3201	12140	451.19259504884
33	3261	12340	236.65387192323
33	3516	13460	455.37496532177
33	3540	13570	392.86203107826
33	3646	13960	384.6006316973
33	3809	14420	508.14859635302
33	4023	15140	467.90860082014
33	4127	15620	427.05741371699
33	4152	15740	408.7597519497
33	4188	15880	336.92468356793
33	4229	16070.586659851192	200
33	4437	16942.295352608324	400
33	4469	17045.534990267083	200
33	4566	17410	358.043960851
33	4648	17770	314.94174890661
33	4811	18500	430.79230430149
33	5031	19436.232983985371	200
33	5036	19450	403.05293764434
33	5037	19450	355.72057624184
33	5046	19490	304.19052278643
33	5100	19690	301.7921901782
33	5163	19930	416.48820248547
34	452	1705.329906195338	0
34	622	2420	64.865981888419
34	715	2780	107.10483682116
34	781	3020	39.771648022587
34	817	3170	29.183333294026
34	942	3610	28.484041824919
34	980	3740	29.810406902552
34	1010	3844.751144840612	0
34	1117	4220	0.958762364719
34	1241	4660	17.815307710395
34	1315	4930	101.48480434078
34	1458	5440	61.223047763988
34	1494	5560	6.598943583234
34	1521	5660	41.361667610501
34	1651	6220	5.191995719691
34	1755	6640	87.314123577169
34	1809	6850	49.964169616603
34	1811	6860	91.929752284289
34	1866	7060	8.407316504707
34	1925	7330	97.413623073382
34	1952	7460	31.46134978811
34	2109	8080	39.214356605832
34	2217	8440	3.150338169655
34	2492	9500	24.070079678623
34	2528	9620	27.418039291438
34	2537	9640	67.150944265519
34	2555	9730	39.864737534201
34	2628	9980	124.12382808263
34	2692	10210	23.630452001537
34	2722	10330	139.37090368396
34	2752	10460	66.203518563029
34	2807	10688.1458230227	0
34	2810	10700	106.58533109618
34	2916	11140	28.215706948362
34	2979	11410	128.47716470482
34	3054	11690	51.281363610604
34	3082	11780	17.134626021574
34	3165	12040	92.661414463828
34	3166	12040	36.986251818298
34	3201	12140	51.192595048837
34	3261	12340	36.653871923229
34	3516	13460	55.374965321767
34	3540	13570	92.862031078257
34	3646	13960	84.6006316973
34	3809	14420	108.14859635302
34	4023	15140	67.908600820138
34	4127	15620	27.057413716995
34	4152	15740	8.759751949702
34	4188	15880	36.924683567928
34	4229	16070.586659851192	0
34	4437	16942.295352608324	0
34	4469	17045.534990267083	0
34	4566	17410	58.043960851004
34	4648	17770	14.941748906611
34	4811	18500	30.792304301491
34	5031	19436.232983985371	0
34	5036	19450	103.05293764434
34	5037	19450	55.72057624184
34	5046	19490	4.190522786427
34	5100	19690	1.7921901782
34	5163	19930	116.48820248547
35	452	1705.329906195338	3
35	622	2420	3
35	715	2780	3
35	781	3020	3
35	817	3170	2
35	942	3610	2
35	980	3740	3
35	1010	3844.751144840612	1
35	1117	4220	3
35	1241	4660	1
35	1315	4930	2
35	1458	5440	2
35	1494	5560	2
35	1521	5660	3
35	1651	6220	1
35	1755	6640	2
35	1809	6850	2
35	1811	6860	3
35	1866	7060	1
35	1925	7330	2
35	1952	7460	3
35	2109	8080	2
35	2217	8440	2
35	2492	9500	3
35	2528	9620	3
35	2537	9640	2
35	2555	9730	2
35	2628	9980	3
35	2692	10210	2
35	2722	10330	2
35	2752	10460	3
35	2807	10688.1458230227	1
35	2810	10700	3
35	2916	11140	1
35	2979	11410	2
35	3054	11690	2
35	3082	11780	3
35	3165	12040	2
35	3166	12040	2
35	3201	12140	3
35	3261	12340	1
35	3516	13460	3
35	3540	13570	2
35	3646	13960	2
35	3809	14420	3
35	4023	15140	3
35	4127	15620	3
35	4152	15740	3
35	4188	15880	2
35	4229	16070.586659851192	1
35	4437	16942.295352608324	3
35	4469	17045.534990267083	1
35	4566	17410	2
35	4648	17770	2
35	4811	18500	3
35	5031	19436.232983985371	1
35	5036	19450	2
35	5037	19450	2
35	5046	19490	2
35	5100	19690	2
35	5163	19930	2

