version 3
run HighLoad_RoundRobin-4-20260126-11:00:29-303
attr configname HighLoad_RoundRobin
attr datetime 20260126-11:00:29
attr datetimef 20260126-110029
attr experiment HighLoad_RoundRobin
attr inifile simulations/nwsim_project/omnetpp.ini
attr iterationvars ""
attr iterationvarsd ""
attr iterationvarsf ""
attr measurement ""
attr network CrossTraffic
attr processid 303
attr repetition 4
attr replication #4
attr resultdir results
attr runnumber 4
attr seedset 4
config description "High Load - Round-Robin Mode (100% more traffic)"
config *.Junc*.junctionMode "\"roundrobin\""
config *.EndNW.spawnInterval exponential(200s)
config *.EndNE.spawnInterval exponential(300s)
config *.EndEN.spawnInterval exponential(250s)
config *.EndES.spawnInterval exponential(365s)
config *.EndSE.spawnInterval exponential(225s)
config *.EndSW.spawnInterval exponential(250s)
config *.EndWS.spawnInterval exponential(300s)
config *.EndWN.spawnInterval exponential(350s)
config network CrossTraffic
config sim-time-limit 20000s
config warmup-period 1000s
config repeat 50
config **.scalar-recording true
config **.vector-recording true
config *.Junc*.junctionMode "\"queue\""
config *.EndNW.spawnInterval exponential(800s)
config *.EndNE.spawnInterval exponential(1200s)
config *.EndEN.spawnInterval exponential(1000s)
config *.EndES.spawnInterval exponential(1500s)
config *.EndSE.spawnInterval exponential(900s)
config *.EndSW.spawnInterval exponential(1100s)
config *.EndWS.spawnInterval exponential(1300s)
config *.EndWN.spawnInterval exponential(1400s)

vector 0 CrossTraffic.JuncNW queueLength:vector ETV
attr interpolationmode sample-hold
attr recordingmode vector
attr source queueLength
attr title "Queue Length"
vector 1 CrossTraffic.JuncNW junctionProcessingTime:vector ETV
attr recordingmode vector
attr source junctionProcessingTime
attr title "Junction Processing Time"
vector 2 CrossTraffic.JuncNW vehicleCount:vector ETV
attr recordingmode vector
attr source vehicleCount
attr title "Vehicle Count"
vector 3 CrossTraffic.JuncNE queueLength:vector ETV
attr interpolationmode sample-hold
attr recordingmode vector
attr source queueLength
attr title "Queue Length"
vector 4 CrossTraffic.JuncNE junctionProcessingTime:vector ETV
attr recordingmode vector
attr source junctionProcessingTime
attr title "Junction Processing Time"
vector 5 CrossTraffic.JuncNE vehicleCount:vector ETV
attr recordingmode vector
attr source vehicleCount
attr title "Vehicle Count"
vector 6 CrossTraffic.JuncSE queueLength:vector ETV
attr interpolationmode sample-hold
attr recordingmode vector
attr source queueLength
attr title "Queue Length"
vector 7 CrossTraffic.JuncSE junctionProcessingTime:vector ETV
attr recordingmode vector
attr source junctionProcessingTime
attr title "Junction Processing Time"
vector 8 CrossTraffic.JuncSE vehicleCount:vector ETV
attr recordingmode vector
attr source vehicleCount
attr title "Vehicle Count"
vector 9 CrossTraffic.JuncSW queueLength:vector ETV
attr interpolationmode sample-hold
attr recordingmode vector
attr source queueLength
attr title "Queue Length"
vector 10 CrossTraffic.JuncSW junctionProcessingTime:vector ETV
attr recordingmode vector
attr source junctionProcessingTime
attr title "Junction Processing Time"
vector 11 CrossTraffic.JuncSW vehicleCount:vector ETV
attr recordingmode vector
attr source vehicleCount
attr title "Vehicle Count"
vector 12 CrossTraffic.EndNW travelTime:vector ETV
attr recordingmode vector
attr source travelTime
attr title "Vehicle Travel Time"
vector 13 CrossTraffic.EndNW junctionTime:vector ETV
attr recordingmode vector
attr source junctionTime
attr title "Total Junction Time per Vehicle"
vector 14 CrossTraffic.EndNW junctionCount:vector ETV
attr recordingmode vector
attr source junctionCount
attr title "Junctions Visited per Vehicle"
vector 15 CrossTraffic.EndNE travelTime:vector ETV
attr recordingmode vector
attr source travelTime
attr title "Vehicle Travel Time"
vector 16 CrossTraffic.EndNE junctionTime:vector ETV
attr recordingmode vector
attr source junctionTime
attr title "Total Junction Time per Vehicle"
vector 17 CrossTraffic.EndNE junctionCount:vector ETV
attr recordingmode vector
attr source junctionCount
attr title "Junctions Visited per Vehicle"
vector 18 CrossTraffic.EndEN travelTime:vector ETV
attr recordingmode vector
attr source travelTime
attr title "Vehicle Travel Time"
vector 19 CrossTraffic.EndEN junctionTime:vector ETV
attr recordingmode vector
attr source junctionTime
attr title "Total Junction Time per Vehicle"
vector 20 CrossTraffic.EndEN junctionCount:vector ETV
attr recordingmode vector
attr source junctionCount
attr title "Junctions Visited per Vehicle"
vector 21 CrossTraffic.EndES travelTime:vector ETV
attr recordingmode vector
attr source travelTime
attr title "Vehicle Travel Time"
vector 22 CrossTraffic.EndES junctionTime:vector ETV
attr recordingmode vector
attr source junctionTime
attr title "Total Junction Time per Vehicle"
vector 23 CrossTraffic.EndES junctionCount:vector ETV
attr recordingmode vector
attr source junctionCount
attr title "Junctions Visited per Vehicle"
vector 24 CrossTraffic.EndSE travelTime:vector ETV
attr recordingmode vector
attr source travelTime
attr title "Vehicle Travel Time"
vector 25 CrossTraffic.EndSE junctionTime:vector ETV
attr recordingmode vector
attr source junctionTime
attr title "Total Junction Time per Vehicle"
vector 26 CrossTraffic.EndSE junctionCount:vector ETV
attr recordingmode vector
attr source junctionCount
attr title "Junctions Visited per Vehicle"
vector 27 CrossTraffic.EndSW travelTime:vector ETV
attr recordingmode vector
attr source travelTime
attr title "Vehicle Travel Time"
vector 28 CrossTraffic.EndSW junctionTime:vector ETV
attr recordingmode vector
attr source junctionTime
attr title "Total Junction Time per Vehicle"
vector 29 CrossTraffic.EndSW junctionCount:vector ETV
attr recordingmode vector
attr source junctionCount
attr title "Junctions Visited per Vehicle"
vector 30 CrossTraffic.EndWS travelTime:vector ETV
attr recordingmode vector
attr source travelTime
attr title "Vehicle Travel Time"
vector 31 CrossTraffic.EndWS junctionTime:vector ETV
attr recordingmode vector
attr source junctionTime
attr title "Total Junction Time per Vehicle"
vector 32 CrossTraffic.EndWS junctionCount:vector ETV
attr recordingmode vector
attr source junctionCount
attr title "Junctions Visited per Vehicle"
vector 33 CrossTraffic.EndWN travelTime:vector ETV
attr recordingmode vector
attr source travelTime
attr title "Vehicle Travel Time"
vector 34 CrossTraffic.EndWN junctionTime:vector ETV
attr recordingmode vector
attr source junctionTime
attr title "Total Junction Time per Vehicle"
vector 35 CrossTraffic.EndWN junctionCount:vector ETV
attr recordingmode vector
attr source junctionCount
attr title "Junctions Visited per Vehicle"
0	262	1020	0
0	262	1020	0
0	267	1037.150471316447	1
0	271	1050	1
0	271	1050	1
0	279	1080	1
0	279	1080	0
0	284	1110	0
0	284	1110	0
0	292	1120	1
0	294	1138.284924196457	2
0	295	1140	2
0	295	1140	1
0	304	1170	1
0	304	1170	1
0	313	1200	1
0	313	1200	0
0	319	1213.961706348349	1
0	320	1230	1
0	320	1230	0
0	327	1260	0
0	327	1260	0
0	334	1290	0
0	334	1290	0
0	341	1320	0
0	341	1320	0
0	349	1350	0
0	349	1350	0
0	354	1360	1
0	358	1380	1
0	358	1380	0
0	367	1410	0
0	367	1410	0
0	372	1420	1
0	373	1429.976203462825	2
0	375	1440	2
0	375	1440	1
0	383	1470	1
0	383	1470	0
0	388	1472.477866620053	1
0	392	1500	1
0	392	1500	1
0	399	1512.765384777471	2
0	401	1530	2
0	401	1530	2
0	411	1560	2
0	411	1560	0
0	418	1590	0
0	418	1590	0
0	423	1620	0
0	423	1620	0
0	427	1625.829516679442	1
0	434	1650	1
0	434	1650	1
0	441	1660	2
0	443	1680	2
0	443	1680	1
0	448	1710	1
0	448	1710	0
0	454	1740	0
0	454	1740	0
0	463	1770	0
0	463	1770	0
0	473	1800	0
0	473	1800	0
0	478	1810	1
0	480	1830	1
0	480	1830	0
0	490	1860	0
0	490	1860	0
0	501	1890	0
0	501	1890	0
0	506	1920	0
0	506	1920	0
0	515	1950	0
0	515	1950	0
0	521	1960	1
0	522	1971.935015014393	2
0	524	1980	2
0	524	1980	0
0	530	2010	0
0	530	2010	0
0	535	2040	0
0	535	2040	0
0	540	2050	1
0	543	2070	1
0	543	2070	0
0	556	2095.906605214975	1
0	557	2100	1
0	557	2100	1
0	563	2130	1
0	563	2130	1
0	569	2160	1
0	569	2160	0
0	577	2190	0
0	577	2190	0
0	584	2220	0
0	584	2220	0
0	593	2250	0
0	593	2250	0
0	599	2275.14229737756	1
0	600	2280	1
0	600	2280	0
0	607	2310	0
0	607	2310	0
0	615	2340	0
0	615	2340	0
0	622	2370	0
0	622	2370	0
0	628	2380	1
0	631	2400	1
0	631	2400	1
0	635	2410	2
0	637	2430	2
0	637	2430	0
0	644	2444.70120292306	1
0	645	2460	1
0	645	2460	1
0	654	2490	1
0	654	2490	1
0	659	2520	1
0	659	2520	0
0	667	2550	0
0	667	2550	0
0	671	2580	0
0	671	2580	0
0	676	2587.47064672482	1
0	679	2610	1
0	679	2610	1
0	683	2619.675089920533	2
0	685	2620	3
0	689	2640	3
0	689	2640	1
0	694	2650	2
0	695	2670	2
0	695	2670	0
0	703	2700	0
0	703	2700	0
0	710	2730	0
0	710	2730	0
0	718	2760	0
0	718	2760	0
0	728	2790	0
0	728	2790	0
0	733	2800	1
0	737	2820	1
0	737	2820	0
0	744	2850	0
0	744	2850	0
0	754	2880	0
0	754	2880	0
0	762	2910	0
0	762	2910	0
0	770	2920	1
0	772	2940	1
0	772	2940	0
0	781	2970	0
0	781	2970	0
0	785	3000	0
0	785	3000	0
0	791	3030	0
0	791	3030	0
0	802	3040	1
0	806	3060	1
0	806	3060	0
0	812	3090	0
0	812	3090	0
0	816	3100	1
0	819	3120	1
0	819	3120	1
0	830	3150	1
0	830	3150	0
0	839	3180	0
0	839	3180	0
0	847	3206.007732636495	1
0	848	3210	1
0	848	3210	0
0	855	3240	0
0	855	3240	0
0	862	3250	1
0	866	3270	1
0	866	3270	0
0	875	3300	0
0	875	3300	0
0	883	3330	0
0	883	3330	0
0	887	3333.515046190286	1
0	891	3360	1
0	891	3360	0
0	903	3390	0
0	903	3390	0
0	911	3420	0
0	911	3420	0
0	915	3426.036293477753	1
0	918	3450	1
0	918	3450	1
0	923	3460	2
0	930	3480	2
0	930	3480	1
0	938	3510	1
0	938	3510	0
0	945	3540	0
0	945	3540	0
0	954	3570	0
0	954	3570	0
0	962	3600	0
0	962	3600	0
0	970	3630	0
0	970	3630	0
0	978	3660	0
0	978	3660	0
0	985	3690	0
0	985	3690	0
0	994	3720	0
0	994	3720	0
0	1002	3750	0
0	1002	3750	0
0	1006	3759.685386856999	1
0	1008	3780	1
0	1008	3780	1
0	1014	3810	1
0	1014	3810	0
0	1022	3840	0
0	1022	3840	0
0	1029	3870	0
0	1029	3870	0
0	1035	3900	0
0	1035	3900	0
0	1040	3930	0
0	1040	3930	0
0	1047	3960	0
0	1047	3960	0
0	1054	3990	0
0	1054	3990	0
0	1063	4020	0
0	1063	4020	0
0	1069	4050	0
0	1069	4050	0
0	1074	4058.610568989944	1
0	1078	4080	1
0	1078	4080	0
0	1087	4110	0
0	1087	4110	0
0	1096	4140	0
0	1096	4140	0
0	1104	4170	0
0	1104	4170	0
0	1111	4200	0
0	1111	4200	0
0	1117	4215.715883773332	1
0	1119	4230	1
0	1119	4230	1
0	1124	4240	2
0	1128	4260	2
0	1128	4260	1
0	1133	4290	1
0	1133	4290	0
0	1137	4300	1
0	1140	4320	1
0	1140	4320	1
0	1144	4330	2
0	1145	4330	3
0	1147	4348.786475752198	4
0	1148	4350	4
0	1148	4350	1
0	1158	4380	1
0	1158	4380	1
0	1163	4410	1
0	1163	4410	0
0	1170	4440	0
0	1170	4440	0
0	1178	4470	0
0	1178	4470	0
0	1183	4500	0
0	1183	4500	0
0	1190	4530	0
0	1190	4530	0
0	1196	4545.064972355983	1
0	1202	4560	1
0	1202	4560	1
0	1207	4590	1
0	1207	4590	0
0	1212	4620	0
0	1212	4620	0
0	1218	4646.909301993465	1
0	1219	4650	1
0	1219	4650	1
0	1228	4680	1
0	1228	4680	0
0	1233	4690	1
0	1234	4710	1
0	1234	4710	0
0	1238	4716.716585652652	1
0	1241	4740	1
0	1241	4740	1
0	1248	4770	1
0	1248	4770	1
0	1253	4778.092420800884	2
0	1258	4800	2
0	1258	4800	0
0	1267	4830	0
0	1267	4830	0
0	1275	4860	0
0	1275	4860	0
0	1281	4890	0
0	1281	4890	0
0	1292	4920	0
0	1292	4920	0
0	1300	4950	0
0	1300	4950	0
0	1306	4976.844439697913	1
0	1308	4980	1
0	1308	4980	1
0	1316	5010	1
0	1316	5010	0
0	1320	5020	1
0	1322	5040	1
0	1322	5040	1
0	1326	5047.675853933978	2
0	1327	5050	3
0	1328	5050	4
0	1330	5070	4
0	1330	5070	0
0	1342	5100	0
0	1342	5100	0
0	1349	5130	0
0	1349	5130	0
0	1356	5160	0
0	1356	5160	0
0	1369	5183.69998211461	1
0	1370	5190	1
0	1370	5190	0
0	1374	5197.33331855138	1
0	1378	5220	1
0	1378	5220	1
0	1385	5250	1
0	1385	5250	1
0	1389	5260	2
0	1394	5280	2
0	1394	5280	1
0	1399	5290	2
0	1402	5310	2
0	1402	5310	0
0	1407	5320	1
0	1408	5337.308499455033	2
0	1409	5340	2
0	1409	5340	0
0	1414	5370	0
0	1414	5370	0
0	1422	5400	0
0	1422	5400	0
0	1428	5410	1
0	1429	5430	1
0	1429	5430	0
0	1436	5460	0
0	1436	5460	0
0	1443	5490	0
0	1443	5490	0
0	1450	5520	0
0	1450	5520	0
0	1456	5550	0
0	1456	5550	0
0	1462	5580	0
0	1462	5580	0
0	1468	5610	0
0	1468	5610	0
0	1474	5640	0
0	1474	5640	0
0	1479	5670	0
0	1479	5670	0
0	1484	5700	0
0	1484	5700	0
0	1490	5730	0
0	1490	5730	0
0	1496	5760	0
0	1496	5760	0
0	1500	5770	1
0	1503	5790	1
0	1503	5790	0
0	1508	5820	0
0	1508	5820	0
0	1512	5839.300970009833	1
0	1514	5850	1
0	1514	5850	1
0	1518	5860	2
0	1519	5880	2
0	1519	5880	1
0	1527	5910	1
0	1527	5910	0
0	1536	5940	0
0	1536	5940	0
0	1542	5970	0
0	1542	5970	0
0	1549	6000	0
0	1549	6000	0
0	1558	6030	0
0	1558	6030	0
0	1563	6039.42281642659	1
0	1568	6060	1
0	1568	6060	1
0	1574	6090	1
0	1574	6090	0
0	1579	6120	0
0	1579	6120	0
0	1586	6150	0
0	1586	6150	0
0	1593	6160	1
0	1596	6180	1
0	1596	6180	0
0	1602	6210	0
0	1602	6210	0
0	1610	6240	0
0	1610	6240	0
0	1616	6270	0
0	1616	6270	0
0	1620	6274.607636289677	1
0	1627	6300	1
0	1627	6300	1
0	1635	6330	1
0	1635	6330	0
0	1647	6360	0
0	1647	6360	0
0	1652	6390	0
0	1652	6390	0
0	1661	6420	0
0	1661	6420	0
0	1665	6428.450042495231	1
0	1670	6450	1
0	1670	6450	1
0	1675	6451.305897163959	2
0	1683	6480	2
0	1683	6480	0
0	1687	6490	1
0	1691	6510	1
0	1691	6510	0
0	1699	6540	0
0	1699	6540	0
0	1704	6551.30097101579	1
0	1708	6570	1
0	1708	6570	0
0	1717	6600	0
0	1717	6600	0
0	1726	6630	0
0	1726	6630	0
0	1733	6660	0
0	1733	6660	0
0	1744	6690	0
0	1744	6690	0
0	1751	6701.657480109733	1
0	1754	6720	1
0	1754	6720	0
0	1759	6733.077466749208	1
0	1760	6750	1
0	1760	6750	0
0	1772	6780	0
0	1772	6780	0
0	1776	6781.366693400519	1
0	1780	6810	1
0	1780	6810	0
0	1785	6840	0
0	1785	6840	0
0	1793	6870	0
0	1793	6870	0
0	1802	6900	0
0	1802	6900	0
0	1810	6930	0
0	1810	6930	0
0	1819	6960	0
0	1819	6960	0
0	1824	6967.846827131819	1
0	1829	6990	1
0	1829	6990	1
0	1835	7020	1
0	1835	7020	1
0	1844	7038.810323409134	2
0	1846	7050	2
0	1846	7050	0
0	1852	7063.082305753034	1
0	1853	7080	1
0	1853	7080	0
0	1861	7110	0
0	1861	7110	0
0	1867	7131.81708595104	1
0	1869	7140	1
0	1869	7140	1
0	1879	7170	1
0	1879	7170	1
0	1885	7200	1
0	1885	7200	0
0	1889	7210	1
0	1890	7230	1
0	1890	7230	0
0	1896	7241.680458516126	1
0	1897	7260	1
0	1897	7260	1
0	1907	7290	1
0	1907	7290	1
0	1916	7320	1
0	1916	7320	0
0	1923	7350	0
0	1923	7350	0
0	1930	7380	0
0	1930	7380	0
0	1940	7410	0
0	1940	7410	0
0	1944	7417.227030157608	1
0	1953	7440	1
0	1953	7440	0
0	1957	7470	0
0	1957	7470	0
0	1962	7480	1
0	1966	7499.477343076756	2
0	1968	7500	2
0	1968	7500	1
0	1975	7530	1
0	1975	7530	1
0	1982	7540	2
0	1983	7540	3
0	1984	7560	3
0	1984	7560	2
0	1990	7590	2
0	1990	7590	0
0	1997	7620	0
0	1997	7620	0
0	2003	7650	0
0	2003	7650	0
0	2010	7680	0
0	2010	7680	0
0	2016	7690	1
0	2017	7710	1
0	2017	7710	0
0	2024	7740	0
0	2024	7740	0
0	2030	7770	0
0	2030	7770	0
0	2037	7800	0
0	2037	7800	0
0	2042	7810	1
0	2045	7830	1
0	2045	7830	0
0	2049	7834.965516109808	1
0	2050	7860	1
0	2050	7860	1
0	2057	7890	1
0	2057	7890	1
0	2065	7920	1
0	2065	7920	0
0	2074	7950	0
0	2074	7950	0
0	2079	7974.714382799375	1
0	2080	7980	1
0	2080	7980	1
0	2086	8010	1
0	2086	8010	0
0	2097	8040	0
0	2097	8040	0
0	2103	8070	0
0	2103	8070	0
0	2110	8100	0
0	2110	8100	0
0	2117	8130	0
0	2117	8130	0
0	2121	8140	1
0	2127	8160	1
0	2127	8160	1
0	2134	8190	1
0	2134	8190	0
0	2143	8220	0
0	2143	8220	0
0	2150	8250	0
0	2150	8250	0
0	2156	8280	0
0	2156	8280	0
0	2163	8310	0
0	2163	8310	0
0	2168	8313.893494597878	1
0	2171	8340	1
0	2171	8340	1
0	2179	8370	1
0	2179	8370	0
0	2184	8400	0
0	2184	8400	0
0	2190	8430	0
0	2190	8430	0
0	2194	8460	0
0	2194	8460	0
0	2202	8490	0
0	2202	8490	0
0	2206	8520	0
0	2206	8520	0
0	2211	8550	0
0	2211	8550	0
0	2220	8580	0
0	2220	8580	0
0	2226	8610	0
0	2226	8610	0
0	2231	8640	0
0	2231	8640	0
0	2237	8670	0
0	2237	8670	0
0	2244	8700	0
0	2244	8700	0
0	2253	8730	0
0	2253	8730	0
0	2259	8760	0
0	2259	8760	0
0	2264	8786.232023669947	1
0	2265	8790	1
0	2265	8790	1
0	2272	8805.501722935568	2
0	2274	8820	2
0	2274	8820	2
0	2281	8832.255390152019	3
0	2283	8850	3
0	2283	8850	1
0	2288	8880	1
0	2288	8880	0
0	2293	8910	0
0	2293	8910	0
0	2302	8940	0
0	2302	8940	0
0	2309	8966.94152585389	1
0	2310	8970	1
0	2310	8970	0
0	2315	8980	1
0	2316	9000	1
0	2316	9000	1
0	2323	9030	1
0	2323	9030	0
0	2331	9060	0
0	2331	9060	0
0	2337	9090	0
0	2337	9090	0
0	2346	9120	0
0	2346	9120	0
0	2353	9150	0
0	2353	9150	0
0	2362	9180	0
0	2362	9180	0
0	2374	9210	0
0	2374	9210	0
0	2379	9240	0
0	2379	9240	0
0	2385	9263.819426347045	1
0	2389	9270	1
0	2389	9270	1
0	2395	9280	2
0	2396	9281.5293507041	3
0	2397	9281.80070897422	4
0	2400	9300	4
0	2400	9300	3
0	2406	9305.224579312651	4
0	2408	9330	4
0	2408	9330	2
0	2415	9340.11813112742	3
0	2416	9360	3
0	2416	9360	1
0	2423	9390	1
0	2423	9390	0
0	2429	9400	1
0	2433	9420	1
0	2433	9420	0
0	2441	9436.866694589478	1
0	2444	9450	1
0	2444	9450	1
0	2453	9480	1
0	2453	9480	0
0	2460	9501.730280026635	1
0	2463	9510	1
0	2463	9510	0
0	2474	9540	0
0	2474	9540	0
0	2484	9560.519171997953	1
0	2485	9570	1
0	2485	9570	0
0	2496	9600	0
0	2496	9600	0
0	2503	9612.302517641047	1
0	2507	9630	1
0	2507	9630	1
0	2515	9660	1
0	2515	9660	1
0	2521	9690	1
0	2521	9690	0
0	2530	9720	0
0	2530	9720	0
0	2535	9730	1
0	2536	9730	2
0	2539	9750	2
0	2539	9750	0
0	2545	9760	1
0	2547	9780	1
0	2547	9780	0
0	2554	9810	0
0	2554	9810	0
0	2563	9840	0
0	2563	9840	0
0	2571	9870	0
0	2571	9870	0
0	2579	9900	0
0	2579	9900	0
0	2585	9930	0
0	2585	9930	0
0	2594	9960	0
0	2594	9960	0
0	2599	9990	0
0	2599	9990	0
0	2606	10020	0
0	2606	10020	0
0	2613	10050	0
0	2613	10050	0
0	2619	10080	0
0	2619	10080	0
0	2623	10090.985543542018	1
0	2624	10110	1
0	2624	10110	1
0	2629	10120	2
0	2631	10140	2
0	2631	10140	1
0	2637	10170	1
0	2637	10170	0
0	2643	10200	0
0	2643	10200	0
0	2649	10225.724115132119	1
0	2651	10230	1
0	2651	10230	0
0	2658	10260	0
0	2658	10260	0
0	2663	10275.112300066058	1
0	2664	10290	1
0	2664	10290	0
0	2672	10320	0
0	2672	10320	0
0	2683	10350	0
0	2683	10350	0
0	2689	10380	0
0	2689	10380	0
0	2695	10393.975747886938	1
0	2698	10410	1
0	2698	10410	1
0	2706	10440	1
0	2706	10440	0
0	2711	10450	1
0	2712	10470	1
0	2712	10470	0
0	2716	10478.200893380803	1
0	2718	10500	1
0	2718	10500	1
0	2726	10530	1
0	2726	10530	0
0	2739	10560	0
0	2739	10560	0
0	2745	10590	0
0	2745	10590	0
0	2750	10620	0
0	2750	10620	0
0	2758	10643.123715172571	1
0	2760	10650	1
0	2760	10650	0
0	2769	10680	0
0	2769	10680	0
0	2773	10710	0
0	2773	10710	0
0	2779	10740	0
0	2779	10740	0
0	2789	10770	0
0	2789	10770	0
0	2797	10800	0
0	2797	10800	0
0	2801	10810	1
0	2802	10810	2
0	2803	10830	2
0	2803	10830	0
0	2808	10860	0
0	2808	10860	0
0	2812	10871.787921881805	1
0	2817	10890	1
0	2817	10890	0
0	2822	10900	1
0	2825	10920	1
0	2825	10920	1
0	2831	10950	1
0	2831	10950	0
0	2836	10980	0
0	2836	10980	0
0	2845	11010	0
0	2845	11010	0
0	2850	11014.487576109512	1
0	2852	11040	1
0	2852	11040	0
0	2858	11070	0
0	2858	11070	0
0	2864	11100	0
0	2864	11100	0
0	2868	11105.246870305595	1
0	2870	11112.460791727337	2
0	2872	11130	2
0	2872	11130	1
0	2882	11160	1
0	2882	11160	0
0	2887	11190	0
0	2887	11190	0
0	2892	11220	0
0	2892	11220	0
0	2899	11232.353671355234	1
0	2905	11250	1
0	2905	11250	1
0	2911	11280	1
0	2911	11280	0
0	2916	11310	0
0	2916	11310	0
0	2923	11340	0
0	2923	11340	0
0	2930	11370	0
0	2930	11370	0
0	2936	11380	1
0	2939	11400	1
0	2939	11400	1
0	2944	11403.059265078672	2
0	2947	11430	2
0	2947	11430	1
0	2953	11460	1
0	2953	11460	1
0	2960	11490	1
0	2960	11490	0
0	2968	11520	0
0	2968	11520	0
0	2974	11530	1
0	2976	11550	1
0	2976	11550	0
0	2980	11557.768170995631	1
0	2983	11580	1
0	2983	11580	1
0	2992	11610	1
0	2992	11610	1
0	3001	11640	1
0	3001	11640	0
0	3005	11641.329279986751	1
0	3007	11650	2
0	3010	11670	2
0	3010	11670	1
0	3014	11680	2
0	3018	11700	2
0	3018	11700	1
0	3023	11730	1
0	3023	11730	0
0	3031	11760	0
0	3031	11760	0
0	3036	11770	1
0	3040	11790	1
0	3040	11790	0
0	3047	11820	0
0	3047	11820	0
0	3053	11850	0
0	3053	11850	0
0	3061	11880	0
0	3061	11880	0
0	3071	11910	0
0	3071	11910	0
0	3077	11940	0
0	3077	11940	0
0	3083	11970	0
0	3083	11970	0
0	3087	11980	1
0	3089	11983.557119405748	2
0	3091	11993.939539265528	3
0	3092	12000	3
0	3092	12000	2
0	3099	12027.707999081077	3
0	3100	12030	3
0	3100	12030	1
0	3104	12060	1
0	3104	12060	1
0	3109	12090	1
0	3109	12090	0
0	3117	12120	0
0	3117	12120	0
0	3123	12150	0
0	3123	12150	0
0	3128	12180	0
0	3128	12180	0
0	3134	12210	0
0	3134	12210	0
0	3138	12212.766073258078	1
0	3141	12240	1
0	3141	12240	1
0	3145	12270	1
0	3145	12270	1
0	3152	12300	1
0	3152	12300	0
0	3157	12330	0
0	3157	12330	0
0	3167	12360	0
0	3167	12360	0
0	3173	12390	0
0	3173	12390	0
0	3181	12420	0
0	3181	12420	0
0	3189	12441.418598112392	1
0	3190	12450	1
0	3190	12450	0
0	3197	12480	0
0	3197	12480	0
0	3205	12510	0
0	3205	12510	0
0	3215	12540	0
0	3215	12540	0
0	3224	12570	0
0	3224	12570	0
0	3230	12580	1
0	3232	12600	1
0	3232	12600	1
0	3240	12630	1
0	3240	12630	0
0	3248	12645.00110427333	1
0	3251	12660	1
0	3251	12660	1
0	3260	12670.779541238875	2
0	3262	12690	2
0	3262	12690	2
0	3267	12700	3
0	3269	12720	3
0	3269	12720	1
0	3276	12750	1
0	3276	12750	0
0	3285	12760	1
0	3289	12780	1
0	3289	12780	0
0	3300	12810	0
0	3300	12810	0
0	3306	12820	1
0	3311	12840	1
0	3311	12840	1
0	3321	12870	1
0	3321	12870	0
0	3333	12900	0
0	3333	12900	0
0	3340	12930	0
0	3340	12930	0
0	3350	12960	0
0	3350	12960	0
0	3359	12990	0
0	3359	12990	0
0	3367	13020	0
0	3367	13020	0
0	3371	13041.964741222752	1
0	3372	13050	1
0	3372	13050	1
0	3377	13080	1
0	3377	13080	0
0	3381	13090	1
0	3383	13090	2
0	3386	13110	2
0	3386	13110	0
0	3395	13140	0
0	3395	13140	0
0	3401	13170	0
0	3401	13170	0
0	3409	13200	0
0	3409	13200	0
0	3419	13230	0
0	3419	13230	0
0	3424	13240	1
0	3426	13260	1
0	3426	13260	0
0	3434	13290	0
0	3434	13290	0
0	3442	13320	0
0	3442	13320	0
0	3448	13350	0
0	3448	13350	0
0	3455	13380	0
0	3455	13380	0
0	3465	13402.568361242828	1
0	3466	13410	1
0	3466	13410	1
0	3472	13440	1
0	3472	13440	0
0	3479	13470	0
0	3479	13470	0
0	3489	13495.219309214576	1
0	3490	13500	1
0	3490	13500	0
0	3497	13530	0
0	3497	13530	0
0	3505	13560	0
0	3505	13560	0
0	3512	13582.993379515859	1
0	3513	13590	1
0	3513	13590	1
0	3521	13620	1
0	3521	13620	1
0	3529	13650	1
0	3529	13650	0
0	3534	13660	1
0	3535	13680	1
0	3535	13680	1
0	3539	13682.240485300199	2
0	3543	13710	2
0	3543	13710	0
0	3553	13740	0
0	3553	13740	0
0	3559	13770	0
0	3559	13770	0
0	3563	13780	1
0	3567	13800	1
0	3567	13800	1
0	3578	13830	1
0	3578	13830	0
0	3584	13860	0
0	3584	13860	0
0	3588	13867.571278713666	1
0	3594	13890	1
0	3594	13890	1
0	3602	13920	1
0	3602	13920	0
0	3613	13950	0
0	3613	13950	0
0	3619	13980	0
0	3619	13980	0
0	3624	13987.228253104547	1
0	3628	14010	1
0	3628	14010	0
0	3635	14026.892507297243	1
0	3639	14038.469352617139	2
0	3641	14040	2
0	3641	14040	1
0	3647	14070	1
0	3647	14070	0
0	3655	14100	0
0	3655	14100	0
0	3665	14130	0
0	3665	14130	0
0	3669	14136.414603005819	1
0	3674	14160	1
0	3674	14160	0
0	3682	14185.893789986282	1
0	3685	14190	1
0	3685	14190	0
0	3690	14220	0
0	3690	14220	0
0	3695	14228.892859925807	1
0	3697	14250	1
0	3697	14250	1
0	3702	14260	2
0	3706	14280	2
0	3706	14280	1
0	3712	14290	2
0	3713	14310	2
0	3713	14310	0
0	3719	14320	1
0	3721	14340	1
0	3721	14340	0
0	3725	14370	0
0	3725	14370	0
0	3734	14400	0
0	3734	14400	0
0	3742	14430	0
0	3742	14430	0
0	3749	14460	0
0	3749	14460	0
0	3753	14478.83857675452	1
0	3754	14490	1
0	3754	14490	1
0	3761	14520	1
0	3761	14520	0
0	3766	14550	0
0	3766	14550	0
0	3771	14580	0
0	3771	14580	0
0	3777	14610	0
0	3777	14610	0
0	3785	14640	0
0	3785	14640	0
0	3791	14670	0
0	3791	14670	0
0	3799	14700	0
0	3799	14700	0
0	3804	14710.327964653397	1
0	3807	14730	1
0	3807	14730	1
0	3813	14760	1
0	3813	14760	0
0	3820	14790	0
0	3820	14790	0
0	3829	14820	0
0	3829	14820	0
0	3835	14850	0
0	3835	14850	0
0	3841	14880	0
0	3841	14880	0
0	3845	14890	1
0	3849	14910	1
0	3849	14910	0
0	3856	14940	0
0	3856	14940	0
0	3863	14970	0
0	3863	14970	0
0	3867	14980	1
0	3868	15000	1
0	3868	15000	1
0	3877	15030	1
0	3877	15030	0
0	3886	15060	0
0	3886	15060	0
0	3891	15090	0
0	3891	15090	0
0	3897	15120	0
0	3897	15120	0
0	3906	15150	0
0	3906	15150	0
0	3911	15180	0
0	3911	15180	0
0	3918	15210	0
0	3918	15210	0
0	3922	15240	0
0	3922	15240	0
0	3928	15270	0
0	3928	15270	0
0	3934	15280	1
0	3936	15300	1
0	3936	15300	0
0	3943	15330	0
0	3943	15330	0
0	3951	15360	0
0	3951	15360	0
0	3958	15390	0
0	3958	15390	0
0	3964	15420	0
0	3964	15420	0
0	3973	15433.787272923435	1
0	3977	15450	1
0	3977	15450	0
0	3986	15480	0
0	3986	15480	0
0	3991	15510	0
0	3991	15510	0
0	3996	15527.508147973458	1
0	3999	15540	1
0	3999	15540	1
0	4007	15570	1
0	4007	15570	1
0	4012	15580	2
0	4014	15600	2
0	4014	15600	1
0	4021	15621.381797797901	2
0	4022	15630	2
0	4022	15630	0
0	4027	15660	0
0	4027	15660	0
0	4032	15690	0
0	4032	15690	0
0	4038	15703.63849403391	1
0	4039	15720	1
0	4039	15720	0
0	4045	15730	1
0	4047	15750	1
0	4047	15750	0
0	4055	15780	0
0	4055	15780	0
0	4059	15810	0
0	4059	15810	0
0	4068	15840	0
0	4068	15840	0
0	4076	15870	0
0	4076	15870	0
0	4080	15900	0
0	4080	15900	0
0	4087	15930	0
0	4087	15930	0
0	4091	15939.710808720096	1
0	4094	15960	1
0	4094	15960	0
0	4098	15990	0
0	4098	15990	0
0	4105	16020	0
0	4105	16020	0
0	4110	16050	0
0	4110	16050	0
0	4115	16080	0
0	4115	16080	0
0	4124	16110	0
0	4124	16110	0
0	4131	16140	0
0	4131	16140	0
0	4137	16170	0
0	4137	16170	0
0	4145	16200	0
0	4145	16200	0
0	4152	16230	0
0	4152	16230	0
0	4156	16237.455517656763	1
0	4162	16260	1
0	4162	16260	1
0	4166	16271.848989859957	2
0	4167	16290	2
0	4167	16290	1
0	4171	16295.241739973616	2
0	4173	16320	2
0	4173	16320	0
0	4179	16350	0
0	4179	16350	0
0	4186	16380	0
0	4186	16380	0
0	4192	16410	0
0	4192	16410	0
0	4199	16420	1
0	4200	16420	2
0	4203	16440	2
0	4203	16440	2
0	4210	16470	2
0	4210	16470	0
0	4215	16500	0
0	4215	16500	0
0	4221	16530	0
0	4221	16530	0
0	4230	16560	0
0	4230	16560	0
0	4236	16590	0
0	4236	16590	0
0	4242	16620	0
0	4242	16620	0
0	4248	16650	0
0	4248	16650	0
0	4254	16680	0
0	4254	16680	0
0	4261	16710	0
0	4261	16710	0
0	4266	16740	0
0	4266	16740	0
0	4270	16770	0
0	4270	16770	0
0	4276	16800	0
0	4276	16800	0
0	4280	16830	0
0	4280	16830	0
0	4286	16860	0
0	4286	16860	0
0	4291	16890	0
0	4291	16890	0
0	4298	16920	0
0	4298	16920	0
0	4304	16950	0
0	4304	16950	0
0	4311	16980	0
0	4311	16980	0
0	4316	17010	0
0	4316	17010	0
0	4320	17010.739487786111	1
0	4321	17013.53817954737	2
0	4323	17040	2
0	4323	17040	0
0	4330	17070	0
0	4330	17070	0
0	4337	17100	0
0	4337	17100	0
0	4342	17130	0
0	4342	17130	0
0	4348	17140	1
0	4349	17160	1
0	4349	17160	1
0	4360	17190	1
0	4360	17190	0
0	4366	17220	0
0	4366	17220	0
0	4370	17221.266045689907	1
0	4372	17250	1
0	4372	17250	0
0	4382	17280	0
0	4382	17280	0
0	4390	17310	0
0	4390	17310	0
0	4398	17340	0
0	4398	17340	0
0	4408	17370	0
0	4408	17370	0
0	4412	17380	1
0	4416	17400	1
0	4416	17400	1
0	4422	17430	1
0	4422	17430	0
0	4427	17434.504785845005	1
0	4431	17460	1
0	4431	17460	1
0	4440	17490	1
0	4440	17490	0
0	4448	17520	0
0	4448	17520	0
0	4457	17550	0
0	4457	17550	0
0	4465	17580	0
0	4465	17580	0
0	4472	17610	0
0	4472	17610	0
0	4479	17638.142203515317	1
0	4480	17640	1
0	4480	17640	1
0	4488	17670	1
0	4488	17670	0
0	4497	17700	0
0	4497	17700	0
0	4502	17730	0
0	4502	17730	0
0	4509	17760	0
0	4509	17760	0
0	4516	17790	0
0	4516	17790	0
0	4525	17820	0
0	4525	17820	0
0	4533	17850	0
0	4533	17850	0
0	4539	17880	0
0	4539	17880	0
0	4546	17910	0
0	4546	17910	0
0	4554	17940	0
0	4554	17940	0
0	4561	17965.071402473932	1
0	4562	17970	1
0	4562	17970	0
0	4566	18000	0
0	4566	18000	0
0	4572	18030	0
0	4572	18030	0
0	4576	18035.035582736617	1
0	4581	18060	1
0	4581	18060	1
0	4586	18090	1
0	4586	18090	1
0	4592	18120	1
0	4592	18120	0
0	4600	18150	0
0	4600	18150	0
0	4604	18180	0
0	4604	18180	0
0	4611	18210	0
0	4611	18210	0
0	4619	18237.734210562611	1
0	4620	18240	1
0	4620	18240	0
0	4624	18250	1
0	4625	18270	1
0	4625	18270	0
0	4630	18300	0
0	4630	18300	0
0	4635	18330	0
0	4635	18330	0
0	4640	18340	1
0	4643	18360	1
0	4643	18360	1
0	4652	18390	1
0	4652	18390	0
0	4657	18420	0
0	4657	18420	0
0	4661	18450	0
0	4661	18450	0
0	4674	18480	0
0	4674	18480	0
0	4682	18510	0
0	4682	18510	0
0	4689	18540	0
0	4689	18540	0
0	4693	18570	0
0	4693	18570	0
0	4700	18580	1
0	4707	18600	1
0	4707	18600	1
0	4711	18610	2
0	4714	18630	2
0	4714	18630	0
0	4718	18637.52748307942	1
0	4719	18660	1
0	4719	18660	1
0	4724	18673.986440727541	2
0	4726	18683.838167080149	3
0	4727	18690	3
0	4727	18690	2
0	4734	18720	2
0	4734	18720	0
0	4743	18750	0
0	4743	18750	0
0	4751	18780	0
0	4751	18780	0
0	4760	18810	0
0	4760	18810	0
0	4769	18840	0
0	4769	18840	0
0	4778	18870	0
0	4778	18870	0
0	4783	18883.989946613289	1
0	4785	18900	1
0	4785	18900	1
0	4792	18930	1
0	4792	18930	1
0	4800	18960	1
0	4800	18960	0
0	4807	18990	0
0	4807	18990	0
0	4815	19020	0
0	4815	19020	0
0	4820	19050	0
0	4820	19050	0
0	4828	19080	0
0	4828	19080	0
0	4836	19110	0
0	4836	19110	0
0	4845	19140	0
0	4845	19140	0
0	4854	19170	0
0	4854	19170	0
0	4860	19200	0
0	4860	19200	0
0	4865	19209.191526339862	1
0	4872	19230	1
0	4872	19230	0
0	4879	19260	0
0	4879	19260	0
0	4884	19290	0
0	4884	19290	0
0	4893	19320	0
0	4893	19320	0
0	4900	19350	0
0	4900	19350	0
0	4909	19380	0
0	4909	19380	0
0	4918	19410	0
0	4918	19410	0
0	4922	19420	1
0	4926	19440	1
0	4926	19440	1
0	4931	19470	1
0	4931	19470	0
0	4941	19500	0
0	4941	19500	0
0	4951	19530	0
0	4951	19530	0
0	4957	19560	0
0	4957	19560	0
0	4963	19570	1
0	4969	19588.461634867269	2
0	4970	19590	2
0	4970	19590	0
0	4975	19600	1
0	4981	19620	1
0	4981	19620	0
0	4986	19650	0
0	4986	19650	0
0	4995	19680	0
0	4995	19680	0
0	5001	19690	1
0	5004	19710	1
0	5004	19710	0
0	5013	19740	0
0	5013	19740	0
0	5023	19770	0
0	5023	19770	0
0	5029	19780	1
0	5032	19800	1
0	5032	19800	1
0	5041	19830	1
0	5041	19830	0
0	5051	19860	0
0	5051	19860	0
0	5063	19888.845470689947	1
0	5064	19890	1
0	5064	19890	1
0	5073	19920	1
0	5073	19920	0
0	5082	19950	0
0	5082	19950	0
0	5086	19960	1
0	5089	19980	1
0	5089	19980	0
1	279	1080	42.849528683553
1	295	1140	20
1	313	1200	61.715075803543
1	320	1230	16.038293651651
1	358	1380	20
1	375	1440	10.023796537175
1	383	1470	50
1	405	1534.437602171399	0
1	411	1560	87.522133379947
1	411	1560	47.234615222529
1	443	1680	54.170483320558
1	448	1710	50
1	480	1830	20
1	485	1840	0
1	519	1955.561796862462	0
1	524	1980	20
1	524	1980	8.064984985607
1	543	2070	20
1	549	2080	0
1	568	2155.009970667724	0
1	569	2160	64.093394785025
1	600	2280	4.85770262244
1	637	2430	50
1	637	2430	20
1	641	2440	0
1	642	2440	0
1	659	2520	75.29879707694
1	689	2640	52.52935327518
1	689	2640	20.324910079467
1	695	2670	50
1	695	2670	20
1	700	2680.883429444466	0
1	737	2820	20
1	772	2940	20
1	806	3060	20
1	828	3144.256883062218	0
1	830	3150	50
1	848	3210	3.992267363505
1	866	3270	20
1	891	3360	26.484953809714
1	900	3371.693835973452	0
1	901	3373.790118076078	0
1	930	3480	53.963706522247
1	938	3510	50
1	966	3601.230961573079	0
1	967	3604.602757316484	0
1	976	3640	0
1	1014	3810	50.314613143001
1	1078	4080	21.389431010056
1	1101	4150	0
1	1115	4203.650317831674	0
1	1128	4260	20
1	1133	4290	74.284116226668
1	1148	4350	50
1	1148	4350	20
1	1148	4350	20
1	1163	4410	61.213524247802
1	1207	4590	44.935027644017
1	1228	4680	33.090698006535
1	1234	4710	20
1	1258	4800	83.283414347348
1	1258	4800	21.907579199116
1	1316	5010	33.155560302087
1	1330	5070	50
1	1330	5070	22.324146066022
1	1330	5070	20
1	1330	5070	20
1	1336	5080	0
1	1370	5190	6.30001788539
1	1376	5200	0
1	1394	5280	82.66668144862
1	1400	5297.553376631468	0
1	1402	5310	50
1	1402	5310	20
1	1409	5340	20
1	1409	5340	2.691500544967
1	1429	5430	20
1	1503	5790	20
1	1519	5880	40.699029990167
1	1527	5910	50
1	1574	6090	50.57718357341
1	1596	6180	20
1	1606	6214.294380624562	0
1	1609	6223.299843653946	0
1	1622	6280	0
1	1635	6330	55.392363710323
1	1658	6400	0
1	1683	6480	51.549957504769
1	1683	6480	28.694102836041
1	1689	6497.01536568094	0
1	1691	6510	20
1	1708	6570	18.69902898421
1	1741	6670	0
1	1754	6720	18.342519890267
1	1760	6750	16.922533250792
1	1780	6810	28.633306599481
1	1798	6880	0
1	1799	6880	0
1	1846	7050	82.153172868181
1	1846	7050	11.189676590866
1	1853	7080	16.917694246966
1	1884	7190.883320061122	0
1	1885	7200	68.18291404896
1	1890	7230	20
1	1916	7320	78.319541483874
1	1953	7440	22.772969842392
1	1968	7500	20
1	1984	7560	60.522656923244
1	1989	7572.939283803252	0
1	1990	7590	50
1	1990	7590	50
1	2017	7710	20
1	2045	7830	20
1	2063	7918.862474586972	0
1	2065	7920	85.034483890192
1	2086	8010	35.285617200625
1	2116	8119.197027330592	0
1	2132	8172.625368447524	0
1	2134	8190	50
1	2179	8370	56.106505402122
1	2269	8798.62106795762	0
1	2279	8830	0
1	2283	8850	63.767976330053
1	2283	8850	17.744609847981
1	2288	8880	74.498277064432
1	2297	8920	0
1	2310	8970	3.05847414611
1	2323	9030	50
1	2400	9300	20
1	2407	9310	0
1	2408	9330	66.180573652955
1	2408	9330	24.775420687349
1	2416	9360	78.4706492959
1	2416	9360	78.19929102578
1	2423	9390	49.88186887258
1	2431	9403.834342774112	0
1	2433	9420	20
1	2453	9480	43.133305410522
1	2463	9510	8.269719973365
1	2481	9550	0
1	2485	9570	9.480828002047
1	2500	9602.332102865952	0
1	2505	9623.510331368743	0
1	2511	9640	0
1	2521	9690	77.697482358953
1	2539	9750	20
1	2539	9750	20
1	2547	9780	20
1	2631	10140	20
1	2637	10170	79.014456457982
1	2648	10213.25551415944	0
1	2651	10230	4.275884867881
1	2664	10290	14.887699933942
1	2669	10303.448054168002	0
1	2679	10326.794206562378	0
1	2702	10421.980536766461	0
1	2703	10422.25395658373	0
1	2706	10440	46.024252113062
1	2712	10470	20
1	2717	10480	0
1	2726	10530	51.799106619197
1	2760	10650	6.876284827429
1	2803	10830	20
1	2803	10830	20
1	2817	10890	18.212078118195
1	2831	10950	50
1	2842	10990	0
1	2852	11040	25.512423890488
1	2872	11130	24.753129694405
1	2882	11160	47.539208272663
1	2911	11280	47.646328644766
1	2947	11430	50
1	2957	11470	0
1	2960	11490	86.940734921328
1	2967	11514.597603494031	0
1	2976	11550	20
1	3001	11640	82.231829004369
1	3010	11670	20
1	3018	11700	20
1	3023	11730	88.670720013249
1	3040	11790	20
1	3075	11920	0
1	3092	12000	16.442880594252
1	3100	12030	50
1	3100	12030	36.060460734472
1	3109	12090	62.292000918923
1	3152	12300	87.233926741922
1	3190	12450	8.581401887608
1	3240	12630	50
1	3269	12720	74.99889572667
1	3269	12720	49.220458761125
1	3276	12750	50
1	3280	12760	0
1	3281	12760	0
1	3282	12760	0
1	3289	12780	20
1	3321	12870	50
1	3327	12880	0
1	3337	12905.832633910083	0
1	3377	13080	38.035258777248
1	3386	13110	20
1	3386	13110	20
1	3391	13120	0
1	3392	13120	0
1	3426	13260	20
1	3462	13390	0
1	3463	13390	0
1	3472	13440	37.431638757172
1	3490	13500	4.780690785424
1	3529	13650	67.006620484141
1	3541	13691.346317645243	0
1	3543	13710	50
1	3543	13710	27.759514699801
1	3548	13720	0
1	3578	13830	50
1	3591	13870	0
1	3602	13920	52.428721286334
1	3628	14010	22.771746895453
1	3641	14040	1.530647382861
1	3647	14070	43.107492702757
1	3654	14088.468972472845	0
1	3674	14160	23.585396994181
1	3685	14190	4.106210013718
1	3706	14280	51.107140074193
1	3713	14310	50
1	3713	14310	20
1	3721	14340	20
1	3761	14520	41.16142324548
1	3813	14760	49.672035346603
1	3825	14800	0
1	3826	14800	0
1	3849	14910	20
1	3854	14920	0
1	3877	15030	50
1	3882	15040	0
1	3916	15190	0
1	3926	15241.949485297298	0
1	3936	15300	20
1	3955	15369.815440342293	0
1	3957	15378.01782253484	0
1	3963	15400	0
1	3977	15450	16.212727076565
1	4014	15600	72.491852026542
1	4022	15630	50
1	4022	15630	8.618202202099
1	4039	15720	16.36150596609
1	4047	15750	20
1	4054	15760	0
1	4094	15960	20.289191279904
1	4167	16290	18.151010140043
1	4173	16320	82.544482343237
1	4173	16320	24.758260026384
1	4177	16323.828396247703	0
1	4178	16338.148499649468	0
1	4210	16470	50
1	4210	16470	50
1	4260	16698.150245117443	0
1	4284	16840	0
1	4323	17040	29.260512213889
1	4323	17040	26.46182045263
1	4360	17190	50
1	4372	17250	28.733954310093
1	4404	17350	0
1	4422	17430	50
1	4437	17470	0
1	4440	17490	55.495214154995
1	4488	17670	31.857796484683
1	4507	17740.236377146572	0
1	4520	17800	0
1	4530	17830	0
1	4545	17901.239298794258	0
1	4551	17920	0
1	4562	17970	4.928597526068
1	4592	18120	84.964417263383
1	4620	18240	2.265789437389
1	4625	18270	20
1	4650	18377.242434655043	0
1	4652	18390	50
1	4671	18476.82345029225	0
1	4686	18520	0
1	4714	18630	50
1	4714	18630	20
1	4727	18690	6.161832919851
1	4734	18720	82.47251692058
1	4734	18720	46.013559272459
1	4777	18862.267725676334	0
1	4800	18960	76.010053386711
1	4842	19120	0
1	4872	19230	20.808473660138
1	4931	19470	50
1	4937	19480	0
1	4970	19590	20
1	4970	19590	1.538365132731
1	4981	19620	20
1	5004	19710	20
1	5009	19720	0
1	5036	19801.441399964679	0
1	5041	19830	50
1	5073	19920	31.154529310053
1	5077	19922.428255703444	0
1	5088	19965.112560164407	0
1	5089	19980	20
2	279	1080	2477
2	295	1140	2476
2	313	1200	2479
2	320	1230	2478
2	358	1380	2483
2	375	1440	2489
2	383	1470	2484
2	405	1534.437602171399	2494
2	411	1560	2491
2	411	1560	2493
2	443	1680	2496
2	448	1710	2492
2	480	1830	2499
2	485	1840	2497
2	519	1955.561796862462	2504
2	524	1980	2503
2	524	1980	2506
2	543	2070	2507
2	549	2080	2502
2	568	2155.009970667724	2512
2	569	2160	2511
2	600	2280	2517
2	637	2430	2516
2	637	2430	2519
2	641	2440	2514
2	642	2440	2515
2	659	2520	2521
2	689	2640	2524
2	689	2640	2525
2	695	2670	2520
2	695	2670	2522
2	700	2680.883429444466	2523
2	737	2820	2526
2	772	2940	2529
2	806	3060	2532
2	828	3144.256883062218	2543
2	830	3150	2538
2	848	3210	2546
2	866	3270	2541
2	891	3360	2549
2	900	3371.693835973452	2552
2	901	3373.790118076078	2553
2	930	3480	2557
2	938	3510	2550
2	966	3601.230961573079	2560
2	967	3604.602757316484	2561
2	976	3640	2556
2	1014	3810	2564
2	1078	4080	2571
2	1101	4150	2570
2	1115	4203.650317831674	2578
2	1128	4260	2574
2	1133	4290	2579
2	1148	4350	2577
2	1148	4350	2575
2	1148	4350	2576
2	1163	4410	2581
2	1207	4590	2582
2	1228	4680	2588
2	1234	4710	2584
2	1258	4800	2590
2	1258	4800	2592
2	1316	5010	2600
2	1330	5070	2596
2	1330	5070	2599
2	1330	5070	2595
2	1330	5070	2597
2	1336	5080	2591
2	1370	5190	2602
2	1376	5200	2594
2	1394	5280	2608
2	1400	5297.553376631468	2612
2	1402	5310	2603
2	1402	5310	2607
2	1409	5340	2606
2	1409	5340	2610
2	1429	5430	2609
2	1503	5790	2615
2	1519	5880	2619
2	1527	5910	2617
2	1574	6090	2626
2	1596	6180	2627
2	1606	6214.294380624562	2632
2	1609	6223.299843653946	2633
2	1622	6280	2623
2	1635	6330	2634
2	1658	6400	2628
2	1683	6480	2637
2	1683	6480	2640
2	1689	6497.01536568094	2644
2	1691	6510	2635
2	1708	6570	2647
2	1741	6670	2648
2	1754	6720	2653
2	1760	6750	2651
2	1780	6810	2655
2	1798	6880	2649
2	1799	6880	2652
2	1846	7050	2660
2	1846	7050	2662
2	1853	7080	2664
2	1884	7190.883320061122	2669
2	1885	7200	2668
2	1890	7230	2661
2	1916	7320	2670
2	1953	7440	2675
2	1968	7500	2673
2	1984	7560	2677
2	1989	7572.939283803252	2682
2	1990	7590	2671
2	1990	7590	2672
2	2017	7710	2680
2	2045	7830	2683
2	2063	7918.862474586972	2686
2	2065	7920	2684
2	2086	8010	2687
2	2116	8119.197027330592	2689
2	2132	8172.625368447524	2696
2	2134	8190	2691
2	2179	8370	2699
2	2269	8798.62106795762	2705
2	2279	8830	2706
2	2283	8850	2707
2	2283	8850	2710
2	2288	8880	2708
2	2297	8920	2703
2	2310	8970	2714
2	2323	9030	2711
2	2400	9300	2717
2	2407	9310	2719
2	2408	9330	2722
2	2408	9330	2728
2	2416	9360	2725
2	2416	9360	2726
2	2423	9390	2721
2	2431	9403.834342774112	2720
2	2433	9420	2724
2	2453	9480	2732
2	2463	9510	2730
2	2481	9550	2733
2	2485	9570	2737
2	2500	9602.332102865952	2740
2	2505	9623.510331368743	2743
2	2511	9640	2729
2	2521	9690	2741
2	2539	9750	2738
2	2539	9750	2744
2	2547	9780	2742
2	2631	10140	2750
2	2637	10170	2751
2	2648	10213.25551415944	2754
2	2651	10230	2752
2	2664	10290	2755
2	2669	10303.448054168002	2756
2	2679	10326.794206562378	2757
2	2702	10421.980536766461	2761
2	2703	10422.25395658373	2762
2	2706	10440	2759
2	2712	10470	2758
2	2717	10480	2753
2	2726	10530	2765
2	2760	10650	2768
2	2803	10830	2767
2	2803	10830	2769
2	2817	10890	2773
2	2831	10950	2772
2	2842	10990	2775
2	2852	11040	2777
2	2872	11130	2778
2	2882	11160	2779
2	2911	11280	2783
2	2947	11430	2781
2	2957	11470	2786
2	2960	11490	2789
2	2967	11514.597603494031	2792
2	2976	11550	2788
2	3001	11640	2793
2	3010	11670	2790
2	3018	11700	2791
2	3023	11730	2795
2	3040	11790	2794
2	3075	11920	2796
2	3092	12000	2804
2	3100	12030	2801
2	3100	12030	2803
2	3109	12090	2805
2	3152	12300	2807
2	3190	12450	2813
2	3240	12630	2810
2	3269	12720	2823
2	3269	12720	2827
2	3276	12750	2821
2	3280	12760	2816
2	3281	12760	2819
2	3282	12760	2815
2	3289	12780	2822
2	3321	12870	2826
2	3327	12880	2824
2	3337	12905.832633910083	2830
2	3377	13080	2839
2	3386	13110	2835
2	3386	13110	2838
2	3391	13120	2831
2	3392	13120	2834
2	3426	13260	2840
2	3462	13390	2842
2	3463	13390	2844
2	3472	13440	2848
2	3490	13500	2847
2	3529	13650	2856
2	3541	13691.346317645243	2860
2	3543	13710	2851
2	3543	13710	2855
2	3548	13720	2850
2	3578	13830	2858
2	3591	13870	2861
2	3602	13920	2865
2	3628	14010	2869
2	3641	14040	2871
2	3647	14070	2867
2	3654	14088.468972472845	2866
2	3674	14160	2877
2	3685	14190	2874
2	3706	14280	2880
2	3713	14310	2876
2	3713	14310	2879
2	3721	14340	2878
2	3761	14520	2883
2	3813	14760	2889
2	3825	14800	2885
2	3826	14800	2886
2	3849	14910	2892
2	3854	14920	2888
2	3877	15030	2893
2	3882	15040	2891
2	3916	15190	2897
2	3926	15241.949485297298	2902
2	3936	15300	2898
2	3955	15369.815440342293	2903
2	3957	15378.01782253484	2904
2	3963	15400	2900
2	3977	15450	2906
2	4014	15600	2911
2	4022	15630	2908
2	4022	15630	2910
2	4039	15720	2915
2	4047	15750	2912
2	4054	15760	2909
2	4094	15960	2917
2	4167	16290	2927
2	4173	16320	2923
2	4173	16320	2928
2	4177	16323.828396247703	2929
2	4178	16338.148499649468	2930
2	4210	16470	2924
2	4210	16470	2925
2	4260	16698.150245117443	2933
2	4284	16840	2932
2	4323	17040	2937
2	4323	17040	2938
2	4360	17190	2936
2	4372	17250	2945
2	4404	17350	2942
2	4422	17430	2948
2	4437	17470	2949
2	4440	17490	2952
2	4488	17670	2956
2	4507	17740.236377146572	2963
2	4520	17800	2954
2	4530	17830	2960
2	4545	17901.239298794258	2965
2	4551	17920	2961
2	4562	17970	2967
2	4592	18120	2968
2	4620	18240	2973
2	4625	18270	2969
2	4650	18377.242434655043	2975
2	4652	18390	2970
2	4671	18476.82345029225	2977
2	4686	18520	2974
2	4714	18630	2978
2	4714	18630	2976
2	4727	18690	2986
2	4734	18720	2984
2	4734	18720	2985
2	4777	18862.267725676334	2990
2	4800	18960	2992
2	4842	19120	2988
2	4872	19230	2997
2	4931	19470	3004
2	4937	19480	3000
2	4970	19590	3006
2	4970	19590	3010
2	4981	19620	3008
2	5004	19710	3012
2	5009	19720	3009
2	5036	19801.441399964679	3022
2	5041	19830	3015
2	5073	19920	3026
2	5077	19922.428255703444	3027
2	5088	19965.112560164407	3021
2	5089	19980	3023
3	263	1020	1
3	263	1020	0
3	272	1050	0
3	272	1050	0
3	280	1080	0
3	280	1080	0
3	285	1110	0
3	285	1110	0
3	296	1140	0
3	296	1140	0
3	305	1170	0
3	305	1170	0
3	314	1200	0
3	314	1200	0
3	321	1230	0
3	321	1230	0
3	324	1231.954319698142	1
3	328	1260	1
3	328	1260	1
3	335	1290	1
3	335	1290	1
3	342	1320	1
3	342	1320	0
3	350	1350	0
3	350	1350	0
3	359	1380	0
3	359	1380	0
3	368	1410	0
3	368	1410	0
3	376	1440	0
3	376	1440	0
3	384	1470	0
3	384	1470	0
3	389	1474.683971533146	1
3	393	1500	1
3	393	1500	1
3	402	1530	1
3	402	1530	1
3	412	1560	1
3	412	1560	0
3	419	1590	0
3	419	1590	0
3	424	1620	0
3	424	1620	0
3	433	1643.322705071434	1
3	435	1650	1
3	435	1650	1
3	444	1680	1
3	444	1680	1
3	449	1710	1
3	449	1710	0
3	453	1734.725828253989	1
3	455	1740	1
3	455	1740	0
3	464	1770	0
3	464	1770	0
3	474	1800	0
3	474	1800	0
3	481	1830	0
3	481	1830	0
3	491	1860	0
3	491	1860	0
3	494	1866.980606975109	1
3	502	1890	1
3	502	1890	1
3	505	1891.990414293531	2
3	507	1920	2
3	507	1920	2
3	511	1930	3
3	516	1950	3
3	516	1950	1
3	525	1980	1
3	525	1980	0
3	531	2010	0
3	531	2010	0
3	536	2040	0
3	536	2040	0
3	544	2070	0
3	544	2070	0
3	558	2100	0
3	558	2100	0
3	564	2130	0
3	564	2130	0
3	570	2160	0
3	570	2160	0
3	578	2190	0
3	578	2190	0
3	585	2220	0
3	585	2220	0
3	589	2226.399426750334	1
3	594	2250	1
3	594	2250	1
3	601	2280	1
3	601	2280	0
3	606	2303.278120856426	1
3	608	2310	1
3	608	2310	0
3	611	2320	1
3	612	2321.663959311334	2
3	616	2340	2
3	616	2340	0
3	623	2370	0
3	623	2370	0
3	632	2400	0
3	632	2400	0
3	638	2430	0
3	638	2430	0
3	643	2443.267210211246	1
3	646	2460	1
3	646	2460	1
3	650	2470.507709544723	2
3	655	2490	2
3	655	2490	2
3	660	2520	2
3	660	2520	1
3	668	2550	1
3	668	2550	0
3	672	2580	0
3	672	2580	0
3	680	2610	0
3	680	2610	0
3	690	2640	0
3	690	2640	0
3	696	2670	0
3	696	2670	0
3	704	2700	0
3	704	2700	0
3	711	2730	0
3	711	2730	0
3	719	2760	0
3	719	2760	0
3	729	2790	0
3	729	2790	0
3	738	2820	0
3	738	2820	0
3	745	2850	0
3	745	2850	0
3	755	2880	0
3	755	2880	0
3	759	2890	1
3	763	2910	1
3	763	2910	1
3	773	2940	1
3	773	2940	0
3	776	2941.714694614827	1
3	782	2970	1
3	782	2970	1
3	786	3000	1
3	786	3000	0
3	792	3030	0
3	792	3030	0
3	798	3040	1
3	801	3040	2
3	807	3060	2
3	807	3060	0
3	813	3090	0
3	813	3090	0
3	820	3120	0
3	820	3120	0
3	823	3123.876942807541	1
3	831	3150	1
3	831	3150	0
3	840	3180	0
3	840	3180	0
3	849	3210	0
3	849	3210	0
3	852	3230.594333856413	1
3	856	3240	1
3	856	3240	1
3	867	3270	1
3	867	3270	0
3	876	3300	0
3	876	3300	0
3	884	3330	0
3	884	3330	0
3	888	3337.865238036066	1
3	892	3360	1
3	892	3360	0
3	895	3361.921323743609	1
3	904	3390	1
3	904	3390	0
3	912	3420	0
3	912	3420	0
3	919	3450	0
3	919	3450	0
3	931	3480	0
3	931	3480	0
3	939	3510	0
3	939	3510	0
3	942	3520	1
3	943	3520	2
3	944	3520	3
3	946	3540	3
3	946	3540	0
3	953	3568.002211758147	1
3	955	3570	1
3	955	3570	1
3	963	3600	1
3	963	3600	1
3	971	3630	1
3	971	3630	0
3	979	3660	0
3	979	3660	0
3	986	3690	0
3	986	3690	0
3	995	3720	0
3	995	3720	0
3	1003	3750	0
3	1003	3750	0
3	1007	3760.278945235537	1
3	1009	3780	1
3	1009	3780	0
3	1015	3810	0
3	1015	3810	0
3	1023	3840	0
3	1023	3840	0
3	1027	3850	1
3	1030	3870	1
3	1030	3870	1
3	1036	3900	1
3	1036	3900	0
3	1041	3930	0
3	1041	3930	0
3	1048	3960	0
3	1048	3960	0
3	1055	3990	0
3	1055	3990	0
3	1060	4000	1
3	1062	4000	2
3	1064	4020	2
3	1064	4020	0
3	1070	4050	0
3	1070	4050	0
3	1079	4080	0
3	1079	4080	0
3	1088	4110	0
3	1088	4110	0
3	1097	4140	0
3	1097	4140	0
3	1102	4154.836698565075	1
3	1105	4170	1
3	1105	4170	1
3	1109	4192.304685085284	2
3	1110	4195.10461382742	3
3	1112	4200	3
3	1112	4200	2
3	1116	4210	3
3	1120	4230	3
3	1120	4230	1
3	1123	4240	2
3	1129	4260	2
3	1129	4260	0
3	1134	4290	0
3	1134	4290	0
3	1141	4320	0
3	1141	4320	0
3	1149	4350	0
3	1149	4350	0
3	1159	4380	0
3	1159	4380	0
3	1162	4390	1
3	1164	4410	1
3	1164	4410	0
3	1171	4440	0
3	1171	4440	0
3	1179	4470	0
3	1179	4470	0
3	1182	4472.953897267842	1
3	1184	4500	1
3	1184	4500	1
3	1189	4519.225936989825	2
3	1191	4530	2
3	1191	4530	2
3	1203	4560	2
3	1203	4560	1
3	1208	4590	1
3	1208	4590	0
3	1213	4620	0
3	1213	4620	0
3	1220	4650	0
3	1220	4650	0
3	1229	4680	0
3	1229	4680	0
3	1235	4710	0
3	1235	4710	0
3	1240	4720	1
3	1242	4740	1
3	1242	4740	0
3	1249	4770	0
3	1249	4770	0
3	1259	4800	0
3	1259	4800	0
3	1268	4830	0
3	1268	4830	0
3	1276	4860	0
3	1276	4860	0
3	1282	4890	0
3	1282	4890	0
3	1289	4906.615976367738	1
3	1291	4919.082319653365	2
3	1293	4920	2
3	1293	4920	1
3	1296	4929.347719881859	2
3	1301	4950	2
3	1301	4950	0
3	1304	4960	1
3	1309	4980	1
3	1309	4980	0
3	1317	5010	0
3	1317	5010	0
3	1323	5040	0
3	1323	5040	0
3	1331	5070	0
3	1331	5070	0
3	1337	5080	1
3	1343	5100	1
3	1343	5100	0
3	1346	5103.541714707086	1
3	1348	5110	2
3	1350	5130	2
3	1350	5130	1
3	1357	5160	1
3	1357	5160	0
3	1366	5177.688680048601	1
3	1371	5190	1
3	1371	5190	0
3	1379	5220	0
3	1379	5220	0
3	1383	5231.900684904041	1
3	1386	5250	1
3	1386	5250	1
3	1395	5280	1
3	1395	5280	1
3	1403	5310	1
3	1403	5310	0
3	1410	5340	0
3	1410	5340	0
3	1415	5370	0
3	1415	5370	0
3	1423	5400	0
3	1423	5400	0
3	1430	5430	0
3	1430	5430	0
3	1437	5460	0
3	1437	5460	0
3	1444	5490	0
3	1444	5490	0
3	1451	5520	0
3	1451	5520	0
3	1457	5550	0
3	1457	5550	0
3	1463	5580	0
3	1463	5580	0
3	1469	5610	0
3	1469	5610	0
3	1472	5621.411694315922	1
3	1475	5640	1
3	1475	5640	1
3	1480	5670	1
3	1480	5670	0
3	1485	5700	0
3	1485	5700	0
3	1489	5723.723284348405	1
3	1491	5730	1
3	1491	5730	1
3	1495	5749.900882387849	2
3	1497	5760	2
3	1497	5760	1
3	1504	5790	1
3	1504	5790	0
3	1509	5820	0
3	1509	5820	0
3	1515	5850	0
3	1515	5850	0
3	1520	5880	0
3	1520	5880	0
3	1528	5910	0
3	1528	5910	0
3	1537	5940	0
3	1537	5940	0
3	1543	5970	0
3	1543	5970	0
3	1550	6000	0
3	1550	6000	0
3	1559	6030	0
3	1559	6030	0
3	1562	6036.53668800037	1
3	1566	6044.974927839208	2
3	1569	6060	2
3	1569	6060	1
3	1575	6090	1
3	1575	6090	1
3	1580	6120	1
3	1580	6120	0
3	1587	6150	0
3	1587	6150	0
3	1591	6160	1
3	1592	6160	2
3	1594	6160.839212104996	3
3	1597	6180	3
3	1597	6180	1
3	1603	6210	1
3	1603	6210	1
3	1611	6240	1
3	1611	6240	0
3	1614	6250	1
3	1615	6250	2
3	1617	6270	2
3	1617	6270	2
3	1628	6300	2
3	1628	6300	0
3	1632	6318.764418142608	1
3	1636	6330	1
3	1636	6330	1
3	1648	6360	1
3	1648	6360	1
3	1653	6390	1
3	1653	6390	0
3	1662	6420	0
3	1662	6420	0
3	1669	6445.640461760754	1
3	1671	6450	1
3	1671	6450	1
3	1684	6480	1
3	1684	6480	1
3	1692	6510	1
3	1692	6510	0
3	1697	6530.288535287223	1
3	1700	6540	1
3	1700	6540	1
3	1709	6570	1
3	1709	6570	1
3	1718	6600	1
3	1718	6600	0
3	1724	6610	1
3	1727	6630	1
3	1727	6630	1
3	1731	6640	2
3	1734	6660	2
3	1734	6660	0
3	1745	6690	0
3	1745	6690	0
3	1755	6720	0
3	1755	6720	0
3	1758	6730	1
3	1761	6750	1
3	1761	6750	1
3	1764	6751.825988757927	2
3	1773	6780	2
3	1773	6780	0
3	1781	6810	0
3	1781	6810	0
3	1786	6840	0
3	1786	6840	0
3	1794	6870	0
3	1794	6870	0
3	1803	6900	0
3	1803	6900	0
3	1811	6930	0
3	1811	6930	0
3	1820	6960	0
3	1820	6960	0
3	1830	6990	0
3	1830	6990	0
3	1836	7020	0
3	1836	7020	0
3	1839	7025.632462422819	1
3	1847	7050	1
3	1847	7050	1
3	1854	7080	1
3	1854	7080	1
3	1862	7110	1
3	1862	7110	0
3	1870	7140	0
3	1870	7140	0
3	1880	7170	0
3	1880	7170	0
3	1886	7200	0
3	1886	7200	0
3	1891	7230	0
3	1891	7230	0
3	1898	7260	0
3	1898	7260	0
3	1908	7290	0
3	1908	7290	0
3	1917	7320	0
3	1917	7320	0
3	1924	7350	0
3	1924	7350	0
3	1927	7368.831973321684	1
3	1928	7374.138734329364	2
3	1931	7380	2
3	1931	7380	2
3	1941	7410	2
3	1941	7410	2
3	1954	7440	2
3	1954	7440	0
3	1958	7470	0
3	1958	7470	0
3	1969	7500	0
3	1969	7500	0
3	1976	7530	0
3	1976	7530	0
3	1979	7534.586095712019	1
3	1985	7560	1
3	1985	7560	1
3	1991	7590	1
3	1991	7590	0
3	1995	7600	1
3	1998	7620	1
3	1998	7620	0
3	2004	7650	0
3	2004	7650	0
3	2008	7665.123396846352	1
3	2011	7680	1
3	2011	7680	1
3	2018	7710	1
3	2018	7710	0
3	2025	7740	0
3	2025	7740	0
3	2031	7770	0
3	2031	7770	0
3	2038	7800	0
3	2038	7800	0
3	2046	7830	0
3	2046	7830	0
3	2051	7860	0
3	2051	7860	0
3	2058	7890	0
3	2058	7890	0
3	2061	7892.020124935069	1
3	2066	7920	1
3	2066	7920	1
3	2075	7950	1
3	2075	7950	0
3	2081	7980	0
3	2081	7980	0
3	2087	8010	0
3	2087	8010	0
3	2094	8032.803502347451	1
3	2095	8033.96754906172	2
3	2098	8040	2
3	2098	8040	0
3	2104	8070	0
3	2104	8070	0
3	2111	8100	0
3	2111	8100	0
3	2114	8110	1
3	2118	8130	1
3	2118	8130	0
3	2128	8160	0
3	2128	8160	0
3	2131	8165.618007280014	1
3	2135	8190	1
3	2135	8190	0
3	2144	8220	0
3	2144	8220	0
3	2151	8250	0
3	2151	8250	0
3	2157	8280	0
3	2157	8280	0
3	2164	8310	0
3	2164	8310	0
3	2172	8340	0
3	2172	8340	0
3	2180	8370	0
3	2180	8370	0
3	2185	8400	0
3	2185	8400	0
3	2191	8430	0
3	2191	8430	0
3	2195	8460	0
3	2195	8460	0
3	2203	8490	0
3	2203	8490	0
3	2207	8520	0
3	2207	8520	0
3	2212	8550	0
3	2212	8550	0
3	2221	8580	0
3	2221	8580	0
3	2227	8610	0
3	2227	8610	0
3	2232	8640	0
3	2232	8640	0
3	2238	8670	0
3	2238	8670	0
3	2245	8700	0
3	2245	8700	0
3	2254	8730	0
3	2254	8730	0
3	2260	8760	0
3	2260	8760	0
3	2266	8790	0
3	2266	8790	0
3	2270	8800	1
3	2275	8820	1
3	2275	8820	0
3	2282	8847.325921426068	1
3	2284	8850	1
3	2284	8850	1
3	2289	8880	1
3	2289	8880	0
3	2294	8910	0
3	2294	8910	0
3	2298	8920	1
3	2303	8940	1
3	2303	8940	0
3	2311	8970	0
3	2311	8970	0
3	2317	9000	0
3	2317	9000	0
3	2324	9030	0
3	2324	9030	0
3	2332	9060	0
3	2332	9060	0
3	2336	9070	1
3	2338	9090	1
3	2338	9090	0
3	2347	9120	0
3	2347	9120	0
3	2354	9150	0
3	2354	9150	0
3	2363	9180	0
3	2363	9180	0
3	2375	9210	0
3	2375	9210	0
3	2380	9240	0
3	2380	9240	0
3	2390	9270	0
3	2390	9270	0
3	2401	9300	0
3	2401	9300	0
3	2409	9330	0
3	2409	9330	0
3	2417	9360	0
3	2417	9360	0
3	2424	9390	0
3	2424	9390	0
3	2428	9400	1
3	2434	9420	1
3	2434	9420	0
3	2445	9450	0
3	2445	9450	0
3	2454	9480	0
3	2454	9480	0
3	2464	9510	0
3	2464	9510	0
3	2471	9520	1
3	2475	9540	1
3	2475	9540	0
3	2479	9549.0730595926	1
3	2486	9570	1
3	2486	9570	1
3	2493	9582.584578553866	2
3	2497	9600	2
3	2497	9600	1
3	2506	9625.309379026002	2
3	2508	9630	2
3	2508	9630	0
3	2516	9660	0
3	2516	9660	0
3	2522	9690	0
3	2522	9690	0
3	2528	9708.338875550005	1
3	2531	9720	1
3	2531	9720	0
3	2540	9750	0
3	2540	9750	0
3	2543	9760	1
3	2548	9780	1
3	2548	9780	0
3	2553	9794.170945383168	1
3	2555	9810	1
3	2555	9810	1
3	2564	9840	1
3	2564	9840	1
3	2572	9870	1
3	2572	9870	0
3	2580	9900	0
3	2580	9900	0
3	2586	9930	0
3	2586	9930	0
3	2595	9960	0
3	2595	9960	0
3	2600	9990	0
3	2600	9990	0
3	2607	10020	0
3	2607	10020	0
3	2614	10050	0
3	2614	10050	0
3	2620	10080	0
3	2620	10080	0
3	2625	10110	0
3	2625	10110	0
3	2632	10140	0
3	2632	10140	0
3	2638	10170	0
3	2638	10170	0
3	2644	10200	0
3	2644	10200	0
3	2652	10230	0
3	2652	10230	0
3	2659	10260	0
3	2659	10260	0
3	2662	10270	1
3	2665	10290	1
3	2665	10290	0
3	2673	10320	0
3	2673	10320	0
3	2681	10332.029606294294	1
3	2684	10350	1
3	2684	10350	0
3	2687	10360	1
3	2690	10380	1
3	2690	10380	0
3	2699	10410	0
3	2699	10410	0
3	2704	10426.224491909545	1
3	2707	10440	1
3	2707	10440	0
3	2713	10470	0
3	2713	10470	0
3	2719	10500	0
3	2719	10500	0
3	2727	10530	0
3	2727	10530	0
3	2740	10560	0
3	2740	10560	0
3	2746	10590	0
3	2746	10590	0
3	2751	10620	0
3	2751	10620	0
3	2756	10630.577669658695	1
3	2759	10649.793191080853	2
3	2761	10650	2
3	2761	10650	2
3	2770	10680	2
3	2770	10680	2
3	2774	10710	2
3	2774	10710	0
3	2780	10740	0
3	2780	10740	0
3	2785	10759.404814542897	1
3	2788	10765.91592925312	2
3	2790	10770	2
3	2790	10770	2
3	2798	10800	2
3	2798	10800	0
3	2804	10830	0
3	2804	10830	0
3	2809	10860	0
3	2809	10860	0
3	2814	10882.735809880447	1
3	2818	10890	1
3	2818	10890	1
3	2826	10920	1
3	2826	10920	1
3	2832	10950	1
3	2832	10950	0
3	2837	10980	0
3	2837	10980	0
3	2840	10984.080267806886	1
3	2846	11010	1
3	2846	11010	1
3	2853	11040	1
3	2853	11040	0
3	2859	11070	0
3	2859	11070	0
3	2865	11100	0
3	2865	11100	0
3	2873	11130	0
3	2873	11130	0
3	2883	11160	0
3	2883	11160	0
3	2888	11190	0
3	2888	11190	0
3	2891	11210.800190355182	1
3	2893	11220	1
3	2893	11220	1
3	2906	11250	1
3	2906	11250	1
3	2912	11280	1
3	2912	11280	0
3	2917	11310	0
3	2917	11310	0
3	2921	11320.794058267175	1
3	2924	11340	1
3	2924	11340	1
3	2929	11344.99054410351	2
3	2931	11370	2
3	2931	11370	2
3	2940	11400	2
3	2940	11400	1
3	2948	11430	1
3	2948	11430	0
3	2954	11460	0
3	2954	11460	0
3	2958	11477.946208997566	1
3	2961	11490	1
3	2961	11490	1
3	2969	11520	1
3	2969	11520	1
3	2977	11550	1
3	2977	11550	0
3	2984	11580	0
3	2984	11580	0
3	2993	11610	0
3	2993	11610	0
3	2999	11623.553255026261	1
3	3002	11640	1
3	3002	11640	1
3	3011	11670	1
3	3011	11670	0
3	3016	11686.281638667549	1
3	3019	11700	1
3	3019	11700	1
3	3022	11717.985457061997	2
3	3024	11730	2
3	3024	11730	2
3	3030	11759.599111702741	3
3	3032	11760	3
3	3032	11760	1
3	3041	11790	1
3	3041	11790	0
3	3046	11800	1
3	3048	11820	1
3	3048	11820	0
3	3051	11830	1
3	3054	11850	1
3	3054	11850	0
3	3060	11876.943987547892	1
3	3062	11880	1
3	3062	11880	0
3	3066	11889.805458912441	1
3	3072	11910	1
3	3072	11910	0
3	3078	11940	0
3	3078	11940	0
3	3084	11970	0
3	3084	11970	0
3	3093	12000	0
3	3093	12000	0
3	3101	12030	0
3	3101	12030	0
3	3105	12060	0
3	3105	12060	0
3	3110	12090	0
3	3110	12090	0
3	3118	12120	0
3	3118	12120	0
3	3124	12150	0
3	3124	12150	0
3	3129	12180	0
3	3129	12180	0
3	3132	12190	1
3	3135	12210	1
3	3135	12210	0
3	3142	12240	0
3	3142	12240	0
3	3146	12270	0
3	3146	12270	0
3	3150	12280	1
3	3153	12300	1
3	3153	12300	0
3	3158	12330	0
3	3158	12330	0
3	3168	12360	0
3	3168	12360	0
3	3174	12390	0
3	3174	12390	0
3	3177	12393.208213073715	1
3	3182	12420	1
3	3182	12420	1
3	3191	12450	1
3	3191	12450	1
3	3198	12480	1
3	3198	12480	0
3	3206	12510	0
3	3206	12510	0
3	3209	12510.864027424086	1
3	3216	12540	1
3	3216	12540	1
3	3220	12550	2
3	3225	12570	2
3	3225	12570	1
3	3231	12591.911931991282	2
3	3233	12600	2
3	3233	12600	0
3	3236	12610	1
3	3239	12626.377783677991	2
3	3241	12630	2
3	3241	12630	2
3	3244	12640	3
3	3245	12640	4
3	3252	12660	4
3	3252	12660	0
3	3255	12664.709335789358	1
3	3263	12690	1
3	3263	12690	1
3	3270	12720	1
3	3270	12720	0
3	3277	12750	0
3	3277	12750	0
3	3284	12760	1
3	3290	12780	1
3	3290	12780	0
3	3301	12810	0
3	3301	12810	0
3	3312	12840	0
3	3312	12840	0
3	3322	12870	0
3	3322	12870	0
3	3334	12900	0
3	3334	12900	0
3	3341	12930	0
3	3341	12930	0
3	3344	12930.515325351895	1
3	3349	12953.932512465035	2
3	3351	12960	2
3	3351	12960	2
3	3355	12970	3
3	3356	12975.546357600121	4
3	3360	12990	4
3	3360	12990	1
3	3364	13000	2
3	3368	13020	2
3	3368	13020	0
3	3373	13050	0
3	3373	13050	0
3	3378	13080	0
3	3378	13080	0
3	3387	13110	0
3	3387	13110	0
3	3396	13140	0
3	3396	13140	0
3	3402	13170	0
3	3402	13170	0
3	3410	13200	0
3	3410	13200	0
3	3420	13230	0
3	3420	13230	0
3	3427	13260	0
3	3427	13260	0
3	3435	13290	0
3	3435	13290	0
3	3443	13320	0
3	3443	13320	0
3	3449	13350	0
3	3449	13350	0
3	3453	13360	1
3	3456	13380	1
3	3456	13380	0
3	3467	13410	0
3	3467	13410	0
3	3473	13440	0
3	3473	13440	0
3	3480	13470	0
3	3480	13470	0
3	3483	13473.371552987573	1
3	3491	13500	1
3	3491	13500	1
3	3498	13530	1
3	3498	13530	1
3	3506	13560	1
3	3506	13560	0
3	3510	13570	1
3	3514	13590	1
3	3514	13590	1
3	3522	13620	1
3	3522	13620	0
3	3527	13640.320818655202	1
3	3530	13650	1
3	3530	13650	1
3	3533	13659.817888595127	2
3	3536	13680	2
3	3536	13680	0
3	3544	13710	0
3	3544	13710	0
3	3549	13720	1
3	3554	13740	1
3	3554	13740	0
3	3560	13770	0
3	3560	13770	0
3	3568	13800	0
3	3568	13800	0
3	3571	13804.871482283748	1
3	3575	13812.733030548773	2
3	3579	13830	2
3	3579	13830	0
3	3585	13860	0
3	3585	13860	0
3	3595	13890	0
3	3595	13890	0
3	3603	13920	0
3	3603	13920	0
3	3614	13950	0
3	3614	13950	0
3	3620	13980	0
3	3620	13980	0
3	3629	14010	0
3	3629	14010	0
3	3642	14040	0
3	3642	14040	0
3	3648	14070	0
3	3648	14070	0
3	3656	14100	0
3	3656	14100	0
3	3663	14122.128312106474	1
3	3666	14130	1
3	3666	14130	1
3	3675	14160	1
3	3675	14160	0
3	3679	14170	1
3	3680	14171.778943255509	2
3	3686	14190	2
3	3686	14190	1
3	3691	14220	1
3	3691	14220	0
3	3698	14250	0
3	3698	14250	0
3	3707	14280	0
3	3707	14280	0
3	3714	14310	0
3	3714	14310	0
3	3722	14340	0
3	3722	14340	0
3	3726	14370	0
3	3726	14370	0
3	3735	14400	0
3	3735	14400	0
3	3740	14410	1
3	3743	14430	1
3	3743	14430	1
3	3750	14460	1
3	3750	14460	0
3	3755	14490	0
3	3755	14490	0
3	3762	14520	0
3	3762	14520	0
3	3767	14550	0
3	3767	14550	0
3	3772	14580	0
3	3772	14580	0
3	3778	14610	0
3	3778	14610	0
3	3786	14640	0
3	3786	14640	0
3	3789	14650	1
3	3792	14670	1
3	3792	14670	1
3	3796	14680	2
3	3800	14700	2
3	3800	14700	0
3	3808	14730	0
3	3808	14730	0
3	3812	14756.351970041154	1
3	3814	14760	1
3	3814	14760	1
3	3821	14790	1
3	3821	14790	0
3	3824	14792.258201988046	1
3	3827	14803.133413824403	2
3	3830	14820	2
3	3830	14820	1
3	3836	14850	1
3	3836	14850	1
3	3842	14880	1
3	3842	14880	0
3	3850	14910	0
3	3850	14910	0
3	3855	14920	1
3	3857	14940	1
3	3857	14940	0
3	3864	14970	0
3	3864	14970	0
3	3869	15000	0
3	3869	15000	0
3	3874	15010	1
3	3878	15030	1
3	3878	15030	1
3	3887	15060	1
3	3887	15060	0
3	3892	15090	0
3	3892	15090	0
3	3898	15120	0
3	3898	15120	0
3	3907	15150	0
3	3907	15150	0
3	3912	15180	0
3	3912	15180	0
3	3919	15210	0
3	3919	15210	0
3	3923	15240	0
3	3923	15240	0
3	3929	15270	0
3	3929	15270	0
3	3933	15280	1
3	3937	15300	1
3	3937	15300	0
3	3944	15330	0
3	3944	15330	0
3	3952	15360	0
3	3952	15360	0
3	3959	15390	0
3	3959	15390	0
3	3965	15420	0
3	3965	15420	0
3	3978	15450	0
3	3978	15450	0
3	3982	15455.691920175796	1
3	3987	15480	1
3	3987	15480	0
3	3992	15510	0
3	3992	15510	0
3	4000	15540	0
3	4000	15540	0
3	4003	15543.867661557816	1
3	4005	15554.16642990466	2
3	4008	15570	2
3	4008	15570	2
3	4015	15600	2
3	4015	15600	2
3	4019	15610	3
3	4020	15610	4
3	4023	15630	4
3	4023	15630	2
3	4026	15640	3
3	4028	15660	3
3	4028	15660	0
3	4031	15674.242549685852	1
3	4033	15690	1
3	4033	15690	1
3	4040	15720	1
3	4040	15720	1
3	4048	15750	1
3	4048	15750	0
3	4056	15780	0
3	4056	15780	0
3	4060	15810	0
3	4060	15810	0
3	4069	15840	0
3	4069	15840	0
3	4077	15870	0
3	4077	15870	0
3	4081	15900	0
3	4081	15900	0
3	4088	15930	0
3	4088	15930	0
3	4095	15960	0
3	4095	15960	0
3	4099	15990	0
3	4099	15990	0
3	4106	16020	0
3	4106	16020	0
3	4111	16050	0
3	4111	16050	0
3	4116	16080	0
3	4116	16080	0
3	4125	16110	0
3	4125	16110	0
3	4132	16140	0
3	4132	16140	0
3	4138	16170	0
3	4138	16170	0
3	4146	16200	0
3	4146	16200	0
3	4153	16230	0
3	4153	16230	0
3	4157	16237.676678038068	1
3	4159	16239.901637452002	2
3	4163	16260	2
3	4163	16260	2
3	4168	16290	2
3	4168	16290	2
3	4174	16320	2
3	4174	16320	0
3	4180	16350	0
3	4180	16350	0
3	4187	16380	0
3	4187	16380	0
3	4190	16390	1
3	4193	16410	1
3	4193	16410	0
3	4196	16415.221574618426	1
3	4204	16440	1
3	4204	16440	0
3	4211	16470	0
3	4211	16470	0
3	4216	16500	0
3	4216	16500	0
3	4222	16530	0
3	4222	16530	0
3	4231	16560	0
3	4231	16560	0
3	4237	16590	0
3	4237	16590	0
3	4243	16620	0
3	4243	16620	0
3	4249	16650	0
3	4249	16650	0
3	4255	16680	0
3	4255	16680	0
3	4259	16690	1
3	4262	16710	1
3	4262	16710	1
3	4267	16740	1
3	4267	16740	0
3	4271	16770	0
3	4271	16770	0
3	4277	16800	0
3	4277	16800	0
3	4281	16830	0
3	4281	16830	0
3	4287	16860	0
3	4287	16860	0
3	4292	16890	0
3	4292	16890	0
3	4299	16920	0
3	4299	16920	0
3	4305	16950	0
3	4305	16950	0
3	4308	16960	1
3	4310	16973.050799284217	2
3	4312	16980	2
3	4312	16980	1
3	4317	17010	1
3	4317	17010	1
3	4324	17040	1
3	4324	17040	0
3	4327	17041.756280763532	1
3	4331	17070	1
3	4331	17070	0
3	4338	17100	0
3	4338	17100	0
3	4343	17130	0
3	4343	17130	0
3	4350	17160	0
3	4350	17160	0
3	4355	17164.307276822348	1
3	4361	17190	1
3	4361	17190	0
3	4367	17220	0
3	4367	17220	0
3	4373	17250	0
3	4373	17250	0
3	4378	17267.335669337622	1
3	4381	17273.801585174801	2
3	4383	17280	2
3	4383	17280	1
3	4391	17310	1
3	4391	17310	0
3	4399	17340	0
3	4399	17340	0
3	4409	17370	0
3	4409	17370	0
3	4417	17400	0
3	4417	17400	0
3	4423	17430	0
3	4423	17430	0
3	4432	17460	0
3	4432	17460	0
3	4441	17490	0
3	4441	17490	0
3	4449	17520	0
3	4449	17520	0
3	4456	17546.605989167761	1
3	4458	17550	1
3	4458	17550	1
3	4466	17580	1
3	4466	17580	0
3	4473	17610	0
3	4473	17610	0
3	4481	17640	0
3	4481	17640	0
3	4489	17670	0
3	4489	17670	0
3	4493	17680	1
3	4495	17684.649958405084	2
3	4498	17700	2
3	4498	17700	0
3	4503	17730	0
3	4503	17730	0
3	4508	17755.516398728839	1
3	4510	17760	1
3	4510	17760	1
3	4514	17770	2
3	4515	17770	3
3	4517	17790	3
3	4517	17790	2
3	4526	17820	2
3	4526	17820	0
3	4534	17850	0
3	4534	17850	0
3	4540	17880	0
3	4540	17880	0
3	4547	17910	0
3	4547	17910	0
3	4555	17940	0
3	4555	17940	0
3	4563	17970	0
3	4563	17970	0
3	4567	18000	0
3	4567	18000	0
3	4573	18030	0
3	4573	18030	0
3	4582	18060	0
3	4582	18060	0
3	4587	18090	0
3	4587	18090	0
3	4593	18120	0
3	4593	18120	0
3	4599	18145.502745091184	1
3	4601	18150	1
3	4601	18150	0
3	4605	18180	0
3	4605	18180	0
3	4610	18209.597321845131	1
3	4612	18210	1
3	4612	18210	1
3	4617	18220.399825337964	2
3	4618	18226.820071993425	3
3	4621	18240	3
3	4621	18240	0
3	4626	18270	0
3	4626	18270	0
3	4631	18300	0
3	4631	18300	0
3	4636	18330	0
3	4636	18330	0
3	4644	18360	0
3	4644	18360	0
3	4653	18390	0
3	4653	18390	0
3	4656	18407.419596779519	1
3	4658	18420	1
3	4658	18420	0
3	4662	18450	0
3	4662	18450	0
3	4669	18471.308657483065	1
3	4673	18477.62131850187	2
3	4675	18480	2
3	4675	18480	1
3	4683	18510	1
3	4683	18510	0
3	4690	18540	0
3	4690	18540	0
3	4694	18570	0
3	4694	18570	0
3	4705	18594.813307884943	1
3	4708	18600	1
3	4708	18600	0
3	4715	18630	0
3	4715	18630	0
3	4720	18660	0
3	4720	18660	0
3	4728	18690	0
3	4728	18690	0
3	4735	18720	0
3	4735	18720	0
3	4744	18750	0
3	4744	18750	0
3	4749	18772.171201254305	1
3	4752	18780	1
3	4752	18780	1
3	4761	18810	1
3	4761	18810	1
3	4770	18840	1
3	4770	18840	0
3	4779	18870	0
3	4779	18870	0
3	4786	18900	0
3	4786	18900	0
3	4793	18930	0
3	4793	18930	0
3	4801	18960	0
3	4801	18960	0
3	4805	18970	1
3	4808	18990	1
3	4808	18990	1
3	4816	19020	1
3	4816	19020	0
3	4821	19050	0
3	4821	19050	0
3	4829	19080	0
3	4829	19080	0
3	4837	19110	0
3	4837	19110	0
3	4846	19140	0
3	4846	19140	0
3	4855	19170	0
3	4855	19170	0
3	4861	19200	0
3	4861	19200	0
3	4873	19230	0
3	4873	19230	0
3	4880	19260	0
3	4880	19260	0
3	4885	19290	0
3	4885	19290	0
3	4892	19318.294436822969	1
3	4894	19320	1
3	4894	19320	0
3	4901	19350	0
3	4901	19350	0
3	4904	19360	1
3	4910	19380	1
3	4910	19380	0
3	4915	19402.504250072819	1
3	4917	19406.916696167657	2
3	4919	19410	2
3	4919	19410	2
3	4927	19440	2
3	4927	19440	2
3	4932	19470	2
3	4932	19470	0
3	4942	19500	0
3	4942	19500	0
3	4952	19530	0
3	4952	19530	0
3	4956	19559.639157731424	1
3	4958	19560	1
3	4958	19560	1
3	4966	19579.118513199586	2
3	4971	19590	2
3	4971	19590	1
3	4974	19591.275306713877	2
3	4982	19620	2
3	4982	19620	1
3	4987	19650	1
3	4987	19650	1
3	4996	19680	1
3	4996	19680	0
3	5005	19710	0
3	5005	19710	0
3	5010	19720	1
3	5011	19720	2
3	5014	19740	2
3	5014	19740	0
3	5024	19770	0
3	5024	19770	0
3	5033	19800	0
3	5033	19800	0
3	5042	19830	0
3	5042	19830	0
3	5052	19860	0
3	5052	19860	0
3	5061	19878.136841415104	1
3	5065	19890	1
3	5065	19890	1
3	5074	19920	1
3	5074	19920	1
3	5083	19950	1
3	5083	19950	0
3	5090	19980	0
3	5090	19980	0
4	263	1020	48.473671967865
4	275	1060	0
4	276	1060	0
4	290	1113.961706348349	0
4	342	1320	88.045680301858
4	353	1358.447472582265	0
4	363	1390	0
4	387	1471.136423709404	0
4	396	1506.375972805961	0
4	408	1540	0
4	412	1560	85.316028466854
4	449	1710	66.677294928566
4	455	1740	5.274171746011
4	468	1780	0
4	488	1855.561796862462	0
4	516	1950	83.019393024891
4	516	1950	58.009585706469
4	525	1980	50
4	528	1990	0
4	590	2230	0
4	591	2230	0
4	597	2255.009970667724	0
4	601	2280	53.600573249666
4	608	2310	6.721879143574
4	616	2340	20
4	616	2340	18.336040688666
4	627	2380	0
4	660	2520	76.732789788754
4	668	2550	79.492290455277
4	675	2580.883429444466	0
4	677	2590	0
4	684	2620	0
4	741	2828.247508216771	0
4	773	2940	50
4	786	3000	58.285305385173
4	807	3060	20
4	807	3060	20
4	811	3070	0
4	831	3150	26.123057192459
4	844	3190	0
4	867	3270	39.405666143587
4	880	3310	0
4	892	3360	22.134761963934
4	904	3390	28.078676256391
4	946	3540	20
4	946	3540	20
4	946	3540	20
4	971	3630	61.997788241853
4	991	3704.602757316484	0
4	1009	3780	19.721054764463
4	1012	3790	0
4	1036	3900	50
4	1064	4020	20
4	1064	4020	20
4	1100	4150	0
4	1112	4200	4.89538617258
4	1120	4230	75.163301434925
4	1120	4230	37.695314914716
4	1129	4260	50
4	1129	4260	20
4	1132	4270	0
4	1164	4410	20
4	1174	4445.064972355983	0
4	1203	4560	87.046102732158
4	1208	4590	70.774063010175
4	1242	4740	20
4	1279	4870	0
4	1293	4920	0.917680346635
4	1299	4947.675853933978	0
4	1301	4950	43.384023632262
4	1301	4950	20.652280118141
4	1309	4980	20
4	1313	4990	0
4	1335	5079.544735955544	0
4	1339	5083.69998211461	0
4	1343	5100	20
4	1350	5130	20
4	1357	5160	56.458285292914
4	1371	5190	12.311319951399
4	1403	5310	78.099315095959
4	1440	5470	0
4	1480	5670	48.588305684078
4	1497	5760	10.099117612151
4	1504	5790	66.276715651595
4	1569	6060	15.025072160792
4	1580	6120	83.46331199963
4	1597	6180	20
4	1597	6180	20
4	1601	6190	0
4	1611	6240	79.160787895004
4	1628	6300	50
4	1628	6300	50
4	1653	6390	71.235581857392
4	1656	6394.663839287225	0
4	1692	6510	64.359538239246
4	1714	6580	0
4	1718	6600	69.711464712777
4	1730	6633.077466749208	0
4	1734	6660	50
4	1734	6660	20
4	1739	6670	0
4	1773	6780	50
4	1773	6780	28.174011242073
4	1784	6820	0
4	1807	6910	0
4	1840	7030	0
4	1862	7110	84.367537577181
4	1935	7390	0
4	1936	7390	0
4	1954	7440	71.168026678316
4	1954	7440	65.861265670636
4	1981	7540	0
4	1991	7590	55.413904287981
4	1998	7620	20
4	2007	7660	0
4	2018	7710	44.876603153648
4	2054	7870	0
4	2075	7950	57.979875064931
4	2098	8040	7.196497652549
4	2098	8040	6.03245093828
4	2118	8130	20
4	2135	8190	24.381992719986
4	2148	8230	0
4	2198	8468.884580876319	0
4	2200	8470	0
4	2243	8698.62106795762	0
4	2275	8820	20
4	2289	8880	32.674078573932
4	2303	8940	20
4	2338	9090	20
4	2369	9190	0
4	2383	9240.11813112742	0
4	2405	9303.834342774112	0
4	2430	9401.730280026635	0
4	2434	9420	20
4	2449	9460	0
4	2475	9540	20
4	2497	9600	50.9269404074
4	2508	9630	47.415421446134
4	2508	9630	4.690620973998
4	2531	9720	11.661124449995
4	2548	9780	20
4	2572	9870	75.829054616832
4	2583	9910	0
4	2630	10125.724115132119	0
4	2636	10150	0
4	2665	10290	20
4	2684	10350	17.970393705706
4	2690	10380	20
4	2707	10440	13.775508090455
4	2710	10445.307486639588	0
4	2755	10630	0
4	2774	10710	79.422330341305
4	2774	10710	60.206808919147
4	2798	10800	40.595185457103
4	2798	10800	34.08407074688
4	2832	10950	67.264190119553
4	2853	11040	55.919732193114
4	2912	11280	69.199809644818
4	2940	11400	79.205941732825
4	2948	11430	85.00945589649
4	2977	11550	72.053791002434
4	2990	11590	0
4	3011	11670	46.446744973739
4	3032	11760	73.718361332451
4	3032	11760	0.400888297259
4	3041	11790	72.014542938003
4	3048	11820	20
4	3054	11850	20
4	3062	11880	3.056012452108
4	3070	11893.939539265528	0
4	3072	11910	20.194541087559
4	3114	12100	0
4	3127	12176.183643573404	0
4	3135	12210	20
4	3153	12300	20
4	3198	12480	86.791786926285
4	3225	12570	20
4	3233	12600	89.135972575914
4	3233	12600	8.088068008718
4	3252	12660	50
4	3252	12660	33.622216322009
4	3252	12660	20
4	3252	12660	20
4	3257	12670	0
4	3258	12670	0
4	3270	12720	55.290664210642
4	3275	12743.222488592589	0
4	3290	12780	20
4	3295	12790	0
4	3296	12790	0
4	3328	12884.151641093777	0
4	3360	12990	59.484674648105
4	3360	12990	36.067487534965
4	3360	12990	14.453642399879
4	3368	13020	50
4	3368	13020	20
4	3399	13150	0
4	3405	13180	0
4	3456	13380	20
4	3501	13540	0
4	3506	13560	86.628447012427
4	3511	13582.240485300199	0
4	3522	13620	50
4	3536	13680	39.679181344798
4	3536	13680	20.182111404873
4	3554	13740	20
4	3566	13791.346317645243	0
4	3579	13830	25.128517716252
4	3579	13830	17.266969451227
4	3606	13926.892507297243	0
4	3625	13988.468972472845	0
4	3645	14046.929288806719	0
4	3653	14085.893789986282	0
4	3675	14160	37.871687893526
4	3686	14190	18.221056744491
4	3691	14220	50
4	3696	14230	0
4	3750	14460	50
4	3782	14620	0
4	3800	14700	50
4	3800	14700	20
4	3821	14790	33.648029958846
4	3830	14820	16.866586175597
4	3842	14880	87.741798011954
4	3857	14940	20
4	3861	14950	0
4	3887	15060	50
4	3937	15300	20
4	3949	15341.949485297298	0
4	3971	15430	0
4	3972	15430	0
4	3983	15469.815440342293	0
4	3987	15480	24.308079824204
4	3995	15521.381797797901	0
4	4023	15630	86.132338442184
4	4023	15630	75.83357009534
4	4028	15660	50
4	4028	15660	50
4	4028	15660	20
4	4048	15750	75.757450314148
4	4063	15820	0
4	4114	16060	0
4	4174	16320	82.323321961932
4	4174	16320	80.098362547998
4	4191	16390	0
4	4193	16410	20
4	4204	16440	24.778425381574
4	4220	16510	0
4	4267	16740	50
4	4312	16980	20
4	4324	17040	66.949200715783
4	4331	17070	28.243719236468
4	4361	17190	25.692723177652
4	4383	17280	6.198414825199
4	4391	17310	42.664330662378
4	4455	17538.142203515317	0
4	4466	17580	33.394010832239
4	4498	17700	20
4	4498	17700	15.350041594916
4	4517	17790	34.483601271161
4	4526	17820	50
4	4526	17820	50
4	4559	17950	0
4	4560	17950	0
4	4601	18150	4.497254908816
4	4621	18240	30.402678154869
4	4621	18240	19.600174662036
4	4621	18240	13.179928006575
4	4658	18420	12.580403220481
4	4675	18480	2.37868149813
4	4683	18510	38.691342516935
4	4699	18576.82345029225	0
4	4708	18600	5.186692115057
4	4765	18820	0
4	4766	18820	0
4	4770	18840	67.828798745695
4	4816	19020	50
4	4835	19109.191526339862	0
4	4850	19150	0
4	4867	19215.343687241277	0
4	4894	19320	1.705563177031
4	4899	19333.256250448884	0
4	4910	19380	20
4	4932	19470	67.495749927181
4	4932	19470	63.083303832343
4	4939	19488.461634867269	0
4	4947	19510	0
4	4948	19510	0
4	4949	19510	0
4	4971	19590	30.360842268576
4	4982	19620	40.881486800414
4	4996	19680	88.724693286123
4	5014	19740	20
4	5014	19740	20
4	5056	19865.112560164407	0
4	5083	19950	71.863158584896
4	5087	19964.445146458833	0
4	5094	19990	0
5	263	1020	2469
5	275	1060	2470
5	276	1060	2471
5	290	1113.961706348349	2478
5	342	1320	2484
5	353	1358.447472582265	2487
5	363	1390	2481
5	387	1471.136423709404	2490
5	396	1506.375972805961	2488
5	408	1540	2489
5	412	1560	2492
5	449	1710	2499
5	455	1740	2497
5	468	1780	2496
5	488	1855.561796862462	2504
5	516	1950	2505
5	516	1950	2507
5	525	1980	2502
5	528	1990	2500
5	590	2230	2508
5	591	2230	2509
5	597	2255.009970667724	2512
5	601	2280	2516
5	608	2310	2519
5	616	2340	2514
5	616	2340	2515
5	627	2380	2517
5	660	2520	2520
5	668	2550	2522
5	675	2580.883429444466	2523
5	677	2590	2518
5	684	2620	2521
5	741	2828.247508216771	2528
5	773	2940	2530
5	786	3000	2538
5	807	3060	2533
5	807	3060	2537
5	811	3070	2531
5	831	3150	2541
5	844	3190	2539
5	867	3270	2547
5	880	3310	2540
5	892	3360	2550
5	904	3390	2551
5	946	3540	2554
5	946	3540	2555
5	946	3540	2556
5	971	3630	2559
5	991	3704.602757316484	2561
5	1009	3780	2562
5	1012	3790	2558
5	1036	3900	2563
5	1064	4020	2565
5	1064	4020	2567
5	1100	4150	2568
5	1112	4200	2577
5	1120	4230	2575
5	1120	4230	2576
5	1129	4260	2573
5	1129	4260	2572
5	1132	4270	2569
5	1164	4410	2579
5	1174	4445.064972355983	2582
5	1203	4560	2583
5	1208	4590	2584
5	1242	4740	2585
5	1279	4870	2587
5	1293	4920	2596
5	1299	4947.675853933978	2599
5	1301	4950	2595
5	1301	4950	2597
5	1309	4980	2591
5	1313	4990	2589
5	1335	5079.544735955544	2601
5	1339	5083.69998211461	2602
5	1343	5100	2594
5	1350	5130	2600
5	1357	5160	2603
5	1371	5190	2607
5	1403	5310	2609
5	1440	5470	2605
5	1480	5670	2615
5	1497	5760	2617
5	1504	5790	2616
5	1569	6060	2622
5	1580	6120	2625
5	1597	6180	2623
5	1597	6180	2624
5	1601	6190	2621
5	1611	6240	2631
5	1628	6300	2628
5	1628	6300	2630
5	1653	6390	2635
5	1656	6394.663839287225	2636
5	1692	6510	2639
5	1714	6580	2640
5	1718	6600	2646
5	1730	6633.077466749208	2651
5	1734	6660	2641
5	1734	6660	2642
5	1739	6670	2643
5	1773	6780	2649
5	1773	6780	2652
5	1784	6820	2653
5	1807	6910	2650
5	1840	7030	2654
5	1862	7110	2661
5	1935	7390	2667
5	1936	7390	2666
5	1954	7440	2671
5	1954	7440	2672
5	1981	7540	2675
5	1991	7590	2680
5	1998	7620	2676
5	2007	7660	2677
5	2018	7710	2683
5	2054	7870	2681
5	2075	7950	2685
5	2098	8040	2691
5	2098	8040	2692
5	2118	8130	2687
5	2135	8190	2695
5	2148	8230	2688
5	2198	8468.884580876319	2700
5	2200	8470	2697
5	2243	8698.62106795762	2705
5	2275	8820	2703
5	2289	8880	2711
5	2303	8940	2709
5	2338	9090	2714
5	2369	9190	2713
5	2383	9240.11813112742	2721
5	2405	9303.834342774112	2720
5	2430	9401.730280026635	2730
5	2434	9420	2723
5	2449	9460	2725
5	2475	9540	2729
5	2497	9600	2735
5	2508	9630	2738
5	2508	9630	2744
5	2531	9720	2746
5	2548	9780	2745
5	2572	9870	2747
5	2583	9910	2739
5	2630	10125.724115132119	2752
5	2636	10150	2748
5	2665	10290	2751
5	2684	10350	2758
5	2690	10380	2753
5	2707	10440	2763
5	2710	10445.307486639588	2764
5	2755	10630	2760
5	2774	10710	2767
5	2774	10710	2769
5	2798	10800	2771
5	2798	10800	2772
5	2832	10950	2774
5	2853	11040	2776
5	2912	11280	2781
5	2940	11400	2785
5	2948	11430	2788
5	2977	11550	2790
5	2990	11590	2787
5	3011	11670	2794
5	3032	11760	2798
5	3032	11760	2800
5	3041	11790	2799
5	3048	11820	2796
5	3054	11850	2795
5	3062	11880	2801
5	3070	11893.939539265528	2803
5	3072	11910	2802
5	3114	12100	2804
5	3127	12176.183643573404	2808
5	3135	12210	2805
5	3153	12300	2806
5	3198	12480	2810
5	3225	12570	2813
5	3233	12600	2818
5	3233	12600	2821
5	3252	12660	2816
5	3252	12660	2819
5	3252	12660	2815
5	3252	12660	2817
5	3257	12670	2811
5	3258	12670	2812
5	3270	12720	2826
5	3275	12743.222488592589	2829
5	3290	12780	2824
5	3295	12790	2814
5	3296	12790	2820
5	3328	12884.151641093777	2832
5	3360	12990	2835
5	3360	12990	2837
5	3360	12990	2838
5	3368	13020	2831
5	3368	13020	2834
5	3399	13150	2833
5	3405	13180	2839
5	3456	13380	2843
5	3501	13540	2848
5	3506	13560	2851
5	3511	13582.240485300199	2855
5	3522	13620	2850
5	3536	13680	2858
5	3536	13680	2859
5	3554	13740	2854
5	3566	13791.346317645243	2860
5	3579	13830	2862
5	3579	13830	2863
5	3606	13926.892507297243	2867
5	3625	13988.468972472845	2866
5	3645	14046.929288806719	2873
5	3653	14085.893789986282	2874
5	3675	14160	2876
5	3686	14190	2879
5	3691	14220	2872
5	3696	14230	2870
5	3750	14460	2881
5	3782	14620	2883
5	3800	14700	2885
5	3800	14700	2886
5	3821	14790	2892
5	3830	14820	2888
5	3842	14880	2893
5	3857	14940	2891
5	3861	14950	2890
5	3887	15060	2894
5	3937	15300	2900
5	3949	15341.949485297298	2902
5	3971	15430	2901
5	3972	15430	2899
5	3983	15469.815440342293	2903
5	3987	15480	2908
5	3995	15521.381797797901	2910
5	4023	15630	2912
5	4023	15630	2913
5	4028	15660	2905
5	4028	15660	2907
5	4028	15660	2909
5	4048	15750	2914
5	4063	15820	2915
5	4114	16060	2917
5	4174	16320	2924
5	4174	16320	2925
5	4191	16390	2920
5	4193	16410	2927
5	4204	16440	2931
5	4220	16510	2926
5	4267	16740	2932
5	4312	16980	2935
5	4324	17040	2936
5	4331	17070	2940
5	4361	17190	2943
5	4383	17280	2948
5	4391	17310	2947
5	4455	17538.142203515317	2956
5	4466	17580	2953
5	4498	17700	2954
5	4498	17700	2957
5	4517	17790	2964
5	4526	17820	2958
5	4526	17820	2961
5	4559	17950	2959
5	4560	17950	2962
5	4601	18150	2969
5	4621	18240	2970
5	4621	18240	2971
5	4621	18240	2972
5	4658	18420	2974
5	4675	18480	2978
5	4683	18510	2976
5	4699	18576.82345029225	2977
5	4708	18600	2981
5	4765	18820	2984
5	4766	18820	2985
5	4770	18840	2987
5	4816	19020	2988
5	4835	19109.191526339862	2997
5	4850	19150	2994
5	4867	19215.343687241277	3001
5	4894	19320	3004
5	4899	19333.256250448884	3005
5	4910	19380	3000
5	4932	19470	3006
5	4932	19470	3007
5	4939	19488.461634867269	3010
5	4947	19510	2999
5	4948	19510	3002
5	4949	19510	3003
5	4971	19590	3012
5	4982	19620	3009
5	4996	19680	3015
5	5014	19740	3013
5	5014	19740	3014
5	5056	19865.112560164407	3021
5	5083	19950	3025
5	5087	19964.445146458833	3030
5	5094	19990	3020
6	264	1020	0
6	264	1020	0
6	266	1030	1
6	273	1050	1
6	273	1050	0
6	278	1060	1
6	281	1080	1
6	281	1080	0
6	286	1110	0
6	286	1110	0
6	297	1140	0
6	297	1140	0
6	299	1140.717122371426	1
6	306	1170	1
6	306	1170	1
6	315	1200	1
6	315	1200	1
6	317	1212.695264489785	2
6	322	1230	2
6	322	1230	0
6	329	1260	0
6	329	1260	0
6	331	1270	1
6	336	1290	1
6	336	1290	0
6	343	1320	0
6	343	1320	0
6	351	1350	0
6	351	1350	0
6	360	1380	0
6	360	1380	0
6	362	1386.450422951568	1
6	364	1390	2
6	369	1410	2
6	369	1410	0
6	377	1440	0
6	377	1440	0
6	385	1470	0
6	385	1470	0
6	394	1500	0
6	394	1500	0
6	403	1530	0
6	403	1530	0
6	413	1560	0
6	413	1560	0
6	420	1590	0
6	420	1590	0
6	425	1620	0
6	425	1620	0
6	431	1636.273755642435	1
6	436	1650	1
6	436	1650	1
6	445	1680	1
6	445	1680	1
6	450	1710	1
6	450	1710	0
6	456	1740	0
6	456	1740	0
6	458	1750	1
6	465	1770	1
6	465	1770	0
6	471	1783.088471298205	1
6	475	1800	1
6	475	1800	1
6	482	1830	1
6	482	1830	0
6	492	1860	0
6	492	1860	0
6	496	1870	1
6	503	1890	1
6	503	1890	0
6	508	1920	0
6	508	1920	0
6	517	1950	0
6	517	1950	0
6	526	1980	0
6	526	1980	0
6	532	2010	0
6	532	2010	0
6	537	2040	0
6	537	2040	0
6	545	2070	0
6	545	2070	0
6	550	2080	1
6	551	2080	2
6	552	2080	3
6	559	2100	3
6	559	2100	3
6	565	2130	3
6	565	2130	0
6	571	2160	0
6	571	2160	0
6	576	2187.208622579312	1
6	579	2190	1
6	579	2190	0
6	582	2195.48982702609	1
6	586	2220	1
6	586	2220	0
6	595	2250	0
6	595	2250	0
6	602	2280	0
6	602	2280	0
6	609	2310	0
6	609	2310	0
6	617	2340	0
6	617	2340	0
6	624	2370	0
6	624	2370	0
6	633	2400	0
6	633	2400	0
6	639	2430	0
6	639	2430	0
6	647	2460	0
6	647	2460	0
6	649	2470	1
6	656	2490	1
6	656	2490	0
6	661	2520	0
6	661	2520	0
6	669	2550	0
6	669	2550	0
6	673	2580	0
6	673	2580	0
6	681	2610	0
6	681	2610	0
6	691	2640	0
6	691	2640	0
6	697	2670	0
6	697	2670	0
6	705	2700	0
6	705	2700	0
6	708	2720.099689104881	1
6	712	2730	1
6	712	2730	1
6	720	2760	1
6	720	2760	1
6	726	2780.721787328851	2
6	730	2790	2
6	730	2790	0
6	739	2820	0
6	739	2820	0
6	746	2850	0
6	746	2850	0
6	753	2872.210701646842	1
6	756	2880	1
6	756	2880	1
6	760	2899.066342430414	2
6	764	2910	2
6	764	2910	2
6	766	2915.947828090049	3
6	767	2916.607277521828	4
6	774	2940	4
6	774	2940	0
6	777	2950	1
6	783	2970	1
6	783	2970	0
6	787	3000	0
6	787	3000	0
6	793	3030	0
6	793	3030	0
6	803	3040	1
6	808	3060	1
6	808	3060	1
6	810	3060.692672862273	2
6	814	3090	2
6	814	3090	0
6	821	3120	0
6	821	3120	0
6	825	3132.863564542868	1
6	832	3150	1
6	832	3150	0
6	841	3180	0
6	841	3180	0
6	845	3190	1
6	846	3203.341633352494	2
6	850	3210	2
6	850	3210	1
6	857	3240	1
6	857	3240	1
6	868	3270	1
6	868	3270	0
6	877	3300	0
6	877	3300	0
6	885	3330	0
6	885	3330	0
6	893	3360	0
6	893	3360	0
6	902	3387.73213341965	1
6	905	3390	1
6	905	3390	1
6	907	3396.182709322382	2
6	908	3400	3
6	910	3416.017918654648	4
6	913	3420	4
6	913	3420	1
6	920	3450	1
6	920	3450	0
6	932	3480	0
6	932	3480	0
6	940	3510	0
6	940	3510	0
6	947	3540	0
6	947	3540	0
6	956	3570	0
6	956	3570	0
6	964	3600	0
6	964	3600	0
6	972	3630	0
6	972	3630	0
6	980	3660	0
6	980	3660	0
6	983	3670	1
6	987	3690	1
6	987	3690	0
6	996	3720	0
6	996	3720	0
6	998	3723.524296135465	1
6	1004	3750	1
6	1004	3750	0
6	1010	3780	0
6	1010	3780	0
6	1016	3810	0
6	1016	3810	0
6	1018	3817.999387052931	1
6	1019	3819.426791763225	2
6	1024	3840	2
6	1024	3840	2
6	1026	3842.964910706809	3
6	1031	3870	3
6	1031	3870	3
6	1037	3900	3
6	1037	3900	0
6	1042	3930	0
6	1042	3930	0
6	1049	3960	0
6	1049	3960	0
6	1056	3990	0
6	1056	3990	0
6	1065	4020	0
6	1065	4020	0
6	1067	4033.573558688759	1
6	1071	4050	1
6	1071	4050	0
6	1076	4067.703099408778	1
6	1077	4071.750024257549	2
6	1080	4080	2
6	1080	4080	2
6	1089	4110	2
6	1089	4110	1
6	1095	4120	2
6	1098	4140	2
6	1098	4140	1
6	1106	4170	1
6	1106	4170	0
6	1113	4200	0
6	1113	4200	0
6	1118	4219.068520476638	1
6	1121	4230	1
6	1121	4230	1
6	1130	4260	1
6	1130	4260	0
6	1135	4290	0
6	1135	4290	0
6	1142	4320	0
6	1142	4320	0
6	1150	4350	0
6	1150	4350	0
6	1160	4380	0
6	1160	4380	0
6	1165	4410	0
6	1165	4410	0
6	1172	4440	0
6	1172	4440	0
6	1180	4470	0
6	1180	4470	0
6	1185	4500	0
6	1185	4500	0
6	1192	4530	0
6	1192	4530	0
6	1194	4534.481690984529	1
6	1204	4560	1
6	1204	4560	1
6	1209	4590	1
6	1209	4590	1
6	1214	4620	1
6	1214	4620	0
6	1216	4635.036330940628	1
6	1221	4650	1
6	1221	4650	0
6	1223	4660	1
6	1230	4680	1
6	1230	4680	0
6	1236	4710	0
6	1236	4710	0
6	1243	4740	0
6	1243	4740	0
6	1246	4750	1
6	1250	4770	1
6	1250	4770	0
6	1252	4771.158278301822	1
6	1260	4800	1
6	1260	4800	1
6	1264	4817.533302990215	2
6	1269	4830	2
6	1269	4830	1
6	1272	4840	2
6	1277	4860	2
6	1277	4860	1
6	1283	4890	1
6	1283	4890	0
6	1285	4894.641593852912	1
6	1294	4920	1
6	1294	4920	1
6	1302	4950	1
6	1302	4950	1
6	1310	4980	1
6	1310	4980	0
6	1318	5010	0
6	1318	5010	0
6	1324	5040	0
6	1324	5040	0
6	1332	5070	0
6	1332	5070	0
6	1344	5100	0
6	1344	5100	0
6	1351	5130	0
6	1351	5130	0
6	1358	5160	0
6	1358	5160	0
6	1372	5190	0
6	1372	5190	0
6	1377	5208.246918493406	1
6	1380	5220	1
6	1380	5220	1
6	1387	5250	1
6	1387	5250	0
6	1390	5265.422117189379	1
6	1396	5280	1
6	1396	5280	1
6	1404	5310	1
6	1404	5310	1
6	1406	5320	2
6	1411	5340	2
6	1411	5340	1
6	1416	5370	1
6	1416	5370	0
6	1424	5400	0
6	1424	5400	0
6	1431	5430	0
6	1431	5430	0
6	1438	5460	0
6	1438	5460	0
6	1445	5490	0
6	1445	5490	0
6	1452	5520	0
6	1452	5520	0
6	1458	5550	0
6	1458	5550	0
6	1464	5580	0
6	1464	5580	0
6	1466	5581.951944201244	1
6	1470	5610	1
6	1470	5610	0
6	1476	5640	0
6	1476	5640	0
6	1481	5670	0
6	1481	5670	0
6	1486	5700	0
6	1486	5700	0
6	1492	5730	0
6	1492	5730	0
6	1498	5760	0
6	1498	5760	0
6	1501	5776.729811538059	1
6	1505	5790	1
6	1505	5790	1
6	1510	5820	1
6	1510	5820	0
6	1516	5850	0
6	1516	5850	0
6	1521	5880	0
6	1521	5880	0
6	1523	5884.590828054924	1
6	1529	5910	1
6	1529	5910	1
6	1538	5940	1
6	1538	5940	0
6	1544	5970	0
6	1544	5970	0
6	1551	6000	0
6	1551	6000	0
6	1553	6004.000075783875	1
6	1555	6016.11848921035	2
6	1560	6030	2
6	1560	6030	2
6	1565	6040	3
6	1570	6060	3
6	1570	6060	1
6	1573	6081.641820361228	2
6	1576	6090	2
6	1576	6090	1
6	1581	6120	1
6	1581	6120	1
6	1585	6129.642303920492	2
6	1588	6150	2
6	1588	6150	0
6	1598	6180	0
6	1598	6180	0
6	1604	6210	0
6	1604	6210	0
6	1612	6240	0
6	1612	6240	0
6	1618	6270	0
6	1618	6270	0
6	1629	6300	0
6	1629	6300	0
6	1637	6330	0
6	1637	6330	0
6	1640	6340	1
6	1649	6360	1
6	1649	6360	0
6	1654	6390	0
6	1654	6390	0
6	1663	6420	0
6	1663	6420	0
6	1672	6450	0
6	1672	6450	0
6	1677	6452.975714218912	1
6	1678	6456.447439463724	2
6	1685	6480	2
6	1685	6480	2
6	1693	6510	2
6	1693	6510	1
6	1701	6540	1
6	1701	6540	0
6	1707	6559.85651975328	1
6	1710	6570	1
6	1710	6570	0
6	1712	6579.458320389728	1
6	1719	6600	1
6	1719	6600	1
6	1728	6630	1
6	1728	6630	0
6	1735	6660	0
6	1735	6660	0
6	1740	6670	1
6	1746	6690	1
6	1746	6690	0
6	1756	6720	0
6	1756	6720	0
6	1762	6750	0
6	1762	6750	0
6	1767	6760	1
6	1774	6780	1
6	1774	6780	1
6	1782	6810	1
6	1782	6810	0
6	1787	6840	0
6	1787	6840	0
6	1795	6870	0
6	1795	6870	0
6	1800	6880	1
6	1804	6900	1
6	1804	6900	1
6	1812	6930	1
6	1812	6930	0
6	1821	6960	0
6	1821	6960	0
6	1831	6990	0
6	1831	6990	0
6	1837	7020	0
6	1837	7020	0
6	1841	7030	1
6	1848	7050	1
6	1848	7050	0
6	1855	7080	0
6	1855	7080	0
6	1857	7080.435988028216	1
6	1863	7110	1
6	1863	7110	1
6	1865	7120	2
6	1871	7140	2
6	1871	7140	1
6	1881	7170	1
6	1881	7170	0
6	1887	7200	0
6	1887	7200	0
6	1892	7230	0
6	1892	7230	0
6	1895	7240	1
6	1899	7260	1
6	1899	7260	1
6	1903	7270	2
6	1909	7290	2
6	1909	7290	0
6	1918	7320	0
6	1918	7320	0
6	1925	7350	0
6	1925	7350	0
6	1932	7380	0
6	1932	7380	0
6	1942	7410	0
6	1942	7410	0
6	1949	7429.937709688521	1
6	1955	7440	1
6	1955	7440	1
6	1959	7470	1
6	1959	7470	1
6	1970	7500	1
6	1970	7500	0
6	1977	7530	0
6	1977	7530	0
6	1986	7560	0
6	1986	7560	0
6	1992	7590	0
6	1992	7590	0
6	1996	7600	1
6	1999	7620	1
6	1999	7620	1
6	2005	7650	1
6	2005	7650	0
6	2012	7680	0
6	2012	7680	0
6	2019	7710	0
6	2019	7710	0
6	2022	7720	1
6	2026	7740	1
6	2026	7740	1
6	2032	7770	1
6	2032	7770	0
6	2039	7800	0
6	2039	7800	0
6	2047	7830	0
6	2047	7830	0
6	2052	7860	0
6	2052	7860	0
6	2059	7890	0
6	2059	7890	0
6	2067	7920	0
6	2067	7920	0
6	2076	7950	0
6	2076	7950	0
6	2082	7980	0
6	2082	7980	0
6	2088	8010	0
6	2088	8010	0
6	2093	8023.440200698102	1
6	2099	8040	1
6	2099	8040	1
6	2105	8070	1
6	2105	8070	1
6	2112	8100	1
6	2112	8100	0
6	2115	8110	1
6	2119	8130	1
6	2119	8130	0
6	2129	8160	0
6	2129	8160	0
6	2136	8190	0
6	2136	8190	0
6	2139	8200	1
6	2140	8200	2
6	2145	8220	2
6	2145	8220	2
6	2152	8250	2
6	2152	8250	0
6	2158	8280	0
6	2158	8280	0
6	2165	8310	0
6	2165	8310	0
6	2169	8320	1
6	2173	8340	1
6	2173	8340	1
6	2175	8344.047501364925	2
6	2181	8370	2
6	2181	8370	0
6	2186	8400	0
6	2186	8400	0
6	2192	8430	0
6	2192	8430	0
6	2196	8460	0
6	2196	8460	0
6	2204	8490	0
6	2204	8490	0
6	2208	8520	0
6	2208	8520	0
6	2210	8527.104209129795	1
6	2213	8550	1
6	2213	8550	1
6	2216	8560	2
6	2222	8580	2
6	2222	8580	1
6	2228	8610	1
6	2228	8610	0
6	2233	8640	0
6	2233	8640	0
6	2235	8652.853844722017	1
6	2239	8670	1
6	2239	8670	1
6	2246	8700	1
6	2246	8700	0
6	2255	8730	0
6	2255	8730	0
6	2261	8760	0
6	2261	8760	0
6	2267	8790	0
6	2267	8790	0
6	2273	8811.44043331872	1
6	2276	8820	1
6	2276	8820	0
6	2285	8850	0
6	2285	8850	0
6	2290	8880	0
6	2290	8880	0
6	2295	8910	0
6	2295	8910	0
6	2304	8940	0
6	2304	8940	0
6	2312	8970	0
6	2312	8970	0
6	2318	9000	0
6	2318	9000	0
6	2325	9030	0
6	2325	9030	0
6	2329	9040	1
6	2333	9060	1
6	2333	9060	1
6	2339	9090	1
6	2339	9090	0
6	2343	9102.721825470737	1
6	2348	9120	1
6	2348	9120	1
6	2355	9150	1
6	2355	9150	1
6	2364	9180	1
6	2364	9180	0
6	2376	9210	0
6	2376	9210	0
6	2381	9240	0
6	2381	9240	0
6	2388	9266.218755689197	1
6	2391	9270	1
6	2391	9270	1
6	2402	9300	1
6	2402	9300	0
6	2410	9330	0
6	2410	9330	0
6	2418	9360	0
6	2418	9360	0
6	2420	9364.48228624357	1
6	2425	9390	1
6	2425	9390	1
6	2435	9420	1
6	2435	9420	0
6	2446	9450	0
6	2446	9450	0
6	2455	9480	0
6	2455	9480	0
6	2465	9510	0
6	2465	9510	0
6	2476	9540	0
6	2476	9540	0
6	2482	9551.445351528749	1
6	2487	9570	1
6	2487	9570	1
6	2498	9600	1
6	2498	9600	1
6	2509	9630	1
6	2509	9630	0
6	2513	9640.841903039765	1
6	2517	9660	1
6	2517	9660	0
6	2523	9690	0
6	2523	9690	0
6	2526	9700	1
6	2532	9720	1
6	2532	9720	0
6	2541	9750	0
6	2541	9750	0
6	2544	9760	1
6	2549	9780	1
6	2549	9780	1
6	2556	9810	1
6	2556	9810	0
6	2558	9820	1
6	2565	9840	1
6	2565	9840	0
6	2573	9870	0
6	2573	9870	0
6	2581	9900	0
6	2581	9900	0
6	2587	9930	0
6	2587	9930	0
6	2596	9960	0
6	2596	9960	0
6	2601	9990	0
6	2601	9990	0
6	2604	10000	1
6	2608	10020	1
6	2608	10020	1
6	2611	10030	2
6	2615	10050	2
6	2615	10050	0
6	2621	10080	0
6	2621	10080	0
6	2626	10110	0
6	2626	10110	0
6	2633	10140	0
6	2633	10140	0
6	2639	10170	0
6	2639	10170	0
6	2642	10178.933886616661	1
6	2645	10200	1
6	2645	10200	1
6	2653	10230	1
6	2653	10230	1
6	2660	10260	1
6	2660	10260	0
6	2666	10290	0
6	2666	10290	0
6	2674	10320	0
6	2674	10320	0
6	2685	10350	0
6	2685	10350	0
6	2691	10380	0
6	2691	10380	0
6	2700	10410	0
6	2700	10410	0
6	2708	10440	0
6	2708	10440	0
6	2714	10470	0
6	2714	10470	0
6	2720	10500	0
6	2720	10500	0
6	2722	10510	1
6	2728	10530	1
6	2728	10530	0
6	2741	10560	0
6	2741	10560	0
6	2747	10590	0
6	2747	10590	0
6	2749	10617.316194647385	1
6	2752	10620	1
6	2752	10620	0
6	2762	10650	0
6	2762	10650	0
6	2771	10680	0
6	2771	10680	0
6	2775	10710	0
6	2775	10710	0
6	2781	10740	0
6	2781	10740	0
6	2791	10770	0
6	2791	10770	0
6	2799	10800	0
6	2799	10800	0
6	2805	10830	0
6	2805	10830	0
6	2810	10860	0
6	2810	10860	0
6	2819	10890	0
6	2819	10890	0
6	2821	10900	1
6	2827	10920	1
6	2827	10920	0
6	2833	10950	0
6	2833	10950	0
6	2838	10980	0
6	2838	10980	0
6	2847	11010	0
6	2847	11010	0
6	2854	11040	0
6	2854	11040	0
6	2860	11070	0
6	2860	11070	0
6	2866	11100	0
6	2866	11100	0
6	2874	11130	0
6	2874	11130	0
6	2884	11160	0
6	2884	11160	0
6	2889	11190	0
6	2889	11190	0
6	2894	11220	0
6	2894	11220	0
6	2904	11248.33671697013	1
6	2907	11250	1
6	2907	11250	1
6	2913	11280	1
6	2913	11280	1
6	2918	11310	1
6	2918	11310	0
6	2925	11340	0
6	2925	11340	0
6	2932	11370	0
6	2932	11370	0
6	2941	11400	0
6	2941	11400	0
6	2949	11430	0
6	2949	11430	0
6	2951	11444.890022099448	1
6	2955	11460	1
6	2955	11460	1
6	2962	11490	1
6	2962	11490	0
6	2964	11500	1
6	2970	11520	1
6	2970	11520	0
6	2978	11550	0
6	2978	11550	0
6	2985	11580	0
6	2985	11580	0
6	2994	11610	0
6	2994	11610	0
6	3003	11640	0
6	3003	11640	0
6	3009	11662.562600288486	1
6	3012	11670	1
6	3012	11670	1
6	3020	11700	1
6	3020	11700	0
6	3025	11730	0
6	3025	11730	0
6	3033	11760	0
6	3033	11760	0
6	3042	11790	0
6	3042	11790	0
6	3049	11820	0
6	3049	11820	0
6	3055	11850	0
6	3055	11850	0
6	3057	11860	1
6	3063	11880	1
6	3063	11880	0
6	3073	11910	0
6	3073	11910	0
6	3079	11940	0
6	3079	11940	0
6	3085	11970	0
6	3085	11970	0
6	3094	12000	0
6	3094	12000	0
6	3102	12030	0
6	3102	12030	0
6	3106	12060	0
6	3106	12060	0
6	3111	12090	0
6	3111	12090	0
6	3113	12093.67499893298	1
6	3119	12120	1
6	3119	12120	1
6	3125	12150	1
6	3125	12150	1
6	3130	12180	1
6	3130	12180	0
6	3136	12210	0
6	3136	12210	0
6	3143	12240	0
6	3143	12240	0
6	3147	12270	0
6	3147	12270	0
6	3149	12276.183643573404	1
6	3154	12300	1
6	3154	12300	1
6	3159	12330	1
6	3159	12330	1
6	3162	12332.796079395964	2
6	3169	12360	2
6	3169	12360	1
6	3175	12390	1
6	3175	12390	0
6	3183	12420	0
6	3183	12420	0
6	3192	12450	0
6	3192	12450	0
6	3195	12457.735191077914	1
6	3199	12480	1
6	3199	12480	1
6	3201	12484.709617240791	2
6	3202	12486.916804722061	3
6	3207	12510	3
6	3207	12510	2
6	3213	12532.094410905494	3
6	3214	12535.092649423858	4
6	3217	12540	4
6	3217	12540	2
6	3226	12570	2
6	3226	12570	0
6	3234	12600	0
6	3234	12600	0
6	3242	12630	0
6	3242	12630	0
6	3246	12640	1
6	3249	12650.937729026556	2
6	3253	12660	2
6	3253	12660	1
6	3259	12670	2
6	3264	12690	2
6	3264	12690	0
6	3266	12700	1
6	3271	12720	1
6	3271	12720	0
6	3278	12750	0
6	3278	12750	0
6	3288	12779.594937791381	1
6	3291	12780	1
6	3291	12780	1
6	3297	12790	2
6	3302	12810	2
6	3302	12810	0
6	3310	12836.407637697884	1
6	3313	12840	1
6	3313	12840	1
6	3323	12870	1
6	3323	12870	0
6	3332	12890.712192982683	1
6	3335	12900	1
6	3335	12900	0
6	3342	12930	0
6	3342	12930	0
6	3352	12960	0
6	3352	12960	0
6	3361	12990	0
6	3361	12990	0
6	3365	13000	1
6	3369	13020	1
6	3369	13020	1
6	3374	13050	1
6	3374	13050	0
6	3379	13080	0
6	3379	13080	0
6	3388	13110	0
6	3388	13110	0
6	3397	13140	0
6	3397	13140	0
6	3403	13170	0
6	3403	13170	0
6	3411	13200	0
6	3411	13200	0
6	3416	13216.221726482741	1
6	3421	13230	1
6	3421	13230	1
6	3428	13260	1
6	3428	13260	0
6	3430	13264.174536252176	1
6	3436	13290	1
6	3436	13290	0
6	3444	13320	0
6	3444	13320	0
6	3450	13350	0
6	3450	13350	0
6	3457	13380	0
6	3457	13380	0
6	3460	13389.96535749659	1
6	3468	13410	1
6	3468	13410	0
6	3474	13440	0
6	3474	13440	0
6	3476	13442.917939114231	1
6	3481	13470	1
6	3481	13470	0
6	3492	13500	0
6	3492	13500	0
6	3496	13521.818741860142	1
6	3499	13530	1
6	3499	13530	1
6	3507	13560	1
6	3507	13560	1
6	3509	13562.397615515809	2
6	3515	13590	2
6	3515	13590	1
6	3523	13620	1
6	3523	13620	0
6	3531	13650	0
6	3531	13650	0
6	3537	13680	0
6	3537	13680	0
6	3545	13710	0
6	3545	13710	0
6	3550	13720	1
6	3555	13740	1
6	3555	13740	1
6	3561	13770	1
6	3561	13770	0
6	3564	13780	1
6	3569	13800	1
6	3569	13800	0
6	3580	13830	0
6	3580	13830	0
6	3586	13860	0
6	3586	13860	0
6	3596	13890	0
6	3596	13890	0
6	3604	13920	0
6	3604	13920	0
6	3615	13950	0
6	3615	13950	0
6	3617	13968.811261073314	1
6	3621	13980	1
6	3621	13980	0
6	3626	13990	1
6	3630	14010	1
6	3630	14010	0
6	3640	14038.747788302722	1
6	3643	14040	1
6	3643	14040	1
6	3649	14070	1
6	3649	14070	0
6	3657	14100	0
6	3657	14100	0
6	3659	14108.843705288642	1
6	3667	14130	1
6	3667	14130	0
6	3672	14146.929288806719	1
6	3676	14160	1
6	3676	14160	0
6	3687	14190	0
6	3687	14190	0
6	3692	14220	0
6	3692	14220	0
6	3699	14250	0
6	3699	14250	0
6	3708	14280	0
6	3708	14280	0
6	3710	14287.779124175719	1
6	3715	14310	1
6	3715	14310	0
6	3723	14340	0
6	3723	14340	0
6	3727	14370	0
6	3727	14370	0
6	3736	14400	0
6	3736	14400	0
6	3744	14430	0
6	3744	14430	0
6	3751	14460	0
6	3751	14460	0
6	3756	14490	0
6	3756	14490	0
6	3758	14494.372375499557	1
6	3760	14511.175589231728	2
6	3763	14520	2
6	3763	14520	2
6	3765	14542.736332896688	3
6	3768	14550	3
6	3768	14550	2
6	3773	14580	2
6	3773	14580	0
6	3779	14610	0
6	3779	14610	0
6	3787	14640	0
6	3787	14640	0
6	3793	14670	0
6	3793	14670	0
6	3801	14700	0
6	3801	14700	0
6	3809	14730	0
6	3809	14730	0
6	3811	14730.387303318806	1
6	3815	14760	1
6	3815	14760	1
6	3822	14790	1
6	3822	14790	1
6	3831	14820	1
6	3831	14820	0
6	3833	14830	1
6	3837	14850	1
6	3837	14850	0
6	3840	14863.764182441944	1
6	3843	14880	1
6	3843	14880	1
6	3851	14910	1
6	3851	14910	0
6	3858	14940	0
6	3858	14940	0
6	3865	14970	0
6	3865	14970	0
6	3870	15000	0
6	3870	15000	0
6	3879	15030	0
6	3879	15030	0
6	3888	15060	0
6	3888	15060	0
6	3890	15070	1
6	3893	15090	1
6	3893	15090	0
6	3899	15120	0
6	3899	15120	0
6	3903	15135.090339482876	1
6	3908	15150	1
6	3908	15150	1
6	3913	15180	1
6	3913	15180	0
6	3920	15210	0
6	3920	15210	0
6	3924	15240	0
6	3924	15240	0
6	3930	15270	0
6	3930	15270	0
6	3938	15300	0
6	3938	15300	0
6	3940	15307.94525481945	1
6	3941	15310	2
6	3945	15330	2
6	3945	15330	0
6	3953	15360	0
6	3953	15360	0
6	3960	15390	0
6	3960	15390	0
6	3966	15420	0
6	3966	15420	0
6	3968	15420.323617478555	1
6	3974	15441.284339580131	2
6	3979	15450	2
6	3979	15450	2
6	3984	15477.488518071305	3
6	3988	15480	3
6	3988	15480	3
6	3993	15510	3
6	3993	15510	1
6	4001	15540	1
6	4001	15540	0
6	4009	15570	0
6	4009	15570	0
6	4016	15600	0
6	4016	15600	0
6	4024	15630	0
6	4024	15630	0
6	4029	15660	0
6	4029	15660	0
6	4034	15690	0
6	4034	15690	0
6	4041	15720	0
6	4041	15720	0
6	4049	15750	0
6	4049	15750	0
6	4057	15780	0
6	4057	15780	0
6	4061	15810	0
6	4061	15810	0
6	4070	15840	0
6	4070	15840	0
6	4074	15856.378467511014	1
6	4078	15870	1
6	4078	15870	1
6	4082	15900	1
6	4082	15900	0
6	4089	15930	0
6	4089	15930	0
6	4096	15960	0
6	4096	15960	0
6	4100	15990	0
6	4100	15990	0
6	4107	16020	0
6	4107	16020	0
6	4109	16025.655196441661	1
6	4112	16050	1
6	4112	16050	1
6	4117	16080	1
6	4117	16080	1
6	4126	16110	1
6	4126	16110	0
6	4133	16140	0
6	4133	16140	0
6	4139	16170	0
6	4139	16170	0
6	4142	16189.332047140712	1
6	4143	16193.549785321156	2
6	4147	16200	2
6	4147	16200	2
6	4154	16230	2
6	4154	16230	2
6	4160	16240	3
6	4164	16260	3
6	4164	16260	1
6	4169	16290	1
6	4169	16290	0
6	4175	16320	0
6	4175	16320	0
6	4181	16350	0
6	4181	16350	0
6	4185	16360	1
6	4188	16380	1
6	4188	16380	1
6	4194	16410	1
6	4194	16410	0
6	4205	16440	0
6	4205	16440	0
6	4212	16470	0
6	4212	16470	0
6	4217	16500	0
6	4217	16500	0
6	4223	16530	0
6	4223	16530	0
6	4229	16547.348006320727	1
6	4232	16560	1
6	4232	16560	1
6	4238	16590	1
6	4238	16590	0
6	4244	16620	0
6	4244	16620	0
6	4250	16650	0
6	4250	16650	0
6	4256	16680	0
6	4256	16680	0
6	4263	16710	0
6	4263	16710	0
6	4268	16740	0
6	4268	16740	0
6	4272	16770	0
6	4272	16770	0
6	4274	16787.157950637773	1
6	4278	16800	1
6	4278	16800	1
6	4282	16830	1
6	4282	16830	1
6	4285	16840	2
6	4288	16860	2
6	4288	16860	1
6	4293	16890	1
6	4293	16890	0
6	4300	16920	0
6	4300	16920	0
6	4306	16950	0
6	4306	16950	0
6	4313	16980	0
6	4313	16980	0
6	4318	17010	0
6	4318	17010	0
6	4322	17016.954507014501	1
6	4325	17040	1
6	4325	17040	1
6	4332	17070	1
6	4332	17070	1
6	4334	17071.805407457005	2
6	4339	17100	2
6	4339	17100	0
6	4344	17130	0
6	4344	17130	0
6	4351	17160	0
6	4351	17160	0
6	4362	17190	0
6	4362	17190	0
6	4368	17220	0
6	4368	17220	0
6	4374	17250	0
6	4374	17250	0
6	4384	17280	0
6	4384	17280	0
6	4392	17310	0
6	4392	17310	0
6	4395	17320	1
6	4400	17340	1
6	4400	17340	1
6	4406	17361.443680015635	2
6	4410	17370	2
6	4410	17370	0
6	4418	17400	0
6	4418	17400	0
6	4424	17430	0
6	4424	17430	0
6	4433	17460	0
6	4433	17460	0
6	4442	17490	0
6	4442	17490	0
6	4444	17490.886930697663	1
6	4450	17520	1
6	4450	17520	1
6	4459	17550	1
6	4459	17550	1
6	4463	17560	2
6	4467	17580	2
6	4467	17580	1
6	4474	17610	1
6	4474	17610	0
6	4476	17610.957521753153	1
6	4482	17640	1
6	4482	17640	1
6	4486	17654.945901830419	2
6	4490	17670	2
6	4490	17670	0
6	4494	17680	1
6	4499	17700	1
6	4499	17700	1
6	4504	17730	1
6	4504	17730	0
6	4511	17760	0
6	4511	17760	0
6	4518	17790	0
6	4518	17790	0
6	4522	17800	1
6	4523	17800	2
6	4527	17820	2
6	4527	17820	2
6	4535	17850	2
6	4535	17850	0
6	4541	17880	0
6	4541	17880	0
6	4548	17910	0
6	4548	17910	0
6	4556	17940	0
6	4556	17940	0
6	4564	17970	0
6	4564	17970	0
6	4568	18000	0
6	4568	18000	0
6	4574	18030	0
6	4574	18030	0
6	4577	18043.661391415285	1
6	4583	18060	1
6	4583	18060	1
6	4588	18090	1
6	4588	18090	0
6	4594	18120	0
6	4594	18120	0
6	4602	18150	0
6	4602	18150	0
6	4606	18180	0
6	4606	18180	0
6	4613	18210	0
6	4613	18210	0
6	4622	18240	0
6	4622	18240	0
6	4627	18270	0
6	4627	18270	0
6	4632	18300	0
6	4632	18300	0
6	4637	18330	0
6	4637	18330	0
6	4641	18340	1
6	4642	18340	2
6	4645	18360	2
6	4645	18360	0
6	4654	18390	0
6	4654	18390	0
6	4659	18420	0
6	4659	18420	0
6	4663	18450	0
6	4663	18450	0
6	4676	18480	0
6	4676	18480	0
6	4684	18510	0
6	4684	18510	0
6	4691	18540	0
6	4691	18540	0
6	4695	18570	0
6	4695	18570	0
6	4698	18575.244441482812	1
6	4703	18586.324518484146	2
6	4706	18597.23124380236	3
6	4709	18600	3
6	4709	18600	3
6	4713	18623.180707420663	4
6	4716	18630	4
6	4716	18630	1
6	4721	18660	1
6	4721	18660	0
6	4729	18690	0
6	4729	18690	0
6	4732	18700	1
6	4736	18720	1
6	4736	18720	0
6	4745	18750	0
6	4745	18750	0
6	4753	18780	0
6	4753	18780	0
6	4758	18795.062094030793	1
6	4759	18803.334519374154	2
6	4762	18810	2
6	4762	18810	2
6	4771	18840	2
6	4771	18840	2
6	4780	18870	2
6	4780	18870	0
6	4784	18892.544058270234	1
6	4787	18900	1
6	4787	18900	0
6	4794	18930	0
6	4794	18930	0
6	4796	18940	1
6	4799	18959.779068892762	2
6	4802	18960	2
6	4802	18960	1
6	4809	18990	1
6	4809	18990	1
6	4812	19000	2
6	4814	19017.829626048758	3
6	4817	19020	3
6	4817	19020	2
6	4822	19050	2
6	4822	19050	0
6	4830	19080	0
6	4830	19080	0
6	4838	19110	0
6	4838	19110	0
6	4847	19140	0
6	4847	19140	0
6	4856	19170	0
6	4856	19170	0
6	4862	19200	0
6	4862	19200	0
6	4866	19214.807573014116	1
6	4874	19230	1
6	4874	19230	1
6	4881	19260	1
6	4881	19260	0
6	4886	19290	0
6	4886	19290	0
6	4891	19315.343687241277	1
6	4895	19320	1
6	4895	19320	0
6	4902	19350	0
6	4902	19350	0
6	4905	19360	1
6	4906	19360	2
6	4907	19360	3
6	4911	19380	3
6	4911	19380	3
6	4920	19410	3
6	4920	19410	0
6	4925	19433.256250448884	1
6	4928	19440	1
6	4928	19440	0
6	4933	19470	0
6	4933	19470	0
6	4943	19500	0
6	4943	19500	0
6	4945	19503.258590416083	1
6	4953	19530	1
6	4953	19530	1
6	4959	19560	1
6	4959	19560	1
6	4965	19574.523519645809	2
6	4968	19587.774531502672	3
6	4972	19590	3
6	4972	19590	2
6	4983	19620	2
6	4983	19620	0
6	4988	19650	0
6	4988	19650	0
6	4997	19680	0
6	4997	19680	0
6	5006	19710	0
6	5006	19710	0
6	5015	19740	0
6	5015	19740	0
6	5018	19750	1
6	5019	19750	2
6	5025	19770	2
6	5025	19770	0
6	5034	19800	0
6	5034	19800	0
6	5043	19830	0
6	5043	19830	0
6	5053	19860	0
6	5053	19860	0
6	5059	19870	1
6	5066	19890	1
6	5066	19890	0
6	5075	19920	0
6	5075	19920	0
6	5079	19931.45106845246	1
6	5081	19936.816747833307	2
6	5084	19950	2
6	5084	19950	0
6	5091	19980	0
6	5091	19980	0
6	5093	19985.758744114257	1
6	5095	19990	2
6	5096	19994.269880043099	3
7	273	1050	20
7	281	1080	20
7	283	1090	0
7	322	1230	89.282877628574
7	322	1230	17.304735510215
7	336	1290	20
7	339	1300	0
7	366	1406.375972805961	0
7	369	1410	23.549577048432
7	369	1410	20
7	381	1458.447472582265	0
7	417	1571.136423709404	0
7	430	1634.725828253989	0
7	450	1710	73.726244357565
7	460	1751.478363433115	0
7	465	1770	20
7	469	1780	0
7	482	1830	46.911528701795
7	503	1890	20
7	539	2050	0
7	565	2130	50
7	565	2130	50
7	565	2130	50
7	579	2190	2.791377420688
7	586	2220	24.51017297391
7	588	2221.663959311334	0
7	652	2480.883429444466	0
7	656	2490	20
7	709	2728.247508216771	0
7	730	2790	69.900310895119
7	730	2790	9.278212671149
7	748	2860	0
7	749	2860	0
7	774	2940	67.789298353158
7	774	2940	40.933657569586
7	774	2940	24.052171909951
7	774	2940	23.392722478172
7	783	2970	20
7	814	3090	50
7	814	3090	29.307327137727
7	832	3150	17.136435457132
7	834	3155.013487525435	0
7	850	3210	20
7	868	3270	66.658366647506
7	889	3344.256883062218	0
7	897	3370	0
7	913	3420	32.26786658035
7	913	3420	23.817290677618
7	913	3420	3.982081345352
7	920	3450	50
7	924	3460	0
7	934	3490	0
7	960	3580	0
7	982	3660.278945235537	0
7	987	3690	20
7	999	3730	0
7	1004	3750	26.475703864535
7	1037	3900	82.000612947069
7	1037	3900	80.573208236775
7	1037	3900	57.035089293191
7	1071	4050	16.426441311241
7	1075	4060	0
7	1089	4110	38.249975742451
7	1098	4140	72.296900591222
7	1106	4170	50
7	1130	4260	40.931479523362
7	1214	4620	85.518309015471
7	1221	4650	14.963669059372
7	1224	4660	0
7	1230	4680	20
7	1250	4770	20
7	1269	4830	12.466697009785
7	1277	4860	88.841721698178
7	1283	4890	50
7	1310	4980	85.358406147088
7	1387	5250	41.753081506594
7	1411	5340	74.577882810621
7	1416	5370	50
7	1441	5478.332063742666	0
7	1447	5500	0
7	1470	5610	28.048055798756
7	1510	5820	43.270188461941
7	1538	5940	55.409171945076
7	1540	5944.974927839208	0
7	1570	6060	55.999924216125
7	1570	6060	43.88151078965
7	1576	6090	50
7	1588	6150	68.358179638772
7	1588	6150	20.357696079508
7	1649	6360	20
7	1693	6510	57.024285781088
7	1701	6540	83.552560536276
7	1710	6570	10.14348024672
7	1723	6610	0
7	1728	6630	50.541679610272
7	1732	6651.825988757927	0
7	1746	6690	20
7	1750	6700	0
7	1782	6810	50
7	1812	6930	50
7	1845	7039.819592070384	0
7	1848	7050	20
7	1850	7059.745185082642	0
7	1851	7060	0
7	1871	7140	59.564011971784
7	1881	7170	50
7	1909	7290	50
7	1909	7290	20
7	1914	7300	0
7	1934	7388.628019154381	0
7	1946	7420	0
7	1947	7420	0
7	1970	7500	70.062290311479
7	1974	7528.818288205728	0
7	2005	7650	50
7	2032	7770	50
7	2034	7780	0
7	2101	8050	0
7	2112	8100	76.559799301898
7	2119	8130	20
7	2152	8250	50
7	2152	8250	50
7	2178	8368.884580876319	0
7	2181	8370	50
7	2181	8370	25.952498635075
7	2222	8580	52.895790870205
7	2228	8610	50
7	2230	8620	0
7	2246	8700	47.146155277983
7	2276	8820	8.55956668128
7	2299	8923.548521387361	0
7	2335	9065.760507626619	0
7	2339	9090	50
7	2357	9158.713749335918	0
7	2364	9180	77.278174529263
7	2372	9203.834342774112	0
7	2402	9300	33.781244310803
7	2435	9420	55.51771375643
7	2490	9580	0
7	2509	9630	78.554648471251
7	2517	9660	19.158096960235
7	2532	9720	20
7	2556	9810	50
7	2561	9820	0
7	2565	9840	20
7	2590	9940	0
7	2598	9970	0
7	2615	10050	50
7	2615	10050	20
7	2660	10260	81.066113383339
7	2728	10530	20
7	2735	10540	0
7	2752	10620	2.683805352615
7	2766	10660	0
7	2767	10660	0
7	2784	10752.160199397861	0
7	2794	10780	0
7	2823	10900	0
7	2827	10920	20
7	2879	11140	0
7	2918	11310	61.66328302987
7	2937	11380	0
7	2962	11490	45.109977900552
7	2965	11500	0
7	2970	11520	20
7	3015	11681.817838603927	0
7	3020	11700	37.437399711514
7	3028	11740	0
7	3059	11860	0
7	3063	11880	20
7	3096	12010	0
7	3130	12180	86.32500106702
7	3169	12360	83.816356426596
7	3175	12390	57.203920604036
7	3207	12510	25.290382759209
7	3211	12526.377783677991	0
7	3217	12540	82.264808922086
7	3217	12540	53.083195277939
7	3226	12570	37.905589094506
7	3226	12570	34.907350576142
7	3253	12660	9.062270973444
7	3264	12690	50
7	3264	12690	20
7	3271	12720	20
7	3302	12810	30.405062208619
7	3302	12810	20
7	3323	12870	33.592362302116
7	3335	12900	9.287807017317
7	3374	13050	50
7	3382	13090	0
7	3428	13260	43.778273517259
7	3432	13286.078892721587	0
7	3436	13290	25.825463747824
7	3468	13410	20.03464250341
7	3481	13470	27.082060885769
7	3515	13590	68.181258139858
7	3523	13620	57.602384484191
7	3561	13770	50
7	3569	13800	20
7	3593	13888.468972472845	0
7	3608	13930	0
7	3609	13930	0
7	3621	13980	11.188738926686
7	3630	14010	20
7	3649	14070	31.252211697278
7	3662	14120.610412753812	0
7	3667	14130	21.156294711358
7	3676	14160	13.070711193281
7	3715	14310	22.220875824281
7	3768	14550	38.824410768272
7	3773	14580	85.627624500443
7	3773	14580	37.263667103312
7	3797	14682.160498509976	0
7	3803	14703.133413824403	0
7	3831	14820	89.612696681194
7	3837	14850	20
7	3851	14910	46.235817558056
7	3860	14941.147186699903	0
7	3893	15090	20
7	3913	15180	44.909660517124
7	3945	15330	22.05474518055
7	3945	15330	20
7	3993	15510	89.676382521445
7	3993	15510	68.715660419869
7	4001	15540	62.511481928695
7	4046	15730	0
7	4073	15850	0
7	4082	15900	43.621532488986
7	4104	16001.124521631435	0
7	4126	16110	84.344803558339
7	4164	16260	70.667952859288
7	4164	16260	66.450214678844
7	4169	16290	50
7	4194	16410	50
7	4226	16540	0
7	4238	16590	42.651993679273
7	4288	16860	72.842049362227
7	4293	16890	50
7	4339	17100	83.045492985499
7	4339	17100	28.194592542995
7	4357	17170	0
7	4376	17260	0
7	4387	17290	0
7	4410	17370	50
7	4410	17370	8.556319984365
7	4420	17410	0
7	4429	17446.605989167761	0
7	4467	17580	89.113069302337
7	4469	17584.649958405084	0
7	4474	17610	50
7	4490	17670	59.042478246847
7	4490	17670	15.054098169581
7	4504	17730	50
7	4535	17850	50
7	4535	17850	50
7	4588	18090	46.338608584715
7	4634	18307.419596779519	0
7	4645	18360	20
7	4645	18360	20
7	4716	18630	54.755558517188
7	4716	18630	43.675481515854
7	4716	18630	6.819292579337
7	4721	18660	62.76875619764
7	4736	18720	20
7	4780	18870	74.937905969207
7	4780	18870	66.665480625846
7	4787	18900	7.455941729766
7	4797	18940	0
7	4802	18960	20
7	4817	19020	60.220931107238
7	4822	19050	50
7	4822	19050	32.170373951242
7	4827	19062.267725676334	0
7	4858	19180	0
7	4881	19260	45.192426985884
7	4888	19299.154928063698	0
7	4895	19320	4.656312758723
7	4920	19410	50
7	4920	19410	50
7	4920	19410	50
7	4928	19440	6.743749551116
7	4936	19479.118513199586	0
7	4964	19570	0
7	4972	19590	86.741409583917
7	4983	19620	45.476480354191
7	4983	19620	32.225468497328
7	5012	19736.328340365081	0
7	5022	19765.112560164407	0
7	5025	19770	20
7	5025	19770	20
7	5066	19890	20
7	5084	19950	18.54893154754
7	5084	19950	13.183252166693
8	273	1050	2473
8	281	1080	2474
8	283	1090	2472
8	322	1230	2480
8	322	1230	2482
8	336	1290	2481
8	339	1300	2477
8	366	1406.375972805961	2488
8	369	1410	2486
8	369	1410	2485
8	381	1458.447472582265	2487
8	417	1571.136423709404	2490
8	430	1634.725828253989	2497
8	450	1710	2498
8	460	1751.478363433115	2501
8	465	1770	2495
8	469	1780	2494
8	482	1830	2502
8	503	1890	2500
8	539	2050	2505
8	565	2130	2508
8	565	2130	2509
8	565	2130	2510
8	579	2190	2513
8	586	2220	2514
8	588	2221.663959311334	2515
8	652	2480.883429444466	2523
8	656	2490	2518
8	709	2728.247508216771	2528
8	730	2790	2527
8	730	2790	2530
8	748	2860	2524
8	749	2860	2525
8	774	2940	2533
8	774	2940	2534
8	774	2940	2536
8	774	2940	2537
8	783	2970	2531
8	814	3090	2535
8	814	3090	2539
8	832	3150	2542
8	834	3155.013487525435	2544
8	850	3210	2540
8	868	3270	2545
8	889	3344.256883062218	2543
8	897	3370	2547
8	913	3420	2554
8	913	3420	2555
8	913	3420	2556
8	920	3450	2548
8	924	3460	2546
8	934	3490	2551
8	960	3580	2553
8	982	3660.278945235537	2562
8	987	3690	2558
8	999	3730	2559
8	1004	3750	2563
8	1037	3900	2565
8	1037	3900	2566
8	1037	3900	2567
8	1071	4050	2568
8	1075	4060	2564
8	1089	4110	2573
8	1098	4140	2572
8	1106	4170	2569
8	1130	4260	2580
8	1214	4620	2585
8	1221	4650	2586
8	1224	4660	2581
8	1230	4680	2583
8	1250	4770	2587
8	1269	4830	2593
8	1277	4860	2591
8	1283	4890	2589
8	1310	4980	2594
8	1387	5250	2604
8	1411	5340	2611
8	1416	5370	2605
8	1441	5478.332063742666	2613
8	1447	5500	2608
8	1470	5610	2614
8	1510	5820	2618
8	1538	5940	2620
8	1540	5944.974927839208	2622
8	1570	6060	2623
8	1570	6060	2624
8	1576	6090	2621
8	1588	6150	2628
8	1588	6150	2630
8	1649	6360	2631
8	1693	6510	2641
8	1701	6540	2642
8	1710	6570	2643
8	1723	6610	2639
8	1728	6630	2649
8	1732	6651.825988757927	2652
8	1746	6690	2645
8	1750	6700	2644
8	1782	6810	2650
8	1812	6930	2654
8	1845	7039.819592070384	2663
8	1848	7050	2656
8	1850	7059.745185082642	2659
8	1851	7060	2655
8	1871	7140	2665
8	1881	7170	2658
8	1909	7290	2667
8	1909	7290	2666
8	1914	7300	2664
8	1934	7388.628019154381	2674
8	1946	7420	2669
8	1947	7420	2668
8	1970	7500	2676
8	1974	7528.818288205728	2679
8	2005	7650	2678
8	2032	7770	2681
8	2034	7780	2682
8	2101	8050	2685
8	2112	8100	2690
8	2119	8130	2688
8	2152	8250	2693
8	2152	8250	2694
8	2178	8368.884580876319	2700
8	2181	8370	2697
8	2181	8370	2698
8	2222	8580	2702
8	2228	8610	2701
8	2230	8620	2699
8	2246	8700	2703
8	2276	8820	2709
8	2299	8923.548521387361	2712
8	2335	9065.760507626619	2715
8	2339	9090	2713
8	2357	9158.713749335918	2718
8	2364	9180	2716
8	2372	9203.834342774112	2720
8	2402	9300	2723
8	2435	9420	2729
8	2490	9580	2722
8	2509	9630	2736
8	2517	9660	2745
8	2532	9720	2735
8	2556	9810	2739
8	2561	9820	2740
8	2565	9840	2746
8	2590	9940	2741
8	2598	9970	2747
8	2615	10050	2749
8	2615	10050	2748
8	2660	10260	2753
8	2728	10530	2760
8	2735	10540	2757
8	2752	10620	2766
8	2766	10660	2762
8	2767	10660	2759
8	2784	10752.160199397861	2770
8	2794	10780	2765
8	2823	10900	2768
8	2827	10920	2771
8	2879	11140	2773
8	2918	11310	2784
8	2937	11380	2778
8	2962	11490	2787
8	2965	11500	2783
8	2970	11520	2785
8	3015	11681.817838603927	2797
8	3020	11700	2796
8	3028	11740	2792
8	3059	11860	2793
8	3063	11880	2798
8	3096	12010	2802
8	3130	12180	2806
8	3169	12360	2808
8	3175	12390	2809
8	3207	12510	2816
8	3211	12526.377783677991	2819
8	3217	12540	2815
8	3217	12540	2817
8	3226	12570	2811
8	3226	12570	2812
8	3253	12660	2824
8	3264	12690	2814
8	3264	12690	2820
8	3271	12720	2818
8	3302	12810	2828
8	3302	12810	2825
8	3323	12870	2831
8	3335	12900	2834
8	3374	13050	2833
8	3382	13090	2837
8	3428	13260	2843
8	3432	13286.078892721587	2845
8	3436	13290	2841
8	3468	13410	2846
8	3481	13470	2850
8	3515	13590	2852
8	3523	13620	2854
8	3561	13770	2857
8	3569	13800	2859
8	3593	13888.468972472845	2866
8	3608	13930	2862
8	3609	13930	2863
8	3621	13980	2868
8	3630	14010	2864
8	3649	14070	2872
8	3662	14120.610412753812	2875
8	3667	14130	2870
8	3676	14160	2873
8	3715	14310	2881
8	3768	14550	2885
8	3773	14580	2884
8	3773	14580	2886
8	3797	14682.160498509976	2887
8	3803	14703.133413824403	2888
8	3831	14820	2891
8	3837	14850	2890
8	3851	14910	2894
8	3860	14941.147186699903	2896
8	3893	15090	2895
8	3913	15180	2900
8	3945	15330	2901
8	3945	15330	2899
8	3993	15510	2905
8	3993	15510	2907
8	4001	15540	2909
8	4046	15730	2913
8	4073	15850	2914
8	4082	15900	2916
8	4104	16001.124521631435	2918
8	4126	16110	2919
8	4164	16260	2921
8	4164	16260	2922
8	4169	16290	2920
8	4194	16410	2926
8	4226	16540	2923
8	4238	16590	2932
8	4288	16860	2935
8	4293	16890	2934
8	4339	17100	2939
8	4339	17100	2941
8	4357	17170	2940
8	4376	17260	2938
8	4387	17290	2943
8	4410	17370	2944
8	4410	17370	2946
8	4420	17410	2947
8	4429	17446.605989167761	2953
8	4467	17580	2954
8	4469	17584.649958405084	2957
8	4474	17610	2951
8	4490	17670	2958
8	4490	17670	2961
8	4504	17730	2955
8	4535	17850	2959
8	4535	17850	2962
8	4588	18090	2966
8	4634	18307.419596779519	2974
8	4645	18360	2971
8	4645	18360	2972
8	4716	18630	2979
8	4716	18630	2980
8	4716	18630	2983
8	4721	18660	2982
8	4736	18720	2981
8	4780	18870	2988
8	4780	18870	2989
8	4787	18900	2993
8	4797	18940	2986
8	4802	18960	2987
8	4817	19020	2995
8	4822	19050	2991
8	4822	19050	2994
8	4827	19062.267725676334	2990
8	4858	19180	2992
8	4881	19260	3000
8	4888	19299.154928063698	2998
8	4895	19320	3001
8	4920	19410	2999
8	4920	19410	3002
8	4920	19410	3003
8	4928	19440	3005
8	4936	19479.118513199586	3009
8	4964	19570	3007
8	4972	19590	3011
8	4983	19620	3013
8	4983	19620	3014
8	5012	19736.328340365081	3019
8	5022	19765.112560164407	3021
8	5025	19770	3016
8	5025	19770	3017
8	5066	19890	3020
8	5084	19950	3028
8	5084	19950	3029
9	265	1020	1
9	265	1020	0
9	274	1050	0
9	274	1050	0
9	282	1080	0
9	282	1080	0
9	287	1110	0
9	287	1110	0
9	298	1140	0
9	298	1140	0
9	300	1144.448446243983	1
9	307	1170	1
9	307	1170	0
9	309	1180	1
9	316	1200	1
9	316	1200	0
9	318	1213.300335129243	1
9	323	1230	1
9	323	1230	1
9	330	1260	1
9	330	1260	0
9	332	1274.456799587404	1
9	337	1290	1
9	337	1290	0
9	344	1320	0
9	344	1320	0
9	347	1330	1
9	348	1330	2
9	352	1350	2
9	352	1350	0
9	361	1380	0
9	361	1380	0
9	370	1410	0
9	370	1410	0
9	378	1440	0
9	378	1440	0
9	386	1470	0
9	386	1470	0
9	395	1500	0
9	395	1500	0
9	404	1530	0
9	404	1530	0
9	414	1560	0
9	414	1560	0
9	415	1568.650260588661	1
9	421	1590	1
9	421	1590	1
9	426	1620	1
9	426	1620	1
9	429	1634.437602171399	2
9	437	1650	2
9	437	1650	1
9	440	1660	2
9	446	1680	2
9	446	1680	0
9	451	1710	0
9	451	1710	0
9	452	1730.405602408119	1
9	457	1740	1
9	457	1740	1
9	466	1770	1
9	466	1770	0
9	476	1800	0
9	476	1800	0
9	479	1810	1
9	483	1830	1
9	483	1830	0
9	486	1851.095254030386	1
9	493	1860	1
9	493	1860	0
9	504	1890	0
9	504	1890	0
9	509	1920	0
9	509	1920	0
9	513	1933.228083232526	1
9	518	1950	1
9	518	1950	1
9	520	1959.673908646012	2
9	523	1976.276009648467	3
9	527	1980	3
9	527	1980	0
9	533	2010	0
9	533	2010	0
9	538	2040	0
9	538	2040	0
9	546	2070	0
9	546	2070	0
9	560	2100	0
9	560	2100	0
9	566	2130	0
9	566	2130	0
9	572	2160	0
9	572	2160	0
9	580	2190	0
9	580	2190	0
9	587	2220	0
9	587	2220	0
9	596	2250	0
9	596	2250	0
9	598	2260	1
9	603	2280	1
9	603	2280	0
9	604	2290	1
9	605	2290.564559511392	2
9	610	2310	2
9	610	2310	1
9	618	2340	1
9	618	2340	1
9	625	2370	1
9	625	2370	0
9	634	2400	0
9	634	2400	0
9	640	2430	0
9	640	2430	0
9	648	2460	0
9	648	2460	0
9	657	2490	0
9	657	2490	0
9	662	2520	0
9	662	2520	0
9	670	2550	0
9	670	2550	0
9	674	2580	0
9	674	2580	0
9	682	2610	0
9	682	2610	0
9	692	2640	0
9	692	2640	0
9	698	2670	0
9	698	2670	0
9	702	2696.656794260886	1
9	706	2700	1
9	706	2700	0
9	713	2730	0
9	713	2730	0
9	714	2740	1
9	715	2740	2
9	716	2745.480525790912	3
9	721	2760	3
9	721	2760	1
9	731	2790	1
9	731	2790	1
9	740	2820	1
9	740	2820	0
9	743	2847.371385005181	1
9	747	2850	1
9	747	2850	0
9	752	2870.197037042606	1
9	757	2880	1
9	757	2880	1
9	761	2907.010695417586	2
9	765	2910	2
9	765	2910	2
9	775	2940	2
9	775	2940	0
9	784	2970	0
9	784	2970	0
9	788	3000	0
9	788	3000	0
9	789	3019.589571271377	1
9	794	3030	1
9	794	3030	1
9	809	3060	1
9	809	3060	1
9	815	3090	1
9	815	3090	0
9	822	3120	0
9	822	3120	0
9	833	3150	0
9	833	3150	0
9	842	3180	0
9	842	3180	0
9	851	3210	0
9	851	3210	0
9	858	3240	0
9	858	3240	0
9	860	3244.52631817916	1
9	863	3250	2
9	869	3270	2
9	869	3270	1
9	878	3300	1
9	878	3300	0
9	879	3310	1
9	886	3330	1
9	886	3330	1
9	894	3360	1
9	894	3360	0
9	898	3370	1
9	906	3390	1
9	906	3390	0
9	914	3420	0
9	914	3420	0
9	921	3450	0
9	921	3450	0
9	922	3460	1
9	929	3473.790118076078	2
9	933	3480	2
9	933	3480	0
9	941	3510	0
9	941	3510	0
9	948	3540	0
9	948	3540	0
9	949	3544.238999069383	1
9	957	3570	1
9	957	3570	0
9	958	3580	1
9	965	3600	1
9	965	3600	0
9	973	3630	0
9	973	3630	0
9	981	3660	0
9	981	3660	0
9	988	3690	0
9	988	3690	0
9	997	3720	0
9	997	3720	0
9	1005	3750	0
9	1005	3750	0
9	1011	3780	0
9	1011	3780	0
9	1017	3810	0
9	1017	3810	0
9	1025	3840	0
9	1025	3840	0
9	1032	3870	0
9	1032	3870	0
9	1038	3900	0
9	1038	3900	0
9	1039	3910	1
9	1043	3930	1
9	1043	3930	1
9	1050	3960	1
9	1050	3960	0
9	1051	3964.22485120521	1
9	1057	3990	1
9	1057	3990	1
9	1066	4020	1
9	1066	4020	0
9	1068	4035.492287041409	1
9	1072	4050	1
9	1072	4050	0
9	1081	4080	0
9	1081	4080	0
9	1084	4095.978630650314	1
9	1090	4110	1
9	1090	4110	1
9	1099	4140	1
9	1099	4140	0
9	1107	4170	0
9	1107	4170	0
9	1108	4180	1
9	1114	4200	1
9	1114	4200	0
9	1122	4230	0
9	1122	4230	0
9	1131	4260	0
9	1131	4260	0
9	1136	4290	0
9	1136	4290	0
9	1143	4320	0
9	1143	4320	0
9	1151	4350	0
9	1151	4350	0
9	1161	4380	0
9	1161	4380	0
9	1166	4410	0
9	1166	4410	0
9	1173	4440	0
9	1173	4440	0
9	1181	4470	0
9	1181	4470	0
9	1186	4500	0
9	1186	4500	0
9	1187	4510	1
9	1193	4530	1
9	1193	4530	1
9	1205	4560	1
9	1205	4560	0
9	1210	4590	0
9	1210	4590	0
9	1215	4620	0
9	1215	4620	0
9	1217	4645.234320849477	1
9	1222	4650	1
9	1222	4650	0
9	1225	4666.899293663485	1
9	1231	4680	1
9	1231	4680	1
9	1237	4710	1
9	1237	4710	1
9	1244	4740	1
9	1244	4740	0
9	1251	4770	0
9	1251	4770	0
9	1254	4780	1
9	1261	4800	1
9	1261	4800	0
9	1270	4830	0
9	1270	4830	0
9	1278	4860	0
9	1278	4860	0
9	1284	4890	0
9	1284	4890	0
9	1295	4920	0
9	1295	4920	0
9	1298	4942.638912336222	1
9	1303	4950	1
9	1303	4950	1
9	1311	4980	1
9	1311	4980	0
9	1319	5010	0
9	1319	5010	0
9	1325	5040	0
9	1325	5040	0
9	1333	5070	0
9	1333	5070	0
9	1345	5100	0
9	1345	5100	0
9	1352	5130	0
9	1352	5130	0
9	1354	5135.364711363066	1
9	1359	5160	1
9	1359	5160	1
9	1360	5160.065957951446	2
9	1373	5190	2
9	1373	5190	2
9	1381	5220	2
9	1381	5220	0
9	1388	5250	0
9	1388	5250	0
9	1397	5280	0
9	1397	5280	0
9	1405	5310	0
9	1405	5310	0
9	1412	5340	0
9	1412	5340	0
9	1417	5370	0
9	1417	5370	0
9	1419	5380	1
9	1421	5397.553376631468	2
9	1425	5400	2
9	1425	5400	0
9	1432	5430	0
9	1432	5430	0
9	1439	5460	0
9	1439	5460	0
9	1446	5490	0
9	1446	5490	0
9	1453	5520	0
9	1453	5520	0
9	1459	5550	0
9	1459	5550	0
9	1465	5580	0
9	1465	5580	0
9	1471	5610	0
9	1471	5610	0
9	1477	5640	0
9	1477	5640	0
9	1482	5670	0
9	1482	5670	0
9	1487	5700	0
9	1487	5700	0
9	1493	5730	0
9	1493	5730	0
9	1499	5760	0
9	1499	5760	0
9	1506	5790	0
9	1506	5790	0
9	1511	5820	0
9	1511	5820	0
9	1517	5850	0
9	1517	5850	0
9	1522	5880	0
9	1522	5880	0
9	1530	5910	0
9	1530	5910	0
9	1532	5917.438578863258	1
9	1539	5940	1
9	1539	5940	0
9	1545	5970	0
9	1545	5970	0
9	1552	6000	0
9	1552	6000	0
9	1561	6030	0
9	1561	6030	0
9	1567	6047.556248375754	1
9	1571	6060	1
9	1571	6060	0
9	1577	6090	0
9	1577	6090	0
9	1582	6120	0
9	1582	6120	0
9	1584	6126.359130904899	1
9	1589	6150	1
9	1589	6150	1
9	1599	6180	1
9	1599	6180	0
9	1600	6190	1
9	1605	6210	1
9	1605	6210	1
9	1613	6240	1
9	1613	6240	0
9	1619	6270	0
9	1619	6270	0
9	1630	6300	0
9	1630	6300	0
9	1633	6323.299843653946	1
9	1638	6330	1
9	1638	6330	1
9	1650	6360	1
9	1650	6360	0
9	1655	6390	0
9	1655	6390	0
9	1664	6420	0
9	1664	6420	0
9	1666	6430	1
9	1668	6431.367968460276	2
9	1673	6450	2
9	1673	6450	1
9	1686	6480	1
9	1686	6480	0
9	1694	6510	0
9	1694	6510	0
9	1695	6519.565101752895	1
9	1702	6540	1
9	1702	6540	1
9	1705	6551.356722813759	2
9	1711	6570	2
9	1711	6570	0
9	1713	6580	1
9	1716	6597.01536568094	2
9	1720	6600	2
9	1720	6600	0
9	1725	6623.936958151498	1
9	1729	6630	1
9	1729	6630	1
9	1736	6660	1
9	1736	6660	0
9	1747	6690	0
9	1747	6690	0
9	1757	6720	0
9	1757	6720	0
9	1763	6750	0
9	1763	6750	0
9	1768	6767.566294660029	1
9	1775	6780	1
9	1775	6780	0
9	1783	6810	0
9	1783	6810	0
9	1788	6840	0
9	1788	6840	0
9	1796	6870	0
9	1796	6870	0
9	1797	6874.90631303283	1
9	1801	6894.289279977498	2
9	1805	6900	2
9	1805	6900	2
9	1806	6910	3
9	1813	6930	3
9	1813	6930	1
9	1817	6955.829013556768	2
9	1822	6960	2
9	1822	6960	1
9	1832	6990	1
9	1832	6990	1
9	1838	7020	1
9	1838	7020	0
9	1849	7050	0
9	1849	7050	0
9	1856	7080	0
9	1856	7080	0
9	1858	7088.855976819408	1
9	1860	7107.03491416192	2
9	1864	7110	2
9	1864	7110	2
9	1872	7140	2
9	1872	7140	1
9	1874	7150	2
9	1882	7170	2
9	1882	7170	1
9	1883	7180	2
9	1888	7200	2
9	1888	7200	0
9	1893	7230	0
9	1893	7230	0
9	1900	7260	0
9	1900	7260	0
9	1910	7290	0
9	1910	7290	0
9	1911	7290.883320061122	1
9	1912	7300	2
9	1919	7320	2
9	1919	7320	0
9	1926	7350	0
9	1926	7350	0
9	1929	7378.795977658547	1
9	1933	7380	1
9	1933	7380	0
9	1943	7410	0
9	1943	7410	0
9	1956	7440	0
9	1956	7440	0
9	1960	7470	0
9	1960	7470	0
9	1967	7499.98299211407	1
9	1971	7500	1
9	1971	7500	0
9	1978	7530	0
9	1978	7530	0
9	1980	7535.913668014999	1
9	1987	7560	1
9	1987	7560	1
9	1993	7590	1
9	1993	7590	1
9	2000	7620	1
9	2000	7620	0
9	2001	7628.818288205728	1
9	2006	7650	1
9	2006	7650	1
9	2009	7672.939283803252	2
9	2013	7680	2
9	2013	7680	1
9	2020	7710	1
9	2020	7710	0
9	2027	7740	0
9	2027	7740	0
9	2033	7770	0
9	2033	7770	0
9	2040	7800	0
9	2040	7800	0
9	2048	7830	0
9	2048	7830	0
9	2053	7860	0
9	2053	7860	0
9	2060	7890	0
9	2060	7890	0
9	2068	7920	0
9	2068	7920	0
9	2077	7950	0
9	2077	7950	0
9	2083	7980	0
9	2083	7980	0
9	2084	7997.758076025637	1
9	2089	8010	1
9	2089	8010	0
9	2090	8018.862474586972	1
9	2092	8020	2
9	2096	8036.708773119265	3
9	2100	8040	3
9	2100	8040	1
9	2106	8070	1
9	2106	8070	1
9	2109	8098.157098395235	2
9	2113	8100	2
9	2113	8100	0
9	2120	8130	0
9	2120	8130	0
9	2130	8160	0
9	2130	8160	0
9	2133	8175.099629375696	1
9	2137	8190	1
9	2137	8190	1
9	2146	8220	1
9	2146	8220	0
9	2153	8250	0
9	2153	8250	0
9	2155	8272.625368447524	1
9	2159	8280	1
9	2159	8280	0
9	2166	8310	0
9	2166	8310	0
9	2174	8340	0
9	2174	8340	0
9	2182	8370	0
9	2182	8370	0
9	2187	8400	0
9	2187	8400	0
9	2188	8412.842963497153	1
9	2193	8430	1
9	2193	8430	1
9	2197	8460	1
9	2197	8460	0
9	2199	8470	1
9	2205	8490	1
9	2205	8490	1
9	2209	8520	1
9	2209	8520	0
9	2214	8550	0
9	2214	8550	0
9	2223	8580	0
9	2223	8580	0
9	2229	8610	0
9	2229	8610	0
9	2234	8640	0
9	2234	8640	0
9	2236	8667.467511481221	1
9	2240	8670	1
9	2240	8670	1
9	2247	8700	1
9	2247	8700	0
9	2249	8707.654656092265	1
9	2256	8730	1
9	2256	8730	0
9	2262	8760	0
9	2262	8760	0
9	2268	8790	0
9	2268	8790	0
9	2277	8820	0
9	2277	8820	0
9	2286	8850	0
9	2286	8850	0
9	2291	8880	0
9	2291	8880	0
9	2296	8910	0
9	2296	8910	0
9	2301	8930.675281295176	1
9	2305	8940	1
9	2305	8940	0
9	2306	8950	1
9	2313	8970	1
9	2313	8970	1
9	2314	8980	2
9	2319	9000	2
9	2319	9000	0
9	2326	9030	0
9	2326	9030	0
9	2334	9060	0
9	2334	9060	0
9	2340	9090	0
9	2340	9090	0
9	2349	9120	0
9	2349	9120	0
9	2351	9136.507793094881	1
9	2356	9150	1
9	2356	9150	1
9	2365	9180	1
9	2365	9180	0
9	2371	9203.123073867742	1
9	2377	9210	1
9	2377	9210	0
9	2382	9240	0
9	2382	9240	0
9	2392	9270	0
9	2392	9270	0
9	2393	9279.565497094713	1
9	2399	9298.542578894468	2
9	2403	9300	2
9	2403	9300	1
9	2411	9330	1
9	2411	9330	0
9	2419	9360	0
9	2419	9360	0
9	2426	9390	0
9	2426	9390	0
9	2436	9420	0
9	2436	9420	0
9	2437	9430	1
9	2438	9430	2
9	2440	9431.601511808979	3
9	2442	9439.84382899069	4
9	2447	9450	4
9	2447	9450	2
9	2450	9460	3
9	2452	9468.814644499196	4
9	2456	9480	4
9	2456	9480	1
9	2466	9510	1
9	2466	9510	1
9	2477	9540	1
9	2477	9540	0
9	2488	9570	0
9	2488	9570	0
9	2494	9584.417692116506	1
9	2499	9600	1
9	2499	9600	1
9	2504	9617.073013401882	2
9	2510	9630	2
9	2510	9630	2
9	2518	9660	2
9	2518	9660	0
9	2519	9670	1
9	2524	9690	1
9	2524	9690	1
9	2527	9702.332102865952	2
9	2533	9720	2
9	2533	9720	0
9	2537	9730	1
9	2542	9750	1
9	2542	9750	0
9	2550	9780	0
9	2550	9780	0
9	2552	9790	1
9	2557	9810	1
9	2557	9810	1
9	2566	9840	1
9	2566	9840	0
9	2574	9870	0
9	2574	9870	0
9	2575	9873.286462362013	1
9	2578	9885.365233016798	2
9	2582	9900	2
9	2582	9900	1
9	2588	9930	1
9	2588	9930	0
9	2591	9941.458279260247	1
9	2597	9960	1
9	2597	9960	1
9	2602	9990	1
9	2602	9990	1
9	2609	10020	1
9	2609	10020	0
9	2616	10050	0
9	2616	10050	0
9	2622	10080	0
9	2622	10080	0
9	2627	10110	0
9	2627	10110	0
9	2634	10140	0
9	2634	10140	0
9	2640	10170	0
9	2640	10170	0
9	2646	10200	0
9	2646	10200	0
9	2654	10230	0
9	2654	10230	0
9	2661	10260	0
9	2661	10260	0
9	2667	10290	0
9	2667	10290	0
9	2675	10320	0
9	2675	10320	0
9	2686	10350	0
9	2686	10350	0
9	2692	10380	0
9	2692	10380	0
9	2693	10390	1
9	2696	10403.448054168002	2
9	2697	10407.22505145343	3
9	2701	10410	3
9	2701	10410	2
9	2705	10426.794206562378	3
9	2709	10440	3
9	2709	10440	0
9	2715	10470	0
9	2715	10470	0
9	2721	10500	0
9	2721	10500	0
9	2725	10522.25395658373	1
9	2729	10530	1
9	2729	10530	1
9	2731	10540	2
9	2742	10560	2
9	2742	10560	0
9	2748	10590	0
9	2748	10590	0
9	2753	10620	0
9	2753	10620	0
9	2754	10630	1
9	2763	10650	1
9	2763	10650	1
9	2772	10680	1
9	2772	10680	0
9	2776	10710	0
9	2776	10710	0
9	2782	10740	0
9	2782	10740	0
9	2783	10750	1
9	2792	10770	1
9	2792	10770	1
9	2800	10800	1
9	2800	10800	0
9	2806	10830	0
9	2806	10830	0
9	2811	10860	0
9	2811	10860	0
9	2815	10883.987437496223	1
9	2820	10890	1
9	2820	10890	0
9	2828	10920	0
9	2828	10920	0
9	2834	10950	0
9	2834	10950	0
9	2839	10980	0
9	2839	10980	0
9	2841	10990	1
9	2848	11010	1
9	2848	11010	1
9	2855	11040	1
9	2855	11040	0
9	2861	11070	0
9	2861	11070	0
9	2867	11100	0
9	2867	11100	0
9	2875	11130	0
9	2875	11130	0
9	2877	11140	1
9	2885	11160	1
9	2885	11160	0
9	2886	11181.605737379319	1
9	2890	11190	1
9	2890	11190	1
9	2895	11220	1
9	2895	11220	0
9	2898	11230	1
9	2908	11250	1
9	2908	11250	1
9	2909	11260	2
9	2914	11280	2
9	2914	11280	0
9	2919	11310	0
9	2919	11310	0
9	2926	11340	0
9	2926	11340	0
9	2927	11343.139257083834	1
9	2933	11370	1
9	2933	11370	0
9	2935	11380	1
9	2942	11400	1
9	2942	11400	0
9	2950	11430	0
9	2950	11430	0
9	2956	11460	0
9	2956	11460	0
9	2963	11490	0
9	2963	11490	0
9	2966	11502.394791775787	1
9	2971	11520	1
9	2971	11520	1
9	2979	11550	1
9	2979	11550	1
9	2986	11580	1
9	2986	11580	0
9	2995	11610	0
9	2995	11610	0
9	2996	11614.597603494031	1
9	3004	11640	1
9	3004	11640	0
9	3013	11670	0
9	3013	11670	0
9	3021	11700	0
9	3021	11700	0
9	3026	11730	0
9	3026	11730	0
9	3027	11740	1
9	3034	11760	1
9	3034	11760	0
9	3038	11781.817838603927	1
9	3043	11790	1
9	3043	11790	0
9	3050	11820	0
9	3050	11820	0
9	3056	11850	0
9	3056	11850	0
9	3064	11880	0
9	3064	11880	0
9	3074	11910	0
9	3074	11910	0
9	3080	11940	0
9	3080	11940	0
9	3086	11970	0
9	3086	11970	0
9	3095	12000	0
9	3095	12000	0
9	3103	12030	0
9	3103	12030	0
9	3107	12060	0
9	3107	12060	0
9	3112	12090	0
9	3112	12090	0
9	3120	12120	0
9	3120	12120	0
9	3126	12150	0
9	3126	12150	0
9	3131	12180	0
9	3131	12180	0
9	3137	12210	0
9	3137	12210	0
9	3144	12240	0
9	3144	12240	0
9	3148	12270	0
9	3148	12270	0
9	3155	12300	0
9	3155	12300	0
9	3160	12330	0
9	3160	12330	0
9	3170	12360	0
9	3170	12360	0
9	3176	12390	0
9	3176	12390	0
9	3184	12420	0
9	3184	12420	0
9	3193	12450	0
9	3193	12450	0
9	3194	12452.64681302692	1
9	3200	12480	1
9	3200	12480	1
9	3203	12490	2
9	3208	12510	2
9	3208	12510	1
9	3212	12530.31913247202	2
9	3218	12540	2
9	3218	12540	1
9	3227	12570	1
9	3227	12570	0
9	3235	12600	0
9	3235	12600	0
9	3238	12613.701341892346	1
9	3243	12630	1
9	3243	12630	1
9	3250	12652.214925353113	2
9	3254	12660	2
9	3254	12660	1
9	3265	12690	1
9	3265	12690	0
9	3272	12720	0
9	3272	12720	0
9	3279	12750	0
9	3279	12750	0
9	3292	12780	0
9	3292	12780	0
9	3303	12810	0
9	3303	12810	0
9	3304	12820	1
9	3305	12820	2
9	3314	12840	2
9	3314	12840	0
9	3324	12870	0
9	3324	12870	0
9	3329	12885.125258963757	1
9	3336	12900	1
9	3336	12900	0
9	3343	12930	0
9	3343	12930	0
9	3345	12935.371419332663	1
9	3353	12960	1
9	3353	12960	1
9	3362	12990	1
9	3362	12990	1
9	3370	13020	1
9	3370	13020	0
9	3375	13050	0
9	3375	13050	0
9	3380	13080	0
9	3380	13080	0
9	3384	13098.061277032963	1
9	3389	13110	1
9	3389	13110	1
9	3398	13140	1
9	3398	13140	0
9	3404	13170	0
9	3404	13170	0
9	3412	13200	0
9	3412	13200	0
9	3413	13202.437849939911	1
9	3422	13230	1
9	3422	13230	1
9	3423	13236.874848516771	2
9	3429	13260	2
9	3429	13260	2
9	3437	13290	2
9	3437	13290	0
9	3445	13320	0
9	3445	13320	0
9	3451	13350	0
9	3451	13350	0
9	3458	13380	0
9	3458	13380	0
9	3469	13410	0
9	3469	13410	0
9	3471	13422.930263864771	1
9	3475	13440	1
9	3475	13440	1
9	3482	13470	1
9	3482	13470	1
9	3493	13500	1
9	3493	13500	0
9	3500	13530	0
9	3500	13530	0
9	3508	13560	0
9	3508	13560	0
9	3516	13590	0
9	3516	13590	0
9	3520	13607.006747823324	1
9	3524	13620	1
9	3524	13620	0
9	3532	13650	0
9	3532	13650	0
9	3538	13680	0
9	3538	13680	0
9	3540	13690	1
9	3546	13710	1
9	3546	13710	0
9	3551	13730.156851527673	1
9	3556	13740	1
9	3556	13740	1
9	3557	13750	2
9	3562	13770	2
9	3562	13770	1
9	3570	13800	1
9	3570	13800	0
9	3581	13830	0
9	3581	13830	0
9	3582	13834.669861809111	1
9	3587	13860	1
9	3587	13860	1
9	3597	13890	1
9	3597	13890	0
9	3605	13920	0
9	3605	13920	0
9	3616	13950	0
9	3616	13950	0
9	3622	13980	0
9	3622	13980	0
9	3631	14010	0
9	3631	14010	0
9	3632	14020	1
9	3644	14040	1
9	3644	14040	0
9	3650	14070	0
9	3650	14070	0
9	3658	14100	0
9	3658	14100	0
9	3660	14110	1
9	3668	14130	1
9	3668	14130	1
9	3670	14140	2
9	3673	14149.613246682147	3
9	3677	14160	3
9	3677	14160	1
9	3688	14190	1
9	3688	14190	1
9	3693	14220	1
9	3693	14220	0
9	3700	14250	0
9	3700	14250	0
9	3701	14260	1
9	3709	14280	1
9	3709	14280	0
9	3716	14310	0
9	3716	14310	0
9	3717	14314.105484527942	1
9	3724	14340	1
9	3724	14340	0
9	3728	14370	0
9	3728	14370	0
9	3730	14380	1
9	3737	14400	1
9	3737	14400	0
9	3745	14430	0
9	3745	14430	0
9	3752	14460	0
9	3752	14460	0
9	3757	14490	0
9	3757	14490	0
9	3764	14520	0
9	3764	14520	0
9	3769	14550	0
9	3769	14550	0
9	3774	14580	0
9	3774	14580	0
9	3780	14610	0
9	3780	14610	0
9	3788	14640	0
9	3788	14640	0
9	3794	14670	0
9	3794	14670	0
9	3802	14700	0
9	3802	14700	0
9	3806	14729.819840802564	1
9	3810	14730	1
9	3810	14730	0
9	3816	14760	0
9	3816	14760	0
9	3819	14782.160498509976	1
9	3823	14790	1
9	3823	14790	0
9	3832	14820	0
9	3832	14820	0
9	3838	14850	0
9	3838	14850	0
9	3844	14880	0
9	3844	14880	0
9	3852	14910	0
9	3852	14910	0
9	3853	14917.791838377867	1
9	3859	14940	1
9	3859	14940	1
9	3866	14970	1
9	3866	14970	0
9	3871	15000	0
9	3871	15000	0
9	3880	15030	0
9	3880	15030	0
9	3885	15050.843839752878	1
9	3889	15060	1
9	3889	15060	1
9	3894	15090	1
9	3894	15090	0
9	3895	15107.334996348665	1
9	3900	15120	1
9	3900	15120	1
9	3901	15128.44299996262	2
9	3909	15150	2
9	3909	15150	2
9	3914	15180	2
9	3914	15180	1
9	3921	15210	1
9	3921	15210	0
9	3925	15240	0
9	3925	15240	0
9	3931	15270	0
9	3931	15270	0
9	3939	15300	0
9	3939	15300	0
9	3946	15330	0
9	3946	15330	0
9	3954	15360	0
9	3954	15360	0
9	3961	15390	0
9	3961	15390	0
9	3967	15420	0
9	3967	15420	0
9	3980	15450	0
9	3980	15450	0
9	3985	15478.01782253484	1
9	3989	15480	1
9	3989	15480	0
9	3994	15510	0
9	3994	15510	0
9	4002	15540	0
9	4002	15540	0
9	4004	15550	1
9	4010	15570	1
9	4010	15570	1
9	4017	15600	1
9	4017	15600	0
9	4025	15630	0
9	4025	15630	0
9	4030	15660	0
9	4030	15660	0
9	4035	15690	0
9	4035	15690	0
9	4036	15700	1
9	4042	15720	1
9	4042	15720	0
9	4050	15750	0
9	4050	15750	0
9	4058	15780	0
9	4058	15780	0
9	4062	15810	0
9	4062	15810	0
9	4071	15840	0
9	4071	15840	0
9	4079	15870	0
9	4079	15870	0
9	4083	15900	0
9	4083	15900	0
9	4090	15930	0
9	4090	15930	0
9	4097	15960	0
9	4097	15960	0
9	4101	15990	0
9	4101	15990	0
9	4108	16020	0
9	4108	16020	0
9	4113	16050	0
9	4113	16050	0
9	4118	16080	0
9	4118	16080	0
9	4120	16093.461539303296	1
9	4123	16101.124521631435	2
9	4127	16110	2
9	4127	16110	1
9	4134	16140	1
9	4134	16140	0
9	4140	16170	0
9	4140	16170	0
9	4148	16200	0
9	4148	16200	0
9	4155	16230	0
9	4155	16230	0
9	4161	16253.237173420876	1
9	4165	16260	1
9	4165	16260	0
9	4170	16290	0
9	4170	16290	0
9	4176	16320	0
9	4176	16320	0
9	4182	16350	0
9	4182	16350	0
9	4189	16380	0
9	4189	16380	0
9	4195	16410	0
9	4195	16410	0
9	4197	16420	1
9	4198	16420	2
9	4201	16423.828396247703	3
9	4206	16440	3
9	4206	16440	0
9	4213	16470	0
9	4213	16470	0
9	4218	16500	0
9	4218	16500	0
9	4224	16530	0
9	4224	16530	0
9	4233	16560	0
9	4233	16560	0
9	4239	16590	0
9	4239	16590	0
9	4245	16620	0
9	4245	16620	0
9	4251	16650	0
9	4251	16650	0
9	4257	16680	0
9	4257	16680	0
9	4264	16710	0
9	4264	16710	0
9	4265	16728.526642367865	1
9	4269	16740	1
9	4269	16740	0
9	4273	16770	0
9	4273	16770	0
9	4279	16800	0
9	4279	16800	0
9	4283	16830	0
9	4283	16830	0
9	4289	16860	0
9	4289	16860	0
9	4294	16890	0
9	4294	16890	0
9	4301	16920	0
9	4301	16920	0
9	4307	16950	0
9	4307	16950	0
9	4314	16980	0
9	4314	16980	0
9	4319	17010	0
9	4319	17010	0
9	4326	17040	0
9	4326	17040	0
9	4333	17070	0
9	4333	17070	0
9	4340	17100	0
9	4340	17100	0
9	4345	17130	0
9	4345	17130	0
9	4347	17140	1
9	4352	17160	1
9	4352	17160	0
9	4353	17160.31047897094	1
9	4359	17177.185419408293	2
9	4363	17190	2
9	4363	17190	2
9	4369	17220	2
9	4369	17220	1
9	4375	17250	1
9	4375	17250	0
9	4385	17280	0
9	4385	17280	0
9	4393	17310	0
9	4393	17310	0
9	4396	17327.199629300901	1
9	4401	17340	1
9	4401	17340	1
9	4403	17350	2
9	4407	17368.530478578912	3
9	4411	17370	3
9	4411	17370	1
9	4419	17400	1
9	4419	17400	0
9	4421	17418.851497588711	1
9	4425	17430	1
9	4425	17430	1
9	4434	17460	1
9	4434	17460	0
9	4443	17490	0
9	4443	17490	0
9	4451	17520	0
9	4451	17520	0
9	4453	17533.765984288783	1
9	4460	17550	1
9	4460	17550	1
9	4468	17580	1
9	4468	17580	0
9	4470	17590	1
9	4475	17610	1
9	4475	17610	1
9	4478	17633.90278057543	2
9	4483	17640	2
9	4483	17640	1
9	4485	17654.178408774593	2
9	4491	17670	2
9	4491	17670	2
9	4496	17696.316009310627	3
9	4500	17700	3
9	4500	17700	1
9	4505	17730	1
9	4505	17730	0
9	4512	17760	0
9	4512	17760	0
9	4519	17790	0
9	4519	17790	0
9	4528	17820	0
9	4528	17820	0
9	4536	17850	0
9	4536	17850	0
9	4542	17880	0
9	4542	17880	0
9	4549	17910	0
9	4549	17910	0
9	4557	17940	0
9	4557	17940	0
9	4565	17970	0
9	4565	17970	0
9	4569	18000	0
9	4569	18000	0
9	4575	18030	0
9	4575	18030	0
9	4584	18060	0
9	4584	18060	0
9	4585	18070	1
9	4589	18090	1
9	4589	18090	1
9	4595	18120	1
9	4595	18120	0
9	4603	18150	0
9	4603	18150	0
9	4607	18180	0
9	4607	18180	0
9	4614	18210	0
9	4614	18210	0
9	4623	18240	0
9	4623	18240	0
9	4628	18270	0
9	4628	18270	0
9	4633	18300	0
9	4633	18300	0
9	4638	18330	0
9	4638	18330	0
9	4639	18340	1
9	4646	18360	1
9	4646	18360	0
9	4655	18390	0
9	4655	18390	0
9	4660	18420	0
9	4660	18420	0
9	4664	18450	0
9	4664	18450	0
9	4672	18477.242434655043	1
9	4677	18480	1
9	4677	18480	0
9	4685	18510	0
9	4685	18510	0
9	4692	18540	0
9	4692	18540	0
9	4696	18570	0
9	4696	18570	0
9	4710	18600	0
9	4710	18600	0
9	4717	18630	0
9	4717	18630	0
9	4722	18660	0
9	4722	18660	0
9	4730	18690	0
9	4730	18690	0
9	4737	18720	0
9	4737	18720	0
9	4740	18730	1
9	4741	18730	2
9	4746	18750	2
9	4746	18750	0
9	4754	18780	0
9	4754	18780	0
9	4756	18790	1
9	4763	18810	1
9	4763	18810	1
9	4772	18840	1
9	4772	18840	0
9	4781	18870	0
9	4781	18870	0
9	4782	18872.670567383913	1
9	4788	18900	1
9	4788	18900	0
9	4795	18930	0
9	4795	18930	0
9	4803	18960	0
9	4803	18960	0
9	4810	18990	0
9	4810	18990	0
9	4818	19020	0
9	4818	19020	0
9	4823	19050	0
9	4823	19050	0
9	4825	19060	1
9	4831	19080	1
9	4831	19080	0
9	4839	19110	0
9	4839	19110	0
9	4848	19140	0
9	4848	19140	0
9	4857	19170	0
9	4857	19170	0
9	4863	19200	0
9	4863	19200	0
9	4864	19208.188517879537	1
9	4871	19229.581317259164	2
9	4875	19230	2
9	4875	19230	2
9	4878	19259.100505588345	3
9	4882	19260	3
9	4882	19260	0
9	4887	19290	0
9	4887	19290	0
9	4896	19320	0
9	4896	19320	0
9	4903	19350	0
9	4903	19350	0
9	4912	19380	0
9	4912	19380	0
9	4921	19410	0
9	4921	19410	0
9	4924	19427.154808732043	1
9	4929	19440	1
9	4929	19440	1
9	4934	19470	1
9	4934	19470	1
9	4944	19500	1
9	4944	19500	0
9	4954	19530	0
9	4954	19530	0
9	4960	19560	0
9	4960	19560	0
9	4973	19590	0
9	4973	19590	0
9	4976	19609.464753193684	1
9	4980	19619.188052824997	2
9	4984	19620	2
9	4984	19620	2
9	4989	19650	2
9	4989	19650	0
9	4998	19680	0
9	4998	19680	0
9	5002	19690	1
9	5007	19710	1
9	5007	19710	0
9	5016	19740	0
9	5016	19740	0
9	5020	19761.213641582892	1
9	5026	19770	1
9	5026	19770	0
9	5035	19800	0
9	5035	19800	0
9	5044	19830	0
9	5044	19830	0
9	5050	19845.66584572766	1
9	5054	19860	1
9	5054	19860	0
9	5060	19870.050109853337	1
9	5067	19890	1
9	5067	19890	0
9	5069	19901.441399964679	1
9	5076	19920	1
9	5076	19920	0
9	5085	19950	0
9	5085	19950	0
9	5092	19980	0
9	5092	19980	0
10	265	1020	69.016029885276
10	307	1170	25.551553756017
10	316	1200	20
10	330	1260	46.699664870757
10	333	1286.450422951568	0
10	337	1290	15.543200412596
10	352	1350	20
10	352	1350	20
10	437	1650	81.349739411339
10	446	1680	45.562397828601
10	446	1680	20
10	466	1770	39.594397591881
10	483	1830	20
10	493	1860	8.904745969614
10	497	1871.935015014393	0
10	510	1930	0
10	527	1980	46.771916767474
10	527	1980	20.326091353988
10	527	1980	3.723990351533
10	603	2280	20
10	610	2310	20
10	625	2370	79.435440488608
10	663	2530	0
10	706	2700	3.343205739114
10	721	2760	20
10	721	2760	20
10	723	2770	0
10	740	2820	74.519474209088
10	747	2850	2.628614994819
10	775	2940	69.802962957394
10	775	2940	32.989304582414
10	780	2960.692672862273	0
10	799	3040	0
10	800	3040	0
10	815	3090	70.410428728623
10	859	3244.256883062218	0
10	861	3250	0
10	869	3270	20
10	878	3300	55.47368182084
10	894	3360	50
10	896	3370	0
10	906	3390	20
10	933	3480	20
10	933	3480	6.209881923922
10	957	3570	25.761000930617
10	965	3600	20
10	1044	3933.573558688759	0
10	1050	3960	50
10	1061	4000	0
10	1066	4020	55.77514879479
10	1072	4050	14.507712958591
10	1099	4140	44.021369349686
10	1114	4200	20
10	1175	4450	0
10	1176	4450	0
10	1177	4450	0
10	1195	4535.036330940628	0
10	1205	4560	50
10	1222	4650	4.765679150523
10	1232	4690	0
10	1244	4740	73.100706336515
10	1261	4800	20
10	1263	4810	0
10	1311	4980	37.361087663778
10	1347	5108.246918493406	0
10	1362	5170	0
10	1364	5170	0
10	1365	5170	0
10	1381	5220	84.635288636934
10	1381	5220	59.934042048554
10	1384	5237.308499455033	0
10	1425	5400	20
10	1425	5400	2.446623368532
10	1427	5410	0
10	1442	5481.951944201244	0
10	1524	5890	0
10	1539	5940	22.561421136742
10	1571	6060	12.443751624246
10	1599	6180	53.640869095101
10	1613	6240	50
10	1650	6360	36.700156346054
10	1673	6450	18.632031539724
10	1679	6459.85651975328	0
10	1686	6480	50
10	1711	6570	50.434898247105
10	1711	6570	18.643277186241
10	1720	6600	20
10	1720	6600	2.98463431906
10	1722	6610	0
10	1736	6660	36.063041848502
10	1775	6780	12.433705339971
10	1789	6850	0
10	1813	6930	55.09368696717
10	1813	6930	35.710720022502
10	1818	6959.745185082642	0
10	1822	6960	50
10	1838	7020	64.170986443232
10	1872	7140	32.96508583808
10	1882	7170	81.144023180592
10	1888	7200	50
10	1888	7200	20
10	1894	7240	0
10	1919	7320	29.116679938878
10	1919	7320	20
10	1921	7330	0
10	1933	7380	1.204022341453
10	1971	7500	0.01700788593
10	2000	7620	84.086331985001
10	2013	7680	7.060716196748
10	2014	7690	0
10	2020	7710	81.181711794272
10	2089	8010	12.241923974363
10	2091	8019.197027330592	0
10	2100	8040	21.137525413028
10	2100	8040	20
10	2113	8100	63.291226880735
10	2113	8100	1.842901604765
10	2138	8200	0
10	2146	8220	44.900370624304
10	2149	8244.047501364925	0
10	2159	8280	7.374631552476
10	2197	8460	47.157036502847
10	2209	8520	50
10	2241	8680	0
10	2247	8700	32.532488518779
10	2256	8730	22.345343907735
10	2305	8940	9.324718704824
10	2319	9000	50
10	2319	9000	20
10	2350	9130	0
10	2359	9165.760507626619	0
10	2365	9180	43.492206905119
10	2377	9210	6.876926132258
10	2394	9280	0
10	2403	9300	20.434502905287
10	2411	9330	31.457421105532
10	2447	9450	18.398488191021
10	2447	9450	10.15617100931
10	2456	9480	50
10	2456	9480	50
10	2456	9480	20
10	2459	9490	0
10	2477	9540	71.185355500804
10	2502	9610	0
10	2518	9660	75.582307883494
10	2518	9660	42.926986598118
10	2533	9720	50
10	2533	9720	17.667897134048
10	2534	9723.510331368743	0
10	2542	9750	20
10	2566	9840	50
10	2568	9850	0
10	2569	9850	0
10	2582	9900	14.634766983202
10	2588	9930	56.713537637987
10	2609	10020	78.541720739753
10	2701	10410	2.77494854657
10	2709	10440	50
10	2709	10440	36.551945831998
10	2709	10440	13.205793437622
10	2742	10560	37.74604341627
10	2742	10560	20
10	2772	10680	50
10	2800	10800	50
10	2807	10852.160199397861	0
10	2820	10890	6.012562503777
10	2855	11040	50
10	2856	11050	0
10	2885	11160	20
10	2895	11220	38.394262620681
10	2897	11228.073047138	0
10	2914	11280	50
10	2914	11280	20
10	2928	11344.890022099448	0
10	2933	11370	26.860742916166
10	2942	11400	20
10	2973	11530	0
10	2986	11580	77.605208224213
10	3004	11640	25.402396505969
10	3006	11650	0
10	3034	11760	20
10	3043	11790	8.182161396073
10	3116	12112.766073258078	0
10	3121	12130	0
10	3187	12432.094410905494	0
10	3188	12435.092649423858	0
10	3208	12510	20
10	3218	12540	87.35318697308
10	3227	12570	39.68086752798
10	3254	12660	46.298658107654
10	3261	12679.594937791381	0
10	3265	12690	37.785074646887
10	3299	12805.832633910083	0
10	3314	12840	20
10	3314	12840	20
10	3336	12900	14.874741036243
10	3370	13020	84.628580667337
10	3398	13140	41.938722967037
10	3400	13164.174536252176	0
10	3414	13210	0
10	3415	13210	0
10	3433	13289.96535749659	0
10	3437	13290	87.562150060089
10	3437	13290	53.125151483229
10	3464	13395.219309214576	0
10	3493	13500	77.069736135229
10	3503	13544.911606684575	0
10	3524	13620	12.993252176676
10	3546	13710	20
10	3562	13770	39.843148472327
10	3570	13800	50
10	3597	13890	55.330138190889
10	3627	14008.843705288642	0
10	3644	14040	20
10	3652	14080	0
10	3677	14160	50
10	3677	14160	20
10	3693	14220	70.386753317853
10	3709	14280	20
10	3711	14290	0
10	3724	14340	25.894515472058
10	3737	14400	20
10	3795	14680	0
10	3810	14730	0.180159197436
10	3823	14790	7.839501490024
10	3866	14970	52.208161622133
10	3894	15090	39.156160247122
10	3914	15180	72.665003651335
10	3917	15207.94525481945	0
10	3921	15210	81.55700003738
10	3989	15480	1.98217746516
10	4017	15600	50
10	4042	15720	20
10	4044	15730	0
10	4072	15850	0
10	4103	16000	0
10	4127	16110	8.875478368565
10	4134	16140	46.538460696704
10	4165	16260	6.762826579124
10	4183	16360	0
10	4184	16360	0
10	4206	16440	20
10	4206	16440	20
10	4206	16440	16.171603752297
10	4234	16570	0
10	4235	16570	0
10	4269	16740	11.473357632135
10	4352	17160	20
10	4364	17200	0
10	4365	17200	0
10	4369	17220	42.814580591707
10	4375	17250	89.68952102906
10	4377	17261.443680015635	0
10	4386	17290	0
10	4411	17370	42.800370699099
10	4411	17370	1.469521421088
10	4419	17400	50
10	4434	17460	41.148502411289
10	4452	17530	0
10	4468	17580	46.234015711217
10	4483	17640	50
10	4500	17700	66.09721942457
10	4500	17700	3.683990689373
10	4505	17730	75.821591225407
10	4513	17770	0
10	4558	17943.661391415285	0
10	4570	18001.239298794258	0
10	4595	18120	50
10	4646	18360	20
10	4647	18370	0
10	4677	18480	2.757565344957
10	4679	18490	0
10	4738	18730	0
10	4746	18750	20
10	4746	18750	20
10	4747	18760	0
10	4772	18840	50
10	4788	18900	27.329432616087
10	4789	18917.829626048758	0
10	4804	18962.267725676334	0
10	4811	19000	0
10	4824	19056.464294204038	0
10	4831	19080	20
10	4843	19120	0
10	4859	19199.154928063698	0
10	4882	19260	51.811482120463
10	4882	19260	30.418682740836
10	4882	19260	0.899494411655
10	4944	19500	72.845191267957
10	4962	19570	0
10	4989	19650	40.535246806316
10	4989	19650	30.811947175003
10	4991	19663.786357831398	0
10	5000	19690	0
10	5007	19710	20
10	5026	19770	8.786358417108
10	5046	19836.328340365081	0
10	5054	19860	14.33415427234
10	5067	19890	19.949890146663
10	5076	19920	18.558600035321
10	5078	19930	0
11	265	1020	2476
11	307	1170	2481
11	316	1200	2477
11	330	1260	2483
11	333	1286.450422951568	2486
11	337	1290	2485
11	352	1350	2480
11	352	1350	2482
11	437	1650	2495
11	446	1680	2494
11	446	1680	2493
11	466	1770	2500
11	483	1830	2498
11	493	1860	2503
11	497	1871.935015014393	2506
11	510	1930	2499
11	527	1980	2508
11	527	1980	2509
11	527	1980	2510
11	603	2280	2511
11	610	2310	2513
11	625	2370	2518
11	663	2530	2516
11	706	2700	2526
11	721	2760	2524
11	721	2760	2525
11	723	2770	2522
11	740	2820	2529
11	747	2850	2531
11	775	2940	2532
11	775	2940	2535
11	780	2960.692672862273	2539
11	799	3040	2534
11	800	3040	2536
11	815	3090	2540
11	859	3244.256883062218	2543
11	861	3250	2538
11	869	3270	2542
11	878	3300	2548
11	894	3360	2546
11	896	3370	2541
11	906	3390	2545
11	933	3480	2549
11	933	3480	2553
11	957	3570	2558
11	965	3600	2557
11	1044	3933.573558688759	2568
11	1050	3960	2564
11	1061	4000	2566
11	1066	4020	2569
11	1072	4050	2570
11	1099	4140	2574
11	1114	4200	2571
11	1175	4450	2577
11	1176	4450	2575
11	1177	4450	2576
11	1195	4535.036330940628	2586
11	1205	4560	2581
11	1222	4650	2587
11	1232	4690	2582
11	1244	4740	2589
11	1261	4800	2588
11	1263	4810	2584
11	1311	4980	2598
11	1347	5108.246918493406	2604
11	1362	5170	2596
11	1364	5170	2595
11	1365	5170	2597
11	1381	5220	2605
11	1381	5220	2606
11	1384	5237.308499455033	2610
11	1425	5400	2608
11	1425	5400	2612
11	1427	5410	2607
11	1442	5481.951944201244	2614
11	1524	5890	2615
11	1539	5940	2621
11	1571	6060	2627
11	1599	6180	2629
11	1613	6240	2626
11	1650	6360	2633
11	1673	6450	2638
11	1679	6459.85651975328	2643
11	1686	6480	2634
11	1711	6570	2645
11	1711	6570	2648
11	1720	6600	2637
11	1720	6600	2644
11	1722	6610	2635
11	1736	6660	2650
11	1775	6780	2654
11	1789	6850	2651
11	1813	6930	2656
11	1813	6930	2657
11	1818	6959.745185082642	2659
11	1822	6960	2655
11	1838	7020	2658
11	1872	7140	2667
11	1882	7170	2666
11	1888	7200	2660
11	1888	7200	2664
11	1894	7240	2665
11	1919	7320	2669
11	1919	7320	2668
11	1921	7330	2661
11	1933	7380	2673
11	1971	7500	2678
11	2000	7620	2681
11	2013	7680	2682
11	2014	7690	2671
11	2020	7710	2679
11	2089	8010	2688
11	2091	8019.197027330592	2689
11	2100	8040	2686
11	2100	8040	2684
11	2113	8100	2693
11	2113	8100	2694
11	2138	8200	2690
11	2146	8220	2697
11	2149	8244.047501364925	2698
11	2159	8280	2696
11	2197	8460	2701
11	2209	8520	2699
11	2241	8680	2702
11	2247	8700	2704
11	2256	8730	2706
11	2305	8940	2713
11	2319	9000	2707
11	2319	9000	2708
11	2350	9130	2711
11	2359	9165.760507626619	2715
11	2365	9180	2717
11	2377	9210	2719
11	2394	9280	2716
11	2403	9300	2724
11	2411	9330	2727
11	2447	9450	2731
11	2447	9450	2733
11	2456	9480	2722
11	2456	9480	2728
11	2456	9480	2726
11	2459	9490	2721
11	2477	9540	2734
11	2502	9610	2730
11	2518	9660	2739
11	2518	9660	2742
11	2533	9720	2737
11	2533	9720	2740
11	2534	9723.510331368743	2743
11	2542	9750	2736
11	2566	9840	2741
11	2568	9850	2738
11	2569	9850	2744
11	2582	9900	2749
11	2588	9930	2748
11	2609	10020	2750
11	2701	10410	2760
11	2709	10440	2755
11	2709	10440	2756
11	2709	10440	2757
11	2742	10560	2762
11	2742	10560	2759
11	2772	10680	2765
11	2800	10800	2768
11	2807	10852.160199397861	2770
11	2820	10890	2775
11	2855	11040	2773
11	2856	11050	2772
11	2885	11160	2777
11	2895	11220	2780
11	2897	11228.073047138	2782
11	2914	11280	2778
11	2914	11280	2779
11	2928	11344.890022099448	2787
11	2933	11370	2786
11	2942	11400	2783
11	2973	11530	2781
11	2986	11580	2791
11	3004	11640	2792
11	3006	11650	2788
11	3034	11760	2793
11	3043	11790	2797
11	3116	12112.766073258078	2807
11	3121	12130	2801
11	3187	12432.094410905494	2811
11	3188	12435.092649423858	2812
11	3208	12510	2809
11	3218	12540	2814
11	3227	12570	2820
11	3254	12660	2822
11	3261	12679.594937791381	2828
11	3265	12690	2825
11	3299	12805.832633910083	2830
11	3314	12840	2823
11	3314	12840	2827
11	3336	12900	2833
11	3370	13020	2836
11	3398	13140	2840
11	3400	13164.174536252176	2841
11	3414	13210	2835
11	3415	13210	2838
11	3433	13289.96535749659	2846
11	3437	13290	2842
11	3437	13290	2844
11	3464	13395.219309214576	2847
11	3493	13500	2849
11	3503	13544.911606684575	2853
11	3524	13620	2857
11	3546	13710	2852
11	3562	13770	2861
11	3570	13800	2856
11	3597	13890	2864
11	3627	14008.843705288642	2870
11	3644	14040	2865
11	3652	14080	2868
11	3677	14160	2869
11	3677	14160	2871
11	3693	14220	2878
11	3709	14280	2877
11	3711	14290	2874
11	3724	14340	2882
11	3737	14400	2880
11	3795	14680	2884
11	3810	14730	2890
11	3823	14790	2887
11	3866	14970	2895
11	3894	15090	2897
11	3914	15180	2898
11	3917	15207.94525481945	2901
11	3921	15210	2899
11	3989	15480	2904
11	4017	15600	2906
11	4042	15720	2911
11	4044	15730	2910
11	4072	15850	2912
11	4103	16000	2916
11	4127	16110	2918
11	4134	16140	2920
11	4165	16260	2926
11	4183	16360	2921
11	4184	16360	2922
11	4206	16440	2923
11	4206	16440	2928
11	4206	16440	2929
11	4234	16570	2924
11	4235	16570	2925
11	4269	16740	2934
11	4352	17160	2938
11	4364	17200	2939
11	4365	17200	2941
11	4369	17220	2944
11	4375	17250	2942
11	4377	17261.443680015635	2946
11	4386	17290	2936
11	4411	17370	2949
11	4411	17370	2950
11	4419	17400	2945
11	4434	17460	2951
11	4452	17530	2948
11	4468	17580	2955
11	4483	17640	2952
11	4500	17700	2959
11	4500	17700	2962
11	4505	17730	2960
11	4513	17770	2956
11	4558	17943.661391415285	2966
11	4570	18001.239298794258	2965
11	4595	18120	2967
11	4646	18360	2973
11	4647	18370	2969
11	4677	18480	2975
11	4679	18490	2970
11	4738	18730	2978
11	4746	18750	2979
11	4746	18750	2980
11	4747	18760	2982
11	4772	18840	2986
11	4788	18900	2991
11	4789	18917.829626048758	2994
11	4804	18962.267725676334	2990
11	4811	19000	2993
11	4824	19056.464294204038	2996
11	4831	19080	2992
11	4843	19120	2995
11	4859	19199.154928063698	2998
11	4882	19260	2999
11	4882	19260	3002
11	4882	19260	3003
11	4944	19500	3008
11	4962	19570	3004
11	4989	19650	3016
11	4989	19650	3017
11	4991	19663.786357831398	3018
11	5000	19690	3010
11	5007	19710	3011
11	5026	19770	3020
11	5046	19836.328340365081	3019
11	5054	19860	3023
11	5067	19890	3024
11	5076	19920	3022
11	5078	19930	3015
12	346	1330	316.03829365165
12	390	1480	366.69966487076
12	477	1810	435.31602846685
12	542	2055.561796862462	300
12	547	2080	328.90474596961
12	666	2540	418.33604068867
12	722	2770	426.73278978875
12	769	2920	323.34320573911
12	1000	3740	423.98208134535
12	1152	4360	364.02136934969
12	1363	5170	322.32414606602
12	1398	5290	306.30001788539
12	1401	5300	505.35840614709
12	1426	5410	406.45828529291
12	1433	5440	379.93404204855
12	1621	6280	332.44375162425
12	1631	6314.294380624562	200
12	1651	6380	475.99992421613
12	1690	6500	518.35817963877
12	1738	6670	218.69902898421
12	1825	6980	500.54167961027
12	1826	6980	428.17401124207
12	1875	7150	211.18967659087
12	1994	7600	321.20402234145
12	2041	7810	375.41390428798
12	2070	7930	364.87660315365
12	2160	8290	357.19649765255
12	2292	8898.62106795762	300
12	2307	8950	217.74460984798
12	2321	9020	467.14615527798
12	2427	9400	363.49220690512
12	2432	9410	306.87692613226
12	2469	9520	340.43450290529
12	2514	9650	310.15617100931
12	2576	9880	362.92698659812
12	2680	10330	304.27588486788
12	2724	10521.980536766461	200
12	2743	10570	337.97039370571
12	2744	10580	501.06611338334
12	2829	10930	399.4223303413
12	2830	10930	380.20680891915
12	2863	11090	306.01256250378
12	2982	11570	326.86074291617
12	2989	11590	286.94073492133
12	3035	11770	392.05379100243
12	3067	11890	366.44674497374
12	3098	12020	457.43739971151
12	3122	12130	336.06046073447
12	3316	12850	358.08806800872
12	3326	12880	366.29865810765
12	3354	12970	405.29066421064
12	3357	12980	429.06227097344
12	3366	13005.832633910083	300
12	3417	13220	483.59236230212
12	3418	13220	429.28780701732
12	3487	13490	387.56215006009
12	3488	13490	353.12515148323
12	3518	13600	304.78069078542
12	3573	13810	327.7595146998
12	3576	13820	477.08206088577
12	3618	13970	339.84314847233
12	3678	14170	343.10749270276
12	3684	14188.468972472845	400
12	3746	14440	390.38675331785
12	3847	14900	488.82441076827
12	3848	14900	457.26366710331
12	3873	15010	353.64802995885
12	3902	15130	437.74179801195
12	3935	15290	339.15616024712
12	3990	15500	464.90966051712
12	4075	15860	482.51148192869
12	4430	17450	389.68952102906
12	4464	17570	342.8003706991
12	4531	17840.236377146572	200
12	4712	18620	412.58040322048
12	4898	19330	320.80847366014
12	4999	19690	387.49574992718
13	346	1330	16.038293651651
13	390	1480	66.699664870757
13	477	1810	135.31602846685
13	542	2055.561796862462	0
13	547	2080	28.904745969614
13	666	2540	18.336040688666
13	722	2770	126.73278978875
13	769	2920	23.343205739114
13	1000	3740	23.982081345352
13	1152	4360	64.021369349686
13	1363	5170	22.324146066022
13	1398	5290	6.30001788539
13	1401	5300	105.35840614709
13	1426	5410	106.45828529291
13	1433	5440	79.934042048554
13	1621	6280	32.443751624246
13	1631	6314.294380624562	0
13	1651	6380	75.999924216125
13	1690	6500	118.35817963877
13	1738	6670	18.69902898421
13	1825	6980	100.54167961027
13	1826	6980	28.174011242073
13	1875	7150	11.189676590866
13	1994	7600	21.204022341453
13	2041	7810	75.413904287981
13	2070	7930	64.876603153648
13	2160	8290	57.196497652549
13	2292	8898.62106795762	0
13	2307	8950	17.744609847981
13	2321	9020	67.146155277983
13	2427	9400	63.492206905119
13	2432	9410	6.876926132258
13	2469	9520	40.434502905287
13	2514	9650	10.15617100931
13	2576	9880	62.926986598118
13	2680	10330	4.275884867881
13	2724	10521.980536766461	0
13	2743	10570	37.970393705706
13	2744	10580	101.06611338334
13	2829	10930	99.422330341305
13	2830	10930	80.206808919147
13	2863	11090	6.012562503777
13	2982	11570	26.860742916166
13	2989	11590	86.940734921328
13	3035	11770	92.053791002434
13	3067	11890	66.446744973739
13	3098	12020	57.437399711514
13	3122	12130	36.060460734472
13	3316	12850	58.088068008718
13	3326	12880	66.298658107654
13	3354	12970	105.29066421064
13	3357	12980	29.062270973444
13	3366	13005.832633910083	0
13	3417	13220	83.592362302116
13	3418	13220	29.287807017317
13	3487	13490	87.562150060089
13	3488	13490	53.125151483229
13	3518	13600	4.780690785424
13	3573	13810	27.759514699801
13	3576	13820	77.082060885769
13	3618	13970	39.843148472327
13	3678	14170	43.107492702757
13	3684	14188.468972472845	0
13	3746	14440	90.386753317853
13	3847	14900	88.824410768272
13	3848	14900	57.263667103312
13	3873	15010	53.648029958846
13	3902	15130	137.74179801195
13	3935	15290	39.156160247122
13	3990	15500	64.909660517124
13	4075	15860	82.511481928695
13	4430	17450	89.68952102906
13	4464	17570	42.800370699099
13	4531	17840.236377146572	0
13	4712	18620	12.580403220481
13	4898	19330	20.808473660138
13	4999	19690	87.495749927181
14	346	1330	2
14	390	1480	2
14	477	1810	2
14	542	2055.561796862462	2
14	547	2080	2
14	666	2540	3
14	722	2770	2
14	769	2920	2
14	1000	3740	3
14	1152	4360	2
14	1363	5170	2
14	1398	5290	2
14	1401	5300	3
14	1426	5410	2
14	1433	5440	2
14	1621	6280	2
14	1631	6314.294380624562	1
14	1651	6380	3
14	1690	6500	3
14	1738	6670	1
14	1825	6980	3
14	1826	6980	3
14	1875	7150	1
14	1994	7600	2
14	2041	7810	2
14	2070	7930	2
14	2160	8290	2
14	2292	8898.62106795762	2
14	2307	8950	1
14	2321	9020	3
14	2427	9400	2
14	2432	9410	2
14	2469	9520	2
14	2514	9650	2
14	2576	9880	2
14	2680	10330	2
14	2724	10521.980536766461	1
14	2743	10570	2
14	2744	10580	3
14	2829	10930	2
14	2830	10930	2
14	2863	11090	2
14	2982	11570	2
14	2989	11590	1
14	3035	11770	2
14	3067	11890	2
14	3098	12020	3
14	3122	12130	2
14	3316	12850	2
14	3326	12880	2
14	3354	12970	2
14	3357	12980	3
14	3366	13005.832633910083	2
14	3417	13220	3
14	3418	13220	3
14	3487	13490	2
14	3488	13490	2
14	3518	13600	2
14	3573	13810	2
14	3576	13820	3
14	3618	13970	2
14	3678	14170	2
14	3684	14188.468972472845	3
14	3746	14440	2
14	3847	14900	3
14	3848	14900	3
14	3873	15010	2
14	3902	15130	2
14	3935	15290	2
14	3990	15500	3
14	4075	15860	3
14	4430	17450	2
14	4464	17570	2
14	4531	17840.236377146572	1
14	4712	18620	3
14	4898	19330	2
14	4999	19690	2
15	259	1000	317.71434319758
15	302	1160	382.86307663226
15	391	1490	445.55155375602
15	422	1606.375972805961	300
15	432	1640	310.02379653717
15	499	1880	354.17048332056
15	613	2330	496.77191676747
15	614	2330	470.32609135399
15	651	2480	304.85770262244
15	771	2928.247508216771	300
15	797	3040	359.27821267115
15	836	3160	387.78929835316
15	837	3160	343.39272247817
15	974	3640	352.26786658035
15	975	3640	343.81729067762
15	1033	3880	319.72105476446
15	1059	4000	376.47570386453
15	1093	4120	402.00061294707
15	1153	4360	388.24997574245
15	1154	4360	392.29690059122
15	1156	4370	505.77514879479
15	1305	4970	424.76567915052
15	1340	5090	523.10070633652
15	1367	5179.544735955544	200
15	1460	5570	534.63528863693
15	1525	5890	266.27671565159
15	1623	6280	363.88151078965
15	1659	6400	370.35769607951
15	1688	6494.663839287225	200
15	1765	6760	407.02428578109
15	1766	6760	403.55256053628
15	1866	7130	462.43370533997
15	2002	7640	322.77296984239
15	2021	7720	390.06229031148
15	2029	7760	360.52265692324
15	2078	7970	534.086331985
15	2147	8230	355.28561720062
15	2161	8290	224.38199271999
15	2170	8330	432.24192397436
15	2218	8568.884580876319	300
15	2219	8570	494.9003706243
15	2328	9040	328.55956668128
15	2368	9190	323.05847414611
15	2398	9290	459.32471870482
15	2483	9560	378.4706492959
15	2577	9880	339.15809696024
15	2657	10250	476.71353763799
15	2778	10730	422.77494854657
15	2857	11050	267.26419011955
15	3068	11890	272.014542938
15	3156	12310	382.29200091892
15	3179	12400	406.32500106702
15	3256	12670	328.58140188761
15	3283	12760	373.08319527794
15	3286	12770	437.90558909451
15	3331	12890	459.68086752798
15	3358	12984.151641093777	200
15	3431	13280	338.03525877725
15	3526	13640	337.43163875717
15	3718	14320	381.25221169728
15	3720	14330	421.15629471136
15	3910	15160	396.23581755806
15	3975	15441.949485297298	300
15	3997	15530	422.05474518055
15	4006	15569.815440342293	300
15	4085	15920	316.36150596609
15	4214	16490	496.5384606967
15	4219	16510	338.15101014004
15	4241	16610	456.76282657912
15	4336	17080	392.84204936223
15	4543	17890	234.48360127116
15	4579	18050	516.09721942457
15	4725	18676.82345029225	300
15	4791	18920	346.01355927246
15	4877	19250	432.17037395124
15	4979	19610	450.89949441165
16	259	1000	17.714343197585
16	302	1160	82.863076632262
16	391	1490	45.551553756017
16	422	1606.375972805961	0
16	432	1640	10.023796537175
16	499	1880	54.170483320558
16	613	2330	96.771916767474
16	614	2330	70.326091353988
16	651	2480	4.85770262244
16	771	2928.247508216771	0
16	797	3040	59.278212671149
16	836	3160	87.789298353158
16	837	3160	43.392722478172
16	974	3640	52.26786658035
16	975	3640	43.817290677618
16	1033	3880	19.721054764463
16	1059	4000	76.475703864535
16	1093	4120	102.00061294707
16	1153	4360	88.249975742451
16	1154	4360	92.296900591222
16	1156	4370	105.77514879479
16	1305	4970	24.765679150523
16	1340	5090	123.10070633652
16	1367	5179.544735955544	0
16	1460	5570	134.63528863693
16	1525	5890	66.276715651595
16	1623	6280	63.88151078965
16	1659	6400	70.357696079508
16	1688	6494.663839287225	0
16	1765	6760	107.02428578109
16	1766	6760	103.55256053628
16	1866	7130	62.433705339971
16	2002	7640	22.772969842392
16	2021	7720	90.062290311479
16	2029	7760	60.522656923244
16	2078	7970	134.086331985
16	2147	8230	55.285617200625
16	2161	8290	24.381992719986
16	2170	8330	32.241923974363
16	2218	8568.884580876319	0
16	2219	8570	94.900370624304
16	2328	9040	28.55956668128
16	2368	9190	23.05847414611
16	2398	9290	59.324718704824
16	2483	9560	78.4706492959
16	2577	9880	39.158096960235
16	2657	10250	76.713537637987
16	2778	10730	22.77494854657
16	2857	11050	67.264190119553
16	3068	11890	72.014542938003
16	3156	12310	82.292000918923
16	3179	12400	106.32500106702
16	3256	12670	28.581401887608
16	3283	12760	73.083195277939
16	3286	12770	37.905589094506
16	3331	12890	59.68086752798
16	3358	12984.151641093777	0
16	3431	13280	38.035258777248
16	3526	13640	37.431638757172
16	3718	14320	81.252211697278
16	3720	14330	21.156294711358
16	3910	15160	96.235817558056
16	3975	15441.949485297298	0
16	3997	15530	22.05474518055
16	4006	15569.815440342293	0
16	4085	15920	16.36150596609
16	4214	16490	96.538460696704
16	4219	16510	38.151010140043
16	4241	16610	56.762826579124
16	4336	17080	92.842049362227
16	4543	17890	34.483601271161
16	4579	18050	116.09721942457
16	4725	18676.82345029225	0
16	4791	18920	46.013559272459
16	4877	19250	32.170373951242
16	4979	19610	50.899494411655
17	259	1000	2
17	302	1160	2
17	391	1490	3
17	422	1606.375972805961	2
17	432	1640	2
17	499	1880	2
17	613	2330	3
17	614	2330	3
17	651	2480	2
17	771	2928.247508216771	2
17	797	3040	2
17	836	3160	2
17	837	3160	2
17	974	3640	2
17	975	3640	2
17	1033	3880	2
17	1059	4000	2
17	1093	4120	2
17	1153	4360	2
17	1154	4360	2
17	1156	4370	3
17	1305	4970	3
17	1340	5090	3
17	1367	5179.544735955544	1
17	1460	5570	3
17	1525	5890	1
17	1623	6280	2
17	1659	6400	2
17	1688	6494.663839287225	1
17	1765	6760	2
17	1766	6760	2
17	1866	7130	3
17	2002	7640	2
17	2021	7720	2
17	2029	7760	2
17	2078	7970	3
17	2147	8230	2
17	2161	8290	1
17	2170	8330	3
17	2218	8568.884580876319	2
17	2219	8570	3
17	2328	9040	2
17	2368	9190	2
17	2398	9290	3
17	2483	9560	2
17	2577	9880	2
17	2657	10250	3
17	2778	10730	3
17	2857	11050	1
17	3068	11890	1
17	3156	12310	2
17	3179	12400	2
17	3256	12670	2
17	3283	12760	2
17	3286	12770	3
17	3331	12890	3
17	3358	12984.151641093777	1
17	3431	13280	2
17	3526	13640	2
17	3718	14320	2
17	3720	14330	3
17	3910	15160	2
17	3975	15441.949485297298	2
17	3997	15530	3
17	4006	15569.815440342293	2
17	4085	15920	2
17	4214	16490	3
17	4219	16510	2
17	4241	16610	3
17	4336	17080	2
17	4543	17890	1
17	4579	18050	3
17	4725	18676.82345029225	2
17	4791	18920	2
17	4877	19250	3
17	4979	19610	3
18	260	1010	413.68250704391
18	291	1120	348.47367196787
18	303	1160	359.96188243139
18	554	2090	459.59439759188
18	621	2355.009970667724	300
18	701	2690	499.43544048861
18	707	2720	375.29879707694
18	838	3170	422.62861499482
18	873	3290	429.30732713773
18	909	3410	490.41042872862
18	1013	3804.602757316484	300
18	1034	3890	445.76100093062
18	1094	4120	377.03508929319
18	1126	4250	416.42644131124
18	1188	4510	394.28411622667
18	1271	4840	405.51830901547
18	1382	5230	353.15556030209
18	1590	6160	315.02507216079
18	1608	6220	283.46331199963
18	1625	6290	472.56142113674
18	1742	6680	328.69410283604
18	1748	6700	269.71146471278
18	1769	6770	410.14348024672
18	1808	6920	318.34251989027
18	1834	7010	486.0630418485
18	1964	7490	482.96508583808
18	1965	7490	501.14402318059
18	2122	8140	206.03245093828
18	2470	9520	353.7812443108
18	2605	10010	525.58230788349
18	2694	10390	399.01445645798
18	2732	10540	213.77550809045
18	2737	10545.307486639588	200
18	2878	11140	255.91973219311
18	3017	11690	445.10997790055
18	3058	11860	200.40088829726
18	3081	11950	408.67072001325
18	3133	12200	316.44288059425
18	3287	12770	434.90735057614
18	3315	12843.222488592589	200
18	3330	12890	537.35318697308
18	3425	13250	464.87474103624
18	3484	13480	363.77827351726
18	3583	13840	377.60238448419
18	3598	13891.346317645243	300
18	3770	14560	372.22087582428
18	3805	14720	341.16142324548
18	3884	15050	420.18015919744
18	3998	15530	501.55700003738
18	4052	15760	439.67638252144
18	4053	15760	418.71566041987
18	4136	16160	320.2891912799
18	4225	16540	224.77842538157
18	4492	17680	333.39401083224
18	4521	17800	315.35004159492
18	4550	17920	409.04247824685
18	4580	18050	453.68399068937
18	4790	18920	382.47251692058
18	4977	19610	501.81148212046
18	4978	19610	480.41868274084
18	5048	19840	365.47648035419
18	5049	19840	352.22546849733
19	260	1010	13.682507043912
19	291	1120	48.473671967865
19	303	1160	59.961882431394
19	554	2090	59.594397591881
19	621	2355.009970667724	0
19	701	2690	99.435440488608
19	707	2720	75.29879707694
19	838	3170	22.628614994819
19	873	3290	29.307327137727
19	909	3410	90.410428728623
19	1013	3804.602757316484	0
19	1034	3890	45.761000930617
19	1094	4120	77.035089293191
19	1126	4250	16.426441311241
19	1188	4510	94.284116226668
19	1271	4840	105.51830901547
19	1382	5230	53.155560302087
19	1590	6160	15.025072160792
19	1608	6220	83.46331199963
19	1625	6290	72.561421136742
19	1742	6680	28.694102836041
19	1748	6700	69.711464712777
19	1769	6770	10.14348024672
19	1808	6920	18.342519890267
19	1834	7010	86.063041848502
19	1964	7490	82.96508583808
19	1965	7490	101.14402318059
19	2122	8140	6.03245093828
19	2470	9520	53.781244310803
19	2605	10010	125.58230788349
19	2694	10390	99.014456457982
19	2732	10540	13.775508090455
19	2737	10545.307486639588	0
19	2878	11140	55.919732193114
19	3017	11690	45.109977900552
19	3058	11860	0.400888297259
19	3081	11950	108.67072001325
19	3133	12200	16.442880594252
19	3287	12770	34.907350576142
19	3315	12843.222488592589	0
19	3330	12890	137.35318697308
19	3425	13250	64.874741036243
19	3484	13480	63.778273517259
19	3583	13840	77.602384484191
19	3598	13891.346317645243	0
19	3770	14560	72.220875824281
19	3805	14720	41.16142324548
19	3884	15050	20.180159197436
19	3998	15530	101.55700003738
19	4052	15760	139.67638252144
19	4053	15760	118.71566041987
19	4136	16160	20.289191279904
19	4225	16540	24.778425381574
19	4492	17680	33.394010832239
19	4521	17800	15.350041594916
19	4550	17920	109.04247824685
19	4580	18050	53.683990689373
19	4790	18920	82.47251692058
19	4977	19610	101.81148212046
19	4978	19610	80.418682740836
19	5048	19840	65.476480354191
19	5049	19840	52.225468497328
20	260	1010	3
20	291	1120	2
20	303	1160	2
20	554	2090	3
20	621	2355.009970667724	2
20	701	2690	3
20	707	2720	2
20	838	3170	3
20	873	3290	3
20	909	3410	3
20	1013	3804.602757316484	2
20	1034	3890	3
20	1094	4120	2
20	1126	4250	3
20	1188	4510	2
20	1271	4840	2
20	1382	5230	2
20	1590	6160	2
20	1608	6220	1
20	1625	6290	3
20	1742	6680	2
20	1748	6700	1
20	1769	6770	3
20	1808	6920	2
20	1834	7010	3
20	1964	7490	3
20	1965	7490	3
20	2122	8140	1
20	2470	9520	2
20	2605	10010	3
20	2694	10390	2
20	2732	10540	1
20	2737	10545.307486639588	1
20	2878	11140	1
20	3017	11690	3
20	3058	11860	1
20	3081	11950	2
20	3133	12200	2
20	3287	12770	3
20	3315	12843.222488592589	1
20	3330	12890	3
20	3425	13250	3
20	3484	13480	2
20	3583	13840	2
20	3598	13891.346317645243	2
20	3770	14560	2
20	3805	14720	2
20	3884	15050	3
20	3998	15530	3
20	4052	15760	2
20	4053	15760	2
20	4136	16160	2
20	4225	16540	1
20	4492	17680	2
20	4521	17800	2
20	4550	17920	2
20	4580	18050	3
20	4790	18920	2
20	4977	19610	3
20	4978	19610	3
20	5048	19840	2
20	5049	19840	2
21	310	1180	352.55617593508
21	397	1510	323.54957704843
21	442	1671.136423709404	300
21	487	1851.478363433115	200
21	500	1880	445.5623978286
21	592	2230	353.72399035153
21	779	2960	440.32491007947
21	843	3190	382.98930458241
21	961	3590	328.07867625639
21	1020	3830	361.99778824185
21	1103	4160	500.314613143
21	1155	4360	240.93147952336
21	1413	5350	341.75308150659
21	1435	5440	274.57788281062
21	1461	5578.332063742666	200
21	1488	5710	328.04805579876
21	1533	5920	243.27018846194
21	1564	6040	255.40917194508
21	1680	6460	399.160787895
21	1753	6710	364.35953823925
21	1779	6800	402.98463431906
21	1868	7139.819592070384	200
21	1876	7150	375.09368696717
21	1877	7159.745185082642	300
21	1939	7400	436.91769424697
21	1963	7488.628019154381	200
21	1973	7520	488.18291404896
21	2176	8350	413.29122688073
21	2177	8350	351.84290160477
21	2201	8470	325.95249863508
21	2252	8720	506.10650540212
21	2617	10070	375.82905461683
21	2757	10640	413.20579343762
21	2777	10720	202.68380535261
21	2813	10880	501.7991066192
21	2843	11000	456.87628482743
21	2851	11020	360.5951854571
21	2991	11600	467.64632864477
21	3088	11980	393.71836133245
21	3115	12110	320.19454108756
21	3408	13190	336.06748753496
21	3459	13386.078892721587	200
21	3495	13510	320.03464250341
21	3590	13870	362.99325217668
21	3599	13900	340.18211140487
21	3637	14030	317.26696945123
21	3661	14110	375.33013819089
21	3694	14220.610412753812	200
21	3883	15041.147186699903	200
21	4066	15830	375.83357009534
21	4405	17360	446.46182045263
21	4414	17390	325.69272317765
21	4436	17470	308.55631998437
21	4446	17510	342.66433066238
21	4501	17710	391.14850241129
21	4529	17830	396.23401571122
21	4849	19150	377.32943261609
21	4853	19162.267725676334	400
21	4914	19399.154928063698	300
21	4955	19540	306.74374955112
21	5057	19870	360.53524680632
21	5058	19870	350.811947175
22	310	1180	52.556175935078
22	397	1510	23.549577048432
22	442	1671.136423709404	0
22	487	1851.478363433115	0
22	500	1880	45.562397828601
22	592	2230	53.723990351533
22	779	2960	40.324910079467
22	843	3190	82.989304582414
22	961	3590	28.078676256391
22	1020	3830	61.997788241853
22	1103	4160	100.314613143
22	1155	4360	40.931479523362
22	1413	5350	41.753081506594
22	1435	5440	74.577882810621
22	1461	5578.332063742666	0
22	1488	5710	28.048055798756
22	1533	5920	43.270188461941
22	1564	6040	55.409171945076
22	1680	6460	99.160787895004
22	1753	6710	64.359538239246
22	1779	6800	2.98463431906
22	1868	7139.819592070384	0
22	1876	7150	75.09368696717
22	1877	7159.745185082642	0
22	1939	7400	36.917694246966
22	1963	7488.628019154381	0
22	1973	7520	88.18291404896
22	2176	8350	113.29122688073
22	2177	8350	51.842901604765
22	2201	8470	25.952498635075
22	2252	8720	106.10650540212
22	2617	10070	75.829054616832
22	2757	10640	13.205793437622
22	2777	10720	2.683805352615
22	2813	10880	101.7991066192
22	2843	11000	56.876284827429
22	2851	11020	60.595185457103
22	2991	11600	67.646328644766
22	3088	11980	93.718361332451
22	3115	12110	20.194541087559
22	3408	13190	36.067487534965
22	3459	13386.078892721587	0
22	3495	13510	20.03464250341
22	3590	13870	62.993252176676
22	3599	13900	40.182111404873
22	3637	14030	17.266969451227
22	3661	14110	75.330138190889
22	3694	14220.610412753812	0
22	3883	15041.147186699903	0
22	4066	15830	75.83357009534
22	4405	17360	46.46182045263
22	4414	17390	25.692723177652
22	4436	17470	8.556319984365
22	4446	17510	42.664330662378
22	4501	17710	91.148502411289
22	4529	17830	96.234015711217
22	4849	19150	77.329432616087
22	4853	19162.267725676334	0
22	4914	19399.154928063698	0
22	4955	19540	6.743749551116
22	5057	19870	60.535246806316
22	5058	19870	50.811947175003
23	310	1180	2
23	397	1510	2
23	442	1671.136423709404	2
23	487	1851.478363433115	1
23	500	1880	3
23	592	2230	2
23	779	2960	3
23	843	3190	2
23	961	3590	2
23	1020	3830	2
23	1103	4160	3
23	1155	4360	1
23	1413	5350	2
23	1435	5440	1
23	1461	5578.332063742666	1
23	1488	5710	2
23	1533	5920	1
23	1564	6040	1
23	1680	6460	2
23	1753	6710	2
23	1779	6800	3
23	1868	7139.819592070384	1
23	1876	7150	2
23	1877	7159.745185082642	2
23	1939	7400	3
23	1963	7488.628019154381	1
23	1973	7520	3
23	2176	8350	2
23	2177	8350	2
23	2201	8470	2
23	2252	8720	3
23	2617	10070	2
23	2757	10640	3
23	2777	10720	1
23	2813	10880	3
23	2843	11000	3
23	2851	11020	2
23	2991	11600	3
23	3088	11980	2
23	3115	12110	2
23	3408	13190	2
23	3459	13386.078892721587	1
23	3495	13510	2
23	3590	13870	2
23	3599	13900	2
23	3637	14030	2
23	3661	14110	2
23	3694	14220.610412753812	1
23	3883	15041.147186699903	1
23	4066	15830	2
23	4405	17360	3
23	4414	17390	2
23	4436	17470	2
23	4446	17510	2
23	4501	17710	2
23	4529	17830	2
23	4849	19150	2
23	4853	19162.267725676334	3
23	4914	19399.154928063698	2
23	4955	19540	2
23	5057	19870	2
23	5058	19870	2
24	301	1150	328.50756417975
24	312	1190	373.01413173571
24	365	1400	462.84952868355
24	398	1510	335.5432004126
24	410	1558.447472582265	300
24	495	1870	401.34973941134
24	567	2150	383.01939302489
24	758	2890	269.90031089512
24	778	2960	472.52935327518
24	864	3255.013487525435	200
24	917	3444.256883062218	400
24	927	3470	339.40566614359
24	950	3550	405.47368182084
24	951	3560	453.9922673635
24	984	3680	406.20988192392
24	1245	4750	314.96366905937
24	1247	4760	511.2135242478
24	1255	4780	407.04610273216
24	1297	4930	212.46669700979
24	1467	5600	502.66668144862
24	1777	6790	370.4348982471
24	1878	7160	478.63330659948
24	1902	7270	414.17098644323
24	1972	7520	429.11667993888
24	2028	7750	350.01700788593
24	2056	7880	407.06071619675
24	2126	8150	357.97987506493
24	2250	8710	397.15703650285
24	2322	9023.548521387361	200
24	2384	9258.713749335918	200
24	2520	9680	516.18057365295
24	2559	9820	370.9269404074
24	2584	9920	417.66789713405
24	2589	9940	331.66112444999
24	2612	10040	527.69748235895
24	2635	10150	364.6347669832
24	2786	10760	437.74604341627
24	2787	10760	466.02425211306
24	2900	11240	468.21207811819
24	2945	11410	261.66328302987
24	2959	11480	474.75312969441
24	2998	11620	399.20594173283
24	3052	11840	425.40239650597
24	3082	11960	502.23182900437
24	3196	12460	383.8163564266
24	3307	12820	409.13597257591
24	3338	12910	330.40506220862
24	3339	12910	357.78507464689
24	3461	13390	325.82546374782
24	3636	14030	325.12851771625
24	3703	14260	313.07071119328
24	3915	15190	372.20816162213
24	4093	15950	375.75745031415
24	4149	16210	284.34480355834
24	4247	16640	502.54448234324
24	4315	16990	361.47335763213
24	4380	17270	328.24371923647
24	4435	17470	392.81458059171
24	4608	18190	346.33860858472
24	4665	18460	339.60017466204
24	4666	18460	333.17992800657
24	4742	18730	206.81929257934
24	4767	18820	325.18669211506
24	4806	18970	266.66548062585
24	4819	19040	456.16183291985
24	4826	19060	387.82879874569
24	4883	19280	496.01005338671
24	4923	19420	304.65631275872
24	4994	19670	363.08330383234
25	301	1150	28.507564179749
25	312	1190	73.014131735713
25	365	1400	62.849528683553
25	398	1510	35.543200412596
25	410	1558.447472582265	0
25	495	1870	101.34973941134
25	567	2150	83.019393024891
25	758	2890	69.900310895119
25	778	2960	72.52935327518
25	864	3255.013487525435	0
25	917	3444.256883062218	0
25	927	3470	39.405666143587
25	950	3550	105.47368182084
25	951	3560	53.992267363505
25	984	3680	6.209881923922
25	1245	4750	14.963669059372
25	1247	4760	111.2135242478
25	1255	4780	107.04610273216
25	1297	4930	12.466697009785
25	1467	5600	102.66668144862
25	1777	6790	70.434898247105
25	1878	7160	78.633306599481
25	1902	7270	114.17098644323
25	1972	7520	29.116679938878
25	2028	7750	50.01700788593
25	2056	7880	7.060716196748
25	2126	8150	57.979875064931
25	2250	8710	97.157036502847
25	2322	9023.548521387361	0
25	2384	9258.713749335918	0
25	2520	9680	116.18057365296
25	2559	9820	70.9269404074
25	2584	9920	17.667897134048
25	2589	9940	31.661124449995
25	2612	10040	127.69748235895
25	2635	10150	64.634766983202
25	2786	10760	37.74604341627
25	2787	10760	66.024252113062
25	2900	11240	68.212078118195
25	2945	11410	61.66328302987
25	2959	11480	74.753129694405
25	2998	11620	99.205941732825
25	3052	11840	25.402396505969
25	3082	11960	102.23182900437
25	3196	12460	83.816356426596
25	3307	12820	109.13597257591
25	3338	12910	30.405062208619
25	3339	12910	57.785074646887
25	3461	13390	25.825463747824
25	3636	14030	25.128517716252
25	3703	14260	13.070711193281
25	3915	15190	72.208161622133
25	4093	15950	75.757450314148
25	4149	16210	84.344803558339
25	4247	16640	102.54448234324
25	4315	16990	61.473357632135
25	4380	17270	28.243719236468
25	4435	17470	92.814580591707
25	4608	18190	46.338608584715
25	4665	18460	39.600174662036
25	4666	18460	33.179928006575
25	4742	18730	6.819292579337
25	4767	18820	25.186692115057
25	4806	18970	66.665480625846
25	4819	19040	56.161832919851
25	4826	19060	87.828798745695
25	4883	19280	96.010053386711
25	4923	19420	4.656312758723
25	4994	19670	63.083303832343
26	301	1150	2
26	312	1190	2
26	365	1400	3
26	398	1510	2
26	410	1558.447472582265	2
26	495	1870	2
26	567	2150	2
26	758	2890	1
26	778	2960	3
26	864	3255.013487525435	1
26	917	3444.256883062218	3
26	927	3470	2
26	950	3550	2
26	951	3560	3
26	984	3680	3
26	1245	4750	2
26	1247	4760	3
26	1255	4780	2
26	1297	4930	1
26	1467	5600	3
26	1777	6790	2
26	1878	7160	3
26	1902	7270	2
26	1972	7520	3
26	2028	7750	2
26	2056	7880	3
26	2126	8150	2
26	2250	8710	2
26	2322	9023.548521387361	1
26	2384	9258.713749335918	1
26	2520	9680	3
26	2559	9820	2
26	2584	9920	3
26	2589	9940	2
26	2612	10040	3
26	2635	10150	2
26	2786	10760	3
26	2787	10760	3
26	2900	11240	3
26	2945	11410	1
26	2959	11480	3
26	2998	11620	2
26	3052	11840	3
26	3082	11960	3
26	3196	12460	2
26	3307	12820	2
26	3338	12910	2
26	3339	12910	2
26	3461	13390	2
26	3636	14030	2
26	3703	14260	2
26	3915	15190	2
26	4093	15950	2
26	4149	16210	1
26	4247	16640	3
26	4315	16990	2
26	4380	17270	2
26	4435	17470	2
26	4608	18190	2
26	4665	18460	2
26	4666	18460	2
26	4742	18730	1
26	4767	18820	2
26	4806	18970	1
26	4819	19040	3
26	4826	19060	2
26	4883	19280	3
26	4923	19420	2
26	4994	19670	2
27	470	1780	367.23461522253
27	534	2030	486.67729492857
27	688	2630	503.60057324967
27	751	2870	499.49229045528
27	826	3140	340.93365756959
27	935	3490	386.65836664751
27	959	3580	346.48495380971
27	989	3700	373.96370652225
27	1085	4100	380.57320823677
27	1199	4550	454.89538617258
27	1200	4550	495.16330143493
27	1256	4790	444.93502764402
27	1288	4900	353.09069800653
27	1391	5270	450.91768034663
27	1448	5500	302.44662336853
27	1449	5510	432.3113199514
27	1548	5990	468.58830568408
27	1681	6460	336.70015634605
27	1703	6550	218.63203153972
27	1816	6950	416.92253325079
27	1842	7030	235.7107200225
27	1922	7340	359.56401197178
27	2035	7790	521.16802667832
27	2123	8140	321.13752541303
27	2124	8140	405.03448389019
27	2183	8380	307.37463155248
27	2263	8780	352.89579087021
27	2341	9100	413.76797633005
27	2422	9380	377.27817452926
27	2439	9430	231.45742110553
27	2480	9550	218.39848819102
27	2492	9580	398.19929102578
27	2495	9590	449.88186887258
27	2592	9950	467.41542144613
27	2733	10540	364.88769993394
27	2910	11260	345.51242389049
27	3440	13310	479.4846746481
27	3528	13644.911606684575	200
27	3705	14260	321.53064738286
27	3759	14500	371.10714007419
27	4037	15700	366.21272707656
27	4064	15820	392.49185202654
27	4122	16100	343.62153248899
27	4150	16210	308.87547836856
27	4208	16460	370.66795285929
27	4227	16540	344.75826002638
27	4252	16670	532.32332196193
27	4388	17300	383.0454929855
27	4389	17300	328.19459254299
27	4413	17390	516.94920071578
27	4438	17470	201.46952142109
27	4506	17740	405.49521415499
27	4538	17870	431.85779648468
27	4704	18590	480.40267815487
27	4776	18860	362.76875619764
27	4851	19156.464294204038	200
27	5021	19763.786357831398	200
27	5031	19790	401.53836513273
28	470	1780	67.234615222529
28	534	2030	86.677294928566
28	688	2630	103.60057324967
28	751	2870	99.492290455277
28	826	3140	40.933657569586
28	935	3490	86.658366647506
28	959	3580	46.484953809714
28	989	3700	73.963706522247
28	1085	4100	80.573208236775
28	1199	4550	54.89538617258
28	1200	4550	95.163301434925
28	1256	4790	44.935027644017
28	1288	4900	53.090698006535
28	1391	5270	50.917680346635
28	1448	5500	2.446623368532
28	1449	5510	32.311319951399
28	1548	5990	68.588305684078
28	1681	6460	36.700156346054
28	1703	6550	18.632031539724
28	1816	6950	16.922533250792
28	1842	7030	35.710720022502
28	1922	7340	59.564011971784
28	2035	7790	121.16802667832
28	2123	8140	21.137525413028
28	2124	8140	105.03448389019
28	2183	8380	7.374631552476
28	2263	8780	52.895790870205
28	2341	9100	113.76797633005
28	2422	9380	77.278174529263
28	2439	9430	31.457421105532
28	2480	9550	18.398488191021
28	2492	9580	98.19929102578
28	2495	9590	49.88186887258
28	2592	9950	67.415421446134
28	2733	10540	64.887699933942
28	2910	11260	45.512423890488
28	3440	13310	79.484674648105
28	3528	13644.911606684575	0
28	3705	14260	21.530647382861
28	3759	14500	71.107140074193
28	4037	15700	66.212727076565
28	4064	15820	92.491852026542
28	4122	16100	43.621532488986
28	4150	16210	8.875478368565
28	4208	16460	70.667952859288
28	4227	16540	44.758260026384
28	4252	16670	132.32332196193
28	4388	17300	83.045492985499
28	4389	17300	28.194592542995
28	4413	17390	116.94920071578
28	4438	17470	1.469521421088
28	4506	17740	105.49521415499
28	4538	17870	31.857796484683
28	4704	18590	80.402678154869
28	4776	18860	62.76875619764
28	4851	19156.464294204038	0
28	5021	19763.786357831398	0
28	5031	19790	1.538365132731
29	470	1780	2
29	534	2030	3
29	688	2630	3
29	751	2870	3
29	826	3140	2
29	935	3490	2
29	959	3580	2
29	989	3700	2
29	1085	4100	2
29	1199	4550	3
29	1200	4550	3
29	1256	4790	3
29	1288	4900	2
29	1391	5270	3
29	1448	5500	2
29	1449	5510	3
29	1548	5990	3
29	1681	6460	2
29	1703	6550	1
29	1816	6950	3
29	1842	7030	1
29	1922	7340	2
29	2035	7790	3
29	2123	8140	2
29	2124	8140	2
29	2183	8380	2
29	2263	8780	2
29	2341	9100	2
29	2422	9380	2
29	2439	9430	1
29	2480	9550	1
29	2492	9580	2
29	2495	9590	3
29	2592	9950	3
29	2733	10540	2
29	2910	11260	2
29	3440	13310	3
29	3528	13644.911606684575	1
29	3705	14260	2
29	3759	14500	2
29	4037	15700	2
29	4064	15820	2
29	4122	16100	2
29	4150	16210	2
29	4208	16460	2
29	4227	16540	2
29	4252	16670	3
29	4388	17300	2
29	4389	17300	2
29	4413	17390	3
29	4438	17470	1
29	4506	17740	2
29	4538	17870	3
29	4704	18590	3
29	4776	18860	2
29	4851	19156.464294204038	1
29	5021	19763.786357831398	1
29	5031	19790	3
30	379	1450	409.28287762857
30	380	1450	337.30473551021
30	512	1930	393.72624435757
30	629	2380	384.09339478502
30	636	2410	322.79137742069
30	827	3140	324.05217190995
30	890	3350	508.28530538517
30	899	3370	337.13643545713
30	926	3470	446.12305719246
30	1138	4300	341.38943101006
30	1201	4550	457.69531491472
30	1290	4910	490.77406301017
30	1338	5080	237.36108766378
30	1392	5270	463.38402363226
30	1393	5270	440.65228011814
30	1624	6280	253.6408690951
30	1641	6340	400.57718357341
30	1715	6580	405.39236371032
30	1749	6700	371.54995750477
30	1752	6710	491.23558185739
30	1913	7300	432.15317286818
30	1950	7430	504.36753757718
30	2043	7810	381.18171179427
30	2162	8300	376.5597993019
30	2271	8800	232.53248851878
30	2342	9100	394.49827706443
30	2378	9230	482.67407857393
30	2387	9265.760507626619	300
30	2491	9580	374.77542068735
30	2512	9640	271.1853555008
30	2529	9710	408.26971997336
30	2560	9820	359.48082800205
30	2562	9823.510331368743	300
30	2570	9850	398.55464847125
30	2593	9950	424.690620974
30	2734	10540	336.551945832
30	2835	10952.160199397861	300
30	2881	11150	484.08407074688
30	2920	11320	238.39426262068
30	2922	11328.073047138	200
30	2938	11380	367.53920827266
30	3000	11630	519.19980964482
30	3029	11750	505.00945589649
30	3069	11890	308.18216139607
30	3139	12230	453.05601245211
30	3237	12610	377.20392060404
30	3346	12940	394.99889572667
30	3347	12940	369.22045876112
30	3393	13120	284.62858066734
30	3441	13310	434.45364239988
30	3519	13600	277.06973613523
30	3574	13810	388.18125813986
30	3600	13900	417.00662048414
30	3671	14140	372.42872128633
30	3681	14180	311.18873892669
30	3704	14260	372.77174689545
30	3731	14380	343.58539699418
30	3732	14390	404.10621001372
30	3747	14440	225.89451547206
30	3818	14780	385.62762450044
30	3846	14890	307.83950149002
30	4013	15580	301.98217746516
30	4065	15830	408.6182022021
30	4092	15950	506.13233844218
30	4209	16460	366.45021467884
30	4228	16540	316.1716037523
30	4253	16670	530.098362548
30	4445	17500	378.73395431009
30	4477	17630	456.1984148252
30	4590	18101.239298794258	300
30	4616	18220	354.92859752607
30	4667	18460	322.26578943739
30	4668	18470	424.49725490882
30	4701	18580	302.75756534496
30	4768	18830	452.37868149813
30	4773	18850	374.75555851719
30	4774	18850	363.67548151585
30	4833	19100	307.45594172977
30	4870	19220	360.22093110724
30	4993	19670	451.70556317703
30	5038	19810	406.74140958392
30	5080	19936.328340365081	300
31	379	1450	109.28287762857
31	380	1450	37.304735510215
31	512	1930	93.726244357565
31	629	2380	84.093394785025
31	636	2410	22.791377420688
31	827	3140	24.052171909951
31	890	3350	108.28530538517
31	899	3370	37.136435457132
31	926	3470	46.123057192459
31	1138	4300	41.389431010056
31	1201	4550	57.695314914716
31	1290	4910	90.774063010175
31	1338	5080	37.361087663778
31	1392	5270	63.384023632262
31	1393	5270	40.652280118141
31	1624	6280	53.640869095101
31	1641	6340	100.57718357341
31	1715	6580	105.39236371032
31	1749	6700	71.549957504769
31	1752	6710	91.235581857392
31	1913	7300	132.15317286818
31	1950	7430	104.36753757718
31	2043	7810	81.181711794272
31	2162	8300	76.559799301898
31	2271	8800	32.532488518779
31	2342	9100	94.498277064432
31	2378	9230	82.674078573932
31	2387	9265.760507626619	0
31	2491	9580	74.775420687349
31	2512	9640	71.185355500804
31	2529	9710	8.269719973365
31	2560	9820	59.480828002047
31	2562	9823.510331368743	0
31	2570	9850	98.554648471251
31	2593	9950	24.690620973998
31	2734	10540	36.551945831998
31	2835	10952.160199397861	0
31	2881	11150	84.08407074688
31	2920	11320	38.394262620681
31	2922	11328.073047138	0
31	2938	11380	67.539208272663
31	3000	11630	119.19980964482
31	3029	11750	105.00945589649
31	3069	11890	8.182161396073
31	3139	12230	53.056012452108
31	3237	12610	77.203920604036
31	3346	12940	94.99889572667
31	3347	12940	69.220458761125
31	3393	13120	84.628580667337
31	3441	13310	34.453642399879
31	3519	13600	77.069736135229
31	3574	13810	88.181258139858
31	3600	13900	117.00662048414
31	3671	14140	72.428721286334
31	3681	14180	11.188738926686
31	3704	14260	72.771746895453
31	3731	14380	43.585396994181
31	3732	14390	4.106210013718
31	3747	14440	25.894515472058
31	3818	14780	85.627624500443
31	3846	14890	7.839501490024
31	4013	15580	1.98217746516
31	4065	15830	8.618202202099
31	4092	15950	106.13233844218
31	4209	16460	66.450214678844
31	4228	16540	16.171603752297
31	4253	16670	130.098362548
31	4445	17500	78.733954310093
31	4477	17630	56.198414825199
31	4590	18101.239298794258	0
31	4616	18220	54.928597526068
31	4667	18460	22.265789437389
31	4668	18470	24.497254908816
31	4701	18580	2.757565344957
31	4768	18830	52.37868149813
31	4773	18850	74.755558517188
31	4774	18850	63.675481515854
31	4833	19100	7.455941729766
31	4870	19220	60.220931107238
31	4993	19670	51.705563177031
31	5038	19810	106.74140958392
31	5080	19936.328340365081	0
32	379	1450	2
32	380	1450	2
32	512	1930	2
32	629	2380	2
32	636	2410	2
32	827	3140	2
32	890	3350	3
32	899	3370	2
32	926	3470	3
32	1138	4300	2
32	1201	4550	3
32	1290	4910	3
32	1338	5080	1
32	1392	5270	3
32	1393	5270	3
32	1624	6280	1
32	1641	6340	2
32	1715	6580	2
32	1749	6700	2
32	1752	6710	3
32	1913	7300	2
32	1950	7430	3
32	2043	7810	2
32	2162	8300	2
32	2271	8800	1
32	2342	9100	2
32	2378	9230	3
32	2387	9265.760507626619	2
32	2491	9580	2
32	2512	9640	1
32	2529	9710	3
32	2560	9820	2
32	2562	9823.510331368743	2
32	2570	9850	2
32	2593	9950	3
32	2734	10540	2
32	2835	10952.160199397861	2
32	2881	11150	3
32	2920	11320	1
32	2922	11328.073047138	1
32	2938	11380	2
32	3000	11630	3
32	3029	11750	3
32	3069	11890	2
32	3139	12230	3
32	3237	12610	2
32	3346	12940	2
32	3347	12940	2
32	3393	13120	1
32	3441	13310	3
32	3519	13600	1
32	3574	13810	2
32	3600	13900	2
32	3671	14140	2
32	3681	14180	2
32	3704	14260	2
32	3731	14380	2
32	3732	14390	3
32	3747	14440	1
32	3818	14780	2
32	3846	14890	2
32	4013	15580	2
32	4065	15830	3
32	4092	15950	3
32	4209	16460	2
32	4228	16540	2
32	4253	16670	3
32	4445	17500	2
32	4477	17630	3
32	4590	18101.239298794258	2
32	4616	18220	2
32	4667	18460	2
32	4668	18470	3
32	4701	18580	2
32	4768	18830	3
32	4773	18850	2
32	4774	18850	2
32	4833	19100	2
32	4870	19220	2
32	4993	19670	3
32	5038	19810	2
32	5080	19936.328340365081	2
33	277	1060	225.51375650969
33	325	1240	389.01602988528
33	338	1300	261.71507580354
33	416	1570	438.04568030186
33	439	1660	287.52213337995
33	514	1940	405.27417174601
33	548	2080	308.06498498561
33	573	2170	378.00958570647
33	575	2180	496.91152870179
33	664	2530	326.72187914357
33	665	2540	444.51017297391
33	727	2780.883429444466	400
33	796	3040	394.51947420909
33	835	3160	389.80296295739
33	928	3471.693835973452	200
33	968	3610	372.13476196393
33	990	3701.230961573079	200
33	1127	4250	314.50771295859
33	1139	4303.650317831674	200
33	1286	4900	283.28341434735
33	1287	4900	221.90757919912
33	1368	5180	508.84172169818
33	1434	5440	302.69150054497
33	1455	5530	398.09931509596
33	1546	5980	240.69902999017
33	1554	6010	360.09911761215
33	1770	6770	318.64327718624
33	1945	7420	278.31954148387
33	2015	7690	415.86126567064
33	2142	8219.197027330592	300
33	2300	8930	322.34534390774
33	2462	9503.834342774112	400
33	2489	9580	243.13330541052
33	2538	9740	475.51771375643
33	2656	10240	398.54172073975
33	2671	10313.25551415944	200
33	3045	11800	397.60520822421
33	3178	12400	387.23392674192
33	3273	12730	436.79178692628
33	3318	12860	475.29038275921
33	3319	12860	433.62221632201
33	3320	12860	502.26480892209
33	3452	13360	361.93872296704
33	3572	13810	436.62844701243
33	3607	13930	389.6791813448
33	3738	14410	387.87168789353
33	3739	14410	338.22105674449
33	3839	14860	249.6720353466
33	3875	15020	416.8665861756
33	3904	15140	509.61269668119
33	3962	15400	392.66500365133
33	4043	15730	374.3080798242
33	4202	16438.148499649468	200
33	4275	16798.150245117443	200
33	4302	16940	492.65199367927
33	4346	17140	229.26051221389
33	4544	17900	509.11306930234
33	4552	17930	375.82159122541
33	4571	18020	465.05409816958
33	4615	18220	284.96441726338
33	4739	18730	358.69134251693
33	4869	19220	524.93790596921
33	4967	19580	465.19242698588
33	5008	19720	392.84519126796
33	5037	19810	350.36084226858
33	5039	19820	440.88148680041
34	277	1060	25.513756509695
34	325	1240	89.016029885276
34	338	1300	61.715075803543
34	416	1570	138.04568030186
34	439	1660	87.522133379947
34	514	1940	5.274171746011
34	548	2080	8.064984985607
34	573	2170	78.009585706469
34	575	2180	96.911528701795
34	664	2530	26.721879143574
34	665	2540	44.51017297391
34	727	2780.883429444466	0
34	796	3040	94.519474209088
34	835	3160	89.802962957394
34	928	3471.693835973452	0
34	968	3610	72.134761963934
34	990	3701.230961573079	0
34	1127	4250	14.507712958591
34	1139	4303.650317831674	0
34	1286	4900	83.283414347348
34	1287	4900	21.907579199116
34	1368	5180	108.84172169818
34	1434	5440	2.691500544967
34	1455	5530	98.099315095959
34	1546	5980	40.699029990167
34	1554	6010	60.099117612151
34	1770	6770	18.643277186241
34	1945	7420	78.319541483874
34	2015	7690	115.86126567064
34	2142	8219.197027330592	0
34	2300	8930	22.345343907735
34	2462	9503.834342774112	0
34	2489	9580	43.133305410522
34	2538	9740	75.51771375643
34	2656	10240	98.541720739753
34	2671	10313.25551415944	0
34	3045	11800	97.605208224213
34	3178	12400	87.233926741922
34	3273	12730	136.79178692628
34	3318	12860	75.290382759209
34	3319	12860	33.622216322009
34	3320	12860	102.26480892209
34	3452	13360	61.938722967037
34	3572	13810	136.62844701243
34	3607	13930	89.679181344798
34	3738	14410	87.871687893526
34	3739	14410	38.221056744491
34	3839	14860	49.672035346603
34	3875	15020	16.866586175597
34	3904	15140	109.61269668119
34	3962	15400	92.665003651335
34	4043	15730	74.308079824204
34	4202	16438.148499649468	0
34	4275	16798.150245117443	0
34	4302	16940	92.651993679273
34	4346	17140	29.260512213889
34	4544	17900	109.11306930234
34	4552	17930	75.821591225407
34	4571	18020	65.054098169581
34	4615	18220	84.964417263383
34	4739	18730	58.691342516935
34	4869	19220	124.93790596921
34	4967	19580	65.192426985884
34	5008	19720	92.845191267957
34	5037	19810	50.360842268576
34	5039	19820	40.881486800414
35	277	1060	1
35	325	1240	2
35	338	1300	1
35	416	1570	2
35	439	1660	1
35	514	1940	3
35	548	2080	2
35	573	2170	2
35	575	2180	3
35	664	2530	2
35	665	2540	3
35	727	2780.883429444466	3
35	796	3040	2
35	835	3160	2
35	928	3471.693835973452	1
35	968	3610	2
35	990	3701.230961573079	1
35	1127	4250	2
35	1139	4303.650317831674	1
35	1286	4900	1
35	1287	4900	1
35	1368	5180	3
35	1434	5440	2
35	1455	5530	2
35	1546	5980	1
35	1554	6010	2
35	1770	6770	2
35	1945	7420	1
35	2015	7690	2
35	2142	8219.197027330592	2
35	2300	8930	2
35	2462	9503.834342774112	3
35	2489	9580	1
35	2538	9740	3
35	2656	10240	2
35	2671	10313.25551415944	1
35	3045	11800	2
35	3178	12400	2
35	3273	12730	2
35	3318	12860	3
35	3319	12860	3
35	3320	12860	3
35	3452	13360	2
35	3572	13810	2
35	3607	13930	2
35	3738	14410	2
35	3739	14410	2
35	3839	14860	1
35	3875	15020	3
35	3904	15140	3
35	3962	15400	2
35	4043	15730	2
35	4202	16438.148499649468	1
35	4275	16798.150245117443	1
35	4302	16940	3
35	4346	17140	1
35	4544	17900	3
35	4552	17930	2
35	4571	18020	3
35	4615	18220	1
35	4739	18730	2
35	4869	19220	3
35	4967	19580	3
35	5008	19720	2
35	5037	19810	2
35	5039	19820	3

