version 3
run MediumLoad_Queue-49-20260126-10:59:48-296
attr configname MediumLoad_Queue
attr datetime 20260126-10:59:48
attr datetimef 20260126-105948
attr experiment MediumLoad_Queue
attr inifile simulations/nwsim_project/omnetpp.ini
attr iterationvars ""
attr iterationvarsd ""
attr iterationvarsf ""
attr measurement ""
attr network CrossTraffic
attr processid 296
attr repetition 49
attr replication #49
attr resultdir results
attr runnumber 49
attr seedset 49
config description "Medium Load - Queue Mode (50% more traffic)"
config *.Junc*.junctionMode "\"queue\""
config *.EndNW.spawnInterval exponential(400s)
config *.EndNE.spawnInterval exponential(600s)
config *.EndEN.spawnInterval exponential(500s)
config *.EndES.spawnInterval exponential(750s)
config *.EndSE.spawnInterval exponential(450s)
config *.EndSW.spawnInterval exponential(500s)
config *.EndWS.spawnInterval exponential(600s)
config *.EndWN.spawnInterval exponential(700s)
config network CrossTraffic
config sim-time-limit 20000s
config warmup-period 1000s
config repeat 50
config **.scalar-recording true
config **.vector-recording true
config *.Junc*.junctionMode "\"queue\""
config *.EndNW.spawnInterval exponential(800s)
config *.EndNE.spawnInterval exponential(1200s)
config *.EndEN.spawnInterval exponential(1000s)
config *.EndES.spawnInterval exponential(1500s)
config *.EndSE.spawnInterval exponential(900s)
config *.EndSW.spawnInterval exponential(1100s)
config *.EndWS.spawnInterval exponential(1300s)
config *.EndWN.spawnInterval exponential(1400s)

vector 0 CrossTraffic.JuncNW queueLength:vector ETV
attr interpolationmode sample-hold
attr recordingmode vector
attr source queueLength
attr title "Queue Length"
vector 1 CrossTraffic.JuncNW junctionProcessingTime:vector ETV
attr recordingmode vector
attr source junctionProcessingTime
attr title "Junction Processing Time"
vector 2 CrossTraffic.JuncNW vehicleCount:vector ETV
attr recordingmode vector
attr source vehicleCount
attr title "Vehicle Count"
vector 3 CrossTraffic.JuncNE queueLength:vector ETV
attr interpolationmode sample-hold
attr recordingmode vector
attr source queueLength
attr title "Queue Length"
vector 4 CrossTraffic.JuncNE junctionProcessingTime:vector ETV
attr recordingmode vector
attr source junctionProcessingTime
attr title "Junction Processing Time"
vector 5 CrossTraffic.JuncNE vehicleCount:vector ETV
attr recordingmode vector
attr source vehicleCount
attr title "Vehicle Count"
vector 6 CrossTraffic.JuncSE queueLength:vector ETV
attr interpolationmode sample-hold
attr recordingmode vector
attr source queueLength
attr title "Queue Length"
vector 7 CrossTraffic.JuncSE junctionProcessingTime:vector ETV
attr recordingmode vector
attr source junctionProcessingTime
attr title "Junction Processing Time"
vector 8 CrossTraffic.JuncSE vehicleCount:vector ETV
attr recordingmode vector
attr source vehicleCount
attr title "Vehicle Count"
vector 9 CrossTraffic.JuncSW queueLength:vector ETV
attr interpolationmode sample-hold
attr recordingmode vector
attr source queueLength
attr title "Queue Length"
vector 10 CrossTraffic.JuncSW junctionProcessingTime:vector ETV
attr recordingmode vector
attr source junctionProcessingTime
attr title "Junction Processing Time"
vector 11 CrossTraffic.JuncSW vehicleCount:vector ETV
attr recordingmode vector
attr source vehicleCount
attr title "Vehicle Count"
vector 12 CrossTraffic.EndNW travelTime:vector ETV
attr recordingmode vector
attr source travelTime
attr title "Vehicle Travel Time"
vector 13 CrossTraffic.EndNW junctionTime:vector ETV
attr recordingmode vector
attr source junctionTime
attr title "Total Junction Time per Vehicle"
vector 14 CrossTraffic.EndNW junctionCount:vector ETV
attr recordingmode vector
attr source junctionCount
attr title "Junctions Visited per Vehicle"
vector 15 CrossTraffic.EndNE travelTime:vector ETV
attr recordingmode vector
attr source travelTime
attr title "Vehicle Travel Time"
vector 16 CrossTraffic.EndNE junctionTime:vector ETV
attr recordingmode vector
attr source junctionTime
attr title "Total Junction Time per Vehicle"
vector 17 CrossTraffic.EndNE junctionCount:vector ETV
attr recordingmode vector
attr source junctionCount
attr title "Junctions Visited per Vehicle"
vector 18 CrossTraffic.EndEN travelTime:vector ETV
attr recordingmode vector
attr source travelTime
attr title "Vehicle Travel Time"
vector 19 CrossTraffic.EndEN junctionTime:vector ETV
attr recordingmode vector
attr source junctionTime
attr title "Total Junction Time per Vehicle"
vector 20 CrossTraffic.EndEN junctionCount:vector ETV
attr recordingmode vector
attr source junctionCount
attr title "Junctions Visited per Vehicle"
vector 21 CrossTraffic.EndES travelTime:vector ETV
attr recordingmode vector
attr source travelTime
attr title "Vehicle Travel Time"
vector 22 CrossTraffic.EndES junctionTime:vector ETV
attr recordingmode vector
attr source junctionTime
attr title "Total Junction Time per Vehicle"
vector 23 CrossTraffic.EndES junctionCount:vector ETV
attr recordingmode vector
attr source junctionCount
attr title "Junctions Visited per Vehicle"
vector 24 CrossTraffic.EndSE travelTime:vector ETV
attr recordingmode vector
attr source travelTime
attr title "Vehicle Travel Time"
vector 25 CrossTraffic.EndSE junctionTime:vector ETV
attr recordingmode vector
attr source junctionTime
attr title "Total Junction Time per Vehicle"
vector 26 CrossTraffic.EndSE junctionCount:vector ETV
attr recordingmode vector
attr source junctionCount
attr title "Junctions Visited per Vehicle"
vector 27 CrossTraffic.EndSW travelTime:vector ETV
attr recordingmode vector
attr source travelTime
attr title "Vehicle Travel Time"
vector 28 CrossTraffic.EndSW junctionTime:vector ETV
attr recordingmode vector
attr source junctionTime
attr title "Total Junction Time per Vehicle"
vector 29 CrossTraffic.EndSW junctionCount:vector ETV
attr recordingmode vector
attr source junctionCount
attr title "Junctions Visited per Vehicle"
vector 30 CrossTraffic.EndWS travelTime:vector ETV
attr recordingmode vector
attr source travelTime
attr title "Vehicle Travel Time"
vector 31 CrossTraffic.EndWS junctionTime:vector ETV
attr recordingmode vector
attr source junctionTime
attr title "Total Junction Time per Vehicle"
vector 32 CrossTraffic.EndWS junctionCount:vector ETV
attr recordingmode vector
attr source junctionCount
attr title "Junctions Visited per Vehicle"
vector 33 CrossTraffic.EndWN travelTime:vector ETV
attr recordingmode vector
attr source travelTime
attr title "Vehicle Travel Time"
vector 34 CrossTraffic.EndWN junctionTime:vector ETV
attr recordingmode vector
attr source junctionTime
attr title "Total Junction Time per Vehicle"
vector 35 CrossTraffic.EndWN junctionCount:vector ETV
attr recordingmode vector
attr source junctionCount
attr title "Junctions Visited per Vehicle"
0	135	1012.132182726712	1
0	136	1015.132182726712	0
0	139	1053.52305043605	1
0	140	1056.52305043605	0
0	164	1256.703226999172	1
0	166	1259.703226999172	0
0	196	1535.925974497434	1
0	197	1538.925974497434	0
0	211	1960.047920088134	1
0	212	1963.047920088134	0
0	244	2520.274334365318	1
0	245	2523.274334365318	0
0	248	2549.741725404237	1
0	249	2552.741725404237	0
0	250	2555.634131057581	1
0	251	2558.634131057581	0
0	255	2593.174540907324	1
0	256	2596.174540907324	0
0	260	2636.973106909326	1
0	261	2639.973106909326	0
0	314	3037.013310913344	1
0	315	3040.013310913344	0
0	316	3049.542752374098	1
0	318	3052.542752374098	0
0	322	3103.885139797579	1
0	323	3106.885139797579	0
0	335	3253.361229824384	1
0	336	3256.361229824384	0
0	339	3333.704227299451	1
0	340	3336.704227299451	0
0	352	3574.865315112351	1
0	353	3577.865315112351	0
0	360	3701.484103093578	1
0	361	3704.484103093578	0
0	371	3813.524040136261	1
0	372	3816.524040136261	0
0	387	3996.78165070133	1
0	389	3999.78165070133	0
0	394	4062.345565599988	1
0	395	4065.345565599988	0
0	399	4101.676155357182	1
0	400	4104.676155357182	0
0	401	4119.579369657007	1
0	402	4122.579369657007	0
0	405	4186.430412009484	1
0	406	4189.430412009484	0
0	417	4331.33461573553	1
0	418	4334.33461573553	0
0	419	4341.989357418609	1
0	420	4344.989357418609	0
0	450	4653.77561372763	1
0	451	4656.77561372763	0
0	467	4784.194960132602	1
0	468	4787.194960132602	0
0	505	5137.690666560026	1
0	507	5140.690666560026	0
0	529	5575.626200633087	1
0	531	5578.626200633087	0
0	548	5826.920538640668	1
0	549	5829.920538640668	0
0	550	5834.750610747921	1
0	551	5837.750610747921	0
0	554	5906.733385354902	1
0	555	5909.733385354902	0
0	557	5922.056795354965	1
0	558	5925.056795354965	0
0	591	6283.506304299564	1
0	592	6286.506304299564	0
0	594	6334.639085802646	1
0	595	6337.639085802646	0
0	598	6373.289900715732	1
0	599	6376.289900715732	0
0	605	6469.437757485907	1
0	606	6472.437757485907	0
0	617	6682.29947558259	1
0	618	6685.29947558259	0
0	627	6878.178570326011	1
0	628	6881.178570326011	0
0	631	6938.37756021667	1
0	632	6941.37756021667	0
0	638	6995.615093739354	1
0	639	6998.615093739354	0
0	647	7088.958905645737	1
0	648	7091.370293301285	2
0	649	7091.958905645737	1
0	650	7097.958905645737	0
0	653	7115.198425448396	1
0	654	7118.198425448396	0
0	670	7274.238070808862	1
0	672	7276.692706815368	2
0	673	7277.238070808862	1
0	674	7283.238070808862	0
0	691	7447.350621970284	1
0	692	7450.350621970284	0
0	702	7530.698238160192	1
0	703	7533.698238160192	0
0	719	7645.308302011051	1
0	720	7648.308302011051	0
0	738	7936.835864880832	1
0	739	7939.835864880832	0
0	744	7992.9259975759	1
0	746	7995.9259975759	0
0	759	8112.357947933765	1
0	760	8115.357947933765	0
0	773	8247.707161105208	1
0	774	8250.707161105208	0
0	785	8333.982489259923	1
0	786	8336.982489259923	0
0	806	8510.678679144304	1
0	807	8513.678679144304	0
0	829	8660.129874722074	1
0	830	8663.129874722074	0
0	838	8744.321355952093	1
0	839	8747.321355952093	0
0	840	8759.532064977612	1
0	841	8762.532064977612	0
0	856	8911.217320830901	1
0	857	8914.217320830901	0
0	863	8983.502074380497	1
0	864	8986.502074380497	0
0	876	9095.840056646695	1
0	877	9098.840056646695	0
0	885	9155.498499915726	1
0	886	9158.498499915726	0
0	888	9170.331312658835	1
0	889	9173.331312658835	0
0	891	9206.137355368648	1
0	892	9209.137355368648	0
0	901	9269.277571114474	1
0	903	9272.277571114474	0
0	908	9314.300238509426	1
0	909	9317.300238509426	0
0	914	9328.342843368251	1
0	915	9331.342843368251	0
0	935	9477.536864217325	1
0	938	9480.536864217325	0
0	955	9692.09873309778	1
0	956	9695.09873309778	0
0	963	9744.570771722233	1
0	964	9747.570771722233	0
0	979	9857.905794534941	1
0	980	9860.905794534941	0
0	988	9949.840282939937	1
0	990	9952.840282939937	0
0	998	10025.252705983178	1
0	1000	10028.252705983178	0
0	1007	10084.780688105172	1
0	1008	10087.780688105172	0
0	1021	10196.393069625005	1
0	1022	10199.393069625005	0
0	1023	10216.42420352518	1
0	1025	10219.42420352518	0
0	1038	10372.683089860593	1
0	1040	10375.683089860593	0
0	1071	10871.084746185413	1
0	1072	10874.084746185413	0
0	1082	10997.484156258581	1
0	1083	11000.484156258581	0
0	1086	11093.244248965835	1
0	1087	11096.244248965835	0
0	1098	11231.907852538142	1
0	1099	11234.907852538142	0
0	1104	11320.880871654142	1
0	1106	11323.880871654142	0
0	1109	11368.726503564971	1
0	1110	11371.726503564971	0
0	1139	11619.291181885921	1
0	1140	11622.291181885921	0
0	1145	11681.365861195512	1
0	1147	11684.365861195512	0
0	1164	11857.267343727594	1
0	1165	11860.267343727594	0
0	1167	11896.454508975971	1
0	1170	11899.454508975971	0
0	1175	11997.076324460314	1
0	1177	12000.076324460314	0
0	1178	12000.254652792522	1
0	1180	12003.254652792522	0
0	1204	12211.402692954709	1
0	1205	12214.402692954709	0
0	1228	12352.769140479603	1
0	1229	12355.769140479603	0
0	1230	12378.244453959457	1
0	1231	12381.244453959457	0
0	1239	12438.826123191111	1
0	1240	12441.826123191111	0
0	1254	12626.384472383186	1
0	1255	12629.384472383186	0
0	1256	12695.221907921136	1
0	1257	12698.221907921136	0
0	1258	12701.176233685137	1
0	1259	12704.176233685137	0
0	1276	12948.133694385646	1
0	1277	12951.133694385646	0
0	1284	12982.277641661968	1
0	1285	12985.277641661968	0
0	1289	13051.525957276706	1
0	1292	13054.525957276706	0
0	1300	13148.16680048765	1
0	1301	13151.16680048765	0
0	1330	13356.424586082309	1
0	1332	13359.424586082309	0
0	1367	13574.525812984913	1
0	1368	13577.525812984913	0
0	1384	13663.65909607039	1
0	1385	13666.65909607039	0
0	1386	13671.713326346884	1
0	1387	13674.713326346884	0
0	1407	13817.738654028046	1
0	1408	13820.738654028046	0
0	1409	13857.503594439719	1
0	1410	13860.503594439719	0
0	1414	13894.4548384598	1
0	1415	13897.4548384598	0
0	1423	13968.535619323737	1
0	1424	13971.535619323737	0
0	1426	14010.915416598786	1
0	1427	14013.915416598786	0
0	1438	14125.095917912297	1
0	1439	14128.095917912297	0
0	1443	14181.810457961706	1
0	1444	14184.810457961706	0
0	1476	14615.819654380887	1
0	1477	14618.819654380887	0
0	1491	15022.709525285296	1
0	1492	15025.709525285296	0
0	1506	15279.844845009836	1
0	1507	15282.844845009836	0
0	1550	15607.812695559948	1
0	1553	15610.812695559948	0
0	1558	15656.050804815106	1
0	1559	15659.050804815106	0
0	1574	15885.901863449284	1
0	1575	15888.901863449284	0
0	1577	15907.613656463465	1
0	1578	15910.613656463465	0
0	1594	16166.979528297303	1
0	1595	16169.979528297303	0
0	1597	16254.185056967485	1
0	1598	16257.185056967485	0
0	1615	16507.979650999364	1
0	1616	16510.979650999364	0
0	1622	16544.188597862232	1
0	1623	16547.188597862232	0
0	1624	16552.415347734164	1
0	1625	16555.415347734164	0
0	1627	16592.735254452614	1
0	1628	16595.735254452614	0
0	1654	16771.794122822155	1
0	1656	16774.794122822155	0
0	1662	16823.318997857635	1
0	1663	16826.318997857635	0
0	1697	17099.594326707501	1
0	1698	17102.594326707501	0
0	1699	17103.405133093164	1
0	1700	17106.405133093164	0
0	1703	17113.516279060024	1
0	1704	17116.516279060024	0
0	1707	17137.939790381669	1
0	1708	17140.939790381669	0
0	1735	17542.013803521924	1
0	1736	17545.013803521924	0
0	1744	17827.129992950133	1
0	1746	17830.129992950133	0
0	1758	18116.160955765555	1
0	1759	18119.160955765555	0
0	1766	18213.486101546379	1
0	1767	18216.486101546379	0
0	1780	18328.592094982081	1
0	1781	18331.592094982081	0
0	1796	18556.297813048552	1
0	1798	18559.297813048552	0
0	1823	18923.59515047587	1
0	1825	18926.59515047587	0
0	1835	19022.568405912262	1
0	1836	19025.568405912262	0
0	1840	19035.081085241749	1
0	1841	19038.081085241749	0
0	1842	19063.911467242649	1
0	1843	19066.911467242649	0
0	1857	19219.153493557258	1
0	1859	19222.153493557258	0
0	1875	19333.562800531819	1
0	1876	19336.562800531819	0
0	1885	19422.555801214153	1
0	1886	19425.555801214153	0
0	1895	19502.409801400896	1
0	1896	19505.409801400896	0
0	1904	19583.316351390273	1
0	1905	19586.316351390273	0
0	1907	19634.707881434318	1
0	1908	19637.707881434318	0
0	1922	19773.436944963293	1
0	1924	19776.436944963293	0
0	1926	19799.494127677664	1
0	1927	19802.494127677664	0
0	1941	19944.043963168648	1
0	1942	19944.774228077183	2
0	1943	19947.043963168648	1
0	1944	19953.043963168648	0
1	136	1015.132182726712	3
1	140	1056.52305043605	3
1	166	1259.703226999172	3
1	197	1538.925974497434	3
1	212	1963.047920088134	3
1	245	2523.274334365318	3
1	249	2552.741725404237	3
1	251	2558.634131057581	3
1	256	2596.174540907324	3
1	261	2639.973106909326	3
1	315	3040.013310913344	3
1	318	3052.542752374098	3
1	323	3106.885139797579	3
1	336	3256.361229824384	3
1	340	3336.704227299451	3
1	353	3577.865315112351	3
1	361	3704.484103093578	3
1	372	3816.524040136261	3
1	389	3999.78165070133	3
1	395	4065.345565599988	3
1	400	4104.676155357182	3
1	402	4122.579369657007	3
1	406	4189.430412009484	3
1	418	4334.33461573553	3
1	420	4344.989357418609	3
1	451	4656.77561372763	3
1	468	4787.194960132602	3
1	507	5140.690666560026	3
1	531	5578.626200633087	3
1	549	5829.920538640668	3
1	551	5837.750610747921	3
1	555	5909.733385354902	3
1	558	5925.056795354965	3
1	592	6286.506304299564	3
1	595	6337.639085802646	3
1	599	6376.289900715732	3
1	606	6472.437757485907	3
1	618	6685.29947558259	3
1	628	6881.178570326011	3
1	632	6941.37756021667	3
1	639	6998.615093739354	3
1	649	7091.958905645737	3
1	650	7097.958905645737	6.588612344452
1	654	7118.198425448396	3
1	673	7277.238070808862	3
1	674	7283.238070808862	6.545363993494
1	692	7450.350621970284	3
1	703	7533.698238160192	3
1	720	7648.308302011051	3
1	739	7939.835864880832	3
1	746	7995.9259975759	3
1	760	8115.357947933765	3
1	774	8250.707161105208	3
1	786	8336.982489259923	3
1	807	8513.678679144304	3
1	830	8663.129874722074	3
1	839	8747.321355952093	3
1	841	8762.532064977612	3
1	857	8914.217320830901	3
1	864	8986.502074380497	3
1	877	9098.840056646695	3
1	886	9158.498499915726	3
1	889	9173.331312658835	3
1	892	9209.137355368648	3
1	903	9272.277571114474	3
1	909	9317.300238509426	3
1	915	9331.342843368251	3
1	938	9480.536864217325	3
1	956	9695.09873309778	3
1	964	9747.570771722233	3
1	980	9860.905794534941	3
1	990	9952.840282939937	3
1	1000	10028.252705983178	3
1	1008	10087.780688105172	3
1	1022	10199.393069625005	3
1	1025	10219.42420352518	3
1	1040	10375.683089860593	3
1	1072	10874.084746185413	3
1	1083	11000.484156258581	3
1	1087	11096.244248965835	3
1	1099	11234.907852538142	3
1	1106	11323.880871654142	3
1	1110	11371.726503564971	3
1	1140	11622.291181885921	3
1	1147	11684.365861195512	3
1	1165	11860.267343727594	3
1	1170	11899.454508975971	3
1	1177	12000.076324460314	3
1	1180	12003.254652792522	3
1	1205	12214.402692954709	3
1	1229	12355.769140479603	3
1	1231	12381.244453959457	3
1	1240	12441.826123191111	3
1	1255	12629.384472383186	3
1	1257	12698.221907921136	3
1	1259	12704.176233685137	3
1	1277	12951.133694385646	3
1	1285	12985.277641661968	3
1	1292	13054.525957276706	3
1	1301	13151.16680048765	3
1	1332	13359.424586082309	3
1	1368	13577.525812984913	3
1	1385	13666.65909607039	3
1	1387	13674.713326346884	3
1	1408	13820.738654028046	3
1	1410	13860.503594439719	3
1	1415	13897.4548384598	3
1	1424	13971.535619323737	3
1	1427	14013.915416598786	3
1	1439	14128.095917912297	3
1	1444	14184.810457961706	3
1	1477	14618.819654380887	3
1	1492	15025.709525285296	3
1	1507	15282.844845009836	3
1	1553	15610.812695559948	3
1	1559	15659.050804815106	3
1	1575	15888.901863449284	3
1	1578	15910.613656463465	3
1	1595	16169.979528297303	3
1	1598	16257.185056967485	3
1	1616	16510.979650999364	3
1	1623	16547.188597862232	3
1	1625	16555.415347734164	3
1	1628	16595.735254452614	3
1	1656	16774.794122822155	3
1	1663	16826.318997857635	3
1	1698	17102.594326707501	3
1	1700	17106.405133093164	3
1	1704	17116.516279060024	3
1	1708	17140.939790381669	3
1	1736	17545.013803521924	3
1	1746	17830.129992950133	3
1	1759	18119.160955765555	3
1	1767	18216.486101546379	3
1	1781	18331.592094982081	3
1	1798	18559.297813048552	3
1	1825	18926.59515047587	3
1	1836	19025.568405912262	3
1	1841	19038.081085241749	3
1	1843	19066.911467242649	3
1	1859	19222.153493557258	3
1	1876	19336.562800531819	3
1	1886	19425.555801214153	3
1	1896	19505.409801400896	3
1	1905	19586.316351390273	3
1	1908	19637.707881434318	3
1	1924	19776.436944963293	3
1	1927	19802.494127677664	3
1	1943	19947.043963168648	3
1	1944	19953.043963168648	8.269735091465
2	136	1015.132182726712	14925
2	140	1056.52305043605	14926
2	166	1259.703226999172	14931
2	197	1538.925974497434	14933
2	212	1963.047920088134	14938
2	245	2523.274334365318	14942
2	249	2552.741725404237	14941
2	251	2558.634131057581	14944
2	256	2596.174540907324	14945
2	261	2639.973106909326	14943
2	315	3040.013310913344	14950
2	318	3052.542752374098	14951
2	323	3106.885139797579	14954
2	336	3256.361229824384	14955
2	340	3336.704227299451	14956
2	353	3577.865315112351	14959
2	361	3704.484103093578	14960
2	372	3816.524040136261	14961
2	389	3999.78165070133	14963
2	395	4065.345565599988	14966
2	400	4104.676155357182	14964
2	402	4122.579369657007	14965
2	406	4189.430412009484	14967
2	418	4334.33461573553	14969
2	420	4344.989357418609	14968
2	451	4656.77561372763	14972
2	468	4787.194960132602	14976
2	507	5140.690666560026	14985
2	531	5578.626200633087	14987
2	549	5829.920538640668	14991
2	551	5837.750610747921	14992
2	555	5909.733385354902	14990
2	558	5925.056795354965	14989
2	592	6286.506304299564	14999
2	595	6337.639085802646	14997
2	599	6376.289900715732	14998
2	606	6472.437757485907	15000
2	618	6685.29947558259	15002
2	628	6881.178570326011	15005
2	632	6941.37756021667	15004
2	639	6998.615093739354	15007
2	649	7091.958905645737	15006
2	650	7097.958905645737	15008
2	654	7118.198425448396	15009
2	673	7277.238070808862	15011
2	674	7283.238070808862	15012
2	692	7450.350621970284	15015
2	703	7533.698238160192	15018
2	720	7648.308302011051	15019
2	739	7939.835864880832	15022
2	746	7995.9259975759	15024
2	760	8115.357947933765	15026
2	774	8250.707161105208	15028
2	786	8336.982489259923	15030
2	807	8513.678679144304	15031
2	830	8663.129874722074	15037
2	839	8747.321355952093	15036
2	841	8762.532064977612	15038
2	857	8914.217320830901	15039
2	864	8986.502074380497	15040
2	877	9098.840056646695	15043
2	886	9158.498499915726	15046
2	889	9173.331312658835	15042
2	892	9209.137355368648	15047
2	903	9272.277571114474	15048
2	909	9317.300238509426	15044
2	915	9331.342843368251	15050
2	938	9480.536864217325	15052
2	956	9695.09873309778	15054
2	964	9747.570771722233	15056
2	980	9860.905794534941	15061
2	990	9952.840282939937	15063
2	1000	10028.252705983178	15058
2	1008	10087.780688105172	15064
2	1022	10199.393069625005	15066
2	1025	10219.42420352518	15067
2	1040	10375.683089860593	15069
2	1072	10874.084746185413	15073
2	1083	11000.484156258581	15076
2	1087	11096.244248965835	15075
2	1099	11234.907852538142	15078
2	1106	11323.880871654142	15079
2	1110	11371.726503564971	15080
2	1140	11622.291181885921	15084
2	1147	11684.365861195512	15086
2	1165	11860.267343727594	15085
2	1170	11899.454508975971	15088
2	1177	12000.076324460314	15090
2	1180	12003.254652792522	15089
2	1205	12214.402692954709	15095
2	1229	12355.769140479603	15100
2	1231	12381.244453959457	15098
2	1240	12441.826123191111	15097
2	1255	12629.384472383186	15102
2	1257	12698.221907921136	15103
2	1259	12704.176233685137	15104
2	1277	12951.133694385646	15107
2	1285	12985.277641661968	15108
2	1292	13054.525957276706	15110
2	1301	13151.16680048765	15109
2	1332	13359.424586082309	15113
2	1368	13577.525812984913	15117
2	1385	13666.65909607039	15116
2	1387	13674.713326346884	15124
2	1408	13820.738654028046	15127
2	1410	13860.503594439719	15126
2	1415	13897.4548384598	15125
2	1424	13971.535619323737	15128
2	1427	14013.915416598786	15129
2	1439	14128.095917912297	15131
2	1444	14184.810457961706	15132
2	1477	14618.819654380887	15136
2	1492	15025.709525285296	15138
2	1507	15282.844845009836	15140
2	1553	15610.812695559948	15149
2	1559	15659.050804815106	15145
2	1575	15888.901863449284	15151
2	1578	15910.613656463465	15152
2	1595	16169.979528297303	15155
2	1598	16257.185056967485	15156
2	1616	16510.979650999364	15159
2	1623	16547.188597862232	15160
2	1625	16555.415347734164	15161
2	1628	16595.735254452614	15162
2	1656	16774.794122822155	15165
2	1663	16826.318997857635	15167
2	1698	17102.594326707501	15173
2	1700	17106.405133093164	15174
2	1704	17116.516279060024	15175
2	1708	17140.939790381669	15171
2	1736	17545.013803521924	15176
2	1746	17830.129992950133	15179
2	1759	18119.160955765555	15180
2	1767	18216.486101546379	15183
2	1781	18331.592094982081	15185
2	1798	18559.297813048552	15186
2	1825	18926.59515047587	15191
2	1836	19025.568405912262	15190
2	1841	19038.081085241749	15195
2	1843	19066.911467242649	15192
2	1859	19222.153493557258	15196
2	1876	19336.562800531819	15202
2	1886	19425.555801214153	15200
2	1896	19505.409801400896	15204
2	1905	19586.316351390273	15203
2	1908	19637.707881434318	15205
2	1924	19776.436944963293	15208
2	1927	19802.494127677664	15209
2	1943	19947.043963168648	15212
2	1944	19953.043963168648	15210
3	162	1239.225376745639	1
3	163	1242.225376745639	0
3	168	1266.979688146139	1
3	169	1269.979688146139	0
3	170	1272.890801311107	1
3	171	1275.890801311107	0
3	174	1302.572324757686	1
3	175	1305.572324757686	0
3	182	1359.703226999172	1
3	184	1362.703226999172	0
3	190	1432.925974497434	1
3	191	1435.925974497434	0
3	207	1942.331152786315	1
3	208	1945.331152786315	0
3	209	1946.804681494031	1
3	210	1949.804681494031	0
3	213	2005.388604166628	1
3	214	2008.388604166628	0
3	236	2446.741725404237	1
3	237	2449.741725404237	0
3	239	2455.651021156263	1
3	240	2458.651021156263	0
3	265	2658.634131057581	1
3	266	2661.634131057581	0
3	267	2671.009850146473	1
3	268	2674.009850146473	0
3	304	2934.013310913344	1
3	305	2937.013310913344	0
3	306	2946.542752374098	1
3	307	2949.542752374098	0
3	310	2989.370764634636	1
3	312	2992.370764634636	0
3	329	3175.495975085743	1
3	330	3178.495975085743	0
3	331	3206.885139797579	1
3	332	3209.885139797579	0
3	333	3230.704227299451	1
3	334	3233.704227299451	0
3	350	3561.171428337465	1
3	351	3564.171428337465	0
3	358	3677.865315112351	1
3	359	3680.865315112351	0
3	363	3725.279905319415	1
3	364	3728.279905319415	0
3	369	3804.484103093578	1
3	370	3807.484103093578	0
3	376	3893.78165070133	1
3	378	3896.78165070133	0
3	388	3998.676155357182	1
3	390	4001.676155357182	0
3	391	4016.579369657007	1
3	393	4019.579369657007	0
3	411	4238.989357418609	1
3	412	4241.989357418609	0
3	425	4434.33461573553	1
3	426	4437.33461573553	0
3	433	4509.895283389084	1
3	434	4512.895283389084	0
3	438	4550.77561372763	1
3	439	4553.77561372763	0
3	440	4557.989522580368	1
3	442	4560.989522580368	0
3	459	4711.898269915242	1
3	460	4714.898269915242	0
3	482	4948.360049181111	1
3	483	4951.360049181111	0
3	484	4959.521724547711	1
3	485	4962.521724547711	0
3	486	4969.853900366207	1
3	487	4972.853900366207	0
3	488	5024.129920892734	1
3	490	5027.129920892734	0
3	495	5045.680978444915	1
3	496	5048.680978444915	0
3	502	5128.835630987627	1
3	503	5131.835630987627	0
3	523	5454.530854281589	1
3	524	5457.530854281589	0
3	525	5472.626200633087	1
3	526	5475.626200633087	0
3	546	5819.056795354965	1
3	547	5822.056795354965	0
3	552	5871.053666721945	1
3	553	5874.053666721945	0
3	559	5929.920538640668	1
3	560	5932.920538640668	0
3	561	5937.750610747921	1
3	563	5940.750610747921	0
3	577	6124.819259111679	1
3	578	6127.819259111679	0
3	580	6140.772698082168	1
3	581	6143.772698082168	0
3	596	6366.437757485907	1
3	597	6369.437757485907	0
3	600	6386.506304299564	1
3	601	6389.506304299564	0
3	613	6579.29947558259	1
3	614	6582.29947558259	0
3	624	6835.37756021667	1
3	625	6838.37756021667	0
3	635	6985.958905645737	1
3	636	6988.958905645737	0
3	656	7165.238070808862	1
3	657	7165.954967429837	2
3	658	7168.238070808862	1
3	660	7174.238070808862	0
3	663	7197.958905645737	1
3	664	7200.958905645737	0
3	681	7374.422000471447	1
3	683	7377.422000471447	0
3	686	7394.760250134466	1
3	687	7397.760250134466	0
3	700	7514.909122536042	1
3	701	7517.909122536042	0
3	707	7550.350621970284	1
3	708	7553.350621970284	0
3	717	7638.512824248311	1
3	718	7641.512824248311	0
3	749	8039.835864880832	1
3	750	8042.835864880832	0
3	752	8068.211086173782	1
3	753	8071.211086173782	0
3	756	8097.953464911199	1
3	758	8100.953464911199	0
3	780	8317.603130000263	1
3	782	8320.603130000263	0
3	791	8407.678679144304	1
3	792	8410.678679144304	0
3	800	8436.982489259923	1
3	801	8439.982489259923	0
3	803	8476.026315804081	1
3	804	8479.026315804081	0
3	822	8622.000388585154	1
3	823	8625.000388585154	0
3	824	8635.321355952093	1
3	825	8635.514647628372	2
3	826	8638.321355952093	1
3	827	8644.321355952093	0
3	842	8763.129874722074	1
3	843	8766.129874722074	0
3	846	8808.217320830901	1
3	847	8811.217320830901	0
3	851	8862.532064977612	1
3	852	8865.532064977612	0
3	854	8880.502074380497	1
3	855	8883.502074380497	0
3	893	9211.300238509426	1
3	894	9214.300238509426	0
3	920	9374.536864217325	1
3	923	9377.536864217325	0
3	930	9431.342843368251	1
3	931	9434.342843368251	0
3	933	9475.252909165765	1
3	936	9478.252909165765	0
3	948	9589.09873309778	1
3	949	9592.09873309778	0
3	953	9641.570771722233	1
3	954	9644.570771722233	0
3	957	9710.276008768144	1
3	958	9713.276008768144	0
3	961	9736.932398208723	1
3	962	9739.932398208723	0
3	984	9922.252705983178	1
3	986	9925.252705983178	0
3	1010	10115.045869935114	1
3	1012	10118.045869935114	0
3	1032	10299.393069625005	1
3	1033	10302.393069625005	0
3	1048	10492.352487197091	1
3	1049	10495.352487197091	0
3	1063	10768.084746185413	1
3	1064	10771.084746185413	0
3	1066	10792.192383717033	1
3	1068	10795.192383717033	0
3	1080	10990.244248965835	1
3	1081	10993.244248965835	0
3	1103	11317.980421497878	1
3	1105	11320.980421497878	0
3	1122	11501.788220682752	1
3	1123	11504.788220682752	0
3	1137	11613.676643774326	1
3	1138	11616.676643774326	0
3	1146	11683.726503564971	1
3	1148	11686.726503564971	0
3	1154	11754.267343727594	1
3	1155	11757.267343727594	0
3	1169	11897.254652792522	1
3	1171	11900.254652792522	0
3	1176	11999.454508975971	1
3	1179	12002.454508975971	0
3	1201	12196.478387648366	1
3	1202	12199.478387648366	0
3	1208	12228.298365049569	1
3	1210	12231.298365049569	0
3	1215	12275.244453959457	1
3	1216	12278.244453959457	0
3	1217	12290.485211988667	1
3	1218	12293.485211988667	0
3	1226	12335.826123191111	1
3	1227	12338.826123191111	0
3	1247	12523.384472383186	1
3	1248	12526.384472383186	0
3	1263	12798.221907921136	1
3	1264	12801.221907921136	0
3	1265	12804.176233685137	1
3	1266	12807.176233685137	0
3	1286	13045.16680048765	1
3	1287	13048.16680048765	0
3	1295	13081.943046239975	1
3	1296	13084.943046239975	0
3	1313	13225.307187207366	1
3	1314	13228.307187207366	0
3	1316	13253.424586082309	1
3	1318	13256.424586082309	0
3	1338	13422.540158454335	1
3	1339	13425.540158454335	0
3	1356	13532.628291697917	1
3	1357	13535.367684950253	2
3	1358	13535.628291697917	1
3	1359	13541.628291697917	0
3	1363	13560.65909607039	1
3	1365	13563.65909607039	0
3	1371	13624.842427577728	1
3	1373	13627.842427577728	0
3	1382	13654.814301015255	1
3	1383	13657.814301015255	0
3	1397	13754.503594439719	1
3	1398	13757.503594439719	0
3	1402	13774.713326346884	1
3	1403	13777.713326346884	0
3	1404	13791.4548384598	1
3	1405	13794.4548384598	0
3	1416	13907.915416598786	1
3	1417	13910.915416598786	0
3	1482	14754.666339117885	1
3	1483	14757.666339117885	0
3	1499	15176.844845009836	1
3	1500	15179.844845009836	0
3	1526	15456.90712334451	1
3	1528	15459.90712334451	0
3	1540	15526.413407948013	1
3	1541	15529.413407948013	0
3	1542	15553.050804815106	1
3	1543	15556.050804815106	0
3	1545	15562.832216952355	1
3	1546	15565.832216952355	0
3	1548	15573.540083780591	1
3	1549	15576.540083780591	0
3	1563	15710.812695559948	1
3	1566	15713.812695559948	0
3	1584	16010.613656463465	1
3	1585	16013.613656463465	0
3	1589	16104.090225270321	1
3	1590	16107.090225270321	0
3	1599	16269.979528297303	1
3	1600	16272.979528297303	0
3	1603	16357.185056967485	1
3	1604	16360.185056967485	0
3	1631	16614.053520065548	1
3	1632	16617.053520065548	0
3	1633	16635.560660857029	1
3	1634	16638.560660857029	0
3	1635	16638.716079010913	1
3	1636	16641.716079010913	0
3	1642	16690.215890786574	1
3	1643	16693.215890786574	0
3	1680	16980.322172042055	1
3	1681	16983.322172042055	0
3	1684	17004.434142822494	1
3	1685	17007.434142822494	0
3	1690	17034.939790381669	1
3	1691	17037.939790381669	0
3	1712	17202.594326707501	1
3	1713	17205.594326707501	0
3	1731	17439.013803521924	1
3	1732	17442.013803521924	0
3	1737	17577.863477997435	1
3	1738	17580.863477997435	0
3	1747	17928.838434673356	1
3	1749	17931.838434673356	0
3	1773	18272.958511127188	1
3	1774	18275.958511127188	0
3	1777	18316.486101546379	1
3	1778	18319.486101546379	0
3	1782	18338.046655407449	1
3	1783	18341.046655407449	0
3	1785	18400.071914489542	1
3	1786	18403.071914489542	0
3	1802	18657.805057880174	1
3	1804	18660.805057880174	0
3	1828	18960.911467242649	1
3	1829	18963.911467242649	0
3	1832	18995.248270046424	1
3	1833	18998.248270046424	0
3	1873	19330.394706961514	1
3	1874	19333.394706961514	0
3	1891	19454.919196728442	1
3	1892	19457.919196728442	0
3	1893	19480.316351390273	1
3	1894	19483.316351390273	0
3	1898	19531.707881434318	1
3	1899	19534.707881434318	0
3	1947	19992.975560783856	1
3	1948	19995.975560783856	0
4	163	1242.225376745639	3
4	169	1269.979688146139	3
4	171	1275.890801311107	3
4	175	1305.572324757686	3
4	184	1362.703226999172	3
4	191	1435.925974497434	3
4	208	1945.331152786315	3
4	210	1949.804681494031	3
4	214	2008.388604166628	3
4	237	2449.741725404237	3
4	240	2458.651021156263	3
4	266	2661.634131057581	3
4	268	2674.009850146473	3
4	305	2937.013310913344	3
4	307	2949.542752374098	3
4	312	2992.370764634636	3
4	330	3178.495975085743	3
4	332	3209.885139797579	3
4	334	3233.704227299451	3
4	351	3564.171428337465	3
4	359	3680.865315112351	3
4	364	3728.279905319415	3
4	370	3807.484103093578	3
4	378	3896.78165070133	3
4	390	4001.676155357182	3
4	393	4019.579369657007	3
4	412	4241.989357418609	3
4	426	4437.33461573553	3
4	434	4512.895283389084	3
4	439	4553.77561372763	3
4	442	4560.989522580368	3
4	460	4714.898269915242	3
4	483	4951.360049181111	3
4	485	4962.521724547711	3
4	487	4972.853900366207	3
4	490	5027.129920892734	3
4	496	5048.680978444915	3
4	503	5131.835630987627	3
4	524	5457.530854281589	3
4	526	5475.626200633087	3
4	547	5822.056795354965	3
4	553	5874.053666721945	3
4	560	5932.920538640668	3
4	563	5940.750610747921	3
4	578	6127.819259111679	3
4	581	6143.772698082168	3
4	597	6369.437757485907	3
4	601	6389.506304299564	3
4	614	6582.29947558259	3
4	625	6838.37756021667	3
4	636	6988.958905645737	3
4	658	7168.238070808862	3
4	660	7174.238070808862	8.283103379025
4	664	7200.958905645737	3
4	683	7377.422000471447	3
4	687	7397.760250134466	3
4	701	7517.909122536042	3
4	708	7553.350621970284	3
4	718	7641.512824248311	3
4	750	8042.835864880832	3
4	753	8071.211086173782	3
4	758	8100.953464911199	3
4	782	8320.603130000263	3
4	792	8410.678679144304	3
4	801	8439.982489259923	3
4	804	8479.026315804081	3
4	823	8625.000388585154	3
4	826	8638.321355952093	3
4	827	8644.321355952093	8.806708323721
4	843	8766.129874722074	3
4	847	8811.217320830901	3
4	852	8865.532064977612	3
4	855	8883.502074380497	3
4	894	9214.300238509426	3
4	923	9377.536864217325	3
4	931	9434.342843368251	3
4	936	9478.252909165765	3
4	949	9592.09873309778	3
4	954	9644.570771722233	3
4	958	9713.276008768144	3
4	962	9739.932398208723	3
4	986	9925.252705983178	3
4	1012	10118.045869935114	3
4	1033	10302.393069625005	3
4	1049	10495.352487197091	3
4	1064	10771.084746185413	3
4	1068	10795.192383717033	3
4	1081	10993.244248965835	3
4	1105	11320.980421497878	3
4	1123	11504.788220682752	3
4	1138	11616.676643774326	3
4	1148	11686.726503564971	3
4	1155	11757.267343727594	3
4	1171	11900.254652792522	3
4	1179	12002.454508975971	3
4	1202	12199.478387648366	3
4	1210	12231.298365049569	3
4	1216	12278.244453959457	3
4	1218	12293.485211988667	3
4	1227	12338.826123191111	3
4	1248	12526.384472383186	3
4	1264	12801.221907921136	3
4	1266	12807.176233685137	3
4	1287	13048.16680048765	3
4	1296	13084.943046239975	3
4	1314	13228.307187207366	3
4	1318	13256.424586082309	3
4	1339	13425.540158454335	3
4	1358	13535.628291697917	3
4	1359	13541.628291697917	6.260606747664
4	1365	13563.65909607039	3
4	1373	13627.842427577728	3
4	1383	13657.814301015255	3
4	1398	13757.503594439719	3
4	1403	13777.713326346884	3
4	1405	13794.4548384598	3
4	1417	13910.915416598786	3
4	1483	14757.666339117885	3
4	1500	15179.844845009836	3
4	1528	15459.90712334451	3
4	1541	15529.413407948013	3
4	1543	15556.050804815106	3
4	1546	15565.832216952355	3
4	1549	15576.540083780591	3
4	1566	15713.812695559948	3
4	1585	16013.613656463465	3
4	1590	16107.090225270321	3
4	1600	16272.979528297303	3
4	1604	16360.185056967485	3
4	1632	16617.053520065548	3
4	1634	16638.560660857029	3
4	1636	16641.716079010913	3
4	1643	16693.215890786574	3
4	1681	16983.322172042055	3
4	1685	17007.434142822494	3
4	1691	17037.939790381669	3
4	1713	17205.594326707501	3
4	1732	17442.013803521924	3
4	1738	17580.863477997435	3
4	1749	17931.838434673356	3
4	1774	18275.958511127188	3
4	1778	18319.486101546379	3
4	1783	18341.046655407449	3
4	1786	18403.071914489542	3
4	1804	18660.805057880174	3
4	1829	18963.911467242649	3
4	1833	18998.248270046424	3
4	1874	19333.394706961514	3
4	1892	19457.919196728442	3
4	1894	19483.316351390273	3
4	1899	19534.707881434318	3
4	1948	19995.975560783856	3
5	163	1242.225376745639	14930
5	169	1269.979688146139	14928
5	171	1275.890801311107	14927
5	175	1305.572324757686	14929
5	184	1362.703226999172	14931
5	191	1435.925974497434	14933
5	208	1945.331152786315	14936
5	210	1949.804681494031	14937
5	214	2008.388604166628	14935
5	237	2449.741725404237	14941
5	240	2458.651021156263	14939
5	266	2661.634131057581	14944
5	268	2674.009850146473	14946
5	305	2937.013310913344	14950
5	307	2949.542752374098	14951
5	312	2992.370764634636	14952
5	330	3178.495975085743	14953
5	332	3209.885139797579	14954
5	334	3233.704227299451	14956
5	351	3564.171428337465	14957
5	359	3680.865315112351	14959
5	364	3728.279905319415	14958
5	370	3807.484103093578	14960
5	378	3896.78165070133	14963
5	390	4001.676155357182	14964
5	393	4019.579369657007	14965
5	412	4241.989357418609	14968
5	426	4437.33461573553	14969
5	434	4512.895283389084	14970
5	439	4553.77561372763	14972
5	442	4560.989522580368	14973
5	460	4714.898269915242	14977
5	483	4951.360049181111	14980
5	485	4962.521724547711	14978
5	487	4972.853900366207	14981
5	490	5027.129920892734	14979
5	496	5048.680978444915	14984
5	503	5131.835630987627	14982
5	524	5457.530854281589	14986
5	526	5475.626200633087	14987
5	547	5822.056795354965	14989
5	553	5874.053666721945	14993
5	560	5932.920538640668	14991
5	563	5940.750610747921	14992
5	578	6127.819259111679	14996
5	581	6143.772698082168	14995
5	597	6369.437757485907	15000
5	601	6389.506304299564	14999
5	614	6582.29947558259	15002
5	625	6838.37756021667	15004
5	636	6988.958905645737	15006
5	658	7168.238070808862	15010
5	660	7174.238070808862	15011
5	664	7200.958905645737	15008
5	683	7377.422000471447	15013
5	687	7397.760250134466	15014
5	701	7517.909122536042	15017
5	708	7553.350621970284	15015
5	718	7641.512824248311	15020
5	750	8042.835864880832	15022
5	753	8071.211086173782	15023
5	758	8100.953464911199	15025
5	782	8320.603130000263	15029
5	792	8410.678679144304	15031
5	801	8439.982489259923	15030
5	804	8479.026315804081	15034
5	823	8625.000388585154	15032
5	826	8638.321355952093	15033
5	827	8644.321355952093	15036
5	843	8766.129874722074	15037
5	847	8811.217320830901	15039
5	852	8865.532064977612	15038
5	855	8883.502074380497	15040
5	894	9214.300238509426	15044
5	923	9377.536864217325	15052
5	931	9434.342843368251	15050
5	936	9478.252909165765	15051
5	949	9592.09873309778	15054
5	954	9644.570771722233	15056
5	958	9713.276008768144	15055
5	962	9739.932398208723	15057
5	986	9925.252705983178	15058
5	1012	10118.045869935114	15062
5	1033	10302.393069625005	15066
5	1049	10495.352487197091	15070
5	1064	10771.084746185413	15073
5	1068	10795.192383717033	15071
5	1081	10993.244248965835	15075
5	1105	11320.980421497878	15077
5	1123	11504.788220682752	15081
5	1138	11616.676643774326	15082
5	1148	11686.726503564971	15083
5	1155	11757.267343727594	15085
5	1171	11900.254652792522	15089
5	1179	12002.454508975971	15088
5	1202	12199.478387648366	15094
5	1210	12231.298365049569	15096
5	1216	12278.244453959457	15098
5	1218	12293.485211988667	15099
5	1227	12338.826123191111	15097
5	1248	12526.384472383186	15102
5	1264	12801.221907921136	15103
5	1266	12807.176233685137	15104
5	1287	13048.16680048765	15109
5	1296	13084.943046239975	15106
5	1314	13228.307187207366	15112
5	1318	13256.424586082309	15113
5	1339	13425.540158454335	15114
5	1358	13535.628291697917	15119
5	1359	13541.628291697917	15120
5	1365	13563.65909607039	15116
5	1373	13627.842427577728	15122
5	1383	13657.814301015255	15121
5	1398	13757.503594439719	15126
5	1403	13777.713326346884	15124
5	1405	13794.4548384598	15125
5	1417	13910.915416598786	15129
5	1483	14757.666339117885	15137
5	1500	15179.844845009836	15140
5	1528	15459.90712334451	15141
5	1541	15529.413407948013	15142
5	1543	15556.050804815106	15145
5	1546	15565.832216952355	15143
5	1549	15576.540083780591	15146
5	1566	15713.812695559948	15149
5	1585	16013.613656463465	15152
5	1590	16107.090225270321	15153
5	1600	16272.979528297303	15155
5	1604	16360.185056967485	15156
5	1632	16617.053520065548	15157
5	1634	16638.560660857029	15163
5	1636	16641.716079010913	15158
5	1643	16693.215890786574	15164
5	1681	16983.322172042055	15166
5	1685	17007.434142822494	15169
5	1691	17037.939790381669	15171
5	1713	17205.594326707501	15173
5	1732	17442.013803521924	15176
5	1738	17580.863477997435	15177
5	1749	17931.838434673356	15178
5	1774	18275.958511127188	15182
5	1778	18319.486101546379	15183
5	1783	18341.046655407449	15181
5	1786	18403.071914489542	15184
5	1804	18660.805057880174	15188
5	1829	18963.911467242649	15192
5	1833	18998.248270046424	15194
5	1874	19333.394706961514	15201
5	1892	19457.919196728442	15198
5	1894	19483.316351390273	15203
5	1899	19534.707881434318	15205
5	1948	19995.975560783856	15211
6	152	1163.979688146139	1
6	153	1166.979688146139	0
6	154	1169.890801311107	1
6	155	1172.890801311107	0
6	157	1199.572324757686	1
6	158	1202.572324757686	0
6	165	1259.52305043605	1
6	167	1262.52305043605	0
6	176	1329.925974497434	1
6	177	1332.925974497434	0
6	180	1342.225376745639	1
6	181	1345.225376745639	0
6	187	1386.404241536177	1
6	188	1389.404241536177	0
6	205	1902.388604166628	1
6	206	1905.388604166628	0
6	215	2045.331152786315	1
6	216	2048.331152786315	0
6	217	2049.804681494031	1
6	218	2052.804681494031	0
6	230	2352.651021156263	1
6	231	2355.651021156263	0
6	241	2472.206305866853	1
6	242	2475.206305866853	0
6	274	2726.274334365318	1
6	275	2729.274334365318	0
6	284	2783.392708030922	1
6	286	2786.392708030922	0
6	287	2799.174540907324	1
6	288	2802.174540907324	0
6	289	2805.174540907324	1
6	290	2808.174540907324	0
6	292	2831.013310913344	1
6	293	2834.013310913344	0
6	294	2843.542752374098	1
6	295	2846.542752374098	0
6	296	2854.453153212872	1
6	297	2857.453153212872	0
6	298	2886.370764634636	1
6	300	2889.370764634636	0
6	319	3072.495975085743	1
6	320	3075.495975085743	0
6	345	3458.171428337465	1
6	346	3461.171428337465	0
6	355	3622.279905319415	1
6	356	3625.279905319415	0
6	377	3895.676155357182	1
6	379	3898.676155357182	0
6	385	3988.914828635087	1
6	386	3991.914828635087	0
6	423	4406.895283389084	1
6	424	4409.895283389084	0
6	430	4457.545354028381	1
6	432	4460.545354028381	0
6	448	4635.58107343499	1
6	449	4638.58107343499	0
6	452	4660.989522580368	1
6	454	4663.989522580368	0
6	455	4665.184590077475	1
6	456	4668.184590077475	0
6	472	4856.521724547711	1
6	473	4859.521724547711	0
6	477	4921.129920892734	1
6	478	4924.129920892734	0
6	489	5025.835630987627	1
6	491	5028.835630987627	0
6	497	5051.360049181111	1
6	498	5054.360049181111	0
6	504	5135.211520098577	1
6	506	5138.211520098577	0
6	508	5148.680978444915	1
6	509	5151.680978444915	0
6	517	5343.690666560026	1
6	518	5346.690666560026	0
6	519	5351.530854281589	1
6	520	5354.530854281589	0
6	535	5680.007741570468	1
6	536	5683.007741570468	0
6	538	5716.056795354965	1
6	539	5719.056795354965	0
6	564	5974.053666721945	1
6	565	5977.053666721945	0
6	567	6019.187171423766	1
6	568	6022.187171423766	0
6	572	6037.772698082168	1
6	574	6040.772698082168	0
6	602	6400.021332448939	1
6	603	6403.021332448939	0
6	620	6766.853881625653	1
6	621	6769.853881625653	0
6	665	7201.615093739354	1
6	666	7204.615093739354	0
6	668	7268.238070808862	1
6	669	7271.238070808862	0
6	695	7477.422000471447	1
6	697	7480.422000471447	0
6	698	7497.760250134466	1
6	699	7500.760250134466	0
6	709	7564.07902839646	1
6	710	7567.07902839646	0
6	713	7617.909122536042	1
6	714	7620.909122536042	0
6	724	7736.698238160192	1
6	725	7739.698238160192	0
6	726	7741.512824248311	1
6	727	7744.512824248311	0
6	733	7848.484934689541	1
6	734	7851.484934689541	0
6	742	7965.211086173782	1
6	743	7968.211086173782	0
6	745	7994.953464911199	1
6	747	7997.953464911199	0
6	764	8175.643647833735	1
6	765	8178.643647833735	0
6	766	8198.9259975759	1
6	768	8201.9259975759	0
6	781	8318.357947933765	1
6	783	8321.357947933765	0
6	795	8420.603130000263	1
6	797	8423.603130000263	0
6	808	8519.000388585154	1
6	809	8522.000388585154	0
6	811	8532.321355952093	1
6	812	8535.321355952093	0
6	816	8579.026315804081	1
6	817	8582.026315804081	0
6	818	8597.159687115161	1
6	819	8600.159687115161	0
6	858	8923.150055682953	1
6	859	8926.150055682953	0
6	879	9108.300238509426	1
6	880	9111.300238509426	0
6	881	9115.175396560021	1
6	883	9118.175396560021	0
6	912	9322.745479939463	1
6	913	9325.745479939463	0
6	916	9361.498499915726	1
6	917	9364.498499915726	0
6	918	9372.252909165765	1
6	921	9375.252909165765	0
6	934	9475.277571114474	1
6	937	9478.277571114474	0
6	950	9607.276008768144	1
6	951	9610.276008768144	0
6	970	9819.252705983178	1
6	972	9822.252705983178	0
6	985	9924.708134049783	1
6	987	9927.708134049783	0
6	989	9951.796854509954	1
6	991	9954.796854509954	0
6	996	10012.045869935114	1
6	997	10015.045869935114	0
6	1004	10063.905794534941	1
6	1005	10066.905794534941	0
6	1015	10155.840282939937	1
6	1016	10158.840282939937	0
6	1029	10271.258698211063	1
6	1031	10274.258698211063	0
6	1036	10354.201688250018	1
6	1037	10357.201688250018	0
6	1043	10422.42420352518	1
6	1044	10425.42420352518	0
6	1054	10595.352487197091	1
6	1055	10598.352487197091	0
6	1057	10689.192383717033	1
6	1058	10691.003597906139	2
6	1059	10692.192383717033	1
6	1060	10695.192383717033	0
6	1069	10833.774055919332	1
6	1070	10836.774055919332	0
6	1073	10887.244248965835	1
6	1074	10890.244248965835	0
6	1095	11214.980421497878	1
6	1096	11217.980421497878	0
6	1111	11398.788220682752	1
6	1112	11401.788220682752	0
6	1124	11510.676643774326	1
6	1125	11513.676643774326	0
6	1127	11526.880871654142	1
6	1128	11529.880871654142	0
6	1130	11574.726503564971	1
6	1131	11575.788603092711	2
6	1132	11577.726503564971	1
6	1134	11583.726503564971	0
6	1142	11651.267343727594	1
6	1143	11654.267343727594	0
6	1161	11798.332352452766	1
6	1162	11801.332352452766	0
6	1181	12019.092164447897	1
6	1182	12022.092164447897	0
6	1192	12122.731313831131	1
6	1194	12125.731313831131	0
6	1197	12135.30359196921	1
6	1198	12138.30359196921	0
6	1211	12232.826123191111	1
6	1212	12235.826123191111	0
6	1219	12299.478387648366	1
6	1220	12302.478387648366	0
6	1224	12331.298365049569	1
6	1225	12334.298365049569	0
6	1232	12393.485211988667	1
6	1233	12396.485211988667	0
6	1235	12407.972556878775	1
6	1236	12410.972556878775	0
6	1268	12873.376660553421	1
6	1270	12876.376660553421	0
6	1281	12978.943046239975	1
6	1283	12981.943046239975	0
6	1303	13154.133694385646	1
6	1305	13157.133694385646	0
6	1307	13160.133694385646	1
6	1308	13163.133694385646	0
6	1310	13188.277641661968	1
6	1311	13191.277641661968	0
6	1320	13257.525957276706	1
6	1321	13260.525957276706	0
6	1325	13319.540158454335	1
6	1326	13322.540158454335	0
6	1327	13328.307187207366	1
6	1328	13331.307187207366	0
6	1344	13457.65909607039	1
6	1346	13460.65909607039	0
6	1350	13492.46739767474	1
6	1351	13495.46739767474	0
6	1352	13522.31233238194	1
6	1354	13525.31233238194	0
6	1361	13551.814301015255	1
6	1362	13554.814301015255	0
6	1375	13635.628291697917	1
6	1376	13638.628291697917	0
6	1377	13641.628291697917	1
6	1378	13644.628291697917	0
6	1379	13645.459100587033	1
6	1380	13648.459100587033	0
6	1389	13688.4548384598	1
6	1390	13691.4548384598	0
6	1440	14141.362728675063	1
6	1441	14144.362728675063	0
6	1456	14331.095917912297	1
6	1457	14334.095917912297	0
6	1459	14367.787529533474	1
6	1460	14370.787529533474	0
6	1461	14387.810457961706	1
6	1462	14390.810457961706	0
6	1465	14441.515925035864	1
6	1466	14444.515925035864	0
6	1479	14651.666339117885	1
6	1480	14654.666339117885	0
6	1489	14959.271819260601	1
6	1490	14962.271819260601	0
6	1511	15353.90712334451	1
6	1513	15356.90712334451	0
6	1515	15364.393469792162	1
6	1516	15367.393469792162	0
6	1522	15423.413407948013	1
6	1523	15426.413407948013	0
6	1524	15450.050804815106	1
6	1525	15453.050804815106	0
6	1527	15459.832216952355	1
6	1529	15462.832216952355	0
6	1532	15470.540083780591	1
6	1533	15473.540083780591	0
6	1538	15511.597430369228	1
6	1539	15514.597430369228	0
6	1551	15607.945500327093	1
6	1554	15610.945500327093	0
6	1562	15709.228948384016	1
6	1565	15712.228948384016	0
6	1582	16001.090225270321	1
6	1583	16004.090225270321	0
6	1617	16511.053520065548	1
6	1618	16514.053520065548	0
6	1620	16535.716079010913	1
6	1621	16538.716079010913	0
6	1646	16713.979650999364	1
6	1647	16716.979650999364	0
6	1650	16738.560660857029	1
6	1651	16741.560660857029	0
6	1658	16793.215890786574	1
6	1659	16796.215890786574	0
6	1667	16877.322172042055	1
6	1669	16880.322172042055	0
6	1692	17051.732953132093	1
6	1693	17054.732953132093	0
6	1701	17107.434142822494	1
6	1702	17110.434142822494	0
6	1705	17133.394190973172	1
6	1706	17136.394190973172	0
6	1710	17164.702828826057	1
6	1711	17167.702828826057	0
6	1727	17336.013803521924	1
6	1728	17339.013803521924	0
6	1733	17474.863477997435	1
6	1734	17477.863477997435	0
6	1743	17825.838434673356	1
6	1745	17828.838434673356	0
6	1754	18033.129992950133	1
6	1755	18036.129992950133	0
6	1763	18169.958511127188	1
6	1764	18172.958511127188	0
6	1771	18235.046655407449	1
6	1772	18238.046655407449	0
6	1775	18297.071914489542	1
6	1776	18300.071914489542	0
6	1794	18534.592094982081	1
6	1795	18537.592094982081	0
6	1806	18704.339951788475	1
6	1807	18707.339951788475	0
6	1809	18760.805057880174	1
6	1811	18763.805057880174	0
6	1814	18821.53623479315	1
6	1816	18824.53623479315	0
6	1830	18975.908775837836	1
6	1831	18978.908775837836	0
6	1855	19175.588766574488	1
6	1856	19178.588766574488	0
6	1877	19351.919196728442	1
6	1878	19354.919196728442	0
6	1880	19377.316351390273	1
6	1881	19380.316351390273	0
6	1888	19433.394706961514	1
6	1889	19436.394706961514	0
6	1910	19668.560231009819	1
6	1912	19671.560231009819	0
6	1919	19768.854182083152	1
6	1921	19771.854182083152	0
6	1936	19889.975560783856	1
6	1937	19892.975560783856	0
7	153	1166.979688146139	3
7	155	1172.890801311107	3
7	158	1202.572324757686	3
7	167	1262.52305043605	3
7	177	1332.925974497434	3
7	181	1345.225376745639	3
7	188	1389.404241536177	3
7	206	1905.388604166628	3
7	216	2048.331152786315	3
7	218	2052.804681494031	3
7	231	2355.651021156263	3
7	242	2475.206305866853	3
7	275	2729.274334365318	3
7	286	2786.392708030922	3
7	288	2802.174540907324	3
7	290	2808.174540907324	3
7	293	2834.013310913344	3
7	295	2846.542752374098	3
7	297	2857.453153212872	3
7	300	2889.370764634636	3
7	320	3075.495975085743	3
7	346	3461.171428337465	3
7	356	3625.279905319415	3
7	379	3898.676155357182	3
7	386	3991.914828635087	3
7	424	4409.895283389084	3
7	432	4460.545354028381	3
7	449	4638.58107343499	3
7	454	4663.989522580368	3
7	456	4668.184590077475	3
7	473	4859.521724547711	3
7	478	4924.129920892734	3
7	491	5028.835630987627	3
7	498	5054.360049181111	3
7	506	5138.211520098577	3
7	509	5151.680978444915	3
7	518	5346.690666560026	3
7	520	5354.530854281589	3
7	536	5683.007741570468	3
7	539	5719.056795354965	3
7	565	5977.053666721945	3
7	568	6022.187171423766	3
7	574	6040.772698082168	3
7	603	6403.021332448939	3
7	621	6769.853881625653	3
7	666	7204.615093739354	3
7	669	7271.238070808862	3
7	697	7480.422000471447	3
7	699	7500.760250134466	3
7	710	7567.07902839646	3
7	714	7620.909122536042	3
7	725	7739.698238160192	3
7	727	7744.512824248311	3
7	734	7851.484934689541	3
7	743	7968.211086173782	3
7	747	7997.953464911199	3
7	765	8178.643647833735	3
7	768	8201.9259975759	3
7	783	8321.357947933765	3
7	797	8423.603130000263	3
7	809	8522.000388585154	3
7	812	8535.321355952093	3
7	817	8582.026315804081	3
7	819	8600.159687115161	3
7	859	8926.150055682953	3
7	880	9111.300238509426	3
7	883	9118.175396560021	3
7	913	9325.745479939463	3
7	917	9364.498499915726	3
7	921	9375.252909165765	3
7	937	9478.277571114474	3
7	951	9610.276008768144	3
7	972	9822.252705983178	3
7	987	9927.708134049783	3
7	991	9954.796854509954	3
7	997	10015.045869935114	3
7	1005	10066.905794534941	3
7	1016	10158.840282939937	3
7	1031	10274.258698211063	3
7	1037	10357.201688250018	3
7	1044	10425.42420352518	3
7	1055	10598.352487197091	3
7	1059	10692.192383717033	3
7	1060	10695.192383717033	4.188785810894
7	1070	10836.774055919332	3
7	1074	10890.244248965835	3
7	1096	11217.980421497878	3
7	1112	11401.788220682752	3
7	1125	11513.676643774326	3
7	1128	11529.880871654142	3
7	1132	11577.726503564971	3
7	1134	11583.726503564971	7.93790047226
7	1143	11654.267343727594	3
7	1162	11801.332352452766	3
7	1182	12022.092164447897	3
7	1194	12125.731313831131	3
7	1198	12138.30359196921	3
7	1212	12235.826123191111	3
7	1220	12302.478387648366	3
7	1225	12334.298365049569	3
7	1233	12396.485211988667	3
7	1236	12410.972556878775	3
7	1270	12876.376660553421	3
7	1283	12981.943046239975	3
7	1305	13157.133694385646	3
7	1308	13163.133694385646	3
7	1311	13191.277641661968	3
7	1321	13260.525957276706	3
7	1326	13322.540158454335	3
7	1328	13331.307187207366	3
7	1346	13460.65909607039	3
7	1351	13495.46739767474	3
7	1354	13525.31233238194	3
7	1362	13554.814301015255	3
7	1376	13638.628291697917	3
7	1378	13644.628291697917	3
7	1380	13648.459100587033	3
7	1390	13691.4548384598	3
7	1441	14144.362728675063	3
7	1457	14334.095917912297	3
7	1460	14370.787529533474	3
7	1462	14390.810457961706	3
7	1466	14444.515925035864	3
7	1480	14654.666339117885	3
7	1490	14962.271819260601	3
7	1513	15356.90712334451	3
7	1516	15367.393469792162	3
7	1523	15426.413407948013	3
7	1525	15453.050804815106	3
7	1529	15462.832216952355	3
7	1533	15473.540083780591	3
7	1539	15514.597430369228	3
7	1554	15610.945500327093	3
7	1565	15712.228948384016	3
7	1583	16004.090225270321	3
7	1618	16514.053520065548	3
7	1621	16538.716079010913	3
7	1647	16716.979650999364	3
7	1651	16741.560660857029	3
7	1659	16796.215890786574	3
7	1669	16880.322172042055	3
7	1693	17054.732953132093	3
7	1702	17110.434142822494	3
7	1706	17136.394190973172	3
7	1711	17167.702828826057	3
7	1728	17339.013803521924	3
7	1734	17477.863477997435	3
7	1745	17828.838434673356	3
7	1755	18036.129992950133	3
7	1764	18172.958511127188	3
7	1772	18238.046655407449	3
7	1776	18300.071914489542	3
7	1795	18537.592094982081	3
7	1807	18707.339951788475	3
7	1811	18763.805057880174	3
7	1816	18824.53623479315	3
7	1831	18978.908775837836	3
7	1856	19178.588766574488	3
7	1878	19354.919196728442	3
7	1881	19380.316351390273	3
7	1889	19436.394706961514	3
7	1912	19671.560231009819	3
7	1921	19771.854182083152	3
7	1937	19892.975560783856	3
8	153	1166.979688146139	14928
8	155	1172.890801311107	14927
8	158	1202.572324757686	14929
8	167	1262.52305043605	14926
8	177	1332.925974497434	14933
8	181	1345.225376745639	14930
8	188	1389.404241536177	14932
8	206	1905.388604166628	14935
8	216	2048.331152786315	14936
8	218	2052.804681494031	14937
8	231	2355.651021156263	14939
8	242	2475.206305866853	14940
8	275	2729.274334365318	14942
8	286	2786.392708030922	14949
8	288	2802.174540907324	14945
8	290	2808.174540907324	14947
8	293	2834.013310913344	14950
8	295	2846.542752374098	14951
8	297	2857.453153212872	14948
8	300	2889.370764634636	14952
8	320	3075.495975085743	14953
8	346	3461.171428337465	14957
8	356	3625.279905319415	14958
8	379	3898.676155357182	14964
8	386	3991.914828635087	14962
8	424	4409.895283389084	14970
8	432	4460.545354028381	14971
8	449	4638.58107343499	14974
8	454	4663.989522580368	14973
8	456	4668.184590077475	14975
8	473	4859.521724547711	14978
8	478	4924.129920892734	14979
8	491	5028.835630987627	14982
8	498	5054.360049181111	14980
8	506	5138.211520098577	14983
8	509	5151.680978444915	14984
8	518	5346.690666560026	14985
8	520	5354.530854281589	14986
8	536	5683.007741570468	14988
8	539	5719.056795354965	14989
8	565	5977.053666721945	14993
8	568	6022.187171423766	14994
8	574	6040.772698082168	14995
8	603	6403.021332448939	15001
8	621	6769.853881625653	15003
8	666	7204.615093739354	15007
8	669	7271.238070808862	15010
8	697	7480.422000471447	15013
8	699	7500.760250134466	15014
8	710	7567.07902839646	15016
8	714	7620.909122536042	15017
8	725	7739.698238160192	15018
8	727	7744.512824248311	15020
8	734	7851.484934689541	15021
8	743	7968.211086173782	15023
8	747	7997.953464911199	15025
8	765	8178.643647833735	15027
8	768	8201.9259975759	15024
8	783	8321.357947933765	15026
8	797	8423.603130000263	15029
8	809	8522.000388585154	15032
8	812	8535.321355952093	15033
8	817	8582.026315804081	15034
8	819	8600.159687115161	15035
8	859	8926.150055682953	15041
8	880	9111.300238509426	15044
8	883	9118.175396560021	15045
8	913	9325.745479939463	15049
8	917	9364.498499915726	15046
8	921	9375.252909165765	15051
8	937	9478.277571114474	15048
8	951	9610.276008768144	15055
8	972	9822.252705983178	15058
8	987	9927.708134049783	15059
8	991	9954.796854509954	15060
8	997	10015.045869935114	15062
8	1005	10066.905794534941	15061
8	1016	10158.840282939937	15063
8	1031	10274.258698211063	15065
8	1037	10357.201688250018	15068
8	1044	10425.42420352518	15067
8	1055	10598.352487197091	15070
8	1059	10692.192383717033	15071
8	1060	10695.192383717033	15072
8	1070	10836.774055919332	15074
8	1074	10890.244248965835	15075
8	1096	11217.980421497878	15077
8	1112	11401.788220682752	15081
8	1125	11513.676643774326	15082
8	1128	11529.880871654142	15079
8	1132	11577.726503564971	15080
8	1134	11583.726503564971	15083
8	1143	11654.267343727594	15085
8	1162	11801.332352452766	15087
8	1182	12022.092164447897	15091
8	1194	12125.731313831131	15092
8	1198	12138.30359196921	15093
8	1212	12235.826123191111	15097
8	1220	12302.478387648366	15094
8	1225	12334.298365049569	15096
8	1233	12396.485211988667	15099
8	1236	12410.972556878775	15101
8	1270	12876.376660553421	15105
8	1283	12981.943046239975	15106
8	1305	13157.133694385646	15107
8	1308	13163.133694385646	15111
8	1311	13191.277641661968	15108
8	1321	13260.525957276706	15110
8	1326	13322.540158454335	15114
8	1328	13331.307187207366	15112
8	1346	13460.65909607039	15116
8	1351	13495.46739767474	15115
8	1354	13525.31233238194	15118
8	1362	13554.814301015255	15121
8	1376	13638.628291697917	15119
8	1378	13644.628291697917	15120
8	1380	13648.459100587033	15123
8	1390	13691.4548384598	15125
8	1441	14144.362728675063	15130
8	1457	14334.095917912297	15131
8	1460	14370.787529533474	15134
8	1462	14390.810457961706	15132
8	1466	14444.515925035864	15135
8	1480	14654.666339117885	15137
8	1490	14962.271819260601	15139
8	1513	15356.90712334451	15141
8	1516	15367.393469792162	15144
8	1523	15426.413407948013	15142
8	1525	15453.050804815106	15145
8	1529	15462.832216952355	15143
8	1533	15473.540083780591	15146
8	1539	15514.597430369228	15148
8	1554	15610.945500327093	15147
8	1565	15712.228948384016	15150
8	1583	16004.090225270321	15153
8	1618	16514.053520065548	15157
8	1621	16538.716079010913	15158
8	1647	16716.979650999364	15159
8	1651	16741.560660857029	15163
8	1659	16796.215890786574	15164
8	1669	16880.322172042055	15166
8	1693	17054.732953132093	15168
8	1702	17110.434142822494	15169
8	1706	17136.394190973172	15170
8	1711	17167.702828826057	15172
8	1728	17339.013803521924	15176
8	1734	17477.863477997435	15177
8	1745	17828.838434673356	15178
8	1755	18036.129992950133	15179
8	1764	18172.958511127188	15182
8	1772	18238.046655407449	15181
8	1776	18300.071914489542	15184
8	1795	18537.592094982081	15185
8	1807	18707.339951788475	15187
8	1811	18763.805057880174	15188
8	1816	18824.53623479315	15189
8	1831	18978.908775837836	15193
8	1856	19178.588766574488	15197
8	1878	19354.919196728442	15198
8	1881	19380.316351390273	15203
8	1889	19436.394706961514	15201
8	1912	19671.560231009819	15207
8	1921	19771.854182083152	15206
8	1937	19892.975560783856	15211
9	137	1021.231934627456	1
9	138	1024.231934627456	0
9	142	1066.890801311107	1
9	143	1069.890801311107	0
9	145	1115.132182726712	1
9	146	1118.132182726712	0
9	149	1156.52305043605	1
9	151	1159.52305043605	0
9	172	1283.404241536177	1
9	173	1286.404241536177	0
9	178	1336.423367075784	1
9	179	1339.423367075784	0
9	200	1799.388604166628	1
9	201	1802.388604166628	0
9	219	2063.047920088134	1
9	220	2066.047920088134	0
9	226	2249.651021156263	1
9	227	2252.651021156263	0
9	232	2369.206305866853	1
9	233	2372.206305866853	0
9	246	2533.973106909326	1
9	247	2536.973106909326	0
9	258	2623.274334365318	1
9	259	2626.274334365318	0
9	263	2652.741725404237	1
9	264	2655.741725404237	0
9	270	2696.174540907324	1
9	271	2696.50790858814	2
9	272	2699.174540907324	1
9	273	2705.174540907324	0
9	279	2751.453153212872	1
9	280	2754.453153212872	0
9	299	2886.392708030922	1
9	301	2889.392708030922	0
9	326	3150.361229824384	1
9	328	3153.361229824384	0
9	348	3519.279905319415	1
9	349	3522.279905319415	0
9	374	3885.914828635087	1
9	375	3888.914828635087	0
9	381	3916.524040136261	1
9	383	3919.524040136261	0
9	408	4222.579369657007	1
9	409	4225.579369657007	0
9	413	4289.430412009484	1
9	414	4292.430412009484	0
9	427	4444.989357418609	1
9	428	4447.989357418609	0
9	441	4560.545354028381	1
9	443	4563.545354028381	0
9	457	4681.194960132602	1
9	458	4684.194960132602	0
9	465	4768.184590077475	1
9	466	4771.184590077475	0
9	492	5032.211520098577	1
9	493	5035.211520098577	0
9	513	5240.690666560026	1
9	514	5243.690666560026	0
9	530	5577.007741570468	1
9	532	5580.007741570468	0
9	544	5803.733385354902	1
9	545	5806.733385354902	0
9	585	6231.639085802646	1
9	586	6234.639085802646	0
9	589	6270.289900715732	1
9	590	6273.289900715732	0
9	610	6503.021332448939	1
9	611	6506.021332448939	0
9	633	6981.178570326011	1
9	634	6984.178570326011	0
9	641	7041.37756021667	1
9	642	7044.37756021667	0
9	651	7098.615093739354	1
9	652	7101.615093739354	0
9	659	7173.692706815368	1
9	661	7176.692706815368	0
9	682	7377.238070808862	1
9	684	7380.238070808862	0
9	693	7461.07902839646	1
9	694	7464.07902839646	0
9	705	7542.308302011051	1
9	706	7545.308302011051	0
9	715	7633.698238160192	1
9	716	7636.698238160192	0
9	740	7951.484934689541	1
9	741	7954.484934689541	0
9	755	8095.9259975759	1
9	757	8098.9259975759	0
9	769	8215.357947933765	1
9	771	8218.357947933765	0
9	775	8278.643647833735	1
9	776	8281.643647833735	0
9	787	8350.707161105208	1
9	788	8353.707161105208	0
9	793	8416.000388585154	1
9	794	8419.000388585154	0
9	798	8429.321355952093	1
9	799	8432.321355952093	0
9	820	8613.678679144304	1
9	821	8616.678679144304	0
9	832	8700.159687115161	1
9	833	8703.159687115161	0
9	849	8847.321355952093	1
9	850	8850.321355952093	0
9	867	9014.217320830901	1
9	869	9017.217320830901	0
9	870	9026.150055682953	1
9	871	9029.150055682953	0
9	873	9067.331312658835	1
9	874	9070.331312658835	0
9	895	9218.175396560021	1
9	896	9221.175396560021	0
9	899	9258.498499915726	1
9	900	9261.498499915726	0
9	906	9309.137355368648	1
9	907	9312.137355368648	0
9	919	9372.277571114474	1
9	922	9375.277571114474	0
9	926	9420.032660434258	1
9	927	9423.032660434258	0
9	928	9425.745479939463	1
9	929	9428.745479939463	0
9	971	9821.708134049783	1
9	973	9824.708134049783	0
9	976	9848.796854509954	1
9	978	9851.796854509954	0
9	982	9909.045869935114	1
9	983	9912.045869935114	0
9	992	9960.905794534941	1
9	993	9963.905794534941	0
9	994	9981.780688105172	1
9	995	9984.780688105172	0
9	1001	10052.840282939937	1
9	1003	10055.840282939937	0
9	1018	10168.258698211063	1
9	1019	10171.258698211063	0
9	1026	10251.201688250018	1
9	1027	10254.201688250018	0
9	1034	10319.42420352518	1
9	1035	10322.42420352518	0
9	1046	10475.683089860593	1
9	1047	10478.683089860593	0
9	1078	10974.084746185413	1
9	1079	10977.084746185413	0
9	1088	11100.484156258581	1
9	1089	11103.484156258581	0
9	1090	11111.980421497878	1
9	1091	11114.980421497878	0
9	1107	11334.907852538142	1
9	1108	11337.907852538142	0
9	1113	11407.676643774326	1
9	1114	11410.676643774326	0
9	1116	11423.880871654142	1
9	1117	11426.880871654142	0
9	1119	11471.726503564971	1
9	1120	11474.726503564971	0
9	1149	11695.332352452766	1
9	1150	11698.332352452766	0
9	1152	11722.291181885921	1
9	1153	11725.291181885921	0
9	1156	11784.365861195512	1
9	1158	11787.365861195512	0
9	1186	12100.076324460314	1
9	1188	12103.076324460314	0
9	1191	12122.092164447897	1
9	1193	12125.092164447897	0
9	1207	12225.731313831131	1
9	1209	12228.731313831131	0
9	1241	12455.769140479603	1
9	1242	12458.769140479603	0
9	1245	12510.972556878775	1
9	1246	12513.972556878775	0
9	1269	12875.943046239975	1
9	1271	12878.943046239975	0
9	1280	12976.376660553421	1
9	1282	12979.376660553421	0
9	1288	13051.133694385646	1
9	1290	13052.269698073525	2
9	1291	13054.133694385646	1
9	1293	13060.133694385646	0
9	1297	13085.277641661968	1
9	1298	13088.277641661968	0
9	1304	13154.525957276706	1
9	1306	13157.525957276706	0
9	1315	13251.16680048765	1
9	1317	13254.16680048765	0
9	1335	13389.46739767474	1
9	1336	13392.46739767474	0
9	1345	13459.424586082309	1
9	1347	13462.424586082309	0
9	1348	13471.525812984913	1
9	1349	13474.525812984913	0
9	1372	13625.31233238194	1
9	1374	13628.31233238194	0
9	1411	13865.535619323737	1
9	1412	13868.535619323737	0
9	1418	13920.738654028046	1
9	1419	13923.738654028046	0
9	1421	13960.503594439719	1
9	1422	13963.503594439719	0
9	1430	14038.362728675063	1
9	1431	14041.362728675063	0
9	1436	14113.915416598786	1
9	1437	14116.915416598786	0
9	1445	14196.570852222457	1
9	1446	14199.570852222457	0
9	1448	14228.095917912297	1
9	1449	14231.095917912297	0
9	1451	14264.787529533474	1
9	1452	14267.787529533474	0
9	1453	14284.810457961706	1
9	1454	14287.810457961706	0
9	1470	14512.819654380887	1
9	1471	14515.819654380887	0
9	1472	14544.515925035864	1
9	1473	14547.515925035864	0
9	1474	14548.666339117885	1
9	1475	14551.666339117885	0
9	1487	14919.709525285296	1
9	1488	14922.709525285296	0
9	1493	15062.271819260601	1
9	1494	15065.271819260601	0
9	1502	15250.90712334451	1
9	1503	15253.90712334451	0
9	1508	15320.413407948013	1
9	1509	15323.413407948013	0
9	1512	15356.832216952355	1
9	1514	15359.832216952355	0
9	1518	15382.844845009836	1
9	1519	15385.844845009836	0
9	1530	15467.393469792162	1
9	1531	15470.393469792162	0
9	1535	15504.945500327093	1
9	1537	15507.945500327093	0
9	1555	15614.597430369228	1
9	1556	15617.597430369228	0
9	1571	15812.228948384016	1
9	1573	15815.228948384016	0
9	1586	16049.644592236531	1
9	1587	16052.644592236531	0
9	1607	16408.053520065548	1
9	1608	16411.053520065548	0
9	1609	16432.716079010913	1
9	1610	16435.716079010913	0
9	1629	16610.979650999364	1
9	1630	16613.979650999364	0
9	1638	16655.415347734164	1
9	1639	16658.415347734164	0
9	1644	16695.735254452614	1
9	1645	16698.735254452614	0
9	1655	16774.322172042055	1
9	1657	16777.322172042055	0
9	1666	16874.794122822155	1
9	1668	16877.794122822155	0
9	1672	16926.318997857635	1
9	1673	16929.318997857635	0
9	1676	16948.732953132093	1
9	1677	16951.732953132093	0
9	1688	17030.394190973172	1
9	1689	17033.394190973172	0
9	1694	17061.702828826057	1
9	1695	17064.702828826057	0
9	1714	17206.405133093164	1
9	1715	17209.405133093164	0
9	1717	17216.516279060024	1
9	1718	17219.516279060024	0
9	1721	17240.939790381669	1
9	1722	17243.939790381669	0
9	1748	17930.129992950133	1
9	1750	17933.129992950133	0
9	1760	18132.046655407449	1
9	1761	18135.046655407449	0
9	1768	18219.160955765555	1
9	1769	18222.160955765555	0
9	1788	18431.592094982081	1
9	1789	18434.592094982081	0
9	1799	18601.339951788475	1
9	1800	18604.339951788475	0
9	1803	18659.297813048552	1
9	1805	18662.297813048552	0
9	1821	18919.568405912262	1
9	1822	18922.568405912262	0
9	1824	18924.53623479315	1
9	1826	18927.53623479315	0
9	1837	19026.59515047587	1
9	1839	19029.59515047587	0
9	1847	19116.153493557258	1
9	1848	19119.153493557258	0
9	1862	19248.919196728442	1
9	1863	19251.919196728442	0
9	1864	19263.955338212275	1
9	1865	19266.955338212275	0
9	1867	19278.588766574488	1
9	1868	19281.588766574488	0
9	1870	19319.555801214153	1
9	1872	19322.555801214153	0
9	1883	19399.409801400896	1
9	1884	19402.409801400896	0
9	1909	19665.854182083152	1
9	1911	19668.854182083152	0
9	1916	19737.707881434318	1
9	1917	19740.707881434318	0
9	1920	19771.560231009819	1
9	1923	19774.560231009819	0
9	1929	19841.774228077183	1
9	1931	19844.774228077183	0
9	1934	19876.436944963293	1
9	1935	19879.436944963293	0
9	1938	19902.494127677664	1
9	1939	19905.494127677664	0
10	138	1024.231934627456	3
10	143	1069.890801311107	3
10	146	1118.132182726712	3
10	151	1159.52305043605	3
10	173	1286.404241536177	3
10	179	1339.423367075784	3
10	201	1802.388604166628	3
10	220	2066.047920088134	3
10	227	2252.651021156263	3
10	233	2372.206305866853	3
10	247	2536.973106909326	3
10	259	2626.274334365318	3
10	264	2655.741725404237	3
10	272	2699.174540907324	3
10	273	2705.174540907324	8.666632319184
10	280	2754.453153212872	3
10	301	2889.392708030922	3
10	328	3153.361229824384	3
10	349	3522.279905319415	3
10	375	3888.914828635087	3
10	383	3919.524040136261	3
10	409	4225.579369657007	3
10	414	4292.430412009484	3
10	428	4447.989357418609	3
10	443	4563.545354028381	3
10	458	4684.194960132602	3
10	466	4771.184590077475	3
10	493	5035.211520098577	3
10	514	5243.690666560026	3
10	532	5580.007741570468	3
10	545	5806.733385354902	3
10	586	6234.639085802646	3
10	590	6273.289900715732	3
10	611	6506.021332448939	3
10	634	6984.178570326011	3
10	642	7044.37756021667	3
10	652	7101.615093739354	3
10	661	7176.692706815368	3
10	684	7380.238070808862	3
10	694	7464.07902839646	3
10	706	7545.308302011051	3
10	716	7636.698238160192	3
10	741	7954.484934689541	3
10	757	8098.9259975759	3
10	771	8218.357947933765	3
10	776	8281.643647833735	3
10	788	8353.707161105208	3
10	794	8419.000388585154	3
10	799	8432.321355952093	3
10	821	8616.678679144304	3
10	833	8703.159687115161	3
10	850	8850.321355952093	3
10	869	9017.217320830901	3
10	871	9029.150055682953	3
10	874	9070.331312658835	3
10	896	9221.175396560021	3
10	900	9261.498499915726	3
10	907	9312.137355368648	3
10	922	9375.277571114474	3
10	927	9423.032660434258	3
10	929	9428.745479939463	3
10	973	9824.708134049783	3
10	978	9851.796854509954	3
10	983	9912.045869935114	3
10	993	9963.905794534941	3
10	995	9984.780688105172	3
10	1003	10055.840282939937	3
10	1019	10171.258698211063	3
10	1027	10254.201688250018	3
10	1035	10322.42420352518	3
10	1047	10478.683089860593	3
10	1079	10977.084746185413	3
10	1089	11103.484156258581	3
10	1091	11114.980421497878	3
10	1108	11337.907852538142	3
10	1114	11410.676643774326	3
10	1117	11426.880871654142	3
10	1120	11474.726503564971	3
10	1150	11698.332352452766	3
10	1153	11725.291181885921	3
10	1158	11787.365861195512	3
10	1188	12103.076324460314	3
10	1193	12125.092164447897	3
10	1209	12228.731313831131	3
10	1242	12458.769140479603	3
10	1246	12513.972556878775	3
10	1271	12878.943046239975	3
10	1282	12979.376660553421	3
10	1291	13054.133694385646	3
10	1293	13060.133694385646	7.863996312121
10	1298	13088.277641661968	3
10	1306	13157.525957276706	3
10	1317	13254.16680048765	3
10	1336	13392.46739767474	3
10	1347	13462.424586082309	3
10	1349	13474.525812984913	3
10	1374	13628.31233238194	3
10	1412	13868.535619323737	3
10	1419	13923.738654028046	3
10	1422	13963.503594439719	3
10	1431	14041.362728675063	3
10	1437	14116.915416598786	3
10	1446	14199.570852222457	3
10	1449	14231.095917912297	3
10	1452	14267.787529533474	3
10	1454	14287.810457961706	3
10	1471	14515.819654380887	3
10	1473	14547.515925035864	3
10	1475	14551.666339117885	3
10	1488	14922.709525285296	3
10	1494	15065.271819260601	3
10	1503	15253.90712334451	3
10	1509	15323.413407948013	3
10	1514	15359.832216952355	3
10	1519	15385.844845009836	3
10	1531	15470.393469792162	3
10	1537	15507.945500327093	3
10	1556	15617.597430369228	3
10	1573	15815.228948384016	3
10	1587	16052.644592236531	3
10	1608	16411.053520065548	3
10	1610	16435.716079010913	3
10	1630	16613.979650999364	3
10	1639	16658.415347734164	3
10	1645	16698.735254452614	3
10	1657	16777.322172042055	3
10	1668	16877.794122822155	3
10	1673	16929.318997857635	3
10	1677	16951.732953132093	3
10	1689	17033.394190973172	3
10	1695	17064.702828826057	3
10	1715	17209.405133093164	3
10	1718	17219.516279060024	3
10	1722	17243.939790381669	3
10	1750	17933.129992950133	3
10	1761	18135.046655407449	3
10	1769	18222.160955765555	3
10	1789	18434.592094982081	3
10	1800	18604.339951788475	3
10	1805	18662.297813048552	3
10	1822	18922.568405912262	3
10	1826	18927.53623479315	3
10	1839	19029.59515047587	3
10	1848	19119.153493557258	3
10	1863	19251.919196728442	3
10	1865	19266.955338212275	3
10	1868	19281.588766574488	3
10	1872	19322.555801214153	3
10	1884	19402.409801400896	3
10	1911	19668.854182083152	3
10	1917	19740.707881434318	3
10	1923	19774.560231009819	3
10	1931	19844.774228077183	3
10	1935	19879.436944963293	3
10	1939	19905.494127677664	3
11	138	1024.231934627456	14924
11	143	1069.890801311107	14927
11	146	1118.132182726712	14925
11	151	1159.52305043605	14926
11	173	1286.404241536177	14932
11	179	1339.423367075784	14934
11	201	1802.388604166628	14935
11	220	2066.047920088134	14938
11	227	2252.651021156263	14939
11	233	2372.206305866853	14940
11	247	2536.973106909326	14943
11	259	2626.274334365318	14942
11	264	2655.741725404237	14941
11	272	2699.174540907324	14945
11	273	2705.174540907324	14947
11	280	2754.453153212872	14948
11	301	2889.392708030922	14949
11	328	3153.361229824384	14955
11	349	3522.279905319415	14958
11	375	3888.914828635087	14962
11	383	3919.524040136261	14961
11	409	4225.579369657007	14965
11	414	4292.430412009484	14967
11	428	4447.989357418609	14968
11	443	4563.545354028381	14971
11	458	4684.194960132602	14976
11	466	4771.184590077475	14975
11	493	5035.211520098577	14983
11	514	5243.690666560026	14985
11	532	5580.007741570468	14988
11	545	5806.733385354902	14990
11	586	6234.639085802646	14997
11	590	6273.289900715732	14998
11	611	6506.021332448939	15001
11	634	6984.178570326011	15005
11	642	7044.37756021667	15004
11	652	7101.615093739354	15007
11	661	7176.692706815368	15012
11	684	7380.238070808862	15011
11	694	7464.07902839646	15016
11	706	7545.308302011051	15019
11	716	7636.698238160192	15018
11	741	7954.484934689541	15021
11	757	8098.9259975759	15024
11	771	8218.357947933765	15026
11	776	8281.643647833735	15027
11	788	8353.707161105208	15028
11	794	8419.000388585154	15032
11	799	8432.321355952093	15033
11	821	8616.678679144304	15031
11	833	8703.159687115161	15035
11	850	8850.321355952093	15036
11	869	9017.217320830901	15039
11	871	9029.150055682953	15041
11	874	9070.331312658835	15042
11	896	9221.175396560021	15045
11	900	9261.498499915726	15046
11	907	9312.137355368648	15047
11	922	9375.277571114474	15048
11	927	9423.032660434258	15053
11	929	9428.745479939463	15049
11	973	9824.708134049783	15059
11	978	9851.796854509954	15060
11	983	9912.045869935114	15062
11	993	9963.905794534941	15061
11	995	9984.780688105172	15064
11	1003	10055.840282939937	15063
11	1019	10171.258698211063	15065
11	1027	10254.201688250018	15068
11	1035	10322.42420352518	15067
11	1047	10478.683089860593	15069
11	1079	10977.084746185413	15073
11	1089	11103.484156258581	15076
11	1091	11114.980421497878	15077
11	1108	11337.907852538142	15078
11	1114	11410.676643774326	15082
11	1117	11426.880871654142	15079
11	1120	11474.726503564971	15080
11	1150	11698.332352452766	15087
11	1153	11725.291181885921	15084
11	1158	11787.365861195512	15086
11	1188	12103.076324460314	15090
11	1193	12125.092164447897	15091
11	1209	12228.731313831131	15092
11	1242	12458.769140479603	15100
11	1246	12513.972556878775	15101
11	1271	12878.943046239975	15106
11	1282	12979.376660553421	15105
11	1291	13054.133694385646	15107
11	1293	13060.133694385646	15111
11	1298	13088.277641661968	15108
11	1306	13157.525957276706	15110
11	1317	13254.16680048765	15109
11	1336	13392.46739767474	15115
11	1347	13462.424586082309	15113
11	1349	13474.525812984913	15117
11	1374	13628.31233238194	15118
11	1412	13868.535619323737	15128
11	1419	13923.738654028046	15127
11	1422	13963.503594439719	15126
11	1431	14041.362728675063	15130
11	1437	14116.915416598786	15129
11	1446	14199.570852222457	15133
11	1449	14231.095917912297	15131
11	1452	14267.787529533474	15134
11	1454	14287.810457961706	15132
11	1471	14515.819654380887	15136
11	1473	14547.515925035864	15135
11	1475	14551.666339117885	15137
11	1488	14922.709525285296	15138
11	1494	15065.271819260601	15139
11	1503	15253.90712334451	15141
11	1509	15323.413407948013	15142
11	1514	15359.832216952355	15143
11	1519	15385.844845009836	15140
11	1531	15470.393469792162	15144
11	1537	15507.945500327093	15147
11	1556	15617.597430369228	15148
11	1573	15815.228948384016	15150
11	1587	16052.644592236531	15154
11	1608	16411.053520065548	15157
11	1610	16435.716079010913	15158
11	1630	16613.979650999364	15159
11	1639	16658.415347734164	15161
11	1645	16698.735254452614	15162
11	1657	16777.322172042055	15166
11	1668	16877.794122822155	15165
11	1673	16929.318997857635	15167
11	1677	16951.732953132093	15168
11	1689	17033.394190973172	15170
11	1695	17064.702828826057	15172
11	1715	17209.405133093164	15174
11	1718	17219.516279060024	15175
11	1722	17243.939790381669	15171
11	1750	17933.129992950133	15179
11	1761	18135.046655407449	15181
11	1769	18222.160955765555	15180
11	1789	18434.592094982081	15185
11	1800	18604.339951788475	15187
11	1805	18662.297813048552	15186
11	1822	18922.568405912262	15190
11	1826	18927.53623479315	15189
11	1839	19029.59515047587	15191
11	1848	19119.153493557258	15196
11	1863	19251.919196728442	15198
11	1865	19266.955338212275	15199
11	1868	19281.588766574488	15197
11	1872	19322.555801214153	15200
11	1884	19402.409801400896	15204
11	1911	19668.854182083152	15206
11	1917	19740.707881434318	15205
11	1923	19774.560231009819	15207
11	1931	19844.774228077183	15210
11	1935	19879.436944963293	15208
11	1939	19905.494127677664	15209
12	198	1638.925974497434	409
12	327	3152.542752374098	409
12	344	3436.704227299451	306
12	407	4204.676155357182	409
12	463	4756.77561372763	306
12	476	4887.194960132602	306
12	534	5678.626200633087	306
12	566	6009.733385354902	306
12	570	6025.056795354965	409
12	604	6437.639085802646	306
12	623	6785.29947558259	306
12	685	7383.238070808862	309.54536399349
12	728	7748.308302011051	306
12	1013	10128.252705983178	409
12	1020	10187.780688105172	306
12	1174	11960.267343727594	409
12	1189	12103.254652792522	306
12	1243	12481.244453959457	306
12	1260	12729.384472383186	306
12	1433	14071.535619323737	306
12	1481	14718.819654380887	306
12	1496	15125.709525285296	306
12	1637	16647.188597862232	203
12	1849	19125.568405912262	306
12	1871	19322.153493557258	306
12	1906	19605.409801400896	306
13	198	1638.925974497434	9
13	327	3152.542752374098	9
13	344	3436.704227299451	6
13	407	4204.676155357182	9
13	463	4756.77561372763	6
13	476	4887.194960132602	6
13	534	5678.626200633087	6
13	566	6009.733385354902	6
13	570	6025.056795354965	9
13	604	6437.639085802646	6
13	623	6785.29947558259	6
13	685	7383.238070808862	9.545363993494
13	728	7748.308302011051	6
13	1013	10128.252705983178	9
13	1020	10187.780688105172	6
13	1174	11960.267343727594	9
13	1189	12103.254652792522	6
13	1243	12481.244453959457	6
13	1260	12729.384472383186	6
13	1433	14071.535619323737	6
13	1481	14718.819654380887	6
13	1496	15125.709525285296	6
13	1637	16647.188597862232	3
13	1849	19125.568405912262	6
13	1871	19322.153493557258	6
13	1906	19605.409801400896	6
14	198	1638.925974497434	3
14	327	3152.542752374098	3
14	344	3436.704227299451	2
14	407	4204.676155357182	3
14	463	4756.77561372763	2
14	476	4887.194960132602	2
14	534	5678.626200633087	2
14	566	6009.733385354902	2
14	570	6025.056795354965	3
14	604	6437.639085802646	2
14	623	6785.29947558259	2
14	685	7383.238070808862	2
14	728	7748.308302011051	2
14	1013	10128.252705983178	3
14	1020	10187.780688105172	2
14	1174	11960.267343727594	3
14	1189	12103.254652792522	2
14	1243	12481.244453959457	2
14	1260	12729.384472383186	2
14	1433	14071.535619323737	2
14	1481	14718.819654380887	2
14	1496	15125.709525285296	2
14	1637	16647.188597862232	1
14	1849	19125.568405912262	2
14	1871	19322.153493557258	2
14	1906	19605.409801400896	2
15	189	1405.572324757686	306
15	194	1462.703226999172	306
15	252	2558.651021156263	409
15	283	2774.009850146473	203
15	321	3092.370764634636	306
15	338	3309.885139797579	306
15	365	3780.865315112351	306
15	373	3828.279905319415	409
15	436	4537.33461573553	306
15	499	5062.521724547711	306
15	500	5072.853900366207	203
15	511	5231.835630987627	306
15	528	5557.530854281589	306
15	571	6032.920538640668	306
15	584	6227.819259111679	203
15	609	6489.506304299564	306
15	721	7653.350621970284	306
15	761	8142.835864880832	306
15	767	8200.953464911199	306
15	814	8539.982489259923	306
15	837	8738.321355952093	409
15	853	8866.129874722074	306
15	861	8965.532064977612	306
15	1024	10218.045869935114	409
15	1115	11420.980421497878	409
15	1157	11786.726503564971	310.93790047226
15	1187	12102.454508975971	306
15	1309	13184.943046239975	409
15	1413	13877.713326346884	306
15	1544	15559.90712334451	409
15	1561	15676.540083780591	306
15	1572	15813.812695559948	306
15	1605	16372.979528297303	306
15	1652	16741.716079010913	409
15	1752	18031.838434673356	306
15	1784	18375.958511127188	306
15	1787	18419.486101546379	306
15	1790	18441.046655407449	409
15	1793	18503.071914489542	306
15	1846	19098.248270046424	203
15	1901	19557.919196728442	409
16	189	1405.572324757686	6
16	194	1462.703226999172	6
16	252	2558.651021156263	9
16	283	2774.009850146473	3
16	321	3092.370764634636	6
16	338	3309.885139797579	6
16	365	3780.865315112351	6
16	373	3828.279905319415	9
16	436	4537.33461573553	6
16	499	5062.521724547711	6
16	500	5072.853900366207	3
16	511	5231.835630987627	6
16	528	5557.530854281589	6
16	571	6032.920538640668	6
16	584	6227.819259111679	3
16	609	6489.506304299564	6
16	721	7653.350621970284	6
16	761	8142.835864880832	6
16	767	8200.953464911199	6
16	814	8539.982489259923	6
16	837	8738.321355952093	9
16	853	8866.129874722074	6
16	861	8965.532064977612	6
16	1024	10218.045869935114	9
16	1115	11420.980421497878	9
16	1157	11786.726503564971	10.93790047226
16	1187	12102.454508975971	6
16	1309	13184.943046239975	9
16	1413	13877.713326346884	6
16	1544	15559.90712334451	9
16	1561	15676.540083780591	6
16	1572	15813.812695559948	6
16	1605	16372.979528297303	6
16	1652	16741.716079010913	9
16	1752	18031.838434673356	6
16	1784	18375.958511127188	6
16	1787	18419.486101546379	6
16	1790	18441.046655407449	9
16	1793	18503.071914489542	6
16	1846	19098.248270046424	3
16	1901	19557.919196728442	9
17	189	1405.572324757686	2
17	194	1462.703226999172	2
17	252	2558.651021156263	3
17	283	2774.009850146473	1
17	321	3092.370764634636	2
17	338	3309.885139797579	2
17	365	3780.865315112351	2
17	373	3828.279905319415	3
17	436	4537.33461573553	2
17	499	5062.521724547711	2
17	500	5072.853900366207	1
17	511	5231.835630987627	2
17	528	5557.530854281589	2
17	571	6032.920538640668	2
17	584	6227.819259111679	1
17	609	6489.506304299564	2
17	721	7653.350621970284	2
17	761	8142.835864880832	2
17	767	8200.953464911199	2
17	814	8539.982489259923	2
17	837	8738.321355952093	3
17	853	8866.129874722074	2
17	861	8965.532064977612	2
17	1024	10218.045869935114	3
17	1115	11420.980421497878	3
17	1157	11786.726503564971	2
17	1187	12102.454508975971	2
17	1309	13184.943046239975	3
17	1413	13877.713326346884	2
17	1544	15559.90712334451	3
17	1561	15676.540083780591	2
17	1572	15813.812695559948	2
17	1605	16372.979528297303	2
17	1652	16741.716079010913	3
17	1752	18031.838434673356	2
17	1784	18375.958511127188	2
17	1787	18419.486101546379	2
17	1790	18441.046655407449	3
17	1793	18503.071914489542	2
17	1846	19098.248270046424	1
17	1901	19557.919196728442	3
18	185	1369.979688146139	306
18	186	1375.890801311107	409
18	221	2108.388604166628	409
18	282	2761.634131057581	306
18	337	3278.495975085743	306
18	357	3664.171428337465	306
18	380	3907.484103093578	306
18	447	4612.895283389084	306
18	469	4814.898269915242	203
18	501	5127.129920892734	306
18	573	6040.750610747921	306
18	587	6243.772698082168	306
18	676	7300.958905645737	309.58861234445
18	763	8171.211086173782	306
18	836	8725.000388585154	409
18	943	9534.342843368251	306
18	945	9578.252909165765	306
18	969	9813.276008768144	306
18	974	9839.932398208723	203
18	1042	10402.393069625005	306
18	1075	10895.192383717033	306
18	1136	11604.788220682752	306
18	1151	11716.676643774326	409
18	1273	12901.221907921136	306
18	1274	12907.176233685137	306
18	1355	13525.540158454335	306
18	1392	13727.842427577728	203
18	1399	13757.814301015255	306
18	1485	14857.666339117885	409
18	1557	15629.413407948013	409
18	1560	15665.832216952355	409
18	1591	16113.613656463465	306
18	1596	16207.090225270321	306
18	1613	16460.185056967485	306
18	1648	16717.053520065548	409
18	1696	17083.322172042055	409
18	1724	17305.594326707501	306
18	1740	17680.863477997435	306
19	185	1369.979688146139	6
19	186	1375.890801311107	9
19	221	2108.388604166628	9
19	282	2761.634131057581	6
19	337	3278.495975085743	6
19	357	3664.171428337465	6
19	380	3907.484103093578	6
19	447	4612.895283389084	6
19	469	4814.898269915242	3
19	501	5127.129920892734	6
19	573	6040.750610747921	6
19	587	6243.772698082168	6
19	676	7300.958905645737	9.588612344452
19	763	8171.211086173782	6
19	836	8725.000388585154	9
19	943	9534.342843368251	6
19	945	9578.252909165765	6
19	969	9813.276008768144	6
19	974	9839.932398208723	3
19	1042	10402.393069625005	6
19	1075	10895.192383717033	6
19	1136	11604.788220682752	6
19	1151	11716.676643774326	9
19	1273	12901.221907921136	6
19	1274	12907.176233685137	6
19	1355	13525.540158454335	6
19	1392	13727.842427577728	3
19	1399	13757.814301015255	6
19	1485	14857.666339117885	9
19	1557	15629.413407948013	9
19	1560	15665.832216952355	9
19	1591	16113.613656463465	6
19	1596	16207.090225270321	6
19	1613	16460.185056967485	6
19	1648	16717.053520065548	9
19	1696	17083.322172042055	9
19	1724	17305.594326707501	6
19	1740	17680.863477997435	6
20	185	1369.979688146139	2
20	186	1375.890801311107	3
20	221	2108.388604166628	3
20	282	2761.634131057581	2
20	337	3278.495975085743	2
20	357	3664.171428337465	2
20	380	3907.484103093578	2
20	447	4612.895283389084	2
20	469	4814.898269915242	1
20	501	5127.129920892734	2
20	573	6040.750610747921	2
20	587	6243.772698082168	2
20	676	7300.958905645737	2
20	763	8171.211086173782	2
20	836	8725.000388585154	3
20	943	9534.342843368251	2
20	945	9578.252909165765	2
20	969	9813.276008768144	2
20	974	9839.932398208723	1
20	1042	10402.393069625005	2
20	1075	10895.192383717033	2
20	1136	11604.788220682752	2
20	1151	11716.676643774326	3
20	1273	12901.221907921136	2
20	1274	12907.176233685137	2
20	1355	13525.540158454335	2
20	1392	13727.842427577728	1
20	1399	13757.814301015255	2
20	1485	14857.666339117885	3
20	1557	15629.413407948013	3
20	1560	15665.832216952355	3
20	1591	16113.613656463465	2
20	1596	16207.090225270321	2
20	1613	16460.185056967485	2
20	1648	16717.053520065548	3
20	1696	17083.322172042055	3
20	1724	17305.594326707501	2
20	1740	17680.863477997435	2
21	193	1445.225376745639	306
21	195	1489.404241536177	306
21	222	2148.331152786315	306
21	224	2152.804681494031	306
21	291	2829.274334365318	409
21	302	2902.174540907324	409
21	303	2908.174540907324	311.66663231918
21	308	2957.453153212872	306
21	397	4091.914828635087	306
21	461	4738.58107343499	203
21	510	5154.360049181111	306
21	522	5446.690666560026	409
21	543	5783.007741570468	306
21	576	6122.187171423766	203
21	626	6869.853881625653	203
21	680	7371.238070808862	306
21	722	7667.07902839646	306
21	723	7720.909122536042	306
21	732	7844.512824248311	306
21	777	8301.9259975759	409
21	796	8421.357947933765	409
21	831	8682.026315804081	306
21	946	9578.277571114474	409
21	1017	10166.905794534941	409
21	1039	10374.258698211063	306
21	1045	10457.201688250018	306
21	1067	10795.192383717033	204.18878581089
21	1077	10936.774055919332	203
21	1141	11629.880871654142	409
21	1172	11901.332352452766	306
21	1234	12402.478387648366	306
21	1322	13263.133694385646	310.86399631212
21	1324	13291.277641661968	409
21	1333	13360.525957276706	409
21	1370	13595.46739767474	306
21	1396	13748.459100587033	203
21	1464	14434.095917912297	409
21	1564	15710.945500327093	306
21	1661	16816.979650999364	409
21	1709	17154.732953132093	306
21	1716	17210.434142822494	306
21	1720	17236.394190973172	306
21	1723	17267.702828826057	306
21	1801	18637.592094982081	409
21	1818	18863.805057880174	306
21	1900	19536.394706961514	306
21	1932	19871.854182083152	306
22	193	1445.225376745639	6
22	195	1489.404241536177	6
22	222	2148.331152786315	6
22	224	2152.804681494031	6
22	291	2829.274334365318	9
22	302	2902.174540907324	9
22	303	2908.174540907324	11.666632319184
22	308	2957.453153212872	6
22	397	4091.914828635087	6
22	461	4738.58107343499	3
22	510	5154.360049181111	6
22	522	5446.690666560026	9
22	543	5783.007741570468	6
22	576	6122.187171423766	3
22	626	6869.853881625653	3
22	680	7371.238070808862	6
22	722	7667.07902839646	6
22	723	7720.909122536042	6
22	732	7844.512824248311	6
22	777	8301.9259975759	9
22	796	8421.357947933765	9
22	831	8682.026315804081	6
22	946	9578.277571114474	9
22	1017	10166.905794534941	9
22	1039	10374.258698211063	6
22	1045	10457.201688250018	6
22	1067	10795.192383717033	4.188785810894
22	1077	10936.774055919332	3
22	1141	11629.880871654142	9
22	1172	11901.332352452766	6
22	1234	12402.478387648366	6
22	1322	13263.133694385646	10.863996312121
22	1324	13291.277641661968	9
22	1333	13360.525957276706	9
22	1370	13595.46739767474	6
22	1396	13748.459100587033	3
22	1464	14434.095917912297	9
22	1564	15710.945500327093	6
22	1661	16816.979650999364	9
22	1709	17154.732953132093	6
22	1716	17210.434142822494	6
22	1720	17236.394190973172	6
22	1723	17267.702828826057	6
22	1801	18637.592094982081	9
22	1818	18863.805057880174	6
22	1900	19536.394706961514	6
22	1932	19871.854182083152	6
23	193	1445.225376745639	2
23	195	1489.404241536177	2
23	222	2148.331152786315	2
23	224	2152.804681494031	2
23	291	2829.274334365318	3
23	302	2902.174540907324	3
23	303	2908.174540907324	2
23	308	2957.453153212872	2
23	397	4091.914828635087	2
23	461	4738.58107343499	1
23	510	5154.360049181111	2
23	522	5446.690666560026	3
23	543	5783.007741570468	2
23	576	6122.187171423766	1
23	626	6869.853881625653	1
23	680	7371.238070808862	2
23	722	7667.07902839646	2
23	723	7720.909122536042	2
23	732	7844.512824248311	2
23	777	8301.9259975759	3
23	796	8421.357947933765	3
23	831	8682.026315804081	2
23	946	9578.277571114474	3
23	1017	10166.905794534941	3
23	1039	10374.258698211063	2
23	1045	10457.201688250018	2
23	1067	10795.192383717033	1
23	1077	10936.774055919332	1
23	1141	11629.880871654142	3
23	1172	11901.332352452766	2
23	1234	12402.478387648366	2
23	1322	13263.133694385646	2
23	1324	13291.277641661968	3
23	1333	13360.525957276706	3
23	1370	13595.46739767474	2
23	1396	13748.459100587033	1
23	1464	14434.095917912297	3
23	1564	15710.945500327093	2
23	1661	16816.979650999364	3
23	1709	17154.732953132093	2
23	1716	17210.434142822494	2
23	1720	17236.394190973172	2
23	1723	17267.702828826057	2
23	1801	18637.592094982081	3
23	1818	18863.805057880174	2
23	1900	19536.394706961514	2
23	1932	19871.854182083152	2
24	183	1362.52305043605	409
24	254	2575.206305866853	306
24	464	4763.989522580368	306
24	512	5238.211520098577	306
24	516	5251.680978444915	306
24	575	6077.053666721945	306
24	677	7304.615093739354	409
24	711	7580.422000471447	306
24	712	7600.760250134466	306
24	731	7839.698238160192	409
24	810	8523.603130000263	306
24	932	9464.498499915726	409
24	999	10027.708134049783	306
24	1002	10054.796854509954	306
24	1028	10258.840282939937	409
24	1050	10525.42420352518	409
24	1061	10698.352487197091	306
24	1144	11677.726503564971	409
24	1213	12238.30359196921	203
24	1238	12434.298365049569	306
24	1244	12496.485211988667	306
24	1319	13257.133694385646	409
24	1340	13431.307187207366	306
24	1394	13738.628291697917	306
24	1395	13744.628291697917	309.26060674766
24	1450	14244.362728675063	306
24	1468	14470.787529533474	306
24	1469	14490.810457961706	409
24	1664	16841.560660857029	306
24	1670	16896.215890786574	306
24	1762	18136.129992950133	409
24	1812	18807.339951788475	306
24	1845	19078.908775837836	203
25	183	1362.52305043605	9
25	254	2575.206305866853	6
25	464	4763.989522580368	6
25	512	5238.211520098577	6
25	516	5251.680978444915	6
25	575	6077.053666721945	6
25	677	7304.615093739354	9
25	711	7580.422000471447	6
25	712	7600.760250134466	6
25	731	7839.698238160192	9
25	810	8523.603130000263	6
25	932	9464.498499915726	9
25	999	10027.708134049783	6
25	1002	10054.796854509954	6
25	1028	10258.840282939937	9
25	1050	10525.42420352518	9
25	1061	10698.352487197091	6
25	1144	11677.726503564971	9
25	1213	12238.30359196921	3
25	1238	12434.298365049569	6
25	1244	12496.485211988667	6
25	1319	13257.133694385646	9
25	1340	13431.307187207366	6
25	1394	13738.628291697917	6
25	1395	13744.628291697917	9.260606747664
25	1450	14244.362728675063	6
25	1468	14470.787529533474	6
25	1469	14490.810457961706	9
25	1664	16841.560660857029	6
25	1670	16896.215890786574	6
25	1762	18136.129992950133	9
25	1812	18807.339951788475	6
25	1845	19078.908775837836	3
26	183	1362.52305043605	3
26	254	2575.206305866853	2
26	464	4763.989522580368	2
26	512	5238.211520098577	2
26	516	5251.680978444915	2
26	575	6077.053666721945	2
26	677	7304.615093739354	3
26	711	7580.422000471447	2
26	712	7600.760250134466	2
26	731	7839.698238160192	3
26	810	8523.603130000263	2
26	932	9464.498499915726	3
26	999	10027.708134049783	2
26	1002	10054.796854509954	2
26	1028	10258.840282939937	3
26	1050	10525.42420352518	3
26	1061	10698.352487197091	2
26	1144	11677.726503564971	3
26	1213	12238.30359196921	1
26	1238	12434.298365049569	2
26	1244	12496.485211988667	2
26	1319	13257.133694385646	3
26	1340	13431.307187207366	2
26	1394	13738.628291697917	2
26	1395	13744.628291697917	2
26	1450	14244.362728675063	2
26	1468	14470.787529533474	2
26	1469	14490.810457961706	3
26	1664	16841.560660857029	2
26	1670	16896.215890786574	2
26	1762	18136.129992950133	3
26	1812	18807.339951788475	2
26	1845	19078.908775837836	1
27	147	1124.231934627456	306
27	416	4325.579369657007	409
27	475	4871.184590077475	306
27	615	6606.021332448939	306
27	646	7084.178570326011	306
27	655	7144.37756021667	409
27	696	7480.238070808862	414.28310337902
27	751	8054.484934689541	306
27	790	8381.643647833735	306
27	860	8950.321355952093	414.80670832372
27	884	9129.150055682953	306
27	941	9523.032660434258	203
27	1085	11077.084746185413	409
27	1118	11437.907852538142	306
27	1163	11825.291181885921	306
27	1166	11887.365861195512	306
27	1206	12225.092164447897	306
27	1223	12328.731313831131	306
27	1250	12558.769140479603	306
27	1253	12613.972556878775	306
27	1294	13079.376660553421	306
27	1364	13562.424586082309	409
27	1393	13728.31233238194	306
27	1428	14023.738654028046	306
27	1447	14216.915416598786	409
27	1478	14647.515925035864	306
27	1498	15165.271819260601	306
27	1534	15485.844845009836	409
27	1579	15915.228948384016	306
27	1592	16152.644592236531	203
27	1779	18322.160955765555	306
27	1850	19129.59515047587	306
27	1879	19366.955338212275	203
28	147	1124.231934627456	6
28	416	4325.579369657007	9
28	475	4871.184590077475	6
28	615	6606.021332448939	6
28	646	7084.178570326011	6
28	655	7144.37756021667	9
28	696	7480.238070808862	14.283103379025
28	751	8054.484934689541	6
28	790	8381.643647833735	6
28	860	8950.321355952093	14.806708323721
28	884	9129.150055682953	6
28	941	9523.032660434258	3
28	1085	11077.084746185413	9
28	1118	11437.907852538142	6
28	1163	11825.291181885921	6
28	1166	11887.365861195512	6
28	1206	12225.092164447897	6
28	1223	12328.731313831131	6
28	1250	12558.769140479603	6
28	1253	12613.972556878775	6
28	1294	13079.376660553421	6
28	1364	13562.424586082309	9
28	1393	13728.31233238194	6
28	1428	14023.738654028046	6
28	1447	14216.915416598786	9
28	1478	14647.515925035864	6
28	1498	15165.271819260601	6
28	1534	15485.844845009836	9
28	1579	15915.228948384016	6
28	1592	16152.644592236531	3
28	1779	18322.160955765555	6
28	1850	19129.59515047587	6
28	1879	19366.955338212275	3
29	147	1124.231934627456	2
29	416	4325.579369657007	3
29	475	4871.184590077475	2
29	615	6606.021332448939	2
29	646	7084.178570326011	2
29	655	7144.37756021667	3
29	696	7480.238070808862	3
29	751	8054.484934689541	2
29	790	8381.643647833735	2
29	860	8950.321355952093	3
29	884	9129.150055682953	2
29	941	9523.032660434258	1
29	1085	11077.084746185413	3
29	1118	11437.907852538142	2
29	1163	11825.291181885921	2
29	1166	11887.365861195512	2
29	1206	12225.092164447897	2
29	1223	12328.731313831131	2
29	1250	12558.769140479603	2
29	1253	12613.972556878775	2
29	1294	13079.376660553421	2
29	1364	13562.424586082309	3
29	1393	13728.31233238194	2
29	1428	14023.738654028046	2
29	1447	14216.915416598786	3
29	1478	14647.515925035864	2
29	1498	15165.271819260601	2
29	1534	15485.844845009836	3
29	1579	15915.228948384016	2
29	1592	16152.644592236531	1
29	1779	18322.160955765555	2
29	1850	19129.59515047587	2
29	1879	19366.955338212275	1
30	159	1218.132182726712	306
30	192	1439.423367075784	203
30	225	2166.047920088134	306
30	281	2755.741725404237	409
30	311	2989.392708030922	306
30	392	4019.524040136261	306
30	422	4392.430412009484	306
30	437	4547.989357418609	409
30	453	4663.545354028381	306
30	802	8453.707161105208	306
30	835	8716.678679144304	409
30	845	8803.159687115161	306
30	882	9117.217320830901	409
30	911	9321.175396560021	306
30	924	9412.137355368648	306
30	942	9528.745479939463	306
30	1051	10578.683089860593	306
30	1094	11203.484156258581	306
30	1203	12203.076324460314	306
30	1329	13354.16680048765	409
30	1432	14063.503594439719	409
30	1455	14299.570852222457	203
30	1547	15570.393469792162	306
30	1567	15717.597430369228	306
30	1653	16758.415347734164	306
30	1660	16798.735254452614	306
30	1679	16977.794122822155	306
30	1687	17029.318997857635	306
30	1725	17309.405133093164	306
30	1726	17319.516279060024	306
30	1729	17343.939790381669	409
30	1810	18762.297813048552	306
30	1838	19027.53623479315	306
30	1882	19381.588766574488	306
30	1928	19840.707881434318	409
30	1933	19874.560231009819	306
30	1946	19979.436944963293	306
31	159	1218.132182726712	6
31	192	1439.423367075784	3
31	225	2166.047920088134	6
31	281	2755.741725404237	9
31	311	2989.392708030922	6
31	392	4019.524040136261	6
31	422	4392.430412009484	6
31	437	4547.989357418609	9
31	453	4663.545354028381	6
31	802	8453.707161105208	6
31	835	8716.678679144304	9
31	845	8803.159687115161	6
31	882	9117.217320830901	9
31	911	9321.175396560021	6
31	924	9412.137355368648	6
31	942	9528.745479939463	6
31	1051	10578.683089860593	6
31	1094	11203.484156258581	6
31	1203	12203.076324460314	6
31	1329	13354.16680048765	9
31	1432	14063.503594439719	9
31	1455	14299.570852222457	3
31	1547	15570.393469792162	6
31	1567	15717.597430369228	6
31	1653	16758.415347734164	6
31	1660	16798.735254452614	6
31	1679	16977.794122822155	6
31	1687	17029.318997857635	6
31	1725	17309.405133093164	6
31	1726	17319.516279060024	6
31	1729	17343.939790381669	9
31	1810	18762.297813048552	6
31	1838	19027.53623479315	6
31	1882	19381.588766574488	6
31	1928	19840.707881434318	9
31	1933	19874.560231009819	6
31	1946	19979.436944963293	6
32	159	1218.132182726712	2
32	192	1439.423367075784	1
32	225	2166.047920088134	2
32	281	2755.741725404237	3
32	311	2989.392708030922	2
32	392	4019.524040136261	2
32	422	4392.430412009484	2
32	437	4547.989357418609	3
32	453	4663.545354028381	2
32	802	8453.707161105208	2
32	835	8716.678679144304	3
32	845	8803.159687115161	2
32	882	9117.217320830901	3
32	911	9321.175396560021	2
32	924	9412.137355368648	2
32	942	9528.745479939463	2
32	1051	10578.683089860593	2
32	1094	11203.484156258581	2
32	1203	12203.076324460314	2
32	1329	13354.16680048765	3
32	1432	14063.503594439719	3
32	1455	14299.570852222457	1
32	1547	15570.393469792162	2
32	1567	15717.597430369228	2
32	1653	16758.415347734164	2
32	1660	16798.735254452614	2
32	1679	16977.794122822155	2
32	1687	17029.318997857635	2
32	1725	17309.405133093164	2
32	1726	17319.516279060024	2
32	1729	17343.939790381669	3
32	1810	18762.297813048552	2
32	1838	19027.53623479315	2
32	1882	19381.588766574488	2
32	1928	19840.707881434318	3
32	1933	19874.560231009819	2
32	1946	19979.436944963293	2
33	134	1009.57635725519	306
33	277	2739.973106909326	306
33	325	3140.013310913344	409
33	341	3356.361229824384	306
33	398	4099.78165070133	306
33	404	4165.345565599988	203
33	607	6476.289900715732	306
33	612	6572.437757485907	306
33	662	7191.958905645737	306
33	667	7218.198425448396	203
33	875	9086.502074380497	306
33	890	9198.840056646695	203
33	904	9273.331312658835	306
33	925	9417.300238509426	409
33	947	9580.536864217325	306
33	967	9795.09873309778	306
33	975	9847.570771722233	306
33	1093	11196.244248965835	409
33	1222	12314.402692954709	203
33	1249	12541.826123191111	409
33	1388	13677.525812984913	306
33	1401	13766.65909607039	409
33	1425	13997.4548384598	409
33	1568	15759.050804815106	409
33	1581	15988.901863449284	203
33	1739	17645.013803521924	409
33	1851	19138.081085241749	203
33	1854	19166.911467242649	306
33	1890	19436.562800531819	203
33	1897	19525.555801214153	306
33	1914	19686.316351390273	409
34	134	1009.57635725519	6
34	277	2739.973106909326	6
34	325	3140.013310913344	9
34	341	3356.361229824384	6
34	398	4099.78165070133	6
34	404	4165.345565599988	3
34	607	6476.289900715732	6
34	612	6572.437757485907	6
34	662	7191.958905645737	6
34	667	7218.198425448396	3
34	875	9086.502074380497	6
34	890	9198.840056646695	3
34	904	9273.331312658835	6
34	925	9417.300238509426	9
34	947	9580.536864217325	6
34	967	9795.09873309778	6
34	975	9847.570771722233	6
34	1093	11196.244248965835	9
34	1222	12314.402692954709	3
34	1249	12541.826123191111	9
34	1388	13677.525812984913	6
34	1401	13766.65909607039	9
34	1425	13997.4548384598	9
34	1568	15759.050804815106	9
34	1581	15988.901863449284	3
34	1739	17645.013803521924	9
34	1851	19138.081085241749	3
34	1854	19166.911467242649	6
34	1890	19436.562800531819	3
34	1897	19525.555801214153	6
34	1914	19686.316351390273	9
35	134	1009.57635725519	2
35	277	2739.973106909326	2
35	325	3140.013310913344	3
35	341	3356.361229824384	2
35	398	4099.78165070133	2
35	404	4165.345565599988	1
35	607	6476.289900715732	2
35	612	6572.437757485907	2
35	662	7191.958905645737	2
35	667	7218.198425448396	1
35	875	9086.502074380497	2
35	890	9198.840056646695	1
35	904	9273.331312658835	2
35	925	9417.300238509426	3
35	947	9580.536864217325	2
35	967	9795.09873309778	2
35	975	9847.570771722233	2
35	1093	11196.244248965835	3
35	1222	12314.402692954709	1
35	1249	12541.826123191111	3
35	1388	13677.525812984913	2
35	1401	13766.65909607039	3
35	1425	13997.4548384598	3
35	1568	15759.050804815106	3
35	1581	15988.901863449284	1
35	1739	17645.013803521924	3
35	1851	19138.081085241749	1
35	1854	19166.911467242649	2
35	1890	19436.562800531819	1
35	1897	19525.555801214153	2
35	1914	19686.316351390273	3

