version 3
run VeryHighLoad_RoundRobin-42-20260126-11:00:40-305
attr configname VeryHighLoad_RoundRobin
attr datetime 20260126-11:00:40
attr datetimef 20260126-110040
attr experiment VeryHighLoad_RoundRobin
attr inifile simulations/nwsim_project/omnetpp.ini
attr iterationvars ""
attr iterationvarsd ""
attr iterationvarsf ""
attr measurement ""
attr network CrossTraffic
attr processid 305
attr repetition 42
attr replication #42
attr resultdir results
attr runnumber 42
attr seedset 42
config description "Very High Load - Round-Robin Mode (200% more traffic)"
config *.Junc*.junctionMode "\"roundrobin\""
config *.EndNW.spawnInterval exponential(100s)
config *.EndNE.spawnInterval exponential(150s)
config *.EndEN.spawnInterval exponential(125s)
config *.EndES.spawnInterval exponential(175s)
config *.EndSE.spawnInterval exponential(113s)
config *.EndSW.spawnInterval exponential(125s)
config *.EndWS.spawnInterval exponential(150s)
config *.EndWN.spawnInterval exponential(175s)
config network CrossTraffic
config sim-time-limit 20000s
config warmup-period 1000s
config repeat 50
config **.scalar-recording true
config **.vector-recording true
config *.Junc*.junctionMode "\"queue\""
config *.EndNW.spawnInterval exponential(800s)
config *.EndNE.spawnInterval exponential(1200s)
config *.EndEN.spawnInterval exponential(1000s)
config *.EndES.spawnInterval exponential(1500s)
config *.EndSE.spawnInterval exponential(900s)
config *.EndSW.spawnInterval exponential(1100s)
config *.EndWS.spawnInterval exponential(1300s)
config *.EndWN.spawnInterval exponential(1400s)

vector 0 CrossTraffic.JuncNW queueLength:vector ETV
attr interpolationmode sample-hold
attr recordingmode vector
attr source queueLength
attr title "Queue Length"
vector 1 CrossTraffic.JuncNW junctionProcessingTime:vector ETV
attr recordingmode vector
attr source junctionProcessingTime
attr title "Junction Processing Time"
vector 2 CrossTraffic.JuncNW vehicleCount:vector ETV
attr recordingmode vector
attr source vehicleCount
attr title "Vehicle Count"
vector 3 CrossTraffic.JuncNE queueLength:vector ETV
attr interpolationmode sample-hold
attr recordingmode vector
attr source queueLength
attr title "Queue Length"
vector 4 CrossTraffic.JuncNE junctionProcessingTime:vector ETV
attr recordingmode vector
attr source junctionProcessingTime
attr title "Junction Processing Time"
vector 5 CrossTraffic.JuncNE vehicleCount:vector ETV
attr recordingmode vector
attr source vehicleCount
attr title "Vehicle Count"
vector 6 CrossTraffic.JuncSE queueLength:vector ETV
attr interpolationmode sample-hold
attr recordingmode vector
attr source queueLength
attr title "Queue Length"
vector 7 CrossTraffic.JuncSE junctionProcessingTime:vector ETV
attr recordingmode vector
attr source junctionProcessingTime
attr title "Junction Processing Time"
vector 8 CrossTraffic.JuncSE vehicleCount:vector ETV
attr recordingmode vector
attr source vehicleCount
attr title "Vehicle Count"
vector 9 CrossTraffic.JuncSW queueLength:vector ETV
attr interpolationmode sample-hold
attr recordingmode vector
attr source queueLength
attr title "Queue Length"
vector 10 CrossTraffic.JuncSW junctionProcessingTime:vector ETV
attr recordingmode vector
attr source junctionProcessingTime
attr title "Junction Processing Time"
vector 11 CrossTraffic.JuncSW vehicleCount:vector ETV
attr recordingmode vector
attr source vehicleCount
attr title "Vehicle Count"
vector 12 CrossTraffic.EndNW travelTime:vector ETV
attr recordingmode vector
attr source travelTime
attr title "Vehicle Travel Time"
vector 13 CrossTraffic.EndNW junctionTime:vector ETV
attr recordingmode vector
attr source junctionTime
attr title "Total Junction Time per Vehicle"
vector 14 CrossTraffic.EndNW junctionCount:vector ETV
attr recordingmode vector
attr source junctionCount
attr title "Junctions Visited per Vehicle"
vector 15 CrossTraffic.EndNE travelTime:vector ETV
attr recordingmode vector
attr source travelTime
attr title "Vehicle Travel Time"
vector 16 CrossTraffic.EndNE junctionTime:vector ETV
attr recordingmode vector
attr source junctionTime
attr title "Total Junction Time per Vehicle"
vector 17 CrossTraffic.EndNE junctionCount:vector ETV
attr recordingmode vector
attr source junctionCount
attr title "Junctions Visited per Vehicle"
vector 18 CrossTraffic.EndEN travelTime:vector ETV
attr recordingmode vector
attr source travelTime
attr title "Vehicle Travel Time"
vector 19 CrossTraffic.EndEN junctionTime:vector ETV
attr recordingmode vector
attr source junctionTime
attr title "Total Junction Time per Vehicle"
vector 20 CrossTraffic.EndEN junctionCount:vector ETV
attr recordingmode vector
attr source junctionCount
attr title "Junctions Visited per Vehicle"
vector 21 CrossTraffic.EndES travelTime:vector ETV
attr recordingmode vector
attr source travelTime
attr title "Vehicle Travel Time"
vector 22 CrossTraffic.EndES junctionTime:vector ETV
attr recordingmode vector
attr source junctionTime
attr title "Total Junction Time per Vehicle"
vector 23 CrossTraffic.EndES junctionCount:vector ETV
attr recordingmode vector
attr source junctionCount
attr title "Junctions Visited per Vehicle"
vector 24 CrossTraffic.EndSE travelTime:vector ETV
attr recordingmode vector
attr source travelTime
attr title "Vehicle Travel Time"
vector 25 CrossTraffic.EndSE junctionTime:vector ETV
attr recordingmode vector
attr source junctionTime
attr title "Total Junction Time per Vehicle"
vector 26 CrossTraffic.EndSE junctionCount:vector ETV
attr recordingmode vector
attr source junctionCount
attr title "Junctions Visited per Vehicle"
vector 27 CrossTraffic.EndSW travelTime:vector ETV
attr recordingmode vector
attr source travelTime
attr title "Vehicle Travel Time"
vector 28 CrossTraffic.EndSW junctionTime:vector ETV
attr recordingmode vector
attr source junctionTime
attr title "Total Junction Time per Vehicle"
vector 29 CrossTraffic.EndSW junctionCount:vector ETV
attr recordingmode vector
attr source junctionCount
attr title "Junctions Visited per Vehicle"
vector 30 CrossTraffic.EndWS travelTime:vector ETV
attr recordingmode vector
attr source travelTime
attr title "Vehicle Travel Time"
vector 31 CrossTraffic.EndWS junctionTime:vector ETV
attr recordingmode vector
attr source junctionTime
attr title "Total Junction Time per Vehicle"
vector 32 CrossTraffic.EndWS junctionCount:vector ETV
attr recordingmode vector
attr source junctionCount
attr title "Junctions Visited per Vehicle"
vector 33 CrossTraffic.EndWN travelTime:vector ETV
attr recordingmode vector
attr source travelTime
attr title "Vehicle Travel Time"
vector 34 CrossTraffic.EndWN junctionTime:vector ETV
attr recordingmode vector
attr source junctionTime
attr title "Total Junction Time per Vehicle"
vector 35 CrossTraffic.EndWN junctionCount:vector ETV
attr recordingmode vector
attr source junctionCount
attr title "Junctions Visited per Vehicle"
0	374	1020	0
0	374	1020	0
0	383	1050	0
0	383	1050	0
0	395	1080	0
0	395	1080	0
0	403	1090	1
0	404	1090	2
0	409	1110	2
0	409	1110	0
0	413	1114.767691907817	1
0	422	1140	1
0	422	1140	1
0	430	1158.577817129305	2
0	433	1170	2
0	433	1170	1
0	442	1200	1
0	442	1200	0
0	452	1228.896107223257	1
0	453	1230	1
0	453	1230	1
0	466	1260	1
0	466	1260	1
0	472	1290	1
0	472	1290	0
0	477	1300	1
0	478	1300	2
0	482	1320	2
0	482	1320	2
0	487	1330	3
0	494	1350	3
0	494	1350	0
0	498	1350.845678725533	1
0	504	1380	1
0	504	1380	1
0	512	1406.501744833957	2
0	514	1410	2
0	514	1410	1
0	520	1420	2
0	524	1433.234429140109	3
0	528	1440	3
0	528	1440	1
0	545	1470	1
0	545	1470	0
0	554	1500	0
0	554	1500	0
0	560	1507.202312298698	1
0	565	1525.644323227061	2
0	566	1530	2
0	566	1530	1
0	570	1533.706486873813	2
0	571	1535.876194679485	3
0	581	1560	3
0	581	1560	1
0	589	1568.305365345985	2
0	593	1590	2
0	593	1590	1
0	604	1620	1
0	604	1620	0
0	612	1650	0
0	612	1650	0
0	625	1665.064733566258	1
0	629	1680	1
0	629	1680	1
0	637	1696.308016947242	2
0	640	1710	2
0	640	1710	0
0	648	1740	0
0	648	1740	0
0	663	1770	0
0	663	1770	0
0	681	1800	0
0	681	1800	0
0	694	1830	0
0	694	1830	0
0	698	1835.362140006891	1
0	707	1849.266275239803	2
0	712	1860	2
0	712	1860	2
0	727	1890	2
0	727	1890	1
0	739	1920	1
0	739	1920	0
0	747	1943.814105875014	1
0	748	1950	1
0	748	1950	1
0	758	1960	2
0	759	1960	3
0	764	1971.861493498882	4
0	766	1980	4
0	766	1980	2
0	780	2010	2
0	780	2010	0
0	788	2040	0
0	788	2040	0
0	793	2050	1
0	794	2050	2
0	795	2050	3
0	797	2052.179213113442	4
0	803	2070	4
0	803	2070	0
0	817	2080	1
0	818	2091.714832484014	2
0	819	2091.974515943426	3
0	820	2100	3
0	820	2100	1
0	837	2130	1
0	837	2130	1
0	847	2160	1
0	847	2160	0
0	863	2190	0
0	863	2190	0
0	872	2203.490017002463	1
0	875	2217.475127478362	2
0	876	2220	2
0	876	2220	1
0	887	2250	1
0	887	2250	1
0	892	2260	2
0	898	2280	2
0	898	2280	1
0	907	2310	1
0	907	2310	0
0	918	2340	0
0	918	2340	0
0	922	2343.320219248548	1
0	928	2368.197263562297	2
0	930	2370	2
0	930	2370	2
0	936	2400	2
0	936	2400	0
0	946	2430	0
0	946	2430	0
0	959	2460	0
0	959	2460	0
0	968	2490	0
0	968	2490	0
0	975	2500	1
0	978	2520	1
0	978	2520	1
0	982	2522.992892843985	2
0	990	2550	2
0	990	2550	0
0	998	2580	0
0	998	2580	0
0	1010	2610	0
0	1010	2610	0
0	1025	2640	0
0	1025	2640	0
0	1034	2670	0
0	1034	2670	0
0	1040	2680	1
0	1046	2700	1
0	1046	2700	0
0	1056	2730	0
0	1056	2730	0
0	1060	2730.68047934546	1
0	1068	2760	1
0	1068	2760	1
0	1077	2790	1
0	1077	2790	1
0	1085	2819.089162882093	2
0	1086	2820	2
0	1086	2820	0
0	1095	2850	0
0	1095	2850	0
0	1099	2860	1
0	1103	2880	1
0	1103	2880	1
0	1111	2890	2
0	1116	2910	2
0	1116	2910	0
0	1123	2920	1
0	1127	2940	1
0	1127	2940	0
0	1133	2970	0
0	1133	2970	0
0	1140	3000	0
0	1140	3000	0
0	1150	3030	0
0	1150	3030	0
0	1163	3060	0
0	1163	3060	0
0	1170	3090	0
0	1170	3090	0
0	1177	3120	0
0	1177	3120	0
0	1181	3124.649702778197	1
0	1185	3130	2
0	1186	3150	2
0	1186	3150	0
0	1196	3180	0
0	1196	3180	0
0	1206	3210	0
0	1206	3210	0
0	1211	3225.590893032115	1
0	1216	3240	1
0	1216	3240	0
0	1227	3270	0
0	1227	3270	0
0	1235	3300	0
0	1235	3300	0
0	1239	3301.780102519997	1
0	1247	3330	1
0	1247	3330	1
0	1259	3351.341709253435	2
0	1260	3360	2
0	1260	3360	1
0	1271	3390	1
0	1271	3390	0
0	1277	3402.931664853903	1
0	1280	3420	1
0	1280	3420	1
0	1293	3450	1
0	1293	3450	1
0	1301	3480	1
0	1301	3480	0
0	1307	3489.762757949647	1
0	1309	3490	2
0	1310	3497.564781772346	3
0	1314	3510	3
0	1314	3510	2
0	1320	3520	3
0	1323	3540	3
0	1323	3540	2
0	1333	3570	2
0	1333	3570	0
0	1342	3600	0
0	1342	3600	0
0	1353	3630	0
0	1353	3630	0
0	1357	3639.482859832382	1
0	1364	3660	1
0	1364	3660	1
0	1376	3690	1
0	1376	3690	1
0	1386	3720	1
0	1386	3720	0
0	1394	3750	0
0	1394	3750	0
0	1404	3780	0
0	1404	3780	0
0	1414	3810	0
0	1414	3810	0
0	1422	3840	0
0	1422	3840	0
0	1433	3870	0
0	1433	3870	0
0	1444	3900	0
0	1444	3900	0
0	1452	3930	0
0	1452	3930	0
0	1457	3945.396597773351	1
0	1458	3960	1
0	1458	3960	0
0	1463	3970	1
0	1469	3990	1
0	1469	3990	0
0	1479	4020	0
0	1479	4020	0
0	1483	4029.80783167397	1
0	1485	4050	1
0	1485	4050	1
0	1490	4060	2
0	1495	4080	2
0	1495	4080	1
0	1501	4090	2
0	1507	4110	2
0	1507	4110	0
0	1516	4140	0
0	1516	4140	0
0	1520	4170	0
0	1520	4170	0
0	1526	4180	1
0	1535	4200	1
0	1535	4200	1
0	1543	4216.120465626024	2
0	1546	4230	2
0	1546	4230	0
0	1552	4240	1
0	1554	4260	1
0	1554	4260	0
0	1561	4290	0
0	1561	4290	0
0	1571	4320	0
0	1571	4320	0
0	1580	4350	0
0	1580	4350	0
0	1588	4360	1
0	1593	4380	1
0	1593	4380	0
0	1603	4409.705483825037	1
0	1604	4410	1
0	1604	4410	0
0	1609	4420	1
0	1614	4432.306432900509	2
0	1616	4440	2
0	1616	4440	2
0	1620	4443.343873873863	3
0	1621	4450	4
0	1622	4450	5
0	1626	4470	5
0	1626	4470	0
0	1636	4481.889906373799	1
0	1638	4490.864828751821	2
0	1640	4500	2
0	1640	4500	2
0	1649	4530	2
0	1649	4530	1
0	1658	4560	1
0	1658	4560	0
0	1668	4570	1
0	1672	4581.827771082932	2
0	1675	4590	2
0	1675	4590	0
0	1680	4600	1
0	1684	4620	1
0	1684	4620	0
0	1698	4650	0
0	1698	4650	0
0	1711	4680	0
0	1711	4680	0
0	1715	4681.636797404525	1
0	1722	4710	1
0	1722	4710	0
0	1732	4740	0
0	1732	4740	0
0	1736	4740.758563727772	1
0	1743	4755.649534510066	2
0	1746	4770	2
0	1746	4770	2
0	1753	4800	2
0	1753	4800	0
0	1757	4801.429051416452	1
0	1758	4808.767607829148	2
0	1763	4830	2
0	1763	4830	2
0	1769	4840	3
0	1776	4860	3
0	1776	4860	2
0	1789	4890	2
0	1789	4890	0
0	1800	4920	0
0	1800	4920	0
0	1807	4948.363795673117	1
0	1810	4950	1
0	1810	4950	1
0	1816	4960	2
0	1819	4980	2
0	1819	4980	1
0	1836	5010	1
0	1836	5010	0
0	1847	5040	0
0	1847	5040	0
0	1853	5046.217884750455	1
0	1858	5070	1
0	1858	5070	1
0	1865	5080	2
0	1868	5100	2
0	1868	5100	1
0	1873	5104.773343310405	2
0	1880	5130	2
0	1880	5130	1
0	1890	5149.973383206609	2
0	1894	5160	2
0	1894	5160	1
0	1899	5170	2
0	1903	5190	2
0	1903	5190	0
0	1911	5200	1
0	1917	5220	1
0	1917	5220	0
0	1929	5246.591528100954	1
0	1931	5250	1
0	1931	5250	1
0	1942	5280	1
0	1942	5280	0
0	1949	5290	1
0	1955	5310	1
0	1955	5310	0
0	1971	5340	0
0	1971	5340	0
0	1980	5370	0
0	1980	5370	0
0	1990	5380	1
0	1994	5390.714926117806	2
0	1995	5400	2
0	1995	5400	1
0	2001	5410	2
0	2009	5430	2
0	2009	5430	0
0	2017	5460	0
0	2017	5460	0
0	2034	5490	0
0	2034	5490	0
0	2041	5505.904768434164	1
0	2043	5520	1
0	2043	5520	0
0	2051	5530	1
0	2056	5550	1
0	2056	5550	0
0	2063	5561.1506731888	1
0	2064	5567.200364723634	2
0	2069	5580	2
0	2069	5580	1
0	2075	5588.385995612738	2
0	2080	5610	2
0	2080	5610	1
0	2094	5640	1
0	2094	5640	0
0	2101	5650	1
0	2106	5670	1
0	2106	5670	0
0	2115	5700	0
0	2115	5700	0
0	2129	5730	0
0	2129	5730	0
0	2136	5741.103402287418	1
0	2141	5760	1
0	2141	5760	1
0	2148	5790	1
0	2148	5790	0
0	2159	5820	0
0	2159	5820	0
0	2172	5850	0
0	2172	5850	0
0	2177	5851.013072970785	1
0	2184	5880	1
0	2184	5880	0
0	2189	5890	1
0	2193	5910	1
0	2193	5910	0
0	2205	5940	0
0	2205	5940	0
0	2215	5970	0
0	2215	5970	0
0	2227	6000	0
0	2227	6000	0
0	2237	6030	0
0	2237	6030	0
0	2251	6060	0
0	2251	6060	0
0	2260	6090	0
0	2260	6090	0
0	2269	6120	0
0	2269	6120	0
0	2274	6130	1
0	2278	6150	1
0	2278	6150	0
0	2282	6156.977049488975	1
0	2293	6180	1
0	2293	6180	1
0	2301	6193.912764053023	2
0	2303	6210	2
0	2303	6210	1
0	2312	6240	1
0	2312	6240	0
0	2316	6242.659327928193	1
0	2318	6250	2
0	2323	6270	2
0	2323	6270	0
0	2335	6300	0
0	2335	6300	0
0	2344	6311.840920145367	1
0	2347	6330	1
0	2347	6330	1
0	2353	6340	2
0	2356	6360	2
0	2356	6360	1
0	2365	6390	1
0	2365	6390	0
0	2377	6420	0
0	2377	6420	0
0	2386	6450	0
0	2386	6450	0
0	2399	6480	0
0	2399	6480	0
0	2405	6496.27132191039	1
0	2409	6510	1
0	2409	6510	0
0	2422	6540	0
0	2422	6540	0
0	2434	6570	0
0	2434	6570	0
0	2439	6600	0
0	2439	6600	0
0	2451	6630	0
0	2451	6630	0
0	2456	6635.28179464076	1
0	2462	6653.284003348144	2
0	2463	6660	2
0	2463	6660	1
0	2470	6690	1
0	2470	6690	0
0	2478	6720	0
0	2478	6720	0
0	2483	6730	1
0	2486	6750	1
0	2486	6750	0
0	2490	6751.958788053182	1
0	2495	6773.439495874275	2
0	2496	6780	2
0	2496	6780	2
0	2503	6810	2
0	2503	6810	1
0	2508	6840	1
0	2508	6840	0
0	2518	6870	0
0	2518	6870	0
0	2526	6900	0
0	2526	6900	0
0	2531	6930	0
0	2531	6930	0
0	2542	6960	0
0	2542	6960	0
0	2549	6987.571330258672	1
0	2551	6990	1
0	2551	6990	0
0	2560	7020	0
0	2560	7020	0
0	2567	7050	0
0	2567	7050	0
0	2571	7050.75671874928	1
0	2574	7066.609974527855	2
0	2579	7080	2
0	2579	7080	0
0	2584	7090	1
0	2586	7090.851604828181	2
0	2588	7110	2
0	2588	7110	1
0	2595	7140	1
0	2595	7140	1
0	2604	7170	1
0	2604	7170	0
0	2613	7200	0
0	2613	7200	0
0	2618	7210	1
0	2623	7230	1
0	2623	7230	0
0	2632	7260	0
0	2632	7260	0
0	2636	7260.724103302345	1
0	2642	7290	1
0	2642	7290	1
0	2653	7315.92741656237	2
0	2655	7320	2
0	2655	7320	0
0	2661	7330	1
0	2664	7350	1
0	2664	7350	0
0	2677	7380	0
0	2677	7380	0
0	2682	7395.565947809098	1
0	2683	7401.360990947489	2
0	2686	7410	2
0	2686	7410	2
0	2691	7414.010090605335	3
0	2702	7440	3
0	2702	7440	0
0	2712	7470	0
0	2712	7470	0
0	2721	7500	0
0	2721	7500	0
0	2735	7530	0
0	2735	7530	0
0	2745	7550.350585119661	1
0	2746	7551.573479077265	2
0	2748	7560	2
0	2748	7560	0
0	2758	7590	0
0	2758	7590	0
0	2765	7602.9317547019	1
0	2767	7613.747916917926	2
0	2768	7616.838996829161	3
0	2769	7620	3
0	2769	7620	1
0	2780	7650	1
0	2780	7650	0
0	2791	7680	0
0	2791	7680	0
0	2795	7681.607960121155	1
0	2801	7710	1
0	2801	7710	1
0	2810	7724.374252462647	2
0	2812	7740	2
0	2812	7740	2
0	2823	7770	2
0	2823	7770	0
0	2834	7800	0
0	2834	7800	0
0	2841	7810	1
0	2846	7830	1
0	2846	7830	0
0	2854	7860	0
0	2854	7860	0
0	2867	7890	0
0	2867	7890	0
0	2876	7900.608847929693	1
0	2878	7901.826181574609	2
0	2881	7920	2
0	2881	7920	1
0	2888	7930	2
0	2890	7950	2
0	2890	7950	0
0	2902	7980	0
0	2902	7980	0
0	2906	7984.972458325271	1
0	2913	8010	1
0	2913	8010	1
0	2919	8020	2
0	2925	8040	2
0	2925	8040	1
0	2934	8050	2
0	2938	8066.799004739735	3
0	2940	8070	3
0	2940	8070	0
0	2947	8100	0
0	2947	8100	0
0	2960	8130	0
0	2960	8130	0
0	2975	8160	0
0	2975	8160	0
0	2983	8170	1
0	2986	8190	1
0	2986	8190	0
0	2994	8220	0
0	2994	8220	0
0	3011	8250	0
0	3011	8250	0
0	3016	8260	1
0	3020	8280	1
0	3020	8280	1
0	3030	8310	1
0	3030	8310	0
0	3040	8340	0
0	3040	8340	0
0	3044	8344.011694116479	1
0	3050	8370	1
0	3050	8370	1
0	3055	8380	2
0	3059	8400	2
0	3059	8400	1
0	3066	8410	2
0	3067	8410	3
0	3071	8430	3
0	3071	8430	0
0	3082	8460	0
0	3082	8460	0
0	3087	8490	0
0	3087	8490	0
0	3096	8520	0
0	3096	8520	0
0	3104	8530	1
0	3107	8550	1
0	3107	8550	0
0	3116	8560	1
0	3119	8580	1
0	3119	8580	0
0	3129	8610	0
0	3129	8610	0
0	3138	8640	0
0	3138	8640	0
0	3148	8670	0
0	3148	8670	0
0	3155	8683.403638317322	1
0	3159	8700	1
0	3159	8700	1
0	3169	8730	1
0	3169	8730	0
0	3173	8740	1
0	3178	8760	1
0	3178	8760	1
0	3186	8790	1
0	3186	8790	0
0	3193	8820	0
0	3193	8820	0
0	3204	8850	0
0	3204	8850	0
0	3209	8880	0
0	3209	8880	0
0	3215	8890	1
0	3216	8890	2
0	3220	8910	2
0	3220	8910	0
0	3230	8940	0
0	3230	8940	0
0	3237	8970	0
0	3237	8970	0
0	3248	9000	0
0	3248	9000	0
0	3255	9010	1
0	3256	9010	2
0	3258	9014.988740053724	3
0	3261	9030	3
0	3261	9030	1
0	3270	9060	1
0	3270	9060	1
0	3277	9090	1
0	3277	9090	0
0	3281	9095.717872590247	1
0	3289	9120	1
0	3289	9120	0
0	3301	9150	0
0	3301	9150	0
0	3305	9155.470709975437	1
0	3307	9180	1
0	3307	9180	1
0	3315	9197.379970772446	2
0	3319	9210	2
0	3319	9210	0
0	3323	9210.859509260296	1
0	3324	9215.240262494631	2
0	3328	9240	2
0	3328	9240	2
0	3334	9250	3
0	3338	9270	3
0	3338	9270	2
0	3343	9280	3
0	3349	9300	3
0	3349	9300	0
0	3361	9330	0
0	3361	9330	0
0	3367	9350.075809001952	1
0	3369	9360	1
0	3369	9360	0
0	3378	9390	0
0	3378	9390	0
0	3390	9400.58382280573	1
0	3394	9416.492010417853	2
0	3395	9420	2
0	3395	9420	2
0	3404	9450	2
0	3404	9450	2
0	3410	9460	3
0	3415	9480	3
0	3415	9480	1
0	3421	9490	2
0	3426	9510	2
0	3426	9510	0
0	3435	9540	0
0	3435	9540	0
0	3440	9545.700985466001	1
0	3445	9570	1
0	3445	9570	1
0	3453	9585.562588860159	2
0	3456	9595.054721487507	3
0	3457	9600	3
0	3457	9600	1
0	3465	9610	2
0	3466	9610	3
0	3469	9630	3
0	3469	9630	0
0	3480	9660	0
0	3480	9660	0
0	3487	9685.911215712983	1
0	3488	9690	1
0	3488	9690	1
0	3497	9705.985850981345	2
0	3502	9720	2
0	3502	9720	0
0	3510	9730	1
0	3513	9745.57176981321	2
0	3516	9750	2
0	3516	9750	0
0	3521	9760	1
0	3525	9780	1
0	3525	9780	0
0	3535	9810	0
0	3535	9810	0
0	3549	9840	0
0	3549	9840	0
0	3557	9850	1
0	3559	9870	1
0	3559	9870	0
0	3565	9886.080392721127	1
0	3568	9900	1
0	3568	9900	1
0	3583	9930	1
0	3583	9930	0
0	3593	9960	0
0	3593	9960	0
0	3597	9960.827593545967	1
0	3602	9990	1
0	3602	9990	1
0	3618	10020	1
0	3618	10020	1
0	3634	10050	1
0	3634	10050	0
0	3644	10080	0
0	3644	10080	0
0	3652	10110	0
0	3652	10110	0
0	3656	10110.001184741274	1
0	3663	10120	2
0	3664	10123.422975859629	3
0	3672	10140	3
0	3672	10140	1
0	3682	10170	1
0	3682	10170	1
0	3689	10182.102653126863	2
0	3691	10195.348176358108	3
0	3692	10200	3
0	3692	10200	2
0	3697	10210	3
0	3700	10218.294993862913	4
0	3703	10230	4
0	3703	10230	0
0	3719	10260	0
0	3719	10260	0
0	3732	10290	0
0	3732	10290	0
0	3740	10320	0
0	3740	10320	0
0	3756	10350	0
0	3756	10350	0
0	3760	10353.941983255189	1
0	3766	10373.780216780993	2
0	3769	10380	2
0	3769	10380	2
0	3778	10410	2
0	3778	10410	0
0	3789	10440	0
0	3789	10440	0
0	3798	10470	0
0	3798	10470	0
0	3803	10477.580285853381	1
0	3812	10500	1
0	3812	10500	1
0	3824	10530	1
0	3824	10530	0
0	3828	10538.72374304714	1
0	3831	10560	1
0	3831	10560	0
0	3835	10568.444740464782	1
0	3837	10570	2
0	3845	10590	2
0	3845	10590	0
0	3855	10602.963435378347	1
0	3857	10611.707249026276	2
0	3858	10620	2
0	3858	10620	2
0	3871	10650	2
0	3871	10650	1
0	3879	10660	2
0	3885	10680	2
0	3885	10680	1
0	3892	10685.286837862969	2
0	3895	10690	3
0	3903	10710	3
0	3903	10710	0
0	3912	10725.980742857638	1
0	3915	10736.456083176341	2
0	3916	10740	2
0	3916	10740	1
0	3927	10754.483178292366	2
0	3930	10763.535536044662	3
0	3932	10770	3
0	3932	10770	2
0	3940	10783.255309770388	3
0	3943	10800	3
0	3943	10800	1
0	3956	10830	1
0	3956	10830	0
0	3970	10860	0
0	3970	10860	0
0	3983	10890	0
0	3983	10890	0
0	3991	10920	0
0	3991	10920	0
0	3997	10930	1
0	4000	10950	1
0	4000	10950	0
0	4005	10953.794040626575	1
0	4006	10954.325450467811	2
0	4012	10980	2
0	4012	10980	2
0	4023	11010	2
0	4023	11010	2
0	4035	11040	2
0	4035	11040	0
0	4043	11070	0
0	4043	11070	0
0	4052	11100	0
0	4052	11100	0
0	4060	11116.785713320339	1
0	4064	11130	1
0	4064	11130	0
0	4070	11140	1
0	4074	11160	1
0	4074	11160	1
0	4082	11190	1
0	4082	11190	0
0	4090	11220	0
0	4090	11220	0
0	4101	11250	0
0	4101	11250	0
0	4115	11280	0
0	4115	11280	0
0	4125	11310	0
0	4125	11310	0
0	4133	11323.482421079948	1
0	4134	11327.614904057156	2
0	4137	11335.680748067325	3
0	4138	11340	3
0	4138	11340	3
0	4154	11370	3
0	4154	11370	2
0	4161	11380	3
0	4168	11400	3
0	4168	11400	1
0	4178	11430	1
0	4178	11430	0
0	4188	11445.256951152726	1
0	4192	11454.454019879523	2
0	4193	11454.725477553986	3
0	4195	11460	3
0	4195	11460	3
0	4200	11467.13407020086	4
0	4209	11490	4
0	4209	11490	4
0	4216	11500	5
0	4218	11500	6
0	4222	11520	6
0	4222	11520	2
0	4229	11530	3
0	4238	11550	3
0	4238	11550	0
0	4245	11564.489520045558	1
0	4246	11569.418486553214	2
0	4249	11580	2
0	4249	11580	2
0	4253	11584.474310667002	3
0	4258	11606.992287606681	4
0	4259	11610	4
0	4259	11610	4
0	4267	11620	5
0	4268	11620	6
0	4273	11624.863807575496	7
0	4276	11640	7
0	4276	11640	2
0	4288	11670	2
0	4288	11670	0
0	4300	11700	0
0	4300	11700	0
0	4313	11730	0
0	4313	11730	0
0	4331	11760	0
0	4331	11760	0
0	4344	11790	0
0	4344	11790	0
0	4353	11803.406082835977	1
0	4354	11811.318601434129	2
0	4355	11820	2
0	4355	11820	2
0	4366	11850	2
0	4366	11850	1
0	4378	11861.149876486059	2
0	4382	11880	2
0	4382	11880	0
0	4388	11890	1
0	4392	11910	1
0	4392	11910	0
0	4402	11940	0
0	4402	11940	0
0	4415	11970	0
0	4415	11970	0
0	4423	11986.250187069147	1
0	4424	12000	1
0	4424	12000	0
0	4430	12010	1
0	4437	12030	1
0	4437	12030	0
0	4441	12035.923083850137	1
0	4450	12060	1
0	4450	12060	1
0	4460	12076.391992034785	2
0	4462	12090	2
0	4462	12090	2
0	4473	12116.891567454555	3
0	4474	12120	3
0	4474	12120	1
0	4486	12150	1
0	4486	12150	0
0	4499	12170.416547347652	1
0	4501	12173.16954353544	2
0	4502	12180	2
0	4502	12180	2
0	4515	12210	2
0	4515	12210	1
0	4521	12220	2
0	4527	12240	2
0	4527	12240	1
0	4533	12252.328455136251	2
0	4538	12270	2
0	4538	12270	0
0	4549	12300	0
0	4549	12300	0
0	4554	12309.05804616907	1
0	4555	12309.40635130628	2
0	4564	12330	2
0	4564	12330	1
0	4571	12340	2
0	4575	12360	2
0	4575	12360	1
0	4589	12390	1
0	4589	12390	0
0	4603	12420	0
0	4603	12420	0
0	4607	12426.660590207169	1
0	4608	12427.888404450784	2
0	4613	12450	2
0	4613	12450	2
0	4625	12480	2
0	4625	12480	0
0	4631	12490	1
0	4637	12510	1
0	4637	12510	0
0	4644	12519.128908602898	1
0	4647	12540	1
0	4647	12540	1
0	4657	12570	1
0	4657	12570	1
0	4674	12600	1
0	4674	12600	0
0	4681	12612.225422420868	1
0	4685	12630	1
0	4685	12630	1
0	4692	12660	1
0	4692	12660	1
0	4706	12690	1
0	4706	12690	0
0	4717	12720	0
0	4717	12720	0
0	4721	12728.238097509935	1
0	4722	12730	2
0	4723	12730	3
0	4726	12750	3
0	4726	12750	0
0	4733	12766.65322975817	1
0	4734	12780	1
0	4734	12780	1
0	4744	12795.617568101012	2
0	4745	12810	2
0	4745	12810	0
0	4749	12820	1
0	4753	12838.729822154984	2
0	4754	12840	2
0	4754	12840	1
0	4771	12870	1
0	4771	12870	0
0	4780	12893.917273296283	1
0	4781	12900	1
0	4781	12900	1
0	4791	12930	1
0	4791	12930	1
0	4800	12953.853703692771	2
0	4802	12960	2
0	4802	12960	0
0	4811	12970	1
0	4814	12987.629403071302	2
0	4816	12990	2
0	4816	12990	0
0	4823	13020	0
0	4823	13020	0
0	4831	13050	0
0	4831	13050	0
0	4842	13080	0
0	4842	13080	0
0	4855	13110	0
0	4855	13110	0
0	4864	13140	0
0	4864	13140	0
0	4873	13170	0
0	4873	13170	0
0	4886	13200	0
0	4886	13200	0
0	4895	13230	0
0	4895	13230	0
0	4907	13260	0
0	4907	13260	0
0	4917	13290	0
0	4917	13290	0
0	4929	13320	0
0	4929	13320	0
0	4939	13350	0
0	4939	13350	0
0	4956	13380	0
0	4956	13380	0
0	4964	13410	0
0	4964	13410	0
0	4975	13440	0
0	4975	13440	0
0	4989	13470	0
0	4989	13470	0
0	4993	13471.894914260547	1
0	5001	13491.500777566163	2
0	5002	13493.732517881213	3
0	5004	13500	3
0	5004	13500	2
0	5008	13507.59546794703	3
0	5016	13530	3
0	5016	13530	3
0	5025	13560	3
0	5025	13560	0
0	5035	13590	0
0	5035	13590	0
0	5043	13596.755362865596	1
0	5053	13620	1
0	5053	13620	1
0	5062	13647.391940670499	2
0	5063	13650	2
0	5063	13650	2
0	5072	13660	3
0	5074	13680	3
0	5074	13680	1
0	5081	13692.036708060803	2
0	5089	13710	2
0	5089	13710	1
0	5097	13720	2
0	5106	13740	2
0	5106	13740	1
0	5112	13754.25454911386	2
0	5116	13770	2
0	5116	13770	1
0	5129	13800	1
0	5129	13800	0
0	5137	13810	1
0	5147	13830	1
0	5147	13830	0
0	5156	13860	0
0	5156	13860	0
0	5170	13890	0
0	5170	13890	0
0	5186	13920	0
0	5186	13920	0
0	5193	13930	1
0	5197	13950	1
0	5197	13950	0
0	5201	13953.487160152603	1
0	5207	13965.481305128402	2
0	5211	13980	2
0	5211	13980	2
0	5221	14004.741214453834	3
0	5223	14006.922493094877	4
0	5224	14010	4
0	5224	14010	2
0	5232	14040	2
0	5232	14040	0
0	5240	14070	0
0	5240	14070	0
0	5249	14080	1
0	5250	14080	2
0	5252	14088.278217068593	3
0	5257	14100	3
0	5257	14100	1
0	5272	14130	1
0	5272	14130	1
0	5281	14140	2
0	5284	14160	2
0	5284	14160	1
0	5295	14190	1
0	5295	14190	0
0	5305	14220	0
0	5305	14220	0
0	5319	14250	0
0	5319	14250	0
0	5329	14265.603314213054	1
0	5332	14280	1
0	5332	14280	0
0	5339	14290	1
0	5340	14290	2
0	5341	14310	2
0	5341	14310	0
0	5350	14320	1
0	5357	14340	1
0	5357	14340	0
0	5363	14363.622598283644	1
0	5364	14367.105359829296	2
0	5365	14370	2
0	5365	14370	2
0	5377	14400	2
0	5377	14400	0
0	5389	14430	0
0	5389	14430	0
0	5398	14460	0
0	5398	14460	0
0	5411	14490	0
0	5411	14490	0
0	5422	14520	0
0	5422	14520	0
0	5426	14530	1
0	5431	14550	1
0	5431	14550	0
0	5445	14580	0
0	5445	14580	0
0	5453	14610	0
0	5453	14610	0
0	5459	14640	0
0	5459	14640	0
0	5465	14647.155576140047	1
0	5472	14670	1
0	5472	14670	1
0	5482	14700	1
0	5482	14700	1
0	5490	14730	1
0	5490	14730	0
0	5495	14740	1
0	5497	14747.537281958549	2
0	5499	14760	2
0	5499	14760	1
0	5506	14763.841739556827	2
0	5514	14790	2
0	5514	14790	0
0	5520	14820	0
0	5520	14820	0
0	5533	14850	0
0	5533	14850	0
0	5546	14880	0
0	5546	14880	0
0	5556	14909.53260569092	1
0	5557	14910	1
0	5557	14910	0
0	5565	14928.680610702399	1
0	5570	14940	1
0	5570	14940	1
0	5574	14940.849775971833	2
0	5575	14942.68343207465	3
0	5576	14953.953138843368	4
0	5580	14969.037583948212	5
0	5581	14970	5
0	5581	14970	3
0	5585	14980	4
0	5592	15000	4
0	5592	15000	1
0	5605	15030	1
0	5605	15030	0
0	5614	15040	1
0	5618	15060	1
0	5618	15060	0
0	5631	15090	0
0	5631	15090	0
0	5640	15109.403556626528	1
0	5645	15120	1
0	5645	15120	0
0	5653	15130	1
0	5661	15150	1
0	5661	15150	0
0	5669	15163.664520544255	1
0	5670	15163.745429224137	2
0	5673	15172.307348494985	3
0	5675	15180	3
0	5675	15180	3
0	5686	15210	3
0	5686	15210	2
0	5694	15220.033247501586	3
0	5695	15221.621573928768	4
0	5701	15240	4
0	5701	15240	1
0	5707	15250	2
0	5709	15270	2
0	5709	15270	0
0	5723	15300	0
0	5723	15300	0
0	5734	15325.48081532146	1
0	5736	15330	1
0	5736	15330	0
0	5748	15360	0
0	5748	15360	0
0	5757	15380.533915998696	1
0	5758	15390	1
0	5758	15390	1
0	5771	15420	1
0	5771	15420	1
0	5783	15450	1
0	5783	15450	0
0	5799	15480	0
0	5799	15480	0
0	5807	15510	0
0	5807	15510	0
0	5821	15540	0
0	5821	15540	0
0	5832	15564.979283445018	1
0	5833	15570	1
0	5833	15570	1
0	5846	15600	1
0	5846	15600	0
0	5857	15630	0
0	5857	15630	0
0	5862	15634.209836187762	1
0	5863	15634.736602702122	2
0	5864	15640	3
0	5865	15645.616995986928	4
0	5868	15660	4
0	5868	15660	3
0	5879	15683.391760616469	4
0	5881	15690	4
0	5881	15690	4
0	5889	15720	4
0	5889	15720	0
0	5894	15730	1
0	5902	15750	1
0	5902	15750	0
0	5911	15780	0
0	5911	15780	0
0	5920	15810	0
0	5920	15810	0
0	5934	15839.462990621433	1
0	5935	15840	1
0	5935	15840	0
0	5941	15870	0
0	5941	15870	0
0	5951	15900	0
0	5951	15900	0
0	5961	15930	0
0	5961	15930	0
0	5973	15957.318374281634	1
0	5975	15960	1
0	5975	15960	0
0	5984	15990	0
0	5984	15990	0
0	5989	16000	1
0	5996	16020	1
0	5996	16020	0
0	6003	16050	0
0	6003	16050	0
0	6013	16080	0
0	6013	16080	0
0	6022	16110	0
0	6022	16110	0
0	6027	16119.325161951042	1
0	6031	16120	2
0	6037	16140	2
0	6037	16140	1
0	6046	16170	1
0	6046	16170	0
0	6051	16190.998574356052	1
0	6052	16200	1
0	6052	16200	0
0	6058	16210	1
0	6064	16230	1
0	6064	16230	0
0	6071	16240	1
0	6075	16260	1
0	6075	16260	0
0	6079	16261.336819779652	1
0	6082	16271.214894265704	2
0	6085	16290	2
0	6085	16290	0
0	6090	16300	1
0	6093	16320	1
0	6093	16320	1
0	6100	16330	2
0	6101	16330	3
0	6106	16350	3
0	6106	16350	0
0	6115	16380	0
0	6115	16380	0
0	6120	16387.160969134107	1
0	6125	16400.549364342967	2
0	6127	16410	2
0	6127	16410	1
0	6136	16420	2
0	6140	16440	2
0	6140	16440	1
0	6152	16470	1
0	6152	16470	0
0	6157	16484.477492399059	1
0	6160	16500	1
0	6160	16500	0
0	6171	16515.344227025201	1
0	6176	16530	1
0	6176	16530	0
0	6183	16540	1
0	6187	16560	1
0	6187	16560	1
0	6196	16590	1
0	6196	16590	0
0	6200	16598.426695495431	1
0	6208	16620	1
0	6208	16620	1
0	6214	16624.948260266753	2
0	6216	16627.418601813425	3
0	6224	16650	3
0	6224	16650	3
0	6228	16660	4
0	6231	16680	4
0	6231	16680	1
0	6241	16710	1
0	6241	16710	0
0	6257	16740	0
0	6257	16740	0
0	6261	16749.644799050626	1
0	6268	16770	1
0	6268	16770	0
0	6279	16800	0
0	6279	16800	0
0	6290	16830	0
0	6290	16830	0
0	6294	16831.516766383795	1
0	6302	16860	1
0	6302	16860	1
0	6318	16886.223723534328	2
0	6319	16890	2
0	6319	16890	2
0	6323	16897.930390153329	3
0	6330	16920	3
0	6330	16920	0
0	6342	16950	0
0	6342	16950	0
0	6353	16973.504086180384	1
0	6355	16980	1
0	6355	16980	0
0	6368	17005.529294426532	1
0	6369	17010	1
0	6369	17010	0
0	6378	17030.664940938998	1
0	6382	17040	1
0	6382	17040	0
0	6390	17070	0
0	6390	17070	0
0	6394	17076.983615692035	1
0	6398	17080.362167074038	2
0	6400	17093.374752058935	3
0	6401	17100	3
0	6401	17100	3
0	6410	17130	3
0	6410	17130	1
0	6415	17134.418643420616	2
0	6422	17160	2
0	6422	17160	0
0	6428	17190	0
0	6428	17190	0
0	6435	17220	0
0	6435	17220	0
0	6443	17250	0
0	6443	17250	0
0	6450	17260	1
0	6456	17280	1
0	6456	17280	1
0	6465	17310	1
0	6465	17310	0
0	6475	17340	0
0	6475	17340	0
0	6483	17368.472232834689	1
0	6484	17370	1
0	6484	17370	1
0	6494	17400	1
0	6494	17400	0
0	6504	17430	0
0	6504	17430	0
0	6512	17460	0
0	6512	17460	0
0	6516	17463.139768299022	1
0	6526	17490	1
0	6526	17490	0
0	6533	17520	0
0	6533	17520	0
0	6537	17530	1
0	6539	17533.243392011666	2
0	6541	17550	2
0	6541	17550	0
0	6545	17550.380615248108	1
0	6552	17574.756578936595	2
0	6554	17580	2
0	6554	17580	2
0	6567	17610	2
0	6567	17610	2
0	6574	17640	2
0	6574	17640	0
0	6588	17670	0
0	6588	17670	0
0	6599	17700	0
0	6599	17700	0
0	6610	17730	0
0	6610	17730	0
0	6615	17738.118250301624	1
0	6618	17740	2
0	6627	17760	2
0	6627	17760	1
0	6637	17790	1
0	6637	17790	0
0	6650	17820	0
0	6650	17820	0
0	6663	17850	0
0	6663	17850	0
0	6667	17850.225609418262	1
0	6676	17880	1
0	6676	17880	0
0	6687	17902.755218569544	1
0	6689	17910	1
0	6689	17910	1
0	6697	17940	1
0	6697	17940	1
0	6702	17942.633329296283	2
0	6707	17955.390391837781	3
0	6710	17970	3
0	6710	17970	1
0	6724	18000	1
0	6724	18000	0
0	6736	18030	0
0	6736	18030	0
0	6747	18060	0
0	6747	18060	0
0	6762	18090	0
0	6762	18090	0
0	6767	18090.545425658275	1
0	6772	18120	1
0	6772	18120	0
0	6779	18150	0
0	6779	18150	0
0	6787	18169.023198700323	1
0	6790	18180	1
0	6790	18180	1
0	6798	18210	1
0	6798	18210	1
0	6810	18240	1
0	6810	18240	0
0	6814	18250	1
0	6820	18270	1
0	6820	18270	0
0	6827	18300	0
0	6827	18300	0
0	6831	18301.4152339381	1
0	6838	18330	1
0	6838	18330	1
0	6846	18360	1
0	6846	18360	0
0	6851	18369.228882738969	1
0	6853	18370	2
0	6856	18390	2
0	6856	18390	1
0	6866	18420	1
0	6866	18420	1
0	6875	18450	1
0	6875	18450	0
0	6886	18480	0
0	6886	18480	0
0	6895	18510	0
0	6895	18510	0
0	6907	18540	0
0	6907	18540	0
0	6914	18570	0
0	6914	18570	0
0	6919	18580	1
0	6921	18584.396393107173	2
0	6923	18600	2
0	6923	18600	2
0	6933	18630	2
0	6933	18630	0
0	6940	18640	1
0	6944	18660	1
0	6944	18660	0
0	6951	18690	0
0	6951	18690	0
0	6959	18720	0
0	6959	18720	0
0	6967	18730	1
0	6974	18750	1
0	6974	18750	0
0	6984	18780	0
0	6984	18780	0
0	6995	18810	0
0	6995	18810	0
0	7003	18828.608371905624	1
0	7009	18840	1
0	7009	18840	0
0	7017	18850	1
0	7021	18870	1
0	7021	18870	0
0	7025	18875.88036059855	1
0	7029	18887.616362070769	2
0	7033	18900	2
0	7033	18900	1
0	7039	18917.715970214843	2
0	7040	18928.531270052924	3
0	7041	18930	3
0	7041	18930	3
0	7049	18940	4
0	7052	18960	4
0	7052	18960	1
0	7058	18983.112766646296	2
0	7059	18990	2
0	7059	18990	0
0	7074	19020	0
0	7074	19020	0
0	7083	19050	0
0	7083	19050	0
0	7096	19080	0
0	7096	19080	0
0	7104	19101.269742460079	1
0	7108	19110	1
0	7108	19110	1
0	7112	19111.711217468328	2
0	7121	19140	2
0	7121	19140	2
0	7133	19170	2
0	7133	19170	0
0	7145	19200	0
0	7145	19200	0
0	7163	19230	0
0	7163	19230	0
0	7170	19260	0
0	7170	19260	0
0	7175	19260.628552384912	1
0	7180	19289.731819920778	2
0	7181	19289.834821113366	3
0	7182	19290	3
0	7182	19290	3
0	7187	19300	4
0	7190	19307.143844576172	5
0	7195	19320	5
0	7195	19320	1
0	7202	19330	2
0	7206	19350	2
0	7206	19350	0
0	7211	19380	0
0	7211	19380	0
0	7219	19410	0
0	7219	19410	0
0	7234	19440	0
0	7234	19440	0
0	7241	19450	1
0	7243	19470	1
0	7243	19470	0
0	7248	19480	1
0	7249	19480	2
0	7253	19500	2
0	7253	19500	0
0	7264	19530	0
0	7264	19530	0
0	7274	19560	0
0	7274	19560	0
0	7279	19570	1
0	7283	19590	1
0	7283	19590	0
0	7287	19595.927879503638	1
0	7288	19599.108149829976	2
0	7294	19620	2
0	7294	19620	2
0	7305	19650	2
0	7305	19650	2
0	7312	19680	2
0	7312	19680	0
0	7324	19703.689496503926	1
0	7325	19710	1
0	7325	19710	0
0	7333	19730.512986653448	1
0	7334	19740	1
0	7334	19740	1
0	7342	19770	1
0	7342	19770	1
0	7349	19780	2
0	7355	19800	2
0	7355	19800	1
0	7366	19830	1
0	7366	19830	0
0	7377	19860	0
0	7377	19860	0
0	7385	19890	0
0	7385	19890	0
0	7393	19900	1
0	7400	19920	1
0	7400	19920	1
0	7404	19920.231903425881	2
0	7410	19950	2
0	7410	19950	1
0	7415	19955.038238177781	2
0	7421	19980	2
0	7421	19980	2
1	367	1000	0
1	368	1000	0
1	409	1110	20
1	409	1110	20
1	414	1120	0
1	428	1150	0
1	433	1170	11.422182870695
1	442	1200	85.232308092183
1	451	1220.058101786837	0
1	471	1270	0
1	472	1290	61.103892776743
1	494	1350	50
1	494	1350	50
1	494	1350	20
1	499	1360	0
1	514	1410	3.498255166043
1	528	1440	89.154321274467
1	528	1440	6.765570859891
1	545	1470	50
1	566	1530	4.355676772939
1	581	1560	52.797687701302
1	581	1560	24.123805320515
1	585	1561.856709550905	0
1	590	1569.867137704492	0
1	593	1590	21.694634654015
1	602	1604.531803803319	0
1	604	1620	86.293513126187
1	609	1630	0
1	640	1710	44.935266433742
1	640	1710	13.691983052758
1	668	1772.175424630042	0
1	727	1890	40.733724760197
1	739	1920	84.637859993109
1	746	1939.686555950345	0
1	754	1952.747981086655	0
1	766	1980	20
1	766	1980	20
1	779	2006.105758073328	0
1	780	2010	66.185894124986
1	780	2010	38.138506501118
1	802	2064.260034217794	0
1	803	2070	20
1	803	2070	20
1	803	2070	20
1	803	2070	17.820786886558
1	811	2080	0
1	812	2080	0
1	813	2080	0
1	820	2100	20
1	820	2100	8.285167515986
1	847	2160	68.025484056574
1	876	2220	2.524872521638
1	898	2280	76.509982997537
1	905	2303.873799223057	0
1	907	2310	50
1	925	2350	0
1	926	2350	0
1	936	2400	56.679780751452
1	936	2400	31.802736437703
1	986	2534.008123940849	0
1	990	2550	50
1	990	2550	27.007107156015
1	1005	2590	0
1	1018	2629.101722056819	0
1	1033	2666.892258735718	0
1	1039	2680	0
1	1046	2700	20
1	1083	2800	0
1	1086	2820	89.31952065454
1	1086	2820	0.910837117907
1	1116	2910	50
1	1116	2910	20
1	1127	2940	20
1	1186	3150	25.350297221803
1	1186	3150	20
1	1192	3160	0
1	1216	3240	14.409106967885
1	1225	3264.954384416701	0
1	1252	3333.788204647764	0
1	1260	3360	58.219897480003
1	1271	3390	38.658290746565
1	1301	3480	77.068335146097
1	1314	3510	20
1	1318	3520	0
1	1323	3540	20
1	1327	3549.485553264337	0
1	1333	3570	80.237242050353
1	1333	3570	72.435218227654
1	1386	3720	80.517140167618
1	1413	3808.925270084705	0
1	1458	3960	14.603402226649
1	1469	3990	20
1	1495	4080	50.19216832603
1	1507	4110	50
1	1507	4110	20
1	1512	4120	0
1	1546	4230	50
1	1546	4230	13.879534373976
1	1554	4260	20
1	1593	4380	20
1	1604	4410	0.294516174963
1	1626	4470	50
1	1626	4470	37.693567099491
1	1626	4470	26.656126126137
1	1626	4470	20
1	1626	4470	20
1	1649	4530	48.110093626201
1	1658	4560	69.135171248179
1	1675	4590	20
1	1675	4590	8.172228917068
1	1684	4620	20
1	1716	4687.76554992507	0
1	1722	4710	28.363202595475
1	1727	4720	0
1	1753	4800	59.241436272228
1	1753	4800	44.350465489934
1	1776	4860	20
1	1789	4890	88.570948583548
1	1789	4890	81.232392170852
1	1793	4897.818526686005	0
1	1819	4980	20
1	1836	5010	61.636204326883
1	1868	5100	20
1	1880	5130	83.782115249545
1	1894	5160	55.226656689595
1	1903	5190	40.026616793391
1	1903	5190	20
1	1917	5220	20
1	1942	5280	33.408471899046
1	1955	5310	20
1	1962	5320	0
1	1963	5320	0
1	1995	5400	9.285073882194
1	2009	5430	50
1	2009	5430	20
1	2014	5440	0
1	2043	5520	14.095231565836
1	2056	5550	20
1	2069	5580	18.8493268112
1	2080	5610	21.614004387262
1	2094	5640	72.799635276366
1	2106	5670	20
1	2148	5790	48.896597712582
1	2184	5880	28.986927029215
1	2193	5910	20
1	2199	5920	0
1	2200	5920	0
1	2243	6040	0
1	2278	6150	20
1	2283	6160	0
1	2303	6210	53.022950511025
1	2311	6239.99344570316	0
1	2312	6240	46.087235946977
1	2322	6262.542074194687	0
1	2323	6270	27.340672071807
1	2323	6270	20
1	2331	6280	0
1	2356	6360	48.159079854633
1	2365	6390	50
1	2371	6400	0
1	2409	6510	13.72867808961
1	2416	6520	0
1	2417	6520	0
1	2427	6550	0
1	2446	6612.635881490206	0
1	2447	6618.385145104407	0
1	2463	6660	6.715996651856
1	2467	6668.33828147714	0
1	2470	6690	54.71820535924
1	2486	6750	20
1	2492	6760	0
1	2503	6810	36.560504125725
1	2508	6840	88.041211946818
1	2517	6868.443615057306	0
1	2551	6990	2.428669741328
1	2579	7080	29.24328125072
1	2579	7080	13.390025472145
1	2587	7093.166561552959	0
1	2588	7110	20
1	2604	7170	79.148395171819
1	2608	7171.886273587504	0
1	2623	7230	20
1	2639	7270	0
1	2655	7320	59.275896697655
1	2655	7320	4.07258343763
1	2659	7327.715437152545	0
1	2664	7350	20
1	2692	7416.868637501956	0
1	2702	7440	44.434052190902
1	2702	7440	38.639009052511
1	2702	7440	25.989909394665
1	2748	7560	9.649414880339
1	2748	7560	8.426520922735
1	2769	7620	17.0682452981
1	2769	7620	6.252083082074
1	2780	7650	33.161003170839
1	2789	7667.882459115631	0
1	2807	7720	0
1	2818	7750	0
1	2823	7770	88.392039878845
1	2823	7770	45.625747537353
1	2846	7830	20
1	2881	7920	18.173818425391
1	2885	7922.666597898911	0
1	2890	7950	49.391152070307
1	2890	7950	20
1	2925	8040	55.027541674729
1	2937	8061.780302120193	0
1	2940	8070	50
1	2940	8070	20
1	2940	8070	3.200995260265
1	2953	8110	0
1	2986	8190	20
1	3030	8310	50
1	3059	8400	55.988305883521
1	3071	8430	50
1	3071	8430	20
1	3071	8430	20
1	3075	8440	0
1	3100	8526.23070019895	0
1	3107	8550	20
1	3111	8551.500896200632	0
1	3113	8558.754267069499	0
1	3115	8560	0
1	3119	8580	20
1	3154	8680	0
1	3169	8730	46.596361682678
1	3186	8790	50
1	3198	8821.698577720443	0
1	3220	8910	20
1	3220	8910	20
1	3261	9030	20
1	3261	9030	20
1	3265	9040	0
1	3277	9090	75.011259946276
1	3289	9120	24.282127409753
1	3300	9147.382604188956	0
1	3319	9210	54.529290024563
1	3319	9210	12.620029227554
1	3337	9269.149137020509	0
1	3338	9270	20
1	3349	9300	89.140490739704
1	3349	9300	84.759737505369
1	3349	9300	20
1	3369	9360	9.924190998048
1	3388	9400	0
1	3415	9480	79.41617719427
1	3415	9480	63.507989582147
1	3419	9484.242287802005	0
1	3426	9510	50
1	3426	9510	20
1	3457	9600	54.299014533999
1	3457	9600	14.437411139841
1	3469	9630	34.945278512493
1	3469	9630	20
1	3469	9630	20
1	3475	9640	0
1	3502	9720	34.088784287017
1	3502	9720	14.014149018655
1	3515	9748.399782910493	0
1	3516	9750	20
1	3516	9750	4.42823018679
1	3525	9780	20
1	3559	9870	20
1	3583	9930	43.919607278873
1	3630	10030	0
1	3634	10050	89.172406454033
1	3657	10110.587408717644	0
1	3672	10140	20
1	3672	10140	16.577024140371
1	3680	10150	0
1	3692	10200	89.998815258726
1	3703	10230	47.897346873137
1	3703	10230	34.651823641892
1	3703	10230	20
1	3703	10230	11.705006137087
1	3711	10240	0
1	3712	10240	0
1	3727	10276.902162965127	0
1	3761	10360	0
1	3778	10410	56.058016744811
1	3778	10410	36.219783219007
1	3824	10530	52.419714146619
1	3831	10560	21.27625695286
1	3845	10590	21.555259535218
1	3845	10590	20
1	3850	10600	0
1	3871	10650	38.292750973724
1	3885	10680	77.036564621653
1	3903	10710	50
1	3903	10710	24.713162137031
1	3903	10710	20
1	3909	10720	0
1	3916	10740	14.019257142362
1	3932	10770	15.516821707634
1	3941	10783.513629173745	0
1	3942	10793.534498848189	0
1	3943	10800	63.543916823659
1	3943	10800	36.464463955338
1	3956	10830	46.744690229612
1	4000	10950	20
1	4007	10960	0
1	4018	10990	0
1	4035	11040	86.205959373425
1	4035	11040	85.674549532189
1	4064	11130	13.214286679661
1	4082	11190	50
1	4086	11198.591001224715	0
1	4108	11259.174536866749	0
1	4154	11370	42.385095942844
1	4168	11400	76.517578920052
1	4168	11400	64.319251932675
1	4176	11422.726054218512	0
1	4178	11430	50
1	4213	11492.6748441524	0
1	4222	11520	74.743048847274
1	4222	11520	65.545980120477
1	4222	11520	65.274522446014
1	4222	11520	52.86592979914
1	4232	11531.221085372265	0
1	4236	11544.493939107763	0
1	4238	11550	50
1	4238	11550	50
1	4238	11550	20
1	4255	11590	0
1	4276	11640	75.510479954442
1	4276	11640	70.581513446786
1	4276	11640	55.525689332998
1	4276	11640	33.007712393319
1	4276	11640	15.136192424504
1	4280	11642.808273622499	0
1	4288	11670	50
1	4288	11670	50
1	4294	11680	0
1	4351	11800	0
1	4366	11850	46.593917164023
1	4382	11880	68.681398565871
1	4382	11880	18.850123513941
1	4392	11910	20
1	4424	12000	13.749812930853
1	4437	12030	20
1	4456	12070	0
1	4474	12120	84.076916149863
1	4474	12120	43.608007965215
1	4486	12150	33.108432545445
1	4491	12160	0
1	4492	12160	0
1	4515	12210	39.583452652348
1	4526	12235.789992502636	0
1	4527	12240	66.83045646456
1	4538	12270	50
1	4538	12270	17.671544863749
1	4542	12272.889869497565	0
1	4543	12280	0
1	4544	12280	0
1	4564	12330	20.94195383093
1	4568	12332.924481683024	0
1	4575	12360	50.59364869372
1	4579	12360.037814694851	0
1	4589	12390	50
1	4594	12400	0
1	4625	12480	53.339409792831
1	4625	12480	52.111595549216
1	4637	12510	20
1	4645	12520	0
1	4674	12600	80.871091397102
1	4706	12690	77.774577579132
1	4726	12750	21.761902490065
1	4726	12750	20
1	4726	12750	20
1	4742	12790	0
1	4745	12810	43.34677024183
1	4745	12810	14.382431898988
1	4754	12840	1.270177845016
1	4771	12870	50
1	4801	12958.931220443536	0
1	4802	12960	66.082726703717
1	4802	12960	6.146296307229
1	4809	12965.871574291073	0
1	4816	12990	20
1	4816	12990	2.370596928698
1	4893	13219.502372320354	0
1	4900	13240	0
1	4944	13360	0
1	4945	13360	0
1	4960	13390	0
1	4996	13480	0
1	5004	13500	6.267482118787
1	5025	13560	88.105085739453
1	5025	13560	68.499222433837
1	5025	13560	52.40453205297
1	5029	13561.145579140556	0
1	5045	13600	0
1	5074	13680	83.244637134404
1	5074	13680	32.608059329501
1	5079	13690.375969685969	0
1	5089	13710	50
1	5094	13717.770536271187	0
1	5101	13727.729531226531	0
1	5106	13740	20
1	5116	13770	77.963291939197
1	5129	13800	45.74545088614
1	5134	13805.464369283922	0
1	5144	13825.544877600264	0
1	5147	13830	20
1	5197	13950	20
1	5217	13990	0
1	5218	13990	0
1	5222	14006.201211267475	0
1	5224	14010	56.512839847397
1	5224	14010	5.258785546166
1	5232	14040	74.518694871598
1	5232	14040	33.077506905123
1	5257	14100	20
1	5257	14100	20
1	5284	14160	71.721782931407
1	5295	14190	50
1	5332	14280	14.396685786946
1	5341	14310	20
1	5341	14310	20
1	5346	14320	0
1	5357	14340	20
1	5375	14387.020112590635	0
1	5377	14400	36.377401716356
1	5377	14400	32.894640170704
1	5395	14440	0
1	5429	14544.686790798307	0
1	5431	14550	20
1	5490	14730	82.844423859953
1	5499	14760	12.462718041451
1	5504	14762.544723851313	0
1	5514	14790	50
1	5514	14790	26.158260443173
1	5557	14910	0.46739430908
1	5561	14920	0
1	5581	14970	41.319389297601
1	5581	14970	29.150224028167
1	5592	15000	57.31656792535
1	5592	15000	46.046861156632
1	5592	15000	30.962416051788
1	5596	15000.030133116966	0
1	5605	15030	50
1	5610	15040	0
1	5618	15060	20
1	5628	15070	0
1	5645	15120	10.596443373472
1	5661	15150	20
1	5686	15210	46.254570775863
1	5701	15240	76.335479455745
1	5701	15240	67.692651505015
1	5701	15240	18.378426071232
1	5708	15256.87872744104	0
1	5709	15270	49.966752498414
1	5709	15270	20
1	5736	15330	4.51918467854
1	5783	15450	69.466084001304
1	5846	15600	35.020716554982
1	5853	15618.217164660632	0
1	5855	15626.114278374356	0
1	5868	15660	20
1	5887	15702.916791492992	0
1	5889	15720	85.790163812238
1	5889	15720	85.263397297878
1	5889	15720	74.383004013072
1	5889	15720	36.608239383531
1	5902	15750	20
1	5932	15831.836243291587	0
1	5935	15840	0.537009378567
1	5946	15880	0
1	5975	15960	2.681625718366
1	5988	16000	0
1	5996	16020	20
1	6037	16140	20
1	6046	16170	50.674838048958
1	6052	16200	9.001425643948
1	6063	16228.519548283791	0
1	6064	16230	20
1	6069	16240	0
1	6075	16260	20
1	6085	16290	28.663180220348
1	6085	16290	18.785105734296
1	6106	16350	50
1	6106	16350	20
1	6106	16350	20
1	6112	16360	0
1	6127	16410	9.450635657033
1	6140	16440	52.839030865893
1	6151	16469.413051007271	0
1	6152	16470	50
1	6160	16500	15.522507600941
1	6176	16530	14.655772974799
1	6196	16590	50
1	6220	16630	0
1	6231	16680	81.573304504569
1	6231	16680	55.051739733247
1	6231	16680	52.581398186575
1	6241	16710	50
1	6268	16770	20.355200949374
1	6296	16840	0
1	6311	16870	0
1	6314	16870	0
1	6330	16920	88.483233616205
1	6330	16920	33.776276465672
1	6330	16920	22.069609846671
1	6340	16941.722323438861	0
1	6355	16980	6.495913819616
1	6369	17010	4.470705573468
1	6373	17013.605433355365	0
1	6379	17033.894196924219	0
1	6382	17040	9.335059061002
1	6410	17130	53.016384307965
1	6410	17130	36.625247941065
1	6422	17160	79.637832925962
1	6422	17160	25.581356579384
1	6433	17200	0
1	6434	17200	0
1	6465	17310	50
1	6494	17400	31.527767165311
1	6522	17475.621326301645	0
1	6526	17490	26.860231700978
1	6541	17550	20
1	6541	17550	16.756607988334
1	6547	17560	0
1	6574	17640	89.619384751892
1	6574	17640	65.243421063405
1	6587	17665.706481081177	0
1	6623	17745.466178902577	0
1	6627	17760	21.881749698376
1	6631	17763.455025670634	0
1	6637	17790	50
1	6676	17880	29.774390581738
1	6684	17890.131878718199	0
1	6701	17940.991199957903	0
1	6710	17970	67.244781430456
1	6710	17970	14.609608162219
1	6714	17975.67940288985	0
1	6724	18000	57.366670703717
1	6734	18018.690854727677	0
1	6735	18025.039911265395	0
1	6772	18120	29.454574341725
1	6784	18160	0
1	6785	18160	0
1	6810	18240	70.976801299677
1	6820	18270	20
1	6846	18360	58.5847660619
1	6856	18390	20
1	6875	18450	80.771117261031
1	6892	18503.377301421276	0
1	6899	18520	0
1	6933	18630	50
1	6933	18630	45.603606892827
1	6939	18640	0
1	6944	18660	20
1	6974	18750	20
1	7006	18834.825410345393	0
1	7008	18836.420327578	0
1	7009	18840	11.391628094376
1	7021	18870	20
1	7033	18900	12.383637929231
1	7052	18960	84.11963940145
1	7052	18960	42.284029785157
1	7052	18960	31.468729947076
1	7059	18990	50
1	7059	18990	6.887233353704
1	7116	19120	0
1	7133	19170	68.730257539921
1	7133	19170	58.288782531672
1	7149	19205.35666178721	0
1	7158	19219.292781215036	0
1	7160	19221.529975600659	0
1	7167	19240	0
1	7195	19320	59.371447615088
1	7195	19320	30.268180079222
1	7195	19320	30.165178886634
1	7195	19320	12.856155423828
1	7206	19350	50
1	7206	19350	20
1	7243	19470	20
1	7253	19500	20
1	7253	19500	20
1	7283	19590	20
1	7312	19680	84.072120496362
1	7312	19680	80.891850170024
1	7325	19710	6.310503496074
1	7355	19800	69.487013346552
1	7366	19830	50
1	7370	19840	0
1	7410	19950	50
2	367	1000	50257
2	368	1000	50256
2	409	1110	50269
2	409	1110	50270
2	414	1120	50263
2	428	1150	50275
2	433	1170	50280
2	442	1200	50277
2	451	1220.058101786837	50284
2	471	1270	50279
2	472	1290	50285
2	494	1350	50281
2	494	1350	50282
2	494	1350	50283
2	499	1360	50278
2	514	1410	50293
2	528	1440	50291
2	528	1440	50294
2	545	1470	50289
2	566	1530	50304
2	581	1560	50302
2	581	1560	50305
2	585	1561.856709550905	50306
2	590	1569.867137704492	50309
2	593	1590	50299
2	602	1604.531803803319	50292
2	604	1620	50295
2	609	1630	50303
2	640	1710	50307
2	640	1710	50312
2	668	1772.175424630042	50318
2	727	1890	50326
2	739	1920	50321
2	746	1939.686555950345	50337
2	754	1952.747981086655	50327
2	766	1980	50320
2	766	1980	50324
2	779	2006.105758073328	50332
2	780	2010	50338
2	780	2010	50341
2	802	2064.260034217794	50349
2	803	2070	50330
2	803	2070	50333
2	803	2070	50334
2	803	2070	50339
2	811	2080	50319
2	812	2080	50325
2	813	2080	50328
2	820	2100	50340
2	820	2100	50345
2	847	2160	50350
2	876	2220	50351
2	898	2280	50355
2	905	2303.873799223057	50362
2	907	2310	50353
2	925	2350	50357
2	926	2350	50358
2	936	2400	50363
2	936	2400	50365
2	986	2534.008123940849	50371
2	990	2550	50367
2	990	2550	50368
2	1005	2590	50370
2	1018	2629.101722056819	50377
2	1033	2666.892258735718	50380
2	1039	2680	50369
2	1046	2700	50372
2	1083	2800	50373
2	1086	2820	50378
2	1086	2820	50384
2	1116	2910	50381
2	1116	2910	50387
2	1127	2940	50388
2	1186	3150	50396
2	1186	3150	50394
2	1192	3160	50390
2	1216	3240	50403
2	1225	3264.954384416701	50406
2	1252	3333.788204647764	50411
2	1260	3360	50409
2	1271	3390	50405
2	1301	3480	50414
2	1314	3510	50412
2	1318	3520	50407
2	1323	3540	50410
2	1327	3549.485553264337	50419
2	1333	3570	50423
2	1333	3570	50424
2	1386	3720	50429
2	1413	3808.925270084705	50432
2	1458	3960	50441
2	1469	3990	50435
2	1495	4080	50444
2	1507	4110	50440
2	1507	4110	50442
2	1512	4120	50436
2	1546	4230	50445
2	1546	4230	50449
2	1554	4260	50446
2	1593	4380	50451
2	1604	4410	50462
2	1626	4470	50458
2	1626	4470	50459
2	1626	4470	50460
2	1626	4470	50455
2	1626	4470	50457
2	1649	4530	50469
2	1658	4560	50470
2	1675	4590	50463
2	1675	4590	50468
2	1684	4620	50467
2	1716	4687.76554992507	50482
2	1722	4710	50476
2	1727	4720	50465
2	1753	4800	50484
2	1753	4800	50486
2	1776	4860	50483
2	1789	4890	50488
2	1789	4890	50489
2	1793	4897.818526686005	50492
2	1819	4980	50490
2	1836	5010	50495
2	1868	5100	50496
2	1880	5130	50504
2	1894	5160	50510
2	1903	5190	50505
2	1903	5190	50502
2	1917	5220	50508
2	1942	5280	50518
2	1955	5310	50516
2	1962	5320	50499
2	1963	5320	50506
2	1995	5400	50530
2	2009	5430	50519
2	2009	5430	50521
2	2014	5440	50514
2	2043	5520	50537
2	2056	5550	50529
2	2069	5580	50532
2	2080	5610	50541
2	2094	5640	50539
2	2106	5670	50533
2	2148	5790	50544
2	2184	5880	50559
2	2193	5910	50550
2	2199	5920	50545
2	2200	5920	50549
2	2243	6040	50554
2	2278	6150	50562
2	2283	6160	50560
2	2303	6210	50572
2	2311	6239.99344570316	50576
2	2312	6240	50574
2	2322	6262.542074194687	50577
2	2323	6270	50571
2	2323	6270	50567
2	2331	6280	50566
2	2356	6360	50583
2	2365	6390	50573
2	2371	6400	50569
2	2409	6510	50586
2	2416	6520	50581
2	2417	6520	50575
2	2427	6550	50588
2	2446	6612.635881490206	50596
2	2447	6618.385145104407	50597
2	2463	6660	50592
2	2467	6668.33828147714	50595
2	2470	6690	50598
2	2486	6750	50593
2	2492	6760	50591
2	2503	6810	50602
2	2508	6840	50601
2	2517	6868.443615057306	50604
2	2551	6990	50605
2	2579	7080	50609
2	2579	7080	50611
2	2587	7093.166561552959	50614
2	2588	7110	50606
2	2604	7170	50613
2	2608	7171.886273587504	50617
2	2623	7230	50610
2	2639	7270	50615
2	2655	7320	50622
2	2655	7320	50624
2	2659	7327.715437152545	50625
2	2664	7350	50616
2	2692	7416.868637501956	50632
2	2702	7440	50628
2	2702	7440	50629
2	2702	7440	50631
2	2748	7560	50639
2	2748	7560	50640
2	2769	7620	50636
2	2769	7620	50637
2	2780	7650	50645
2	2789	7667.882459115631	50647
2	2807	7720	50635
2	2818	7750	50642
2	2823	7770	50649
2	2823	7770	50651
2	2846	7830	50650
2	2881	7920	50659
2	2885	7922.666597898911	50660
2	2890	7950	50653
2	2890	7950	50652
2	2925	8040	50666
2	2937	8061.780302120193	50672
2	2940	8070	50654
2	2940	8070	50657
2	2940	8070	50664
2	2953	8110	50667
2	2986	8190	50668
2	3030	8310	50675
2	3059	8400	50687
2	3071	8430	50682
2	3071	8430	50679
2	3071	8430	50680
2	3075	8440	50681
2	3100	8526.23070019895	50695
2	3107	8550	50690
2	3111	8551.500896200632	50691
2	3113	8558.754267069499	50692
2	3115	8560	50685
2	3119	8580	50689
2	3154	8680	50688
2	3169	8730	50699
2	3186	8790	50697
2	3198	8821.698577720443	50703
2	3220	8910	50702
2	3220	8910	50704
2	3261	9030	50708
2	3261	9030	50709
2	3265	9040	50706
2	3277	9090	50714
2	3289	9120	50717
2	3300	9147.382604188956	50722
2	3319	9210	50723
2	3319	9210	50725
2	3337	9269.149137020509	50728
2	3338	9270	50716
2	3349	9300	50719
2	3349	9300	50720
2	3349	9300	50718
2	3369	9360	50733
2	3388	9400	50724
2	3415	9480	50737
2	3415	9480	50739
2	3419	9484.242287802005	50741
2	3426	9510	50730
2	3426	9510	50734
2	3457	9600	50744
2	3457	9600	50745
2	3469	9630	50742
2	3469	9630	50740
2	3469	9630	50743
2	3475	9640	50736
2	3502	9720	50752
2	3502	9720	50753
2	3515	9748.399782910493	50756
2	3516	9750	50748
2	3516	9750	50750
2	3525	9780	50749
2	3559	9870	50754
2	3583	9930	50761
2	3630	10030	50764
2	3634	10050	50766
2	3657	10110.587408717644	50769
2	3672	10140	50770
2	3672	10140	50772
2	3680	10150	50773
2	3692	10200	50780
2	3703	10230	50778
2	3703	10230	50779
2	3703	10230	50775
2	3703	10230	50781
2	3711	10240	50765
2	3712	10240	50771
2	3727	10276.902162965127	50785
2	3761	10360	50782
2	3778	10410	50793
2	3778	10410	50794
2	3824	10530	50802
2	3831	10560	50805
2	3845	10590	50801
2	3845	10590	50797
2	3850	10600	50791
2	3871	10650	50811
2	3885	10680	50810
2	3903	10710	50804
2	3903	10710	50808
2	3903	10710	50809
2	3909	10720	50800
2	3916	10740	50812
2	3932	10770	50822
2	3941	10783.513629173745	50827
2	3942	10793.534498848189	50828
2	3943	10800	50820
2	3943	10800	50824
2	3956	10830	50815
2	4000	10950	50832
2	4007	10960	50814
2	4018	10990	50829
2	4035	11040	50835
2	4035	11040	50836
2	4064	11130	50840
2	4082	11190	50837
2	4086	11198.591001224715	50839
2	4108	11259.174536866749	50845
2	4154	11370	50850
2	4168	11400	50849
2	4168	11400	50852
2	4176	11422.726054218512	50860
2	4178	11430	50844
2	4213	11492.6748441524	50870
2	4222	11520	50862
2	4222	11520	50864
2	4222	11520	50865
2	4222	11520	50866
2	4232	11531.221085372265	50872
2	4236	11544.493939107763	50875
2	4238	11550	50851
2	4238	11550	50857
2	4238	11550	50861
2	4255	11590	50859
2	4276	11640	50878
2	4276	11640	50879
2	4276	11640	50881
2	4276	11640	50882
2	4276	11640	50883
2	4280	11642.808273622499	50884
2	4288	11670	50863
2	4288	11670	50869
2	4294	11680	50854
2	4351	11800	50877
2	4366	11850	50888
2	4382	11880	50889
2	4382	11880	50891
2	4392	11910	50886
2	4424	12000	50898
2	4437	12030	50892
2	4456	12070	50897
2	4474	12120	50903
2	4474	12120	50907
2	4486	12150	50900
2	4491	12160	50895
2	4492	12160	50896
2	4515	12210	50912
2	4526	12235.789992502636	50919
2	4527	12240	50914
2	4538	12270	50908
2	4538	12270	50911
2	4542	12272.889869497565	50913
2	4543	12280	50899
2	4544	12280	50904
2	4564	12330	50923
2	4568	12332.924481683024	50925
2	4575	12360	50924
2	4579	12360.037814694851	50926
2	4589	12390	50918
2	4594	12400	50915
2	4625	12480	50929
2	4625	12480	50930
2	4637	12510	50927
2	4645	12520	50922
2	4674	12600	50935
2	4706	12690	50941
2	4726	12750	50942
2	4726	12750	50937
2	4726	12750	50938
2	4742	12790	50944
2	4745	12810	50950
2	4745	12810	50952
2	4754	12840	50953
2	4771	12870	50943
2	4801	12958.931220443536	50959
2	4802	12960	50957
2	4802	12960	50958
2	4809	12965.871574291073	50962
2	4816	12990	50951
2	4816	12990	50956
2	4893	13219.502372320354	50974
2	4900	13240	50963
2	4944	13360	50966
2	4945	13360	50967
2	4960	13390	50976
2	4996	13480	50970
2	5004	13500	50985
2	5025	13560	50990
2	5025	13560	50992
2	5025	13560	50993
2	5029	13561.145579140556	50996
2	5045	13600	50982
2	5074	13680	50998
2	5074	13680	51001
2	5079	13690.375969685969	51004
2	5089	13710	50991
2	5094	13717.770536271187	50999
2	5101	13727.729531226531	50995
2	5106	13740	50997
2	5116	13770	51006
2	5129	13800	51010
2	5134	13805.464369283922	51013
2	5144	13825.544877600264	51015
2	5147	13830	51003
2	5197	13950	51011
2	5217	13990	51019
2	5218	13990	51020
2	5222	14006.201211267475	51023
2	5224	14010	51024
2	5224	14010	51029
2	5232	14040	51027
2	5232	14040	51030
2	5257	14100	51026
2	5257	14100	51028
2	5284	14160	51034
2	5295	14190	51025
2	5332	14280	51047
2	5341	14310	51036
2	5341	14310	51037
2	5346	14320	51031
2	5357	14340	51041
2	5375	14387.020112590635	51054
2	5377	14400	51051
2	5377	14400	51052
2	5395	14440	51038
2	5429	14544.686790798307	51060
2	5431	14550	51053
2	5490	14730	51063
2	5499	14760	51069
2	5504	14762.544723851313	51070
2	5514	14790	51061
2	5514	14790	51066
2	5557	14910	51073
2	5561	14920	51064
2	5581	14970	51079
2	5581	14970	51082
2	5592	15000	51083
2	5592	15000	51084
2	5592	15000	51086
2	5596	15000.030133116966	51089
2	5605	15030	51077
2	5610	15040	51068
2	5618	15060	51080
2	5628	15070	51081
2	5645	15120	51092
2	5661	15150	51085
2	5686	15210	51099
2	5701	15240	51098
2	5701	15240	51101
2	5701	15240	51105
2	5708	15256.87872744104	51108
2	5709	15270	51094
2	5709	15270	51093
2	5736	15330	51111
2	5783	15450	51114
2	5846	15600	51122
2	5853	15618.217164660632	51126
2	5855	15626.114278374356	51127
2	5868	15660	51121
2	5887	15702.916791492992	51137
2	5889	15720	51130
2	5889	15720	51131
2	5889	15720	51132
2	5889	15720	51135
2	5902	15750	51128
2	5932	15831.836243291587	51141
2	5935	15840	51143
2	5946	15880	51123
2	5975	15960	51145
2	5988	16000	51138
2	5996	16020	51142
2	6037	16140	51146
2	6046	16170	51153
2	6052	16200	51155
2	6063	16228.519548283791	51160
2	6064	16230	51149
2	6069	16240	51147
2	6075	16260	51150
2	6085	16290	51162
2	6085	16290	51164
2	6106	16350	51154
2	6106	16350	51156
2	6106	16350	51158
2	6112	16360	51152
2	6127	16410	51169
2	6140	16440	51168
2	6151	16469.413051007271	51172
2	6152	16470	51163
2	6160	16500	51167
2	6176	16530	51177
2	6196	16590	51166
2	6220	16630	51174
2	6231	16680	51180
2	6231	16680	51181
2	6231	16680	51182
2	6241	16710	51175
2	6268	16770	51195
2	6296	16840	51173
2	6311	16870	51188
2	6314	16870	51193
2	6330	16920	51197
2	6330	16920	51200
2	6330	16920	51201
2	6340	16941.722323438861	51204
2	6355	16980	51199
2	6369	17010	51207
2	6373	17013.605433355365	51208
2	6379	17033.894196924219	51210
2	6382	17040	51209
2	6410	17130	51213
2	6410	17130	51215
2	6422	17160	51214
2	6422	17160	51217
2	6433	17200	51205
2	6434	17200	51206
2	6465	17310	51216
2	6494	17400	51222
2	6522	17475.621326301645	51223
2	6526	17490	51231
2	6541	17550	51225
2	6541	17550	51229
2	6547	17560	51219
2	6574	17640	51233
2	6574	17640	51235
2	6587	17665.706481081177	51238
2	6623	17745.466178902577	51245
2	6627	17760	51243
2	6631	17763.455025670634	51246
2	6637	17790	51234
2	6676	17880	51254
2	6684	17890.131878718199	51257
2	6701	17940.991199957903	51252
2	6710	17970	51259
2	6710	17970	51263
2	6714	17975.67940288985	51264
2	6724	18000	51261
2	6734	18018.690854727677	51266
2	6735	18025.039911265395	51267
2	6772	18120	51271
2	6784	18160	51251
2	6785	18160	51255
2	6810	18240	51273
2	6820	18270	51268
2	6846	18360	51277
2	6856	18390	51274
2	6875	18450	51280
2	6892	18503.377301421276	51285
2	6899	18520	51278
2	6933	18630	51283
2	6933	18630	51284
2	6939	18640	51282
2	6944	18660	51288
2	6974	18750	51292
2	7006	18834.825410345393	51301
2	7008	18836.420327578	51302
2	7009	18840	51300
2	7021	18870	51294
2	7033	18900	51296
2	7052	18960	51306
2	7052	18960	51309
2	7052	18960	51310
2	7059	18990	51297
2	7059	18990	51308
2	7116	19120	51299
2	7133	19170	51317
2	7133	19170	51320
2	7149	19205.35666178721	51323
2	7158	19219.292781215036	51326
2	7160	19221.529975600659	51327
2	7167	19240	51314
2	7195	19320	51329
2	7195	19320	51330
2	7195	19320	51331
2	7195	19320	51333
2	7206	19350	51321
2	7206	19350	51328
2	7243	19470	51332
2	7253	19500	51334
2	7253	19500	51336
2	7283	19590	51337
2	7312	19680	51345
2	7312	19680	51346
2	7325	19710	51347
2	7355	19800	51353
2	7366	19830	51348
2	7370	19840	51344
2	7410	19950	51357
3	375	1020	1
3	375	1020	0
3	384	1050	0
3	384	1050	0
3	396	1080	0
3	396	1080	0
3	410	1110	0
3	410	1110	0
3	415	1120	1
3	423	1140	1
3	423	1140	0
3	434	1170	0
3	434	1170	0
3	437	1170.329761221586	1
3	438	1180.179971209179	2
3	439	1184.904771838042	3
3	443	1200	3
3	443	1200	1
3	454	1230	1
3	454	1230	0
3	459	1236.053223800997	1
3	461	1240	2
3	465	1255.159081768506	3
3	467	1260	3
3	467	1260	2
3	473	1290	2
3	473	1290	2
3	481	1313.952314555297	3
3	483	1320	3
3	483	1320	1
3	495	1350	1
3	495	1350	0
3	505	1380	0
3	505	1380	0
3	515	1410	0
3	515	1410	0
3	529	1440	0
3	529	1440	0
3	546	1470	0
3	546	1470	0
3	555	1500	0
3	555	1500	0
3	567	1530	0
3	567	1530	0
3	582	1560	0
3	582	1560	0
3	594	1590	0
3	594	1590	0
3	603	1616.385779334543	1
3	605	1620	1
3	605	1620	1
3	611	1647.360100688373	2
3	613	1650	2
3	613	1650	2
3	630	1680	2
3	630	1680	0
3	634	1690	1
3	641	1710	1
3	641	1710	1
3	645	1720	2
3	649	1740	2
3	649	1740	0
3	664	1770	0
3	664	1770	0
3	682	1800	0
3	682	1800	0
3	695	1830	0
3	695	1830	0
3	713	1860	0
3	713	1860	0
3	724	1884.143897691777	1
3	728	1890	1
3	728	1890	1
3	735	1907.177986947531	2
3	737	1915.564675957238	3
3	740	1920	3
3	740	1920	3
3	744	1930	4
3	745	1930	5
3	749	1950	5
3	749	1950	2
3	757	1960	3
3	763	1965.547899578313	4
3	765	1979.975784103332	5
3	767	1980	5
3	767	1980	0
3	770	1981.982111712636	1
3	774	1990	2
3	781	2010	2
3	781	2010	1
3	789	2040	1
3	789	2040	0
3	804	2070	0
3	804	2070	0
3	821	2100	0
3	821	2100	0
3	838	2130	0
3	838	2130	0
3	845	2150.463077345582	1
3	848	2160	1
3	848	2160	0
3	864	2190	0
3	864	2190	0
3	871	2200	1
3	877	2220	1
3	877	2220	0
3	888	2250	0
3	888	2250	0
3	899	2280	0
3	899	2280	0
3	908	2310	0
3	908	2310	0
3	913	2320	1
3	919	2340	1
3	919	2340	0
3	931	2370	0
3	931	2370	0
3	935	2394.252259932511	1
3	937	2400	1
3	937	2400	0
3	947	2430	0
3	947	2430	0
3	960	2460	0
3	960	2460	0
3	969	2490	0
3	969	2490	0
3	979	2520	0
3	979	2520	0
3	984	2530	1
3	991	2550	1
3	991	2550	1
3	994	2560	2
3	999	2580	2
3	999	2580	0
3	1007	2599.124770541499	1
3	1011	2610	1
3	1011	2610	1
3	1022	2638.047286809231	2
3	1026	2640	2
3	1026	2640	0
3	1032	2661.509026705018	1
3	1035	2670	1
3	1035	2670	1
3	1042	2683.381221331779	2
3	1047	2700	2
3	1047	2700	1
3	1051	2713.755133182581	2
3	1055	2729.101722056819	3
3	1057	2730	3
3	1057	2730	2
3	1063	2739.895901243565	3
3	1069	2760	3
3	1069	2760	2
3	1072	2766.892258735718	3
3	1078	2790	3
3	1078	2790	1
3	1087	2820	1
3	1087	2820	1
3	1096	2850	1
3	1096	2850	0
3	1104	2880	0
3	1104	2880	0
3	1117	2910	0
3	1117	2910	0
3	1122	2920	1
3	1128	2940	1
3	1128	2940	0
3	1134	2970	0
3	1134	2970	0
3	1138	2987.299359957174	1
3	1141	3000	1
3	1141	3000	1
3	1151	3030	1
3	1151	3030	0
3	1158	3040	1
3	1164	3060	1
3	1164	3060	0
3	1168	3074.744415501367	1
3	1171	3090	1
3	1171	3090	1
3	1178	3120	1
3	1178	3120	0
3	1187	3150	0
3	1187	3150	0
3	1193	3160	1
3	1197	3180	1
3	1197	3180	0
3	1207	3210	0
3	1207	3210	0
3	1217	3240	0
3	1217	3240	0
3	1222	3250	1
3	1228	3270	1
3	1228	3270	1
3	1236	3300	1
3	1236	3300	0
3	1248	3330	0
3	1248	3330	0
3	1253	3339.254015624697	1
3	1261	3360	1
3	1261	3360	1
3	1265	3364.954384416701	2
3	1268	3386.341065782633	3
3	1272	3390	3
3	1272	3390	2
3	1281	3420	2
3	1281	3420	1
3	1291	3442.790936131923	2
3	1294	3450	2
3	1294	3450	1
3	1302	3480	1
3	1302	3480	0
3	1315	3510	0
3	1315	3510	0
3	1319	3520	1
3	1324	3540	1
3	1324	3540	0
3	1334	3570	0
3	1334	3570	0
3	1343	3600	0
3	1343	3600	0
3	1354	3630	0
3	1354	3630	0
3	1365	3660	0
3	1365	3660	0
3	1377	3690	0
3	1377	3690	0
3	1387	3720	0
3	1387	3720	0
3	1395	3750	0
3	1395	3750	0
3	1405	3780	0
3	1405	3780	0
3	1415	3810	0
3	1415	3810	0
3	1418	3815.183690620262	1
3	1421	3821.521983347826	2
3	1423	3840	2
3	1423	3840	1
3	1434	3870	1
3	1434	3870	0
3	1442	3895.357895093323	1
3	1445	3900	1
3	1445	3900	1
3	1453	3930	1
3	1453	3930	1
3	1459	3960	1
3	1459	3960	0
3	1467	3984.02560027179	1
3	1470	3990	1
3	1470	3990	0
3	1476	4000	1
3	1477	4000	2
3	1480	4020	2
3	1480	4020	0
3	1486	4050	0
3	1486	4050	0
3	1493	4073.981734210052	1
3	1496	4080	1
3	1496	4080	0
3	1508	4110	0
3	1508	4110	0
3	1517	4140	0
3	1517	4140	0
3	1521	4170	0
3	1521	4170	0
3	1536	4200	0
3	1536	4200	0
3	1542	4210	1
3	1547	4230	1
3	1547	4230	1
3	1555	4260	1
3	1555	4260	0
3	1560	4288.748979652845	1
3	1562	4290	1
3	1562	4290	1
3	1565	4299.124957666563	2
3	1566	4299.388469585515	3
3	1567	4299.904709936436	4
3	1572	4320	4
3	1572	4320	2
3	1581	4350	2
3	1581	4350	0
3	1587	4360	1
3	1594	4380	1
3	1594	4380	0
3	1605	4410	0
3	1605	4410	0
3	1611	4422.960672096909	1
3	1617	4440	1
3	1617	4440	1
3	1627	4470	1
3	1627	4470	0
3	1641	4500	0
3	1641	4500	0
3	1644	4510	1
3	1650	4530	1
3	1650	4530	0
3	1659	4560	0
3	1659	4560	0
3	1669	4570	1
3	1676	4590	1
3	1676	4590	1
3	1685	4620	1
3	1685	4620	0
3	1699	4650	0
3	1699	4650	0
3	1712	4680	0
3	1712	4680	0
3	1723	4710	0
3	1723	4710	0
3	1733	4740	0
3	1733	4740	0
3	1747	4770	0
3	1747	4770	0
3	1754	4800	0
3	1754	4800	0
3	1764	4830	0
3	1764	4830	0
3	1771	4845.561716749066	1
3	1777	4860	1
3	1777	4860	1
3	1790	4890	1
3	1790	4890	1
3	1801	4920	1
3	1801	4920	0
3	1811	4950	0
3	1811	4950	0
3	1820	4980	0
3	1820	4980	0
3	1825	4982.900655713754	1
3	1837	5010	1
3	1837	5010	1
3	1841	5017.17029300939	2
3	1848	5040	2
3	1848	5040	2
3	1859	5070	2
3	1859	5070	0
3	1869	5100	0
3	1869	5100	0
3	1881	5130	0
3	1881	5130	0
3	1893	5152.094084759468	1
3	1895	5160	1
3	1895	5160	1
3	1900	5170	2
3	1904	5190	2
3	1904	5190	1
3	1910	5200	2
3	1918	5220	2
3	1918	5220	0
3	1932	5250	0
3	1932	5250	0
3	1935	5250.825991935507	1
3	1943	5280	1
3	1943	5280	0
3	1954	5304.124162537033	1
3	1956	5310	1
3	1956	5310	0
3	1965	5320	1
3	1972	5340	1
3	1972	5340	0
3	1975	5347.043541412591	1
3	1977	5353.997889746846	2
3	1981	5370	2
3	1981	5370	2
3	1986	5375.236554371731	3
3	1996	5400	3
3	1996	5400	1
3	2004	5411.871029834319	2
3	2010	5430	2
3	2010	5430	1
3	2018	5460	1
3	2018	5460	0
3	2027	5472.133595923095	1
3	2035	5490	1
3	2035	5490	1
3	2044	5520	1
3	2044	5520	1
3	2057	5550	1
3	2057	5550	0
3	2065	5567.91427456468	1
3	2070	5580	1
3	2070	5580	1
3	2081	5610	1
3	2081	5610	1
3	2095	5640	1
3	2095	5640	0
3	2102	5650	1
3	2107	5670	1
3	2107	5670	1
3	2110	5677.335645195504	2
3	2113	5683.2970221332	3
3	2116	5700	3
3	2116	5700	2
3	2126	5724.49647417134	3
3	2130	5730	3
3	2130	5730	3
3	2142	5760	3
3	2142	5760	1
3	2149	5790	1
3	2149	5790	0
3	2153	5800	1
3	2154	5800	2
3	2155	5804.255318567024	3
3	2160	5820	3
3	2160	5820	0
3	2165	5827.74694819163	1
3	2173	5850	1
3	2173	5850	1
3	2185	5880	1
3	2185	5880	0
3	2190	5890	1
3	2194	5910	1
3	2194	5910	1
3	2197	5919.721304768643	2
3	2202	5924.748084598374	3
3	2206	5940	3
3	2206	5940	0
3	2211	5957.437229781687	1
3	2216	5970	1
3	2216	5970	1
3	2228	6000	1
3	2228	6000	1
3	2238	6030	1
3	2238	6030	0
3	2241	6036.436193377345	1
3	2245	6040	2
3	2252	6060	2
3	2252	6060	0
3	2255	6062.504076728476	1
3	2261	6090	1
3	2261	6090	1
3	2270	6120	1
3	2270	6120	1
3	2279	6150	1
3	2279	6150	0
3	2285	6160	1
3	2286	6160	2
3	2294	6180	2
3	2294	6180	0
3	2297	6183.477130261478	1
3	2304	6210	1
3	2304	6210	1
3	2313	6240	1
3	2313	6240	0
3	2319	6250	1
3	2324	6270	1
3	2324	6270	1
3	2334	6298.118023966952	2
3	2336	6300	2
3	2336	6300	1
3	2348	6330	1
3	2348	6330	1
3	2357	6360	1
3	2357	6360	0
3	2363	6374.704233803853	1
3	2366	6390	1
3	2366	6390	1
3	2369	6391.45621563383	2
3	2372	6400	3
3	2378	6420	3
3	2378	6420	0
3	2387	6450	0
3	2387	6450	0
3	2400	6480	0
3	2400	6480	0
3	2404	6490	1
3	2410	6510	1
3	2410	6510	1
3	2423	6540	1
3	2423	6540	0
3	2429	6553.493597492126	1
3	2435	6570	1
3	2435	6570	1
3	2440	6600	1
3	2440	6600	1
3	2452	6630	1
3	2452	6630	0
3	2458	6640	1
3	2464	6660	1
3	2464	6660	0
3	2471	6690	0
3	2471	6690	0
3	2479	6720	0
3	2479	6720	0
3	2487	6750	0
3	2487	6750	0
3	2497	6780	0
3	2497	6780	0
3	2504	6810	0
3	2504	6810	0
3	2509	6840	0
3	2509	6840	0
3	2519	6870	0
3	2519	6870	0
3	2522	6880	1
3	2527	6900	1
3	2527	6900	0
3	2530	6910	1
3	2532	6930	1
3	2532	6930	0
3	2541	6956.981987224869	1
3	2543	6960	1
3	2543	6960	1
3	2550	6988.453228152774	2
3	2552	6990	2
3	2552	6990	0
3	2561	7020	0
3	2561	7020	0
3	2568	7050	0
3	2568	7050	0
3	2572	7051.610786590744	1
3	2580	7080	1
3	2580	7080	1
3	2589	7110	1
3	2589	7110	0
3	2596	7140	0
3	2596	7140	0
3	2599	7141.630929501747	1
3	2605	7170	1
3	2605	7170	1
3	2614	7200	1
3	2614	7200	1
3	2619	7210	2
3	2624	7230	2
3	2624	7230	1
3	2628	7240	2
3	2633	7260	2
3	2633	7260	0
3	2637	7267.054339276119	1
3	2643	7290	1
3	2643	7290	1
3	2656	7320	1
3	2656	7320	0
3	2665	7350	0
3	2665	7350	0
3	2674	7360	1
3	2678	7380	1
3	2678	7380	0
3	2687	7410	0
3	2687	7410	0
3	2703	7440	0
3	2703	7440	0
3	2713	7470	0
3	2713	7470	0
3	2722	7500	0
3	2722	7500	0
3	2736	7530	0
3	2736	7530	0
3	2749	7560	0
3	2749	7560	0
3	2757	7581.82289233223	1
3	2759	7590	1
3	2759	7590	1
3	2770	7620	1
3	2770	7620	0
3	2773	7622.289995980134	1
3	2781	7650	1
3	2781	7650	1
3	2790	7675.227682470838	2
3	2792	7680	2
3	2792	7680	1
3	2799	7697.950209960663	2
3	2802	7710	2
3	2802	7710	0
3	2808	7720	1
3	2813	7740	1
3	2813	7740	0
3	2816	7741.555200909141	1
3	2824	7770	1
3	2824	7770	1
3	2835	7800	1
3	2835	7800	1
3	2847	7830	1
3	2847	7830	0
3	2855	7860	0
3	2855	7860	0
3	2863	7873.33424902964	1
3	2864	7880.310968097683	2
3	2868	7890	2
3	2868	7890	2
3	2871	7890.777096589307	3
3	2882	7920	3
3	2882	7920	1
3	2891	7950	1
3	2891	7950	0
3	2899	7968.874230658882	1
3	2903	7980	1
3	2903	7980	1
3	2912	8004.428671389035	2
3	2914	8010	2
3	2914	8010	2
3	2926	8040	2
3	2926	8040	1
3	2941	8070	1
3	2941	8070	0
3	2948	8100	0
3	2948	8100	0
3	2961	8130	0
3	2961	8130	0
3	2969	8148.55381525598	1
3	2976	8160	1
3	2976	8160	0
3	2987	8190	0
3	2987	8190	0
3	2995	8220	0
3	2995	8220	0
3	2998	8220.326184816503	1
3	2999	8223.666287189057	2
3	3002	8229.809191146016	3
3	3012	8250	3
3	3012	8250	3
3	3015	8254.260617798332	4
3	3021	8280	4
3	3021	8280	2
3	3031	8310	2
3	3031	8310	0
3	3037	8326.181673744972	1
3	3038	8327.917403559882	2
3	3041	8340	2
3	3041	8340	1
3	3051	8370	1
3	3051	8370	1
3	3060	8400	1
3	3060	8400	0
3	3068	8410	1
3	3069	8411.577284699399	2
3	3072	8430	2
3	3072	8430	1
3	3076	8440	2
3	3083	8460	2
3	3083	8460	0
3	3088	8490	0
3	3088	8490	0
3	3097	8520	0
3	3097	8520	0
3	3105	8530	1
3	3108	8550	1
3	3108	8550	1
3	3120	8580	1
3	3120	8580	0
3	3127	8603.068656583095	1
3	3130	8610	1
3	3130	8610	1
3	3139	8640	1
3	3139	8640	0
3	3149	8670	0
3	3149	8670	0
3	3160	8700	0
3	3160	8700	0
3	3163	8708.807530883493	1
3	3168	8726.094574088188	2
3	3170	8730	2
3	3170	8730	2
3	3179	8760	2
3	3179	8760	2
3	3187	8790	2
3	3187	8790	0
3	3194	8820	0
3	3194	8820	0
3	3199	8822.861117205946	1
3	3200	8830	2
3	3203	8842.575537308515	3
3	3205	8850	3
3	3205	8850	2
3	3208	8857.642927689841	3
3	3210	8880	3
3	3210	8880	2
3	3221	8910	2
3	3221	8910	0
3	3226	8920	1
3	3231	8940	1
3	3231	8940	0
3	3238	8970	0
3	3238	8970	0
3	3246	8996.823088932475	1
3	3247	8999.565750143091	2
3	3249	9000	2
3	3249	9000	1
3	3262	9030	1
3	3262	9030	0
3	3271	9060	0
3	3271	9060	0
3	3276	9088.611822465039	1
3	3278	9090	1
3	3278	9090	1
3	3290	9120	1
3	3290	9120	1
3	3302	9150	1
3	3302	9150	0
3	3308	9180	0
3	3308	9180	0
3	3320	9210	0
3	3320	9210	0
3	3329	9240	0
3	3329	9240	0
3	3339	9270	0
3	3339	9270	0
3	3345	9280.906143008203	1
3	3346	9286.331263265984	2
3	3350	9300	2
3	3350	9300	1
3	3354	9300.643135624995	2
3	3356	9310	3
3	3362	9330	3
3	3362	9330	2
3	3368	9350.206653732777	3
3	3370	9360	3
3	3370	9360	1
3	3379	9390	1
3	3379	9390	0
3	3396	9420	0
3	3396	9420	0
3	3405	9450	0
3	3405	9450	0
3	3414	9471.842963555819	1
3	3416	9480	1
3	3416	9480	1
3	3425	9509.184896325963	2
3	3427	9510	2
3	3427	9510	0
3	3430	9520	1
3	3436	9540	1
3	3436	9540	0
3	3446	9570	0
3	3446	9570	0
3	3455	9593.996308418906	1
3	3458	9600	1
3	3458	9600	1
3	3468	9628.324867039244	2
3	3470	9630	2
3	3470	9630	0
3	3481	9660	0
3	3481	9660	0
3	3489	9690	0
3	3489	9690	0
3	3499	9709.487590591184	1
3	3503	9720	1
3	3503	9720	1
3	3517	9750	1
3	3517	9750	0
3	3526	9780	0
3	3526	9780	0
3	3536	9810	0
3	3536	9810	0
3	3550	9840	0
3	3550	9840	0
3	3560	9870	0
3	3560	9870	0
3	3564	9880	1
3	3569	9900	1
3	3569	9900	0
3	3584	9930	0
3	3584	9930	0
3	3594	9960	0
3	3594	9960	0
3	3603	9990	0
3	3603	9990	0
3	3609	10000	1
3	3619	10020	1
3	3619	10020	0
3	3635	10050	0
3	3635	10050	0
3	3639	10059.08650840281	1
3	3645	10080	1
3	3645	10080	1
3	3649	10090	2
3	3653	10110	2
3	3653	10110	1
3	3659	10114.953474754232	2
3	3673	10140	2
3	3673	10140	0
3	3676	10150	1
3	3683	10170	1
3	3683	10170	0
3	3693	10200	0
3	3693	10200	0
3	3699	10214.438054194551	1
3	3702	10229.776500382698	2
3	3704	10230	2
3	3704	10230	1
3	3707	10231.774523863466	2
3	3708	10237.380467011598	3
3	3715	10240	4
3	3720	10260	4
3	3720	10260	2
3	3729	10281.020961169464	3
3	3733	10290	3
3	3733	10290	3
3	3741	10320	3
3	3741	10320	0
3	3757	10350	0
3	3757	10350	0
3	3770	10380	0
3	3770	10380	0
3	3775	10386.466672896361	1
3	3779	10410	1
3	3779	10410	1
3	3786	10421.178273712886	2
3	3790	10440	2
3	3790	10440	2
3	3799	10470	2
3	3799	10470	0
3	3804	10480	1
3	3808	10482.460245485996	2
3	3813	10500	2
3	3813	10500	1
3	3818	10510	2
3	3821	10522.292845884197	3
3	3825	10530	3
3	3825	10530	2
3	3832	10560	2
3	3832	10560	0
3	3844	10588.321167625086	1
3	3846	10590	1
3	3846	10590	0
3	3851	10600	1
3	3859	10620	1
3	3859	10620	0
3	3866	10630	1
3	3872	10650	1
3	3872	10650	0
3	3886	10680	0
3	3886	10680	0
3	3896	10690	1
3	3898	10698.014874668959	2
3	3904	10710	2
3	3904	10710	1
3	3917	10740	1
3	3917	10740	0
3	3922	10750	1
3	3933	10770	1
3	3933	10770	0
3	3944	10800	0
3	3944	10800	0
3	3954	10814.934806288342	1
3	3957	10830	1
3	3957	10830	0
3	3962	10840	1
3	3963	10840	2
3	3971	10860	2
3	3971	10860	0
3	3984	10890	0
3	3984	10890	0
3	3992	10920	0
3	3992	10920	0
3	3998	10930	1
3	4001	10950	1
3	4001	10950	1
3	4013	10980	1
3	4013	10980	0
3	4024	11010	0
3	4024	11010	0
3	4032	11028.115099135694	1
3	4036	11040	1
3	4036	11040	0
3	4044	11070	0
3	4044	11070	0
3	4053	11100	0
3	4053	11100	0
3	4063	11129.337174760898	1
3	4065	11130	1
3	4065	11130	1
3	4075	11160	1
3	4075	11160	0
3	4083	11190	0
3	4083	11190	0
3	4091	11220	0
3	4091	11220	0
3	4097	11230	1
3	4102	11250	1
3	4102	11250	0
3	4106	11256.49630830695	1
3	4116	11280	1
3	4116	11280	0
3	4126	11310	0
3	4126	11310	0
3	4131	11320	1
3	4135	11329.199892004361	2
3	4139	11340	2
3	4139	11340	1
3	4150	11359.174536866749	2
3	4155	11370	2
3	4155	11370	1
3	4163	11380.284398654648	2
3	4165	11388.266595938015	3
3	4169	11400	3
3	4169	11400	0
3	4177	11429.889138510665	1
3	4179	11430	1
3	4179	11430	0
3	4190	11449.824136274766	1
3	4196	11460	1
3	4196	11460	1
3	4206	11472.242728621197	2
3	4210	11490	2
3	4210	11490	2
3	4223	11520	2
3	4223	11520	0
3	4230	11530	1
3	4239	11550	1
3	4239	11550	1
3	4243	11560	2
3	4250	11580	2
3	4250	11580	0
3	4260	11610	0
3	4260	11610	0
3	4277	11640	0
3	4277	11640	0
3	4281	11644.493939107763	1
3	4285	11650	2
3	4286	11650	3
3	4287	11659.160432016432	4
3	4289	11670	4
3	4289	11670	4
3	4301	11700	4
3	4301	11700	1
3	4314	11730	1
3	4314	11730	0
3	4332	11760	0
3	4332	11760	0
3	4340	11772.373323227894	1
3	4345	11790	1
3	4345	11790	0
3	4356	11820	0
3	4356	11820	0
3	4367	11850	0
3	4367	11850	0
3	4379	11864.920317523903	1
3	4380	11870.126130292178	2
3	4383	11880	2
3	4383	11880	1
3	4393	11910	1
3	4393	11910	0
3	4403	11940	0
3	4403	11940	0
3	4416	11970	0
3	4416	11970	0
3	4425	12000	0
3	4425	12000	0
3	4438	12030	0
3	4438	12030	0
3	4443	12040	1
3	4446	12045.661314516636	2
3	4451	12060	2
3	4451	12060	0
3	4463	12090	0
3	4463	12090	0
3	4472	12111.953374525517	1
3	4475	12120	1
3	4475	12120	0
3	4481	12130	1
3	4487	12150	1
3	4487	12150	1
3	4493	12160	2
3	4503	12180	2
3	4503	12180	0
3	4512	12208.59857100622	1
3	4516	12210	1
3	4516	12210	1
3	4522	12226.315452879032	2
3	4528	12240	2
3	4528	12240	1
3	4532	12250	2
3	4539	12270	2
3	4539	12270	1
3	4547	12291.199305050255	2
3	4550	12300	2
3	4550	12300	0
3	4565	12330	0
3	4565	12330	0
3	4576	12360	0
3	4576	12360	0
3	4588	12388.275284654641	1
3	4590	12390	1
3	4590	12390	0
3	4597	12403.641648968964	1
3	4604	12420	1
3	4604	12420	0
3	4614	12450	0
3	4614	12450	0
3	4617	12454.00821140892	1
3	4626	12480	1
3	4626	12480	1
3	4638	12510	1
3	4638	12510	0
3	4648	12540	0
3	4648	12540	0
3	4651	12540.365555061686	1
3	4653	12558.205528670483	2
3	4658	12570	2
3	4658	12570	2
3	4671	12590.446826699015	3
3	4675	12600	3
3	4675	12600	2
3	4686	12630	2
3	4686	12630	0
3	4691	12644.174667091744	1
3	4693	12660	1
3	4693	12660	1
3	4698	12667.935265248082	2
3	4705	12688.534935141692	3
3	4707	12690	3
3	4707	12690	3
3	4718	12720	3
3	4718	12720	1
3	4727	12750	1
3	4727	12750	0
3	4735	12780	0
3	4735	12780	0
3	4738	12780.291633308174	1
3	4740	12790	2
3	4746	12810	2
3	4746	12810	1
3	4755	12840	1
3	4755	12840	1
3	4772	12870	1
3	4772	12870	0
3	4782	12900	0
3	4782	12900	0
3	4792	12930	0
3	4792	12930	0
3	4803	12960	0
3	4803	12960	0
3	4817	12990	0
3	4817	12990	0
3	4820	13000	1
3	4824	13020	1
3	4824	13020	0
3	4832	13050	0
3	4832	13050	0
3	4840	13065.069564849543	1
3	4843	13080	1
3	4843	13080	0
3	4850	13090	1
3	4856	13110	1
3	4856	13110	1
3	4865	13140	1
3	4865	13140	0
3	4874	13170	0
3	4874	13170	0
3	4885	13199.276631809856	1
3	4887	13200	1
3	4887	13200	0
3	4891	13212.363926519439	1
3	4896	13230	1
3	4896	13230	0
3	4901	13240	1
3	4903	13243.192040203191	2
3	4908	13260	2
3	4908	13260	0
3	4914	13275.443347009248	1
3	4918	13290	1
3	4918	13290	1
3	4925	13308.724304306388	2
3	4926	13312.899083876313	3
3	4930	13320	3
3	4930	13320	2
3	4940	13350	2
3	4940	13350	0
3	4946	13360	1
3	4947	13360	2
3	4957	13380	2
3	4957	13380	0
3	4965	13410	0
3	4965	13410	0
3	4976	13440	0
3	4976	13440	0
3	4982	13450	1
3	4990	13470	1
3	4990	13470	1
3	4995	13476.069685981813	2
3	4998	13480	3
3	5005	13500	3
3	5005	13500	1
3	5017	13530	1
3	5017	13530	1
3	5026	13560	1
3	5026	13560	0
3	5030	13570	1
3	5031	13570	2
3	5036	13590	2
3	5036	13590	2
3	5054	13620	2
3	5054	13620	0
3	5064	13650	0
3	5064	13650	0
3	5075	13680	0
3	5075	13680	0
3	5078	13687.333190288725	1
3	5080	13691.987483018299	2
3	5086	13700.483350777145	3
3	5090	13710	3
3	5090	13710	0
3	5107	13740	0
3	5107	13740	0
3	5117	13770	0
3	5117	13770	0
3	5126	13793.378056615859	1
3	5130	13800	1
3	5130	13800	1
3	5141	13810	2
3	5148	13830	2
3	5148	13830	1
3	5157	13860	1
3	5157	13860	0
3	5171	13890	0
3	5171	13890	0
3	5174	13895.898487469886	1
3	5187	13920	1
3	5187	13920	1
3	5194	13930	2
3	5196	13930.775966479185	3
3	5198	13950	3
3	5198	13950	2
3	5205	13962.969430691375	3
3	5212	13980	3
3	5212	13980	1
3	5225	14010	1
3	5225	14010	1
3	5233	14040	1
3	5233	14040	0
3	5241	14070	0
3	5241	14070	0
3	5258	14100	0
3	5258	14100	0
3	5263	14110	1
3	5273	14130	1
3	5273	14130	0
3	5276	14130.131640161218	1
3	5282	14148.068388500726	2
3	5285	14160	2
3	5285	14160	1
3	5289	14167.078594656297	2
3	5290	14170	3
3	5296	14190	3
3	5296	14190	1
3	5306	14220	1
3	5306	14220	0
3	5315	14232.27067351533	1
3	5320	14250	1
3	5320	14250	1
3	5333	14280	1
3	5333	14280	1
3	5342	14310	1
3	5342	14310	0
3	5347	14320	1
3	5358	14340	1
3	5358	14340	0
3	5366	14370	0
3	5366	14370	0
3	5374	14384.422405544657	1
3	5378	14400	1
3	5378	14400	1
3	5384	14410	2
3	5390	14430	2
3	5390	14430	1
3	5399	14460	1
3	5399	14460	0
3	5412	14490	0
3	5412	14490	0
3	5423	14520	0
3	5423	14520	0
3	5432	14550	0
3	5432	14550	0
3	5440	14563.593690688863	1
3	5446	14580	1
3	5446	14580	1
3	5454	14610	1
3	5454	14610	1
3	5460	14640	1
3	5460	14640	0
3	5464	14644.686790798307	1
3	5473	14670	1
3	5473	14670	1
3	5483	14700	1
3	5483	14700	1
3	5491	14730	1
3	5491	14730	0
3	5500	14760	0
3	5500	14760	0
3	5508	14770	1
3	5515	14790	1
3	5515	14790	1
3	5518	14800	2
3	5521	14820	2
3	5521	14820	0
3	5530	14833.076963292885	1
3	5534	14850	1
3	5534	14850	1
3	5543	14866.879193569989	2
3	5545	14872.811522264526	3
3	5547	14880	3
3	5547	14880	2
3	5558	14910	2
3	5558	14910	0
3	5563	14920	1
3	5564	14920	2
3	5571	14940	2
3	5571	14940	0
3	5577	14958.978517159921	1
3	5582	14970	1
3	5582	14970	1
3	5591	14997.240471615	2
3	5593	15000	2
3	5593	15000	2
3	5606	15030	2
3	5606	15030	0
3	5619	15060	0
3	5619	15060	0
3	5627	15070	1
3	5632	15090	1
3	5632	15090	0
3	5643	15111.938435753606	1
3	5646	15120	1
3	5646	15120	1
3	5662	15150	1
3	5662	15150	0
3	5676	15180	0
3	5676	15180	0
3	5687	15210	0
3	5687	15210	0
3	5690	15214.908809487817	1
3	5699	15229.790788229467	2
3	5702	15240	2
3	5702	15240	1
3	5710	15270	1
3	5710	15270	0
3	5716	15280	1
3	5717	15280	2
3	5722	15298.761412978501	3
3	5724	15300	3
3	5724	15300	0
3	5737	15330	0
3	5737	15330	0
3	5749	15360	0
3	5749	15360	0
3	5755	15373.604307083303	1
3	5759	15390	1
3	5759	15390	0
3	5767	15400	1
3	5772	15420	1
3	5772	15420	0
3	5784	15450	0
3	5784	15450	0
3	5800	15480	0
3	5800	15480	0
3	5808	15510	0
3	5808	15510	0
3	5822	15540	0
3	5822	15540	0
3	5827	15550	1
3	5834	15570	1
3	5834	15570	0
3	5847	15600	0
3	5847	15600	0
3	5856	15629.880344725336	1
3	5858	15630	1
3	5858	15630	0
3	5869	15660	0
3	5869	15660	0
3	5877	15677.085308446387	1
3	5882	15690	1
3	5882	15690	1
3	5890	15720	1
3	5890	15720	0
3	5895	15730	1
3	5903	15750	1
3	5903	15750	1
3	5912	15780	1
3	5912	15780	0
3	5921	15810	0
3	5921	15810	0
3	5936	15840	0
3	5936	15840	0
3	5942	15870	0
3	5942	15870	0
3	5947	15880	1
3	5952	15900	1
3	5952	15900	0
3	5962	15930	0
3	5962	15930	0
3	5976	15960	0
3	5976	15960	0
3	5980	15970	1
3	5985	15990	1
3	5985	15990	1
3	5997	16020	1
3	5997	16020	0
3	6004	16050	0
3	6004	16050	0
3	6007	16059.256757675893	1
3	6011	16065.878569908144	2
3	6014	16080	2
3	6014	16080	2
3	6023	16110	2
3	6023	16110	0
3	6028	16119.623008582558	1
3	6038	16140	1
3	6038	16140	0
3	6045	16168.001138583591	1
3	6047	16170	1
3	6047	16170	1
3	6053	16200	1
3	6053	16200	0
3	6056	16204.430140547328	1
3	6060	16220.483563701146	2
3	6065	16230	2
3	6065	16230	0
3	6070	16240	1
3	6076	16260	1
3	6076	16260	0
3	6080	16264.144165430893	1
3	6086	16290	1
3	6086	16290	1
3	6094	16320	1
3	6094	16320	0
3	6102	16330	1
3	6107	16350	1
3	6107	16350	1
3	6110	16355.229139106585	2
3	6116	16380	2
3	6116	16380	1
3	6122	16390	2
3	6128	16410	2
3	6128	16410	1
3	6135	16418.06853383236	2
3	6141	16440	2
3	6141	16440	1
3	6148	16450	2
3	6153	16470	2
3	6153	16470	1
3	6161	16500	1
3	6161	16500	0
3	6169	16512.774195944972	1
3	6177	16530	1
3	6177	16530	1
3	6188	16560	1
3	6188	16560	0
3	6192	16569.413051007271	1
3	6197	16590	1
3	6197	16590	1
3	6209	16620	1
3	6209	16620	1
3	6218	16628.733163135714	2
3	6225	16650	2
3	6225	16650	1
3	6232	16680	1
3	6232	16680	0
3	6235	16688.41963615211	1
3	6237	16690	2
3	6242	16710	2
3	6242	16710	1
3	6258	16740	1
3	6258	16740	0
3	6269	16770	0
3	6269	16770	0
3	6280	16800	0
3	6280	16800	0
3	6287	16810	1
3	6291	16830	1
3	6291	16830	1
3	6303	16860	1
3	6303	16860	0
3	6320	16890	0
3	6320	16890	0
3	6331	16920	0
3	6331	16920	0
3	6343	16950	0
3	6343	16950	0
3	6356	16980	0
3	6356	16980	0
3	6370	17010	0
3	6370	17010	0
3	6381	17038.168617053884	1
3	6383	17040	1
3	6383	17040	1
3	6391	17070	1
3	6391	17070	0
3	6396	17080	1
3	6399	17083.130304652578	2
3	6402	17100	2
3	6402	17100	0
3	6409	17128.873250185479	1
3	6411	17130	1
3	6411	17130	1
3	6423	17160	1
3	6423	17160	0
3	6429	17190	0
3	6429	17190	0
3	6436	17220	0
3	6436	17220	0
3	6444	17250	0
3	6444	17250	0
3	6457	17280	0
3	6457	17280	0
3	6466	17310	0
3	6466	17310	0
3	6476	17340	0
3	6476	17340	0
3	6485	17370	0
3	6485	17370	0
3	6495	17400	0
3	6495	17400	0
3	6500	17412.538148459804	1
3	6503	17428.565448956039	2
3	6505	17430	2
3	6505	17430	0
3	6509	17440	1
3	6513	17460	1
3	6513	17460	0
3	6527	17490	0
3	6527	17490	0
3	6534	17520	0
3	6534	17520	0
3	6542	17550	0
3	6542	17550	0
3	6546	17558.228218838821	1
3	6549	17563.207486719593	2
3	6555	17580	2
3	6555	17580	1
3	6568	17610	1
3	6568	17610	1
3	6575	17640	1
3	6575	17640	0
3	6589	17670	0
3	6589	17670	0
3	6592	17672.760208753441	1
3	6600	17700	1
3	6600	17700	1
3	6611	17730	1
3	6611	17730	1
3	6628	17760	1
3	6628	17760	0
3	6633	17765.706481081177	1
3	6638	17790	1
3	6638	17790	1
3	6643	17800	2
3	6651	17820	2
3	6651	17820	1
3	6654	17827.350915033117	2
3	6664	17850	2
3	6664	17850	1
3	6677	17880	1
3	6677	17880	1
3	6683	17890	2
3	6688	17908.295425844675	3
3	6690	17910	3
3	6690	17910	1
3	6698	17940	1
3	6698	17940	0
3	6711	17970	0
3	6711	17970	0
3	6725	18000	0
3	6725	18000	0
3	6730	18010	1
3	6732	18010	2
3	6737	18030	2
3	6737	18030	2
3	6741	18040	3
3	6748	18060	3
3	6748	18060	0
3	6751	18068.952373600951	1
3	6761	18089.009942028665	2
3	6763	18090	2
3	6763	18090	2
3	6773	18120	2
3	6773	18120	1
3	6780	18150	1
3	6780	18150	0
3	6783	18153.122662217502	1
3	6791	18180	1
3	6791	18180	1
3	6794	18181.138383102454	2
3	6799	18210	2
3	6799	18210	2
3	6811	18240	2
3	6811	18240	1
3	6821	18270	1
3	6821	18270	0
3	6828	18300	0
3	6828	18300	0
3	6839	18330	0
3	6839	18330	0
3	6847	18360	0
3	6847	18360	0
3	6857	18390	0
3	6857	18390	0
3	6865	18418.184382587139	1
3	6867	18420	1
3	6867	18420	0
3	6876	18450	0
3	6876	18450	0
3	6879	18452.932327535826	1
3	6887	18480	1
3	6887	18480	0
3	6896	18510	0
3	6896	18510	0
3	6900	18520	1
3	6901	18520	2
3	6902	18520	3
3	6908	18540	3
3	6908	18540	0
3	6915	18570	0
3	6915	18570	0
3	6924	18600	0
3	6924	18600	0
3	6928	18604.780636531432	1
3	6929	18604.920728673334	2
3	6934	18630	2
3	6934	18630	0
3	6942	18643.243296318631	1
3	6945	18660	1
3	6945	18660	0
3	6952	18690	0
3	6952	18690	0
3	6957	18706.463241179484	1
3	6960	18720	1
3	6960	18720	1
3	6975	18750	1
3	6975	18750	0
3	6985	18780	0
3	6985	18780	0
3	6994	18804.496420034145	1
3	6996	18810	1
3	6996	18810	1
3	7010	18840	1
3	7010	18840	0
3	7022	18870	0
3	7022	18870	0
3	7034	18900	0
3	7034	18900	0
3	7042	18930	0
3	7042	18930	0
3	7050	18948.425844421564	1
3	7051	18958.962991466423	2
3	7053	18960	2
3	7053	18960	0
3	7057	18970	1
3	7060	18990	1
3	7060	18990	1
3	7073	19012.67085496365	2
3	7075	19020	2
3	7075	19020	1
3	7084	19050	1
3	7084	19050	1
3	7097	19080	1
3	7097	19080	0
3	7109	19110	0
3	7109	19110	0
3	7117	19120	1
3	7118	19120.562186386937	2
3	7122	19140	2
3	7122	19140	1
3	7134	19170	1
3	7134	19170	1
3	7146	19200	1
3	7146	19200	0
3	7157	19219.195390682558	1
3	7161	19222.307168584237	2
3	7164	19230	2
3	7164	19230	0
3	7171	19260	0
3	7171	19260	0
3	7177	19270	1
3	7183	19290	1
3	7183	19290	0
3	7189	19306.14312725502	1
3	7196	19320	1
3	7196	19320	1
3	7199	19321.529975600659	2
3	7207	19350	2
3	7207	19350	1
3	7212	19380	1
3	7212	19380	1
3	7215	19385.158906227567	2
3	7220	19410	2
3	7220	19410	1
3	7235	19440	1
3	7235	19440	1
3	7244	19470	1
3	7244	19470	0
3	7254	19500	0
3	7254	19500	0
3	7265	19530	0
3	7265	19530	0
3	7275	19560	0
3	7275	19560	0
3	7284	19590	0
3	7284	19590	0
3	7295	19620	0
3	7295	19620	0
3	7303	19641.037551467462	1
3	7306	19650	1
3	7306	19650	1
3	7313	19680	1
3	7313	19680	0
3	7318	19690	1
3	7326	19710	1
3	7326	19710	1
3	7331	19720	2
3	7335	19740	2
3	7335	19740	0
3	7343	19770	0
3	7343	19770	0
3	7352	19793.672303656968	1
3	7353	19798.416661137375	2
3	7356	19800	2
3	7356	19800	0
3	7367	19830	0
3	7367	19830	0
3	7378	19860	0
3	7378	19860	0
3	7386	19890	0
3	7386	19890	0
3	7396	19904.024034707151	1
3	7401	19920	1
3	7401	19920	1
3	7406	19929.675557221363	2
3	7411	19950	2
3	7411	19950	0
3	7416	19956.606040081311	1
3	7417	19959.30954080593	2
3	7418	19960	3
3	7419	19960	4
3	7422	19980	4
3	7422	19980	2
4	375	1020	50
4	389	1060	0
4	423	1140	20
4	427	1150	0
4	443	1200	29.670238778414
4	443	1200	19.820028790821
4	454	1230	45.095228161958
4	458	1234.069048558966	0
4	467	1260	20
4	483	1320	83.946776199003
4	483	1320	64.840918231494
4	495	1350	36.047685444703
4	532	1442.528031690778	0
4	533	1446.390197608012	0
4	540	1463.515313103869	0
4	543	1468.305365345985	0
4	550	1492.751405880035	0
4	559	1504.531803803319	0
4	587	1565.064733566258	0
4	599	1596.308016947242	0
4	630	1680	63.614220665457
4	630	1680	32.639899311627
4	649	1740	50
4	649	1740	20
4	709	1852.747981086655	0
4	749	1950	65.856102308223
4	749	1950	42.822013052469
4	749	1950	34.435324042762
4	752	1952.179213113442	0
4	767	1980	50
4	767	1980	50
4	767	1980	20
4	767	1980	14.452100421687
4	767	1980	0.024215896668
4	781	2010	20
4	785	2020	0
4	787	2039.686555950345	0
4	789	2040	58.017888287364
4	801	2061.390903953944	0
4	848	2160	9.536922654418
4	877	2220	20
4	919	2340	20
4	924	2350	0
4	934	2380	0
4	937	2400	5.747740067489
4	944	2422.992892843985	0
4	999	2580	50
4	999	2580	20
4	1004	2590	0
4	1026	2640	40.875229458501
4	1026	2640	1.952713190769
4	1047	2700	38.490973294982
4	1057	2730	0.898277943181
4	1069	2760	76.618778668221
4	1078	2790	76.244866817419
4	1078	2790	50.104098756435
4	1096	2850	83.107741264282
4	1125	2929.091174519822	0
4	1128	2940	20
4	1132	2950	0
4	1148	3024.649702778197	0
4	1151	3030	42.700640042826
4	1164	3060	20
4	1178	3120	45.255584498633
4	1197	3180	20
4	1223	3251.341709253435	0
4	1236	3300	50
4	1272	3390	50.745984375303
4	1281	3420	33.658934217367
4	1294	3450	85.045615583299
4	1302	3480	37.209063868077
4	1324	3540	20
4	1348	3608.602061384163	0
4	1373	3670	0
4	1410	3790	0
4	1411	3790	0
4	1419	3820	0
4	1423	3840	24.816309379738
4	1432	3867.500101846857	0
4	1434	3870	48.478016652174
4	1437	3882.308475517628	0
4	1459	3960	64.642104906677
4	1470	3990	5.97439972821
4	1475	3996.80412546638	0
4	1480	4020	20
4	1480	4020	20
4	1496	4080	6.018265789948
4	1504	4096.619821916683	0
4	1511	4116.120465626024	0
4	1515	4134.483202949451	0
4	1555	4260	50
4	1572	4320	20.875042333437
4	1572	4320	20.095290063564
4	1578	4332.306432900509	0
4	1579	4343.343873873863	0
4	1581	4350	61.251020347155
4	1581	4350	50.611530414485
4	1594	4380	20
4	1627	4470	47.039327903091
4	1635	4481.827771082932	0
4	1645	4510	0
4	1646	4510	0
4	1650	4530	20
4	1671	4581.636797404525	0
4	1685	4620	50
4	1705	4660	0
4	1740	4750	0
4	1801	4920	74.438283250934
4	1854	5049.973383206609	0
4	1859	5070	87.099344286246
4	1859	5070	52.82970699061
4	1904	5190	37.905915240532
4	1918	5220	50
4	1918	5220	20
4	1927	5230	0
4	1943	5280	29.174008064493
4	1956	5310	5.875837462967
4	1972	5340	20
4	1989	5380	0
4	1996	5400	52.956458587409
4	1996	5400	46.002110253154
4	2008	5424.405492093098	0
4	2010	5430	54.763445628269
4	2018	5460	48.128970165681
4	2024	5468.826247413724	0
4	2057	5550	77.866404076905
4	2084	5620	0
4	2095	5640	72.08572543532
4	2098	5641.103402287418	0
4	2116	5700	50
4	2121	5710	0
4	2122	5710	0
4	2142	5760	82.664354804496
4	2142	5760	76.7029778668
4	2149	5790	65.50352582866
4	2160	5820	20
4	2160	5820	20
4	2160	5820	15.744681432976
4	2185	5880	52.25305180837
4	2206	5940	50
4	2206	5940	20.278695231357
4	2206	5940	15.251915401626
4	2209	5950	0
4	2210	5950	0
4	2238	6030	72.562770218313
4	2252	6060	23.563806622655
4	2252	6060	20
4	2256	6070	0
4	2277	6142.659327928193	0
4	2279	6150	87.495923271524
4	2294	6180	20
4	2294	6180	20
4	2313	6240	56.522869738522
4	2336	6300	50
4	2341	6310	0
4	2357	6360	61.881976033048
4	2370	6396.27132191039	0
4	2375	6408.294462293053	0
4	2378	6420	45.295766196147
4	2378	6420	28.54378436617
4	2378	6420	20
4	2418	6523.595930058954	0
4	2423	6540	50
4	2452	6630	76.506402507874
4	2464	6660	20
4	2484	6747.663875391101	0
4	2502	6790	0
4	2523	6887.571330258672	0
4	2527	6900	20
4	2532	6930	20
4	2552	6990	33.018012775131
4	2552	6990	1.546771847226
4	2589	7110	58.389213409256
4	2610	7180	0
4	2624	7230	88.369070498253
4	2633	7260	50
4	2633	7260	20
4	2656	7320	52.945660723881
4	2678	7380	20
4	2741	7540	0
4	2770	7620	38.17710766777
4	2776	7630	0
4	2785	7660	0
4	2792	7680	57.710004019866
4	2802	7710	34.772317529162
4	2802	7710	12.049790039337
4	2813	7740	20
4	2838	7800.608847929693	0
4	2847	7830	88.444799090859
4	2882	7920	46.66575097036
4	2882	7920	39.689031902317
4	2886	7929.787376026686	0
4	2891	7950	59.222903410693
4	2898	7966.799004739735	0
4	2907	7988.465839432539	0
4	2918	8020	0
4	2926	8040	71.125769341118
4	2941	8070	65.571328610965
4	2976	8160	11.44618474402
4	2993	8214.542067279861	0
4	3004	8230	0
4	3021	8280	50.190808853984
4	3021	8280	25.739382201668
4	3031	8310	89.673815183497
4	3031	8310	86.333712810943
4	3041	8340	12.082596440118
4	3046	8350	0
4	3047	8350	0
4	3060	8400	73.818326255028
4	3072	8430	18.422715300601
4	3079	8451.500896200632	0
4	3081	8458.754267069499	0
4	3083	8460	50
4	3083	8460	20
4	3091	8500	0
4	3120	8580	50
4	3139	8640	36.931343416905
4	3187	8790	81.192469116507
4	3187	8790	63.905425911812
4	3201	8830	0
4	3205	8850	20
4	3210	8880	57.138882794054
4	3213	8889.374187551855	0
4	3221	8910	67.424462691485
4	3221	8910	52.357072310159
4	3231	8940	20
4	3235	8950	0
4	3249	9000	0.434249856909
4	3262	9030	33.176911067525
4	3302	9150	61.388177534961
4	3350	9300	19.093856991797
4	3362	9330	20
4	3370	9360	73.668736734016
4	3370	9360	59.356864375005
4	3379	9390	39.793346267223
4	3423	9495.054721487507	0
4	3427	9510	38.157036444181
4	3427	9510	0.815103674037
4	3436	9540	20
4	3442	9550	0
4	3450	9580	0
4	3470	9630	36.003691581094
4	3470	9630	1.675132960756
4	3476	9645.57176981321	0
4	3484	9670	0
4	3485	9670	0
4	3493	9700	0
4	3517	9750	40.512409408816
4	3569	9900	20
4	3574	9910	0
4	3606	9993.35934890685	0
4	3613	10010.587408717644	0
4	3619	10020	20
4	3626	10030	0
4	3627	10030	0
4	3648	10082.102653126863	0
4	3651	10095.348176358108	0
4	3653	10110	50.91349159719
4	3660	10118.294993862913	0
4	3673	10140	50
4	3673	10140	25.046525245768
4	3683	10170	20
4	3704	10230	15.561945805449
4	3720	10260	30.223499617302
4	3720	10260	20
4	3741	10320	88.225476136534
4	3741	10320	82.619532988402
4	3741	10320	38.979038830536
4	3776	10390	0
4	3797	10468.444740464782	0
4	3799	10470	83.533327103639
4	3799	10470	48.821726287114
4	3813	10500	20
4	3819	10510	0
4	3825	10530	20
4	3832	10560	77.539754514004
4	3832	10560	37.707154115803
4	3843	10585.286837862969	0
4	3846	10590	1.678832374914
4	3859	10620	20
4	3868	10630	0
4	3872	10650	20
4	3890	10683.255309770388	0
4	3904	10710	11.985125331041
4	3917	10740	50
4	3925	10750	0
4	3933	10770	20
4	3957	10830	15.065193711658
4	3971	10860	20
4	3971	10860	20
4	3977	10870	0
4	3988	10900	0
4	4013	10980	50
4	4016	10990	0
4	4036	11040	11.884900864306
4	4051	11098.591001224715	0
4	4057	11110	0
4	4058	11110	0
4	4075	11160	30.662825239102
4	4102	11250	20
4	4116	11280	23.50369169305
4	4120	11287.55800451294	0
4	4139	11340	20
4	4155	11370	10.825463133251
4	4169	11400	70.800107995639
4	4169	11400	19.715601345352
4	4169	11400	11.733404061985
4	4179	11430	0.110861489335
4	4223	11520	70.175863725234
4	4223	11520	47.757271378803
4	4248	11574.117061625678	0
4	4250	11580	50
4	4250	11580	20
4	4263	11620	0
4	4265	11620	0
4	4275	11631.221085372265	0
4	4301	11700	50
4	4301	11700	50
4	4301	11700	40.839567983568
4	4314	11730	85.506060892237
4	4345	11790	17.626676772106
4	4361	11830	0
4	4383	11880	9.873869707822
4	4393	11910	45.079682476097
4	4410	11950	0
4	4420	11980	0
4	4434	12016.891567454555	0
4	4436	12027.232855383794	0
4	4451	12060	20
4	4451	12060	14.338685483364
4	4455	12070	0
4	4468	12100	0
4	4475	12120	8.046625474483
4	4490	12152.328455136251	0
4	4500	12172.889869497565	0
4	4503	12180	50
4	4503	12180	20
4	4528	12240	13.684547120968
4	4539	12270	61.40142899378
4	4550	12300	50
4	4550	12300	8.800694949745
4	4557	12310	0
4	4559	12310	0
4	4569	12335.789992502636	0
4	4590	12390	1.724715345359
4	4604	12420	16.358351031036
4	4638	12510	55.99178859108
4	4663	12580	0
4	4675	12600	59.634444938314
4	4678	12603.267665740562	0
4	4684	12628.238097509935	0
4	4686	12630	71.794471329517
4	4686	12630	39.553173300985
4	4718	12720	75.825332908256
4	4718	12720	31.465064858308
4	4727	12750	82.064734751918
4	4741	12790	0
4	4746	12810	20
4	4772	12870	89.708366691826
4	4776	12887.629403071302	0
4	4789	12910	0
4	4795	12940	0
4	4824	13020	20
4	4837	13060	0
4	4843	13080	14.930435150457
4	4865	13140	50
4	4887	13200	0.723368190144
4	4896	13230	17.636073480561
4	4908	13260	20
4	4908	13260	16.807959796809
4	4912	13270	0
4	4928	13319.502372320354	0
4	4930	13320	44.556652990752
4	4940	13350	41.275695693612
4	4940	13350	37.100916123687
4	4957	13380	20
4	4957	13380	20
4	5005	13500	50
4	5005	13500	20
4	5009	13510	0
4	5026	13560	83.930314018187
4	5052	13617.770536271187	0
4	5054	13620	50
4	5054	13620	50
4	5058	13627.729531226531	0
4	5059	13630	0
4	5069	13660	0
4	5070	13660	0
4	5073	13661.145579140556	0
4	5090	13710	22.666809711275
4	5090	13710	18.012516981701
4	5090	13710	9.516649222855
4	5111	13750	0
4	5148	13830	36.621943384141
4	5157	13860	50
4	5165	13870	0
4	5176	13900	0
4	5198	13950	54.101512530114
4	5212	13980	50
4	5212	13980	49.224033520815
4	5233	14040	77.030569308625
4	5265	14110	0
4	5266	14110	0
4	5273	14130	20
4	5280	14140	0
4	5285	14160	29.868359838782
4	5296	14190	41.931611499274
4	5296	14190	22.921405343703
4	5306	14220	50
4	5314	14230	0
4	5342	14310	77.72932648467
4	5358	14340	20
4	5390	14430	45.577594455343
4	5393	14437.349084808452	0
4	5399	14460	50
4	5404	14470	0
4	5405	14470	0
4	5450	14590	0
4	5451	14590	0
4	5460	14640	76.406309311137
4	5471	14663.841739556827	0
4	5479	14684.070439269107	0
4	5491	14730	85.313209201693
4	5519	14809.53260569092	0
4	5521	14820	50
4	5521	14820	20
4	5528	14830	0
4	5539	14860	0
4	5547	14880	13.120806430011
4	5558	14910	76.923036707115
4	5558	14910	37.188477735474
4	5571	14940	20
4	5571	14940	20
4	5606	15030	71.021482840079
4	5606	15030	32.759528385
4	5632	15090	20
4	5637	15100	0
4	5638	15100	0
4	5649	15120.033247501586	0
4	5662	15150	38.061564246394
4	5674	15172.32728577956	0
4	5691	15220	0
4	5702	15240	10.209211770533
4	5710	15270	55.091190512183
4	5724	15300	20
4	5724	15300	20
4	5724	15300	1.238587021499
4	5730	15310	0
4	5741	15340	0
4	5759	15390	16.395692916697
4	5762	15395.698524467971	0
4	5772	15420	20
4	5834	15570	20
4	5858	15630	0.119655274664
4	5861	15630.173110807121	0
4	5874	15670	0
4	5875	15670	0
4	5886	15700	0
4	5890	15720	42.914691553613
4	5912	15780	50
4	5916	15790	0
4	5926	15820	0
4	5952	15900	20
4	5955	15910	0
4	5997	16020	50
4	6000	16030	0
4	6008	16060	0
4	6023	16110	50.743242324107
4	6023	16110	44.121430091856
4	6038	16140	20.376991417442
4	6053	16200	31.998861416409
4	6065	16230	25.569859452672
4	6065	16230	9.516436298854
4	6073	16247.225421587988	0
4	6076	16260	20
4	6089	16300	0
4	6094	16320	55.855834569107
4	6116	16380	50
4	6123	16390	0
4	6128	16410	20
4	6141	16440	84.770860893415
4	6153	16470	51.93146616764
4	6161	16500	50
4	6188	16560	47.225804055028
4	6225	16650	80.586948992729
4	6232	16680	51.266836864286
4	6242	16710	21.58036384789
4	6258	16740	50
4	6274	16780	0
4	6303	16860	50
4	6307	16870	0
4	6308	16870	0
4	6339	16940.291832604125	0
4	6375	17020	0
4	6391	17070	31.831382946116
4	6402	17100	20
4	6402	17100	16.869695347422
4	6416	17140	0
4	6423	17160	31.126749814521
4	6505	17430	17.461851540196
4	6505	17430	1.434551043961
4	6508	17433.243392011666	0
4	6513	17460	20
4	6555	17580	21.771781161179
4	6561	17590	0
4	6575	17640	76.792513280407
4	6603	17709.999723575607	0
4	6604	17710	0
4	6605	17710	0
4	6628	17760	87.239791246559
4	6634	17774.111221622454	0
4	6651	17820	20
4	6664	17850	84.293518918823
4	6690	17910	82.649084966883
4	6690	17910	1.704574155325
4	6698	17940	50
4	6705	17950	0
4	6716	17980	0
4	6721	17990.131878718199	0
4	6748	18060	50
4	6748	18060	50
4	6748	18060	20
4	6768	18100	0
4	6771	18118.690854727677	0
4	6773	18120	30.990057971335
4	6780	18150	81.047626399049
4	6804	18220	0
4	6811	18240	86.877337782498
4	6821	18270	88.861616897546
4	6824	18273.213167764613	0
4	6833	18310	0
4	6867	18420	1.815617412861
4	6887	18480	27.067672464174
4	6890	18484.396393107173	0
4	6903	18526.484705365985	0
4	6908	18540	20
4	6908	18540	20
4	6908	18540	20
4	6934	18630	25.219363468568
4	6934	18630	25.079271326666
4	6945	18660	16.756703681369
4	6975	18750	43.536758820516
4	6991	18790	0
4	6992	18790	0
4	7010	18840	35.503579965855
4	7028	18883.112766646296	0
4	7053	18960	11.574155578436
4	7053	18960	1.037008533577
4	7075	19020	50
4	7087	19060	0
4	7097	19080	67.32914503635
4	7106	19108.917500047237	0
4	7122	19140	20
4	7125	19150	0
4	7126	19150	0
4	7146	19200	79.437813613063
4	7164	19230	10.804609317442
4	7164	19230	7.692831415763
4	7183	19290	20
4	7207	19350	43.85687274498
4	7217	19390	0
4	7220	19410	88.470024399341
4	7226	19420	0
4	7227	19420	0
4	7244	19470	84.841093772433
4	7292	19603.689496503926	0
4	7313	19680	38.962448532538
4	7335	19740	50
4	7335	19740	20
4	7340	19750	0
4	7356	19800	6.327696343032
4	7356	19800	1.583338862625
4	7384	19872.17874142655	0
4	7391	19900	0
4	7411	19950	45.975965292849
4	7411	19950	20.324442778637
4	7422	19980	20
4	7422	19980	20
4	7426	19990	0
5	375	1020	50263
5	389	1060	50271
5	423	1140	50273
5	427	1150	50264
5	443	1200	50281
5	443	1200	50282
5	454	1230	50283
5	458	1234.069048558966	50287
5	467	1260	50278
5	483	1320	50288
5	483	1320	50289
5	495	1350	50290
5	532	1442.528031690778	50296
5	533	1446.390197608012	50297
5	540	1463.515313103869	50298
5	543	1468.305365345985	50299
5	550	1492.751405880035	50300
5	559	1504.531803803319	50292
5	587	1565.064733566258	50307
5	599	1596.308016947242	50312
5	630	1680	50314
5	630	1680	50315
5	649	1740	50308
5	649	1740	50310
5	709	1852.747981086655	50327
5	749	1950	50330
5	749	1950	50333
5	749	1950	50334
5	752	1952.179213113442	50339
5	767	1980	50317
5	767	1980	50319
5	767	1980	50325
5	767	1980	50328
5	767	1980	50329
5	781	2010	50326
5	785	2020	50321
5	787	2039.686555950345	50337
5	789	2040	50342
5	801	2061.390903953944	50348
5	848	2160	50353
5	877	2220	50347
5	919	2340	50352
5	924	2350	50346
5	934	2380	50355
5	937	2400	50367
5	944	2422.992892843985	50368
5	999	2580	50364
5	999	2580	50369
5	1004	2590	50366
5	1026	2640	50375
5	1026	2640	50379
5	1047	2700	50373
5	1057	2730	50377
5	1069	2760	50381
5	1078	2790	50383
5	1078	2790	50387
5	1096	2850	50380
5	1125	2929.091174519822	50393
5	1128	2940	50385
5	1132	2950	50386
5	1148	3024.649702778197	50396
5	1151	3030	50394
5	1164	3060	50390
5	1178	3120	50398
5	1197	3180	50395
5	1223	3251.341709253435	50405
5	1236	3300	50399
5	1272	3390	50412
5	1281	3420	50407
5	1294	3450	50406
5	1302	3480	50418
5	1324	3540	50416
5	1348	3608.602061384163	50428
5	1373	3670	50415
5	1410	3790	50421
5	1411	3790	50422
5	1419	3820	50429
5	1423	3840	50434
5	1432	3867.500101846857	50437
5	1434	3870	50435
5	1437	3882.308475517628	50438
5	1459	3960	50440
5	1470	3990	50442
5	1475	3996.80412546638	50443
5	1480	4020	50436
5	1480	4020	50439
5	1496	4080	50445
5	1504	4096.619821916683	50448
5	1511	4116.120465626024	50449
5	1515	4134.483202949451	50450
5	1555	4260	50447
5	1572	4320	50456
5	1572	4320	50458
5	1578	4332.306432900509	50459
5	1579	4343.343873873863	50460
5	1581	4350	50455
5	1581	4350	50457
5	1594	4380	50452
5	1627	4470	50463
5	1635	4481.827771082932	50468
5	1645	4510	50454
5	1646	4510	50453
5	1650	4530	50462
5	1671	4581.636797404525	50476
5	1685	4620	50465
5	1705	4660	50470
5	1740	4750	50464
5	1801	4920	50491
5	1854	5049.973383206609	50505
5	1859	5070	50500
5	1859	5070	50502
5	1904	5190	50516
5	1918	5220	50499
5	1918	5220	50506
5	1927	5230	50498
5	1943	5280	50519
5	1956	5310	50521
5	1972	5340	50514
5	1989	5380	50518
5	1996	5400	50525
5	1996	5400	50526
5	2008	5424.405492093098	50531
5	2010	5430	50529
5	2018	5460	50523
5	2024	5468.826247413724	50527
5	2057	5550	50533
5	2084	5620	50537
5	2095	5640	50540
5	2098	5641.103402287418	50544
5	2116	5700	50534
5	2121	5710	50528
5	2122	5710	50536
5	2142	5760	50546
5	2142	5760	50547
5	2149	5790	50550
5	2160	5820	50542
5	2160	5820	50545
5	2160	5820	50549
5	2185	5880	50557
5	2206	5940	50553
5	2206	5940	50554
5	2206	5940	50556
5	2209	5950	50548
5	2210	5950	50551
5	2238	6030	50562
5	2252	6060	50560
5	2252	6060	50561
5	2256	6070	50555
5	2277	6142.659327928193	50571
5	2279	6150	50567
5	2294	6180	50564
5	2294	6180	50566
5	2313	6240	50573
5	2336	6300	50569
5	2341	6310	50563
5	2357	6360	50582
5	2370	6396.27132191039	50586
5	2375	6408.294462293053	50587
5	2378	6420	50580
5	2378	6420	50581
5	2378	6420	50575
5	2418	6523.595930058954	50589
5	2423	6540	50585
5	2452	6630	50593
5	2464	6660	50591
5	2484	6747.663875391101	50600
5	2502	6790	50594
5	2523	6887.571330258672	50605
5	2527	6900	50599
5	2532	6930	50602
5	2552	6990	50606
5	2552	6990	50607
5	2589	7110	50610
5	2610	7180	50609
5	2624	7230	50616
5	2633	7260	50608
5	2633	7260	50612
5	2656	7320	50623
5	2678	7380	50620
5	2741	7540	50631
5	2770	7620	50635
5	2776	7630	50627
5	2785	7660	50639
5	2792	7680	50646
5	2802	7710	50648
5	2802	7710	50650
5	2813	7740	50644
5	2838	7800.608847929693	50653
5	2847	7830	50652
5	2882	7920	50654
5	2882	7920	50655
5	2886	7929.787376026686	50661
5	2891	7950	50657
5	2898	7966.799004739735	50664
5	2907	7988.465839432539	50656
5	2918	8020	50659
5	2926	8040	50665
5	2941	8070	50668
5	2976	8160	50675
5	2993	8214.542067279861	50678
5	3004	8230	50662
5	3021	8280	50682
5	3021	8280	50684
5	3031	8310	50679
5	3031	8310	50680
5	3041	8340	50681
5	3046	8350	50673
5	3047	8350	50676
5	3060	8400	50686
5	3072	8430	50690
5	3079	8451.500896200632	50691
5	3081	8458.754267069499	50692
5	3083	8460	50683
5	3083	8460	50685
5	3091	8500	50687
5	3120	8580	50688
5	3139	8640	50697
5	3187	8790	50702
5	3187	8790	50704
5	3201	8830	50696
5	3205	8850	50699
5	3210	8880	50707
5	3213	8889.374187551855	50710
5	3221	8910	50708
5	3221	8910	50709
5	3231	8940	50706
5	3235	8950	50700
5	3249	9000	50713
5	3262	9030	50712
5	3302	9150	50716
5	3350	9300	50724
5	3362	9330	50723
5	3370	9360	50729
5	3370	9360	50730
5	3379	9390	50734
5	3423	9495.054721487507	50742
5	3427	9510	50740
5	3427	9510	50743
5	3436	9540	50736
5	3442	9550	50727
5	3450	9580	50739
5	3470	9630	50746
5	3470	9630	50748
5	3476	9645.57176981321	50750
5	3484	9670	50735
5	3485	9670	50738
5	3493	9700	50744
5	3517	9750	50754
5	3569	9900	50755
5	3574	9910	50747
5	3606	9993.35934890685	50767
5	3613	10010.587408717644	50769
5	3619	10020	50759
5	3626	10030	50757
5	3627	10030	50758
5	3648	10082.102653126863	50778
5	3651	10095.348176358108	50779
5	3653	10110	50775
5	3660	10118.294993862913	50781
5	3673	10140	50765
5	3673	10140	50771
5	3683	10170	50766
5	3704	10230	50786
5	3720	10260	50782
5	3720	10260	50777
5	3741	10320	50787
5	3741	10320	50788
5	3741	10320	50789
5	3776	10390	50784
5	3797	10468.444740464782	50801
5	3799	10470	50796
5	3799	10470	50797
5	3813	10500	50791
5	3819	10510	50790
5	3825	10530	50794
5	3832	10560	50803
5	3832	10560	50804
5	3843	10585.286837862969	50808
5	3846	10590	50809
5	3859	10620	50800
5	3868	10630	50792
5	3872	10650	50802
5	3890	10683.255309770388	50815
5	3904	10710	50816
5	3917	10740	50807
5	3925	10750	50799
5	3933	10770	50811
5	3957	10830	50832
5	3971	10860	50814
5	3971	10860	50818
5	3977	10870	50813
5	3988	10900	50820
5	4013	10980	50825
5	4016	10990	50817
5	4036	11040	50837
5	4051	11098.591001224715	50839
5	4057	11110	50833
5	4058	11110	50830
5	4075	11160	50841
5	4102	11250	50840
5	4116	11280	50844
5	4120	11287.55800451294	50848
5	4139	11340	50842
5	4155	11370	50845
5	4169	11400	50851
5	4169	11400	50856
5	4169	11400	50857
5	4179	11430	50861
5	4223	11520	50863
5	4223	11520	50869
5	4248	11574.117061625678	50880
5	4250	11580	50854
5	4250	11580	50858
5	4263	11620	50862
5	4265	11620	50865
5	4275	11631.221085372265	50872
5	4301	11700	50868
5	4301	11700	50876
5	4301	11700	50877
5	4314	11730	50875
5	4345	11790	50886
5	4361	11830	50874
5	4383	11880	50893
5	4393	11910	50892
5	4410	11950	50885
5	4420	11980	50889
5	4434	12016.891567454555	50900
5	4436	12027.232855383794	50902
5	4451	12060	50895
5	4451	12060	50896
5	4455	12070	50890
5	4468	12100	50898
5	4475	12120	50908
5	4490	12152.328455136251	50911
5	4500	12172.889869497565	50913
5	4503	12180	50899
5	4503	12180	50904
5	4528	12240	50918
5	4539	12270	50917
5	4550	12300	50910
5	4550	12300	50915
5	4557	12310	50905
5	4559	12310	50901
5	4569	12335.789992502636	50919
5	4590	12390	50927
5	4604	12420	50922
5	4638	12510	50931
5	4663	12580	50929
5	4675	12600	50936
5	4678	12603.267665740562	50940
5	4684	12628.238097509935	50942
5	4686	12630	50937
5	4686	12630	50938
5	4718	12720	50943
5	4718	12720	50947
5	4727	12750	50945
5	4741	12790	50933
5	4746	12810	50941
5	4772	12870	50951
5	4776	12887.629403071302	50956
5	4789	12910	50939
5	4795	12940	50953
5	4824	13020	50954
5	4837	13060	50958
5	4843	13080	50965
5	4865	13140	50963
5	4887	13200	50972
5	4896	13230	50973
5	4908	13260	50966
5	4908	13260	50967
5	4912	13270	50960
5	4928	13319.502372320354	50974
5	4930	13320	50977
5	4940	13350	50979
5	4940	13350	50980
5	4957	13380	50970
5	4957	13380	50971
5	5005	13500	50982
5	5005	13500	50978
5	5009	13510	50969
5	5026	13560	50991
5	5052	13617.770536271187	50999
5	5054	13620	50988
5	5054	13620	50989
5	5058	13627.729531226531	50995
5	5059	13630	50981
5	5069	13660	50990
5	5070	13660	50992
5	5073	13661.145579140556	50996
5	5090	13710	51003
5	5090	13710	51005
5	5090	13710	51008
5	5111	13750	50987
5	5148	13830	51011
5	5157	13860	51007
5	5165	13870	51000
5	5176	13900	51010
5	5198	13950	51021
5	5212	13980	51012
5	5212	13980	51017
5	5233	14040	51025
5	5265	14110	51018
5	5266	14110	51016
5	5273	14130	51029
5	5280	14140	51030
5	5285	14160	51035
5	5296	14190	51036
5	5296	14190	51037
5	5306	14220	51031
5	5314	14230	51032
5	5342	14310	51045
5	5358	14340	51038
5	5390	14430	51053
5	5393	14437.349084808452	51056
5	5399	14460	51046
5	5404	14470	51039
5	5405	14470	51040
5	5450	14590	51050
5	5451	14590	51049
5	5460	14640	51061
5	5471	14663.841739556827	51066
5	5479	14684.070439269107	51067
5	5491	14730	51060
5	5519	14809.53260569092	51073
5	5521	14820	51064
5	5521	14820	51065
5	5528	14830	51062
5	5539	14860	51069
5	5547	14880	51077
5	5558	14910	51074
5	5558	14910	51078
5	5571	14940	51068
5	5571	14940	51072
5	5606	15030	51085
5	5606	15030	51088
5	5632	15090	51082
5	5637	15100	51084
5	5638	15100	51086
5	5649	15120.033247501586	51094
5	5662	15150	51093
5	5674	15172.32728577956	51102
5	5691	15220	51092
5	5702	15240	51106
5	5710	15270	51104
5	5724	15300	51096
5	5724	15300	51100
5	5724	15300	51103
5	5730	15310	51091
5	5741	15340	51098
5	5759	15390	51113
5	5762	15395.698524467971	51115
5	5772	15420	51107
5	5834	15570	51114
5	5858	15630	51128
5	5861	15630.173110807121	51129
5	5874	15670	51119
5	5875	15670	51118
5	5886	15700	51122
5	5890	15720	51134
5	5912	15780	51123
5	5916	15790	51125
5	5926	15820	51131
5	5952	15900	51138
5	5955	15910	51124
5	5997	16020	51140
5	6000	16030	51136
5	6008	16060	51145
5	6023	16110	51148
5	6023	16110	51149
5	6038	16140	51147
5	6053	16200	51154
5	6065	16230	51156
5	6065	16230	51158
5	6073	16247.225421587988	51161
5	6076	16260	51152
5	6089	16300	51155
5	6094	16320	51163
5	6116	16380	51159
5	6123	16390	51151
5	6128	16410	51164
5	6141	16440	51166
5	6153	16470	51170
5	6161	16500	51165
5	6188	16560	51175
5	6225	16650	51172
5	6232	16680	51184
5	6242	16710	51186
5	6258	16740	51173
5	6274	16780	51181
5	6303	16860	51187
5	6307	16870	51178
5	6308	16870	51183
5	6339	16940.291832604125	51203
5	6375	17020	51200
5	6391	17070	51211
5	6402	17100	51205
5	6402	17100	51206
5	6416	17140	51209
5	6423	17160	51216
5	6505	17430	51225
5	6505	17430	51228
5	6508	17433.243392011666	51229
5	6513	17460	51219
5	6555	17580	51230
5	6561	17590	51221
5	6575	17640	51234
5	6603	17709.999723575607	51236
5	6604	17710	51226
5	6605	17710	51227
5	6628	17760	51239
5	6634	17774.111221622454	51248
5	6651	17820	51241
5	6664	17850	51238
5	6690	17910	51250
5	6690	17910	51260
5	6698	17940	51249
5	6705	17950	51242
5	6716	17980	51254
5	6721	17990.131878718199	51257
5	6748	18060	51251
5	6748	18060	51255
5	6748	18060	51256
5	6768	18100	51261
5	6771	18118.690854727677	51266
5	6773	18120	51270
5	6780	18150	51268
5	6804	18220	51271
5	6811	18240	51272
5	6821	18270	51274
5	6824	18273.213167764613	51275
5	6833	18310	51269
5	6867	18420	51278
5	6887	18480	51283
5	6890	18484.396393107173	51284
5	6903	18526.484705365985	51286
5	6908	18540	51279
5	6908	18540	51281
5	6908	18540	51282
5	6934	18630	51292
5	6934	18630	51293
5	6945	18660	51290
5	6975	18750	51294
5	6991	18790	51289
5	6992	18790	51287
5	7010	18840	51297
5	7028	18883.112766646296	51308
5	7053	18960	51312
5	7053	18960	51313
5	7075	19020	51299
5	7087	19060	51306
5	7097	19080	51316
5	7106	19108.917500047237	51318
5	7122	19140	51314
5	7125	19150	51298
5	7126	19150	51305
5	7146	19200	51321
5	7164	19230	51325
5	7164	19230	51328
5	7183	19290	51320
5	7207	19350	51332
5	7217	19390	51319
5	7220	19410	51327
5	7226	19420	51330
5	7227	19420	51331
5	7244	19470	51337
5	7292	19603.689496503926	51347
5	7313	19680	51348
5	7335	19740	51344
5	7335	19740	51343
5	7340	19750	51340
5	7356	19800	51356
5	7356	19800	51357
5	7384	19872.17874142655	51350
5	7391	19900	51353
5	7411	19950	51361
5	7411	19950	51364
5	7422	19980	51355
5	7422	19980	51359
5	7426	19990	51352
6	369	1000	2
6	376	1020	2
6	376	1020	1
6	385	1050	1
6	385	1050	0
6	397	1080	0
6	397	1080	0
6	408	1109.040520003974	1
6	411	1110	1
6	411	1110	0
6	417	1126.028644547954	1
6	424	1140	1
6	424	1140	0
6	435	1170	0
6	435	1170	0
6	444	1200	0
6	444	1200	0
6	455	1230	0
6	455	1230	0
6	468	1260	0
6	468	1260	0
6	474	1290	0
6	474	1290	0
6	484	1320	0
6	484	1320	0
6	496	1350	0
6	496	1350	0
6	506	1380	0
6	506	1380	0
6	516	1410	0
6	516	1410	0
6	519	1420	1
6	530	1440	1
6	530	1440	0
6	547	1470	0
6	547	1470	0
6	556	1500	0
6	556	1500	0
6	568	1530	0
6	568	1530	0
6	577	1546.390197608012	1
6	583	1560	1
6	583	1560	0
6	588	1565.399288635238	1
6	592	1571.081372547749	2
6	595	1590	2
6	595	1590	1
6	597	1592.751405880035	2
6	601	1603.82172324599	3
6	606	1620	3
6	606	1620	2
6	614	1650	2
6	614	1650	1
6	631	1680	1
6	631	1680	0
6	642	1710	0
6	642	1710	0
6	650	1740	0
6	650	1740	0
6	658	1750	1
6	665	1770	1
6	665	1770	0
6	667	1771.777236657579	1
6	670	1780	2
6	671	1780	3
6	680	1794.563787996075	4
6	683	1800	4
6	683	1800	2
6	696	1830	2
6	696	1830	0
6	706	1845.217901891272	1
6	714	1860	1
6	714	1860	0
6	729	1890	0
6	729	1890	0
6	741	1920	0
6	741	1920	0
6	743	1926.521453754413	1
6	750	1950	1
6	750	1950	1
6	768	1980	1
6	768	1980	0
6	776	1990	1
6	782	2010	1
6	782	2010	0
6	790	2040	0
6	790	2040	0
6	800	2061.186827218477	1
6	805	2070	1
6	805	2070	1
6	816	2080	2
6	822	2100	2
6	822	2100	1
6	832	2110	2
6	839	2130	2
6	839	2130	0
6	844	2146.72930087581	1
6	849	2160	1
6	849	2160	1
6	858	2178.062270126825	2
6	865	2190	2
6	865	2190	2
6	878	2220	2
6	878	2220	0
6	883	2230	1
6	889	2250	1
6	889	2250	0
6	900	2280	0
6	900	2280	0
6	902	2291.119192728274	1
6	909	2310	1
6	909	2310	1
6	920	2340	1
6	920	2340	0
6	923	2344.185951330527	1
6	927	2362.162517743127	2
6	932	2370	2
6	932	2370	1
6	938	2400	1
6	938	2400	1
6	945	2425.601849906865	2
6	948	2430	2
6	948	2430	1
6	954	2440	2
6	961	2460	2
6	961	2460	1
6	965	2470	2
6	970	2490	2
6	970	2490	0
6	980	2520	0
6	980	2520	0
6	992	2550	0
6	992	2550	0
6	1000	2580	0
6	1000	2580	0
6	1012	2610	0
6	1012	2610	0
6	1027	2640	0
6	1027	2640	0
6	1036	2670	0
6	1036	2670	0
6	1048	2700	0
6	1048	2700	0
6	1050	2710	1
6	1058	2730	1
6	1058	2730	0
6	1061	2737.520697240777	1
6	1064	2740	2
6	1065	2740	3
6	1070	2760	3
6	1070	2760	1
6	1079	2790	1
6	1079	2790	1
6	1088	2820	1
6	1088	2820	0
6	1093	2839.728238648209	1
6	1097	2850	1
6	1097	2850	0
6	1102	2873.704486739497	1
6	1105	2880	1
6	1105	2880	1
6	1107	2883.63625122683	2
6	1115	2903.55749691707	3
6	1118	2910	3
6	1118	2910	3
6	1129	2940	3
6	1129	2940	0
6	1135	2970	0
6	1135	2970	0
6	1142	3000	0
6	1142	3000	0
6	1145	3001.769947898942	1
6	1152	3030	1
6	1152	3030	1
6	1160	3040	2
6	1165	3060	2
6	1165	3060	1
6	1172	3090	1
6	1172	3090	0
6	1174	3101.638808378413	1
6	1179	3120	1
6	1179	3120	1
6	1188	3150	1
6	1188	3150	0
6	1198	3180	0
6	1198	3180	0
6	1208	3210	0
6	1208	3210	0
6	1218	3240	0
6	1218	3240	0
6	1229	3270	0
6	1229	3270	0
6	1232	3280	1
6	1237	3300	1
6	1237	3300	1
6	1242	3310	2
6	1243	3310	3
6	1246	3328.828438632064	4
6	1249	3330	4
6	1249	3330	0
6	1262	3360	0
6	1262	3360	0
6	1273	3390	0
6	1273	3390	0
6	1279	3412.72975663769	1
6	1282	3420	1
6	1282	3420	0
6	1284	3423.202675261816	1
6	1289	3430	2
6	1295	3450	2
6	1295	3450	1
6	1299	3461.421858012992	2
6	1303	3480	2
6	1303	3480	2
6	1316	3510	2
6	1316	3510	1
6	1321	3520	2
6	1325	3540	2
6	1325	3540	1
6	1330	3550	2
6	1335	3570	2
6	1335	3570	0
6	1338	3580	1
6	1344	3600	1
6	1344	3600	0
6	1346	3604.49019433888	1
6	1347	3606.260942899402	2
6	1355	3630	2
6	1355	3630	1
6	1361	3640	2
6	1366	3660	2
6	1366	3660	1
6	1368	3661.871576383097	2
6	1374	3670	3
6	1378	3690	3
6	1378	3690	1
6	1382	3708.602061384163	2
6	1388	3720	2
6	1388	3720	1
6	1396	3750	1
6	1396	3750	0
6	1400	3760	1
6	1406	3780	1
6	1406	3780	1
6	1416	3810	1
6	1416	3810	0
6	1424	3840	0
6	1424	3840	0
6	1427	3849.189776032525	1
6	1435	3870	1
6	1435	3870	1
6	1439	3884.516252312769	2
6	1446	3900	2
6	1446	3900	0
6	1454	3930	0
6	1454	3930	0
6	1456	3940	1
6	1460	3960	1
6	1460	3960	0
6	1471	3990	0
6	1471	3990	0
6	1481	4020	0
6	1481	4020	0
6	1487	4050	0
6	1487	4050	0
6	1497	4080	0
6	1497	4080	0
6	1502	4095.228502085122	1
6	1509	4110	1
6	1509	4110	0
6	1518	4140	0
6	1518	4140	0
6	1522	4170	0
6	1522	4170	0
6	1530	4195.412415744122	1
6	1537	4200	1
6	1537	4200	1
6	1548	4230	1
6	1548	4230	1
6	1551	4234.483202949451	2
6	1556	4260	2
6	1556	4260	1
6	1563	4290	1
6	1563	4290	1
6	1573	4320	1
6	1573	4320	0
6	1582	4350	0
6	1582	4350	0
6	1589	4360	1
6	1595	4380	1
6	1595	4380	1
6	1600	4390	2
6	1606	4410	2
6	1606	4410	0
6	1618	4440	0
6	1618	4440	0
6	1624	4462.485010620456	1
6	1628	4470	1
6	1628	4470	0
6	1642	4500	0
6	1642	4500	0
6	1651	4530	0
6	1651	4530	0
6	1660	4560	0
6	1660	4560	0
6	1677	4590	0
6	1677	4590	0
6	1686	4620	0
6	1686	4620	0
6	1691	4630	1
6	1693	4630	2
6	1700	4650	2
6	1700	4650	0
6	1704	4657.578751250952	1
6	1713	4680	1
6	1713	4680	1
6	1724	4710	1
6	1724	4710	0
6	1729	4720	1
6	1730	4725.836530160246	2
6	1734	4740	2
6	1734	4740	2
6	1742	4751.120096820548	3
6	1748	4770	3
6	1748	4770	0
6	1755	4800	0
6	1755	4800	0
6	1765	4830	0
6	1765	4830	0
6	1768	4840	1
6	1778	4860	1
6	1778	4860	1
6	1784	4870	2
6	1785	4870	3
6	1791	4890	3
6	1791	4890	0
6	1802	4920	0
6	1802	4920	0
6	1812	4950	0
6	1812	4950	0
6	1821	4980	0
6	1821	4980	0
6	1823	4980.507354789055	1
6	1838	5010	1
6	1838	5010	1
6	1840	5011.761285262075	2
6	1842	5020	3
6	1844	5022.900387479282	4
6	1849	5040	4
6	1849	5040	3
6	1857	5060.010973000722	4
6	1860	5070	4
6	1860	5070	3
6	1863	5080	4
6	1864	5080	5
6	1870	5100	5
6	1870	5100	2
6	1876	5110	3
6	1877	5110	4
6	1882	5130	4
6	1882	5130	0
6	1887	5140.240939099269	1
6	1888	5145.562603722123	2
6	1891	5150.261307954292	3
6	1896	5160	3
6	1896	5160	3
6	1905	5190	3
6	1905	5190	3
6	1912	5201.70668802739	4
6	1919	5220	4
6	1919	5220	1
6	1933	5250	1
6	1933	5250	0
6	1944	5280	0
6	1944	5280	0
6	1957	5310	0
6	1957	5310	0
6	1967	5320	1
6	1973	5340	1
6	1973	5340	1
6	1982	5370	1
6	1982	5370	0
6	1997	5400	0
6	1997	5400	0
6	2011	5430	0
6	2011	5430	0
6	2015	5440	1
6	2016	5440	2
6	2019	5460	2
6	2019	5460	2
6	2028	5479.297453327198	3
6	2036	5490	3
6	2036	5490	1
6	2039	5500	2
6	2040	5500	3
6	2045	5520	3
6	2045	5520	1
6	2052	5535.436349645058	2
6	2058	5550	2
6	2058	5550	1
6	2062	5560	2
6	2071	5580	2
6	2071	5580	1
6	2078	5590	2
6	2082	5610	2
6	2082	5610	0
6	2090	5624.572371911882	1
6	2096	5640	1
6	2096	5640	1
6	2104	5650.735725742436	2
6	2108	5670	2
6	2108	5670	2
6	2117	5700	2
6	2117	5700	0
6	2131	5730	0
6	2131	5730	0
6	2135	5740	1
6	2143	5760	1
6	2143	5760	0
6	2145	5761.781698518409	1
6	2150	5790	1
6	2150	5790	0
6	2161	5820	0
6	2161	5820	0
6	2166	5830	1
6	2170	5841.727574852868	2
6	2171	5846.777446538783	3
6	2174	5850	3
6	2174	5850	1
6	2180	5860	2
6	2186	5880	2
6	2186	5880	1
6	2195	5910	1
6	2195	5910	0
6	2201	5922.013987897631	1
6	2204	5936.776190260968	2
6	2207	5940	2
6	2207	5940	1
6	2217	5970	1
6	2217	5970	0
6	2223	5980	1
6	2226	5999.008627018728	2
6	2229	6000	2
6	2229	6000	1
6	2239	6030	1
6	2239	6030	1
6	2250	6059.133594526826	2
6	2253	6060	2
6	2253	6060	0
6	2258	6075.388099915161	1
6	2262	6090	1
6	2262	6090	1
6	2271	6120	1
6	2271	6120	1
6	2280	6150	1
6	2280	6150	0
6	2287	6160	1
6	2295	6180	1
6	2295	6180	1
6	2298	6190	2
6	2299	6190	3
6	2305	6210	3
6	2305	6210	0
6	2310	6228.402451924647	1
6	2314	6240	1
6	2314	6240	1
6	2325	6270	1
6	2325	6270	1
6	2327	6271.990555525274	2
6	2328	6273.221894149515	3
6	2337	6300	3
6	2337	6300	0
6	2349	6330	0
6	2349	6330	0
6	2355	6358.77060000262	1
6	2358	6360	1
6	2358	6360	1
6	2367	6390	1
6	2367	6390	0
6	2379	6420	0
6	2379	6420	0
6	2382	6430	1
6	2388	6450	1
6	2388	6450	0
6	2393	6460	1
6	2401	6480	1
6	2401	6480	0
6	2411	6510	0
6	2411	6510	0
6	2421	6539.665413392865	1
6	2424	6540	1
6	2424	6540	0
6	2436	6570	0
6	2436	6570	0
6	2441	6600	0
6	2441	6600	0
6	2453	6630	0
6	2453	6630	0
6	2465	6660	0
6	2465	6660	0
6	2468	6670	1
6	2472	6690	1
6	2472	6690	0
6	2475	6711.429513192747	1
6	2480	6720	1
6	2480	6720	1
6	2488	6750	1
6	2488	6750	1
6	2498	6780	1
6	2498	6780	0
6	2505	6810	0
6	2505	6810	0
6	2510	6840	0
6	2510	6840	0
6	2513	6849.696595321484	1
6	2520	6870	1
6	2520	6870	1
6	2528	6900	1
6	2528	6900	0
6	2533	6930	0
6	2533	6930	0
6	2544	6960	0
6	2544	6960	0
6	2553	6990	0
6	2553	6990	0
6	2562	7020	0
6	2562	7020	0
6	2566	7045.052428406962	1
6	2569	7050	1
6	2569	7050	1
6	2578	7077.551996777215	2
6	2581	7080	2
6	2581	7080	2
6	2590	7110	2
6	2590	7110	1
6	2597	7140	1
6	2597	7140	0
6	2606	7170	0
6	2606	7170	0
6	2609	7175.931326964355	1
6	2615	7200	1
6	2615	7200	1
6	2622	7229.269699176328	2
6	2625	7230	2
6	2625	7230	2
6	2627	7239.122620882935	3
6	2634	7260	3
6	2634	7260	0
6	2644	7290	0
6	2644	7290	0
6	2657	7320	0
6	2657	7320	0
6	2666	7350	0
6	2666	7350	0
6	2675	7360	1
6	2679	7380	1
6	2679	7380	1
6	2688	7410	1
6	2688	7410	0
6	2700	7434.369672476163	1
6	2704	7440	1
6	2704	7440	1
6	2714	7470	1
6	2714	7470	0
6	2717	7480	1
6	2718	7480	2
6	2723	7500	2
6	2723	7500	2
6	2737	7530	2
6	2737	7530	0
6	2750	7560	0
6	2750	7560	0
6	2760	7590	0
6	2760	7590	0
6	2766	7604.300693996497	1
6	2771	7620	1
6	2771	7620	0
6	2782	7650	0
6	2782	7650	0
6	2793	7680	0
6	2793	7680	0
6	2803	7710	0
6	2803	7710	0
6	2809	7720	1
6	2814	7740	1
6	2814	7740	1
6	2825	7770	1
6	2825	7770	0
6	2828	7780	1
6	2836	7800	1
6	2836	7800	0
6	2848	7830	0
6	2848	7830	0
6	2856	7860	0
6	2856	7860	0
6	2869	7890	0
6	2869	7890	0
6	2883	7920	0
6	2883	7920	0
6	2892	7950	0
6	2892	7950	0
6	2904	7980	0
6	2904	7980	0
6	2908	7993.976545360604	1
6	2915	8010	1
6	2915	8010	0
6	2920	8020	1
6	2927	8040	1
6	2927	8040	0
6	2929	8047.959173932422	1
6	2942	8070	1
6	2942	8070	0
6	2945	8080	1
6	2949	8100	1
6	2949	8100	1
6	2952	8110	2
6	2962	8130	2
6	2962	8130	0
6	2966	8140	1
6	2977	8160	1
6	2977	8160	0
6	2988	8190	0
6	2988	8190	0
6	2990	8200	1
6	2996	8220	1
6	2996	8220	1
6	3006	8230	2
6	3007	8239.292598488388	3
6	3010	8249.983279013336	4
6	3013	8250	4
6	3013	8250	1
6	3022	8280	1
6	3022	8280	1
6	3028	8301.891543905774	2
6	3032	8310	2
6	3032	8310	1
6	3035	8314.542067279861	2
6	3042	8340	2
6	3042	8340	1
6	3052	8370	1
6	3052	8370	1
6	3058	8397.094320875935	2
6	3061	8400	2
6	3061	8400	1
6	3073	8430	1
6	3073	8430	0
6	3084	8460	0
6	3084	8460	0
6	3089	8490	0
6	3089	8490	0
6	3092	8500	1
6	3095	8507.767045811722	2
6	3098	8520	2
6	3098	8520	1
6	3109	8550	1
6	3109	8550	0
6	3118	8576.664842092146	1
6	3121	8580	1
6	3121	8580	1
6	3131	8610	1
6	3131	8610	0
6	3140	8640	0
6	3140	8640	0
6	3150	8670	0
6	3150	8670	0
6	3158	8697.810605711426	1
6	3161	8700	1
6	3161	8700	0
6	3165	8710	1
6	3171	8730	1
6	3171	8730	0
6	3180	8760	0
6	3180	8760	0
6	3182	8765.478037515911	1
6	3188	8790	1
6	3188	8790	1
6	3190	8794.813258518793	2
6	3192	8800	3
6	3195	8820	3
6	3195	8820	1
6	3202	8830	2
6	3206	8850	2
6	3206	8850	0
6	3211	8880	0
6	3211	8880	0
6	3222	8910	0
6	3222	8910	0
6	3227	8920.675995786302	1
6	3232	8940	1
6	3232	8940	0
6	3239	8970	0
6	3239	8970	0
6	3250	9000	0
6	3250	9000	0
6	3263	9030	0
6	3263	9030	0
6	3272	9060	0
6	3272	9060	0
6	3279	9090	0
6	3279	9090	0
6	3291	9120	0
6	3291	9120	0
6	3303	9150	0
6	3303	9150	0
6	3309	9180	0
6	3309	9180	0
6	3321	9210	0
6	3321	9210	0
6	3330	9240	0
6	3330	9240	0
6	3340	9270	0
6	3340	9270	0
6	3344	9280	1
6	3351	9300	1
6	3351	9300	1
6	3363	9330	1
6	3363	9330	0
6	3371	9360	0
6	3371	9360	0
6	3380	9390	0
6	3380	9390	0
6	3382	9392.914368245146	1
6	3389	9400	2
6	3397	9420	2
6	3397	9420	1
6	3406	9450	1
6	3406	9450	0
6	3409	9460	1
6	3417	9480	1
6	3417	9480	0
6	3428	9510	0
6	3428	9510	0
6	3431	9520	1
6	3437	9540	1
6	3437	9540	1
6	3443	9550	2
6	3447	9570	2
6	3447	9570	0
6	3459	9600	0
6	3459	9600	0
6	3471	9630	0
6	3471	9630	0
6	3482	9660	0
6	3482	9660	0
6	3490	9690	0
6	3490	9690	0
6	3504	9720	0
6	3504	9720	0
6	3511	9730.353873983404	1
6	3518	9750	1
6	3518	9750	1
6	3520	9760	2
6	3527	9780	2
6	3527	9780	1
6	3537	9810	1
6	3537	9810	0
6	3540	9812.176407822482	1
6	3551	9840	1
6	3551	9840	1
6	3561	9870	1
6	3561	9870	1
6	3567	9896.719369234506	2
6	3570	9900	2
6	3570	9900	1
6	3575	9910	2
6	3585	9930	2
6	3585	9930	0
6	3587	9937.945891763635	1
6	3595	9960	1
6	3595	9960	1
6	3604	9990	1
6	3604	9990	0
6	3610	10007.078383104354	1
6	3615	10011.861991345446	2
6	3620	10020	2
6	3620	10020	1
6	3628	10030	2
6	3629	10030	3
6	3636	10050	3
6	3636	10050	0
6	3638	10052.349133078679	1
6	3641	10071.645221259446	2
6	3642	10071.938840342219	3
6	3646	10080	3
6	3646	10080	3
6	3654	10110	3
6	3654	10110	3
6	3674	10140	3
6	3674	10140	0
6	3684	10170	0
6	3684	10170	0
6	3694	10200	0
6	3694	10200	0
6	3705	10230	0
6	3705	10230	0
6	3721	10260	0
6	3721	10260	0
6	3723	10268.930767549832	1
6	3734	10290	1
6	3734	10290	0
6	3738	10301.016625376321	1
6	3742	10320	1
6	3742	10320	1
6	3758	10350	1
6	3758	10350	1
6	3771	10380	1
6	3771	10380	0
6	3777	10390.560059441804	1
6	3780	10410	1
6	3780	10410	0
6	3783	10420	1
6	3784	10420	2
6	3791	10440	2
6	3791	10440	0
6	3796	10467.961232154278	1
6	3800	10470	1
6	3800	10470	1
6	3805	10480	2
6	3814	10500	2
6	3814	10500	1
6	3826	10530	1
6	3826	10530	0
6	3833	10560	0
6	3833	10560	0
6	3840	10580.85152594121	1
6	3847	10590	1
6	3847	10590	0
6	3852	10600	1
6	3853	10600	2
6	3860	10620	2
6	3860	10620	2
6	3873	10650	2
6	3873	10650	0
6	3878	10660	1
6	3884	10675.545482431574	2
6	3887	10680	2
6	3887	10680	1
6	3905	10710	1
6	3905	10710	1
6	3910	10720	2
6	3911	10722.062437643841	3
6	3918	10740	3
6	3918	10740	1
6	3926	10750	2
6	3931	10763.982804527389	3
6	3934	10770	3
6	3934	10770	1
6	3939	10780.08141902903	2
6	3945	10800	2
6	3945	10800	2
6	3958	10830	2
6	3958	10830	0
6	3972	10860	0
6	3972	10860	0
6	3978	10870	1
6	3979	10870	2
6	3985	10890	2
6	3985	10890	0
6	3993	10920	0
6	3993	10920	0
6	4002	10950	0
6	4002	10950	0
6	4009	10960	1
6	4014	10980	1
6	4014	10980	1
6	4019	10990	2
6	4020	10990	3
6	4025	11010	3
6	4025	11010	0
6	4037	11040	0
6	4037	11040	0
6	4042	11066.941581842724	1
6	4045	11070	1
6	4045	11070	0
6	4048	11080	1
6	4054	11100	1
6	4054	11100	1
6	4066	11130	1
6	4066	11130	0
6	4076	11160	0
6	4076	11160	0
6	4084	11190	0
6	4084	11190	0
6	4087	11208.662562686832	1
6	4092	11220	1
6	4092	11220	0
6	4103	11250	0
6	4103	11250	0
6	4109	11260	1
6	4112	11260.239510595413	2
6	4117	11280	2
6	4117	11280	1
6	4127	11310	1
6	4127	11310	0
6	4140	11340	0
6	4140	11340	0
6	4149	11357.21480768137	1
6	4156	11370	1
6	4156	11370	1
6	4164	11387.55800451294	2
6	4170	11400	2
6	4170	11400	1
6	4174	11411.604776052674	2
6	4180	11430	2
6	4180	11430	1
6	4186	11440	2
6	4197	11460	2
6	4197	11460	1
6	4205	11472.036048266201	2
6	4211	11490	2
6	4211	11490	1
6	4217	11500	2
6	4220	11501.48591654059	3
6	4224	11520	3
6	4224	11520	2
6	4237	11547.118627665448	3
6	4240	11550	3
6	4240	11550	1
6	4244	11560	2
6	4251	11580	2
6	4251	11580	1
6	4261	11610	1
6	4261	11610	0
6	4278	11640	0
6	4278	11640	0
6	4290	11670	0
6	4290	11670	0
6	4293	11674.117061625678	1
6	4297	11680	2
6	4302	11700	2
6	4302	11700	2
6	4307	11710	3
6	4315	11730	3
6	4315	11730	1
6	4333	11760	1
6	4333	11760	0
6	4346	11790	0
6	4346	11790	0
6	4352	11800.195108447729	1
6	4357	11820	1
6	4357	11820	1
6	4368	11850	1
6	4368	11850	0
6	4381	11873.434976133148	1
6	4384	11880	1
6	4384	11880	1
6	4386	11880.394846985381	2
6	4394	11910	2
6	4394	11910	1
6	4401	11936.971813821931	2
6	4404	11940	2
6	4404	11940	1
6	4417	11970	1
6	4417	11970	0
6	4422	11980	1
6	4426	12000	1
6	4426	12000	0
6	4428	12009.244240329645	1
6	4439	12030	1
6	4439	12030	0
6	4445	12043.014581227142	1
6	4452	12060	1
6	4452	12060	0
6	4464	12090	0
6	4464	12090	0
6	4476	12120	0
6	4476	12120	0
6	4485	12142.066176200446	1
6	4488	12150	1
6	4488	12150	0
6	4494	12160	1
6	4496	12167.729248938591	2
6	4504	12180	2
6	4504	12180	2
6	4506	12190	3
6	4517	12210	3
6	4517	12210	0
6	4529	12240	0
6	4529	12240	0
6	4540	12270	0
6	4540	12270	0
6	4546	12290.393089423932	1
6	4551	12300	1
6	4551	12300	0
6	4566	12330	0
6	4566	12330	0
6	4577	12360	0
6	4577	12360	0
6	4591	12390	0
6	4591	12390	0
6	4605	12420	0
6	4605	12420	0
6	4615	12450	0
6	4615	12450	0
6	4627	12480	0
6	4627	12480	0
6	4639	12510	0
6	4639	12510	0
6	4643	12515.374714142152	1
6	4649	12540	1
6	4649	12540	0
6	4659	12570	0
6	4659	12570	0
6	4676	12600	0
6	4676	12600	0
6	4687	12630	0
6	4687	12630	0
6	4690	12640	1
6	4694	12660	1
6	4694	12660	1
6	4699	12672.645548174315	2
6	4708	12690	2
6	4708	12690	1
6	4710	12691.514408103614	2
6	4714	12703.267665740562	3
6	4716	12713.497787344061	4
6	4719	12720	4
6	4719	12720	3
6	4728	12750	3
6	4728	12750	1
6	4732	12760	2
6	4736	12780	2
6	4736	12780	1
6	4747	12810	1
6	4747	12810	0
6	4750	12820	1
6	4756	12840	1
6	4756	12840	0
6	4764	12852.306698333306	1
6	4773	12870	1
6	4773	12870	1
6	4783	12900	1
6	4783	12900	0
6	4793	12930	0
6	4793	12930	0
6	4804	12960	0
6	4804	12960	0
6	4807	12964.698304250146	1
6	4815	12987.998846930666	2
6	4818	12990	2
6	4818	12990	0
6	4821	13002.991105134261	1
6	4825	13020	1
6	4825	13020	0
6	4833	13050	0
6	4833	13050	0
6	4844	13080	0
6	4844	13080	0
6	4846	13085.656412553788	1
6	4857	13110	1
6	4857	13110	1
6	4863	13120	2
6	4866	13140	2
6	4866	13140	1
6	4875	13170	1
6	4875	13170	0
6	4878	13180	1
6	4883	13195.689922835697	2
6	4884	13196.214557453192	3
6	4888	13200	3
6	4888	13200	2
6	4897	13230	2
6	4897	13230	2
6	4902	13242.060227939337	3
6	4909	13260	3
6	4909	13260	0
6	4919	13290	0
6	4919	13290	0
6	4921	13290.105240910418	1
6	4923	13300	2
6	4931	13320	2
6	4931	13320	1
6	4936	13344.898041169472	2
6	4941	13350	2
6	4941	13350	1
6	4943	13358.117429181233	2
6	4949	13360	3
6	4958	13380	3
6	4958	13380	1
6	4966	13410	1
6	4966	13410	0
6	4969	13419.462441795464	1
6	4971	13420	2
6	4977	13440	2
6	4977	13440	1
6	4987	13465.628448717113	2
6	4988	13467.935114895341	3
6	4991	13470	3
6	4991	13470	1
6	5006	13500	1
6	5006	13500	0
6	5010	13510	1
6	5011	13510	2
6	5018	13530	2
6	5018	13530	0
6	5027	13560	0
6	5027	13560	0
6	5037	13590	0
6	5037	13590	0
6	5048	13600	1
6	5055	13620	1
6	5055	13620	1
6	5065	13650	1
6	5065	13650	0
6	5068	13658.557049802235	1
6	5076	13680	1
6	5076	13680	1
6	5083	13695.581875421582	2
6	5091	13710	2
6	5091	13710	0
6	5098	13721.407223533173	1
6	5108	13740	1
6	5108	13740	1
6	5118	13770	1
6	5118	13770	0
6	5131	13800	0
6	5131	13800	0
6	5133	13801.252939007973	1
6	5149	13830	1
6	5149	13830	0
6	5158	13860	0
6	5158	13860	0
6	5172	13890	0
6	5172	13890	0
6	5188	13920	0
6	5188	13920	0
6	5199	13950	0
6	5199	13950	0
6	5203	13960	1
6	5204	13960	2
6	5213	13980	2
6	5213	13980	2
6	5216	13990	3
6	5226	14010	3
6	5226	14010	0
6	5228	14011.520037430012	1
6	5234	14040	1
6	5234	14040	1
6	5242	14070	1
6	5242	14070	0
6	5248	14080	1
6	5259	14100	1
6	5259	14100	1
6	5269	14126.552667261832	2
6	5274	14130	2
6	5274	14130	0
6	5286	14160	0
6	5286	14160	0
6	5292	14179.522939733869	1
6	5297	14190	1
6	5297	14190	1
6	5307	14220	1
6	5307	14220	0
6	5317	14234.797955743511	1
6	5321	14250	1
6	5321	14250	1
6	5325	14260	2
6	5334	14280	2
6	5334	14280	1
6	5343	14310	1
6	5343	14310	0
6	5348	14320	1
6	5349	14320	2
6	5353	14328.781173708351	3
6	5359	14340	3
6	5359	14340	3
6	5367	14370	3
6	5367	14370	0
6	5379	14400	0
6	5379	14400	0
6	5391	14430	0
6	5391	14430	0
6	5397	14457.50755159818	1
6	5400	14460	1
6	5400	14460	1
6	5407	14470	2
6	5413	14490	2
6	5413	14490	0
6	5415	14491.101619560146	1
6	5424	14520	1
6	5424	14520	1
6	5433	14550	1
6	5433	14550	1
6	5444	14570.218076424622	2
6	5447	14580	2
6	5447	14580	1
6	5455	14610	1
6	5455	14610	0
6	5461	14640	0
6	5461	14640	0
6	5468	14657.405991363705	1
6	5469	14662.074219963391	2
6	5474	14670	2
6	5474	14670	1
6	5484	14700	1
6	5484	14700	0
6	5488	14710	1
6	5492	14730	1
6	5492	14730	0
6	5496	14743.250949345175	1
6	5501	14760	1
6	5501	14760	1
6	5510	14773.45866292443	2
6	5511	14776.953728142517	3
6	5516	14790	3
6	5516	14790	2
6	5522	14820	2
6	5522	14820	0
6	5535	14850	0
6	5535	14850	0
6	5540	14861.239811738562	1
6	5542	14863.337304578485	2
6	5548	14880	2
6	5548	14880	2
6	5559	14910	2
6	5559	14910	2
6	5572	14940	2
6	5572	14940	0
6	5583	14970	0
6	5583	14970	0
6	5594	15000	0
6	5594	15000	0
6	5607	15030	0
6	5607	15030	0
6	5620	15060	0
6	5620	15060	0
6	5633	15090	0
6	5633	15090	0
6	5647	15120	0
6	5647	15120	0
6	5658	15140.96570822346	1
6	5659	15146.401535831641	2
6	5663	15150	2
6	5663	15150	2
6	5671	15166.951908386202	3
6	5677	15180	3
6	5677	15180	0
6	5680	15190	1
6	5681	15190	2
6	5688	15210	2
6	5688	15210	0
6	5703	15240	0
6	5703	15240	0
6	5705	15248.430391030745	1
6	5711	15270	1
6	5711	15270	1
6	5713	15272.32728577956	2
6	5725	15300	2
6	5725	15300	1
6	5738	15330	1
6	5738	15330	1
6	5744	15340	2
6	5750	15360	2
6	5750	15360	0
6	5760	15390	0
6	5760	15390	0
6	5763	15396.625116057717	1
6	5773	15420	1
6	5773	15420	0
6	5778	15426.16049629662	1
6	5785	15450	1
6	5785	15450	0
6	5801	15480	0
6	5801	15480	0
6	5805	15501.567888261717	1
6	5809	15510	1
6	5809	15510	0
6	5814	15523.183879515283	1
6	5823	15540	1
6	5823	15540	1
6	5825	15544.18772048162	2
6	5829	15550	3
6	5835	15570	3
6	5835	15570	0
6	5838	15575.449321860425	1
6	5848	15600	1
6	5848	15600	1
6	5859	15630	1
6	5859	15630	0
6	5870	15660	0
6	5870	15660	0
6	5878	15679.694603155792	1
6	5883	15690	1
6	5883	15690	0
6	5891	15720	0
6	5891	15720	0
6	5901	15747.643576385024	1
6	5904	15750	1
6	5904	15750	1
6	5906	15757.892288830168	2
6	5908	15760	3
6	5913	15780	3
6	5913	15780	1
6	5915	15789.041649280762	2
6	5917	15790	3
6	5922	15810	3
6	5922	15810	1
6	5929	15820	2
6	5937	15840	2
6	5937	15840	1
6	5943	15870	1
6	5943	15870	0
6	5949	15880	1
6	5953	15900	1
6	5953	15900	1
6	5963	15930	1
6	5963	15930	0
6	5977	15960	0
6	5977	15960	0
6	5986	15990	0
6	5986	15990	0
6	5998	16020	0
6	5998	16020	0
6	6005	16050	0
6	6005	16050	0
6	6015	16080	0
6	6015	16080	0
6	6024	16110	0
6	6024	16110	0
6	6026	16116.572411712828	1
6	6039	16140	1
6	6039	16140	0
6	6048	16170	0
6	6048	16170	0
6	6054	16200	0
6	6054	16200	0
6	6062	16226.381730581557	1
6	6066	16230	1
6	6066	16230	0
6	6072	16240	1
6	6077	16260	1
6	6077	16260	1
6	6087	16290	1
6	6087	16290	0
6	6095	16320	0
6	6095	16320	0
6	6097	16322.241632759985	1
6	6108	16350	1
6	6108	16350	0
6	6113	16360	1
6	6117	16380	1
6	6117	16380	1
6	6129	16410	1
6	6129	16410	0
6	6142	16440	0
6	6142	16440	0
6	6154	16470	0
6	6154	16470	0
6	6162	16500	0
6	6162	16500	0
6	6164	16503.254854466291	1
6	6170	16515.083092857938	2
6	6178	16530	2
6	6178	16530	2
6	6189	16560	2
6	6189	16560	2
6	6198	16590	2
6	6198	16590	0
6	6203	16600	1
6	6210	16620	1
6	6210	16620	1
6	6226	16650	1
6	6226	16650	0
6	6233	16680	0
6	6233	16680	0
6	6239	16704.728793666121	1
6	6243	16710	1
6	6243	16710	0
6	6248	16720	1
6	6252	16727.422484088889	2
6	6254	16730.109842971048	3
6	6259	16740	3
6	6259	16740	3
6	6264	16750	4
6	6270	16770	4
6	6270	16770	0
6	6276	16780	1
6	6281	16800	1
6	6281	16800	0
6	6292	16830	0
6	6292	16830	0
6	6297	16840	1
6	6304	16860	1
6	6304	16860	1
6	6312	16870	2
6	6313	16870	3
6	6321	16890	3
6	6321	16890	0
6	6332	16920	0
6	6332	16920	0
6	6341	16946.437673454985	1
6	6344	16950	1
6	6344	16950	1
6	6357	16980	1
6	6357	16980	0
6	6364	16990	1
6	6371	17010	1
6	6371	17010	0
6	6384	17040	0
6	6384	17040	0
6	6392	17070	0
6	6392	17070	0
6	6403	17100	0
6	6403	17100	0
6	6412	17130	0
6	6412	17130	0
6	6424	17160	0
6	6424	17160	0
6	6430	17190	0
6	6430	17190	0
6	6437	17220	0
6	6437	17220	0
6	6441	17230	1
6	6445	17250	1
6	6445	17250	0
6	6447	17255.654720609148	1
6	6458	17280	1
6	6458	17280	1
6	6467	17310	1
6	6467	17310	1
6	6471	17320	2
6	6477	17340	2
6	6477	17340	1
6	6486	17370	1
6	6486	17370	0
6	6496	17400	0
6	6496	17400	0
6	6498	17409.340705733986	1
6	6506	17430	1
6	6506	17430	1
6	6514	17460	1
6	6514	17460	0
6	6519	17470	1
6	6520	17470	2
6	6528	17490	2
6	6528	17490	0
6	6535	17520	0
6	6535	17520	0
6	6543	17550	0
6	6543	17550	0
6	6556	17580	0
6	6556	17580	0
6	6562	17590	1
6	6563	17590	2
6	6565	17594.847734729094	3
6	6569	17610	3
6	6569	17610	0
6	6576	17640	0
6	6576	17640	0
6	6590	17670	0
6	6590	17670	0
6	6598	17694.128991960081	1
6	6601	17700	1
6	6601	17700	0
6	6612	17730	0
6	6612	17730	0
6	6629	17760	0
6	6629	17760	0
6	6632	17764.457718395226	1
6	6635	17781.248250803519	2
6	6639	17790	2
6	6639	17790	0
6	6649	17812.973243267038	1
6	6652	17820	1
6	6652	17820	1
6	6655	17830	2
6	6657	17837.033513462732	3
6	6660	17844.977014783238	4
6	6665	17850	4
6	6665	17850	2
6	6668	17851.288382233074	3
6	6674	17874.111221622454	4
6	6678	17880	4
6	6678	17880	3
6	6680	17885.315163607821	4
6	6686	17895.598717430587	5
6	6691	17910	5
6	6691	17910	2
6	6695	17920	3
6	6699	17940	3
6	6699	17940	1
6	6712	17970	1
6	6712	17970	0
6	6723	17991.360967236372	1
6	6726	18000	1
6	6726	18000	1
6	6738	18030	1
6	6738	18030	0
6	6749	18060	0
6	6749	18060	0
6	6764	18090	0
6	6764	18090	0
6	6774	18120	0
6	6774	18120	0
6	6781	18150	0
6	6781	18150	0
6	6789	18179.972634559896	1
6	6792	18180	1
6	6792	18180	1
6	6800	18210	1
6	6800	18210	0
6	6805	18220	1
6	6812	18240	1
6	6812	18240	0
6	6822	18270	0
6	6822	18270	0
6	6829	18300	0
6	6829	18300	0
6	6840	18330	0
6	6840	18330	0
6	6843	18340	1
6	6848	18360	1
6	6848	18360	0
6	6850	18364.116502220814	1
6	6858	18390	1
6	6858	18390	1
6	6860	18394.933261432448	2
6	6861	18400	3
6	6863	18407.573886571049	4
6	6868	18420	4
6	6868	18420	1
6	6877	18450	1
6	6877	18450	0
6	6888	18480	0
6	6888	18480	0
6	6897	18510	0
6	6897	18510	0
6	6909	18540	0
6	6909	18540	0
6	6916	18570	0
6	6916	18570	0
6	6918	18572.575932435864	1
6	6925	18600	1
6	6925	18600	1
6	6935	18630	1
6	6935	18630	1
6	6941	18640	2
6	6946	18660	2
6	6946	18660	1
6	6948	18670	2
6	6953	18690	2
6	6953	18690	0
6	6961	18720	0
6	6961	18720	0
6	6976	18750	0
6	6976	18750	0
6	6986	18780	0
6	6986	18780	0
6	6997	18810	0
6	6997	18810	0
6	7001	18825.199419113117	1
6	7011	18840	1
6	7011	18840	1
6	7013	18843.054860674018	2
6	7023	18870	2
6	7023	18870	1
6	7026	18880	2
6	7027	18880.701698937538	3
6	7035	18900	3
6	7035	18900	1
6	7043	18930	1
6	7043	18930	0
6	7054	18960	0
6	7054	18960	0
6	7061	18990	0
6	7061	18990	0
6	7063	18993.855798259785	1
6	7067	19000	2
6	7076	19020	2
6	7076	19020	1
6	7081	19030	2
6	7082	19035.06152008081	3
6	7085	19050	3
6	7085	19050	0
6	7090	19060	1
6	7091	19060	2
6	7098	19080	2
6	7098	19080	0
6	7110	19110	0
6	7110	19110	0
6	7123	19140	0
6	7123	19140	0
6	7135	19170	0
6	7135	19170	0
6	7147	19200	0
6	7147	19200	0
6	7155	19215.821831807765	1
6	7165	19230	1
6	7165	19230	0
6	7172	19260	0
6	7172	19260	0
6	7178	19270	1
6	7184	19290	1
6	7184	19290	0
6	7192	19316.90780719259	1
6	7197	19320	1
6	7197	19320	1
6	7208	19350	1
6	7208	19350	1
6	7213	19380	1
6	7213	19380	0
6	7221	19410	0
6	7221	19410	0
6	7236	19440	0
6	7236	19440	0
6	7242	19464.305337411218	1
6	7245	19470	1
6	7245	19470	0
6	7255	19500	0
6	7255	19500	0
6	7259	19510	1
6	7260	19510.056372146132	2
6	7266	19530	2
6	7266	19530	1
6	7268	19534.499082401314	2
6	7269	19534.696000179184	3
6	7276	19560	3
6	7276	19560	3
6	7285	19590	3
6	7285	19590	1
6	7291	19600	2
6	7296	19620	2
6	7296	19620	1
6	7300	19630	2
6	7307	19650	2
6	7307	19650	0
6	7314	19680	0
6	7314	19680	0
6	7327	19710	0
6	7327	19710	0
6	7336	19740	0
6	7336	19740	0
6	7338	19747.181701744828	1
6	7344	19770	1
6	7344	19770	0
6	7351	19792.892875430565	1
6	7357	19800	1
6	7357	19800	1
6	7362	19819.974465348188	2
6	7368	19830	2
6	7368	19830	2
6	7372	19840	3
6	7379	19860	3
6	7379	19860	1
6	7383	19870	2
6	7387	19890	2
6	7387	19890	0
6	7389	19892.042915261432	1
6	7392	19900	2
6	7402	19920	2
6	7402	19920	1
6	7412	19950	1
6	7412	19950	1
6	7423	19980	1
6	7423	19980	0
7	376	1020	32.633192379801
7	385	1050	50
7	391	1060	0
7	405	1090	0
7	411	1110	0.959479996026
7	424	1140	13.971355452046
7	491	1334.069048558966	0
7	511	1404.531803803319	0
7	521	1420	0
7	530	1440	20
7	537	1450	0
7	575	1540	0
7	583	1560	13.609802391988
7	586	1563.515313103869	0
7	595	1590	24.600711364762
7	598	1596.16575102421	0
7	606	1620	48.918627452251
7	614	1650	46.17827675401
7	622	1660	0
7	631	1680	87.248594119965
7	660	1757.631612990743	0
7	665	1770	20
7	677	1780	0
7	683	1800	20
7	683	1800	20
7	696	1830	58.222763342421
7	696	1830	35.436212003925
7	714	1860	14.782098108728
7	716	1865.547899578313	0
7	720	1879.975784103332	0
7	768	1980	53.478546245587
7	782	2010	20
7	786	2020	0
7	822	2100	38.813172781523
7	839	2130	50
7	839	2130	20
7	851	2161.390903953944	0
7	874	2209.89353400424	0
7	878	2220	73.27069912419
7	878	2220	41.937729873175
7	889	2250	20
7	920	2340	48.880807271726
7	932	2370	7.837482256873
7	948	2430	85.814048669473
7	961	2460	34.398150093135
7	970	2490	50
7	970	2490	20
7	977	2503.873799223057	0
7	995	2561.509026705018	0
7	1016	2620	0
7	1017	2620	0
7	1045	2697.953293459863	0
7	1058	2730	20
7	1066	2740	0
7	1070	2760	20
7	1070	2760	20
7	1088	2820	82.479302759223
7	1097	2850	10.271761351791
7	1110	2890	0
7	1129	2940	66.295513260503
7	1129	2940	56.36374877317
7	1129	2940	36.44250308293
7	1149	3029.091174519822	0
7	1165	3060	58.230052101058
7	1172	3090	50
7	1188	3150	48.361191621587
7	1233	3286.341065782633	0
7	1249	3330	50
7	1249	3330	20
7	1249	3330	20
7	1249	3330	1.171561367936
7	1282	3420	7.27024336231
7	1295	3450	20
7	1316	3510	86.797324738184
7	1325	3540	78.578141987008
7	1335	3570	50
7	1335	3570	20
7	1340	3580	0
7	1344	3600	20
7	1355	3630	25.50980566112
7	1366	3660	53.739057100598
7	1378	3690	50
7	1378	3690	20
7	1388	3720	11.397938615837
7	1396	3750	88.128423616903
7	1398	3759.685774747068	0
7	1416	3810	50
7	1446	3900	50.810223967475
7	1446	3900	15.483747687231
7	1460	3960	20
7	1462	3967.500101846857	0
7	1509	4110	14.771497914878
7	1527	4180	0
7	1556	4260	64.587584255878
7	1573	4320	85.516797050549
7	1599	4382.695736246794	0
7	1606	4410	50
7	1606	4410	20
7	1628	4470	7.514989379544
7	1694	4632.123284918792	0
7	1700	4650	20
7	1700	4650	20
7	1724	4710	52.421248749048
7	1748	4770	50
7	1748	4770	44.163469839754
7	1748	4770	18.879903179452
7	1750	4780	0
7	1791	4890	50
7	1791	4890	20
7	1791	4890	20
7	1796	4900	0
7	1849	5040	20
7	1860	5070	89.492645210945
7	1866	5082.712211825389	0
7	1870	5100	88.238714737925
7	1870	5100	77.099612520718
7	1870	5100	39.989026999278
7	1878	5124.660671119574	0
7	1879	5126.298954476646	0
7	1882	5130	50
7	1882	5130	50
7	1882	5130	20
7	1882	5130	20
7	1919	5220	79.759060900731
7	1919	5220	74.437396277877
7	1919	5220	69.738692045708
7	1933	5250	48.29331197261
7	1960	5311.871029834319	0
7	1979	5368.826247413724	0
7	1982	5370	50
7	1991	5380	0
7	2029	5479.919371481712	0
7	2036	5490	50
7	2036	5490	50
7	2045	5520	20
7	2045	5520	20
7	2047	5524.405492093098	0
7	2058	5550	70.702546672802
7	2071	5580	44.563650354942
7	2082	5610	50
7	2082	5610	20
7	2117	5700	75.427628088118
7	2117	5700	49.264274257564
7	2119	5704.255318567024	0
7	2133	5737.20846511617	0
7	2143	5760	20
7	2150	5790	28.218301481591
7	2158	5819.721304768643	0
7	2164	5824.748084598374	0
7	2174	5850	20
7	2174	5850	3.222553461217
7	2182	5860	0
7	2186	5880	20
7	2195	5910	68.272425147132
7	2203	5936.436193377345	0
7	2207	5940	3.223809739032
7	2217	5970	47.986012102369
7	2229	6000	20
7	2253	6060	60.991372981272
7	2253	6060	0.866405473174
7	2280	6150	74.611900084839
7	2305	6210	50
7	2305	6210	20
7	2305	6210	20
7	2308	6213.664505853196	0
7	2329	6274.704233803853	0
7	2332	6291.45621563383	0
7	2337	6300	71.597548075353
7	2337	6300	28.009444474726
7	2337	6300	26.778105850485
7	2367	6390	31.22939999738
7	2388	6450	20
7	2394	6460	0
7	2396	6462.542074194687	0
7	2401	6480	20
7	2408	6508.294462293053	0
7	2419	6533.635865325419	0
7	2424	6540	0.334586607135
7	2450	6623.595930058954	0
7	2472	6690	20
7	2498	6780	68.570486807253
7	2528	6900	50.303404678516
7	2573	7060	0
7	2590	7110	64.947571593038
7	2597	7140	62.448003222785
7	2634	7260	84.068673035645
7	2634	7260	30.730300823672
7	2634	7260	20.877379117065
7	2685	7408.763029831969	0
7	2688	7410	50
7	2696	7420	0
7	2697	7420	0
7	2714	7470	35.630327523837
7	2719	7481.82289233223	0
7	2737	7530	50
7	2737	7530	50
7	2742	7540	0
7	2762	7595.492683201867	0
7	2771	7620	15.699306003503
7	2784	7654.700504577696	0
7	2788	7660	0
7	2825	7770	50
7	2836	7800	20
7	2866	7888.465839432539	0
7	2874	7900	0
7	2875	7900	0
7	2915	8010	16.023454639396
7	2927	8040	20
7	2942	8070	22.040826067578
7	2944	8072.971896684469	0
7	2962	8130	50
7	2962	8130	20
7	2968	8140	0
7	2977	8160	20
7	3001	8227.917403559882	0
7	3013	8250	50
7	3013	8250	20
7	3013	8250	0.016720986664
7	3032	8310	70.707401511612
7	3042	8340	38.108456094226
7	3061	8400	85.457932720139
7	3073	8430	32.905679124065
7	3098	8520	20
7	3109	8550	42.232954188278
7	3131	8610	33.335157907854
7	3161	8700	2.189394288574
7	3171	8730	20
7	3195	8820	54.521962484089
7	3195	8820	25.186741481207
7	3206	8850	50
7	3206	8850	20
7	3232	8940	19.324004213698
7	3275	9087.89419528728	0
7	3296	9130	0
7	3311	9180.906143008203	0
7	3316	9197.473360847575	0
7	3355	9303.322446163338	0
7	3363	9330	50
7	3365	9340	0
7	3397	9420	27.085631754854
7	3406	9450	50
7	3411	9460	0
7	3417	9480	20
7	3447	9570	50
7	3447	9570	20
7	3496	9700	0
7	3509	9730	0
7	3527	9780	49.646126016596
7	3537	9810	50
7	3570	9900	87.823592177518
7	3585	9930	33.280630765494
7	3585	9930	20
7	3588	9940	0
7	3589	9940	0
7	3604	9990	52.054108236365
7	3616	10014.953474754232	0
7	3620	10020	12.921616895646
7	3636	10050	38.138008654554
7	3636	10050	20
7	3636	10050	20
7	3665	10129.776500382698	0
7	3674	10140	87.650866921321
7	3674	10140	68.354778740554
7	3674	10140	68.061159657781
7	3687	10180	0
7	3734	10290	21.069232450168
7	3771	10380	78.983374623679
7	3773	10382.012664463874	0
7	3780	10410	19.439940558196
7	3791	10440	20
7	3791	10440	20
7	3814	10500	32.038767845722
7	3826	10530	50
7	3836	10570	0
7	3847	10590	9.14847405879
7	3873	10650	50
7	3873	10650	50
7	3880	10660	0
7	3887	10680	20
7	3918	10740	64.454517568426
7	3918	10740	17.937562356159
7	3934	10770	50
7	3934	10770	20
7	3938	10780	0
7	3958	10830	66.017195472611
7	3958	10830	49.91858097097
7	3985	10890	20
7	3985	10890	20
7	4025	11010	50
7	4025	11010	20
7	4025	11010	20
7	4028	11020	0
7	4031	11020	0
7	4045	11070	3.058418157276
7	4066	11130	50
7	4092	11220	11.337437313168
7	4100	11245.780240845614	0
7	4110	11260	0
7	4117	11280	20
7	4127	11310	49.760489404587
7	4170	11400	12.44199548706
7	4180	11430	72.78519231863
7	4197	11460	48.395223947326
7	4211	11490	50
7	4224	11520	20
7	4240	11550	77.963951733799
7	4240	11550	2.881372334552
7	4242	11559.160432016432	0
7	4251	11580	78.51408345941
7	4261	11610	50
7	4270	11620	0
7	4272	11622.726054218512	0
7	4315	11730	50
7	4315	11730	20
7	4324	11740	0
7	4326	11740	0
7	4333	11760	85.882938374322
7	4348	11795.654231291843	0
7	4368	11850	49.804891552271
7	4375	11860	0
7	4376	11860	0
7	4394	11910	36.565023866852
7	4404	11940	59.605153014619
7	4407	11945.661314516636	0
7	4417	11970	33.028186178069
7	4426	12000	20
7	4439	12030	20.755759670355
7	4452	12060	16.985418772858
7	4479	12127.232855383794	0
7	4488	12150	7.933823799554
7	4508	12191.199305050255	0
7	4509	12195.053457665465	0
7	4517	12210	50
7	4517	12210	42.270751061409
7	4517	12210	20
7	4551	12300	9.606910576068
7	4553	12303.641648968964	0
7	4600	12414.014423022086	0
7	4620	12460	0
7	4649	12540	24.625285857848
7	4662	12574.422013370548	0
7	4665	12580	0
7	4667	12580	0
7	4680	12610	0
7	4708	12690	50
7	4719	12720	16.732334259438
7	4728	12750	77.354451825685
7	4728	12750	58.485591896386
7	4736	12780	66.502212655939
7	4747	12810	50
7	4752	12820	0
7	4756	12840	20
7	4761	12850	0
7	4783	12900	47.693301666694
7	4818	12990	25.301695749854
7	4818	12990	2.001153069334
7	4825	13020	17.008894865739
7	4866	13140	54.343587446212
7	4869	13143.192040203191	0
7	4870	13149.555990627459	0
7	4875	13170	50
7	4879	13180	0
7	4880	13180	0
7	4888	13200	20
7	4909	13260	64.310077164303
7	4909	13260	63.785442546808
7	4909	13260	17.939772060663
7	4931	13320	20
7	4933	13330	0
7	4941	13350	5.101958830528
7	4958	13380	89.894759089582
7	4958	13380	21.882570818767
7	4966	13410	50
7	4977	13440	20
7	4980	13450	0
7	4981	13450	0
7	4991	13470	4.371551282887
7	4991	13470	2.064885104659
7	5006	13500	80.537558204536
7	5012	13517.648412487891	0
7	5015	13527.729531226531	0
7	5018	13530	20
7	5018	13530	20
7	5065	13650	50
7	5091	13710	51.442950197765
7	5091	13710	14.418124578418
7	5118	13770	48.592776466827
7	5123	13780	0
7	5138	13810	0
7	5149	13830	28.747060992027
7	5151	13830.775966479185	0
7	5178	13900	0
7	5226	14010	50
7	5226	14010	50
7	5226	14010	20
7	5229	14020	0
7	5242	14070	58.479962569988
7	5274	14130	50
7	5274	14130	3.447332738168
7	5307	14220	40.477060266131
7	5309	14223.767807035086	0
7	5310	14226.806437895734	0
7	5334	14280	20
7	5343	14310	75.202044256489
7	5367	14370	50
7	5367	14370	50
7	5367	14370	41.218826291649
7	5370	14372.008502750903	0
7	5383	14410	0
7	5402	14463.096375784972	0
7	5413	14490	32.49244840182
7	5413	14490	20
7	5447	14580	88.898380439854
7	5455	14610	39.781923575378
7	5458	14620	0
7	5474	14670	12.594008636295
7	5484	14700	37.925780036609
7	5492	14730	20
7	5516	14790	16.54133707557
7	5522	14820	76.749050654825
7	5522	14820	43.046271857483
7	5572	14940	78.760188261438
7	5572	14940	76.662695421515
7	5600	15010	0
7	5677	15180	39.03429177654
7	5677	15180	33.598464168359
7	5677	15180	13.048091613798
7	5682	15198.761412978501	0
7	5688	15210	20
7	5688	15210	20
7	5725	15300	51.569608969255
7	5727	15305.524407243719	0
7	5732	15321.912486288226	0
7	5750	15360	87.67271422044
7	5750	15360	20
7	5754	15370	0
7	5773	15420	23.374883942283
7	5785	15450	23.83950370338
7	5789	15460	0
7	5791	15460	0
7	5803	15490	0
7	5804	15495.698524467971	0
7	5809	15510	8.432111738283
7	5835	15570	46.816120484717
7	5835	15570	25.81227951838
7	5835	15570	20
7	5859	15630	54.550678139575
7	5883	15690	10.305396844208
7	5897	15730.173110807121	0
7	5913	15780	32.356423614976
7	5913	15780	22.107711169832
7	5922	15810	50
7	5922	15810	20
7	5930	15826.114278374356	0
7	5937	15840	20
7	5943	15870	80.958350719238
7	5963	15930	50
7	5970	15940	0
7	5995	16019.623008582558	0
7	6039	16140	23.427588287172
7	6066	16230	3.618269418443
7	6087	16290	50
7	6108	16350	27.758367240015
7	6129	16410	50
7	6198	16590	86.745145533709
7	6198	16590	74.916907142062
7	6226	16650	50
7	6229	16660	0
7	6230	16660	0
7	6243	16710	5.271206333879
7	6247	16717.434254532698	0
7	6256	16733.658734179369	0
7	6270	16770	50
7	6270	16770	42.577515911111
7	6270	16770	39.890157028952
7	6270	16770	20
7	6281	16800	20
7	6321	16890	50
7	6321	16890	20
7	6321	16890	20
7	6325	16900	0
7	6326	16900	0
7	6357	16980	33.562326545015
7	6360	16983.130304652578	0
7	6371	17010	20
7	6386	17040.291832604125	0
7	6426	17170	0
7	6445	17250	20
7	6452	17260	0
7	6477	17340	84.345279390852
7	6486	17370	50
7	6489	17380	0
7	6491	17380	0
7	6492	17380	0
7	6511	17458.228218838821	0
7	6514	17460	50.659294266014
7	6528	17490	20
7	6528	17490	20
7	6566	17609.999723575607	0
7	6569	17610	20
7	6569	17610	20
7	6569	17610	15.152265270906
7	6572	17620	0
7	6601	17700	5.871008039919
7	6639	17790	25.542281604774
7	6639	17790	8.751749196481
7	6665	17850	37.026756732962
7	6665	17850	20
7	6672	17860	0
7	6678	17880	5.888778377546
7	6691	17910	72.966486537268
7	6691	17910	65.022985216762
7	6691	17910	58.711617766926
7	6699	17940	54.684836392179
7	6699	17940	44.401282569413
7	6703	17948.291982896195	0
7	6712	17970	50
7	6719	17980	0
7	6728	18010	0
7	6729	18010	0
7	6738	18030	38.639032763628
7	6800	18210	30.027365440104
7	6807	18220	0
7	6808	18220	0
7	6812	18240	20
7	6834	18318.184382587139	0
7	6848	18360	20
7	6854	18373.213167764613	0
7	6868	18420	55.883497779186
7	6868	18420	25.066738567552
7	6868	18420	12.426113428951
7	6877	18450	50
7	6911	18543.243296318631	0
7	6920	18580	0
7	6946	18660	87.424067564136
7	6953	18690	50
7	6953	18690	20
7	6955	18703.377301421276	0
7	6968	18730	0
7	7023	18870	44.800580886883
7	7035	18900	56.945139325982
7	7035	18900	19.298301062462
7	7043	18930	50
7	7068	19000.053426564108	0
7	7076	19020	26.144201740215
7	7085	19050	50
7	7085	19050	20
7	7085	19050	14.93847991919
7	7092	19060	0
7	7093	19060	0
7	7098	19080	20
7	7098	19080	20
7	7131	19160.413808818468	0
7	7165	19230	14.178168192235
7	7184	19290	20
7	7201	19330	0
7	7213	19380	63.09219280741
7	7229	19420	0
7	7245	19470	5.694662588782
7	7266	19530	20
7	7270	19540	0
7	7285	19590	79.943627853868
7	7285	19590	55.303999820816
7	7296	19620	85.500917598686
7	7307	19650	50
7	7307	19650	20
7	7341	19763.365318957	0
7	7344	19770	22.818298255172
7	7346	19772.17874142655	0
7	7379	19860	67.107124569435
7	7379	19860	40.025534651812
7	7387	19890	50
7	7387	19890	20
7	7390	19899.229687180334	0
7	7394	19900	0
7	7395	19900	0
7	7402	19920	20
7	7423	19980	87.957084738568
8	376	1020	50273
8	385	1050	50264
8	391	1060	50265
8	405	1090	50274
8	411	1110	50276
8	424	1140	50278
8	491	1334.069048558966	50287
8	511	1404.531803803319	50292
8	521	1420	50280
8	530	1440	50288
8	537	1450	50290
8	575	1540	50285
8	583	1560	50297
8	586	1563.515313103869	50298
8	595	1590	50308
8	598	1596.16575102421	50311
8	606	1620	50310
8	614	1650	50301
8	622	1660	50294
8	631	1680	50300
8	660	1757.631612990743	50316
8	665	1770	50313
8	677	1780	50309
8	683	1800	50314
8	683	1800	50315
8	696	1830	50317
8	696	1830	50319
8	714	1860	50325
8	716	1865.547899578313	50328
8	720	1879.975784103332	50329
8	768	1980	50336
8	782	2010	50323
8	786	2020	50318
8	822	2100	50347
8	839	2130	50335
8	839	2130	50344
8	851	2161.390903953944	50348
8	874	2209.89353400424	50356
8	878	2220	50352
8	878	2220	50354
8	889	2250	50346
8	920	2340	50360
8	932	2370	50359
8	948	2430	50364
8	961	2460	50369
8	970	2490	50361
8	970	2490	50366
8	977	2503.873799223057	50362
8	995	2561.509026705018	50373
8	1016	2620	50363
8	1017	2620	50365
8	1045	2697.953293459863	50382
8	1058	2730	50376
8	1066	2740	50371
8	1070	2760	50375
8	1070	2760	50379
8	1088	2820	50385
8	1097	2850	50386
8	1110	2890	50383
8	1129	2940	50389
8	1129	2940	50390
8	1129	2940	50392
8	1149	3029.091174519822	50393
8	1165	3060	50395
8	1172	3090	50391
8	1188	3150	50399
8	1233	3286.341065782633	50407
8	1249	3330	50401
8	1249	3330	50400
8	1249	3330	50402
8	1249	3330	50404
8	1282	3420	50416
8	1295	3450	50408
8	1316	3510	50417
8	1325	3540	50420
8	1335	3570	50413
8	1335	3570	50415
8	1340	3580	50409
8	1344	3600	50418
8	1355	3630	50426
8	1366	3660	50427
8	1378	3690	50421
8	1378	3690	50422
8	1388	3720	50428
8	1396	3750	50430
8	1398	3759.685774747068	50433
8	1416	3810	50425
8	1446	3900	50436
8	1446	3900	50439
8	1460	3960	50434
8	1462	3967.500101846857	50437
8	1509	4110	50447
8	1527	4180	50441
8	1556	4260	50452
8	1573	4320	50450
8	1599	4382.695736246794	50461
8	1606	4410	50454
8	1606	4410	50453
8	1628	4470	50465
8	1694	4632.123284918792	50478
8	1700	4650	50464
8	1700	4650	50472
8	1724	4710	50480
8	1748	4770	50475
8	1748	4770	50477
8	1748	4770	50479
8	1750	4780	50469
8	1791	4890	50481
8	1791	4890	50485
8	1791	4890	50487
8	1796	4900	50482
8	1849	5040	50491
8	1860	5070	50499
8	1866	5082.712211825389	50507
8	1870	5100	50501
8	1870	5100	50503
8	1870	5100	50506
8	1878	5124.660671119574	50511
8	1879	5126.298954476646	50512
8	1882	5130	50493
8	1882	5130	50494
8	1882	5130	50497
8	1882	5130	50498
8	1919	5220	50513
8	1919	5220	50514
8	1919	5220	50515
8	1933	5250	50509
8	1960	5311.871029834319	50523
8	1979	5368.826247413724	50527
8	1982	5370	50517
8	1991	5380	50510
8	2029	5479.919371481712	50535
8	2036	5490	50520
8	2036	5490	50522
8	2045	5520	50525
8	2045	5520	50526
8	2047	5524.405492093098	50531
8	2058	5550	50534
8	2071	5580	50538
8	2082	5610	50528
8	2082	5610	50536
8	2117	5700	50542
8	2117	5700	50545
8	2119	5704.255318567024	50549
8	2133	5737.20846511617	50543
8	2143	5760	50540
8	2150	5790	50553
8	2158	5819.721304768643	50554
8	2164	5824.748084598374	50556
8	2174	5850	50548
8	2174	5850	50551
8	2182	5860	50539
8	2186	5880	50547
8	2195	5910	50558
8	2203	5936.436193377345	50560
8	2207	5940	50561
8	2217	5970	50555
8	2229	6000	50557
8	2253	6060	50564
8	2253	6060	50566
8	2280	6150	50569
8	2305	6210	50563
8	2305	6210	50565
8	2305	6210	50568
8	2308	6213.664505853196	50570
8	2329	6274.704233803853	50580
8	2332	6291.45621563383	50581
8	2337	6300	50575
8	2337	6300	50578
8	2337	6300	50579
8	2367	6390	50585
8	2388	6450	50584
8	2394	6460	50576
8	2396	6462.542074194687	50577
8	2401	6480	50582
8	2408	6508.294462293053	50587
8	2419	6533.635865325419	50590
8	2424	6540	50591
8	2450	6623.595930058954	50589
8	2472	6690	50594
8	2498	6780	50599
8	2528	6900	50603
8	2573	7060	50601
8	2590	7110	50608
8	2597	7140	50612
8	2634	7260	50618
8	2634	7260	50619
8	2634	7260	50620
8	2685	7408.763029831969	50630
8	2688	7410	50621
8	2696	7420	50613
8	2697	7420	50617
8	2714	7470	50633
8	2719	7481.82289233223	50635
8	2737	7530	50626
8	2737	7530	50627
8	2742	7540	50624
8	2762	7595.492683201867	50643
8	2771	7620	50644
8	2784	7654.700504577696	50641
8	2788	7660	50629
8	2825	7770	50638
8	2836	7800	50646
8	2866	7888.465839432539	50656
8	2874	7900	50645
8	2875	7900	50647
8	2915	8010	50658
8	2927	8040	50655
8	2942	8070	50670
8	2944	8072.971896684469	50674
8	2962	8130	50663
8	2962	8130	50662
8	2968	8140	50660
8	2977	8160	50665
8	3001	8227.917403559882	50681
8	3013	8250	50669
8	3013	8250	50673
8	3013	8250	50676
8	3032	8310	50683
8	3042	8340	50685
8	3061	8400	50678
8	3073	8430	50688
8	3098	8520	50686
8	3109	8550	50694
8	3131	8610	50693
8	3161	8700	50701
8	3171	8730	50696
8	3195	8820	50705
8	3195	8820	50706
8	3206	8850	50700
8	3206	8850	50698
8	3232	8940	50711
8	3275	9087.89419528728	50715
8	3296	9130	50712
8	3311	9180.906143008203	50724
8	3316	9197.473360847575	50726
8	3355	9303.322446163338	50731
8	3363	9330	50721
8	3365	9340	50717
8	3397	9420	50736
8	3406	9450	50727
8	3411	9460	50725
8	3417	9480	50729
8	3447	9570	50735
8	3447	9570	50738
8	3496	9700	50741
8	3509	9730	50746
8	3527	9780	50755
8	3537	9810	50747
8	3570	9900	50759
8	3585	9930	50757
8	3585	9930	50758
8	3588	9940	50752
8	3589	9940	50753
8	3604	9990	50765
8	3616	10014.953474754232	50771
8	3620	10020	50768
8	3636	10050	50763
8	3636	10050	50760
8	3636	10050	50762
8	3665	10129.776500382698	50782
8	3674	10140	50774
8	3674	10140	50776
8	3674	10140	50777
8	3687	10180	50761
8	3734	10290	50784
8	3771	10380	50791
8	3773	10382.012664463874	50795
8	3780	10410	50790
8	3791	10440	50788
8	3791	10440	50789
8	3814	10500	50800
8	3826	10530	50792
8	3836	10570	50796
8	3847	10590	50807
8	3873	10650	50798
8	3873	10650	50799
8	3880	10660	50793
8	3887	10680	50803
8	3918	10740	50814
8	3918	10740	50818
8	3934	10770	50806
8	3934	10770	50813
8	3938	10780	50805
8	3958	10830	50825
8	3958	10830	50826
8	3985	10890	50817
8	3985	10890	50821
8	4025	11010	50833
8	4025	11010	50830
8	4025	11010	50831
8	4028	11020	50822
8	4031	11020	50824
8	4045	11070	50838
8	4066	11130	50834
8	4092	11220	50842
8	4100	11245.780240845614	50843
8	4110	11260	50835
8	4117	11280	50841
8	4127	11310	50846
8	4170	11400	50848
8	4180	11430	50854
8	4197	11460	50858
8	4211	11490	50847
8	4224	11520	50856
8	4240	11550	50868
8	4240	11550	50876
8	4242	11559.160432016432	50877
8	4251	11580	50871
8	4261	11610	50855
8	4270	11620	50849
8	4272	11622.726054218512	50860
8	4315	11730	50873
8	4315	11730	50874
8	4324	11740	50870
8	4326	11740	50866
8	4333	11760	50880
8	4348	11795.654231291843	50887
8	4368	11850	50885
8	4375	11860	50882
8	4376	11860	50883
8	4394	11910	50894
8	4404	11940	50895
8	4407	11945.661314516636	50896
8	4417	11970	50890
8	4426	12000	50893
8	4439	12030	50899
8	4452	12060	50904
8	4479	12127.232855383794	50902
8	4488	12150	50910
8	4508	12191.199305050255	50915
8	4509	12195.053457665465	50916
8	4517	12210	50905
8	4517	12210	50906
8	4517	12210	50901
8	4551	12300	50921
8	4553	12303.641648968964	50922
8	4600	12414.014423022086	50928
8	4620	12460	50914
8	4649	12540	50934
8	4662	12574.422013370548	50932
8	4665	12580	50923
8	4667	12580	50924
8	4680	12610	50931
8	4708	12690	50933
8	4719	12720	50940
8	4728	12750	50946
8	4728	12750	50948
8	4736	12780	50949
8	4747	12810	50939
8	4752	12820	50935
8	4756	12840	50947
8	4761	12850	50945
8	4783	12900	50954
8	4818	12990	50961
8	4818	12990	50963
8	4825	13020	50964
8	4866	13140	50966
8	4869	13143.192040203191	50967
8	4870	13149.555990627459	50968
8	4875	13170	50960
8	4879	13180	50959
8	4880	13180	50957
8	4888	13200	50965
8	4909	13260	50970
8	4909	13260	50971
8	4909	13260	50975
8	4931	13320	50972
8	4933	13330	50973
8	4941	13350	50982
8	4958	13380	50978
8	4958	13380	50983
8	4966	13410	50969
8	4977	13440	50977
8	4980	13450	50979
8	4981	13450	50980
8	4991	13470	50988
8	4991	13470	50989
8	5006	13500	50986
8	5012	13517.648412487891	50994
8	5015	13527.729531226531	50995
8	5018	13530	50981
8	5018	13530	50984
8	5065	13650	50987
8	5091	13710	51002
8	5091	13710	51007
8	5118	13770	51000
8	5123	13780	50993
8	5138	13810	51005
8	5149	13830	51012
8	5151	13830.775966479185	51017
8	5178	13900	51001
8	5226	14010	51014
8	5226	14010	51018
8	5226	14010	51016
8	5229	14020	51013
8	5242	14070	51031
8	5274	14130	51022
8	5274	14130	51032
8	5307	14220	51038
8	5309	14223.767807035086	51042
8	5310	14226.806437895734	51043
8	5334	14280	51035
8	5343	14310	51046
8	5367	14370	51039
8	5367	14370	51040
8	5367	14370	51044
8	5370	14372.008502750903	51048
8	5383	14410	51045
8	5402	14463.096375784972	51057
8	5413	14490	51050
8	5413	14490	51049
8	5447	14580	51059
8	5455	14610	51058
8	5458	14620	51052
8	5474	14670	51064
8	5484	14700	51065
8	5492	14730	51062
8	5516	14790	51071
8	5522	14820	51068
8	5522	14820	51072
8	5572	14940	51075
8	5572	14940	51076
8	5600	15010	51078
8	5677	15180	51095
8	5677	15180	51096
8	5677	15180	51100
8	5682	15198.761412978501	51103
8	5688	15210	51090
8	5688	15210	51091
8	5725	15300	51107
8	5727	15305.524407243719	51109
8	5732	15321.912486288226	51110
8	5750	15360	51102
8	5750	15360	51106
8	5754	15370	51104
8	5773	15420	51116
8	5785	15450	51112
8	5789	15460	51099
8	5791	15460	51105
8	5803	15490	51113
8	5804	15495.698524467971	51115
8	5809	15510	51120
8	5835	15570	51117
8	5835	15570	51119
8	5835	15570	51118
8	5859	15630	51123
8	5883	15690	51125
8	5897	15730.173110807121	51129
8	5913	15780	51138
8	5913	15780	51139
8	5922	15810	51124
8	5922	15810	51133
8	5930	15826.114278374356	51127
8	5937	15840	51134
8	5943	15870	51140
8	5963	15930	51136
8	5970	15940	51132
8	5995	16019.623008582558	51147
8	6039	16140	51152
8	6066	16230	51159
8	6087	16290	51151
8	6108	16350	51165
8	6129	16410	51157
8	6198	16590	51173
8	6198	16590	51176
8	6226	16650	51171
8	6229	16660	51169
8	6230	16660	51168
8	6243	16710	51187
8	6247	16717.434254532698	51190
8	6256	16733.658734179369	51194
8	6270	16770	51178
8	6270	16770	51183
8	6270	16770	51185
8	6270	16770	51179
8	6281	16800	51184
8	6321	16890	51192
8	6321	16890	51189
8	6321	16890	51191
8	6325	16900	51180
8	6326	16900	51182
8	6357	16980	51205
8	6360	16983.130304652578	51206
8	6371	17010	51198
8	6386	17040.291832604125	51203
8	6426	17170	51211
8	6445	17250	51212
8	6452	17260	51210
8	6477	17340	51219
8	6486	17370	51218
8	6489	17380	51213
8	6491	17380	51214
8	6492	17380	51217
8	6511	17458.228218838821	51230
8	6514	17460	51224
8	6528	17490	51220
8	6528	17490	51221
8	6566	17609.999723575607	51236
8	6569	17610	51226
8	6569	17610	51227
8	6569	17610	51232
8	6572	17620	51222
8	6601	17700	51241
8	6639	17790	51247
8	6639	17790	51249
8	6665	17850	51242
8	6665	17850	51237
8	6672	17860	51235
8	6678	17880	51248
8	6691	17910	51251
8	6691	17910	51253
8	6691	17910	51255
8	6699	17940	51256
8	6699	17940	51258
8	6703	17948.291982896195	51262
8	6712	17970	51244
8	6719	17980	51246
8	6728	18010	51250
8	6729	18010	51260
8	6738	18030	51265
8	6800	18210	51269
8	6807	18220	51263
8	6808	18220	51264
8	6812	18240	51270
8	6834	18318.184382587139	51278
8	6848	18360	51272
8	6854	18373.213167764613	51275
8	6868	18420	51279
8	6868	18420	51281
8	6868	18420	51282
8	6877	18450	51276
8	6911	18543.243296318631	51290
8	6920	18580	51277
8	6946	18660	51291
8	6953	18690	51289
8	6953	18690	51287
8	6955	18703.377301421276	51285
8	6968	18730	51293
8	7023	18870	51299
8	7035	18900	51303
8	7035	18900	51307
8	7043	18930	51295
8	7068	19000.053426564108	51315
8	7076	19020	51314
8	7085	19050	51298
8	7085	19050	51305
8	7085	19050	51311
8	7092	19060	51301
8	7093	19060	51302
8	7098	19080	51312
8	7098	19080	51313
8	7131	19160.413808818468	51322
8	7165	19230	51324
8	7184	19290	51319
8	7201	19330	51325
8	7213	19380	51335
8	7229	19420	51323
8	7245	19470	51341
8	7266	19530	51338
8	7270	19540	51329
8	7285	19590	51342
8	7285	19590	51344
8	7296	19620	51343
8	7307	19650	51339
8	7307	19650	51340
8	7341	19763.365318957	51354
8	7344	19770	51349
8	7346	19772.17874142655	51350
8	7379	19860	51355
8	7379	19860	51359
8	7387	19890	51351
8	7387	19890	51352
8	7390	19899.229687180334	51358
8	7394	19900	51345
8	7395	19900	51346
8	7402	19920	51356
8	7423	19980	51360
9	371	1009.404488878001	1
9	377	1020	1
9	377	1020	1
9	386	1050	1
9	386	1050	0
9	398	1080	0
9	398	1080	0
9	412	1110	0
9	412	1110	0
9	425	1140	0
9	425	1140	0
9	426	1149.099909171464	1
9	436	1170	1
9	436	1170	0
9	445	1200	0
9	445	1200	0
9	448	1210	1
9	456	1230	1
9	456	1230	0
9	457	1231.04023212109	1
9	469	1260	1
9	469	1260	0
9	470	1270	1
9	475	1290	1
9	475	1290	1
9	485	1320	1
9	485	1320	0
9	497	1350	0
9	497	1350	0
9	507	1380	0
9	507	1380	0
9	508	1390	1
9	517	1410	1
9	517	1410	1
9	531	1440	1
9	531	1440	0
9	548	1470	0
9	548	1470	0
9	557	1500	0
9	557	1500	0
9	561	1510	1
9	563	1517.378616597702	2
9	569	1530	2
9	569	1530	1
9	572	1540	2
9	573	1540	3
9	584	1560	3
9	584	1560	0
9	596	1590	0
9	596	1590	0
9	600	1596.620912517656	1
9	607	1620	1
9	607	1620	1
9	608	1630	2
9	615	1650	2
9	615	1650	1
9	617	1660	2
9	618	1660	3
9	623	1661.856709550905	4
9	626	1669.867137704492	5
9	632	1680	5
9	632	1680	0
9	636	1696.16575102421	1
9	643	1710	1
9	643	1710	0
9	651	1740	0
9	651	1740	0
9	666	1770	0
9	666	1770	0
9	684	1800	0
9	684	1800	0
9	685	1801.479922203896	1
9	697	1830	1
9	697	1830	1
9	702	1840.816257188284	2
9	703	1840.894333977994	3
9	704	1841.184410478559	4
9	715	1860	4
9	715	1860	2
9	719	1872.175424630042	3
9	730	1890	3
9	730	1890	1
9	738	1917.485289292363	2
9	742	1920	2
9	742	1920	1
9	751	1950	1
9	751	1950	1
9	755	1952.925973598853	2
9	769	1980	2
9	769	1980	0
9	771	1983.691723841892	1
9	773	1988.73311168318	2
9	783	2010	2
9	783	2010	0
9	791	2040	0
9	791	2040	0
9	798	2052.217435517887	1
9	806	2070	1
9	806	2070	1
9	823	2100	1
9	823	2100	1
9	840	2130	1
9	840	2130	0
9	850	2160	0
9	850	2160	0
9	866	2190	0
9	866	2190	0
9	879	2220	0
9	879	2220	0
9	880	2223.463626112362	1
9	884	2237.657999529195	2
9	890	2250	2
9	890	2250	0
9	901	2280	0
9	901	2280	0
9	904	2296.711080535	1
9	906	2309.89353400424	2
9	910	2310	2
9	910	2310	1
9	921	2340	1
9	921	2340	0
9	929	2368.614618449533	1
9	933	2370	1
9	933	2370	0
9	939	2400	0
9	939	2400	0
9	949	2430	0
9	949	2430	0
9	950	2432.924522160617	1
9	962	2460	1
9	962	2460	1
9	971	2490	1
9	971	2490	0
9	973	2500	1
9	974	2500	2
9	981	2520	2
9	981	2520	0
9	989	2541.018353757777	1
9	993	2550	1
9	993	2550	1
9	997	2570.33683577727	2
9	1001	2580	2
9	1001	2580	0
9	1008	2601.832890769984	1
9	1013	2610	1
9	1013	2610	0
9	1020	2634.008123940849	1
9	1028	2640	1
9	1028	2640	0
9	1037	2670	0
9	1037	2670	0
9	1049	2700	0
9	1049	2700	0
9	1059	2730	0
9	1059	2730	0
9	1067	2759.956378813555	1
9	1071	2760	1
9	1071	2760	1
9	1080	2790	1
9	1080	2790	1
9	1089	2820	1
9	1089	2820	0
9	1098	2850	0
9	1098	2850	0
9	1106	2880	0
9	1106	2880	0
9	1109	2888.370215165631	1
9	1119	2910	1
9	1119	2910	1
9	1130	2940	1
9	1130	2940	0
9	1136	2970	0
9	1136	2970	0
9	1143	3000	0
9	1143	3000	0
9	1153	3030	0
9	1153	3030	0
9	1154	3030.757718261016	1
9	1166	3060	1
9	1166	3060	1
9	1173	3090	1
9	1173	3090	0
9	1180	3120	0
9	1180	3120	0
9	1189	3150	0
9	1189	3150	0
9	1190	3150.112395294877	1
9	1195	3174.399022980629	2
9	1199	3180	2
9	1199	3180	1
9	1201	3188.204875497799	2
9	1209	3210	2
9	1209	3210	0
9	1219	3240	0
9	1219	3240	0
9	1230	3270	0
9	1230	3270	0
9	1234	3297.29533963916	1
9	1238	3300	1
9	1238	3300	1
9	1250	3330	1
9	1250	3330	0
9	1251	3330.076184034459	1
9	1254	3340	2
9	1263	3360	2
9	1263	3360	1
9	1266	3366.113437077887	2
9	1274	3390	2
9	1274	3390	2
9	1278	3403.935224744053	3
9	1283	3420	3
9	1283	3420	1
9	1290	3433.788204647764	2
9	1296	3450	2
9	1296	3450	1
9	1297	3460	2
9	1300	3476.637415058264	3
9	1304	3480	3
9	1304	3480	1
9	1306	3489.413955151089	2
9	1317	3510	2
9	1317	3510	2
9	1326	3540	2
9	1326	3540	1
9	1336	3570	1
9	1336	3570	0
9	1337	3580	1
9	1341	3582.717652044963	2
9	1345	3600	2
9	1345	3600	1
9	1351	3610	2
9	1356	3630	2
9	1356	3630	1
9	1367	3660	1
9	1367	3660	0
9	1379	3690	0
9	1379	3690	0
9	1389	3720	0
9	1389	3720	0
9	1391	3730	1
9	1397	3750	1
9	1397	3750	0
9	1407	3780	0
9	1407	3780	0
9	1417	3810	0
9	1417	3810	0
9	1425	3840	0
9	1425	3840	0
9	1428	3850	1
9	1436	3870	1
9	1436	3870	0
9	1447	3900	0
9	1447	3900	0
9	1455	3930	0
9	1455	3930	0
9	1461	3960	0
9	1461	3960	0
9	1472	3990	0
9	1472	3990	0
9	1482	4020	0
9	1482	4020	0
9	1488	4050	0
9	1488	4050	0
9	1489	4060	1
9	1498	4080	1
9	1498	4080	0
9	1499	4087.16960386512	1
9	1510	4110	1
9	1510	4110	1
9	1519	4140	1
9	1519	4140	0
9	1523	4170	0
9	1523	4170	0
9	1524	4178.481520487846	1
9	1538	4200	1
9	1538	4200	1
9	1539	4205.985563308635	2
9	1545	4221.926781783909	3
9	1549	4230	3
9	1549	4230	3
9	1557	4260	3
9	1557	4260	1
9	1564	4290	1
9	1564	4290	0
9	1574	4320	0
9	1574	4320	0
9	1583	4350	0
9	1583	4350	0
9	1596	4380	0
9	1596	4380	0
9	1607	4410	0
9	1607	4410	0
9	1619	4440	0
9	1619	4440	0
9	1623	4455.184792031618	1
9	1625	4469.989197407405	2
9	1629	4470	2
9	1629	4470	2
9	1630	4474.170538675166	3
9	1639	4495.229026863558	4
9	1643	4500	4
9	1643	4500	2
9	1648	4529.64781977029	3
9	1652	4530	3
9	1652	4530	0
9	1653	4531.231186935841	1
9	1661	4560	1
9	1661	4560	1
9	1670	4576.400047047971	2
9	1678	4590	2
9	1678	4590	2
9	1687	4620	2
9	1687	4620	0
9	1689	4630	1
9	1701	4650	1
9	1701	4650	1
9	1707	4665.439851578534	2
9	1714	4680	2
9	1714	4680	1
9	1719	4692.457746317505	2
9	1725	4710	2
9	1725	4710	2
9	1735	4740	2
9	1735	4740	0
9	1738	4742.79025784327	1
9	1745	4764.153664390546	2
9	1749	4770	2
9	1749	4770	0
9	1751	4787.76554992507	1
9	1756	4800	1
9	1756	4800	0
9	1766	4830	0
9	1766	4830	0
9	1770	4842.751264618721	1
9	1779	4860	1
9	1779	4860	0
9	1792	4890	0
9	1792	4890	0
9	1795	4900	1
9	1798	4913.79061553199	2
9	1803	4920	2
9	1803	4920	1
9	1805	4939.259355608394	2
9	1808	4949.800722700272	3
9	1813	4950	3
9	1813	4950	3
9	1814	4952.230627204237	4
9	1818	4961.223958137904	5
9	1822	4980	5
9	1822	4980	2
9	1826	4990	3
9	1832	4997.818526686005	4
9	1839	5010	4
9	1839	5010	2
9	1850	5040	2
9	1850	5040	0
9	1861	5070	0
9	1861	5070	0
9	1867	5095.595175278382	1
9	1871	5100	1
9	1871	5100	0
9	1875	5110	1
9	1883	5130	1
9	1883	5130	1
9	1897	5160	1
9	1897	5160	0
9	1901	5182.712211825389	1
9	1906	5190	1
9	1906	5190	0
9	1914	5206.05624981796	1
9	1920	5220	1
9	1920	5220	0
9	1921	5224.660671119574	1
9	1922	5226.298954476646	2
9	1934	5250	2
9	1934	5250	2
9	1937	5260	3
9	1945	5280	3
9	1945	5280	2
9	1946	5286.404324698013	3
9	1958	5310	3
9	1958	5310	1
9	1959	5310.178663274623	2
9	1970	5331.367211125164	3
9	1974	5340	3
9	1974	5340	1
9	1983	5370	1
9	1983	5370	0
9	1985	5373.7207410876	1
9	1998	5400	1
9	1998	5400	1
9	2012	5430	1
9	2012	5430	1
9	2020	5460	1
9	2020	5460	0
9	2032	5482.584389198527	1
9	2037	5490	1
9	2037	5490	0
9	2038	5500	1
9	2046	5520	1
9	2046	5520	0
9	2059	5550	0
9	2059	5550	0
9	2072	5580	0
9	2072	5580	0
9	2083	5610	0
9	2083	5610	0
9	2097	5640	0
9	2097	5640	0
9	2109	5670	0
9	2109	5670	0
9	2114	5685.231224649677	1
9	2118	5700	1
9	2118	5700	1
9	2132	5730	1
9	2132	5730	0
9	2134	5740	1
9	2144	5760	1
9	2144	5760	0
9	2151	5790	0
9	2151	5790	0
9	2162	5820	0
9	2162	5820	0
9	2175	5850	0
9	2175	5850	0
9	2187	5880	0
9	2187	5880	0
9	2196	5910	0
9	2196	5910	0
9	2208	5940	0
9	2208	5940	0
9	2218	5970	0
9	2218	5970	0
9	2219	5971.158414802256	1
9	2222	5980	2
9	2230	6000	2
9	2230	6000	1
9	2231	6002.989072065848	2
9	2240	6030	2
9	2240	6030	2
9	2254	6060	2
9	2254	6060	1
9	2257	6072.775659360605	2
9	2263	6090	2
9	2263	6090	0
9	2272	6120	0
9	2272	6120	0
9	2281	6150	0
9	2281	6150	0
9	2296	6180	0
9	2296	6180	0
9	2306	6210	0
9	2306	6210	0
9	2315	6240	0
9	2315	6240	0
9	2326	6270	0
9	2326	6270	0
9	2338	6300	0
9	2338	6300	0
9	2346	6315.672923790448	1
9	2350	6330	1
9	2350	6330	0
9	2351	6339.99344570316	1
9	2352	6340	2
9	2359	6360	2
9	2359	6360	0
9	2368	6390	0
9	2368	6390	0
9	2380	6420	0
9	2380	6420	0
9	2385	6443.472517630759	1
9	2389	6450	1
9	2389	6450	0
9	2402	6480	0
9	2402	6480	0
9	2412	6510	0
9	2412	6510	0
9	2425	6540	0
9	2425	6540	0
9	2432	6564.488129422701	1
9	2437	6570	1
9	2437	6570	0
9	2442	6600	0
9	2442	6600	0
9	2454	6630	0
9	2454	6630	0
9	2466	6660	0
9	2466	6660	0
9	2473	6690	0
9	2473	6690	0
9	2477	6718.385145104407	1
9	2481	6720	1
9	2481	6720	0
9	2489	6750	0
9	2489	6750	0
9	2499	6780	0
9	2499	6780	0
9	2501	6790	1
9	2506	6810	1
9	2506	6810	1
9	2511	6840	1
9	2511	6840	0
9	2521	6870	0
9	2521	6870	0
9	2529	6900	0
9	2529	6900	0
9	2534	6930	0
9	2534	6930	0
9	2535	6940	1
9	2545	6960	1
9	2545	6960	0
9	2554	6990	0
9	2554	6990	0
9	2563	7020	0
9	2563	7020	0
9	2570	7050	0
9	2570	7050	0
9	2582	7080	0
9	2582	7080	0
9	2591	7110	0
9	2591	7110	0
9	2592	7113.375823251736	1
9	2598	7140	1
9	2598	7140	1
9	2607	7170	1
9	2607	7170	0
9	2611	7180	1
9	2612	7193.166561552959	2
9	2616	7200	2
9	2616	7200	0
9	2626	7230	0
9	2626	7230	0
9	2629	7256.390435338381	1
9	2635	7260	1
9	2635	7260	0
9	2638	7270	1
9	2640	7271.886273587504	2
9	2645	7290	2
9	2645	7290	2
9	2658	7320	2
9	2658	7320	0
9	2667	7350	0
9	2667	7350	0
9	2668	7358.560486180576	1
9	2669	7359.987809831193	2
9	2680	7380	2
9	2680	7380	0
9	2689	7410	0
9	2689	7410	0
9	2694	7420	1
9	2698	7427.715437152545	2
9	2701	7439.032106506301	3
9	2705	7440	3
9	2705	7440	1
9	2715	7470	1
9	2715	7470	1
9	2724	7500	1
9	2724	7500	0
9	2727	7508.763029831969	1
9	2738	7530	1
9	2738	7530	1
9	2739	7540	2
9	2740	7540	3
9	2744	7545.383175048435	4
9	2751	7560	4
9	2751	7560	2
9	2752	7561.318355015572	3
9	2754	7570	4
9	2761	7590	4
9	2761	7590	2
9	2772	7620	2
9	2772	7620	1
9	2783	7650	1
9	2783	7650	0
9	2786	7660	1
9	2794	7680	1
9	2794	7680	0
9	2798	7695.492683201867	1
9	2804	7710	1
9	2804	7710	0
9	2815	7740	0
9	2815	7740	0
9	2817	7750	1
9	2822	7767.882459115631	2
9	2826	7770	2
9	2826	7770	2
9	2837	7800	2
9	2837	7800	0
9	2849	7830	0
9	2849	7830	0
9	2857	7860	0
9	2857	7860	0
9	2861	7870	1
9	2870	7890	1
9	2870	7890	1
9	2884	7920	1
9	2884	7920	0
9	2893	7950	0
9	2893	7950	0
9	2894	7955.320742430495	1
9	2896	7958.241921974709	2
9	2905	7980	2
9	2905	7980	1
9	2911	8001.69499605425	2
9	2916	8010	2
9	2916	8010	0
9	2917	8014.095228152175	1
9	2922	8022.666597898911	2
9	2928	8040	2
9	2928	8040	1
9	2935	8057.251890621832	2
9	2939	8069.1409034868	3
9	2943	8070	3
9	2943	8070	3
9	2950	8100	3
9	2950	8100	2
9	2963	8130	2
9	2963	8130	0
9	2974	8158.386427800339	1
9	2978	8160	1
9	2978	8160	1
9	2984	8170	2
9	2985	8172.971896684469	3
9	2989	8190	3
9	2989	8190	1
9	2997	8220	1
9	2997	8220	0
9	3014	8250	0
9	3014	8250	0
9	3023	8280	0
9	3023	8280	0
9	3033	8310	0
9	3033	8310	0
9	3043	8340	0
9	3043	8340	0
9	3053	8370	0
9	3053	8370	0
9	3062	8400	0
9	3062	8400	0
9	3064	8409.685475164785	1
9	3074	8430	1
9	3074	8430	1
9	3085	8460	1
9	3085	8460	0
9	3090	8490	0
9	3090	8490	0
9	3099	8520	0
9	3099	8520	0
9	3110	8550	0
9	3110	8550	0
9	3112	8554.836030622008	1
9	3122	8580	1
9	3122	8580	1
9	3132	8610	1
9	3132	8610	0
9	3136	8626.23070019895	1
9	3141	8640	1
9	3141	8640	0
9	3143	8650	1
9	3151	8670	1
9	3151	8670	0
9	3152	8676.433769618396	1
9	3156	8686.179521827421	2
9	3162	8700	2
9	3162	8700	1
9	3172	8730	1
9	3172	8730	0
9	3181	8760	0
9	3181	8760	0
9	3189	8790	0
9	3189	8790	0
9	3196	8820	0
9	3196	8820	0
9	3207	8850	0
9	3207	8850	0
9	3212	8880	0
9	3212	8880	0
9	3223	8910	0
9	3223	8910	0
9	3233	8940	0
9	3233	8940	0
9	3240	8970	0
9	3240	8970	0
9	3251	9000	0
9	3251	9000	0
9	3264	9030	0
9	3264	9030	0
9	3273	9060	0
9	3273	9060	0
9	3280	9090	0
9	3280	9090	0
9	3285	9106.726556858323	1
9	3292	9120	1
9	3292	9120	1
9	3293	9124.712551269962	2
9	3304	9150	2
9	3304	9150	2
9	3310	9180	2
9	3310	9180	0
9	3322	9210	0
9	3322	9210	0
9	3325	9220	1
9	3331	9240	1
9	3331	9240	0
9	3332	9245.762422117321	1
9	3341	9270	1
9	3341	9270	1
9	3352	9300	1
9	3352	9300	0
9	3357	9310	1
9	3360	9326.298878809495	2
9	3364	9330	2
9	3364	9330	1
9	3372	9360	1
9	3372	9360	0
9	3376	9372.309059248104	1
9	3381	9390	1
9	3381	9390	1
9	3393	9416.222936911664	2
9	3398	9420	2
9	3398	9420	1
9	3407	9450	1
9	3407	9450	0
9	3418	9480	0
9	3418	9480	0
9	3429	9510	0
9	3429	9510	0
9	3438	9540	0
9	3438	9540	0
9	3448	9570	0
9	3448	9570	0
9	3449	9580	1
9	3452	9584.242287802005	2
9	3460	9600	2
9	3460	9600	0
9	3467	9620.201638794198	1
9	3472	9630	1
9	3472	9630	1
9	3473	9630.06355194166	2
9	3477	9647.190855059765	3
9	3483	9660	3
9	3483	9660	0
9	3491	9690	0
9	3491	9690	0
9	3494	9700	1
9	3505	9720	1
9	3505	9720	0
9	3519	9750	0
9	3519	9750	0
9	3528	9780	0
9	3528	9780	0
9	3533	9807.972349490298	1
9	3538	9810	1
9	3538	9810	0
9	3542	9820	1
9	3543	9820	2
9	3552	9840	2
9	3552	9840	0
9	3553	9845.983591493511	1
9	3562	9870	1
9	3562	9870	1
9	3571	9900	1
9	3571	9900	1
9	3573	9909.470522022394	2
9	3579	9914.318738187647	3
9	3586	9930	3
9	3586	9930	0
9	3596	9960	0
9	3596	9960	0
9	3605	9990	0
9	3605	9990	0
9	3614	10011.319103317349	1
9	3621	10020	1
9	3621	10020	0
9	3623	10028.990567036272	1
9	3625	10030	2
9	3637	10050	2
9	3637	10050	1
9	3647	10080	1
9	3647	10080	0
9	3655	10110	0
9	3655	10110	0
9	3670	10136.501158519109	1
9	3675	10140	1
9	3675	10140	1
9	3685	10170	1
9	3685	10170	0
9	3695	10200	0
9	3695	10200	0
9	3706	10230	0
9	3706	10230	0
9	3722	10260	0
9	3722	10260	0
9	3735	10290	0
9	3735	10290	0
9	3737	10300	1
9	3743	10320	1
9	3743	10320	0
9	3755	10347.297091492686	1
9	3759	10350	1
9	3759	10350	1
9	3772	10380	1
9	3772	10380	0
9	3781	10410	0
9	3781	10410	0
9	3792	10440	0
9	3792	10440	0
9	3793	10442.238280097004	1
9	3795	10467.393286324276	2
9	3801	10470	2
9	3801	10470	2
9	3815	10500	2
9	3815	10500	0
9	3817	10510	1
9	3827	10530	1
9	3827	10530	1
9	3834	10560	1
9	3834	10560	0
9	3838	10571.147407869466	1
9	3848	10590	1
9	3848	10590	1
9	3861	10620	1
9	3861	10620	0
9	3864	10628.925068251498	1
9	3874	10650	1
9	3874	10650	0
9	3877	10660	1
9	3888	10680	1
9	3888	10680	0
9	3900	10700.33378658848	1
9	3906	10710	1
9	3906	10710	1
9	3913	10729.876404831673	2
9	3919	10740	2
9	3919	10740	1
9	3920	10742.360959583946	2
9	3928	10758.462410813838	3
9	3935	10770	3
9	3935	10770	0
9	3946	10800	0
9	3946	10800	0
9	3947	10800.808438519076	1
9	3948	10808.760888018349	2
9	3953	10811.522527700939	3
9	3959	10830	3
9	3959	10830	3
9	3965	10846.23052897961	4
9	3973	10860	4
9	3973	10860	3
9	3974	10870	4
9	3982	10883.513629173745	5
9	3986	10890	5
9	3986	10890	2
9	3987	10893.534498848189	3
9	3989	10900	4
9	3994	10920	4
9	3994	10920	0
9	3999	10930	1
9	4003	10950	1
9	4003	10950	0
9	4004	10953.482789675177	1
9	4015	10980	1
9	4015	10980	0
9	4026	11010	0
9	4026	11010	0
9	4038	11040	0
9	4038	11040	0
9	4046	11070	0
9	4046	11070	0
9	4055	11100	0
9	4055	11100	0
9	4067	11130	0
9	4067	11130	0
9	4068	11140	1
9	4069	11140	2
9	4077	11160	2
9	4077	11160	0
9	4080	11170	1
9	4085	11190	1
9	4085	11190	0
9	4093	11220	0
9	4093	11220	0
9	4104	11250	0
9	4104	11250	0
9	4113	11265.194344630409	1
9	4118	11280	1
9	4118	11280	1
9	4128	11310	1
9	4128	11310	1
9	4141	11340	1
9	4141	11340	0
9	4143	11345.780240845614	1
9	4157	11370	1
9	4157	11370	1
9	4160	11374.713056982481	2
9	4171	11400	2
9	4171	11400	2
9	4175	11417.318795301019	3
9	4181	11430	3
9	4181	11430	2
9	4198	11460	2
9	4198	11460	1
9	4212	11490	1
9	4212	11490	0
9	4214	11500	1
9	4215	11500	2
9	4225	11520	2
9	4225	11520	0
9	4233	11536.126188957032	1
9	4234	11536.736037672151	2
9	4241	11550	2
9	4241	11550	2
9	4252	11580	2
9	4252	11580	1
9	4256	11592.6748441524	2
9	4262	11610	2
9	4262	11610	1
9	4264	11620	2
9	4266	11620	3
9	4279	11640	3
9	4279	11640	0
9	4291	11670	0
9	4291	11670	0
9	4303	11700	0
9	4303	11700	0
9	4316	11730	0
9	4316	11730	0
9	4319	11740	1
9	4320	11740	2
9	4321	11740	3
9	4322	11740	4
9	4323	11740	5
9	4327	11742.808273622499	6
9	4334	11760	6
9	4334	11760	0
9	4347	11790	0
9	4347	11790	0
9	4358	11820	0
9	4358	11820	0
9	4369	11850	0
9	4369	11850	0
9	4385	11880	0
9	4385	11880	0
9	4389	11895.654231291843	1
9	4395	11910	1
9	4395	11910	0
9	4405	11940	0
9	4405	11940	0
9	4411	11954.655128276935	1
9	4418	11970	1
9	4418	11970	0
9	4427	12000	0
9	4427	12000	0
9	4431	12010	1
9	4435	12020.515186724904	2
9	4440	12030	2
9	4440	12030	1
9	4447	12048.982145493739	2
9	4453	12060	2
9	4453	12060	1
9	4465	12090	1
9	4465	12090	0
9	4477	12120	0
9	4477	12120	0
9	4484	12137.926517851988	1
9	4489	12150	1
9	4489	12150	1
9	4505	12180	1
9	4505	12180	1
9	4518	12210	1
9	4518	12210	0
9	4519	12220	1
9	4530	12240	1
9	4530	12240	0
9	4537	12265.229421404043	1
9	4541	12270	1
9	4541	12270	1
9	4552	12300	1
9	4552	12300	0
9	4567	12330	0
9	4567	12330	0
9	4570	12340	1
9	4578	12360	1
9	4578	12360	0
9	4592	12390	0
9	4592	12390	0
9	4606	12420	0
9	4606	12420	0
9	4609	12430	1
9	4610	12432.924481683024	2
9	4616	12450	2
9	4616	12450	2
9	4619	12460	3
9	4621	12460.037814694851	4
9	4628	12480	4
9	4628	12480	0
9	4629	12480.455414865507	1
9	4640	12510	1
9	4640	12510	1
9	4650	12540	1
9	4650	12540	0
9	4660	12570	0
9	4660	12570	0
9	4673	12594.688801353248	1
9	4677	12600	1
9	4677	12600	1
9	4688	12630	1
9	4688	12630	1
9	4695	12660	1
9	4695	12660	0
9	4696	12663.33378313518	1
9	4709	12690	1
9	4709	12690	0
9	4712	12700	1
9	4720	12720	1
9	4720	12720	0
9	4729	12750	0
9	4729	12750	0
9	4737	12780	0
9	4737	12780	0
9	4748	12810	0
9	4748	12810	0
9	4757	12840	0
9	4757	12840	0
9	4766	12857.580193624309	1
9	4774	12870	1
9	4774	12870	1
9	4784	12900	1
9	4784	12900	1
9	4786	12910	2
9	4787	12910	3
9	4794	12930	3
9	4794	12930	2
9	4805	12960	2
9	4805	12960	0
9	4806	12962.541764790882	1
9	4819	12990	1
9	4819	12990	1
9	4826	13020	1
9	4826	13020	0
9	4834	13050	0
9	4834	13050	0
9	4835	13058.931220443536	1
9	4836	13060	2
9	4845	13080	2
9	4845	13080	0
9	4858	13110	0
9	4858	13110	0
9	4867	13140	0
9	4867	13140	0
9	4876	13170	0
9	4876	13170	0
9	4882	13190.756529914587	1
9	4889	13200	1
9	4889	13200	1
9	4898	13230	1
9	4898	13230	1
9	4910	13260	1
9	4910	13260	0
9	4911	13266.131715902658	1
9	4920	13290	1
9	4920	13290	0
9	4932	13320	0
9	4932	13320	0
9	4934	13330.047688882706	1
9	4942	13350	1
9	4942	13350	1
9	4954	13372.845707755961	2
9	4959	13380	2
9	4959	13380	2
9	4967	13410	2
9	4967	13410	0
9	4978	13440	0
9	4978	13440	0
9	4979	13449.986840351472	1
9	4992	13470	1
9	4992	13470	1
9	5007	13500	1
9	5007	13500	0
9	5019	13530	0
9	5019	13530	0
9	5028	13560	0
9	5028	13560	0
9	5032	13575.035688020798	1
9	5038	13590	1
9	5038	13590	1
9	5056	13620	1
9	5056	13620	0
9	5066	13650	0
9	5066	13650	0
9	5071	13660	1
9	5077	13680	1
9	5077	13680	0
9	5092	13710	0
9	5092	13710	0
9	5109	13740	0
9	5109	13740	0
9	5110	13742.339623389102	1
9	5119	13770	1
9	5119	13770	0
9	5121	13780	1
9	5122	13780	2
9	5125	13790.375969685969	3
9	5132	13800	3
9	5132	13800	0
9	5140	13810	1
9	5143	13822.450799737126	2
9	5146	13829.516844881988	3
9	5150	13830	3
9	5150	13830	2
9	5152	13832.264032810737	3
9	5159	13860	3
9	5159	13860	1
9	5167	13876.876548791589	2
9	5169	13880.733670767302	3
9	5173	13890	3
9	5173	13890	0
9	5175	13897.950228829374	1
9	5181	13905.464369283922	2
9	5189	13920	2
9	5189	13920	1
9	5200	13950	1
9	5200	13950	1
9	5206	13963.478035903248	2
9	5208	13965.966458830732	3
9	5214	13980	3
9	5214	13980	0
9	5227	14010	0
9	5227	14010	0
9	5235	14040	0
9	5235	14040	0
9	5243	14070	0
9	5243	14070	0
9	5244	14071.301053995161	1
9	5260	14100	1
9	5260	14100	0
9	5262	14110	1
9	5275	14130	1
9	5275	14130	1
9	5279	14140	2
9	5287	14160	2
9	5287	14160	0
9	5293	14186.840598842985	1
9	5294	14188.476496971924	2
9	5298	14190	2
9	5298	14190	2
9	5299	14199.649888867232	3
9	5308	14220	3
9	5308	14220	0
9	5322	14250	0
9	5322	14250	0
9	5324	14260	1
9	5335	14280	1
9	5335	14280	0
9	5344	14310	0
9	5344	14310	0
9	5355	14333.399171971934	1
9	5360	14340	1
9	5360	14340	1
9	5368	14370	1
9	5368	14370	0
9	5380	14400	0
9	5380	14400	0
9	5385	14413.892373640311	1
9	5392	14430	1
9	5392	14430	1
9	5401	14460	1
9	5401	14460	0
9	5410	14487.020112590635	1
9	5414	14490	1
9	5414	14490	1
9	5418	14500	2
9	5425	14520	2
9	5425	14520	0
9	5434	14550	0
9	5434	14550	0
9	5448	14580	0
9	5448	14580	0
9	5452	14594.936597881341	1
9	5456	14610	1
9	5456	14610	0
9	5462	14640	0
9	5462	14640	0
9	5475	14670	0
9	5475	14670	0
9	5485	14700	0
9	5485	14700	0
9	5493	14730	0
9	5493	14730	0
9	5502	14760	0
9	5502	14760	0
9	5517	14790	0
9	5517	14790	0
9	5523	14820	0
9	5523	14820	0
9	5526	14830	1
9	5536	14850	1
9	5536	14850	1
9	5541	14862.544723851313	2
9	5549	14880	2
9	5549	14880	0
9	5552	14890	1
9	5560	14910	1
9	5560	14910	0
9	5566	14929.084587564487	1
9	5568	14932.367520737857	2
9	5573	14940	2
9	5573	14940	1
9	5584	14970	1
9	5584	14970	0
9	5590	14994.035951121997	1
9	5595	15000	1
9	5595	15000	1
9	5608	15030	1
9	5608	15030	1
9	5609	15035.580986054471	2
9	5621	15060	2
9	5621	15060	1
9	5624	15064.504289827402	2
9	5626	15070	3
9	5634	15090	3
9	5634	15090	1
9	5639	15100.030133116966	2
9	5648	15120	2
9	5648	15120	0
9	5664	15150	0
9	5664	15150	0
9	5666	15158.71810953811	1
9	5678	15180	1
9	5678	15180	0
9	5689	15210	0
9	5689	15210	0
9	5704	15240	0
9	5704	15240	0
9	5712	15270	0
9	5712	15270	0
9	5726	15300	0
9	5726	15300	0
9	5728	15310	1
9	5739	15330	1
9	5739	15330	1
9	5742	15340	2
9	5743	15340	3
9	5751	15360	3
9	5751	15360	0
9	5761	15390	0
9	5761	15390	0
9	5774	15420	0
9	5774	15420	0
9	5775	15421.912486288226	1
9	5780	15433.235717895964	2
9	5786	15450	2
9	5786	15450	1
9	5802	15480	1
9	5802	15480	1
9	5810	15510	1
9	5810	15510	0
9	5815	15524.550886007088	1
9	5824	15540	1
9	5824	15540	0
9	5836	15570	0
9	5836	15570	0
9	5840	15578.695286077601	1
9	5849	15600	1
9	5849	15600	1
9	5851	15610	2
9	5860	15630	2
9	5860	15630	1
9	5871	15660	1
9	5871	15660	0
9	5876	15672.034082512305	1
9	5884	15690	1
9	5884	15690	0
9	5885	15692.697164500849	1
9	5892	15720	1
9	5892	15720	1
9	5905	15750	1
9	5905	15750	1
9	5914	15780	1
9	5914	15780	0
9	5919	15802.916791492992	1
9	5923	15810	1
9	5923	15810	1
9	5925	15820	2
9	5927	15820	3
9	5928	15820	4
9	5933	15839.321142653171	5
9	5938	15840	5
9	5938	15840	1
9	5944	15870	1
9	5944	15870	1
9	5954	15900	1
9	5954	15900	0
9	5957	15919.12861130222	1
9	5964	15930	1
9	5964	15930	0
9	5965	15931.836243291587	1
9	5966	15940	2
9	5978	15960	2
9	5978	15960	0
9	5981	15973.725856949566	1
9	5987	15990	1
9	5987	15990	1
9	5999	16020	1
9	5999	16020	0
9	6006	16050	0
9	6006	16050	0
9	6016	16080	0
9	6016	16080	0
9	6019	16103.768161605252	1
9	6021	16109.414465974674	2
9	6025	16110	2
9	6025	16110	2
9	6040	16140	2
9	6040	16140	0
9	6049	16170	0
9	6049	16170	0
9	6055	16200	0
9	6055	16200	0
9	6059	16220.336005124592	1
9	6067	16230	1
9	6067	16230	1
9	6078	16260	1
9	6078	16260	0
9	6081	16270	1
9	6088	16290	1
9	6088	16290	1
9	6096	16320	1
9	6096	16320	0
9	6109	16350	0
9	6109	16350	0
9	6118	16380	0
9	6118	16380	0
9	6121	16390	1
9	6130	16410	1
9	6130	16410	1
9	6143	16440	1
9	6143	16440	0
9	6144	16441.184195765675	1
9	6155	16470	1
9	6155	16470	1
9	6163	16500	1
9	6163	16500	0
9	6165	16510	1
9	6168	16510.321668580436	2
9	6179	16530	2
9	6179	16530	1
9	6181	16535.632552641177	2
9	6182	16540	3
9	6190	16560	3
9	6190	16560	1
9	6191	16567.135725194922	2
9	6199	16590	2
9	6199	16590	2
9	6211	16620	2
9	6211	16620	1
9	6227	16650	1
9	6227	16650	0
9	6234	16680	0
9	6234	16680	0
9	6238	16690	1
9	6244	16710	1
9	6244	16710	0
9	6245	16710.649199823465	1
9	6246	16712.07880591699	2
9	6249	16720.197163492656	3
9	6250	16724.20530801202	4
9	6251	16725.945428207676	5
9	6260	16740	5
9	6260	16740	4
9	6271	16770	4
9	6271	16770	0
9	6273	16780	1
9	6275	16780	2
9	6282	16800	2
9	6282	16800	0
9	6283	16805.893561319862	1
9	6289	16817.434254532698	2
9	6293	16830	2
9	6293	16830	1
9	6301	16856.341187506666	2
9	6305	16860	2
9	6305	16860	1
9	6322	16890	1
9	6322	16890	0
9	6328	16907.607727292496	1
9	6333	16920	1
9	6333	16920	1
9	6345	16950	1
9	6345	16950	1
9	6358	16980	1
9	6358	16980	0
9	6372	17010	0
9	6372	17010	0
9	6376	17020	1
9	6385	17040	1
9	6385	17040	0
9	6389	17057.013851316461	1
9	6393	17070	1
9	6393	17070	1
9	6404	17100	1
9	6404	17100	1
9	6405	17110	2
9	6413	17130	2
9	6413	17130	1
9	6414	17133.894196924219	2
9	6420	17147.121644887464	3
9	6425	17160	3
9	6425	17160	1
9	6431	17190	1
9	6431	17190	1
9	6438	17220	1
9	6438	17220	0
9	6439	17230	1
9	6440	17230	2
9	6446	17250	2
9	6446	17250	2
9	6448	17260	3
9	6449	17260	4
9	6459	17280	4
9	6459	17280	0
9	6460	17288.522771820064	1
9	6461	17298.601903828212	2
9	6468	17310	2
9	6468	17310	2
9	6478	17340	2
9	6478	17340	2
9	6487	17370	2
9	6487	17370	0
9	6497	17400	0
9	6497	17400	0
9	6501	17414.936964295106	1
9	6502	17422.149420341512	2
9	6507	17430	2
9	6507	17430	2
9	6515	17460	2
9	6515	17460	2
9	6529	17490	2
9	6529	17490	0
9	6531	17500	1
9	6536	17520	1
9	6536	17520	0
9	6544	17550	0
9	6544	17550	0
9	6557	17580	0
9	6557	17580	0
9	6559	17590	1
9	6570	17610	1
9	6570	17610	1
9	6577	17640	1
9	6577	17640	0
9	6578	17643.89557057642	1
9	6591	17670	1
9	6591	17670	1
9	6596	17689.108646897923	2
9	6602	17700	2
9	6602	17700	2
9	6613	17730	2
9	6613	17730	0
9	6617	17740	1
9	6621	17744.744576111695	2
9	6630	17760	2
9	6630	17760	1
9	6640	17790	1
9	6640	17790	1
9	6653	17820	1
9	6653	17820	0
9	6666	17850	0
9	6666	17850	0
9	6670	17860	1
9	6673	17863.455025670634	2
9	6679	17880	2
9	6679	17880	0
9	6682	17890	1
9	6692	17910	1
9	6692	17910	0
9	6700	17940	0
9	6700	17940	0
9	6713	17970	0
9	6713	17970	0
9	6727	18000	0
9	6727	18000	0
9	6739	18030	0
9	6739	18030	0
9	6750	18060	0
9	6750	18060	0
9	6753	18070	1
9	6754	18070	2
9	6756	18075.67940288985	3
9	6765	18090	3
9	6765	18090	3
9	6775	18120	3
9	6775	18120	0
9	6777	18130	1
9	6782	18150	1
9	6782	18150	0
9	6793	18180	0
9	6793	18180	0
9	6801	18210	0
9	6801	18210	0
9	6813	18240	0
9	6813	18240	0
9	6823	18270	0
9	6823	18270	0
9	6826	18297.616124793143	1
9	6830	18300	1
9	6830	18300	0
9	6841	18330	0
9	6841	18330	0
9	6842	18340	1
9	6849	18360	1
9	6849	18360	0
9	6859	18390	0
9	6859	18390	0
9	6869	18420	0
9	6869	18420	0
9	6878	18450	0
9	6878	18450	0
9	6880	18460	1
9	6889	18480	1
9	6889	18480	0
9	6898	18510	0
9	6898	18510	0
9	6904	18530.479549347749	1
9	6905	18535.241838630141	2
9	6906	18535.886645363292	3
9	6910	18540	3
9	6910	18540	1
9	6917	18570	1
9	6917	18570	0
9	6926	18600	0
9	6926	18600	0
9	6936	18630	0
9	6936	18630	0
9	6947	18660	0
9	6947	18660	0
9	6954	18690	0
9	6954	18690	0
9	6962	18720	0
9	6962	18720	0
9	6977	18750	0
9	6977	18750	0
9	6979	18750.19959467562	1
9	6987	18780	1
9	6987	18780	0
9	6998	18810	0
9	6998	18810	0
9	6999	18814.440894825504	1
9	7012	18840	1
9	7012	18840	1
9	7014	18847.362898424607	2
9	7018	18850.152841667946	3
9	7024	18870	3
9	7024	18870	3
9	7036	18900	3
9	7036	18900	2
9	7044	18930	2
9	7044	18930	0
9	7045	18934.825410345393	1
9	7047	18936.420327578	2
9	7055	18960	2
9	7055	18960	0
9	7062	18990	0
9	7062	18990	0
9	7077	19020	0
9	7077	19020	0
9	7086	19050	0
9	7086	19050	0
9	7088	19060	1
9	7089	19060	2
9	7099	19080	2
9	7099	19080	0
9	7103	19100.053426564108	1
9	7107	19109.719403323111	2
9	7111	19110	2
9	7111	19110	1
9	7124	19140	1
9	7124	19140	1
9	7136	19170	1
9	7136	19170	0
9	7148	19200	0
9	7148	19200	0
9	7166	19230	0
9	7166	19230	0
9	7173	19260	0
9	7173	19260	0
9	7185	19290	0
9	7185	19290	0
9	7188	19305.35666178721	1
9	7191	19311.08632535989	2
9	7194	19319.292781215036	3
9	7198	19320	3
9	7198	19320	1
9	7200	19324.561430713818	2
9	7209	19350	2
9	7209	19350	2
9	7214	19380	2
9	7214	19380	0
9	7218	19396.721704068102	1
9	7222	19410	1
9	7222	19410	0
9	7224	19418.150284404416	1
9	7225	19420	2
9	7228	19420	3
9	7237	19440	3
9	7237	19440	1
9	7238	19449.875013423913	2
9	7246	19470	2
9	7246	19470	2
9	7256	19500	2
9	7256	19500	1
9	7267	19530	1
9	7267	19530	0
9	7277	19560	0
9	7277	19560	0
9	7280	19570	1
9	7286	19590	1
9	7286	19590	0
9	7297	19620	0
9	7297	19620	0
9	7308	19650	0
9	7308	19650	0
9	7315	19680	0
9	7315	19680	0
9	7317	19690	1
9	7328	19710	1
9	7328	19710	0
9	7329	19710.534738687424	1
9	7332	19720.254001410391	2
9	7337	19740	2
9	7337	19740	1
9	7345	19770	1
9	7345	19770	0
9	7347	19780	1
9	7348	19780	2
9	7358	19800	2
9	7358	19800	0
9	7369	19830	0
9	7369	19830	0
9	7380	19860	0
9	7380	19860	0
9	7381	19863.365318957	1
9	7388	19890	1
9	7388	19890	1
9	7403	19920	1
9	7403	19920	1
9	7405	19923.317309322479	2
9	7413	19950	2
9	7413	19950	1
9	7424	19980	1
9	7424	19980	1
10	386	1050	40.595511121999
10	401	1090	0
10	436	1170	20.900090828536
10	456	1230	20
10	469	1260	28.95976787891
10	485	1320	50
10	486	1320.058101786837	0
10	525	1433.706486873813	0
10	531	1440	50
10	536	1450	0
10	558	1503.82172324599	0
10	569	1530	12.621383402298
10	584	1560	50
10	584	1560	20
10	584	1560	20
10	615	1650	53.379087482344
10	632	1680	50
10	632	1680	20
10	632	1680	20
10	632	1680	18.143290449095
10	632	1680	10.132862295508
10	643	1710	13.83424897579
10	689	1810	0
10	711	1857.631612990743	0
10	715	1860	58.520077796104
10	715	1860	18.815589521441
10	725	1886.625503862123	0
10	730	1890	49.183742811716
10	730	1890	49.105666022006
10	734	1906.105758073328	0
10	742	1920	47.824575369958
10	769	1980	62.514710707637
10	769	1980	27.074026401147
10	777	1991.714832484014	0
10	783	2010	26.308276158108
10	783	2010	21.26688831682
10	799	2052.747981086655	0
10	815	2080	0
10	833	2117.475127478362	0
10	840	2130	77.782564482113
10	853	2164.260034217794	0
10	890	2250	26.536373887638
10	890	2250	12.342000470805
10	894	2262.162517743127	0
10	910	2310	0.10646599576
10	914	2320	0
10	921	2340	43.288919465
10	933	2370	1.385381550467
10	940	2403.873799223057	0
10	953	2440	0
10	971	2490	57.075477839383
10	981	2520	20
10	981	2520	20
10	1001	2580	38.981646242223
10	1001	2580	9.66316422273
10	1013	2610	8.167109230016
10	1019	2630.68047934546	0
10	1028	2640	5.991876059151
10	1052	2719.089162882093	0
10	1062	2739.728238648209	0
10	1081	2797.953293459863	0
10	1089	2820	60.043621186445
10	1130	2940	51.629784834369
10	1146	3010	0
10	1147	3010	0
10	1173	3090	59.242281738984
10	1199	3180	5.600977019371
10	1209	3210	59.887604705123
10	1209	3210	21.795124502201
10	1212	3228.828438632064	0
10	1220	3250	0
10	1221	3250	0
10	1250	3330	32.70466036084
10	1263	3360	20
10	1283	3420	89.923815965541
10	1283	3420	53.886562922113
10	1292	3449.485553264337	0
10	1296	3450	46.064775255947
10	1304	3480	46.211795352236
10	1304	3480	20
10	1326	3540	63.362584941736
10	1336	3570	80.586044848911
10	1345	3600	20
10	1350	3610	0
10	1356	3630	20
10	1367	3660	77.282347955037
10	1369	3662.064350377755	0
10	1383	3708.925270084705	0
10	1397	3750	20
10	1399	3760	0
10	1436	3870	20
10	1498	4080	20
10	1500	4090	0
10	1519	4140	52.83039613488
10	1540	4210	0
10	1541	4210	0
10	1557	4260	81.518479512154
10	1557	4260	38.073218216091
10	1564	4290	84.014436691365
10	1637	4482.695736246794	0
10	1643	4500	25.829461324834
10	1643	4500	4.770973136442
10	1652	4530	74.815207968382
10	1652	4530	60.010802592595
10	1652	4530	0.35218022971
10	1655	4535.589155985752	0
10	1663	4570	0
10	1665	4570	0
10	1666	4570	0
10	1687	4620	88.768813064159
10	1687	4620	43.599952952029
10	1688	4625.836530160246	0
10	1702	4651.120096820548	0
10	1714	4680	50
10	1735	4740	74.560148421466
10	1735	4740	47.542253682495
10	1749	4770	27.20974215673
10	1749	4770	5.846335609454
10	1756	4800	12.23445007493
10	1779	4860	17.248735381279
10	1803	4920	20
10	1822	4980	66.20938446801
10	1822	4980	40.740644391606
10	1822	4980	30.199277299728
10	1839	5010	57.769372795763
10	1839	5010	48.776041862096
10	1850	5040	50
10	1850	5040	42.181473313995
10	1871	5100	4.404824721618
10	1872	5101.70668802739	0
10	1897	5160	50
10	1906	5190	7.287788174611
10	1908	5200	0
10	1909	5200	0
10	1920	5220	13.94375018204
10	1945	5280	20
10	1947	5290	0
10	1958	5310	85.339328880426
10	1958	5310	83.701045523354
10	1966	5320	0
10	1974	5340	53.595675301987
10	1974	5340	29.821336725377
10	1983	5370	38.632788874836
10	2000	5410	0
10	2020	5460	86.2792589124
10	2021	5461.1506731888	0
10	2037	5490	7.415610801473
10	2046	5520	20
10	2049	5530	0
10	2050	5530	0
10	2093	5637.20846511617	0
10	2112	5680	0
10	2132	5730	44.768775350323
10	2138	5746.777446538783	0
10	2139	5750.30949752006	0
10	2144	5760	20
10	2163	5822.013987897631	0
10	2188	5890	0
10	2230	6000	20
10	2232	6010	0
10	2254	6060	88.841585197744
10	2263	6090	87.010927934152
10	2263	6090	17.224340639395
10	2268	6113.664505853196	0
10	2350	6330	14.327076209552
10	2359	6360	20.00655429684
10	2359	6360	20
10	2360	6362.542074194687	0
10	2374	6400	0
10	2389	6450	6.527482369241
10	2428	6553.284003348144	0
10	2433	6568.33828147714	0
10	2437	6570	5.511870577299
10	2444	6610	0
10	2481	6720	1.614854895593
10	2511	6840	50
10	2514	6850	0
10	2545	6960	20
10	2547	6968.443615057306	0
10	2607	7170	56.624176748264
10	2616	7200	20
10	2616	7200	6.833438447041
10	2617	7210	0
10	2635	7260	3.609564661619
10	2658	7320	50
10	2658	7320	48.113726412496
10	2660	7330	0
10	2680	7380	21.439513819424
10	2680	7380	20.012190168807
10	2705	7440	20
10	2705	7440	12.284562847455
10	2724	7500	60.967893493699
10	2725	7502.9317547019	0
10	2729	7513.747916917926	0
10	2747	7554.700504577696	0
10	2751	7560	20
10	2751	7560	20
10	2761	7590	81.236970168031
10	2761	7590	20
10	2772	7620	74.616824951565
10	2783	7650	88.681644984428
10	2794	7680	20
10	2804	7710	14.507316798133
10	2837	7800	50
10	2837	7800	32.117540884369
10	2872	7893.976545360604	0
10	2884	7920	50
10	2887	7930	0
10	2905	7980	21.758078025291
10	2916	8010	54.679257569505
10	2916	8010	8.30500394575
10	2928	8040	17.333402101089
10	2932	8050	0
10	2933	8050	0
10	2950	8100	85.904771847825
10	2963	8130	72.748109378168
10	2963	8130	60.8590965132
10	2970	8149.983279013336	0
10	2979	8161.780302120193	0
10	2981	8170	0
10	2989	8190	20
10	2989	8190	17.028103315531
10	2997	8220	61.613572199661
10	3024	8290	0
10	3085	8460	50.314524835215
10	3086	8476.664842092146	0
10	3102	8530	0
10	3132	8610	55.163969377992
10	3141	8640	13.76929980105
10	3144	8651.500896200632	0
10	3151	8670	20
10	3162	8700	13.820478172579
10	3166	8721.698577720443	0
10	3172	8730	53.566230381604
10	3191	8800	0
10	3254	9010	0
10	3266	9040	0
10	3287	9110.859509260296	0
10	3288	9115.240262494631	0
10	3310	9180	73.273443141677
10	3310	9180	55.287448730038
10	3331	9240	20
10	3333	9247.382604188956	0
10	3348	9297.473360847575	0
10	3352	9300	54.237577882679
10	3364	9330	3.701121190505
10	3372	9360	50
10	3373	9369.149137020509	0
10	3374	9370	0
10	3398	9420	47.690940751896
10	3407	9450	33.777063088336
10	3460	9600	20
10	3460	9600	15.757712197995
10	3464	9610	0
10	3483	9660	39.798361205802
10	3483	9660	29.93644805834
10	3483	9660	12.809144940235
10	3505	9720	20
10	3506	9730	0
10	3508	9730	0
10	3530	9796.719369234506	0
10	3538	9810	2.027650509702
10	3552	9840	20
10	3552	9840	20
10	3554	9848.399782910493	0
10	3578	9911.861991345446	0
10	3586	9930	84.016408506489
10	3586	9930	20.529477977606
10	3586	9930	15.681261812353
10	3621	10020	8.680896682651
10	3622	10023.422975859629	0
10	3637	10050	21.009432963728
10	3647	10080	50
10	3662	10120	0
10	3681	10168.930767549832	0
10	3685	10170	33.498841480891
10	3686	10176.902162965127	0
10	3698	10210.587408717644	0
10	3713	10240	0
10	3714	10240	0
10	3736	10290.560059441804	0
10	3743	10320	20
10	3772	10380	32.702908507314
10	3807	10482.012664463874	0
10	3815	10500	57.761719902996
10	3815	10500	32.606713675724
10	3834	10560	50
10	3861	10620	48.852592130534
10	3863	10625.980742857638	0
10	3874	10650	21.074931748502
10	3888	10680	20
10	3919	10740	10.123595168327
10	3935	10770	69.66621341152
10	3935	10770	27.639040416054
10	3935	10770	11.537589186162
10	3950	10810	0
10	3973	10860	13.76947102039
10	3986	10890	89.191561480924
10	3986	10890	81.239111981651
10	3986	10890	78.477472299061
10	3994	10920	50
10	3994	10920	36.486370826255
10	3994	10920	26.465501151811
10	3994	10920	20
10	3996	10930	0
10	4003	10950	20
10	4015	10980	26.517210324823
10	4077	11160	20
10	4077	11160	20
10	4085	11190	20
10	4124	11298.591001224715	0
10	4141	11340	74.805655369591
10	4146	11353.754963568433	0
10	4181	11430	84.219759154386
10	4198	11460	85.286943017519
10	4202	11469.781462437956	0
10	4212	11490	72.681204698981
10	4225	11520	20
10	4225	11520	20
10	4226	11522.726054218512	0
10	4228	11530	0
10	4252	11580	43.873811042968
10	4262	11610	73.263962327849
10	4279	11640	47.3251558476
10	4279	11640	20
10	4279	11640	20
10	4282	11650	0
10	4283	11650	0
10	4284	11650	0
10	4304	11700.195108447729	0
10	4334	11760	20
10	4334	11760	20
10	4334	11760	20
10	4334	11760	20
10	4334	11760	20
10	4334	11760	17.191726377501
10	4362	11836.971813821931	0
10	4395	11910	14.345768708157
10	4418	11970	15.344871723065
10	4429	12010	0
10	4440	12030	20
10	4453	12060	11.017854506261
10	4454	12067.729248938591	0
10	4465	12090	69.484813275096
10	4480	12130	0
10	4518	12210	72.073482148012
10	4530	12240	20
10	4531	12250	0
10	4552	12300	34.770578595957
10	4578	12360	20
10	4581	12370	0
10	4583	12372.889869497565	0
10	4595	12400	0
10	4624	12474.422013370548	0
10	4628	12480	50
10	4628	12480	47.075518316976
10	4628	12480	20
10	4628	12480	19.962185305149
10	4630	12490	0
10	4650	12540	59.544585134493
10	4689	12640	0
10	4695	12660	65.311198646752
10	4709	12690	26.66621686482
10	4720	12720	20
10	4758	12850	0
10	4759	12850	0
10	4775	12880	0
10	4794	12930	72.419806375691
10	4805	12960	50
10	4805	12960	50
10	4826	13020	57.458235209118
10	4845	13080	21.068779556464
10	4845	13080	20
10	4862	13120	0
10	4905	13249.555990627459	0
10	4910	13260	69.243470085413
10	4920	13290	23.868284097342
10	4948	13360	0
10	4962	13393.732517881213	0
10	4967	13410	79.952311117294
10	4967	13410	37.154292244039
10	5007	13500	50.013159648528
10	5047	13600	0
10	5051	13617.648412487891	0
10	5056	13620	44.964311979202
10	5057	13621.407223533173	0
10	5077	13680	20
10	5119	13770	27.660376610898
10	5132	13800	20
10	5132	13800	20
10	5132	13800	9.624030314031
10	5150	13830	20
10	5159	13860	37.549200262874
10	5159	13860	27.735967189263
10	5173	13890	60.483155118012
10	5173	13890	13.123451208411
10	5173	13890	9.266329232698
10	5182	13906.201211267475	0
10	5189	13920	14.535630716078
10	5214	13980	82.049771170626
10	5214	13980	16.521964096752
10	5214	13980	14.033541169268
10	5230	14026.552667261832	0
10	5237	14050	0
10	5260	14100	28.698946004839
10	5287	14160	50
10	5287	14160	20
10	5308	14220	33.159401157015
10	5308	14220	31.523503028076
10	5308	14220	20.350111132768
10	5311	14228.781173708351	0
10	5331	14272.008502750903	0
10	5335	14280	20
10	5351	14323.767807035086	0
10	5352	14326.806437895734	0
10	5361	14357.50755159818	0
10	5368	14370	36.600828028066
10	5381	14410	0
10	5382	14410	0
10	5401	14460	46.107626359689
10	5408	14470.218076424622	0
10	5425	14520	32.979887409365
10	5425	14520	20
10	5456	14610	15.063402118659
10	5467	14650	0
10	5478	14680	0
10	5549	14880	50
10	5549	14880	17.455276148687
10	5550	14890	0
10	5551	14890	0
10	5560	14910	20
10	5573	14940	10.915412435513
10	5584	14970	37.632479262143
10	5598	15010	0
10	5612	15040	0
10	5613	15040	0
10	5621	15060	65.964048878003
10	5634	15090	54.419013945529
10	5634	15090	25.495710172598
10	5648	15120	50
10	5648	15120	19.969866883034
10	5652	15130	0
10	5678	15180	21.28189046189
10	5706	15250	0
10	5715	15280	0
10	5735	15326.16049629662	0
10	5751	15360	50
10	5751	15360	20
10	5751	15360	20
10	5752	15370	0
10	5753	15370	0
10	5769	15405.524407243719	0
10	5776	15423.183879515283	0
10	5782	15444.18772048162	0
10	5786	15450	16.764282104036
10	5810	15510	88.087513711774
10	5813	15520	0
10	5824	15540	15.449113992912
10	5841	15579.694603155792	0
10	5860	15630	20
10	5871	15660	81.304713922399
10	5884	15690	17.965917487695
10	5893	15726.114278374356	0
10	5914	15780	87.302835499151
10	5938	15840	37.083208507008
10	5938	15840	20
10	5938	15840	20
10	5938	15840	20
10	5939	15850	0
10	5948	15880	0
10	5954	15900	60.678857346829
10	5964	15930	10.87138869778
10	5978	15960	28.163756708413
10	5978	15960	20
10	5999	16020	46.274143050434
10	6040	16140	36.231838394748
10	6040	16140	30.585534025326
10	6078	16260	39.663994875408
10	6096	16320	50
10	6099	16330	0
10	6119	16384.477492399059	0
10	6143	16440	50
10	6145	16450	0
10	6146	16450	0
10	6163	16500	58.815804234325
10	6179	16530	19.678331419564
10	6190	16560	50
10	6190	16560	20
10	6211	16620	84.367447358823
10	6217	16627.422484088889	0
10	6221	16630.109842971048	0
10	6227	16650	82.864274805078
10	6244	16710	20
10	6260	16740	15.79469198798
10	6271	16770	59.350800176535
10	6271	16770	57.92119408301
10	6271	16770	49.802836507344
10	6271	16770	44.054571792324
10	6282	16800	20
10	6282	16800	20
10	6293	16830	12.565745467302
10	6305	16860	54.106438680138
10	6315	16873.504086180384	0
10	6322	16890	33.658812493334
10	6358	16980	72.392272707504
10	6385	17040	20
10	6387	17041.722323438861	0
10	6413	17130	72.986148683539
10	6425	17160	50
10	6425	17160	26.105803075781
10	6438	17220	72.878355112536
10	6459	17280	50
10	6459	17280	50
10	6459	17280	20
10	6459	17280	20
10	6487	17370	81.477228179936
10	6487	17370	71.398096171788
10	6488	17375.621326301645	0
10	6529	17490	75.063035704894
10	6529	17490	67.850579658488
10	6530	17494.847734729094	0
10	6536	17520	20
10	6548	17560	0
10	6577	17640	50
10	6581	17650	0
10	6607	17712.973243267038	0
10	6613	17730	86.10442942358
10	6613	17730	40.891353102077
10	6630	17760	20
10	6653	17820	75.255423888305
10	6658	17840.991199957903	0
10	6679	17880	20
10	6679	17880	16.544974329366
10	6692	17910	20
10	6744	18048.291982896195	0
10	6757	18079.972634559896	0
10	6775	18120	50
10	6775	18120	50
10	6775	18120	44.32059711015
10	6776	18125.039911265395	0
10	6782	18150	20
10	6830	18300	2.383875206857
10	6849	18360	20
10	6852	18370	0
10	6889	18480	20
10	6891	18490	0
10	6910	18540	4.758161369859
10	6910	18540	4.113354636708
10	6917	18570	39.520450652251
10	6927	18603.377301421276	0
10	6965	18730	0
10	6982	18760	0
10	6987	18780	29.80040532438
10	6990	18787.616362070769	0
10	7036	18900	85.559105174496
10	7044	18930	82.637101575393
10	7044	18930	79.847158332054
10	7046	18935.06152008081	0
10	7055	18960	25.174589654607
10	7055	18960	23.579672422
10	7056	18970	0
10	7065	19000	0
10	7099	19080	20
10	7099	19080	20
10	7100	19090	0
10	7111	19110	9.946573435892
10	7136	19170	60.280596676889
10	7198	19320	14.64333821279
10	7198	19320	0.707218784964
10	7214	19380	68.91367464011
10	7214	19380	55.438569286182
10	7222	19410	13.278295931898
10	7237	19440	20
10	7237	19440	20
10	7247	19480	0
10	7256	19500	81.849715595584
10	7267	19530	80.124986576087
10	7278	19570	0
10	7286	19590	20
10	7304	19647.181701744828	0
10	7311	19672.17874142655	0
10	7328	19710	20
10	7337	19740	29.465261312576
10	7345	19770	49.745998589609
10	7354	19799.229687180334	0
10	7358	19800	20
10	7358	19800	20
10	7360	19810	0
10	7407	19930	0
10	7413	19950	86.634681043
11	386	1050	50275
11	401	1090	50262
11	436	1170	50279
11	456	1230	50276
11	469	1260	50286
11	485	1320	50280
11	486	1320.058101786837	50284
11	525	1433.706486873813	50295
11	531	1440	50285
11	536	1450	50283
11	558	1503.82172324599	50301
11	569	1530	50303
11	584	1560	50293
11	584	1560	50291
11	584	1560	50294
11	615	1650	50313
11	632	1680	50304
11	632	1680	50302
11	632	1680	50305
11	632	1680	50306
11	632	1680	50309
11	643	1710	50311
11	689	1810	50312
11	711	1857.631612990743	50316
11	715	1860	50320
11	715	1860	50324
11	725	1886.625503862123	50331
11	730	1890	50322
11	730	1890	50323
11	734	1906.105758073328	50332
11	742	1920	50318
11	769	1980	50335
11	769	1980	50340
11	777	1991.714832484014	50345
11	783	2010	50343
11	783	2010	50344
11	799	2052.747981086655	50327
11	815	2080	50336
11	833	2117.475127478362	50351
11	840	2130	50346
11	853	2164.260034217794	50349
11	890	2250	50357
11	890	2250	50358
11	894	2262.162517743127	50359
11	910	2310	50356
11	914	2320	50354
11	921	2340	50361
11	933	2370	50366
11	940	2403.873799223057	50362
11	953	2440	50360
11	971	2490	50370
11	981	2520	50363
11	981	2520	50365
11	1001	2580	50372
11	1001	2580	50374
11	1013	2610	50376
11	1019	2630.68047934546	50378
11	1028	2640	50371
11	1052	2719.089162882093	50384
11	1062	2739.728238648209	50386
11	1081	2797.953293459863	50382
11	1089	2820	50388
11	1130	2940	50391
11	1146	3010	50381
11	1147	3010	50387
11	1173	3090	50397
11	1199	3180	50401
11	1209	3210	50400
11	1209	3210	50402
11	1212	3228.828438632064	50404
11	1220	3250	50396
11	1221	3250	50394
11	1250	3330	50408
11	1263	3360	50403
11	1283	3420	50410
11	1283	3420	50413
11	1292	3449.485553264337	50419
11	1296	3450	50415
11	1304	3480	50411
11	1304	3480	50409
11	1326	3540	50421
11	1336	3570	50422
11	1345	3600	50414
11	1350	3610	50412
11	1356	3630	50417
11	1367	3660	50425
11	1369	3662.064350377755	50431
11	1383	3708.925270084705	50432
11	1397	3750	50426
11	1399	3760	50427
11	1436	3870	50430
11	1498	4080	50441
11	1500	4090	50435
11	1519	4140	50446
11	1540	4210	50440
11	1541	4210	50442
11	1557	4260	50451
11	1557	4260	50454
11	1564	4290	50453
11	1637	4482.695736246794	50461
11	1643	4500	50467
11	1643	4500	50471
11	1652	4530	50464
11	1652	4530	50466
11	1652	4530	50472
11	1655	4535.589155985752	50474
11	1663	4570	50458
11	1665	4570	50460
11	1666	4570	50455
11	1687	4620	50473
11	1687	4620	50475
11	1688	4625.836530160246	50477
11	1702	4651.120096820548	50479
11	1714	4680	50469
11	1735	4740	50481
11	1735	4740	50483
11	1749	4770	50485
11	1749	4770	50487
11	1756	4800	50482
11	1779	4860	50490
11	1803	4920	50486
11	1822	4980	50493
11	1822	4980	50494
11	1822	4980	50496
11	1839	5010	50497
11	1839	5010	50498
11	1850	5040	50488
11	1850	5040	50492
11	1871	5100	50508
11	1872	5101.70668802739	50509
11	1897	5160	50495
11	1906	5190	50507
11	1908	5200	50501
11	1909	5200	50503
11	1920	5220	50517
11	1945	5280	50510
11	1947	5290	50505
11	1958	5310	50511
11	1958	5310	50512
11	1966	5320	50515
11	1974	5340	50520
11	1974	5340	50522
11	1983	5370	50524
11	2000	5410	50516
11	2020	5460	50528
11	2021	5461.1506731888	50532
11	2037	5490	50536
11	2046	5520	50530
11	2049	5530	50519
11	2050	5530	50521
11	2093	5637.20846511617	50543
11	2112	5680	50538
11	2132	5730	50548
11	2138	5746.777446538783	50551
11	2139	5750.30949752006	50552
11	2144	5760	50539
11	2163	5822.013987897631	50555
11	2188	5890	50544
11	2230	6000	50559
11	2232	6010	50550
11	2254	6060	50563
11	2263	6090	50565
11	2263	6090	50568
11	2268	6113.664505853196	50570
11	2350	6330	50584
11	2359	6360	50576
11	2359	6360	50574
11	2360	6362.542074194687	50577
11	2374	6400	50579
11	2389	6450	50588
11	2428	6553.284003348144	50592
11	2433	6568.33828147714	50595
11	2437	6570	50594
11	2444	6610	50586
11	2481	6720	50597
11	2511	6840	50598
11	2514	6850	50593
11	2545	6960	50601
11	2547	6968.443615057306	50604
11	2607	7170	50615
11	2616	7200	50611
11	2616	7200	50614
11	2617	7210	50606
11	2635	7260	50621
11	2658	7320	50613
11	2658	7320	50617
11	2660	7330	50610
11	2680	7380	50626
11	2680	7380	50627
11	2705	7440	50624
11	2705	7440	50625
11	2724	7500	50634
11	2725	7502.9317547019	50636
11	2729	7513.747916917926	50637
11	2747	7554.700504577696	50641
11	2751	7560	50628
11	2751	7560	50629
11	2761	7590	50630
11	2761	7590	50633
11	2772	7620	50638
11	2783	7650	50642
11	2794	7680	50640
11	2804	7710	50643
11	2837	7800	50645
11	2837	7800	50647
11	2872	7893.976545360604	50658
11	2884	7920	50651
11	2887	7930	50650
11	2905	7980	50663
11	2916	8010	50662
11	2916	8010	50667
11	2928	8040	50660
11	2932	8050	50653
11	2933	8050	50652
11	2950	8100	50669
11	2963	8130	50671
11	2963	8130	50673
11	2970	8149.983279013336	50676
11	2979	8161.780302120193	50672
11	2981	8170	50657
11	2989	8190	50670
11	2989	8190	50674
11	2997	8220	50677
11	3024	8290	50668
11	3085	8460	50689
11	3086	8476.664842092146	50693
11	3102	8530	50679
11	3132	8610	50696
11	3141	8640	50695
11	3144	8651.500896200632	50691
11	3151	8670	50694
11	3162	8700	50700
11	3166	8721.698577720443	50703
11	3172	8730	50698
11	3191	8800	50701
11	3254	9010	50704
11	3266	9040	50711
11	3287	9110.859509260296	50719
11	3288	9115.240262494631	50720
11	3310	9180	50718
11	3310	9180	50721
11	3331	9240	50717
11	3333	9247.382604188956	50722
11	3348	9297.473360847575	50726
11	3352	9300	50727
11	3364	9330	50732
11	3372	9360	50725
11	3373	9369.149137020509	50728
11	3374	9370	50716
11	3398	9420	50735
11	3407	9450	50738
11	3460	9600	50737
11	3460	9600	50741
11	3464	9610	50734
11	3483	9660	50747
11	3483	9660	50749
11	3483	9660	50751
11	3505	9720	50745
11	3506	9730	50742
11	3508	9730	50743
11	3530	9796.719369234506	50757
11	3538	9810	50758
11	3552	9840	50752
11	3552	9840	50753
11	3554	9848.399782910493	50756
11	3578	9911.861991345446	50763
11	3586	9930	50760
11	3586	9930	50762
11	3586	9930	50764
11	3621	10020	50770
11	3622	10023.422975859629	50772
11	3637	10050	50773
11	3647	10080	50761
11	3662	10120	50768
11	3681	10168.930767549832	50784
11	3685	10170	50783
11	3686	10176.902162965127	50785
11	3698	10210.587408717644	50769
11	3713	10240	50774
11	3714	10240	50776
11	3736	10290.560059441804	50790
11	3743	10320	50780
11	3772	10380	50792
11	3807	10482.012664463874	50795
11	3815	10500	50798
11	3815	10500	50799
11	3834	10560	50793
11	3861	10620	50806
11	3863	10625.980742857638	50812
11	3874	10650	50813
11	3888	10680	50805
11	3919	10740	50819
11	3935	10770	50817
11	3935	10770	50821
11	3935	10770	50823
11	3950	10810	50808
11	3973	10860	50833
11	3986	10890	50829
11	3986	10890	50830
11	3986	10890	50831
11	3994	10920	50822
11	3994	10920	50827
11	3994	10920	50828
11	3994	10920	50824
11	3996	10930	50815
11	4003	10950	50826
11	4015	10980	50834
11	4077	11160	50835
11	4077	11160	50836
11	4085	11190	50838
11	4124	11298.591001224715	50839
11	4141	11340	50847
11	4146	11353.754963568433	50853
11	4181	11430	50843
11	4198	11460	50855
11	4202	11469.781462437956	50867
11	4212	11490	50859
11	4225	11520	50849
11	4225	11520	50852
11	4226	11522.726054218512	50860
11	4228	11530	50844
11	4252	11580	50873
11	4262	11610	50874
11	4279	11640	50870
11	4279	11640	50864
11	4279	11640	50866
11	4282	11650	50851
11	4283	11650	50857
11	4284	11650	50861
11	4304	11700.195108447729	50885
11	4334	11760	50878
11	4334	11760	50879
11	4334	11760	50881
11	4334	11760	50882
11	4334	11760	50883
11	4334	11760	50884
11	4362	11836.971813821931	50890
11	4395	11910	50887
11	4418	11970	50897
11	4429	12010	50886
11	4440	12030	50894
11	4453	12060	50905
11	4454	12067.729248938591	50906
11	4465	12090	50901
11	4480	12130	50892
11	4518	12210	50909
11	4530	12240	50903
11	4531	12250	50900
11	4552	12300	50920
11	4578	12360	50914
11	4581	12370	50911
11	4583	12372.889869497565	50913
11	4595	12400	50921
11	4624	12474.422013370548	50932
11	4628	12480	50923
11	4628	12480	50925
11	4628	12480	50924
11	4628	12480	50926
11	4630	12490	50918
11	4650	12540	50933
11	4689	12640	50934
11	4695	12660	50939
11	4709	12690	50944
11	4720	12720	50935
11	4758	12850	50942
11	4759	12850	50937
11	4775	12880	50949
11	4794	12930	50955
11	4805	12960	50950
11	4805	12960	50952
11	4826	13020	50960
11	4845	13080	50959
11	4845	13080	50957
11	4862	13120	50964
11	4905	13249.555990627459	50968
11	4910	13260	50969
11	4920	13290	50976
11	4948	13360	50975
11	4962	13393.732517881213	50985
11	4967	13410	50981
11	4967	13410	50984
11	5007	13500	50987
11	5047	13600	50986
11	5051	13617.648412487891	50994
11	5056	13620	50997
11	5057	13621.407223533173	51000
11	5077	13680	50993
11	5119	13770	51009
11	5132	13800	50998
11	5132	13800	51001
11	5132	13800	51004
11	5150	13830	51002
11	5159	13860	51014
11	5159	13860	51018
11	5173	13890	51016
11	5173	13890	51019
11	5173	13890	51020
11	5182	13906.201211267475	51023
11	5189	13920	51013
11	5214	13980	51022
11	5214	13980	51026
11	5214	13980	51028
11	5230	14026.552667261832	51032
11	5237	14050	51011
11	5260	14100	51033
11	5287	14160	51024
11	5287	14160	51027
11	5308	14220	51039
11	5308	14220	51040
11	5308	14220	51041
11	5311	14228.781173708351	51044
11	5331	14272.008502750903	51048
11	5335	14280	51034
11	5351	14323.767807035086	51042
11	5352	14326.806437895734	51043
11	5361	14357.50755159818	51050
11	5368	14370	51049
11	5381	14410	51036
11	5382	14410	51037
11	5401	14460	51055
11	5408	14470.218076424622	51058
11	5425	14520	51054
11	5425	14520	51052
11	5456	14610	51062
11	5467	14650	51053
11	5478	14680	51059
11	5549	14880	51063
11	5549	14880	51070
11	5550	14890	51061
11	5551	14890	51066
11	5560	14910	51071
11	5573	14940	51080
11	5584	14970	51081
11	5598	15010	51073
11	5612	15040	51075
11	5613	15040	51076
11	5621	15060	51087
11	5634	15090	51090
11	5634	15090	51091
11	5648	15120	51079
11	5648	15120	51089
11	5652	15130	51077
11	5678	15180	51097
11	5706	15250	51085
11	5715	15280	51095
11	5735	15326.16049629662	51112
11	5751	15360	51099
11	5751	15360	51101
11	5751	15360	51105
11	5752	15370	51094
11	5753	15370	51093
11	5769	15405.524407243719	51109
11	5776	15423.183879515283	51117
11	5782	15444.18772048162	51119
11	5786	15450	51118
11	5810	15510	51110
11	5813	15520	51116
11	5824	15540	51121
11	5841	15579.694603155792	51125
11	5860	15630	51120
11	5871	15660	51124
11	5884	15690	51133
11	5893	15726.114278374356	51127
11	5914	15780	51136
11	5938	15840	51137
11	5938	15840	51130
11	5938	15840	51132
11	5938	15840	51135
11	5939	15850	51128
11	5948	15880	51139
11	5954	15900	51142
11	5964	15930	51144
11	5978	15960	51141
11	5978	15960	51143
11	5999	16020	51146
11	6040	16140	51150
11	6040	16140	51151
11	6078	16260	51157
11	6096	16320	51153
11	6099	16330	51149
11	6119	16384.477492399059	51167
11	6143	16440	51162
11	6145	16450	51154
11	6146	16450	51156
11	6163	16500	51171
11	6179	16530	51174
11	6190	16560	51169
11	6190	16560	51168
11	6211	16620	51178
11	6217	16627.422484088889	51183
11	6221	16630.109842971048	51185
11	6227	16650	51179
11	6244	16710	51176
11	6260	16740	51192
11	6271	16770	51188
11	6271	16770	51189
11	6271	16770	51191
11	6271	16770	51193
11	6282	16800	51180
11	6282	16800	51182
11	6293	16830	51190
11	6305	16860	51196
11	6315	16873.504086180384	51199
11	6322	16890	51198
11	6358	16980	51202
11	6385	17040	51201
11	6387	17041.722323438861	51204
11	6413	17130	51212
11	6425	17160	51207
11	6425	17160	51210
11	6438	17220	51218
11	6459	17280	51213
11	6459	17280	51215
11	6459	17280	51214
11	6459	17280	51217
11	6487	17370	51220
11	6487	17370	51221
11	6488	17375.621326301645	51223
11	6529	17490	51226
11	6529	17490	51227
11	6530	17494.847734729094	51232
11	6536	17520	51222
11	6548	17560	51224
11	6577	17640	51231
11	6581	17650	51225
11	6607	17712.973243267038	51242
11	6613	17730	51237
11	6613	17730	51240
11	6630	17760	51235
11	6653	17820	51244
11	6658	17840.991199957903	51252
11	6679	17880	51243
11	6679	17880	51246
11	6692	17910	51247
11	6744	18048.291982896195	51262
11	6757	18079.972634559896	51269
11	6775	18120	51259
11	6775	18120	51263
11	6775	18120	51264
11	6776	18125.039911265395	51267
11	6782	18150	51265
11	6830	18300	51276
11	6849	18360	51273
11	6852	18370	51268
11	6889	18480	51277
11	6891	18490	51274
11	6910	18540	51288
11	6910	18540	51289
11	6917	18570	51287
11	6927	18603.377301421276	51285
11	6965	18730	51283
11	6982	18760	51291
11	6987	18780	51295
11	6990	18787.616362070769	51296
11	7036	18900	51298
11	7044	18930	51304
11	7044	18930	51305
11	7046	18935.06152008081	51311
11	7055	18960	51301
11	7055	18960	51302
11	7056	18970	51294
11	7065	19000	51303
11	7099	19080	51309
11	7099	19080	51310
11	7100	19090	51297
11	7111	19110	51315
11	7136	19170	51319
11	7198	19320	51323
11	7198	19320	51326
11	7214	19380	51334
11	7214	19380	51336
11	7222	19410	51338
11	7237	19440	51329
11	7237	19440	51333
11	7247	19480	51335
11	7256	19500	51339
11	7267	19530	51340
11	7278	19570	51332
11	7286	19590	51341
11	7304	19647.181701744828	51349
11	7311	19672.17874142655	51350
11	7328	19710	51342
11	7337	19740	51351
11	7345	19770	51352
11	7354	19799.229687180334	51358
11	7358	19800	51345
11	7358	19800	51346
11	7360	19810	51347
11	7407	19930	51348
11	7413	19950	51354
12	402	1090	314.99753810291
12	446	1210	391.07685041515
12	463	1250	340.595511122
12	534	1450	379.67023877841
12	538	1460	433.97135545205
12	808	2080	378.5200777961
12	809	2080	338.81558952144
12	825	2106.105758073328	300
12	827	2110	266.18589412499
12	828	2110	238.13850650112
12	855	2170	362.82201305247
12	856	2170	354.43532404276
12	857	2170	317.82078688656
12	861	2180	414.45210042169
12	869	2200	347.07402640115
12	870	2200	308.28516751599
12	958	2450	312.3420004708
12	1030	2650	327.00710715601
12	1044	2690	357.07547783938
12	1082	2800	358.98164624222
12	1120	2920	389.31952065454
12	1121	2920	300.91083711791
12	1155	3040	380.04362118644
12	1224	3260	476.36374877317
12	1352	3620	433.65893421737
12	1362	3649.485553264337	300
12	1370	3670	280.23724205035
12	1371	3670	272.43521822765
12	1577	4330	313.87953437398
12	1664	4570	337.69356709949
12	1667	4570	370.61153041449
12	1726	4720	345.82946132483
12	1759	4810	328.36320259548
12	1827	4990	281.23239217085
12	1907	5200	350.19927729973
12	1923	5230	283.78211524954
12	1948	5290	372.82970699061
12	2005	5420	539.49264521094
12	2100	5650	374.76344562827
12	2120	5710	221.61400438726
12	2146	5770	397.8664040769
12	2236	6020	415.74468143298
12	2317	6250	392.56277021831
12	2321	6260	423.56380662265
12	2340	6310	253.02295051102
12	2361	6370	327.34067207181
12	2364	6380	420.86640547317
12	2403	6490	406.52286973852
12	2406	6500	524.61190008484
12	2448	6620	428.54378436617
12	2449	6620	491.59754807535
12	2460	6650	306.52748236924
12	2491	6760	306.71599665186
12	2676	7370	356.62417674826
12	2731	7516.868637501956	200
12	2805	7720	317.0682452981
12	2806	7720	306.25208308207
12	2860	7870	288.39203987884
12	2982	8170	303.20099526027
12	2992	8210	308.30500394575
12	3065	8410	361.44618474402
12	3103	8530	406.33371281094
12	3106	8540	412.08259644012
12	3146	8660	458.10845609423
12	3153	8680	370.31452483521
12	3184	8780	482.90567912406
12	3228	8921.698577720443	300
12	3253	9010	401.19246911651
12	3297	9140	445.18674148121
12	3314	9190	275.01125994628
12	3387	9400	393.27344314168
12	3507	9730	358.15703644418
12	3512	9740	447.08563175485
12	3598	9970	360.51240940882
12	3668	10130	315.68126181235
12	3709	10240	328.68089668265
12	3710	10240	316.57702414037
12	3745	10330	347.89734687314
12	3746	10330	334.65182364189
12	3750	10340	502.05410823636
12	3751	10340	425.04652524577
12	3894	10690	368.82172628711
12	3949	10810	387.7071541158
12	3955	10820	452.03876784572
12	3960	10840	314.01925714236
12	4041	11060	484.45451756843
12	4122	11290	361.88490086431
12	4203	11470	242.38509594284
12	4337	11770	420.17586372523
12	4390	11900	440.83956798357
12	4409	11950	246.59391716402
12	4498	12170	315.34487172307
12	4556	12310	239.58345265235
12	4580	12370	358.04662547448
12	4634	12500	408.80069494974
12	4810	12970	425.82533290826
12	4847	13090	409.70836669183
12	4848	13090	302.3705969287
12	4935	13340	452.00115306933
12	5033	13580	484.3100771643
12	5044	13600	306.26748211879
12	5084	13700	455.10195883053
12	5136	13810	433.93031401819
12	5153	13840	364.9643119792
12	5164	13870	277.9632919392
12	5192	13930	342.66680971127
12	5254	14090	313.12345120841
12	5261	14106.201211267475	300
12	5394	14440	340.35011113277
12	5603	15020	462.59400863629
12	5655	15140	496.74905065482
12	5667	15160	330.91541243551
12	5672	15170	337.63247926214
12	5779	15430	204.51918467854
12	5907	15760	335.44911399291
12	5982	15980	504.55067813957
12	6029	16120	380.67885734683
12	6068	16240	366.27414305043
12	6147	16450	329.51643629885
12	6219	16630	214.6557729748
12	6236	16690	434.77086089341
12	6285	16810	397.22580405503
12	6306	16870	220.35520094937
12	6352	16970	344.05457179232
12	6395	17080	306.49591381962
12	6407	17113.605433355365	200
12	6462	17300	453.56232654501
12	6463	17300	416.86969534742
12	6582	17650	316.75660798833
12	6583	17660	504.34527939085
12	6661	17845.466178902577	200
12	6681	17890	426.79251328041
12	6743	18040.991199957903	300
12	6816	18260	522.96648653727
12	6817	18260	508.71161776693
12	6912	18550	280.77111726103
12	6931	18620	401.81561741286
12	7159	19220	494.80058088688
12	7176	19270	268.73025753992
12	7204	19340	446.14420174022
12	7289	19600	388.91367464011
12	7409	19940	505.30399982082
13	402	1090	14.997538102906
13	446	1210	91.076850415147
13	463	1250	40.595511121999
13	534	1450	79.670238778414
13	538	1460	33.971355452046
13	808	2080	78.520077796104
13	809	2080	38.815589521441
13	825	2106.105758073328	0
13	827	2110	66.185894124986
13	828	2110	38.138506501118
13	855	2170	62.822013052469
13	856	2170	54.435324042762
13	857	2170	17.820786886558
13	861	2180	14.452100421687
13	869	2200	47.074026401147
13	870	2200	8.285167515986
13	958	2450	12.342000470805
13	1030	2650	27.007107156015
13	1044	2690	57.075477839383
13	1082	2800	58.981646242223
13	1120	2920	89.31952065454
13	1121	2920	0.910837117907
13	1155	3040	80.043621186445
13	1224	3260	76.36374877317
13	1352	3620	33.658934217367
13	1362	3649.485553264337	0
13	1370	3670	80.237242050353
13	1371	3670	72.435218227654
13	1577	4330	13.879534373976
13	1664	4570	37.693567099491
13	1667	4570	70.611530414485
13	1726	4720	45.829461324834
13	1759	4810	28.363202595475
13	1827	4990	81.232392170852
13	1907	5200	50.199277299728
13	1923	5230	83.782115249545
13	1948	5290	72.82970699061
13	2005	5420	139.49264521094
13	2100	5650	74.763445628269
13	2120	5710	21.614004387262
13	2146	5770	97.866404076905
13	2236	6020	15.744681432976
13	2317	6250	92.562770218313
13	2321	6260	23.563806622655
13	2340	6310	53.022950511025
13	2361	6370	27.340672071807
13	2364	6380	20.866405473174
13	2403	6490	106.52286973852
13	2406	6500	124.61190008484
13	2448	6620	28.54378436617
13	2449	6620	91.597548075353
13	2460	6650	6.527482369241
13	2491	6760	6.715996651856
13	2676	7370	56.624176748264
13	2731	7516.868637501956	0
13	2805	7720	17.0682452981
13	2806	7720	6.252083082074
13	2860	7870	88.392039878845
13	2982	8170	3.200995260265
13	2992	8210	8.30500394575
13	3065	8410	61.44618474402
13	3103	8530	106.33371281094
13	3106	8540	12.082596440118
13	3146	8660	58.108456094226
13	3153	8680	70.314524835215
13	3184	8780	82.905679124065
13	3228	8921.698577720443	0
13	3253	9010	101.19246911651
13	3297	9140	45.186741481207
13	3314	9190	75.011259946276
13	3387	9400	93.273443141677
13	3507	9730	58.157036444181
13	3512	9740	47.085631754854
13	3598	9970	60.512409408816
13	3668	10130	15.681261812353
13	3709	10240	28.680896682651
13	3710	10240	16.577024140371
13	3745	10330	47.897346873137
13	3746	10330	34.651823641892
13	3750	10340	102.05410823636
13	3751	10340	25.046525245768
13	3894	10690	68.821726287114
13	3949	10810	87.707154115803
13	3955	10820	52.038767845722
13	3960	10840	14.019257142362
13	4041	11060	84.454517568426
13	4122	11290	61.884900864306
13	4203	11470	42.385095942844
13	4337	11770	120.17586372523
13	4390	11900	40.839567983568
13	4409	11950	46.593917164023
13	4498	12170	15.344871723065
13	4556	12310	39.583452652348
13	4580	12370	58.046625474483
13	4634	12500	8.800694949745
13	4810	12970	125.82533290826
13	4847	13090	109.70836669183
13	4848	13090	2.370596928698
13	4935	13340	52.001153069334
13	5033	13580	84.310077164303
13	5044	13600	6.267482118787
13	5084	13700	55.101958830528
13	5136	13810	133.93031401819
13	5153	13840	64.964311979202
13	5164	13870	77.963291939197
13	5192	13930	42.666809711275
13	5254	14090	13.123451208411
13	5261	14106.201211267475	0
13	5394	14440	40.350111132768
13	5603	15020	62.594008636295
13	5655	15140	96.749050654825
13	5667	15160	30.915412435513
13	5672	15170	37.632479262143
13	5779	15430	4.51918467854
13	5907	15760	35.449113992912
13	5982	15980	104.55067813957
13	6029	16120	80.678857346829
13	6068	16240	66.274143050434
13	6147	16450	29.516436298854
13	6219	16630	14.655772974799
13	6236	16690	134.77086089342
13	6285	16810	97.225804055028
13	6306	16870	20.355200949374
13	6352	16970	44.054571792324
13	6395	17080	6.495913819616
13	6407	17113.605433355365	0
13	6462	17300	53.562326545015
13	6463	17300	16.869695347422
13	6582	17650	16.756607988334
13	6583	17660	104.34527939085
13	6661	17845.466178902577	0
13	6681	17890	126.79251328041
13	6743	18040.991199957903	0
13	6816	18260	122.96648653727
13	6817	18260	108.71161776693
13	6912	18550	80.771117261031
13	6931	18620	1.815617412861
13	7159	19220	94.800580886883
13	7176	19270	68.730257539921
13	7204	19340	46.144201740215
13	7289	19600	88.91367464011
13	7409	19940	105.30399982082
14	402	1090	2
14	446	1210	2
14	463	1250	2
14	534	1450	2
14	538	1460	3
14	808	2080	2
14	809	2080	2
14	825	2106.105758073328	2
14	827	2110	1
14	828	2110	1
14	855	2170	2
14	856	2170	2
14	857	2170	2
14	861	2180	3
14	869	2200	2
14	870	2200	2
14	958	2450	2
14	1030	2650	2
14	1044	2690	2
14	1082	2800	2
14	1120	2920	2
14	1121	2920	2
14	1155	3040	2
14	1224	3260	3
14	1352	3620	3
14	1362	3649.485553264337	2
14	1370	3670	1
14	1371	3670	1
14	1577	4330	2
14	1664	4570	2
14	1667	4570	2
14	1726	4720	2
14	1759	4810	2
14	1827	4990	1
14	1907	5200	2
14	1923	5230	1
14	1948	5290	2
14	2005	5420	3
14	2100	5650	2
14	2120	5710	1
14	2146	5770	2
14	2236	6020	3
14	2317	6250	2
14	2321	6260	3
14	2340	6310	1
14	2361	6370	2
14	2364	6380	3
14	2403	6490	2
14	2406	6500	3
14	2448	6620	3
14	2449	6620	3
14	2460	6650	2
14	2491	6760	2
14	2676	7370	2
14	2731	7516.868637501956	1
14	2805	7720	2
14	2806	7720	2
14	2860	7870	1
14	2982	8170	2
14	2992	8210	2
14	3065	8410	2
14	3103	8530	2
14	3106	8540	3
14	3146	8660	3
14	3153	8680	2
14	3184	8780	3
14	3228	8921.698577720443	2
14	3253	9010	2
14	3297	9140	3
14	3314	9190	1
14	3387	9400	2
14	3507	9730	2
14	3512	9740	3
14	3598	9970	2
14	3668	10130	2
14	3709	10240	2
14	3710	10240	2
14	3745	10330	2
14	3746	10330	2
14	3750	10340	3
14	3751	10340	3
14	3894	10690	2
14	3949	10810	2
14	3955	10820	3
14	3960	10840	2
14	4041	11060	3
14	4122	11290	2
14	4203	11470	1
14	4337	11770	2
14	4390	11900	3
14	4409	11950	1
14	4498	12170	2
14	4556	12310	1
14	4580	12370	2
14	4634	12500	3
14	4810	12970	2
14	4847	13090	2
14	4848	13090	2
14	4935	13340	3
14	5033	13580	3
14	5044	13600	2
14	5084	13700	3
14	5136	13810	2
14	5153	13840	2
14	5164	13870	1
14	5192	13930	2
14	5254	14090	2
14	5261	14106.201211267475	2
14	5394	14440	2
14	5603	15020	3
14	5655	15140	3
14	5667	15160	2
14	5672	15170	2
14	5779	15430	1
14	5907	15760	2
14	5982	15980	3
14	6029	16120	2
14	6068	16240	2
14	6147	16450	2
14	6219	16630	1
14	6236	16690	2
14	6285	16810	2
14	6306	16870	1
14	6352	16970	2
14	6395	17080	2
14	6407	17113.605433355365	1
14	6462	17300	3
14	6463	17300	3
14	6582	17650	2
14	6583	17660	3
14	6661	17845.466178902577	1
14	6681	17890	2
14	6743	18040.991199957903	2
14	6816	18260	3
14	6817	18260	3
14	6912	18550	1
14	6931	18620	3
14	7159	19220	3
14	7176	19270	1
14	7204	19340	3
14	7289	19600	2
14	7409	19940	3
15	372	1010	438.41831053526
15	431	1160	336.375930397
15	462	1250	538.9258361597
15	701	1840	368.91862745225
15	810	2080	408.22276334242
15	814	2080	300.02421589667
15	834	2120	384.63785999311
15	912	2320	358.81317278152
15	1091	2830	300.89827794318
15	1328	3550	385.0456155833
15	1359	3640	327.27024336231
15	1450	3920	380.51714016762
15	1466	3982.308475517628	200
15	1505	4096.80412546638	200
15	1513	4120	335.48374768723
15	1586	4360	364.77149791488
15	1633	4480	384.58758425588
15	1682	4610	488.07321821609
15	1683	4610	504.01443669137
15	1774	4850	494.81520796838
15	1898	5170	287.09934428625
15	1969	5330	468.7760418621
15	2061	5560	348.12897016568
15	2066	5568.826247413724	300
15	2124	5720	314.09523156584
15	2198	5920	395.42762808812
15	2244	6040	315.25191540163
15	2248	6050	403.22255346122
15	2284	6160	323.22380973903
15	2289	6170	447.98601210237
15	2457	6640	381.22939999738
15	2525	6890	425.5118705773
15	2564	7030	356.56050412573
15	2585	7090	201.54677184723
15	2670	7360	414.94757159304
15	2777	7640	325.98990939467
15	2811	7730	470.01219016881
15	2840	7810	234.77231752916
15	2946	8088.465839432539	300
15	3039	8330	474.67925756951
15	3077	8450	480.8590965132
15	3078	8450	400.01672098666
15	3126	8600	355.98830588352
15	3234	8950	366.59636168268
15	3479	9650	504.23757788268
15	3486	9680	363.50798958215
15	3523	9770	497.6909407519
15	3524	9770	453.77706308834
15	3650	10093.35934890685	200
15	3666	10130	433.28063076549
15	3667	10130	422.0276505097
15	3724	10270	409.17240645403
15	3749	10330	215.56194580545
15	3762	10360	388.06115965778
15	3811	10490	421.06923245017
15	3867	10630	356.21978321901
15	3923	10750	372.41971414662
15	3952	10810	211.98512533104
15	3966	10850	482.60671367572
15	3975	10870	358.29275097372
15	4022	11000	363.54391682366
15	4049	11090	489.66621341152
15	4088	11210	463.76947102039
15	4145	11350	333.21428667966
15	4185	11440	331.33743731317
15	4204	11470	310.82546313325
15	4295	11680	368.39522394733
15	4310	11720	365.27452244601
15	4497	12170	433.02818617807
15	4510	12200	313.74981293085
15	4582	12370	261.40142899378
15	4598	12410	461.01785450626
15	4611	12435.789992502636	300
15	4788	12910	397.77457757913
15	4822	13010	515.31119864675
15	4828	13040	301.27017784502
15	4871	13160	306.14629630723
15	4952	13370	507.45823520912
15	4997	13480	383.78544254681
15	5050	13610	519.24347008541
15	5095	13720	354.37155128289
15	5096	13720	352.06488510466
15	5113	13760	388.10508573945
15	5114	13760	368.49922243384
15	5115	13761.145579140556	300
15	5139	13810	209.51664922285
15	5219	14000	345.74545088614
15	5238	14050	254.10151253011
15	5303	14210	477.73596718926
15	5304	14210	480.48315511801
15	5318	14240	333.07750690512
15	5354	14330	403.44733273817
15	5427	14537.349084808452	200
15	5436	14560	425.20204425649
15	5442	14570	483.15940115701
15	5443	14570	481.52350302808
15	5480	14690	432.49244840182
15	5481	14690	456.60082802807
15	5513	14784.070439269107	200
15	5527	14830	385.31320920169
15	5578	14960	312.46271804145
15	5599	15010	276.92303670711
15	5611	15040	363.04627185748
15	5654	15130	232.759528385
15	5679	15190	349.15022402817
15	5684	15200	330.96241605179
15	5731	15320	310.59644337347
15	5764	15400	353.59846416836
15	5770	15410	445.4957101726
15	5781	15440	376.33547945574
15	5812	15520	371.56960896926
15	5909	15770	425.81227951838
15	5910	15770	436.76428210404
15	5918	15800	335.02071655498
15	5950	15890	410.30539684421
15	6036	16130	537.30283549915
15	6042	16160	302.68162571837
15	6057	16210	250.74324232411
15	6105	16347.225421587988	200
15	6156	16480	353.61826941844
15	6158	16490	480.58553402533
15	6166	16510	338.7851057343
15	6194	16570	251.93146616764
15	6202	16600	377.75836724001
15	6286	16810	221.58036384789
15	6349	16970	534.36744735882
15	6350	16970	442.57751591111
15	6408	17120	333.77627646567
15	6442	17240	309.335059061
15	6538	17530	201.43455104396
15	6646	17809.999723575607	300
15	6647	17810	495.06303570489
15	6648	17810	487.85057965849
15	6758	18080	329.77439058174
15	6803	18218.690854727677	300
15	6932	18626.484705365985	200
15	6938	18640	345.06673856755
15	7030	18890	454.11335463671
15	7169	19250	499.84715833205
15	7216	19390	378.28878253167
15	7258	19510	388.47002439934
15	7373	19850	500.12498657609
16	372	1010	38.41831053526
16	431	1160	36.375930397002
16	462	1250	138.9258361597
16	701	1840	68.918627452251
16	810	2080	108.22276334242
16	814	2080	0.024215896668
16	834	2120	84.637859993109
16	912	2320	58.813172781523
16	1091	2830	0.898277943181
16	1328	3550	85.045615583299
16	1359	3640	27.27024336231
16	1450	3920	80.517140167618
16	1466	3982.308475517628	0
16	1505	4096.80412546638	0
16	1513	4120	35.483747687231
16	1586	4360	64.771497914878
16	1633	4480	84.587584255878
16	1682	4610	88.073218216091
16	1683	4610	104.01443669136
16	1774	4850	94.815207968382
16	1898	5170	87.099344286246
16	1969	5330	68.776041862096
16	2061	5560	48.128970165681
16	2066	5568.826247413724	0
16	2124	5720	14.095231565836
16	2198	5920	95.427628088118
16	2244	6040	15.251915401626
16	2248	6050	3.222553461217
16	2284	6160	23.223809739032
16	2289	6170	47.986012102369
16	2457	6640	81.22939999738
16	2525	6890	25.511870577299
16	2564	7030	56.560504125725
16	2585	7090	1.546771847226
16	2670	7360	114.94757159304
16	2777	7640	25.989909394665
16	2811	7730	70.012190168807
16	2840	7810	34.772317529162
16	2946	8088.465839432539	0
16	3039	8330	74.679257569505
16	3077	8450	80.8590965132
16	3078	8450	0.016720986664
16	3126	8600	55.988305883521
16	3234	8950	66.596361682678
16	3479	9650	104.23757788268
16	3486	9680	63.507989582147
16	3523	9770	97.690940751896
16	3524	9770	53.777063088336
16	3650	10093.35934890685	0
16	3666	10130	33.280630765494
16	3667	10130	22.027650509702
16	3724	10270	109.17240645403
16	3749	10330	15.561945805449
16	3762	10360	88.061159657781
16	3811	10490	21.069232450168
16	3867	10630	56.219783219007
16	3923	10750	72.419714146619
16	3952	10810	11.985125331041
16	3966	10850	82.606713675724
16	3975	10870	58.292750973724
16	4022	11000	63.543916823659
16	4049	11090	89.66621341152
16	4088	11210	63.76947102039
16	4145	11350	33.214286679661
16	4185	11440	31.337437313168
16	4204	11470	10.825463133251
16	4295	11680	68.395223947326
16	4310	11720	65.274522446014
16	4497	12170	33.028186178069
16	4510	12200	13.749812930853
16	4582	12370	61.40142899378
16	4598	12410	61.017854506261
16	4611	12435.789992502636	0
16	4788	12910	97.774577579132
16	4822	13010	115.31119864675
16	4828	13040	1.270177845016
16	4871	13160	6.146296307229
16	4952	13370	107.45823520912
16	4997	13480	83.785442546808
16	5050	13610	119.24347008541
16	5095	13720	54.371551282887
16	5096	13720	52.064885104659
16	5113	13760	88.105085739453
16	5114	13760	68.499222433837
16	5115	13761.145579140556	0
16	5139	13810	9.516649222855
16	5219	14000	45.74545088614
16	5238	14050	54.101512530114
16	5303	14210	77.735967189263
16	5304	14210	80.483155118012
16	5318	14240	33.077506905123
16	5354	14330	3.447332738168
16	5427	14537.349084808452	0
16	5436	14560	125.20204425649
16	5442	14570	83.159401157015
16	5443	14570	81.523503028076
16	5480	14690	32.49244840182
16	5481	14690	56.600828028066
16	5513	14784.070439269107	0
16	5527	14830	85.313209201693
16	5578	14960	12.462718041451
16	5599	15010	76.923036707115
16	5611	15040	63.046271857483
16	5654	15130	32.759528385
16	5679	15190	49.150224028167
16	5684	15200	30.962416051788
16	5731	15320	10.596443373472
16	5764	15400	53.598464168359
16	5770	15410	45.495710172598
16	5781	15440	76.335479455745
16	5812	15520	71.569608969255
16	5909	15770	25.81227951838
16	5910	15770	36.764282104036
16	5918	15800	35.020716554982
16	5950	15890	10.305396844208
16	6036	16130	137.30283549915
16	6042	16160	2.681625718366
16	6057	16210	50.743242324107
16	6105	16347.225421587988	0
16	6156	16480	53.618269418443
16	6158	16490	80.585534025326
16	6166	16510	38.785105734296
16	6194	16570	51.93146616764
16	6202	16600	77.758367240015
16	6286	16810	21.58036384789
16	6349	16970	134.36744735882
16	6350	16970	42.577515911111
16	6408	17120	33.776276465672
16	6442	17240	9.335059061002
16	6538	17530	1.434551043961
16	6646	17809.999723575607	0
16	6647	17810	95.063035704894
16	6648	17810	87.850579658488
16	6758	18080	29.774390581738
16	6803	18218.690854727677	0
16	6932	18626.484705365985	0
16	6938	18640	45.066738567552
16	7030	18890	54.113354636708
16	7169	19250	99.847158332054
16	7216	19390	78.288782531672
16	7258	19510	88.470024399341
16	7373	19850	100.12498657609
17	372	1010	3
17	431	1160	2
17	462	1250	3
17	701	1840	2
17	810	2080	2
17	814	2080	2
17	834	2120	2
17	912	2320	2
17	1091	2830	2
17	1328	3550	2
17	1359	3640	2
17	1450	3920	2
17	1466	3982.308475517628	1
17	1505	4096.80412546638	1
17	1513	4120	2
17	1586	4360	2
17	1633	4480	2
17	1682	4610	3
17	1683	4610	3
17	1774	4850	3
17	1898	5170	1
17	1969	5330	3
17	2061	5560	2
17	2066	5568.826247413724	2
17	2124	5720	2
17	2198	5920	2
17	2244	6040	2
17	2248	6050	3
17	2284	6160	2
17	2289	6170	3
17	2457	6640	2
17	2525	6890	3
17	2564	7030	2
17	2585	7090	1
17	2670	7360	2
17	2777	7640	2
17	2811	7730	3
17	2840	7810	1
17	2946	8088.465839432539	2
17	3039	8330	3
17	3077	8450	3
17	3078	8450	3
17	3126	8600	2
17	3234	8950	2
17	3479	9650	3
17	3486	9680	2
17	3523	9770	3
17	3524	9770	3
17	3650	10093.35934890685	1
17	3666	10130	3
17	3667	10130	3
17	3724	10270	2
17	3749	10330	1
17	3762	10360	2
17	3811	10490	3
17	3867	10630	2
17	3923	10750	2
17	3952	10810	1
17	3966	10850	3
17	3975	10870	2
17	4022	11000	2
17	4049	11090	3
17	4088	11210	3
17	4145	11350	2
17	4185	11440	2
17	4204	11470	2
17	4295	11680	2
17	4310	11720	2
17	4497	12170	3
17	4510	12200	2
17	4582	12370	1
17	4598	12410	3
17	4611	12435.789992502636	2
17	4788	12910	2
17	4822	13010	3
17	4828	13040	2
17	4871	13160	2
17	4952	13370	3
17	4997	13480	2
17	5050	13610	3
17	5095	13720	2
17	5096	13720	2
17	5113	13760	2
17	5114	13760	2
17	5115	13761.145579140556	2
17	5139	13810	1
17	5219	14000	2
17	5238	14050	1
17	5303	14210	3
17	5304	14210	3
17	5318	14240	2
17	5354	14330	3
17	5427	14537.349084808452	1
17	5436	14560	2
17	5442	14570	3
17	5443	14570	3
17	5480	14690	3
17	5481	14690	3
17	5513	14784.070439269107	1
17	5527	14830	2
17	5578	14960	2
17	5599	15010	1
17	5611	15040	2
17	5654	15130	1
17	5679	15190	2
17	5684	15200	2
17	5731	15320	2
17	5764	15400	2
17	5770	15410	3
17	5781	15440	2
17	5812	15520	2
17	5909	15770	3
17	5910	15770	3
17	5918	15800	2
17	5950	15890	3
17	6036	16130	3
17	6042	16160	2
17	6057	16210	1
17	6105	16347.225421587988	1
17	6156	16480	2
17	6158	16490	3
17	6166	16510	2
17	6194	16570	1
17	6202	16600	2
17	6286	16810	1
17	6349	16970	3
17	6350	16970	3
17	6408	17120	2
17	6442	17240	2
17	6538	17530	1
17	6646	17809.999723575607	2
17	6647	17810	3
17	6648	17810	3
17	6758	18080	2
17	6803	18218.690854727677	2
17	6932	18626.484705365985	1
17	6938	18640	2
17	7030	18890	3
17	7169	19250	3
17	7216	19390	2
17	7258	19510	2
17	7373	19850	3
18	460	1240	352.6331923798
18	576	1542.528031690778	200
18	700	1840	374.60071136476
18	829	2110	360.7337247602
18	842	2139.686555950345	300
18	843	2140	258.01788828736
18	952	2440	393.27069912419
18	956	2450	497.78256448211
18	967	2480	376.50998299754
18	1038	2680	435.81404866947
18	1043	2690	421.38538155047
18	1131	2950	383.10774126428
18	1156	3040	402.47930275922
18	1161	3050	410.27176135179
18	1210	3220	245.25558449863
18	1231	3280	378.23005210106
18	1276	3400	398.36119162159
18	1403	3770	466.06477525595
18	1440	3890	513.36258494174
18	1441	3890	500.58604484891
18	1531	4196.619821916683	200
18	1608	4420	220.87504233344
18	1690	4630	320.29451617496
18	1744	4760	369.13517124818
18	2030	5480	333.40847189905
18	2152	5800	420.7025466728
18	2156	5810	536.2792589124
18	2157	5810	427.41561080147
18	2179	5860	282.6643548045
18	2242	6040	378.21830148159
18	2247	6050	464.76877535032
18	2330	6280	380.99137298127
18	2376	6410	538.84158519774
18	2415	6520	345.29576619615
18	2512	6847.663875391101	200
18	2557	7000	388.57048680725
18	2641	7280	329.24328125072
18	2671	7360	382.44800322279
18	2695	7420	252.94566072388
18	2716	7480	340.87737911707
18	2820	7760	309.64941488034
18	2850	7840	335.6993060035
18	2923	8029.787376026686	200
18	2955	8120	318.17381842539
18	3056	8380	225.73938220167
18	3114	8560	420.70740151161
18	3229	8930	475.16396937799
18	3241	8980	257.13888279405
18	3244	8989.374187551855	200
18	3268	9050	463.82047817258
18	3284	9100	200.43424985691
18	3399	9430	374.52929002456
18	3531	9800	354.299014534
18	3608	10000	369.6461260166
18	3611	10010	489.7983612058
18	3661	10120	407.82359217752
18	3782	10420	288.22547613653
18	3856	10610	419.4399405582
18	3914	10730	482.70290850731
18	3961	10840	359.14847405879
18	4008	10960	337.93756235616
18	4011	10970	441.0749317485
18	4047	11080	416.01719547261
18	4089	11210	501.23911198165
18	4309	11720	374.74304884727
18	4317	11731.221085372265	300
18	4349	11800	427.9639517338
18	4350	11800	352.88137233455
18	4359	11830	385.50606089224
18	4399	11930	493.26396232785
18	4448	12050	449.80489155227
18	4461	12080	368.68139856587
18	4593	12400	357.93382379955
18	4599	12410	489.4848132751
18	4701	12680	353.33940979283
18	4713	12700	259.63444493831
18	4778	12890	509.54458513449
18	4861	13120	367.69330166669
18	4970	13419.502372320354	300
18	5046	13600	409.89475908958
18	5103	13730	499.95231111729
18	5154	13850	500.01315964853
18	5202	13960	364.41812457842
18	5209	13970	448.59277646683
18	5246	14080	378.74706099203
18	5247	14080	349.22403352081
18	5312	14230	325.25878554617
18	5562	14920	357.92578003661
18	5567	14930	435.06340211866
18	5683	15200	346.04686115663
18	5765	15400	333.0480916138
18	5766	15400	301.2385870215
18	5872	15670	389.4660840013
18	5959	15920	385.26339729788
18	5992	16010	531.3047139224
18	6030	16120	430.95835071924
18	6124	16400	309.00142564395
18	6262	16750	380.58694899273
18	6316	16880	355.05173973325
18	6347	16960	355.27120633388
18	6594	17680	321.77178116118
18	6597	17690	491.39809617179
18	6671	17860	287.23979124656
18	6694	17920	325.87100803992
18	6704	17950	384.29351891882
18	6740	18040	358.75174919648
18	6745	18050	437.02675673296
18	6766	18090.131878718199	300
18	6786	18160	374.68483639218
18	6796	18200	357.36667070372
18	6835	18320	329.45457434172
18	6864	18410	430.0273654401
18	6937	18640	375.88349777919
18	6981	18760	316.75670368137
18	7031	18890	459.52045065225
18	7128	19160	384.11963940145
18	7137	19180	267.32914503635
18	7152	19208.917500047237	200
18	7168	19250	535.5591051745
18	7250	19490	480.28059667689
18	7261	19520	330.26818007922
18	7262	19520	330.16517888663
18	7371	19840	405.50091759869
18	7420	19972.17874142655	400
18	7428	20000	369.48701334655
19	460	1240	52.633192379801
19	576	1542.528031690778	0
19	700	1840	74.600711364762
19	829	2110	60.733724760197
19	842	2139.686555950345	0
19	843	2140	58.017888287364
19	952	2440	93.27069912419
19	956	2450	97.782564482113
19	967	2480	76.509982997537
19	1038	2680	135.81404866947
19	1043	2690	21.385381550467
19	1131	2950	83.107741264282
19	1156	3040	102.47930275922
19	1161	3050	10.271761351791
19	1210	3220	45.255584498633
19	1231	3280	78.230052101058
19	1276	3400	98.361191621587
19	1403	3770	66.064775255947
19	1440	3890	113.36258494174
19	1441	3890	100.58604484891
19	1531	4196.619821916683	0
19	1608	4420	20.875042333437
19	1690	4630	20.294516174963
19	1744	4760	69.135171248179
19	2030	5480	33.408471899046
19	2152	5800	120.7025466728
19	2156	5810	136.2792589124
19	2157	5810	27.415610801473
19	2179	5860	82.664354804496
19	2242	6040	78.218301481591
19	2247	6050	64.768775350323
19	2330	6280	80.991372981272
19	2376	6410	138.84158519774
19	2415	6520	45.295766196147
19	2512	6847.663875391101	0
19	2557	7000	88.570486807253
19	2641	7280	29.24328125072
19	2671	7360	82.448003222785
19	2695	7420	52.945660723881
19	2716	7480	40.877379117065
19	2820	7760	9.649414880339
19	2850	7840	35.699306003503
19	2923	8029.787376026686	0
19	2955	8120	18.173818425391
19	3056	8380	25.739382201668
19	3114	8560	120.70740151161
19	3229	8930	75.163969377992
19	3241	8980	57.138882794054
19	3244	8989.374187551855	0
19	3268	9050	63.820478172579
19	3284	9100	0.434249856909
19	3399	9430	74.529290024563
19	3531	9800	54.299014533999
19	3608	10000	69.646126016596
19	3611	10010	89.798361205802
19	3661	10120	107.82359217752
19	3782	10420	88.225476136534
19	3856	10610	19.439940558196
19	3914	10730	82.702908507314
19	3961	10840	59.14847405879
19	4008	10960	37.937562356159
19	4011	10970	41.074931748502
19	4047	11080	116.01719547261
19	4089	11210	101.23911198165
19	4309	11720	74.743048847274
19	4317	11731.221085372265	0
19	4349	11800	127.9639517338
19	4350	11800	52.881372334552
19	4359	11830	85.506060892237
19	4399	11930	93.263962327849
19	4448	12050	49.804891552271
19	4461	12080	68.681398565871
19	4593	12400	57.933823799554
19	4599	12410	89.484813275096
19	4701	12680	53.339409792831
19	4713	12700	59.634444938314
19	4778	12890	109.54458513449
19	4861	13120	67.693301666694
19	4970	13419.502372320354	0
19	5046	13600	109.89475908958
19	5103	13730	99.952311117294
19	5154	13850	100.01315964853
19	5202	13960	64.418124578418
19	5209	13970	48.592776466827
19	5246	14080	78.747060992027
19	5247	14080	49.224033520815
19	5312	14230	25.258785546166
19	5562	14920	57.925780036609
19	5567	14930	35.063402118659
19	5683	15200	46.046861156632
19	5765	15400	33.048091613798
19	5766	15400	1.238587021499
19	5872	15670	89.466084001304
19	5959	15920	85.263397297878
19	5992	16010	131.3047139224
19	6030	16120	130.95835071924
19	6124	16400	9.001425643948
19	6262	16750	80.586948992729
19	6316	16880	55.051739733247
19	6347	16960	55.271206333879
19	6594	17680	21.771781161179
19	6597	17690	91.398096171788
19	6671	17860	87.239791246559
19	6694	17920	25.871008039919
19	6704	17950	84.293518918823
19	6740	18040	58.751749196481
19	6745	18050	37.026756732962
19	6766	18090.131878718199	0
19	6786	18160	74.684836392179
19	6796	18200	57.366670703717
19	6835	18320	29.454574341725
19	6864	18410	30.027365440104
19	6937	18640	75.883497779186
19	6981	18760	16.756703681369
19	7031	18890	59.520450652251
19	7128	19160	84.11963940145
19	7137	19180	67.32914503635
19	7152	19208.917500047237	0
19	7168	19250	135.5591051745
19	7250	19490	80.280596676889
19	7261	19520	30.268180079222
19	7262	19520	30.165178886634
19	7371	19840	105.50091759869
19	7420	19972.17874142655	0
19	7428	20000	69.487013346552
20	460	1240	2
20	576	1542.528031690778	1
20	700	1840	2
20	829	2110	2
20	842	2139.686555950345	2
20	843	2140	1
20	952	2440	2
20	956	2450	3
20	967	2480	2
20	1038	2680	2
20	1043	2690	3
20	1131	2950	2
20	1156	3040	2
20	1161	3050	3
20	1210	3220	1
20	1231	3280	2
20	1276	3400	2
20	1403	3770	3
20	1440	3890	3
20	1441	3890	3
20	1531	4196.619821916683	1
20	1608	4420	1
20	1690	4630	2
20	1744	4760	2
20	2030	5480	2
20	2152	5800	2
20	2156	5810	3
20	2157	5810	3
20	2179	5860	1
20	2242	6040	2
20	2247	6050	3
20	2330	6280	2
20	2376	6410	3
20	2415	6520	2
20	2512	6847.663875391101	1
20	2557	7000	2
20	2641	7280	2
20	2671	7360	2
20	2695	7420	1
20	2716	7480	2
20	2820	7760	2
20	2850	7840	2
20	2923	8029.787376026686	1
20	2955	8120	2
20	3056	8380	1
20	3114	8560	2
20	3229	8930	3
20	3241	8980	1
20	3244	8989.374187551855	1
20	3268	9050	3
20	3284	9100	1
20	3399	9430	2
20	3531	9800	2
20	3608	10000	2
20	3611	10010	3
20	3661	10120	2
20	3782	10420	1
20	3856	10610	3
20	3914	10730	3
20	3961	10840	2
20	4008	10960	2
20	4011	10970	3
20	4047	11080	2
20	4089	11210	3
20	4309	11720	2
20	4317	11731.221085372265	2
20	4349	11800	2
20	4350	11800	2
20	4359	11830	2
20	4399	11930	3
20	4448	12050	3
20	4461	12080	2
20	4593	12400	2
20	4599	12410	3
20	4701	12680	2
20	4713	12700	1
20	4778	12890	3
20	4861	13120	2
20	4970	13419.502372320354	2
20	5046	13600	2
20	5103	13730	3
20	5154	13850	3
20	5202	13960	2
20	5209	13970	3
20	5246	14080	2
20	5247	14080	2
20	5312	14230	2
20	5562	14920	2
20	5567	14930	3
20	5683	15200	2
20	5765	15400	2
20	5766	15400	2
20	5872	15670	2
20	5959	15920	2
20	5992	16010	3
20	6030	16120	2
20	6124	16400	2
20	6262	16750	2
20	6316	16880	2
20	6347	16960	2
20	6594	17680	2
20	6597	17690	3
20	6671	17860	1
20	6694	17920	2
20	6704	17950	2
20	6740	18040	2
20	6745	18050	3
20	6766	18090.131878718199	2
20	6786	18160	2
20	6796	18200	2
20	6835	18320	2
20	6864	18410	3
20	6937	18640	2
20	6981	18760	2
20	7031	18890	3
20	7128	19160	2
20	7137	19180	1
20	7152	19208.917500047237	1
20	7168	19250	3
20	7250	19490	3
20	7261	19520	2
20	7262	19520	2
20	7371	19840	2
20	7420	19972.17874142655	3
20	7428	20000	2
21	380	1040	537.68434944824
21	381	1040	472.31369840435
21	441	1190	300.2807256562
21	526	1434.069048558966	300
21	564	1520	461.42218287069
21	574	1540	403.946776199
21	580	1550	336.0476854447
21	610	1640	511.10389277674
21	624	1663.515313103869	300
21	657	1750	346.17827675401
21	661	1760	426.76557085989
21	717	1870	373.37908748234
21	830	2110	369.10566602201
21	835	2120	447.82457536996
21	881	2230	412.51471070764
21	964	2470	307.83748225687
21	1053	2720	476.67978075145
21	1054	2720	451.8027364377
21	1092	2830	328.16710923002
21	1100	2860	360.8752294585
21	1139	2990	376.24486681742
21	1157	3040	266.2955132605
21	1159	3040	236.44250308293
21	1184	3129.091174519822	300
21	1202	3190	401.62978483437
21	1285	3430	355.60097701937
21	1287	3430	341.7951245022
21	1288	3430	301.17156136794
21	1329	3550	352.70466036084
21	1360	3640	278.57814198701
21	1375	3680	478.21989748
21	1420	3820	311.39793861584
21	1449	3910	427.28234795504
21	1492	4067.500101846857	300
21	1558	4280	434.60340222665
21	1610	4420	385.51679705055
21	1731	4732.123284918792	200
21	1741	4750	320.35218022971
21	1781	4870	393.59995295203
21	1829	4990	347.20974215673
21	1830	4990	325.84633560945
21	1964	5320	279.75906090073
21	1976	5350	348.29331197261
21	2031	5480	475.2266566896
21	2068	5579.919371481712	200
21	2076	5590	403.59567530199
21	2169	5837.20846511617	300
21	2213	5960	492.79963527637
21	2224	5980	396.7029778668
21	2265	6100	372.25305180837
21	2342	6310	407.01092793415
21	2373	6400	228.00944447473
21	2426	6550	334.32707620955
21	2431	6562.542074194687	400
21	2443	6608.294462293053	300
21	2482	6723.595930058954	300
21	2558	7000	250.30340467852
21	2672	7360	284.06867303565
21	2673	7360	230.73030082367
21	2728	7510	353.60956466162
21	2778	7640	424.07258343763
21	2873	7900	377.71000401987
21	2910	8000	432.11754088437
21	2951	8110	316.0234546394
21	2967	8140	359.68903190232
21	3003	8230	371.75807802529
21	3017	8260	391.12576934112
21	3093	8500	385.45793272014
21	3133	8620	393.81832625503
21	3164	8710	333.33515790785
21	3225	8920	254.52196248409
21	3313	9187.89419528728	200
21	3327	9230	333.17691106752
21	3391	9403.322446163338	200
21	3402	9440	444.28212740975
21	3444	9560	462.62002922755
21	3451	9580	393.66873673402
21	3547	9830	336.00369158109
21	3728	10280	493.91960727887
21	3829	10540	402.6195329884
21	3830	10540	358.97903883054
21	3883	10670	383.53332710364
21	3929	10760	506.05801674481
21	3976	10870	398.85259213053
21	4098	11230	376.51721032482
21	4162	11380	350.6628252391
21	4254	11590	424.80565536959
21	4269	11620	339.71560134535
21	4296	11680	278.51408345941
21	4364	11840	472.86592979914
21	4371	11860	385.88293837432
21	4413	11960	435.1361924245
21	4469	12100	329.87386970782
21	4523	12227.232855383794	300
21	4548	12295.053457665465	200
21	4558	12310	342.27075106141
21	4654	12560	486.83045646456
21	4700	12674.422013370548	300
21	4715	12710	355.99178859108
21	4751	12820	316.73233425944
21	4790	12920	500.8710913971
21	4916	13280	486.08272670372
21	4924	13300	334.93043515046
21	4972	13420	320.72336819014
21	4999	13480	221.88257081877
21	5020	13540	364.55665299075
21	5022	13550	341.27569569361
21	5184	13910	318.0125169817
21	5220	14000	452.6080593295
21	5406	14470	341.21882629165
21	5409	14472.008502750903	300
21	5439	14563.096375784972	200
21	5487	14710	339.78192357538
21	5787	15460	387.67271422044
21	5788	15460	330.20921177053
21	5828	15550	323.83950370338
21	5831	15560	438.37842607123
21	5845	15595.698524467971	300
21	5956	15910	337.96591748769
21	5960	15926.114278374356	400
21	5967	15940	362.91469155361
21	6002	16040	494.38300401307
21	6266	16760	459.45063565703
21	6267	16760	472.83903086589
21	6324	16900	371.26683686429
21	6362	16990	377.92119408301
21	6367	17000	472.58139818657
21	6406	17110	353.65881249333
21	6454	17270	331.83138294612
21	6481	17360	426.10580307578
21	6525	17480	445.58135657938
21	6560	17590	401.47722817994
21	6708	17960	485.2434210634
21	6717	17980	305.88877837755
21	6742	18040	244.40128256941
21	6770	18110	301.70457415533
21	6836	18320	464.60960816222
21	6844	18340	350.99005797133
21	6881	18460	406.8773377825
21	6885	18473.213167764613	300
21	6913	18550	352.38387520686
21	6949	18680	478.5847660619
21	6993	18803.377301421276	400
21	7066	19000	219.29830106246
21	7127	19150	314.93847991919
21	7129	19160	425.17458965461
21	7174	19260.413808818468	200
21	7263	19520	414.64333821279
21	7302	19640	479.37144761509
21	7339	19750	431.84971559558
21	7382	19870	322.81829825517
21	7427	19999.229687180334	300
22	380	1040	137.68434944824
22	381	1040	72.313698404349
22	441	1190	0.280725656204
22	526	1434.069048558966	0
22	564	1520	61.422182870695
22	574	1540	103.946776199
22	580	1550	36.047685444703
22	610	1640	111.10389277674
22	624	1663.515313103869	0
22	657	1750	46.17827675401
22	661	1760	26.765570859891
22	717	1870	73.379087482344
22	830	2110	69.105666022006
22	835	2120	47.824575369958
22	881	2230	112.51471070764
22	964	2470	7.837482256873
22	1053	2720	76.679780751452
22	1054	2720	51.802736437703
22	1092	2830	28.167109230016
22	1100	2860	60.875229458501
22	1139	2990	76.244866817419
22	1157	3040	66.295513260503
22	1159	3040	36.44250308293
22	1184	3129.091174519822	0
22	1202	3190	101.62978483437
22	1285	3430	55.600977019371
22	1287	3430	41.795124502201
22	1288	3430	1.171561367936
22	1329	3550	52.70466036084
22	1360	3640	78.578141987008
22	1375	3680	78.219897480003
22	1420	3820	11.397938615837
22	1449	3910	127.28234795504
22	1492	4067.500101846857	0
22	1558	4280	34.603402226649
22	1610	4420	85.516797050549
22	1731	4732.123284918792	0
22	1741	4750	20.35218022971
22	1781	4870	93.599952952029
22	1829	4990	47.20974215673
22	1830	4990	25.846335609454
22	1964	5320	79.759060900731
22	1976	5350	48.29331197261
22	2031	5480	75.226656689595
22	2068	5579.919371481712	0
22	2076	5590	103.59567530199
22	2169	5837.20846511617	0
22	2213	5960	92.799635276366
22	2224	5980	96.7029778668
22	2265	6100	72.25305180837
22	2342	6310	107.01092793415
22	2373	6400	28.009444474726
22	2426	6550	34.327076209552
22	2431	6562.542074194687	0
22	2443	6608.294462293053	0
22	2482	6723.595930058954	0
22	2558	7000	50.303404678516
22	2672	7360	84.068673035645
22	2673	7360	30.730300823672
22	2728	7510	53.609564661619
22	2778	7640	24.07258343763
22	2873	7900	77.710004019866
22	2910	8000	32.117540884369
22	2951	8110	16.023454639396
22	2967	8140	59.689031902317
22	3003	8230	71.758078025291
22	3017	8260	91.125769341118
22	3093	8500	85.457932720139
22	3133	8620	93.818326255028
22	3164	8710	33.335157907854
22	3225	8920	54.521962484089
22	3313	9187.89419528728	0
22	3327	9230	33.176911067525
22	3391	9403.322446163338	0
22	3402	9440	44.282127409753
22	3444	9560	62.620029227554
22	3451	9580	93.668736734016
22	3547	9830	36.003691581094
22	3728	10280	93.919607278873
22	3829	10540	102.6195329884
22	3830	10540	58.979038830536
22	3883	10670	83.533327103639
22	3929	10760	106.05801674481
22	3976	10870	98.852592130534
22	4098	11230	76.517210324823
22	4162	11380	50.662825239102
22	4254	11590	124.80565536959
22	4269	11620	39.715601345352
22	4296	11680	78.51408345941
22	4364	11840	72.86592979914
22	4371	11860	85.882938374322
22	4413	11960	35.136192424504
22	4469	12100	29.873869707822
22	4523	12227.232855383794	0
22	4548	12295.053457665465	0
22	4558	12310	42.270751061409
22	4654	12560	86.83045646456
22	4700	12674.422013370548	0
22	4715	12710	55.99178859108
22	4751	12820	16.732334259438
22	4790	12920	100.8710913971
22	4916	13280	86.082726703717
22	4924	13300	34.930435150457
22	4972	13420	20.723368190144
22	4999	13480	21.882570818767
22	5020	13540	64.556652990752
22	5022	13550	41.275695693612
22	5184	13910	18.012516981701
22	5220	14000	52.608059329501
22	5406	14470	41.218826291649
22	5409	14472.008502750903	0
22	5439	14563.096375784972	0
22	5487	14710	39.781923575378
22	5787	15460	87.67271422044
22	5788	15460	30.209211770533
22	5828	15550	23.83950370338
22	5831	15560	38.378426071232
22	5845	15595.698524467971	0
22	5956	15910	37.965917487695
22	5960	15926.114278374356	0
22	5967	15940	62.914691553613
22	6002	16040	94.383004013072
22	6266	16760	59.450635657033
22	6267	16760	72.839030865893
22	6324	16900	71.266836864286
22	6362	16990	77.92119408301
22	6367	17000	72.581398186575
22	6406	17110	53.658812493334
22	6454	17270	31.831382946116
22	6481	17360	26.105803075781
22	6525	17480	45.581356579384
22	6560	17590	101.47722817994
22	6708	17960	85.243421063405
22	6717	17980	5.888778377546
22	6742	18040	44.401282569413
22	6770	18110	1.704574155325
22	6836	18320	64.609608162219
22	6844	18340	50.990057971335
22	6881	18460	106.8773377825
22	6885	18473.213167764613	0
22	6913	18550	52.383875206857
22	6949	18680	78.5847660619
22	6993	18803.377301421276	0
22	7066	19000	19.298301062462
22	7127	19150	14.93847991919
22	7129	19160	25.174589654607
22	7174	19260.413808818468	0
22	7263	19520	14.64333821279
22	7302	19640	79.371447615088
22	7339	19750	131.84971559558
22	7382	19870	22.818298255172
22	7427	19999.229687180334	0
23	380	1040	3
23	381	1040	3
23	441	1190	2
23	526	1434.069048558966	2
23	564	1520	3
23	574	1540	2
23	580	1550	2
23	610	1640	3
23	624	1663.515313103869	2
23	657	1750	2
23	661	1760	3
23	717	1870	2
23	830	2110	2
23	835	2120	3
23	881	2230	2
23	964	2470	2
23	1053	2720	3
23	1054	2720	3
23	1092	2830	2
23	1100	2860	2
23	1139	2990	2
23	1157	3040	1
23	1159	3040	1
23	1184	3129.091174519822	2
23	1202	3190	2
23	1285	3430	2
23	1287	3430	2
23	1288	3430	2
23	1329	3550	2
23	1360	3640	1
23	1375	3680	3
23	1420	3820	2
23	1449	3910	2
23	1492	4067.500101846857	2
23	1558	4280	3
23	1610	4420	2
23	1731	4732.123284918792	1
23	1741	4750	2
23	1781	4870	2
23	1829	4990	2
23	1830	4990	2
23	1964	5320	1
23	1976	5350	2
23	2031	5480	3
23	2068	5579.919371481712	1
23	2076	5590	2
23	2169	5837.20846511617	2
23	2213	5960	3
23	2224	5980	2
23	2265	6100	2
23	2342	6310	2
23	2373	6400	1
23	2426	6550	2
23	2431	6562.542074194687	3
23	2443	6608.294462293053	2
23	2482	6723.595930058954	2
23	2558	7000	1
23	2672	7360	1
23	2673	7360	1
23	2728	7510	2
23	2778	7640	3
23	2873	7900	2
23	2910	8000	3
23	2951	8110	2
23	2967	8140	2
23	3003	8230	2
23	3017	8260	2
23	3093	8500	2
23	3133	8620	2
23	3164	8710	2
23	3225	8920	1
23	3313	9187.89419528728	1
23	3327	9230	2
23	3391	9403.322446163338	1
23	3402	9440	3
23	3444	9560	3
23	3451	9580	2
23	3547	9830	2
23	3728	10280	3
23	3829	10540	2
23	3830	10540	2
23	3883	10670	2
23	3929	10760	3
23	3976	10870	2
23	4098	11230	2
23	4162	11380	2
23	4254	11590	2
23	4269	11620	2
23	4296	11680	1
23	4364	11840	3
23	4371	11860	2
23	4413	11960	3
23	4469	12100	2
23	4523	12227.232855383794	2
23	4548	12295.053457665465	1
23	4558	12310	2
23	4654	12560	3
23	4700	12674.422013370548	2
23	4715	12710	2
23	4751	12820	2
23	4790	12920	3
23	4916	13280	3
23	4924	13300	2
23	4972	13420	2
23	4999	13480	1
23	5020	13540	2
23	5022	13550	2
23	5184	13910	2
23	5220	14000	3
23	5406	14470	2
23	5409	14472.008502750903	2
23	5439	14563.096375784972	1
23	5487	14710	2
23	5787	15460	2
23	5788	15460	2
23	5828	15550	2
23	5831	15560	3
23	5845	15595.698524467971	2
23	5956	15910	2
23	5960	15926.114278374356	3
23	5967	15940	2
23	6002	16040	3
23	6266	16760	3
23	6267	16760	3
23	6324	16900	2
23	6362	16990	2
23	6367	17000	3
23	6406	17110	2
23	6454	17270	2
23	6481	17360	3
23	6525	17480	3
23	6560	17590	2
23	6708	17960	3
23	6717	17980	2
23	6742	18040	1
23	6770	18110	2
23	6836	18320	3
23	6844	18340	2
23	6881	18460	2
23	6885	18473.213167764613	2
23	6913	18550	2
23	6949	18680	3
23	6993	18803.377301421276	3
23	7066	19000	1
23	7127	19150	2
23	7129	19160	3
23	7174	19260.413808818468	1
23	7263	19520	3
23	7302	19640	3
23	7339	19750	2
23	7382	19870	2
23	7427	19999.229687180334	2
24	379	1030	380.44212220958
24	393	1070	335.36788300325
24	432	1160	447.84354202536
24	619	1660	313.60980239199
24	672	1780	387.24859411996
24	721	1880	410.13286229551
24	732	1900	383.61422066546
24	733	1900	352.63989931163
24	882	2230	341.26688831682
24	893	2261.390903953944	300
24	1003	2590	393.288919465
24	1009	2603.873799223057	400
24	1094	2840	405.99187605915
24	1101	2860	321.95271319077
24	1286	3430	379.88760470512
24	1372	3670	403.88656292211
24	1380	3700	357.20906386808
24	1430	3859.685774747068	200
24	1491	4060	344.81630937974
24	1760	4810	252.42124874905
24	1782	4870	344.16346983975
24	1783	4870	318.87990317945
24	1786	4880	498.1100936262
24	1828	4990	424.56014842147
24	1833	5000	412.23445007493
24	1884	5140	394.43828325093
24	1924	5230	416.20938446801
24	1925	5230	390.74064439161
24	1926	5230	377.76937279576
24	2025	5470	363.94375018204
24	2077	5590	379.82133672538
24	2085	5620	372.95645858741
24	2086	5620	366.00211025315
24	2088	5624.405492093098	300
24	2181	5860	392.08572543532
24	2233	6010	268.27242514713
24	2343	6310	337.22434063939
24	2345	6313.664505853196	300
24	2430	6560	420.00655429684
24	2438	6580	381.88197603305
24	2455	6633.635865325419	200
24	2601	7160	508.04121194682
24	2732	7520	529.14839517182
24	2733	7520	448.1137264125
24	2775	7630	371.43951381942
24	2819	7754.700504577696	300
24	2821	7760	458.63900905251
24	2862	7870	424.61682495156
24	2909	8000	483.16100317084
24	3008	8240	417.33340210109
24	3045	8350	435.90477184782
24	3236	8950	373.5662303816
24	3400	9430	405.28744873004
24	3532	9800	415.75771219799
24	3632	10040	454.08878428702
24	3633	10040	434.01414901866
24	3677	10150	338.13800865455
24	3678	10150	404.01640850649
24	3679	10150	340.52947797761
24	3924	10750	407.761719903
24	3937	10780	397.539754514
24	3981	10880	441.27625695286
24	4017	10990	347.63904041605
24	4059	11110	398.47747229906
24	4061	11120	465.51682170763
24	4062	11120	456.46446395534
24	4151	11360	506.20595937343
24	4173	11410	249.76048940459
24	4219	11500	312.44199548706
24	4306	11710	435.28694301752
24	4311	11720	496.51757892005
24	4312	11722.726054218512	400
24	4360	11830	393.87381104297
24	4363	11840	447.3251558476
24	4412	11960	453.00771239332
24	4642	12514.014423022086	200
24	4702	12680	470.94195383093
24	4703	12680	470.59364869372
24	4762	12850	277.35445182568
24	4763	12850	258.48559189639
24	4796	12940	351.46506485831
24	4799	12950	382.06473475192
24	4849	13090	225.30169574985
24	4915	13280	421.06877955646
24	4974	13430	317.63607348056
24	5023	13550	337.10091612369
24	5060	13630	357.15429224404
24	5168	13880	472.40453205297
24	5264	14110	387.54920026287
24	5267	14120	414.53563071608
24	5313	14230	432.04977117063
24	5372	14380	349.86835983878
24	5421	14510	377.72932648467
24	5489	14720	452.8946401707
24	5642	15110	337.18847773547
24	5729	15310	374.41901394553
24	5795	15470	355.09119051218
24	5830	15560	496.25457077586
24	5843	15590	316.3956929167
24	5873	15670	346.81612048472
24	5931	15830.173110807121	300
24	6167	16510	389.66399487541
24	6263	16750	408.81580423433
24	6295	16833.658734179369	200
24	6309	16870	339.89015702895
24	6310	16870	402.86427480508
24	6361	16990	365.79469198798
24	6363	16990	369.80283650734
24	6366	17000	501.57330450457
24	6418	17140.291832604125	300
24	6479	17350	392.98614868354
24	6518	17470	422.87835511254
24	6523	17480	503.01638430796
24	6524	17480	499.63783292596
24	6606	17710	315.15226527091
24	6608	17720	451.52776716531
24	6706	17950	406.10442942358
24	6731	18010	265.02298521676
24	6755	18070	425.25542388831
24	6759	18080	416.54497432937
24	6769	18110	382.64908496688
24	6837	18320	444.32059711015
24	7005	18830	325.07927132667
24	7079	19030	379.80040532438
24	7130	19160	423.579672422
24	7138	19180	331.57415557844
24	7139	19180	321.03700853358
24	7203	19330	214.17816819224
24	7231	19430	310.80460931744
24	7299	19630	333.2782959319
24	7425	19990	379.46526131258
24	7429	20000	504.07212049636
24	7430	20000	500.89185017002
25	379	1030	80.442122209585
25	393	1070	35.367883003253
25	432	1160	47.84354202536
25	619	1660	13.609802391988
25	672	1780	87.248594119965
25	721	1880	10.132862295508
25	732	1900	83.614220665457
25	733	1900	52.639899311627
25	882	2230	41.26688831682
25	893	2261.390903953944	0
25	1003	2590	93.288919465
25	1009	2603.873799223057	0
25	1094	2840	5.991876059151
25	1101	2860	21.952713190769
25	1286	3430	79.887604705123
25	1372	3670	103.88656292211
25	1380	3700	57.209063868077
25	1430	3859.685774747068	0
25	1491	4060	44.816309379738
25	1760	4810	52.421248749048
25	1782	4870	44.163469839754
25	1783	4870	18.879903179452
25	1786	4880	98.110093626201
25	1828	4990	124.56014842147
25	1833	5000	12.23445007493
25	1884	5140	94.438283250934
25	1924	5230	116.20938446801
25	1925	5230	90.740644391606
25	1926	5230	77.769372795763
25	2025	5470	63.94375018204
25	2077	5590	79.821336725377
25	2085	5620	72.956458587409
25	2086	5620	66.002110253154
25	2088	5624.405492093098	0
25	2181	5860	92.08572543532
25	2233	6010	68.272425147132
25	2343	6310	37.224340639395
25	2345	6313.664505853196	0
25	2430	6560	20.00655429684
25	2438	6580	81.881976033048
25	2455	6633.635865325419	0
25	2601	7160	108.04121194682
25	2732	7520	129.14839517182
25	2733	7520	48.113726412496
25	2775	7630	71.439513819424
25	2819	7754.700504577696	0
25	2821	7760	58.639009052511
25	2862	7870	124.61682495156
25	2909	8000	83.161003170839
25	3008	8240	17.333402101089
25	3045	8350	135.90477184783
25	3236	8950	73.566230381604
25	3400	9430	105.28744873004
25	3532	9800	15.757712197995
25	3632	10040	54.088784287017
25	3633	10040	34.014149018655
25	3677	10150	38.138008654554
25	3678	10150	104.01640850649
25	3679	10150	40.529477977606
25	3924	10750	107.761719903
25	3937	10780	97.539754514004
25	3981	10880	41.27625695286
25	4017	10990	47.639040416054
25	4059	11110	98.477472299061
25	4061	11120	65.516821707634
25	4062	11120	56.464463955338
25	4151	11360	106.20595937343
25	4173	11410	49.760489404587
25	4219	11500	12.44199548706
25	4306	11710	135.28694301752
25	4311	11720	96.517578920052
25	4312	11722.726054218512	0
25	4360	11830	93.873811042968
25	4363	11840	47.3251558476
25	4412	11960	53.007712393319
25	4642	12514.014423022086	0
25	4702	12680	70.94195383093
25	4703	12680	70.59364869372
25	4762	12850	77.354451825685
25	4763	12850	58.485591896386
25	4796	12940	51.465064858308
25	4799	12950	82.064734751918
25	4849	13090	25.301695749854
25	4915	13280	21.068779556464
25	4974	13430	17.636073480561
25	5023	13550	37.100916123687
25	5060	13630	57.154292244039
25	5168	13880	72.40453205297
25	5264	14110	87.549200262874
25	5267	14120	14.535630716078
25	5313	14230	132.04977117063
25	5372	14380	49.868359838782
25	5421	14510	77.72932648467
25	5489	14720	52.894640170704
25	5642	15110	37.188477735474
25	5729	15310	74.419013945529
25	5795	15470	55.091190512183
25	5830	15560	96.254570775863
25	5843	15590	16.395692916697
25	5873	15670	46.816120484717
25	5931	15830.173110807121	0
25	6167	16510	89.663994875408
25	6263	16750	108.81580423433
25	6295	16833.658734179369	0
25	6309	16870	39.890157028952
25	6310	16870	102.86427480508
25	6361	16990	65.79469198798
25	6363	16990	69.802836507344
25	6366	17000	101.57330450457
25	6418	17140.291832604125	0
25	6479	17350	92.986148683539
25	6518	17470	122.87835511254
25	6523	17480	103.01638430796
25	6524	17480	99.637832925962
25	6606	17710	15.152265270906
25	6608	17720	51.527767165311
25	6706	17950	106.10442942358
25	6731	18010	65.022985216762
25	6755	18070	125.25542388831
25	6759	18080	16.544974329366
25	6769	18110	82.649084966883
25	6837	18320	44.32059711015
25	7005	18830	25.079271326666
25	7079	19030	79.80040532438
25	7130	19160	23.579672422
25	7138	19180	31.574155578436
25	7139	19180	21.037008533577
25	7203	19330	14.178168192235
25	7231	19430	10.804609317442
25	7299	19630	33.278295931898
25	7425	19990	79.465261312576
25	7429	20000	104.07212049636
25	7430	20000	100.89185017002
26	379	1030	2
26	393	1070	2
26	432	1160	3
26	619	1660	2
26	672	1780	2
26	721	1880	3
26	732	1900	2
26	733	1900	2
26	882	2230	2
26	893	2261.390903953944	2
26	1003	2590	2
26	1009	2603.873799223057	3
26	1094	2840	3
26	1101	2860	2
26	1286	3430	2
26	1372	3670	2
26	1380	3700	2
26	1430	3859.685774747068	1
26	1491	4060	2
26	1760	4810	1
26	1782	4870	2
26	1783	4870	2
26	1786	4880	3
26	1828	4990	2
26	1833	5000	3
26	1884	5140	2
26	1924	5230	2
26	1925	5230	2
26	1926	5230	2
26	2025	5470	2
26	2077	5590	2
26	2085	5620	2
26	2086	5620	2
26	2088	5624.405492093098	2
26	2181	5860	2
26	2233	6010	1
26	2343	6310	2
26	2345	6313.664505853196	2
26	2430	6560	3
26	2438	6580	2
26	2455	6633.635865325419	1
26	2601	7160	3
26	2732	7520	3
26	2733	7520	3
26	2775	7630	2
26	2819	7754.700504577696	2
26	2821	7760	3
26	2862	7870	2
26	2909	8000	3
26	3008	8240	3
26	3045	8350	2
26	3236	8950	2
26	3400	9430	2
26	3532	9800	3
26	3632	10040	3
26	3633	10040	3
26	3677	10150	2
26	3678	10150	2
26	3679	10150	2
26	3924	10750	2
26	3937	10780	2
26	3981	10880	3
26	4017	10990	2
26	4059	11110	2
26	4061	11120	3
26	4062	11120	3
26	4151	11360	3
26	4173	11410	1
26	4219	11500	2
26	4306	11710	2
26	4311	11720	3
26	4312	11722.726054218512	3
26	4360	11830	2
26	4363	11840	3
26	4412	11960	3
26	4642	12514.014423022086	1
26	4702	12680	3
26	4703	12680	3
26	4762	12850	1
26	4763	12850	1
26	4796	12940	2
26	4799	12950	2
26	4849	13090	1
26	4915	13280	3
26	4974	13430	2
26	5023	13550	2
26	5060	13630	2
26	5168	13880	3
26	5264	14110	2
26	5267	14120	3
26	5313	14230	2
26	5372	14380	2
26	5421	14510	2
26	5489	14720	3
26	5642	15110	2
26	5729	15310	2
26	5795	15470	2
26	5830	15560	3
26	5843	15590	2
26	5873	15670	2
26	5931	15830.173110807121	2
26	6167	16510	2
26	6263	16750	2
26	6295	16833.658734179369	1
26	6309	16870	2
26	6310	16870	2
26	6361	16990	2
26	6363	16990	2
26	6366	17000	3
26	6418	17140.291832604125	2
26	6479	17350	2
26	6518	17470	2
26	6523	17480	3
26	6524	17480	3
26	6606	17710	2
26	6608	17720	3
26	6706	17950	2
26	6731	18010	1
26	6755	18070	2
26	6759	18080	3
26	6769	18110	2
26	6837	18320	3
26	7005	18830	2
26	7079	19030	2
26	7130	19160	3
26	7138	19180	2
26	7139	19180	2
26	7203	19330	1
26	7231	19430	2
26	7299	19630	2
26	7425	19990	2
26	7429	20000	3
26	7430	20000	3
27	392	1070	523.59131218745
27	440	1190	494.93793839357
27	488	1330	320.95947999603
27	522	1420.058101786837	300
27	620	1660	353.49825516604
27	621	1660	409.15432127447
27	674	1780	372.7976877013
27	675	1780	344.12380532051
27	676	1780	318.14329044909
27	736	1910	413.69198305276
27	775	1990	249.18374281172
27	831	2110	226.30827615811
27	943	2420	341.93772987317
27	1112	2897.953293459863	300
27	1203	3190	259.24228173898
27	1257	3350	425.3502972218
27	1339	3580	346.21179535224
27	1429	3850	345.50980566112
27	1431	3860	353.7390571006
27	1464	3970	408.1284236169
27	1529	4190	468.47801665217
27	1692	4630	260.01080259259
27	1695	4635.589155985752	200
27	1708	4670	470.09529006356
27	1710	4670	481.25102034715
27	1843	5020	364.35046548993
27	1885	5140	438.57094858355
27	1953	5300	377.09961252072
27	1993	5390	440.02661679339
27	2003	5410	383.70104552335
27	2026	5470	238.63278887484
27	2087	5620	329.28507388219
27	2091	5630	479.17400806449
27	2147	5780	344.56365035494
27	2176	5850.30949752006	200
27	2225	5990	448.89659771258
27	2266	6100	348.98692702921
27	2267	6110	485.50352582866
27	2407	6500	326.77810585049
27	2474	6710	413.72867808961
27	2507	6820	301.61485489559
27	2538	6950	496.50640250787
27	2575	7068.443615057306	300
27	2647	7300	333.39002547214
27	2651	7310	453.01801277513
27	2699	7430	478.38921340926
27	2796	7690	381.23697016803
27	2797	7690	355.63032752384
27	2829	7780	328.42652092273
27	2972	8150	508.44479909086
27	3005	8230	272.74810937817
27	3018	8261.780302120193	300
27	3025	8290	342.04082606758
27	3026	8290	317.02810331553
27	3057	8390	485.57132861096
27	3137	8630	509.6738151835
27	3174	8740	313.76929980105
27	3176	8751.500896200632	400
27	3183	8770	362.23295418828
27	3219	8900	302.18939428857
27	3286	9110	483.90542591181
27	3401	9430	203.70112119051
27	3495	9700	399.41617719427
27	3545	9830	434.94527851249
27	3590	9948.399782910493	300
27	3725	10270	233.49884148089
27	3739	10310.587408717644	400
27	3753	10340	368.35477874055
27	3785	10420	409.99881525873
27	3980	10870	211.53758918616
27	3990	10910	424.71316213703
27	4231	11530	384.21975915439
27	4274	11630	473.50369169305
27	4325	11740	385.54598012048
27	4330	11750	420.11086148933
27	4373	11860	390.58151344679
27	4374	11860	375.525689333
27	4377	11860	317.1917263775
27	4560	12310	272.07348214801
27	4622	12470	417.67154486375
27	4623	12472.889869497565	400
27	4635	12500	309.60691057607
27	4668	12580	319.96218530515
27	4670	12590	463.68454712097
27	4725	12740	324.62528585785
27	4812	12980	366.50221265594
27	4827	13030	272.41980637569
27	4937	13349.555990627459	300
27	5085	13700	380.53755820454
27	5166	13870	227.6603766109
27	5177	13900	403.2446371344
27	5179	13900	309.62403031403
27	5387	14423.767807035086	300
27	5388	14426.806437895734	300
27	5419	14510	461.93161149927
27	5420	14510	442.9214053437
27	5457	14620	332.97988740937
27	5498	14750	465.57759445534
27	5641	15110	400.46739430908
27	5656	15140	378.76018826144
27	5692	15220	391.3193892976
27	5693	15220	319.96986688303
27	5700	15230	463.12080643001
27	5746	15350	491.02148284008
27	5790	15460	387.69265150501
27	5794	15470	458.06156424639
27	5852	15610	388.08751371177
27	5896	15730	328.43211173828
27	5971	15940	356.60823938353
27	5972	15950	420.11965527466
27	6001	16030	210.87138869778
27	6010	16060	320.53700937857
27	6138	16430	464.12143009186
27	6184	16540	378.66318022035
27	6185	16550	481.99886141641
27	6288	16810	394.91690714206
27	6417	17140	342.06960984667
27	6451	17260	354.47070557347
27	6584	17660	350.65929426601
27	6619	17740	376.86023170098
27	6624	17750	437.4618515402
27	6656	17830	240.89135310208
27	6718	17980	341.88174969838
27	6733	18010	345.54228160477
27	6806	18220	417.24478143046
27	6809	18225.039911265395	300
27	6815	18250	358.63903276363
27	6882	18460	390.97680129968
27	7080	19030	282.63710157539
27	7140	19180	362.28402978516
27	7144	19190	485.50357996586
27	7230	19420	300.70721878496
27	7271	19540	332.85615542383
27	7282	19580	363.09219280741
27	7399	19910	406.31050349607
28	392	1070	123.59131218745
28	440	1190	94.937938393566
28	488	1330	20.959479996026
28	522	1420.058101786837	0
28	620	1660	53.498255166043
28	621	1660	109.15432127447
28	674	1780	72.797687701302
28	675	1780	44.123805320515
28	676	1780	18.143290449095
28	736	1910	13.691983052758
28	775	1990	49.183742811716
28	831	2110	26.308276158108
28	943	2420	41.937729873175
28	1112	2897.953293459863	0
28	1203	3190	59.242281738984
28	1257	3350	25.350297221803
28	1339	3580	46.211795352236
28	1429	3850	45.50980566112
28	1431	3860	53.739057100598
28	1464	3970	108.1284236169
28	1529	4190	68.478016652174
28	1692	4630	60.010802592595
28	1695	4635.589155985752	0
28	1708	4670	70.095290063564
28	1710	4670	81.251020347155
28	1843	5020	64.350465489934
28	1885	5140	138.57094858355
28	1953	5300	77.099612520718
28	1993	5390	40.026616793391
28	2003	5410	83.701045523354
28	2026	5470	38.632788874836
28	2087	5620	29.285073882194
28	2091	5630	79.174008064493
28	2147	5780	44.563650354942
28	2176	5850.30949752006	0
28	2225	5990	48.896597712582
28	2266	6100	48.986927029215
28	2267	6110	85.50352582866
28	2407	6500	26.778105850485
28	2474	6710	13.72867808961
28	2507	6820	1.614854895593
28	2538	6950	96.506402507874
28	2575	7068.443615057306	0
28	2647	7300	33.390025472145
28	2651	7310	53.018012775131
28	2699	7430	78.389213409256
28	2796	7690	81.236970168031
28	2797	7690	55.630327523837
28	2829	7780	28.426520922735
28	2972	8150	108.44479909086
28	3005	8230	72.748109378168
28	3018	8261.780302120193	0
28	3025	8290	42.040826067578
28	3026	8290	17.028103315531
28	3057	8390	85.571328610965
28	3137	8630	109.6738151835
28	3174	8740	13.76929980105
28	3176	8751.500896200632	0
28	3183	8770	62.232954188278
28	3219	8900	2.189394288574
28	3286	9110	83.905425911812
28	3401	9430	3.701121190505
28	3495	9700	99.41617719427
28	3545	9830	34.945278512493
28	3590	9948.399782910493	0
28	3725	10270	33.498841480891
28	3739	10310.587408717644	0
28	3753	10340	68.354778740554
28	3785	10420	109.99881525873
28	3980	10870	11.537589186162
28	3990	10910	24.713162137031
28	4231	11530	84.219759154386
28	4274	11630	73.50369169305
28	4325	11740	85.545980120477
28	4330	11750	20.110861489335
28	4373	11860	90.581513446786
28	4374	11860	75.525689332998
28	4377	11860	17.191726377501
28	4560	12310	72.073482148012
28	4622	12470	17.671544863749
28	4623	12472.889869497565	0
28	4635	12500	9.606910576068
28	4668	12580	19.962185305149
28	4670	12590	63.684547120968
28	4725	12740	24.625285857848
28	4812	12980	66.502212655939
28	4827	13030	72.419806375691
28	4937	13349.555990627459	0
28	5085	13700	80.537558204536
28	5166	13870	27.660376610898
28	5177	13900	103.2446371344
28	5179	13900	9.624030314031
28	5387	14423.767807035086	0
28	5388	14426.806437895734	0
28	5419	14510	61.931611499274
28	5420	14510	42.921405343703
28	5457	14620	32.979887409365
28	5498	14750	65.577594455343
28	5641	15110	0.46739430908
28	5656	15140	78.760188261438
28	5692	15220	91.319389297601
28	5693	15220	19.969866883034
28	5700	15230	63.120806430011
28	5746	15350	91.021482840079
28	5790	15460	87.692651505015
28	5794	15470	58.061564246394
28	5852	15610	88.087513711774
28	5896	15730	28.432111738283
28	5971	15940	56.608239383531
28	5972	15950	20.119655274664
28	6001	16030	10.87138869778
28	6010	16060	20.537009378567
28	6138	16430	64.121430091856
28	6184	16540	78.663180220348
28	6185	16550	81.998861416409
28	6288	16810	94.916907142062
28	6417	17140	42.069609846671
28	6451	17260	54.470705573468
28	6584	17660	50.659294266014
28	6619	17740	76.860231700978
28	6624	17750	37.461851540196
28	6656	17830	40.891353102077
28	6718	17980	41.881749698376
28	6733	18010	45.542281604774
28	6806	18220	117.24478143046
28	6809	18225.039911265395	0
28	6815	18250	58.639032763628
28	6882	18460	90.976801299677
28	7080	19030	82.637101575393
28	7140	19180	62.284029785157
28	7144	19190	85.503579965855
28	7230	19420	0.707218784964
28	7271	19540	32.856155423828
28	7282	19580	63.09219280741
28	7399	19910	6.310503496074
29	392	1070	3
29	440	1190	3
29	488	1330	2
29	522	1420.058101786837	2
29	620	1660	2
29	621	1660	2
29	674	1780	2
29	675	1780	2
29	676	1780	2
29	736	1910	3
29	775	1990	1
29	831	2110	1
29	943	2420	2
29	1112	2897.953293459863	2
29	1203	3190	1
29	1257	3350	3
29	1339	3580	2
29	1429	3850	2
29	1431	3860	2
29	1464	3970	2
29	1529	4190	3
29	1692	4630	1
29	1695	4635.589155985752	1
29	1708	4670	3
29	1710	4670	3
29	1843	5020	2
29	1885	5140	2
29	1953	5300	2
29	1993	5390	3
29	2003	5410	2
29	2026	5470	1
29	2087	5620	2
29	2091	5630	3
29	2147	5780	2
29	2176	5850.30949752006	1
29	2225	5990	3
29	2266	6100	2
29	2267	6110	3
29	2407	6500	2
29	2474	6710	3
29	2507	6820	2
29	2538	6950	3
29	2575	7068.443615057306	2
29	2647	7300	2
29	2651	7310	3
29	2699	7430	3
29	2796	7690	2
29	2797	7690	2
29	2829	7780	2
29	2972	8150	3
29	3005	8230	1
29	3018	8261.780302120193	2
29	3025	8290	2
29	3026	8290	2
29	3057	8390	3
29	3137	8630	3
29	3174	8740	2
29	3176	8751.500896200632	3
29	3183	8770	2
29	3219	8900	2
29	3286	9110	3
29	3401	9430	1
29	3495	9700	2
29	3545	9830	3
29	3590	9948.399782910493	2
29	3725	10270	1
29	3739	10310.587408717644	3
29	3753	10340	2
29	3785	10420	2
29	3980	10870	1
29	3990	10910	3
29	4231	11530	2
29	4274	11630	3
29	4325	11740	2
29	4330	11750	3
29	4373	11860	2
29	4374	11860	2
29	4377	11860	2
29	4560	12310	1
29	4622	12470	3
29	4623	12472.889869497565	3
29	4635	12500	2
29	4668	12580	2
29	4670	12590	3
29	4725	12740	2
29	4812	12980	2
29	4827	13030	1
29	4937	13349.555990627459	2
29	5085	13700	2
29	5166	13870	1
29	5177	13900	2
29	5179	13900	2
29	5387	14423.767807035086	2
29	5388	14426.806437895734	2
29	5419	14510	3
29	5420	14510	3
29	5457	14620	2
29	5498	14750	3
29	5641	15110	3
29	5656	15140	2
29	5692	15220	2
29	5693	15220	2
29	5700	15230	3
29	5746	15350	3
29	5790	15460	2
29	5794	15470	3
29	5852	15610	2
29	5896	15730	2
29	5971	15940	2
29	5972	15950	3
29	6001	16030	1
29	6010	16060	2
29	6138	16430	3
29	6184	16540	2
29	6185	16550	3
29	6288	16810	2
29	6417	17140	2
29	6451	17260	2
29	6584	17660	2
29	6619	17740	2
29	6624	17750	3
29	6656	17830	1
29	6718	17980	2
29	6733	18010	2
29	6806	18220	2
29	6809	18225.039911265395	2
29	6815	18250	2
29	6882	18460	2
29	7080	19030	1
29	7140	19180	2
29	7144	19190	3
29	7230	19420	2
29	7271	19540	2
29	7282	19580	2
29	7399	19910	3
30	500	1360	228.95976787891
30	579	1550	465.09522816196
30	673	1780	354.35567677294
30	690	1810	313.83424897579
30	756	1957.631612990743	300
30	772	1986.625503862123	200
30	846	2152.747981086655	400
30	862	2180	353.47854624559
30	895	2264.260034217794	300
30	942	2410	300.10646599576
30	988	2540	348.88080727173
30	1041	2680	209.66316422273
30	1175	3110	526.61877866822
30	1176	3110	470.10409875644
30	1258	3350	462.70064004283
30	1298	3460	334.40910696789
30	1381	3700	397.0683351461
30	1384	3710	470.7459843753
30	1392	3730	406.79732473818
30	1401	3762.064350377755	200
30	1569	4310	514.64210490668
30	1570	4310	425.97439972821
30	1673	4582.695736246794	300
30	1681	4600	204.77097313644
30	1709	4670	426.65612612614
30	1728	4720	288.76881306416
30	1886	5140	342.181473314
30	1938	5260	411.63620432688
30	1950	5290	307.28778817461
30	1952	5300	388.23871473792
30	2002	5410	385.33932888043
30	2007	5420	369.73869204571
30	2042	5510	457.90591524053
30	2092	5630	425.87583746297
30	2395	6460	366.08723594698
30	2536	6940	404.71820535924
30	2648	7300	306.83343844704
30	2743	7540	312.28456284745
30	2764	7600	260.9678934937
30	2787	7660	364.4340521909
30	2842	7810	314.50731679813
30	2921	8020	395.62574753735
30	2924	8030	432.04979003934
30	2971	8150	449.39115207031
30	3019	8270	479.22290341069
30	3036	8320	261.61357219966
30	3298	9140	319.3240042137
30	3366	9347.382604188956	300
30	3384	9397.473360847575	300
30	3412	9469.149137020509	300
30	3413	9470	481.38817753496
30	3500	9710	459.79334626722
30	3522	9760	212.80914494024
30	3544	9820	334.43741113984
30	3546	9830	420.81510367404
30	3701	10220	312.92161689565
30	3752	10340	387.65086692132
30	3841	10582.012664463874	300
30	3964	10840	210.12359516833
30	4029	11020	336.48637082625
30	4030	11020	326.46550115181
30	4034	11030	446.74469022961
30	4040	11050	369.91858097097
30	4111	11260	405.67454953219
30	4123	11290	323.05841815728
30	4167	11398.591001224715	400
30	4191	11453.754963568433	200
30	4247	11569.781462437956	200
30	4271	11620	384.31925193268
30	4328	11750	520.80010799564
30	4329	11750	461.73340406198
30	4372	11860	395.51047995444
30	4432	12010	314.34576870816
30	4471	12110	437.62667677211
30	4482	12130	356.56502386685
30	4524	12230	465.0796824761
30	4572	12340	404.07691614986
30	4573	12350	433.10843254544
30	4596	12400	234.77057859596
30	4666	12580	347.07551831698
30	4797	12950	421.76190249006
30	4798	12950	491.79447132952
30	4838	13060	393.34677024183
30	4839	13060	364.38243189899
30	4894	13220	317.00889486574
30	4985	13460	317.93977206066
30	5093	13717.648412487891	300
30	5195	13930	371.44295019777
30	5283	14150	456.62194338414
30	5302	14200	228.69894600484
30	5326	14260	406.5128398474
30	5327	14260	394.5186948716
30	5373	14380	391.72178293141
30	5437	14560	246.10762635969
30	5512	14780	388.89838043985
30	5586	14980	432.84442385995
30	5587	14980	317.45527614869
30	5588	14990	526.40630931114
30	5589	14990	426.15826044317
30	5601	15010	336.54133707557
30	5657	15140	376.66269542151
30	5668	15160	265.964048878
30	5718	15280	221.28189046189
30	5756	15380	339.03429177654
30	5793	15470	449.96675249841
30	5806	15505.524407243719	300
30	5854	15620	323.37488394228
30	5968	15940	337.08320850701
30	5969	15940	405.79016381224
30	5983	15980	322.10771116983
30	6009	16060	328.16375670841
30	6137	16420	400.67483804896
30	6186	16550	445.56985945267
30	6334	16930	312.5657454673
30	6348	16960	254.10643868014
30	6397	17080	272.3922727075
30	6419	17141.722323438861	300
30	6490	17380	386.62524794106
30	6778	18148.291982896195	300
30	6883	18470	501.04762639905
30	6922	18590	508.86161689755
30	7004	18830	477.06767246417
30	7020	18860	387.42406756414
30	7095	19070	463.53675882052
30	7102	19100	356.94513932598
30	7141	19180	351.46872994708
30	7153	19210	309.94657343589
30	7310	19670	463.85687274498
30	7319	19690	325.69466258878
30	7361	19810	399.94362785387
31	500	1360	28.95976787891
31	579	1550	65.095228161958
31	673	1780	54.355676772939
31	690	1810	13.83424897579
31	756	1957.631612990743	0
31	772	1986.625503862123	0
31	846	2152.747981086655	0
31	862	2180	53.478546245587
31	895	2264.260034217794	0
31	942	2410	0.10646599576
31	988	2540	48.880807271726
31	1041	2680	9.66316422273
31	1175	3110	126.61877866822
31	1176	3110	70.104098756435
31	1258	3350	62.700640042826
31	1298	3460	34.409106967885
31	1381	3700	97.068335146097
31	1384	3710	70.745984375303
31	1392	3730	106.79732473818
31	1401	3762.064350377755	0
31	1569	4310	114.64210490668
31	1570	4310	25.97439972821
31	1673	4582.695736246794	0
31	1681	4600	4.770973136442
31	1709	4670	26.656126126137
31	1728	4720	88.768813064159
31	1886	5140	42.181473313995
31	1938	5260	111.63620432688
31	1950	5290	7.287788174611
31	1952	5300	88.238714737925
31	2002	5410	85.339328880426
31	2007	5420	69.738692045708
31	2042	5510	57.905915240532
31	2092	5630	25.875837462967
31	2395	6460	66.087235946977
31	2536	6940	104.71820535924
31	2648	7300	6.833438447041
31	2743	7540	12.284562847455
31	2764	7600	60.967893493699
31	2787	7660	64.434052190902
31	2842	7810	14.507316798133
31	2921	8020	95.625747537353
31	2924	8030	32.049790039337
31	2971	8150	49.391152070307
31	3019	8270	79.222903410693
31	3036	8320	61.613572199661
31	3298	9140	19.324004213698
31	3366	9347.382604188956	0
31	3384	9397.473360847575	0
31	3412	9469.149137020509	0
31	3413	9470	81.388177534961
31	3500	9710	59.793346267223
31	3522	9760	12.809144940235
31	3544	9820	34.437411139841
31	3546	9830	20.815103674037
31	3701	10220	12.921616895646
31	3752	10340	87.650866921321
31	3841	10582.012664463874	0
31	3964	10840	10.123595168327
31	4029	11020	36.486370826255
31	4030	11020	26.465501151811
31	4034	11030	46.744690229612
31	4040	11050	69.91858097097
31	4111	11260	105.67454953219
31	4123	11290	23.058418157276
31	4167	11398.591001224715	0
31	4191	11453.754963568433	0
31	4247	11569.781462437956	0
31	4271	11620	84.319251932675
31	4328	11750	120.80010799564
31	4329	11750	61.733404061985
31	4372	11860	95.510479954442
31	4432	12010	14.345768708157
31	4471	12110	37.626676772106
31	4482	12130	56.565023866852
31	4524	12230	65.079682476097
31	4572	12340	104.07691614986
31	4573	12350	33.108432545445
31	4596	12400	34.770578595957
31	4666	12580	47.075518316976
31	4797	12950	21.761902490065
31	4798	12950	91.794471329517
31	4838	13060	93.34677024183
31	4839	13060	64.382431898988
31	4894	13220	17.008894865739
31	4985	13460	17.939772060663
31	5093	13717.648412487891	0
31	5195	13930	71.442950197765
31	5283	14150	56.621943384141
31	5302	14200	28.698946004839
31	5326	14260	106.5128398474
31	5327	14260	94.518694871598
31	5373	14380	91.721782931407
31	5437	14560	46.107626359689
31	5512	14780	88.898380439854
31	5586	14980	132.84442385995
31	5587	14980	17.455276148687
31	5588	14990	126.40630931114
31	5589	14990	26.158260443173
31	5601	15010	36.54133707557
31	5657	15140	76.662695421515
31	5668	15160	65.964048878003
31	5718	15280	21.28189046189
31	5756	15380	39.03429177654
31	5793	15470	49.966752498414
31	5806	15505.524407243719	0
31	5854	15620	23.374883942283
31	5968	15940	37.083208507008
31	5969	15940	105.79016381224
31	5983	15980	22.107711169832
31	6009	16060	28.163756708413
31	6137	16420	100.67483804896
31	6186	16550	45.569859452672
31	6334	16930	12.565745467302
31	6348	16960	54.106438680138
31	6397	17080	72.392272707504
31	6419	17141.722323438861	0
31	6490	17380	86.625247941065
31	6778	18148.291982896195	0
31	6883	18470	101.04762639905
31	6922	18590	108.86161689755
31	7004	18830	77.067672464174
31	7020	18860	87.424067564136
31	7095	19070	63.536758820516
31	7102	19100	56.945139325982
31	7141	19180	51.468729947076
31	7153	19210	9.946573435892
31	7310	19670	63.85687274498
31	7319	19690	25.694662588782
31	7361	19810	99.943627853868
32	500	1360	1
32	579	1550	3
32	673	1780	2
32	690	1810	2
32	756	1957.631612990743	2
32	772	1986.625503862123	1
32	846	2152.747981086655	3
32	862	2180	2
32	895	2264.260034217794	2
32	942	2410	2
32	988	2540	2
32	1041	2680	1
32	1175	3110	3
32	1176	3110	3
32	1258	3350	3
32	1298	3460	2
32	1381	3700	2
32	1384	3710	3
32	1392	3730	2
32	1401	3762.064350377755	1
32	1569	4310	3
32	1570	4310	3
32	1673	4582.695736246794	2
32	1681	4600	1
32	1709	4670	3
32	1728	4720	1
32	1886	5140	2
32	1938	5260	2
32	1950	5290	2
32	1952	5300	2
32	2002	5410	2
32	2007	5420	2
32	2042	5510	3
32	2092	5630	3
32	2395	6460	2
32	2536	6940	2
32	2648	7300	2
32	2743	7540	2
32	2764	7600	1
32	2787	7660	2
32	2842	7810	2
32	2921	8020	2
32	2924	8030	3
32	2971	8150	3
32	3019	8270	3
32	3036	8320	1
32	3298	9140	2
32	3366	9347.382604188956	2
32	3384	9397.473360847575	2
32	3412	9469.149137020509	2
32	3413	9470	3
32	3500	9710	3
32	3522	9760	1
32	3544	9820	2
32	3546	9830	3
32	3701	10220	2
32	3752	10340	2
32	3841	10582.012664463874	2
32	3964	10840	1
32	4029	11020	2
32	4030	11020	2
32	4034	11030	3
32	4040	11050	2
32	4111	11260	2
32	4123	11290	2
32	4167	11398.591001224715	3
32	4191	11453.754963568433	1
32	4247	11569.781462437956	1
32	4271	11620	2
32	4328	11750	3
32	4329	11750	3
32	4372	11860	2
32	4432	12010	2
32	4471	12110	3
32	4482	12130	2
32	4524	12230	3
32	4572	12340	2
32	4573	12350	3
32	4596	12400	1
32	4666	12580	2
32	4797	12950	3
32	4798	12950	3
32	4838	13060	2
32	4839	13060	2
32	4894	13220	2
32	4985	13460	2
32	5093	13717.648412487891	2
32	5195	13930	2
32	5283	14150	3
32	5302	14200	1
32	5326	14260	2
32	5327	14260	2
32	5373	14380	2
32	5437	14560	1
32	5512	14780	2
32	5586	14980	2
32	5587	14980	2
32	5588	14990	3
32	5589	14990	3
32	5601	15010	2
32	5657	15140	2
32	5668	15160	1
32	5718	15280	1
32	5756	15380	2
32	5793	15470	3
32	5806	15505.524407243719	2
32	5854	15620	2
32	5968	15940	2
32	5969	15940	2
32	5983	15980	2
32	6009	16060	2
32	6137	16420	2
32	6186	16550	3
32	6334	16930	2
32	6348	16960	1
32	6397	17080	1
32	6419	17141.722323438861	2
32	6490	17380	2
32	6778	18148.291982896195	2
32	6883	18470	3
32	6922	18590	3
32	7004	18830	3
32	7020	18860	2
32	7095	19070	3
32	7102	19100	2
32	7141	19180	2
32	7153	19210	2
32	7310	19670	3
32	7319	19690	2
32	7361	19810	2
33	388	1060	254.44025993946
33	390	1060	214.22198629968
33	406	1100	492.93926920608
33	407	1100	500.71939176975
33	447	1210	389.10685753479
33	450	1220	519.75710670439
33	476	1300	285.23230809218
33	503	1370	320.90009082854
33	535	1450	369.82002879082
33	591	1570	414.84091823149
33	633	1690	321.69463465401
33	639	1704.531803803319	400
33	644	1720	386.29351312619
33	646	1730	312.6213834023
33	688	1810	344.93526643374
33	854	2170	385.85610230822
33	859	2180	485.43621200392
33	860	2180	434.78209810873
33	891	2260	268.02548405657
33	911	2320	302.52487252164
33	941	2410	359.53692265442
33	957	2450	326.53637388764
33	1029	2650	355.74774006749
33	1074	2780	454.39815009313
33	1113	2900	438.49097329498
33	1308	3490	338.65829074657
33	1358	3640	409.92381596554
33	1448	3908.925270084705	300
33	1525	4180	250.19216832603
33	1544	4220	470.81022396747
33	1576	4330	356.01826578995
33	1585	4360	372.83039613488
33	1632	4480	401.51847951215
33	1717	4690	367.03932790309
33	1718	4690	308.17222891707
33	1762	4820	457.51498937954
33	1794	4900	259.24143627223
33	1815	4960	367.5422536825
33	1862	5080	337.24873538128
33	1961	5320	324.40482472162
33	2006	5420	459.98902699928
33	2054	5540	494.43739627788
33	2111	5680	318.8493268112
33	2235	6020	469.26427425756
33	2276	6140	420.27869523136
33	2362	6370	407.49592327152
33	2392	6460	248.15907985463
33	2476	6712.635881490206	200
33	2493	6768.33828147714	300
33	2516	6860	420.33458660714
33	2583	7090	302.42866974133
33	2693	7420	259.27589669766
33	2707	7450	408.36907049825
33	2843	7820	438.17710766777
33	2851	7850	388.68164498443
33	2965	8140	255.02754167473
33	2980	8170	396.66575097036
33	3101	8530	400.19080885398
33	3142	8650	338.4227153006
33	3145	8658.754267069499	300
33	3214	8890	386.93134341691
33	3294	9130	387.42446269149
33	3295	9130	372.35707231016
33	3385	9400	389.1404907397
33	3386	9400	384.75973750537
33	3408	9460	209.92419099805
33	3424	9500	419.0938569918
33	3463	9610	409.356864375
33	3555	9850	321.67513296076
33	3556	9850	304.42823018679
33	3563	9880	349.93644805834
33	3717	10250	321.00943296373
33	3747	10330	370.91349159719
33	3748	10330	311.70500613709
33	3767	10376.902162965127	300
33	3794	10460	430.2234996173
33	3893	10690	321.55525953522
33	3899	10700	498.98337462368
33	3936	10780	277.03656462165
33	3951	10810	321.67883237491
33	4039	11050	335.06519371166
33	4050	11090	389.19156148092
33	4298	11690	372.68120469898
33	4338	11770	397.7572713788
33	4342	11780	522.78519231863
33	4421	11980	218.85012351394
33	4520	12220	243.60800796521
33	4534	12260	479.60515301462
33	4535	12260	414.33868548336
33	4585	12380	470.75575967036
33	4586	12380	436.98541877286
33	4664	12580	252.11159554922
33	4679	12610	321.72471534536
33	4683	12620	416.35835103104
33	4760	12850	359.55317330099
33	4779	12890	326.66621686482
33	4841	13065.871574291073	200
33	4983	13460	474.34358744621
33	4984	13460	416.80795979681
33	5000	13490	323.86828409734
33	5142	13817.770536271187	300
33	5145	13827.729531226531	400
33	5190	13925.544877600264	200
33	5255	14090	309.2663292327
33	5300	14200	336.52196409675
33	5301	14200	334.03354116927
33	5338	14290	427.03056930862
33	5371	14380	214.39668578695
33	5386	14420	508.47996256999
33	5417	14500	236.37740171636
33	5428	14540	460.47706026613
33	5636	15100	257.31656792535
33	5747	15356.87872744104	200
33	5888	15718.217164660632	200
33	6018	16100	452.35642361498
33	6098	16328.519548283791	200
33	6103	16340	420.37699141744
33	6111	16360	356.23183839475
33	6149	16460	443.42758828717
33	6193	16570	405.85583456911
33	6201	16600	315.52250760094
33	6253	16730	319.67833141956
33	6338	16940	536.74514553371
33	6351	16970	359.35080017654
33	6374	17020	288.4832336162
33	6499	17410	381.12674981452
33	6553	17575.621326301645	300
33	6616	17740	289.61938475189
33	6966	18730	345.60360689283
33	6971	18740	432.42611342895
33	6980	18760	324.75816136986
33	7016	18850	345.21936346857
33	7048	18940	211.39162809438
33	7064	19000	312.38363792923
33	7101	19090	306.8872333537
33	7239	19450	429.43781361306
33	7240	19450	327.69283141576
33	7290	19600	375.43856928618
33	7316	19690	404.84109377243
34	388	1060	54.440259939457
34	390	1060	14.221986299678
34	406	1100	92.939269206085
34	407	1100	100.71939176975
34	447	1210	89.106857534788
34	450	1220	119.75710670438
34	476	1300	85.232308092183
34	503	1370	20.900090828536
34	535	1450	69.820028790821
34	591	1570	114.84091823149
34	633	1690	21.694634654015
34	639	1704.531803803319	0
34	644	1720	86.293513126187
34	646	1730	12.621383402298
34	688	1810	44.935266433742
34	854	2170	85.856102308223
34	859	2180	85.436212003925
34	860	2180	34.782098108728
34	891	2260	68.025484056574
34	911	2320	2.524872521638
34	941	2410	59.536922654418
34	957	2450	26.536373887638
34	1029	2650	55.747740067489
34	1074	2780	54.398150093135
34	1113	2900	38.490973294982
34	1308	3490	38.658290746565
34	1358	3640	109.92381596554
34	1448	3908.925270084705	0
34	1525	4180	50.19216832603
34	1544	4220	70.810223967475
34	1576	4330	56.018265789948
34	1585	4360	72.83039613488
34	1632	4480	101.51847951215
34	1717	4690	67.039327903091
34	1718	4690	8.172228917068
34	1762	4820	57.514989379544
34	1794	4900	59.241436272228
34	1815	4960	67.542253682495
34	1862	5080	37.248735381279
34	1961	5320	24.404824721618
34	2006	5420	59.989026999278
34	2054	5540	94.437396277877
34	2111	5680	18.8493268112
34	2235	6020	69.264274257564
34	2276	6140	20.278695231357
34	2362	6370	107.49592327152
34	2392	6460	48.159079854633
34	2476	6712.635881490206	0
34	2493	6768.33828147714	0
34	2516	6860	20.334586607135
34	2583	7090	2.428669741328
34	2693	7420	59.275896697655
34	2707	7450	108.36907049825
34	2843	7820	38.17710766777
34	2851	7850	88.681644984428
34	2965	8140	55.027541674729
34	2980	8170	96.66575097036
34	3101	8530	100.19080885398
34	3142	8650	38.422715300601
34	3145	8658.754267069499	0
34	3214	8890	86.931343416905
34	3294	9130	87.424462691485
34	3295	9130	72.357072310159
34	3385	9400	89.140490739704
34	3386	9400	84.759737505369
34	3408	9460	9.924190998048
34	3424	9500	19.093856991797
34	3463	9610	109.35686437501
34	3555	9850	21.675132960756
34	3556	9850	4.42823018679
34	3563	9880	49.93644805834
34	3717	10250	21.009432963728
34	3747	10330	70.91349159719
34	3748	10330	11.705006137087
34	3767	10376.902162965127	0
34	3794	10460	30.223499617302
34	3893	10690	21.555259535218
34	3899	10700	98.983374623679
34	3936	10780	77.036564621653
34	3951	10810	21.678832374914
34	4039	11050	35.065193711658
34	4050	11090	89.191561480924
34	4298	11690	72.681204698981
34	4338	11770	97.757271378803
34	4342	11780	122.78519231863
34	4421	11980	18.850123513941
34	4520	12220	43.608007965215
34	4534	12260	79.605153014619
34	4535	12260	14.338685483364
34	4585	12380	70.755759670355
34	4586	12380	36.985418772858
34	4664	12580	52.111595549216
34	4679	12610	21.724715345359
34	4683	12620	16.358351031036
34	4760	12850	59.553173300985
34	4779	12890	26.66621686482
34	4841	13065.871574291073	0
34	4983	13460	74.343587446212
34	4984	13460	16.807959796809
34	5000	13490	23.868284097342
34	5142	13817.770536271187	0
34	5145	13827.729531226531	0
34	5190	13925.544877600264	0
34	5255	14090	9.266329232698
34	5300	14200	36.521964096752
34	5301	14200	34.033541169268
34	5338	14290	127.03056930863
34	5371	14380	14.396685786946
34	5386	14420	108.47996256999
34	5417	14500	36.377401716356
34	5428	14540	60.477060266131
34	5636	15100	57.31656792535
34	5747	15356.87872744104	0
34	5888	15718.217164660632	0
34	6018	16100	52.356423614976
34	6098	16328.519548283791	0
34	6103	16340	20.376991417442
34	6111	16360	56.231838394748
34	6149	16460	43.427588287172
34	6193	16570	105.85583456911
34	6201	16600	15.522507600941
34	6253	16730	19.678331419564
34	6338	16940	136.74514553371
34	6351	16970	59.350800176535
34	6374	17020	88.483233616205
34	6499	17410	81.126749814521
34	6553	17575.621326301645	0
34	6616	17740	89.619384751892
34	6966	18730	45.603606892827
34	6971	18740	32.426113428951
34	6980	18760	24.758161369859
34	7016	18850	45.219363468568
34	7048	18940	11.391628094376
34	7064	19000	12.383637929231
34	7101	19090	6.887233353704
34	7239	19450	129.43781361306
34	7240	19450	27.692831415763
34	7290	19600	75.438569286182
34	7316	19690	104.84109377243
35	388	1060	1
35	390	1060	1
35	406	1100	3
35	407	1100	3
35	447	1210	2
35	450	1220	3
35	476	1300	1
35	503	1370	2
35	535	1450	2
35	591	1570	2
35	633	1690	2
35	639	1704.531803803319	3
35	644	1720	2
35	646	1730	2
35	688	1810	2
35	854	2170	2
35	859	2180	3
35	860	2180	3
35	891	2260	1
35	911	2320	2
35	941	2410	2
35	957	2450	2
35	1029	2650	2
35	1074	2780	3
35	1113	2900	3
35	1308	3490	2
35	1358	3640	2
35	1448	3908.925270084705	2
35	1525	4180	1
35	1544	4220	3
35	1576	4330	2
35	1585	4360	2
35	1632	4480	2
35	1717	4690	2
35	1718	4690	2
35	1762	4820	3
35	1794	4900	1
35	1815	4960	2
35	1862	5080	2
35	1961	5320	2
35	2006	5420	3
35	2054	5540	3
35	2111	5680	2
35	2235	6020	3
35	2276	6140	3
35	2362	6370	2
35	2392	6460	1
35	2476	6712.635881490206	1
35	2493	6768.33828147714	2
35	2516	6860	3
35	2583	7090	2
35	2693	7420	1
35	2707	7450	2
35	2843	7820	3
35	2851	7850	2
35	2965	8140	1
35	2980	8170	2
35	3101	8530	2
35	3142	8650	2
35	3145	8658.754267069499	2
35	3214	8890	2
35	3294	9130	2
35	3295	9130	2
35	3385	9400	2
35	3386	9400	2
35	3408	9460	1
35	3424	9500	3
35	3463	9610	2
35	3555	9850	2
35	3556	9850	2
35	3563	9880	2
35	3717	10250	2
35	3747	10330	2
35	3748	10330	2
35	3767	10376.902162965127	2
35	3794	10460	3
35	3893	10690	2
35	3899	10700	3
35	3936	10780	1
35	3951	10810	2
35	4039	11050	2
35	4050	11090	2
35	4298	11690	2
35	4338	11770	2
35	4342	11780	3
35	4421	11980	1
35	4520	12220	1
35	4534	12260	3
35	4535	12260	3
35	4585	12380	3
35	4586	12380	3
35	4664	12580	1
35	4679	12610	2
35	4683	12620	3
35	4760	12850	2
35	4779	12890	2
35	4841	13065.871574291073	1
35	4983	13460	3
35	4984	13460	3
35	5000	13490	2
35	5142	13817.770536271187	2
35	5145	13827.729531226531	3
35	5190	13925.544877600264	1
35	5255	14090	2
35	5300	14200	2
35	5301	14200	2
35	5338	14290	2
35	5371	14380	1
35	5386	14420	3
35	5417	14500	1
35	5428	14540	3
35	5636	15100	1
35	5747	15356.87872744104	1
35	5888	15718.217164660632	1
35	6018	16100	3
35	6098	16328.519548283791	1
35	6103	16340	3
35	6111	16360	2
35	6149	16460	3
35	6193	16570	2
35	6201	16600	2
35	6253	16730	2
35	6338	16940	3
35	6351	16970	2
35	6374	17020	1
35	6499	17410	2
35	6553	17575.621326301645	2
35	6616	17740	1
35	6966	18730	2
35	6971	18740	3
35	6980	18760	2
35	7016	18850	2
35	7048	18940	1
35	7064	19000	2
35	7101	19090	2
35	7239	19450	2
35	7240	19450	2
35	7290	19600	2
35	7316	19690	2

