version 3
run VeryHighLoad_Circle-9-20260126-11:00:52-306
attr configname VeryHighLoad_Circle
attr datetime 20260126-11:00:52
attr datetimef 20260126-110052
attr experiment VeryHighLoad_Circle
attr inifile simulations/nwsim_project/omnetpp.ini
attr iterationvars ""
attr iterationvarsd ""
attr iterationvarsf ""
attr measurement ""
attr network CrossTraffic
attr processid 306
attr repetition 9
attr replication #9
attr resultdir results
attr runnumber 9
attr seedset 9
config description "Very High Load - Circle Mode (200% more traffic)"
config *.Junc*.junctionMode "\"circle\""
config *.EndNW.spawnInterval exponential(100s)
config *.EndNE.spawnInterval exponential(150s)
config *.EndEN.spawnInterval exponential(125s)
config *.EndES.spawnInterval exponential(175s)
config *.EndSE.spawnInterval exponential(113s)
config *.EndSW.spawnInterval exponential(125s)
config *.EndWS.spawnInterval exponential(150s)
config *.EndWN.spawnInterval exponential(175s)
config network CrossTraffic
config sim-time-limit 20000s
config warmup-period 1000s
config repeat 50
config **.scalar-recording true
config **.vector-recording true
config *.Junc*.junctionMode "\"queue\""
config *.EndNW.spawnInterval exponential(800s)
config *.EndNE.spawnInterval exponential(1200s)
config *.EndEN.spawnInterval exponential(1000s)
config *.EndES.spawnInterval exponential(1500s)
config *.EndSE.spawnInterval exponential(900s)
config *.EndSW.spawnInterval exponential(1100s)
config *.EndWS.spawnInterval exponential(1300s)
config *.EndWN.spawnInterval exponential(1400s)

vector 0 CrossTraffic.JuncNW queueLength:vector ETV
attr interpolationmode sample-hold
attr recordingmode vector
attr source queueLength
attr title "Queue Length"
vector 1 CrossTraffic.JuncNW junctionProcessingTime:vector ETV
attr recordingmode vector
attr source junctionProcessingTime
attr title "Junction Processing Time"
vector 2 CrossTraffic.JuncNW vehicleCount:vector ETV
attr recordingmode vector
attr source vehicleCount
attr title "Vehicle Count"
vector 3 CrossTraffic.JuncNE queueLength:vector ETV
attr interpolationmode sample-hold
attr recordingmode vector
attr source queueLength
attr title "Queue Length"
vector 4 CrossTraffic.JuncNE junctionProcessingTime:vector ETV
attr recordingmode vector
attr source junctionProcessingTime
attr title "Junction Processing Time"
vector 5 CrossTraffic.JuncNE vehicleCount:vector ETV
attr recordingmode vector
attr source vehicleCount
attr title "Vehicle Count"
vector 6 CrossTraffic.JuncSE queueLength:vector ETV
attr interpolationmode sample-hold
attr recordingmode vector
attr source queueLength
attr title "Queue Length"
vector 7 CrossTraffic.JuncSE junctionProcessingTime:vector ETV
attr recordingmode vector
attr source junctionProcessingTime
attr title "Junction Processing Time"
vector 8 CrossTraffic.JuncSE vehicleCount:vector ETV
attr recordingmode vector
attr source vehicleCount
attr title "Vehicle Count"
vector 9 CrossTraffic.JuncSW queueLength:vector ETV
attr interpolationmode sample-hold
attr recordingmode vector
attr source queueLength
attr title "Queue Length"
vector 10 CrossTraffic.JuncSW junctionProcessingTime:vector ETV
attr recordingmode vector
attr source junctionProcessingTime
attr title "Junction Processing Time"
vector 11 CrossTraffic.JuncSW vehicleCount:vector ETV
attr recordingmode vector
attr source vehicleCount
attr title "Vehicle Count"
vector 12 CrossTraffic.EndNW travelTime:vector ETV
attr recordingmode vector
attr source travelTime
attr title "Vehicle Travel Time"
vector 13 CrossTraffic.EndNW junctionTime:vector ETV
attr recordingmode vector
attr source junctionTime
attr title "Total Junction Time per Vehicle"
vector 14 CrossTraffic.EndNW junctionCount:vector ETV
attr recordingmode vector
attr source junctionCount
attr title "Junctions Visited per Vehicle"
vector 15 CrossTraffic.EndNE travelTime:vector ETV
attr recordingmode vector
attr source travelTime
attr title "Vehicle Travel Time"
vector 16 CrossTraffic.EndNE junctionTime:vector ETV
attr recordingmode vector
attr source junctionTime
attr title "Total Junction Time per Vehicle"
vector 17 CrossTraffic.EndNE junctionCount:vector ETV
attr recordingmode vector
attr source junctionCount
attr title "Junctions Visited per Vehicle"
vector 18 CrossTraffic.EndEN travelTime:vector ETV
attr recordingmode vector
attr source travelTime
attr title "Vehicle Travel Time"
vector 19 CrossTraffic.EndEN junctionTime:vector ETV
attr recordingmode vector
attr source junctionTime
attr title "Total Junction Time per Vehicle"
vector 20 CrossTraffic.EndEN junctionCount:vector ETV
attr recordingmode vector
attr source junctionCount
attr title "Junctions Visited per Vehicle"
vector 21 CrossTraffic.EndES travelTime:vector ETV
attr recordingmode vector
attr source travelTime
attr title "Vehicle Travel Time"
vector 22 CrossTraffic.EndES junctionTime:vector ETV
attr recordingmode vector
attr source junctionTime
attr title "Total Junction Time per Vehicle"
vector 23 CrossTraffic.EndES junctionCount:vector ETV
attr recordingmode vector
attr source junctionCount
attr title "Junctions Visited per Vehicle"
vector 24 CrossTraffic.EndSE travelTime:vector ETV
attr recordingmode vector
attr source travelTime
attr title "Vehicle Travel Time"
vector 25 CrossTraffic.EndSE junctionTime:vector ETV
attr recordingmode vector
attr source junctionTime
attr title "Total Junction Time per Vehicle"
vector 26 CrossTraffic.EndSE junctionCount:vector ETV
attr recordingmode vector
attr source junctionCount
attr title "Junctions Visited per Vehicle"
vector 27 CrossTraffic.EndSW travelTime:vector ETV
attr recordingmode vector
attr source travelTime
attr title "Vehicle Travel Time"
vector 28 CrossTraffic.EndSW junctionTime:vector ETV
attr recordingmode vector
attr source junctionTime
attr title "Total Junction Time per Vehicle"
vector 29 CrossTraffic.EndSW junctionCount:vector ETV
attr recordingmode vector
attr source junctionCount
attr title "Junctions Visited per Vehicle"
vector 30 CrossTraffic.EndWS travelTime:vector ETV
attr recordingmode vector
attr source travelTime
attr title "Vehicle Travel Time"
vector 31 CrossTraffic.EndWS junctionTime:vector ETV
attr recordingmode vector
attr source junctionTime
attr title "Total Junction Time per Vehicle"
vector 32 CrossTraffic.EndWS junctionCount:vector ETV
attr recordingmode vector
attr source junctionCount
attr title "Junctions Visited per Vehicle"
vector 33 CrossTraffic.EndWN travelTime:vector ETV
attr recordingmode vector
attr source travelTime
attr title "Vehicle Travel Time"
vector 34 CrossTraffic.EndWN junctionTime:vector ETV
attr recordingmode vector
attr source junctionTime
attr title "Total Junction Time per Vehicle"
vector 35 CrossTraffic.EndWN junctionCount:vector ETV
attr recordingmode vector
attr source junctionCount
attr title "Junctions Visited per Vehicle"
0	224	1022.018407520443	0
0	232	1065.546470537107	0
0	240	1093.168210603908	0
0	245	1098.085020187896	0
0	260	1160.086776994304	0
0	262	1166.124915191864	0
0	276	1216.601366934112	0
0	287	1248.819887399351	0
0	293	1270.104033568677	0
0	300	1295.083855172275	0
0	301	1295.902809432496	0
0	311	1322.367602148819	0
0	313	1323.029967085974	0
0	314	1323.875537088396	0
0	318	1339.029928843971	0
0	319	1348.986699595305	0
0	331	1375.65431250063	0
0	335	1391.876667047184	0
0	336	1393.469038595429	0
0	365	1456.589749921505	0
0	368	1467.46571706079	0
0	382	1505.475338482483	0
0	384	1507.17810415544	0
0	388	1528.455061715993	0
0	389	1529.587008813039	0
0	390	1531.59848977913	0
0	401	1556.886382178216	0
0	419	1631.157101315121	0
0	423	1634.853987405965	0
0	426	1641.997596370161	0
0	430	1654.282366733754	0
0	431	1655.821435255793	0
0	440	1675.931532825463	0
0	441	1685.335212723074	0
0	442	1690.642868624429	0
0	458	1760.516558083727	0
0	462	1765.763024165482	0
0	463	1773.468758953106	0
0	481	1856.894280800693	0
0	494	1913.393703016852	0
0	498	1930.30948168531	0
0	506	1964.129703082506	0
0	512	2000.779989816201	0
0	514	2007.555291013391	0
0	515	2011.835892561883	0
0	527	2061.860130934559	0
0	535	2103.083861194083	0
0	545	2126.454354544194	0
0	551	2163.864343604309	0
0	557	2205.247842098451	0
0	571	2255.7880654143	0
0	588	2326.10280490158	0
0	589	2326.613888209922	0
0	597	2377.746190235847	0
0	599	2383.576674360022	0
0	626	2506.65665821775	0
0	627	2508.839890990095	0
0	660	2684.740118033323	0
0	661	2684.947488474433	0
0	664	2711.333609143115	0
0	667	2727.343766238897	0
0	676	2761.77797569024	0
0	678	2764.833879758592	0
0	679	2773.627531918632	0
0	694	2838.277644935448	0
0	706	2904.767542334426	0
0	708	2915.400565724897	0
0	712	2932.125610294157	0
0	724	2986.633453696331	0
0	727	2999.748162605176	0
0	733	3029.455510667261	0
0	736	3033.16703589917	0
0	740	3048.345129519287	0
0	741	3049.793345865557	0
0	744	3084.420052554142	0
0	772	3191.762388169825	0
0	784	3247.932513676308	0
0	785	3252.03748651267	0
0	786	3270.202512729831	0
0	790	3274.725364745887	0
0	794	3299.20122497255	0
0	798	3323.330152820767	0
0	807	3375.277731937079	0
0	808	3376.412653368563	0
0	820	3438.572306184829	0
0	831	3490.039903538432	0
0	845	3559.534604688977	0
0	849	3578.230880580892	0
0	857	3613.062811169285	0
0	861	3625.723499406585	0
0	863	3627.432986265787	0
0	873	3676.364698889905	0
0	887	3727.558250631899	0
0	917	3857.794278551028	0
0	922	3879.173474963786	0
0	928	3894.756282446236	0
0	933	3914.886181446542	0
0	956	3991.679550610615	0
0	961	4005.243694590684	0
0	969	4034.289026219137	0
0	971	4047.131373329922	0
0	975	4060.201784197139	0
0	978	4071.381775032152	0
0	980	4073.80126575797	0
0	984	4083.339162222986	0
0	988	4092.716637240081	0
0	989	4094.108735745994	0
0	1009	4153.814923063106	0
0	1029	4204.095569177747	0
0	1033	4217.965288602248	0
0	1039	4229.871930011028	0
0	1044	4245.665276226011	0
0	1054	4277.267178774149	0
0	1056	4278.011734503562	0
0	1058	4287.318787409068	0
0	1064	4307.883048164713	0
0	1066	4311.590437395716	0
0	1072	4331.330604462246	0
0	1084	4373.086815745212	0
0	1119	4478.84878119872	0
0	1120	4481.213550102614	0
0	1134	4514.000329683153	0
0	1135	4514.415234502303	0
0	1140	4528.881368185615	0
0	1143	4539.905191459537	0
0	1145	4542.126351829794	0
0	1147	4552.048545544772	0
0	1150	4561.259551947496	0
0	1161	4586.51546698125	0
0	1163	4589.081550732427	0
0	1167	4609.458354871657	0
0	1175	4634.339557307286	0
0	1180	4653.518141808821	0
0	1194	4698.058019472757	0
0	1210	4752.10674159313	0
0	1220	4780.721285263029	0
0	1231	4826.55114584291	0
0	1239	4848.110479313929	0
0	1244	4860.136198535452	0
0	1260	4915.924813046181	0
0	1264	4930.517141855092	0
0	1283	4987.819848712975	0
0	1289	5030.356560383988	0
0	1298	5060.670993251468	0
0	1303	5073.79712714399	0
0	1306	5081.589605771772	0
0	1340	5202.021903526926	0
0	1352	5278.607512017446	0
0	1356	5285.894662089648	0
0	1358	5286.813446019948	0
0	1361	5293.193153388243	0
0	1362	5295.529203339138	0
0	1369	5318.336177011624	0
0	1377	5381.554959970458	0
0	1380	5384.181199176675	0
0	1386	5396.047710348673	0
0	1413	5492.117846835771	0
0	1420	5507.99828347748	0
0	1426	5522.993489163683	0
0	1434	5548.42158161708	0
0	1436	5556.879576550467	0
0	1441	5583.8389613817	0
0	1443	5585.912942864078	0
0	1447	5595.965236150146	0
0	1448	5597.474213281474	0
0	1491	5739.513730828056	0
0	1495	5755.646138891439	0
0	1499	5763.857101068271	0
0	1512	5831.41428582081	0
0	1515	5847.249835265302	0
0	1517	5850.991114041957	0
0	1523	5866.345176585316	0
0	1525	5897.72059281379	0
0	1531	5925.484016975485	0
0	1541	5955.276821851103	0
0	1561	6042.248206729207	0
0	1563	6052.430557046017	0
0	1577	6088.486797751974	0
0	1581	6104.55128663994	0
0	1582	6109.458773377661	0
0	1585	6114.803063137195	0
0	1592	6159.388021155792	0
0	1594	6162.055723877349	0
0	1606	6201.373489430142	0
0	1610	6211.561732051695	0
0	1615	6233.301627021396	0
0	1620	6259.042856526335	0
0	1623	6265.134476404822	0
0	1627	6285.245409548861	0
0	1631	6293.959182860809	0
0	1639	6315.447515387061	0
0	1652	6381.47977949286	0
0	1653	6382.671582144935	0
0	1659	6394.644932887805	0
0	1665	6408.386417890843	0
0	1666	6410.278183662171	0
0	1671	6421.112580353463	0
0	1675	6455.361311664348	0
0	1692	6497.748280072866	0
0	1700	6514.880198261815	0
0	1702	6520.5161655106	0
0	1711	6559.199169262541	0
0	1719	6591.193381898408	0
0	1736	6637.059386592693	0
0	1737	6648.747598508231	0
0	1745	6688.638075891534	0
0	1753	6697.720687776002	0
0	1763	6724.600012312931	0
0	1765	6731.089773178974	0
0	1774	6778.883787097264	0
0	1781	6794.920948589706	0
0	1782	6796.877097644189	0
0	1786	6804.045723147266	0
0	1799	6861.336152768166	0
0	1802	6871.993533401108	0
0	1804	6882.037521088021	0
0	1818	6924.283273314565	0
0	1819	6925.506289834287	0
0	1835	6985.000098573142	0
0	1837	6989.568125115185	0
0	1858	7048.248888384582	0
0	1866	7079.023093367568	0
0	1878	7127.971891708084	0
0	1889	7154.167755156774	0
0	1900	7193.239889494948	0
0	1906	7225.444531067706	0
0	1913	7241.076255636382	0
0	1921	7268.68637482992	0
0	1928	7292.566335235014	0
0	1939	7335.124762433879	0
0	1940	7335.76863641858	0
0	1950	7365.038154779461	0
0	1960	7393.854903753378	0
0	1967	7401.864239641094	0
0	1968	7427.330840105397	0
0	1971	7435.707404885035	0
0	1976	7449.905304962869	0
0	1987	7474.23967434554	0
0	1989	7475.475271778098	0
0	1990	7481.361906848358	0
0	2000	7500.137548708795	0
0	2013	7556.13851648194	0
0	2015	7557.797817736536	0
0	2020	7570.418797316418	0
0	2028	7597.356167171415	0
0	2029	7597.933887762354	0
0	2030	7601.77875420386	0
0	2032	7604.838460440325	0
0	2040	7656.157456246126	0
0	2066	7763.787411439586	0
0	2071	7781.903293063894	0
0	2073	7799.149257168157	0
0	2080	7831.963399679142	0
0	2112	7951.78991034517	0
0	2115	7964.31801329758	0
0	2121	7994.601721526515	0
0	2143	8074.510346990311	0
0	2150	8102.211150021105	0
0	2163	8139.004196541912	0
0	2165	8151.930148410328	0
0	2172	8162.669499131117	0
0	2184	8208.923544494957	0
0	2185	8212.155439870074	0
0	2186	8215.149961795155	0
0	2193	8240.813641140653	0
0	2199	8257.848347446031	0
0	2202	8262.201969235423	0
0	2209	8297.588405486197	0
0	2215	8309.571379561272	0
0	2220	8319.765398874013	0
0	2232	8358.49893985548	0
0	2235	8363.721711449673	0
0	2254	8426.79504059084	0
0	2257	8439.636000953756	0
0	2260	8443.286624773306	0
0	2265	8460.752876234434	0
0	2267	8462.758701136718	0
0	2272	8481.989275527227	0
0	2274	8492.754520431569	0
0	2280	8504.128984758367	0
0	2283	8516.220680234969	0
0	2285	8529.109348856373	0
0	2287	8530.127867469001	0
0	2288	8538.813893701088	0
0	2289	8539.658125137271	0
0	2290	8541.30498177055	0
0	2299	8578.618448891305	0
0	2304	8598.758139357622	0
0	2305	8599.217900599735	0
0	2311	8626.743860793715	0
0	2320	8647.165581709082	0
0	2324	8656.509017623346	0
0	2335	8718.937032965554	0
0	2338	8735.166538265829	0
0	2367	8854.010652626187	0
0	2368	8854.362250843661	0
0	2369	8855.050024141975	0
0	2374	8903.425236872616	0
0	2378	8911.313425705769	0
0	2380	8919.405122570515	0
0	2387	8952.525739244066	0
0	2400	8988.43757342621	0
0	2402	8993.941740147953	0
0	2405	9003.873619459099	0
0	2410	9018.269884435442	0
0	2418	9036.883217361667	0
0	2420	9044.12928225442	0
0	2429	9066.780587802969	0
0	2441	9097.521458671736	0
0	2444	9100.287577053922	0
0	2450	9118.645286595287	0
0	2456	9135.928831358199	0
0	2468	9164.326392626417	0
0	2472	9172.733612246576	0
0	2482	9184.730037264945	0
0	2492	9214.815024484057	0
0	2501	9241.036370141545	0
0	2507	9266.392622696337	0
0	2513	9276.135210543202	0
0	2519	9281.039338463911	0
0	2520	9287.07395443701	0
0	2524	9295.172751887707	0
0	2527	9302.724079421516	0
0	2544	9364.46864301549	0
0	2545	9366.6535618563	0
0	2562	9396.123142289108	0
0	2564	9402.050529365893	0
0	2569	9424.292683090336	0
0	2570	9428.217744949967	0
0	2574	9436.879279912739	0
0	2576	9441.22849925205	0
0	2588	9486.281026024188	0
0	2608	9560.5747548203	0
0	2615	9585.614120944119	0
0	2633	9651.411824345761	0
0	2636	9670.788499607177	0
0	2644	9701.861213708381	0
0	2650	9732.138186978663	0
0	2653	9735.870769530767	0
0	2657	9748.330843552814	0
0	2661	9758.618087339338	0
0	2670	9802.855466963607	0
0	2672	9808.859197359584	0
0	2675	9828.083040076394	0
0	2682	9841.44271561806	0
0	2686	9853.180911464763	0
0	2696	9881.768711303712	0
0	2699	9887.53929248035	0
0	2713	9941.422966467608	0
0	2720	9957.365583602033	0
0	2732	9992.435333314164	0
0	2738	10028.096907585743	0
0	2764	10116.714006023574	0
0	2766	10116.726389797355	0
0	2768	10136.446576966988	0
0	2769	10142.257531856785	0
0	2773	10151.912983214479	0
0	2777	10164.780777951377	0
0	2778	10165.209285347307	0
0	2780	10176.3848042115	0
0	2782	10180.14726758661	0
0	2784	10193.246390739536	0
0	2785	10193.6550979558	0
0	2796	10249.454592592227	0
0	2801	10265.548873111054	0
0	2842	10422.724709644219	0
0	2848	10444.661194631423	0
0	2852	10449.427242997258	0
0	2855	10457.185026279389	0
0	2859	10475.969498551713	0
0	2868	10511.725148682343	0
0	2887	10572.808202266605	0
0	2890	10581.871310222449	0
0	2898	10604.505204428406	0
0	2904	10615.469467253832	0
0	2912	10649.226596118317	0
0	2925	10691.558084724835	0
0	2926	10692.343847188659	0
0	2927	10696.760482629178	0
0	2935	10723.065688260326	0
0	2938	10732.586627467266	0
0	2941	10751.382795410433	0
0	2944	10752.236367299782	0
0	2948	10759.953944650913	0
0	2959	10801.691433507011	0
0	2961	10811.116246271417	0
0	3011	10980.601691066924	0
0	3013	10987.369120847782	0
0	3015	10994.320353777538	0
0	3020	11008.905643867194	0
0	3032	11042.192850444727	0
0	3033	11043.174406525923	0
0	3045	11070.342934431083	0
0	3046	11070.748383399591	0
0	3048	11088.672807916979	0
0	3054	11111.075343454222	0
0	3059	11127.195029577036	0
0	3072	11152.951057069993	0
0	3076	11158.712977047715	0
0	3078	11164.858032980065	0
0	3079	11167.733965398039	0
0	3087	11207.295131995967	0
0	3091	11215.472908493951	0
0	3097	11230.356004312379	0
0	3102	11236.069511234024	0
0	3105	11247.653347954528	0
0	3133	11327.489393035788	0
0	3139	11336.408520652178	0
0	3156	11368.982463535219	0
0	3165	11405.769168553461	0
0	3166	11409.718287730658	0
0	3170	11420.117690995666	0
0	3172	11423.20070875782	0
0	3178	11433.77302188821	0
0	3180	11436.637682657682	0
0	3181	11437.214713496021	0
0	3187	11457.494161269773	0
0	3188	11458.145420397195	0
0	3190	11462.987757834315	0
0	3200	11490.508153995608	0
0	3206	11525.625165662908	0
0	3209	11531.998188028777	0
0	3224	11558.275677144066	0
0	3233	11581.715544671372	0
0	3243	11632.377514471215	0
0	3249	11637.960498023529	0
0	3254	11653.008256094673	0
0	3261	11676.71318361212	0
0	3267	11684.80586197535	0
0	3276	11721.998090877728	0
0	3285	11746.84087611915	0
0	3292	11780.143846727978	0
0	3297	11797.740284634462	0
0	3301	11817.67769336685	0
0	3305	11828.749642560919	0
0	3311	11848.522067619533	0
0	3329	11912.934263288732	0
0	3331	11920.203824637486	0
0	3339	11943.817319194427	0
0	3342	11952.413060053306	0
0	3347	11975.684387949593	0
0	3353	11984.993582098441	0
0	3364	12017.248872617588	0
0	3385	12084.618939208333	0
0	3394	12105.1727197882	0
0	3399	12128.476912562313	0
0	3402	12140.421810058462	0
0	3408	12166.1288359465	0
0	3414	12182.151171373994	0
0	3416	12182.413856322761	0
0	3417	12184.894542041429	0
0	3419	12188.546846168637	0
0	3423	12201.206089010934	0
0	3428	12209.201184177457	0
0	3441	12266.342466128446	0
0	3444	12271.258441329069	0
0	3447	12285.382287733374	0
0	3452	12296.605437613728	0
0	3453	12302.601991784924	0
0	3458	12311.391269328282	0
0	3461	12333.270912533516	0
0	3471	12362.454986168996	0
0	3473	12369.74282202691	0
0	3494	12437.342366743939	0
0	3496	12439.474270503886	0
0	3502	12452.27106006516	0
0	3503	12457.970263567387	0
0	3512	12482.045927666895	0
0	3520	12504.870430716849	0
0	3533	12547.504428165938	0
0	3547	12588.257669111818	0
0	3553	12611.909557620892	0
0	3554	12621.871624257328	0
0	3556	12640.779328515003	0
0	3570	12665.158345333182	0
0	3572	12670.381724237	0
0	3578	12705.16697755084	0
0	3584	12731.808008856475	0
0	3587	12746.467636181709	0
0	3591	12756.255396947843	0
0	3592	12756.2741398177	0
0	3599	12791.774076468479	0
0	3603	12808.538981078692	0
0	3613	12854.277473780244	0
0	3617	12865.556001795654	0
0	3618	12868.309687199381	0
0	3659	12995.774574036292	0
0	3671	13042.707629912381	0
0	3674	13052.689391107722	0
0	3680	13068.991476522822	0
0	3681	13071.417016901092	0
0	3683	13075.107787119677	0
0	3684	13082.057813684302	0
0	3685	13085.191859171681	0
0	3686	13094.516285223352	0
0	3694	13112.116699800561	0
0	3697	13132.265316801136	0
0	3699	13144.694672490614	0
0	3702	13153.446810388865	0
0	3706	13163.843266988479	0
0	3719	13201.860353690178	0
0	3723	13214.582727227407	0
0	3732	13265.416436783886	0
0	3740	13284.349503573507	0
0	3756	13357.282566658999	0
0	3759	13361.101254574713	0
0	3763	13374.647255728172	0
0	3773	13417.623758965509	0
0	3778	13424.857411035772	0
0	3786	13472.472989544533	0
0	3789	13488.118122624739	0
0	3792	13501.346208440944	0
0	3798	13522.490490724616	0
0	3805	13543.56575414334	0
0	3810	13573.329440859388	0
0	3822	13620.969065324558	0
0	3836	13653.278795225454	0
0	3844	13696.603970504298	0
0	3850	13717.626869936254	0
0	3858	13741.314458569204	0
0	3868	13795.566991539314	0
0	3870	13797.160052016433	0
0	3874	13801.605990059758	0
0	3875	13801.702509325341	0
0	3888	13852.223114272832	0
0	3889	13857.33536583914	0
0	3898	13899.250031302953	0
0	3913	13958.758613397509	0
0	3933	14035.41361793321	0
0	3947	14102.420068908649	0
0	3958	14149.711114733083	0
0	3959	14151.466755268983	0
0	3969	14196.330110922278	0
0	3972	14205.099562862051	0
0	3985	14259.012969211875	0
0	3986	14264.401201699132	0
0	3989	14271.456323222474	0
0	3996	14300.446376767168	0
0	4018	14368.83923681446	0
0	4022	14392.623416749203	0
0	4024	14396.090568813812	0
0	4032	14417.921965428764	0
0	4040	14434.796956434957	0
0	4044	14444.862266363602	0
0	4052	14488.186578907377	0
0	4055	14498.353792083815	0
0	4063	14522.432021214752	0
0	4064	14527.222986945592	0
0	4065	14527.992020042498	0
0	4078	14552.304054992282	0
0	4082	14566.671436633221	0
0	4092	14606.313047995211	0
0	4102	14633.377935133142	0
0	4105	14638.541081895985	0
0	4113	14649.756140232733	0
0	4121	14677.235896689204	0
0	4122	14692.105307462414	0
0	4127	14713.284078079545	0
0	4132	14734.544306389159	0
0	4135	14740.28245436297	0
0	4140	14744.034019654127	0
0	4150	14764.764910544114	0
0	4169	14844.060624181211	0
0	4174	14848.372715695107	0
0	4181	14867.222467781778	0
0	4184	14879.33195912291	0
0	4185	14881.311833242365	0
0	4188	14899.328278678736	0
0	4190	14912.720030493446	0
0	4195	14926.798359507014	0
0	4205	14966.976191929807	0
0	4220	15017.6474597282	0
0	4230	15053.425715790751	0
0	4234	15065.831019229503	0
0	4243	15098.818792677509	0
0	4244	15109.792457848511	0
0	4255	15151.146683578234	0
0	4257	15152.430608690589	0
0	4275	15218.248657023216	0
0	4277	15220.411585336192	0
0	4290	15260.879536496252	0
0	4292	15278.084174308671	0
0	4297	15303.066237467625	0
0	4304	15320.189299537743	0
0	4317	15387.427206615196	0
0	4325	15417.669024245981	0
0	4328	15422.91142461285	0
0	4346	15492.599634132634	0
0	4347	15503.385542342961	0
0	4364	15567.857407984032	0
0	4366	15574.368711658579	0
0	4369	15586.858343882825	0
0	4376	15609.832222046434	0
0	4381	15626.353738245294	0
0	4388	15643.289414622552	0
0	4391	15656.309295048457	0
0	4404	15723.676040764504	0
0	4405	15725.333915982156	0
0	4416	15769.267223564597	0
0	4420	15792.60053251793	0
0	4422	15797.816587799795	0
0	4426	15805.108029627357	0
0	4437	15841.198288690653	0
0	4446	15885.092802809316	0
0	4448	15899.148169396917	0
0	4458	15935.681529231109	0
0	4461	15940.427964136058	0
0	4462	15941.890564982776	0
0	4465	15951.373325192042	0
0	4469	15953.890307752064	0
0	4476	16007.562347540273	0
0	4480	16022.497507079214	0
0	4485	16039.814591716045	0
0	4486	16041.887663835935	0
0	4507	16106.366363196736	0
0	4509	16109.021541155312	0
0	4512	16125.082497268149	0
0	4525	16156.556385728931	0
0	4531	16169.320898370623	0
0	4535	16184.555604802152	0
0	4538	16190.422369548498	0
0	4561	16249.865778496647	0
0	4567	16260.464280552094	0
0	4592	16338.555879715902	0
0	4604	16366.310505552547	0
0	4612	16395.359224802946	0
0	4613	16396.018031218028	0
0	4622	16430.612524369653	0
0	4627	16448.323998674215	0
0	4630	16463.719950060023	0
0	4634	16481.933169494995	0
0	4635	16487.31586680334	0
0	4637	16488.603206416509	0
0	4645	16506.677081837081	0
0	4655	16551.478299625836	0
0	4661	16576.70471545809	0
0	4679	16626.893045007767	0
0	4680	16628.426848023935	0
0	4694	16674.119817032243	0
0	4706	16706.178637067998	0
0	4716	16761.662477479976	0
0	4722	16775.201204024483	0
0	4726	16785.623898340557	0
0	4729	16806.192487488447	0
0	4734	16817.824052846223	0
0	4741	16859.381626378457	0
0	4746	16871.021157838718	0
0	4752	16900.015382317843	0
0	4757	16910.335893815645	0
0	4762	16928.936834137792	0
0	4766	16954.507322582664	0
0	4771	16968.284932489916	0
0	4773	16973.078817181141	0
0	4784	17008.989295557914	0
0	4822	17151.037017645301	0
0	4828	17162.850079808629	0
0	4838	17187.356628560781	0
0	4839	17193.207945807359	0
0	4840	17196.736591136452	0
0	4841	17201.834439453254	0
0	4844	17210.560277649274	0
0	4845	17212.745063376838	0
0	4854	17261.273137666122	0
0	4856	17264.809192292408	0
0	4864	17286.235310735747	0
0	4883	17338.320171411274	0
0	4885	17344.753857825879	0
0	4890	17367.164234366614	0
0	4894	17376.918830770351	0
0	4896	17382.185131711326	0
0	4897	17385.093576279787	0
0	4909	17410.340878848887	0
0	4910	17412.720046695514	0
0	4917	17429.52516599973	0
0	4924	17457.974039210789	0
0	4951	17520.815790972589	0
0	4956	17547.522322549155	0
0	4969	17598.188134598096	0
0	4971	17599.516531319971	0
0	4972	17604.815530928231	0
0	4973	17604.911586390098	0
0	4976	17615.963790290513	0
0	4989	17664.905895121199	0
0	4997	17700.689518088766	0
0	5009	17745.897170948696	0
0	5015	17783.435735070922	0
0	5016	17784.251808536366	0
0	5021	17814.347625739629	0
0	5029	17871.409760645279	0
0	5038	17908.306398137809	0
0	5063	18018.198076467205	0
0	5071	18041.040368007262	0
0	5072	18046.241139188756	0
0	5082	18107.145126314297	0
0	5088	18127.077797074053	0
0	5089	18130.192024885887	0
0	5090	18130.957750044598	0
0	5095	18166.900544482983	0
0	5097	18180.18801224887	0
0	5121	18285.8907550082	0
0	5123	18298.407433322003	0
0	5125	18305.27653970983	0
0	5129	18320.298408356961	0
0	5130	18322.320935760678	0
0	5147	18409.28305129356	0
0	5154	18443.22055632473	0
0	5155	18446.343790253317	0
0	5159	18470.821907258253	0
0	5177	18552.721819039479	0
0	5178	18553.161600133966	0
0	5180	18561.843362087733	0
0	5182	18582.500804060202	0
0	5191	18619.055408545453	0
0	5206	18691.785941079344	0
0	5211	18717.417818209643	0
0	5216	18753.920657712342	0
0	5219	18759.227528592494	0
0	5225	18794.174586189118	0
0	5227	18810.03301363155	0
0	5228	18812.282396449033	0
0	5230	18820.14583823876	0
0	5236	18858.610862494043	0
0	5251	18915.620127834614	0
0	5261	18972.169313648881	0
0	5262	18972.221991954545	0
0	5264	18974.709839330573	0
0	5289	19103.678081457658	0
0	5297	19134.597163926411	0
0	5306	19167.066882329748	0
0	5312	19180.308442993406	0
0	5315	19196.150786582981	0
0	5316	19199.76022231031	0
0	5322	19211.422875262466	0
0	5327	19245.095935982017	0
0	5328	19256.207489217702	0
0	5329	19256.458627509717	0
0	5336	19275.912933071445	0
0	5341	19289.678098750962	0
0	5344	19303.911137698412	0
0	5348	19314.331398957934	0
0	5366	19369.121886339846	0
0	5371	19382.080984882933	0
0	5383	19421.50675428635	0
0	5384	19422.97253748505	0
0	5389	19443.34643017129	0
0	5396	19460.740988379877	0
0	5400	19481.55263802639	0
0	5422	19550.137515997141	0
0	5436	19598.841718703224	0
0	5441	19611.088409428427	0
0	5449	19630.714317912678	0
0	5467	19704.783569461534	0
0	5469	19709.931548384071	0
0	5473	19727.200978191478	0
0	5476	19730.71004828125	0
0	5482	19766.322098545077	0
0	5486	19779.247318121968	0
0	5495	19808.095847625595	0
0	5503	19830.992818682714	0
0	5509	19857.043673151434	0
0	5510	19859.851726095195	0
0	5513	19874.144798692874	0
0	5514	19874.782860412904	0
0	5525	19908.461190404589	0
0	5539	19962.714119190581	0
1	224	1022.018407520443	3
1	232	1065.546470537107	3
1	240	1093.168210603908	3
1	245	1098.085020187896	3
1	260	1160.086776994304	3
1	262	1166.124915191864	3
1	276	1216.601366934112	3
1	287	1248.819887399351	3
1	293	1270.104033568677	3
1	300	1295.083855172275	3
1	301	1295.902809432496	3
1	311	1322.367602148819	3
1	313	1323.029967085974	3
1	314	1323.875537088396	3
1	318	1339.029928843971	3
1	319	1348.986699595305	3
1	331	1375.65431250063	3
1	335	1391.876667047184	3
1	336	1393.469038595429	3
1	365	1456.589749921505	3
1	368	1467.46571706079	3
1	382	1505.475338482483	3
1	384	1507.17810415544	3
1	388	1528.455061715993	3
1	389	1529.587008813039	3
1	390	1531.59848977913	3
1	401	1556.886382178216	3
1	419	1631.157101315121	3
1	423	1634.853987405965	3
1	426	1641.997596370161	3
1	430	1654.282366733754	3
1	431	1655.821435255793	3
1	440	1675.931532825463	3
1	441	1685.335212723074	3
1	442	1690.642868624429	3
1	458	1760.516558083727	3
1	462	1765.763024165482	3
1	463	1773.468758953106	3
1	481	1856.894280800693	3
1	494	1913.393703016852	3
1	498	1930.30948168531	3
1	506	1964.129703082506	3
1	512	2000.779989816201	3
1	514	2007.555291013391	3
1	515	2011.835892561883	3
1	527	2061.860130934559	3
1	535	2103.083861194083	3
1	545	2126.454354544194	3
1	551	2163.864343604309	3
1	557	2205.247842098451	3
1	571	2255.7880654143	3
1	588	2326.10280490158	3
1	589	2326.613888209922	3
1	597	2377.746190235847	3
1	599	2383.576674360022	3
1	626	2506.65665821775	3
1	627	2508.839890990095	3
1	660	2684.740118033323	3
1	661	2684.947488474433	3
1	664	2711.333609143115	3
1	667	2727.343766238897	3
1	676	2761.77797569024	3
1	678	2764.833879758592	3
1	679	2773.627531918632	3
1	694	2838.277644935448	3
1	706	2904.767542334426	3
1	708	2915.400565724897	3
1	712	2932.125610294157	3
1	724	2986.633453696331	3
1	727	2999.748162605176	3
1	733	3029.455510667261	3
1	736	3033.16703589917	3
1	740	3048.345129519287	3
1	741	3049.793345865557	3
1	744	3084.420052554142	3
1	772	3191.762388169825	3
1	784	3247.932513676308	3
1	785	3252.03748651267	3
1	786	3270.202512729831	3
1	790	3274.725364745887	3
1	794	3299.20122497255	3
1	798	3323.330152820767	3
1	807	3375.277731937079	3
1	808	3376.412653368563	3
1	820	3438.572306184829	3
1	831	3490.039903538432	3
1	845	3559.534604688977	3
1	849	3578.230880580892	3
1	857	3613.062811169285	3
1	861	3625.723499406585	3
1	863	3627.432986265787	3
1	873	3676.364698889905	3
1	887	3727.558250631899	3
1	917	3857.794278551028	3
1	922	3879.173474963786	3
1	928	3894.756282446236	3
1	933	3914.886181446542	3
1	956	3991.679550610615	3
1	961	4005.243694590684	3
1	969	4034.289026219137	3
1	971	4047.131373329922	3
1	975	4060.201784197139	3
1	978	4071.381775032152	3
1	980	4073.80126575797	3
1	984	4083.339162222986	3
1	988	4092.716637240081	3
1	989	4094.108735745994	3
1	1009	4153.814923063106	3
1	1029	4204.095569177747	3
1	1033	4217.965288602248	3
1	1039	4229.871930011028	3
1	1044	4245.665276226011	3
1	1054	4277.267178774149	3
1	1056	4278.011734503562	3
1	1058	4287.318787409068	3
1	1064	4307.883048164713	3
1	1066	4311.590437395716	3
1	1072	4331.330604462246	3
1	1084	4373.086815745212	3
1	1119	4478.84878119872	3
1	1120	4481.213550102614	3
1	1134	4514.000329683153	3
1	1135	4514.415234502303	3
1	1140	4528.881368185615	3
1	1143	4539.905191459537	3
1	1145	4542.126351829794	3
1	1147	4552.048545544772	3
1	1150	4561.259551947496	3
1	1161	4586.51546698125	3
1	1163	4589.081550732427	3
1	1167	4609.458354871657	3
1	1175	4634.339557307286	3
1	1180	4653.518141808821	3
1	1194	4698.058019472757	3
1	1210	4752.10674159313	3
1	1220	4780.721285263029	3
1	1231	4826.55114584291	3
1	1239	4848.110479313929	3
1	1244	4860.136198535452	3
1	1260	4915.924813046181	3
1	1264	4930.517141855092	3
1	1283	4987.819848712975	3
1	1289	5030.356560383988	3
1	1298	5060.670993251468	3
1	1303	5073.79712714399	3
1	1306	5081.589605771772	3
1	1340	5202.021903526926	3
1	1352	5278.607512017446	3
1	1356	5285.894662089648	3
1	1358	5286.813446019948	3
1	1361	5293.193153388243	3
1	1362	5295.529203339138	3
1	1369	5318.336177011624	3
1	1377	5381.554959970458	3
1	1380	5384.181199176675	3
1	1386	5396.047710348673	3
1	1413	5492.117846835771	3
1	1420	5507.99828347748	3
1	1426	5522.993489163683	3
1	1434	5548.42158161708	3
1	1436	5556.879576550467	3
1	1441	5583.8389613817	3
1	1443	5585.912942864078	3
1	1447	5595.965236150146	3
1	1448	5597.474213281474	3
1	1491	5739.513730828056	3
1	1495	5755.646138891439	3
1	1499	5763.857101068271	3
1	1512	5831.41428582081	3
1	1515	5847.249835265302	3
1	1517	5850.991114041957	3
1	1523	5866.345176585316	3
1	1525	5897.72059281379	3
1	1531	5925.484016975485	3
1	1541	5955.276821851103	3
1	1561	6042.248206729207	3
1	1563	6052.430557046017	3
1	1577	6088.486797751974	3
1	1581	6104.55128663994	3
1	1582	6109.458773377661	3
1	1585	6114.803063137195	3
1	1592	6159.388021155792	3
1	1594	6162.055723877349	3
1	1606	6201.373489430142	3
1	1610	6211.561732051695	3
1	1615	6233.301627021396	3
1	1620	6259.042856526335	3
1	1623	6265.134476404822	3
1	1627	6285.245409548861	3
1	1631	6293.959182860809	3
1	1639	6315.447515387061	3
1	1652	6381.47977949286	3
1	1653	6382.671582144935	3
1	1659	6394.644932887805	3
1	1665	6408.386417890843	3
1	1666	6410.278183662171	3
1	1671	6421.112580353463	3
1	1675	6455.361311664348	3
1	1692	6497.748280072866	3
1	1700	6514.880198261815	3
1	1702	6520.5161655106	3
1	1711	6559.199169262541	3
1	1719	6591.193381898408	3
1	1736	6637.059386592693	3
1	1737	6648.747598508231	3
1	1745	6688.638075891534	3
1	1753	6697.720687776002	3
1	1763	6724.600012312931	3
1	1765	6731.089773178974	3
1	1774	6778.883787097264	3
1	1781	6794.920948589706	3
1	1782	6796.877097644189	3
1	1786	6804.045723147266	3
1	1799	6861.336152768166	3
1	1802	6871.993533401108	3
1	1804	6882.037521088021	3
1	1818	6924.283273314565	3
1	1819	6925.506289834287	3
1	1835	6985.000098573142	3
1	1837	6989.568125115185	3
1	1858	7048.248888384582	3
1	1866	7079.023093367568	3
1	1878	7127.971891708084	3
1	1889	7154.167755156774	3
1	1900	7193.239889494948	3
1	1906	7225.444531067706	3
1	1913	7241.076255636382	3
1	1921	7268.68637482992	3
1	1928	7292.566335235014	3
1	1939	7335.124762433879	3
1	1940	7335.76863641858	3
1	1950	7365.038154779461	3
1	1960	7393.854903753378	3
1	1967	7401.864239641094	3
1	1968	7427.330840105397	3
1	1971	7435.707404885035	3
1	1976	7449.905304962869	3
1	1987	7474.23967434554	3
1	1989	7475.475271778098	3
1	1990	7481.361906848358	3
1	2000	7500.137548708795	3
1	2013	7556.13851648194	3
1	2015	7557.797817736536	3
1	2020	7570.418797316418	3
1	2028	7597.356167171415	3
1	2029	7597.933887762354	3
1	2030	7601.77875420386	3
1	2032	7604.838460440325	3
1	2040	7656.157456246126	3
1	2066	7763.787411439586	3
1	2071	7781.903293063894	3
1	2073	7799.149257168157	3
1	2080	7831.963399679142	3
1	2112	7951.78991034517	3
1	2115	7964.31801329758	3
1	2121	7994.601721526515	3
1	2143	8074.510346990311	3
1	2150	8102.211150021105	3
1	2163	8139.004196541912	3
1	2165	8151.930148410328	3
1	2172	8162.669499131117	3
1	2184	8208.923544494957	3
1	2185	8212.155439870074	3
1	2186	8215.149961795155	3
1	2193	8240.813641140653	3
1	2199	8257.848347446031	3
1	2202	8262.201969235423	3
1	2209	8297.588405486197	3
1	2215	8309.571379561272	3
1	2220	8319.765398874013	3
1	2232	8358.49893985548	3
1	2235	8363.721711449673	3
1	2254	8426.79504059084	3
1	2257	8439.636000953756	3
1	2260	8443.286624773306	3
1	2265	8460.752876234434	3
1	2267	8462.758701136718	3
1	2272	8481.989275527227	3
1	2274	8492.754520431569	3
1	2280	8504.128984758367	3
1	2283	8516.220680234969	3
1	2285	8529.109348856373	3
1	2287	8530.127867469001	3
1	2288	8538.813893701088	3
1	2289	8539.658125137271	3
1	2290	8541.30498177055	3
1	2299	8578.618448891305	3
1	2304	8598.758139357622	3
1	2305	8599.217900599735	3
1	2311	8626.743860793715	3
1	2320	8647.165581709082	3
1	2324	8656.509017623346	3
1	2335	8718.937032965554	3
1	2338	8735.166538265829	3
1	2367	8854.010652626187	3
1	2368	8854.362250843661	3
1	2369	8855.050024141975	3
1	2374	8903.425236872616	3
1	2378	8911.313425705769	3
1	2380	8919.405122570515	3
1	2387	8952.525739244066	3
1	2400	8988.43757342621	3
1	2402	8993.941740147953	3
1	2405	9003.873619459099	3
1	2410	9018.269884435442	3
1	2418	9036.883217361667	3
1	2420	9044.12928225442	3
1	2429	9066.780587802969	3
1	2441	9097.521458671736	3
1	2444	9100.287577053922	3
1	2450	9118.645286595287	3
1	2456	9135.928831358199	3
1	2468	9164.326392626417	3
1	2472	9172.733612246576	3
1	2482	9184.730037264945	3
1	2492	9214.815024484057	3
1	2501	9241.036370141545	3
1	2507	9266.392622696337	3
1	2513	9276.135210543202	3
1	2519	9281.039338463911	3
1	2520	9287.07395443701	3
1	2524	9295.172751887707	3
1	2527	9302.724079421516	3
1	2544	9364.46864301549	3
1	2545	9366.6535618563	3
1	2562	9396.123142289108	3
1	2564	9402.050529365893	3
1	2569	9424.292683090336	3
1	2570	9428.217744949967	3
1	2574	9436.879279912739	3
1	2576	9441.22849925205	3
1	2588	9486.281026024188	3
1	2608	9560.5747548203	3
1	2615	9585.614120944119	3
1	2633	9651.411824345761	3
1	2636	9670.788499607177	3
1	2644	9701.861213708381	3
1	2650	9732.138186978663	3
1	2653	9735.870769530767	3
1	2657	9748.330843552814	3
1	2661	9758.618087339338	3
1	2670	9802.855466963607	3
1	2672	9808.859197359584	3
1	2675	9828.083040076394	3
1	2682	9841.44271561806	3
1	2686	9853.180911464763	3
1	2696	9881.768711303712	3
1	2699	9887.53929248035	3
1	2713	9941.422966467608	3
1	2720	9957.365583602033	3
1	2732	9992.435333314164	3
1	2738	10028.096907585743	3
1	2764	10116.714006023574	3
1	2766	10116.726389797355	3
1	2768	10136.446576966988	3
1	2769	10142.257531856785	3
1	2773	10151.912983214479	3
1	2777	10164.780777951377	3
1	2778	10165.209285347307	3
1	2780	10176.3848042115	3
1	2782	10180.14726758661	3
1	2784	10193.246390739536	3
1	2785	10193.6550979558	3
1	2796	10249.454592592227	3
1	2801	10265.548873111054	3
1	2842	10422.724709644219	3
1	2848	10444.661194631423	3
1	2852	10449.427242997258	3
1	2855	10457.185026279389	3
1	2859	10475.969498551713	3
1	2868	10511.725148682343	3
1	2887	10572.808202266605	3
1	2890	10581.871310222449	3
1	2898	10604.505204428406	3
1	2904	10615.469467253832	3
1	2912	10649.226596118317	3
1	2925	10691.558084724835	3
1	2926	10692.343847188659	3
1	2927	10696.760482629178	3
1	2935	10723.065688260326	3
1	2938	10732.586627467266	3
1	2941	10751.382795410433	3
1	2944	10752.236367299782	3
1	2948	10759.953944650913	3
1	2959	10801.691433507011	3
1	2961	10811.116246271417	3
1	3011	10980.601691066924	3
1	3013	10987.369120847782	3
1	3015	10994.320353777538	3
1	3020	11008.905643867194	3
1	3032	11042.192850444727	3
1	3033	11043.174406525923	3
1	3045	11070.342934431083	3
1	3046	11070.748383399591	3
1	3048	11088.672807916979	3
1	3054	11111.075343454222	3
1	3059	11127.195029577036	3
1	3072	11152.951057069993	3
1	3076	11158.712977047715	3
1	3078	11164.858032980065	3
1	3079	11167.733965398039	3
1	3087	11207.295131995967	3
1	3091	11215.472908493951	3
1	3097	11230.356004312379	3
1	3102	11236.069511234024	3
1	3105	11247.653347954528	3
1	3133	11327.489393035788	3
1	3139	11336.408520652178	3
1	3156	11368.982463535219	3
1	3165	11405.769168553461	3
1	3166	11409.718287730658	3
1	3170	11420.117690995666	3
1	3172	11423.20070875782	3
1	3178	11433.77302188821	3
1	3180	11436.637682657682	3
1	3181	11437.214713496021	3
1	3187	11457.494161269773	3
1	3188	11458.145420397195	3
1	3190	11462.987757834315	3
1	3200	11490.508153995608	3
1	3206	11525.625165662908	3
1	3209	11531.998188028777	3
1	3224	11558.275677144066	3
1	3233	11581.715544671372	3
1	3243	11632.377514471215	3
1	3249	11637.960498023529	3
1	3254	11653.008256094673	3
1	3261	11676.71318361212	3
1	3267	11684.80586197535	3
1	3276	11721.998090877728	3
1	3285	11746.84087611915	3
1	3292	11780.143846727978	3
1	3297	11797.740284634462	3
1	3301	11817.67769336685	3
1	3305	11828.749642560919	3
1	3311	11848.522067619533	3
1	3329	11912.934263288732	3
1	3331	11920.203824637486	3
1	3339	11943.817319194427	3
1	3342	11952.413060053306	3
1	3347	11975.684387949593	3
1	3353	11984.993582098441	3
1	3364	12017.248872617588	3
1	3385	12084.618939208333	3
1	3394	12105.1727197882	3
1	3399	12128.476912562313	3
1	3402	12140.421810058462	3
1	3408	12166.1288359465	3
1	3414	12182.151171373994	3
1	3416	12182.413856322761	3
1	3417	12184.894542041429	3
1	3419	12188.546846168637	3
1	3423	12201.206089010934	3
1	3428	12209.201184177457	3
1	3441	12266.342466128446	3
1	3444	12271.258441329069	3
1	3447	12285.382287733374	3
1	3452	12296.605437613728	3
1	3453	12302.601991784924	3
1	3458	12311.391269328282	3
1	3461	12333.270912533516	3
1	3471	12362.454986168996	3
1	3473	12369.74282202691	3
1	3494	12437.342366743939	3
1	3496	12439.474270503886	3
1	3502	12452.27106006516	3
1	3503	12457.970263567387	3
1	3512	12482.045927666895	3
1	3520	12504.870430716849	3
1	3533	12547.504428165938	3
1	3547	12588.257669111818	3
1	3553	12611.909557620892	3
1	3554	12621.871624257328	3
1	3556	12640.779328515003	3
1	3570	12665.158345333182	3
1	3572	12670.381724237	3
1	3578	12705.16697755084	3
1	3584	12731.808008856475	3
1	3587	12746.467636181709	3
1	3591	12756.255396947843	3
1	3592	12756.2741398177	3
1	3599	12791.774076468479	3
1	3603	12808.538981078692	3
1	3613	12854.277473780244	3
1	3617	12865.556001795654	3
1	3618	12868.309687199381	3
1	3659	12995.774574036292	3
1	3671	13042.707629912381	3
1	3674	13052.689391107722	3
1	3680	13068.991476522822	3
1	3681	13071.417016901092	3
1	3683	13075.107787119677	3
1	3684	13082.057813684302	3
1	3685	13085.191859171681	3
1	3686	13094.516285223352	3
1	3694	13112.116699800561	3
1	3697	13132.265316801136	3
1	3699	13144.694672490614	3
1	3702	13153.446810388865	3
1	3706	13163.843266988479	3
1	3719	13201.860353690178	3
1	3723	13214.582727227407	3
1	3732	13265.416436783886	3
1	3740	13284.349503573507	3
1	3756	13357.282566658999	3
1	3759	13361.101254574713	3
1	3763	13374.647255728172	3
1	3773	13417.623758965509	3
1	3778	13424.857411035772	3
1	3786	13472.472989544533	3
1	3789	13488.118122624739	3
1	3792	13501.346208440944	3
1	3798	13522.490490724616	3
1	3805	13543.56575414334	3
1	3810	13573.329440859388	3
1	3822	13620.969065324558	3
1	3836	13653.278795225454	3
1	3844	13696.603970504298	3
1	3850	13717.626869936254	3
1	3858	13741.314458569204	3
1	3868	13795.566991539314	3
1	3870	13797.160052016433	3
1	3874	13801.605990059758	3
1	3875	13801.702509325341	3
1	3888	13852.223114272832	3
1	3889	13857.33536583914	3
1	3898	13899.250031302953	3
1	3913	13958.758613397509	3
1	3933	14035.41361793321	3
1	3947	14102.420068908649	3
1	3958	14149.711114733083	3
1	3959	14151.466755268983	3
1	3969	14196.330110922278	3
1	3972	14205.099562862051	3
1	3985	14259.012969211875	3
1	3986	14264.401201699132	3
1	3989	14271.456323222474	3
1	3996	14300.446376767168	3
1	4018	14368.83923681446	3
1	4022	14392.623416749203	3
1	4024	14396.090568813812	3
1	4032	14417.921965428764	3
1	4040	14434.796956434957	3
1	4044	14444.862266363602	3
1	4052	14488.186578907377	3
1	4055	14498.353792083815	3
1	4063	14522.432021214752	3
1	4064	14527.222986945592	3
1	4065	14527.992020042498	3
1	4078	14552.304054992282	3
1	4082	14566.671436633221	3
1	4092	14606.313047995211	3
1	4102	14633.377935133142	3
1	4105	14638.541081895985	3
1	4113	14649.756140232733	3
1	4121	14677.235896689204	3
1	4122	14692.105307462414	3
1	4127	14713.284078079545	3
1	4132	14734.544306389159	3
1	4135	14740.28245436297	3
1	4140	14744.034019654127	3
1	4150	14764.764910544114	3
1	4169	14844.060624181211	3
1	4174	14848.372715695107	3
1	4181	14867.222467781778	3
1	4184	14879.33195912291	3
1	4185	14881.311833242365	3
1	4188	14899.328278678736	3
1	4190	14912.720030493446	3
1	4195	14926.798359507014	3
1	4205	14966.976191929807	3
1	4220	15017.6474597282	3
1	4230	15053.425715790751	3
1	4234	15065.831019229503	3
1	4243	15098.818792677509	3
1	4244	15109.792457848511	3
1	4255	15151.146683578234	3
1	4257	15152.430608690589	3
1	4275	15218.248657023216	3
1	4277	15220.411585336192	3
1	4290	15260.879536496252	3
1	4292	15278.084174308671	3
1	4297	15303.066237467625	3
1	4304	15320.189299537743	3
1	4317	15387.427206615196	3
1	4325	15417.669024245981	3
1	4328	15422.91142461285	3
1	4346	15492.599634132634	3
1	4347	15503.385542342961	3
1	4364	15567.857407984032	3
1	4366	15574.368711658579	3
1	4369	15586.858343882825	3
1	4376	15609.832222046434	3
1	4381	15626.353738245294	3
1	4388	15643.289414622552	3
1	4391	15656.309295048457	3
1	4404	15723.676040764504	3
1	4405	15725.333915982156	3
1	4416	15769.267223564597	3
1	4420	15792.60053251793	3
1	4422	15797.816587799795	3
1	4426	15805.108029627357	3
1	4437	15841.198288690653	3
1	4446	15885.092802809316	3
1	4448	15899.148169396917	3
1	4458	15935.681529231109	3
1	4461	15940.427964136058	3
1	4462	15941.890564982776	3
1	4465	15951.373325192042	3
1	4469	15953.890307752064	3
1	4476	16007.562347540273	3
1	4480	16022.497507079214	3
1	4485	16039.814591716045	3
1	4486	16041.887663835935	3
1	4507	16106.366363196736	3
1	4509	16109.021541155312	3
1	4512	16125.082497268149	3
1	4525	16156.556385728931	3
1	4531	16169.320898370623	3
1	4535	16184.555604802152	3
1	4538	16190.422369548498	3
1	4561	16249.865778496647	3
1	4567	16260.464280552094	3
1	4592	16338.555879715902	3
1	4604	16366.310505552547	3
1	4612	16395.359224802946	3
1	4613	16396.018031218028	3
1	4622	16430.612524369653	3
1	4627	16448.323998674215	3
1	4630	16463.719950060023	3
1	4634	16481.933169494995	3
1	4635	16487.31586680334	3
1	4637	16488.603206416509	3
1	4645	16506.677081837081	3
1	4655	16551.478299625836	3
1	4661	16576.70471545809	3
1	4679	16626.893045007767	3
1	4680	16628.426848023935	3
1	4694	16674.119817032243	3
1	4706	16706.178637067998	3
1	4716	16761.662477479976	3
1	4722	16775.201204024483	3
1	4726	16785.623898340557	3
1	4729	16806.192487488447	3
1	4734	16817.824052846223	3
1	4741	16859.381626378457	3
1	4746	16871.021157838718	3
1	4752	16900.015382317843	3
1	4757	16910.335893815645	3
1	4762	16928.936834137792	3
1	4766	16954.507322582664	3
1	4771	16968.284932489916	3
1	4773	16973.078817181141	3
1	4784	17008.989295557914	3
1	4822	17151.037017645301	3
1	4828	17162.850079808629	3
1	4838	17187.356628560781	3
1	4839	17193.207945807359	3
1	4840	17196.736591136452	3
1	4841	17201.834439453254	3
1	4844	17210.560277649274	3
1	4845	17212.745063376838	3
1	4854	17261.273137666122	3
1	4856	17264.809192292408	3
1	4864	17286.235310735747	3
1	4883	17338.320171411274	3
1	4885	17344.753857825879	3
1	4890	17367.164234366614	3
1	4894	17376.918830770351	3
1	4896	17382.185131711326	3
1	4897	17385.093576279787	3
1	4909	17410.340878848887	3
1	4910	17412.720046695514	3
1	4917	17429.52516599973	3
1	4924	17457.974039210789	3
1	4951	17520.815790972589	3
1	4956	17547.522322549155	3
1	4969	17598.188134598096	3
1	4971	17599.516531319971	3
1	4972	17604.815530928231	3
1	4973	17604.911586390098	3
1	4976	17615.963790290513	3
1	4989	17664.905895121199	3
1	4997	17700.689518088766	3
1	5009	17745.897170948696	3
1	5015	17783.435735070922	3
1	5016	17784.251808536366	3
1	5021	17814.347625739629	3
1	5029	17871.409760645279	3
1	5038	17908.306398137809	3
1	5063	18018.198076467205	3
1	5071	18041.040368007262	3
1	5072	18046.241139188756	3
1	5082	18107.145126314297	3
1	5088	18127.077797074053	3
1	5089	18130.192024885887	3
1	5090	18130.957750044598	3
1	5095	18166.900544482983	3
1	5097	18180.18801224887	3
1	5121	18285.8907550082	3
1	5123	18298.407433322003	3
1	5125	18305.27653970983	3
1	5129	18320.298408356961	3
1	5130	18322.320935760678	3
1	5147	18409.28305129356	3
1	5154	18443.22055632473	3
1	5155	18446.343790253317	3
1	5159	18470.821907258253	3
1	5177	18552.721819039479	3
1	5178	18553.161600133966	3
1	5180	18561.843362087733	3
1	5182	18582.500804060202	3
1	5191	18619.055408545453	3
1	5206	18691.785941079344	3
1	5211	18717.417818209643	3
1	5216	18753.920657712342	3
1	5219	18759.227528592494	3
1	5225	18794.174586189118	3
1	5227	18810.03301363155	3
1	5228	18812.282396449033	3
1	5230	18820.14583823876	3
1	5236	18858.610862494043	3
1	5251	18915.620127834614	3
1	5261	18972.169313648881	3
1	5262	18972.221991954545	3
1	5264	18974.709839330573	3
1	5289	19103.678081457658	3
1	5297	19134.597163926411	3
1	5306	19167.066882329748	3
1	5312	19180.308442993406	3
1	5315	19196.150786582981	3
1	5316	19199.76022231031	3
1	5322	19211.422875262466	3
1	5327	19245.095935982017	3
1	5328	19256.207489217702	3
1	5329	19256.458627509717	3
1	5336	19275.912933071445	3
1	5341	19289.678098750962	3
1	5344	19303.911137698412	3
1	5348	19314.331398957934	3
1	5366	19369.121886339846	3
1	5371	19382.080984882933	3
1	5383	19421.50675428635	3
1	5384	19422.97253748505	3
1	5389	19443.34643017129	3
1	5396	19460.740988379877	3
1	5400	19481.55263802639	3
1	5422	19550.137515997141	3
1	5436	19598.841718703224	3
1	5441	19611.088409428427	3
1	5449	19630.714317912678	3
1	5467	19704.783569461534	3
1	5469	19709.931548384071	3
1	5473	19727.200978191478	3
1	5476	19730.71004828125	3
1	5482	19766.322098545077	3
1	5486	19779.247318121968	3
1	5495	19808.095847625595	3
1	5503	19830.992818682714	3
1	5509	19857.043673151434	3
1	5510	19859.851726095195	3
1	5513	19874.144798692874	3
1	5514	19874.782860412904	3
1	5525	19908.461190404589	3
1	5539	19962.714119190581	3
2	224	1022.018407520443	10881
2	232	1065.546470537107	10885
2	240	1093.168210603908	10876
2	245	1098.085020187896	10878
2	260	1160.086776994304	10871
2	262	1166.124915191864	10872
2	276	1216.601366934112	10892
2	287	1248.819887399351	10895
2	293	1270.104033568677	10897
2	300	1295.083855172275	10900
2	301	1295.902809432496	10889
2	311	1322.367602148819	10879
2	313	1323.029967085974	10880
2	314	1323.875537088396	10901
2	318	1339.029928843971	10894
2	319	1348.986699595305	10883
2	331	1375.65431250063	10898
2	335	1391.876667047184	10888
2	336	1393.469038595429	10904
2	365	1456.589749921505	10913
2	368	1467.46571706079	10915
2	382	1505.475338482483	10890
2	384	1507.17810415544	10906
2	388	1528.455061715993	10893
2	389	1529.587008813039	10908
2	390	1531.59848977913	10909
2	401	1556.886382178216	10912
2	419	1631.157101315121	10919
2	423	1634.853987405965	10926
2	426	1641.997596370161	10927
2	430	1654.282366733754	10923
2	431	1655.821435255793	10910
2	440	1675.931532825463	10925
2	441	1685.335212723074	10916
2	442	1690.642868624429	10917
2	458	1760.516558083727	10911
2	462	1765.763024165482	10928
2	463	1773.468758953106	10931
2	481	1856.894280800693	10930
2	494	1913.393703016852	10933
2	498	1930.30948168531	10938
2	506	1964.129703082506	10935
2	512	2000.779989816201	10942
2	514	2007.555291013391	10932
2	515	2011.835892561883	10943
2	527	2061.860130934559	10934
2	535	2103.083861194083	10946
2	545	2126.454354544194	10936
2	551	2163.864343604309	10950
2	557	2205.247842098451	10952
2	571	2255.7880654143	10948
2	588	2326.10280490158	10957
2	589	2326.613888209922	10945
2	597	2377.746190235847	10959
2	599	2383.576674360022	10960
2	626	2506.65665821775	10955
2	627	2508.839890990095	10951
2	660	2684.740118033323	10963
2	661	2684.947488474433	10970
2	664	2711.333609143115	10973
2	667	2727.343766238897	10964
2	676	2761.77797569024	10968
2	678	2764.833879758592	10969
2	679	2773.627531918632	10975
2	694	2838.277644935448	10980
2	706	2904.767542334426	10978
2	708	2915.400565724897	10985
2	712	2932.125610294157	10979
2	724	2986.633453696331	10976
2	727	2999.748162605176	10977
2	733	3029.455510667261	10988
2	736	3033.16703589917	10989
2	740	3048.345129519287	10990
2	741	3049.793345865557	10974
2	744	3084.420052554142	10991
2	772	3191.762388169825	10983
2	784	3247.932513676308	10994
2	785	3252.03748651267	10999
2	786	3270.202512729831	11000
2	790	3274.725364745887	11002
2	794	3299.20122497255	10987
2	798	3323.330152820767	10997
2	807	3375.277731937079	10995
2	808	3376.412653368563	11001
2	820	3438.572306184829	10998
2	831	3490.039903538432	11007
2	845	3559.534604688977	11010
2	849	3578.230880580892	11012
2	857	3613.062811169285	11008
2	861	3625.723499406585	11003
2	863	3627.432986265787	11006
2	873	3676.364698889905	11011
2	887	3727.558250631899	11015
2	917	3857.794278551028	11016
2	922	3879.173474963786	11024
2	928	3894.756282446236	11019
2	933	3914.886181446542	11027
2	956	3991.679550610615	11035
2	961	4005.243694590684	11020
2	969	4034.289026219137	11021
2	971	4047.131373329922	11040
2	975	4060.201784197139	11042
2	978	4071.381775032152	11043
2	980	4073.80126575797	11023
2	984	4083.339162222986	11033
2	988	4092.716637240081	11045
2	989	4094.108735745994	11025
2	1009	4153.814923063106	11032
2	1029	4204.095569177747	11046
2	1033	4217.965288602248	11048
2	1039	4229.871930011028	11031
2	1044	4245.665276226011	11055
2	1054	4277.267178774149	11049
2	1056	4278.011734503562	11050
2	1058	4287.318787409068	11061
2	1064	4307.883048164713	11062
2	1066	4311.590437395716	11047
2	1072	4331.330604462246	11052
2	1084	4373.086815745212	11059
2	1119	4478.84878119872	11072
2	1120	4481.213550102614	11060
2	1134	4514.000329683153	11074
2	1135	4514.415234502303	11063
2	1140	4528.881368185615	11069
2	1143	4539.905191459537	11070
2	1145	4542.126351829794	11078
2	1147	4552.048545544772	11053
2	1150	4561.259551947496	11056
2	1161	4586.51546698125	11067
2	1163	4589.081550732427	11081
2	1167	4609.458354871657	11068
2	1175	4634.339557307286	11077
2	1180	4653.518141808821	11065
2	1194	4698.058019472757	11082
2	1210	4752.10674159313	11089
2	1220	4780.721285263029	11071
2	1231	4826.55114584291	11091
2	1239	4848.110479313929	11092
2	1244	4860.136198535452	11094
2	1260	4915.924813046181	11090
2	1264	4930.517141855092	11099
2	1283	4987.819848712975	11107
2	1289	5030.356560383988	11098
2	1298	5060.670993251468	11093
2	1303	5073.79712714399	11095
2	1306	5081.589605771772	11106
2	1340	5202.021903526926	11108
2	1352	5278.607512017446	11104
2	1356	5285.894662089648	11117
2	1358	5286.813446019948	11114
2	1361	5293.193153388243	11112
2	1362	5295.529203339138	11120
2	1369	5318.336177011624	11113
2	1377	5381.554959970458	11110
2	1380	5384.181199176675	11123
2	1386	5396.047710348673	11119
2	1413	5492.117846835771	11131
2	1420	5507.99828347748	11133
2	1426	5522.993489163683	11136
2	1434	5548.42158161708	11127
2	1436	5556.879576550467	11128
2	1441	5583.8389613817	11129
2	1443	5585.912942864078	11130
2	1447	5595.965236150146	11132
2	1448	5597.474213281474	11140
2	1491	5739.513730828056	11138
2	1495	5755.646138891439	11144
2	1499	5763.857101068271	11147
2	1512	5831.41428582081	11149
2	1515	5847.249835265302	11151
2	1517	5850.991114041957	11143
2	1523	5866.345176585316	11146
2	1525	5897.72059281379	11153
2	1531	5925.484016975485	11157
2	1541	5955.276821851103	11159
2	1561	6042.248206729207	11161
2	1563	6052.430557046017	11158
2	1577	6088.486797751974	11168
2	1581	6104.55128663994	11155
2	1582	6109.458773377661	11156
2	1585	6114.803063137195	11170
2	1592	6159.388021155792	11162
2	1594	6162.055723877349	11172
2	1606	6201.373489430142	11169
2	1610	6211.561732051695	11176
2	1615	6233.301627021396	11160
2	1620	6259.042856526335	11178
2	1623	6265.134476404822	11163
2	1627	6285.245409548861	11180
2	1631	6293.959182860809	11175
2	1639	6315.447515387061	11177
2	1652	6381.47977949286	11164
2	1653	6382.671582144935	11179
2	1659	6394.644932887805	11166
2	1665	6408.386417890843	11185
2	1666	6410.278183662171	11186
2	1671	6421.112580353463	11182
2	1675	6455.361311664348	11171
2	1692	6497.748280072866	11189
2	1700	6514.880198261815	11181
2	1702	6520.5161655106	11190
2	1711	6559.199169262541	11192
2	1719	6591.193381898408	11196
2	1736	6637.059386592693	11200
2	1737	6648.747598508231	11191
2	1745	6688.638075891534	11195
2	1753	6697.720687776002	11187
2	1763	6724.600012312931	11205
2	1765	6731.089773178974	11206
2	1774	6778.883787097264	11193
2	1781	6794.920948589706	11204
2	1782	6796.877097644189	11210
2	1786	6804.045723147266	11197
2	1799	6861.336152768166	11214
2	1802	6871.993533401108	11215
2	1804	6882.037521088021	11194
2	1818	6924.283273314565	11199
2	1819	6925.506289834287	11216
2	1835	6985.000098573142	11218
2	1837	6989.568125115185	11208
2	1858	7048.248888384582	11213
2	1866	7079.023093367568	11222
2	1878	7127.971891708084	11228
2	1889	7154.167755156774	11231
2	1900	7193.239889494948	11224
2	1906	7225.444531067706	11226
2	1913	7241.076255636382	11236
2	1921	7268.68637482992	11221
2	1928	7292.566335235014	11234
2	1939	7335.124762433879	11229
2	1940	7335.76863641858	11235
2	1950	7365.038154779461	11232
2	1960	7393.854903753378	11240
2	1967	7401.864239641094	11242
2	1968	7427.330840105397	11225
2	1971	7435.707404885035	11243
2	1976	7449.905304962869	11249
2	1987	7474.23967434554	11251
2	1989	7475.475271778098	11246
2	1990	7481.361906848358	11252
2	2000	7500.137548708795	11256
2	2013	7556.13851648194	11258
2	2015	7557.797817736536	11244
2	2020	7570.418797316418	11260
2	2028	7597.356167171415	11254
2	2029	7597.933887762354	11239
2	2030	7601.77875420386	11255
2	2032	7604.838460440325	11262
2	2040	7656.157456246126	11257
2	2066	7763.787411439586	11259
2	2071	7781.903293063894	11266
2	2073	7799.149257168157	11267
2	2080	7831.963399679142	11263
2	2112	7951.78991034517	11271
2	2115	7964.31801329758	11264
2	2121	7994.601721526515	11273
2	2143	8074.510346990311	11288
2	2150	8102.211150021105	11278
2	2163	8139.004196541912	11284
2	2165	8151.930148410328	11285
2	2172	8162.669499131117	11276
2	2184	8208.923544494957	11279
2	2185	8212.155439870074	11280
2	2186	8215.149961795155	11281
2	2193	8240.813641140653	11283
2	2199	8257.848347446031	11291
2	2202	8262.201969235423	11287
2	2209	8297.588405486197	11293
2	2215	8309.571379561272	11295
2	2220	8319.765398874013	11296
2	2232	8358.49893985548	11299
2	2235	8363.721711449673	11300
2	2254	8426.79504059084	11303
2	2257	8439.636000953756	11309
2	2260	8443.286624773306	11310
2	2265	8460.752876234434	11304
2	2267	8462.758701136718	11305
2	2272	8481.989275527227	11306
2	2274	8492.754520431569	11313
2	2280	8504.128984758367	11294
2	2283	8516.220680234969	11308
2	2285	8529.109348856373	11297
2	2287	8530.127867469001	11298
2	2288	8538.813893701088	11315
2	2289	8539.658125137271	11316
2	2290	8541.30498177055	11317
2	2299	8578.618448891305	11320
2	2304	8598.758139357622	11302
2	2305	8599.217900599735	11322
2	2311	8626.743860793715	11325
2	2320	8647.165581709082	11318
2	2324	8656.509017623346	11319
2	2335	8718.937032965554	11324
2	2338	8735.166538265829	11326
2	2367	8854.010652626187	11327
2	2368	8854.362250843661	11330
2	2369	8855.050024141975	11328
2	2374	8903.425236872616	11332
2	2378	8911.313425705769	11323
2	2380	8919.405122570515	11334
2	2387	8952.525739244066	11337
2	2400	8988.43757342621	11331
2	2402	8993.941740147953	11329
2	2405	9003.873619459099	11340
2	2410	9018.269884435442	11342
2	2418	9036.883217361667	11343
2	2420	9044.12928225442	11344
2	2429	9066.780587802969	11347
2	2441	9097.521458671736	11352
2	2444	9100.287577053922	11353
2	2450	9118.645286595287	11354
2	2456	9135.928831358199	11357
2	2468	9164.326392626417	11346
2	2472	9172.733612246576	11338
2	2482	9184.730037264945	11361
2	2492	9214.815024484057	11341
2	2501	9241.036370141545	11335
2	2507	9266.392622696337	11366
2	2513	9276.135210543202	11368
2	2519	9281.039338463911	11348
2	2520	9287.07395443701	11349
2	2524	9295.172751887707	11351
2	2527	9302.724079421516	11363
2	2544	9364.46864301549	11375
2	2545	9366.6535618563	11358
2	2562	9396.123142289108	11350
2	2564	9402.050529365893	11372
2	2569	9424.292683090336	11364
2	2570	9428.217744949967	11355
2	2574	9436.879279912739	11356
2	2576	9441.22849925205	11379
2	2588	9486.281026024188	11360
2	2608	9560.5747548203	11386
2	2615	9585.614120944119	11381
2	2633	9651.411824345761	11380
2	2636	9670.788499607177	11389
2	2644	9701.861213708381	11383
2	2650	9732.138186978663	11394
2	2653	9735.870769530767	11384
2	2657	9748.330843552814	11396
2	2661	9758.618087339338	11388
2	2670	9802.855466963607	11399
2	2672	9808.859197359584	11387
2	2675	9828.083040076394	11400
2	2682	9841.44271561806	11402
2	2686	9853.180911464763	11397
2	2696	9881.768711303712	11405
2	2699	9887.53929248035	11406
2	2713	9941.422966467608	11395
2	2720	9957.365583602033	11410
2	2732	9992.435333314164	11390
2	2738	10028.096907585743	11417
2	2764	10116.714006023574	11416
2	2766	10116.726389797355	11421
2	2768	10136.446576966988	11418
2	2769	10142.257531856785	11407
2	2773	10151.912983214479	11403
2	2777	10164.780777951377	11411
2	2778	10165.209285347307	11404
2	2780	10176.3848042115	11412
2	2782	10180.14726758661	11414
2	2784	10193.246390739536	11419
2	2785	10193.6550979558	11420
2	2796	10249.454592592227	11408
2	2801	10265.548873111054	11424
2	2842	10422.724709644219	11423
2	2848	10444.661194631423	11433
2	2852	10449.427242997258	11426
2	2855	10457.185026279389	11434
2	2859	10475.969498551713	11429
2	2868	10511.725148682343	11440
2	2887	10572.808202266605	11435
2	2890	10581.871310222449	11436
2	2898	10604.505204428406	11438
2	2904	10615.469467253832	11448
2	2912	10649.226596118317	11442
2	2925	10691.558084724835	11430
2	2926	10692.343847188659	11454
2	2927	10696.760482629178	11445
2	2935	10723.065688260326	11449
2	2938	10732.586627467266	11450
2	2941	10751.382795410433	11452
2	2944	10752.236367299782	11432
2	2948	10759.953944650913	11444
2	2959	10801.691433507011	11455
2	2961	10811.116246271417	11456
2	3011	10980.601691066924	11461
2	3013	10987.369120847782	11471
2	3015	10994.320353777538	11462
2	3020	11008.905643867194	11472
2	3032	11042.192850444727	11464
2	3033	11043.174406525923	11465
2	3045	11070.342934431083	11468
2	3046	11070.748383399591	11469
2	3048	11088.672807916979	11470
2	3054	11111.075343454222	11478
2	3059	11127.195029577036	11463
2	3072	11152.951057069993	11475
2	3076	11158.712977047715	11466
2	3078	11164.858032980065	11467
2	3079	11167.733965398039	11476
2	3087	11207.295131995967	11477
2	3091	11215.472908493951	11479
2	3097	11230.356004312379	11473
2	3102	11236.069511234024	11482
2	3105	11247.653347954528	11483
2	3133	11327.489393035788	11496
2	3139	11336.408520652178	11490
2	3156	11368.982463535219	11499
2	3165	11405.769168553461	11503
2	3166	11409.718287730658	11504
2	3170	11420.117690995666	11488
2	3172	11423.20070875782	11480
2	3178	11433.77302188821	11489
2	3180	11436.637682657682	11481
2	3181	11437.214713496021	11497
2	3187	11457.494161269773	11484
2	3188	11458.145420397195	11498
2	3190	11462.987757834315	11493
2	3200	11490.508153995608	11502
2	3206	11525.625165662908	11510
2	3209	11531.998188028777	11495
2	3224	11558.275677144066	11507
2	3233	11581.715544671372	11500
2	3243	11632.377514471215	11516
2	3249	11637.960498023529	11505
2	3254	11653.008256094673	11520
2	3261	11676.71318361212	11508
2	3267	11684.80586197535	11509
2	3276	11721.998090877728	11515
2	3285	11746.84087611915	11523
2	3292	11780.143846727978	11525
2	3297	11797.740284634462	11521
2	3301	11817.67769336685	11529
2	3305	11828.749642560919	11531
2	3311	11848.522067619533	11519
2	3329	11912.934263288732	11534
2	3331	11920.203824637486	11528
2	3339	11943.817319194427	11535
2	3342	11952.413060053306	11536
2	3347	11975.684387949593	11538
2	3353	11984.993582098441	11539
2	3364	12017.248872617588	11541
2	3385	12084.618939208333	11524
2	3394	12105.1727197882	11551
2	3399	12128.476912562313	11530
2	3402	12140.421810058462	11542
2	3408	12166.1288359465	11544
2	3414	12182.151171373994	11547
2	3416	12182.413856322761	11548
2	3417	12184.894542041429	11553
2	3419	12188.546846168637	11549
2	3423	12201.206089010934	11550
2	3428	12209.201184177457	11556
2	3441	12266.342466128446	11537
2	3444	12271.258441329069	11560
2	3447	12285.382287733374	11552
2	3452	12296.605437613728	11562
2	3453	12302.601991784924	11554
2	3458	12311.391269328282	11564
2	3461	12333.270912533516	11558
2	3471	12362.454986168996	11567
2	3473	12369.74282202691	11568
2	3494	12437.342366743939	11559
2	3496	12439.474270503886	11569
2	3502	12452.27106006516	11565
2	3503	12457.970263567387	11566
2	3512	12482.045927666895	11574
2	3520	12504.870430716849	11577
2	3533	12547.504428165938	11571
2	3547	12588.257669111818	11575
2	3553	12611.909557620892	11563
2	3554	12621.871624257328	11584
2	3556	12640.779328515003	11578
2	3570	12665.158345333182	11586
2	3572	12670.381724237	11582
2	3578	12705.16697755084	11583
2	3584	12731.808008856475	11587
2	3587	12746.467636181709	11585
2	3591	12756.255396947843	11589
2	3592	12756.2741398177	11580
2	3599	12791.774076468479	11590
2	3603	12808.538981078692	11592
2	3613	12854.277473780244	11579
2	3617	12865.556001795654	11593
2	3618	12868.309687199381	11581
2	3659	12995.774574036292	11602
2	3671	13042.707629912381	11608
2	3674	13052.689391107722	11588
2	3680	13068.991476522822	11609
2	3681	13071.417016901092	11599
2	3683	13075.107787119677	11610
2	3684	13082.057813684302	11600
2	3685	13085.191859171681	11611
2	3686	13094.516285223352	11612
2	3694	13112.116699800561	11605
2	3697	13132.265316801136	11597
2	3699	13144.694672490614	11607
2	3702	13153.446810388865	11598
2	3706	13163.843266988479	11617
2	3719	13201.860353690178	11603
2	3723	13214.582727227407	11614
2	3732	13265.416436783886	11616
2	3740	13284.349503573507	11621
2	3756	13357.282566658999	11615
2	3759	13361.101254574713	11623
2	3763	13374.647255728172	11618
2	3773	13417.623758965509	11613
2	3778	13424.857411035772	11629
2	3786	13472.472989544533	11625
2	3789	13488.118122624739	11630
2	3792	13501.346208440944	11626
2	3798	13522.490490724616	11628
2	3805	13543.56575414334	11635
2	3810	13573.329440859388	11624
2	3822	13620.969065324558	11632
2	3836	13653.278795225454	11640
2	3844	13696.603970504298	11644
2	3850	13717.626869936254	11645
2	3858	13741.314458569204	11633
2	3868	13795.566991539314	11650
2	3870	13797.160052016433	11643
2	3874	13801.605990059758	11652
2	3875	13801.702509325341	11637
2	3888	13852.223114272832	11634
2	3889	13857.33536583914	11636
2	3898	13899.250031302953	11654
2	3913	13958.758613397509	11657
2	3933	14035.41361793321	11647
2	3947	14102.420068908649	11662
2	3958	14149.711114733083	11664
2	3959	14151.466755268983	11661
2	3969	14196.330110922278	11653
2	3972	14205.099562862051	11670
2	3985	14259.012969211875	11673
2	3986	14264.401201699132	11665
2	3989	14271.456323222474	11666
2	3996	14300.446376767168	11675
2	4018	14368.83923681446	11681
2	4022	14392.623416749203	11668
2	4024	14396.090568813812	11669
2	4032	14417.921965428764	11683
2	4040	14434.796956434957	11678
2	4044	14444.862266363602	11680
2	4052	14488.186578907377	11667
2	4055	14498.353792083815	11674
2	4063	14522.432021214752	11693
2	4064	14527.222986945592	11684
2	4065	14527.992020042498	11685
2	4078	14552.304054992282	11689
2	4082	14566.671436633221	11690
2	4092	14606.313047995211	11692
2	4102	14633.377935133142	11677
2	4105	14638.541081895985	11697
2	4113	14649.756140232733	11688
2	4121	14677.235896689204	11704
2	4122	14692.105307462414	11705
2	4127	14713.284078079545	11707
2	4132	14734.544306389159	11696
2	4135	14740.28245436297	11686
2	4140	14744.034019654127	11687
2	4150	14764.764910544114	11701
2	4169	14844.060624181211	11711
2	4174	14848.372715695107	11699
2	4181	14867.222467781778	11695
2	4184	14879.33195912291	11702
2	4185	14881.311833242365	11703
2	4188	14899.328278678736	11714
2	4190	14912.720030493446	11706
2	4195	14926.798359507014	11710
2	4205	14966.976191929807	11700
2	4220	15017.6474597282	11716
2	4230	15053.425715790751	11721
2	4234	15065.831019229503	11712
2	4243	15098.818792677509	11724
2	4244	15109.792457848511	11725
2	4255	15151.146683578234	11727
2	4257	15152.430608690589	11729
2	4275	15218.248657023216	11715
2	4277	15220.411585336192	11735
2	4290	15260.879536496252	11736
2	4292	15278.084174308671	11732
2	4297	15303.066237467625	11737
2	4304	15320.189299537743	11734
2	4317	15387.427206615196	11742
2	4325	15417.669024245981	11738
2	4328	15422.91142461285	11739
2	4346	15492.599634132634	11746
2	4347	15503.385542342961	11747
2	4364	15567.857407984032	11752
2	4366	15574.368711658579	11753
2	4369	15586.858343882825	11745
2	4376	15609.832222046434	11744
2	4381	15626.353738245294	11750
2	4388	15643.289414622552	11740
2	4391	15656.309295048457	11751
2	4404	15723.676040764504	11756
2	4405	15725.333915982156	11749
2	4416	15769.267223564597	11763
2	4420	15792.60053251793	11755
2	4422	15797.816587799795	11764
2	4426	15805.108029627357	11760
2	4437	15841.198288690653	11757
2	4446	15885.092802809316	11767
2	4448	15899.148169396917	11768
2	4458	15935.681529231109	11773
2	4461	15940.427964136058	11765
2	4462	15941.890564982776	11766
2	4465	15951.373325192042	11759
2	4469	15953.890307752064	11761
2	4476	16007.562347540273	11770
2	4480	16022.497507079214	11772
2	4485	16039.814591716045	11774
2	4486	16041.887663835935	11775
2	4507	16106.366363196736	11779
2	4509	16109.021541155312	11783
2	4512	16125.082497268149	11771
2	4525	16156.556385728931	11782
2	4531	16169.320898370623	11788
2	4535	16184.555604802152	11789
2	4538	16190.422369548498	11791
2	4561	16249.865778496647	11781
2	4567	16260.464280552094	11777
2	4592	16338.555879715902	11794
2	4604	16366.310505552547	11787
2	4612	16395.359224802946	11799
2	4613	16396.018031218028	11790
2	4622	16430.612524369653	11800
2	4627	16448.323998674215	11802
2	4630	16463.719950060023	11805
2	4634	16481.933169494995	11806
2	4635	16487.31586680334	11797
2	4637	16488.603206416509	11798
2	4645	16506.677081837081	11812
2	4655	16551.478299625836	11803
2	4661	16576.70471545809	11811
2	4679	16626.893045007767	11819
2	4680	16628.426848023935	11814
2	4694	16674.119817032243	11816
2	4706	16706.178637067998	11809
2	4716	16761.662477479976	11828
2	4722	16775.201204024483	11831
2	4726	16785.623898340557	11832
2	4729	16806.192487488447	11817
2	4734	16817.824052846223	11826
2	4741	16859.381626378457	11834
2	4746	16871.021157838718	11830
2	4752	16900.015382317843	11823
2	4757	16910.335893815645	11818
2	4762	16928.936834137792	11833
2	4766	16954.507322582664	11827
2	4771	16968.284932489916	11820
2	4773	16973.078817181141	11829
2	4784	17008.989295557914	11824
2	4822	17151.037017645301	11842
2	4828	17162.850079808629	11838
2	4838	17187.356628560781	11836
2	4839	17193.207945807359	11852
2	4840	17196.736591136452	11853
2	4841	17201.834439453254	11854
2	4844	17210.560277649274	11845
2	4845	17212.745063376838	11839
2	4854	17261.273137666122	11848
2	4856	17264.809192292408	11849
2	4864	17286.235310735747	11861
2	4883	17338.320171411274	11846
2	4885	17344.753857825879	11858
2	4890	17367.164234366614	11859
2	4894	17376.918830770351	11850
2	4896	17382.185131711326	11860
2	4897	17385.093576279787	11843
2	4909	17410.340878848887	11855
2	4910	17412.720046695514	11867
2	4917	17429.52516599973	11856
2	4924	17457.974039210789	11872
2	4951	17520.815790972589	11862
2	4956	17547.522322549155	11870
2	4969	17598.188134598096	11874
2	4971	17599.516531319971	11875
2	4972	17604.815530928231	11876
2	4973	17604.911586390098	11882
2	4976	17615.963790290513	11877
2	4989	17664.905895121199	11884
2	4997	17700.689518088766	11864
2	5009	17745.897170948696	11869
2	5015	17783.435735070922	11880
2	5016	17784.251808536366	11885
2	5021	17814.347625739629	11889
2	5029	17871.409760645279	11886
2	5038	17908.306398137809	11881
2	5063	18018.198076467205	11899
2	5071	18041.040368007262	11892
2	5072	18046.241139188756	11890
2	5082	18107.145126314297	11896
2	5088	18127.077797074053	11891
2	5089	18130.192024885887	11901
2	5090	18130.957750044598	11905
2	5095	18166.900544482983	11907
2	5097	18180.18801224887	11903
2	5121	18285.8907550082	11908
2	5123	18298.407433322003	11909
2	5125	18305.27653970983	11895
2	5129	18320.298408356961	11897
2	5130	18322.320935760678	11910
2	5147	18409.28305129356	11904
2	5154	18443.22055632473	11918
2	5155	18446.343790253317	11906
2	5159	18470.821907258253	11915
2	5177	18552.721819039479	11914
2	5178	18553.161600133966	11921
2	5180	18561.843362087733	11922
2	5182	18582.500804060202	11911
2	5191	18619.055408545453	11917
2	5206	18691.785941079344	11920
2	5211	18717.417818209643	11924
2	5216	18753.920657712342	11931
2	5219	18759.227528592494	11926
2	5225	18794.174586189118	11919
2	5227	18810.03301363155	11928
2	5228	18812.282396449033	11923
2	5230	18820.14583823876	11930
2	5236	18858.610862494043	11932
2	5251	18915.620127834614	11929
2	5261	18972.169313648881	11935
2	5262	18972.221991954545	11936
2	5264	18974.709839330573	11938
2	5289	19103.678081457658	11941
2	5297	19134.597163926411	11944
2	5306	19167.066882329748	11937
2	5312	19180.308442993406	11949
2	5315	19196.150786582981	11939
2	5316	19199.76022231031	11940
2	5322	19211.422875262466	11952
2	5327	19245.095935982017	11955
2	5328	19256.207489217702	11942
2	5329	19256.458627509717	11945
2	5336	19275.912933071445	11948
2	5341	19289.678098750962	11958
2	5344	19303.911137698412	11959
2	5348	19314.331398957934	11951
2	5366	19369.121886339846	11956
2	5371	19382.080984882933	11957
2	5383	19421.50675428635	11964
2	5384	19422.97253748505	11965
2	5389	19443.34643017129	11943
2	5396	19460.740988379877	11961
2	5400	19481.55263802639	11947
2	5422	19550.137515997141	11969
2	5436	19598.841718703224	11971
2	5441	19611.088409428427	11972
2	5449	19630.714317912678	11976
2	5467	19704.783569461534	11980
2	5469	19709.931548384071	11981
2	5473	19727.200978191478	11982
2	5476	19730.71004828125	11984
2	5482	19766.322098545077	11977
2	5486	19779.247318121968	11988
2	5495	19808.095847625595	11975
2	5503	19830.992818682714	11983
2	5509	19857.043673151434	11985
2	5510	19859.851726095195	11986
2	5513	19874.144798692874	11992
2	5514	19874.782860412904	11987
2	5525	19908.461190404589	11996
2	5539	19962.714119190581	12000
3	221	1013.367602148819	0
3	222	1014.029967085974	0
3	225	1032.699634080264	0
3	226	1039.986699595305	0
3	227	1053.089162517208	0
3	230	1063.084916721498	0
3	247	1115.526506205231	0
3	252	1125.018407520443	0
3	263	1168.546470537107	0
3	271	1196.168210603908	0
3	272	1196.475338482483	0
3	274	1197.047124990844	0
3	275	1201.085020187896	0
3	279	1219.455061715993	0
3	288	1255.623690463675	0
3	297	1283.226288195296	0
3	309	1319.601366934112	0
3	322	1351.819887399351	0
3	328	1368.461796770481	0
3	339	1398.083855172275	0
3	340	1398.902809432496	0
3	345	1413.516807579739	0
3	358	1442.029928843971	0
3	361	1451.516558083727	0
3	376	1494.876667047184	0
3	377	1496.469038595429	0
3	391	1532.808877498927	0
3	392	1533.72293096657	0
3	403	1559.589749921505	0
3	407	1567.857525057208	0
3	408	1570.46571706079	0
3	417	1610.17810415544	0
3	433	1659.886382178216	0
3	448	1734.157101315121	0
3	449	1737.853987405965	0
3	451	1742.24843438796	0
3	452	1744.997596370161	0
3	456	1757.282366733754	0
3	465	1778.931532825463	0
3	485	1868.763024165482	0
3	487	1876.468758953106	0
3	497	1920.83829698501	0
3	504	1959.894280800693	0
3	516	2012.972363806568	0
3	517	2016.393703016852	0
3	518	2017.613888209922	0
3	522	2033.30948168531	0
3	530	2067.129703082506	0
3	536	2103.779989816201	0
3	538	2110.555291013391	0
3	540	2114.835892561883	0
3	550	2158.790759211715	0
3	552	2164.860130934559	0
3	555	2199.839890990095	0
3	558	2206.083861194083	0
3	562	2214.099493478183	0
3	568	2229.454354544194	0
3	574	2266.864343604309	0
3	582	2308.247842098451	0
3	593	2358.7880654143	0
3	594	2363.915470639559	0
3	600	2402.853845585437	0
3	603	2407.937562967784	0
3	611	2429.10280490158	0
3	624	2486.576674360022	0
3	631	2523.082047690114	0
3	635	2547.771511515558	0
3	643	2609.65665821775	0
3	673	2740.793345865557	0
3	685	2787.947488474433	0
3	689	2814.333609143115	0
3	693	2830.343766238897	0
3	696	2848.594167606374	0
3	697	2864.77797569024	0
3	699	2876.627531918632	0
3	700	2880.602559946271	0
3	701	2882.762388169825	0
3	707	2910.509547936881	0
3	710	2929.26333274714	0
3	715	2941.277644935448	0
3	725	2990.20122497255	0
3	730	3018.400565724897	0
3	737	3035.125610294157	0
3	757	3132.455510667261	0
3	760	3136.16703589917	0
3	770	3187.230226516499	0
3	771	3187.420052554142	0
3	795	3316.723499406585	0
3	804	3355.03748651267	0
3	806	3373.202512729831	0
3	815	3416.888219404845	0
3	819	3426.330152820767	0
3	829	3479.412653368563	0
3	838	3522.807969723492	0
3	854	3593.039903538432	0
3	855	3594.802501060106	0
3	868	3662.534604688977	0
3	871	3667.724925624473	0
3	880	3696.243694590684	0
3	885	3725.289026219137	0
3	890	3730.432986265787	0
3	891	3747.426763453685	0
3	895	3764.80126575797	0
3	901	3779.364698889905	0
3	902	3785.108735745994	0
3	908	3810.389659679349	0
3	916	3856.9899398175	0
3	918	3867.290559964769	0
3	921	3871.449484957918	0
3	935	3920.871930011028	0
3	945	3960.794278551028	0
3	951	3981.966668915911	0
3	952	3982.173474963786	0
3	965	4017.607121495639	0
3	966	4017.886181446542	0
3	968	4032.050093926106	0
3	973	4050.843790553808	0
3	1007	4150.131373329922	0
3	1013	4163.201784197139	0
3	1017	4174.381775032152	0
3	1026	4195.716637240081	0
3	1041	4243.048545544772	0
3	1043	4244.739214514912	0
3	1045	4252.259551947496	0
3	1049	4262.640610696224	0
3	1067	4320.965288602248	0
3	1071	4328.392662323698	0
3	1075	4344.518141808821	0
3	1078	4348.665276226011	0
3	1085	4374.832308912121	0
3	1088	4380.267178774149	0
3	1091	4381.011734503562	0
3	1092	4390.318787409068	0
3	1096	4410.883048164713	0
3	1099	4414.590437395716	0
3	1116	4471.721285263029	0
3	1136	4515.310622837547	0
3	1138	4520.458720006603	0
3	1151	4562.441542979326	0
3	1158	4581.84878119872	0
3	1159	4583.362474272395	0
3	1170	4617.000329683153	0
3	1171	4617.415234502303	0
3	1174	4631.881368185615	0
3	1176	4639.975282205265	0
3	1177	4642.905191459537	0
3	1178	4645.126351829794	0
3	1183	4663.247646640151	0
3	1186	4671.153162062455	0
3	1187	4676.794342114297	0
3	1192	4689.51546698125	0
3	1193	4692.081550732427	0
3	1196	4712.458354871657	0
3	1205	4737.339557307286	0
3	1226	4801.058019472757	0
3	1243	4855.10674159313	0
3	1252	4883.536033017216	0
3	1259	4910.917609928725	0
3	1263	4929.55114584291	0
3	1268	4951.110479313929	0
3	1273	4963.136198535452	0
3	1274	4969.607512017446	0
3	1288	5018.924813046181	0
3	1291	5033.517141855092	0
3	1297	5054.578241506777	0
3	1301	5072.554959970458	0
3	1304	5076.134740254901	0
3	1310	5090.819848712975	0
3	1324	5163.670993251468	0
3	1330	5176.79712714399	0
3	1333	5184.589605771772	0
3	1350	5275.774722829534	0
3	1367	5315.005604630847	0
3	1368	5315.871077184034	0
3	1381	5388.894662089648	0
3	1383	5389.813446019948	0
3	1387	5396.193153388243	0
3	1388	5398.529203339138	0
3	1390	5406.382030019348	0
3	1396	5421.336177011624	0
3	1400	5428.489311334992	0
3	1410	5487.181199176675	0
3	1423	5517.849563635205	0
3	1437	5559.744716103001	0
3	1446	5595.117846835771	0
3	1455	5624.439391502887	0
3	1457	5625.993489163683	0
3	1469	5659.879576550467	0
3	1470	5660.218937182335	0
3	1475	5688.912942864078	0
3	1479	5698.965236150146	0
3	1481	5700.474213281474	0
3	1484	5721.340557651082	0
3	1514	5842.513730828056	0
3	1520	5858.646138891439	0
3	1524	5866.857101068271	0
3	1535	5934.41428582081	0
3	1540	5953.991114041957	0
3	1546	5969.345176585316	0
3	1554	6000.72059281379	0
3	1559	6028.484016975485	0
3	1566	6058.276821851103	0
3	1571	6072.47977949286	0
3	1572	6082.812257110304	0
3	1573	6085.644932887805	0
3	1588	6145.248206729207	0
3	1589	6146.361311664348	0
3	1590	6155.430557046017	0
3	1601	6187.853126943208	0
3	1605	6191.486797751974	0
3	1613	6217.803063137195	0
3	1621	6262.388021155792	0
3	1622	6265.055723877349	0
3	1634	6304.373489430142	0
3	1638	6314.561732051695	0
3	1647	6362.042856526335	0
3	1650	6368.134476404822	0
3	1651	6380.980787842207	0
3	1654	6388.245409548861	0
3	1669	6418.447515387061	0
3	1685	6485.671582144935	0
3	1689	6492.112660862199	0
3	1697	6511.386417890843	0
3	1699	6513.278183662171	0
3	1705	6524.112580353463	0
3	1713	6573.037521088021	0
3	1724	6600.748280072866	0
3	1725	6611.575039945115	0
3	1727	6615.283273314565	0
3	1729	6617.880198261815	0
3	1730	6623.5161655106	0
3	1738	6657.413489900375	0
3	1739	6662.199169262541	0
3	1744	6684.317603919386	0
3	1746	6688.875448230974	0
3	1751	6694.193381898408	0
3	1766	6740.059386592693	0
3	1768	6751.747598508231	0
3	1771	6764.699375058045	0
3	1779	6791.638075891534	0
3	1784	6800.720687776002	0
3	1792	6827.600012312931	0
3	1795	6834.089773178974	0
3	1803	6881.883787097264	0
3	1812	6897.920948589706	0
3	1813	6899.877097644189	0
3	1817	6907.045723147266	0
3	1821	6930.568810982283	0
3	1829	6964.336152768166	0
3	1831	6974.993533401108	0
3	1840	6995.430146573862	0
3	1844	7003.290496332176	0
3	1852	7028.506289834287	0
3	1867	7080.767162344761	0
3	1868	7088.000098573142	0
3	1871	7092.568125115185	0
3	1875	7118.330840105397	0
3	1877	7123.467015386105	0
3	1884	7139.26166204752	0
3	1892	7172.865266913358	0
3	1908	7230.971891708084	0
3	1915	7242.540150176259	0
3	1916	7245.673557093016	0
3	1918	7257.167755156774	0
3	1925	7288.933887762354	0
3	1931	7296.239889494948	0
3	1934	7328.444531067706	0
3	1949	7362.422294762538	0
3	1951	7371.68637482992	0
3	1956	7389.056577910296	0
3	1962	7395.566335235014	0
3	1973	7438.76863641858	0
3	1980	7454.963270590669	0
3	1992	7490.43998491828	0
3	2007	7538.707404885035	0
3	2009	7552.905304962869	0
3	2022	7578.475271778098	0
3	2024	7584.361906848358	0
3	2025	7589.85976571931	0
3	2031	7603.137548708795	0
3	2038	7655.31801329758	0
3	2041	7659.13851648194	0
3	2045	7666.165893761772	0
3	2046	7673.418797316418	0
3	2052	7700.356167171415	0
3	2054	7704.77875420386	0
3	2056	7707.838460440325	0
3	2057	7713.197189672488	0
3	2060	7731.263301359073	0
3	2064	7759.157456246126	0
3	2092	7884.903293063894	0
3	2095	7902.149257168157	0
3	2103	7925.020609001892	0
3	2106	7934.963399679142	0
3	2108	7936.789459668419	0
3	2129	8027.399882094977	0
3	2137	8054.78991034517	0
3	2149	8097.601721526515	0
3	2175	8177.510346990311	0
3	2180	8195.128984758367	0
3	2182	8205.211150021105	0
3	2188	8220.109348856373	0
3	2189	8221.127867469001	0
3	2194	8242.004196541912	0
3	2208	8289.758139357622	0
3	2216	8311.923544494957	0
3	2218	8315.155439870074	0
3	2236	8365.201969235423	0
3	2266	8461.49893985548	0
3	2270	8478.226419275922	0
3	2278	8501.321850116489	0
3	2286	8529.79504059084	0
3	2291	8542.636000953756	0
3	2293	8546.286624773306	0
3	2296	8563.752876234434	0
3	2301	8584.989275527227	0
3	2303	8595.754520431569	0
3	2306	8602.313425705769	0
3	2310	8619.220680234969	0
3	2316	8641.813893701088	0
3	2317	8642.658125137271	0
3	2318	8644.30498177055	0
3	2333	8702.217900599735	0
3	2337	8729.743860793715	0
3	2344	8750.165581709082	0
3	2358	8821.937032965554	0
3	2362	8838.166538265829	0
3	2376	8904.325668628438	0
3	2382	8932.036370141545	0
3	2383	8936.023388221227	0
3	2390	8957.010652626187	0
3	2391	8957.362250843661	0
3	2392	8958.050024141975	0
3	2406	9006.425236872616	0
3	2413	9022.405122570515	0
3	2422	9053.902368454157	0
3	2423	9055.525739244066	0
3	2437	9087.123142289108	0
3	2445	9106.873619459099	0
3	2451	9119.217744949967	0
3	2455	9127.879279912739	0
3	2458	9139.883217361667	0
3	2470	9169.780587802969	0
3	2476	9176.548890450836	0
3	2477	9177.281026024188	0
3	2489	9203.287577053922	0
3	2500	9238.928831358199	0
3	2512	9275.733612246576	0
3	2514	9276.149019721768	0
3	2516	9278.772662808602	0
3	2531	9317.815024484057	0
3	2535	9330.997798176377	0
3	2536	9332.396048365364	0
3	2546	9369.392622696337	0
3	2550	9379.135210543202	0
3	2559	9390.07395443701	0
3	2563	9398.172751887707	0
3	2565	9405.724079421516	0
3	2567	9415.053471857262	0
3	2579	9467.46864301549	0
3	2580	9469.6535618563	0
3	2585	9483.804244888633	0
3	2595	9505.050529365893	0
3	2598	9527.292683090336	0
3	2605	9544.22849925205	0
3	2635	9663.5747548203	0
3	2639	9683.435333314164	0
3	2640	9683.444561619402	0
3	2647	9709.460836620142	0
3	2659	9754.411824345761	0
3	2676	9834.482303783183	0
3	2677	9835.138186978663	0
3	2680	9838.870769530767	0
3	2683	9842.912983214479	0
3	2685	9851.330843552814	0
3	2687	9856.209285347307	0
3	2691	9861.618087339338	0
3	2701	9905.855466963607	0
3	2702	9911.859197359584	0
3	2707	9931.083040076394	0
3	2712	9940.454592592227	0
3	2715	9944.44271561806	0
3	2719	9956.180911464763	0
3	2727	9983.652689495492	0
3	2728	9984.768711303712	0
3	2730	9990.53929248035	0
3	2751	10060.365583602033	0
3	2767	10131.096907585743	0
3	2775	10155.3607922168	0
3	2789	10219.714006023574	0
3	2790	10219.726389797355	0
3	2792	10239.446576966988	0
3	2793	10245.257531856785	0
3	2803	10267.780777951377	0
3	2806	10279.3848042115	0
3	2809	10296.246390739536	0
3	2812	10301.308592982203	0
3	2822	10348.232185082015	0
3	2826	10360.919502154176	0
3	2827	10368.548873111054	0
3	2835	10382.558084724835	0
3	2845	10437.504235781569	0
3	2847	10443.236367299782	0
3	2865	10501.6046975253	0
3	2879	10547.661194631423	0
3	2882	10552.427242997258	0
3	2885	10560.185026279389	0
3	2889	10578.969498551713	0
3	2897	10603.617389053464	0
3	2902	10614.432462880075	0
3	2903	10614.725148682343	0
3	2909	10636.890007134367	0
3	2920	10675.808202266605	0
3	2922	10684.871310222449	0
3	2923	10686.468241517319	0
3	2930	10707.505204428406	0
3	2936	10723.710343327835	0
3	2943	10752.226596118317	0
3	2953	10788.200363027225	0
3	2958	10799.760482629178	0
3	2966	10835.586627467266	0
3	2972	10853.574229696714	0
3	2973	10854.382795410433	0
3	2989	10904.691433507011	0
3	2992	10914.116246271417	0
3	3028	11030.921508468288	0
3	3049	11090.369120847782	0
3	3051	11097.320353777538	0
3	3055	11111.905643867194	0
3	3058	11114.20070875782	0
3	3061	11127.637682657682	0
3	3069	11145.192850444727	0
3	3070	11146.174406525923	0
3	3071	11148.494161269773	0
3	3074	11155.472756561731	0
3	3088	11214.075343454222	0
3	3101	11234.217401480583	0
3	3110	11255.951057069993	0
3	3114	11261.712977047715	0
3	3115	11267.858032980065	0
3	3117	11270.733965398039	0
3	3127	11310.295131995967	0
3	3130	11318.472908493951	0
3	3136	11333.356004312379	0
3	3141	11339.069511234024	0
3	3162	11386.539351032722	0
3	3175	11430.489393035788	0
3	3182	11439.408520652178	0
3	3185	11445.703136737838	0
3	3194	11471.982463535219	0
3	3201	11508.769168553461	0
3	3202	11512.718287730658	0
3	3208	11531.037710536201	0
3	3215	11536.77302188821	0
3	3226	11561.145420397195	0
3	3227	11565.987757834315	0
3	3228	11569.801364676044	0
3	3242	11628.625165662908	0
3	3244	11633.015125208716	0
3	3245	11633.716463108871	0
3	3255	11661.275677144066	0
3	3279	11735.377514471215	0
3	3283	11740.960498023529	0
3	3286	11756.008256094673	0
3	3289	11775.618939208333	0
3	3291	11779.71318361212	0
3	3293	11784.557695968398	0
3	3295	11787.80586197535	0
3	3302	11819.476912562313	0
3	3312	11849.84087611915	0
3	3320	11883.143846727978	0
3	3332	11920.67769336685	0
3	3335	11931.749642560919	0
3	3341	11951.522067619533	0
3	3344	11957.342466128446	0
3	3358	11995.559755843457	0
3	3371	12046.817319194427	0
3	3374	12055.413060053306	0
3	3379	12076.82126688816	0
3	3381	12078.684387949593	0
3	3388	12087.993582098441	0
3	3397	12120.248872617588	0
3	3426	12204.927738302676	0
3	3427	12208.1727197882	0
3	3430	12220.002404767962	0
3	3442	12269.1288359465	0
3	3445	12274.696499904286	0
3	3446	12285.151171373994	0
3	3448	12285.413856322761	0
3	3449	12287.894542041429	0
3	3450	12291.546846168637	0
3	3454	12302.909557620892	0
3	3455	12304.206089010934	0
3	3475	12374.258441329069	0
3	3480	12388.382287733374	0
3	3485	12399.605437613728	0
3	3488	12405.601991784924	0
3	3491	12414.391269328282	0
3	3493	12436.270912533516	0
3	3500	12450.264862608227	0
3	3506	12465.454986168996	0
3	3508	12472.74282202691	0
3	3518	12502.46884009669	0
3	3529	12542.474270503886	0
3	3532	12545.277473780244	0
3	3536	12555.27106006516	0
3	3537	12559.309687199381	0
3	3538	12560.970263567387	0
3	3546	12585.045927666895	0
3	3551	12607.870430716849	0
3	3563	12650.504428165938	0
3	3575	12691.257669111818	0
3	3583	12724.871624257328	0
3	3585	12743.689391107722	0
3	3586	12743.779328515003	0
3	3596	12768.158345333182	0
3	3597	12773.381724237	0
3	3600	12794.109844992303	0
3	3602	12808.16697755084	0
3	3608	12834.808008856475	0
3	3612	12849.467636181709	0
3	3615	12859.255396947843	0
3	3616	12859.2741398177	0
3	3623	12889.387092904222	0
3	3634	12917.414741717793	0
3	3657	12992.931869650036	0
3	3661	12997.270756575199	0
3	3666	13022.216271871514	0
3	3689	13098.774574036292	0
3	3692	13108.623758965509	0
3	3700	13145.707629912381	0
3	3709	13171.991476522822	0
3	3710	13172.867899974229	0
3	3712	13178.107787119677	0
3	3714	13185.057813684302	0
3	3715	13188.191859171681	0
3	3716	13197.516285223352	0
3	3724	13215.116699800561	0
3	3729	13256.446810388865	0
3	3730	13257.463848141542	0
3	3747	13304.860353690178	0
3	3751	13317.582727227407	0
3	3765	13387.349503573507	0
3	3772	13417.522771426909	0
3	3784	13464.101254574713	0
3	3787	13477.647255728172	0
3	3793	13505.364779827441	0
3	3801	13527.857411035772	0
3	3804	13543.223114272832	0
3	3806	13548.33536583914	0
3	3814	13591.118122624739	0
3	3819	13604.346208440944	0
3	3824	13622.80765032544	0
3	3826	13625.490490724616	0
3	3831	13639.301533875706	0
3	3833	13646.56575414334	0
3	3838	13670.114387859909	0
3	3840	13680.742816995064	0
3	3851	13721.448242125673	0
3	3854	13726.41361793321	0
3	3857	13734.710759258225	0
3	3864	13756.278795225454	0
3	3872	13799.603970504298	0
3	3879	13820.626869936254	0
3	3894	13887.330110922278	0
3	3897	13898.566991539314	0
3	3902	13904.605990059758	0
3	3904	13910.441273763495	0
3	3905	13920.958808531977	0
3	3919	13992.829977084937	0
3	3920	13997.868641520205	0
3	3922	14002.250031302953	0
3	3938	14061.758613397509	0
3	3954	14122.827908031499	0
3	3965	14179.186578907377	0
3	3973	14205.420068908649	0
3	3974	14216.30501147502	0
3	3982	14252.711114733083	0
3	3998	14308.099562862051	0
3	4003	14324.377935133142	0
3	4009	14338.031702258009	0
3	4015	14362.012969211875	0
3	4017	14367.401201699132	0
3	4028	14403.446376767168	0
3	4038	14431.28245436297	0
3	4041	14435.034019654127	0
3	4054	14497.245680062612	0
3	4062	14520.921965428764	0
3	4070	14537.796956434957	0
3	4080	14558.222467781778	0
3	4090	14601.353792083815	0
3	4099	14630.222986945592	0
3	4100	14630.992020042498	0
3	4114	14655.304054992282	0
3	4115	14657.976191929807	0
3	4118	14669.671436633221	0
3	4125	14709.313047995211	0
3	4136	14741.08054349017	0
3	4137	14741.541081895985	0
3	4143	14747.634773851843	0
3	4154	14780.235896689204	0
3	4155	14795.105307462414	0
3	4161	14816.284078079545	0
3	4167	14837.544306389159	0
3	4180	14864.270558507913	0
3	4182	14867.764910544114	0
3	4189	14909.248657023216	0
3	4196	14931.099766779647	0
3	4198	14947.060624181211	0
3	4201	14951.457561637987	0
3	4210	14982.33195912291	0
3	4218	15015.720030493446	0
3	4219	15017.312102214705	0
3	4223	15029.798359507014	0
3	4251	15120.6474597282	0
3	4256	15152.388323627341	0
3	4259	15155.371043602355	0
3	4260	15156.425715790751	0
3	4267	15189.238251124961	0
3	4269	15201.818792677509	0
3	4271	15212.792457848511	0
3	4284	15254.146683578234	0
3	4286	15255.430608690589	0
3	4306	15323.411585336192	0
3	4307	15334.289414622552	0
3	4313	15363.879536496252	0
3	4314	15381.084174308671	0
3	4315	15381.347684232152	0
3	4318	15389.468023300409	0
3	4323	15406.066237467625	0
3	4329	15423.189299537743	0
3	4344	15490.427206615196	0
3	4355	15525.91142461285	0
3	4367	15580.130964277061	0
3	4373	15595.599634132634	0
3	4375	15606.385542342961	0
3	4387	15642.373325192042	0
3	4393	15670.857407984032	0
3	4398	15689.858343882825	0
3	4406	15729.353738245294	0
3	4415	15759.309295048457	0
3	4429	15826.676040764504	0
3	4449	15900.095422288732	0
3	4450	15900.816587799795	0
3	4453	15908.108029627357	0
3	4467	15951.464280552094	0
3	4471	15988.092802809316	0
3	4472	16002.148169396917	0
3	4484	16038.681529231109	0
3	4487	16043.427964136058	0
3	4489	16044.890564982776	0
3	4495	16056.890307752064	0
3	4510	16110.562347540273	0
3	4513	16125.497507079214	0
3	4519	16142.814591716045	0
3	4520	16144.887663835935	0
3	4527	16157.432754950913	0
3	4543	16209.366363196736	0
3	4544	16212.021541155312	0
3	4546	16224.549858318807	0
3	4548	16228.082497268149	0
3	4565	16259.556385728931	0
3	4580	16293.422369548498	0
3	4597	16352.33783475454	0
3	4611	16391.791016134269	0
3	4616	16397.178637067998	0
3	4623	16431.851365992154	0
3	4639	16498.359224802946	0
3	4640	16499.018031218028	0
3	4650	16533.612524369653	0
3	4654	16551.323998674215	0
3	4659	16566.719950060023	0
3	4665	16591.603206416509	0
3	4670	16601.335893815645	0
3	4676	16609.677081837081	0
3	4686	16654.478299625836	0
3	4687	16659.284932489916	0
3	4690	16666.627962435146	0
3	4701	16699.989295557914	0
3	4707	16707.500091957893	0
3	4711	16729.893045007767	0
3	4712	16731.426848023935	0
3	4742	16864.662477479976	0
3	4748	16878.201204024483	0
3	4749	16878.356628560781	0
3	4751	16888.623898340557	0
3	4760	16920.824052846223	0
3	4769	16962.381626378457	0
3	4774	16974.021157838718	0
3	4785	17009.504005232289	0
3	4788	17028.89191555335	0
3	4794	17057.507322582664	0
3	4803	17076.093576279787	0
3	4810	17099.814045114849	0
3	4823	17155.637879749344	0
3	4834	17179.352003136072	0
3	4849	17226.005868183223	0
3	4857	17265.850079808629	0
3	4868	17296.207945807359	0
3	4869	17299.736591136452	0
3	4871	17304.834439453254	0
3	4875	17313.560277649274	0
3	4877	17315.745063376838	0
3	4898	17389.235310735747	0
3	4899	17391.689518088766	0
3	4900	17392.713769999096	0
3	4904	17401.327166016294	0
3	4912	17416.080125259292	0
3	4919	17436.897170948696	0
3	4922	17447.753857825879	0
3	4930	17479.918830770351	0
3	4932	17485.185131711326	0
3	4946	17513.340878848887	0
3	4947	17515.720046695514	0
3	4950	17520.474469721428	0
3	4953	17532.52516599973	0
3	4970	17599.306398137809	0
3	4980	17622.661766986	0
3	4985	17650.522322549155	0
3	5000	17702.516531319971	0
3	5012	17767.905895121199	0
3	5014	17780.934307568598	0
3	5032	17886.435735070922	0
3	5033	17887.251808536366	0
3	5042	17917.347625739629	0
3	5056	17993.618969001657	0
3	5057	17996.27653970983	0
3	5060	18011.298408356961	0
3	5065	18020.364604963766	0
3	5081	18100.28305129356	0
3	5086	18121.198076467205	0
3	5092	18137.343790253317	0
3	5094	18149.241139188756	0
3	5104	18210.145126314297	0
3	5112	18233.957750044598	0
3	5119	18273.500804060202	0
3	5120	18283.18801224887	0
3	5122	18290.233546073088	0
3	5132	18330.242970873836	0
3	5144	18401.407433322003	0
3	5145	18404.093770215867	0
3	5150	18425.320935760678	0
3	5161	18485.174586189118	0
3	5175	18546.22055632473	0
3	5181	18573.821907258253	0
3	5201	18664.843362087733	0
3	5226	18794.785941079344	0
3	5231	18820.417818209643	0
3	5232	18820.537075732028	0
3	5234	18856.920657712342	0
3	5235	18857.509109171111	0
3	5238	18862.227528592494	0
3	5249	18913.03301363155	0
3	5269	19018.620127834614	0
3	5283	19075.169313648881	0
3	5284	19075.221991954545	0
3	5285	19077.709839330573	0
3	5295	19134.34643017129	0
3	5307	19172.55263802639	0
3	5319	19206.678081457658	0
3	5323	19234.384849117447	0
3	5325	19237.597163926411	0
3	5334	19270.066882329748	0
3	5338	19283.308442993406	0
3	5342	19299.150786582981	0
3	5349	19314.422875262466	0
3	5360	19348.095935982017	0
3	5370	19378.912933071445	0
3	5373	19388.810568728593	0
3	5374	19392.678098750962	0
3	5377	19406.911137698412	0
3	5381	19417.331398957934	0
3	5395	19453.848836077917	0
3	5402	19485.080984882933	0
3	5413	19524.50675428635	0
3	5414	19525.97253748505	0
3	5427	19563.740988379877	0
3	5428	19570.511515699213	0
3	5451	19653.137515997141	0
3	5462	19696.563342269678	0
3	5464	19701.841718703224	0
3	5470	19714.088409428427	0
3	5477	19733.714317912678	0
3	5494	19807.783569461534	0
3	5497	19812.931548384071	0
3	5500	19819.735348921374	0
3	5502	19830.200978191478	0
3	5512	19869.322098545077	0
3	5516	19882.247318121968	0
3	5527	19911.095847625595	0
3	5535	19934.061197091157	0
3	5538	19960.043673151434	0
3	5540	19962.851726095195	0
3	5543	19977.144798692874	0
3	5544	19977.782860412904	0
4	221	1013.367602148819	3
4	222	1014.029967085974	3
4	225	1032.699634080264	3
4	226	1039.986699595305	3
4	227	1053.089162517208	3
4	230	1063.084916721498	3
4	247	1115.526506205231	3
4	252	1125.018407520443	3
4	263	1168.546470537107	3
4	271	1196.168210603908	3
4	272	1196.475338482483	3
4	274	1197.047124990844	3
4	275	1201.085020187896	3
4	279	1219.455061715993	3
4	288	1255.623690463675	3
4	297	1283.226288195296	3
4	309	1319.601366934112	3
4	322	1351.819887399351	3
4	328	1368.461796770481	3
4	339	1398.083855172275	3
4	340	1398.902809432496	3
4	345	1413.516807579739	3
4	358	1442.029928843971	3
4	361	1451.516558083727	3
4	376	1494.876667047184	3
4	377	1496.469038595429	3
4	391	1532.808877498927	3
4	392	1533.72293096657	3
4	403	1559.589749921505	3
4	407	1567.857525057208	3
4	408	1570.46571706079	3
4	417	1610.17810415544	3
4	433	1659.886382178216	3
4	448	1734.157101315121	3
4	449	1737.853987405965	3
4	451	1742.24843438796	3
4	452	1744.997596370161	3
4	456	1757.282366733754	3
4	465	1778.931532825463	3
4	485	1868.763024165482	3
4	487	1876.468758953106	3
4	497	1920.83829698501	3
4	504	1959.894280800693	3
4	516	2012.972363806568	3
4	517	2016.393703016852	3
4	518	2017.613888209922	3
4	522	2033.30948168531	3
4	530	2067.129703082506	3
4	536	2103.779989816201	3
4	538	2110.555291013391	3
4	540	2114.835892561883	3
4	550	2158.790759211715	3
4	552	2164.860130934559	3
4	555	2199.839890990095	3
4	558	2206.083861194083	3
4	562	2214.099493478183	3
4	568	2229.454354544194	3
4	574	2266.864343604309	3
4	582	2308.247842098451	3
4	593	2358.7880654143	3
4	594	2363.915470639559	3
4	600	2402.853845585437	3
4	603	2407.937562967784	3
4	611	2429.10280490158	3
4	624	2486.576674360022	3
4	631	2523.082047690114	3
4	635	2547.771511515558	3
4	643	2609.65665821775	3
4	673	2740.793345865557	3
4	685	2787.947488474433	3
4	689	2814.333609143115	3
4	693	2830.343766238897	3
4	696	2848.594167606374	3
4	697	2864.77797569024	3
4	699	2876.627531918632	3
4	700	2880.602559946271	3
4	701	2882.762388169825	3
4	707	2910.509547936881	3
4	710	2929.26333274714	3
4	715	2941.277644935448	3
4	725	2990.20122497255	3
4	730	3018.400565724897	3
4	737	3035.125610294157	3
4	757	3132.455510667261	3
4	760	3136.16703589917	3
4	770	3187.230226516499	3
4	771	3187.420052554142	3
4	795	3316.723499406585	3
4	804	3355.03748651267	3
4	806	3373.202512729831	3
4	815	3416.888219404845	3
4	819	3426.330152820767	3
4	829	3479.412653368563	3
4	838	3522.807969723492	3
4	854	3593.039903538432	3
4	855	3594.802501060106	3
4	868	3662.534604688977	3
4	871	3667.724925624473	3
4	880	3696.243694590684	3
4	885	3725.289026219137	3
4	890	3730.432986265787	3
4	891	3747.426763453685	3
4	895	3764.80126575797	3
4	901	3779.364698889905	3
4	902	3785.108735745994	3
4	908	3810.389659679349	3
4	916	3856.9899398175	3
4	918	3867.290559964769	3
4	921	3871.449484957918	3
4	935	3920.871930011028	3
4	945	3960.794278551028	3
4	951	3981.966668915911	3
4	952	3982.173474963786	3
4	965	4017.607121495639	3
4	966	4017.886181446542	3
4	968	4032.050093926106	3
4	973	4050.843790553808	3
4	1007	4150.131373329922	3
4	1013	4163.201784197139	3
4	1017	4174.381775032152	3
4	1026	4195.716637240081	3
4	1041	4243.048545544772	3
4	1043	4244.739214514912	3
4	1045	4252.259551947496	3
4	1049	4262.640610696224	3
4	1067	4320.965288602248	3
4	1071	4328.392662323698	3
4	1075	4344.518141808821	3
4	1078	4348.665276226011	3
4	1085	4374.832308912121	3
4	1088	4380.267178774149	3
4	1091	4381.011734503562	3
4	1092	4390.318787409068	3
4	1096	4410.883048164713	3
4	1099	4414.590437395716	3
4	1116	4471.721285263029	3
4	1136	4515.310622837547	3
4	1138	4520.458720006603	3
4	1151	4562.441542979326	3
4	1158	4581.84878119872	3
4	1159	4583.362474272395	3
4	1170	4617.000329683153	3
4	1171	4617.415234502303	3
4	1174	4631.881368185615	3
4	1176	4639.975282205265	3
4	1177	4642.905191459537	3
4	1178	4645.126351829794	3
4	1183	4663.247646640151	3
4	1186	4671.153162062455	3
4	1187	4676.794342114297	3
4	1192	4689.51546698125	3
4	1193	4692.081550732427	3
4	1196	4712.458354871657	3
4	1205	4737.339557307286	3
4	1226	4801.058019472757	3
4	1243	4855.10674159313	3
4	1252	4883.536033017216	3
4	1259	4910.917609928725	3
4	1263	4929.55114584291	3
4	1268	4951.110479313929	3
4	1273	4963.136198535452	3
4	1274	4969.607512017446	3
4	1288	5018.924813046181	3
4	1291	5033.517141855092	3
4	1297	5054.578241506777	3
4	1301	5072.554959970458	3
4	1304	5076.134740254901	3
4	1310	5090.819848712975	3
4	1324	5163.670993251468	3
4	1330	5176.79712714399	3
4	1333	5184.589605771772	3
4	1350	5275.774722829534	3
4	1367	5315.005604630847	3
4	1368	5315.871077184034	3
4	1381	5388.894662089648	3
4	1383	5389.813446019948	3
4	1387	5396.193153388243	3
4	1388	5398.529203339138	3
4	1390	5406.382030019348	3
4	1396	5421.336177011624	3
4	1400	5428.489311334992	3
4	1410	5487.181199176675	3
4	1423	5517.849563635205	3
4	1437	5559.744716103001	3
4	1446	5595.117846835771	3
4	1455	5624.439391502887	3
4	1457	5625.993489163683	3
4	1469	5659.879576550467	3
4	1470	5660.218937182335	3
4	1475	5688.912942864078	3
4	1479	5698.965236150146	3
4	1481	5700.474213281474	3
4	1484	5721.340557651082	3
4	1514	5842.513730828056	3
4	1520	5858.646138891439	3
4	1524	5866.857101068271	3
4	1535	5934.41428582081	3
4	1540	5953.991114041957	3
4	1546	5969.345176585316	3
4	1554	6000.72059281379	3
4	1559	6028.484016975485	3
4	1566	6058.276821851103	3
4	1571	6072.47977949286	3
4	1572	6082.812257110304	3
4	1573	6085.644932887805	3
4	1588	6145.248206729207	3
4	1589	6146.361311664348	3
4	1590	6155.430557046017	3
4	1601	6187.853126943208	3
4	1605	6191.486797751974	3
4	1613	6217.803063137195	3
4	1621	6262.388021155792	3
4	1622	6265.055723877349	3
4	1634	6304.373489430142	3
4	1638	6314.561732051695	3
4	1647	6362.042856526335	3
4	1650	6368.134476404822	3
4	1651	6380.980787842207	3
4	1654	6388.245409548861	3
4	1669	6418.447515387061	3
4	1685	6485.671582144935	3
4	1689	6492.112660862199	3
4	1697	6511.386417890843	3
4	1699	6513.278183662171	3
4	1705	6524.112580353463	3
4	1713	6573.037521088021	3
4	1724	6600.748280072866	3
4	1725	6611.575039945115	3
4	1727	6615.283273314565	3
4	1729	6617.880198261815	3
4	1730	6623.5161655106	3
4	1738	6657.413489900375	3
4	1739	6662.199169262541	3
4	1744	6684.317603919386	3
4	1746	6688.875448230974	3
4	1751	6694.193381898408	3
4	1766	6740.059386592693	3
4	1768	6751.747598508231	3
4	1771	6764.699375058045	3
4	1779	6791.638075891534	3
4	1784	6800.720687776002	3
4	1792	6827.600012312931	3
4	1795	6834.089773178974	3
4	1803	6881.883787097264	3
4	1812	6897.920948589706	3
4	1813	6899.877097644189	3
4	1817	6907.045723147266	3
4	1821	6930.568810982283	3
4	1829	6964.336152768166	3
4	1831	6974.993533401108	3
4	1840	6995.430146573862	3
4	1844	7003.290496332176	3
4	1852	7028.506289834287	3
4	1867	7080.767162344761	3
4	1868	7088.000098573142	3
4	1871	7092.568125115185	3
4	1875	7118.330840105397	3
4	1877	7123.467015386105	3
4	1884	7139.26166204752	3
4	1892	7172.865266913358	3
4	1908	7230.971891708084	3
4	1915	7242.540150176259	3
4	1916	7245.673557093016	3
4	1918	7257.167755156774	3
4	1925	7288.933887762354	3
4	1931	7296.239889494948	3
4	1934	7328.444531067706	3
4	1949	7362.422294762538	3
4	1951	7371.68637482992	3
4	1956	7389.056577910296	3
4	1962	7395.566335235014	3
4	1973	7438.76863641858	3
4	1980	7454.963270590669	3
4	1992	7490.43998491828	3
4	2007	7538.707404885035	3
4	2009	7552.905304962869	3
4	2022	7578.475271778098	3
4	2024	7584.361906848358	3
4	2025	7589.85976571931	3
4	2031	7603.137548708795	3
4	2038	7655.31801329758	3
4	2041	7659.13851648194	3
4	2045	7666.165893761772	3
4	2046	7673.418797316418	3
4	2052	7700.356167171415	3
4	2054	7704.77875420386	3
4	2056	7707.838460440325	3
4	2057	7713.197189672488	3
4	2060	7731.263301359073	3
4	2064	7759.157456246126	3
4	2092	7884.903293063894	3
4	2095	7902.149257168157	3
4	2103	7925.020609001892	3
4	2106	7934.963399679142	3
4	2108	7936.789459668419	3
4	2129	8027.399882094977	3
4	2137	8054.78991034517	3
4	2149	8097.601721526515	3
4	2175	8177.510346990311	3
4	2180	8195.128984758367	3
4	2182	8205.211150021105	3
4	2188	8220.109348856373	3
4	2189	8221.127867469001	3
4	2194	8242.004196541912	3
4	2208	8289.758139357622	3
4	2216	8311.923544494957	3
4	2218	8315.155439870074	3
4	2236	8365.201969235423	3
4	2266	8461.49893985548	3
4	2270	8478.226419275922	3
4	2278	8501.321850116489	3
4	2286	8529.79504059084	3
4	2291	8542.636000953756	3
4	2293	8546.286624773306	3
4	2296	8563.752876234434	3
4	2301	8584.989275527227	3
4	2303	8595.754520431569	3
4	2306	8602.313425705769	3
4	2310	8619.220680234969	3
4	2316	8641.813893701088	3
4	2317	8642.658125137271	3
4	2318	8644.30498177055	3
4	2333	8702.217900599735	3
4	2337	8729.743860793715	3
4	2344	8750.165581709082	3
4	2358	8821.937032965554	3
4	2362	8838.166538265829	3
4	2376	8904.325668628438	3
4	2382	8932.036370141545	3
4	2383	8936.023388221227	3
4	2390	8957.010652626187	3
4	2391	8957.362250843661	3
4	2392	8958.050024141975	3
4	2406	9006.425236872616	3
4	2413	9022.405122570515	3
4	2422	9053.902368454157	3
4	2423	9055.525739244066	3
4	2437	9087.123142289108	3
4	2445	9106.873619459099	3
4	2451	9119.217744949967	3
4	2455	9127.879279912739	3
4	2458	9139.883217361667	3
4	2470	9169.780587802969	3
4	2476	9176.548890450836	3
4	2477	9177.281026024188	3
4	2489	9203.287577053922	3
4	2500	9238.928831358199	3
4	2512	9275.733612246576	3
4	2514	9276.149019721768	3
4	2516	9278.772662808602	3
4	2531	9317.815024484057	3
4	2535	9330.997798176377	3
4	2536	9332.396048365364	3
4	2546	9369.392622696337	3
4	2550	9379.135210543202	3
4	2559	9390.07395443701	3
4	2563	9398.172751887707	3
4	2565	9405.724079421516	3
4	2567	9415.053471857262	3
4	2579	9467.46864301549	3
4	2580	9469.6535618563	3
4	2585	9483.804244888633	3
4	2595	9505.050529365893	3
4	2598	9527.292683090336	3
4	2605	9544.22849925205	3
4	2635	9663.5747548203	3
4	2639	9683.435333314164	3
4	2640	9683.444561619402	3
4	2647	9709.460836620142	3
4	2659	9754.411824345761	3
4	2676	9834.482303783183	3
4	2677	9835.138186978663	3
4	2680	9838.870769530767	3
4	2683	9842.912983214479	3
4	2685	9851.330843552814	3
4	2687	9856.209285347307	3
4	2691	9861.618087339338	3
4	2701	9905.855466963607	3
4	2702	9911.859197359584	3
4	2707	9931.083040076394	3
4	2712	9940.454592592227	3
4	2715	9944.44271561806	3
4	2719	9956.180911464763	3
4	2727	9983.652689495492	3
4	2728	9984.768711303712	3
4	2730	9990.53929248035	3
4	2751	10060.365583602033	3
4	2767	10131.096907585743	3
4	2775	10155.3607922168	3
4	2789	10219.714006023574	3
4	2790	10219.726389797355	3
4	2792	10239.446576966988	3
4	2793	10245.257531856785	3
4	2803	10267.780777951377	3
4	2806	10279.3848042115	3
4	2809	10296.246390739536	3
4	2812	10301.308592982203	3
4	2822	10348.232185082015	3
4	2826	10360.919502154176	3
4	2827	10368.548873111054	3
4	2835	10382.558084724835	3
4	2845	10437.504235781569	3
4	2847	10443.236367299782	3
4	2865	10501.6046975253	3
4	2879	10547.661194631423	3
4	2882	10552.427242997258	3
4	2885	10560.185026279389	3
4	2889	10578.969498551713	3
4	2897	10603.617389053464	3
4	2902	10614.432462880075	3
4	2903	10614.725148682343	3
4	2909	10636.890007134367	3
4	2920	10675.808202266605	3
4	2922	10684.871310222449	3
4	2923	10686.468241517319	3
4	2930	10707.505204428406	3
4	2936	10723.710343327835	3
4	2943	10752.226596118317	3
4	2953	10788.200363027225	3
4	2958	10799.760482629178	3
4	2966	10835.586627467266	3
4	2972	10853.574229696714	3
4	2973	10854.382795410433	3
4	2989	10904.691433507011	3
4	2992	10914.116246271417	3
4	3028	11030.921508468288	3
4	3049	11090.369120847782	3
4	3051	11097.320353777538	3
4	3055	11111.905643867194	3
4	3058	11114.20070875782	3
4	3061	11127.637682657682	3
4	3069	11145.192850444727	3
4	3070	11146.174406525923	3
4	3071	11148.494161269773	3
4	3074	11155.472756561731	3
4	3088	11214.075343454222	3
4	3101	11234.217401480583	3
4	3110	11255.951057069993	3
4	3114	11261.712977047715	3
4	3115	11267.858032980065	3
4	3117	11270.733965398039	3
4	3127	11310.295131995967	3
4	3130	11318.472908493951	3
4	3136	11333.356004312379	3
4	3141	11339.069511234024	3
4	3162	11386.539351032722	3
4	3175	11430.489393035788	3
4	3182	11439.408520652178	3
4	3185	11445.703136737838	3
4	3194	11471.982463535219	3
4	3201	11508.769168553461	3
4	3202	11512.718287730658	3
4	3208	11531.037710536201	3
4	3215	11536.77302188821	3
4	3226	11561.145420397195	3
4	3227	11565.987757834315	3
4	3228	11569.801364676044	3
4	3242	11628.625165662908	3
4	3244	11633.015125208716	3
4	3245	11633.716463108871	3
4	3255	11661.275677144066	3
4	3279	11735.377514471215	3
4	3283	11740.960498023529	3
4	3286	11756.008256094673	3
4	3289	11775.618939208333	3
4	3291	11779.71318361212	3
4	3293	11784.557695968398	3
4	3295	11787.80586197535	3
4	3302	11819.476912562313	3
4	3312	11849.84087611915	3
4	3320	11883.143846727978	3
4	3332	11920.67769336685	3
4	3335	11931.749642560919	3
4	3341	11951.522067619533	3
4	3344	11957.342466128446	3
4	3358	11995.559755843457	3
4	3371	12046.817319194427	3
4	3374	12055.413060053306	3
4	3379	12076.82126688816	3
4	3381	12078.684387949593	3
4	3388	12087.993582098441	3
4	3397	12120.248872617588	3
4	3426	12204.927738302676	3
4	3427	12208.1727197882	3
4	3430	12220.002404767962	3
4	3442	12269.1288359465	3
4	3445	12274.696499904286	3
4	3446	12285.151171373994	3
4	3448	12285.413856322761	3
4	3449	12287.894542041429	3
4	3450	12291.546846168637	3
4	3454	12302.909557620892	3
4	3455	12304.206089010934	3
4	3475	12374.258441329069	3
4	3480	12388.382287733374	3
4	3485	12399.605437613728	3
4	3488	12405.601991784924	3
4	3491	12414.391269328282	3
4	3493	12436.270912533516	3
4	3500	12450.264862608227	3
4	3506	12465.454986168996	3
4	3508	12472.74282202691	3
4	3518	12502.46884009669	3
4	3529	12542.474270503886	3
4	3532	12545.277473780244	3
4	3536	12555.27106006516	3
4	3537	12559.309687199381	3
4	3538	12560.970263567387	3
4	3546	12585.045927666895	3
4	3551	12607.870430716849	3
4	3563	12650.504428165938	3
4	3575	12691.257669111818	3
4	3583	12724.871624257328	3
4	3585	12743.689391107722	3
4	3586	12743.779328515003	3
4	3596	12768.158345333182	3
4	3597	12773.381724237	3
4	3600	12794.109844992303	3
4	3602	12808.16697755084	3
4	3608	12834.808008856475	3
4	3612	12849.467636181709	3
4	3615	12859.255396947843	3
4	3616	12859.2741398177	3
4	3623	12889.387092904222	3
4	3634	12917.414741717793	3
4	3657	12992.931869650036	3
4	3661	12997.270756575199	3
4	3666	13022.216271871514	3
4	3689	13098.774574036292	3
4	3692	13108.623758965509	3
4	3700	13145.707629912381	3
4	3709	13171.991476522822	3
4	3710	13172.867899974229	3
4	3712	13178.107787119677	3
4	3714	13185.057813684302	3
4	3715	13188.191859171681	3
4	3716	13197.516285223352	3
4	3724	13215.116699800561	3
4	3729	13256.446810388865	3
4	3730	13257.463848141542	3
4	3747	13304.860353690178	3
4	3751	13317.582727227407	3
4	3765	13387.349503573507	3
4	3772	13417.522771426909	3
4	3784	13464.101254574713	3
4	3787	13477.647255728172	3
4	3793	13505.364779827441	3
4	3801	13527.857411035772	3
4	3804	13543.223114272832	3
4	3806	13548.33536583914	3
4	3814	13591.118122624739	3
4	3819	13604.346208440944	3
4	3824	13622.80765032544	3
4	3826	13625.490490724616	3
4	3831	13639.301533875706	3
4	3833	13646.56575414334	3
4	3838	13670.114387859909	3
4	3840	13680.742816995064	3
4	3851	13721.448242125673	3
4	3854	13726.41361793321	3
4	3857	13734.710759258225	3
4	3864	13756.278795225454	3
4	3872	13799.603970504298	3
4	3879	13820.626869936254	3
4	3894	13887.330110922278	3
4	3897	13898.566991539314	3
4	3902	13904.605990059758	3
4	3904	13910.441273763495	3
4	3905	13920.958808531977	3
4	3919	13992.829977084937	3
4	3920	13997.868641520205	3
4	3922	14002.250031302953	3
4	3938	14061.758613397509	3
4	3954	14122.827908031499	3
4	3965	14179.186578907377	3
4	3973	14205.420068908649	3
4	3974	14216.30501147502	3
4	3982	14252.711114733083	3
4	3998	14308.099562862051	3
4	4003	14324.377935133142	3
4	4009	14338.031702258009	3
4	4015	14362.012969211875	3
4	4017	14367.401201699132	3
4	4028	14403.446376767168	3
4	4038	14431.28245436297	3
4	4041	14435.034019654127	3
4	4054	14497.245680062612	3
4	4062	14520.921965428764	3
4	4070	14537.796956434957	3
4	4080	14558.222467781778	3
4	4090	14601.353792083815	3
4	4099	14630.222986945592	3
4	4100	14630.992020042498	3
4	4114	14655.304054992282	3
4	4115	14657.976191929807	3
4	4118	14669.671436633221	3
4	4125	14709.313047995211	3
4	4136	14741.08054349017	3
4	4137	14741.541081895985	3
4	4143	14747.634773851843	3
4	4154	14780.235896689204	3
4	4155	14795.105307462414	3
4	4161	14816.284078079545	3
4	4167	14837.544306389159	3
4	4180	14864.270558507913	3
4	4182	14867.764910544114	3
4	4189	14909.248657023216	3
4	4196	14931.099766779647	3
4	4198	14947.060624181211	3
4	4201	14951.457561637987	3
4	4210	14982.33195912291	3
4	4218	15015.720030493446	3
4	4219	15017.312102214705	3
4	4223	15029.798359507014	3
4	4251	15120.6474597282	3
4	4256	15152.388323627341	3
4	4259	15155.371043602355	3
4	4260	15156.425715790751	3
4	4267	15189.238251124961	3
4	4269	15201.818792677509	3
4	4271	15212.792457848511	3
4	4284	15254.146683578234	3
4	4286	15255.430608690589	3
4	4306	15323.411585336192	3
4	4307	15334.289414622552	3
4	4313	15363.879536496252	3
4	4314	15381.084174308671	3
4	4315	15381.347684232152	3
4	4318	15389.468023300409	3
4	4323	15406.066237467625	3
4	4329	15423.189299537743	3
4	4344	15490.427206615196	3
4	4355	15525.91142461285	3
4	4367	15580.130964277061	3
4	4373	15595.599634132634	3
4	4375	15606.385542342961	3
4	4387	15642.373325192042	3
4	4393	15670.857407984032	3
4	4398	15689.858343882825	3
4	4406	15729.353738245294	3
4	4415	15759.309295048457	3
4	4429	15826.676040764504	3
4	4449	15900.095422288732	3
4	4450	15900.816587799795	3
4	4453	15908.108029627357	3
4	4467	15951.464280552094	3
4	4471	15988.092802809316	3
4	4472	16002.148169396917	3
4	4484	16038.681529231109	3
4	4487	16043.427964136058	3
4	4489	16044.890564982776	3
4	4495	16056.890307752064	3
4	4510	16110.562347540273	3
4	4513	16125.497507079214	3
4	4519	16142.814591716045	3
4	4520	16144.887663835935	3
4	4527	16157.432754950913	3
4	4543	16209.366363196736	3
4	4544	16212.021541155312	3
4	4546	16224.549858318807	3
4	4548	16228.082497268149	3
4	4565	16259.556385728931	3
4	4580	16293.422369548498	3
4	4597	16352.33783475454	3
4	4611	16391.791016134269	3
4	4616	16397.178637067998	3
4	4623	16431.851365992154	3
4	4639	16498.359224802946	3
4	4640	16499.018031218028	3
4	4650	16533.612524369653	3
4	4654	16551.323998674215	3
4	4659	16566.719950060023	3
4	4665	16591.603206416509	3
4	4670	16601.335893815645	3
4	4676	16609.677081837081	3
4	4686	16654.478299625836	3
4	4687	16659.284932489916	3
4	4690	16666.627962435146	3
4	4701	16699.989295557914	3
4	4707	16707.500091957893	3
4	4711	16729.893045007767	3
4	4712	16731.426848023935	3
4	4742	16864.662477479976	3
4	4748	16878.201204024483	3
4	4749	16878.356628560781	3
4	4751	16888.623898340557	3
4	4760	16920.824052846223	3
4	4769	16962.381626378457	3
4	4774	16974.021157838718	3
4	4785	17009.504005232289	3
4	4788	17028.89191555335	3
4	4794	17057.507322582664	3
4	4803	17076.093576279787	3
4	4810	17099.814045114849	3
4	4823	17155.637879749344	3
4	4834	17179.352003136072	3
4	4849	17226.005868183223	3
4	4857	17265.850079808629	3
4	4868	17296.207945807359	3
4	4869	17299.736591136452	3
4	4871	17304.834439453254	3
4	4875	17313.560277649274	3
4	4877	17315.745063376838	3
4	4898	17389.235310735747	3
4	4899	17391.689518088766	3
4	4900	17392.713769999096	3
4	4904	17401.327166016294	3
4	4912	17416.080125259292	3
4	4919	17436.897170948696	3
4	4922	17447.753857825879	3
4	4930	17479.918830770351	3
4	4932	17485.185131711326	3
4	4946	17513.340878848887	3
4	4947	17515.720046695514	3
4	4950	17520.474469721428	3
4	4953	17532.52516599973	3
4	4970	17599.306398137809	3
4	4980	17622.661766986	3
4	4985	17650.522322549155	3
4	5000	17702.516531319971	3
4	5012	17767.905895121199	3
4	5014	17780.934307568598	3
4	5032	17886.435735070922	3
4	5033	17887.251808536366	3
4	5042	17917.347625739629	3
4	5056	17993.618969001657	3
4	5057	17996.27653970983	3
4	5060	18011.298408356961	3
4	5065	18020.364604963766	3
4	5081	18100.28305129356	3
4	5086	18121.198076467205	3
4	5092	18137.343790253317	3
4	5094	18149.241139188756	3
4	5104	18210.145126314297	3
4	5112	18233.957750044598	3
4	5119	18273.500804060202	3
4	5120	18283.18801224887	3
4	5122	18290.233546073088	3
4	5132	18330.242970873836	3
4	5144	18401.407433322003	3
4	5145	18404.093770215867	3
4	5150	18425.320935760678	3
4	5161	18485.174586189118	3
4	5175	18546.22055632473	3
4	5181	18573.821907258253	3
4	5201	18664.843362087733	3
4	5226	18794.785941079344	3
4	5231	18820.417818209643	3
4	5232	18820.537075732028	3
4	5234	18856.920657712342	3
4	5235	18857.509109171111	3
4	5238	18862.227528592494	3
4	5249	18913.03301363155	3
4	5269	19018.620127834614	3
4	5283	19075.169313648881	3
4	5284	19075.221991954545	3
4	5285	19077.709839330573	3
4	5295	19134.34643017129	3
4	5307	19172.55263802639	3
4	5319	19206.678081457658	3
4	5323	19234.384849117447	3
4	5325	19237.597163926411	3
4	5334	19270.066882329748	3
4	5338	19283.308442993406	3
4	5342	19299.150786582981	3
4	5349	19314.422875262466	3
4	5360	19348.095935982017	3
4	5370	19378.912933071445	3
4	5373	19388.810568728593	3
4	5374	19392.678098750962	3
4	5377	19406.911137698412	3
4	5381	19417.331398957934	3
4	5395	19453.848836077917	3
4	5402	19485.080984882933	3
4	5413	19524.50675428635	3
4	5414	19525.97253748505	3
4	5427	19563.740988379877	3
4	5428	19570.511515699213	3
4	5451	19653.137515997141	3
4	5462	19696.563342269678	3
4	5464	19701.841718703224	3
4	5470	19714.088409428427	3
4	5477	19733.714317912678	3
4	5494	19807.783569461534	3
4	5497	19812.931548384071	3
4	5500	19819.735348921374	3
4	5502	19830.200978191478	3
4	5512	19869.322098545077	3
4	5516	19882.247318121968	3
4	5527	19911.095847625595	3
4	5535	19934.061197091157	3
4	5538	19960.043673151434	3
4	5540	19962.851726095195	3
4	5543	19977.144798692874	3
4	5544	19977.782860412904	3
5	221	1013.367602148819	10879
5	222	1014.029967085974	10880
5	225	1032.699634080264	10882
5	226	1039.986699595305	10883
5	227	1053.089162517208	10870
5	230	1063.084916721498	10874
5	247	1115.526506205231	10886
5	252	1125.018407520443	10881
5	263	1168.546470537107	10885
5	271	1196.168210603908	10876
5	272	1196.475338482483	10890
5	274	1197.047124990844	10891
5	275	1201.085020187896	10878
5	279	1219.455061715993	10893
5	288	1255.623690463675	10896
5	297	1283.226288195296	10899
5	309	1319.601366934112	10892
5	322	1351.819887399351	10895
5	328	1368.461796770481	10903
5	339	1398.083855172275	10900
5	340	1398.902809432496	10889
5	345	1413.516807579739	10907
5	358	1442.029928843971	10894
5	361	1451.516558083727	10911
5	376	1494.876667047184	10888
5	377	1496.469038595429	10904
5	391	1532.808877498927	10920
5	392	1533.72293096657	10921
5	403	1559.589749921505	10913
5	407	1567.857525057208	10924
5	408	1570.46571706079	10915
5	417	1610.17810415544	10906
5	433	1659.886382178216	10912
5	448	1734.157101315121	10919
5	449	1737.853987405965	10926
5	451	1742.24843438796	10929
5	452	1744.997596370161	10927
5	456	1757.282366733754	10923
5	465	1778.931532825463	10925
5	485	1868.763024165482	10928
5	487	1876.468758953106	10931
5	497	1920.83829698501	10937
5	504	1959.894280800693	10930
5	516	2012.972363806568	10944
5	517	2016.393703016852	10933
5	518	2017.613888209922	10945
5	522	2033.30948168531	10938
5	530	2067.129703082506	10935
5	536	2103.779989816201	10942
5	538	2110.555291013391	10932
5	540	2114.835892561883	10943
5	550	2158.790759211715	10949
5	552	2164.860130934559	10934
5	555	2199.839890990095	10951
5	558	2206.083861194083	10946
5	562	2214.099493478183	10953
5	568	2229.454354544194	10936
5	574	2266.864343604309	10950
5	582	2308.247842098451	10952
5	593	2358.7880654143	10948
5	594	2363.915470639559	10958
5	600	2402.853845585437	10961
5	603	2407.937562967784	10962
5	611	2429.10280490158	10957
5	624	2486.576674360022	10960
5	631	2523.082047690114	10965
5	635	2547.771511515558	10967
5	643	2609.65665821775	10955
5	673	2740.793345865557	10974
5	685	2787.947488474433	10970
5	689	2814.333609143115	10973
5	693	2830.343766238897	10964
5	696	2848.594167606374	10981
5	697	2864.77797569024	10968
5	699	2876.627531918632	10975
5	700	2880.602559946271	10982
5	701	2882.762388169825	10983
5	707	2910.509547936881	10984
5	710	2929.26333274714	10986
5	715	2941.277644935448	10980
5	725	2990.20122497255	10987
5	730	3018.400565724897	10985
5	737	3035.125610294157	10979
5	757	3132.455510667261	10988
5	760	3136.16703589917	10989
5	770	3187.230226516499	10996
5	771	3187.420052554142	10991
5	795	3316.723499406585	11003
5	804	3355.03748651267	10999
5	806	3373.202512729831	11000
5	815	3416.888219404845	11005
5	819	3426.330152820767	10997
5	829	3479.412653368563	11001
5	838	3522.807969723492	11009
5	854	3593.039903538432	11007
5	855	3594.802501060106	11014
5	868	3662.534604688977	11010
5	871	3667.724925624473	11018
5	880	3696.243694590684	11020
5	885	3725.289026219137	11021
5	890	3730.432986265787	11006
5	891	3747.426763453685	11022
5	895	3764.80126575797	11023
5	901	3779.364698889905	11011
5	902	3785.108735745994	11025
5	908	3810.389659679349	11026
5	916	3856.9899398175	11028
5	918	3867.290559964769	11029
5	921	3871.449484957918	11030
5	935	3920.871930011028	11031
5	945	3960.794278551028	11016
5	951	3981.966668915911	11034
5	952	3982.173474963786	11024
5	965	4017.607121495639	11037
5	966	4017.886181446542	11027
5	968	4032.050093926106	11038
5	973	4050.843790553808	11041
5	1007	4150.131373329922	11040
5	1013	4163.201784197139	11042
5	1017	4174.381775032152	11043
5	1026	4195.716637240081	11045
5	1041	4243.048545544772	11053
5	1043	4244.739214514912	11054
5	1045	4252.259551947496	11056
5	1049	4262.640610696224	11058
5	1067	4320.965288602248	11048
5	1071	4328.392662323698	11064
5	1075	4344.518141808821	11065
5	1078	4348.665276226011	11055
5	1085	4374.832308912121	11066
5	1088	4380.267178774149	11049
5	1091	4381.011734503562	11050
5	1092	4390.318787409068	11061
5	1096	4410.883048164713	11062
5	1099	4414.590437395716	11047
5	1116	4471.721285263029	11071
5	1136	4515.310622837547	11075
5	1138	4520.458720006603	11076
5	1151	4562.441542979326	11079
5	1158	4581.84878119872	11072
5	1159	4583.362474272395	11080
5	1170	4617.000329683153	11074
5	1171	4617.415234502303	11063
5	1174	4631.881368185615	11069
5	1176	4639.975282205265	11084
5	1177	4642.905191459537	11070
5	1178	4645.126351829794	11078
5	1183	4663.247646640151	11086
5	1186	4671.153162062455	11087
5	1187	4676.794342114297	11088
5	1192	4689.51546698125	11067
5	1193	4692.081550732427	11081
5	1196	4712.458354871657	11068
5	1205	4737.339557307286	11077
5	1226	4801.058019472757	11082
5	1243	4855.10674159313	11089
5	1252	4883.536033017216	11096
5	1259	4910.917609928725	11097
5	1263	4929.55114584291	11091
5	1268	4951.110479313929	11092
5	1273	4963.136198535452	11094
5	1274	4969.607512017446	11104
5	1288	5018.924813046181	11090
5	1291	5033.517141855092	11099
5	1297	5054.578241506777	11109
5	1301	5072.554959970458	11110
5	1304	5076.134740254901	11111
5	1310	5090.819848712975	11107
5	1324	5163.670993251468	11093
5	1330	5176.79712714399	11095
5	1333	5184.589605771772	11106
5	1350	5275.774722829534	11116
5	1367	5315.005604630847	11121
5	1368	5315.871077184034	11122
5	1381	5388.894662089648	11117
5	1383	5389.813446019948	11114
5	1387	5396.193153388243	11112
5	1388	5398.529203339138	11120
5	1390	5406.382030019348	11124
5	1396	5421.336177011624	11113
5	1400	5428.489311334992	11126
5	1410	5487.181199176675	11123
5	1423	5517.849563635205	11134
5	1437	5559.744716103001	11139
5	1446	5595.117846835771	11131
5	1455	5624.439391502887	11141
5	1457	5625.993489163683	11136
5	1469	5659.879576550467	11128
5	1470	5660.218937182335	11145
5	1475	5688.912942864078	11130
5	1479	5698.965236150146	11132
5	1481	5700.474213281474	11140
5	1484	5721.340557651082	11148
5	1514	5842.513730828056	11138
5	1520	5858.646138891439	11144
5	1524	5866.857101068271	11147
5	1535	5934.41428582081	11149
5	1540	5953.991114041957	11143
5	1546	5969.345176585316	11146
5	1554	6000.72059281379	11153
5	1559	6028.484016975485	11157
5	1566	6058.276821851103	11159
5	1571	6072.47977949286	11164
5	1572	6082.812257110304	11165
5	1573	6085.644932887805	11166
5	1588	6145.248206729207	11161
5	1589	6146.361311664348	11171
5	1590	6155.430557046017	11158
5	1601	6187.853126943208	11174
5	1605	6191.486797751974	11168
5	1613	6217.803063137195	11170
5	1621	6262.388021155792	11162
5	1622	6265.055723877349	11172
5	1634	6304.373489430142	11169
5	1638	6314.561732051695	11176
5	1647	6362.042856526335	11178
5	1650	6368.134476404822	11163
5	1651	6380.980787842207	11183
5	1654	6388.245409548861	11180
5	1669	6418.447515387061	11177
5	1685	6485.671582144935	11179
5	1689	6492.112660862199	11188
5	1697	6511.386417890843	11185
5	1699	6513.278183662171	11186
5	1705	6524.112580353463	11182
5	1713	6573.037521088021	11194
5	1724	6600.748280072866	11189
5	1725	6611.575039945115	11198
5	1727	6615.283273314565	11199
5	1729	6617.880198261815	11181
5	1730	6623.5161655106	11190
5	1738	6657.413489900375	11201
5	1739	6662.199169262541	11192
5	1744	6684.317603919386	11202
5	1746	6688.875448230974	11203
5	1751	6694.193381898408	11196
5	1766	6740.059386592693	11200
5	1768	6751.747598508231	11191
5	1771	6764.699375058045	11207
5	1779	6791.638075891534	11195
5	1784	6800.720687776002	11187
5	1792	6827.600012312931	11205
5	1795	6834.089773178974	11206
5	1803	6881.883787097264	11193
5	1812	6897.920948589706	11204
5	1813	6899.877097644189	11210
5	1817	6907.045723147266	11197
5	1821	6930.568810982283	11217
5	1829	6964.336152768166	11214
5	1831	6974.993533401108	11215
5	1840	6995.430146573862	11219
5	1844	7003.290496332176	11220
5	1852	7028.506289834287	11216
5	1867	7080.767162344761	11223
5	1868	7088.000098573142	11218
5	1871	7092.568125115185	11208
5	1875	7118.330840105397	11225
5	1877	7123.467015386105	11227
5	1884	7139.26166204752	11230
5	1892	7172.865266913358	11233
5	1908	7230.971891708084	11228
5	1915	7242.540150176259	11237
5	1916	7245.673557093016	11238
5	1918	7257.167755156774	11231
5	1925	7288.933887762354	11239
5	1931	7296.239889494948	11224
5	1934	7328.444531067706	11226
5	1949	7362.422294762538	11245
5	1951	7371.68637482992	11221
5	1956	7389.056577910296	11247
5	1962	7395.566335235014	11234
5	1973	7438.76863641858	11235
5	1980	7454.963270590669	11250
5	1992	7490.43998491828	11253
5	2007	7538.707404885035	11243
5	2009	7552.905304962869	11249
5	2022	7578.475271778098	11246
5	2024	7584.361906848358	11252
5	2025	7589.85976571931	11261
5	2031	7603.137548708795	11256
5	2038	7655.31801329758	11264
5	2041	7659.13851648194	11258
5	2045	7666.165893761772	11265
5	2046	7673.418797316418	11260
5	2052	7700.356167171415	11254
5	2054	7704.77875420386	11255
5	2056	7707.838460440325	11262
5	2057	7713.197189672488	11268
5	2060	7731.263301359073	11269
5	2064	7759.157456246126	11257
5	2092	7884.903293063894	11266
5	2095	7902.149257168157	11267
5	2103	7925.020609001892	11274
5	2106	7934.963399679142	11263
5	2108	7936.789459668419	11275
5	2129	8027.399882094977	11282
5	2137	8054.78991034517	11271
5	2149	8097.601721526515	11273
5	2175	8177.510346990311	11288
5	2180	8195.128984758367	11294
5	2182	8205.211150021105	11278
5	2188	8220.109348856373	11297
5	2189	8221.127867469001	11298
5	2194	8242.004196541912	11284
5	2208	8289.758139357622	11302
5	2216	8311.923544494957	11279
5	2218	8315.155439870074	11280
5	2236	8365.201969235423	11287
5	2266	8461.49893985548	11299
5	2270	8478.226419275922	11312
5	2278	8501.321850116489	11314
5	2286	8529.79504059084	11303
5	2291	8542.636000953756	11309
5	2293	8546.286624773306	11310
5	2296	8563.752876234434	11304
5	2301	8584.989275527227	11306
5	2303	8595.754520431569	11313
5	2306	8602.313425705769	11323
5	2310	8619.220680234969	11308
5	2316	8641.813893701088	11315
5	2317	8642.658125137271	11316
5	2318	8644.30498177055	11317
5	2333	8702.217900599735	11322
5	2337	8729.743860793715	11325
5	2344	8750.165581709082	11318
5	2358	8821.937032965554	11324
5	2362	8838.166538265829	11326
5	2376	8904.325668628438	11333
5	2382	8932.036370141545	11335
5	2383	8936.023388221227	11336
5	2390	8957.010652626187	11327
5	2391	8957.362250843661	11330
5	2392	8958.050024141975	11328
5	2406	9006.425236872616	11332
5	2413	9022.405122570515	11334
5	2422	9053.902368454157	11345
5	2423	9055.525739244066	11337
5	2437	9087.123142289108	11350
5	2445	9106.873619459099	11340
5	2451	9119.217744949967	11355
5	2455	9127.879279912739	11356
5	2458	9139.883217361667	11343
5	2470	9169.780587802969	11347
5	2476	9176.548890450836	11359
5	2477	9177.281026024188	11360
5	2489	9203.287577053922	11353
5	2500	9238.928831358199	11357
5	2512	9275.733612246576	11338
5	2514	9276.149019721768	11369
5	2516	9278.772662808602	11371
5	2531	9317.815024484057	11341
5	2535	9330.997798176377	11373
5	2536	9332.396048365364	11374
5	2546	9369.392622696337	11366
5	2550	9379.135210543202	11368
5	2559	9390.07395443701	11349
5	2563	9398.172751887707	11351
5	2565	9405.724079421516	11363
5	2567	9415.053471857262	11378
5	2579	9467.46864301549	11375
5	2580	9469.6535618563	11358
5	2585	9483.804244888633	11382
5	2595	9505.050529365893	11372
5	2598	9527.292683090336	11364
5	2605	9544.22849925205	11379
5	2635	9663.5747548203	11386
5	2639	9683.435333314164	11390
5	2640	9683.444561619402	11391
5	2647	9709.460836620142	11392
5	2659	9754.411824345761	11380
5	2676	9834.482303783183	11401
5	2677	9835.138186978663	11394
5	2680	9838.870769530767	11384
5	2683	9842.912983214479	11403
5	2685	9851.330843552814	11396
5	2687	9856.209285347307	11404
5	2691	9861.618087339338	11388
5	2701	9905.855466963607	11399
5	2702	9911.859197359584	11387
5	2707	9931.083040076394	11400
5	2712	9940.454592592227	11408
5	2715	9944.44271561806	11402
5	2719	9956.180911464763	11397
5	2727	9983.652689495492	11415
5	2728	9984.768711303712	11405
5	2730	9990.53929248035	11406
5	2751	10060.365583602033	11410
5	2767	10131.096907585743	11417
5	2775	10155.3607922168	11422
5	2789	10219.714006023574	11416
5	2790	10219.726389797355	11421
5	2792	10239.446576966988	11418
5	2793	10245.257531856785	11407
5	2803	10267.780777951377	11411
5	2806	10279.3848042115	11412
5	2809	10296.246390739536	11419
5	2812	10301.308592982203	11425
5	2822	10348.232185082015	11427
5	2826	10360.919502154176	11428
5	2827	10368.548873111054	11424
5	2835	10382.558084724835	11430
5	2845	10437.504235781569	11431
5	2847	10443.236367299782	11432
5	2865	10501.6046975253	11439
5	2879	10547.661194631423	11433
5	2882	10552.427242997258	11426
5	2885	10560.185026279389	11434
5	2889	10578.969498551713	11429
5	2897	10603.617389053464	11446
5	2902	10614.432462880075	11447
5	2903	10614.725148682343	11440
5	2909	10636.890007134367	11451
5	2920	10675.808202266605	11435
5	2922	10684.871310222449	11436
5	2923	10686.468241517319	11453
5	2930	10707.505204428406	11438
5	2936	10723.710343327835	11457
5	2943	10752.226596118317	11442
5	2953	10788.200363027225	11458
5	2958	10799.760482629178	11445
5	2966	10835.586627467266	11450
5	2972	10853.574229696714	11460
5	2973	10854.382795410433	11452
5	2989	10904.691433507011	11455
5	2992	10914.116246271417	11456
5	3028	11030.921508468288	11474
5	3049	11090.369120847782	11471
5	3051	11097.320353777538	11462
5	3055	11111.905643867194	11472
5	3058	11114.20070875782	11480
5	3061	11127.637682657682	11481
5	3069	11145.192850444727	11464
5	3070	11146.174406525923	11465
5	3071	11148.494161269773	11484
5	3074	11155.472756561731	11486
5	3088	11214.075343454222	11478
5	3101	11234.217401480583	11491
5	3110	11255.951057069993	11475
5	3114	11261.712977047715	11466
5	3115	11267.858032980065	11467
5	3117	11270.733965398039	11476
5	3127	11310.295131995967	11477
5	3130	11318.472908493951	11479
5	3136	11333.356004312379	11473
5	3141	11339.069511234024	11482
5	3162	11386.539351032722	11501
5	3175	11430.489393035788	11496
5	3182	11439.408520652178	11490
5	3185	11445.703136737838	11506
5	3194	11471.982463535219	11499
5	3201	11508.769168553461	11503
5	3202	11512.718287730658	11504
5	3208	11531.037710536201	11511
5	3215	11536.77302188821	11489
5	3226	11561.145420397195	11498
5	3227	11565.987757834315	11493
5	3228	11569.801364676044	11512
5	3242	11628.625165662908	11510
5	3244	11633.015125208716	11517
5	3245	11633.716463108871	11518
5	3255	11661.275677144066	11507
5	3279	11735.377514471215	11516
5	3283	11740.960498023529	11505
5	3286	11756.008256094673	11520
5	3289	11775.618939208333	11524
5	3291	11779.71318361212	11508
5	3293	11784.557695968398	11526
5	3295	11787.80586197535	11509
5	3302	11819.476912562313	11530
5	3312	11849.84087611915	11523
5	3320	11883.143846727978	11525
5	3332	11920.67769336685	11529
5	3335	11931.749642560919	11531
5	3341	11951.522067619533	11519
5	3344	11957.342466128446	11537
5	3358	11995.559755843457	11540
5	3371	12046.817319194427	11535
5	3374	12055.413060053306	11536
5	3379	12076.82126688816	11545
5	3381	12078.684387949593	11538
5	3388	12087.993582098441	11539
5	3397	12120.248872617588	11541
5	3426	12204.927738302676	11555
5	3427	12208.1727197882	11551
5	3430	12220.002404767962	11557
5	3442	12269.1288359465	11544
5	3445	12274.696499904286	11561
5	3446	12285.151171373994	11547
5	3448	12285.413856322761	11548
5	3449	12287.894542041429	11553
5	3450	12291.546846168637	11549
5	3454	12302.909557620892	11563
5	3455	12304.206089010934	11550
5	3475	12374.258441329069	11560
5	3480	12388.382287733374	11552
5	3485	12399.605437613728	11562
5	3488	12405.601991784924	11554
5	3491	12414.391269328282	11564
5	3493	12436.270912533516	11558
5	3500	12450.264862608227	11572
5	3506	12465.454986168996	11567
5	3508	12472.74282202691	11568
5	3518	12502.46884009669	11576
5	3529	12542.474270503886	11569
5	3532	12545.277473780244	11579
5	3536	12555.27106006516	11565
5	3537	12559.309687199381	11581
5	3538	12560.970263567387	11566
5	3546	12585.045927666895	11574
5	3551	12607.870430716849	11577
5	3563	12650.504428165938	11571
5	3575	12691.257669111818	11575
5	3583	12724.871624257328	11584
5	3585	12743.689391107722	11588
5	3586	12743.779328515003	11578
5	3596	12768.158345333182	11586
5	3597	12773.381724237	11582
5	3600	12794.109844992303	11591
5	3602	12808.16697755084	11583
5	3608	12834.808008856475	11587
5	3612	12849.467636181709	11585
5	3615	12859.255396947843	11589
5	3616	12859.2741398177	11580
5	3623	12889.387092904222	11594
5	3634	12917.414741717793	11595
5	3657	12992.931869650036	11601
5	3661	12997.270756575199	11604
5	3666	13022.216271871514	11606
5	3689	13098.774574036292	11602
5	3692	13108.623758965509	11613
5	3700	13145.707629912381	11608
5	3709	13171.991476522822	11609
5	3710	13172.867899974229	11619
5	3712	13178.107787119677	11610
5	3714	13185.057813684302	11600
5	3715	13188.191859171681	11611
5	3716	13197.516285223352	11612
5	3724	13215.116699800561	11605
5	3729	13256.446810388865	11598
5	3730	13257.463848141542	11620
5	3747	13304.860353690178	11603
5	3751	13317.582727227407	11614
5	3765	13387.349503573507	11621
5	3772	13417.522771426909	11627
5	3784	13464.101254574713	11623
5	3787	13477.647255728172	11618
5	3793	13505.364779827441	11631
5	3801	13527.857411035772	11629
5	3804	13543.223114272832	11634
5	3806	13548.33536583914	11636
5	3814	13591.118122624739	11630
5	3819	13604.346208440944	11626
5	3824	13622.80765032544	11638
5	3826	13625.490490724616	11628
5	3831	13639.301533875706	11639
5	3833	13646.56575414334	11635
5	3838	13670.114387859909	11641
5	3840	13680.742816995064	11642
5	3851	13721.448242125673	11646
5	3854	13726.41361793321	11647
5	3857	13734.710759258225	11648
5	3864	13756.278795225454	11640
5	3872	13799.603970504298	11644
5	3879	13820.626869936254	11645
5	3894	13887.330110922278	11653
5	3897	13898.566991539314	11650
5	3902	13904.605990059758	11652
5	3904	13910.441273763495	11655
5	3905	13920.958808531977	11656
5	3919	13992.829977084937	11658
5	3920	13997.868641520205	11659
5	3922	14002.250031302953	11654
5	3938	14061.758613397509	11657
5	3954	14122.827908031499	11663
5	3965	14179.186578907377	11667
5	3973	14205.420068908649	11662
5	3974	14216.30501147502	11671
5	3982	14252.711114733083	11664
5	3998	14308.099562862051	11670
5	4003	14324.377935133142	11677
5	4009	14338.031702258009	11679
5	4015	14362.012969211875	11673
5	4017	14367.401201699132	11665
5	4028	14403.446376767168	11675
5	4038	14431.28245436297	11686
5	4041	14435.034019654127	11687
5	4054	14497.245680062612	11691
5	4062	14520.921965428764	11683
5	4070	14537.796956434957	11678
5	4080	14558.222467781778	11695
5	4090	14601.353792083815	11674
5	4099	14630.222986945592	11684
5	4100	14630.992020042498	11685
5	4114	14655.304054992282	11689
5	4115	14657.976191929807	11700
5	4118	14669.671436633221	11690
5	4125	14709.313047995211	11692
5	4136	14741.08054349017	11708
5	4137	14741.541081895985	11697
5	4143	14747.634773851843	11709
5	4154	14780.235896689204	11704
5	4155	14795.105307462414	11705
5	4161	14816.284078079545	11707
5	4167	14837.544306389159	11696
5	4180	14864.270558507913	11713
5	4182	14867.764910544114	11701
5	4189	14909.248657023216	11715
5	4196	14931.099766779647	11717
5	4198	14947.060624181211	11711
5	4201	14951.457561637987	11718
5	4210	14982.33195912291	11702
5	4218	15015.720030493446	11706
5	4219	15017.312102214705	11719
5	4223	15029.798359507014	11710
5	4251	15120.6474597282	11716
5	4256	15152.388323627341	11728
5	4259	15155.371043602355	11730
5	4260	15156.425715790751	11721
5	4267	15189.238251124961	11733
5	4269	15201.818792677509	11724
5	4271	15212.792457848511	11725
5	4284	15254.146683578234	11727
5	4286	15255.430608690589	11729
5	4306	15323.411585336192	11735
5	4307	15334.289414622552	11740
5	4313	15363.879536496252	11736
5	4314	15381.084174308671	11732
5	4315	15381.347684232152	11741
5	4318	15389.468023300409	11743
5	4323	15406.066237467625	11737
5	4329	15423.189299537743	11734
5	4344	15490.427206615196	11742
5	4355	15525.91142461285	11739
5	4367	15580.130964277061	11754
5	4373	15595.599634132634	11746
5	4375	15606.385542342961	11747
5	4387	15642.373325192042	11759
5	4393	15670.857407984032	11752
5	4398	15689.858343882825	11745
5	4406	15729.353738245294	11750
5	4415	15759.309295048457	11751
5	4429	15826.676040764504	11756
5	4449	15900.095422288732	11769
5	4450	15900.816587799795	11764
5	4453	15908.108029627357	11760
5	4467	15951.464280552094	11777
5	4471	15988.092802809316	11767
5	4472	16002.148169396917	11768
5	4484	16038.681529231109	11773
5	4487	16043.427964136058	11765
5	4489	16044.890564982776	11766
5	4495	16056.890307752064	11761
5	4510	16110.562347540273	11770
5	4513	16125.497507079214	11772
5	4519	16142.814591716045	11774
5	4520	16144.887663835935	11775
5	4527	16157.432754950913	11786
5	4543	16209.366363196736	11779
5	4544	16212.021541155312	11783
5	4546	16224.549858318807	11793
5	4548	16228.082497268149	11771
5	4565	16259.556385728931	11782
5	4580	16293.422369548498	11791
5	4597	16352.33783475454	11804
5	4611	16391.791016134269	11808
5	4616	16397.178637067998	11809
5	4623	16431.851365992154	11810
5	4639	16498.359224802946	11799
5	4640	16499.018031218028	11790
5	4650	16533.612524369653	11800
5	4654	16551.323998674215	11802
5	4659	16566.719950060023	11805
5	4665	16591.603206416509	11798
5	4670	16601.335893815645	11818
5	4676	16609.677081837081	11812
5	4686	16654.478299625836	11803
5	4687	16659.284932489916	11820
5	4690	16666.627962435146	11821
5	4701	16699.989295557914	11824
5	4707	16707.500091957893	11825
5	4711	16729.893045007767	11819
5	4712	16731.426848023935	11814
5	4742	16864.662477479976	11828
5	4748	16878.201204024483	11831
5	4749	16878.356628560781	11836
5	4751	16888.623898340557	11832
5	4760	16920.824052846223	11826
5	4769	16962.381626378457	11834
5	4774	16974.021157838718	11830
5	4785	17009.504005232289	11840
5	4788	17028.89191555335	11841
5	4794	17057.507322582664	11827
5	4803	17076.093576279787	11843
5	4810	17099.814045114849	11844
5	4823	17155.637879749344	11847
5	4834	17179.352003136072	11851
5	4849	17226.005868183223	11857
5	4857	17265.850079808629	11838
5	4868	17296.207945807359	11852
5	4869	17299.736591136452	11853
5	4871	17304.834439453254	11854
5	4875	17313.560277649274	11845
5	4877	17315.745063376838	11839
5	4898	17389.235310735747	11861
5	4899	17391.689518088766	11864
5	4900	17392.713769999096	11865
5	4904	17401.327166016294	11866
5	4912	17416.080125259292	11868
5	4919	17436.897170948696	11869
5	4922	17447.753857825879	11858
5	4930	17479.918830770351	11850
5	4932	17485.185131711326	11860
5	4946	17513.340878848887	11855
5	4947	17515.720046695514	11867
5	4950	17520.474469721428	11878
5	4953	17532.52516599973	11856
5	4970	17599.306398137809	11881
5	4980	17622.661766986	11883
5	4985	17650.522322549155	11870
5	5000	17702.516531319971	11875
5	5012	17767.905895121199	11884
5	5014	17780.934307568598	11887
5	5032	17886.435735070922	11880
5	5033	17887.251808536366	11885
5	5042	17917.347625739629	11889
5	5056	17993.618969001657	11894
5	5057	17996.27653970983	11895
5	5060	18011.298408356961	11897
5	5065	18020.364604963766	11900
5	5081	18100.28305129356	11904
5	5086	18121.198076467205	11899
5	5092	18137.343790253317	11906
5	5094	18149.241139188756	11890
5	5104	18210.145126314297	11896
5	5112	18233.957750044598	11905
5	5119	18273.500804060202	11911
5	5120	18283.18801224887	11903
5	5122	18290.233546073088	11912
5	5132	18330.242970873836	11913
5	5144	18401.407433322003	11909
5	5145	18404.093770215867	11916
5	5150	18425.320935760678	11910
5	5161	18485.174586189118	11919
5	5175	18546.22055632473	11918
5	5181	18573.821907258253	11915
5	5201	18664.843362087733	11922
5	5226	18794.785941079344	11920
5	5231	18820.417818209643	11924
5	5232	18820.537075732028	11933
5	5234	18856.920657712342	11931
5	5235	18857.509109171111	11934
5	5238	18862.227528592494	11926
5	5249	18913.03301363155	11928
5	5269	19018.620127834614	11929
5	5283	19075.169313648881	11935
5	5284	19075.221991954545	11936
5	5285	19077.709839330573	11938
5	5295	19134.34643017129	11943
5	5307	19172.55263802639	11947
5	5319	19206.678081457658	11941
5	5323	19234.384849117447	11953
5	5325	19237.597163926411	11944
5	5334	19270.066882329748	11937
5	5338	19283.308442993406	11949
5	5342	19299.150786582981	11939
5	5349	19314.422875262466	11952
5	5360	19348.095935982017	11955
5	5370	19378.912933071445	11948
5	5373	19388.810568728593	11963
5	5374	19392.678098750962	11958
5	5377	19406.911137698412	11959
5	5381	19417.331398957934	11951
5	5395	19453.848836077917	11970
5	5402	19485.080984882933	11957
5	5413	19524.50675428635	11964
5	5414	19525.97253748505	11965
5	5427	19563.740988379877	11961
5	5428	19570.511515699213	11974
5	5451	19653.137515997141	11969
5	5462	19696.563342269678	11978
5	5464	19701.841718703224	11971
5	5470	19714.088409428427	11972
5	5477	19733.714317912678	11976
5	5494	19807.783569461534	11980
5	5497	19812.931548384071	11981
5	5500	19819.735348921374	11990
5	5502	19830.200978191478	11982
5	5512	19869.322098545077	11977
5	5516	19882.247318121968	11988
5	5527	19911.095847625595	11975
5	5535	19934.061197091157	11998
5	5538	19960.043673151434	11985
5	5540	19962.851726095195	11986
5	5543	19977.144798692874	11992
5	5544	19977.782860412904	11987
6	228	1054.495533570823	0
6	241	1093.809319686259	0
6	248	1116.367602148819	0
6	250	1117.029967085974	0
6	253	1135.699634080264	0
6	255	1142.986699595305	0
6	261	1166.084916721498	0
6	266	1177.527881674295	0
6	268	1185.876667047184	0
6	277	1218.526506205231	0
6	294	1271.546470537107	0
6	303	1299.168210603908	0
6	304	1299.475338482483	0
6	305	1300.047124990844	0
6	312	1322.455061715993	0
6	317	1337.161988439543	0
6	325	1358.623690463675	0
6	334	1386.226288195296	0
6	346	1422.601366934112	0
6	359	1449.821435255793	0
6	364	1454.819887399351	0
6	367	1462.902248822749	0
6	373	1479.335212723074	0
6	374	1484.642868624429	0
6	381	1501.902809432496	0
6	385	1516.516807579739	0
6	394	1539.123546016513	0
6	400	1554.516558083727	0
6	413	1599.469038595429	0
6	424	1635.808877498927	0
6	434	1662.589749921505	0
6	438	1673.46571706079	0
6	446	1713.17810415544	0
6	468	1801.555291013391	0
6	477	1840.853987405965	0
6	478	1845.24843438796	0
6	479	1847.997596370161	0
6	480	1855.860130934559	0
6	482	1860.282366733754	0
6	488	1881.931532825463	0
6	496	1920.454354544194	0
6	499	1938.872108616835	0
6	507	1970.753121225527	0
6	509	1979.468758953106	0
6	510	1984.055090747857	0
6	520	2023.83829698501	0
6	542	2119.393703016852	0
6	543	2120.613888209922	0
6	547	2128.376380970626	0
6	548	2136.30948168531	0
6	559	2206.779989816201	0
6	563	2217.835892561883	0
6	566	2225.193409715101	0
6	572	2261.790759211715	0
6	578	2300.65665821775	0
6	579	2302.839890990095	0
6	583	2309.083861194083	0
6	586	2317.099493478183	0
6	604	2411.247842098451	0
6	621	2478.740118033323	0
6	628	2510.937562967784	0
6	630	2521.343766238897	0
6	633	2532.10280490158	0
6	634	2532.905801093383	0
6	636	2555.77797569024	0
6	637	2558.833879758592	0
6	649	2626.082047690114	0
6	653	2650.771511515558	0
6	655	2660.468050850293	0
6	659	2682.683675919434	0
6	681	2780.633453696331	0
6	686	2793.748162605176	0
6	695	2843.793345865557	0
6	704	2890.947488474433	0
6	709	2917.333609143115	0
6	718	2951.594167606374	0
6	721	2983.602559946271	0
6	723	2985.762388169825	0
6	729	3013.509547936881	0
6	735	3032.26333274714	0
6	749	3093.20122497255	0
6	753	3121.400565724897	0
6	755	3124.973870516325	0
6	756	3129.586603277799	0
6	761	3138.125610294157	0
6	766	3169.277731937079	0
6	778	3232.572306184829	0
6	782	3239.16703589917	0
6	791	3290.230226516499	0
6	792	3290.420052554142	0
6	805	3370.507764985097	0
6	816	3419.723499406585	0
6	817	3421.432986265787	0
6	822	3458.03748651267	0
6	826	3476.202512729831	0
6	836	3519.888219404845	0
6	841	3529.330152820767	0
6	851	3582.412653368563	0
6	853	3588.921205565666	0
6	862	3625.807969723492	0
6	866	3651.794278551028	0
6	867	3653.609436267333	0
6	877	3688.756282446236	0
6	879	3696.039903538432	0
6	881	3697.802501060106	0
6	896	3765.534604688977	0
6	906	3799.243694590684	0
6	911	3828.289026219137	0
6	915	3850.426763453685	0
6	919	3867.80126575797	0
6	925	3882.364698889905	0
6	926	3888.108735745994	0
6	932	3913.389659679349	0
6	940	3947.814923063106	0
6	943	3959.9899398175	0
6	946	3970.290559964769	0
6	949	3974.449484957918	0
6	958	3995.148096418664	0
6	967	4023.871930011028	0
6	970	4037.787277948807	0
6	985	4084.966668915911	0
6	986	4085.031598648057	0
6	993	4105.590437395716	0
6	996	4120.607121495639	0
6	997	4120.886181446542	0
6	1001	4135.050093926106	0
6	1050	4266.201784197139	0
6	1053	4275.213550102614	0
6	1055	4277.381775032152	0
6	1061	4298.716637240081	0
6	1065	4308.415234502303	0
6	1076	4346.048545544772	0
6	1077	4347.739214514912	0
6	1079	4355.259551947496	0
6	1081	4365.640610696224	0
6	1090	4380.51546698125	0
6	1095	4403.458354871657	0
6	1102	4423.965288602248	0
6	1105	4431.392662323698	0
6	1109	4447.518141808821	0
6	1112	4451.665276226011	0
6	1118	4477.832308912121	0
6	1125	4484.011734503562	0
6	1128	4493.318787409068	0
6	1133	4513.883048164713	0
6	1155	4574.721285263029	0
6	1168	4612.011203995905	0
6	1173	4623.458720006603	0
6	1182	4657.966182956702	0
6	1185	4665.441542979326	0
6	1190	4684.84878119872	0
6	1191	4686.362474272395	0
6	1200	4720.000329683153	0
6	1207	4745.905191459537	0
6	1218	4774.153162062455	0
6	1219	4779.794342114297	0
6	1242	4854.670993251468	0
6	1245	4867.79712714399	0
6	1258	4904.058019472757	0
6	1265	4941.869633779875	0
6	1266	4945.07149771395	0
6	1267	4947.437277179535	0
6	1269	4951.515257875277	0
6	1272	4958.10674159313	0
6	1281	4986.536033017216	0
6	1284	4996.021903526926	0
6	1287	5013.917609928725	0
6	1290	5032.55114584291	0
6	1295	5054.110479313929	0
6	1300	5066.136198535452	0
6	1302	5072.607512017446	0
6	1308	5087.193153388243	0
6	1312	5112.336177011624	0
6	1317	5136.517141855092	0
6	1323	5157.578241506777	0
6	1327	5175.554959970458	0
6	1331	5179.134740254901	0
6	1338	5193.819848712975	0
6	1345	5243.17389602138	0
6	1357	5285.91982472308	0
6	1375	5378.774722829534	0
6	1392	5413.601492736342	0
6	1394	5418.005604630847	0
6	1411	5491.894662089648	0
6	1419	5501.529203339138	0
6	1421	5509.382030019348	0
6	1425	5522.149405606267	0
6	1427	5524.218018226855	0
6	1431	5531.489311334992	0
6	1432	5533.513730828056	0
6	1444	5590.181199176675	0
6	1465	5644.991114041957	0
6	1471	5660.345176585316	0
6	1473	5662.744716103001	0
6	1485	5727.439391502887	0
6	1494	5751.794628926281	0
6	1496	5762.879576550467	0
6	1497	5763.218937182335	0
6	1505	5800.069401054388	0
6	1506	5801.965236150146	0
6	1508	5803.474213281474	0
6	1509	5824.340557651082	0
6	1526	5898.55128663994	0
6	1528	5903.458773377661	0
6	1545	5961.646138891439	0
6	1558	6027.301627021396	0
6	1567	6059.134476404822	0
6	1575	6087.167016955057	0
6	1580	6103.72059281379	0
6	1587	6131.484016975485	0
6	1596	6175.47977949286	0
6	1600	6187.142793233981	0
6	1602	6188.644932887805	0
6	1617	6248.248206729207	0
6	1618	6249.361311664348	0
6	1619	6258.430557046017	0
6	1629	6290.853126943208	0
6	1632	6294.486797751974	0
6	1636	6308.880198261815	0
6	1641	6320.803063137195	0
6	1648	6365.388021155792	0
6	1663	6398.049557244801	0
6	1664	6407.373489430142	0
6	1668	6417.561732051695	0
6	1682	6483.980787842207	0
6	1688	6491.720687776002	0
6	1704	6521.447515387061	0
6	1712	6572.883787097264	0
6	1717	6588.671582144935	0
6	1723	6598.045723147266	0
6	1726	6614.386417890843	0
6	1728	6616.278183662171	0
6	1742	6676.037521088021	0
6	1756	6703.748280072866	0
6	1759	6718.283273314565	0
6	1764	6726.5161655106	0
6	1772	6765.199169262541	0
6	1776	6783.568125115185	0
6	1777	6787.317603919386	0
6	1778	6790.001189535117	0
6	1780	6791.875448230974	0
6	1785	6802.959053897977	0
6	1790	6824.212059180331	0
6	1796	6842.248888384582	0
6	1797	6843.059386592693	0
6	1798	6854.747598508231	0
6	1800	6867.699375058045	0
6	1822	6930.600012312931	0
6	1824	6937.089773178974	0
6	1843	7002.877097644189	0
6	1854	7033.568810982283	0
6	1862	7062.68637482992	0
6	1874	7106.290496332176	0
6	1879	7129.124762433879	0
6	1890	7159.038154779461	0
6	1894	7183.767162344761	0
6	1898	7191.000098573142	0
6	1905	7221.330840105397	0
6	1907	7226.467015386105	0
6	1914	7242.26166204752	0
6	1923	7275.865266913358	0
6	1929	7293.012967388996	0
6	1943	7345.540150176259	0
6	1944	7348.673557093016	0
6	1946	7351.797817736536	0
6	1948	7360.167755156774	0
6	1959	7391.933887762354	0
6	1965	7399.239889494948	0
6	1984	7465.422294762538	0
6	2008	7541.76863641858	0
6	2014	7557.787411439586	0
6	2016	7557.963270590669	0
6	2034	7625.963399679142	0
6	2039	7655.905304962869	0
6	2062	7758.31801329758	0
6	2068	7769.165893761772	0
6	2069	7776.418797316418	0
6	2074	7803.356167171415	0
6	2076	7810.838460440325	0
6	2077	7816.197189672488	0
6	2081	7834.263301359073	0
6	2114	7956.669499131117	0
6	2117	7974.97884542044	0
6	2119	7987.903293063894	0
6	2123	8002.923544494957	0
6	2124	8005.149257168157	0
6	2125	8006.155439870074	0
6	2126	8009.149961795155	0
6	2130	8028.020609001892	0
6	2131	8034.813641140653	0
6	2134	8039.789459668419	0
6	2139	8056.201969235423	0
6	2146	8091.931983833287	0
6	2158	8120.784197996769	0
6	2160	8130.399882094977	0
6	2173	8163.684707914895	0
6	2181	8200.601721526515	0
6	2205	8277.460354716528	0
6	2211	8298.128984758367	0
6	2214	8308.211150021105	0
6	2221	8323.109348856373	0
6	2223	8324.127867469001	0
6	2229	8345.004196541912	0
6	2242	8392.758139357622	0
6	2246	8406.900999081877	0
6	2262	8446.778207450716	0
6	2300	8581.226419275922	0
6	2313	8632.79504059084	0
6	2319	8645.636000953756	0
6	2325	8666.752876234434	0
6	2334	8705.313425705769	0
6	2341	8745.658125137271	0
6	2342	8747.30498177055	0
6	2352	8787.941740147953	0
6	2366	8853.165581709082	0
6	2381	8924.937032965554	0
6	2385	8941.166538265829	0
6	2394	8966.733612246576	0
6	2396	8967.378256722025	0
6	2407	9007.325668628438	0
6	2408	9008.815024484057	0
6	2416	9035.036370141545	0
6	2419	9039.023388221227	0
6	2424	9060.010652626187	0
6	2425	9060.362250843661	0
6	2427	9061.050024141975	0
6	2432	9075.039338463911	0
6	2435	9081.07395443701	0
6	2438	9089.172751887707	0
6	2446	9109.425236872616	0
6	2462	9156.902368454157	0
6	2464	9160.6535618563	0
6	2483	9190.123142289108	0
6	2493	9218.292683090336	0
6	2496	9222.217744949967	0
6	2497	9230.879279912739	0
6	2502	9242.883217361667	0
6	2517	9279.548890450836	0
6	2518	9280.281026024188	0
6	2528	9306.287577053922	0
6	2547	9371.77710095419	0
6	2553	9381.772662808602	0
6	2560	9394.507113173476	0
6	2572	9433.997798176377	0
6	2573	9435.396048365364	0
6	2577	9445.411824345761	0
6	2583	9482.135210543202	0
6	2590	9495.861213708381	0
6	2596	9508.724079421516	0
6	2599	9529.870769530767	0
6	2603	9539.545481307893	0
6	2609	9570.46864301549	0
6	2616	9586.804244888633	0
6	2619	9602.859197359584	0
6	2648	9722.518500941543	0
6	2652	9735.422966467608	0
6	2662	9766.5747548203	0
6	2667	9786.435333314164	0
6	2673	9812.460836620142	0
6	2709	9936.257531856785	0
6	2710	9937.482303783183	0
6	2716	9945.912983214479	0
6	2717	9946.560468638095	0
6	2718	9954.330843552814	0
6	2721	9958.780777951377	0
6	2722	9959.209285347307	0
6	2724	9970.3848042115	0
6	2725	9970.696467249301	0
6	2726	9974.14726758661	0
6	2733	10008.855466963607	0
6	2743	10043.454592592227	0
6	2745	10047.44271561806	0
6	2757	10086.652689495492	0
6	2761	10093.53929248035	0
6	2776	10163.365583602033	0
6	2788	10216.724709644219	0
6	2791	10234.096907585743	0
6	2814	10322.714006023574	0
6	2815	10322.726389797355	0
6	2818	10342.446576966988	0
6	2839	10404.308592982203	0
6	2853	10451.232185082015	0
6	2856	10463.919502154176	0
6	2858	10471.548873111054	0
6	2862	10485.558084724835	0
6	2872	10521.395273691091	0
6	2876	10540.504235781569	0
6	2878	10546.236367299782	0
6	2880	10548.355178621976	0
6	2883	10553.953944650913	0
6	2914	10650.661194631423	0
6	2918	10663.185026279389	0
6	2932	10717.432462880075	0
6	2939	10739.890007134367	0
6	2951	10778.808202266605	0
6	2952	10787.871310222449	0
6	2954	10789.468241517319	0
6	2960	10810.505204428406	0
6	2965	10826.710343327835	0
6	2970	10851.99042423167	0
6	2974	10855.226596118317	0
6	2985	10891.200363027225	0
6	2988	10902.760482629178	0
6	2993	10921.195029577036	0
6	2998	10938.586627467266	0
6	3002	10952.712977047715	0
6	3004	10956.574229696714	0
6	3005	10957.382795410433	0
6	3007	10958.858032980065	0
6	3026	11024.356004312379	0
6	3065	11133.921508468288	0
6	3073	11154.978610345578	0
6	3084	11193.369120847782	0
6	3085	11200.320353777538	0
6	3086	11205.3148212545	0
6	3089	11214.117690995666	0
6	3092	11217.20070875782	0
6	3095	11227.77302188821	0
6	3098	11230.637682657682	0
6	3106	11248.192850444727	0
6	3107	11249.174406525923	0
6	3108	11251.494161269773	0
6	3111	11256.987757834315	0
6	3113	11258.472756561731	0
6	3121	11288.432486445313	0
6	3128	11317.075343454222	0
6	3132	11325.998188028777	0
6	3140	11337.217401480583	0
6	3151	11358.951057069993	0
6	3159	11373.733965398039	0
6	3160	11375.715544671372	0
6	3177	11431.960498023529	0
6	3184	11442.069511234024	0
6	3193	11470.71318361212	0
6	3198	11478.80586197535	0
6	3199	11489.539351032722	0
6	3212	11533.489393035788	0
6	3222	11548.703136737838	0
6	3229	11570.309446606812	0
6	3231	11574.982463535219	0
6	3238	11611.769168553461	0
6	3246	11634.037710536201	0
6	3251	11642.522067619533	0
6	3256	11664.145420397195	0
6	3258	11672.801364676044	0
6	3273	11717.537853673221	0
6	3280	11736.015125208716	0
6	3281	11736.716463108871	0
6	3296	11791.767008589728	0
6	3306	11838.377514471215	0
6	3315	11859.008256094673	0
6	3317	11878.618939208333	0
6	3323	11887.557695968398	0
6	3328	11911.89714810817	0
6	3333	11922.476912562313	0
6	3343	11952.84087611915	0
6	3366	12023.67769336685	0
6	3372	12048.551963705285	0
6	3376	12060.342466128446	0
6	3391	12098.559755843457	0
6	3403	12149.817319194427	0
6	3420	12190.993582098441	0
6	3433	12231.342366743939	0
6	3460	12323.002404767962	0
6	3474	12372.1288359465	0
6	3476	12377.696499904286	0
6	3481	12388.413856322761	0
6	3482	12390.894542041429	0
6	3489	12405.909557620892	0
6	3490	12407.206089010934	0
6	3497	12439.683166267714	0
6	3505	12460.597247928378	0
6	3510	12477.258441329069	0
6	3521	12508.601991784924	0
6	3527	12539.270912533516	0
6	3534	12550.2741398177	0
6	3535	12553.264862608227	0
6	3550	12605.46884009669	0
6	3560	12645.474270503886	0
6	3562	12648.277473780244	0
6	3568	12662.309687199381	0
6	3590	12753.504428165938	0
6	3601	12794.257669111818	0
6	3609	12846.689391107722	0
6	3610	12846.779328515003	0
6	3620	12871.158345333182	0
6	3636	12924.502318155463	0
6	3637	12926.265316801136	0
6	3638	12937.808008856475	0
6	3641	12947.446810388865	0
6	3644	12952.467636181709	0
6	3646	12962.255396947843	0
6	3656	12992.387092904222	0
6	3660	12995.860353690178	0
6	3688	13095.931869650036	0
6	3691	13100.270756575199	0
6	3701	13151.282566658999	0
6	3708	13168.647255728172	0
6	3718	13201.774574036292	0
6	3722	13211.623758965509	0
6	3727	13248.707629912381	0
6	3738	13275.867899974229	0
6	3744	13300.516285223352	0
6	3745	13301.874057341021	0
6	3752	13318.116699800561	0
6	3760	13367.329440859388	0
6	3776	13420.582727227407	0
6	3790	13490.349503573507	0
6	3796	13520.522771426909	0
6	3802	13535.314458569204	0
6	3808	13567.101254574713	0
6	3817	13595.702509325341	0
6	3820	13608.364779827441	0
6	3828	13630.857411035772	0
6	3832	13646.223114272832	0
6	3835	13651.33536583914	0
6	3841	13694.118122624739	0
6	3848	13707.346208440944	0
6	3853	13725.80765032544	0
6	3859	13742.301533875706	0
6	3865	13773.114387859909	0
6	3866	13783.742816995064	0
6	3873	13800.713253361645	0
6	3881	13824.448242125673	0
6	3883	13829.41361793321	0
6	3884	13837.710759258225	0
6	3891	13859.278795225454	0
6	3900	13902.603970504298	0
6	3906	13923.626869936254	0
6	3918	13990.330110922278	0
6	3926	14007.605990059758	0
6	3927	14013.441273763495	0
6	3929	14023.958808531977	0
6	3932	14033.386367719522	0
6	3963	14164.758613397509	0
6	3966	14186.623416749203	0
6	3967	14190.090568813812	0
6	3977	14225.827908031499	0
6	3990	14282.186578907377	0
6	3992	14292.353792083815	0
6	3999	14308.420068908649	0
6	4001	14319.30501147502	0
6	4013	14355.711114733083	0
6	4026	14398.739996916985	0
6	4030	14411.099562862051	0
6	4037	14427.377935133142	0
6	4042	14441.031702258009	0
6	4043	14443.756140232733	0
6	4050	14470.401201699132	0
6	4059	14506.446376767168	0
6	4068	14533.15953451571	0
6	4069	14534.28245436297	0
6	4071	14538.034019654127	0
6	4097	14623.921965428764	0
6	4106	14639.164945829109	0
6	4107	14640.796956434957	0
6	4110	14642.372715695107	0
6	4116	14661.222467781778	0
6	4119	14673.33195912291	0
6	4120	14675.311833242365	0
6	4124	14706.720030493446	0
6	4130	14733.222986945592	0
6	4131	14733.992020042498	0
6	4145	14758.304054992282	0
6	4147	14760.976191929807	0
6	4151	14772.671436633221	0
6	4170	14844.08054349017	0
6	4175	14850.634773851843	0
6	4177	14859.831019229503	0
6	4193	14919.284078079545	0
6	4206	14967.270558507913	0
6	4217	15012.248657023216	0
6	4222	15022.79226262785	0
6	4224	15034.099766779647	0
6	4225	15050.060624181211	0
6	4239	15080.629599931533	0
6	4242	15097.749296530919	0
6	4249	15120.312102214705	0
6	4253	15132.798359507014	0
6	4263	15172.306986110265	0
6	4285	15255.388323627341	0
6	4288	15258.371043602355	0
6	4289	15259.425715790751	0
6	4296	15292.238251124961	0
6	4300	15304.818792677509	0
6	4310	15358.430608690589	0
6	4322	15403.832222046434	0
6	4331	15426.411585336192	0
6	4332	15437.289414622552	0
6	4336	15466.879536496252	0
6	4341	15484.084174308671	0
6	4342	15484.347684232152	0
6	4349	15509.066237467625	0
6	4351	15519.333915982156	0
6	4356	15526.189299537743	0
6	4368	15586.60053251793	0
6	4385	15635.198288690653	0
6	4396	15683.130964277061	0
6	4411	15745.373325192042	0
6	4413	15747.890307752064	0
6	4454	15919.082497268149	0
6	4457	15929.676040764504	0
6	4466	15951.410424427507	0
6	4470	15981.319531355914	0
6	4473	16003.095422288732	0
6	4475	16003.816587799795	0
6	4481	16025.311538779565	0
6	4488	16043.865778496647	0
6	4493	16054.464280552094	0
6	4504	16091.092802809316	0
6	4505	16105.148169396917	0
6	4517	16141.681529231109	0
6	4521	16146.427964136058	0
6	4523	16147.890564982776	0
6	4524	16156.311931450073	0
6	4530	16160.310505552547	0
6	4537	16190.018031218028	0
6	4539	16190.664187552021	0
6	4549	16228.497507079214	0
6	4554	16241.70024256757	0
6	4566	16260.432754950913	0
6	4573	16281.31586680334	0
6	4574	16282.603206416509	0
6	4585	16312.366363196736	0
6	4587	16327.549858318807	0
6	4593	16341.505743213532	0
6	4596	16345.478299625836	0
6	4609	16385.166050204672	0
6	4614	16396.422369548498	0
6	4629	16455.33783475454	0
6	4638	16494.791016134269	0
6	4642	16500.178637067998	0
6	4651	16534.851365992154	0
6	4669	16600.192487488447	0
6	4671	16601.359224802946	0
6	4696	16679.302311173357	0
6	4699	16694.015382317843	0
6	4704	16704.335893815645	0
6	4708	16712.677081837081	0
6	4713	16748.507322582664	0
6	4717	16762.284932489916	0
6	4718	16767.078817181141	0
6	4721	16769.627962435146	0
6	4728	16802.989295557914	0
6	4732	16810.500091957893	0
6	4736	16832.893045007767	0
6	4737	16834.426848023935	0
6	4744	16869.042650676151	0
6	4767	16956.309554430715	0
6	4768	16956.850079808629	0
6	4777	16981.201204024483	0
6	4778	16981.356628560781	0
6	4782	17006.745063376838	0
6	4799	17065.381626378457	0
6	4804	17077.021157838718	0
6	4816	17112.504005232289	0
6	4820	17132.320171411274	0
6	4831	17170.918830770351	0
6	4832	17179.093576279787	0
6	4842	17202.814045114849	0
6	4843	17204.340878848887	0
6	4848	17223.52516599973	0
6	4853	17258.637879749344	0
6	4876	17314.815790972589	0
6	4881	17329.005868183223	0
6	4895	17379.496059652746	0
6	4903	17399.207945807359	0
6	4906	17402.736591136452	0
6	4913	17416.560277649274	0
6	4923	17448.560563634006	0
6	4928	17476.711888957343	0
6	4934	17492.235310735747	0
6	4935	17494.689518088766	0
6	4942	17504.327166016294	0
6	4948	17519.080125259292	0
6	4955	17539.897170948696	0
6	4957	17550.753857825879	0
6	4959	17559.590948691161	0
6	4962	17577.435735070922	0
6	4978	17618.720046695514	0
6	4981	17623.474469721428	0
6	4999	17702.306398137809	0
6	5010	17753.522322549155	0
6	5020	17805.516531319971	0
6	5025	17840.241139188756	0
6	5031	17883.934307568598	0
6	5045	17921.077797074053	0
6	5051	17975.670770632179	0
6	5062	18015.979911107688	0
6	5068	18028.212179380455	0
6	5079	18096.618969001657	0
6	5080	18099.27653970983	0
6	5083	18114.298408356961	0
6	5103	18203.28305129356	0
6	5108	18224.198076467205	0
6	5114	18240.343790253317	0
6	5133	18336.957750044598	0
6	5136	18346.721819039479	0
6	5138	18376.500804060202	0
6	5141	18386.18801224887	0
6	5143	18393.233546073088	0
6	5148	18413.055408545453	0
6	5152	18433.242970873836	0
6	5162	18485.785941079344	0
6	5171	18528.320935760678	0
6	5184	18588.174586189118	0
6	5186	18606.282396449033	0
6	5194	18641.217011830334	0
6	5195	18649.22055632473	0
6	5202	18676.821907258253	0
6	5204	18686.782734827771	0
6	5209	18709.620127834614	0
6	5220	18767.843362087733	0
6	5253	18923.417818209643	0
6	5254	18923.537075732028	0
6	5256	18959.920657712342	0
6	5257	18960.509109171111	0
6	5258	18961.066882329748	0
6	5260	18965.227528592494	0
6	5265	18990.150786582981	0
6	5266	18993.76022231031	0
6	5268	19016.03301363155	0
6	5274	19050.207489217702	0
6	5302	19165.373601955253	0
6	5313	19180.709839330573	0
6	5324	19237.34643017129	0
6	5326	19237.688522625883	0
6	5335	19275.55263802639	0
6	5346	19309.678081457658	0
6	5347	19310.492472111634	0
6	5353	19337.384849117447	0
6	5356	19340.597163926411	0
6	5365	19365.141714349132	0
6	5372	19386.308442993406	0
6	5382	19417.422875262466	0
6	5385	19426.933196834001	0
6	5386	19438.665913259446	0
6	5388	19441.925577855751	0
6	5393	19451.095935982017	0
6	5401	19481.912933071445	0
6	5404	19491.810568728593	0
6	5411	19520.331398957934	0
6	5423	19551.406033526911	0
6	5425	19556.848836077917	0
6	5432	19588.080984882933	0
6	5437	19602.095847625595	0
6	5445	19627.50675428635	0
6	5457	19666.740988379877	0
6	5488	19799.563342269678	0
6	5490	19804.503874544865	0
6	5499	19817.088409428427	0
6	5501	19820.262083160338	0
6	5507	19836.714317912678	0
6	5517	19886.507555188492	0
6	5520	19902.538636716485	0
6	5526	19910.783569461534	0
6	5528	19913.796354976266	0
6	5531	19922.735348921374	0
6	5533	19933.200978191478	0
6	5537	19954.023903159355	0
6	5542	19975.243032467905	0
6	5546	19985.247318121968	0
6	5549	19999.647552994509	0
7	228	1054.495533570823	3
7	241	1093.809319686259	3
7	248	1116.367602148819	3
7	250	1117.029967085974	3
7	253	1135.699634080264	3
7	255	1142.986699595305	3
7	261	1166.084916721498	3
7	266	1177.527881674295	3
7	268	1185.876667047184	3
7	277	1218.526506205231	3
7	294	1271.546470537107	3
7	303	1299.168210603908	3
7	304	1299.475338482483	3
7	305	1300.047124990844	3
7	312	1322.455061715993	3
7	317	1337.161988439543	3
7	325	1358.623690463675	3
7	334	1386.226288195296	3
7	346	1422.601366934112	3
7	359	1449.821435255793	3
7	364	1454.819887399351	3
7	367	1462.902248822749	3
7	373	1479.335212723074	3
7	374	1484.642868624429	3
7	381	1501.902809432496	3
7	385	1516.516807579739	3
7	394	1539.123546016513	3
7	400	1554.516558083727	3
7	413	1599.469038595429	3
7	424	1635.808877498927	3
7	434	1662.589749921505	3
7	438	1673.46571706079	3
7	446	1713.17810415544	3
7	468	1801.555291013391	3
7	477	1840.853987405965	3
7	478	1845.24843438796	3
7	479	1847.997596370161	3
7	480	1855.860130934559	3
7	482	1860.282366733754	3
7	488	1881.931532825463	3
7	496	1920.454354544194	3
7	499	1938.872108616835	3
7	507	1970.753121225527	3
7	509	1979.468758953106	3
7	510	1984.055090747857	3
7	520	2023.83829698501	3
7	542	2119.393703016852	3
7	543	2120.613888209922	3
7	547	2128.376380970626	3
7	548	2136.30948168531	3
7	559	2206.779989816201	3
7	563	2217.835892561883	3
7	566	2225.193409715101	3
7	572	2261.790759211715	3
7	578	2300.65665821775	3
7	579	2302.839890990095	3
7	583	2309.083861194083	3
7	586	2317.099493478183	3
7	604	2411.247842098451	3
7	621	2478.740118033323	3
7	628	2510.937562967784	3
7	630	2521.343766238897	3
7	633	2532.10280490158	3
7	634	2532.905801093383	3
7	636	2555.77797569024	3
7	637	2558.833879758592	3
7	649	2626.082047690114	3
7	653	2650.771511515558	3
7	655	2660.468050850293	3
7	659	2682.683675919434	3
7	681	2780.633453696331	3
7	686	2793.748162605176	3
7	695	2843.793345865557	3
7	704	2890.947488474433	3
7	709	2917.333609143115	3
7	718	2951.594167606374	3
7	721	2983.602559946271	3
7	723	2985.762388169825	3
7	729	3013.509547936881	3
7	735	3032.26333274714	3
7	749	3093.20122497255	3
7	753	3121.400565724897	3
7	755	3124.973870516325	3
7	756	3129.586603277799	3
7	761	3138.125610294157	3
7	766	3169.277731937079	3
7	778	3232.572306184829	3
7	782	3239.16703589917	3
7	791	3290.230226516499	3
7	792	3290.420052554142	3
7	805	3370.507764985097	3
7	816	3419.723499406585	3
7	817	3421.432986265787	3
7	822	3458.03748651267	3
7	826	3476.202512729831	3
7	836	3519.888219404845	3
7	841	3529.330152820767	3
7	851	3582.412653368563	3
7	853	3588.921205565666	3
7	862	3625.807969723492	3
7	866	3651.794278551028	3
7	867	3653.609436267333	3
7	877	3688.756282446236	3
7	879	3696.039903538432	3
7	881	3697.802501060106	3
7	896	3765.534604688977	3
7	906	3799.243694590684	3
7	911	3828.289026219137	3
7	915	3850.426763453685	3
7	919	3867.80126575797	3
7	925	3882.364698889905	3
7	926	3888.108735745994	3
7	932	3913.389659679349	3
7	940	3947.814923063106	3
7	943	3959.9899398175	3
7	946	3970.290559964769	3
7	949	3974.449484957918	3
7	958	3995.148096418664	3
7	967	4023.871930011028	3
7	970	4037.787277948807	3
7	985	4084.966668915911	3
7	986	4085.031598648057	3
7	993	4105.590437395716	3
7	996	4120.607121495639	3
7	997	4120.886181446542	3
7	1001	4135.050093926106	3
7	1050	4266.201784197139	3
7	1053	4275.213550102614	3
7	1055	4277.381775032152	3
7	1061	4298.716637240081	3
7	1065	4308.415234502303	3
7	1076	4346.048545544772	3
7	1077	4347.739214514912	3
7	1079	4355.259551947496	3
7	1081	4365.640610696224	3
7	1090	4380.51546698125	3
7	1095	4403.458354871657	3
7	1102	4423.965288602248	3
7	1105	4431.392662323698	3
7	1109	4447.518141808821	3
7	1112	4451.665276226011	3
7	1118	4477.832308912121	3
7	1125	4484.011734503562	3
7	1128	4493.318787409068	3
7	1133	4513.883048164713	3
7	1155	4574.721285263029	3
7	1168	4612.011203995905	3
7	1173	4623.458720006603	3
7	1182	4657.966182956702	3
7	1185	4665.441542979326	3
7	1190	4684.84878119872	3
7	1191	4686.362474272395	3
7	1200	4720.000329683153	3
7	1207	4745.905191459537	3
7	1218	4774.153162062455	3
7	1219	4779.794342114297	3
7	1242	4854.670993251468	3
7	1245	4867.79712714399	3
7	1258	4904.058019472757	3
7	1265	4941.869633779875	3
7	1266	4945.07149771395	3
7	1267	4947.437277179535	3
7	1269	4951.515257875277	3
7	1272	4958.10674159313	3
7	1281	4986.536033017216	3
7	1284	4996.021903526926	3
7	1287	5013.917609928725	3
7	1290	5032.55114584291	3
7	1295	5054.110479313929	3
7	1300	5066.136198535452	3
7	1302	5072.607512017446	3
7	1308	5087.193153388243	3
7	1312	5112.336177011624	3
7	1317	5136.517141855092	3
7	1323	5157.578241506777	3
7	1327	5175.554959970458	3
7	1331	5179.134740254901	3
7	1338	5193.819848712975	3
7	1345	5243.17389602138	3
7	1357	5285.91982472308	3
7	1375	5378.774722829534	3
7	1392	5413.601492736342	3
7	1394	5418.005604630847	3
7	1411	5491.894662089648	3
7	1419	5501.529203339138	3
7	1421	5509.382030019348	3
7	1425	5522.149405606267	3
7	1427	5524.218018226855	3
7	1431	5531.489311334992	3
7	1432	5533.513730828056	3
7	1444	5590.181199176675	3
7	1465	5644.991114041957	3
7	1471	5660.345176585316	3
7	1473	5662.744716103001	3
7	1485	5727.439391502887	3
7	1494	5751.794628926281	3
7	1496	5762.879576550467	3
7	1497	5763.218937182335	3
7	1505	5800.069401054388	3
7	1506	5801.965236150146	3
7	1508	5803.474213281474	3
7	1509	5824.340557651082	3
7	1526	5898.55128663994	3
7	1528	5903.458773377661	3
7	1545	5961.646138891439	3
7	1558	6027.301627021396	3
7	1567	6059.134476404822	3
7	1575	6087.167016955057	3
7	1580	6103.72059281379	3
7	1587	6131.484016975485	3
7	1596	6175.47977949286	3
7	1600	6187.142793233981	3
7	1602	6188.644932887805	3
7	1617	6248.248206729207	3
7	1618	6249.361311664348	3
7	1619	6258.430557046017	3
7	1629	6290.853126943208	3
7	1632	6294.486797751974	3
7	1636	6308.880198261815	3
7	1641	6320.803063137195	3
7	1648	6365.388021155792	3
7	1663	6398.049557244801	3
7	1664	6407.373489430142	3
7	1668	6417.561732051695	3
7	1682	6483.980787842207	3
7	1688	6491.720687776002	3
7	1704	6521.447515387061	3
7	1712	6572.883787097264	3
7	1717	6588.671582144935	3
7	1723	6598.045723147266	3
7	1726	6614.386417890843	3
7	1728	6616.278183662171	3
7	1742	6676.037521088021	3
7	1756	6703.748280072866	3
7	1759	6718.283273314565	3
7	1764	6726.5161655106	3
7	1772	6765.199169262541	3
7	1776	6783.568125115185	3
7	1777	6787.317603919386	3
7	1778	6790.001189535117	3
7	1780	6791.875448230974	3
7	1785	6802.959053897977	3
7	1790	6824.212059180331	3
7	1796	6842.248888384582	3
7	1797	6843.059386592693	3
7	1798	6854.747598508231	3
7	1800	6867.699375058045	3
7	1822	6930.600012312931	3
7	1824	6937.089773178974	3
7	1843	7002.877097644189	3
7	1854	7033.568810982283	3
7	1862	7062.68637482992	3
7	1874	7106.290496332176	3
7	1879	7129.124762433879	3
7	1890	7159.038154779461	3
7	1894	7183.767162344761	3
7	1898	7191.000098573142	3
7	1905	7221.330840105397	3
7	1907	7226.467015386105	3
7	1914	7242.26166204752	3
7	1923	7275.865266913358	3
7	1929	7293.012967388996	3
7	1943	7345.540150176259	3
7	1944	7348.673557093016	3
7	1946	7351.797817736536	3
7	1948	7360.167755156774	3
7	1959	7391.933887762354	3
7	1965	7399.239889494948	3
7	1984	7465.422294762538	3
7	2008	7541.76863641858	3
7	2014	7557.787411439586	3
7	2016	7557.963270590669	3
7	2034	7625.963399679142	3
7	2039	7655.905304962869	3
7	2062	7758.31801329758	3
7	2068	7769.165893761772	3
7	2069	7776.418797316418	3
7	2074	7803.356167171415	3
7	2076	7810.838460440325	3
7	2077	7816.197189672488	3
7	2081	7834.263301359073	3
7	2114	7956.669499131117	3
7	2117	7974.97884542044	3
7	2119	7987.903293063894	3
7	2123	8002.923544494957	3
7	2124	8005.149257168157	3
7	2125	8006.155439870074	3
7	2126	8009.149961795155	3
7	2130	8028.020609001892	3
7	2131	8034.813641140653	3
7	2134	8039.789459668419	3
7	2139	8056.201969235423	3
7	2146	8091.931983833287	3
7	2158	8120.784197996769	3
7	2160	8130.399882094977	3
7	2173	8163.684707914895	3
7	2181	8200.601721526515	3
7	2205	8277.460354716528	3
7	2211	8298.128984758367	3
7	2214	8308.211150021105	3
7	2221	8323.109348856373	3
7	2223	8324.127867469001	3
7	2229	8345.004196541912	3
7	2242	8392.758139357622	3
7	2246	8406.900999081877	3
7	2262	8446.778207450716	3
7	2300	8581.226419275922	3
7	2313	8632.79504059084	3
7	2319	8645.636000953756	3
7	2325	8666.752876234434	3
7	2334	8705.313425705769	3
7	2341	8745.658125137271	3
7	2342	8747.30498177055	3
7	2352	8787.941740147953	3
7	2366	8853.165581709082	3
7	2381	8924.937032965554	3
7	2385	8941.166538265829	3
7	2394	8966.733612246576	3
7	2396	8967.378256722025	3
7	2407	9007.325668628438	3
7	2408	9008.815024484057	3
7	2416	9035.036370141545	3
7	2419	9039.023388221227	3
7	2424	9060.010652626187	3
7	2425	9060.362250843661	3
7	2427	9061.050024141975	3
7	2432	9075.039338463911	3
7	2435	9081.07395443701	3
7	2438	9089.172751887707	3
7	2446	9109.425236872616	3
7	2462	9156.902368454157	3
7	2464	9160.6535618563	3
7	2483	9190.123142289108	3
7	2493	9218.292683090336	3
7	2496	9222.217744949967	3
7	2497	9230.879279912739	3
7	2502	9242.883217361667	3
7	2517	9279.548890450836	3
7	2518	9280.281026024188	3
7	2528	9306.287577053922	3
7	2547	9371.77710095419	3
7	2553	9381.772662808602	3
7	2560	9394.507113173476	3
7	2572	9433.997798176377	3
7	2573	9435.396048365364	3
7	2577	9445.411824345761	3
7	2583	9482.135210543202	3
7	2590	9495.861213708381	3
7	2596	9508.724079421516	3
7	2599	9529.870769530767	3
7	2603	9539.545481307893	3
7	2609	9570.46864301549	3
7	2616	9586.804244888633	3
7	2619	9602.859197359584	3
7	2648	9722.518500941543	3
7	2652	9735.422966467608	3
7	2662	9766.5747548203	3
7	2667	9786.435333314164	3
7	2673	9812.460836620142	3
7	2709	9936.257531856785	3
7	2710	9937.482303783183	3
7	2716	9945.912983214479	3
7	2717	9946.560468638095	3
7	2718	9954.330843552814	3
7	2721	9958.780777951377	3
7	2722	9959.209285347307	3
7	2724	9970.3848042115	3
7	2725	9970.696467249301	3
7	2726	9974.14726758661	3
7	2733	10008.855466963607	3
7	2743	10043.454592592227	3
7	2745	10047.44271561806	3
7	2757	10086.652689495492	3
7	2761	10093.53929248035	3
7	2776	10163.365583602033	3
7	2788	10216.724709644219	3
7	2791	10234.096907585743	3
7	2814	10322.714006023574	3
7	2815	10322.726389797355	3
7	2818	10342.446576966988	3
7	2839	10404.308592982203	3
7	2853	10451.232185082015	3
7	2856	10463.919502154176	3
7	2858	10471.548873111054	3
7	2862	10485.558084724835	3
7	2872	10521.395273691091	3
7	2876	10540.504235781569	3
7	2878	10546.236367299782	3
7	2880	10548.355178621976	3
7	2883	10553.953944650913	3
7	2914	10650.661194631423	3
7	2918	10663.185026279389	3
7	2932	10717.432462880075	3
7	2939	10739.890007134367	3
7	2951	10778.808202266605	3
7	2952	10787.871310222449	3
7	2954	10789.468241517319	3
7	2960	10810.505204428406	3
7	2965	10826.710343327835	3
7	2970	10851.99042423167	3
7	2974	10855.226596118317	3
7	2985	10891.200363027225	3
7	2988	10902.760482629178	3
7	2993	10921.195029577036	3
7	2998	10938.586627467266	3
7	3002	10952.712977047715	3
7	3004	10956.574229696714	3
7	3005	10957.382795410433	3
7	3007	10958.858032980065	3
7	3026	11024.356004312379	3
7	3065	11133.921508468288	3
7	3073	11154.978610345578	3
7	3084	11193.369120847782	3
7	3085	11200.320353777538	3
7	3086	11205.3148212545	3
7	3089	11214.117690995666	3
7	3092	11217.20070875782	3
7	3095	11227.77302188821	3
7	3098	11230.637682657682	3
7	3106	11248.192850444727	3
7	3107	11249.174406525923	3
7	3108	11251.494161269773	3
7	3111	11256.987757834315	3
7	3113	11258.472756561731	3
7	3121	11288.432486445313	3
7	3128	11317.075343454222	3
7	3132	11325.998188028777	3
7	3140	11337.217401480583	3
7	3151	11358.951057069993	3
7	3159	11373.733965398039	3
7	3160	11375.715544671372	3
7	3177	11431.960498023529	3
7	3184	11442.069511234024	3
7	3193	11470.71318361212	3
7	3198	11478.80586197535	3
7	3199	11489.539351032722	3
7	3212	11533.489393035788	3
7	3222	11548.703136737838	3
7	3229	11570.309446606812	3
7	3231	11574.982463535219	3
7	3238	11611.769168553461	3
7	3246	11634.037710536201	3
7	3251	11642.522067619533	3
7	3256	11664.145420397195	3
7	3258	11672.801364676044	3
7	3273	11717.537853673221	3
7	3280	11736.015125208716	3
7	3281	11736.716463108871	3
7	3296	11791.767008589728	3
7	3306	11838.377514471215	3
7	3315	11859.008256094673	3
7	3317	11878.618939208333	3
7	3323	11887.557695968398	3
7	3328	11911.89714810817	3
7	3333	11922.476912562313	3
7	3343	11952.84087611915	3
7	3366	12023.67769336685	3
7	3372	12048.551963705285	3
7	3376	12060.342466128446	3
7	3391	12098.559755843457	3
7	3403	12149.817319194427	3
7	3420	12190.993582098441	3
7	3433	12231.342366743939	3
7	3460	12323.002404767962	3
7	3474	12372.1288359465	3
7	3476	12377.696499904286	3
7	3481	12388.413856322761	3
7	3482	12390.894542041429	3
7	3489	12405.909557620892	3
7	3490	12407.206089010934	3
7	3497	12439.683166267714	3
7	3505	12460.597247928378	3
7	3510	12477.258441329069	3
7	3521	12508.601991784924	3
7	3527	12539.270912533516	3
7	3534	12550.2741398177	3
7	3535	12553.264862608227	3
7	3550	12605.46884009669	3
7	3560	12645.474270503886	3
7	3562	12648.277473780244	3
7	3568	12662.309687199381	3
7	3590	12753.504428165938	3
7	3601	12794.257669111818	3
7	3609	12846.689391107722	3
7	3610	12846.779328515003	3
7	3620	12871.158345333182	3
7	3636	12924.502318155463	3
7	3637	12926.265316801136	3
7	3638	12937.808008856475	3
7	3641	12947.446810388865	3
7	3644	12952.467636181709	3
7	3646	12962.255396947843	3
7	3656	12992.387092904222	3
7	3660	12995.860353690178	3
7	3688	13095.931869650036	3
7	3691	13100.270756575199	3
7	3701	13151.282566658999	3
7	3708	13168.647255728172	3
7	3718	13201.774574036292	3
7	3722	13211.623758965509	3
7	3727	13248.707629912381	3
7	3738	13275.867899974229	3
7	3744	13300.516285223352	3
7	3745	13301.874057341021	3
7	3752	13318.116699800561	3
7	3760	13367.329440859388	3
7	3776	13420.582727227407	3
7	3790	13490.349503573507	3
7	3796	13520.522771426909	3
7	3802	13535.314458569204	3
7	3808	13567.101254574713	3
7	3817	13595.702509325341	3
7	3820	13608.364779827441	3
7	3828	13630.857411035772	3
7	3832	13646.223114272832	3
7	3835	13651.33536583914	3
7	3841	13694.118122624739	3
7	3848	13707.346208440944	3
7	3853	13725.80765032544	3
7	3859	13742.301533875706	3
7	3865	13773.114387859909	3
7	3866	13783.742816995064	3
7	3873	13800.713253361645	3
7	3881	13824.448242125673	3
7	3883	13829.41361793321	3
7	3884	13837.710759258225	3
7	3891	13859.278795225454	3
7	3900	13902.603970504298	3
7	3906	13923.626869936254	3
7	3918	13990.330110922278	3
7	3926	14007.605990059758	3
7	3927	14013.441273763495	3
7	3929	14023.958808531977	3
7	3932	14033.386367719522	3
7	3963	14164.758613397509	3
7	3966	14186.623416749203	3
7	3967	14190.090568813812	3
7	3977	14225.827908031499	3
7	3990	14282.186578907377	3
7	3992	14292.353792083815	3
7	3999	14308.420068908649	3
7	4001	14319.30501147502	3
7	4013	14355.711114733083	3
7	4026	14398.739996916985	3
7	4030	14411.099562862051	3
7	4037	14427.377935133142	3
7	4042	14441.031702258009	3
7	4043	14443.756140232733	3
7	4050	14470.401201699132	3
7	4059	14506.446376767168	3
7	4068	14533.15953451571	3
7	4069	14534.28245436297	3
7	4071	14538.034019654127	3
7	4097	14623.921965428764	3
7	4106	14639.164945829109	3
7	4107	14640.796956434957	3
7	4110	14642.372715695107	3
7	4116	14661.222467781778	3
7	4119	14673.33195912291	3
7	4120	14675.311833242365	3
7	4124	14706.720030493446	3
7	4130	14733.222986945592	3
7	4131	14733.992020042498	3
7	4145	14758.304054992282	3
7	4147	14760.976191929807	3
7	4151	14772.671436633221	3
7	4170	14844.08054349017	3
7	4175	14850.634773851843	3
7	4177	14859.831019229503	3
7	4193	14919.284078079545	3
7	4206	14967.270558507913	3
7	4217	15012.248657023216	3
7	4222	15022.79226262785	3
7	4224	15034.099766779647	3
7	4225	15050.060624181211	3
7	4239	15080.629599931533	3
7	4242	15097.749296530919	3
7	4249	15120.312102214705	3
7	4253	15132.798359507014	3
7	4263	15172.306986110265	3
7	4285	15255.388323627341	3
7	4288	15258.371043602355	3
7	4289	15259.425715790751	3
7	4296	15292.238251124961	3
7	4300	15304.818792677509	3
7	4310	15358.430608690589	3
7	4322	15403.832222046434	3
7	4331	15426.411585336192	3
7	4332	15437.289414622552	3
7	4336	15466.879536496252	3
7	4341	15484.084174308671	3
7	4342	15484.347684232152	3
7	4349	15509.066237467625	3
7	4351	15519.333915982156	3
7	4356	15526.189299537743	3
7	4368	15586.60053251793	3
7	4385	15635.198288690653	3
7	4396	15683.130964277061	3
7	4411	15745.373325192042	3
7	4413	15747.890307752064	3
7	4454	15919.082497268149	3
7	4457	15929.676040764504	3
7	4466	15951.410424427507	3
7	4470	15981.319531355914	3
7	4473	16003.095422288732	3
7	4475	16003.816587799795	3
7	4481	16025.311538779565	3
7	4488	16043.865778496647	3
7	4493	16054.464280552094	3
7	4504	16091.092802809316	3
7	4505	16105.148169396917	3
7	4517	16141.681529231109	3
7	4521	16146.427964136058	3
7	4523	16147.890564982776	3
7	4524	16156.311931450073	3
7	4530	16160.310505552547	3
7	4537	16190.018031218028	3
7	4539	16190.664187552021	3
7	4549	16228.497507079214	3
7	4554	16241.70024256757	3
7	4566	16260.432754950913	3
7	4573	16281.31586680334	3
7	4574	16282.603206416509	3
7	4585	16312.366363196736	3
7	4587	16327.549858318807	3
7	4593	16341.505743213532	3
7	4596	16345.478299625836	3
7	4609	16385.166050204672	3
7	4614	16396.422369548498	3
7	4629	16455.33783475454	3
7	4638	16494.791016134269	3
7	4642	16500.178637067998	3
7	4651	16534.851365992154	3
7	4669	16600.192487488447	3
7	4671	16601.359224802946	3
7	4696	16679.302311173357	3
7	4699	16694.015382317843	3
7	4704	16704.335893815645	3
7	4708	16712.677081837081	3
7	4713	16748.507322582664	3
7	4717	16762.284932489916	3
7	4718	16767.078817181141	3
7	4721	16769.627962435146	3
7	4728	16802.989295557914	3
7	4732	16810.500091957893	3
7	4736	16832.893045007767	3
7	4737	16834.426848023935	3
7	4744	16869.042650676151	3
7	4767	16956.309554430715	3
7	4768	16956.850079808629	3
7	4777	16981.201204024483	3
7	4778	16981.356628560781	3
7	4782	17006.745063376838	3
7	4799	17065.381626378457	3
7	4804	17077.021157838718	3
7	4816	17112.504005232289	3
7	4820	17132.320171411274	3
7	4831	17170.918830770351	3
7	4832	17179.093576279787	3
7	4842	17202.814045114849	3
7	4843	17204.340878848887	3
7	4848	17223.52516599973	3
7	4853	17258.637879749344	3
7	4876	17314.815790972589	3
7	4881	17329.005868183223	3
7	4895	17379.496059652746	3
7	4903	17399.207945807359	3
7	4906	17402.736591136452	3
7	4913	17416.560277649274	3
7	4923	17448.560563634006	3
7	4928	17476.711888957343	3
7	4934	17492.235310735747	3
7	4935	17494.689518088766	3
7	4942	17504.327166016294	3
7	4948	17519.080125259292	3
7	4955	17539.897170948696	3
7	4957	17550.753857825879	3
7	4959	17559.590948691161	3
7	4962	17577.435735070922	3
7	4978	17618.720046695514	3
7	4981	17623.474469721428	3
7	4999	17702.306398137809	3
7	5010	17753.522322549155	3
7	5020	17805.516531319971	3
7	5025	17840.241139188756	3
7	5031	17883.934307568598	3
7	5045	17921.077797074053	3
7	5051	17975.670770632179	3
7	5062	18015.979911107688	3
7	5068	18028.212179380455	3
7	5079	18096.618969001657	3
7	5080	18099.27653970983	3
7	5083	18114.298408356961	3
7	5103	18203.28305129356	3
7	5108	18224.198076467205	3
7	5114	18240.343790253317	3
7	5133	18336.957750044598	3
7	5136	18346.721819039479	3
7	5138	18376.500804060202	3
7	5141	18386.18801224887	3
7	5143	18393.233546073088	3
7	5148	18413.055408545453	3
7	5152	18433.242970873836	3
7	5162	18485.785941079344	3
7	5171	18528.320935760678	3
7	5184	18588.174586189118	3
7	5186	18606.282396449033	3
7	5194	18641.217011830334	3
7	5195	18649.22055632473	3
7	5202	18676.821907258253	3
7	5204	18686.782734827771	3
7	5209	18709.620127834614	3
7	5220	18767.843362087733	3
7	5253	18923.417818209643	3
7	5254	18923.537075732028	3
7	5256	18959.920657712342	3
7	5257	18960.509109171111	3
7	5258	18961.066882329748	3
7	5260	18965.227528592494	3
7	5265	18990.150786582981	3
7	5266	18993.76022231031	3
7	5268	19016.03301363155	3
7	5274	19050.207489217702	3
7	5302	19165.373601955253	3
7	5313	19180.709839330573	3
7	5324	19237.34643017129	3
7	5326	19237.688522625883	3
7	5335	19275.55263802639	3
7	5346	19309.678081457658	3
7	5347	19310.492472111634	3
7	5353	19337.384849117447	3
7	5356	19340.597163926411	3
7	5365	19365.141714349132	3
7	5372	19386.308442993406	3
7	5382	19417.422875262466	3
7	5385	19426.933196834001	3
7	5386	19438.665913259446	3
7	5388	19441.925577855751	3
7	5393	19451.095935982017	3
7	5401	19481.912933071445	3
7	5404	19491.810568728593	3
7	5411	19520.331398957934	3
7	5423	19551.406033526911	3
7	5425	19556.848836077917	3
7	5432	19588.080984882933	3
7	5437	19602.095847625595	3
7	5445	19627.50675428635	3
7	5457	19666.740988379877	3
7	5488	19799.563342269678	3
7	5490	19804.503874544865	3
7	5499	19817.088409428427	3
7	5501	19820.262083160338	3
7	5507	19836.714317912678	3
7	5517	19886.507555188492	3
7	5520	19902.538636716485	3
7	5526	19910.783569461534	3
7	5528	19913.796354976266	3
7	5531	19922.735348921374	3
7	5533	19933.200978191478	3
7	5537	19954.023903159355	3
7	5542	19975.243032467905	3
7	5546	19985.247318121968	3
7	5549	19999.647552994509	3
8	228	1054.495533570823	10884
8	241	1093.809319686259	10877
8	248	1116.367602148819	10879
8	250	1117.029967085974	10880
8	253	1135.699634080264	10882
8	255	1142.986699595305	10883
8	261	1166.084916721498	10874
8	266	1177.527881674295	10887
8	268	1185.876667047184	10888
8	277	1218.526506205231	10886
8	294	1271.546470537107	10885
8	303	1299.168210603908	10876
8	304	1299.475338482483	10890
8	305	1300.047124990844	10891
8	312	1322.455061715993	10893
8	317	1337.161988439543	10902
8	325	1358.623690463675	10896
8	334	1386.226288195296	10899
8	346	1422.601366934112	10892
8	359	1449.821435255793	10910
8	364	1454.819887399351	10895
8	367	1462.902248822749	10914
8	373	1479.335212723074	10916
8	374	1484.642868624429	10917
8	381	1501.902809432496	10889
8	385	1516.516807579739	10907
8	394	1539.123546016513	10922
8	400	1554.516558083727	10911
8	413	1599.469038595429	10904
8	424	1635.808877498927	10920
8	434	1662.589749921505	10913
8	438	1673.46571706079	10915
8	446	1713.17810415544	10906
8	468	1801.555291013391	10932
8	477	1840.853987405965	10926
8	478	1845.24843438796	10929
8	479	1847.997596370161	10927
8	480	1855.860130934559	10934
8	482	1860.282366733754	10923
8	488	1881.931532825463	10925
8	496	1920.454354544194	10936
8	499	1938.872108616835	10939
8	507	1970.753121225527	10940
8	509	1979.468758953106	10931
8	510	1984.055090747857	10941
8	520	2023.83829698501	10937
8	542	2119.393703016852	10933
8	543	2120.613888209922	10945
8	547	2128.376380970626	10947
8	548	2136.30948168531	10938
8	559	2206.779989816201	10942
8	563	2217.835892561883	10943
8	566	2225.193409715101	10954
8	572	2261.790759211715	10949
8	578	2300.65665821775	10955
8	579	2302.839890990095	10951
8	583	2309.083861194083	10946
8	586	2317.099493478183	10953
8	604	2411.247842098451	10952
8	621	2478.740118033323	10963
8	628	2510.937562967784	10962
8	630	2521.343766238897	10964
8	633	2532.10280490158	10957
8	634	2532.905801093383	10966
8	636	2555.77797569024	10968
8	637	2558.833879758592	10969
8	649	2626.082047690114	10965
8	653	2650.771511515558	10967
8	655	2660.468050850293	10971
8	659	2682.683675919434	10972
8	681	2780.633453696331	10976
8	686	2793.748162605176	10977
8	695	2843.793345865557	10974
8	704	2890.947488474433	10970
8	709	2917.333609143115	10973
8	718	2951.594167606374	10981
8	721	2983.602559946271	10982
8	723	2985.762388169825	10983
8	729	3013.509547936881	10984
8	735	3032.26333274714	10986
8	749	3093.20122497255	10987
8	753	3121.400565724897	10985
8	755	3124.973870516325	10992
8	756	3129.586603277799	10993
8	761	3138.125610294157	10979
8	766	3169.277731937079	10995
8	778	3232.572306184829	10998
8	782	3239.16703589917	10989
8	791	3290.230226516499	10996
8	792	3290.420052554142	10991
8	805	3370.507764985097	11004
8	816	3419.723499406585	11003
8	817	3421.432986265787	11006
8	822	3458.03748651267	10999
8	826	3476.202512729831	11000
8	836	3519.888219404845	11005
8	841	3529.330152820767	10997
8	851	3582.412653368563	11001
8	853	3588.921205565666	11013
8	862	3625.807969723492	11009
8	866	3651.794278551028	11016
8	867	3653.609436267333	11017
8	877	3688.756282446236	11019
8	879	3696.039903538432	11007
8	881	3697.802501060106	11014
8	896	3765.534604688977	11010
8	906	3799.243694590684	11020
8	911	3828.289026219137	11021
8	915	3850.426763453685	11022
8	919	3867.80126575797	11023
8	925	3882.364698889905	11011
8	926	3888.108735745994	11025
8	932	3913.389659679349	11026
8	940	3947.814923063106	11032
8	943	3959.9899398175	11028
8	946	3970.290559964769	11029
8	949	3974.449484957918	11030
8	958	3995.148096418664	11036
8	967	4023.871930011028	11031
8	970	4037.787277948807	11039
8	985	4084.966668915911	11034
8	986	4085.031598648057	11044
8	993	4105.590437395716	11047
8	996	4120.607121495639	11037
8	997	4120.886181446542	11027
8	1001	4135.050093926106	11038
8	1050	4266.201784197139	11042
8	1053	4275.213550102614	11060
8	1055	4277.381775032152	11043
8	1061	4298.716637240081	11045
8	1065	4308.415234502303	11063
8	1076	4346.048545544772	11053
8	1077	4347.739214514912	11054
8	1079	4355.259551947496	11056
8	1081	4365.640610696224	11058
8	1090	4380.51546698125	11067
8	1095	4403.458354871657	11068
8	1102	4423.965288602248	11048
8	1105	4431.392662323698	11064
8	1109	4447.518141808821	11065
8	1112	4451.665276226011	11055
8	1118	4477.832308912121	11066
8	1125	4484.011734503562	11050
8	1128	4493.318787409068	11061
8	1133	4513.883048164713	11062
8	1155	4574.721285263029	11071
8	1168	4612.011203995905	11083
8	1173	4623.458720006603	11076
8	1182	4657.966182956702	11085
8	1185	4665.441542979326	11079
8	1190	4684.84878119872	11072
8	1191	4686.362474272395	11080
8	1200	4720.000329683153	11074
8	1207	4745.905191459537	11070
8	1218	4774.153162062455	11087
8	1219	4779.794342114297	11088
8	1242	4854.670993251468	11093
8	1245	4867.79712714399	11095
8	1258	4904.058019472757	11082
8	1265	4941.869633779875	11100
8	1266	4945.07149771395	11101
8	1267	4947.437277179535	11102
8	1269	4951.515257875277	11103
8	1272	4958.10674159313	11089
8	1281	4986.536033017216	11096
8	1284	4996.021903526926	11108
8	1287	5013.917609928725	11097
8	1290	5032.55114584291	11091
8	1295	5054.110479313929	11092
8	1300	5066.136198535452	11094
8	1302	5072.607512017446	11104
8	1308	5087.193153388243	11112
8	1312	5112.336177011624	11113
8	1317	5136.517141855092	11099
8	1323	5157.578241506777	11109
8	1327	5175.554959970458	11110
8	1331	5179.134740254901	11111
8	1338	5193.819848712975	11107
8	1345	5243.17389602138	11115
8	1357	5285.91982472308	11118
8	1375	5378.774722829534	11116
8	1392	5413.601492736342	11125
8	1394	5418.005604630847	11121
8	1411	5491.894662089648	11117
8	1419	5501.529203339138	11120
8	1421	5509.382030019348	11124
8	1425	5522.149405606267	11135
8	1427	5524.218018226855	11137
8	1431	5531.489311334992	11126
8	1432	5533.513730828056	11138
8	1444	5590.181199176675	11123
8	1465	5644.991114041957	11143
8	1471	5660.345176585316	11146
8	1473	5662.744716103001	11139
8	1485	5727.439391502887	11141
8	1494	5751.794628926281	11152
8	1496	5762.879576550467	11128
8	1497	5763.218937182335	11145
8	1505	5800.069401054388	11154
8	1506	5801.965236150146	11132
8	1508	5803.474213281474	11140
8	1509	5824.340557651082	11148
8	1526	5898.55128663994	11155
8	1528	5903.458773377661	11156
8	1545	5961.646138891439	11144
8	1558	6027.301627021396	11160
8	1567	6059.134476404822	11163
8	1575	6087.167016955057	11167
8	1580	6103.72059281379	11153
8	1587	6131.484016975485	11157
8	1596	6175.47977949286	11164
8	1600	6187.142793233981	11173
8	1602	6188.644932887805	11166
8	1617	6248.248206729207	11161
8	1618	6249.361311664348	11171
8	1619	6258.430557046017	11158
8	1629	6290.853126943208	11174
8	1632	6294.486797751974	11168
8	1636	6308.880198261815	11181
8	1641	6320.803063137195	11170
8	1648	6365.388021155792	11162
8	1663	6398.049557244801	11184
8	1664	6407.373489430142	11169
8	1668	6417.561732051695	11176
8	1682	6483.980787842207	11183
8	1688	6491.720687776002	11187
8	1704	6521.447515387061	11177
8	1712	6572.883787097264	11193
8	1717	6588.671582144935	11179
8	1723	6598.045723147266	11197
8	1726	6614.386417890843	11185
8	1728	6616.278183662171	11186
8	1742	6676.037521088021	11194
8	1756	6703.748280072866	11189
8	1759	6718.283273314565	11199
8	1764	6726.5161655106	11190
8	1772	6765.199169262541	11192
8	1776	6783.568125115185	11208
8	1777	6787.317603919386	11202
8	1778	6790.001189535117	11209
8	1780	6791.875448230974	11203
8	1785	6802.959053897977	11211
8	1790	6824.212059180331	11212
8	1796	6842.248888384582	11213
8	1797	6843.059386592693	11200
8	1798	6854.747598508231	11191
8	1800	6867.699375058045	11207
8	1822	6930.600012312931	11205
8	1824	6937.089773178974	11206
8	1843	7002.877097644189	11210
8	1854	7033.568810982283	11217
8	1862	7062.68637482992	11221
8	1874	7106.290496332176	11220
8	1879	7129.124762433879	11229
8	1890	7159.038154779461	11232
8	1894	7183.767162344761	11223
8	1898	7191.000098573142	11218
8	1905	7221.330840105397	11225
8	1907	7226.467015386105	11227
8	1914	7242.26166204752	11230
8	1923	7275.865266913358	11233
8	1929	7293.012967388996	11241
8	1943	7345.540150176259	11237
8	1944	7348.673557093016	11238
8	1946	7351.797817736536	11244
8	1948	7360.167755156774	11231
8	1959	7391.933887762354	11239
8	1965	7399.239889494948	11224
8	1984	7465.422294762538	11245
8	2008	7541.76863641858	11235
8	2014	7557.787411439586	11259
8	2016	7557.963270590669	11250
8	2034	7625.963399679142	11263
8	2039	7655.905304962869	11249
8	2062	7758.31801329758	11264
8	2068	7769.165893761772	11265
8	2069	7776.418797316418	11260
8	2074	7803.356167171415	11254
8	2076	7810.838460440325	11262
8	2077	7816.197189672488	11268
8	2081	7834.263301359073	11269
8	2114	7956.669499131117	11276
8	2117	7974.97884542044	11277
8	2119	7987.903293063894	11266
8	2123	8002.923544494957	11279
8	2124	8005.149257168157	11267
8	2125	8006.155439870074	11280
8	2126	8009.149961795155	11281
8	2130	8028.020609001892	11274
8	2131	8034.813641140653	11283
8	2134	8039.789459668419	11275
8	2139	8056.201969235423	11287
8	2146	8091.931983833287	11289
8	2158	8120.784197996769	11290
8	2160	8130.399882094977	11282
8	2173	8163.684707914895	11292
8	2181	8200.601721526515	11273
8	2205	8277.460354716528	11301
8	2211	8298.128984758367	11294
8	2214	8308.211150021105	11278
8	2221	8323.109348856373	11297
8	2223	8324.127867469001	11298
8	2229	8345.004196541912	11284
8	2242	8392.758139357622	11302
8	2246	8406.900999081877	11307
8	2262	8446.778207450716	11311
8	2300	8581.226419275922	11312
8	2313	8632.79504059084	11303
8	2319	8645.636000953756	11309
8	2325	8666.752876234434	11304
8	2334	8705.313425705769	11323
8	2341	8745.658125137271	11316
8	2342	8747.30498177055	11317
8	2352	8787.941740147953	11329
8	2366	8853.165581709082	11318
8	2381	8924.937032965554	11324
8	2385	8941.166538265829	11326
8	2394	8966.733612246576	11338
8	2396	8967.378256722025	11339
8	2407	9007.325668628438	11333
8	2408	9008.815024484057	11341
8	2416	9035.036370141545	11335
8	2419	9039.023388221227	11336
8	2424	9060.010652626187	11327
8	2425	9060.362250843661	11330
8	2427	9061.050024141975	11328
8	2432	9075.039338463911	11348
8	2435	9081.07395443701	11349
8	2438	9089.172751887707	11351
8	2446	9109.425236872616	11332
8	2462	9156.902368454157	11345
8	2464	9160.6535618563	11358
8	2483	9190.123142289108	11350
8	2493	9218.292683090336	11364
8	2496	9222.217744949967	11355
8	2497	9230.879279912739	11356
8	2502	9242.883217361667	11343
8	2517	9279.548890450836	11359
8	2518	9280.281026024188	11360
8	2528	9306.287577053922	11353
8	2547	9371.77710095419	11376
8	2553	9381.772662808602	11371
8	2560	9394.507113173476	11377
8	2572	9433.997798176377	11373
8	2573	9435.396048365364	11374
8	2577	9445.411824345761	11380
8	2583	9482.135210543202	11368
8	2590	9495.861213708381	11383
8	2596	9508.724079421516	11363
8	2599	9529.870769530767	11384
8	2603	9539.545481307893	11385
8	2609	9570.46864301549	11375
8	2616	9586.804244888633	11382
8	2619	9602.859197359584	11387
8	2648	9722.518500941543	11393
8	2652	9735.422966467608	11395
8	2662	9766.5747548203	11386
8	2667	9786.435333314164	11390
8	2673	9812.460836620142	11392
8	2709	9936.257531856785	11407
8	2710	9937.482303783183	11401
8	2716	9945.912983214479	11403
8	2717	9946.560468638095	11409
8	2718	9954.330843552814	11396
8	2721	9958.780777951377	11411
8	2722	9959.209285347307	11404
8	2724	9970.3848042115	11412
8	2725	9970.696467249301	11413
8	2726	9974.14726758661	11414
8	2733	10008.855466963607	11399
8	2743	10043.454592592227	11408
8	2745	10047.44271561806	11402
8	2757	10086.652689495492	11415
8	2761	10093.53929248035	11406
8	2776	10163.365583602033	11410
8	2788	10216.724709644219	11423
8	2791	10234.096907585743	11417
8	2814	10322.714006023574	11416
8	2815	10322.726389797355	11421
8	2818	10342.446576966988	11418
8	2839	10404.308592982203	11425
8	2853	10451.232185082015	11427
8	2856	10463.919502154176	11428
8	2858	10471.548873111054	11424
8	2862	10485.558084724835	11430
8	2872	10521.395273691091	11441
8	2876	10540.504235781569	11431
8	2878	10546.236367299782	11432
8	2880	10548.355178621976	11443
8	2883	10553.953944650913	11444
8	2914	10650.661194631423	11433
8	2918	10663.185026279389	11434
8	2932	10717.432462880075	11447
8	2939	10739.890007134367	11451
8	2951	10778.808202266605	11435
8	2952	10787.871310222449	11436
8	2954	10789.468241517319	11453
8	2960	10810.505204428406	11438
8	2965	10826.710343327835	11457
8	2970	10851.99042423167	11459
8	2974	10855.226596118317	11442
8	2985	10891.200363027225	11458
8	2988	10902.760482629178	11445
8	2993	10921.195029577036	11463
8	2998	10938.586627467266	11450
8	3002	10952.712977047715	11466
8	3004	10956.574229696714	11460
8	3005	10957.382795410433	11452
8	3007	10958.858032980065	11467
8	3026	11024.356004312379	11473
8	3065	11133.921508468288	11474
8	3073	11154.978610345578	11485
8	3084	11193.369120847782	11471
8	3085	11200.320353777538	11462
8	3086	11205.3148212545	11487
8	3089	11214.117690995666	11488
8	3092	11217.20070875782	11480
8	3095	11227.77302188821	11489
8	3098	11230.637682657682	11481
8	3106	11248.192850444727	11464
8	3107	11249.174406525923	11465
8	3108	11251.494161269773	11484
8	3111	11256.987757834315	11493
8	3113	11258.472756561731	11486
8	3121	11288.432486445313	11494
8	3128	11317.075343454222	11478
8	3132	11325.998188028777	11495
8	3140	11337.217401480583	11491
8	3151	11358.951057069993	11475
8	3159	11373.733965398039	11476
8	3160	11375.715544671372	11500
8	3177	11431.960498023529	11505
8	3184	11442.069511234024	11482
8	3193	11470.71318361212	11508
8	3198	11478.80586197535	11509
8	3199	11489.539351032722	11501
8	3212	11533.489393035788	11496
8	3222	11548.703136737838	11506
8	3229	11570.309446606812	11513
8	3231	11574.982463535219	11499
8	3238	11611.769168553461	11503
8	3246	11634.037710536201	11511
8	3251	11642.522067619533	11519
8	3256	11664.145420397195	11498
8	3258	11672.801364676044	11512
8	3273	11717.537853673221	11522
8	3280	11736.015125208716	11517
8	3281	11736.716463108871	11518
8	3296	11791.767008589728	11527
8	3306	11838.377514471215	11516
8	3315	11859.008256094673	11520
8	3317	11878.618939208333	11524
8	3323	11887.557695968398	11526
8	3328	11911.89714810817	11533
8	3333	11922.476912562313	11530
8	3343	11952.84087611915	11523
8	3366	12023.67769336685	11529
8	3372	12048.551963705285	11543
8	3376	12060.342466128446	11537
8	3391	12098.559755843457	11540
8	3403	12149.817319194427	11535
8	3420	12190.993582098441	11539
8	3433	12231.342366743939	11559
8	3460	12323.002404767962	11557
8	3474	12372.1288359465	11544
8	3476	12377.696499904286	11561
8	3481	12388.413856322761	11548
8	3482	12390.894542041429	11553
8	3489	12405.909557620892	11563
8	3490	12407.206089010934	11550
8	3497	12439.683166267714	11570
8	3505	12460.597247928378	11573
8	3510	12477.258441329069	11560
8	3521	12508.601991784924	11554
8	3527	12539.270912533516	11558
8	3534	12550.2741398177	11580
8	3535	12553.264862608227	11572
8	3550	12605.46884009669	11576
8	3560	12645.474270503886	11569
8	3562	12648.277473780244	11579
8	3568	12662.309687199381	11581
8	3590	12753.504428165938	11571
8	3601	12794.257669111818	11575
8	3609	12846.689391107722	11588
8	3610	12846.779328515003	11578
8	3620	12871.158345333182	11586
8	3636	12924.502318155463	11596
8	3637	12926.265316801136	11597
8	3638	12937.808008856475	11587
8	3641	12947.446810388865	11598
8	3644	12952.467636181709	11585
8	3646	12962.255396947843	11589
8	3656	12992.387092904222	11594
8	3660	12995.860353690178	11603
8	3688	13095.931869650036	11601
8	3691	13100.270756575199	11604
8	3701	13151.282566658999	11615
8	3708	13168.647255728172	11618
8	3718	13201.774574036292	11602
8	3722	13211.623758965509	11613
8	3727	13248.707629912381	11608
8	3738	13275.867899974229	11619
8	3744	13300.516285223352	11612
8	3745	13301.874057341021	11622
8	3752	13318.116699800561	11605
8	3760	13367.329440859388	11624
8	3776	13420.582727227407	11614
8	3790	13490.349503573507	11621
8	3796	13520.522771426909	11627
8	3802	13535.314458569204	11633
8	3808	13567.101254574713	11623
8	3817	13595.702509325341	11637
8	3820	13608.364779827441	11631
8	3828	13630.857411035772	11629
8	3832	13646.223114272832	11634
8	3835	13651.33536583914	11636
8	3841	13694.118122624739	11630
8	3848	13707.346208440944	11626
8	3853	13725.80765032544	11638
8	3859	13742.301533875706	11639
8	3865	13773.114387859909	11641
8	3866	13783.742816995064	11642
8	3873	13800.713253361645	11651
8	3881	13824.448242125673	11646
8	3883	13829.41361793321	11647
8	3884	13837.710759258225	11648
8	3891	13859.278795225454	11640
8	3900	13902.603970504298	11644
8	3906	13923.626869936254	11645
8	3918	13990.330110922278	11653
8	3926	14007.605990059758	11652
8	3927	14013.441273763495	11655
8	3929	14023.958808531977	11656
8	3932	14033.386367719522	11660
8	3963	14164.758613397509	11657
8	3966	14186.623416749203	11668
8	3967	14190.090568813812	11669
8	3977	14225.827908031499	11663
8	3990	14282.186578907377	11667
8	3992	14292.353792083815	11674
8	3999	14308.420068908649	11662
8	4001	14319.30501147502	11671
8	4013	14355.711114733083	11664
8	4026	14398.739996916985	11682
8	4030	14411.099562862051	11670
8	4037	14427.377935133142	11677
8	4042	14441.031702258009	11679
8	4043	14443.756140232733	11688
8	4050	14470.401201699132	11665
8	4059	14506.446376767168	11675
8	4068	14533.15953451571	11694
8	4069	14534.28245436297	11686
8	4071	14538.034019654127	11687
8	4097	14623.921965428764	11683
8	4106	14639.164945829109	11698
8	4107	14640.796956434957	11678
8	4110	14642.372715695107	11699
8	4116	14661.222467781778	11695
8	4119	14673.33195912291	11702
8	4120	14675.311833242365	11703
8	4124	14706.720030493446	11706
8	4130	14733.222986945592	11684
8	4131	14733.992020042498	11685
8	4145	14758.304054992282	11689
8	4147	14760.976191929807	11700
8	4151	14772.671436633221	11690
8	4170	14844.08054349017	11708
8	4175	14850.634773851843	11709
8	4177	14859.831019229503	11712
8	4193	14919.284078079545	11707
8	4206	14967.270558507913	11713
8	4217	15012.248657023216	11715
8	4222	15022.79226262785	11720
8	4224	15034.099766779647	11717
8	4225	15050.060624181211	11711
8	4239	15080.629599931533	11722
8	4242	15097.749296530919	11723
8	4249	15120.312102214705	11719
8	4253	15132.798359507014	11710
8	4263	15172.306986110265	11731
8	4285	15255.388323627341	11728
8	4288	15258.371043602355	11730
8	4289	15259.425715790751	11721
8	4296	15292.238251124961	11733
8	4300	15304.818792677509	11724
8	4310	15358.430608690589	11729
8	4322	15403.832222046434	11744
8	4331	15426.411585336192	11735
8	4332	15437.289414622552	11740
8	4336	15466.879536496252	11736
8	4341	15484.084174308671	11732
8	4342	15484.347684232152	11741
8	4349	15509.066237467625	11737
8	4351	15519.333915982156	11749
8	4356	15526.189299537743	11734
8	4368	15586.60053251793	11755
8	4385	15635.198288690653	11757
8	4396	15683.130964277061	11754
8	4411	15745.373325192042	11759
8	4413	15747.890307752064	11761
8	4454	15919.082497268149	11771
8	4457	15929.676040764504	11756
8	4466	15951.410424427507	11776
8	4470	15981.319531355914	11778
8	4473	16003.095422288732	11769
8	4475	16003.816587799795	11764
8	4481	16025.311538779565	11780
8	4488	16043.865778496647	11781
8	4493	16054.464280552094	11777
8	4504	16091.092802809316	11767
8	4505	16105.148169396917	11768
8	4517	16141.681529231109	11773
8	4521	16146.427964136058	11765
8	4523	16147.890564982776	11766
8	4524	16156.311931450073	11785
8	4530	16160.310505552547	11787
8	4537	16190.018031218028	11790
8	4539	16190.664187552021	11792
8	4549	16228.497507079214	11772
8	4554	16241.70024256757	11795
8	4566	16260.432754950913	11786
8	4573	16281.31586680334	11797
8	4574	16282.603206416509	11798
8	4585	16312.366363196736	11779
8	4587	16327.549858318807	11793
8	4593	16341.505743213532	11801
8	4596	16345.478299625836	11803
8	4609	16385.166050204672	11807
8	4614	16396.422369548498	11791
8	4629	16455.33783475454	11804
8	4638	16494.791016134269	11808
8	4642	16500.178637067998	11809
8	4651	16534.851365992154	11810
8	4669	16600.192487488447	11817
8	4671	16601.359224802946	11799
8	4696	16679.302311173357	11822
8	4699	16694.015382317843	11823
8	4704	16704.335893815645	11818
8	4708	16712.677081837081	11812
8	4713	16748.507322582664	11827
8	4717	16762.284932489916	11820
8	4718	16767.078817181141	11829
8	4721	16769.627962435146	11821
8	4728	16802.989295557914	11824
8	4732	16810.500091957893	11825
8	4736	16832.893045007767	11819
8	4737	16834.426848023935	11814
8	4744	16869.042650676151	11835
8	4767	16956.309554430715	11837
8	4768	16956.850079808629	11838
8	4777	16981.201204024483	11831
8	4778	16981.356628560781	11836
8	4782	17006.745063376838	11839
8	4799	17065.381626378457	11834
8	4804	17077.021157838718	11830
8	4816	17112.504005232289	11840
8	4820	17132.320171411274	11846
8	4831	17170.918830770351	11850
8	4832	17179.093576279787	11843
8	4842	17202.814045114849	11844
8	4843	17204.340878848887	11855
8	4848	17223.52516599973	11856
8	4853	17258.637879749344	11847
8	4876	17314.815790972589	11862
8	4881	17329.005868183223	11857
8	4895	17379.496059652746	11863
8	4903	17399.207945807359	11852
8	4906	17402.736591136452	11853
8	4913	17416.560277649274	11845
8	4923	17448.560563634006	11871
8	4928	17476.711888957343	11873
8	4934	17492.235310735747	11861
8	4935	17494.689518088766	11864
8	4942	17504.327166016294	11866
8	4948	17519.080125259292	11868
8	4955	17539.897170948696	11869
8	4957	17550.753857825879	11858
8	4959	17559.590948691161	11879
8	4962	17577.435735070922	11880
8	4978	17618.720046695514	11867
8	4981	17623.474469721428	11878
8	4999	17702.306398137809	11881
8	5010	17753.522322549155	11870
8	5020	17805.516531319971	11875
8	5025	17840.241139188756	11890
8	5031	17883.934307568598	11887
8	5045	17921.077797074053	11891
8	5051	17975.670770632179	11893
8	5062	18015.979911107688	11898
8	5068	18028.212179380455	11902
8	5079	18096.618969001657	11894
8	5080	18099.27653970983	11895
8	5083	18114.298408356961	11897
8	5103	18203.28305129356	11904
8	5108	18224.198076467205	11899
8	5114	18240.343790253317	11906
8	5133	18336.957750044598	11905
8	5136	18346.721819039479	11914
8	5138	18376.500804060202	11911
8	5141	18386.18801224887	11903
8	5143	18393.233546073088	11912
8	5148	18413.055408545453	11917
8	5152	18433.242970873836	11913
8	5162	18485.785941079344	11920
8	5171	18528.320935760678	11910
8	5184	18588.174586189118	11919
8	5186	18606.282396449033	11923
8	5194	18641.217011830334	11925
8	5195	18649.22055632473	11918
8	5202	18676.821907258253	11915
8	5204	18686.782734827771	11927
8	5209	18709.620127834614	11929
8	5220	18767.843362087733	11922
8	5253	18923.417818209643	11924
8	5254	18923.537075732028	11933
8	5256	18959.920657712342	11931
8	5257	18960.509109171111	11934
8	5258	18961.066882329748	11937
8	5260	18965.227528592494	11926
8	5265	18990.150786582981	11939
8	5266	18993.76022231031	11940
8	5268	19016.03301363155	11928
8	5274	19050.207489217702	11942
8	5302	19165.373601955253	11946
8	5313	19180.709839330573	11938
8	5324	19237.34643017129	11943
8	5326	19237.688522625883	11954
8	5335	19275.55263802639	11947
8	5346	19309.678081457658	11941
8	5347	19310.492472111634	11960
8	5353	19337.384849117447	11953
8	5356	19340.597163926411	11944
8	5365	19365.141714349132	11962
8	5372	19386.308442993406	11949
8	5382	19417.422875262466	11952
8	5385	19426.933196834001	11966
8	5386	19438.665913259446	11967
8	5388	19441.925577855751	11968
8	5393	19451.095935982017	11955
8	5401	19481.912933071445	11948
8	5404	19491.810568728593	11963
8	5411	19520.331398957934	11951
8	5423	19551.406033526911	11973
8	5425	19556.848836077917	11970
8	5432	19588.080984882933	11957
8	5437	19602.095847625595	11975
8	5445	19627.50675428635	11964
8	5457	19666.740988379877	11961
8	5488	19799.563342269678	11978
8	5490	19804.503874544865	11989
8	5499	19817.088409428427	11972
8	5501	19820.262083160338	11991
8	5507	19836.714317912678	11976
8	5517	19886.507555188492	11993
8	5520	19902.538636716485	11994
8	5526	19910.783569461534	11980
8	5528	19913.796354976266	11997
8	5531	19922.735348921374	11990
8	5533	19933.200978191478	11982
8	5537	19954.023903159355	11999
8	5542	19975.243032467905	12001
8	5546	19985.247318121968	11988
8	5549	19999.647552994509	12003
9	220	1007.418545835861	0
9	229	1057.086776994304	0
9	231	1063.124915191864	0
9	269	1192.902809432496	0
9	278	1219.367602148819	0
9	280	1220.029967085974	0
9	283	1236.029928843971	0
9	286	1245.986699595305	0
9	295	1272.65431250063	0
9	298	1288.876667047184	0
9	338	1396.762341433149	0
9	342	1402.475338482483	0
9	343	1403.047124990844	0
9	344	1404.17810415544	0
9	348	1425.455061715993	0
9	350	1426.587008813039	0
9	353	1428.59848977913	0
9	357	1440.161988439543	0
9	363	1453.886382178216	0
9	366	1461.623690463675	0
9	378	1496.574365626392	0
9	387	1528.157101315121	0
9	398	1551.282366733754	0
9	399	1552.821435255793	0
9	406	1565.902248822749	0
9	409	1572.931532825463	0
9	410	1582.335212723074	0
9	411	1587.642868624429	0
9	418	1619.516807579739	0
9	427	1642.123546016513	0
9	432	1657.516558083727	0
9	435	1662.763024165482	0
9	444	1702.469038595429	0
9	454	1753.894280800693	0
9	470	1810.393703016852	0
9	483	1861.129703082506	0
9	491	1904.555291013391	0
9	502	1950.997596370161	0
9	503	1958.860130934559	0
9	519	2023.454354544194	0
9	533	2087.055090747857	0
9	549	2152.7880654143	0
9	565	2223.613888209922	0
9	569	2231.376380970626	0
9	584	2309.779989816201	0
9	585	2313.934237886815	0
9	590	2328.193409715101	0
9	595	2364.790759211715	0
9	601	2403.65665821775	0
9	602	2405.839890990095	0
9	608	2420.099493478183	0
9	629	2514.247842098451	0
9	639	2581.740118033323	0
9	640	2581.947488474433	0
9	646	2613.937562967784	0
9	648	2624.343766238897	0
9	650	2635.10280490158	0
9	651	2635.905801093383	0
9	654	2658.77797569024	0
9	656	2661.833879758592	0
9	687	2801.767542334426	0
9	691	2829.125610294157	0
9	702	2883.633453696331	0
9	705	2896.748162605176	0
9	716	2946.793345865557	0
9	731	3020.333609143115	0
9	747	3088.762388169825	0
9	759	3135.26333274714	0
9	762	3144.932513676308	0
9	773	3196.20122497255	0
9	775	3220.330152820767	0
9	777	3227.973870516325	0
9	779	3232.586603277799	0
9	788	3272.277731937079	0
9	789	3273.412653368563	0
9	800	3335.572306184829	0
9	802	3342.16703589917	0
9	811	3393.230226516499	0
9	812	3393.420052554142	0
9	835	3510.062811169285	0
9	837	3522.723499406585	0
9	839	3524.432986265787	0
9	846	3561.03748651267	0
9	848	3573.364698889905	0
9	858	3622.888219404845	0
9	859	3624.558250631899	0
9	878	3691.921205565666	0
9	892	3754.794278551028	0
9	900	3776.173474963786	0
9	903	3791.756282446236	0
9	905	3799.039903538432	0
9	909	3811.886181446542	0
9	931	3902.243694590684	0
9	936	3931.289026219137	0
9	942	3953.426763453685	0
9	947	3970.80126575797	0
9	950	3980.339162222986	0
9	955	3991.108735745994	0
9	972	4050.814923063106	0
9	976	4062.9899398175	0
9	983	4077.449484957918	0
9	991	4098.148096418664	0
9	992	4101.095569177747	0
9	995	4114.965288602248	0
9	999	4126.871930011028	0
9	1016	4174.267178774149	0
9	1018	4175.011734503562	0
9	1024	4187.966668915911	0
9	1025	4188.031598648057	0
9	1032	4208.590437395716	0
9	1034	4222.750209372506	0
9	1035	4223.607121495639	0
9	1037	4228.330604462246	0
9	1048	4261.65066688003	0
9	1051	4270.086815745212	0
9	1086	4378.213550102614	0
9	1089	4380.381775032152	0
9	1094	4401.716637240081	0
9	1097	4411.415234502303	0
9	1103	4425.881368185615	0
9	1107	4436.905191459537	0
9	1110	4449.048545544772	0
9	1113	4458.259551947496	0
9	1115	4468.640610696224	0
9	1124	4483.51546698125	0
9	1127	4491.842028339503	0
9	1131	4506.458354871657	0
9	1141	4531.339557307286	0
9	1146	4550.518141808821	0
9	1157	4580.832308912121	0
9	1165	4595.058019472757	0
9	1166	4596.318787409068	0
9	1169	4616.883048164713	0
9	1188	4677.721285263029	0
9	1202	4726.458720006603	0
9	1217	4768.441542979326	0
9	1222	4787.84878119872	0
9	1223	4789.362474272395	0
9	1228	4812.924813046181	0
9	1230	4823.000329683153	0
9	1249	4877.153162062455	0
9	1262	4927.356560383988	0
9	1271	4957.670993251468	0
9	1275	4970.79712714399	0
9	1277	4976.071055188934	0
9	1279	4978.589605771772	0
9	1292	5044.869633779875	0
9	1293	5048.07149771395	0
9	1294	5050.437277179535	0
9	1299	5061.10674159313	0
9	1311	5099.021903526926	0
9	1322	5157.110479313929	0
9	1326	5169.136198535452	0
9	1328	5175.607512017446	0
9	1332	5183.813446019948	0
9	1336	5190.193153388243	0
9	1342	5215.336177011624	0
9	1347	5260.578241506777	0
9	1351	5278.554959970458	0
9	1360	5293.047710348673	0
9	1363	5296.819848712975	0
9	1372	5346.17389602138	0
9	1382	5388.91982472308	0
9	1402	5445.42158161708	0
9	1404	5453.879576550467	0
9	1406	5480.8389613817	0
9	1407	5481.774722829534	0
9	1408	5482.912942864078	0
9	1415	5492.965236150146	0
9	1422	5516.601492736342	0
9	1449	5604.529203339138	0
9	1451	5612.382030019348	0
9	1456	5625.149405606267	0
9	1460	5630.547432468368	0
9	1462	5636.513730828056	0
9	1468	5652.646138891439	0
9	1472	5660.857101068271	0
9	1476	5693.181199176675	0
9	1487	5728.41428582081	0
9	1490	5737.841197861524	0
9	1492	5744.249835265302	0
9	1493	5747.991114041957	0
9	1498	5763.345176585316	0
9	1502	5794.72059281379	0
9	1511	5830.439391502887	0
9	1518	5854.794628926281	0
9	1538	5949.430557046017	0
9	1555	6001.55128663994	0
9	1556	6006.458773377661	0
9	1564	6056.388021155792	0
9	1579	6098.373489430142	0
9	1586	6130.301627021396	0
9	1595	6162.134476404822	0
9	1604	6190.959182860809	0
9	1611	6212.447515387061	0
9	1616	6234.484016975485	0
9	1624	6278.47977949286	0
9	1625	6279.671582144935	0
9	1628	6290.142793233981	0
9	1630	6291.644932887805	0
9	1640	6318.112580353463	0
9	1644	6351.248206729207	0
9	1645	6352.361311664348	0
9	1658	6393.853126943208	0
9	1661	6397.486797751974	0
9	1667	6411.880198261815	0
9	1672	6423.803063137195	0
9	1703	6520.561732051695	0
9	1708	6545.747598508231	0
9	1715	6585.638075891534	0
9	1716	6586.980787842207	0
9	1721	6594.720687776002	0
9	1741	6675.883787097264	0
9	1750	6691.920948589706	0
9	1754	6701.045723147266	0
9	1760	6719.278183662171	0
9	1775	6779.037521088021	0
9	1788	6821.283273314565	0
9	1793	6829.5161655106	0
9	1806	6886.568125115185	0
9	1807	6890.317603919386	0
9	1808	6893.001189535117	0
9	1816	6905.959053897977	0
9	1825	6945.248888384582	0
9	1826	6946.059386592693	0
9	1855	7033.600012312931	0
9	1870	7090.239889494948	0
9	1873	7105.877097644189	0
9	1876	7122.444531067706	0
9	1882	7136.568810982283	0
9	1891	7165.68637482992	0
9	1896	7189.566335235014	0
9	1909	7232.124762433879	0
9	1911	7232.76863641858	0
9	1919	7262.038154779461	0
9	1924	7286.767162344761	0
9	1927	7290.854903753378	0
9	1932	7298.864239641094	0
9	1933	7324.330840105397	0
9	1937	7332.707404885035	0
9	1942	7345.26166204752	0
9	1952	7372.475271778098	0
9	1963	7396.012967388996	0
9	1970	7432.38484113257	0
9	1977	7451.673557093016	0
9	1979	7454.797817736536	0
9	1983	7463.167755156774	0
9	1994	7494.356167171415	0
9	1995	7494.933887762354	0
9	1998	7498.77875420386	0
9	2010	7553.157456246126	0
9	2042	7660.787411439586	0
9	2044	7660.963270590669	0
9	2047	7678.903293063894	0
9	2051	7696.149257168157	0
9	2059	7728.963399679142	0
9	2078	7820.238221108592	0
9	2083	7848.78991034517	0
9	2085	7861.31801329758	0
9	2090	7877.791392514636	0
9	2093	7891.601721526515	0
9	2100	7913.838460440325	0
9	2122	7999.211150021105	0
9	2132	8036.004196541912	0
9	2135	8048.930148410328	0
9	2136	8051.160610418407	0
9	2140	8059.669499131117	0
9	2144	8077.97884542044	0
9	2151	8105.923544494957	0
9	2154	8109.155439870074	0
9	2155	8112.149961795155	0
9	2162	8137.813641140653	0
9	2164	8142.789459668419	0
9	2167	8154.848347446031	0
9	2170	8159.201969235423	0
9	2178	8194.588405486197	0
9	2179	8194.931983833287	0
9	2183	8206.571379561272	0
9	2187	8216.765398874013	0
9	2190	8223.784197996769	0
9	2192	8233.399882094977	0
9	2197	8255.49893985548	0
9	2201	8260.721711449673	0
9	2204	8266.684707914895	0
9	2222	8323.79504059084	0
9	2231	8357.752876234434	0
9	2233	8359.758701136718	0
9	2239	8378.989275527227	0
9	2240	8380.460354716528	0
9	2244	8401.128984758367	0
9	2249	8413.220680234969	0
9	2253	8426.109348856373	0
9	2255	8427.127867469001	0
9	2276	8495.758139357622	0
9	2292	8544.165581709082	0
9	2295	8553.509017623346	0
9	2302	8593.836631699262	0
9	2309	8615.937032965554	0
9	2327	8684.226419275922	0
9	2345	8751.010652626187	0
9	2346	8752.050024141975	0
9	2356	8808.313425705769	0
9	2372	8885.43757342621	0
9	2373	8890.941740147953	0
9	2421	9044.166538265829	0
9	2428	9061.326392626417	0
9	2430	9069.733612246576	0
9	2431	9070.378256722025	0
9	2448	9111.815024484057	0
9	2457	9138.036370141545	0
9	2466	9163.362250843661	0
9	2479	9178.039338463911	0
9	2481	9184.07395443701	0
9	2484	9192.172751887707	0
9	2485	9197.843715046099	0
9	2487	9199.724079421516	0
9	2491	9212.425236872616	0
9	2494	9219.663892487637	0
9	2503	9259.902368454157	0
9	2504	9263.6535618563	0
9	2510	9271.801082990893	0
9	2515	9278.0025928542	0
9	2522	9293.123142289108	0
9	2525	9299.050529365893	0
9	2532	9321.292683090336	0
9	2534	9325.217744949967	0
9	2537	9333.879279912739	0
9	2554	9382.548890450836	0
9	2556	9383.281026024188	0
9	2584	9482.614120944119	0
9	2601	9536.997798176377	0
9	2606	9548.411824345761	0
9	2614	9585.135210543202	0
9	2618	9598.861213708381	0
9	2626	9632.870769530767	0
9	2629	9642.545481307893	0
9	2634	9655.618087339338	0
9	2637	9673.46864301549	0
9	2646	9705.859197359584	0
9	2658	9750.180911464763	0
9	2665	9779.948595756679	0
9	2674	9825.518500941543	0
9	2679	9838.422966467608	0
9	2700	9889.435333314164	0
9	2704	9915.460836620142	0
9	2734	10013.714006023574	0
9	2739	10033.446576966988	0
9	2741	10039.257531856785	0
9	2742	10040.482303783183	0
9	2746	10048.912983214479	0
9	2747	10049.560468638095	0
9	2752	10061.780777951377	0
9	2753	10062.209285347307	0
9	2754	10073.3848042115	0
9	2755	10073.696467249301	0
9	2756	10077.14726758661	0
9	2759	10090.246390739536	0
9	2760	10090.6550979558	0
9	2771	10146.454592592227	0
9	2772	10150.44271561806	0
9	2786	10196.53929248035	0
9	2802	10266.365583602033	0
9	2813	10319.724709644219	0
9	2816	10337.096907585743	0
9	2821	10346.427242997258	0
9	2831	10372.969498551713	0
9	2857	10469.808202266605	0
9	2860	10478.871310222449	0
9	2861	10480.682651762008	0
9	2864	10501.505204428406	0
9	2867	10507.308592982203	0
9	2877	10546.226596118317	0
9	2886	10566.919502154176	0
9	2893	10588.558084724835	0
9	2895	10593.760482629178	0
9	2905	10620.065688260326	0
9	2907	10624.395273691091	0
9	2908	10629.586627467266	0
9	2910	10643.504235781569	0
9	2911	10648.382795410433	0
9	2913	10649.236367299782	0
9	2915	10651.355178621976	0
9	2917	10656.953944650913	0
9	2928	10698.691433507011	0
9	2931	10708.116246271417	0
9	2962	10820.432462880075	0
9	2980	10877.601691066924	0
9	2986	10891.320353777538	0
9	2987	10892.468241517319	0
9	2996	10929.710343327835	0
9	2999	10939.192850444727	0
9	3000	10940.174406525923	0
9	3003	10954.99042423167	0
9	3009	10967.342934431083	0
9	3010	10967.748383399591	0
9	3012	10985.672807916979	0
9	3014	10994.200363027225	0
9	3025	11024.195029577036	0
9	3036	11049.951057069993	0
9	3039	11055.712977047715	0
9	3041	11059.574229696714	0
9	3043	11061.858032980065	0
9	3044	11064.733965398039	0
9	3052	11104.295131995967	0
9	3056	11112.472908493951	0
9	3060	11127.356004312379	0
9	3063	11133.069511234024	0
9	3068	11144.653347954528	0
9	3099	11233.408520652178	0
9	3103	11236.921508468288	0
9	3104	11241.969458162503	0
9	3112	11257.978610345578	0
9	3125	11308.3148212545	0
9	3129	11317.117690995666	0
9	3131	11320.20070875782	0
9	3134	11330.77302188821	0
9	3137	11333.637682657682	0
9	3138	11334.214713496021	0
9	3148	11354.494161269773	0
9	3149	11355.145420397195	0
9	3152	11359.987757834315	0
9	3163	11387.508153995608	0
9	3169	11420.075343454222	0
9	3174	11428.998188028777	0
9	3183	11440.217401480583	0
9	3186	11455.275677144066	0
9	3197	11478.715544671372	0
9	3214	11534.960498023529	0
9	3230	11573.71318361212	0
9	3232	11576.053741651122	0
9	3234	11581.80586197535	0
9	3235	11592.539351032722	0
9	3241	11618.998090877728	0
9	3269	11694.740284634462	0
9	3284	11745.522067619533	0
9	3290	11775.801364676044	0
9	3300	11817.203824637486	0
9	3303	11820.537853673221	0
9	3307	11839.015125208716	0
9	3321	11884.960112063302	0
9	3325	11894.767008589728	0
9	3337	11941.377514471215	0
9	3345	11962.008256094673	0
9	3352	11981.618939208333	0
9	3357	11990.557695968398	0
9	3367	12025.476912562313	0
9	3369	12037.421810058462	0
9	3375	12055.84087611915	0
9	3377	12063.1288359465	0
9	3380	12076.986397460613	0
9	3382	12079.151171373994	0
9	3383	12079.413856322761	0
9	3387	12085.546846168637	0
9	3390	12098.206089010934	0
9	3404	12151.551963705285	0
9	3407	12163.342466128446	0
9	3415	12182.382287733374	0
9	3422	12199.601991784924	0
9	3432	12230.270912533516	0
9	3437	12252.817319194427	0
9	3451	12293.993582098441	0
9	3462	12334.342366743939	0
9	3466	12349.27106006516	0
9	3468	12354.970263567387	0
9	3498	12444.504428165938	0
9	3511	12480.696499904286	0
9	3513	12485.257669111818	0
9	3516	12493.894542041429	0
9	3522	12508.909557620892	0
9	3526	12537.779328515003	0
9	3530	12542.683166267714	0
9	3539	12563.597247928378	0
9	3541	12567.381724237	0
9	3544	12580.258441329069	0
9	3549	12602.16697755084	0
9	3558	12643.467636181709	0
9	3564	12653.2741398177	0
9	3566	12656.264862608227	0
9	3589	12751.277473780244	0
9	3594	12765.309687199381	0
9	3642	12949.689391107722	0
9	3648	12968.417016901092	0
9	3654	12979.057813684302	0
9	3663	13009.116699800561	0
9	3667	13027.502318155463	0
9	3668	13029.265316801136	0
9	3669	13040.808008856475	0
9	3670	13041.694672490614	0
9	3672	13050.446810388865	0
9	3678	13065.255396947843	0
9	3690	13098.860353690178	0
9	3693	13111.582727227407	0
9	3705	13162.416436783886	0
9	3721	13203.270756575199	0
9	3728	13254.282566658999	0
9	3736	13271.647255728172	0
9	3749	13314.623758965509	0
9	3762	13369.472989544533	0
9	3764	13378.867899974229	0
9	3767	13398.346208440944	0
9	3768	13403.516285223352	0
9	3775	13419.490490724616	0
9	3785	13470.329440859388	0
9	3795	13517.969065324558	0
9	3830	13638.314458569204	0
9	3842	13694.160052016433	0
9	3845	13698.702509325341	0
9	3849	13711.364779827441	0
9	3860	13748.505335810379	0
9	3861	13749.223114272832	0
9	3863	13754.33536583914	0
9	3892	13876.114387859909	0
9	3893	13886.742816995064	0
9	3901	13903.713253361645	0
9	3907	13927.448242125673	0
9	3908	13932.41361793321	0
9	3910	13940.710759258225	0
9	3915	13962.278795225454	0
9	3924	14005.603970504298	0
9	3935	14048.466755268983	0
9	3944	14093.330110922278	0
9	3953	14116.441273763495	0
9	3955	14126.958808531977	0
9	3962	14161.401201699132	0
9	3964	14168.456323222474	0
9	3984	14258.448837341153	0
9	3987	14267.758613397509	0
9	3991	14289.623416749203	0
9	3993	14293.090568813812	0
9	3997	14303.081376597409	0
9	4007	14331.796956434957	0
9	4010	14341.862266363602	0
9	4021	14385.186578907377	0
9	4023	14395.353792083815	0
9	4031	14411.420068908649	0
9	4035	14424.222986945592	0
9	4036	14424.992020042498	0
9	4045	14449.304054992282	0
9	4048	14463.671436633221	0
9	4057	14501.739996916985	0
9	4058	14503.313047995211	0
9	4060	14514.099562862051	0
9	4066	14530.377935133142	0
9	4075	14544.031702258009	0
9	4076	14546.756140232733	0
9	4094	14609.446376767168	0
9	4101	14631.544306389159	0
9	4103	14636.15953451571	0
9	4104	14637.28245436297	0
9	4108	14641.034019654127	0
9	4117	14661.764910544114	0
9	4129	14726.921965428764	0
9	4138	14742.164945829109	0
9	4142	14745.372715695107	0
9	4148	14764.222467781778	0
9	4152	14776.33195912291	0
9	4153	14778.311833242365	0
9	4158	14809.720030493446	0
9	4162	14823.798359507014	0
9	4179	14863.976191929807	0
9	4191	14914.6474597282	0
9	4199	14947.08054349017	0
9	4203	14953.634773851843	0
9	4204	14962.831019229503	0
9	4236	15070.270558507913	0
9	4245	15111.136139774098	0
9	4246	15115.248657023216	0
9	4252	15125.79226262785	0
9	4254	15137.099766779647	0
9	4258	15153.060624181211	0
9	4265	15175.084174308671	0
9	4268	15200.749296530919	0
9	4274	15217.189299537743	0
9	4301	15314.669024245981	0
9	4303	15319.91142461285	0
9	4309	15358.388323627341	0
9	4335	15461.430608690589	0
9	4340	15483.858343882825	0
9	4348	15506.832222046434	0
9	4350	15518.861717145588	0
9	4354	15523.353738245294	0
9	4357	15529.411585336192	0
9	4360	15540.289414622552	0
9	4362	15553.309295048457	0
9	4365	15569.879536496252	0
9	4378	15620.676040764504	0
9	4380	15622.333915982156	0
9	4386	15636.403151417062	0
9	4397	15689.60053251793	0
9	4401	15702.108029627357	0
9	4408	15738.198288690653	0
9	4414	15753.293651562787	0
9	4434	15837.427964136058	0
9	4436	15838.890564982776	0
9	4438	15848.373325192042	0
9	4439	15850.890307752064	0
9	4452	15904.562347540273	0
9	4455	15919.497507079214	0
9	4459	15936.814591716045	0
9	4460	15938.887663835935	0
9	4474	16003.366363196736	0
9	4479	16022.082497268149	0
9	4490	16053.556385728931	0
9	4492	16054.410424427507	0
9	4499	16084.319531355914	0
9	4514	16128.311538779565	0
9	4515	16133.034881072428	0
9	4522	16146.865778496647	0
9	4528	16157.464280552094	0
9	4541	16194.092802809316	0
9	4542	16208.148169396917	0
9	4551	16235.555879715902	0
9	4564	16259.311931450073	0
9	4569	16263.310505552547	0
9	4570	16269.608022499694	0
9	4578	16292.359224802946	0
9	4579	16293.018031218028	0
9	4581	16293.664187552021	0
9	4588	16327.612524369653	0
9	4595	16345.323998674215	0
9	4599	16360.719950060023	0
9	4607	16378.933169494995	0
9	4608	16384.31586680334	0
9	4610	16385.603206416509	0
9	4621	16430.549858318807	0
9	4625	16444.505743213532	0
9	4628	16448.478299625836	0
9	4633	16473.70471545809	0
9	4641	16499.422369548498	0
9	4646	16510.631614363052	0
9	4647	16525.426848023935	0
9	4653	16548.209478864146	0
9	4656	16558.33783475454	0
9	4660	16571.119817032243	0
9	4667	16597.791016134269	0
9	4674	16603.178637067998	0
9	4703	16703.192487488447	0
9	4709	16714.824052846223	0
9	4719	16768.021157838718	0
9	4725	16782.302311173357	0
9	4727	16797.015382317843	0
9	4730	16807.335893815645	0
9	4733	16815.677081837081	0
9	4735	16825.936834137792	0
9	4738	16851.507322582664	0
9	4743	16865.284932489916	0
9	4745	16870.078817181141	0
9	4747	16872.627962435146	0
9	4753	16905.989295557914	0
9	4763	16935.893045007767	0
9	4792	17048.037017645301	0
9	4796	17059.309554430715	0
9	4797	17059.850079808629	0
9	4806	17084.201204024483	0
9	4807	17084.356628560781	0
9	4813	17107.560277649274	0
9	4814	17109.745063376838	0
9	4824	17158.273137666122	0
9	4826	17161.809192292408	0
9	4830	17168.381626378457	0
9	4847	17215.504005232289	0
9	4850	17235.320171411274	0
9	4851	17241.753857825879	0
9	4855	17264.164234366614	0
9	4859	17273.918830770351	0
9	4860	17279.185131711326	0
9	4862	17282.093576279787	0
9	4872	17305.814045114849	0
9	4873	17307.340878848887	0
9	4880	17326.52516599973	0
9	4888	17361.637879749344	0
9	4914	17417.815790972589	0
9	4918	17432.005868183223	0
9	4921	17444.522322549155	0
9	4936	17495.188134598096	0
9	4938	17496.516531319971	0
9	4940	17501.815530928231	0
9	4944	17505.736591136452	0
9	4945	17512.963790290513	0
9	4958	17551.560563634006	0
9	4963	17579.711888957343	0
9	4967	17595.235310735747	0
9	4968	17597.689518088766	0
9	4984	17642.897170948696	0
9	4988	17662.590948691161	0
9	4991	17680.435735070922	0
9	4993	17681.251808536366	0
9	5007	17726.474469721428	0
9	5013	17768.409760645279	0
9	5017	17793.69486876861	0
9	5019	17805.306398137809	0
9	5048	17938.040368007262	0
9	5049	17943.241139188756	0
9	5053	17986.934307568598	0
9	5059	18004.145126314297	0
9	5066	18024.077797074053	0
9	5067	18027.192024885887	0
9	5074	18077.18801224887	0
9	5084	18118.979911107688	0
9	5091	18131.212179380455	0
9	5098	18182.8907550082	0
9	5100	18195.407433322003	0
9	5102	18202.27653970983	0
9	5105	18217.298408356961	0
9	5106	18219.320935760678	0
9	5126	18306.28305129356	0
9	5131	18327.198076467205	0
9	5135	18343.343790253317	0
9	5137	18367.821907258253	0
9	5153	18439.957750044598	0
9	5156	18449.721819039479	0
9	5160	18479.500804060202	0
9	5170	18516.055408545453	0
9	5172	18536.242970873836	0
9	5185	18588.785941079344	0
9	5189	18614.417818209643	0
9	5200	18656.227528592494	0
9	5205	18691.174586189118	0
9	5207	18707.03301363155	0
9	5208	18709.282396449033	0
9	5210	18717.14583823876	0
9	5214	18744.217011830334	0
9	5217	18755.610862494043	0
9	5224	18789.782734827771	0
9	5229	18812.620127834614	0
9	5239	18869.169313648881	0
9	5240	18869.221991954545	0
9	5241	18870.843362087733	0
9	5267	19000.678081457658	0
9	5276	19062.920657712342	0
9	5277	19063.509109171111	0
9	5278	19064.066882329748	0
9	5287	19093.150786582981	0
9	5288	19096.76022231031	0
9	5300	19153.207489217702	0
9	5301	19153.458627509717	0
9	5308	19172.912933071445	0
9	5318	19203.912429281957	0
9	5321	19211.331398957934	0
9	5332	19266.121886339846	0
9	5333	19268.373601955253	0
9	5337	19279.080984882933	0
9	5355	19340.34643017129	0
9	5357	19340.688522625883	0
9	5362	19357.740988379877	0
9	5369	19378.55263802639	0
9	5380	19413.492472111634	0
9	5387	19440.384849117447	0
9	5390	19443.597163926411	0
9	5392	19447.137515997141	0
9	5397	19468.141714349132	0
9	5403	19489.308442993406	0
9	5406	19495.841718703224	0
9	5408	19508.088409428427	0
9	5412	19520.422875262466	0
9	5419	19544.925577855751	0
9	5434	19594.810568728593	0
9	5453	19654.406033526911	0
9	5456	19663.322098545077	0
9	5465	19702.202240687668	0
9	5468	19705.095847625595	0
9	5474	19727.992818682714	0
9	5475	19730.50675428635	0
9	5478	19754.043673151434	0
9	5480	19756.851726095195	0
9	5484	19771.782860412904	0
9	5521	19902.563342269678	0
9	5522	19906.187911366314	0
9	5523	19907.503874544865	0
9	5532	19923.262083160338	0
9	5547	19989.507555188492	0
9	5548	19999.497039691214	0
10	220	1007.418545835861	3
10	229	1057.086776994304	3
10	231	1063.124915191864	3
10	269	1192.902809432496	3
10	278	1219.367602148819	3
10	280	1220.029967085974	3
10	283	1236.029928843971	3
10	286	1245.986699595305	3
10	295	1272.65431250063	3
10	298	1288.876667047184	3
10	338	1396.762341433149	3
10	342	1402.475338482483	3
10	343	1403.047124990844	3
10	344	1404.17810415544	3
10	348	1425.455061715993	3
10	350	1426.587008813039	3
10	353	1428.59848977913	3
10	357	1440.161988439543	3
10	363	1453.886382178216	3
10	366	1461.623690463675	3
10	378	1496.574365626392	3
10	387	1528.157101315121	3
10	398	1551.282366733754	3
10	399	1552.821435255793	3
10	406	1565.902248822749	3
10	409	1572.931532825463	3
10	410	1582.335212723074	3
10	411	1587.642868624429	3
10	418	1619.516807579739	3
10	427	1642.123546016513	3
10	432	1657.516558083727	3
10	435	1662.763024165482	3
10	444	1702.469038595429	3
10	454	1753.894280800693	3
10	470	1810.393703016852	3
10	483	1861.129703082506	3
10	491	1904.555291013391	3
10	502	1950.997596370161	3
10	503	1958.860130934559	3
10	519	2023.454354544194	3
10	533	2087.055090747857	3
10	549	2152.7880654143	3
10	565	2223.613888209922	3
10	569	2231.376380970626	3
10	584	2309.779989816201	3
10	585	2313.934237886815	3
10	590	2328.193409715101	3
10	595	2364.790759211715	3
10	601	2403.65665821775	3
10	602	2405.839890990095	3
10	608	2420.099493478183	3
10	629	2514.247842098451	3
10	639	2581.740118033323	3
10	640	2581.947488474433	3
10	646	2613.937562967784	3
10	648	2624.343766238897	3
10	650	2635.10280490158	3
10	651	2635.905801093383	3
10	654	2658.77797569024	3
10	656	2661.833879758592	3
10	687	2801.767542334426	3
10	691	2829.125610294157	3
10	702	2883.633453696331	3
10	705	2896.748162605176	3
10	716	2946.793345865557	3
10	731	3020.333609143115	3
10	747	3088.762388169825	3
10	759	3135.26333274714	3
10	762	3144.932513676308	3
10	773	3196.20122497255	3
10	775	3220.330152820767	3
10	777	3227.973870516325	3
10	779	3232.586603277799	3
10	788	3272.277731937079	3
10	789	3273.412653368563	3
10	800	3335.572306184829	3
10	802	3342.16703589917	3
10	811	3393.230226516499	3
10	812	3393.420052554142	3
10	835	3510.062811169285	3
10	837	3522.723499406585	3
10	839	3524.432986265787	3
10	846	3561.03748651267	3
10	848	3573.364698889905	3
10	858	3622.888219404845	3
10	859	3624.558250631899	3
10	878	3691.921205565666	3
10	892	3754.794278551028	3
10	900	3776.173474963786	3
10	903	3791.756282446236	3
10	905	3799.039903538432	3
10	909	3811.886181446542	3
10	931	3902.243694590684	3
10	936	3931.289026219137	3
10	942	3953.426763453685	3
10	947	3970.80126575797	3
10	950	3980.339162222986	3
10	955	3991.108735745994	3
10	972	4050.814923063106	3
10	976	4062.9899398175	3
10	983	4077.449484957918	3
10	991	4098.148096418664	3
10	992	4101.095569177747	3
10	995	4114.965288602248	3
10	999	4126.871930011028	3
10	1016	4174.267178774149	3
10	1018	4175.011734503562	3
10	1024	4187.966668915911	3
10	1025	4188.031598648057	3
10	1032	4208.590437395716	3
10	1034	4222.750209372506	3
10	1035	4223.607121495639	3
10	1037	4228.330604462246	3
10	1048	4261.65066688003	3
10	1051	4270.086815745212	3
10	1086	4378.213550102614	3
10	1089	4380.381775032152	3
10	1094	4401.716637240081	3
10	1097	4411.415234502303	3
10	1103	4425.881368185615	3
10	1107	4436.905191459537	3
10	1110	4449.048545544772	3
10	1113	4458.259551947496	3
10	1115	4468.640610696224	3
10	1124	4483.51546698125	3
10	1127	4491.842028339503	3
10	1131	4506.458354871657	3
10	1141	4531.339557307286	3
10	1146	4550.518141808821	3
10	1157	4580.832308912121	3
10	1165	4595.058019472757	3
10	1166	4596.318787409068	3
10	1169	4616.883048164713	3
10	1188	4677.721285263029	3
10	1202	4726.458720006603	3
10	1217	4768.441542979326	3
10	1222	4787.84878119872	3
10	1223	4789.362474272395	3
10	1228	4812.924813046181	3
10	1230	4823.000329683153	3
10	1249	4877.153162062455	3
10	1262	4927.356560383988	3
10	1271	4957.670993251468	3
10	1275	4970.79712714399	3
10	1277	4976.071055188934	3
10	1279	4978.589605771772	3
10	1292	5044.869633779875	3
10	1293	5048.07149771395	3
10	1294	5050.437277179535	3
10	1299	5061.10674159313	3
10	1311	5099.021903526926	3
10	1322	5157.110479313929	3
10	1326	5169.136198535452	3
10	1328	5175.607512017446	3
10	1332	5183.813446019948	3
10	1336	5190.193153388243	3
10	1342	5215.336177011624	3
10	1347	5260.578241506777	3
10	1351	5278.554959970458	3
10	1360	5293.047710348673	3
10	1363	5296.819848712975	3
10	1372	5346.17389602138	3
10	1382	5388.91982472308	3
10	1402	5445.42158161708	3
10	1404	5453.879576550467	3
10	1406	5480.8389613817	3
10	1407	5481.774722829534	3
10	1408	5482.912942864078	3
10	1415	5492.965236150146	3
10	1422	5516.601492736342	3
10	1449	5604.529203339138	3
10	1451	5612.382030019348	3
10	1456	5625.149405606267	3
10	1460	5630.547432468368	3
10	1462	5636.513730828056	3
10	1468	5652.646138891439	3
10	1472	5660.857101068271	3
10	1476	5693.181199176675	3
10	1487	5728.41428582081	3
10	1490	5737.841197861524	3
10	1492	5744.249835265302	3
10	1493	5747.991114041957	3
10	1498	5763.345176585316	3
10	1502	5794.72059281379	3
10	1511	5830.439391502887	3
10	1518	5854.794628926281	3
10	1538	5949.430557046017	3
10	1555	6001.55128663994	3
10	1556	6006.458773377661	3
10	1564	6056.388021155792	3
10	1579	6098.373489430142	3
10	1586	6130.301627021396	3
10	1595	6162.134476404822	3
10	1604	6190.959182860809	3
10	1611	6212.447515387061	3
10	1616	6234.484016975485	3
10	1624	6278.47977949286	3
10	1625	6279.671582144935	3
10	1628	6290.142793233981	3
10	1630	6291.644932887805	3
10	1640	6318.112580353463	3
10	1644	6351.248206729207	3
10	1645	6352.361311664348	3
10	1658	6393.853126943208	3
10	1661	6397.486797751974	3
10	1667	6411.880198261815	3
10	1672	6423.803063137195	3
10	1703	6520.561732051695	3
10	1708	6545.747598508231	3
10	1715	6585.638075891534	3
10	1716	6586.980787842207	3
10	1721	6594.720687776002	3
10	1741	6675.883787097264	3
10	1750	6691.920948589706	3
10	1754	6701.045723147266	3
10	1760	6719.278183662171	3
10	1775	6779.037521088021	3
10	1788	6821.283273314565	3
10	1793	6829.5161655106	3
10	1806	6886.568125115185	3
10	1807	6890.317603919386	3
10	1808	6893.001189535117	3
10	1816	6905.959053897977	3
10	1825	6945.248888384582	3
10	1826	6946.059386592693	3
10	1855	7033.600012312931	3
10	1870	7090.239889494948	3
10	1873	7105.877097644189	3
10	1876	7122.444531067706	3
10	1882	7136.568810982283	3
10	1891	7165.68637482992	3
10	1896	7189.566335235014	3
10	1909	7232.124762433879	3
10	1911	7232.76863641858	3
10	1919	7262.038154779461	3
10	1924	7286.767162344761	3
10	1927	7290.854903753378	3
10	1932	7298.864239641094	3
10	1933	7324.330840105397	3
10	1937	7332.707404885035	3
10	1942	7345.26166204752	3
10	1952	7372.475271778098	3
10	1963	7396.012967388996	3
10	1970	7432.38484113257	3
10	1977	7451.673557093016	3
10	1979	7454.797817736536	3
10	1983	7463.167755156774	3
10	1994	7494.356167171415	3
10	1995	7494.933887762354	3
10	1998	7498.77875420386	3
10	2010	7553.157456246126	3
10	2042	7660.787411439586	3
10	2044	7660.963270590669	3
10	2047	7678.903293063894	3
10	2051	7696.149257168157	3
10	2059	7728.963399679142	3
10	2078	7820.238221108592	3
10	2083	7848.78991034517	3
10	2085	7861.31801329758	3
10	2090	7877.791392514636	3
10	2093	7891.601721526515	3
10	2100	7913.838460440325	3
10	2122	7999.211150021105	3
10	2132	8036.004196541912	3
10	2135	8048.930148410328	3
10	2136	8051.160610418407	3
10	2140	8059.669499131117	3
10	2144	8077.97884542044	3
10	2151	8105.923544494957	3
10	2154	8109.155439870074	3
10	2155	8112.149961795155	3
10	2162	8137.813641140653	3
10	2164	8142.789459668419	3
10	2167	8154.848347446031	3
10	2170	8159.201969235423	3
10	2178	8194.588405486197	3
10	2179	8194.931983833287	3
10	2183	8206.571379561272	3
10	2187	8216.765398874013	3
10	2190	8223.784197996769	3
10	2192	8233.399882094977	3
10	2197	8255.49893985548	3
10	2201	8260.721711449673	3
10	2204	8266.684707914895	3
10	2222	8323.79504059084	3
10	2231	8357.752876234434	3
10	2233	8359.758701136718	3
10	2239	8378.989275527227	3
10	2240	8380.460354716528	3
10	2244	8401.128984758367	3
10	2249	8413.220680234969	3
10	2253	8426.109348856373	3
10	2255	8427.127867469001	3
10	2276	8495.758139357622	3
10	2292	8544.165581709082	3
10	2295	8553.509017623346	3
10	2302	8593.836631699262	3
10	2309	8615.937032965554	3
10	2327	8684.226419275922	3
10	2345	8751.010652626187	3
10	2346	8752.050024141975	3
10	2356	8808.313425705769	3
10	2372	8885.43757342621	3
10	2373	8890.941740147953	3
10	2421	9044.166538265829	3
10	2428	9061.326392626417	3
10	2430	9069.733612246576	3
10	2431	9070.378256722025	3
10	2448	9111.815024484057	3
10	2457	9138.036370141545	3
10	2466	9163.362250843661	3
10	2479	9178.039338463911	3
10	2481	9184.07395443701	3
10	2484	9192.172751887707	3
10	2485	9197.843715046099	3
10	2487	9199.724079421516	3
10	2491	9212.425236872616	3
10	2494	9219.663892487637	3
10	2503	9259.902368454157	3
10	2504	9263.6535618563	3
10	2510	9271.801082990893	3
10	2515	9278.0025928542	3
10	2522	9293.123142289108	3
10	2525	9299.050529365893	3
10	2532	9321.292683090336	3
10	2534	9325.217744949967	3
10	2537	9333.879279912739	3
10	2554	9382.548890450836	3
10	2556	9383.281026024188	3
10	2584	9482.614120944119	3
10	2601	9536.997798176377	3
10	2606	9548.411824345761	3
10	2614	9585.135210543202	3
10	2618	9598.861213708381	3
10	2626	9632.870769530767	3
10	2629	9642.545481307893	3
10	2634	9655.618087339338	3
10	2637	9673.46864301549	3
10	2646	9705.859197359584	3
10	2658	9750.180911464763	3
10	2665	9779.948595756679	3
10	2674	9825.518500941543	3
10	2679	9838.422966467608	3
10	2700	9889.435333314164	3
10	2704	9915.460836620142	3
10	2734	10013.714006023574	3
10	2739	10033.446576966988	3
10	2741	10039.257531856785	3
10	2742	10040.482303783183	3
10	2746	10048.912983214479	3
10	2747	10049.560468638095	3
10	2752	10061.780777951377	3
10	2753	10062.209285347307	3
10	2754	10073.3848042115	3
10	2755	10073.696467249301	3
10	2756	10077.14726758661	3
10	2759	10090.246390739536	3
10	2760	10090.6550979558	3
10	2771	10146.454592592227	3
10	2772	10150.44271561806	3
10	2786	10196.53929248035	3
10	2802	10266.365583602033	3
10	2813	10319.724709644219	3
10	2816	10337.096907585743	3
10	2821	10346.427242997258	3
10	2831	10372.969498551713	3
10	2857	10469.808202266605	3
10	2860	10478.871310222449	3
10	2861	10480.682651762008	3
10	2864	10501.505204428406	3
10	2867	10507.308592982203	3
10	2877	10546.226596118317	3
10	2886	10566.919502154176	3
10	2893	10588.558084724835	3
10	2895	10593.760482629178	3
10	2905	10620.065688260326	3
10	2907	10624.395273691091	3
10	2908	10629.586627467266	3
10	2910	10643.504235781569	3
10	2911	10648.382795410433	3
10	2913	10649.236367299782	3
10	2915	10651.355178621976	3
10	2917	10656.953944650913	3
10	2928	10698.691433507011	3
10	2931	10708.116246271417	3
10	2962	10820.432462880075	3
10	2980	10877.601691066924	3
10	2986	10891.320353777538	3
10	2987	10892.468241517319	3
10	2996	10929.710343327835	3
10	2999	10939.192850444727	3
10	3000	10940.174406525923	3
10	3003	10954.99042423167	3
10	3009	10967.342934431083	3
10	3010	10967.748383399591	3
10	3012	10985.672807916979	3
10	3014	10994.200363027225	3
10	3025	11024.195029577036	3
10	3036	11049.951057069993	3
10	3039	11055.712977047715	3
10	3041	11059.574229696714	3
10	3043	11061.858032980065	3
10	3044	11064.733965398039	3
10	3052	11104.295131995967	3
10	3056	11112.472908493951	3
10	3060	11127.356004312379	3
10	3063	11133.069511234024	3
10	3068	11144.653347954528	3
10	3099	11233.408520652178	3
10	3103	11236.921508468288	3
10	3104	11241.969458162503	3
10	3112	11257.978610345578	3
10	3125	11308.3148212545	3
10	3129	11317.117690995666	3
10	3131	11320.20070875782	3
10	3134	11330.77302188821	3
10	3137	11333.637682657682	3
10	3138	11334.214713496021	3
10	3148	11354.494161269773	3
10	3149	11355.145420397195	3
10	3152	11359.987757834315	3
10	3163	11387.508153995608	3
10	3169	11420.075343454222	3
10	3174	11428.998188028777	3
10	3183	11440.217401480583	3
10	3186	11455.275677144066	3
10	3197	11478.715544671372	3
10	3214	11534.960498023529	3
10	3230	11573.71318361212	3
10	3232	11576.053741651122	3
10	3234	11581.80586197535	3
10	3235	11592.539351032722	3
10	3241	11618.998090877728	3
10	3269	11694.740284634462	3
10	3284	11745.522067619533	3
10	3290	11775.801364676044	3
10	3300	11817.203824637486	3
10	3303	11820.537853673221	3
10	3307	11839.015125208716	3
10	3321	11884.960112063302	3
10	3325	11894.767008589728	3
10	3337	11941.377514471215	3
10	3345	11962.008256094673	3
10	3352	11981.618939208333	3
10	3357	11990.557695968398	3
10	3367	12025.476912562313	3
10	3369	12037.421810058462	3
10	3375	12055.84087611915	3
10	3377	12063.1288359465	3
10	3380	12076.986397460613	3
10	3382	12079.151171373994	3
10	3383	12079.413856322761	3
10	3387	12085.546846168637	3
10	3390	12098.206089010934	3
10	3404	12151.551963705285	3
10	3407	12163.342466128446	3
10	3415	12182.382287733374	3
10	3422	12199.601991784924	3
10	3432	12230.270912533516	3
10	3437	12252.817319194427	3
10	3451	12293.993582098441	3
10	3462	12334.342366743939	3
10	3466	12349.27106006516	3
10	3468	12354.970263567387	3
10	3498	12444.504428165938	3
10	3511	12480.696499904286	3
10	3513	12485.257669111818	3
10	3516	12493.894542041429	3
10	3522	12508.909557620892	3
10	3526	12537.779328515003	3
10	3530	12542.683166267714	3
10	3539	12563.597247928378	3
10	3541	12567.381724237	3
10	3544	12580.258441329069	3
10	3549	12602.16697755084	3
10	3558	12643.467636181709	3
10	3564	12653.2741398177	3
10	3566	12656.264862608227	3
10	3589	12751.277473780244	3
10	3594	12765.309687199381	3
10	3642	12949.689391107722	3
10	3648	12968.417016901092	3
10	3654	12979.057813684302	3
10	3663	13009.116699800561	3
10	3667	13027.502318155463	3
10	3668	13029.265316801136	3
10	3669	13040.808008856475	3
10	3670	13041.694672490614	3
10	3672	13050.446810388865	3
10	3678	13065.255396947843	3
10	3690	13098.860353690178	3
10	3693	13111.582727227407	3
10	3705	13162.416436783886	3
10	3721	13203.270756575199	3
10	3728	13254.282566658999	3
10	3736	13271.647255728172	3
10	3749	13314.623758965509	3
10	3762	13369.472989544533	3
10	3764	13378.867899974229	3
10	3767	13398.346208440944	3
10	3768	13403.516285223352	3
10	3775	13419.490490724616	3
10	3785	13470.329440859388	3
10	3795	13517.969065324558	3
10	3830	13638.314458569204	3
10	3842	13694.160052016433	3
10	3845	13698.702509325341	3
10	3849	13711.364779827441	3
10	3860	13748.505335810379	3
10	3861	13749.223114272832	3
10	3863	13754.33536583914	3
10	3892	13876.114387859909	3
10	3893	13886.742816995064	3
10	3901	13903.713253361645	3
10	3907	13927.448242125673	3
10	3908	13932.41361793321	3
10	3910	13940.710759258225	3
10	3915	13962.278795225454	3
10	3924	14005.603970504298	3
10	3935	14048.466755268983	3
10	3944	14093.330110922278	3
10	3953	14116.441273763495	3
10	3955	14126.958808531977	3
10	3962	14161.401201699132	3
10	3964	14168.456323222474	3
10	3984	14258.448837341153	3
10	3987	14267.758613397509	3
10	3991	14289.623416749203	3
10	3993	14293.090568813812	3
10	3997	14303.081376597409	3
10	4007	14331.796956434957	3
10	4010	14341.862266363602	3
10	4021	14385.186578907377	3
10	4023	14395.353792083815	3
10	4031	14411.420068908649	3
10	4035	14424.222986945592	3
10	4036	14424.992020042498	3
10	4045	14449.304054992282	3
10	4048	14463.671436633221	3
10	4057	14501.739996916985	3
10	4058	14503.313047995211	3
10	4060	14514.099562862051	3
10	4066	14530.377935133142	3
10	4075	14544.031702258009	3
10	4076	14546.756140232733	3
10	4094	14609.446376767168	3
10	4101	14631.544306389159	3
10	4103	14636.15953451571	3
10	4104	14637.28245436297	3
10	4108	14641.034019654127	3
10	4117	14661.764910544114	3
10	4129	14726.921965428764	3
10	4138	14742.164945829109	3
10	4142	14745.372715695107	3
10	4148	14764.222467781778	3
10	4152	14776.33195912291	3
10	4153	14778.311833242365	3
10	4158	14809.720030493446	3
10	4162	14823.798359507014	3
10	4179	14863.976191929807	3
10	4191	14914.6474597282	3
10	4199	14947.08054349017	3
10	4203	14953.634773851843	3
10	4204	14962.831019229503	3
10	4236	15070.270558507913	3
10	4245	15111.136139774098	3
10	4246	15115.248657023216	3
10	4252	15125.79226262785	3
10	4254	15137.099766779647	3
10	4258	15153.060624181211	3
10	4265	15175.084174308671	3
10	4268	15200.749296530919	3
10	4274	15217.189299537743	3
10	4301	15314.669024245981	3
10	4303	15319.91142461285	3
10	4309	15358.388323627341	3
10	4335	15461.430608690589	3
10	4340	15483.858343882825	3
10	4348	15506.832222046434	3
10	4350	15518.861717145588	3
10	4354	15523.353738245294	3
10	4357	15529.411585336192	3
10	4360	15540.289414622552	3
10	4362	15553.309295048457	3
10	4365	15569.879536496252	3
10	4378	15620.676040764504	3
10	4380	15622.333915982156	3
10	4386	15636.403151417062	3
10	4397	15689.60053251793	3
10	4401	15702.108029627357	3
10	4408	15738.198288690653	3
10	4414	15753.293651562787	3
10	4434	15837.427964136058	3
10	4436	15838.890564982776	3
10	4438	15848.373325192042	3
10	4439	15850.890307752064	3
10	4452	15904.562347540273	3
10	4455	15919.497507079214	3
10	4459	15936.814591716045	3
10	4460	15938.887663835935	3
10	4474	16003.366363196736	3
10	4479	16022.082497268149	3
10	4490	16053.556385728931	3
10	4492	16054.410424427507	3
10	4499	16084.319531355914	3
10	4514	16128.311538779565	3
10	4515	16133.034881072428	3
10	4522	16146.865778496647	3
10	4528	16157.464280552094	3
10	4541	16194.092802809316	3
10	4542	16208.148169396917	3
10	4551	16235.555879715902	3
10	4564	16259.311931450073	3
10	4569	16263.310505552547	3
10	4570	16269.608022499694	3
10	4578	16292.359224802946	3
10	4579	16293.018031218028	3
10	4581	16293.664187552021	3
10	4588	16327.612524369653	3
10	4595	16345.323998674215	3
10	4599	16360.719950060023	3
10	4607	16378.933169494995	3
10	4608	16384.31586680334	3
10	4610	16385.603206416509	3
10	4621	16430.549858318807	3
10	4625	16444.505743213532	3
10	4628	16448.478299625836	3
10	4633	16473.70471545809	3
10	4641	16499.422369548498	3
10	4646	16510.631614363052	3
10	4647	16525.426848023935	3
10	4653	16548.209478864146	3
10	4656	16558.33783475454	3
10	4660	16571.119817032243	3
10	4667	16597.791016134269	3
10	4674	16603.178637067998	3
10	4703	16703.192487488447	3
10	4709	16714.824052846223	3
10	4719	16768.021157838718	3
10	4725	16782.302311173357	3
10	4727	16797.015382317843	3
10	4730	16807.335893815645	3
10	4733	16815.677081837081	3
10	4735	16825.936834137792	3
10	4738	16851.507322582664	3
10	4743	16865.284932489916	3
10	4745	16870.078817181141	3
10	4747	16872.627962435146	3
10	4753	16905.989295557914	3
10	4763	16935.893045007767	3
10	4792	17048.037017645301	3
10	4796	17059.309554430715	3
10	4797	17059.850079808629	3
10	4806	17084.201204024483	3
10	4807	17084.356628560781	3
10	4813	17107.560277649274	3
10	4814	17109.745063376838	3
10	4824	17158.273137666122	3
10	4826	17161.809192292408	3
10	4830	17168.381626378457	3
10	4847	17215.504005232289	3
10	4850	17235.320171411274	3
10	4851	17241.753857825879	3
10	4855	17264.164234366614	3
10	4859	17273.918830770351	3
10	4860	17279.185131711326	3
10	4862	17282.093576279787	3
10	4872	17305.814045114849	3
10	4873	17307.340878848887	3
10	4880	17326.52516599973	3
10	4888	17361.637879749344	3
10	4914	17417.815790972589	3
10	4918	17432.005868183223	3
10	4921	17444.522322549155	3
10	4936	17495.188134598096	3
10	4938	17496.516531319971	3
10	4940	17501.815530928231	3
10	4944	17505.736591136452	3
10	4945	17512.963790290513	3
10	4958	17551.560563634006	3
10	4963	17579.711888957343	3
10	4967	17595.235310735747	3
10	4968	17597.689518088766	3
10	4984	17642.897170948696	3
10	4988	17662.590948691161	3
10	4991	17680.435735070922	3
10	4993	17681.251808536366	3
10	5007	17726.474469721428	3
10	5013	17768.409760645279	3
10	5017	17793.69486876861	3
10	5019	17805.306398137809	3
10	5048	17938.040368007262	3
10	5049	17943.241139188756	3
10	5053	17986.934307568598	3
10	5059	18004.145126314297	3
10	5066	18024.077797074053	3
10	5067	18027.192024885887	3
10	5074	18077.18801224887	3
10	5084	18118.979911107688	3
10	5091	18131.212179380455	3
10	5098	18182.8907550082	3
10	5100	18195.407433322003	3
10	5102	18202.27653970983	3
10	5105	18217.298408356961	3
10	5106	18219.320935760678	3
10	5126	18306.28305129356	3
10	5131	18327.198076467205	3
10	5135	18343.343790253317	3
10	5137	18367.821907258253	3
10	5153	18439.957750044598	3
10	5156	18449.721819039479	3
10	5160	18479.500804060202	3
10	5170	18516.055408545453	3
10	5172	18536.242970873836	3
10	5185	18588.785941079344	3
10	5189	18614.417818209643	3
10	5200	18656.227528592494	3
10	5205	18691.174586189118	3
10	5207	18707.03301363155	3
10	5208	18709.282396449033	3
10	5210	18717.14583823876	3
10	5214	18744.217011830334	3
10	5217	18755.610862494043	3
10	5224	18789.782734827771	3
10	5229	18812.620127834614	3
10	5239	18869.169313648881	3
10	5240	18869.221991954545	3
10	5241	18870.843362087733	3
10	5267	19000.678081457658	3
10	5276	19062.920657712342	3
10	5277	19063.509109171111	3
10	5278	19064.066882329748	3
10	5287	19093.150786582981	3
10	5288	19096.76022231031	3
10	5300	19153.207489217702	3
10	5301	19153.458627509717	3
10	5308	19172.912933071445	3
10	5318	19203.912429281957	3
10	5321	19211.331398957934	3
10	5332	19266.121886339846	3
10	5333	19268.373601955253	3
10	5337	19279.080984882933	3
10	5355	19340.34643017129	3
10	5357	19340.688522625883	3
10	5362	19357.740988379877	3
10	5369	19378.55263802639	3
10	5380	19413.492472111634	3
10	5387	19440.384849117447	3
10	5390	19443.597163926411	3
10	5392	19447.137515997141	3
10	5397	19468.141714349132	3
10	5403	19489.308442993406	3
10	5406	19495.841718703224	3
10	5408	19508.088409428427	3
10	5412	19520.422875262466	3
10	5419	19544.925577855751	3
10	5434	19594.810568728593	3
10	5453	19654.406033526911	3
10	5456	19663.322098545077	3
10	5465	19702.202240687668	3
10	5468	19705.095847625595	3
10	5474	19727.992818682714	3
10	5475	19730.50675428635	3
10	5478	19754.043673151434	3
10	5480	19756.851726095195	3
10	5484	19771.782860412904	3
10	5521	19902.563342269678	3
10	5522	19906.187911366314	3
10	5523	19907.503874544865	3
10	5532	19923.262083160338	3
10	5547	19989.507555188492	3
10	5548	19999.497039691214	3
11	220	1007.418545835861	10869
11	229	1057.086776994304	10871
11	231	1063.124915191864	10872
11	269	1192.902809432496	10889
11	278	1219.367602148819	10879
11	280	1220.029967085974	10880
11	283	1236.029928843971	10894
11	286	1245.986699595305	10883
11	295	1272.65431250063	10898
11	298	1288.876667047184	10888
11	338	1396.762341433149	10905
11	342	1402.475338482483	10890
11	343	1403.047124990844	10891
11	344	1404.17810415544	10906
11	348	1425.455061715993	10893
11	350	1426.587008813039	10908
11	353	1428.59848977913	10909
11	357	1440.161988439543	10902
11	363	1453.886382178216	10912
11	366	1461.623690463675	10896
11	378	1496.574365626392	10918
11	387	1528.157101315121	10919
11	398	1551.282366733754	10923
11	399	1552.821435255793	10910
11	406	1565.902248822749	10914
11	409	1572.931532825463	10925
11	410	1582.335212723074	10916
11	411	1587.642868624429	10917
11	418	1619.516807579739	10907
11	427	1642.123546016513	10922
11	432	1657.516558083727	10911
11	435	1662.763024165482	10928
11	444	1702.469038595429	10904
11	454	1753.894280800693	10930
11	470	1810.393703016852	10933
11	483	1861.129703082506	10935
11	491	1904.555291013391	10932
11	502	1950.997596370161	10927
11	503	1958.860130934559	10934
11	519	2023.454354544194	10936
11	533	2087.055090747857	10941
11	549	2152.7880654143	10948
11	565	2223.613888209922	10945
11	569	2231.376380970626	10947
11	584	2309.779989816201	10942
11	585	2313.934237886815	10956
11	590	2328.193409715101	10954
11	595	2364.790759211715	10949
11	601	2403.65665821775	10955
11	602	2405.839890990095	10951
11	608	2420.099493478183	10953
11	629	2514.247842098451	10952
11	639	2581.740118033323	10963
11	640	2581.947488474433	10970
11	646	2613.937562967784	10962
11	648	2624.343766238897	10964
11	650	2635.10280490158	10957
11	651	2635.905801093383	10966
11	654	2658.77797569024	10968
11	656	2661.833879758592	10969
11	687	2801.767542334426	10978
11	691	2829.125610294157	10979
11	702	2883.633453696331	10976
11	705	2896.748162605176	10977
11	716	2946.793345865557	10974
11	731	3020.333609143115	10973
11	747	3088.762388169825	10983
11	759	3135.26333274714	10986
11	762	3144.932513676308	10994
11	773	3196.20122497255	10987
11	775	3220.330152820767	10997
11	777	3227.973870516325	10992
11	779	3232.586603277799	10993
11	788	3272.277731937079	10995
11	789	3273.412653368563	11001
11	800	3335.572306184829	10998
11	802	3342.16703589917	10989
11	811	3393.230226516499	10996
11	812	3393.420052554142	10991
11	835	3510.062811169285	11008
11	837	3522.723499406585	11003
11	839	3524.432986265787	11006
11	846	3561.03748651267	10999
11	848	3573.364698889905	11011
11	858	3622.888219404845	11005
11	859	3624.558250631899	11015
11	878	3691.921205565666	11013
11	892	3754.794278551028	11016
11	900	3776.173474963786	11024
11	903	3791.756282446236	11019
11	905	3799.039903538432	11007
11	909	3811.886181446542	11027
11	931	3902.243694590684	11020
11	936	3931.289026219137	11021
11	942	3953.426763453685	11022
11	947	3970.80126575797	11023
11	950	3980.339162222986	11033
11	955	3991.108735745994	11025
11	972	4050.814923063106	11032
11	976	4062.9899398175	11028
11	983	4077.449484957918	11030
11	991	4098.148096418664	11036
11	992	4101.095569177747	11046
11	995	4114.965288602248	11048
11	999	4126.871930011028	11031
11	1016	4174.267178774149	11049
11	1018	4175.011734503562	11050
11	1024	4187.966668915911	11034
11	1025	4188.031598648057	11044
11	1032	4208.590437395716	11047
11	1034	4222.750209372506	11051
11	1035	4223.607121495639	11037
11	1037	4228.330604462246	11052
11	1048	4261.65066688003	11057
11	1051	4270.086815745212	11059
11	1086	4378.213550102614	11060
11	1089	4380.381775032152	11043
11	1094	4401.716637240081	11045
11	1097	4411.415234502303	11063
11	1103	4425.881368185615	11069
11	1107	4436.905191459537	11070
11	1110	4449.048545544772	11053
11	1113	4458.259551947496	11056
11	1115	4468.640610696224	11058
11	1124	4483.51546698125	11067
11	1127	4491.842028339503	11073
11	1131	4506.458354871657	11068
11	1141	4531.339557307286	11077
11	1146	4550.518141808821	11065
11	1157	4580.832308912121	11066
11	1165	4595.058019472757	11082
11	1166	4596.318787409068	11061
11	1169	4616.883048164713	11062
11	1188	4677.721285263029	11071
11	1202	4726.458720006603	11076
11	1217	4768.441542979326	11079
11	1222	4787.84878119872	11072
11	1223	4789.362474272395	11080
11	1228	4812.924813046181	11090
11	1230	4823.000329683153	11074
11	1249	4877.153162062455	11087
11	1262	4927.356560383988	11098
11	1271	4957.670993251468	11093
11	1275	4970.79712714399	11095
11	1277	4976.071055188934	11105
11	1279	4978.589605771772	11106
11	1292	5044.869633779875	11100
11	1293	5048.07149771395	11101
11	1294	5050.437277179535	11102
11	1299	5061.10674159313	11089
11	1311	5099.021903526926	11108
11	1322	5157.110479313929	11092
11	1326	5169.136198535452	11094
11	1328	5175.607512017446	11104
11	1332	5183.813446019948	11114
11	1336	5190.193153388243	11112
11	1342	5215.336177011624	11113
11	1347	5260.578241506777	11109
11	1351	5278.554959970458	11110
11	1360	5293.047710348673	11119
11	1363	5296.819848712975	11107
11	1372	5346.17389602138	11115
11	1382	5388.91982472308	11118
11	1402	5445.42158161708	11127
11	1404	5453.879576550467	11128
11	1406	5480.8389613817	11129
11	1407	5481.774722829534	11116
11	1408	5482.912942864078	11130
11	1415	5492.965236150146	11132
11	1422	5516.601492736342	11125
11	1449	5604.529203339138	11120
11	1451	5612.382030019348	11124
11	1456	5625.149405606267	11135
11	1460	5630.547432468368	11142
11	1462	5636.513730828056	11138
11	1468	5652.646138891439	11144
11	1472	5660.857101068271	11147
11	1476	5693.181199176675	11123
11	1487	5728.41428582081	11149
11	1490	5737.841197861524	11150
11	1492	5744.249835265302	11151
11	1493	5747.991114041957	11143
11	1498	5763.345176585316	11146
11	1502	5794.72059281379	11153
11	1511	5830.439391502887	11141
11	1518	5854.794628926281	11152
11	1538	5949.430557046017	11158
11	1555	6001.55128663994	11155
11	1556	6006.458773377661	11156
11	1564	6056.388021155792	11162
11	1579	6098.373489430142	11169
11	1586	6130.301627021396	11160
11	1595	6162.134476404822	11163
11	1604	6190.959182860809	11175
11	1611	6212.447515387061	11177
11	1616	6234.484016975485	11157
11	1624	6278.47977949286	11164
11	1625	6279.671582144935	11179
11	1628	6290.142793233981	11173
11	1630	6291.644932887805	11166
11	1640	6318.112580353463	11182
11	1644	6351.248206729207	11161
11	1645	6352.361311664348	11171
11	1658	6393.853126943208	11174
11	1661	6397.486797751974	11168
11	1667	6411.880198261815	11181
11	1672	6423.803063137195	11170
11	1703	6520.561732051695	11176
11	1708	6545.747598508231	11191
11	1715	6585.638075891534	11195
11	1716	6586.980787842207	11183
11	1721	6594.720687776002	11187
11	1741	6675.883787097264	11193
11	1750	6691.920948589706	11204
11	1754	6701.045723147266	11197
11	1760	6719.278183662171	11186
11	1775	6779.037521088021	11194
11	1788	6821.283273314565	11199
11	1793	6829.5161655106	11190
11	1806	6886.568125115185	11208
11	1807	6890.317603919386	11202
11	1808	6893.001189535117	11209
11	1816	6905.959053897977	11211
11	1825	6945.248888384582	11213
11	1826	6946.059386592693	11200
11	1855	7033.600012312931	11205
11	1870	7090.239889494948	11224
11	1873	7105.877097644189	11210
11	1876	7122.444531067706	11226
11	1882	7136.568810982283	11217
11	1891	7165.68637482992	11221
11	1896	7189.566335235014	11234
11	1909	7232.124762433879	11229
11	1911	7232.76863641858	11235
11	1919	7262.038154779461	11232
11	1924	7286.767162344761	11223
11	1927	7290.854903753378	11240
11	1932	7298.864239641094	11242
11	1933	7324.330840105397	11225
11	1937	7332.707404885035	11243
11	1942	7345.26166204752	11230
11	1952	7372.475271778098	11246
11	1963	7396.012967388996	11241
11	1970	7432.38484113257	11248
11	1977	7451.673557093016	11238
11	1979	7454.797817736536	11244
11	1983	7463.167755156774	11231
11	1994	7494.356167171415	11254
11	1995	7494.933887762354	11239
11	1998	7498.77875420386	11255
11	2010	7553.157456246126	11257
11	2042	7660.787411439586	11259
11	2044	7660.963270590669	11250
11	2047	7678.903293063894	11266
11	2051	7696.149257168157	11267
11	2059	7728.963399679142	11263
11	2078	7820.238221108592	11270
11	2083	7848.78991034517	11271
11	2085	7861.31801329758	11264
11	2090	7877.791392514636	11272
11	2093	7891.601721526515	11273
11	2100	7913.838460440325	11262
11	2122	7999.211150021105	11278
11	2132	8036.004196541912	11284
11	2135	8048.930148410328	11285
11	2136	8051.160610418407	11286
11	2140	8059.669499131117	11276
11	2144	8077.97884542044	11277
11	2151	8105.923544494957	11279
11	2154	8109.155439870074	11280
11	2155	8112.149961795155	11281
11	2162	8137.813641140653	11283
11	2164	8142.789459668419	11275
11	2167	8154.848347446031	11291
11	2170	8159.201969235423	11287
11	2178	8194.588405486197	11293
11	2179	8194.931983833287	11289
11	2183	8206.571379561272	11295
11	2187	8216.765398874013	11296
11	2190	8223.784197996769	11290
11	2192	8233.399882094977	11282
11	2197	8255.49893985548	11299
11	2201	8260.721711449673	11300
11	2204	8266.684707914895	11292
11	2222	8323.79504059084	11303
11	2231	8357.752876234434	11304
11	2233	8359.758701136718	11305
11	2239	8378.989275527227	11306
11	2240	8380.460354716528	11301
11	2244	8401.128984758367	11294
11	2249	8413.220680234969	11308
11	2253	8426.109348856373	11297
11	2255	8427.127867469001	11298
11	2276	8495.758139357622	11302
11	2292	8544.165581709082	11318
11	2295	8553.509017623346	11319
11	2302	8593.836631699262	11321
11	2309	8615.937032965554	11324
11	2327	8684.226419275922	11312
11	2345	8751.010652626187	11327
11	2346	8752.050024141975	11328
11	2356	8808.313425705769	11323
11	2372	8885.43757342621	11331
11	2373	8890.941740147953	11329
11	2421	9044.166538265829	11326
11	2428	9061.326392626417	11346
11	2430	9069.733612246576	11338
11	2431	9070.378256722025	11339
11	2448	9111.815024484057	11341
11	2457	9138.036370141545	11335
11	2466	9163.362250843661	11330
11	2479	9178.039338463911	11348
11	2481	9184.07395443701	11349
11	2484	9192.172751887707	11351
11	2485	9197.843715046099	11362
11	2487	9199.724079421516	11363
11	2491	9212.425236872616	11332
11	2494	9219.663892487637	11365
11	2503	9259.902368454157	11345
11	2504	9263.6535618563	11358
11	2510	9271.801082990893	11367
11	2515	9278.0025928542	11370
11	2522	9293.123142289108	11350
11	2525	9299.050529365893	11372
11	2532	9321.292683090336	11364
11	2534	9325.217744949967	11355
11	2537	9333.879279912739	11356
11	2554	9382.548890450836	11359
11	2556	9383.281026024188	11360
11	2584	9482.614120944119	11381
11	2601	9536.997798176377	11373
11	2606	9548.411824345761	11380
11	2614	9585.135210543202	11368
11	2618	9598.861213708381	11383
11	2626	9632.870769530767	11384
11	2629	9642.545481307893	11385
11	2634	9655.618087339338	11388
11	2637	9673.46864301549	11375
11	2646	9705.859197359584	11387
11	2658	9750.180911464763	11397
11	2665	9779.948595756679	11398
11	2674	9825.518500941543	11393
11	2679	9838.422966467608	11395
11	2700	9889.435333314164	11390
11	2704	9915.460836620142	11392
11	2734	10013.714006023574	11416
11	2739	10033.446576966988	11418
11	2741	10039.257531856785	11407
11	2742	10040.482303783183	11401
11	2746	10048.912983214479	11403
11	2747	10049.560468638095	11409
11	2752	10061.780777951377	11411
11	2753	10062.209285347307	11404
11	2754	10073.3848042115	11412
11	2755	10073.696467249301	11413
11	2756	10077.14726758661	11414
11	2759	10090.246390739536	11419
11	2760	10090.6550979558	11420
11	2771	10146.454592592227	11408
11	2772	10150.44271561806	11402
11	2786	10196.53929248035	11406
11	2802	10266.365583602033	11410
11	2813	10319.724709644219	11423
11	2816	10337.096907585743	11417
11	2821	10346.427242997258	11426
11	2831	10372.969498551713	11429
11	2857	10469.808202266605	11435
11	2860	10478.871310222449	11436
11	2861	10480.682651762008	11437
11	2864	10501.505204428406	11438
11	2867	10507.308592982203	11425
11	2877	10546.226596118317	11442
11	2886	10566.919502154176	11428
11	2893	10588.558084724835	11430
11	2895	10593.760482629178	11445
11	2905	10620.065688260326	11449
11	2907	10624.395273691091	11441
11	2908	10629.586627467266	11450
11	2910	10643.504235781569	11431
11	2911	10648.382795410433	11452
11	2913	10649.236367299782	11432
11	2915	10651.355178621976	11443
11	2917	10656.953944650913	11444
11	2928	10698.691433507011	11455
11	2931	10708.116246271417	11456
11	2962	10820.432462880075	11447
11	2980	10877.601691066924	11461
11	2986	10891.320353777538	11462
11	2987	10892.468241517319	11453
11	2996	10929.710343327835	11457
11	2999	10939.192850444727	11464
11	3000	10940.174406525923	11465
11	3003	10954.99042423167	11459
11	3009	10967.342934431083	11468
11	3010	10967.748383399591	11469
11	3012	10985.672807916979	11470
11	3014	10994.200363027225	11458
11	3025	11024.195029577036	11463
11	3036	11049.951057069993	11475
11	3039	11055.712977047715	11466
11	3041	11059.574229696714	11460
11	3043	11061.858032980065	11467
11	3044	11064.733965398039	11476
11	3052	11104.295131995967	11477
11	3056	11112.472908493951	11479
11	3060	11127.356004312379	11473
11	3063	11133.069511234024	11482
11	3068	11144.653347954528	11483
11	3099	11233.408520652178	11490
11	3103	11236.921508468288	11474
11	3104	11241.969458162503	11492
11	3112	11257.978610345578	11485
11	3125	11308.3148212545	11487
11	3129	11317.117690995666	11488
11	3131	11320.20070875782	11480
11	3134	11330.77302188821	11489
11	3137	11333.637682657682	11481
11	3138	11334.214713496021	11497
11	3148	11354.494161269773	11484
11	3149	11355.145420397195	11498
11	3152	11359.987757834315	11493
11	3163	11387.508153995608	11502
11	3169	11420.075343454222	11478
11	3174	11428.998188028777	11495
11	3183	11440.217401480583	11491
11	3186	11455.275677144066	11507
11	3197	11478.715544671372	11500
11	3214	11534.960498023529	11505
11	3230	11573.71318361212	11508
11	3232	11576.053741651122	11514
11	3234	11581.80586197535	11509
11	3235	11592.539351032722	11501
11	3241	11618.998090877728	11515
11	3269	11694.740284634462	11521
11	3284	11745.522067619533	11519
11	3290	11775.801364676044	11512
11	3300	11817.203824637486	11528
11	3303	11820.537853673221	11522
11	3307	11839.015125208716	11517
11	3321	11884.960112063302	11532
11	3325	11894.767008589728	11527
11	3337	11941.377514471215	11516
11	3345	11962.008256094673	11520
11	3352	11981.618939208333	11524
11	3357	11990.557695968398	11526
11	3367	12025.476912562313	11530
11	3369	12037.421810058462	11542
11	3375	12055.84087611915	11523
11	3377	12063.1288359465	11544
11	3380	12076.986397460613	11546
11	3382	12079.151171373994	11547
11	3383	12079.413856322761	11548
11	3387	12085.546846168637	11549
11	3390	12098.206089010934	11550
11	3404	12151.551963705285	11543
11	3407	12163.342466128446	11537
11	3415	12182.382287733374	11552
11	3422	12199.601991784924	11554
11	3432	12230.270912533516	11558
11	3437	12252.817319194427	11535
11	3451	12293.993582098441	11539
11	3462	12334.342366743939	11559
11	3466	12349.27106006516	11565
11	3468	12354.970263567387	11566
11	3498	12444.504428165938	11571
11	3511	12480.696499904286	11561
11	3513	12485.257669111818	11575
11	3516	12493.894542041429	11553
11	3522	12508.909557620892	11563
11	3526	12537.779328515003	11578
11	3530	12542.683166267714	11570
11	3539	12563.597247928378	11573
11	3541	12567.381724237	11582
11	3544	12580.258441329069	11560
11	3549	12602.16697755084	11583
11	3558	12643.467636181709	11585
11	3564	12653.2741398177	11580
11	3566	12656.264862608227	11572
11	3589	12751.277473780244	11579
11	3594	12765.309687199381	11581
11	3642	12949.689391107722	11588
11	3648	12968.417016901092	11599
11	3654	12979.057813684302	11600
11	3663	13009.116699800561	11605
11	3667	13027.502318155463	11596
11	3668	13029.265316801136	11597
11	3669	13040.808008856475	11587
11	3670	13041.694672490614	11607
11	3672	13050.446810388865	11598
11	3678	13065.255396947843	11589
11	3690	13098.860353690178	11603
11	3693	13111.582727227407	11614
11	3705	13162.416436783886	11616
11	3721	13203.270756575199	11604
11	3728	13254.282566658999	11615
11	3736	13271.647255728172	11618
11	3749	13314.623758965509	11613
11	3762	13369.472989544533	11625
11	3764	13378.867899974229	11619
11	3767	13398.346208440944	11626
11	3768	13403.516285223352	11612
11	3775	13419.490490724616	11628
11	3785	13470.329440859388	11624
11	3795	13517.969065324558	11632
11	3830	13638.314458569204	11633
11	3842	13694.160052016433	11643
11	3845	13698.702509325341	11637
11	3849	13711.364779827441	11631
11	3860	13748.505335810379	11649
11	3861	13749.223114272832	11634
11	3863	13754.33536583914	11636
11	3892	13876.114387859909	11641
11	3893	13886.742816995064	11642
11	3901	13903.713253361645	11651
11	3907	13927.448242125673	11646
11	3908	13932.41361793321	11647
11	3910	13940.710759258225	11648
11	3915	13962.278795225454	11640
11	3924	14005.603970504298	11644
11	3935	14048.466755268983	11661
11	3944	14093.330110922278	11653
11	3953	14116.441273763495	11655
11	3955	14126.958808531977	11656
11	3962	14161.401201699132	11665
11	3964	14168.456323222474	11666
11	3984	14258.448837341153	11672
11	3987	14267.758613397509	11657
11	3991	14289.623416749203	11668
11	3993	14293.090568813812	11669
11	3997	14303.081376597409	11676
11	4007	14331.796956434957	11678
11	4010	14341.862266363602	11680
11	4021	14385.186578907377	11667
11	4023	14395.353792083815	11674
11	4031	14411.420068908649	11662
11	4035	14424.222986945592	11684
11	4036	14424.992020042498	11685
11	4045	14449.304054992282	11689
11	4048	14463.671436633221	11690
11	4057	14501.739996916985	11682
11	4058	14503.313047995211	11692
11	4060	14514.099562862051	11670
11	4066	14530.377935133142	11677
11	4075	14544.031702258009	11679
11	4076	14546.756140232733	11688
11	4094	14609.446376767168	11675
11	4101	14631.544306389159	11696
11	4103	14636.15953451571	11694
11	4104	14637.28245436297	11686
11	4108	14641.034019654127	11687
11	4117	14661.764910544114	11701
11	4129	14726.921965428764	11683
11	4138	14742.164945829109	11698
11	4142	14745.372715695107	11699
11	4148	14764.222467781778	11695
11	4152	14776.33195912291	11702
11	4153	14778.311833242365	11703
11	4158	14809.720030493446	11706
11	4162	14823.798359507014	11710
11	4179	14863.976191929807	11700
11	4191	14914.6474597282	11716
11	4199	14947.08054349017	11708
11	4203	14953.634773851843	11709
11	4204	14962.831019229503	11712
11	4236	15070.270558507913	11713
11	4245	15111.136139774098	11726
11	4246	15115.248657023216	11715
11	4252	15125.79226262785	11720
11	4254	15137.099766779647	11717
11	4258	15153.060624181211	11711
11	4265	15175.084174308671	11732
11	4268	15200.749296530919	11723
11	4274	15217.189299537743	11734
11	4301	15314.669024245981	11738
11	4303	15319.91142461285	11739
11	4309	15358.388323627341	11728
11	4335	15461.430608690589	11729
11	4340	15483.858343882825	11745
11	4348	15506.832222046434	11744
11	4350	15518.861717145588	11748
11	4354	15523.353738245294	11750
11	4357	15529.411585336192	11735
11	4360	15540.289414622552	11740
11	4362	15553.309295048457	11751
11	4365	15569.879536496252	11736
11	4378	15620.676040764504	11756
11	4380	15622.333915982156	11749
11	4386	15636.403151417062	11758
11	4397	15689.60053251793	11755
11	4401	15702.108029627357	11760
11	4408	15738.198288690653	11757
11	4414	15753.293651562787	11762
11	4434	15837.427964136058	11765
11	4436	15838.890564982776	11766
11	4438	15848.373325192042	11759
11	4439	15850.890307752064	11761
11	4452	15904.562347540273	11770
11	4455	15919.497507079214	11772
11	4459	15936.814591716045	11774
11	4460	15938.887663835935	11775
11	4474	16003.366363196736	11779
11	4479	16022.082497268149	11771
11	4490	16053.556385728931	11782
11	4492	16054.410424427507	11776
11	4499	16084.319531355914	11778
11	4514	16128.311538779565	11780
11	4515	16133.034881072428	11784
11	4522	16146.865778496647	11781
11	4528	16157.464280552094	11777
11	4541	16194.092802809316	11767
11	4542	16208.148169396917	11768
11	4551	16235.555879715902	11794
11	4564	16259.311931450073	11785
11	4569	16263.310505552547	11787
11	4570	16269.608022499694	11796
11	4578	16292.359224802946	11799
11	4579	16293.018031218028	11790
11	4581	16293.664187552021	11792
11	4588	16327.612524369653	11800
11	4595	16345.323998674215	11802
11	4599	16360.719950060023	11805
11	4607	16378.933169494995	11806
11	4608	16384.31586680334	11797
11	4610	16385.603206416509	11798
11	4621	16430.549858318807	11793
11	4625	16444.505743213532	11801
11	4628	16448.478299625836	11803
11	4633	16473.70471545809	11811
11	4641	16499.422369548498	11791
11	4646	16510.631614363052	11813
11	4647	16525.426848023935	11814
11	4653	16548.209478864146	11815
11	4656	16558.33783475454	11804
11	4660	16571.119817032243	11816
11	4667	16597.791016134269	11808
11	4674	16603.178637067998	11809
11	4703	16703.192487488447	11817
11	4709	16714.824052846223	11826
11	4719	16768.021157838718	11830
11	4725	16782.302311173357	11822
11	4727	16797.015382317843	11823
11	4730	16807.335893815645	11818
11	4733	16815.677081837081	11812
11	4735	16825.936834137792	11833
11	4738	16851.507322582664	11827
11	4743	16865.284932489916	11820
11	4745	16870.078817181141	11829
11	4747	16872.627962435146	11821
11	4753	16905.989295557914	11824
11	4763	16935.893045007767	11819
11	4792	17048.037017645301	11842
11	4796	17059.309554430715	11837
11	4797	17059.850079808629	11838
11	4806	17084.201204024483	11831
11	4807	17084.356628560781	11836
11	4813	17107.560277649274	11845
11	4814	17109.745063376838	11839
11	4824	17158.273137666122	11848
11	4826	17161.809192292408	11849
11	4830	17168.381626378457	11834
11	4847	17215.504005232289	11840
11	4850	17235.320171411274	11846
11	4851	17241.753857825879	11858
11	4855	17264.164234366614	11859
11	4859	17273.918830770351	11850
11	4860	17279.185131711326	11860
11	4862	17282.093576279787	11843
11	4872	17305.814045114849	11844
11	4873	17307.340878848887	11855
11	4880	17326.52516599973	11856
11	4888	17361.637879749344	11847
11	4914	17417.815790972589	11862
11	4918	17432.005868183223	11857
11	4921	17444.522322549155	11870
11	4936	17495.188134598096	11874
11	4938	17496.516531319971	11875
11	4940	17501.815530928231	11876
11	4944	17505.736591136452	11853
11	4945	17512.963790290513	11877
11	4958	17551.560563634006	11871
11	4963	17579.711888957343	11873
11	4967	17595.235310735747	11861
11	4968	17597.689518088766	11864
11	4984	17642.897170948696	11869
11	4988	17662.590948691161	11879
11	4991	17680.435735070922	11880
11	4993	17681.251808536366	11885
11	5007	17726.474469721428	11878
11	5013	17768.409760645279	11886
11	5017	17793.69486876861	11888
11	5019	17805.306398137809	11881
11	5048	17938.040368007262	11892
11	5049	17943.241139188756	11890
11	5053	17986.934307568598	11887
11	5059	18004.145126314297	11896
11	5066	18024.077797074053	11891
11	5067	18027.192024885887	11901
11	5074	18077.18801224887	11903
11	5084	18118.979911107688	11898
11	5091	18131.212179380455	11902
11	5098	18182.8907550082	11908
11	5100	18195.407433322003	11909
11	5102	18202.27653970983	11895
11	5105	18217.298408356961	11897
11	5106	18219.320935760678	11910
11	5126	18306.28305129356	11904
11	5131	18327.198076467205	11899
11	5135	18343.343790253317	11906
11	5137	18367.821907258253	11915
11	5153	18439.957750044598	11905
11	5156	18449.721819039479	11914
11	5160	18479.500804060202	11911
11	5170	18516.055408545453	11917
11	5172	18536.242970873836	11913
11	5185	18588.785941079344	11920
11	5189	18614.417818209643	11924
11	5200	18656.227528592494	11926
11	5205	18691.174586189118	11919
11	5207	18707.03301363155	11928
11	5208	18709.282396449033	11923
11	5210	18717.14583823876	11930
11	5214	18744.217011830334	11925
11	5217	18755.610862494043	11932
11	5224	18789.782734827771	11927
11	5229	18812.620127834614	11929
11	5239	18869.169313648881	11935
11	5240	18869.221991954545	11936
11	5241	18870.843362087733	11922
11	5267	19000.678081457658	11941
11	5276	19062.920657712342	11931
11	5277	19063.509109171111	11934
11	5278	19064.066882329748	11937
11	5287	19093.150786582981	11939
11	5288	19096.76022231031	11940
11	5300	19153.207489217702	11942
11	5301	19153.458627509717	11945
11	5308	19172.912933071445	11948
11	5318	19203.912429281957	11950
11	5321	19211.331398957934	11951
11	5332	19266.121886339846	11956
11	5333	19268.373601955253	11946
11	5337	19279.080984882933	11957
11	5355	19340.34643017129	11943
11	5357	19340.688522625883	11954
11	5362	19357.740988379877	11961
11	5369	19378.55263802639	11947
11	5380	19413.492472111634	11960
11	5387	19440.384849117447	11953
11	5390	19443.597163926411	11944
11	5392	19447.137515997141	11969
11	5397	19468.141714349132	11962
11	5403	19489.308442993406	11949
11	5406	19495.841718703224	11971
11	5408	19508.088409428427	11972
11	5412	19520.422875262466	11952
11	5419	19544.925577855751	11968
11	5434	19594.810568728593	11963
11	5453	19654.406033526911	11973
11	5456	19663.322098545077	11977
11	5465	19702.202240687668	11979
11	5468	19705.095847625595	11975
11	5474	19727.992818682714	11983
11	5475	19730.50675428635	11964
11	5478	19754.043673151434	11985
11	5480	19756.851726095195	11986
11	5484	19771.782860412904	11987
11	5521	19902.563342269678	11978
11	5522	19906.187911366314	11995
11	5523	19907.503874544865	11989
11	5532	19923.262083160338	11991
11	5547	19989.507555188492	11993
11	5548	19999.497039691214	12002
12	235	1079.01126715979	512
12	289	1263.086776994304	512
12	347	1425.367602148819	512
12	349	1426.029967085974	512
12	362	1451.986699595305	512
12	420	1631.455061715993	512
12	457	1758.821435255793	409
12	467	1793.642868624429	409
12	622	2480.746190235847	203
12	698	2867.833879758592	409
12	748	3089.633453696331	409
12	803	3350.932513676308	306
12	884	3716.062811169285	306
12	888	3728.723499406585	512
12	912	3830.558250631899	306
12	959	3997.756282446236	409
12	1047	4256.814923063106	409
12	1073	4332.871930011028	512
12	1117	4476.086815745212	306
12	1253	4883.721285263029	512
12	1315	5133.356560383988	306
12	1364	5305.021903526926	409
12	1378	5381.607512017446	512
12	1417	5499.047710348673	306
12	1466	5651.42158161708	306
12	1539	5950.249835265302	306
12	1612	6212.458773377661	409
12	1710	6558.361311664348	512
12	1836	6985.037521088021	512
12	1972	7438.124762433879	409
12	2021	7577.23967434554	203
12	2043	7660.797817736536	409
12	2196	8254.930148410328	306
12	2248	8412.571379561272	306
12	2252	8422.765398874013	306
12	2298	8565.758701136718	306
12	2312	8632.109348856373	512
12	2332	8701.758139357622	512
12	2348	8759.509017623346	306
12	2439	9091.43757342621	306
12	2495	9221.645286595287	203
12	2604	9539.879279912739	512
12	2617	9589.281026024188	512
12	2744	10044.422966467608	409
12	2762	10095.435333314164	512
12	2804	10268.209285347307	512
12	2824	10352.454592592227	512
12	2956	10794.558084724835	512
12	2975	10855.236367299782	512
12	2977	10862.953944650913	409
12	3047	11083.601691066924	306
12	3081	11173.748383399591	306
12	3083	11191.672807916979	306
12	3096	11230.195029577036	409
12	3205	11523.117690995666	409
12	3207	11526.20070875782	512
12	3217	11540.214713496021	306
12	3247	11634.998188028777	409
12	3304	11824.998090877728	306
12	3363	12015.934263288732	203
12	3365	12023.203824637486	306
12	3418	12187.618939208333	512
12	3435	12243.421810058462	306
12	3459	12312.201184177457	203
12	3472	12369.342466128446	512
12	3528	12540.342366743939	409
12	3582	12714.909557620892	512
12	3645	12957.277473780244	512
12	3651	12971.309687199381	512
12	3703	13155.689391107722	512
12	3711	13174.417016901092	306
12	3761	13368.416436783886	306
12	3811	13575.472989544533	306
12	3852	13723.969065324558	306
12	3885	13844.314458569204	409
12	3899	13900.160052016433	306
12	3903	13904.702509325341	409
12	3914	13960.33536583914	512
12	3995	14299.330110922278	512
12	4053	14495.623416749203	409
12	4133	14736.377935133142	512
12	4144	14752.756140232733	409
12	4168	14843.28245436297	512
12	4214	15002.328278678736	203
12	4235	15069.976191929807	512
12	4262	15168.831019229503	409
12	4305	15321.248657023216	512
12	4412	15746.289414622552	512
12	4447	15895.60053251793	409
12	4491	16054.373325192042	512
12	4598	16352.865778496647	409
12	4624	16441.555879715902	306
12	4631	16469.310505552547	409
12	4664	16590.31586680334	409
12	4723	16777.119817032243	306
12	4755	16909.192487488447	409
12	4781	17003.015382317843	409
12	4801	17071.284932489916	512
12	4852	17254.037017645301	306
12	4865	17290.356628560781	512
12	4891	17367.809192292408	306
12	4920	17441.320171411274	409
12	4927	17470.164234366614	306
12	4960	17560.974039210789	203
12	5026	17848.897170948696	512
12	5061	18011.306398137809	512
12	5093	18144.040368007262	306
12	5109	18230.077797074053	409
12	5146	18408.27653970983	512
12	5149	18423.298408356961	512
12	5176	18549.343790253317	512
12	5203	18685.500804060202	512
12	5246	18897.174586189118	512
12	5252	18923.14583823876	306
12	5363	19359.207489217702	409
12	5364	19359.458627509717	306
12	5420	19546.34643017129	512
12	5534	19933.992818682714	306
13	235	1079.01126715979	12
13	289	1263.086776994304	12
13	347	1425.367602148819	12
13	349	1426.029967085974	12
13	362	1451.986699595305	12
13	420	1631.455061715993	12
13	457	1758.821435255793	9
13	467	1793.642868624429	9
13	622	2480.746190235847	3
13	698	2867.833879758592	9
13	748	3089.633453696331	9
13	803	3350.932513676308	6
13	884	3716.062811169285	6
13	888	3728.723499406585	12
13	912	3830.558250631899	6
13	959	3997.756282446236	9
13	1047	4256.814923063106	9
13	1073	4332.871930011028	12
13	1117	4476.086815745212	6
13	1253	4883.721285263029	12
13	1315	5133.356560383988	6
13	1364	5305.021903526926	9
13	1378	5381.607512017446	12
13	1417	5499.047710348673	6
13	1466	5651.42158161708	6
13	1539	5950.249835265302	6
13	1612	6212.458773377661	9
13	1710	6558.361311664348	12
13	1836	6985.037521088021	12
13	1972	7438.124762433879	9
13	2021	7577.23967434554	3
13	2043	7660.797817736536	9
13	2196	8254.930148410328	6
13	2248	8412.571379561272	6
13	2252	8422.765398874013	6
13	2298	8565.758701136718	6
13	2312	8632.109348856373	12
13	2332	8701.758139357622	12
13	2348	8759.509017623346	6
13	2439	9091.43757342621	6
13	2495	9221.645286595287	3
13	2604	9539.879279912739	12
13	2617	9589.281026024188	12
13	2744	10044.422966467608	9
13	2762	10095.435333314164	12
13	2804	10268.209285347307	12
13	2824	10352.454592592227	12
13	2956	10794.558084724835	12
13	2975	10855.236367299782	12
13	2977	10862.953944650913	9
13	3047	11083.601691066924	6
13	3081	11173.748383399591	6
13	3083	11191.672807916979	6
13	3096	11230.195029577036	9
13	3205	11523.117690995666	9
13	3207	11526.20070875782	12
13	3217	11540.214713496021	6
13	3247	11634.998188028777	9
13	3304	11824.998090877728	6
13	3363	12015.934263288732	3
13	3365	12023.203824637486	6
13	3418	12187.618939208333	12
13	3435	12243.421810058462	6
13	3459	12312.201184177457	3
13	3472	12369.342466128446	12
13	3528	12540.342366743939	9
13	3582	12714.909557620892	12
13	3645	12957.277473780244	12
13	3651	12971.309687199381	12
13	3703	13155.689391107722	12
13	3711	13174.417016901092	6
13	3761	13368.416436783886	6
13	3811	13575.472989544533	6
13	3852	13723.969065324558	6
13	3885	13844.314458569204	9
13	3899	13900.160052016433	6
13	3903	13904.702509325341	9
13	3914	13960.33536583914	12
13	3995	14299.330110922278	12
13	4053	14495.623416749203	9
13	4133	14736.377935133142	12
13	4144	14752.756140232733	9
13	4168	14843.28245436297	12
13	4214	15002.328278678736	3
13	4235	15069.976191929807	12
13	4262	15168.831019229503	9
13	4305	15321.248657023216	12
13	4412	15746.289414622552	12
13	4447	15895.60053251793	9
13	4491	16054.373325192042	12
13	4598	16352.865778496647	9
13	4624	16441.555879715902	6
13	4631	16469.310505552547	9
13	4664	16590.31586680334	9
13	4723	16777.119817032243	6
13	4755	16909.192487488447	9
13	4781	17003.015382317843	9
13	4801	17071.284932489916	12
13	4852	17254.037017645301	6
13	4865	17290.356628560781	12
13	4891	17367.809192292408	6
13	4920	17441.320171411274	9
13	4927	17470.164234366614	6
13	4960	17560.974039210789	3
13	5026	17848.897170948696	12
13	5061	18011.306398137809	12
13	5093	18144.040368007262	6
13	5109	18230.077797074053	9
13	5146	18408.27653970983	12
13	5149	18423.298408356961	12
13	5176	18549.343790253317	12
13	5203	18685.500804060202	12
13	5246	18897.174586189118	12
13	5252	18923.14583823876	6
13	5363	19359.207489217702	9
13	5364	19359.458627509717	6
13	5420	19546.34643017129	12
13	5534	19933.992818682714	6
14	235	1079.01126715979	4
14	289	1263.086776994304	4
14	347	1425.367602148819	4
14	349	1426.029967085974	4
14	362	1451.986699595305	4
14	420	1631.455061715993	4
14	457	1758.821435255793	3
14	467	1793.642868624429	3
14	622	2480.746190235847	1
14	698	2867.833879758592	3
14	748	3089.633453696331	3
14	803	3350.932513676308	2
14	884	3716.062811169285	2
14	888	3728.723499406585	4
14	912	3830.558250631899	2
14	959	3997.756282446236	3
14	1047	4256.814923063106	3
14	1073	4332.871930011028	4
14	1117	4476.086815745212	2
14	1253	4883.721285263029	4
14	1315	5133.356560383988	2
14	1364	5305.021903526926	3
14	1378	5381.607512017446	4
14	1417	5499.047710348673	2
14	1466	5651.42158161708	2
14	1539	5950.249835265302	2
14	1612	6212.458773377661	3
14	1710	6558.361311664348	4
14	1836	6985.037521088021	4
14	1972	7438.124762433879	3
14	2021	7577.23967434554	1
14	2043	7660.797817736536	3
14	2196	8254.930148410328	2
14	2248	8412.571379561272	2
14	2252	8422.765398874013	2
14	2298	8565.758701136718	2
14	2312	8632.109348856373	4
14	2332	8701.758139357622	4
14	2348	8759.509017623346	2
14	2439	9091.43757342621	2
14	2495	9221.645286595287	1
14	2604	9539.879279912739	4
14	2617	9589.281026024188	4
14	2744	10044.422966467608	3
14	2762	10095.435333314164	4
14	2804	10268.209285347307	4
14	2824	10352.454592592227	4
14	2956	10794.558084724835	4
14	2975	10855.236367299782	4
14	2977	10862.953944650913	3
14	3047	11083.601691066924	2
14	3081	11173.748383399591	2
14	3083	11191.672807916979	2
14	3096	11230.195029577036	3
14	3205	11523.117690995666	3
14	3207	11526.20070875782	4
14	3217	11540.214713496021	2
14	3247	11634.998188028777	3
14	3304	11824.998090877728	2
14	3363	12015.934263288732	1
14	3365	12023.203824637486	2
14	3418	12187.618939208333	4
14	3435	12243.421810058462	2
14	3459	12312.201184177457	1
14	3472	12369.342466128446	4
14	3528	12540.342366743939	3
14	3582	12714.909557620892	4
14	3645	12957.277473780244	4
14	3651	12971.309687199381	4
14	3703	13155.689391107722	4
14	3711	13174.417016901092	2
14	3761	13368.416436783886	2
14	3811	13575.472989544533	2
14	3852	13723.969065324558	2
14	3885	13844.314458569204	3
14	3899	13900.160052016433	2
14	3903	13904.702509325341	3
14	3914	13960.33536583914	4
14	3995	14299.330110922278	4
14	4053	14495.623416749203	3
14	4133	14736.377935133142	4
14	4144	14752.756140232733	3
14	4168	14843.28245436297	4
14	4214	15002.328278678736	1
14	4235	15069.976191929807	4
14	4262	15168.831019229503	3
14	4305	15321.248657023216	4
14	4412	15746.289414622552	4
14	4447	15895.60053251793	3
14	4491	16054.373325192042	4
14	4598	16352.865778496647	3
14	4624	16441.555879715902	2
14	4631	16469.310505552547	3
14	4664	16590.31586680334	3
14	4723	16777.119817032243	2
14	4755	16909.192487488447	3
14	4781	17003.015382317843	3
14	4801	17071.284932489916	4
14	4852	17254.037017645301	2
14	4865	17290.356628560781	4
14	4891	17367.809192292408	2
14	4920	17441.320171411274	3
14	4927	17470.164234366614	2
14	4960	17560.974039210789	1
14	5026	17848.897170948696	4
14	5061	18011.306398137809	4
14	5093	18144.040368007262	2
14	5109	18230.077797074053	3
14	5146	18408.27653970983	4
14	5149	18423.298408356961	4
14	5176	18549.343790253317	4
14	5203	18685.500804060202	4
14	5246	18897.174586189118	4
14	5252	18923.14583823876	2
14	5363	19359.207489217702	3
14	5364	19359.458627509717	2
14	5420	19546.34643017129	4
14	5534	19933.992818682714	2
15	282	1228.018407520443	306
15	306	1304.085020187896	409
15	370	1471.461796770481	203
15	380	1501.083855172275	306
15	397	1545.029928843971	409
15	412	1597.876667047184	512
15	425	1636.72293096657	203
15	460	1762.886382178216	409
15	508	1971.763024165482	409
15	528	2062.894280800693	409
15	541	2115.972363806568	203
15	560	2213.555291013391	512
15	591	2332.454354544194	512
15	619	2466.915470639559	203
15	625	2505.853845585437	203
15	719	2967.77797569024	512
15	738	3044.277644935448	306
15	898	3770.724925624473	203
15	913	3833.432986265787	512
15	987	4085.173474963786	409
15	1010	4153.843790553808	203
15	1046	4253.131373329922	306
15	1137	4517.590437395716	512
15	1209	4748.126351829794	306
15	1224	4792.51546698125	512
15	1225	4795.081550732427	306
15	1229	4815.458354871657	512
15	1235	4840.339557307286	409
15	1314	5121.924813046181	409
15	1348	5266.670993251468	512
15	1353	5279.79712714399	512
15	1359	5287.589605771772	409
15	1414	5492.813446019948	409
15	1428	5524.336177011624	512
15	1453	5620.849563635205	203
15	1488	5728.993489163683	306
15	1560	6037.41428582081	409
15	1565	6056.991114041957	512
15	1593	6161.276821851103	306
15	1757	6714.575039945115	203
15	1761	6720.880198261815	512
15	1842	7000.920948589706	409
15	1846	7010.045723147266	512
15	1872	7098.430146573862	203
15	1938	7333.971891708084	306
15	1997	7498.566335235014	409
15	2026	7593.43998491828	203
15	2086	7862.157456246126	409
15	2133	8037.963399679142	512
15	2250	8414.923544494957	512
15	2297	8564.49893985548	409
15	2321	8649.286624773306	306
15	2331	8698.754520431569	306
15	2355	8805.217900599735	306
15	2454	9125.405122570515	306
15	2463	9158.525739244066	306
15	2490	9209.873619459099	306
15	2511	9272.780587802969	306
15	2551	9379.149019721768	203
15	2568	9420.815024484057	512
15	2581	9472.392622696337	306
15	2593	9501.172751887707	512
15	2597	9518.053471857262	203
15	2630	9647.22849925205	306
15	2723	9964.618087339338	409
15	2735	10014.859197359584	512
15	2740	10034.083040076394	306
15	2750	10059.180911464763	409
15	2758	10087.768711303712	306
15	2799	10258.3607922168	203
15	2823	10348.257531856785	512
15	2834	10382.3848042115	512
15	2836	10399.246390739536	409
15	2921	10681.969498551713	409
15	2933	10717.725148682343	306
15	3024	11017.116246271417	409
15	3155	11364.712977047715	512
15	3158	11370.858032980065	512
15	3168	11413.295131995967	409
15	3179	11436.356004312379	512
15	3218	11542.408520652178	409
15	3239	11615.718287730658	306
15	3278	11731.625165662908	306
15	3287	11764.275677144066	409
15	3368	12034.749642560919	306
15	3405	12158.413060053306	306
15	3411	12179.82126688816	203
15	3431	12223.248872617588	306
15	3456	12307.927738302676	203
15	3479	12388.151171373994	409
15	3514	12491.382287733374	409
15	3542	12568.454986168996	306
15	3543	12575.74282202691	306
15	3569	12663.970263567387	409
15	3581	12710.870430716849	306
15	3621	12876.381724237	409
15	3628	12897.109844992303	203
15	3632	12911.16697755084	409
15	3647	12962.2741398177	512
15	3695	13125.216271871514	203
15	3741	13288.057813684302	409
15	3742	13291.191859171681	306
15	3758	13360.463848141542	203
15	3855	13728.490490724616	409
15	3862	13749.56575414334	306
15	3921	14001.566991539314	306
15	3949	14105.250031302953	306
15	4049	14465.012969211875	306
15	4171	14844.541081895985	306
15	4186	14883.235896689204	306
15	4240	15085.33195912291	512
15	4248	15118.720030493446	512
15	4308	15357.146683578234	306
15	4345	15492.468023300409	203
15	4372	15593.427206615196	306
15	4421	15792.858343882825	409
15	4431	15832.353738245294	409
15	4478	16011.108029627357	409
15	4545	16213.562347540273	409
15	4589	16331.082497268149	512
15	4601	16362.556385728931	409
15	4672	16602.018031218028	512
15	4700	16694.603206416509	512
15	4714	16757.478299625836	512
15	4770	16967.662477479976	306
15	4819	17131.89191555335	203
15	4907	17407.834439453254	306
15	4915	17418.745063376838	512
15	4965	17582.918830770351	512
15	4966	17588.185131711326	409
15	4977	17616.340878848887	512
15	5006	17725.661766986	203
15	5028	17870.905895121199	306
15	5087	18123.364604963766	203
15	5128	18313.145126314297	409
15	5167	18507.093770215867	203
15	5247	18897.785941079344	512
15	5294	19121.620127834614	512
15	5368	19373.066882329748	512
15	5405	19495.678098750962	306
15	5447	19628.97253748505	306
15	5459	19673.511515699213	203
15	5479	19756.137515997141	409
16	282	1228.018407520443	6
16	306	1304.085020187896	9
16	370	1471.461796770481	3
16	380	1501.083855172275	6
16	397	1545.029928843971	9
16	412	1597.876667047184	12
16	425	1636.72293096657	3
16	460	1762.886382178216	9
16	508	1971.763024165482	9
16	528	2062.894280800693	9
16	541	2115.972363806568	3
16	560	2213.555291013391	12
16	591	2332.454354544194	12
16	619	2466.915470639559	3
16	625	2505.853845585437	3
16	719	2967.77797569024	12
16	738	3044.277644935448	6
16	898	3770.724925624473	3
16	913	3833.432986265787	12
16	987	4085.173474963786	9
16	1010	4153.843790553808	3
16	1046	4253.131373329922	6
16	1137	4517.590437395716	12
16	1209	4748.126351829794	6
16	1224	4792.51546698125	12
16	1225	4795.081550732427	6
16	1229	4815.458354871657	12
16	1235	4840.339557307286	9
16	1314	5121.924813046181	9
16	1348	5266.670993251468	12
16	1353	5279.79712714399	12
16	1359	5287.589605771772	9
16	1414	5492.813446019948	9
16	1428	5524.336177011624	12
16	1453	5620.849563635205	3
16	1488	5728.993489163683	6
16	1560	6037.41428582081	9
16	1565	6056.991114041957	12
16	1593	6161.276821851103	6
16	1757	6714.575039945115	3
16	1761	6720.880198261815	12
16	1842	7000.920948589706	9
16	1846	7010.045723147266	12
16	1872	7098.430146573862	3
16	1938	7333.971891708084	6
16	1997	7498.566335235014	9
16	2026	7593.43998491828	3
16	2086	7862.157456246126	9
16	2133	8037.963399679142	12
16	2250	8414.923544494957	12
16	2297	8564.49893985548	9
16	2321	8649.286624773306	6
16	2331	8698.754520431569	6
16	2355	8805.217900599735	6
16	2454	9125.405122570515	6
16	2463	9158.525739244066	6
16	2490	9209.873619459099	6
16	2511	9272.780587802969	6
16	2551	9379.149019721768	3
16	2568	9420.815024484057	12
16	2581	9472.392622696337	6
16	2593	9501.172751887707	12
16	2597	9518.053471857262	3
16	2630	9647.22849925205	6
16	2723	9964.618087339338	9
16	2735	10014.859197359584	12
16	2740	10034.083040076394	6
16	2750	10059.180911464763	9
16	2758	10087.768711303712	6
16	2799	10258.3607922168	3
16	2823	10348.257531856785	12
16	2834	10382.3848042115	12
16	2836	10399.246390739536	9
16	2921	10681.969498551713	9
16	2933	10717.725148682343	6
16	3024	11017.116246271417	9
16	3155	11364.712977047715	12
16	3158	11370.858032980065	12
16	3168	11413.295131995967	9
16	3179	11436.356004312379	12
16	3218	11542.408520652178	9
16	3239	11615.718287730658	6
16	3278	11731.625165662908	6
16	3287	11764.275677144066	9
16	3368	12034.749642560919	6
16	3405	12158.413060053306	6
16	3411	12179.82126688816	3
16	3431	12223.248872617588	6
16	3456	12307.927738302676	3
16	3479	12388.151171373994	9
16	3514	12491.382287733374	9
16	3542	12568.454986168996	6
16	3543	12575.74282202691	6
16	3569	12663.970263567387	9
16	3581	12710.870430716849	6
16	3621	12876.381724237	9
16	3628	12897.109844992303	3
16	3632	12911.16697755084	9
16	3647	12962.2741398177	12
16	3695	13125.216271871514	3
16	3741	13288.057813684302	9
16	3742	13291.191859171681	6
16	3758	13360.463848141542	3
16	3855	13728.490490724616	9
16	3862	13749.56575414334	6
16	3921	14001.566991539314	6
16	3949	14105.250031302953	6
16	4049	14465.012969211875	6
16	4171	14844.541081895985	6
16	4186	14883.235896689204	6
16	4240	15085.33195912291	12
16	4248	15118.720030493446	12
16	4308	15357.146683578234	6
16	4345	15492.468023300409	3
16	4372	15593.427206615196	6
16	4421	15792.858343882825	9
16	4431	15832.353738245294	9
16	4478	16011.108029627357	9
16	4545	16213.562347540273	9
16	4589	16331.082497268149	12
16	4601	16362.556385728931	9
16	4672	16602.018031218028	12
16	4700	16694.603206416509	12
16	4714	16757.478299625836	12
16	4770	16967.662477479976	6
16	4819	17131.89191555335	3
16	4907	17407.834439453254	6
16	4915	17418.745063376838	12
16	4965	17582.918830770351	12
16	4966	17588.185131711326	9
16	4977	17616.340878848887	12
16	5006	17725.661766986	3
16	5028	17870.905895121199	6
16	5087	18123.364604963766	3
16	5128	18313.145126314297	9
16	5167	18507.093770215867	3
16	5247	18897.785941079344	12
16	5294	19121.620127834614	12
16	5368	19373.066882329748	12
16	5405	19495.678098750962	6
16	5447	19628.97253748505	6
16	5459	19673.511515699213	3
16	5479	19756.137515997141	9
17	282	1228.018407520443	2
17	306	1304.085020187896	3
17	370	1471.461796770481	1
17	380	1501.083855172275	2
17	397	1545.029928843971	3
17	412	1597.876667047184	4
17	425	1636.72293096657	1
17	460	1762.886382178216	3
17	508	1971.763024165482	3
17	528	2062.894280800693	3
17	541	2115.972363806568	1
17	560	2213.555291013391	4
17	591	2332.454354544194	4
17	619	2466.915470639559	1
17	625	2505.853845585437	1
17	719	2967.77797569024	4
17	738	3044.277644935448	2
17	898	3770.724925624473	1
17	913	3833.432986265787	4
17	987	4085.173474963786	3
17	1010	4153.843790553808	1
17	1046	4253.131373329922	2
17	1137	4517.590437395716	4
17	1209	4748.126351829794	2
17	1224	4792.51546698125	4
17	1225	4795.081550732427	2
17	1229	4815.458354871657	4
17	1235	4840.339557307286	3
17	1314	5121.924813046181	3
17	1348	5266.670993251468	4
17	1353	5279.79712714399	4
17	1359	5287.589605771772	3
17	1414	5492.813446019948	3
17	1428	5524.336177011624	4
17	1453	5620.849563635205	1
17	1488	5728.993489163683	2
17	1560	6037.41428582081	3
17	1565	6056.991114041957	4
17	1593	6161.276821851103	2
17	1757	6714.575039945115	1
17	1761	6720.880198261815	4
17	1842	7000.920948589706	3
17	1846	7010.045723147266	4
17	1872	7098.430146573862	1
17	1938	7333.971891708084	2
17	1997	7498.566335235014	3
17	2026	7593.43998491828	1
17	2086	7862.157456246126	3
17	2133	8037.963399679142	4
17	2250	8414.923544494957	4
17	2297	8564.49893985548	3
17	2321	8649.286624773306	2
17	2331	8698.754520431569	2
17	2355	8805.217900599735	2
17	2454	9125.405122570515	2
17	2463	9158.525739244066	2
17	2490	9209.873619459099	2
17	2511	9272.780587802969	2
17	2551	9379.149019721768	1
17	2568	9420.815024484057	4
17	2581	9472.392622696337	2
17	2593	9501.172751887707	4
17	2597	9518.053471857262	1
17	2630	9647.22849925205	2
17	2723	9964.618087339338	3
17	2735	10014.859197359584	4
17	2740	10034.083040076394	2
17	2750	10059.180911464763	3
17	2758	10087.768711303712	2
17	2799	10258.3607922168	1
17	2823	10348.257531856785	4
17	2834	10382.3848042115	4
17	2836	10399.246390739536	3
17	2921	10681.969498551713	3
17	2933	10717.725148682343	2
17	3024	11017.116246271417	3
17	3155	11364.712977047715	4
17	3158	11370.858032980065	4
17	3168	11413.295131995967	3
17	3179	11436.356004312379	4
17	3218	11542.408520652178	3
17	3239	11615.718287730658	2
17	3278	11731.625165662908	2
17	3287	11764.275677144066	3
17	3368	12034.749642560919	2
17	3405	12158.413060053306	2
17	3411	12179.82126688816	1
17	3431	12223.248872617588	2
17	3456	12307.927738302676	1
17	3479	12388.151171373994	3
17	3514	12491.382287733374	3
17	3542	12568.454986168996	2
17	3543	12575.74282202691	2
17	3569	12663.970263567387	3
17	3581	12710.870430716849	2
17	3621	12876.381724237	3
17	3628	12897.109844992303	1
17	3632	12911.16697755084	3
17	3647	12962.2741398177	4
17	3695	13125.216271871514	1
17	3741	13288.057813684302	3
17	3742	13291.191859171681	2
17	3758	13360.463848141542	1
17	3855	13728.490490724616	3
17	3862	13749.56575414334	2
17	3921	14001.566991539314	2
17	3949	14105.250031302953	2
17	4049	14465.012969211875	2
17	4171	14844.541081895985	2
17	4186	14883.235896689204	2
17	4240	15085.33195912291	4
17	4248	15118.720030493446	4
17	4308	15357.146683578234	2
17	4345	15492.468023300409	1
17	4372	15593.427206615196	2
17	4421	15792.858343882825	3
17	4431	15832.353738245294	3
17	4478	16011.108029627357	3
17	4545	16213.562347540273	3
17	4589	16331.082497268149	4
17	4601	16362.556385728931	3
17	4672	16602.018031218028	4
17	4700	16694.603206416509	4
17	4714	16757.478299625836	4
17	4770	16967.662477479976	2
17	4819	17131.89191555335	1
17	4907	17407.834439453254	2
17	4915	17418.745063376838	4
17	4965	17582.918830770351	4
17	4966	17588.185131711326	3
17	4977	17616.340878848887	4
17	5006	17725.661766986	1
17	5028	17870.905895121199	2
17	5087	18123.364604963766	1
17	5128	18313.145126314297	3
17	5167	18507.093770215867	1
17	5247	18897.785941079344	4
17	5294	19121.620127834614	4
17	5368	19373.066882329748	4
17	5405	19495.678098750962	2
17	5447	19628.97253748505	2
17	5459	19673.511515699213	1
17	5479	19756.137515997141	3
18	258	1156.089162517208	409
18	437	1670.857525057208	203
18	475	1837.157101315121	409
18	553	2170.129703082506	409
18	575	2267.860130934559	512
18	596	2369.864343604309	306
18	618	2461.7880654143	409
18	642	2589.576674360022	306
18	665	2712.65665821775	512
18	714	2933.343766238897	512
18	720	2979.627531918632	306
18	780	3235.455510667261	306
18	977	4063.794278551028	512
18	1121	4483.267178774149	409
18	1172	4618.310622837547	203
18	1201	4720.415234502303	512
18	1204	4734.881368185615	409
18	1206	4742.975282205265	203
18	1215	4766.247646640151	203
18	1395	5418.871077184034	203
18	1418	5499.193153388243	512
18	1478	5698.117846835771	306
18	1501	5791.912942864078	409
18	1537	5945.513730828056	512
18	1547	5969.857101068271	409
18	1570	6072.345176585316	512
18	1599	6185.812257110304	203
18	1649	6368.055723877349	306
18	1677	6465.042856526335	306
18	1679	6471.134476404822	512
18	1687	6491.245409548861	306
18	1722	6595.112660862199	203
18	1734	6627.112580353463	409
18	1769	6760.413489900375	203
18	1783	6797.193381898408	306
18	1809	6894.638075891534	409
18	1815	6903.720687776002	512
18	1834	6984.883787097264	512
18	1863	7067.336152768166	306
18	1865	7077.993533401108	306
18	1880	7131.506289834287	306
18	1901	7195.568125115185	512
18	1969	7431.444531067706	409
18	1988	7474.68637482992	512
18	1993	7492.056577910296	203
18	2036	7641.707404885035	409
18	2048	7681.475271778098	409
18	2049	7687.361906848358	306
18	2050	7692.85976571931	203
18	2055	7706.137548708795	306
18	2065	7762.13851648194	306
18	2075	7807.77875420386	409
18	2169	8157.78991034517	409
18	2207	8280.510346990311	306
18	2251	8418.155439870074	512
18	2269	8468.201969235423	512
18	2307	8604.321850116489	203
18	2329	8687.989275527227	409
18	2336	8722.220680234969	409
18	2340	8744.813893701088	306
18	2360	8832.743860793715	306
18	2539	9341.928831358199	306
18	2549	9378.733612246576	512
18	2589	9493.07395443701	512
18	2611	9572.6535618563	512
18	2620	9608.050529365893	409
18	2624	9630.292683090336	512
18	2668	9786.444561619402	203
18	2689	9857.411824345761	512
18	2711	9938.138186978663	306
18	2714	9941.870769530767	512
18	2830	10370.780777951377	512
18	2899	10604.6046975253	203
18	2916	10655.427242997258	409
18	2929	10706.617389053464	203
18	3019	11007.691433507011	409
18	3090	11214.905643867194	306
18	3171	11421.472908493951	409
18	3250	11639.77302188821	512
18	3257	11668.987757834315	512
18	3310	11843.960498023529	512
18	3319	11882.71318361212	512
18	3324	11890.80586197535	512
18	3355	11986.143846727978	306
18	3373	12054.522067619533	512
18	3413	12181.684387949593	306
18	3457	12311.1727197882	306
18	3483	12394.546846168637	409
18	3519	12502.605437613728	306
18	3524	12517.391269328282	306
18	3567	12658.27106006516	409
18	3574	12688.045927666895	306
18	3607	12827.871624257328	306
18	3665	13020.414741717793	203
18	3737	13274.991476522822	306
18	3739	13281.107787119677	306
18	3757	13359.446810388865	512
18	3771	13407.860353690178	512
18	3812	13580.647255728172	512
18	3945	14095.829977084937	203
18	3946	14100.868641520205	203
18	4089	14600.245680062612	203
18	4123	14704.353792083815	512
18	4159	14812.313047995211	409
18	4187	14898.105307462414	306
18	4197	14940.544306389159	409
18	4208	14970.764910544114	409
18	4231	15054.457561637987	203
18	4279	15223.6474597282	409
18	4302	15315.792457848511	306
18	4382	15628.91142461285	409
18	4400	15698.599634132634	306
18	4402	15709.385542342961	306
18	4417	15773.857407984032	306
18	4443	15862.309295048457	409
18	4529	16159.890307752064	512
18	4558	16245.814591716045	409
18	4559	16247.887663835935	409
18	4586	16315.021541155312	306
18	4681	16636.612524369653	409
18	4685	16654.323998674215	409
18	4693	16669.719950060023	409
18	4779	16991.623898340557	306
18	4787	17023.824052846223	409
18	4825	17160.507322582664	512
18	4863	17282.352003136072	203
18	4892	17368.850079808629	512
18	4937	17495.713769999096	203
18	4983	17635.52516599973	512
18	5054	17989.435735070922	512
18	5055	17990.251808536366	409
18	5064	18020.347625739629	306
18	5116	18252.241139188756	512
18	5165	18504.407433322003	409
18	5309	19178.169313648881	409
18	5310	19178.221991954545	409
18	5376	19402.150786582981	512
18	5409	19509.911137698412	306
18	5491	19804.841718703224	409
18	5529	19915.931548384071	306
18	5541	19972.322098545077	409
19	258	1156.089162517208	9
19	437	1670.857525057208	3
19	475	1837.157101315121	9
19	553	2170.129703082506	9
19	575	2267.860130934559	12
19	596	2369.864343604309	6
19	618	2461.7880654143	9
19	642	2589.576674360022	6
19	665	2712.65665821775	12
19	714	2933.343766238897	12
19	720	2979.627531918632	6
19	780	3235.455510667261	6
19	977	4063.794278551028	12
19	1121	4483.267178774149	9
19	1172	4618.310622837547	3
19	1201	4720.415234502303	12
19	1204	4734.881368185615	9
19	1206	4742.975282205265	3
19	1215	4766.247646640151	3
19	1395	5418.871077184034	3
19	1418	5499.193153388243	12
19	1478	5698.117846835771	6
19	1501	5791.912942864078	9
19	1537	5945.513730828056	12
19	1547	5969.857101068271	9
19	1570	6072.345176585316	12
19	1599	6185.812257110304	3
19	1649	6368.055723877349	6
19	1677	6465.042856526335	6
19	1679	6471.134476404822	12
19	1687	6491.245409548861	6
19	1722	6595.112660862199	3
19	1734	6627.112580353463	9
19	1769	6760.413489900375	3
19	1783	6797.193381898408	6
19	1809	6894.638075891534	9
19	1815	6903.720687776002	12
19	1834	6984.883787097264	12
19	1863	7067.336152768166	6
19	1865	7077.993533401108	6
19	1880	7131.506289834287	6
19	1901	7195.568125115185	12
19	1969	7431.444531067706	9
19	1988	7474.68637482992	12
19	1993	7492.056577910296	3
19	2036	7641.707404885035	9
19	2048	7681.475271778098	9
19	2049	7687.361906848358	6
19	2050	7692.85976571931	3
19	2055	7706.137548708795	6
19	2065	7762.13851648194	6
19	2075	7807.77875420386	9
19	2169	8157.78991034517	9
19	2207	8280.510346990311	6
19	2251	8418.155439870074	12
19	2269	8468.201969235423	12
19	2307	8604.321850116489	3
19	2329	8687.989275527227	9
19	2336	8722.220680234969	9
19	2340	8744.813893701088	6
19	2360	8832.743860793715	6
19	2539	9341.928831358199	6
19	2549	9378.733612246576	12
19	2589	9493.07395443701	12
19	2611	9572.6535618563	12
19	2620	9608.050529365893	9
19	2624	9630.292683090336	12
19	2668	9786.444561619402	3
19	2689	9857.411824345761	12
19	2711	9938.138186978663	6
19	2714	9941.870769530767	12
19	2830	10370.780777951377	12
19	2899	10604.6046975253	3
19	2916	10655.427242997258	9
19	2929	10706.617389053464	3
19	3019	11007.691433507011	9
19	3090	11214.905643867194	6
19	3171	11421.472908493951	9
19	3250	11639.77302188821	12
19	3257	11668.987757834315	12
19	3310	11843.960498023529	12
19	3319	11882.71318361212	12
19	3324	11890.80586197535	12
19	3355	11986.143846727978	6
19	3373	12054.522067619533	12
19	3413	12181.684387949593	6
19	3457	12311.1727197882	6
19	3483	12394.546846168637	9
19	3519	12502.605437613728	6
19	3524	12517.391269328282	6
19	3567	12658.27106006516	9
19	3574	12688.045927666895	6
19	3607	12827.871624257328	6
19	3665	13020.414741717793	3
19	3737	13274.991476522822	6
19	3739	13281.107787119677	6
19	3757	13359.446810388865	12
19	3771	13407.860353690178	12
19	3812	13580.647255728172	12
19	3945	14095.829977084937	3
19	3946	14100.868641520205	3
19	4089	14600.245680062612	3
19	4123	14704.353792083815	12
19	4159	14812.313047995211	9
19	4187	14898.105307462414	6
19	4197	14940.544306389159	9
19	4208	14970.764910544114	9
19	4231	15054.457561637987	3
19	4279	15223.6474597282	9
19	4302	15315.792457848511	6
19	4382	15628.91142461285	9
19	4400	15698.599634132634	6
19	4402	15709.385542342961	6
19	4417	15773.857407984032	6
19	4443	15862.309295048457	9
19	4529	16159.890307752064	12
19	4558	16245.814591716045	9
19	4559	16247.887663835935	9
19	4586	16315.021541155312	6
19	4681	16636.612524369653	9
19	4685	16654.323998674215	9
19	4693	16669.719950060023	9
19	4779	16991.623898340557	6
19	4787	17023.824052846223	9
19	4825	17160.507322582664	12
19	4863	17282.352003136072	3
19	4892	17368.850079808629	12
19	4937	17495.713769999096	3
19	4983	17635.52516599973	12
19	5054	17989.435735070922	12
19	5055	17990.251808536366	9
19	5064	18020.347625739629	6
19	5116	18252.241139188756	12
19	5165	18504.407433322003	9
19	5309	19178.169313648881	9
19	5310	19178.221991954545	9
19	5376	19402.150786582981	12
19	5409	19509.911137698412	6
19	5491	19804.841718703224	9
19	5529	19915.931548384071	6
19	5541	19972.322098545077	9
20	258	1156.089162517208	3
20	437	1670.857525057208	1
20	475	1837.157101315121	3
20	553	2170.129703082506	3
20	575	2267.860130934559	4
20	596	2369.864343604309	2
20	618	2461.7880654143	3
20	642	2589.576674360022	2
20	665	2712.65665821775	4
20	714	2933.343766238897	4
20	720	2979.627531918632	2
20	780	3235.455510667261	2
20	977	4063.794278551028	4
20	1121	4483.267178774149	3
20	1172	4618.310622837547	1
20	1201	4720.415234502303	4
20	1204	4734.881368185615	3
20	1206	4742.975282205265	1
20	1215	4766.247646640151	1
20	1395	5418.871077184034	1
20	1418	5499.193153388243	4
20	1478	5698.117846835771	2
20	1501	5791.912942864078	3
20	1537	5945.513730828056	4
20	1547	5969.857101068271	3
20	1570	6072.345176585316	4
20	1599	6185.812257110304	1
20	1649	6368.055723877349	2
20	1677	6465.042856526335	2
20	1679	6471.134476404822	4
20	1687	6491.245409548861	2
20	1722	6595.112660862199	1
20	1734	6627.112580353463	3
20	1769	6760.413489900375	1
20	1783	6797.193381898408	2
20	1809	6894.638075891534	3
20	1815	6903.720687776002	4
20	1834	6984.883787097264	4
20	1863	7067.336152768166	2
20	1865	7077.993533401108	2
20	1880	7131.506289834287	2
20	1901	7195.568125115185	4
20	1969	7431.444531067706	3
20	1988	7474.68637482992	4
20	1993	7492.056577910296	1
20	2036	7641.707404885035	3
20	2048	7681.475271778098	3
20	2049	7687.361906848358	2
20	2050	7692.85976571931	1
20	2055	7706.137548708795	2
20	2065	7762.13851648194	2
20	2075	7807.77875420386	3
20	2169	8157.78991034517	3
20	2207	8280.510346990311	2
20	2251	8418.155439870074	4
20	2269	8468.201969235423	4
20	2307	8604.321850116489	1
20	2329	8687.989275527227	3
20	2336	8722.220680234969	3
20	2340	8744.813893701088	2
20	2360	8832.743860793715	2
20	2539	9341.928831358199	2
20	2549	9378.733612246576	4
20	2589	9493.07395443701	4
20	2611	9572.6535618563	4
20	2620	9608.050529365893	3
20	2624	9630.292683090336	4
20	2668	9786.444561619402	1
20	2689	9857.411824345761	4
20	2711	9938.138186978663	2
20	2714	9941.870769530767	4
20	2830	10370.780777951377	4
20	2899	10604.6046975253	1
20	2916	10655.427242997258	3
20	2929	10706.617389053464	1
20	3019	11007.691433507011	3
20	3090	11214.905643867194	2
20	3171	11421.472908493951	3
20	3250	11639.77302188821	4
20	3257	11668.987757834315	4
20	3310	11843.960498023529	4
20	3319	11882.71318361212	4
20	3324	11890.80586197535	4
20	3355	11986.143846727978	2
20	3373	12054.522067619533	4
20	3413	12181.684387949593	2
20	3457	12311.1727197882	2
20	3483	12394.546846168637	3
20	3519	12502.605437613728	2
20	3524	12517.391269328282	2
20	3567	12658.27106006516	3
20	3574	12688.045927666895	2
20	3607	12827.871624257328	2
20	3665	13020.414741717793	1
20	3737	13274.991476522822	2
20	3739	13281.107787119677	2
20	3757	13359.446810388865	4
20	3771	13407.860353690178	4
20	3812	13580.647255728172	4
20	3945	14095.829977084937	1
20	3946	14100.868641520205	1
20	4089	14600.245680062612	1
20	4123	14704.353792083815	4
20	4159	14812.313047995211	3
20	4187	14898.105307462414	2
20	4197	14940.544306389159	3
20	4208	14970.764910544114	3
20	4231	15054.457561637987	1
20	4279	15223.6474597282	3
20	4302	15315.792457848511	2
20	4382	15628.91142461285	3
20	4400	15698.599634132634	2
20	4402	15709.385542342961	2
20	4417	15773.857407984032	2
20	4443	15862.309295048457	3
20	4529	16159.890307752064	4
20	4558	16245.814591716045	3
20	4559	16247.887663835935	3
20	4586	16315.021541155312	2
20	4681	16636.612524369653	3
20	4685	16654.323998674215	3
20	4693	16669.719950060023	3
20	4779	16991.623898340557	2
20	4787	17023.824052846223	3
20	4825	17160.507322582664	4
20	4863	17282.352003136072	1
20	4892	17368.850079808629	4
20	4937	17495.713769999096	1
20	4983	17635.52516599973	4
20	5054	17989.435735070922	4
20	5055	17990.251808536366	3
20	5064	18020.347625739629	2
20	5116	18252.241139188756	4
20	5165	18504.407433322003	3
20	5309	19178.169313648881	3
20	5310	19178.221991954545	3
20	5376	19402.150786582981	4
20	5409	19509.911137698412	2
20	5491	19804.841718703224	3
20	5529	19915.931548384071	2
20	5541	19972.322098545077	3
21	233	1069.776791875764	306
21	273	1196.809319686259	306
21	285	1238.699634080264	306
21	291	1269.084916721498	409
21	296	1280.527881674295	203
21	310	1321.526506205231	306
21	341	1402.168210603908	512
21	386	1525.601366934112	409
21	402	1557.819887399351	409
21	461	1765.589749921505	409
21	464	1776.46571706079	409
21	471	1816.17810415544	512
21	501	1948.24843438796	306
21	505	1963.282366733754	512
21	523	2041.872108616835	203
21	532	2082.468758953106	409
21	546	2126.83829698501	306
21	564	2222.393703016852	512
21	570	2239.30948168531	409
21	605	2412.083861194083	409
21	668	2729.082047690114	306
21	677	2763.468050850293	203
21	683	2785.683675919434	203
21	745	3086.602559946271	306
21	751	3116.509547936881	306
21	825	3473.507764985097	203
21	850	3579.202512729831	409
21	864	3632.330152820767	512
21	954	3985.364698889905	512
21	1003	4140.787277948807	203
21	1036	4223.886181446542	512
21	1040	4238.050093926106	306
21	1082	4369.201784197139	409
21	1139	4526.965288602248	512
21	1142	4534.392662323698	306
21	1148	4554.665276226011	409
21	1162	4587.011734503562	512
21	1214	4760.966182956702	203
21	1285	5007.058019472757	512
21	1296	5054.515257875277	203
21	1309	5089.536033017216	306
21	1316	5135.55114584291	409
21	1461	5634.489311334992	306
21	1522	5866.218937182335	306
21	1527	5903.069401054388	203
21	1529	5904.965236150146	512
21	1569	6064.646138891439	512
21	1646	6361.430557046017	512
21	1696	6510.373489430142	512
21	1732	6624.447515387061	512
21	1787	6806.748280072866	409
21	1810	6894.875448230974	306
21	1820	6927.212059180331	203
21	1830	6970.699375058045	306
21	1857	7040.089773178974	409
21	1954	7378.865266913358	306
21	1975	7448.540150176259	306
21	2001	7502.239889494948	512
21	2037	7644.76863641858	512
21	2088	7872.165893761772	306
21	2091	7879.418797316418	409
21	2101	7919.197189672488	306
21	2109	7937.263301359073	306
21	2153	8108.149257168157	512
21	2212	8303.601721526515	512
21	2247	8411.211150021105	512
21	2281	8509.900999081877	203
21	2294	8549.778207450716	203
21	2339	8735.79504059084	512
21	2349	8769.752876234434	512
21	2389	8956.165581709082	512
21	2415	9027.937032965554	512
21	2447	9110.325668628438	306
21	2459	9142.023388221227	306
21	2467	9164.050024141975	512
21	2566	9409.287577053922	409
21	2582	9474.77710095419	203
21	2586	9484.772662808602	306
21	2591	9497.507113173476	203
21	2622	9611.724079421516	512
21	2783	10189.652689495492	306
21	2843	10425.714006023574	512
21	2849	10445.446576966988	512
21	2949	10766.185026279389	409
21	2969	10842.890007134367	306
21	2981	10881.808202266605	512
21	3006	10958.226596118317	512
21	3031	11041.586627467266	512
21	3042	11060.382795410433	512
21	3122	11296.369120847782	409
21	3146	11351.192850444727	512
21	3147	11352.174406525923	512
21	3154	11361.472756561731	306
21	3164	11391.432486445313	203
21	3253	11651.703136737838	306
21	3259	11673.309446606812	203
21	3262	11677.982463535219	409
21	3308	11839.716463108871	306
21	3509	12475.1288359465	512
21	3523	12510.206089010934	512
21	3588	12748.474270503886	409
21	3629	12897.257669111818	512
21	3643	12949.779328515003	512
21	3687	13095.387092904222	306
21	3777	13421.116699800561	512
21	3800	13523.582727227407	512
21	3837	13670.101254574713	409
21	3869	13797.118122624739	409
21	3882	13828.80765032544	306
21	3930	14026.626869936254	409
21	3956	14136.386367719522	203
21	4005	14328.827908031499	306
21	4047	14458.711114733083	409
21	4084	14573.401201699132	512
21	4139	14743.796956434957	512
21	4165	14836.222986945592	512
21	4178	14861.304054992282	512
21	4221	15022.284078079545	409
21	4266	15183.629599931533	203
21	4278	15223.312102214705	306
21	4291	15275.306986110265	203
21	4311	15361.371043602355	306
21	4370	15587.084174308671	512
21	4371	15587.347684232152	306
21	4482	16032.676040764504	512
21	4508	16106.816587799795	409
21	4555	16244.681529231109	409
21	4560	16249.427964136058	512
21	4590	16331.497507079214	512
21	4594	16344.70024256757	203
21	4636	16488.166050204672	203
21	4682	16637.851365992154	306
21	4705	16704.359224802946	512
21	4764	16937.426848023935	512
21	4772	16972.042650676151	203
21	4835	17180.021157838718	512
21	4941	17502.207945807359	409
21	4949	17519.560277649274	512
21	4974	17607.327166016294	306
21	5039	17908.516531319971	512
21	5075	18078.670770632179	203
21	5192	18631.320935760678	512
21	5271	19026.537075732028	306
21	5293	19119.03301363155	512
21	5339	19283.709839330573	409
21	5379	19412.678081457658	512
21	5415	19529.933196834001	203
21	5417	19541.665913259446	203
21	5530	19920.088409428427	512
22	233	1069.776791875764	6
22	273	1196.809319686259	6
22	285	1238.699634080264	6
22	291	1269.084916721498	9
22	296	1280.527881674295	3
22	310	1321.526506205231	6
22	341	1402.168210603908	12
22	386	1525.601366934112	9
22	402	1557.819887399351	9
22	461	1765.589749921505	9
22	464	1776.46571706079	9
22	471	1816.17810415544	12
22	501	1948.24843438796	6
22	505	1963.282366733754	12
22	523	2041.872108616835	3
22	532	2082.468758953106	9
22	546	2126.83829698501	6
22	564	2222.393703016852	12
22	570	2239.30948168531	9
22	605	2412.083861194083	9
22	668	2729.082047690114	6
22	677	2763.468050850293	3
22	683	2785.683675919434	3
22	745	3086.602559946271	6
22	751	3116.509547936881	6
22	825	3473.507764985097	3
22	850	3579.202512729831	9
22	864	3632.330152820767	12
22	954	3985.364698889905	12
22	1003	4140.787277948807	3
22	1036	4223.886181446542	12
22	1040	4238.050093926106	6
22	1082	4369.201784197139	9
22	1139	4526.965288602248	12
22	1142	4534.392662323698	6
22	1148	4554.665276226011	9
22	1162	4587.011734503562	12
22	1214	4760.966182956702	3
22	1285	5007.058019472757	12
22	1296	5054.515257875277	3
22	1309	5089.536033017216	6
22	1316	5135.55114584291	9
22	1461	5634.489311334992	6
22	1522	5866.218937182335	6
22	1527	5903.069401054388	3
22	1529	5904.965236150146	12
22	1569	6064.646138891439	12
22	1646	6361.430557046017	12
22	1696	6510.373489430142	12
22	1732	6624.447515387061	12
22	1787	6806.748280072866	9
22	1810	6894.875448230974	6
22	1820	6927.212059180331	3
22	1830	6970.699375058045	6
22	1857	7040.089773178974	9
22	1954	7378.865266913358	6
22	1975	7448.540150176259	6
22	2001	7502.239889494948	12
22	2037	7644.76863641858	12
22	2088	7872.165893761772	6
22	2091	7879.418797316418	9
22	2101	7919.197189672488	6
22	2109	7937.263301359073	6
22	2153	8108.149257168157	12
22	2212	8303.601721526515	12
22	2247	8411.211150021105	12
22	2281	8509.900999081877	3
22	2294	8549.778207450716	3
22	2339	8735.79504059084	12
22	2349	8769.752876234434	12
22	2389	8956.165581709082	12
22	2415	9027.937032965554	12
22	2447	9110.325668628438	6
22	2459	9142.023388221227	6
22	2467	9164.050024141975	12
22	2566	9409.287577053922	9
22	2582	9474.77710095419	3
22	2586	9484.772662808602	6
22	2591	9497.507113173476	3
22	2622	9611.724079421516	12
22	2783	10189.652689495492	6
22	2843	10425.714006023574	12
22	2849	10445.446576966988	12
22	2949	10766.185026279389	9
22	2969	10842.890007134367	6
22	2981	10881.808202266605	12
22	3006	10958.226596118317	12
22	3031	11041.586627467266	12
22	3042	11060.382795410433	12
22	3122	11296.369120847782	9
22	3146	11351.192850444727	12
22	3147	11352.174406525923	12
22	3154	11361.472756561731	6
22	3164	11391.432486445313	3
22	3253	11651.703136737838	6
22	3259	11673.309446606812	3
22	3262	11677.982463535219	9
22	3308	11839.716463108871	6
22	3509	12475.1288359465	12
22	3523	12510.206089010934	12
22	3588	12748.474270503886	9
22	3629	12897.257669111818	12
22	3643	12949.779328515003	12
22	3687	13095.387092904222	6
22	3777	13421.116699800561	12
22	3800	13523.582727227407	12
22	3837	13670.101254574713	9
22	3869	13797.118122624739	9
22	3882	13828.80765032544	6
22	3930	14026.626869936254	9
22	3956	14136.386367719522	3
22	4005	14328.827908031499	6
22	4047	14458.711114733083	9
22	4084	14573.401201699132	12
22	4139	14743.796956434957	12
22	4165	14836.222986945592	12
22	4178	14861.304054992282	12
22	4221	15022.284078079545	9
22	4266	15183.629599931533	3
22	4278	15223.312102214705	6
22	4291	15275.306986110265	3
22	4311	15361.371043602355	6
22	4370	15587.084174308671	12
22	4371	15587.347684232152	6
22	4482	16032.676040764504	12
22	4508	16106.816587799795	9
22	4555	16244.681529231109	9
22	4560	16249.427964136058	12
22	4590	16331.497507079214	12
22	4594	16344.70024256757	3
22	4636	16488.166050204672	3
22	4682	16637.851365992154	6
22	4705	16704.359224802946	12
22	4764	16937.426848023935	12
22	4772	16972.042650676151	3
22	4835	17180.021157838718	12
22	4941	17502.207945807359	9
22	4949	17519.560277649274	12
22	4974	17607.327166016294	6
22	5039	17908.516531319971	12
22	5075	18078.670770632179	3
22	5192	18631.320935760678	12
22	5271	19026.537075732028	6
22	5293	19119.03301363155	12
22	5339	19283.709839330573	9
22	5379	19412.678081457658	12
22	5415	19529.933196834001	3
22	5417	19541.665913259446	3
22	5530	19920.088409428427	12
23	233	1069.776791875764	2
23	273	1196.809319686259	2
23	285	1238.699634080264	2
23	291	1269.084916721498	3
23	296	1280.527881674295	1
23	310	1321.526506205231	2
23	341	1402.168210603908	4
23	386	1525.601366934112	3
23	402	1557.819887399351	3
23	461	1765.589749921505	3
23	464	1776.46571706079	3
23	471	1816.17810415544	4
23	501	1948.24843438796	2
23	505	1963.282366733754	4
23	523	2041.872108616835	1
23	532	2082.468758953106	3
23	546	2126.83829698501	2
23	564	2222.393703016852	4
23	570	2239.30948168531	3
23	605	2412.083861194083	3
23	668	2729.082047690114	2
23	677	2763.468050850293	1
23	683	2785.683675919434	1
23	745	3086.602559946271	2
23	751	3116.509547936881	2
23	825	3473.507764985097	1
23	850	3579.202512729831	3
23	864	3632.330152820767	4
23	954	3985.364698889905	4
23	1003	4140.787277948807	1
23	1036	4223.886181446542	4
23	1040	4238.050093926106	2
23	1082	4369.201784197139	3
23	1139	4526.965288602248	4
23	1142	4534.392662323698	2
23	1148	4554.665276226011	3
23	1162	4587.011734503562	4
23	1214	4760.966182956702	1
23	1285	5007.058019472757	4
23	1296	5054.515257875277	1
23	1309	5089.536033017216	2
23	1316	5135.55114584291	3
23	1461	5634.489311334992	2
23	1522	5866.218937182335	2
23	1527	5903.069401054388	1
23	1529	5904.965236150146	4
23	1569	6064.646138891439	4
23	1646	6361.430557046017	4
23	1696	6510.373489430142	4
23	1732	6624.447515387061	4
23	1787	6806.748280072866	3
23	1810	6894.875448230974	2
23	1820	6927.212059180331	1
23	1830	6970.699375058045	2
23	1857	7040.089773178974	3
23	1954	7378.865266913358	2
23	1975	7448.540150176259	2
23	2001	7502.239889494948	4
23	2037	7644.76863641858	4
23	2088	7872.165893761772	2
23	2091	7879.418797316418	3
23	2101	7919.197189672488	2
23	2109	7937.263301359073	2
23	2153	8108.149257168157	4
23	2212	8303.601721526515	4
23	2247	8411.211150021105	4
23	2281	8509.900999081877	1
23	2294	8549.778207450716	1
23	2339	8735.79504059084	4
23	2349	8769.752876234434	4
23	2389	8956.165581709082	4
23	2415	9027.937032965554	4
23	2447	9110.325668628438	2
23	2459	9142.023388221227	2
23	2467	9164.050024141975	4
23	2566	9409.287577053922	3
23	2582	9474.77710095419	1
23	2586	9484.772662808602	2
23	2591	9497.507113173476	1
23	2622	9611.724079421516	4
23	2783	10189.652689495492	2
23	2843	10425.714006023574	4
23	2849	10445.446576966988	4
23	2949	10766.185026279389	3
23	2969	10842.890007134367	2
23	2981	10881.808202266605	4
23	3006	10958.226596118317	4
23	3031	11041.586627467266	4
23	3042	11060.382795410433	4
23	3122	11296.369120847782	3
23	3146	11351.192850444727	4
23	3147	11352.174406525923	4
23	3154	11361.472756561731	2
23	3164	11391.432486445313	1
23	3253	11651.703136737838	2
23	3259	11673.309446606812	1
23	3262	11677.982463535219	3
23	3308	11839.716463108871	2
23	3509	12475.1288359465	4
23	3523	12510.206089010934	4
23	3588	12748.474270503886	3
23	3629	12897.257669111818	4
23	3643	12949.779328515003	4
23	3687	13095.387092904222	2
23	3777	13421.116699800561	4
23	3800	13523.582727227407	4
23	3837	13670.101254574713	3
23	3869	13797.118122624739	3
23	3882	13828.80765032544	2
23	3930	14026.626869936254	3
23	3956	14136.386367719522	1
23	4005	14328.827908031499	2
23	4047	14458.711114733083	3
23	4084	14573.401201699132	4
23	4139	14743.796956434957	4
23	4165	14836.222986945592	4
23	4178	14861.304054992282	4
23	4221	15022.284078079545	3
23	4266	15183.629599931533	1
23	4278	15223.312102214705	2
23	4291	15275.306986110265	1
23	4311	15361.371043602355	2
23	4370	15587.084174308671	4
23	4371	15587.347684232152	2
23	4482	16032.676040764504	4
23	4508	16106.816587799795	3
23	4555	16244.681529231109	3
23	4560	16249.427964136058	4
23	4590	16331.497507079214	4
23	4594	16344.70024256757	1
23	4636	16488.166050204672	1
23	4682	16637.851365992154	2
23	4705	16704.359224802946	4
23	4764	16937.426848023935	4
23	4772	16972.042650676151	1
23	4835	17180.021157838718	4
23	4941	17502.207945807359	3
23	4949	17519.560277649274	4
23	4974	17607.327166016294	2
23	5039	17908.516531319971	4
23	5075	18078.670770632179	1
23	5192	18631.320935760678	4
23	5271	19026.537075732028	2
23	5293	19119.03301363155	4
23	5339	19283.709839330573	3
23	5379	19412.678081457658	4
23	5415	19529.933196834001	1
23	5417	19541.665913259446	1
23	5530	19920.088409428427	4
24	239	1093.103425449091	409
24	259	1157.495533570823	203
24	330	1374.546470537107	409
24	375	1489.226288195296	306
24	415	1604.902809432496	512
24	450	1738.808877498927	306
24	500	1943.853987405965	409
24	511	1984.931532825463	512
24	531	2073.753121225527	203
24	587	2320.835892561883	409
24	675	2753.771511515558	306
24	726	2993.947488474433	512
24	742	3054.594167606374	306
24	776	3224.400565724897	409
24	783	3241.125610294157	512
24	876	3685.412653368563	512
24	889	3728.807969723492	306
24	893	3756.609436267333	203
24	907	3800.802501060106	306
24	920	3868.534604688977	409
24	964	4016.389659679349	306
24	979	4073.290559964769	306
24	1111	4450.739214514912	306
24	1198	4715.011203995905	203
24	1240	4848.905191459537	512
24	1251	4882.794342114297	306
24	1313	5116.917609928725	306
24	1344	5239.517141855092	409
24	1354	5282.134740254901	306
24	1424	5521.005604630847	306
24	1445	5594.894662089648	409
24	1458	5627.218018226855	203
24	1500	5765.744716103001	306
24	1521	5865.879576550467	512
24	1530	5906.474213281474	409
24	1533	5927.340557651082	306
24	1603	6190.167016955057	203
24	1607	6206.72059281379	512
24	1678	6468.388021155792	512
24	1695	6501.049557244801	203
24	1749	6691.671582144935	512
24	1758	6717.386417890843	409
24	1801	6868.199169262541	409
24	1827	6957.747598508231	512
24	1904	7209.290496332176	306
24	1930	7294.000098573142	409
24	1935	7329.467015386105	306
24	2019	7568.422294762538	306
24	2063	7758.905304962869	409
24	2098	7906.356167171415	512
24	2145	8090.903293063894	512
24	2161	8131.020609001892	306
24	2263	8448.004196541912	512
24	2343	8748.636000953756	409
24	2363	8848.658125137271	409
24	2364	8850.30498177055	409
24	2465	9163.010652626187	512
24	2542	9345.883217361667	409
24	2602	9538.396048365364	306
24	2643	9689.804244888633	306
24	2692	9869.5747548203	409
24	2749	10057.330843552814	409
24	2763	10111.855466963607	409
24	2844	10425.726389797355	409
24	2884	10554.232185082015	306
24	2888	10574.548873111054	409
24	2946	10753.661194631423	409
24	2984	10890.871310222449	512
24	2991	10913.505204428406	512
24	3018	11005.760482629178	512
24	3123	11303.320353777538	512
24	3189	11461.951057069993	512
24	3196	11476.733965398039	512
24	3221	11545.069511234024	512
24	3248	11636.489393035788	409
24	3271	11714.769168553461	409
24	3282	11737.037710536201	306
24	3288	11767.145420397195	512
24	3362	12014.89714810817	203
24	3398	12126.67769336685	409
24	3424	12201.559755843457	306
24	3492	12426.002404767962	306
24	3515	12491.413856322761	512
24	3552	12611.601991784924	512
24	3557	12642.270912533516	512
24	3579	12708.46884009669	306
24	3614	12856.504428165938	512
24	3652	12974.158345333182	409
24	3675	13055.467636181709	512
24	3717	13198.931869650036	306
24	3746	13304.774574036292	409
24	3755	13351.707629912381	409
24	3769	13404.874057341021	203
24	3815	13593.349503573507	409
24	3825	13623.522771426909	306
24	3856	13733.857411035772	409
24	3876	13810.346208440944	512
24	3886	13845.301533875706	306
24	3951	14110.605990059758	409
24	4033	14422.30501147502	306
24	4166	14836.992020042498	512
24	4183	14875.671436633221	512
24	4282	15235.798359507014	512
24	4312	15362.425715790751	409
24	4320	15395.238251124961	306
24	4324	15407.818792677509	409
24	4377	15612.066237467625	409
24	4383	15629.189299537743	512
24	4419	15786.130964277061	306
24	4506	16106.095422288732	306
24	4562	16250.890564982776	512
24	4602	16363.432754950913	306
24	4619	16415.366363196736	512
24	4758	16913.500091957893	306
24	4931	17482.496059652746	203
24	4979	17622.080125259292	306
24	4986	17653.753857825879	512
24	5005	17721.720046695514	409
24	5027	17856.522322549155	512
24	5101	18199.618969001657	306
24	5163	18489.18801224887	512
24	5164	18496.233546073088	306
24	5215	18752.22055632473	409
24	5223	18779.821907258253	512
24	5270	19026.417818209643	512
24	5280	19068.227528592494	512
24	5424	19554.095935982017	409
24	5431	19584.912933071445	512
24	5442	19623.331398957934	512
24	5455	19659.848836077917	306
24	5461	19691.080984882933	512
24	5483	19769.740988379877	512
24	5536	19939.714317912678	409
25	239	1093.103425449091	9
25	259	1157.495533570823	3
25	330	1374.546470537107	9
25	375	1489.226288195296	6
25	415	1604.902809432496	12
25	450	1738.808877498927	6
25	500	1943.853987405965	9
25	511	1984.931532825463	12
25	531	2073.753121225527	3
25	587	2320.835892561883	9
25	675	2753.771511515558	6
25	726	2993.947488474433	12
25	742	3054.594167606374	6
25	776	3224.400565724897	9
25	783	3241.125610294157	12
25	876	3685.412653368563	12
25	889	3728.807969723492	6
25	893	3756.609436267333	3
25	907	3800.802501060106	6
25	920	3868.534604688977	9
25	964	4016.389659679349	6
25	979	4073.290559964769	6
25	1111	4450.739214514912	6
25	1198	4715.011203995905	3
25	1240	4848.905191459537	12
25	1251	4882.794342114297	6
25	1313	5116.917609928725	6
25	1344	5239.517141855092	9
25	1354	5282.134740254901	6
25	1424	5521.005604630847	6
25	1445	5594.894662089648	9
25	1458	5627.218018226855	3
25	1500	5765.744716103001	6
25	1521	5865.879576550467	12
25	1530	5906.474213281474	9
25	1533	5927.340557651082	6
25	1603	6190.167016955057	3
25	1607	6206.72059281379	12
25	1678	6468.388021155792	12
25	1695	6501.049557244801	3
25	1749	6691.671582144935	12
25	1758	6717.386417890843	9
25	1801	6868.199169262541	9
25	1827	6957.747598508231	12
25	1904	7209.290496332176	6
25	1930	7294.000098573142	9
25	1935	7329.467015386105	6
25	2019	7568.422294762538	6
25	2063	7758.905304962869	9
25	2098	7906.356167171415	12
25	2145	8090.903293063894	12
25	2161	8131.020609001892	6
25	2263	8448.004196541912	12
25	2343	8748.636000953756	9
25	2363	8848.658125137271	9
25	2364	8850.30498177055	9
25	2465	9163.010652626187	12
25	2542	9345.883217361667	9
25	2602	9538.396048365364	6
25	2643	9689.804244888633	6
25	2692	9869.5747548203	9
25	2749	10057.330843552814	9
25	2763	10111.855466963607	9
25	2844	10425.726389797355	9
25	2884	10554.232185082015	6
25	2888	10574.548873111054	9
25	2946	10753.661194631423	9
25	2984	10890.871310222449	12
25	2991	10913.505204428406	12
25	3018	11005.760482629178	12
25	3123	11303.320353777538	12
25	3189	11461.951057069993	12
25	3196	11476.733965398039	12
25	3221	11545.069511234024	12
25	3248	11636.489393035788	9
25	3271	11714.769168553461	9
25	3282	11737.037710536201	6
25	3288	11767.145420397195	12
25	3362	12014.89714810817	3
25	3398	12126.67769336685	9
25	3424	12201.559755843457	6
25	3492	12426.002404767962	6
25	3515	12491.413856322761	12
25	3552	12611.601991784924	12
25	3557	12642.270912533516	12
25	3579	12708.46884009669	6
25	3614	12856.504428165938	12
25	3652	12974.158345333182	9
25	3675	13055.467636181709	12
25	3717	13198.931869650036	6
25	3746	13304.774574036292	9
25	3755	13351.707629912381	9
25	3769	13404.874057341021	3
25	3815	13593.349503573507	9
25	3825	13623.522771426909	6
25	3856	13733.857411035772	9
25	3876	13810.346208440944	12
25	3886	13845.301533875706	6
25	3951	14110.605990059758	9
25	4033	14422.30501147502	6
25	4166	14836.992020042498	12
25	4183	14875.671436633221	12
25	4282	15235.798359507014	12
25	4312	15362.425715790751	9
25	4320	15395.238251124961	6
25	4324	15407.818792677509	9
25	4377	15612.066237467625	9
25	4383	15629.189299537743	12
25	4419	15786.130964277061	6
25	4506	16106.095422288732	6
25	4562	16250.890564982776	12
25	4602	16363.432754950913	6
25	4619	16415.366363196736	12
25	4758	16913.500091957893	6
25	4931	17482.496059652746	3
25	4979	17622.080125259292	6
25	4986	17653.753857825879	12
25	5005	17721.720046695514	9
25	5027	17856.522322549155	12
25	5101	18199.618969001657	6
25	5163	18489.18801224887	12
25	5164	18496.233546073088	6
25	5215	18752.22055632473	9
25	5223	18779.821907258253	12
25	5270	19026.417818209643	12
25	5280	19068.227528592494	12
25	5424	19554.095935982017	9
25	5431	19584.912933071445	12
25	5442	19623.331398957934	12
25	5455	19659.848836077917	6
25	5461	19691.080984882933	12
25	5483	19769.740988379877	12
25	5536	19939.714317912678	9
26	239	1093.103425449091	3
26	259	1157.495533570823	1
26	330	1374.546470537107	3
26	375	1489.226288195296	2
26	415	1604.902809432496	4
26	450	1738.808877498927	2
26	500	1943.853987405965	3
26	511	1984.931532825463	4
26	531	2073.753121225527	1
26	587	2320.835892561883	3
26	675	2753.771511515558	2
26	726	2993.947488474433	4
26	742	3054.594167606374	2
26	776	3224.400565724897	3
26	783	3241.125610294157	4
26	876	3685.412653368563	4
26	889	3728.807969723492	2
26	893	3756.609436267333	1
26	907	3800.802501060106	2
26	920	3868.534604688977	3
26	964	4016.389659679349	2
26	979	4073.290559964769	2
26	1111	4450.739214514912	2
26	1198	4715.011203995905	1
26	1240	4848.905191459537	4
26	1251	4882.794342114297	2
26	1313	5116.917609928725	2
26	1344	5239.517141855092	3
26	1354	5282.134740254901	2
26	1424	5521.005604630847	2
26	1445	5594.894662089648	3
26	1458	5627.218018226855	1
26	1500	5765.744716103001	2
26	1521	5865.879576550467	4
26	1530	5906.474213281474	3
26	1533	5927.340557651082	2
26	1603	6190.167016955057	1
26	1607	6206.72059281379	4
26	1678	6468.388021155792	4
26	1695	6501.049557244801	1
26	1749	6691.671582144935	4
26	1758	6717.386417890843	3
26	1801	6868.199169262541	3
26	1827	6957.747598508231	4
26	1904	7209.290496332176	2
26	1930	7294.000098573142	3
26	1935	7329.467015386105	2
26	2019	7568.422294762538	2
26	2063	7758.905304962869	3
26	2098	7906.356167171415	4
26	2145	8090.903293063894	4
26	2161	8131.020609001892	2
26	2263	8448.004196541912	4
26	2343	8748.636000953756	3
26	2363	8848.658125137271	3
26	2364	8850.30498177055	3
26	2465	9163.010652626187	4
26	2542	9345.883217361667	3
26	2602	9538.396048365364	2
26	2643	9689.804244888633	2
26	2692	9869.5747548203	3
26	2749	10057.330843552814	3
26	2763	10111.855466963607	3
26	2844	10425.726389797355	3
26	2884	10554.232185082015	2
26	2888	10574.548873111054	3
26	2946	10753.661194631423	3
26	2984	10890.871310222449	4
26	2991	10913.505204428406	4
26	3018	11005.760482629178	4
26	3123	11303.320353777538	4
26	3189	11461.951057069993	4
26	3196	11476.733965398039	4
26	3221	11545.069511234024	4
26	3248	11636.489393035788	3
26	3271	11714.769168553461	3
26	3282	11737.037710536201	2
26	3288	11767.145420397195	4
26	3362	12014.89714810817	1
26	3398	12126.67769336685	3
26	3424	12201.559755843457	2
26	3492	12426.002404767962	2
26	3515	12491.413856322761	4
26	3552	12611.601991784924	4
26	3557	12642.270912533516	4
26	3579	12708.46884009669	2
26	3614	12856.504428165938	4
26	3652	12974.158345333182	3
26	3675	13055.467636181709	4
26	3717	13198.931869650036	2
26	3746	13304.774574036292	3
26	3755	13351.707629912381	3
26	3769	13404.874057341021	1
26	3815	13593.349503573507	3
26	3825	13623.522771426909	2
26	3856	13733.857411035772	3
26	3876	13810.346208440944	4
26	3886	13845.301533875706	2
26	3951	14110.605990059758	3
26	4033	14422.30501147502	2
26	4166	14836.992020042498	4
26	4183	14875.671436633221	4
26	4282	15235.798359507014	4
26	4312	15362.425715790751	3
26	4320	15395.238251124961	2
26	4324	15407.818792677509	3
26	4377	15612.066237467625	3
26	4383	15629.189299537743	4
26	4419	15786.130964277061	2
26	4506	16106.095422288732	2
26	4562	16250.890564982776	4
26	4602	16363.432754950913	2
26	4619	16415.366363196736	4
26	4758	16913.500091957893	2
26	4931	17482.496059652746	1
26	4979	17622.080125259292	2
26	4986	17653.753857825879	4
26	5005	17721.720046695514	3
26	5027	17856.522322549155	4
26	5101	18199.618969001657	2
26	5163	18489.18801224887	4
26	5164	18496.233546073088	2
26	5215	18752.22055632473	3
26	5223	18779.821907258253	4
26	5270	19026.417818209643	4
26	5280	19068.227528592494	4
26	5424	19554.095935982017	3
26	5431	19584.912933071445	4
26	5442	19623.331398957934	4
26	5455	19659.848836077917	2
26	5461	19691.080984882933	4
26	5483	19769.740988379877	4
26	5536	19939.714317912678	3
27	383	1506.047124990844	409
27	453	1745.123546016513	306
27	469	1805.469038595429	512
27	607	2416.934237886815	203
27	632	2523.099493478183	409
27	666	2716.937562967784	409
27	670	2738.10280490158	512
27	672	2738.905801093383	306
27	754	3123.333609143115	512
27	799	3330.973870516325	306
27	801	3335.586603277799	306
27	821	3445.16703589917	512
27	833	3496.230226516499	409
27	869	3664.03748651267	512
27	886	3725.888219404845	409
27	974	4056.426763453685	409
27	1014	4165.9899398175	409
27	1021	4180.449484957918	409
27	1028	4201.148096418664	306
27	1059	4290.966668915911	409
27	1060	4291.031598648057	306
27	1068	4325.750209372506	203
27	1080	4364.65066688003	203
27	1130	4504.716637240081	512
27	1189	4683.832308912121	409
27	1195	4699.318787409068	512
27	1199	4719.883048164713	512
27	1233	4829.458720006603	409
27	1255	4890.84878119872	512
27	1256	4892.362474272395	409
27	1261	4926.000329683153	512
27	1280	4980.153162062455	409
27	1305	5079.071055188934	203
27	1319	5147.869633779875	306
27	1325	5164.10674159313	512
27	1389	5399.819848712975	512
27	1403	5449.17389602138	306
27	1442	5584.774722829534	409
27	1452	5619.601492736342	306
27	1482	5707.529203339138	512
27	1483	5715.382030019348	409
27	1513	5840.841197861524	203
27	1534	5933.439391502887	409
27	1657	6393.142793233981	306
27	1674	6454.248206729207	512
27	1690	6496.853126943208	409
27	1694	6500.486797751974	512
27	1706	6526.803063137195	512
27	1731	6623.561732051695	512
27	1747	6689.980787842207	409
27	1823	6932.5161655106	512
27	1839	6993.317603919386	409
27	1841	6996.001189535117	306
27	1845	7008.959053897977	306
27	1859	7049.059386592693	512
27	1974	7448.26166204752	409
27	1999	7499.012967388996	306
27	2006	7535.38484113257	203
27	2018	7566.167755156774	512
27	2067	7763.963270590669	409
27	2102	7923.238221108592	203
27	2127	8016.838460440325	512
27	2176	8180.97884542044	306
27	2195	8245.789459668419	409
27	2210	8297.931983833287	306
27	2224	8326.784197996769	306
27	2351	8787.226419275922	409
27	2461	9147.166538265829	512
27	2473	9173.378256722025	306
27	2530	9315.425236872616	512
27	2548	9374.801082990893	203
27	2587	9485.548890450836	409
27	2628	9639.997798176377	409
27	2656	9745.545481307893	306
27	2774	10152.560468638095	306
27	2891	10583.682651762008	203
27	3029	11032.710343327835	409
27	3040	11057.99042423167	306
27	3050	11097.200363027225	409
27	3077	11162.574229696714	409
27	3220	11543.217401480583	409
27	3270	11695.539351032722	409
27	3318	11878.801364676044	409
27	3359	11997.767008589728	306
27	3378	12065.008256094673	512
27	3389	12093.557695968398	409
27	3406	12158.84087611915	512
27	3412	12179.986397460613	203
27	3484	12396.993582098441	512
27	3571	12666.597247928378	306
27	3748	13306.270756575199	409
27	3788	13481.867899974229	409
27	3887	13851.505335810379	203
27	3916	13979.114387859909	409
27	3931	14030.448242125673	409
27	3934	14043.710759258225	409
27	3939	14065.278795225454	512
27	3950	14108.603970504298	512
27	3978	14229.958808531977	409
27	4019	14370.758613397509	512
27	4061	14514.420068908649	512
27	4091	14604.739996916985	306
27	4111	14647.031702258009	409
27	4134	14739.15953451571	306
27	4163	14829.921965428764	512
27	4172	14845.164945829109	306
27	4226	15050.08054349017	409
27	4233	15056.634773851843	409
27	4283	15240.099766779647	409
27	4298	15303.749296530919	306
27	4334	15461.388323627341	409
27	4363	15564.430608690589	512
27	4379	15621.861717145588	203
27	4384	15632.411585336192	512
27	4394	15672.879536496252	512
27	4410	15739.403151417062	203
27	4442	15856.293651562787	203
27	4536	16187.319531355914	306
27	4584	16311.148169396917	512
27	4605	16372.608022499694	203
27	4649	16533.549858318807	409
27	4673	16602.422369548498	512
27	4677	16613.631614363052	203
27	4702	16700.791016134269	409
27	4750	16885.302311173357	306
27	4791	17038.893045007767	512
27	4858	17271.381626378457	512
27	4926	17464.637879749344	409
27	4975	17608.736591136452	512
27	4987	17654.560563634006	306
27	4996	17698.235310735747	512
27	5011	17765.590948691161	306
27	5036	17896.69486876861	203
27	5077	18089.934307568598	409
27	5107	18221.979911107688	306
27	5151	18430.198076467205	512
27	5174	18542.957750044598	512
27	5233	18847.217011830334	306
27	5263	18973.843362087733	512
27	5410	19516.492472111634	306
27	5429	19571.141714349132	306
27	5450	19647.925577855751	306
27	5481	19757.406033526911	306
28	383	1506.047124990844	9
28	453	1745.123546016513	6
28	469	1805.469038595429	12
28	607	2416.934237886815	3
28	632	2523.099493478183	9
28	666	2716.937562967784	9
28	670	2738.10280490158	12
28	672	2738.905801093383	6
28	754	3123.333609143115	12
28	799	3330.973870516325	6
28	801	3335.586603277799	6
28	821	3445.16703589917	12
28	833	3496.230226516499	9
28	869	3664.03748651267	12
28	886	3725.888219404845	9
28	974	4056.426763453685	9
28	1014	4165.9899398175	9
28	1021	4180.449484957918	9
28	1028	4201.148096418664	6
28	1059	4290.966668915911	9
28	1060	4291.031598648057	6
28	1068	4325.750209372506	3
28	1080	4364.65066688003	3
28	1130	4504.716637240081	12
28	1189	4683.832308912121	9
28	1195	4699.318787409068	12
28	1199	4719.883048164713	12
28	1233	4829.458720006603	9
28	1255	4890.84878119872	12
28	1256	4892.362474272395	9
28	1261	4926.000329683153	12
28	1280	4980.153162062455	9
28	1305	5079.071055188934	3
28	1319	5147.869633779875	6
28	1325	5164.10674159313	12
28	1389	5399.819848712975	12
28	1403	5449.17389602138	6
28	1442	5584.774722829534	9
28	1452	5619.601492736342	6
28	1482	5707.529203339138	12
28	1483	5715.382030019348	9
28	1513	5840.841197861524	3
28	1534	5933.439391502887	9
28	1657	6393.142793233981	6
28	1674	6454.248206729207	12
28	1690	6496.853126943208	9
28	1694	6500.486797751974	12
28	1706	6526.803063137195	12
28	1731	6623.561732051695	12
28	1747	6689.980787842207	9
28	1823	6932.5161655106	12
28	1839	6993.317603919386	9
28	1841	6996.001189535117	6
28	1845	7008.959053897977	6
28	1859	7049.059386592693	12
28	1974	7448.26166204752	9
28	1999	7499.012967388996	6
28	2006	7535.38484113257	3
28	2018	7566.167755156774	12
28	2067	7763.963270590669	9
28	2102	7923.238221108592	3
28	2127	8016.838460440325	12
28	2176	8180.97884542044	6
28	2195	8245.789459668419	9
28	2210	8297.931983833287	6
28	2224	8326.784197996769	6
28	2351	8787.226419275922	9
28	2461	9147.166538265829	12
28	2473	9173.378256722025	6
28	2530	9315.425236872616	12
28	2548	9374.801082990893	3
28	2587	9485.548890450836	9
28	2628	9639.997798176377	9
28	2656	9745.545481307893	6
28	2774	10152.560468638095	6
28	2891	10583.682651762008	3
28	3029	11032.710343327835	9
28	3040	11057.99042423167	6
28	3050	11097.200363027225	9
28	3077	11162.574229696714	9
28	3220	11543.217401480583	9
28	3270	11695.539351032722	9
28	3318	11878.801364676044	9
28	3359	11997.767008589728	6
28	3378	12065.008256094673	12
28	3389	12093.557695968398	9
28	3406	12158.84087611915	12
28	3412	12179.986397460613	3
28	3484	12396.993582098441	12
28	3571	12666.597247928378	6
28	3748	13306.270756575199	9
28	3788	13481.867899974229	9
28	3887	13851.505335810379	3
28	3916	13979.114387859909	9
28	3931	14030.448242125673	9
28	3934	14043.710759258225	9
28	3939	14065.278795225454	12
28	3950	14108.603970504298	12
28	3978	14229.958808531977	9
28	4019	14370.758613397509	12
28	4061	14514.420068908649	12
28	4091	14604.739996916985	6
28	4111	14647.031702258009	9
28	4134	14739.15953451571	6
28	4163	14829.921965428764	12
28	4172	14845.164945829109	6
28	4226	15050.08054349017	9
28	4233	15056.634773851843	9
28	4283	15240.099766779647	9
28	4298	15303.749296530919	6
28	4334	15461.388323627341	9
28	4363	15564.430608690589	12
28	4379	15621.861717145588	3
28	4384	15632.411585336192	12
28	4394	15672.879536496252	12
28	4410	15739.403151417062	3
28	4442	15856.293651562787	3
28	4536	16187.319531355914	6
28	4584	16311.148169396917	12
28	4605	16372.608022499694	3
28	4649	16533.549858318807	9
28	4673	16602.422369548498	12
28	4677	16613.631614363052	3
28	4702	16700.791016134269	9
28	4750	16885.302311173357	6
28	4791	17038.893045007767	12
28	4858	17271.381626378457	12
28	4926	17464.637879749344	9
28	4975	17608.736591136452	12
28	4987	17654.560563634006	6
28	4996	17698.235310735747	12
28	5011	17765.590948691161	6
28	5036	17896.69486876861	3
28	5077	18089.934307568598	9
28	5107	18221.979911107688	6
28	5151	18430.198076467205	12
28	5174	18542.957750044598	12
28	5233	18847.217011830334	6
28	5263	18973.843362087733	12
28	5410	19516.492472111634	6
28	5429	19571.141714349132	6
28	5450	19647.925577855751	6
28	5481	19757.406033526911	6
29	383	1506.047124990844	3
29	453	1745.123546016513	2
29	469	1805.469038595429	4
29	607	2416.934237886815	1
29	632	2523.099493478183	3
29	666	2716.937562967784	3
29	670	2738.10280490158	4
29	672	2738.905801093383	2
29	754	3123.333609143115	4
29	799	3330.973870516325	2
29	801	3335.586603277799	2
29	821	3445.16703589917	4
29	833	3496.230226516499	3
29	869	3664.03748651267	4
29	886	3725.888219404845	3
29	974	4056.426763453685	3
29	1014	4165.9899398175	3
29	1021	4180.449484957918	3
29	1028	4201.148096418664	2
29	1059	4290.966668915911	3
29	1060	4291.031598648057	2
29	1068	4325.750209372506	1
29	1080	4364.65066688003	1
29	1130	4504.716637240081	4
29	1189	4683.832308912121	3
29	1195	4699.318787409068	4
29	1199	4719.883048164713	4
29	1233	4829.458720006603	3
29	1255	4890.84878119872	4
29	1256	4892.362474272395	3
29	1261	4926.000329683153	4
29	1280	4980.153162062455	3
29	1305	5079.071055188934	1
29	1319	5147.869633779875	2
29	1325	5164.10674159313	4
29	1389	5399.819848712975	4
29	1403	5449.17389602138	2
29	1442	5584.774722829534	3
29	1452	5619.601492736342	2
29	1482	5707.529203339138	4
29	1483	5715.382030019348	3
29	1513	5840.841197861524	1
29	1534	5933.439391502887	3
29	1657	6393.142793233981	2
29	1674	6454.248206729207	4
29	1690	6496.853126943208	3
29	1694	6500.486797751974	4
29	1706	6526.803063137195	4
29	1731	6623.561732051695	4
29	1747	6689.980787842207	3
29	1823	6932.5161655106	4
29	1839	6993.317603919386	3
29	1841	6996.001189535117	2
29	1845	7008.959053897977	2
29	1859	7049.059386592693	4
29	1974	7448.26166204752	3
29	1999	7499.012967388996	2
29	2006	7535.38484113257	1
29	2018	7566.167755156774	4
29	2067	7763.963270590669	3
29	2102	7923.238221108592	1
29	2127	8016.838460440325	4
29	2176	8180.97884542044	2
29	2195	8245.789459668419	3
29	2210	8297.931983833287	2
29	2224	8326.784197996769	2
29	2351	8787.226419275922	3
29	2461	9147.166538265829	4
29	2473	9173.378256722025	2
29	2530	9315.425236872616	4
29	2548	9374.801082990893	1
29	2587	9485.548890450836	3
29	2628	9639.997798176377	3
29	2656	9745.545481307893	2
29	2774	10152.560468638095	2
29	2891	10583.682651762008	1
29	3029	11032.710343327835	3
29	3040	11057.99042423167	2
29	3050	11097.200363027225	3
29	3077	11162.574229696714	3
29	3220	11543.217401480583	3
29	3270	11695.539351032722	3
29	3318	11878.801364676044	3
29	3359	11997.767008589728	2
29	3378	12065.008256094673	4
29	3389	12093.557695968398	3
29	3406	12158.84087611915	4
29	3412	12179.986397460613	1
29	3484	12396.993582098441	4
29	3571	12666.597247928378	2
29	3748	13306.270756575199	3
29	3788	13481.867899974229	3
29	3887	13851.505335810379	1
29	3916	13979.114387859909	3
29	3931	14030.448242125673	3
29	3934	14043.710759258225	3
29	3939	14065.278795225454	4
29	3950	14108.603970504298	4
29	3978	14229.958808531977	3
29	4019	14370.758613397509	4
29	4061	14514.420068908649	4
29	4091	14604.739996916985	2
29	4111	14647.031702258009	3
29	4134	14739.15953451571	2
29	4163	14829.921965428764	4
29	4172	14845.164945829109	2
29	4226	15050.08054349017	3
29	4233	15056.634773851843	3
29	4283	15240.099766779647	3
29	4298	15303.749296530919	2
29	4334	15461.388323627341	3
29	4363	15564.430608690589	4
29	4379	15621.861717145588	1
29	4384	15632.411585336192	4
29	4394	15672.879536496252	4
29	4410	15739.403151417062	1
29	4442	15856.293651562787	1
29	4536	16187.319531355914	2
29	4584	16311.148169396917	4
29	4605	16372.608022499694	1
29	4649	16533.549858318807	3
29	4673	16602.422369548498	4
29	4677	16613.631614363052	1
29	4702	16700.791016134269	3
29	4750	16885.302311173357	2
29	4791	17038.893045007767	4
29	4858	17271.381626378457	4
29	4926	17464.637879749344	3
29	4975	17608.736591136452	4
29	4987	17654.560563634006	2
29	4996	17698.235310735747	4
29	5011	17765.590948691161	2
29	5036	17896.69486876861	1
29	5077	18089.934307568598	3
29	5107	18221.979911107688	2
29	5151	18430.198076467205	4
29	5174	18542.957750044598	4
29	5233	18847.217011830334	2
29	5263	18973.843362087733	4
29	5410	19516.492472111634	2
29	5429	19571.141714349132	2
29	5450	19647.925577855751	2
29	5481	19757.406033526911	2
30	237	1086.353343318699	203
30	242	1096.225215397932	512
30	246	1110.418545835861	409
30	379	1499.762341433149	203
30	396	1543.161988439543	306
30	405	1564.623690463675	409
30	414	1599.574365626392	203
30	436	1668.902248822749	306
30	447	1722.516807579739	409
30	525	2053.997596370161	512
30	554	2190.055090747857	306
30	592	2334.376380970626	306
30	606	2412.779989816201	512
30	613	2431.193409715101	306
30	620	2467.790759211715	409
30	647	2617.247842098451	512
30	781	3238.26333274714	409
30	834	3496.420052554142	512
30	904	3794.921205565666	306
30	930	3902.039903538432	512
30	1070	4326.607121495639	409
30	1123	4483.381775032152	512
30	1154	4571.640610696224	409
30	1164	4594.842028339503	203
30	1247	4871.441542979326	409
30	1320	5151.07149771395	306
30	1321	5153.437277179535	306
30	1346	5260.110479313929	512
30	1349	5272.136198535452	512
30	1374	5363.578241506777	409
30	1412	5491.91982472308	306
30	1486	5728.149405606267	306
30	1489	5733.547432468368	203
30	1503	5796.181199176675	512
30	1543	5957.794628926281	306
30	1643	6337.484016975485	512
30	1789	6822.278183662171	512
30	1883	7136.600012312931	512
30	1903	7208.877097644189	512
30	1912	7239.568810982283	409
30	1957	7389.767162344761	409
30	2011	7554.673557093016	409
30	2118	7980.791392514636	203
30	2166	8154.160610418407	203
30	2225	8336.399882094977	409
30	2237	8369.684707914895	306
30	2273	8483.460354716528	306
30	2330	8696.836631699262	203
30	2506	9266.362250843661	512
30	2526	9300.843715046099	203
30	2533	9322.663892487637	203
30	2543	9362.902368454157	409
30	2552	9381.0025928542	203
30	2641	9688.135210543202	512
30	2664	9776.46864301549	512
30	2697	9882.948595756679	203
30	2706	9928.518500941543	306
30	2737	10018.460836620142	409
30	2770	10143.482303783183	409
30	2781	10176.696467249301	306
30	2797	10253.44271561806	512
30	2811	10299.53929248035	512
30	2828	10369.365583602033	512
30	2846	10440.096907585743	512
30	2901	10610.308592982203	409
30	2919	10669.919502154176	409
30	2937	10727.395273691091	306
30	2940	10746.504235781569	409
30	2947	10754.355178621976	306
30	2994	10923.432462880075	409
30	3016	10995.468241517319	409
30	3142	11339.921508468288	409
30	3143	11344.969458162503	203
30	3153	11360.978610345578	306
30	3167	11411.3148212545	306
30	3204	11523.075343454222	512
30	3263	11679.053741651122	203
30	3334	11923.537853673221	306
30	3338	11942.015125208716	409
30	3356	11987.960112063302	203
30	3370	12044.377514471215	512
30	3438	12254.551963705285	306
30	3469	12355.817319194427	512
30	3545	12583.696499904286	409
30	3548	12596.894542041429	512
30	3561	12645.683166267714	306
30	3573	12683.258441329069	512
30	3593	12759.264862608227	409
30	3696	13130.502318155463	306
30	3698	13143.808008856475	512
30	3707	13168.255396947843	512
30	3794	13506.516285223352	512
30	3878	13814.364779827441	409
30	3917	13989.742816995064	409
30	3925	14006.713253361645	306
30	3975	14219.441273763495	409
30	4014	14361.448837341153	203
30	4029	14406.081376597409	203
30	4096	14617.099562862051	512
30	4126	14712.446376767168	512
30	4264	15173.270558507913	409
30	4272	15214.136139774098	203
30	4280	15228.79226262785	306
30	4287	15256.060624181211	512
30	4526	16157.410424427507	306
30	4550	16231.311538779565	306
30	4552	16236.034881072428	203
30	4582	16297.092802809316	512
30	4600	16362.311931450073	306
30	4615	16396.664187552021	306
30	4652	16547.505743213532	306
30	4684	16651.209478864146	203
30	4688	16661.33783475454	409
30	4759	16918.677081837081	512
30	4775	16975.627962435146	409
30	4827	17162.309554430715	306
30	4837	17187.201204024483	512
30	4879	17318.504005232289	409
30	4908	17408.814045114849	409
30	4954	17535.005868183223	409
30	4994	17682.711888957343	306
30	5023	17829.474469721428	409
30	5113	18234.212179380455	306
30	5193	18639.242970873836	409
30	5244	18892.782734827771	306
30	5303	19165.920657712342	512
30	5305	19166.509109171111	409
30	5345	19306.912429281957	203
30	5367	19371.373601955253	306
30	5391	19443.688522625883	306
30	5418	19543.384849117447	409
30	5421	19546.597163926411	512
30	5433	19592.308442993406	512
30	5443	19623.422875262466	512
30	5463	19697.810568728593	409
30	5492	19805.202240687668	203
30	5504	19833.50675428635	512
31	237	1086.353343318699	3
31	242	1096.225215397932	12
31	246	1110.418545835861	9
31	379	1499.762341433149	3
31	396	1543.161988439543	6
31	405	1564.623690463675	9
31	414	1599.574365626392	3
31	436	1668.902248822749	6
31	447	1722.516807579739	9
31	525	2053.997596370161	12
31	554	2190.055090747857	6
31	592	2334.376380970626	6
31	606	2412.779989816201	12
31	613	2431.193409715101	6
31	620	2467.790759211715	9
31	647	2617.247842098451	12
31	781	3238.26333274714	9
31	834	3496.420052554142	12
31	904	3794.921205565666	6
31	930	3902.039903538432	12
31	1070	4326.607121495639	9
31	1123	4483.381775032152	12
31	1154	4571.640610696224	9
31	1164	4594.842028339503	3
31	1247	4871.441542979326	9
31	1320	5151.07149771395	6
31	1321	5153.437277179535	6
31	1346	5260.110479313929	12
31	1349	5272.136198535452	12
31	1374	5363.578241506777	9
31	1412	5491.91982472308	6
31	1486	5728.149405606267	6
31	1489	5733.547432468368	3
31	1503	5796.181199176675	12
31	1543	5957.794628926281	6
31	1643	6337.484016975485	12
31	1789	6822.278183662171	12
31	1883	7136.600012312931	12
31	1903	7208.877097644189	12
31	1912	7239.568810982283	9
31	1957	7389.767162344761	9
31	2011	7554.673557093016	9
31	2118	7980.791392514636	3
31	2166	8154.160610418407	3
31	2225	8336.399882094977	9
31	2237	8369.684707914895	6
31	2273	8483.460354716528	6
31	2330	8696.836631699262	3
31	2506	9266.362250843661	12
31	2526	9300.843715046099	3
31	2533	9322.663892487637	3
31	2543	9362.902368454157	9
31	2552	9381.0025928542	3
31	2641	9688.135210543202	12
31	2664	9776.46864301549	12
31	2697	9882.948595756679	3
31	2706	9928.518500941543	6
31	2737	10018.460836620142	9
31	2770	10143.482303783183	9
31	2781	10176.696467249301	6
31	2797	10253.44271561806	12
31	2811	10299.53929248035	12
31	2828	10369.365583602033	12
31	2846	10440.096907585743	12
31	2901	10610.308592982203	9
31	2919	10669.919502154176	9
31	2937	10727.395273691091	6
31	2940	10746.504235781569	9
31	2947	10754.355178621976	6
31	2994	10923.432462880075	9
31	3016	10995.468241517319	9
31	3142	11339.921508468288	9
31	3143	11344.969458162503	3
31	3153	11360.978610345578	6
31	3167	11411.3148212545	6
31	3204	11523.075343454222	12
31	3263	11679.053741651122	3
31	3334	11923.537853673221	6
31	3338	11942.015125208716	9
31	3356	11987.960112063302	3
31	3370	12044.377514471215	12
31	3438	12254.551963705285	6
31	3469	12355.817319194427	12
31	3545	12583.696499904286	9
31	3548	12596.894542041429	12
31	3561	12645.683166267714	6
31	3573	12683.258441329069	12
31	3593	12759.264862608227	9
31	3696	13130.502318155463	6
31	3698	13143.808008856475	12
31	3707	13168.255396947843	12
31	3794	13506.516285223352	12
31	3878	13814.364779827441	9
31	3917	13989.742816995064	9
31	3925	14006.713253361645	6
31	3975	14219.441273763495	9
31	4014	14361.448837341153	3
31	4029	14406.081376597409	3
31	4096	14617.099562862051	12
31	4126	14712.446376767168	12
31	4264	15173.270558507913	9
31	4272	15214.136139774098	3
31	4280	15228.79226262785	6
31	4287	15256.060624181211	12
31	4526	16157.410424427507	6
31	4550	16231.311538779565	6
31	4552	16236.034881072428	3
31	4582	16297.092802809316	12
31	4600	16362.311931450073	6
31	4615	16396.664187552021	6
31	4652	16547.505743213532	6
31	4684	16651.209478864146	3
31	4688	16661.33783475454	9
31	4759	16918.677081837081	12
31	4775	16975.627962435146	9
31	4827	17162.309554430715	6
31	4837	17187.201204024483	12
31	4879	17318.504005232289	9
31	4908	17408.814045114849	9
31	4954	17535.005868183223	9
31	4994	17682.711888957343	6
31	5023	17829.474469721428	9
31	5113	18234.212179380455	6
31	5193	18639.242970873836	9
31	5244	18892.782734827771	6
31	5303	19165.920657712342	12
31	5305	19166.509109171111	9
31	5345	19306.912429281957	3
31	5367	19371.373601955253	6
31	5391	19443.688522625883	6
31	5418	19543.384849117447	9
31	5421	19546.597163926411	12
31	5433	19592.308442993406	12
31	5443	19623.422875262466	12
31	5463	19697.810568728593	9
31	5492	19805.202240687668	3
31	5504	19833.50675428635	12
32	237	1086.353343318699	1
32	242	1096.225215397932	4
32	246	1110.418545835861	3
32	379	1499.762341433149	1
32	396	1543.161988439543	2
32	405	1564.623690463675	3
32	414	1599.574365626392	1
32	436	1668.902248822749	2
32	447	1722.516807579739	3
32	525	2053.997596370161	4
32	554	2190.055090747857	2
32	592	2334.376380970626	2
32	606	2412.779989816201	4
32	613	2431.193409715101	2
32	620	2467.790759211715	3
32	647	2617.247842098451	4
32	781	3238.26333274714	3
32	834	3496.420052554142	4
32	904	3794.921205565666	2
32	930	3902.039903538432	4
32	1070	4326.607121495639	3
32	1123	4483.381775032152	4
32	1154	4571.640610696224	3
32	1164	4594.842028339503	1
32	1247	4871.441542979326	3
32	1320	5151.07149771395	2
32	1321	5153.437277179535	2
32	1346	5260.110479313929	4
32	1349	5272.136198535452	4
32	1374	5363.578241506777	3
32	1412	5491.91982472308	2
32	1486	5728.149405606267	2
32	1489	5733.547432468368	1
32	1503	5796.181199176675	4
32	1543	5957.794628926281	2
32	1643	6337.484016975485	4
32	1789	6822.278183662171	4
32	1883	7136.600012312931	4
32	1903	7208.877097644189	4
32	1912	7239.568810982283	3
32	1957	7389.767162344761	3
32	2011	7554.673557093016	3
32	2118	7980.791392514636	1
32	2166	8154.160610418407	1
32	2225	8336.399882094977	3
32	2237	8369.684707914895	2
32	2273	8483.460354716528	2
32	2330	8696.836631699262	1
32	2506	9266.362250843661	4
32	2526	9300.843715046099	1
32	2533	9322.663892487637	1
32	2543	9362.902368454157	3
32	2552	9381.0025928542	1
32	2641	9688.135210543202	4
32	2664	9776.46864301549	4
32	2697	9882.948595756679	1
32	2706	9928.518500941543	2
32	2737	10018.460836620142	3
32	2770	10143.482303783183	3
32	2781	10176.696467249301	2
32	2797	10253.44271561806	4
32	2811	10299.53929248035	4
32	2828	10369.365583602033	4
32	2846	10440.096907585743	4
32	2901	10610.308592982203	3
32	2919	10669.919502154176	3
32	2937	10727.395273691091	2
32	2940	10746.504235781569	3
32	2947	10754.355178621976	2
32	2994	10923.432462880075	3
32	3016	10995.468241517319	3
32	3142	11339.921508468288	3
32	3143	11344.969458162503	1
32	3153	11360.978610345578	2
32	3167	11411.3148212545	2
32	3204	11523.075343454222	4
32	3263	11679.053741651122	1
32	3334	11923.537853673221	2
32	3338	11942.015125208716	3
32	3356	11987.960112063302	1
32	3370	12044.377514471215	4
32	3438	12254.551963705285	2
32	3469	12355.817319194427	4
32	3545	12583.696499904286	3
32	3548	12596.894542041429	4
32	3561	12645.683166267714	2
32	3573	12683.258441329069	4
32	3593	12759.264862608227	3
32	3696	13130.502318155463	2
32	3698	13143.808008856475	4
32	3707	13168.255396947843	4
32	3794	13506.516285223352	4
32	3878	13814.364779827441	3
32	3917	13989.742816995064	3
32	3925	14006.713253361645	2
32	3975	14219.441273763495	3
32	4014	14361.448837341153	1
32	4029	14406.081376597409	1
32	4096	14617.099562862051	4
32	4126	14712.446376767168	4
32	4264	15173.270558507913	3
32	4272	15214.136139774098	1
32	4280	15228.79226262785	2
32	4287	15256.060624181211	4
32	4526	16157.410424427507	2
32	4550	16231.311538779565	2
32	4552	16236.034881072428	1
32	4582	16297.092802809316	4
32	4600	16362.311931450073	2
32	4615	16396.664187552021	2
32	4652	16547.505743213532	2
32	4684	16651.209478864146	1
32	4688	16661.33783475454	3
32	4759	16918.677081837081	4
32	4775	16975.627962435146	3
32	4827	17162.309554430715	2
32	4837	17187.201204024483	4
32	4879	17318.504005232289	3
32	4908	17408.814045114849	3
32	4954	17535.005868183223	3
32	4994	17682.711888957343	2
32	5023	17829.474469721428	3
32	5113	18234.212179380455	2
32	5193	18639.242970873836	3
32	5244	18892.782734827771	2
32	5303	19165.920657712342	4
32	5305	19166.509109171111	3
32	5345	19306.912429281957	1
32	5367	19371.373601955253	2
32	5391	19443.688522625883	2
32	5418	19543.384849117447	3
32	5421	19546.597163926411	4
32	5433	19592.308442993406	4
32	5443	19623.422875262466	4
32	5463	19697.810568728593	3
32	5492	19805.202240687668	1
32	5504	19833.50675428635	4
33	292	1269.124915191864	512
33	329	1373.104033568677	203
33	351	1426.875537088396	203
33	372	1478.65431250063	306
33	416	1608.475338482483	512
33	421	1632.587008813039	306
33	422	1634.59848977913	306
33	466	1788.335212723074	409
33	484	1863.516558083727	512
33	612	2429.613888209922	512
33	645	2611.839890990095	512
33	684	2787.740118033323	409
33	728	3007.767542334426	306
33	750	3102.748162605176	409
33	763	3151.345129519287	203
33	765	3152.793345865557	512
33	793	3294.762388169825	512
33	809	3377.725364745887	203
33	813	3402.20122497255	512
33	828	3478.277731937079	409
33	842	3541.572306184829	409
33	874	3681.230880580892	203
33	990	4094.679550610615	203
33	994	4108.243694590684	512
33	1002	4137.289026219137	512
33	1020	4176.80126575797	512
33	1022	4186.339162222986	306
33	1027	4197.108735745994	512
33	1063	4307.095569177747	306
33	1106	4434.330604462246	306
33	1160	4584.213550102614	409
33	1181	4655.048545544772	512
33	1184	4664.259551947496	512
33	1212	4756.518141808821	512
33	1409	5484.554959970458	512
33	1450	5610.99828347748	203
33	1474	5686.8389613817	306
33	1608	6207.55128663994	409
33	1642	6336.301627021396	409
33	1660	6396.959182860809	306
33	1683	6484.47977949286	512
33	1691	6497.644932887805	512
33	1850	7027.283273314565	512
33	1888	7151.248888384582	409
33	1893	7182.023093367568	203
33	1941	7344.076255636382	203
33	1985	7468.038154779461	409
33	1996	7496.854903753378	306
33	2003	7504.864239641094	306
33	2005	7530.330840105397	512
33	2053	7700.933887762354	512
33	2087	7866.787411439586	409
33	2142	8067.31801329758	512
33	2203	8265.669499131117	409
33	2219	8318.149961795155	409
33	2228	8343.813641140653	409
33	2234	8360.848347446031	306
33	2243	8400.588405486197	306
33	2268	8466.721711449673	306
33	2308	8607.128984758367	512
33	2314	8633.127867469001	512
33	2326	8681.618448891305	203
33	2409	9014.313425705769	512
33	2440	9096.941740147953	409
33	2453	9121.269884435442	203
33	2460	9147.12928225442	203
33	2488	9200.521458671736	203
33	2508	9267.326392626417	306
33	2521	9287.730037264945	203
33	2540	9344.036370141545	512
33	2558	9384.039338463911	409
33	2592	9499.123142289108	512
33	2600	9531.217744949967	512
33	2642	9688.614120944119	306
33	2663	9773.788499607177	203
33	2671	9804.861213708381	409
33	2798	10254.912983214479	512
33	2808	10283.14726758661	409
33	2810	10296.6550979558	306
33	2873	10525.724709644219	409
33	2934	10718.469467253832	203
33	2957	10795.343847188659	203
33	2964	10826.065688260326	306
33	3080	11173.342934431083	306
33	3145	11350.653347954528	306
33	3216	11539.637682657682	512
33	3225	11560.494161269773	512
33	3236	11593.508153995608	306
33	3266	11684.715544671372	409
33	3327	11900.740284634462	306
33	3434	12231.476912562313	512
33	3625	12894.774076468479	203
33	3633	12911.538981078692	203
33	3649	12968.556001795654	203
33	3725	13235.265316801136	409
33	3726	13247.694672490614	306
33	3733	13266.843266988479	203
33	3783	13460.282566658999	409
33	3797	13520.623758965509	512
33	3839	13676.329440859388	409
33	3912	13955.223114272832	512
33	3957	14138.41361793321	512
33	3983	14254.466755268983	306
33	4020	14374.456323222474	306
33	4051	14471.83923681446	203
33	4056	14499.090568813812	409
33	4077	14547.862266363602	306
33	4087	14591.186578907377	512
33	4098	14625.432021214752	203
33	4173	14847.034019654127	512
33	4200	14951.372715695107	409
33	4207	14970.222467781778	512
33	4211	14984.311833242365	409
33	4352	15520.669024245981	306
33	4395	15677.368711658579	203
33	4403	15712.832222046434	409
33	4430	15828.333915982156	409
33	4444	15872.267223564597	203
33	4464	15944.198288690653	409
33	4571	16272.320898370623	203
33	4576	16287.555604802152	203
33	4603	16363.464280552094	512
33	4663	16584.933169494995	306
33	4697	16679.70471545809	306
33	4731	16809.178637067998	512
33	4786	17013.335893815645	512
33	4789	17031.936834137792	306
33	4802	17076.078817181141	409
33	4815	17111.989295557914	512
33	4889	17364.273137666122	306
33	4933	17488.093576279787	512
33	4982	17623.815790972589	409
33	4998	17701.188134598096	306
33	5001	17707.815530928231	306
33	5002	17707.911586390098	203
33	5004	17718.963790290513	306
33	5018	17803.689518088766	512
33	5050	17974.409760645279	306
33	5111	18233.192024885887	306
33	5118	18269.900544482983	203
33	5142	18388.8907550082	306
33	5168	18512.28305129356	512
33	5198	18655.721819039479	409
33	5199	18656.161600133966	203
33	5213	18722.055408545453	409
33	5250	18915.282396449033	409
33	5259	18961.610862494043	306
33	5343	19302.76022231031	409
33	5399	19472.121886339846	306
33	5430	19584.55263802639	512
33	5505	19833.71004828125	203
34	292	1269.124915191864	12
34	329	1373.104033568677	3
34	351	1426.875537088396	3
34	372	1478.65431250063	6
34	416	1608.475338482483	12
34	421	1632.587008813039	6
34	422	1634.59848977913	6
34	466	1788.335212723074	9
34	484	1863.516558083727	12
34	612	2429.613888209922	12
34	645	2611.839890990095	12
34	684	2787.740118033323	9
34	728	3007.767542334426	6
34	750	3102.748162605176	9
34	763	3151.345129519287	3
34	765	3152.793345865557	12
34	793	3294.762388169825	12
34	809	3377.725364745887	3
34	813	3402.20122497255	12
34	828	3478.277731937079	9
34	842	3541.572306184829	9
34	874	3681.230880580892	3
34	990	4094.679550610615	3
34	994	4108.243694590684	12
34	1002	4137.289026219137	12
34	1020	4176.80126575797	12
34	1022	4186.339162222986	6
34	1027	4197.108735745994	12
34	1063	4307.095569177747	6
34	1106	4434.330604462246	6
34	1160	4584.213550102614	9
34	1181	4655.048545544772	12
34	1184	4664.259551947496	12
34	1212	4756.518141808821	12
34	1409	5484.554959970458	12
34	1450	5610.99828347748	3
34	1474	5686.8389613817	6
34	1608	6207.55128663994	9
34	1642	6336.301627021396	9
34	1660	6396.959182860809	6
34	1683	6484.47977949286	12
34	1691	6497.644932887805	12
34	1850	7027.283273314565	12
34	1888	7151.248888384582	9
34	1893	7182.023093367568	3
34	1941	7344.076255636382	3
34	1985	7468.038154779461	9
34	1996	7496.854903753378	6
34	2003	7504.864239641094	6
34	2005	7530.330840105397	12
34	2053	7700.933887762354	12
34	2087	7866.787411439586	9
34	2142	8067.31801329758	12
34	2203	8265.669499131117	9
34	2219	8318.149961795155	9
34	2228	8343.813641140653	9
34	2234	8360.848347446031	6
34	2243	8400.588405486197	6
34	2268	8466.721711449673	6
34	2308	8607.128984758367	12
34	2314	8633.127867469001	12
34	2326	8681.618448891305	3
34	2409	9014.313425705769	12
34	2440	9096.941740147953	9
34	2453	9121.269884435442	3
34	2460	9147.12928225442	3
34	2488	9200.521458671736	3
34	2508	9267.326392626417	6
34	2521	9287.730037264945	3
34	2540	9344.036370141545	12
34	2558	9384.039338463911	9
34	2592	9499.123142289108	12
34	2600	9531.217744949967	12
34	2642	9688.614120944119	6
34	2663	9773.788499607177	3
34	2671	9804.861213708381	9
34	2798	10254.912983214479	12
34	2808	10283.14726758661	9
34	2810	10296.6550979558	6
34	2873	10525.724709644219	9
34	2934	10718.469467253832	3
34	2957	10795.343847188659	3
34	2964	10826.065688260326	6
34	3080	11173.342934431083	6
34	3145	11350.653347954528	6
34	3216	11539.637682657682	12
34	3225	11560.494161269773	12
34	3236	11593.508153995608	6
34	3266	11684.715544671372	9
34	3327	11900.740284634462	6
34	3434	12231.476912562313	12
34	3625	12894.774076468479	3
34	3633	12911.538981078692	3
34	3649	12968.556001795654	3
34	3725	13235.265316801136	9
34	3726	13247.694672490614	6
34	3733	13266.843266988479	3
34	3783	13460.282566658999	9
34	3797	13520.623758965509	12
34	3839	13676.329440859388	9
34	3912	13955.223114272832	12
34	3957	14138.41361793321	12
34	3983	14254.466755268983	6
34	4020	14374.456323222474	6
34	4051	14471.83923681446	3
34	4056	14499.090568813812	9
34	4077	14547.862266363602	6
34	4087	14591.186578907377	12
34	4098	14625.432021214752	3
34	4173	14847.034019654127	12
34	4200	14951.372715695107	9
34	4207	14970.222467781778	12
34	4211	14984.311833242365	9
34	4352	15520.669024245981	6
34	4395	15677.368711658579	3
34	4403	15712.832222046434	9
34	4430	15828.333915982156	9
34	4444	15872.267223564597	3
34	4464	15944.198288690653	9
34	4571	16272.320898370623	3
34	4576	16287.555604802152	3
34	4603	16363.464280552094	12
34	4663	16584.933169494995	6
34	4697	16679.70471545809	6
34	4731	16809.178637067998	12
34	4786	17013.335893815645	12
34	4789	17031.936834137792	6
34	4802	17076.078817181141	9
34	4815	17111.989295557914	12
34	4889	17364.273137666122	6
34	4933	17488.093576279787	12
34	4982	17623.815790972589	9
34	4998	17701.188134598096	6
34	5001	17707.815530928231	6
34	5002	17707.911586390098	3
34	5004	17718.963790290513	6
34	5018	17803.689518088766	12
34	5050	17974.409760645279	6
34	5111	18233.192024885887	6
34	5118	18269.900544482983	3
34	5142	18388.8907550082	6
34	5168	18512.28305129356	12
34	5198	18655.721819039479	9
34	5199	18656.161600133966	3
34	5213	18722.055408545453	9
34	5250	18915.282396449033	9
34	5259	18961.610862494043	6
34	5343	19302.76022231031	9
34	5399	19472.121886339846	6
34	5430	19584.55263802639	12
34	5505	19833.71004828125	3
35	292	1269.124915191864	4
35	329	1373.104033568677	1
35	351	1426.875537088396	1
35	372	1478.65431250063	2
35	416	1608.475338482483	4
35	421	1632.587008813039	2
35	422	1634.59848977913	2
35	466	1788.335212723074	3
35	484	1863.516558083727	4
35	612	2429.613888209922	4
35	645	2611.839890990095	4
35	684	2787.740118033323	3
35	728	3007.767542334426	2
35	750	3102.748162605176	3
35	763	3151.345129519287	1
35	765	3152.793345865557	4
35	793	3294.762388169825	4
35	809	3377.725364745887	1
35	813	3402.20122497255	4
35	828	3478.277731937079	3
35	842	3541.572306184829	3
35	874	3681.230880580892	1
35	990	4094.679550610615	1
35	994	4108.243694590684	4
35	1002	4137.289026219137	4
35	1020	4176.80126575797	4
35	1022	4186.339162222986	2
35	1027	4197.108735745994	4
35	1063	4307.095569177747	2
35	1106	4434.330604462246	2
35	1160	4584.213550102614	3
35	1181	4655.048545544772	4
35	1184	4664.259551947496	4
35	1212	4756.518141808821	4
35	1409	5484.554959970458	4
35	1450	5610.99828347748	1
35	1474	5686.8389613817	2
35	1608	6207.55128663994	3
35	1642	6336.301627021396	3
35	1660	6396.959182860809	2
35	1683	6484.47977949286	4
35	1691	6497.644932887805	4
35	1850	7027.283273314565	4
35	1888	7151.248888384582	3
35	1893	7182.023093367568	1
35	1941	7344.076255636382	1
35	1985	7468.038154779461	3
35	1996	7496.854903753378	2
35	2003	7504.864239641094	2
35	2005	7530.330840105397	4
35	2053	7700.933887762354	4
35	2087	7866.787411439586	3
35	2142	8067.31801329758	4
35	2203	8265.669499131117	3
35	2219	8318.149961795155	3
35	2228	8343.813641140653	3
35	2234	8360.848347446031	2
35	2243	8400.588405486197	2
35	2268	8466.721711449673	2
35	2308	8607.128984758367	4
35	2314	8633.127867469001	4
35	2326	8681.618448891305	1
35	2409	9014.313425705769	4
35	2440	9096.941740147953	3
35	2453	9121.269884435442	1
35	2460	9147.12928225442	1
35	2488	9200.521458671736	1
35	2508	9267.326392626417	2
35	2521	9287.730037264945	1
35	2540	9344.036370141545	4
35	2558	9384.039338463911	3
35	2592	9499.123142289108	4
35	2600	9531.217744949967	4
35	2642	9688.614120944119	2
35	2663	9773.788499607177	1
35	2671	9804.861213708381	3
35	2798	10254.912983214479	4
35	2808	10283.14726758661	3
35	2810	10296.6550979558	2
35	2873	10525.724709644219	3
35	2934	10718.469467253832	1
35	2957	10795.343847188659	1
35	2964	10826.065688260326	2
35	3080	11173.342934431083	2
35	3145	11350.653347954528	2
35	3216	11539.637682657682	4
35	3225	11560.494161269773	4
35	3236	11593.508153995608	2
35	3266	11684.715544671372	3
35	3327	11900.740284634462	2
35	3434	12231.476912562313	4
35	3625	12894.774076468479	1
35	3633	12911.538981078692	1
35	3649	12968.556001795654	1
35	3725	13235.265316801136	3
35	3726	13247.694672490614	2
35	3733	13266.843266988479	1
35	3783	13460.282566658999	3
35	3797	13520.623758965509	4
35	3839	13676.329440859388	3
35	3912	13955.223114272832	4
35	3957	14138.41361793321	4
35	3983	14254.466755268983	2
35	4020	14374.456323222474	2
35	4051	14471.83923681446	1
35	4056	14499.090568813812	3
35	4077	14547.862266363602	2
35	4087	14591.186578907377	4
35	4098	14625.432021214752	1
35	4173	14847.034019654127	4
35	4200	14951.372715695107	3
35	4207	14970.222467781778	4
35	4211	14984.311833242365	3
35	4352	15520.669024245981	2
35	4395	15677.368711658579	1
35	4403	15712.832222046434	3
35	4430	15828.333915982156	3
35	4444	15872.267223564597	1
35	4464	15944.198288690653	3
35	4571	16272.320898370623	1
35	4576	16287.555604802152	1
35	4603	16363.464280552094	4
35	4663	16584.933169494995	2
35	4697	16679.70471545809	2
35	4731	16809.178637067998	4
35	4786	17013.335893815645	4
35	4789	17031.936834137792	2
35	4802	17076.078817181141	3
35	4815	17111.989295557914	4
35	4889	17364.273137666122	2
35	4933	17488.093576279787	4
35	4982	17623.815790972589	3
35	4998	17701.188134598096	2
35	5001	17707.815530928231	2
35	5002	17707.911586390098	1
35	5004	17718.963790290513	2
35	5018	17803.689518088766	4
35	5050	17974.409760645279	2
35	5111	18233.192024885887	2
35	5118	18269.900544482983	1
35	5142	18388.8907550082	2
35	5168	18512.28305129356	4
35	5198	18655.721819039479	3
35	5199	18656.161600133966	1
35	5213	18722.055408545453	3
35	5250	18915.282396449033	3
35	5259	18961.610862494043	2
35	5343	19302.76022231031	3
35	5399	19472.121886339846	2
35	5430	19584.55263802639	4
35	5505	19833.71004828125	1

