version 3
run VeryHighLoad_Circle-24-20260126-11:00:52-306
attr configname VeryHighLoad_Circle
attr datetime 20260126-11:00:52
attr datetimef 20260126-110052
attr experiment VeryHighLoad_Circle
attr inifile simulations/nwsim_project/omnetpp.ini
attr iterationvars ""
attr iterationvarsd ""
attr iterationvarsf ""
attr measurement ""
attr network CrossTraffic
attr processid 306
attr repetition 24
attr replication #24
attr resultdir results
attr runnumber 24
attr seedset 24
config description "Very High Load - Circle Mode (200% more traffic)"
config *.Junc*.junctionMode "\"circle\""
config *.EndNW.spawnInterval exponential(100s)
config *.EndNE.spawnInterval exponential(150s)
config *.EndEN.spawnInterval exponential(125s)
config *.EndES.spawnInterval exponential(175s)
config *.EndSE.spawnInterval exponential(113s)
config *.EndSW.spawnInterval exponential(125s)
config *.EndWS.spawnInterval exponential(150s)
config *.EndWN.spawnInterval exponential(175s)
config network CrossTraffic
config sim-time-limit 20000s
config warmup-period 1000s
config repeat 50
config **.scalar-recording true
config **.vector-recording true
config *.Junc*.junctionMode "\"queue\""
config *.EndNW.spawnInterval exponential(800s)
config *.EndNE.spawnInterval exponential(1200s)
config *.EndEN.spawnInterval exponential(1000s)
config *.EndES.spawnInterval exponential(1500s)
config *.EndSE.spawnInterval exponential(900s)
config *.EndSW.spawnInterval exponential(1100s)
config *.EndWS.spawnInterval exponential(1300s)
config *.EndWN.spawnInterval exponential(1400s)

vector 0 CrossTraffic.JuncNW queueLength:vector ETV
attr interpolationmode sample-hold
attr recordingmode vector
attr source queueLength
attr title "Queue Length"
vector 1 CrossTraffic.JuncNW junctionProcessingTime:vector ETV
attr recordingmode vector
attr source junctionProcessingTime
attr title "Junction Processing Time"
vector 2 CrossTraffic.JuncNW vehicleCount:vector ETV
attr recordingmode vector
attr source vehicleCount
attr title "Vehicle Count"
vector 3 CrossTraffic.JuncNE queueLength:vector ETV
attr interpolationmode sample-hold
attr recordingmode vector
attr source queueLength
attr title "Queue Length"
vector 4 CrossTraffic.JuncNE junctionProcessingTime:vector ETV
attr recordingmode vector
attr source junctionProcessingTime
attr title "Junction Processing Time"
vector 5 CrossTraffic.JuncNE vehicleCount:vector ETV
attr recordingmode vector
attr source vehicleCount
attr title "Vehicle Count"
vector 6 CrossTraffic.JuncSE queueLength:vector ETV
attr interpolationmode sample-hold
attr recordingmode vector
attr source queueLength
attr title "Queue Length"
vector 7 CrossTraffic.JuncSE junctionProcessingTime:vector ETV
attr recordingmode vector
attr source junctionProcessingTime
attr title "Junction Processing Time"
vector 8 CrossTraffic.JuncSE vehicleCount:vector ETV
attr recordingmode vector
attr source vehicleCount
attr title "Vehicle Count"
vector 9 CrossTraffic.JuncSW queueLength:vector ETV
attr interpolationmode sample-hold
attr recordingmode vector
attr source queueLength
attr title "Queue Length"
vector 10 CrossTraffic.JuncSW junctionProcessingTime:vector ETV
attr recordingmode vector
attr source junctionProcessingTime
attr title "Junction Processing Time"
vector 11 CrossTraffic.JuncSW vehicleCount:vector ETV
attr recordingmode vector
attr source vehicleCount
attr title "Vehicle Count"
vector 12 CrossTraffic.EndNW travelTime:vector ETV
attr recordingmode vector
attr source travelTime
attr title "Vehicle Travel Time"
vector 13 CrossTraffic.EndNW junctionTime:vector ETV
attr recordingmode vector
attr source junctionTime
attr title "Total Junction Time per Vehicle"
vector 14 CrossTraffic.EndNW junctionCount:vector ETV
attr recordingmode vector
attr source junctionCount
attr title "Junctions Visited per Vehicle"
vector 15 CrossTraffic.EndNE travelTime:vector ETV
attr recordingmode vector
attr source travelTime
attr title "Vehicle Travel Time"
vector 16 CrossTraffic.EndNE junctionTime:vector ETV
attr recordingmode vector
attr source junctionTime
attr title "Total Junction Time per Vehicle"
vector 17 CrossTraffic.EndNE junctionCount:vector ETV
attr recordingmode vector
attr source junctionCount
attr title "Junctions Visited per Vehicle"
vector 18 CrossTraffic.EndEN travelTime:vector ETV
attr recordingmode vector
attr source travelTime
attr title "Vehicle Travel Time"
vector 19 CrossTraffic.EndEN junctionTime:vector ETV
attr recordingmode vector
attr source junctionTime
attr title "Total Junction Time per Vehicle"
vector 20 CrossTraffic.EndEN junctionCount:vector ETV
attr recordingmode vector
attr source junctionCount
attr title "Junctions Visited per Vehicle"
vector 21 CrossTraffic.EndES travelTime:vector ETV
attr recordingmode vector
attr source travelTime
attr title "Vehicle Travel Time"
vector 22 CrossTraffic.EndES junctionTime:vector ETV
attr recordingmode vector
attr source junctionTime
attr title "Total Junction Time per Vehicle"
vector 23 CrossTraffic.EndES junctionCount:vector ETV
attr recordingmode vector
attr source junctionCount
attr title "Junctions Visited per Vehicle"
vector 24 CrossTraffic.EndSE travelTime:vector ETV
attr recordingmode vector
attr source travelTime
attr title "Vehicle Travel Time"
vector 25 CrossTraffic.EndSE junctionTime:vector ETV
attr recordingmode vector
attr source junctionTime
attr title "Total Junction Time per Vehicle"
vector 26 CrossTraffic.EndSE junctionCount:vector ETV
attr recordingmode vector
attr source junctionCount
attr title "Junctions Visited per Vehicle"
vector 27 CrossTraffic.EndSW travelTime:vector ETV
attr recordingmode vector
attr source travelTime
attr title "Vehicle Travel Time"
vector 28 CrossTraffic.EndSW junctionTime:vector ETV
attr recordingmode vector
attr source junctionTime
attr title "Total Junction Time per Vehicle"
vector 29 CrossTraffic.EndSW junctionCount:vector ETV
attr recordingmode vector
attr source junctionCount
attr title "Junctions Visited per Vehicle"
vector 30 CrossTraffic.EndWS travelTime:vector ETV
attr recordingmode vector
attr source travelTime
attr title "Vehicle Travel Time"
vector 31 CrossTraffic.EndWS junctionTime:vector ETV
attr recordingmode vector
attr source junctionTime
attr title "Total Junction Time per Vehicle"
vector 32 CrossTraffic.EndWS junctionCount:vector ETV
attr recordingmode vector
attr source junctionCount
attr title "Junctions Visited per Vehicle"
vector 33 CrossTraffic.EndWN travelTime:vector ETV
attr recordingmode vector
attr source travelTime
attr title "Vehicle Travel Time"
vector 34 CrossTraffic.EndWN junctionTime:vector ETV
attr recordingmode vector
attr source junctionTime
attr title "Total Junction Time per Vehicle"
vector 35 CrossTraffic.EndWN junctionCount:vector ETV
attr recordingmode vector
attr source junctionCount
attr title "Junctions Visited per Vehicle"
0	241	1006.911889001045	0
0	248	1032.1367992331	0
0	249	1035.975386298756	0
0	250	1036.92834189845	0
0	261	1088.036660178435	0
0	263	1098.823354868837	0
0	265	1107.27603224351	0
0	267	1110.568447661812	0
0	297	1240.51195247923	0
0	301	1244.505089896179	0
0	305	1275.845322826932	0
0	324	1342.073341134387	0
0	343	1417.672206236653	0
0	356	1486.992261606195	0
0	365	1530.262916406929	0
0	367	1536.570584278622	0
0	370	1547.37818575086	0
0	376	1566.820674438502	0
0	379	1598.987437282435	0
0	382	1620.049929027876	0
0	383	1621.814802064575	0
0	387	1635.269849277406	0
0	419	1747.084845618149	0
0	425	1759.26792153237	0
0	427	1765.481401572461	0
0	436	1813.76072283591	0
0	437	1815.218995403138	0
0	441	1827.803915090091	0
0	446	1844.666772838071	0
0	448	1847.777623089963	0
0	454	1858.061657441765	0
0	461	1877.60456310486	0
0	467	1921.877741925958	0
0	468	1923.579221576297	0
0	482	1960.582054240215	0
0	484	1963.038351044023	0
0	489	1976.71414380495	0
0	490	1978.136370115307	0
0	495	2011.768934951809	0
0	502	2043.072221728653	0
0	503	2048.0818329365	0
0	505	2051.11651618441	0
0	511	2071.977516773798	0
0	519	2106.143141003462	0
0	521	2115.347343033321	0
0	544	2221.611697404835	0
0	550	2272.671398643515	0
0	555	2293.430702075691	0
0	568	2388.063392051402	0
0	573	2425.265143787575	0
0	574	2426.401775344633	0
0	595	2541.340656458387	0
0	602	2566.838706063309	0
0	619	2634.859159591152	0
0	621	2636.609806479209	0
0	630	2670.614165919777	0
0	650	2745.610383338188	0
0	652	2751.441110804091	0
0	653	2767.539099054884	0
0	655	2771.625722299339	0
0	660	2776.941378776528	0
0	672	2819.402571623998	0
0	673	2823.347200259128	0
0	678	2839.503294454683	0
0	693	2884.929723456251	0
0	700	2900.845835394831	0
0	701	2916.438105207117	0
0	707	2933.134951472041	0
0	709	2938.4437013021	0
0	721	2984.254509999308	0
0	727	2997.271343179914	0
0	738	3032.347913715823	0
0	756	3092.628831731061	0
0	759	3104.684588175003	0
0	767	3143.683145546082	0
0	785	3217.053204574589	0
0	787	3224.441432595605	0
0	796	3254.556999362561	0
0	798	3257.710390155192	0
0	799	3261.755385409228	0
0	803	3268.484976643768	0
0	820	3355.032635216553	0
0	830	3401.418353253799	0
0	838	3435.115486008921	0
0	841	3450.970350768888	0
0	842	3451.327372845034	0
0	847	3465.558893303063	0
0	849	3472.475195675257	0
0	860	3516.172624664354	0
0	869	3545.429342378515	0
0	872	3557.619544118011	0
0	881	3578.203487573762	0
0	883	3584.916830270535	0
0	891	3612.968114226091	0
0	904	3670.967733666002	0
0	914	3703.515994718394	0
0	925	3757.500727971092	0
0	945	3817.517745462492	0
0	955	3871.273321660598	0
0	964	3897.112076534427	0
0	965	3900.290980045988	0
0	967	3913.718531480143	0
0	976	3962.833844893531	0
0	988	3996.055972515593	0
0	1000	4022.139848116423	0
0	1005	4044.502361728511	0
0	1009	4056.234510492096	0
0	1015	4067.41097120456	0
0	1030	4108.267456859131	0
0	1037	4127.982386802993	0
0	1042	4150.271346971396	0
0	1053	4176.387373121021	0
0	1060	4204.333092494316	0
0	1064	4211.190160075203	0
0	1069	4220.387325383456	0
0	1074	4242.310238901464	0
0	1091	4302.66142063692	0
0	1099	4314.733759586346	0
0	1100	4319.118925045213	0
0	1101	4319.838449903372	0
0	1112	4368.177630260184	0
0	1114	4376.007821425168	0
0	1121	4410.344382669427	0
0	1148	4516.105790844709	0
0	1152	4528.018653214597	0
0	1157	4564.971471361549	0
0	1160	4569.826204008339	0
0	1161	4571.157948429302	0
0	1167	4606.292920036249	0
0	1171	4628.39028792144	0
0	1174	4649.488352146637	0
0	1175	4658.507123932437	0
0	1178	4667.778870700478	0
0	1183	4680.347111926822	0
0	1205	4775.319317162755	0
0	1215	4805.757774870191	0
0	1222	4838.494392458124	0
0	1223	4841.35716282033	0
0	1224	4846.370950031703	0
0	1230	4868.615437068995	0
0	1231	4873.571276560396	0
0	1237	4881.069197285629	0
0	1242	4903.386477854642	0
0	1249	4922.464096955248	0
0	1260	4966.518428562813	0
0	1264	4974.006860433387	0
0	1272	4989.901551842702	0
0	1281	5029.328590441846	0
0	1293	5067.788808084218	0
0	1294	5068.593426663277	0
0	1300	5083.848111123302	0
0	1307	5107.014182233036	0
0	1309	5109.415804711933	0
0	1336	5187.795263740904	0
0	1337	5188.973883216041	0
0	1345	5230.32990357538	0
0	1348	5241.645011969745	0
0	1355	5259.498174049297	0
0	1358	5269.642427700328	0
0	1366	5282.85813464856	0
0	1373	5304.477277539565	0
0	1377	5332.270676840879	0
0	1384	5356.548764834343	0
0	1387	5366.997584937758	0
0	1390	5373.076476039416	0
0	1391	5373.682343049554	0
0	1398	5395.273086568948	0
0	1399	5396.821329618105	0
0	1402	5412.266688926279	0
0	1409	5456.85391804051	0
0	1418	5480.688681818888	0
0	1426	5522.272937878099	0
0	1431	5552.493707118063	0
0	1457	5701.452365671622	0
0	1461	5712.717857805846	0
0	1491	5862.077643019185	0
0	1492	5868.652641148097	0
0	1503	5918.276699987401	0
0	1506	5920.179046962611	0
0	1513	5945.411757363012	0
0	1528	5994.448731386077	0
0	1536	6038.078342290702	0
0	1537	6040.787278843069	0
0	1538	6046.560821389725	0
0	1541	6051.610709568095	0
0	1542	6052.808553178438	0
0	1552	6085.952433863265	0
0	1554	6096.127206472302	0
0	1582	6179.398032693074	0
0	1585	6206.277421329982	0
0	1588	6226.460945426031	0
0	1591	6246.663957019363	0
0	1594	6255.412803514928	0
0	1599	6270.955384009747	0
0	1601	6280.681570211088	0
0	1611	6313.624642439124	0
0	1614	6326.876046936358	0
0	1628	6369.427479839996	0
0	1629	6371.405451737474	0
0	1636	6397.553641758013	0
0	1639	6399.659375062601	0
0	1644	6428.160872017285	0
0	1648	6434.986459183969	0
0	1650	6448.734893598573	0
0	1675	6534.925576254791	0
0	1676	6537.747091741946	0
0	1679	6549.839153559876	0
0	1683	6558.161382243971	0
0	1684	6559.847871977435	0
0	1686	6566.855808282151	0
0	1691	6584.133905570068	0
0	1701	6622.335206225847	0
0	1708	6641.156248658407	0
0	1711	6654.178591408996	0
0	1716	6663.20010748225	0
0	1723	6687.617429286003	0
0	1725	6697.335754775354	0
0	1735	6722.961643075777	0
0	1741	6743.766713096629	0
0	1745	6757.907539963187	0
0	1760	6796.72669082582	0
0	1762	6803.390647693544	0
0	1766	6808.403826259396	0
0	1776	6835.647953499404	0
0	1785	6869.296904915404	0
0	1790	6881.48469824677	0
0	1800	6907.179497290799	0
0	1801	6908.183364223097	0
0	1803	6910.057639448018	0
0	1805	6914.343429052077	0
0	1808	6922.651754714554	0
0	1812	6941.61448780082	0
0	1820	6974.716472127257	0
0	1822	6976.035647079312	0
0	1840	7025.228590160642	0
0	1863	7094.700993142768	0
0	1864	7095.275921565856	0
0	1872	7115.358606852416	0
0	1875	7126.671367351568	0
0	1880	7132.572386777662	0
0	1883	7143.90980117482	0
0	1885	7161.296968168152	0
0	1888	7171.78889689958	0
0	1896	7189.90456402351	0
0	1899	7195.099229407626	0
0	1903	7200.187887789508	0
0	1915	7230.456705967457	0
0	1916	7232.546616334683	0
0	1928	7275.692776088728	0
0	1941	7308.091508352148	0
0	1957	7376.563770714665	0
0	1968	7402.394709664926	0
0	1972	7414.631013045615	0
0	1973	7417.105590471051	0
0	1974	7417.450364014375	0
0	1986	7458.509625705826	0
0	2000	7503.11964720801	0
0	2019	7548.124042092262	0
0	2025	7571.134564899729	0
0	2027	7577.444241071119	0
0	2029	7587.354080773094	0
0	2039	7613.468474734977	0
0	2047	7627.639184230832	0
0	2052	7646.339824212784	0
0	2071	7704.414213697219	0
0	2072	7706.072461439264	0
0	2076	7721.978937089438	0
0	2081	7735.251613485763	0
0	2083	7744.320434384971	0
0	2096	7794.210161287652	0
0	2099	7799.650212187032	0
0	2104	7816.548562942594	0
0	2105	7816.966339155079	0
0	2113	7861.251584234757	0
0	2114	7864.314426110914	0
0	2115	7873.210272298992	0
0	2117	7882.792110801371	0
0	2121	7901.395637624243	0
0	2122	7902.004035489724	0
0	2125	7908.107106902567	0
0	2132	7935.609654832085	0
0	2152	8011.141313282342	0
0	2169	8083.657473321551	0
0	2183	8142.132378410673	0
0	2188	8150.090742683927	0
0	2189	8154.1799508247	0
0	2190	8154.377803968395	0
0	2201	8187.896728837178	0
0	2207	8202.62910438208	0
0	2213	8228.297959314284	0
0	2228	8271.195164929083	0
0	2234	8286.124508030918	0
0	2244	8300.208176285198	0
0	2248	8307.870275134854	0
0	2259	8348.999704172238	0
0	2272	8385.098486922397	0
0	2276	8390.553269356791	0
0	2280	8397.924292945983	0
0	2284	8404.027567428858	0
0	2290	8422.926321367994	0
0	2295	8442.810726791612	0
0	2297	8449.841975050907	0
0	2304	8473.052899835816	0
0	2318	8498.278306270221	0
0	2321	8503.468746694595	0
0	2326	8511.752865751492	0
0	2343	8557.523460014474	0
0	2352	8582.39738601979	0
0	2354	8588.149952275294	0
0	2363	8606.742348983018	0
0	2369	8628.454100944919	0
0	2374	8632.729024858066	0
0	2412	8756.186560806477	0
0	2414	8761.937701599829	0
0	2421	8786.035550583897	0
0	2433	8826.562554328417	0
0	2437	8831.824228937762	0
0	2442	8845.407847262424	0
0	2447	8868.987066401977	0
0	2449	8871.659313426186	0
0	2451	8876.334764002737	0
0	2456	8892.178394661797	0
0	2464	8922.924405189193	0
0	2466	8924.542808975167	0
0	2468	8929.326111100547	0
0	2470	8930.027826360084	0
0	2484	8991.074283046828	0
0	2502	9041.044708440493	0
0	2504	9048.862600493578	0
0	2519	9105.732077625059	0
0	2531	9135.808451054475	0
0	2535	9151.161478022795	0
0	2552	9221.884388987684	0
0	2570	9274.566005392708	0
0	2571	9278.359747946222	0
0	2585	9336.010566893132	0
0	2586	9341.669499056782	0
0	2588	9350.312503785395	0
0	2592	9367.416717305626	0
0	2597	9386.632143426319	0
0	2605	9412.227014318419	0
0	2612	9459.043079157916	0
0	2621	9500.91433001984	0
0	2635	9582.811061696678	0
0	2636	9583.836213295818	0
0	2643	9619.977373869375	0
0	2650	9661.599992687289	0
0	2660	9712.475166543381	0
0	2679	9783.495111329847	0
0	2687	9824.624669817204	0
0	2688	9825.103851629708	0
0	2690	9828.747133806251	0
0	2694	9843.670485508944	0
0	2704	9871.697262401264	0
0	2709	9909.609932007212	0
0	2721	9949.462496884367	0
0	2726	9972.095256392524	0
0	2734	10018.548158409426	0
0	2744	10041.253428372459	0
0	2749	10055.237978107197	0
0	2762	10103.229230004477	0
0	2766	10124.857349250051	0
0	2767	10127.849331778495	0
0	2769	10140.673556623879	0
0	2786	10191.508907300747	0
0	2791	10200.007989598426	0
0	2792	10203.028249690147	0
0	2794	10218.79835124182	0
0	2797	10233.718791342876	0
0	2803	10251.3356140058	0
0	2804	10251.970204547682	0
0	2805	10252.957478926805	0
0	2839	10378.098472514725	0
0	2842	10389.2127427977	0
0	2843	10393.661670417061	0
0	2846	10402.179205784129	0
0	2858	10463.276013264621	0
0	2859	10469.291788261064	0
0	2861	10479.351344690412	0
0	2871	10520.171718426974	0
0	2886	10589.615042821411	0
0	2890	10612.710954171546	0
0	2897	10628.815657584985	0
0	2915	10716.375263875546	0
0	2934	10795.943485814933	0
0	2935	10798.45084971007	0
0	2937	10817.653474675921	0
0	2944	10831.559391540987	0
0	2945	10831.620441471512	0
0	2954	10876.564587018645	0
0	2956	10886.637835910535	0
0	2957	10887.370284424058	0
0	2979	10964.753817536746	0
0	2981	10968.438197208923	0
0	2982	10969.072110936327	0
0	2991	10991.90979246668	0
0	2995	11004.658343449735	0
0	3002	11027.13460159529	0
0	3016	11091.769895328635	0
0	3032	11141.676827509014	0
0	3033	11142.965792280346	0
0	3035	11162.138284442146	0
0	3041	11173.50040830744	0
0	3048	11196.51162334835	0
0	3052	11212.639563071068	0
0	3058	11226.578757599807	0
0	3059	11229.384252212568	0
0	3067	11261.854682241993	0
0	3073	11272.470104922547	0
0	3097	11352.322064585043	0
0	3098	11352.705350443299	0
0	3110	11402.18159253474	0
0	3114	11417.230690174487	0
0	3116	11420.391418674301	0
0	3132	11473.747585454031	0
0	3142	11511.916715315589	0
0	3143	11514.884511887025	0
0	3147	11525.157037654786	0
0	3152	11556.60278026589	0
0	3155	11563.338034364247	0
0	3159	11571.5174271428	0
0	3161	11572.253414077525	0
0	3164	11579.200433987768	0
0	3165	11580.140110907432	0
0	3172	11611.584007264749	0
0	3190	11670.587038961624	0
0	3194	11681.019270248622	0
0	3199	11689.226120478346	0
0	3200	11690.496555224039	0
0	3202	11700.616437467088	0
0	3203	11706.87606185733	0
0	3209	11734.338382460277	0
0	3217	11763.607106726404	0
0	3221	11772.377343322822	0
0	3228	11787.468124155215	0
0	3250	11860.504156626574	0
0	3251	11864.510220178603	0
0	3276	11939.493283483271	0
0	3280	11953.369788937794	0
0	3286	11969.051176342277	0
0	3289	11981.76545533995	0
0	3290	11982.419290426782	0
0	3298	12016.055220887059	0
0	3312	12060.959293382748	0
0	3315	12071.176778455959	0
0	3324	12105.170323675722	0
0	3325	12108.336831750122	0
0	3332	12132.469079643144	0
0	3334	12136.716441425379	0
0	3337	12154.604206654301	0
0	3338	12156.903387801454	0
0	3344	12171.010021112887	0
0	3347	12182.275587126821	0
0	3350	12204.712209886204	0
0	3366	12246.293120432878	0
0	3381	12303.980387775005	0
0	3388	12317.801497496084	0
0	3396	12345.089552906854	0
0	3402	12364.061521169049	0
0	3408	12389.719397617591	0
0	3430	12470.072291264857	0
0	3434	12491.242065312413	0
0	3442	12519.9204953838	0
0	3446	12535.696570434336	0
0	3447	12544.961815764724	0
0	3451	12567.523985664029	0
0	3459	12596.413639850052	0
0	3471	12638.646722042927	0
0	3483	12679.75042516642	0
0	3490	12705.28007049525	0
0	3511	12799.822890295318	0
0	3522	12839.071189519877	0
0	3526	12861.229509457424	0
0	3530	12866.459818494302	0
0	3532	12884.042837820878	0
0	3543	12917.030913409365	0
0	3546	12927.113548651916	0
0	3553	12965.863282695588	0
0	3554	12966.784149204959	0
0	3561	12994.06072875544	0
0	3563	13003.155316004148	0
0	3566	13008.169676959168	0
0	3568	13011.061196146204	0
0	3572	13028.92540247566	0
0	3587	13092.026830068484	0
0	3589	13099.808554389834	0
0	3605	13164.586076018631	0
0	3623	13235.821392344345	0
0	3631	13293.41618360699	0
0	3632	13296.203528894312	0
0	3642	13314.400828613125	0
0	3644	13338.103242210061	0
0	3648	13347.753150222517	0
0	3669	13410.230912591293	0
0	3675	13441.169626451892	0
0	3681	13460.480496723271	0
0	3683	13468.134855574307	0
0	3687	13479.529073285031	0
0	3700	13530.238321947211	0
0	3701	13534.041042904708	0
0	3709	13558.729239633734	0
0	3710	13560.78490841832	0
0	3724	13602.610262378466	0
0	3725	13605.630149574046	0
0	3726	13613.359700342573	0
0	3733	13643.196387454016	0
0	3734	13644.447035932051	0
0	3745	13679.357761314339	0
0	3756	13714.751518433764	0
0	3761	13731.508745735891	0
0	3762	13737.627592815478	0
0	3769	13755.7650201924	0
0	3773	13777.862469329616	0
0	3782	13803.230173162783	0
0	3790	13827.3028923264	0
0	3805	13883.892972434356	0
0	3807	13894.967028345873	0
0	3814	13916.136928804715	0
0	3826	13955.196599304149	0
0	3828	13959.463876805799	0
0	3829	13961.83637631417	0
0	3832	13974.48681090076	0
0	3838	14002.133984514263	0
0	3846	14026.012329099171	0
0	3851	14048.72060928328	0
0	3860	14076.642609756945	0
0	3879	14145.856328240496	0
0	3893	14207.393522518848	0
0	3896	14215.986879465234	0
0	3905	14258.861243071683	0
0	3908	14279.932899456568	0
0	3909	14281.025882734383	0
0	3912	14296.56384345388	0
0	3913	14299.892616983513	0
0	3931	14398.050195021181	0
0	3941	14429.496337877156	0
0	3956	14511.010571250666	0
0	3964	14549.337783621717	0
0	3965	14549.974724570744	0
0	3974	14591.806442993438	0
0	3979	14608.424939021255	0
0	3980	14612.178242633387	0
0	3985	14640.293328196165	0
0	3993	14674.297125413887	0
0	3994	14679.855179509144	0
0	3995	14683.23159653294	0
0	4010	14718.176175189852	0
0	4018	14761.403113456129	0
0	4030	14809.962984529399	0
0	4031	14810.325291537621	0
0	4047	14874.420560914475	0
0	4050	14886.706147377536	0
0	4054	14902.767210790915	0
0	4055	14907.634515162472	0
0	4064	14932.976014614662	0
0	4069	14949.53308712307	0
0	4070	14950.004164249427	0
0	4071	14974.028574347943	0
0	4077	14990.028842049911	0
0	4090	15020.508823321862	0
0	4107	15077.264656923577	0
0	4112	15092.235780379868	0
0	4129	15134.14412364437	0
0	4141	15179.000858314025	0
0	4145	15188.580010327268	0
0	4150	15200.420299521837	0
0	4162	15239.652830088112	0
0	4164	15241.28053353245	0
0	4167	15253.509570134895	0
0	4183	15316.278346595318	0
0	4186	15317.463617336668	0
0	4191	15343.241567140394	0
0	4194	15353.764979450751	0
0	4197	15359.235316334336	0
0	4204	15399.696016220628	0
0	4208	15416.304855744429	0
0	4210	15419.355236456488	0
0	4211	15420.051439419905	0
0	4214	15440.64017446589	0
0	4218	15454.680464378217	0
0	4227	15509.908479784075	0
0	4228	15514.514916506305	0
0	4242	15589.851000491159	0
0	4260	15678.072337857678	0
0	4266	15705.19908121336	0
0	4272	15727.971279210898	0
0	4287	15793.910970091006	0
0	4292	15801.91819517348	0
0	4295	15820.140721003106	0
0	4296	15827.422643372259	0
0	4305	15861.727701526302	0
0	4316	15902.56579060876	0
0	4320	15918.634337111287	0
0	4326	15935.774148528943	0
0	4331	15960.229165277238	0
0	4345	16032.364820203327	0
0	4346	16032.824835261426	0
0	4354	16057.709071566407	0
0	4359	16097.185258903607	0
0	4375	16143.010927225362	0
0	4388	16203.763423828234	0
0	4393	16213.683744026885	0
0	4402	16247.605891456888	0
0	4408	16299.634455923054	0
0	4413	16312.9276601648	0
0	4431	16359.618713246764	0
0	4434	16372.571502694233	0
0	4448	16423.273413181788	0
0	4458	16448.550482226688	0
0	4460	16457.279306889057	0
0	4474	16506.872731507811	0
0	4483	16533.321718446711	0
0	4484	16535.259011982191	0
0	4505	16599.656886312271	0
0	4506	16604.77260153252	0
0	4507	16606.291290263234	0
0	4509	16619.218649265435	0
0	4518	16646.790821107483	0
0	4519	16652.45779379239	0
0	4526	16672.170746474394	0
0	4527	16679.398811112378	0
0	4538	16725.265048787547	0
0	4553	16765.479685858331	0
0	4560	16791.336737884358	0
0	4569	16833.439515429036	0
0	4585	16901.824419051515	0
0	4586	16908.325768621983	0
0	4591	16947.214439518947	0
0	4594	16966.961935022773	0
0	4612	17084.378974443408	0
0	4613	17085.274610013201	0
0	4623	17130.292410027458	0
0	4628	17185.367131842447	0
0	4631	17192.402768087558	0
0	4636	17215.84631206541	0
0	4646	17269.776108363691	0
0	4652	17310.183475898031	0
0	4653	17311.568677778484	0
0	4665	17362.6743477708	0
0	4673	17408.305312026652	0
0	4677	17427.15706705103	0
0	4681	17434.970073406842	0
0	4691	17495.704238745193	0
0	4697	17521.328027604607	0
0	4701	17536.466503431642	0
0	4707	17541.321664417304	0
0	4718	17586.879644484857	0
0	4734	17639.665578164905	0
0	4741	17654.691164493175	0
0	4742	17658.580396273919	0
0	4743	17660.42721061328	0
0	4750	17682.878118664423	0
0	4756	17700.980609710677	0
0	4781	17772.575929189257	0
0	4788	17793.858222536297	0
0	4798	17818.928424518847	0
0	4805	17847.148095557881	0
0	4808	17867.760916545666	0
0	4809	17872.030090090836	0
0	4812	17875.809358516589	0
0	4815	17896.790982444591	0
0	4824	17915.289029486287	0
0	4834	17949.247586180326	0
0	4843	17976.762280887882	0
0	4847	17994.004390546135	0
0	4853	18003.292238542908	0
0	4867	18048.711710503605	0
0	4870	18051.906242112567	0
0	4880	18087.765872094517	0
0	4883	18097.613120679985	0
0	4893	18119.737614975603	0
0	4910	18164.478425346486	0
0	4920	18198.292463852443	0
0	4924	18204.022071216333	0
0	4934	18222.90958373225	0
0	4946	18256.713597584349	0
0	4949	18269.622447784047	0
0	4950	18271.452754455163	0
0	4952	18274.971220698617	0
0	4955	18281.727306486226	0
0	4956	18284.135259572886	0
0	4960	18301.141970336006	0
0	4979	18354.618047676011	0
0	4980	18357.081300110447	0
0	4995	18396.216781161016	0
0	4997	18399.67089356012	0
0	5001	18410.156662914861	0
0	5007	18426.146447809634	0
0	5010	18442.441131518455	0
0	5024	18478.234138565461	0
0	5026	18480.813618218531	0
0	5044	18535.54812349063	0
0	5049	18552.300883242271	0
0	5051	18558.123337081152	0
0	5053	18563.159441365296	0
0	5054	18568.680511761107	0
0	5058	18581.948945589967	0
0	5071	18619.86315144819	0
0	5079	18649.310247812505	0
0	5096	18701.133013198293	0
0	5101	18720.548444295019	0
0	5114	18763.631887457096	0
0	5128	18806.377874754365	0
0	5129	18806.454945130081	0
0	5133	18840.13336955667	0
0	5134	18844.583722726765	0
0	5143	18875.44250216098	0
0	5167	18967.859212274007	0
0	5174	18981.429568945254	0
0	5176	18992.989751154992	0
0	5177	18995.394406057782	0
0	5178	18998.300495119949	0
0	5206	19103.805929688502	0
0	5214	19166.548221941838	0
0	5216	19167.850601899211	0
0	5219	19183.871701717967	0
0	5221	19186.139041796266	0
0	5225	19201.372267069937	0
0	5232	19230.207035219105	0
0	5237	19258.239104642295	0
0	5260	19344.092248438257	0
0	5262	19351.360997975421	0
0	5273	19406.046671072826	0
0	5275	19407.728555930378	0
0	5293	19482.224894958922	0
0	5295	19486.272631139063	0
0	5296	19490.476348837649	0
0	5305	19524.389027063724	0
0	5307	19532.069823229352	0
0	5320	19561.291006007881	0
0	5329	19611.218564199282	0
0	5337	19633.864760586193	0
0	5345	19647.135735937727	0
0	5354	19685.393749093095	0
0	5365	19731.912689577282	0
0	5374	19752.04931515003	0
0	5377	19767.075232297624	0
0	5383	19786.168250100677	0
0	5385	19790.48310411765	0
0	5406	19855.032283323264	0
0	5416	19880.153233759795	0
0	5417	19881.770918891777	0
0	5418	19882.226201203048	0
0	5443	19951.602803099154	0
0	5448	19967.693183465412	0
0	5457	19987.170350083479	0
1	241	1006.911889001045	3
1	248	1032.1367992331	3
1	249	1035.975386298756	3
1	250	1036.92834189845	3
1	261	1088.036660178435	3
1	263	1098.823354868837	3
1	265	1107.27603224351	3
1	267	1110.568447661812	3
1	297	1240.51195247923	3
1	301	1244.505089896179	3
1	305	1275.845322826932	3
1	324	1342.073341134387	3
1	343	1417.672206236653	3
1	356	1486.992261606195	3
1	365	1530.262916406929	3
1	367	1536.570584278622	3
1	370	1547.37818575086	3
1	376	1566.820674438502	3
1	379	1598.987437282435	3
1	382	1620.049929027876	3
1	383	1621.814802064575	3
1	387	1635.269849277406	3
1	419	1747.084845618149	3
1	425	1759.26792153237	3
1	427	1765.481401572461	3
1	436	1813.76072283591	3
1	437	1815.218995403138	3
1	441	1827.803915090091	3
1	446	1844.666772838071	3
1	448	1847.777623089963	3
1	454	1858.061657441765	3
1	461	1877.60456310486	3
1	467	1921.877741925958	3
1	468	1923.579221576297	3
1	482	1960.582054240215	3
1	484	1963.038351044023	3
1	489	1976.71414380495	3
1	490	1978.136370115307	3
1	495	2011.768934951809	3
1	502	2043.072221728653	3
1	503	2048.0818329365	3
1	505	2051.11651618441	3
1	511	2071.977516773798	3
1	519	2106.143141003462	3
1	521	2115.347343033321	3
1	544	2221.611697404835	3
1	550	2272.671398643515	3
1	555	2293.430702075691	3
1	568	2388.063392051402	3
1	573	2425.265143787575	3
1	574	2426.401775344633	3
1	595	2541.340656458387	3
1	602	2566.838706063309	3
1	619	2634.859159591152	3
1	621	2636.609806479209	3
1	630	2670.614165919777	3
1	650	2745.610383338188	3
1	652	2751.441110804091	3
1	653	2767.539099054884	3
1	655	2771.625722299339	3
1	660	2776.941378776528	3
1	672	2819.402571623998	3
1	673	2823.347200259128	3
1	678	2839.503294454683	3
1	693	2884.929723456251	3
1	700	2900.845835394831	3
1	701	2916.438105207117	3
1	707	2933.134951472041	3
1	709	2938.4437013021	3
1	721	2984.254509999308	3
1	727	2997.271343179914	3
1	738	3032.347913715823	3
1	756	3092.628831731061	3
1	759	3104.684588175003	3
1	767	3143.683145546082	3
1	785	3217.053204574589	3
1	787	3224.441432595605	3
1	796	3254.556999362561	3
1	798	3257.710390155192	3
1	799	3261.755385409228	3
1	803	3268.484976643768	3
1	820	3355.032635216553	3
1	830	3401.418353253799	3
1	838	3435.115486008921	3
1	841	3450.970350768888	3
1	842	3451.327372845034	3
1	847	3465.558893303063	3
1	849	3472.475195675257	3
1	860	3516.172624664354	3
1	869	3545.429342378515	3
1	872	3557.619544118011	3
1	881	3578.203487573762	3
1	883	3584.916830270535	3
1	891	3612.968114226091	3
1	904	3670.967733666002	3
1	914	3703.515994718394	3
1	925	3757.500727971092	3
1	945	3817.517745462492	3
1	955	3871.273321660598	3
1	964	3897.112076534427	3
1	965	3900.290980045988	3
1	967	3913.718531480143	3
1	976	3962.833844893531	3
1	988	3996.055972515593	3
1	1000	4022.139848116423	3
1	1005	4044.502361728511	3
1	1009	4056.234510492096	3
1	1015	4067.41097120456	3
1	1030	4108.267456859131	3
1	1037	4127.982386802993	3
1	1042	4150.271346971396	3
1	1053	4176.387373121021	3
1	1060	4204.333092494316	3
1	1064	4211.190160075203	3
1	1069	4220.387325383456	3
1	1074	4242.310238901464	3
1	1091	4302.66142063692	3
1	1099	4314.733759586346	3
1	1100	4319.118925045213	3
1	1101	4319.838449903372	3
1	1112	4368.177630260184	3
1	1114	4376.007821425168	3
1	1121	4410.344382669427	3
1	1148	4516.105790844709	3
1	1152	4528.018653214597	3
1	1157	4564.971471361549	3
1	1160	4569.826204008339	3
1	1161	4571.157948429302	3
1	1167	4606.292920036249	3
1	1171	4628.39028792144	3
1	1174	4649.488352146637	3
1	1175	4658.507123932437	3
1	1178	4667.778870700478	3
1	1183	4680.347111926822	3
1	1205	4775.319317162755	3
1	1215	4805.757774870191	3
1	1222	4838.494392458124	3
1	1223	4841.35716282033	3
1	1224	4846.370950031703	3
1	1230	4868.615437068995	3
1	1231	4873.571276560396	3
1	1237	4881.069197285629	3
1	1242	4903.386477854642	3
1	1249	4922.464096955248	3
1	1260	4966.518428562813	3
1	1264	4974.006860433387	3
1	1272	4989.901551842702	3
1	1281	5029.328590441846	3
1	1293	5067.788808084218	3
1	1294	5068.593426663277	3
1	1300	5083.848111123302	3
1	1307	5107.014182233036	3
1	1309	5109.415804711933	3
1	1336	5187.795263740904	3
1	1337	5188.973883216041	3
1	1345	5230.32990357538	3
1	1348	5241.645011969745	3
1	1355	5259.498174049297	3
1	1358	5269.642427700328	3
1	1366	5282.85813464856	3
1	1373	5304.477277539565	3
1	1377	5332.270676840879	3
1	1384	5356.548764834343	3
1	1387	5366.997584937758	3
1	1390	5373.076476039416	3
1	1391	5373.682343049554	3
1	1398	5395.273086568948	3
1	1399	5396.821329618105	3
1	1402	5412.266688926279	3
1	1409	5456.85391804051	3
1	1418	5480.688681818888	3
1	1426	5522.272937878099	3
1	1431	5552.493707118063	3
1	1457	5701.452365671622	3
1	1461	5712.717857805846	3
1	1491	5862.077643019185	3
1	1492	5868.652641148097	3
1	1503	5918.276699987401	3
1	1506	5920.179046962611	3
1	1513	5945.411757363012	3
1	1528	5994.448731386077	3
1	1536	6038.078342290702	3
1	1537	6040.787278843069	3
1	1538	6046.560821389725	3
1	1541	6051.610709568095	3
1	1542	6052.808553178438	3
1	1552	6085.952433863265	3
1	1554	6096.127206472302	3
1	1582	6179.398032693074	3
1	1585	6206.277421329982	3
1	1588	6226.460945426031	3
1	1591	6246.663957019363	3
1	1594	6255.412803514928	3
1	1599	6270.955384009747	3
1	1601	6280.681570211088	3
1	1611	6313.624642439124	3
1	1614	6326.876046936358	3
1	1628	6369.427479839996	3
1	1629	6371.405451737474	3
1	1636	6397.553641758013	3
1	1639	6399.659375062601	3
1	1644	6428.160872017285	3
1	1648	6434.986459183969	3
1	1650	6448.734893598573	3
1	1675	6534.925576254791	3
1	1676	6537.747091741946	3
1	1679	6549.839153559876	3
1	1683	6558.161382243971	3
1	1684	6559.847871977435	3
1	1686	6566.855808282151	3
1	1691	6584.133905570068	3
1	1701	6622.335206225847	3
1	1708	6641.156248658407	3
1	1711	6654.178591408996	3
1	1716	6663.20010748225	3
1	1723	6687.617429286003	3
1	1725	6697.335754775354	3
1	1735	6722.961643075777	3
1	1741	6743.766713096629	3
1	1745	6757.907539963187	3
1	1760	6796.72669082582	3
1	1762	6803.390647693544	3
1	1766	6808.403826259396	3
1	1776	6835.647953499404	3
1	1785	6869.296904915404	3
1	1790	6881.48469824677	3
1	1800	6907.179497290799	3
1	1801	6908.183364223097	3
1	1803	6910.057639448018	3
1	1805	6914.343429052077	3
1	1808	6922.651754714554	3
1	1812	6941.61448780082	3
1	1820	6974.716472127257	3
1	1822	6976.035647079312	3
1	1840	7025.228590160642	3
1	1863	7094.700993142768	3
1	1864	7095.275921565856	3
1	1872	7115.358606852416	3
1	1875	7126.671367351568	3
1	1880	7132.572386777662	3
1	1883	7143.90980117482	3
1	1885	7161.296968168152	3
1	1888	7171.78889689958	3
1	1896	7189.90456402351	3
1	1899	7195.099229407626	3
1	1903	7200.187887789508	3
1	1915	7230.456705967457	3
1	1916	7232.546616334683	3
1	1928	7275.692776088728	3
1	1941	7308.091508352148	3
1	1957	7376.563770714665	3
1	1968	7402.394709664926	3
1	1972	7414.631013045615	3
1	1973	7417.105590471051	3
1	1974	7417.450364014375	3
1	1986	7458.509625705826	3
1	2000	7503.11964720801	3
1	2019	7548.124042092262	3
1	2025	7571.134564899729	3
1	2027	7577.444241071119	3
1	2029	7587.354080773094	3
1	2039	7613.468474734977	3
1	2047	7627.639184230832	3
1	2052	7646.339824212784	3
1	2071	7704.414213697219	3
1	2072	7706.072461439264	3
1	2076	7721.978937089438	3
1	2081	7735.251613485763	3
1	2083	7744.320434384971	3
1	2096	7794.210161287652	3
1	2099	7799.650212187032	3
1	2104	7816.548562942594	3
1	2105	7816.966339155079	3
1	2113	7861.251584234757	3
1	2114	7864.314426110914	3
1	2115	7873.210272298992	3
1	2117	7882.792110801371	3
1	2121	7901.395637624243	3
1	2122	7902.004035489724	3
1	2125	7908.107106902567	3
1	2132	7935.609654832085	3
1	2152	8011.141313282342	3
1	2169	8083.657473321551	3
1	2183	8142.132378410673	3
1	2188	8150.090742683927	3
1	2189	8154.1799508247	3
1	2190	8154.377803968395	3
1	2201	8187.896728837178	3
1	2207	8202.62910438208	3
1	2213	8228.297959314284	3
1	2228	8271.195164929083	3
1	2234	8286.124508030918	3
1	2244	8300.208176285198	3
1	2248	8307.870275134854	3
1	2259	8348.999704172238	3
1	2272	8385.098486922397	3
1	2276	8390.553269356791	3
1	2280	8397.924292945983	3
1	2284	8404.027567428858	3
1	2290	8422.926321367994	3
1	2295	8442.810726791612	3
1	2297	8449.841975050907	3
1	2304	8473.052899835816	3
1	2318	8498.278306270221	3
1	2321	8503.468746694595	3
1	2326	8511.752865751492	3
1	2343	8557.523460014474	3
1	2352	8582.39738601979	3
1	2354	8588.149952275294	3
1	2363	8606.742348983018	3
1	2369	8628.454100944919	3
1	2374	8632.729024858066	3
1	2412	8756.186560806477	3
1	2414	8761.937701599829	3
1	2421	8786.035550583897	3
1	2433	8826.562554328417	3
1	2437	8831.824228937762	3
1	2442	8845.407847262424	3
1	2447	8868.987066401977	3
1	2449	8871.659313426186	3
1	2451	8876.334764002737	3
1	2456	8892.178394661797	3
1	2464	8922.924405189193	3
1	2466	8924.542808975167	3
1	2468	8929.326111100547	3
1	2470	8930.027826360084	3
1	2484	8991.074283046828	3
1	2502	9041.044708440493	3
1	2504	9048.862600493578	3
1	2519	9105.732077625059	3
1	2531	9135.808451054475	3
1	2535	9151.161478022795	3
1	2552	9221.884388987684	3
1	2570	9274.566005392708	3
1	2571	9278.359747946222	3
1	2585	9336.010566893132	3
1	2586	9341.669499056782	3
1	2588	9350.312503785395	3
1	2592	9367.416717305626	3
1	2597	9386.632143426319	3
1	2605	9412.227014318419	3
1	2612	9459.043079157916	3
1	2621	9500.91433001984	3
1	2635	9582.811061696678	3
1	2636	9583.836213295818	3
1	2643	9619.977373869375	3
1	2650	9661.599992687289	3
1	2660	9712.475166543381	3
1	2679	9783.495111329847	3
1	2687	9824.624669817204	3
1	2688	9825.103851629708	3
1	2690	9828.747133806251	3
1	2694	9843.670485508944	3
1	2704	9871.697262401264	3
1	2709	9909.609932007212	3
1	2721	9949.462496884367	3
1	2726	9972.095256392524	3
1	2734	10018.548158409426	3
1	2744	10041.253428372459	3
1	2749	10055.237978107197	3
1	2762	10103.229230004477	3
1	2766	10124.857349250051	3
1	2767	10127.849331778495	3
1	2769	10140.673556623879	3
1	2786	10191.508907300747	3
1	2791	10200.007989598426	3
1	2792	10203.028249690147	3
1	2794	10218.79835124182	3
1	2797	10233.718791342876	3
1	2803	10251.3356140058	3
1	2804	10251.970204547682	3
1	2805	10252.957478926805	3
1	2839	10378.098472514725	3
1	2842	10389.2127427977	3
1	2843	10393.661670417061	3
1	2846	10402.179205784129	3
1	2858	10463.276013264621	3
1	2859	10469.291788261064	3
1	2861	10479.351344690412	3
1	2871	10520.171718426974	3
1	2886	10589.615042821411	3
1	2890	10612.710954171546	3
1	2897	10628.815657584985	3
1	2915	10716.375263875546	3
1	2934	10795.943485814933	3
1	2935	10798.45084971007	3
1	2937	10817.653474675921	3
1	2944	10831.559391540987	3
1	2945	10831.620441471512	3
1	2954	10876.564587018645	3
1	2956	10886.637835910535	3
1	2957	10887.370284424058	3
1	2979	10964.753817536746	3
1	2981	10968.438197208923	3
1	2982	10969.072110936327	3
1	2991	10991.90979246668	3
1	2995	11004.658343449735	3
1	3002	11027.13460159529	3
1	3016	11091.769895328635	3
1	3032	11141.676827509014	3
1	3033	11142.965792280346	3
1	3035	11162.138284442146	3
1	3041	11173.50040830744	3
1	3048	11196.51162334835	3
1	3052	11212.639563071068	3
1	3058	11226.578757599807	3
1	3059	11229.384252212568	3
1	3067	11261.854682241993	3
1	3073	11272.470104922547	3
1	3097	11352.322064585043	3
1	3098	11352.705350443299	3
1	3110	11402.18159253474	3
1	3114	11417.230690174487	3
1	3116	11420.391418674301	3
1	3132	11473.747585454031	3
1	3142	11511.916715315589	3
1	3143	11514.884511887025	3
1	3147	11525.157037654786	3
1	3152	11556.60278026589	3
1	3155	11563.338034364247	3
1	3159	11571.5174271428	3
1	3161	11572.253414077525	3
1	3164	11579.200433987768	3
1	3165	11580.140110907432	3
1	3172	11611.584007264749	3
1	3190	11670.587038961624	3
1	3194	11681.019270248622	3
1	3199	11689.226120478346	3
1	3200	11690.496555224039	3
1	3202	11700.616437467088	3
1	3203	11706.87606185733	3
1	3209	11734.338382460277	3
1	3217	11763.607106726404	3
1	3221	11772.377343322822	3
1	3228	11787.468124155215	3
1	3250	11860.504156626574	3
1	3251	11864.510220178603	3
1	3276	11939.493283483271	3
1	3280	11953.369788937794	3
1	3286	11969.051176342277	3
1	3289	11981.76545533995	3
1	3290	11982.419290426782	3
1	3298	12016.055220887059	3
1	3312	12060.959293382748	3
1	3315	12071.176778455959	3
1	3324	12105.170323675722	3
1	3325	12108.336831750122	3
1	3332	12132.469079643144	3
1	3334	12136.716441425379	3
1	3337	12154.604206654301	3
1	3338	12156.903387801454	3
1	3344	12171.010021112887	3
1	3347	12182.275587126821	3
1	3350	12204.712209886204	3
1	3366	12246.293120432878	3
1	3381	12303.980387775005	3
1	3388	12317.801497496084	3
1	3396	12345.089552906854	3
1	3402	12364.061521169049	3
1	3408	12389.719397617591	3
1	3430	12470.072291264857	3
1	3434	12491.242065312413	3
1	3442	12519.9204953838	3
1	3446	12535.696570434336	3
1	3447	12544.961815764724	3
1	3451	12567.523985664029	3
1	3459	12596.413639850052	3
1	3471	12638.646722042927	3
1	3483	12679.75042516642	3
1	3490	12705.28007049525	3
1	3511	12799.822890295318	3
1	3522	12839.071189519877	3
1	3526	12861.229509457424	3
1	3530	12866.459818494302	3
1	3532	12884.042837820878	3
1	3543	12917.030913409365	3
1	3546	12927.113548651916	3
1	3553	12965.863282695588	3
1	3554	12966.784149204959	3
1	3561	12994.06072875544	3
1	3563	13003.155316004148	3
1	3566	13008.169676959168	3
1	3568	13011.061196146204	3
1	3572	13028.92540247566	3
1	3587	13092.026830068484	3
1	3589	13099.808554389834	3
1	3605	13164.586076018631	3
1	3623	13235.821392344345	3
1	3631	13293.41618360699	3
1	3632	13296.203528894312	3
1	3642	13314.400828613125	3
1	3644	13338.103242210061	3
1	3648	13347.753150222517	3
1	3669	13410.230912591293	3
1	3675	13441.169626451892	3
1	3681	13460.480496723271	3
1	3683	13468.134855574307	3
1	3687	13479.529073285031	3
1	3700	13530.238321947211	3
1	3701	13534.041042904708	3
1	3709	13558.729239633734	3
1	3710	13560.78490841832	3
1	3724	13602.610262378466	3
1	3725	13605.630149574046	3
1	3726	13613.359700342573	3
1	3733	13643.196387454016	3
1	3734	13644.447035932051	3
1	3745	13679.357761314339	3
1	3756	13714.751518433764	3
1	3761	13731.508745735891	3
1	3762	13737.627592815478	3
1	3769	13755.7650201924	3
1	3773	13777.862469329616	3
1	3782	13803.230173162783	3
1	3790	13827.3028923264	3
1	3805	13883.892972434356	3
1	3807	13894.967028345873	3
1	3814	13916.136928804715	3
1	3826	13955.196599304149	3
1	3828	13959.463876805799	3
1	3829	13961.83637631417	3
1	3832	13974.48681090076	3
1	3838	14002.133984514263	3
1	3846	14026.012329099171	3
1	3851	14048.72060928328	3
1	3860	14076.642609756945	3
1	3879	14145.856328240496	3
1	3893	14207.393522518848	3
1	3896	14215.986879465234	3
1	3905	14258.861243071683	3
1	3908	14279.932899456568	3
1	3909	14281.025882734383	3
1	3912	14296.56384345388	3
1	3913	14299.892616983513	3
1	3931	14398.050195021181	3
1	3941	14429.496337877156	3
1	3956	14511.010571250666	3
1	3964	14549.337783621717	3
1	3965	14549.974724570744	3
1	3974	14591.806442993438	3
1	3979	14608.424939021255	3
1	3980	14612.178242633387	3
1	3985	14640.293328196165	3
1	3993	14674.297125413887	3
1	3994	14679.855179509144	3
1	3995	14683.23159653294	3
1	4010	14718.176175189852	3
1	4018	14761.403113456129	3
1	4030	14809.962984529399	3
1	4031	14810.325291537621	3
1	4047	14874.420560914475	3
1	4050	14886.706147377536	3
1	4054	14902.767210790915	3
1	4055	14907.634515162472	3
1	4064	14932.976014614662	3
1	4069	14949.53308712307	3
1	4070	14950.004164249427	3
1	4071	14974.028574347943	3
1	4077	14990.028842049911	3
1	4090	15020.508823321862	3
1	4107	15077.264656923577	3
1	4112	15092.235780379868	3
1	4129	15134.14412364437	3
1	4141	15179.000858314025	3
1	4145	15188.580010327268	3
1	4150	15200.420299521837	3
1	4162	15239.652830088112	3
1	4164	15241.28053353245	3
1	4167	15253.509570134895	3
1	4183	15316.278346595318	3
1	4186	15317.463617336668	3
1	4191	15343.241567140394	3
1	4194	15353.764979450751	3
1	4197	15359.235316334336	3
1	4204	15399.696016220628	3
1	4208	15416.304855744429	3
1	4210	15419.355236456488	3
1	4211	15420.051439419905	3
1	4214	15440.64017446589	3
1	4218	15454.680464378217	3
1	4227	15509.908479784075	3
1	4228	15514.514916506305	3
1	4242	15589.851000491159	3
1	4260	15678.072337857678	3
1	4266	15705.19908121336	3
1	4272	15727.971279210898	3
1	4287	15793.910970091006	3
1	4292	15801.91819517348	3
1	4295	15820.140721003106	3
1	4296	15827.422643372259	3
1	4305	15861.727701526302	3
1	4316	15902.56579060876	3
1	4320	15918.634337111287	3
1	4326	15935.774148528943	3
1	4331	15960.229165277238	3
1	4345	16032.364820203327	3
1	4346	16032.824835261426	3
1	4354	16057.709071566407	3
1	4359	16097.185258903607	3
1	4375	16143.010927225362	3
1	4388	16203.763423828234	3
1	4393	16213.683744026885	3
1	4402	16247.605891456888	3
1	4408	16299.634455923054	3
1	4413	16312.9276601648	3
1	4431	16359.618713246764	3
1	4434	16372.571502694233	3
1	4448	16423.273413181788	3
1	4458	16448.550482226688	3
1	4460	16457.279306889057	3
1	4474	16506.872731507811	3
1	4483	16533.321718446711	3
1	4484	16535.259011982191	3
1	4505	16599.656886312271	3
1	4506	16604.77260153252	3
1	4507	16606.291290263234	3
1	4509	16619.218649265435	3
1	4518	16646.790821107483	3
1	4519	16652.45779379239	3
1	4526	16672.170746474394	3
1	4527	16679.398811112378	3
1	4538	16725.265048787547	3
1	4553	16765.479685858331	3
1	4560	16791.336737884358	3
1	4569	16833.439515429036	3
1	4585	16901.824419051515	3
1	4586	16908.325768621983	3
1	4591	16947.214439518947	3
1	4594	16966.961935022773	3
1	4612	17084.378974443408	3
1	4613	17085.274610013201	3
1	4623	17130.292410027458	3
1	4628	17185.367131842447	3
1	4631	17192.402768087558	3
1	4636	17215.84631206541	3
1	4646	17269.776108363691	3
1	4652	17310.183475898031	3
1	4653	17311.568677778484	3
1	4665	17362.6743477708	3
1	4673	17408.305312026652	3
1	4677	17427.15706705103	3
1	4681	17434.970073406842	3
1	4691	17495.704238745193	3
1	4697	17521.328027604607	3
1	4701	17536.466503431642	3
1	4707	17541.321664417304	3
1	4718	17586.879644484857	3
1	4734	17639.665578164905	3
1	4741	17654.691164493175	3
1	4742	17658.580396273919	3
1	4743	17660.42721061328	3
1	4750	17682.878118664423	3
1	4756	17700.980609710677	3
1	4781	17772.575929189257	3
1	4788	17793.858222536297	3
1	4798	17818.928424518847	3
1	4805	17847.148095557881	3
1	4808	17867.760916545666	3
1	4809	17872.030090090836	3
1	4812	17875.809358516589	3
1	4815	17896.790982444591	3
1	4824	17915.289029486287	3
1	4834	17949.247586180326	3
1	4843	17976.762280887882	3
1	4847	17994.004390546135	3
1	4853	18003.292238542908	3
1	4867	18048.711710503605	3
1	4870	18051.906242112567	3
1	4880	18087.765872094517	3
1	4883	18097.613120679985	3
1	4893	18119.737614975603	3
1	4910	18164.478425346486	3
1	4920	18198.292463852443	3
1	4924	18204.022071216333	3
1	4934	18222.90958373225	3
1	4946	18256.713597584349	3
1	4949	18269.622447784047	3
1	4950	18271.452754455163	3
1	4952	18274.971220698617	3
1	4955	18281.727306486226	3
1	4956	18284.135259572886	3
1	4960	18301.141970336006	3
1	4979	18354.618047676011	3
1	4980	18357.081300110447	3
1	4995	18396.216781161016	3
1	4997	18399.67089356012	3
1	5001	18410.156662914861	3
1	5007	18426.146447809634	3
1	5010	18442.441131518455	3
1	5024	18478.234138565461	3
1	5026	18480.813618218531	3
1	5044	18535.54812349063	3
1	5049	18552.300883242271	3
1	5051	18558.123337081152	3
1	5053	18563.159441365296	3
1	5054	18568.680511761107	3
1	5058	18581.948945589967	3
1	5071	18619.86315144819	3
1	5079	18649.310247812505	3
1	5096	18701.133013198293	3
1	5101	18720.548444295019	3
1	5114	18763.631887457096	3
1	5128	18806.377874754365	3
1	5129	18806.454945130081	3
1	5133	18840.13336955667	3
1	5134	18844.583722726765	3
1	5143	18875.44250216098	3
1	5167	18967.859212274007	3
1	5174	18981.429568945254	3
1	5176	18992.989751154992	3
1	5177	18995.394406057782	3
1	5178	18998.300495119949	3
1	5206	19103.805929688502	3
1	5214	19166.548221941838	3
1	5216	19167.850601899211	3
1	5219	19183.871701717967	3
1	5221	19186.139041796266	3
1	5225	19201.372267069937	3
1	5232	19230.207035219105	3
1	5237	19258.239104642295	3
1	5260	19344.092248438257	3
1	5262	19351.360997975421	3
1	5273	19406.046671072826	3
1	5275	19407.728555930378	3
1	5293	19482.224894958922	3
1	5295	19486.272631139063	3
1	5296	19490.476348837649	3
1	5305	19524.389027063724	3
1	5307	19532.069823229352	3
1	5320	19561.291006007881	3
1	5329	19611.218564199282	3
1	5337	19633.864760586193	3
1	5345	19647.135735937727	3
1	5354	19685.393749093095	3
1	5365	19731.912689577282	3
1	5374	19752.04931515003	3
1	5377	19767.075232297624	3
1	5383	19786.168250100677	3
1	5385	19790.48310411765	3
1	5406	19855.032283323264	3
1	5416	19880.153233759795	3
1	5417	19881.770918891777	3
1	5418	19882.226201203048	3
1	5443	19951.602803099154	3
1	5448	19967.693183465412	3
1	5457	19987.170350083479	3
2	241	1006.911889001045	28755
2	248	1032.1367992331	28762
2	249	1035.975386298756	28763
2	250	1036.92834189845	28764
2	261	1088.036660178435	28767
2	263	1098.823354868837	28774
2	265	1107.27603224351	28759
2	267	1110.568447661812	28756
2	297	1240.51195247923	28776
2	301	1244.505089896179	28771
2	305	1275.845322826932	28777
2	324	1342.073341134387	28781
2	343	1417.672206236653	28780
2	356	1486.992261606195	28784
2	365	1530.262916406929	28791
2	367	1536.570584278622	28789
2	370	1547.37818575086	28793
2	376	1566.820674438502	28782
2	379	1598.987437282435	28785
2	382	1620.049929027876	28786
2	383	1621.814802064575	28787
2	387	1635.269849277406	28798
2	419	1747.084845618149	28792
2	425	1759.26792153237	28799
2	427	1765.481401572461	28804
2	436	1813.76072283591	28800
2	437	1815.218995403138	28797
2	441	1827.803915090091	28808
2	446	1844.666772838071	28810
2	448	1847.777623089963	28802
2	454	1858.061657441765	28794
2	461	1877.60456310486	28814
2	467	1921.877741925958	28816
2	468	1923.579221576297	28806
2	482	1960.582054240215	28811
2	484	1963.038351044023	28803
2	489	1976.71414380495	28812
2	490	1978.136370115307	28813
2	495	2011.768934951809	28805
2	502	2043.072221728653	28809
2	503	2048.0818329365	28822
2	505	2051.11651618441	28817
2	511	2071.977516773798	28819
2	519	2106.143141003462	28824
2	521	2115.347343033321	28825
2	544	2221.611697404835	28826
2	550	2272.671398643515	28823
2	555	2293.430702075691	28828
2	568	2388.063392051402	28831
2	573	2425.265143787575	28832
2	574	2426.401775344633	28829
2	595	2541.340656458387	28839
2	602	2566.838706063309	28834
2	619	2634.859159591152	28833
2	621	2636.609806479209	28844
2	630	2670.614165919777	28842
2	650	2745.610383338188	28845
2	652	2751.441110804091	28846
2	653	2767.539099054884	28847
2	655	2771.625722299339	28841
2	660	2776.941378776528	28843
2	672	2819.402571623998	28860
2	673	2823.347200259128	28861
2	678	2839.503294454683	28856
2	693	2884.929723456251	28865
2	700	2900.845835394831	28858
2	701	2916.438105207117	28853
2	707	2933.134951472041	28854
2	709	2938.4437013021	28855
2	721	2984.254509999308	28849
2	727	2997.271343179914	28857
2	738	3032.347913715823	28868
2	756	3092.628831731061	28872
2	759	3104.684588175003	28866
2	767	3143.683145546082	28862
2	785	3217.053204574589	28877
2	787	3224.441432595605	28878
2	796	3254.556999362561	28881
2	798	3257.710390155192	28882
2	799	3261.755385409228	28883
2	803	3268.484976643768	28880
2	820	3355.032635216553	28889
2	830	3401.418353253799	28891
2	838	3435.115486008921	28895
2	841	3450.970350768888	28887
2	842	3451.327372845034	28896
2	847	3465.558893303063	28890
2	849	3472.475195675257	28884
2	860	3516.172624664354	28892
2	869	3545.429342378515	28886
2	872	3557.619544118011	28888
2	881	3578.203487573762	28902
2	883	3584.916830270535	28897
2	891	3612.968114226091	28906
2	904	3670.967733666002	28908
2	914	3703.515994718394	28899
2	925	3757.500727971092	28913
2	945	3817.517745462492	28905
2	955	3871.273321660598	28914
2	964	3897.112076534427	28903
2	965	3900.290980045988	28911
2	967	3913.718531480143	28921
2	976	3962.833844893531	28922
2	988	3996.055972515593	28924
2	1000	4022.139848116423	28915
2	1005	4044.502361728511	28917
2	1009	4056.234510492096	28927
2	1015	4067.41097120456	28930
2	1030	4108.267456859131	28935
2	1037	4127.982386802993	28939
2	1042	4150.271346971396	28942
2	1053	4176.387373121021	28944
2	1060	4204.333092494316	28933
2	1064	4211.190160075203	28925
2	1069	4220.387325383456	28938
2	1074	4242.310238901464	28948
2	1091	4302.66142063692	28932
2	1099	4314.733759586346	28936
2	1100	4319.118925045213	28947
2	1101	4319.838449903372	28937
2	1112	4368.177630260184	28943
2	1114	4376.007821425168	28929
2	1121	4410.344382669427	28934
2	1148	4516.105790844709	28956
2	1152	4528.018653214597	28953
2	1157	4564.971471361549	28957
2	1160	4569.826204008339	28949
2	1161	4571.157948429302	28958
2	1167	4606.292920036249	28961
2	1171	4628.39028792144	28959
2	1174	4649.488352146637	28962
2	1175	4658.507123932437	28963
2	1178	4667.778870700478	28965
2	1183	4680.347111926822	28966
2	1205	4775.319317162755	28972
2	1215	4805.757774870191	28973
2	1222	4838.494392458124	28974
2	1223	4841.35716282033	28975
2	1224	4846.370950031703	28970
2	1230	4868.615437068995	28977
2	1231	4873.571276560396	28964
2	1237	4881.069197285629	28978
2	1242	4903.386477854642	28981
2	1249	4922.464096955248	28983
2	1260	4966.518428562813	28976
2	1264	4974.006860433387	28986
2	1272	4989.901551842702	28979
2	1281	5029.328590441846	28989
2	1293	5067.788808084218	28993
2	1294	5068.593426663277	28985
2	1300	5083.848111123302	28994
2	1307	5107.014182233036	28980
2	1309	5109.415804711933	28987
2	1336	5187.795263740904	28995
2	1337	5188.973883216041	29001
2	1345	5230.32990357538	29003
2	1348	5241.645011969745	28996
2	1355	5259.498174049297	29006
2	1358	5269.642427700328	28998
2	1366	5282.85813464856	29008
2	1373	5304.477277539565	29009
2	1377	5332.270676840879	29011
2	1384	5356.548764834343	28997
2	1387	5366.997584937758	28991
2	1390	5373.076476039416	29007
2	1391	5373.682343049554	29014
2	1398	5395.273086568948	29015
2	1399	5396.821329618105	29016
2	1402	5412.266688926279	29010
2	1409	5456.85391804051	29017
2	1418	5480.688681818888	28999
2	1426	5522.272937878099	29018
2	1431	5552.493707118063	29004
2	1457	5701.452365671622	29022
2	1461	5712.717857805846	29024
2	1491	5862.077643019185	29031
2	1492	5868.652641148097	29032
2	1503	5918.276699987401	29023
2	1506	5920.179046962611	29034
2	1513	5945.411757363012	29021
2	1528	5994.448731386077	29026
2	1536	6038.078342290702	29041
2	1537	6040.787278843069	29042
2	1538	6046.560821389725	29028
2	1541	6051.610709568095	29029
2	1542	6052.808553178438	29043
2	1552	6085.952433863265	29037
2	1554	6096.127206472302	29039
2	1582	6179.398032693074	29050
2	1585	6206.277421329982	29051
2	1588	6226.460945426031	29048
2	1591	6246.663957019363	29055
2	1594	6255.412803514928	29035
2	1599	6270.955384009747	29058
2	1601	6280.681570211088	29046
2	1611	6313.624642439124	29052
2	1614	6326.876046936358	29059
2	1628	6369.427479839996	29057
2	1629	6371.405451737474	29060
2	1636	6397.553641758013	29062
2	1639	6399.659375062601	29064
2	1644	6428.160872017285	29067
2	1648	6434.986459183969	29069
2	1650	6448.734893598573	29054
2	1675	6534.925576254791	29053
2	1676	6537.747091741946	29068
2	1679	6549.839153559876	29077
2	1683	6558.161382243971	29078
2	1684	6559.847871977435	29070
2	1686	6566.855808282151	29072
2	1691	6584.133905570068	29074
2	1701	6622.335206225847	29066
2	1708	6641.156248658407	29076
2	1711	6654.178591408996	29080
2	1716	6663.20010748225	29071
2	1723	6687.617429286003	29082
2	1725	6697.335754775354	29061
2	1735	6722.961643075777	29085
2	1741	6743.766713096629	29086
2	1745	6757.907539963187	29087
2	1760	6796.72669082582	29090
2	1762	6803.390647693544	29083
2	1766	6808.403826259396	29092
2	1776	6835.647953499404	29094
2	1785	6869.296904915404	29088
2	1790	6881.48469824677	29098
2	1800	6907.179497290799	29101
2	1801	6908.183364223097	29084
2	1803	6910.057639448018	29102
2	1805	6914.343429052077	29079
2	1808	6922.651754714554	29104
2	1812	6941.61448780082	29095
2	1820	6974.716472127257	29096
2	1822	6976.035647079312	29097
2	1840	7025.228590160642	29103
2	1863	7094.700993142768	29099
2	1864	7095.275921565856	29109
2	1872	7115.358606852416	29091
2	1875	7126.671367351568	29093
2	1880	7132.572386777662	29114
2	1883	7143.90980117482	29115
2	1885	7161.296968168152	29106
2	1888	7171.78889689958	29116
2	1896	7189.90456402351	29110
2	1899	7195.099229407626	29111
2	1903	7200.187887789508	29100
2	1915	7230.456705967457	29124
2	1916	7232.546616334683	29113
2	1928	7275.692776088728	29117
2	1941	7308.091508352148	29121
2	1957	7376.563770714665	29127
2	1968	7402.394709664926	29128
2	1972	7414.631013045615	29130
2	1973	7417.105590471051	29122
2	1974	7417.450364014375	29131
2	1986	7458.509625705826	29134
2	2000	7503.11964720801	29120
2	2019	7548.124042092262	29125
2	2025	7571.134564899729	29126
2	2027	7577.444241071119	29135
2	2029	7587.354080773094	29138
2	2039	7613.468474734977	29129
2	2047	7627.639184230832	29142
2	2052	7646.339824212784	29133
2	2071	7704.414213697219	29136
2	2072	7706.072461439264	29140
2	2076	7721.978937089438	29150
2	2081	7735.251613485763	29152
2	2083	7744.320434384971	29159
2	2096	7794.210161287652	29156
2	2099	7799.650212187032	29139
2	2104	7816.548562942594	29158
2	2105	7816.966339155079	29149
2	2113	7861.251584234757	29163
2	2114	7864.314426110914	29154
2	2115	7873.210272298992	29145
2	2117	7882.792110801371	29155
2	2121	7901.395637624243	29157
2	2122	7902.004035489724	29161
2	2125	7908.107106902567	29164
2	2132	7935.609654832085	29151
2	2152	8011.141313282342	29169
2	2169	8083.657473321551	29167
2	2183	8142.132378410673	29176
2	2188	8150.090742683927	29166
2	2189	8154.1799508247	29162
2	2190	8154.377803968395	29178
2	2201	8187.896728837178	29173
2	2207	8202.62910438208	29183
2	2213	8228.297959314284	29170
2	2228	8271.195164929083	29189
2	2234	8286.124508030918	29190
2	2244	8300.208176285198	29192
2	2248	8307.870275134854	29193
2	2259	8348.999704172238	29187
2	2272	8385.098486922397	29199
2	2276	8390.553269356791	29201
2	2280	8397.924292945983	29202
2	2284	8404.027567428858	29182
2	2290	8422.926321367994	29184
2	2295	8442.810726791612	29185
2	2297	8449.841975050907	29186
2	2304	8473.052899835816	29180
2	2318	8498.278306270221	29181
2	2321	8503.468746694595	29210
2	2326	8511.752865751492	29204
2	2343	8557.523460014474	29212
2	2352	8582.39738601979	29216
2	2354	8588.149952275294	29198
2	2363	8606.742348983018	29203
2	2369	8628.454100944919	29220
2	2374	8632.729024858066	29221
2	2412	8756.186560806477	29222
2	2414	8761.937701599829	29228
2	2421	8786.035550583897	29214
2	2433	8826.562554328417	29233
2	2437	8831.824228937762	29225
2	2442	8845.407847262424	29235
2	2447	8868.987066401977	29229
2	2449	8871.659313426186	29224
2	2451	8876.334764002737	29237
2	2456	8892.178394661797	29217
2	2464	8922.924405189193	29219
2	2466	8924.542808975167	29232
2	2468	8929.326111100547	29241
2	2470	8930.027826360084	29242
2	2484	8991.074283046828	29244
2	2502	9041.044708440493	29226
2	2504	9048.862600493578	29234
2	2519	9105.732077625059	29246
2	2531	9135.808451054475	29251
2	2535	9151.161478022795	29253
2	2552	9221.884388987684	29259
2	2570	9274.566005392708	29255
2	2571	9278.359747946222	29256
2	2585	9336.010566893132	29260
2	2586	9341.669499056782	29250
2	2588	9350.312503785395	29252
2	2592	9367.416717305626	29266
2	2597	9386.632143426319	29262
2	2605	9412.227014318419	29269
2	2612	9459.043079157916	29265
2	2621	9500.91433001984	29272
2	2635	9582.811061696678	29274
2	2636	9583.836213295818	29270
2	2643	9619.977373869375	29275
2	2650	9661.599992687289	29278
2	2660	9712.475166543381	29273
2	2679	9783.495111329847	29284
2	2687	9824.624669817204	29279
2	2688	9825.103851629708	29280
2	2690	9828.747133806251	29281
2	2694	9843.670485508944	29288
2	2704	9871.697262401264	29292
2	2709	9909.609932007212	29285
2	2721	9949.462496884367	29295
2	2726	9972.095256392524	29283
2	2734	10018.548158409426	29286
2	2744	10041.253428372459	29300
2	2749	10055.237978107197	29289
2	2762	10103.229230004477	29298
2	2766	10124.857349250051	29299
2	2767	10127.849331778495	29303
2	2769	10140.673556623879	29293
2	2786	10191.508907300747	29308
2	2791	10200.007989598426	29296
2	2792	10203.028249690147	29309
2	2794	10218.79835124182	29310
2	2797	10233.718791342876	29304
2	2803	10251.3356140058	29313
2	2804	10251.970204547682	29305
2	2805	10252.957478926805	29294
2	2839	10378.098472514725	29319
2	2842	10389.2127427977	29307
2	2843	10393.661670417061	29320
2	2846	10402.179205784129	29317
2	2858	10463.276013264621	29314
2	2859	10469.291788261064	29324
2	2861	10479.351344690412	29315
2	2871	10520.171718426974	29326
2	2886	10589.615042821411	29325
2	2890	10612.710954171546	29330
2	2897	10628.815657584985	29322
2	2915	10716.375263875546	29321
2	2934	10795.943485814933	29341
2	2935	10798.45084971007	29342
2	2937	10817.653474675921	29337
2	2944	10831.559391540987	29344
2	2945	10831.620441471512	29332
2	2954	10876.564587018645	29335
2	2956	10886.637835910535	29346
2	2957	10887.370284424058	29328
2	2979	10964.753817536746	29339
2	2981	10968.438197208923	29353
2	2982	10969.072110936327	29345
2	2991	10991.90979246668	29348
2	2995	11004.658343449735	29357
2	3002	11027.13460159529	29349
2	3016	11091.769895328635	29361
2	3032	11141.676827509014	29350
2	3033	11142.965792280346	29360
2	3035	11162.138284442146	29366
2	3041	11173.50040830744	29352
2	3048	11196.51162334835	29356
2	3052	11212.639563071068	29362
2	3058	11226.578757599807	29359
2	3059	11229.384252212568	29364
2	3067	11261.854682241993	29365
2	3073	11272.470104922547	29370
2	3097	11352.322064585043	29375
2	3098	11352.705350443299	29376
2	3110	11402.18159253474	29381
2	3114	11417.230690174487	29384
2	3116	11420.391418674301	29385
2	3132	11473.747585454031	29368
2	3142	11511.916715315589	29383
2	3143	11514.884511887025	29371
2	3147	11525.157037654786	29372
2	3152	11556.60278026589	29387
2	3155	11563.338034364247	29377
2	3159	11571.5174271428	29388
2	3161	11572.253414077525	29367
2	3164	11579.200433987768	29369
2	3165	11580.140110907432	29380
2	3172	11611.584007264749	29382
2	3190	11670.587038961624	29378
2	3194	11681.019270248622	29379
2	3199	11689.226120478346	29390
2	3200	11690.496555224039	29391
2	3202	11700.616437467088	29392
2	3203	11706.87606185733	29397
2	3209	11734.338382460277	29398
2	3217	11763.607106726404	29401
2	3221	11772.377343322822	29396
2	3228	11787.468124155215	29402
2	3250	11860.504156626574	29395
2	3251	11864.510220178603	29400
2	3276	11939.493283483271	29405
2	3280	11953.369788937794	29414
2	3286	11969.051176342277	29407
2	3289	11981.76545533995	29408
2	3290	11982.419290426782	29415
2	3298	12016.055220887059	29418
2	3312	12060.959293382748	29399
2	3315	12071.176778455959	29406
2	3324	12105.170323675722	29403
2	3325	12108.336831750122	29409
2	3332	12132.469079643144	29424
2	3334	12136.716441425379	29421
2	3337	12154.604206654301	29412
2	3338	12156.903387801454	29413
2	3344	12171.010021112887	29427
2	3347	12182.275587126821	29428
2	3350	12204.712209886204	29429
2	3366	12246.293120432878	29425
2	3381	12303.980387775005	29433
2	3388	12317.801497496084	29437
2	3396	12345.089552906854	29422
2	3402	12364.061521169049	29431
2	3408	12389.719397617591	29442
2	3430	12470.072291264857	29432
2	3434	12491.242065312413	29441
2	3442	12519.9204953838	29435
2	3446	12535.696570434336	29449
2	3447	12544.961815764724	29445
2	3451	12567.523985664029	29439
2	3459	12596.413639850052	29447
2	3471	12638.646722042927	29444
2	3483	12679.75042516642	29440
2	3490	12705.28007049525	29448
2	3511	12799.822890295318	29454
2	3522	12839.071189519877	29459
2	3526	12861.229509457424	29460
2	3530	12866.459818494302	29462
2	3532	12884.042837820878	29452
2	3543	12917.030913409365	29458
2	3546	12927.113548651916	29471
2	3553	12965.863282695588	29465
2	3554	12966.784149204959	29461
2	3561	12994.06072875544	29473
2	3563	13003.155316004148	29474
2	3566	13008.169676959168	29463
2	3568	13011.061196146204	29456
2	3572	13028.92540247566	29469
2	3587	13092.026830068484	29467
2	3589	13099.808554389834	29479
2	3605	13164.586076018631	29472
2	3623	13235.821392344345	29470
2	3631	13293.41618360699	29484
2	3632	13296.203528894312	29477
2	3642	13314.400828613125	29485
2	3644	13338.103242210061	29475
2	3648	13347.753150222517	29487
2	3669	13410.230912591293	29493
2	3675	13441.169626451892	29486
2	3681	13460.480496723271	29481
2	3683	13468.134855574307	29498
2	3687	13479.529073285031	29483
2	3700	13530.238321947211	29494
2	3701	13534.041042904708	29506
2	3709	13558.729239633734	29491
2	3710	13560.78490841832	29492
2	3724	13602.610262378466	29503
2	3725	13605.630149574046	29504
2	3726	13613.359700342573	29505
2	3733	13643.196387454016	29511
2	3734	13644.447035932051	29512
2	3745	13679.357761314339	29508
2	3756	13714.751518433764	29516
2	3761	13731.508745735891	29509
2	3762	13737.627592815478	29510
2	3769	13755.7650201924	29495
2	3773	13777.862469329616	29518
2	3782	13803.230173162783	29500
2	3790	13827.3028923264	29523
2	3805	13883.892972434356	29507
2	3807	13894.967028345873	29519
2	3814	13916.136928804715	29528
2	3826	13955.196599304149	29524
2	3828	13959.463876805799	29513
2	3829	13961.83637631417	29531
2	3832	13974.48681090076	29525
2	3838	14002.133984514263	29533
2	3846	14026.012329099171	29522
2	3851	14048.72060928328	29530
2	3860	14076.642609756945	29532
2	3879	14145.856328240496	29535
2	3893	14207.393522518848	29543
2	3896	14215.986879465234	29544
2	3905	14258.861243071683	29540
2	3908	14279.932899456568	29542
2	3909	14281.025882734383	29547
2	3912	14296.56384345388	29537
2	3913	14299.892616983513	29549
2	3931	14398.050195021181	29548
2	3941	14429.496337877156	29553
2	3956	14511.010571250666	29560
2	3964	14549.337783621717	29551
2	3965	14549.974724570744	29545
2	3974	14591.806442993438	29556
2	3979	14608.424939021255	29558
2	3980	14612.178242633387	29559
2	3985	14640.293328196165	29561
2	3993	14674.297125413887	29566
2	3994	14679.855179509144	29567
2	3995	14683.23159653294	29568
2	4010	14718.176175189852	29563
2	4018	14761.403113456129	29564
2	4030	14809.962984529399	29576
2	4031	14810.325291537621	29577
2	4047	14874.420560914475	29581
2	4050	14886.706147377536	29574
2	4054	14902.767210790915	29575
2	4055	14907.634515162472	29582
2	4064	14932.976014614662	29586
2	4069	14949.53308712307	29580
2	4070	14950.004164249427	29587
2	4071	14974.028574347943	29573
2	4077	14990.028842049911	29588
2	4090	15020.508823321862	29583
2	4107	15077.264656923577	29590
2	4112	15092.235780379868	29591
2	4129	15134.14412364437	29596
2	4141	15179.000858314025	29604
2	4145	15188.580010327268	29605
2	4150	15200.420299521837	29592
2	4162	15239.652830088112	29585
2	4164	15241.28053353245	29598
2	4167	15253.509570134895	29600
2	4183	15316.278346595318	29608
2	4186	15317.463617336668	29595
2	4191	15343.241567140394	29597
2	4194	15353.764979450751	29589
2	4197	15359.235316334336	29601
2	4204	15399.696016220628	29606
2	4208	15416.304855744429	29610
2	4210	15419.355236456488	29611
2	4211	15420.051439419905	29594
2	4214	15440.64017446589	29612
2	4218	15454.680464378217	29614
2	4227	15509.908479784075	29616
2	4228	15514.514916506305	29613
2	4242	15589.851000491159	29615
2	4260	15678.072337857678	29621
2	4266	15705.19908121336	29623
2	4272	15727.971279210898	29618
2	4287	15793.910970091006	29629
2	4292	15801.91819517348	29622
2	4295	15820.140721003106	29631
2	4296	15827.422643372259	29625
2	4305	15861.727701526302	29626
2	4316	15902.56579060876	29630
2	4320	15918.634337111287	29624
2	4326	15935.774148528943	29639
2	4331	15960.229165277238	29641
2	4345	16032.364820203327	29643
2	4346	16032.824835261426	29638
2	4354	16057.709071566407	29640
2	4359	16097.185258903607	29635
2	4375	16143.010927225362	29644
2	4388	16203.763423828234	29636
2	4393	16213.683744026885	29645
2	4402	16247.605891456888	29646
2	4408	16299.634455923054	29655
2	4413	16312.9276601648	29651
2	4431	16359.618713246764	29648
2	4434	16372.571502694233	29654
2	4448	16423.273413181788	29652
2	4458	16448.550482226688	29665
2	4460	16457.279306889057	29666
2	4474	16506.872731507811	29650
2	4483	16533.321718446711	29663
2	4484	16535.259011982191	29674
2	4505	16599.656886312271	29679
2	4506	16604.77260153252	29680
2	4507	16606.291290263234	29660
2	4509	16619.218649265435	29661
2	4518	16646.790821107483	29675
2	4519	16652.45779379239	29664
2	4526	16672.170746474394	29669
2	4527	16679.398811112378	29670
2	4538	16725.265048787547	29671
2	4553	16765.479685858331	29677
2	4560	16791.336737884358	29678
2	4569	16833.439515429036	29681
2	4585	16901.824419051515	29685
2	4586	16908.325768621983	29689
2	4591	16947.214439518947	29690
2	4594	16966.961935022773	29682
2	4612	17084.378974443408	29696
2	4613	17085.274610013201	29693
2	4623	17130.292410027458	29697
2	4628	17185.367131842447	29695
2	4631	17192.402768087558	29699
2	4636	17215.84631206541	29694
2	4646	17269.776108363691	29698
2	4652	17310.183475898031	29707
2	4653	17311.568677778484	29708
2	4665	17362.6743477708	29705
2	4673	17408.305312026652	29706
2	4677	17427.15706705103	29709
2	4681	17434.970073406842	29713
2	4691	17495.704238745193	29717
2	4697	17521.328027604607	29712
2	4701	17536.466503431642	29703
2	4707	17541.321664417304	29710
2	4718	17586.879644484857	29716
2	4734	17639.665578164905	29724
2	4741	17654.691164493175	29719
2	4742	17658.580396273919	29714
2	4743	17660.42721061328	29728
2	4750	17682.878118664423	29720
2	4756	17700.980609710677	29721
2	4781	17772.575929189257	29737
2	4788	17793.858222536297	29739
2	4798	17818.928424518847	29734
2	4805	17847.148095557881	29725
2	4808	17867.760916545666	29742
2	4809	17872.030090090836	29743
2	4812	17875.809358516589	29730
2	4815	17896.790982444591	29731
2	4824	17915.289029486287	29733
2	4834	17949.247586180326	29736
2	4843	17976.762280887882	29729
2	4847	17994.004390546135	29738
2	4853	18003.292238542908	29740
2	4867	18048.711710503605	29752
2	4870	18051.906242112567	29754
2	4880	18087.765872094517	29744
2	4883	18097.613120679985	29759
2	4893	18119.737614975603	29747
2	4910	18164.478425346486	29755
2	4920	18198.292463852443	29763
2	4924	18204.022071216333	29764
2	4934	18222.90958373225	29761
2	4946	18256.713597584349	29771
2	4949	18269.622447784047	29756
2	4950	18271.452754455163	29772
2	4952	18274.971220698617	29774
2	4955	18281.727306486226	29757
2	4956	18284.135259572886	29775
2	4960	18301.141970336006	29758
2	4979	18354.618047676011	29768
2	4980	18357.081300110447	29769
2	4995	18396.216781161016	29780
2	4997	18399.67089356012	29782
2	5001	18410.156662914861	29776
2	5007	18426.146447809634	29766
2	5010	18442.441131518455	29762
2	5024	18478.234138565461	29779
2	5026	18480.813618218531	29788
2	5044	18535.54812349063	29791
2	5049	18552.300883242271	29785
2	5051	18558.123337081152	29778
2	5053	18563.159441365296	29770
2	5054	18568.680511761107	29787
2	5058	18581.948945589967	29773
2	5071	18619.86315144819	29777
2	5079	18649.310247812505	29784
2	5096	18701.133013198293	29794
2	5101	18720.548444295019	29790
2	5114	18763.631887457096	29806
2	5128	18806.377874754365	29800
2	5129	18806.454945130081	29801
2	5133	18840.13336955667	29803
2	5134	18844.583722726765	29804
2	5143	18875.44250216098	29812
2	5167	18967.859212274007	29811
2	5174	18981.429568945254	29807
2	5176	18992.989751154992	29819
2	5177	18995.394406057782	29813
2	5178	18998.300495119949	29808
2	5206	19103.805929688502	29814
2	5214	19166.548221941838	29809
2	5216	19167.850601899211	29810
2	5219	19183.871701717967	29824
2	5221	19186.139041796266	29817
2	5225	19201.372267069937	29825
2	5232	19230.207035219105	29829
2	5237	19258.239104642295	29822
2	5260	19344.092248438257	29826
2	5262	19351.360997975421	29830
2	5273	19406.046671072826	29828
2	5275	19407.728555930378	29833
2	5293	19482.224894958922	29844
2	5295	19486.272631139063	29837
2	5296	19490.476348837649	29845
2	5305	19524.389027063724	29834
2	5307	19532.069823229352	29840
2	5320	19561.291006007881	29836
2	5329	19611.218564199282	29846
2	5337	19633.864760586193	29853
2	5345	19647.135735937727	29849
2	5354	19685.393749093095	29843
2	5365	19731.912689577282	29860
2	5374	19752.04931515003	29856
2	5377	19767.075232297624	29858
2	5383	19786.168250100677	29850
2	5385	19790.48310411765	29851
2	5406	19855.032283323264	29867
2	5416	19880.153233759795	29869
2	5417	19881.770918891777	29870
2	5418	19882.226201203048	29871
2	5443	19951.602803099154	29876
2	5448	19967.693183465412	29879
2	5457	19987.170350083479	29881
3	239	1000.045952976807	0
3	244	1014.863616838383	0
3	245	1028.105010889802	0
3	247	1032.069088632922	0
3	255	1056.871149124353	0
3	260	1081.528193056967	0
3	266	1109.911889001045	0
3	272	1135.1367992331	0
3	273	1138.975386298756	0
3	274	1139.92834189845	0
3	285	1191.036660178435	0
3	288	1201.823354868837	0
3	289	1210.27603224351	0
3	325	1343.51195247923	0
3	342	1416.737597192287	0
3	346	1440.461191205719	0
3	348	1445.073341134387	0
3	364	1520.672206236653	0
3	372	1549.061657441765	0
3	377	1571.055304604047	0
3	386	1633.262916406929	0
3	388	1639.570584278622	0
3	393	1650.37818575086	0
3	400	1669.820674438502	0
3	402	1701.987437282435	0
3	409	1724.814802064575	0
3	415	1741.410419579259	0
3	450	1850.084845618149	0
3	456	1862.26792153237	0
3	457	1868.481401572461	0
3	470	1930.803915090091	0
3	475	1947.666772838071	0
3	478	1950.777623089963	0
3	492	1989.933571839371	0
3	499	2026.579221576297	0
3	508	2063.582054240215	0
3	520	2114.768934951809	0
3	533	2174.28894321538	0
3	540	2209.143141003462	0
3	542	2218.347343033321	0
3	552	2275.471367559022	0
3	561	2324.611697404835	0
3	562	2325.859159591152	0
3	564	2374.843001672208	0
3	569	2396.430702075691	0
3	570	2416.995074324912	0
3	585	2487.68900229982	0
3	586	2491.063392051402	0
3	591	2528.265143787575	0
3	592	2529.401775344633	0
3	623	2644.340656458387	0
3	627	2665.690756023257	0
3	629	2669.838706063309	0
3	632	2675.254509999308	0
3	633	2679.040229637968	0
3	637	2707.176406497997	0
3	649	2739.609806479209	0
3	657	2773.614165919777	0
3	671	2813.730344006619	0
3	676	2834.683145546082	0
3	680	2848.610383338188	0
3	681	2854.441110804091	0
3	683	2870.539099054884	0
3	685	2874.460325499724	0
3	687	2875.261827262518	0
3	699	2900.755993013581	0
3	704	2922.402571623998	0
3	705	2926.347200259128	0
3	715	2958.130727123677	0
3	720	2981.821530160028	0
3	723	2987.929723456251	0
3	732	3017.761932672563	0
3	743	3048.181472874862	0
3	754	3087.279193654423	0
3	758	3100.271343179914	0
3	766	3135.347913715823	0
3	781	3195.628831731061	0
3	783	3207.684588175003	0
3	812	3327.441432595605	0
3	813	3330.755838723727	0
3	821	3357.556999362561	0
3	822	3360.710390155192	0
3	824	3364.755385409228	0
3	826	3371.484976643768	0
3	844	3458.032635216553	0
3	853	3482.209872894716	0
3	857	3504.418353253799	0
3	863	3527.394063433439	0
3	868	3545.074519244784	0
3	871	3554.327372845034	0
3	876	3568.558893303063	0
3	879	3575.475195675257	0
3	885	3588.112076534427	0
3	888	3602.660797257635	0
3	893	3619.172624664354	0
3	895	3634.402852995795	0
3	900	3660.619544118011	0
3	906	3677.614974141224	0
3	908	3681.203487573762	0
3	910	3687.916830270535	0
3	917	3715.598657200927	0
3	918	3715.968114226091	0
3	930	3773.967733666002	0
3	948	3829.655681511146	0
3	951	3860.500727971092	0
3	954	3865.244206779989	0
3	969	3920.517745462492	0
3	981	3974.273321660598	0
3	993	4003.290980045988	0
3	1008	4055.549853039652	0
3	1012	4065.833844893531	0
3	1014	4067.007821425168	0
3	1021	4082.869861954003	0
3	1025	4099.055972515593	0
3	1027	4101.344382669427	0
3	1036	4125.139848116423	0
3	1038	4133.386319462792	0
3	1040	4145.80441830463	0
3	1041	4147.502361728511	0
3	1051	4170.41097120456	0
3	1055	4181.169707170073	0
3	1063	4209.986823044308	0
3	1065	4211.267456859131	0
3	1072	4230.982386802993	0
3	1079	4260.826204008339	0
3	1082	4269.219610055414	0
3	1092	4307.333092494316	0
3	1097	4314.190160075203	0
3	1106	4345.310238901464	0
3	1115	4381.88347462252	0
3	1128	4422.118925045213	0
3	1165	4599.02557146745	0
3	1169	4619.105790844709	0
3	1172	4631.018653214597	0
3	1179	4667.971471361549	0
3	1181	4674.157948429302	0
3	1186	4701.123517031245	0
3	1189	4707.395423604462	0
3	1190	4709.292920036249	0
3	1197	4752.488352146637	0
3	1199	4761.507123932437	0
3	1203	4770.778870700478	0
3	1208	4783.347111926822	0
3	1235	4878.319317162755	0
3	1245	4908.757774870191	0
3	1252	4941.494392458124	0
3	1253	4944.35716282033	0
3	1255	4949.370950031703	0
3	1263	4971.615437068995	0
3	1269	4984.069197285629	0
3	1274	5006.386477854642	0
3	1277	5011.487326301134	0
3	1280	5025.464096955248	0
3	1285	5045.69180058794	0
3	1289	5057.997584937758	0
3	1291	5062.196854484045	0
3	1299	5077.006860433387	0
3	1328	5170.788808084218	0
3	1329	5171.593426663277	0
3	1330	5171.688681818888	0
3	1331	5174.044973518127	0
3	1335	5186.848111123302	0
3	1340	5205.349645858899	0
3	1349	5243.493707118063	0
3	1351	5244.392940623813	0
3	1370	5291.973883216041	0
3	1379	5343.529406719917	0
3	1380	5344.645011969745	0
3	1386	5362.498174049297	0
3	1394	5385.85813464856	0
3	1400	5407.477277539565	0
3	1404	5435.270676840879	0
3	1415	5476.076476039416	0
3	1416	5476.682343049554	0
3	1421	5498.273086568948	0
3	1422	5499.821329618105	0
3	1425	5515.266688926279	0
3	1433	5559.85391804051	0
3	1435	5565.791616051621	0
3	1447	5625.272937878099	0
3	1448	5632.195447185418	0
3	1450	5636.411757363012	0
3	1477	5804.452365671622	0
3	1480	5815.717857805846	0
3	1514	5946.412803514928	0
3	1520	5965.077643019185	0
3	1521	5968.989964707961	0
3	1534	6023.179046962611	0
3	1566	6143.787278843069	0
3	1568	6149.560821389725	0
3	1571	6155.808553178438	0
3	1583	6188.952433863265	0
3	1584	6199.127206472302	0
3	1587	6225.925576254791	0
3	1603	6282.398032693074	0
3	1610	6309.277421329982	0
3	1621	6349.663957019363	0
3	1630	6373.955384009747	0
3	1635	6388.335754775354	0
3	1643	6416.624642439124	0
3	1659	6474.405451737474	0
3	1665	6497.998262604186	0
3	1666	6500.553641758013	0
3	1668	6502.659375062601	0
3	1674	6531.160872017285	0
3	1677	6537.986459183969	0
3	1680	6551.734893598573	0
3	1698	6605.343429052077	0
3	1706	6640.747091741946	0
3	1710	6652.839153559876	0
3	1714	6661.161382243971	0
3	1715	6662.847871977435	0
3	1722	6687.133905570068	0
3	1736	6725.335206225847	0
3	1742	6744.156248658407	0
3	1744	6757.178591408996	0
3	1753	6782.195287519951	0
3	1758	6790.617429286003	0
3	1764	6806.358606852416	0
3	1770	6817.671367351568	0
3	1773	6825.961643075777	0
3	1779	6846.766713096629	0
3	1784	6860.907539963187	0
3	1794	6891.187887789508	0
3	1798	6899.72669082582	0
3	1811	6938.647953499404	0
3	1823	6978.531053033686	0
3	1824	6984.48469824677	0
3	1834	7010.179497290799	0
3	1837	7013.057639448018	0
3	1841	7025.651754714554	0
3	1848	7044.61448780082	0
3	1853	7077.716472127257	0
3	1855	7079.035647079312	0
3	1869	7108.72675465813	0
3	1895	7187.187155785929	0
3	1898	7194.11964720801	0
3	1900	7197.700993142768	0
3	1901	7198.275921565856	0
3	1911	7216.546425656602	0
3	1917	7235.572386777662	0
3	1919	7239.124042092262	0
3	1923	7262.134564899729	0
3	1927	7274.78889689958	0
3	1932	7292.90456402351	0
3	1940	7304.468474734977	0
3	1948	7333.456705967457	0
3	1949	7335.546616334683	0
3	1950	7337.339824212784	0
3	1964	7395.414213697219	0
3	1985	7446.214154970478	0
3	1991	7479.563770714665	0
3	1995	7490.650212187032	0
3	2004	7517.631013045615	0
3	2006	7520.105590471051	0
3	2007	7520.450364014375	0
3	2008	7523.366930142944	0
3	2016	7542.453546660185	0
3	2022	7561.509625705826	0
3	2023	7564.210272298992	0
3	2024	7567.139944578063	0
3	2034	7597.540732745345	0
3	2046	7626.609654832085	0
3	2062	7680.444241071119	0
3	2063	7690.354080773094	0
3	2094	7790.859671333018	0
3	2103	7809.072461439264	0
3	2106	7824.978937089438	0
3	2109	7838.251613485763	0
3	2111	7845.1799508247	0
3	2112	7847.320434384971	0
3	2120	7897.210161287652	0
3	2133	7937.12592367014	0
3	2138	7964.251584234757	0
3	2151	8011.107106902567	0
3	2167	8080.001622757484	0
3	2171	8089.252401051992	0
3	2178	8114.141313282342	0
3	2181	8133.083971935507	0
3	2187	8149.168176200313	0
3	2191	8156.198456193732	0
3	2194	8164.052899835816	0
3	2200	8186.657473321551	0
3	2202	8189.278306270221	0
3	2220	8253.090742683927	0
3	2223	8257.377803968395	0
3	2224	8258.769703549569	0
3	2247	8305.62910438208	0
3	2261	8353.553228892307	0
3	2270	8374.195164929083	0
3	2273	8387.004011170017	0
3	2275	8389.124508030918	0
3	2282	8403.208176285198	0
3	2287	8410.870275134854	0
3	2289	8415.45352540491	0
3	2293	8439.220381198887	0
3	2296	8449.428851355278	0
3	2298	8451.999704172238	0
3	2313	8488.098486922397	0
3	2316	8493.553269356791	0
3	2317	8497.241293113057	0
3	2320	8500.924292945983	0
3	2331	8525.926321367994	0
3	2332	8526.435584103994	0
3	2337	8545.810726791612	0
3	2348	8579.95195727071	0
3	2353	8583.178394661797	0
3	2362	8606.468746694595	0
3	2366	8613.924405189193	0
3	2367	8614.752865751492	0
3	2381	8660.523460014474	0
3	2389	8685.39738601979	0
3	2405	8732.044708440493	0
3	2407	8735.729024858066	0
3	2411	8750.170958547793	0
3	2431	8820.72916905056	0
3	2444	8859.186560806477	0
3	2445	8864.937701599829	0
3	2450	8875.555568582247	0
3	2460	8904.233693496885	0
3	2467	8927.085827659696	0
3	2469	8929.562554328417	0
3	2471	8934.824228937762	0
3	2474	8948.407847262424	0
3	2479	8970.456903201699	0
3	2480	8971.987066401977	0
3	2483	8979.334764002737	0
3	2485	8992.737515836929	0
3	2490	9015.667489947008	0
3	2494	9027.542808975167	0
3	2496	9032.326111100547	0
3	2498	9033.027826360084	0
3	2516	9094.074283046828	0
3	2538	9158.584867392606	0
3	2548	9202.107554190248	0
3	2550	9208.732077625059	0
3	2561	9238.808451054475	0
3	2564	9254.161478022795	0
3	2569	9272.420462722031	0
3	2583	9333.336320748578	0
3	2584	9334.089054184624	0
3	2596	9381.359747946222	0
3	2602	9407.946252363591	0
3	2611	9453.312503785395	0
3	2614	9470.416717305626	0
3	2618	9488.866821776358	0
3	2625	9515.227014318419	0
3	2633	9562.043079157916	0
3	2640	9603.91433001984	0
3	2655	9685.811061696678	0
3	2656	9686.836213295818	0
3	2665	9722.977373869375	0
3	2667	9727.259166618313	0
3	2675	9764.599992687289	0
3	2699	9858.324904584272	0
3	2705	9886.495111329847	0
3	2712	9927.624669817204	0
3	2713	9928.103851629708	0
3	2714	9931.747133806251	0
3	2719	9943.957478926805	0
3	2720	9946.670485508944	0
3	2727	9974.697262401264	0
3	2733	10012.609932007212	0
3	2748	10052.462496884367	0
3	2751	10067.023064402194	0
3	2757	10091.996127927472	0
3	2770	10144.253428372459	0
3	2783	10174.080229755019	0
3	2793	10206.229230004477	0
3	2796	10230.849331778495	0
3	2799	10243.673556623879	0
3	2801	10247.948177250908	0
3	2802	10249.566631181263	0
3	2814	10291.959596695952	0
3	2816	10294.508907300747	0
3	2820	10306.028249690147	0
3	2823	10321.79835124182	0
3	2826	10336.718791342876	0
3	2832	10354.970204547682	0
3	2847	10407.375263875546	0
3	2862	10481.098472514725	0
3	2866	10496.661670417061	0
3	2879	10566.276013264621	0
3	2881	10572.291788261064	0
3	2883	10578.370284424058	0
3	2884	10582.351344690412	0
3	2899	10638.744994082327	0
3	2908	10692.615042821411	0
3	2914	10715.710954171546	0
3	2932	10793.437317880277	0
3	2963	10898.943485814933	0
3	2964	10901.45084971007	0
3	2968	10920.653474675921	0
3	2973	10934.559391540987	0
3	2983	10973.665335712481	0
3	2984	10979.564587018645	0
3	2985	10985.230080798818	0
3	2986	10989.637835910535	0
3	2997	11011.108974608862	0
3	3009	11067.753817536746	0
3	3011	11071.438197208923	0
3	3012	11072.072110936327	0
3	3019	11094.90979246668	0
3	3026	11121.860879375358	0
3	3046	11194.769895328635	0
3	3061	11244.676827509014	0
3	3062	11245.965792280346	0
3	3068	11263.253414077525	0
3	3071	11270.200433987768	0
3	3086	11315.639563071068	0
3	3094	11332.384252212568	0
3	3100	11361.587038961624	0
3	3101	11364.854682241993	0
3	3104	11372.019270248622	0
3	3107	11375.470104922547	0
3	3123	11455.322064585043	0
3	3124	11455.705350443299	0
3	3140	11505.18159253474	0
3	3144	11520.230690174487	0
3	3146	11523.391418674301	0
3	3148	11535.030094664841	0
3	3160	11571.589377345044	0
3	3173	11614.916715315589	0
3	3182	11652.039091316979	0
3	3191	11674.5174271428	0
3	3196	11683.140110907432	0
3	3205	11714.584007264749	0
3	3213	11751.959293382748	0
3	3229	11792.226120478346	0
3	3230	11793.496555224039	0
3	3231	11796.170323675722	0
3	3233	11803.616437467088	0
3	3235	11809.87606185733	0
3	3242	11837.338382460277	0
3	3254	11866.607106726404	0
3	3255	11875.377343322822	0
3	3260	11890.468124155215	0
3	3270	11916.796571179067	0
3	3306	12036.089552906854	0
3	3311	12056.369788937794	0
3	3316	12072.051176342277	0
3	3327	12119.055220887059	0
3	3328	12120.743270923957	0
3	3343	12165.207611260569	0
3	3345	12174.176778455959	0
3	3352	12211.336831750122	0
3	3361	12228.16279322786	0
3	3362	12235.469079643144	0
3	3364	12239.716441425379	0
3	3367	12257.604206654301	0
3	3368	12259.903387801454	0
3	3375	12274.010021112887	0
3	3378	12285.275587126821	0
3	3382	12307.712209886204	0
3	3387	12317.726510432415	0
3	3397	12349.293120432878	0
3	3404	12370.75042516642	0
3	3411	12406.980387775005	0
3	3414	12416.590109944153	0
3	3417	12420.801497496084	0
3	3429	12467.061521169049	0
3	3435	12492.719397617591	0
3	3448	12547.105140751811	0
3	3453	12571.111623807381	0
3	3454	12573.072291264857	0
3	3455	12575.042837820878	0
3	3468	12622.9204953838	0
3	3478	12670.523985664029	0
3	3487	12702.024409138045	0
3	3488	12702.061196146204	0
3	3491	12709.248370542245	0
3	3498	12741.646722042927	0
3	3516	12808.28007049525	0
3	3535	12902.822890295318	0
3	3545	12926.821392344345	0
3	3573	13029.103242210061	0
3	3575	13030.113548651916	0
3	3581	13069.784149204959	0
3	3588	13097.06072875544	0
3	3590	13106.155316004148	0
3	3596	13131.92540247566	0
3	3602	13151.480496723271	0
3	3603	13151.868931833514	0
3	3606	13170.529073285031	0
3	3611	13195.026830068484	0
3	3614	13202.808554389834	0
3	3638	13304.49619483419	0
3	3662	13399.203528894312	0
3	3676	13446.7650201924	0
3	3677	13450.753150222517	0
3	3680	13458.374989399196	0
3	3684	13469.228771883212	0
3	3688	13494.230173162783	0
3	3689	13494.49892373073	0
3	3698	13513.230912591293	0
3	3716	13574.892972434356	0
3	3732	13637.041042904708	0
3	3736	13650.463876805799	0
3	3738	13661.729239633734	0
3	3757	13716.359700342573	0
3	3764	13746.196387454016	0
3	3765	13747.447035932051	0
3	3766	13750.166690384558	0
3	3775	13782.357761314339	0
3	3779	13797.827064628415	0
3	3786	13817.751518433764	0
3	3791	13834.508745735891	0
3	3793	13840.627592815478	0
3	3804	13880.862469329616	0
3	3810	13901.999275383084	0
3	3813	13909.093000642596	0
3	3819	13930.3028923264	0
3	3844	14019.136928804715	0
3	3857	14064.83637631417	0
3	3862	14077.48681090076	0
3	3865	14105.133984514263	0
3	3880	14151.72060928328	0
3	3899	14240.974724570744	0
3	3903	14248.856328240496	0
3	3914	14310.393522518848	0
3	3915	14318.986879465234	0
3	3930	14390.27542157706	0
3	3932	14399.56384345388	0
3	3934	14402.892616983513	0
3	3943	14444.129759234675	0
3	3950	14501.050195021181	0
3	3951	14501.983031994833	0
3	3961	14532.496337877156	0
3	3981	14614.010571250666	0
3	3988	14652.337783621717	0
3	3997	14685.972391393907	0
3	4015	14743.293328196165	0
3	4022	14777.297125413887	0
3	4023	14782.855179509144	0
3	4025	14786.23159653294	0
3	4032	14811.930018257298	0
3	4035	14821.176175189852	0
3	4056	14912.962984529399	0
3	4057	14913.325291537621	0
3	4063	14930.652830088112	0
3	4073	14977.420560914475	0
3	4076	14989.706147377536	0
3	4082	15005.767210790915	0
3	4084	15010.634515162472	0
3	4098	15044.764979450751	0
3	4102	15053.004164249427	0
3	4106	15077.028574347943	0
3	4114	15093.028842049911	0
3	4119	15110.221468832408	0
3	4120	15111.051439419905	0
3	4127	15123.508823321862	0
3	4143	15180.264656923577	0
3	4151	15204.261932683819	0
3	4160	15237.14412364437	0
3	4172	15282.000858314025	0
3	4175	15291.580010327268	0
3	4178	15303.420299521837	0
3	4192	15344.28053353245	0
3	4196	15356.509570134895	0
3	4216	15446.241567140394	0
3	4221	15462.235316334336	0
3	4229	15519.304855744429	0
3	4230	15522.355236456488	0
3	4233	15539.713360319876	0
3	4234	15543.64017446589	0
3	4237	15557.680464378217	0
3	4247	15612.908479784075	0
3	4248	15617.514916506305	0
3	4259	15670.560034593545	0
3	4262	15692.851000491159	0
3	4283	15781.072337857678	0
3	4285	15786.928337786515	0
3	4293	15808.19908121336	0
3	4298	15830.971279210898	0
3	4300	15836.079819367933	0
3	4301	15844.893539317264	0
3	4310	15886.234397420357	0
3	4313	15894.763423828234	0
3	4314	15894.923683927804	0
3	4315	15896.910970091006	0
3	4318	15904.91819517348	0
3	4321	15923.140721003106	0
3	4323	15930.422643372259	0
3	4332	15964.727701526302	0
3	4340	16005.56579060876	0
3	4349	16038.774148528943	0
3	4355	16063.229165277238	0
3	4371	16135.364820203327	0
3	4377	16150.514137798579	0
3	4383	16181.564510034534	0
3	4385	16197.872731507811	0
3	4387	16200.185258903607	0
3	4397	16233.504109059119	0
3	4401	16246.010927225362	0
3	4415	16316.683744026885	0
3	4427	16350.605891456888	0
3	4446	16421.988989260088	0
3	4462	16459.267951619387	0
3	4465	16462.618713246764	0
3	4468	16475.571502694233	0
3	4478	16524.522261511226	0
3	4480	16526.273413181788	0
3	4494	16560.279306889057	0
3	4516	16636.321718446711	0
3	4517	16638.259011982191	0
3	4521	16657.961935022773	0
3	4533	16702.656886312271	0
3	4535	16707.77260153252	0
3	4536	16709.291290263234	0
3	4537	16722.218649265435	0
3	4546	16749.790821107483	0
3	4548	16755.45779379239	0
3	4549	16757.202366550049	0
3	4556	16782.398811112378	0
3	4559	16785.941130013831	0
3	4572	16852.784674517511	0
3	4578	16868.479685858331	0
3	4582	16885.79425550021	0
3	4584	16894.336737884358	0
3	4602	17004.824419051515	0
3	4607	17050.214439518947	0
3	4629	17187.378974443408	0
3	4630	17188.274610013201	0
3	4639	17226.214885612944	0
3	4640	17227.466503431642	0
3	4667	17367.783281040715	0
3	4674	17413.183475898031	0
3	4675	17414.568677778484	0
3	4686	17465.6743477708	0
3	4687	17467.366492437975	0
3	4693	17511.305312026652	0
3	4699	17530.15706705103	0
3	4721	17598.704238745193	0
3	4727	17620.300172405016	0
3	4729	17622.789135298853	0
3	4730	17624.328027604607	0
3	4739	17644.321664417304	0
3	4744	17667.762280887882	0
3	4752	17689.879644484857	0
3	4767	17732.179815425367	0
3	4768	17742.665578164905	0
3	4775	17757.691164493175	0
3	4790	17803.980609710677	0
3	4797	17818.738595104604	0
3	4811	17875.575929189257	0
3	4816	17896.858222536297	0
3	4821	17911.690312652478	0
3	4828	17921.928424518847	0
3	4836	17950.148095557881	0
3	4840	17970.760916545666	0
3	4845	17978.809358516589	0
3	4860	18018.317816088221	0
3	4861	18019.25086306495	0
3	4865	18037.288156281497	0
3	4871	18052.247586180326	0
3	4882	18097.004390546135	0
3	4888	18106.292238542908	0
3	4900	18133.441131518455	0
3	4903	18151.711710503605	0
3	4907	18154.906242112567	0
3	4922	18200.613120679985	0
3	4927	18208.031057839947	0
3	4933	18222.737614975603	0
3	4936	18225.162659379683	0
3	4943	18254.159441365296	0
3	4948	18267.478425346486	0
3	4951	18272.948945589967	0
3	4961	18301.292463852443	0
3	4963	18307.022071216333	0
3	4965	18310.86315144819	0
3	4971	18325.90958373225	0
3	4983	18359.713597584349	0
3	4991	18377.971220698617	0
3	4993	18384.727306486226	0
3	4994	18387.135259572886	0
3	5006	18414.98815213851	0
3	5014	18454.396131121732	0
3	5017	18460.081300110447	0
3	5031	18499.216781161016	0
3	5033	18502.67089356012	0
3	5035	18510.317207216958	0
3	5048	18552.048764240711	0
3	5055	18569.206590317657	0
3	5057	18581.234138565461	0
3	5059	18583.813618218531	0
3	5076	18638.54812349063	0
3	5078	18648.635841091887	0
3	5083	18661.123337081152	0
3	5094	18691.255108474294	0
3	5108	18750.481506656499	0
3	5138	18857.548221941838	0
3	5139	18858.850601899211	0
3	5142	18866.631887457096	0
3	5156	18909.377874754365	0
3	5157	18909.454945130081	0
3	5160	18947.583722726765	0
3	5163	18956.952867917858	0
3	5170	18978.44250216098	0
3	5175	18989.484440983112	0
3	5179	18998.325519247823	0
3	5202	19098.394406057782	0
3	5244	19286.871701717967	0
3	5246	19289.139041796266	0
3	5250	19304.372267069937	0
3	5257	19333.207035219105	0
3	5277	19421.210252141798	0
3	5279	19423.895073295237	0
3	5282	19435.920342378504	0
3	5289	19454.360997975421	0
3	5300	19509.046671072826	0
3	5302	19510.728555930378	0
3	5325	19585.224894958922	0
3	5326	19589.272631139063	0
3	5327	19593.476348837649	0
3	5334	19627.389027063724	0
3	5338	19635.069823229352	0
3	5340	19639.976096964753	0
3	5341	19640.58945953982	0
3	5360	19707.419248360942	0
3	5361	19714.218564199282	0
3	5367	19736.864760586193	0
3	5373	19750.135735937727	0
3	5384	19788.393749093095	0
3	5393	19819.928424685807	0
3	5396	19834.912689577282	0
3	5412	19870.075232297624	0
3	5414	19875.13235422741	0
3	5426	19899.644333275031	0
3	5454	19983.153233759795	0
3	5455	19984.770918891777	0
3	5456	19985.226201203048	0
4	239	1000.045952976807	3
4	244	1014.863616838383	3
4	245	1028.105010889802	3
4	247	1032.069088632922	3
4	255	1056.871149124353	3
4	260	1081.528193056967	3
4	266	1109.911889001045	3
4	272	1135.1367992331	3
4	273	1138.975386298756	3
4	274	1139.92834189845	3
4	285	1191.036660178435	3
4	288	1201.823354868837	3
4	289	1210.27603224351	3
4	325	1343.51195247923	3
4	342	1416.737597192287	3
4	346	1440.461191205719	3
4	348	1445.073341134387	3
4	364	1520.672206236653	3
4	372	1549.061657441765	3
4	377	1571.055304604047	3
4	386	1633.262916406929	3
4	388	1639.570584278622	3
4	393	1650.37818575086	3
4	400	1669.820674438502	3
4	402	1701.987437282435	3
4	409	1724.814802064575	3
4	415	1741.410419579259	3
4	450	1850.084845618149	3
4	456	1862.26792153237	3
4	457	1868.481401572461	3
4	470	1930.803915090091	3
4	475	1947.666772838071	3
4	478	1950.777623089963	3
4	492	1989.933571839371	3
4	499	2026.579221576297	3
4	508	2063.582054240215	3
4	520	2114.768934951809	3
4	533	2174.28894321538	3
4	540	2209.143141003462	3
4	542	2218.347343033321	3
4	552	2275.471367559022	3
4	561	2324.611697404835	3
4	562	2325.859159591152	3
4	564	2374.843001672208	3
4	569	2396.430702075691	3
4	570	2416.995074324912	3
4	585	2487.68900229982	3
4	586	2491.063392051402	3
4	591	2528.265143787575	3
4	592	2529.401775344633	3
4	623	2644.340656458387	3
4	627	2665.690756023257	3
4	629	2669.838706063309	3
4	632	2675.254509999308	3
4	633	2679.040229637968	3
4	637	2707.176406497997	3
4	649	2739.609806479209	3
4	657	2773.614165919777	3
4	671	2813.730344006619	3
4	676	2834.683145546082	3
4	680	2848.610383338188	3
4	681	2854.441110804091	3
4	683	2870.539099054884	3
4	685	2874.460325499724	3
4	687	2875.261827262518	3
4	699	2900.755993013581	3
4	704	2922.402571623998	3
4	705	2926.347200259128	3
4	715	2958.130727123677	3
4	720	2981.821530160028	3
4	723	2987.929723456251	3
4	732	3017.761932672563	3
4	743	3048.181472874862	3
4	754	3087.279193654423	3
4	758	3100.271343179914	3
4	766	3135.347913715823	3
4	781	3195.628831731061	3
4	783	3207.684588175003	3
4	812	3327.441432595605	3
4	813	3330.755838723727	3
4	821	3357.556999362561	3
4	822	3360.710390155192	3
4	824	3364.755385409228	3
4	826	3371.484976643768	3
4	844	3458.032635216553	3
4	853	3482.209872894716	3
4	857	3504.418353253799	3
4	863	3527.394063433439	3
4	868	3545.074519244784	3
4	871	3554.327372845034	3
4	876	3568.558893303063	3
4	879	3575.475195675257	3
4	885	3588.112076534427	3
4	888	3602.660797257635	3
4	893	3619.172624664354	3
4	895	3634.402852995795	3
4	900	3660.619544118011	3
4	906	3677.614974141224	3
4	908	3681.203487573762	3
4	910	3687.916830270535	3
4	917	3715.598657200927	3
4	918	3715.968114226091	3
4	930	3773.967733666002	3
4	948	3829.655681511146	3
4	951	3860.500727971092	3
4	954	3865.244206779989	3
4	969	3920.517745462492	3
4	981	3974.273321660598	3
4	993	4003.290980045988	3
4	1008	4055.549853039652	3
4	1012	4065.833844893531	3
4	1014	4067.007821425168	3
4	1021	4082.869861954003	3
4	1025	4099.055972515593	3
4	1027	4101.344382669427	3
4	1036	4125.139848116423	3
4	1038	4133.386319462792	3
4	1040	4145.80441830463	3
4	1041	4147.502361728511	3
4	1051	4170.41097120456	3
4	1055	4181.169707170073	3
4	1063	4209.986823044308	3
4	1065	4211.267456859131	3
4	1072	4230.982386802993	3
4	1079	4260.826204008339	3
4	1082	4269.219610055414	3
4	1092	4307.333092494316	3
4	1097	4314.190160075203	3
4	1106	4345.310238901464	3
4	1115	4381.88347462252	3
4	1128	4422.118925045213	3
4	1165	4599.02557146745	3
4	1169	4619.105790844709	3
4	1172	4631.018653214597	3
4	1179	4667.971471361549	3
4	1181	4674.157948429302	3
4	1186	4701.123517031245	3
4	1189	4707.395423604462	3
4	1190	4709.292920036249	3
4	1197	4752.488352146637	3
4	1199	4761.507123932437	3
4	1203	4770.778870700478	3
4	1208	4783.347111926822	3
4	1235	4878.319317162755	3
4	1245	4908.757774870191	3
4	1252	4941.494392458124	3
4	1253	4944.35716282033	3
4	1255	4949.370950031703	3
4	1263	4971.615437068995	3
4	1269	4984.069197285629	3
4	1274	5006.386477854642	3
4	1277	5011.487326301134	3
4	1280	5025.464096955248	3
4	1285	5045.69180058794	3
4	1289	5057.997584937758	3
4	1291	5062.196854484045	3
4	1299	5077.006860433387	3
4	1328	5170.788808084218	3
4	1329	5171.593426663277	3
4	1330	5171.688681818888	3
4	1331	5174.044973518127	3
4	1335	5186.848111123302	3
4	1340	5205.349645858899	3
4	1349	5243.493707118063	3
4	1351	5244.392940623813	3
4	1370	5291.973883216041	3
4	1379	5343.529406719917	3
4	1380	5344.645011969745	3
4	1386	5362.498174049297	3
4	1394	5385.85813464856	3
4	1400	5407.477277539565	3
4	1404	5435.270676840879	3
4	1415	5476.076476039416	3
4	1416	5476.682343049554	3
4	1421	5498.273086568948	3
4	1422	5499.821329618105	3
4	1425	5515.266688926279	3
4	1433	5559.85391804051	3
4	1435	5565.791616051621	3
4	1447	5625.272937878099	3
4	1448	5632.195447185418	3
4	1450	5636.411757363012	3
4	1477	5804.452365671622	3
4	1480	5815.717857805846	3
4	1514	5946.412803514928	3
4	1520	5965.077643019185	3
4	1521	5968.989964707961	3
4	1534	6023.179046962611	3
4	1566	6143.787278843069	3
4	1568	6149.560821389725	3
4	1571	6155.808553178438	3
4	1583	6188.952433863265	3
4	1584	6199.127206472302	3
4	1587	6225.925576254791	3
4	1603	6282.398032693074	3
4	1610	6309.277421329982	3
4	1621	6349.663957019363	3
4	1630	6373.955384009747	3
4	1635	6388.335754775354	3
4	1643	6416.624642439124	3
4	1659	6474.405451737474	3
4	1665	6497.998262604186	3
4	1666	6500.553641758013	3
4	1668	6502.659375062601	3
4	1674	6531.160872017285	3
4	1677	6537.986459183969	3
4	1680	6551.734893598573	3
4	1698	6605.343429052077	3
4	1706	6640.747091741946	3
4	1710	6652.839153559876	3
4	1714	6661.161382243971	3
4	1715	6662.847871977435	3
4	1722	6687.133905570068	3
4	1736	6725.335206225847	3
4	1742	6744.156248658407	3
4	1744	6757.178591408996	3
4	1753	6782.195287519951	3
4	1758	6790.617429286003	3
4	1764	6806.358606852416	3
4	1770	6817.671367351568	3
4	1773	6825.961643075777	3
4	1779	6846.766713096629	3
4	1784	6860.907539963187	3
4	1794	6891.187887789508	3
4	1798	6899.72669082582	3
4	1811	6938.647953499404	3
4	1823	6978.531053033686	3
4	1824	6984.48469824677	3
4	1834	7010.179497290799	3
4	1837	7013.057639448018	3
4	1841	7025.651754714554	3
4	1848	7044.61448780082	3
4	1853	7077.716472127257	3
4	1855	7079.035647079312	3
4	1869	7108.72675465813	3
4	1895	7187.187155785929	3
4	1898	7194.11964720801	3
4	1900	7197.700993142768	3
4	1901	7198.275921565856	3
4	1911	7216.546425656602	3
4	1917	7235.572386777662	3
4	1919	7239.124042092262	3
4	1923	7262.134564899729	3
4	1927	7274.78889689958	3
4	1932	7292.90456402351	3
4	1940	7304.468474734977	3
4	1948	7333.456705967457	3
4	1949	7335.546616334683	3
4	1950	7337.339824212784	3
4	1964	7395.414213697219	3
4	1985	7446.214154970478	3
4	1991	7479.563770714665	3
4	1995	7490.650212187032	3
4	2004	7517.631013045615	3
4	2006	7520.105590471051	3
4	2007	7520.450364014375	3
4	2008	7523.366930142944	3
4	2016	7542.453546660185	3
4	2022	7561.509625705826	3
4	2023	7564.210272298992	3
4	2024	7567.139944578063	3
4	2034	7597.540732745345	3
4	2046	7626.609654832085	3
4	2062	7680.444241071119	3
4	2063	7690.354080773094	3
4	2094	7790.859671333018	3
4	2103	7809.072461439264	3
4	2106	7824.978937089438	3
4	2109	7838.251613485763	3
4	2111	7845.1799508247	3
4	2112	7847.320434384971	3
4	2120	7897.210161287652	3
4	2133	7937.12592367014	3
4	2138	7964.251584234757	3
4	2151	8011.107106902567	3
4	2167	8080.001622757484	3
4	2171	8089.252401051992	3
4	2178	8114.141313282342	3
4	2181	8133.083971935507	3
4	2187	8149.168176200313	3
4	2191	8156.198456193732	3
4	2194	8164.052899835816	3
4	2200	8186.657473321551	3
4	2202	8189.278306270221	3
4	2220	8253.090742683927	3
4	2223	8257.377803968395	3
4	2224	8258.769703549569	3
4	2247	8305.62910438208	3
4	2261	8353.553228892307	3
4	2270	8374.195164929083	3
4	2273	8387.004011170017	3
4	2275	8389.124508030918	3
4	2282	8403.208176285198	3
4	2287	8410.870275134854	3
4	2289	8415.45352540491	3
4	2293	8439.220381198887	3
4	2296	8449.428851355278	3
4	2298	8451.999704172238	3
4	2313	8488.098486922397	3
4	2316	8493.553269356791	3
4	2317	8497.241293113057	3
4	2320	8500.924292945983	3
4	2331	8525.926321367994	3
4	2332	8526.435584103994	3
4	2337	8545.810726791612	3
4	2348	8579.95195727071	3
4	2353	8583.178394661797	3
4	2362	8606.468746694595	3
4	2366	8613.924405189193	3
4	2367	8614.752865751492	3
4	2381	8660.523460014474	3
4	2389	8685.39738601979	3
4	2405	8732.044708440493	3
4	2407	8735.729024858066	3
4	2411	8750.170958547793	3
4	2431	8820.72916905056	3
4	2444	8859.186560806477	3
4	2445	8864.937701599829	3
4	2450	8875.555568582247	3
4	2460	8904.233693496885	3
4	2467	8927.085827659696	3
4	2469	8929.562554328417	3
4	2471	8934.824228937762	3
4	2474	8948.407847262424	3
4	2479	8970.456903201699	3
4	2480	8971.987066401977	3
4	2483	8979.334764002737	3
4	2485	8992.737515836929	3
4	2490	9015.667489947008	3
4	2494	9027.542808975167	3
4	2496	9032.326111100547	3
4	2498	9033.027826360084	3
4	2516	9094.074283046828	3
4	2538	9158.584867392606	3
4	2548	9202.107554190248	3
4	2550	9208.732077625059	3
4	2561	9238.808451054475	3
4	2564	9254.161478022795	3
4	2569	9272.420462722031	3
4	2583	9333.336320748578	3
4	2584	9334.089054184624	3
4	2596	9381.359747946222	3
4	2602	9407.946252363591	3
4	2611	9453.312503785395	3
4	2614	9470.416717305626	3
4	2618	9488.866821776358	3
4	2625	9515.227014318419	3
4	2633	9562.043079157916	3
4	2640	9603.91433001984	3
4	2655	9685.811061696678	3
4	2656	9686.836213295818	3
4	2665	9722.977373869375	3
4	2667	9727.259166618313	3
4	2675	9764.599992687289	3
4	2699	9858.324904584272	3
4	2705	9886.495111329847	3
4	2712	9927.624669817204	3
4	2713	9928.103851629708	3
4	2714	9931.747133806251	3
4	2719	9943.957478926805	3
4	2720	9946.670485508944	3
4	2727	9974.697262401264	3
4	2733	10012.609932007212	3
4	2748	10052.462496884367	3
4	2751	10067.023064402194	3
4	2757	10091.996127927472	3
4	2770	10144.253428372459	3
4	2783	10174.080229755019	3
4	2793	10206.229230004477	3
4	2796	10230.849331778495	3
4	2799	10243.673556623879	3
4	2801	10247.948177250908	3
4	2802	10249.566631181263	3
4	2814	10291.959596695952	3
4	2816	10294.508907300747	3
4	2820	10306.028249690147	3
4	2823	10321.79835124182	3
4	2826	10336.718791342876	3
4	2832	10354.970204547682	3
4	2847	10407.375263875546	3
4	2862	10481.098472514725	3
4	2866	10496.661670417061	3
4	2879	10566.276013264621	3
4	2881	10572.291788261064	3
4	2883	10578.370284424058	3
4	2884	10582.351344690412	3
4	2899	10638.744994082327	3
4	2908	10692.615042821411	3
4	2914	10715.710954171546	3
4	2932	10793.437317880277	3
4	2963	10898.943485814933	3
4	2964	10901.45084971007	3
4	2968	10920.653474675921	3
4	2973	10934.559391540987	3
4	2983	10973.665335712481	3
4	2984	10979.564587018645	3
4	2985	10985.230080798818	3
4	2986	10989.637835910535	3
4	2997	11011.108974608862	3
4	3009	11067.753817536746	3
4	3011	11071.438197208923	3
4	3012	11072.072110936327	3
4	3019	11094.90979246668	3
4	3026	11121.860879375358	3
4	3046	11194.769895328635	3
4	3061	11244.676827509014	3
4	3062	11245.965792280346	3
4	3068	11263.253414077525	3
4	3071	11270.200433987768	3
4	3086	11315.639563071068	3
4	3094	11332.384252212568	3
4	3100	11361.587038961624	3
4	3101	11364.854682241993	3
4	3104	11372.019270248622	3
4	3107	11375.470104922547	3
4	3123	11455.322064585043	3
4	3124	11455.705350443299	3
4	3140	11505.18159253474	3
4	3144	11520.230690174487	3
4	3146	11523.391418674301	3
4	3148	11535.030094664841	3
4	3160	11571.589377345044	3
4	3173	11614.916715315589	3
4	3182	11652.039091316979	3
4	3191	11674.5174271428	3
4	3196	11683.140110907432	3
4	3205	11714.584007264749	3
4	3213	11751.959293382748	3
4	3229	11792.226120478346	3
4	3230	11793.496555224039	3
4	3231	11796.170323675722	3
4	3233	11803.616437467088	3
4	3235	11809.87606185733	3
4	3242	11837.338382460277	3
4	3254	11866.607106726404	3
4	3255	11875.377343322822	3
4	3260	11890.468124155215	3
4	3270	11916.796571179067	3
4	3306	12036.089552906854	3
4	3311	12056.369788937794	3
4	3316	12072.051176342277	3
4	3327	12119.055220887059	3
4	3328	12120.743270923957	3
4	3343	12165.207611260569	3
4	3345	12174.176778455959	3
4	3352	12211.336831750122	3
4	3361	12228.16279322786	3
4	3362	12235.469079643144	3
4	3364	12239.716441425379	3
4	3367	12257.604206654301	3
4	3368	12259.903387801454	3
4	3375	12274.010021112887	3
4	3378	12285.275587126821	3
4	3382	12307.712209886204	3
4	3387	12317.726510432415	3
4	3397	12349.293120432878	3
4	3404	12370.75042516642	3
4	3411	12406.980387775005	3
4	3414	12416.590109944153	3
4	3417	12420.801497496084	3
4	3429	12467.061521169049	3
4	3435	12492.719397617591	3
4	3448	12547.105140751811	3
4	3453	12571.111623807381	3
4	3454	12573.072291264857	3
4	3455	12575.042837820878	3
4	3468	12622.9204953838	3
4	3478	12670.523985664029	3
4	3487	12702.024409138045	3
4	3488	12702.061196146204	3
4	3491	12709.248370542245	3
4	3498	12741.646722042927	3
4	3516	12808.28007049525	3
4	3535	12902.822890295318	3
4	3545	12926.821392344345	3
4	3573	13029.103242210061	3
4	3575	13030.113548651916	3
4	3581	13069.784149204959	3
4	3588	13097.06072875544	3
4	3590	13106.155316004148	3
4	3596	13131.92540247566	3
4	3602	13151.480496723271	3
4	3603	13151.868931833514	3
4	3606	13170.529073285031	3
4	3611	13195.026830068484	3
4	3614	13202.808554389834	3
4	3638	13304.49619483419	3
4	3662	13399.203528894312	3
4	3676	13446.7650201924	3
4	3677	13450.753150222517	3
4	3680	13458.374989399196	3
4	3684	13469.228771883212	3
4	3688	13494.230173162783	3
4	3689	13494.49892373073	3
4	3698	13513.230912591293	3
4	3716	13574.892972434356	3
4	3732	13637.041042904708	3
4	3736	13650.463876805799	3
4	3738	13661.729239633734	3
4	3757	13716.359700342573	3
4	3764	13746.196387454016	3
4	3765	13747.447035932051	3
4	3766	13750.166690384558	3
4	3775	13782.357761314339	3
4	3779	13797.827064628415	3
4	3786	13817.751518433764	3
4	3791	13834.508745735891	3
4	3793	13840.627592815478	3
4	3804	13880.862469329616	3
4	3810	13901.999275383084	3
4	3813	13909.093000642596	3
4	3819	13930.3028923264	3
4	3844	14019.136928804715	3
4	3857	14064.83637631417	3
4	3862	14077.48681090076	3
4	3865	14105.133984514263	3
4	3880	14151.72060928328	3
4	3899	14240.974724570744	3
4	3903	14248.856328240496	3
4	3914	14310.393522518848	3
4	3915	14318.986879465234	3
4	3930	14390.27542157706	3
4	3932	14399.56384345388	3
4	3934	14402.892616983513	3
4	3943	14444.129759234675	3
4	3950	14501.050195021181	3
4	3951	14501.983031994833	3
4	3961	14532.496337877156	3
4	3981	14614.010571250666	3
4	3988	14652.337783621717	3
4	3997	14685.972391393907	3
4	4015	14743.293328196165	3
4	4022	14777.297125413887	3
4	4023	14782.855179509144	3
4	4025	14786.23159653294	3
4	4032	14811.930018257298	3
4	4035	14821.176175189852	3
4	4056	14912.962984529399	3
4	4057	14913.325291537621	3
4	4063	14930.652830088112	3
4	4073	14977.420560914475	3
4	4076	14989.706147377536	3
4	4082	15005.767210790915	3
4	4084	15010.634515162472	3
4	4098	15044.764979450751	3
4	4102	15053.004164249427	3
4	4106	15077.028574347943	3
4	4114	15093.028842049911	3
4	4119	15110.221468832408	3
4	4120	15111.051439419905	3
4	4127	15123.508823321862	3
4	4143	15180.264656923577	3
4	4151	15204.261932683819	3
4	4160	15237.14412364437	3
4	4172	15282.000858314025	3
4	4175	15291.580010327268	3
4	4178	15303.420299521837	3
4	4192	15344.28053353245	3
4	4196	15356.509570134895	3
4	4216	15446.241567140394	3
4	4221	15462.235316334336	3
4	4229	15519.304855744429	3
4	4230	15522.355236456488	3
4	4233	15539.713360319876	3
4	4234	15543.64017446589	3
4	4237	15557.680464378217	3
4	4247	15612.908479784075	3
4	4248	15617.514916506305	3
4	4259	15670.560034593545	3
4	4262	15692.851000491159	3
4	4283	15781.072337857678	3
4	4285	15786.928337786515	3
4	4293	15808.19908121336	3
4	4298	15830.971279210898	3
4	4300	15836.079819367933	3
4	4301	15844.893539317264	3
4	4310	15886.234397420357	3
4	4313	15894.763423828234	3
4	4314	15894.923683927804	3
4	4315	15896.910970091006	3
4	4318	15904.91819517348	3
4	4321	15923.140721003106	3
4	4323	15930.422643372259	3
4	4332	15964.727701526302	3
4	4340	16005.56579060876	3
4	4349	16038.774148528943	3
4	4355	16063.229165277238	3
4	4371	16135.364820203327	3
4	4377	16150.514137798579	3
4	4383	16181.564510034534	3
4	4385	16197.872731507811	3
4	4387	16200.185258903607	3
4	4397	16233.504109059119	3
4	4401	16246.010927225362	3
4	4415	16316.683744026885	3
4	4427	16350.605891456888	3
4	4446	16421.988989260088	3
4	4462	16459.267951619387	3
4	4465	16462.618713246764	3
4	4468	16475.571502694233	3
4	4478	16524.522261511226	3
4	4480	16526.273413181788	3
4	4494	16560.279306889057	3
4	4516	16636.321718446711	3
4	4517	16638.259011982191	3
4	4521	16657.961935022773	3
4	4533	16702.656886312271	3
4	4535	16707.77260153252	3
4	4536	16709.291290263234	3
4	4537	16722.218649265435	3
4	4546	16749.790821107483	3
4	4548	16755.45779379239	3
4	4549	16757.202366550049	3
4	4556	16782.398811112378	3
4	4559	16785.941130013831	3
4	4572	16852.784674517511	3
4	4578	16868.479685858331	3
4	4582	16885.79425550021	3
4	4584	16894.336737884358	3
4	4602	17004.824419051515	3
4	4607	17050.214439518947	3
4	4629	17187.378974443408	3
4	4630	17188.274610013201	3
4	4639	17226.214885612944	3
4	4640	17227.466503431642	3
4	4667	17367.783281040715	3
4	4674	17413.183475898031	3
4	4675	17414.568677778484	3
4	4686	17465.6743477708	3
4	4687	17467.366492437975	3
4	4693	17511.305312026652	3
4	4699	17530.15706705103	3
4	4721	17598.704238745193	3
4	4727	17620.300172405016	3
4	4729	17622.789135298853	3
4	4730	17624.328027604607	3
4	4739	17644.321664417304	3
4	4744	17667.762280887882	3
4	4752	17689.879644484857	3
4	4767	17732.179815425367	3
4	4768	17742.665578164905	3
4	4775	17757.691164493175	3
4	4790	17803.980609710677	3
4	4797	17818.738595104604	3
4	4811	17875.575929189257	3
4	4816	17896.858222536297	3
4	4821	17911.690312652478	3
4	4828	17921.928424518847	3
4	4836	17950.148095557881	3
4	4840	17970.760916545666	3
4	4845	17978.809358516589	3
4	4860	18018.317816088221	3
4	4861	18019.25086306495	3
4	4865	18037.288156281497	3
4	4871	18052.247586180326	3
4	4882	18097.004390546135	3
4	4888	18106.292238542908	3
4	4900	18133.441131518455	3
4	4903	18151.711710503605	3
4	4907	18154.906242112567	3
4	4922	18200.613120679985	3
4	4927	18208.031057839947	3
4	4933	18222.737614975603	3
4	4936	18225.162659379683	3
4	4943	18254.159441365296	3
4	4948	18267.478425346486	3
4	4951	18272.948945589967	3
4	4961	18301.292463852443	3
4	4963	18307.022071216333	3
4	4965	18310.86315144819	3
4	4971	18325.90958373225	3
4	4983	18359.713597584349	3
4	4991	18377.971220698617	3
4	4993	18384.727306486226	3
4	4994	18387.135259572886	3
4	5006	18414.98815213851	3
4	5014	18454.396131121732	3
4	5017	18460.081300110447	3
4	5031	18499.216781161016	3
4	5033	18502.67089356012	3
4	5035	18510.317207216958	3
4	5048	18552.048764240711	3
4	5055	18569.206590317657	3
4	5057	18581.234138565461	3
4	5059	18583.813618218531	3
4	5076	18638.54812349063	3
4	5078	18648.635841091887	3
4	5083	18661.123337081152	3
4	5094	18691.255108474294	3
4	5108	18750.481506656499	3
4	5138	18857.548221941838	3
4	5139	18858.850601899211	3
4	5142	18866.631887457096	3
4	5156	18909.377874754365	3
4	5157	18909.454945130081	3
4	5160	18947.583722726765	3
4	5163	18956.952867917858	3
4	5170	18978.44250216098	3
4	5175	18989.484440983112	3
4	5179	18998.325519247823	3
4	5202	19098.394406057782	3
4	5244	19286.871701717967	3
4	5246	19289.139041796266	3
4	5250	19304.372267069937	3
4	5257	19333.207035219105	3
4	5277	19421.210252141798	3
4	5279	19423.895073295237	3
4	5282	19435.920342378504	3
4	5289	19454.360997975421	3
4	5300	19509.046671072826	3
4	5302	19510.728555930378	3
4	5325	19585.224894958922	3
4	5326	19589.272631139063	3
4	5327	19593.476348837649	3
4	5334	19627.389027063724	3
4	5338	19635.069823229352	3
4	5340	19639.976096964753	3
4	5341	19640.58945953982	3
4	5360	19707.419248360942	3
4	5361	19714.218564199282	3
4	5367	19736.864760586193	3
4	5373	19750.135735937727	3
4	5384	19788.393749093095	3
4	5393	19819.928424685807	3
4	5396	19834.912689577282	3
4	5412	19870.075232297624	3
4	5414	19875.13235422741	3
4	5426	19899.644333275031	3
4	5454	19983.153233759795	3
4	5455	19984.770918891777	3
4	5456	19985.226201203048	3
5	239	1000.045952976807	28749
5	244	1014.863616838383	28757
5	245	1028.105010889802	28769
5	247	1032.069088632922	28770
5	255	1056.871149124353	28766
5	260	1081.528193056967	28773
5	266	1109.911889001045	28755
5	272	1135.1367992331	28762
5	273	1138.975386298756	28763
5	274	1139.92834189845	28764
5	285	1191.036660178435	28767
5	288	1201.823354868837	28774
5	289	1210.27603224351	28759
5	325	1343.51195247923	28776
5	342	1416.737597192287	28788
5	346	1440.461191205719	28790
5	348	1445.073341134387	28781
5	364	1520.672206236653	28780
5	372	1549.061657441765	28794
5	377	1571.055304604047	28796
5	386	1633.262916406929	28791
5	388	1639.570584278622	28789
5	393	1650.37818575086	28793
5	400	1669.820674438502	28782
5	402	1701.987437282435	28785
5	409	1724.814802064575	28787
5	415	1741.410419579259	28801
5	450	1850.084845618149	28792
5	456	1862.26792153237	28799
5	457	1868.481401572461	28804
5	470	1930.803915090091	28808
5	475	1947.666772838071	28810
5	478	1950.777623089963	28802
5	492	1989.933571839371	28820
5	499	2026.579221576297	28806
5	508	2063.582054240215	28811
5	520	2114.768934951809	28805
5	533	2174.28894321538	28827
5	540	2209.143141003462	28824
5	542	2218.347343033321	28825
5	552	2275.471367559022	28830
5	561	2324.611697404835	28826
5	562	2325.859159591152	28833
5	564	2374.843001672208	28835
5	569	2396.430702075691	28828
5	570	2416.995074324912	28836
5	585	2487.68900229982	28837
5	586	2491.063392051402	28831
5	591	2528.265143787575	28832
5	592	2529.401775344633	28829
5	623	2644.340656458387	28839
5	627	2665.690756023257	28848
5	629	2669.838706063309	28834
5	632	2675.254509999308	28849
5	633	2679.040229637968	28850
5	637	2707.176406497997	28851
5	649	2739.609806479209	28844
5	657	2773.614165919777	28842
5	671	2813.730344006619	28859
5	676	2834.683145546082	28862
5	680	2848.610383338188	28845
5	681	2854.441110804091	28846
5	683	2870.539099054884	28847
5	685	2874.460325499724	28863
5	687	2875.261827262518	28864
5	699	2900.755993013581	28867
5	704	2922.402571623998	28860
5	705	2926.347200259128	28861
5	715	2958.130727123677	28869
5	720	2981.821530160028	28871
5	723	2987.929723456251	28865
5	732	3017.761932672563	28874
5	743	3048.181472874862	28875
5	754	3087.279193654423	28876
5	758	3100.271343179914	28857
5	766	3135.347913715823	28868
5	781	3195.628831731061	28872
5	783	3207.684588175003	28866
5	812	3327.441432595605	28878
5	813	3330.755838723727	28885
5	821	3357.556999362561	28881
5	822	3360.710390155192	28882
5	824	3364.755385409228	28883
5	826	3371.484976643768	28880
5	844	3458.032635216553	28889
5	853	3482.209872894716	28898
5	857	3504.418353253799	28891
5	863	3527.394063433439	28900
5	868	3545.074519244784	28901
5	871	3554.327372845034	28896
5	876	3568.558893303063	28890
5	879	3575.475195675257	28884
5	885	3588.112076534427	28903
5	888	3602.660797257635	28904
5	893	3619.172624664354	28892
5	895	3634.402852995795	28907
5	900	3660.619544118011	28888
5	906	3677.614974141224	28909
5	908	3681.203487573762	28902
5	910	3687.916830270535	28897
5	917	3715.598657200927	28912
5	918	3715.968114226091	28906
5	930	3773.967733666002	28908
5	948	3829.655681511146	28916
5	951	3860.500727971092	28913
5	954	3865.244206779989	28918
5	969	3920.517745462492	28905
5	981	3974.273321660598	28914
5	993	4003.290980045988	28911
5	1008	4055.549853039652	28926
5	1012	4065.833844893531	28922
5	1014	4067.007821425168	28929
5	1021	4082.869861954003	28931
5	1025	4099.055972515593	28924
5	1027	4101.344382669427	28934
5	1036	4125.139848116423	28915
5	1038	4133.386319462792	28940
5	1040	4145.80441830463	28941
5	1041	4147.502361728511	28917
5	1051	4170.41097120456	28930
5	1055	4181.169707170073	28945
5	1063	4209.986823044308	28946
5	1065	4211.267456859131	28935
5	1072	4230.982386802993	28939
5	1079	4260.826204008339	28949
5	1082	4269.219610055414	28950
5	1092	4307.333092494316	28933
5	1097	4314.190160075203	28925
5	1106	4345.310238901464	28948
5	1115	4381.88347462252	28955
5	1128	4422.118925045213	28947
5	1165	4599.02557146745	28960
5	1169	4619.105790844709	28956
5	1172	4631.018653214597	28953
5	1179	4667.971471361549	28957
5	1181	4674.157948429302	28958
5	1186	4701.123517031245	28968
5	1189	4707.395423604462	28969
5	1190	4709.292920036249	28961
5	1197	4752.488352146637	28962
5	1199	4761.507123932437	28963
5	1203	4770.778870700478	28965
5	1208	4783.347111926822	28966
5	1235	4878.319317162755	28972
5	1245	4908.757774870191	28973
5	1252	4941.494392458124	28974
5	1253	4944.35716282033	28975
5	1255	4949.370950031703	28970
5	1263	4971.615437068995	28977
5	1269	4984.069197285629	28978
5	1274	5006.386477854642	28981
5	1277	5011.487326301134	28988
5	1280	5025.464096955248	28983
5	1285	5045.69180058794	28990
5	1289	5057.997584937758	28991
5	1291	5062.196854484045	28992
5	1299	5077.006860433387	28986
5	1328	5170.788808084218	28993
5	1329	5171.593426663277	28985
5	1330	5171.688681818888	28999
5	1331	5174.044973518127	29000
5	1335	5186.848111123302	28994
5	1340	5205.349645858899	29002
5	1349	5243.493707118063	29004
5	1351	5244.392940623813	29005
5	1370	5291.973883216041	29001
5	1379	5343.529406719917	29012
5	1380	5344.645011969745	28996
5	1386	5362.498174049297	29006
5	1394	5385.85813464856	29008
5	1400	5407.477277539565	29009
5	1404	5435.270676840879	29011
5	1415	5476.076476039416	29007
5	1416	5476.682343049554	29014
5	1421	5498.273086568948	29015
5	1422	5499.821329618105	29016
5	1425	5515.266688926279	29010
5	1433	5559.85391804051	29017
5	1435	5565.791616051621	29019
5	1447	5625.272937878099	29018
5	1448	5632.195447185418	29020
5	1450	5636.411757363012	29021
5	1477	5804.452365671622	29022
5	1480	5815.717857805846	29024
5	1514	5946.412803514928	29035
5	1520	5965.077643019185	29031
5	1521	5968.989964707961	29036
5	1534	6023.179046962611	29034
5	1566	6143.787278843069	29042
5	1568	6149.560821389725	29028
5	1571	6155.808553178438	29043
5	1583	6188.952433863265	29037
5	1584	6199.127206472302	29039
5	1587	6225.925576254791	29053
5	1603	6282.398032693074	29050
5	1610	6309.277421329982	29051
5	1621	6349.663957019363	29055
5	1630	6373.955384009747	29058
5	1635	6388.335754775354	29061
5	1643	6416.624642439124	29052
5	1659	6474.405451737474	29060
5	1665	6497.998262604186	29075
5	1666	6500.553641758013	29062
5	1668	6502.659375062601	29064
5	1674	6531.160872017285	29067
5	1677	6537.986459183969	29069
5	1680	6551.734893598573	29054
5	1698	6605.343429052077	29079
5	1706	6640.747091741946	29068
5	1710	6652.839153559876	29077
5	1714	6661.161382243971	29078
5	1715	6662.847871977435	29070
5	1722	6687.133905570068	29074
5	1736	6725.335206225847	29066
5	1742	6744.156248658407	29076
5	1744	6757.178591408996	29080
5	1753	6782.195287519951	29089
5	1758	6790.617429286003	29082
5	1764	6806.358606852416	29091
5	1770	6817.671367351568	29093
5	1773	6825.961643075777	29085
5	1779	6846.766713096629	29086
5	1784	6860.907539963187	29087
5	1794	6891.187887789508	29100
5	1798	6899.72669082582	29090
5	1811	6938.647953499404	29094
5	1823	6978.531053033686	29108
5	1824	6984.48469824677	29098
5	1834	7010.179497290799	29101
5	1837	7013.057639448018	29102
5	1841	7025.651754714554	29104
5	1848	7044.61448780082	29095
5	1853	7077.716472127257	29096
5	1855	7079.035647079312	29097
5	1869	7108.72675465813	29112
5	1895	7187.187155785929	29119
5	1898	7194.11964720801	29120
5	1900	7197.700993142768	29099
5	1901	7198.275921565856	29109
5	1911	7216.546425656602	29123
5	1917	7235.572386777662	29114
5	1919	7239.124042092262	29125
5	1923	7262.134564899729	29126
5	1927	7274.78889689958	29116
5	1932	7292.90456402351	29110
5	1940	7304.468474734977	29129
5	1948	7333.456705967457	29124
5	1949	7335.546616334683	29113
5	1950	7337.339824212784	29133
5	1964	7395.414213697219	29136
5	1985	7446.214154970478	29137
5	1991	7479.563770714665	29127
5	1995	7490.650212187032	29139
5	2004	7517.631013045615	29130
5	2006	7520.105590471051	29122
5	2007	7520.450364014375	29131
5	2008	7523.366930142944	29141
5	2016	7542.453546660185	29143
5	2022	7561.509625705826	29134
5	2023	7564.210272298992	29145
5	2024	7567.139944578063	29146
5	2034	7597.540732745345	29148
5	2046	7626.609654832085	29151
5	2062	7680.444241071119	29135
5	2063	7690.354080773094	29138
5	2094	7790.859671333018	29160
5	2103	7809.072461439264	29140
5	2106	7824.978937089438	29150
5	2109	7838.251613485763	29152
5	2111	7845.1799508247	29162
5	2112	7847.320434384971	29159
5	2120	7897.210161287652	29156
5	2133	7937.12592367014	29165
5	2138	7964.251584234757	29163
5	2151	8011.107106902567	29164
5	2167	8080.001622757484	29171
5	2171	8089.252401051992	29174
5	2178	8114.141313282342	29169
5	2181	8133.083971935507	29175
5	2187	8149.168176200313	29177
5	2191	8156.198456193732	29179
5	2194	8164.052899835816	29180
5	2200	8186.657473321551	29167
5	2202	8189.278306270221	29181
5	2220	8253.090742683927	29166
5	2223	8257.377803968395	29178
5	2224	8258.769703549569	29188
5	2247	8305.62910438208	29183
5	2261	8353.553228892307	29195
5	2270	8374.195164929083	29189
5	2273	8387.004011170017	29200
5	2275	8389.124508030918	29190
5	2282	8403.208176285198	29192
5	2287	8410.870275134854	29193
5	2289	8415.45352540491	29206
5	2293	8439.220381198887	29207
5	2296	8449.428851355278	29208
5	2298	8451.999704172238	29187
5	2313	8488.098486922397	29199
5	2316	8493.553269356791	29201
5	2317	8497.241293113057	29209
5	2320	8500.924292945983	29202
5	2331	8525.926321367994	29184
5	2332	8526.435584103994	29211
5	2337	8545.810726791612	29185
5	2348	8579.95195727071	29213
5	2353	8583.178394661797	29217
5	2362	8606.468746694595	29210
5	2366	8613.924405189193	29219
5	2367	8614.752865751492	29204
5	2381	8660.523460014474	29212
5	2389	8685.39738601979	29216
5	2405	8732.044708440493	29226
5	2407	8735.729024858066	29221
5	2411	8750.170958547793	29227
5	2431	8820.72916905056	29231
5	2444	8859.186560806477	29222
5	2445	8864.937701599829	29228
5	2450	8875.555568582247	29236
5	2460	8904.233693496885	29238
5	2467	8927.085827659696	29240
5	2469	8929.562554328417	29233
5	2471	8934.824228937762	29225
5	2474	8948.407847262424	29235
5	2479	8970.456903201699	29243
5	2480	8971.987066401977	29229
5	2483	8979.334764002737	29237
5	2485	8992.737515836929	29245
5	2490	9015.667489947008	29247
5	2494	9027.542808975167	29232
5	2496	9032.326111100547	29241
5	2498	9033.027826360084	29242
5	2516	9094.074283046828	29244
5	2538	9158.584867392606	29254
5	2548	9202.107554190248	29257
5	2550	9208.732077625059	29246
5	2561	9238.808451054475	29251
5	2564	9254.161478022795	29253
5	2569	9272.420462722031	29261
5	2583	9333.336320748578	29263
5	2584	9334.089054184624	29264
5	2596	9381.359747946222	29256
5	2602	9407.946252363591	29268
5	2611	9453.312503785395	29252
5	2614	9470.416717305626	29266
5	2618	9488.866821776358	29271
5	2625	9515.227014318419	29269
5	2633	9562.043079157916	29265
5	2640	9603.91433001984	29272
5	2655	9685.811061696678	29274
5	2656	9686.836213295818	29270
5	2665	9722.977373869375	29275
5	2667	9727.259166618313	29282
5	2675	9764.599992687289	29278
5	2699	9858.324904584272	29290
5	2705	9886.495111329847	29284
5	2712	9927.624669817204	29279
5	2713	9928.103851629708	29280
5	2714	9931.747133806251	29281
5	2719	9943.957478926805	29294
5	2720	9946.670485508944	29288
5	2727	9974.697262401264	29292
5	2733	10012.609932007212	29285
5	2748	10052.462496884367	29295
5	2751	10067.023064402194	29301
5	2757	10091.996127927472	29302
5	2770	10144.253428372459	29300
5	2783	10174.080229755019	29306
5	2793	10206.229230004477	29298
5	2796	10230.849331778495	29303
5	2799	10243.673556623879	29293
5	2801	10247.948177250908	29311
5	2802	10249.566631181263	29312
5	2814	10291.959596695952	29316
5	2816	10294.508907300747	29308
5	2820	10306.028249690147	29309
5	2823	10321.79835124182	29310
5	2826	10336.718791342876	29304
5	2832	10354.970204547682	29305
5	2847	10407.375263875546	29321
5	2862	10481.098472514725	29319
5	2866	10496.661670417061	29320
5	2879	10566.276013264621	29314
5	2881	10572.291788261064	29324
5	2883	10578.370284424058	29328
5	2884	10582.351344690412	29315
5	2899	10638.744994082327	29333
5	2908	10692.615042821411	29325
5	2914	10715.710954171546	29330
5	2932	10793.437317880277	29340
5	2963	10898.943485814933	29341
5	2964	10901.45084971007	29342
5	2968	10920.653474675921	29337
5	2973	10934.559391540987	29344
5	2983	10973.665335712481	29354
5	2984	10979.564587018645	29335
5	2985	10985.230080798818	29355
5	2986	10989.637835910535	29346
5	2997	11011.108974608862	29358
5	3009	11067.753817536746	29339
5	3011	11071.438197208923	29353
5	3012	11072.072110936327	29345
5	3019	11094.90979246668	29348
5	3026	11121.860879375358	29363
5	3046	11194.769895328635	29361
5	3061	11244.676827509014	29350
5	3062	11245.965792280346	29360
5	3068	11263.253414077525	29367
5	3071	11270.200433987768	29369
5	3086	11315.639563071068	29362
5	3094	11332.384252212568	29364
5	3100	11361.587038961624	29378
5	3101	11364.854682241993	29365
5	3104	11372.019270248622	29379
5	3107	11375.470104922547	29370
5	3123	11455.322064585043	29375
5	3124	11455.705350443299	29376
5	3140	11505.18159253474	29381
5	3144	11520.230690174487	29384
5	3146	11523.391418674301	29385
5	3148	11535.030094664841	29386
5	3160	11571.589377345044	29389
5	3173	11614.916715315589	29383
5	3182	11652.039091316979	29394
5	3191	11674.5174271428	29388
5	3196	11683.140110907432	29380
5	3205	11714.584007264749	29382
5	3213	11751.959293382748	29399
5	3229	11792.226120478346	29390
5	3230	11793.496555224039	29391
5	3231	11796.170323675722	29403
5	3233	11803.616437467088	29392
5	3235	11809.87606185733	29397
5	3242	11837.338382460277	29398
5	3254	11866.607106726404	29401
5	3255	11875.377343322822	29396
5	3260	11890.468124155215	29402
5	3270	11916.796571179067	29411
5	3306	12036.089552906854	29422
5	3311	12056.369788937794	29414
5	3316	12072.051176342277	29407
5	3327	12119.055220887059	29418
5	3328	12120.743270923957	29423
5	3343	12165.207611260569	29426
5	3345	12174.176778455959	29406
5	3352	12211.336831750122	29409
5	3361	12228.16279322786	29430
5	3362	12235.469079643144	29424
5	3364	12239.716441425379	29421
5	3367	12257.604206654301	29412
5	3368	12259.903387801454	29413
5	3375	12274.010021112887	29427
5	3378	12285.275587126821	29428
5	3382	12307.712209886204	29429
5	3387	12317.726510432415	29436
5	3397	12349.293120432878	29425
5	3404	12370.75042516642	29440
5	3411	12406.980387775005	29433
5	3414	12416.590109944153	29443
5	3417	12420.801497496084	29437
5	3429	12467.061521169049	29431
5	3435	12492.719397617591	29442
5	3448	12547.105140751811	29450
5	3453	12571.111623807381	29451
5	3454	12573.072291264857	29432
5	3455	12575.042837820878	29452
5	3468	12622.9204953838	29435
5	3478	12670.523985664029	29439
5	3487	12702.024409138045	29455
5	3488	12702.061196146204	29456
5	3491	12709.248370542245	29457
5	3498	12741.646722042927	29444
5	3516	12808.28007049525	29448
5	3535	12902.822890295318	29454
5	3545	12926.821392344345	29470
5	3573	13029.103242210061	29475
5	3575	13030.113548651916	29471
5	3581	13069.784149204959	29461
5	3588	13097.06072875544	29473
5	3590	13106.155316004148	29474
5	3596	13131.92540247566	29469
5	3602	13151.480496723271	29481
5	3603	13151.868931833514	29482
5	3606	13170.529073285031	29483
5	3611	13195.026830068484	29467
5	3614	13202.808554389834	29479
5	3638	13304.49619483419	29490
5	3662	13399.203528894312	29477
5	3676	13446.7650201924	29495
5	3677	13450.753150222517	29487
5	3680	13458.374989399196	29496
5	3684	13469.228771883212	29499
5	3688	13494.230173162783	29500
5	3689	13494.49892373073	29501
5	3698	13513.230912591293	29493
5	3716	13574.892972434356	29507
5	3732	13637.041042904708	29506
5	3736	13650.463876805799	29513
5	3738	13661.729239633734	29491
5	3757	13716.359700342573	29505
5	3764	13746.196387454016	29511
5	3765	13747.447035932051	29512
5	3766	13750.166690384558	29517
5	3775	13782.357761314339	29508
5	3779	13797.827064628415	29520
5	3786	13817.751518433764	29516
5	3791	13834.508745735891	29509
5	3793	13840.627592815478	29510
5	3804	13880.862469329616	29518
5	3810	13901.999275383084	29526
5	3813	13909.093000642596	29527
5	3819	13930.3028923264	29523
5	3844	14019.136928804715	29528
5	3857	14064.83637631417	29531
5	3862	14077.48681090076	29525
5	3865	14105.133984514263	29533
5	3880	14151.72060928328	29530
5	3899	14240.974724570744	29545
5	3903	14248.856328240496	29535
5	3914	14310.393522518848	29543
5	3915	14318.986879465234	29544
5	3930	14390.27542157706	29552
5	3932	14399.56384345388	29537
5	3934	14402.892616983513	29549
5	3943	14444.129759234675	29554
5	3950	14501.050195021181	29548
5	3951	14501.983031994833	29557
5	3961	14532.496337877156	29553
5	3981	14614.010571250666	29560
5	3988	14652.337783621717	29551
5	3997	14685.972391393907	29569
5	4015	14743.293328196165	29561
5	4022	14777.297125413887	29566
5	4023	14782.855179509144	29567
5	4025	14786.23159653294	29568
5	4032	14811.930018257298	29578
5	4035	14821.176175189852	29563
5	4056	14912.962984529399	29576
5	4057	14913.325291537621	29577
5	4063	14930.652830088112	29585
5	4073	14977.420560914475	29581
5	4076	14989.706147377536	29574
5	4082	15005.767210790915	29575
5	4084	15010.634515162472	29582
5	4098	15044.764979450751	29589
5	4102	15053.004164249427	29587
5	4106	15077.028574347943	29573
5	4114	15093.028842049911	29588
5	4119	15110.221468832408	29593
5	4120	15111.051439419905	29594
5	4127	15123.508823321862	29583
5	4143	15180.264656923577	29590
5	4151	15204.261932683819	29607
5	4160	15237.14412364437	29596
5	4172	15282.000858314025	29604
5	4175	15291.580010327268	29605
5	4178	15303.420299521837	29592
5	4192	15344.28053353245	29598
5	4196	15356.509570134895	29600
5	4216	15446.241567140394	29597
5	4221	15462.235316334336	29601
5	4229	15519.304855744429	29610
5	4230	15522.355236456488	29611
5	4233	15539.713360319876	29617
5	4234	15543.64017446589	29612
5	4237	15557.680464378217	29614
5	4247	15612.908479784075	29616
5	4248	15617.514916506305	29613
5	4259	15670.560034593545	29620
5	4262	15692.851000491159	29615
5	4283	15781.072337857678	29621
5	4285	15786.928337786515	29628
5	4293	15808.19908121336	29623
5	4298	15830.971279210898	29618
5	4300	15836.079819367933	29632
5	4301	15844.893539317264	29633
5	4310	15886.234397420357	29634
5	4313	15894.763423828234	29636
5	4314	15894.923683927804	29637
5	4315	15896.910970091006	29629
5	4318	15904.91819517348	29622
5	4321	15923.140721003106	29631
5	4323	15930.422643372259	29625
5	4332	15964.727701526302	29626
5	4340	16005.56579060876	29630
5	4349	16038.774148528943	29639
5	4355	16063.229165277238	29641
5	4371	16135.364820203327	29643
5	4377	16150.514137798579	29647
5	4383	16181.564510034534	29649
5	4385	16197.872731507811	29650
5	4387	16200.185258903607	29635
5	4397	16233.504109059119	29653
5	4401	16246.010927225362	29644
5	4415	16316.683744026885	29645
5	4427	16350.605891456888	29646
5	4446	16421.988989260088	29662
5	4462	16459.267951619387	29667
5	4465	16462.618713246764	29648
5	4468	16475.571502694233	29654
5	4478	16524.522261511226	29673
5	4480	16526.273413181788	29652
5	4494	16560.279306889057	29666
5	4516	16636.321718446711	29663
5	4517	16638.259011982191	29674
5	4521	16657.961935022773	29682
5	4533	16702.656886312271	29679
5	4535	16707.77260153252	29680
5	4536	16709.291290263234	29660
5	4537	16722.218649265435	29661
5	4546	16749.790821107483	29675
5	4548	16755.45779379239	29664
5	4549	16757.202366550049	29686
5	4556	16782.398811112378	29670
5	4559	16785.941130013831	29688
5	4572	16852.784674517511	29691
5	4578	16868.479685858331	29677
5	4582	16885.79425550021	29692
5	4584	16894.336737884358	29678
5	4602	17004.824419051515	29685
5	4607	17050.214439518947	29690
5	4629	17187.378974443408	29696
5	4630	17188.274610013201	29693
5	4639	17226.214885612944	29702
5	4640	17227.466503431642	29703
5	4667	17367.783281040715	29711
5	4674	17413.183475898031	29707
5	4675	17414.568677778484	29708
5	4686	17465.6743477708	29705
5	4687	17467.366492437975	29715
5	4693	17511.305312026652	29706
5	4699	17530.15706705103	29709
5	4721	17598.704238745193	29717
5	4727	17620.300172405016	29722
5	4729	17622.789135298853	29723
5	4730	17624.328027604607	29712
5	4739	17644.321664417304	29710
5	4744	17667.762280887882	29729
5	4752	17689.879644484857	29716
5	4767	17732.179815425367	29735
5	4768	17742.665578164905	29724
5	4775	17757.691164493175	29719
5	4790	17803.980609710677	29721
5	4797	17818.738595104604	29741
5	4811	17875.575929189257	29737
5	4816	17896.858222536297	29739
5	4821	17911.690312652478	29746
5	4828	17921.928424518847	29734
5	4836	17950.148095557881	29725
5	4840	17970.760916545666	29742
5	4845	17978.809358516589	29730
5	4860	18018.317816088221	29749
5	4861	18019.25086306495	29750
5	4865	18037.288156281497	29751
5	4871	18052.247586180326	29736
5	4882	18097.004390546135	29738
5	4888	18106.292238542908	29740
5	4900	18133.441131518455	29762
5	4903	18151.711710503605	29752
5	4907	18154.906242112567	29754
5	4922	18200.613120679985	29759
5	4927	18208.031057839947	29765
5	4933	18222.737614975603	29747
5	4936	18225.162659379683	29767
5	4943	18254.159441365296	29770
5	4948	18267.478425346486	29755
5	4951	18272.948945589967	29773
5	4961	18301.292463852443	29763
5	4963	18307.022071216333	29764
5	4965	18310.86315144819	29777
5	4971	18325.90958373225	29761
5	4983	18359.713597584349	29771
5	4991	18377.971220698617	29774
5	4993	18384.727306486226	29757
5	4994	18387.135259572886	29775
5	5006	18414.98815213851	29783
5	5014	18454.396131121732	29786
5	5017	18460.081300110447	29769
5	5031	18499.216781161016	29780
5	5033	18502.67089356012	29782
5	5035	18510.317207216958	29789
5	5048	18552.048764240711	29792
5	5055	18569.206590317657	29793
5	5057	18581.234138565461	29779
5	5059	18583.813618218531	29788
5	5076	18638.54812349063	29791
5	5078	18648.635841091887	29797
5	5083	18661.123337081152	29778
5	5094	18691.255108474294	29799
5	5108	18750.481506656499	29805
5	5138	18857.548221941838	29809
5	5139	18858.850601899211	29810
5	5142	18866.631887457096	29806
5	5156	18909.377874754365	29800
5	5157	18909.454945130081	29801
5	5160	18947.583722726765	29804
5	5163	18956.952867917858	29815
5	5170	18978.44250216098	29812
5	5175	18989.484440983112	29818
5	5179	18998.325519247823	29820
5	5202	19098.394406057782	29813
5	5244	19286.871701717967	29824
5	5246	19289.139041796266	29817
5	5250	19304.372267069937	29825
5	5257	19333.207035219105	29829
5	5277	19421.210252141798	29838
5	5279	19423.895073295237	29839
5	5282	19435.920342378504	29841
5	5289	19454.360997975421	29830
5	5300	19509.046671072826	29828
5	5302	19510.728555930378	29833
5	5325	19585.224894958922	29844
5	5326	19589.272631139063	29837
5	5327	19593.476348837649	29845
5	5334	19627.389027063724	29834
5	5338	19635.069823229352	29840
5	5340	19639.976096964753	29854
5	5341	19640.58945953982	29855
5	5360	19707.419248360942	29859
5	5361	19714.218564199282	29846
5	5367	19736.864760586193	29853
5	5373	19750.135735937727	29849
5	5384	19788.393749093095	29843
5	5393	19819.928424685807	29863
5	5396	19834.912689577282	29860
5	5412	19870.075232297624	29858
5	5414	19875.13235422741	29868
5	5426	19899.644333275031	29872
5	5454	19983.153233759795	29869
5	5455	19984.770918891777	29870
5	5456	19985.226201203048	29871
6	246	1029.401207534697	0
6	251	1038.505089896179	0
6	254	1047.573305478056	0
6	262	1089.837313707503	0
6	268	1117.863616838383	0
6	271	1135.069088632922	0
6	277	1144.252325145894	0
6	279	1159.871149124353	0
6	284	1184.528193056967	0
6	296	1238.1367992331	0
6	298	1241.975386298756	0
6	307	1278.590468423605	0
6	310	1292.057832895876	0
6	312	1294.036660178435	0
6	314	1304.823354868837	0
6	329	1360.820674438502	0
6	331	1376.088084470806	0
6	336	1392.987437282435	0
6	340	1414.049929027876	0
6	341	1415.814802064575	0
6	349	1446.51195247923	0
6	363	1519.737597192287	0
6	368	1541.084845618149	0
6	369	1543.461191205719	0
6	371	1548.073341134387	0
6	375	1557.532668035839	0
6	380	1609.218995403138	0
6	395	1652.061657441765	0
6	401	1674.055304604047	0
6	412	1736.262916406929	0
6	416	1742.570584278622	0
6	421	1753.37818575086	0
6	423	1757.038351044023	0
6	435	1805.768934951809	0
6	440	1822.20534139288	0
6	443	1837.072221728653	0
6	445	1844.410419579259	0
6	463	1891.656999735664	0
6	480	1955.150536170691	0
6	488	1971.481401572461	0
6	501	2040.053173966088	0
6	506	2053.777623089963	0
6	510	2066.671398643515	0
6	517	2092.933571839371	0
6	531	2166.582054240215	0
6	543	2220.401775344633	0
6	558	2321.347343033321	0
6	563	2360.838706063309	0
6	566	2378.471367559022	0
6	576	2428.859159591152	0
6	583	2477.843001672208	0
6	587	2499.430702075691	0
6	589	2521.84833040964	0
6	600	2565.625722299339	0
6	604	2570.941378776528	0
6	608	2590.68900229982	0
6	638	2708.735155910044	0
6	639	2710.438105207117	0
6	643	2727.134951472041	0
6	645	2732.4437013021	0
6	654	2768.690756023257	0
6	661	2778.254509999308	0
6	662	2782.040229637968	0
6	664	2791.271343179914	0
6	679	2842.609806479209	0
6	698	2898.684588175003	0
6	702	2916.730344006619	0
6	708	2937.683145546082	0
6	713	2951.610383338188	0
6	714	2957.441110804091	0
6	717	2977.460325499724	0
6	718	2977.632132972793	0
6	719	2978.261827262518	0
6	729	3003.755993013581	0
6	737	3029.347200259128	0
6	747	3061.130727123677	0
6	752	3084.821530160028	0
6	755	3090.929723456251	0
6	762	3120.761932672563	0
6	768	3147.132568494375	0
6	769	3151.181472874862	0
6	779	3190.279193654423	0
6	789	3238.347913715823	0
6	801	3266.475195675257	0
6	805	3298.628831731061	0
6	815	3339.429342378515	0
6	819	3351.619544118011	0
6	833	3416.352250828516	0
6	836	3430.441432595605	0
6	837	3433.755838723727	0
6	845	3460.556999362561	0
6	846	3463.710390155192	0
6	848	3467.755385409228	0
6	855	3497.515994718394	0
6	873	3561.032635216553	0
6	884	3585.209872894716	0
6	890	3611.517745462492	0
6	894	3630.394063433439	0
6	898	3657.327372845034	0
6	905	3671.558893303063	0
6	909	3683.814448992582	0
6	912	3691.112076534427	0
6	913	3694.290980045988	0
6	915	3705.660797257635	0
6	933	3780.614974141224	0
6	935	3784.203487573762	0
6	944	3816.139848116423	0
6	946	3818.598657200927	0
6	950	3838.502361728511	0
6	957	3876.967733666002	0
6	958	3879.500113726106	0
6	959	3880.858908017957	0
6	971	3932.655681511146	0
6	977	3963.500727971092	0
6	980	3968.244206779989	0
6	982	3974.499962203473	0
6	994	4005.190160075203	0
6	1010	4058.773938198374	0
6	1018	4077.273321660598	0
6	1024	4096.66142063692	0
6	1031	4108.733759586346	0
6	1033	4113.838449903372	0
6	1043	4158.549853039652	0
6	1047	4162.177630260184	0
6	1048	4168.833844893531	0
6	1050	4170.007821425168	0
6	1056	4185.869861954003	0
6	1061	4204.344382669427	0
6	1073	4236.386319462792	0
6	1075	4248.80441830463	0
6	1088	4284.169707170073	0
6	1090	4290.013948326077	0
6	1094	4309.489479964422	0
6	1095	4312.986823044308	0
6	1098	4314.267456859131	0
6	1102	4322.018653214597	0
6	1104	4333.982386802993	0
6	1110	4363.826204008339	0
6	1113	4372.219610055414	0
6	1134	4448.310238901464	0
6	1142	4484.88347462252	0
6	1150	4525.118925045213	0
6	1177	4667.571276560396	0
6	1184	4685.107536365583	0
6	1187	4702.02557146745	0
6	1191	4722.105790844709	0
6	1204	4770.971471361549	0
6	1206	4777.157948429302	0
6	1213	4804.123517031245	0
6	1217	4812.292920036249	0
6	1225	4855.488352146637	0
6	1228	4864.507123932437	0
6	1232	4873.778870700478	0
6	1238	4886.347111926822	0
6	1241	4901.014182233036	0
6	1248	4920.035062180578	0
6	1251	4935.527474727343	0
6	1267	4981.319317162755	0
6	1284	5044.494392458124	0
6	1286	5047.35716282033	0
6	1298	5074.615437068995	0
6	1303	5087.069197285629	0
6	1310	5114.487326301134	0
6	1312	5128.464096955248	0
6	1322	5150.548764834343	0
6	1324	5160.997584937758	0
6	1325	5165.196854484045	0
6	1333	5180.006860433387	0
6	1361	5273.788808084218	0
6	1363	5274.688681818888	0
6	1368	5289.848111123302	0
6	1374	5308.349645858899	0
6	1381	5346.493707118063	0
6	1382	5347.392940623813	0
6	1383	5355.205008937413	0
6	1397	5394.973883216041	0
6	1405	5446.529406719917	0
6	1412	5465.498174049297	0
6	1423	5510.477277539565	0
6	1438	5579.682343049554	0
6	1440	5601.273086568948	0
6	1442	5602.821329618105	0
6	1446	5618.266688926279	0
6	1453	5662.85391804051	0
6	1454	5668.791616051621	0
6	1460	5712.276699987401	0
6	1465	5728.272937878099	0
6	1466	5733.268659394071	0
6	1467	5735.195447185418	0
6	1468	5739.411757363012	0
6	1476	5788.448731386077	0
6	1486	5840.560821389725	0
6	1488	5845.610709568095	0
6	1490	5848.333337299558	0
6	1501	5907.452365671622	0
6	1504	5918.717857805846	0
6	1526	5987.246733245274	0
6	1529	6002.578637341539	0
6	1540	6049.412803514928	0
6	1544	6059.632289697535	0
6	1545	6063.662455223865	0
6	1547	6068.077643019185	0
6	1548	6071.989964707961	0
6	1549	6074.681570211088	0
6	1550	6075.304223265227	0
6	1590	6242.734893598573	0
6	1592	6246.787278843069	0
6	1596	6259.789594729086	0
6	1616	6328.925576254791	0
6	1634	6385.398032693074	0
6	1638	6399.119592502364	0
6	1640	6412.277421329982	0
6	1642	6416.335206225847	0
6	1652	6452.663957019363	0
6	1655	6457.20010748225	0
6	1661	6476.955384009747	0
6	1664	6491.335754775354	0
6	1673	6519.624642439124	0
6	1687	6577.405451737474	0
6	1695	6600.998262604186	0
6	1697	6603.553641758013	0
6	1699	6605.659375062601	0
6	1704	6634.160872017285	0
6	1721	6683.60388812452	0
6	1727	6702.183364223097	0
6	1731	6708.343429052077	0
6	1743	6755.839153559876	0
6	1757	6790.133905570068	0
6	1780	6847.156248658407	0
6	1783	6860.178591408996	0
6	1791	6885.195287519951	0
6	1792	6888.700993142768	0
6	1797	6893.617429286003	0
6	1802	6909.358606852416	0
6	1806	6920.671367351568	0
6	1809	6928.961643075777	0
6	1810	6929.367450191258	0
6	1815	6955.296968168152	0
6	1818	6963.907539963187	0
6	1830	6994.187887789508	0
6	1832	7002.72669082582	0
6	1856	7081.531053033686	0
6	1860	7087.48469824677	0
6	1871	7113.179497290799	0
6	1884	7147.61448780082	0
6	1891	7180.716472127257	0
6	1892	7182.002027955853	0
6	1906	7211.105590471051	0
6	1908	7211.72675465813	0
6	1931	7290.187155785929	0
6	1934	7297.11964720801	0
6	1938	7301.275921565856	0
6	1947	7321.711912964767	0
6	1951	7338.572386777662	0
6	1952	7342.124042092262	0
6	1955	7365.134564899729	0
6	1956	7371.444241071119	0
6	1958	7377.78889689958	0
6	1970	7407.468474734977	0
6	1978	7436.456705967457	0
6	1979	7438.546616334683	0
6	1980	7440.339824212784	0
6	1998	7498.414213697219	0
6	1999	7500.072461439264	0
6	2020	7549.214154970478	0
6	2030	7588.000972780499	0
6	2032	7593.650212187032	0
6	2038	7610.966339155079	0
6	2044	7623.450364014375	0
6	2045	7626.366930142944	0
6	2049	7633.555311375534	0
6	2051	7645.453546660185	0
6	2056	7658.314426110914	0
6	2057	7664.509625705826	0
6	2058	7667.210272298992	0
6	2059	7670.139944578063	0
6	2061	7676.792110801371	0
6	2067	7695.395637624243	0
6	2070	7700.540732745345	0
6	2079	7729.609654832085	0
6	2134	7941.251613485763	0
6	2135	7944.090742683927	0
6	2136	7948.1799508247	0
6	2137	7950.320434384971	0
6	2147	7991.170488579363	0
6	2148	8000.210161287652	0
6	2153	8022.297959314284	0
6	2156	8040.12592367014	0
6	2166	8067.251584234757	0
6	2168	8080.742706036588	0
6	2177	8114.107106902567	0
6	2197	8183.001622757484	0
6	2203	8192.252401051992	0
6	2205	8198.027567428858	0
6	2209	8216.926321367994	0
6	2214	8236.083971935507	0
6	2215	8236.810726791612	0
6	2216	8243.841975050907	0
6	2219	8252.168176200313	0
6	2225	8259.198456193732	0
6	2227	8267.052899835816	0
6	2240	8292.278306270221	0
6	2241	8292.600815547953	0
6	2253	8320.820068012212	0
6	2264	8360.377803968395	0
6	2265	8361.769703549569	0
6	2267	8366.009701054589	0
6	2271	8382.149952275294	0
6	2281	8400.742348983018	0
6	2288	8412.509917652139	0
6	2299	8456.553228892307	0
6	2306	8477.195164929083	0
6	2314	8490.004011170017	0
6	2315	8492.124508030918	0
6	2323	8506.208176285198	0
6	2336	8542.220381198887	0
6	2338	8552.428851355278	0
6	2349	8580.035550583897	0
6	2351	8580.722205783949	0
6	2359	8600.241293113057	0
6	2361	8603.924292945983	0
6	2365	8609.436976362419	0
6	2372	8629.435584103994	0
6	2384	8665.659313426186	0
6	2386	8682.95195727071	0
6	2390	8686.178394661797	0
6	2395	8709.468746694595	0
6	2398	8716.924405189193	0
6	2415	8763.523460014474	0
6	2422	8788.39738601979	0
6	2424	8794.16201521836	0
6	2438	8835.044708440493	0
6	2441	8842.862600493578	0
6	2443	8853.170958547793	0
6	2461	8914.417363871098	0
6	2482	8978.555568582247	0
6	2489	9007.233693496885	0
6	2495	9030.085827659696	0
6	2497	9032.562554328417	0
6	2506	9051.407847262424	0
6	2511	9073.456903201699	0
6	2515	9082.334764002737	0
6	2517	9095.737515836929	0
6	2522	9118.667489947008	0
6	2525	9130.542808975167	0
6	2528	9135.326111100547	0
6	2530	9135.669499056782	0
6	2532	9136.027826360084	0
6	2534	9144.312503785395	0
6	2546	9197.074283046828	0
6	2549	9206.118375680594	0
6	2567	9261.584867392606	0
6	2576	9305.107554190248	0
6	2579	9311.732077625059	0
6	2590	9357.161478022795	0
6	2598	9387.708950734186	0
6	2607	9436.336320748578	0
6	2608	9437.089054184624	0
6	2617	9484.359747946222	0
6	2622	9506.475166543381	0
6	2634	9573.416717305626	0
6	2638	9591.866821776358	0
6	2642	9618.227014318419	0
6	2648	9652.278977649108	0
6	2649	9658.148491921506	0
6	2659	9706.91433001984	0
6	2676	9766.095256392524	0
6	2685	9812.548158409426	0
6	2691	9830.259166618313	0
6	2692	9830.881974064692	0
6	2696	9849.237978107197	0
6	2700	9861.951938846696	0
6	2717	9934.673556623879	0
6	2723	9961.324904584272	0
6	2728	9989.495111329847	0
6	2730	9994.007989598426	0
6	2731	9999.886283003701	0
6	2745	10046.957478926805	0
6	2747	10049.670485508944	0
6	2754	10077.697262401264	0
6	2777	10155.462496884367	0
6	2781	10170.023064402194	0
6	2785	10183.2127427977	0
6	2788	10194.996127927472	0
6	2806	10257.276013264621	0
6	2809	10273.351344690412	0
6	2810	10277.080229755019	0
6	2827	10337.557087471855	0
6	2829	10350.948177250908	0
6	2844	10394.959596695952	0
6	2850	10422.815657584985	0
6	2856	10455.125988315989	0
6	2869	10510.375263875546	0
6	2875	10531.852363392489	0
6	2887	10593.000223223948	0
6	2894	10622.103841120093	0
6	2896	10625.620441471512	0
6	2901	10661.026799269611	0
6	2903	10670.564587018645	0
6	2904	10674.002903515447	0
6	2906	10681.370284424058	0
6	2916	10721.298599721398	0
6	2922	10741.744994082327	0
6	2923	10758.753817536746	0
6	2933	10795.615042821411	0
6	2938	10818.710954171546	0
6	2940	10822.995861745133	0
6	2958	10887.388421123936	0
6	2961	10896.437317880277	0
6	2975	10935.676827509014	0
6	2980	10967.50040830744	0
6	2989	10990.51162334835	0
6	2993	11001.943485814933	0
6	2994	11004.45084971007	0
6	2998	11020.578757599807	0
6	3000	11023.653474675921	0
6	3003	11037.559391540987	0
6	3013	11076.665335712481	0
6	3015	11088.230080798818	0
6	3017	11092.637835910535	0
6	3025	11114.108974608862	0
6	3042	11174.438197208923	0
6	3049	11197.90979246668	0
6	3056	11224.860879375358	0
6	3070	11267.747585454031	0
6	3078	11297.769895328635	0
6	3084	11308.884511887025	0
6	3088	11319.157037654786	0
6	3091	11325.897050685456	0
6	3096	11348.965792280346	0
6	3099	11357.338034364247	0
6	3102	11366.253414077525	0
6	3105	11373.200433987768	0
6	3106	11374.140110907432	0
6	3111	11405.584007264749	0
6	3115	11418.639563071068	0
6	3127	11464.587038961624	0
6	3128	11467.854682241993	0
6	3133	11475.019270248622	0
6	3136	11478.470104922547	0
6	3154	11558.705350443299	0
6	3171	11608.18159253474	0
6	3176	11626.391418674301	0
6	3179	11638.030094664841	0
6	3180	11638.849212124876	0
6	3183	11654.504156626574	0
6	3192	11674.589377345044	0
6	3214	11755.039091316979	0
6	3223	11777.5174271428	0
6	3239	11817.675188122416	0
6	3248	11854.959293382748	0
6	3252	11865.176778455959	0
6	3264	11899.170323675722	0
6	3265	11902.336831750122	0
6	3268	11912.87606185733	0
6	3278	11948.604206654301	0
6	3279	11950.903387801454	0
6	3288	11978.377343322822	0
6	3291	11988.178502835839	0
6	3293	11995.806118208151	0
6	3299	12019.796571179067	0
6	3303	12031.295074179586	0
6	3335	12139.089552906854	0
6	3339	12159.369788937794	0
6	3346	12175.051176342277	0
6	3358	12223.743270923957	0
6	3372	12264.072291264857	0
6	3383	12313.441340530753	0
6	3384	12313.9204953838	0
6	3389	12325.453801443698	0
6	3393	12338.469079643144	0
6	3395	12342.716441425379	0
6	3399	12361.523985664029	0
6	3416	12420.726510432415	0
6	3419	12432.646722042927	0
6	3426	12452.293120432878	0
6	3432	12473.75042516642	0
6	3437	12499.28007049525	0
6	3441	12519.590109944153	0
6	3444	12523.801497496084	0
6	3452	12570.061521169049	0
6	3458	12595.719397617591	0
6	3474	12650.105140751811	0
6	3480	12674.111623807381	0
6	3482	12678.042837820878	0
6	3492	12711.030913409365	0
6	3502	12760.784149204959	0
6	3512	12802.169676959168	0
6	3514	12805.024409138045	0
6	3515	12805.061196146204	0
6	3517	12812.248370542245	0
6	3524	12844.845466041106	0
6	3529	12865.811390696736	0
6	3533	12886.026830068484	0
6	3537	12904.960713546753	0
6	3550	12958.586076018631	0
6	3574	13029.821392344345	0
6	3584	13090.203528894312	0
6	3586	13090.925639877029	0
6	3597	13132.103242210061	0
6	3612	13200.06072875544	0
6	3617	13209.155316004148	0
6	3622	13235.169626451892	0
6	3626	13254.480496723271	0
6	3628	13254.868931833514	0
6	3630	13273.529073285031	0
6	3635	13302.497687692949	0
6	3637	13303.903774688201	0
6	3649	13352.729239633734	0
6	3650	13354.78490841832	0
6	3668	13407.49619483419	0
6	3682	13462.751016447034	0
6	3690	13498.978630563245	0
6	3706	13549.7650201924	0
6	3711	13561.374989399196	0
6	3715	13572.228771883212	0
6	3721	13597.230173162783	0
6	3722	13597.49892373073	0
6	3728	13616.230912591293	0
6	3744	13677.892972434356	0
6	3768	13753.463876805799	0
6	3787	13819.359700342573	0
6	3788	13820.012329099171	0
6	3795	13849.196387454016	0
6	3798	13853.166690384558	0
6	3806	13885.357761314339	0
6	3808	13900.827064628415	0
6	3816	13920.751518433764	0
6	3833	13983.862469329616	0
6	3841	14012.093000642596	0
6	3843	14018.085033823174	0
6	3847	14033.3028923264	0
6	3859	14065.545531096746	0
6	3864	14090.56384345388	0
6	3872	14122.136928804715	0
6	3876	14140.614664884549	0
6	3883	14167.83637631417	0
6	3902	14245.189424937888	0
6	3904	14254.72060928328	0
6	3916	14321.481658303408	0
6	3918	14343.337783621717	0
6	3919	14343.974724570744	0
6	3938	14413.393522518848	0
6	3939	14421.986879465234	0
6	3946	14472.524165969137	0
6	3949	14493.27542157706	0
6	3963	14547.129759234675	0
6	3973	14590.413625350028	0
6	3978	14604.983031994833	0
6	3984	14635.496337877156	0
6	3991	14662.74719984965	0
6	4011	14721.1518872499	0
6	4014	14742.615372438661	0
6	4020	14768.028574347943	0
6	4026	14788.972391393907	0
6	4041	14846.293328196165	0
6	4048	14880.297125413887	0
6	4049	14885.855179509144	0
6	4051	14889.23159653294	0
6	4058	14914.930018257298	0
6	4060	14919.134838813633	0
6	4061	14924.176175189852	0
6	4087	15015.962984529399	0
6	4088	15016.325291537621	0
6	4093	15033.652830088112	0
6	4109	15080.420560914475	0
6	4113	15092.706147377536	0
6	4118	15108.767210790915	0
6	4121	15111.463617336668	0
6	4131	15137.241567140394	0
6	4133	15145.578849084091	0
6	4134	15147.764979450751	0
6	4136	15153.235316334336	0
6	4139	15164.021132458628	0
6	4146	15193.696016220628	0
6	4149	15196.028842049911	0
6	4153	15213.221468832408	0
6	4156	15214.051439419905	0
6	4159	15226.508823321862	0
6	4173	15283.264656923577	0
6	4189	15340.14412364437	0
6	4200	15385.000858314025	0
6	4203	15394.580010327268	0
6	4220	15459.509570134895	0
6	4252	15625.355236456488	0
6	4253	15642.713360319876	0
6	4254	15646.64017446589	0
6	4255	15657.564058280038	0
6	4257	15660.680464378217	0
6	4267	15712.634337111287	0
6	4281	15765.045916917717	0
6	4282	15773.560034593545	0
6	4312	15891.185258903607	0
6	4325	15933.971279210898	0
6	4334	15989.234397420357	0
6	4336	15997.763423828234	0
6	4337	15997.923683927804	0
6	4338	15999.910970091006	0
6	4339	16004.846161638322	0
6	4344	16026.140721003106	0
6	4347	16033.422643372259	0
6	4356	16067.727701526302	0
6	4365	16108.56579060876	0
6	4374	16141.774148528943	0
6	4378	16153.618713246764	0
6	4394	16217.273413181788	0
6	4398	16238.364820203327	0
6	4403	16253.514137798579	0
6	4406	16284.564510034534	0
6	4410	16300.872731507811	0
6	4416	16320.116852777773	0
6	4419	16323.082450796754	0
6	4421	16336.504109059119	0
6	4423	16344.999506893281	0
6	4436	16385.497996660935	0
6	4438	16400.291290263234	0
6	4441	16413.218649265435	0
6	4456	16446.45779379239	0
6	4464	16460.019323793375	0
6	4466	16466.170746474394	0
6	4467	16473.398811112378	0
6	4476	16519.265048787547	0
6	4477	16520.593802125863	0
6	4479	16524.988989260088	0
6	4492	16559.198731877577	0
6	4493	16559.479685858331	0
6	4501	16585.336737884358	0
6	4512	16627.439515429036	0
6	4513	16627.522261511226	0
6	4522	16658.153698012449	0
6	4525	16663.279306889057	0
6	4532	16695.824419051515	0
6	4544	16741.259011982191	0
6	4550	16760.961935022773	0
6	4557	16782.550756207064	0
6	4564	16805.656886312271	0
6	4565	16810.77260153252	0
6	4575	16860.202366550049	0
6	4592	16955.784674517511	0
6	4600	16988.79425550021	0
6	4603	17009.84631206541	0
6	4637	17223.849828020982	0
6	4641	17227.559758893194	0
6	4648	17290.378974443408	0
6	4649	17291.274610013201	0
6	4659	17329.214885612944	0
6	4660	17330.466503431642	0
6	4663	17335.321664417304	0
6	4685	17452.580396273919	0
6	4688	17470.783281040715	0
6	4694	17516.183475898031	0
6	4695	17517.568677778484	0
6	4704	17540.663279217662	0
6	4713	17568.6743477708	0
6	4715	17570.366492437975	0
6	4724	17614.305312026652	0
6	4735	17641.148095557881	0
6	4740	17651.968134489008	0
6	4745	17669.809358516589	0
6	4753	17690.790982444591	0
6	4757	17701.704238745193	0
6	4758	17706.861770469946	0
6	4759	17709.289029486287	0
6	4763	17723.300172405016	0
6	4765	17725.789135298853	0
6	4766	17727.328027604607	0
6	4769	17743.247586180326	0
6	4779	17770.762280887882	0
6	4785	17788.004390546135	0
6	4789	17797.292238542908	0
6	4802	17835.179815425367	0
6	4803	17845.665578164905	0
6	4813	17881.765872094517	0
6	4819	17906.980609710677	0
6	4820	17907.883079745203	0
6	4823	17913.737614975603	0
6	4844	17978.575929189257	0
6	4849	17997.131218573007	0
6	4852	17999.858222536297	0
6	4857	18014.690312652478	0
6	4863	18024.928424518847	0
6	4868	18049.765022365983	0
6	4874	18063.622447784047	0
6	4875	18073.760916545666	0
6	4876	18075.727306486226	0
6	4881	18095.141970336006	0
6	4890	18110.726153752479	0
6	4896	18121.317816088221	0
6	4897	18122.25086306495	0
6	4901	18140.288156281497	0
6	4931	18220.146447809634	0
6	4938	18236.441131518455	0
6	4944	18254.711710503605	0
6	4947	18257.906242112567	0
6	4966	18311.031057839947	0
6	4977	18352.123337081152	0
6	4981	18357.159441365296	0
6	4986	18370.478425346486	0
6	4990	18375.948945589967	0
6	5000	18410.022071216333	0
6	5003	18413.86315144819	0
6	5011	18443.310247812505	0
6	5029	18490.135259572886	0
6	5038	18514.548444295019	0
6	5041	18517.98815213851	0
6	5052	18563.081300110447	0
6	5066	18605.67089356012	0
6	5067	18608.358573488184	0
6	5073	18622.857666006475	0
6	5081	18655.048764240711	0
6	5088	18672.206590317657	0
6	5090	18676.463309764553	0
6	5091	18684.234138565461	0
6	5093	18686.813618218531	0
6	5103	18722.911741163484	0
6	5109	18751.635841091887	0
6	5118	18775.429568945254	0
6	5123	18792.300495119949	0
6	5125	18794.255108474294	0
6	5135	18853.481506656499	0
6	5154	18897.805929688502	0
6	5165	18960.548221941838	0
6	5166	18961.850601899211	0
6	5171	18979.242105321083	0
6	5172	18980.139041796266	0
6	5183	19012.454945130081	0
6	5184	19020.781905554032	0
6	5187	19052.239104642295	0
6	5188	19059.952867917858	0
6	5195	19081.44250216098	0
6	5199	19092.484440983112	0
6	5205	19101.325519247823	0
6	5210	19138.092248438257	0
6	5215	19167.12430439422	0
6	5223	19200.046671072826	0
6	5248	19300.641611647205	0
6	5253	19318.389027063724	0
6	5258	19335.429248187155	0
6	5263	19355.291006007881	0
6	5269	19389.871701717967	0
6	5274	19407.372267069937	0
6	5283	19436.207035219105	0
6	5287	19445.707185102301	0
6	5291	19479.393749093095	0
6	5304	19524.210252141798	0
6	5306	19526.895073295237	0
6	5310	19538.364646767971	0
6	5311	19538.920342378504	0
6	5318	19557.360997975421	0
6	5322	19580.168250100677	0
6	5324	19584.48310411765	0
6	5332	19623.747333144258	0
6	5348	19660.246538422179	0
6	5356	19688.224894958922	0
6	5357	19692.272631139063	0
6	5369	19742.976096964753	0
6	5370	19743.58945953982	0
6	5378	19774.975055945163	0
6	5389	19804.076625070721	0
6	5390	19810.419248360942	0
6	5392	19817.218564199282	0
6	5395	19833.92637297612	0
6	5397	19839.864760586193	0
6	5398	19845.721129962818	0
6	5401	19846.909222723136	0
6	5405	19853.135735937727	0
6	5434	19937.912689577282	0
6	5439	19949.470090094993	0
6	5452	19978.13235422741	0
6	5458	19993.747527772097	0
7	246	1029.401207534697	3
7	251	1038.505089896179	3
7	254	1047.573305478056	3
7	262	1089.837313707503	3
7	268	1117.863616838383	3
7	271	1135.069088632922	3
7	277	1144.252325145894	3
7	279	1159.871149124353	3
7	284	1184.528193056967	3
7	296	1238.1367992331	3
7	298	1241.975386298756	3
7	307	1278.590468423605	3
7	310	1292.057832895876	3
7	312	1294.036660178435	3
7	314	1304.823354868837	3
7	329	1360.820674438502	3
7	331	1376.088084470806	3
7	336	1392.987437282435	3
7	340	1414.049929027876	3
7	341	1415.814802064575	3
7	349	1446.51195247923	3
7	363	1519.737597192287	3
7	368	1541.084845618149	3
7	369	1543.461191205719	3
7	371	1548.073341134387	3
7	375	1557.532668035839	3
7	380	1609.218995403138	3
7	395	1652.061657441765	3
7	401	1674.055304604047	3
7	412	1736.262916406929	3
7	416	1742.570584278622	3
7	421	1753.37818575086	3
7	423	1757.038351044023	3
7	435	1805.768934951809	3
7	440	1822.20534139288	3
7	443	1837.072221728653	3
7	445	1844.410419579259	3
7	463	1891.656999735664	3
7	480	1955.150536170691	3
7	488	1971.481401572461	3
7	501	2040.053173966088	3
7	506	2053.777623089963	3
7	510	2066.671398643515	3
7	517	2092.933571839371	3
7	531	2166.582054240215	3
7	543	2220.401775344633	3
7	558	2321.347343033321	3
7	563	2360.838706063309	3
7	566	2378.471367559022	3
7	576	2428.859159591152	3
7	583	2477.843001672208	3
7	587	2499.430702075691	3
7	589	2521.84833040964	3
7	600	2565.625722299339	3
7	604	2570.941378776528	3
7	608	2590.68900229982	3
7	638	2708.735155910044	3
7	639	2710.438105207117	3
7	643	2727.134951472041	3
7	645	2732.4437013021	3
7	654	2768.690756023257	3
7	661	2778.254509999308	3
7	662	2782.040229637968	3
7	664	2791.271343179914	3
7	679	2842.609806479209	3
7	698	2898.684588175003	3
7	702	2916.730344006619	3
7	708	2937.683145546082	3
7	713	2951.610383338188	3
7	714	2957.441110804091	3
7	717	2977.460325499724	3
7	718	2977.632132972793	3
7	719	2978.261827262518	3
7	729	3003.755993013581	3
7	737	3029.347200259128	3
7	747	3061.130727123677	3
7	752	3084.821530160028	3
7	755	3090.929723456251	3
7	762	3120.761932672563	3
7	768	3147.132568494375	3
7	769	3151.181472874862	3
7	779	3190.279193654423	3
7	789	3238.347913715823	3
7	801	3266.475195675257	3
7	805	3298.628831731061	3
7	815	3339.429342378515	3
7	819	3351.619544118011	3
7	833	3416.352250828516	3
7	836	3430.441432595605	3
7	837	3433.755838723727	3
7	845	3460.556999362561	3
7	846	3463.710390155192	3
7	848	3467.755385409228	3
7	855	3497.515994718394	3
7	873	3561.032635216553	3
7	884	3585.209872894716	3
7	890	3611.517745462492	3
7	894	3630.394063433439	3
7	898	3657.327372845034	3
7	905	3671.558893303063	3
7	909	3683.814448992582	3
7	912	3691.112076534427	3
7	913	3694.290980045988	3
7	915	3705.660797257635	3
7	933	3780.614974141224	3
7	935	3784.203487573762	3
7	944	3816.139848116423	3
7	946	3818.598657200927	3
7	950	3838.502361728511	3
7	957	3876.967733666002	3
7	958	3879.500113726106	3
7	959	3880.858908017957	3
7	971	3932.655681511146	3
7	977	3963.500727971092	3
7	980	3968.244206779989	3
7	982	3974.499962203473	3
7	994	4005.190160075203	3
7	1010	4058.773938198374	3
7	1018	4077.273321660598	3
7	1024	4096.66142063692	3
7	1031	4108.733759586346	3
7	1033	4113.838449903372	3
7	1043	4158.549853039652	3
7	1047	4162.177630260184	3
7	1048	4168.833844893531	3
7	1050	4170.007821425168	3
7	1056	4185.869861954003	3
7	1061	4204.344382669427	3
7	1073	4236.386319462792	3
7	1075	4248.80441830463	3
7	1088	4284.169707170073	3
7	1090	4290.013948326077	3
7	1094	4309.489479964422	3
7	1095	4312.986823044308	3
7	1098	4314.267456859131	3
7	1102	4322.018653214597	3
7	1104	4333.982386802993	3
7	1110	4363.826204008339	3
7	1113	4372.219610055414	3
7	1134	4448.310238901464	3
7	1142	4484.88347462252	3
7	1150	4525.118925045213	3
7	1177	4667.571276560396	3
7	1184	4685.107536365583	3
7	1187	4702.02557146745	3
7	1191	4722.105790844709	3
7	1204	4770.971471361549	3
7	1206	4777.157948429302	3
7	1213	4804.123517031245	3
7	1217	4812.292920036249	3
7	1225	4855.488352146637	3
7	1228	4864.507123932437	3
7	1232	4873.778870700478	3
7	1238	4886.347111926822	3
7	1241	4901.014182233036	3
7	1248	4920.035062180578	3
7	1251	4935.527474727343	3
7	1267	4981.319317162755	3
7	1284	5044.494392458124	3
7	1286	5047.35716282033	3
7	1298	5074.615437068995	3
7	1303	5087.069197285629	3
7	1310	5114.487326301134	3
7	1312	5128.464096955248	3
7	1322	5150.548764834343	3
7	1324	5160.997584937758	3
7	1325	5165.196854484045	3
7	1333	5180.006860433387	3
7	1361	5273.788808084218	3
7	1363	5274.688681818888	3
7	1368	5289.848111123302	3
7	1374	5308.349645858899	3
7	1381	5346.493707118063	3
7	1382	5347.392940623813	3
7	1383	5355.205008937413	3
7	1397	5394.973883216041	3
7	1405	5446.529406719917	3
7	1412	5465.498174049297	3
7	1423	5510.477277539565	3
7	1438	5579.682343049554	3
7	1440	5601.273086568948	3
7	1442	5602.821329618105	3
7	1446	5618.266688926279	3
7	1453	5662.85391804051	3
7	1454	5668.791616051621	3
7	1460	5712.276699987401	3
7	1465	5728.272937878099	3
7	1466	5733.268659394071	3
7	1467	5735.195447185418	3
7	1468	5739.411757363012	3
7	1476	5788.448731386077	3
7	1486	5840.560821389725	3
7	1488	5845.610709568095	3
7	1490	5848.333337299558	3
7	1501	5907.452365671622	3
7	1504	5918.717857805846	3
7	1526	5987.246733245274	3
7	1529	6002.578637341539	3
7	1540	6049.412803514928	3
7	1544	6059.632289697535	3
7	1545	6063.662455223865	3
7	1547	6068.077643019185	3
7	1548	6071.989964707961	3
7	1549	6074.681570211088	3
7	1550	6075.304223265227	3
7	1590	6242.734893598573	3
7	1592	6246.787278843069	3
7	1596	6259.789594729086	3
7	1616	6328.925576254791	3
7	1634	6385.398032693074	3
7	1638	6399.119592502364	3
7	1640	6412.277421329982	3
7	1642	6416.335206225847	3
7	1652	6452.663957019363	3
7	1655	6457.20010748225	3
7	1661	6476.955384009747	3
7	1664	6491.335754775354	3
7	1673	6519.624642439124	3
7	1687	6577.405451737474	3
7	1695	6600.998262604186	3
7	1697	6603.553641758013	3
7	1699	6605.659375062601	3
7	1704	6634.160872017285	3
7	1721	6683.60388812452	3
7	1727	6702.183364223097	3
7	1731	6708.343429052077	3
7	1743	6755.839153559876	3
7	1757	6790.133905570068	3
7	1780	6847.156248658407	3
7	1783	6860.178591408996	3
7	1791	6885.195287519951	3
7	1792	6888.700993142768	3
7	1797	6893.617429286003	3
7	1802	6909.358606852416	3
7	1806	6920.671367351568	3
7	1809	6928.961643075777	3
7	1810	6929.367450191258	3
7	1815	6955.296968168152	3
7	1818	6963.907539963187	3
7	1830	6994.187887789508	3
7	1832	7002.72669082582	3
7	1856	7081.531053033686	3
7	1860	7087.48469824677	3
7	1871	7113.179497290799	3
7	1884	7147.61448780082	3
7	1891	7180.716472127257	3
7	1892	7182.002027955853	3
7	1906	7211.105590471051	3
7	1908	7211.72675465813	3
7	1931	7290.187155785929	3
7	1934	7297.11964720801	3
7	1938	7301.275921565856	3
7	1947	7321.711912964767	3
7	1951	7338.572386777662	3
7	1952	7342.124042092262	3
7	1955	7365.134564899729	3
7	1956	7371.444241071119	3
7	1958	7377.78889689958	3
7	1970	7407.468474734977	3
7	1978	7436.456705967457	3
7	1979	7438.546616334683	3
7	1980	7440.339824212784	3
7	1998	7498.414213697219	3
7	1999	7500.072461439264	3
7	2020	7549.214154970478	3
7	2030	7588.000972780499	3
7	2032	7593.650212187032	3
7	2038	7610.966339155079	3
7	2044	7623.450364014375	3
7	2045	7626.366930142944	3
7	2049	7633.555311375534	3
7	2051	7645.453546660185	3
7	2056	7658.314426110914	3
7	2057	7664.509625705826	3
7	2058	7667.210272298992	3
7	2059	7670.139944578063	3
7	2061	7676.792110801371	3
7	2067	7695.395637624243	3
7	2070	7700.540732745345	3
7	2079	7729.609654832085	3
7	2134	7941.251613485763	3
7	2135	7944.090742683927	3
7	2136	7948.1799508247	3
7	2137	7950.320434384971	3
7	2147	7991.170488579363	3
7	2148	8000.210161287652	3
7	2153	8022.297959314284	3
7	2156	8040.12592367014	3
7	2166	8067.251584234757	3
7	2168	8080.742706036588	3
7	2177	8114.107106902567	3
7	2197	8183.001622757484	3
7	2203	8192.252401051992	3
7	2205	8198.027567428858	3
7	2209	8216.926321367994	3
7	2214	8236.083971935507	3
7	2215	8236.810726791612	3
7	2216	8243.841975050907	3
7	2219	8252.168176200313	3
7	2225	8259.198456193732	3
7	2227	8267.052899835816	3
7	2240	8292.278306270221	3
7	2241	8292.600815547953	3
7	2253	8320.820068012212	3
7	2264	8360.377803968395	3
7	2265	8361.769703549569	3
7	2267	8366.009701054589	3
7	2271	8382.149952275294	3
7	2281	8400.742348983018	3
7	2288	8412.509917652139	3
7	2299	8456.553228892307	3
7	2306	8477.195164929083	3
7	2314	8490.004011170017	3
7	2315	8492.124508030918	3
7	2323	8506.208176285198	3
7	2336	8542.220381198887	3
7	2338	8552.428851355278	3
7	2349	8580.035550583897	3
7	2351	8580.722205783949	3
7	2359	8600.241293113057	3
7	2361	8603.924292945983	3
7	2365	8609.436976362419	3
7	2372	8629.435584103994	3
7	2384	8665.659313426186	3
7	2386	8682.95195727071	3
7	2390	8686.178394661797	3
7	2395	8709.468746694595	3
7	2398	8716.924405189193	3
7	2415	8763.523460014474	3
7	2422	8788.39738601979	3
7	2424	8794.16201521836	3
7	2438	8835.044708440493	3
7	2441	8842.862600493578	3
7	2443	8853.170958547793	3
7	2461	8914.417363871098	3
7	2482	8978.555568582247	3
7	2489	9007.233693496885	3
7	2495	9030.085827659696	3
7	2497	9032.562554328417	3
7	2506	9051.407847262424	3
7	2511	9073.456903201699	3
7	2515	9082.334764002737	3
7	2517	9095.737515836929	3
7	2522	9118.667489947008	3
7	2525	9130.542808975167	3
7	2528	9135.326111100547	3
7	2530	9135.669499056782	3
7	2532	9136.027826360084	3
7	2534	9144.312503785395	3
7	2546	9197.074283046828	3
7	2549	9206.118375680594	3
7	2567	9261.584867392606	3
7	2576	9305.107554190248	3
7	2579	9311.732077625059	3
7	2590	9357.161478022795	3
7	2598	9387.708950734186	3
7	2607	9436.336320748578	3
7	2608	9437.089054184624	3
7	2617	9484.359747946222	3
7	2622	9506.475166543381	3
7	2634	9573.416717305626	3
7	2638	9591.866821776358	3
7	2642	9618.227014318419	3
7	2648	9652.278977649108	3
7	2649	9658.148491921506	3
7	2659	9706.91433001984	3
7	2676	9766.095256392524	3
7	2685	9812.548158409426	3
7	2691	9830.259166618313	3
7	2692	9830.881974064692	3
7	2696	9849.237978107197	3
7	2700	9861.951938846696	3
7	2717	9934.673556623879	3
7	2723	9961.324904584272	3
7	2728	9989.495111329847	3
7	2730	9994.007989598426	3
7	2731	9999.886283003701	3
7	2745	10046.957478926805	3
7	2747	10049.670485508944	3
7	2754	10077.697262401264	3
7	2777	10155.462496884367	3
7	2781	10170.023064402194	3
7	2785	10183.2127427977	3
7	2788	10194.996127927472	3
7	2806	10257.276013264621	3
7	2809	10273.351344690412	3
7	2810	10277.080229755019	3
7	2827	10337.557087471855	3
7	2829	10350.948177250908	3
7	2844	10394.959596695952	3
7	2850	10422.815657584985	3
7	2856	10455.125988315989	3
7	2869	10510.375263875546	3
7	2875	10531.852363392489	3
7	2887	10593.000223223948	3
7	2894	10622.103841120093	3
7	2896	10625.620441471512	3
7	2901	10661.026799269611	3
7	2903	10670.564587018645	3
7	2904	10674.002903515447	3
7	2906	10681.370284424058	3
7	2916	10721.298599721398	3
7	2922	10741.744994082327	3
7	2923	10758.753817536746	3
7	2933	10795.615042821411	3
7	2938	10818.710954171546	3
7	2940	10822.995861745133	3
7	2958	10887.388421123936	3
7	2961	10896.437317880277	3
7	2975	10935.676827509014	3
7	2980	10967.50040830744	3
7	2989	10990.51162334835	3
7	2993	11001.943485814933	3
7	2994	11004.45084971007	3
7	2998	11020.578757599807	3
7	3000	11023.653474675921	3
7	3003	11037.559391540987	3
7	3013	11076.665335712481	3
7	3015	11088.230080798818	3
7	3017	11092.637835910535	3
7	3025	11114.108974608862	3
7	3042	11174.438197208923	3
7	3049	11197.90979246668	3
7	3056	11224.860879375358	3
7	3070	11267.747585454031	3
7	3078	11297.769895328635	3
7	3084	11308.884511887025	3
7	3088	11319.157037654786	3
7	3091	11325.897050685456	3
7	3096	11348.965792280346	3
7	3099	11357.338034364247	3
7	3102	11366.253414077525	3
7	3105	11373.200433987768	3
7	3106	11374.140110907432	3
7	3111	11405.584007264749	3
7	3115	11418.639563071068	3
7	3127	11464.587038961624	3
7	3128	11467.854682241993	3
7	3133	11475.019270248622	3
7	3136	11478.470104922547	3
7	3154	11558.705350443299	3
7	3171	11608.18159253474	3
7	3176	11626.391418674301	3
7	3179	11638.030094664841	3
7	3180	11638.849212124876	3
7	3183	11654.504156626574	3
7	3192	11674.589377345044	3
7	3214	11755.039091316979	3
7	3223	11777.5174271428	3
7	3239	11817.675188122416	3
7	3248	11854.959293382748	3
7	3252	11865.176778455959	3
7	3264	11899.170323675722	3
7	3265	11902.336831750122	3
7	3268	11912.87606185733	3
7	3278	11948.604206654301	3
7	3279	11950.903387801454	3
7	3288	11978.377343322822	3
7	3291	11988.178502835839	3
7	3293	11995.806118208151	3
7	3299	12019.796571179067	3
7	3303	12031.295074179586	3
7	3335	12139.089552906854	3
7	3339	12159.369788937794	3
7	3346	12175.051176342277	3
7	3358	12223.743270923957	3
7	3372	12264.072291264857	3
7	3383	12313.441340530753	3
7	3384	12313.9204953838	3
7	3389	12325.453801443698	3
7	3393	12338.469079643144	3
7	3395	12342.716441425379	3
7	3399	12361.523985664029	3
7	3416	12420.726510432415	3
7	3419	12432.646722042927	3
7	3426	12452.293120432878	3
7	3432	12473.75042516642	3
7	3437	12499.28007049525	3
7	3441	12519.590109944153	3
7	3444	12523.801497496084	3
7	3452	12570.061521169049	3
7	3458	12595.719397617591	3
7	3474	12650.105140751811	3
7	3480	12674.111623807381	3
7	3482	12678.042837820878	3
7	3492	12711.030913409365	3
7	3502	12760.784149204959	3
7	3512	12802.169676959168	3
7	3514	12805.024409138045	3
7	3515	12805.061196146204	3
7	3517	12812.248370542245	3
7	3524	12844.845466041106	3
7	3529	12865.811390696736	3
7	3533	12886.026830068484	3
7	3537	12904.960713546753	3
7	3550	12958.586076018631	3
7	3574	13029.821392344345	3
7	3584	13090.203528894312	3
7	3586	13090.925639877029	3
7	3597	13132.103242210061	3
7	3612	13200.06072875544	3
7	3617	13209.155316004148	3
7	3622	13235.169626451892	3
7	3626	13254.480496723271	3
7	3628	13254.868931833514	3
7	3630	13273.529073285031	3
7	3635	13302.497687692949	3
7	3637	13303.903774688201	3
7	3649	13352.729239633734	3
7	3650	13354.78490841832	3
7	3668	13407.49619483419	3
7	3682	13462.751016447034	3
7	3690	13498.978630563245	3
7	3706	13549.7650201924	3
7	3711	13561.374989399196	3
7	3715	13572.228771883212	3
7	3721	13597.230173162783	3
7	3722	13597.49892373073	3
7	3728	13616.230912591293	3
7	3744	13677.892972434356	3
7	3768	13753.463876805799	3
7	3787	13819.359700342573	3
7	3788	13820.012329099171	3
7	3795	13849.196387454016	3
7	3798	13853.166690384558	3
7	3806	13885.357761314339	3
7	3808	13900.827064628415	3
7	3816	13920.751518433764	3
7	3833	13983.862469329616	3
7	3841	14012.093000642596	3
7	3843	14018.085033823174	3
7	3847	14033.3028923264	3
7	3859	14065.545531096746	3
7	3864	14090.56384345388	3
7	3872	14122.136928804715	3
7	3876	14140.614664884549	3
7	3883	14167.83637631417	3
7	3902	14245.189424937888	3
7	3904	14254.72060928328	3
7	3916	14321.481658303408	3
7	3918	14343.337783621717	3
7	3919	14343.974724570744	3
7	3938	14413.393522518848	3
7	3939	14421.986879465234	3
7	3946	14472.524165969137	3
7	3949	14493.27542157706	3
7	3963	14547.129759234675	3
7	3973	14590.413625350028	3
7	3978	14604.983031994833	3
7	3984	14635.496337877156	3
7	3991	14662.74719984965	3
7	4011	14721.1518872499	3
7	4014	14742.615372438661	3
7	4020	14768.028574347943	3
7	4026	14788.972391393907	3
7	4041	14846.293328196165	3
7	4048	14880.297125413887	3
7	4049	14885.855179509144	3
7	4051	14889.23159653294	3
7	4058	14914.930018257298	3
7	4060	14919.134838813633	3
7	4061	14924.176175189852	3
7	4087	15015.962984529399	3
7	4088	15016.325291537621	3
7	4093	15033.652830088112	3
7	4109	15080.420560914475	3
7	4113	15092.706147377536	3
7	4118	15108.767210790915	3
7	4121	15111.463617336668	3
7	4131	15137.241567140394	3
7	4133	15145.578849084091	3
7	4134	15147.764979450751	3
7	4136	15153.235316334336	3
7	4139	15164.021132458628	3
7	4146	15193.696016220628	3
7	4149	15196.028842049911	3
7	4153	15213.221468832408	3
7	4156	15214.051439419905	3
7	4159	15226.508823321862	3
7	4173	15283.264656923577	3
7	4189	15340.14412364437	3
7	4200	15385.000858314025	3
7	4203	15394.580010327268	3
7	4220	15459.509570134895	3
7	4252	15625.355236456488	3
7	4253	15642.713360319876	3
7	4254	15646.64017446589	3
7	4255	15657.564058280038	3
7	4257	15660.680464378217	3
7	4267	15712.634337111287	3
7	4281	15765.045916917717	3
7	4282	15773.560034593545	3
7	4312	15891.185258903607	3
7	4325	15933.971279210898	3
7	4334	15989.234397420357	3
7	4336	15997.763423828234	3
7	4337	15997.923683927804	3
7	4338	15999.910970091006	3
7	4339	16004.846161638322	3
7	4344	16026.140721003106	3
7	4347	16033.422643372259	3
7	4356	16067.727701526302	3
7	4365	16108.56579060876	3
7	4374	16141.774148528943	3
7	4378	16153.618713246764	3
7	4394	16217.273413181788	3
7	4398	16238.364820203327	3
7	4403	16253.514137798579	3
7	4406	16284.564510034534	3
7	4410	16300.872731507811	3
7	4416	16320.116852777773	3
7	4419	16323.082450796754	3
7	4421	16336.504109059119	3
7	4423	16344.999506893281	3
7	4436	16385.497996660935	3
7	4438	16400.291290263234	3
7	4441	16413.218649265435	3
7	4456	16446.45779379239	3
7	4464	16460.019323793375	3
7	4466	16466.170746474394	3
7	4467	16473.398811112378	3
7	4476	16519.265048787547	3
7	4477	16520.593802125863	3
7	4479	16524.988989260088	3
7	4492	16559.198731877577	3
7	4493	16559.479685858331	3
7	4501	16585.336737884358	3
7	4512	16627.439515429036	3
7	4513	16627.522261511226	3
7	4522	16658.153698012449	3
7	4525	16663.279306889057	3
7	4532	16695.824419051515	3
7	4544	16741.259011982191	3
7	4550	16760.961935022773	3
7	4557	16782.550756207064	3
7	4564	16805.656886312271	3
7	4565	16810.77260153252	3
7	4575	16860.202366550049	3
7	4592	16955.784674517511	3
7	4600	16988.79425550021	3
7	4603	17009.84631206541	3
7	4637	17223.849828020982	3
7	4641	17227.559758893194	3
7	4648	17290.378974443408	3
7	4649	17291.274610013201	3
7	4659	17329.214885612944	3
7	4660	17330.466503431642	3
7	4663	17335.321664417304	3
7	4685	17452.580396273919	3
7	4688	17470.783281040715	3
7	4694	17516.183475898031	3
7	4695	17517.568677778484	3
7	4704	17540.663279217662	3
7	4713	17568.6743477708	3
7	4715	17570.366492437975	3
7	4724	17614.305312026652	3
7	4735	17641.148095557881	3
7	4740	17651.968134489008	3
7	4745	17669.809358516589	3
7	4753	17690.790982444591	3
7	4757	17701.704238745193	3
7	4758	17706.861770469946	3
7	4759	17709.289029486287	3
7	4763	17723.300172405016	3
7	4765	17725.789135298853	3
7	4766	17727.328027604607	3
7	4769	17743.247586180326	3
7	4779	17770.762280887882	3
7	4785	17788.004390546135	3
7	4789	17797.292238542908	3
7	4802	17835.179815425367	3
7	4803	17845.665578164905	3
7	4813	17881.765872094517	3
7	4819	17906.980609710677	3
7	4820	17907.883079745203	3
7	4823	17913.737614975603	3
7	4844	17978.575929189257	3
7	4849	17997.131218573007	3
7	4852	17999.858222536297	3
7	4857	18014.690312652478	3
7	4863	18024.928424518847	3
7	4868	18049.765022365983	3
7	4874	18063.622447784047	3
7	4875	18073.760916545666	3
7	4876	18075.727306486226	3
7	4881	18095.141970336006	3
7	4890	18110.726153752479	3
7	4896	18121.317816088221	3
7	4897	18122.25086306495	3
7	4901	18140.288156281497	3
7	4931	18220.146447809634	3
7	4938	18236.441131518455	3
7	4944	18254.711710503605	3
7	4947	18257.906242112567	3
7	4966	18311.031057839947	3
7	4977	18352.123337081152	3
7	4981	18357.159441365296	3
7	4986	18370.478425346486	3
7	4990	18375.948945589967	3
7	5000	18410.022071216333	3
7	5003	18413.86315144819	3
7	5011	18443.310247812505	3
7	5029	18490.135259572886	3
7	5038	18514.548444295019	3
7	5041	18517.98815213851	3
7	5052	18563.081300110447	3
7	5066	18605.67089356012	3
7	5067	18608.358573488184	3
7	5073	18622.857666006475	3
7	5081	18655.048764240711	3
7	5088	18672.206590317657	3
7	5090	18676.463309764553	3
7	5091	18684.234138565461	3
7	5093	18686.813618218531	3
7	5103	18722.911741163484	3
7	5109	18751.635841091887	3
7	5118	18775.429568945254	3
7	5123	18792.300495119949	3
7	5125	18794.255108474294	3
7	5135	18853.481506656499	3
7	5154	18897.805929688502	3
7	5165	18960.548221941838	3
7	5166	18961.850601899211	3
7	5171	18979.242105321083	3
7	5172	18980.139041796266	3
7	5183	19012.454945130081	3
7	5184	19020.781905554032	3
7	5187	19052.239104642295	3
7	5188	19059.952867917858	3
7	5195	19081.44250216098	3
7	5199	19092.484440983112	3
7	5205	19101.325519247823	3
7	5210	19138.092248438257	3
7	5215	19167.12430439422	3
7	5223	19200.046671072826	3
7	5248	19300.641611647205	3
7	5253	19318.389027063724	3
7	5258	19335.429248187155	3
7	5263	19355.291006007881	3
7	5269	19389.871701717967	3
7	5274	19407.372267069937	3
7	5283	19436.207035219105	3
7	5287	19445.707185102301	3
7	5291	19479.393749093095	3
7	5304	19524.210252141798	3
7	5306	19526.895073295237	3
7	5310	19538.364646767971	3
7	5311	19538.920342378504	3
7	5318	19557.360997975421	3
7	5322	19580.168250100677	3
7	5324	19584.48310411765	3
7	5332	19623.747333144258	3
7	5348	19660.246538422179	3
7	5356	19688.224894958922	3
7	5357	19692.272631139063	3
7	5369	19742.976096964753	3
7	5370	19743.58945953982	3
7	5378	19774.975055945163	3
7	5389	19804.076625070721	3
7	5390	19810.419248360942	3
7	5392	19817.218564199282	3
7	5395	19833.92637297612	3
7	5397	19839.864760586193	3
7	5398	19845.721129962818	3
7	5401	19846.909222723136	3
7	5405	19853.135735937727	3
7	5434	19937.912689577282	3
7	5439	19949.470090094993	3
7	5452	19978.13235422741	3
7	5458	19993.747527772097	3
8	246	1029.401207534697	28761
8	251	1038.505089896179	28771
8	254	1047.573305478056	28765
8	262	1089.837313707503	28768
8	268	1117.863616838383	28757
8	271	1135.069088632922	28770
8	277	1144.252325145894	28775
8	279	1159.871149124353	28766
8	284	1184.528193056967	28773
8	296	1238.1367992331	28762
8	298	1241.975386298756	28763
8	307	1278.590468423605	28778
8	310	1292.057832895876	28779
8	312	1294.036660178435	28767
8	314	1304.823354868837	28774
8	329	1360.820674438502	28782
8	331	1376.088084470806	28783
8	336	1392.987437282435	28785
8	340	1414.049929027876	28786
8	341	1415.814802064575	28787
8	349	1446.51195247923	28776
8	363	1519.737597192287	28788
8	368	1541.084845618149	28792
8	369	1543.461191205719	28790
8	371	1548.073341134387	28781
8	375	1557.532668035839	28795
8	380	1609.218995403138	28797
8	395	1652.061657441765	28794
8	401	1674.055304604047	28796
8	412	1736.262916406929	28791
8	416	1742.570584278622	28789
8	421	1753.37818575086	28793
8	423	1757.038351044023	28803
8	435	1805.768934951809	28805
8	440	1822.20534139288	28807
8	443	1837.072221728653	28809
8	445	1844.410419579259	28801
8	463	1891.656999735664	28815
8	480	1955.150536170691	28818
8	488	1971.481401572461	28804
8	501	2040.053173966088	28821
8	506	2053.777623089963	28802
8	510	2066.671398643515	28823
8	517	2092.933571839371	28820
8	531	2166.582054240215	28811
8	543	2220.401775344633	28829
8	558	2321.347343033321	28825
8	563	2360.838706063309	28834
8	566	2378.471367559022	28830
8	576	2428.859159591152	28833
8	583	2477.843001672208	28835
8	587	2499.430702075691	28828
8	589	2521.84833040964	28838
8	600	2565.625722299339	28841
8	604	2570.941378776528	28843
8	608	2590.68900229982	28837
8	638	2708.735155910044	28852
8	639	2710.438105207117	28853
8	643	2727.134951472041	28854
8	645	2732.4437013021	28855
8	654	2768.690756023257	28848
8	661	2778.254509999308	28849
8	662	2782.040229637968	28850
8	664	2791.271343179914	28857
8	679	2842.609806479209	28844
8	698	2898.684588175003	28866
8	702	2916.730344006619	28859
8	708	2937.683145546082	28862
8	713	2951.610383338188	28845
8	714	2957.441110804091	28846
8	717	2977.460325499724	28863
8	718	2977.632132972793	28870
8	719	2978.261827262518	28864
8	729	3003.755993013581	28867
8	737	3029.347200259128	28861
8	747	3061.130727123677	28869
8	752	3084.821530160028	28871
8	755	3090.929723456251	28865
8	762	3120.761932672563	28874
8	768	3147.132568494375	28879
8	769	3151.181472874862	28875
8	779	3190.279193654423	28876
8	789	3238.347913715823	28868
8	801	3266.475195675257	28884
8	805	3298.628831731061	28872
8	815	3339.429342378515	28886
8	819	3351.619544118011	28888
8	833	3416.352250828516	28893
8	836	3430.441432595605	28878
8	837	3433.755838723727	28885
8	845	3460.556999362561	28881
8	846	3463.710390155192	28882
8	848	3467.755385409228	28883
8	855	3497.515994718394	28899
8	873	3561.032635216553	28889
8	884	3585.209872894716	28898
8	890	3611.517745462492	28905
8	894	3630.394063433439	28900
8	898	3657.327372845034	28896
8	905	3671.558893303063	28890
8	909	3683.814448992582	28910
8	912	3691.112076534427	28903
8	913	3694.290980045988	28911
8	915	3705.660797257635	28904
8	933	3780.614974141224	28909
8	935	3784.203487573762	28902
8	944	3816.139848116423	28915
8	946	3818.598657200927	28912
8	950	3838.502361728511	28917
8	957	3876.967733666002	28908
8	958	3879.500113726106	28919
8	959	3880.858908017957	28920
8	971	3932.655681511146	28916
8	977	3963.500727971092	28913
8	980	3968.244206779989	28918
8	982	3974.499962203473	28923
8	994	4005.190160075203	28925
8	1010	4058.773938198374	28928
8	1018	4077.273321660598	28914
8	1024	4096.66142063692	28932
8	1031	4108.733759586346	28936
8	1033	4113.838449903372	28937
8	1043	4158.549853039652	28926
8	1047	4162.177630260184	28943
8	1048	4168.833844893531	28922
8	1050	4170.007821425168	28929
8	1056	4185.869861954003	28931
8	1061	4204.344382669427	28934
8	1073	4236.386319462792	28940
8	1075	4248.80441830463	28941
8	1088	4284.169707170073	28945
8	1090	4290.013948326077	28951
8	1094	4309.489479964422	28952
8	1095	4312.986823044308	28946
8	1098	4314.267456859131	28935
8	1102	4322.018653214597	28953
8	1104	4333.982386802993	28939
8	1110	4363.826204008339	28949
8	1113	4372.219610055414	28950
8	1134	4448.310238901464	28948
8	1142	4484.88347462252	28955
8	1150	4525.118925045213	28947
8	1177	4667.571276560396	28964
8	1184	4685.107536365583	28967
8	1187	4702.02557146745	28960
8	1191	4722.105790844709	28956
8	1204	4770.971471361549	28957
8	1206	4777.157948429302	28958
8	1213	4804.123517031245	28968
8	1217	4812.292920036249	28961
8	1225	4855.488352146637	28962
8	1228	4864.507123932437	28963
8	1232	4873.778870700478	28965
8	1238	4886.347111926822	28966
8	1241	4901.014182233036	28980
8	1248	4920.035062180578	28982
8	1251	4935.527474727343	28984
8	1267	4981.319317162755	28972
8	1284	5044.494392458124	28974
8	1286	5047.35716282033	28975
8	1298	5074.615437068995	28977
8	1303	5087.069197285629	28978
8	1310	5114.487326301134	28988
8	1312	5128.464096955248	28983
8	1322	5150.548764834343	28997
8	1324	5160.997584937758	28991
8	1325	5165.196854484045	28992
8	1333	5180.006860433387	28986
8	1361	5273.788808084218	28993
8	1363	5274.688681818888	28999
8	1368	5289.848111123302	28994
8	1374	5308.349645858899	29002
8	1381	5346.493707118063	29004
8	1382	5347.392940623813	29005
8	1383	5355.205008937413	29013
8	1397	5394.973883216041	29001
8	1405	5446.529406719917	29012
8	1412	5465.498174049297	29006
8	1423	5510.477277539565	29009
8	1438	5579.682343049554	29014
8	1440	5601.273086568948	29015
8	1442	5602.821329618105	29016
8	1446	5618.266688926279	29010
8	1453	5662.85391804051	29017
8	1454	5668.791616051621	29019
8	1460	5712.276699987401	29023
8	1465	5728.272937878099	29018
8	1466	5733.268659394071	29025
8	1467	5735.195447185418	29020
8	1468	5739.411757363012	29021
8	1476	5788.448731386077	29026
8	1486	5840.560821389725	29028
8	1488	5845.610709568095	29029
8	1490	5848.333337299558	29030
8	1501	5907.452365671622	29022
8	1504	5918.717857805846	29024
8	1526	5987.246733245274	29038
8	1529	6002.578637341539	29040
8	1540	6049.412803514928	29035
8	1544	6059.632289697535	29044
8	1545	6063.662455223865	29045
8	1547	6068.077643019185	29031
8	1548	6071.989964707961	29036
8	1549	6074.681570211088	29046
8	1550	6075.304223265227	29047
8	1590	6242.734893598573	29054
8	1592	6246.787278843069	29042
8	1596	6259.789594729086	29056
8	1616	6328.925576254791	29053
8	1634	6385.398032693074	29050
8	1638	6399.119592502364	29063
8	1640	6412.277421329982	29051
8	1642	6416.335206225847	29066
8	1652	6452.663957019363	29055
8	1655	6457.20010748225	29071
8	1661	6476.955384009747	29058
8	1664	6491.335754775354	29061
8	1673	6519.624642439124	29052
8	1687	6577.405451737474	29060
8	1695	6600.998262604186	29075
8	1697	6603.553641758013	29062
8	1699	6605.659375062601	29064
8	1704	6634.160872017285	29067
8	1721	6683.60388812452	29081
8	1727	6702.183364223097	29084
8	1731	6708.343429052077	29079
8	1743	6755.839153559876	29077
8	1757	6790.133905570068	29074
8	1780	6847.156248658407	29076
8	1783	6860.178591408996	29080
8	1791	6885.195287519951	29089
8	1792	6888.700993142768	29099
8	1797	6893.617429286003	29082
8	1802	6909.358606852416	29091
8	1806	6920.671367351568	29093
8	1809	6928.961643075777	29085
8	1810	6929.367450191258	29105
8	1815	6955.296968168152	29106
8	1818	6963.907539963187	29087
8	1830	6994.187887789508	29100
8	1832	7002.72669082582	29090
8	1856	7081.531053033686	29108
8	1860	7087.48469824677	29098
8	1871	7113.179497290799	29101
8	1884	7147.61448780082	29095
8	1891	7180.716472127257	29096
8	1892	7182.002027955853	29118
8	1906	7211.105590471051	29122
8	1908	7211.72675465813	29112
8	1931	7290.187155785929	29119
8	1934	7297.11964720801	29120
8	1938	7301.275921565856	29109
8	1947	7321.711912964767	29132
8	1951	7338.572386777662	29114
8	1952	7342.124042092262	29125
8	1955	7365.134564899729	29126
8	1956	7371.444241071119	29135
8	1958	7377.78889689958	29116
8	1970	7407.468474734977	29129
8	1978	7436.456705967457	29124
8	1979	7438.546616334683	29113
8	1980	7440.339824212784	29133
8	1998	7498.414213697219	29136
8	1999	7500.072461439264	29140
8	2020	7549.214154970478	29137
8	2030	7588.000972780499	29147
8	2032	7593.650212187032	29139
8	2038	7610.966339155079	29149
8	2044	7623.450364014375	29131
8	2045	7626.366930142944	29141
8	2049	7633.555311375534	29153
8	2051	7645.453546660185	29143
8	2056	7658.314426110914	29154
8	2057	7664.509625705826	29134
8	2058	7667.210272298992	29145
8	2059	7670.139944578063	29146
8	2061	7676.792110801371	29155
8	2067	7695.395637624243	29157
8	2070	7700.540732745345	29148
8	2079	7729.609654832085	29151
8	2134	7941.251613485763	29152
8	2135	7944.090742683927	29166
8	2136	7948.1799508247	29162
8	2137	7950.320434384971	29159
8	2147	7991.170488579363	29168
8	2148	8000.210161287652	29156
8	2153	8022.297959314284	29170
8	2156	8040.12592367014	29165
8	2166	8067.251584234757	29163
8	2168	8080.742706036588	29172
8	2177	8114.107106902567	29164
8	2197	8183.001622757484	29171
8	2203	8192.252401051992	29174
8	2205	8198.027567428858	29182
8	2209	8216.926321367994	29184
8	2214	8236.083971935507	29175
8	2215	8236.810726791612	29185
8	2216	8243.841975050907	29186
8	2219	8252.168176200313	29177
8	2225	8259.198456193732	29179
8	2227	8267.052899835816	29180
8	2240	8292.278306270221	29181
8	2241	8292.600815547953	29191
8	2253	8320.820068012212	29194
8	2264	8360.377803968395	29178
8	2265	8361.769703549569	29188
8	2267	8366.009701054589	29196
8	2271	8382.149952275294	29198
8	2281	8400.742348983018	29203
8	2288	8412.509917652139	29205
8	2299	8456.553228892307	29195
8	2306	8477.195164929083	29189
8	2314	8490.004011170017	29200
8	2315	8492.124508030918	29190
8	2323	8506.208176285198	29192
8	2336	8542.220381198887	29207
8	2338	8552.428851355278	29208
8	2349	8580.035550583897	29214
8	2351	8580.722205783949	29215
8	2359	8600.241293113057	29209
8	2361	8603.924292945983	29202
8	2365	8609.436976362419	29218
8	2372	8629.435584103994	29211
8	2384	8665.659313426186	29224
8	2386	8682.95195727071	29213
8	2390	8686.178394661797	29217
8	2395	8709.468746694595	29210
8	2398	8716.924405189193	29219
8	2415	8763.523460014474	29212
8	2422	8788.39738601979	29216
8	2424	8794.16201521836	29230
8	2438	8835.044708440493	29226
8	2441	8842.862600493578	29234
8	2443	8853.170958547793	29227
8	2461	8914.417363871098	29239
8	2482	8978.555568582247	29236
8	2489	9007.233693496885	29238
8	2495	9030.085827659696	29240
8	2497	9032.562554328417	29233
8	2506	9051.407847262424	29235
8	2511	9073.456903201699	29243
8	2515	9082.334764002737	29237
8	2517	9095.737515836929	29245
8	2522	9118.667489947008	29247
8	2525	9130.542808975167	29232
8	2528	9135.326111100547	29241
8	2530	9135.669499056782	29250
8	2532	9136.027826360084	29242
8	2534	9144.312503785395	29252
8	2546	9197.074283046828	29244
8	2549	9206.118375680594	29258
8	2567	9261.584867392606	29254
8	2576	9305.107554190248	29257
8	2579	9311.732077625059	29246
8	2590	9357.161478022795	29253
8	2598	9387.708950734186	29267
8	2607	9436.336320748578	29263
8	2608	9437.089054184624	29264
8	2617	9484.359747946222	29256
8	2622	9506.475166543381	29273
8	2634	9573.416717305626	29266
8	2638	9591.866821776358	29271
8	2642	9618.227014318419	29269
8	2648	9652.278977649108	29276
8	2649	9658.148491921506	29277
8	2659	9706.91433001984	29272
8	2676	9766.095256392524	29283
8	2685	9812.548158409426	29286
8	2691	9830.259166618313	29282
8	2692	9830.881974064692	29287
8	2696	9849.237978107197	29289
8	2700	9861.951938846696	29291
8	2717	9934.673556623879	29293
8	2723	9961.324904584272	29290
8	2728	9989.495111329847	29284
8	2730	9994.007989598426	29296
8	2731	9999.886283003701	29297
8	2745	10046.957478926805	29294
8	2747	10049.670485508944	29288
8	2754	10077.697262401264	29292
8	2777	10155.462496884367	29295
8	2781	10170.023064402194	29301
8	2785	10183.2127427977	29307
8	2788	10194.996127927472	29302
8	2806	10257.276013264621	29314
8	2809	10273.351344690412	29315
8	2810	10277.080229755019	29306
8	2827	10337.557087471855	29318
8	2829	10350.948177250908	29311
8	2844	10394.959596695952	29316
8	2850	10422.815657584985	29322
8	2856	10455.125988315989	29323
8	2869	10510.375263875546	29321
8	2875	10531.852363392489	29327
8	2887	10593.000223223948	29329
8	2894	10622.103841120093	29331
8	2896	10625.620441471512	29332
8	2901	10661.026799269611	29334
8	2903	10670.564587018645	29335
8	2904	10674.002903515447	29336
8	2906	10681.370284424058	29328
8	2916	10721.298599721398	29338
8	2922	10741.744994082327	29333
8	2923	10758.753817536746	29339
8	2933	10795.615042821411	29325
8	2938	10818.710954171546	29330
8	2940	10822.995861745133	29343
8	2958	10887.388421123936	29347
8	2961	10896.437317880277	29340
8	2975	10935.676827509014	29350
8	2980	10967.50040830744	29352
8	2989	10990.51162334835	29356
8	2993	11001.943485814933	29341
8	2994	11004.45084971007	29342
8	2998	11020.578757599807	29359
8	3000	11023.653474675921	29337
8	3003	11037.559391540987	29344
8	3013	11076.665335712481	29354
8	3015	11088.230080798818	29355
8	3017	11092.637835910535	29346
8	3025	11114.108974608862	29358
8	3042	11174.438197208923	29353
8	3049	11197.90979246668	29348
8	3056	11224.860879375358	29363
8	3070	11267.747585454031	29368
8	3078	11297.769895328635	29361
8	3084	11308.884511887025	29371
8	3088	11319.157037654786	29372
8	3091	11325.897050685456	29374
8	3096	11348.965792280346	29360
8	3099	11357.338034364247	29377
8	3102	11366.253414077525	29367
8	3105	11373.200433987768	29369
8	3106	11374.140110907432	29380
8	3111	11405.584007264749	29382
8	3115	11418.639563071068	29362
8	3127	11464.587038961624	29378
8	3128	11467.854682241993	29365
8	3133	11475.019270248622	29379
8	3136	11478.470104922547	29370
8	3154	11558.705350443299	29376
8	3171	11608.18159253474	29381
8	3176	11626.391418674301	29385
8	3179	11638.030094664841	29386
8	3180	11638.849212124876	29393
8	3183	11654.504156626574	29395
8	3192	11674.589377345044	29389
8	3214	11755.039091316979	29394
8	3223	11777.5174271428	29388
8	3239	11817.675188122416	29404
8	3248	11854.959293382748	29399
8	3252	11865.176778455959	29406
8	3264	11899.170323675722	29403
8	3265	11902.336831750122	29409
8	3268	11912.87606185733	29397
8	3278	11948.604206654301	29412
8	3279	11950.903387801454	29413
8	3288	11978.377343322822	29396
8	3291	11988.178502835839	29416
8	3293	11995.806118208151	29417
8	3299	12019.796571179067	29411
8	3303	12031.295074179586	29420
8	3335	12139.089552906854	29422
8	3339	12159.369788937794	29414
8	3346	12175.051176342277	29407
8	3358	12223.743270923957	29423
8	3372	12264.072291264857	29432
8	3383	12313.441340530753	29434
8	3384	12313.9204953838	29435
8	3389	12325.453801443698	29438
8	3393	12338.469079643144	29424
8	3395	12342.716441425379	29421
8	3399	12361.523985664029	29439
8	3416	12420.726510432415	29436
8	3419	12432.646722042927	29444
8	3426	12452.293120432878	29425
8	3432	12473.75042516642	29440
8	3437	12499.28007049525	29448
8	3441	12519.590109944153	29443
8	3444	12523.801497496084	29437
8	3452	12570.061521169049	29431
8	3458	12595.719397617591	29442
8	3474	12650.105140751811	29450
8	3480	12674.111623807381	29451
8	3482	12678.042837820878	29452
8	3492	12711.030913409365	29458
8	3502	12760.784149204959	29461
8	3512	12802.169676959168	29463
8	3514	12805.024409138045	29455
8	3515	12805.061196146204	29456
8	3517	12812.248370542245	29457
8	3524	12844.845466041106	29464
8	3529	12865.811390696736	29466
8	3533	12886.026830068484	29467
8	3537	12904.960713546753	29468
8	3550	12958.586076018631	29472
8	3574	13029.821392344345	29470
8	3584	13090.203528894312	29477
8	3586	13090.925639877029	29478
8	3597	13132.103242210061	29475
8	3612	13200.06072875544	29473
8	3617	13209.155316004148	29474
8	3622	13235.169626451892	29486
8	3626	13254.480496723271	29481
8	3628	13254.868931833514	29482
8	3630	13273.529073285031	29483
8	3635	13302.497687692949	29488
8	3637	13303.903774688201	29489
8	3649	13352.729239633734	29491
8	3650	13354.78490841832	29492
8	3668	13407.49619483419	29490
8	3682	13462.751016447034	29497
8	3690	13498.978630563245	29502
8	3706	13549.7650201924	29495
8	3711	13561.374989399196	29496
8	3715	13572.228771883212	29499
8	3721	13597.230173162783	29500
8	3722	13597.49892373073	29501
8	3728	13616.230912591293	29493
8	3744	13677.892972434356	29507
8	3768	13753.463876805799	29513
8	3787	13819.359700342573	29505
8	3788	13820.012329099171	29522
8	3795	13849.196387454016	29511
8	3798	13853.166690384558	29517
8	3806	13885.357761314339	29508
8	3808	13900.827064628415	29520
8	3816	13920.751518433764	29516
8	3833	13983.862469329616	29518
8	3841	14012.093000642596	29527
8	3843	14018.085033823174	29534
8	3847	14033.3028923264	29523
8	3859	14065.545531096746	29536
8	3864	14090.56384345388	29537
8	3872	14122.136928804715	29528
8	3876	14140.614664884549	29539
8	3883	14167.83637631417	29531
8	3902	14245.189424937888	29546
8	3904	14254.72060928328	29530
8	3916	14321.481658303408	29550
8	3918	14343.337783621717	29551
8	3919	14343.974724570744	29545
8	3938	14413.393522518848	29543
8	3939	14421.986879465234	29544
8	3946	14472.524165969137	29555
8	3949	14493.27542157706	29552
8	3963	14547.129759234675	29554
8	3973	14590.413625350028	29562
8	3978	14604.983031994833	29557
8	3984	14635.496337877156	29553
8	3991	14662.74719984965	29565
8	4011	14721.1518872499	29571
8	4014	14742.615372438661	29572
8	4020	14768.028574347943	29573
8	4026	14788.972391393907	29569
8	4041	14846.293328196165	29561
8	4048	14880.297125413887	29566
8	4049	14885.855179509144	29567
8	4051	14889.23159653294	29568
8	4058	14914.930018257298	29578
8	4060	14919.134838813633	29584
8	4061	14924.176175189852	29563
8	4087	15015.962984529399	29576
8	4088	15016.325291537621	29577
8	4093	15033.652830088112	29585
8	4109	15080.420560914475	29581
8	4113	15092.706147377536	29574
8	4118	15108.767210790915	29575
8	4121	15111.463617336668	29595
8	4131	15137.241567140394	29597
8	4133	15145.578849084091	29599
8	4134	15147.764979450751	29589
8	4136	15153.235316334336	29601
8	4139	15164.021132458628	29602
8	4146	15193.696016220628	29606
8	4149	15196.028842049911	29588
8	4153	15213.221468832408	29593
8	4156	15214.051439419905	29594
8	4159	15226.508823321862	29583
8	4173	15283.264656923577	29590
8	4189	15340.14412364437	29596
8	4200	15385.000858314025	29604
8	4203	15394.580010327268	29605
8	4220	15459.509570134895	29600
8	4252	15625.355236456488	29611
8	4253	15642.713360319876	29617
8	4254	15646.64017446589	29612
8	4255	15657.564058280038	29619
8	4257	15660.680464378217	29614
8	4267	15712.634337111287	29624
8	4281	15765.045916917717	29627
8	4282	15773.560034593545	29620
8	4312	15891.185258903607	29635
8	4325	15933.971279210898	29618
8	4334	15989.234397420357	29634
8	4336	15997.763423828234	29636
8	4337	15997.923683927804	29637
8	4338	15999.910970091006	29629
8	4339	16004.846161638322	29642
8	4344	16026.140721003106	29631
8	4347	16033.422643372259	29625
8	4356	16067.727701526302	29626
8	4365	16108.56579060876	29630
8	4374	16141.774148528943	29639
8	4378	16153.618713246764	29648
8	4394	16217.273413181788	29652
8	4398	16238.364820203327	29643
8	4403	16253.514137798579	29647
8	4406	16284.564510034534	29649
8	4410	16300.872731507811	29650
8	4416	16320.116852777773	29656
8	4419	16323.082450796754	29657
8	4421	16336.504109059119	29653
8	4423	16344.999506893281	29658
8	4436	16385.497996660935	29659
8	4438	16400.291290263234	29660
8	4441	16413.218649265435	29661
8	4456	16446.45779379239	29664
8	4464	16460.019323793375	29668
8	4466	16466.170746474394	29669
8	4467	16473.398811112378	29670
8	4476	16519.265048787547	29671
8	4477	16520.593802125863	29672
8	4479	16524.988989260088	29662
8	4492	16559.198731877577	29676
8	4493	16559.479685858331	29677
8	4501	16585.336737884358	29678
8	4512	16627.439515429036	29681
8	4513	16627.522261511226	29673
8	4522	16658.153698012449	29683
8	4525	16663.279306889057	29666
8	4532	16695.824419051515	29685
8	4544	16741.259011982191	29674
8	4550	16760.961935022773	29682
8	4557	16782.550756207064	29687
8	4564	16805.656886312271	29679
8	4565	16810.77260153252	29680
8	4575	16860.202366550049	29686
8	4592	16955.784674517511	29691
8	4600	16988.79425550021	29692
8	4603	17009.84631206541	29694
8	4637	17223.849828020982	29701
8	4641	17227.559758893194	29704
8	4648	17290.378974443408	29696
8	4649	17291.274610013201	29693
8	4659	17329.214885612944	29702
8	4660	17330.466503431642	29703
8	4663	17335.321664417304	29710
8	4685	17452.580396273919	29714
8	4688	17470.783281040715	29711
8	4694	17516.183475898031	29707
8	4695	17517.568677778484	29708
8	4704	17540.663279217662	29718
8	4713	17568.6743477708	29705
8	4715	17570.366492437975	29715
8	4724	17614.305312026652	29706
8	4735	17641.148095557881	29725
8	4740	17651.968134489008	29727
8	4745	17669.809358516589	29730
8	4753	17690.790982444591	29731
8	4757	17701.704238745193	29717
8	4758	17706.861770469946	29732
8	4759	17709.289029486287	29733
8	4763	17723.300172405016	29722
8	4765	17725.789135298853	29723
8	4766	17727.328027604607	29712
8	4769	17743.247586180326	29736
8	4779	17770.762280887882	29729
8	4785	17788.004390546135	29738
8	4789	17797.292238542908	29740
8	4802	17835.179815425367	29735
8	4803	17845.665578164905	29724
8	4813	17881.765872094517	29744
8	4819	17906.980609710677	29721
8	4820	17907.883079745203	29745
8	4823	17913.737614975603	29747
8	4844	17978.575929189257	29737
8	4849	17997.131218573007	29748
8	4852	17999.858222536297	29739
8	4857	18014.690312652478	29746
8	4863	18024.928424518847	29734
8	4868	18049.765022365983	29753
8	4874	18063.622447784047	29756
8	4875	18073.760916545666	29742
8	4876	18075.727306486226	29757
8	4881	18095.141970336006	29758
8	4890	18110.726153752479	29760
8	4896	18121.317816088221	29749
8	4897	18122.25086306495	29750
8	4901	18140.288156281497	29751
8	4931	18220.146447809634	29766
8	4938	18236.441131518455	29762
8	4944	18254.711710503605	29752
8	4947	18257.906242112567	29754
8	4966	18311.031057839947	29765
8	4977	18352.123337081152	29778
8	4981	18357.159441365296	29770
8	4986	18370.478425346486	29755
8	4990	18375.948945589967	29773
8	5000	18410.022071216333	29764
8	5003	18413.86315144819	29777
8	5011	18443.310247812505	29784
8	5029	18490.135259572886	29775
8	5038	18514.548444295019	29790
8	5041	18517.98815213851	29783
8	5052	18563.081300110447	29769
8	5066	18605.67089356012	29782
8	5067	18608.358573488184	29795
8	5073	18622.857666006475	29796
8	5081	18655.048764240711	29792
8	5088	18672.206590317657	29793
8	5090	18676.463309764553	29798
8	5091	18684.234138565461	29779
8	5093	18686.813618218531	29788
8	5103	18722.911741163484	29802
8	5109	18751.635841091887	29797
8	5118	18775.429568945254	29807
8	5123	18792.300495119949	29808
8	5125	18794.255108474294	29799
8	5135	18853.481506656499	29805
8	5154	18897.805929688502	29814
8	5165	18960.548221941838	29809
8	5166	18961.850601899211	29810
8	5171	18979.242105321083	29816
8	5172	18980.139041796266	29817
8	5183	19012.454945130081	29801
8	5184	19020.781905554032	29821
8	5187	19052.239104642295	29822
8	5188	19059.952867917858	29815
8	5195	19081.44250216098	29812
8	5199	19092.484440983112	29818
8	5205	19101.325519247823	29820
8	5210	19138.092248438257	29826
8	5215	19167.12430439422	29827
8	5223	19200.046671072826	29828
8	5248	19300.641611647205	29832
8	5253	19318.389027063724	29834
8	5258	19335.429248187155	29835
8	5263	19355.291006007881	29836
8	5269	19389.871701717967	29824
8	5274	19407.372267069937	29825
8	5283	19436.207035219105	29829
8	5287	19445.707185102301	29842
8	5291	19479.393749093095	29843
8	5304	19524.210252141798	29838
8	5306	19526.895073295237	29839
8	5310	19538.364646767971	29848
8	5311	19538.920342378504	29841
8	5318	19557.360997975421	29830
8	5322	19580.168250100677	29850
8	5324	19584.48310411765	29851
8	5332	19623.747333144258	29852
8	5348	19660.246538422179	29857
8	5356	19688.224894958922	29844
8	5357	19692.272631139063	29837
8	5369	19742.976096964753	29854
8	5370	19743.58945953982	29855
8	5378	19774.975055945163	29861
8	5389	19804.076625070721	29862
8	5390	19810.419248360942	29859
8	5392	19817.218564199282	29846
8	5395	19833.92637297612	29864
8	5397	19839.864760586193	29853
8	5398	19845.721129962818	29865
8	5401	19846.909222723136	29866
8	5405	19853.135735937727	29849
8	5434	19937.912689577282	29860
8	5439	19949.470090094993	29875
8	5452	19978.13235422741	29868
8	5458	19993.747527772097	29882
9	240	1004.27603224351	0
9	242	1007.568447661812	0
9	258	1067.607714178037	0
9	259	1071.927079295007	0
9	270	1132.401207534697	0
9	276	1141.505089896179	0
9	287	1192.837313707503	0
9	295	1238.069088632922	0
9	302	1247.252325145894	0
9	304	1262.871149124353	0
9	309	1287.528193056967	0
9	317	1314.672206236653	0
9	334	1383.992261606195	0
9	337	1395.057832895876	0
9	339	1407.823354868837	0
9	345	1433.570584278622	0
9	353	1463.820674438502	0
9	357	1495.987437282435	0
9	361	1517.049929027876	0
9	362	1518.814802064575	0
9	384	1622.737597192287	0
9	390	1644.084845618149	0
9	392	1646.461191205719	0
9	396	1656.26792153237	0
9	398	1660.532668035839	0
9	404	1710.76072283591	0
9	405	1712.218995403138	0
9	418	1744.777623089963	0
9	422	1755.061657441765	0
9	438	1820.579221576297	0
9	444	1839.262916406929	0
9	452	1856.37818575086	0
9	453	1857.582054240215	0
9	455	1860.038351044023	0
9	459	1873.71414380495	0
9	460	1875.136370115307	0
9	464	1908.768934951809	0
9	472	1940.072221728653	0
9	477	1948.11651618441	0
9	487	1968.977516773798	0
9	493	1994.656999735664	0
9	507	2058.150536170691	0
9	513	2074.481401572461	0
9	522	2118.611697404835	0
9	525	2143.053173966088	0
9	532	2169.671398643515	0
9	538	2190.430702075691	0
9	554	2285.063392051402	0
9	559	2322.265143787575	0
9	560	2323.401775344633	0
9	572	2424.347343033321	0
9	579	2463.838706063309	0
9	593	2531.859159591152	0
9	597	2546.200256124235	0
9	603	2567.614165919777	0
9	614	2624.84833040964	0
9	622	2642.610383338188	0
9	624	2648.441110804091	0
9	626	2664.539099054884	0
9	628	2668.625722299339	0
9	631	2673.941378776528	0
9	647	2736.503294454683	0
9	665	2797.845835394831	0
9	670	2813.438105207117	0
9	675	2830.134951472041	0
9	677	2835.4437013021	0
9	691	2881.254509999308	0
9	694	2885.040229637968	0
9	696	2894.271343179914	0
9	706	2929.347913715823	0
9	711	2945.609806479209	0
9	725	2989.628831731061	0
9	726	2994.303896506704	0
9	728	3001.684588175003	0
9	734	3019.730344006619	0
9	740	3040.683145546082	0
9	750	3080.632132972793	0
9	751	3081.261827262518	0
9	760	3106.755993013581	0
9	761	3114.053204574589	0
9	763	3121.441432595605	0
9	773	3164.130727123677	0
9	774	3165.484976643768	0
9	817	3347.970350768888	0
9	823	3362.558893303063	0
9	825	3369.475195675257	0
9	832	3413.172624664354	0
9	834	3418.454000288234	0
9	839	3442.429342378515	0
9	843	3454.619544118011	0
9	852	3481.916830270535	0
9	874	3563.556999362561	0
9	887	3600.515994718394	0
9	911	3688.209872894716	0
9	916	3714.517745462492	0
9	922	3733.394063433439	0
9	926	3760.327372845034	0
9	929	3768.273321660598	0
9	936	3786.814448992582	0
9	939	3794.112076534427	0
9	940	3797.290980045988	0
9	961	3887.203487573762	0
9	968	3919.139848116423	0
9	972	3941.502361728511	0
9	984	3982.500113726106	0
9	986	3983.858908017957	0
9	1016	4071.244206779989	0
9	1026	4101.333092494316	0
9	1029	4108.190160075203	0
9	1035	4117.387325383456	0
9	1058	4199.66142063692	0
9	1066	4211.733759586346	0
9	1067	4216.118925045213	0
9	1068	4216.838449903372	0
9	1081	4265.177630260184	0
9	1084	4273.007821425168	0
9	1089	4288.869861954003	0
9	1093	4307.344382669427	0
9	1105	4339.386319462792	0
9	1108	4356.334948688269	0
9	1118	4393.013948326077	0
9	1122	4412.489479964422	0
9	1123	4413.105790844709	0
9	1124	4415.986823044308	0
9	1130	4425.018653214597	0
9	1132	4436.982386802993	0
9	1136	4461.971471361549	0
9	1137	4466.826204008339	0
9	1138	4468.157948429302	0
9	1151	4525.39028792144	0
9	1164	4587.88347462252	0
9	1196	4743.370950031703	0
9	1198	4760.300630426392	0
9	1202	4770.571276560396	0
9	1210	4788.107536365583	0
9	1227	4863.518428562813	0
9	1239	4886.901551842702	0
9	1244	4907.123517031245	0
9	1257	4958.488352146637	0
9	1259	4965.593426663277	0
9	1273	5004.014182233036	0
9	1275	5006.415804711933	0
9	1279	5023.035062180578	0
9	1282	5038.527474727343	0
9	1302	5084.795263740904	0
9	1315	5138.645011969745	0
9	1319	5147.494392458124	0
9	1326	5166.642427700328	0
9	1332	5177.615437068995	0
9	1344	5217.487326301134	0
9	1353	5253.548764834343	0
9	1356	5263.997584937758	0
9	1357	5268.196854484045	0
9	1359	5270.076476039416	0
9	1367	5283.006860433387	0
9	1375	5309.266688926279	0
9	1392	5376.788808084218	0
9	1393	5377.688681818888	0
9	1401	5411.349645858899	0
9	1407	5449.493707118063	0
9	1408	5450.392940623813	0
9	1410	5458.205008937413	0
9	1430	5549.529406719917	0
9	1445	5613.477277539565	0
9	1473	5765.85391804051	0
9	1475	5771.791616051621	0
9	1479	5815.276699987401	0
9	1481	5816.395973210585	0
9	1483	5831.272937878099	0
9	1484	5836.268659394071	0
9	1485	5838.195447185418	0
9	1487	5842.411757363012	0
9	1498	5891.448731386077	0
9	1502	5909.209965019055	0
9	1512	5943.560821389725	0
9	1515	5948.610709568095	0
9	1516	5951.333337299558	0
9	1525	5982.952433863265	0
9	1527	5993.127206472302	0
9	1530	6010.452365671622	0
9	1533	6021.717857805846	0
9	1560	6123.460945426031	0
9	1569	6152.412803514928	0
9	1574	6164.681347366538	0
9	1580	6177.681570211088	0
9	1581	6178.304223265227	0
9	1586	6210.624642439124	0
9	1597	6266.427479839996	0
9	1620	6345.734893598573	0
9	1622	6349.787278843069	0
9	1641	6415.595301555637	0
9	1646	6431.925576254791	0
9	1647	6434.747091741946	0
9	1654	6456.847871977435	0
9	1657	6463.855808282151	0
9	1660	6475.308996062042	0
9	1662	6481.133905570068	0
9	1670	6515.277421329982	0
9	1672	6519.335206225847	0
9	1678	6538.156248658407	0
9	1685	6560.20010748225	0
9	1693	6594.335754775354	0
9	1719	6680.405451737474	0
9	1726	6700.390647693544	0
9	1730	6706.553641758013	0
9	1738	6737.160872017285	0
9	1749	6766.296904915404	0
9	1755	6786.60388812452	0
9	1763	6805.183364223097	0
9	1769	6811.343429052077	0
9	1777	6838.61448780082	0
9	1782	6858.839153559876	0
9	1786	6871.716472127257	0
9	1787	6873.035647079312	0
9	1807	6922.228590160642	0
9	1821	6975.619571529842	0
9	1827	6991.700993142768	0
9	1829	6992.275921565856	0
9	1831	6996.617429286003	0
9	1836	7012.358606852416	0
9	1839	7023.671367351568	0
9	1843	7031.961643075777	0
9	1849	7058.296968168152	0
9	1850	7066.907539963187	0
9	1858	7086.90456402351	0
9	1861	7092.099229407626	0
9	1865	7097.187887789508	0
9	1878	7129.546616334683	0
9	1889	7172.692776088728	0
9	1905	7205.091508352148	0
9	1926	7273.563770714665	0
9	1930	7285.002027955853	0
9	1936	7299.394709664926	0
9	1942	7311.631013045615	0
9	1943	7314.105590471051	0
9	1944	7314.450364014375	0
9	1954	7355.509625705826	0
9	1963	7393.187155785929	0
9	1967	7400.11964720801	0
9	1977	7424.711912964767	0
9	1983	7445.124042092262	0
9	1989	7468.134564899729	0
9	1990	7474.444241071119	0
9	1993	7484.354080773094	0
9	2002	7510.468474734977	0
9	2009	7524.639184230832	0
9	2017	7543.339824212784	0
9	2018	7545.674733425632	0
9	2035	7601.414213697219	0
9	2036	7603.072461439264	0
9	2041	7618.978937089438	0
9	2048	7632.251613485763	0
9	2066	7691.210161287652	0
9	2068	7696.650212187032	0
9	2073	7713.548562942594	0
9	2074	7713.966339155079	0
9	2088	7761.314426110914	0
9	2090	7770.210272298992	0
9	2092	7779.792110801371	0
9	2097	7798.395637624243	0
9	2098	7799.004035489724	0
9	2100	7803.540732745345	0
9	2107	7832.609654832085	0
9	2142	7980.657473321551	0
9	2159	8047.090742683927	0
9	2161	8051.1799508247	0
9	2162	8053.320434384971	0
9	2170	8084.896728837178	0
9	2180	8125.297959314284	0
9	2195	8170.251584234757	0
9	2198	8183.742706036588	0
9	2218	8245.999704172238	0
9	2233	8286.001622757484	0
9	2246	8301.027567428858	0
9	2252	8319.926321367994	0
9	2255	8339.083971935507	0
9	2257	8339.810726791612	0
9	2258	8346.841975050907	0
9	2268	8370.052899835816	0
9	2269	8371.562736737957	0
9	2277	8395.278306270221	0
9	2278	8395.600815547953	0
9	2286	8408.752865751492	0
9	2291	8423.820068012212	0
9	2303	8469.009701054589	0
9	2312	8485.149952275294	0
9	2322	8503.742348983018	0
9	2329	8515.509917652139	0
9	2344	8559.553228892307	0
9	2375	8645.220381198887	0
9	2378	8653.186560806477	0
9	2380	8656.304596328569	0
9	2387	8683.035550583897	0
9	2393	8703.241293113057	0
9	2397	8712.436976362419	0
9	2403	8728.824228937762	0
9	2406	8732.435584103994	0
9	2416	8765.987066401977	0
9	2417	8768.659313426186	0
9	2420	8785.95195727071	0
9	2423	8789.178394661797	0
9	2427	8812.468746694595	0
9	2430	8819.924405189193	0
9	2432	8821.542808975167	0
9	2458	8897.16201521836	0
9	2472	8938.044708440493	0
9	2473	8945.862600493578	0
9	2475	8956.170958547793	0
9	2488	9002.732077625059	0
9	2509	9061.605601221671	0
9	2523	9119.79795822318	0
9	2529	9135.562554328417	0
9	2537	9154.407847262424	0
9	2540	9171.566005392708	0
9	2542	9175.359747946222	0
9	2545	9185.334764002737	0
9	2551	9221.667489947008	0
9	2554	9233.010566893132	0
9	2560	9238.669499056782	0
9	2563	9247.312503785395	0
9	2572	9283.632143426319	0
9	2578	9309.118375680594	0
9	2589	9356.043079157916	0
9	2603	9408.107554190248	0
9	2615	9480.836213295818	0
9	2620	9490.708950734186	0
9	2641	9609.475166543381	0
9	2653	9676.416717305626	0
9	2657	9694.866821776358	0
9	2663	9721.624669817204	0
9	2664	9722.103851629708	0
9	2666	9725.747133806251	0
9	2671	9755.278977649108	0
9	2673	9761.148491921506	0
9	2683	9806.609932007212	0
9	2703	9869.095256392524	0
9	2710	9915.548158409426	0
9	2715	9933.259166618313	0
9	2716	9933.881974064692	0
9	2722	9952.237978107197	0
9	2732	10000.229230004477	0
9	2735	10021.857349250051	0
9	2743	10037.673556623879	0
9	2750	10064.324904584272	0
9	2758	10092.495111329847	0
9	2759	10097.007989598426	0
9	2768	10130.718791342876	0
9	2772	10148.970204547682	0
9	2774	10149.957478926805	0
9	2784	10180.697262401264	0
9	2807	10258.462496884367	0
9	2813	10286.2127427977	0
9	2818	10299.179205784129	0
9	2835	10360.276013264621	0
9	2838	10376.351344690412	0
9	2863	10486.615042821411	0
9	2867	10497.959596695952	0
9	2874	10525.815657584985	0
9	2891	10613.375263875546	0
9	2911	10696.000223223948	0
9	2913	10714.653474675921	0
9	2918	10725.103841120093	0
9	2919	10728.620441471512	0
9	2926	10773.564587018645	0
9	2928	10784.370284424058	0
9	2942	10824.298599721398	0
9	2948	10844.744994082327	0
9	2949	10861.753817536746	0
9	2950	10866.072110936327	0
9	2959	10888.90979246668	0
9	2970	10924.13460159529	0
9	2976	10938.752122068822	0
9	2992	10999.437317880277	0
9	3004	11038.676827509014	0
9	3005	11039.965792280346	0
9	3010	11070.50040830744	0
9	3018	11093.51162334835	0
9	3022	11107.45084971007	0
9	3024	11109.639563071068	0
9	3027	11123.578757599807	0
9	3028	11126.384252212568	0
9	3031	11140.559391540987	0
9	3034	11158.854682241993	0
9	3044	11179.665335712481	0
9	3047	11195.637835910535	0
9	3076	11277.438197208923	0
9	3089	11319.848284294983	0
9	3103	11370.747585454031	0
9	3112	11408.916715315589	0
9	3113	11411.884511887025	0
9	3117	11422.157037654786	0
9	3126	11460.338034364247	0
9	3129	11469.253414077525	0
9	3134	11476.200433987768	0
9	3135	11477.140110907432	0
9	3141	11508.584007264749	0
9	3156	11567.587038961624	0
9	3163	11578.019270248622	0
9	3166	11581.470104922547	0
9	3167	11586.226120478346	0
9	3168	11587.496555224039	0
9	3169	11597.616437467088	0
9	3186	11661.705350443299	0
9	3189	11669.377343322822	0
9	3204	11711.18159253474	0
9	3208	11729.391418674301	0
9	3211	11741.030094664841	0
9	3212	11741.849212124876	0
9	3215	11757.504156626574	0
9	3216	11761.510220178603	0
9	3241	11836.493283483271	0
9	3249	11858.039091316979	0
9	3253	11866.051176342277	0
9	3256	11878.76545533995	0
9	3266	11905.929212958726	0
9	3271	11920.675188122416	0
9	3281	11957.959293382748	0
9	3285	11968.176778455959	0
9	3294	12002.170323675722	0
9	3295	12005.336831750122	0
9	3297	12015.87606185733	0
9	3301	12023.326422997292	0
9	3305	12033.716441425379	0
9	3309	12051.604206654301	0
9	3310	12053.903387801454	0
9	3322	12098.806118208151	0
9	3329	12122.796571179067	0
9	3333	12134.295074179586	0
9	3336	12143.293120432878	0
9	3365	12242.089552906854	0
9	3369	12261.061521169049	0
9	3403	12367.072291264857	0
9	3406	12388.242065312413	0
9	3413	12416.441340530753	0
9	3415	12416.9204953838	0
9	3422	12441.961815764724	0
9	3427	12463.36526763532	0
9	3428	12464.523985664029	0
9	3436	12493.413639850052	0
9	3445	12535.646722042927	0
9	3456	12576.75042516642	0
9	3463	12602.28007049525	0
9	3466	12612.107353033154	0
9	3467	12622.590109944153	0
9	3469	12626.801497496084	0
9	3484	12696.822890295318	0
9	3497	12736.071189519877	0
9	3501	12758.229509457424	0
9	3504	12763.459818494302	0
9	3507	12777.111623807381	0
9	3508	12781.042837820878	0
9	3518	12814.030913409365	0
9	3527	12862.863282695588	0
9	3528	12863.784149204959	0
9	3538	12905.169676959168	0
9	3539	12908.024409138045	0
9	3540	12908.061196146204	0
9	3542	12915.248370542245	0
9	3544	12925.92540247566	0
9	3555	12968.811390696736	0
9	3558	12989.026830068484	0
9	3565	13007.960713546753	0
9	3578	13061.531747172945	0
9	3579	13061.586076018631	0
9	3595	13115.722695336932	0
9	3598	13132.821392344345	0
9	3608	13190.41618360699	0
9	3609	13193.203528894312	0
9	3610	13193.925639877029	0
9	3618	13211.400828613125	0
9	3621	13235.103242210061	0
9	3624	13244.753150222517	0
9	3636	13303.06072875544	0
9	3645	13338.169626451892	0
9	3651	13357.480496723271	0
9	3657	13376.529073285031	0
9	3665	13405.497687692949	0
9	3667	13406.903774688201	0
9	3672	13427.238321947211	0
9	3678	13455.729239633734	0
9	3679	13457.78490841832	0
9	3691	13499.610262378466	0
9	3693	13502.630149574046	0
9	3696	13510.359700342573	0
9	3713	13565.751016447034	0
9	3717	13576.357761314339	0
9	3723	13601.978630563245	0
9	3729	13628.508745735891	0
9	3731	13634.627592815478	0
9	3737	13652.7650201924	0
9	3740	13664.374989399196	0
9	3746	13684.945969519572	0
9	3747	13688.412065637352	0
9	3751	13700.230173162783	0
9	3752	13700.49892373073	0
9	3758	13719.230912591293	0
9	3774	13780.892972434356	0
9	3778	13791.967028345873	0
9	3780	13798.424717876051	0
9	3797	13852.196599304149	0
9	3799	13856.463876805799	0
9	3802	13871.48681090076	0
9	3818	13923.012329099171	0
9	3820	13935.263329383153	0
9	3824	13945.72060928328	0
9	3825	13952.196387454016	0
9	3827	13956.166690384558	0
9	3831	13973.642609756945	0
9	3839	14003.827064628415	0
9	3845	14023.751518433764	0
9	3850	14042.856328240496	0
9	3863	14086.862469329616	0
9	3868	14112.161498416794	0
9	3881	14155.861243071683	0
9	3882	14165.031367444051	0
9	3885	14176.932899456568	0
9	3890	14193.56384345388	0
9	3901	14243.614664884549	0
9	3911	14295.050195021181	0
9	3940	14424.481658303408	0
9	3944	14446.337783621717	0
9	3945	14446.974724570744	0
9	3947	14488.806442993438	0
9	3953	14505.424939021255	0
9	3955	14509.178242633387	0
9	3962	14537.293328196165	0
9	3975	14596.27542157706	0
9	3982	14615.176175189852	0
9	3990	14658.403113456129	0
9	4002	14702.434014741007	0
9	4019	14765.74719984965	0
9	4024	14783.706147377536	0
9	4027	14799.767210790915	0
9	4036	14824.1518872499	0
9	4039	14840.661380779051	0
9	4040	14845.615372438661	0
9	4042	14846.53308712307	0
9	4046	14871.028574347943	0
9	4053	14891.972391393907	0
9	4059	14917.508823321862	0
9	4074	14983.297125413887	0
9	4089	15017.930018257298	0
9	4091	15022.134838813633	0
9	4116	15097.420299521837	0
9	4130	15136.652830088112	0
9	4132	15138.28053353245	0
9	4135	15150.509570134895	0
9	4140	15172.534836092265	0
9	4144	15183.420560914475	0
9	4154	15213.278346595318	0
9	4157	15214.463617336668	0
9	4163	15240.241567140394	0
9	4165	15248.578849084091	0
9	4166	15250.764979450751	0
9	4168	15256.235316334336	0
9	4169	15259.442396208984	0
9	4170	15267.021132458628	0
9	4176	15296.696016220628	0
9	4181	15313.304855744429	0
9	4184	15316.355236456488	0
9	4185	15317.051439419905	0
9	4188	15337.64017446589	0
9	4201	15386.264656923577	0
9	4207	15411.514916506305	0
9	4222	15486.851000491159	0
9	4225	15497.580010327268	0
9	4251	15624.971279210898	0
9	4264	15698.91819517348	0
9	4271	15724.422643372259	0
9	4276	15745.713360319876	0
9	4278	15758.727701526302	0
9	4279	15760.564058280038	0
9	4291	15799.56579060876	0
9	4294	15815.634337111287	0
9	4307	15868.045916917717	0
9	4322	15929.824835261426	0
9	4330	15954.709071566407	0
9	4335	15994.185258903607	0
9	4350	16040.010927225362	0
9	4358	16092.234397420357	0
9	4361	16100.763423828234	0
9	4363	16102.910970091006	0
9	4364	16107.846161638322	0
9	4367	16110.683744026885	0
9	4376	16144.605891456888	0
9	4390	16209.9276601648	0
9	4404	16256.618713246764	0
9	4405	16269.571502694233	0
9	4417	16320.273413181788	0
9	4422	16341.364820203327	0
9	4440	16403.872731507811	0
9	4450	16426.082450796754	0
9	4451	16430.321718446711	0
9	4453	16439.504109059119	0
9	4457	16447.999506893281	0
9	4470	16488.497996660935	0
9	4472	16503.291290263234	0
9	4475	16516.218649265435	0
9	4486	16543.790821107483	0
9	4487	16549.45779379239	0
9	4498	16569.170746474394	0
9	4499	16576.398811112378	0
9	4510	16622.265048787547	0
9	4511	16623.593802125863	0
9	4514	16627.988989260088	0
9	4523	16662.198731877577	0
9	4524	16662.479685858331	0
9	4530	16688.336737884358	0
9	4531	16688.836155670777	0
9	4540	16730.439515429036	0
9	4551	16761.153698012449	0
9	4562	16798.824419051515	0
9	4563	16805.325768621983	0
9	4570	16844.214439518947	0
9	4576	16863.961935022773	0
9	4581	16885.550756207064	0
9	4589	16913.77260153252	0
9	4596	16982.274610013201	0
9	4608	17058.784674517511	0
9	4611	17082.367131842447	0
9	4617	17112.84631206541	0
9	4627	17166.776108363691	0
9	4635	17213.508143897817	0
9	4644	17259.6743477708	0
9	4651	17305.305312026652	0
9	4657	17324.15706705103	0
9	4658	17326.849828020982	0
9	4676	17418.328027604607	0
9	4679	17432.214885612944	0
9	4680	17433.466503431642	0
9	4682	17438.321664417304	0
9	4690	17483.879644484857	0
9	4708	17551.691164493175	0
9	4710	17555.580396273919	0
9	4716	17573.783281040715	0
9	4717	17579.878118664423	0
9	4720	17597.980609710677	0
9	4728	17620.568677778484	0
9	4736	17641.196110798433	0
9	4738	17643.663279217662	0
9	4760	17715.928424518847	0
9	4770	17744.148095557881	0
9	4774	17754.968134489008	0
9	4782	17772.809358516589	0
9	4787	17793.790982444591	0
9	4793	17809.861770469946	0
9	4795	17812.289029486287	0
9	4800	17828.789135298853	0
9	4804	17846.247586180326	0
9	4810	17873.762280887882	0
9	4814	17891.004390546135	0
9	4818	17900.292238542908	0
9	4831	17938.179815425367	0
9	4832	17948.665578164905	0
9	4846	17984.765872094517	0
9	4856	18010.883079745203	0
9	4858	18016.737614975603	0
9	4873	18061.478425346486	0
9	4885	18100.131218573007	0
9	4886	18102.858222536297	0
9	4892	18117.690312652478	0
9	4894	18119.90958373225	0
9	4904	18152.765022365983	0
9	4911	18166.622447784047	0
9	4915	18176.760916545666	0
9	4916	18178.727306486226	0
9	4919	18198.141970336006	0
9	4930	18213.726153752479	0
9	4935	18224.317816088221	0
9	4940	18251.618047676011	0
9	4942	18254.081300110447	0
9	4964	18307.156662914861	0
9	4969	18323.146447809634	0
9	4974	18339.441131518455	0
9	4982	18357.711710503605	0
9	4989	18375.234138565461	0
9	4996	18397.751173431372	0
9	5004	18414.031057839947	0
9	5012	18449.300883242271	0
9	5015	18455.123337081152	0
9	5018	18460.159441365296	0
9	5021	18465.680511761107	0
9	5025	18478.948945589967	0
9	5036	18513.022071216333	0
9	5039	18516.86315144819	0
9	5046	18546.310247812505	0
9	5062	18598.133013198293	0
9	5070	18617.548444295019	0
9	5097	18703.377874754365	0
9	5098	18703.454945130081	0
9	5099	18708.67089356012	0
9	5105	18737.13336955667	0
9	5107	18741.583722726765	0
9	5112	18758.048764240711	0
9	5120	18779.463309764553	0
9	5122	18789.813618218531	0
9	5136	18854.635841091887	0
9	5141	18864.859212274007	0
9	5144	18878.429568945254	0
9	5149	18892.394406057782	0
9	5152	18895.300495119949	0
9	5181	19000.805929688502	0
9	5189	19063.548221941838	0
9	5190	19064.850601899211	0
9	5192	19068.428355812049	0
9	5194	19080.871701717967	0
9	5197	19083.139041796266	0
9	5201	19098.372267069937	0
9	5208	19123.781905554032	0
9	5212	19155.239104642295	0
9	5213	19162.952867917858	0
9	5220	19184.44250216098	0
9	5222	19195.484440983112	0
9	5227	19204.325519247823	0
9	5234	19241.092248438257	0
9	5235	19248.360997975421	0
9	5242	19281.334919189264	0
9	5249	19303.046671072826	0
9	5251	19304.728555930378	0
9	5267	19383.272631139063	0
9	5272	19403.641611647205	0
9	5278	19421.389027063724	0
9	5280	19429.069823229352	0
9	5290	19458.291006007881	0
9	5299	19508.218564199282	0
9	5308	19532.67084507666	0
9	5312	19539.207035219105	0
9	5315	19544.135735937727	0
9	5316	19548.707185102301	0
9	5323	19582.393749093095	0
9	5346	19649.04931515003	0
9	5350	19664.075232297624	0
9	5353	19683.168250100677	0
9	5355	19687.48310411765	0
9	5363	19726.747333144258	0
9	5376	19763.246538422179	0
9	5386	19791.224894958922	0
9	5399	19845.976096964753	0
9	5415	19877.975055945163	0
9	5427	19907.076625070721	0
9	5428	19913.419248360942	0
9	5429	19915.719847852434	0
9	5433	19936.92637297612	0
9	5435	19942.864760586193	0
9	5436	19948.338451116053	0
9	5437	19948.721129962818	0
9	5440	19949.909222723136	0
9	5444	19955.316504462981	0
9	5446	19957.827846738288	0
9	5451	19973.723212481129	0
9	5459	19993.952487811588	0
10	240	1004.27603224351	3
10	242	1007.568447661812	3
10	258	1067.607714178037	3
10	259	1071.927079295007	3
10	270	1132.401207534697	3
10	276	1141.505089896179	3
10	287	1192.837313707503	3
10	295	1238.069088632922	3
10	302	1247.252325145894	3
10	304	1262.871149124353	3
10	309	1287.528193056967	3
10	317	1314.672206236653	3
10	334	1383.992261606195	3
10	337	1395.057832895876	3
10	339	1407.823354868837	3
10	345	1433.570584278622	3
10	353	1463.820674438502	3
10	357	1495.987437282435	3
10	361	1517.049929027876	3
10	362	1518.814802064575	3
10	384	1622.737597192287	3
10	390	1644.084845618149	3
10	392	1646.461191205719	3
10	396	1656.26792153237	3
10	398	1660.532668035839	3
10	404	1710.76072283591	3
10	405	1712.218995403138	3
10	418	1744.777623089963	3
10	422	1755.061657441765	3
10	438	1820.579221576297	3
10	444	1839.262916406929	3
10	452	1856.37818575086	3
10	453	1857.582054240215	3
10	455	1860.038351044023	3
10	459	1873.71414380495	3
10	460	1875.136370115307	3
10	464	1908.768934951809	3
10	472	1940.072221728653	3
10	477	1948.11651618441	3
10	487	1968.977516773798	3
10	493	1994.656999735664	3
10	507	2058.150536170691	3
10	513	2074.481401572461	3
10	522	2118.611697404835	3
10	525	2143.053173966088	3
10	532	2169.671398643515	3
10	538	2190.430702075691	3
10	554	2285.063392051402	3
10	559	2322.265143787575	3
10	560	2323.401775344633	3
10	572	2424.347343033321	3
10	579	2463.838706063309	3
10	593	2531.859159591152	3
10	597	2546.200256124235	3
10	603	2567.614165919777	3
10	614	2624.84833040964	3
10	622	2642.610383338188	3
10	624	2648.441110804091	3
10	626	2664.539099054884	3
10	628	2668.625722299339	3
10	631	2673.941378776528	3
10	647	2736.503294454683	3
10	665	2797.845835394831	3
10	670	2813.438105207117	3
10	675	2830.134951472041	3
10	677	2835.4437013021	3
10	691	2881.254509999308	3
10	694	2885.040229637968	3
10	696	2894.271343179914	3
10	706	2929.347913715823	3
10	711	2945.609806479209	3
10	725	2989.628831731061	3
10	726	2994.303896506704	3
10	728	3001.684588175003	3
10	734	3019.730344006619	3
10	740	3040.683145546082	3
10	750	3080.632132972793	3
10	751	3081.261827262518	3
10	760	3106.755993013581	3
10	761	3114.053204574589	3
10	763	3121.441432595605	3
10	773	3164.130727123677	3
10	774	3165.484976643768	3
10	817	3347.970350768888	3
10	823	3362.558893303063	3
10	825	3369.475195675257	3
10	832	3413.172624664354	3
10	834	3418.454000288234	3
10	839	3442.429342378515	3
10	843	3454.619544118011	3
10	852	3481.916830270535	3
10	874	3563.556999362561	3
10	887	3600.515994718394	3
10	911	3688.209872894716	3
10	916	3714.517745462492	3
10	922	3733.394063433439	3
10	926	3760.327372845034	3
10	929	3768.273321660598	3
10	936	3786.814448992582	3
10	939	3794.112076534427	3
10	940	3797.290980045988	3
10	961	3887.203487573762	3
10	968	3919.139848116423	3
10	972	3941.502361728511	3
10	984	3982.500113726106	3
10	986	3983.858908017957	3
10	1016	4071.244206779989	3
10	1026	4101.333092494316	3
10	1029	4108.190160075203	3
10	1035	4117.387325383456	3
10	1058	4199.66142063692	3
10	1066	4211.733759586346	3
10	1067	4216.118925045213	3
10	1068	4216.838449903372	3
10	1081	4265.177630260184	3
10	1084	4273.007821425168	3
10	1089	4288.869861954003	3
10	1093	4307.344382669427	3
10	1105	4339.386319462792	3
10	1108	4356.334948688269	3
10	1118	4393.013948326077	3
10	1122	4412.489479964422	3
10	1123	4413.105790844709	3
10	1124	4415.986823044308	3
10	1130	4425.018653214597	3
10	1132	4436.982386802993	3
10	1136	4461.971471361549	3
10	1137	4466.826204008339	3
10	1138	4468.157948429302	3
10	1151	4525.39028792144	3
10	1164	4587.88347462252	3
10	1196	4743.370950031703	3
10	1198	4760.300630426392	3
10	1202	4770.571276560396	3
10	1210	4788.107536365583	3
10	1227	4863.518428562813	3
10	1239	4886.901551842702	3
10	1244	4907.123517031245	3
10	1257	4958.488352146637	3
10	1259	4965.593426663277	3
10	1273	5004.014182233036	3
10	1275	5006.415804711933	3
10	1279	5023.035062180578	3
10	1282	5038.527474727343	3
10	1302	5084.795263740904	3
10	1315	5138.645011969745	3
10	1319	5147.494392458124	3
10	1326	5166.642427700328	3
10	1332	5177.615437068995	3
10	1344	5217.487326301134	3
10	1353	5253.548764834343	3
10	1356	5263.997584937758	3
10	1357	5268.196854484045	3
10	1359	5270.076476039416	3
10	1367	5283.006860433387	3
10	1375	5309.266688926279	3
10	1392	5376.788808084218	3
10	1393	5377.688681818888	3
10	1401	5411.349645858899	3
10	1407	5449.493707118063	3
10	1408	5450.392940623813	3
10	1410	5458.205008937413	3
10	1430	5549.529406719917	3
10	1445	5613.477277539565	3
10	1473	5765.85391804051	3
10	1475	5771.791616051621	3
10	1479	5815.276699987401	3
10	1481	5816.395973210585	3
10	1483	5831.272937878099	3
10	1484	5836.268659394071	3
10	1485	5838.195447185418	3
10	1487	5842.411757363012	3
10	1498	5891.448731386077	3
10	1502	5909.209965019055	3
10	1512	5943.560821389725	3
10	1515	5948.610709568095	3
10	1516	5951.333337299558	3
10	1525	5982.952433863265	3
10	1527	5993.127206472302	3
10	1530	6010.452365671622	3
10	1533	6021.717857805846	3
10	1560	6123.460945426031	3
10	1569	6152.412803514928	3
10	1574	6164.681347366538	3
10	1580	6177.681570211088	3
10	1581	6178.304223265227	3
10	1586	6210.624642439124	3
10	1597	6266.427479839996	3
10	1620	6345.734893598573	3
10	1622	6349.787278843069	3
10	1641	6415.595301555637	3
10	1646	6431.925576254791	3
10	1647	6434.747091741946	3
10	1654	6456.847871977435	3
10	1657	6463.855808282151	3
10	1660	6475.308996062042	3
10	1662	6481.133905570068	3
10	1670	6515.277421329982	3
10	1672	6519.335206225847	3
10	1678	6538.156248658407	3
10	1685	6560.20010748225	3
10	1693	6594.335754775354	3
10	1719	6680.405451737474	3
10	1726	6700.390647693544	3
10	1730	6706.553641758013	3
10	1738	6737.160872017285	3
10	1749	6766.296904915404	3
10	1755	6786.60388812452	3
10	1763	6805.183364223097	3
10	1769	6811.343429052077	3
10	1777	6838.61448780082	3
10	1782	6858.839153559876	3
10	1786	6871.716472127257	3
10	1787	6873.035647079312	3
10	1807	6922.228590160642	3
10	1821	6975.619571529842	3
10	1827	6991.700993142768	3
10	1829	6992.275921565856	3
10	1831	6996.617429286003	3
10	1836	7012.358606852416	3
10	1839	7023.671367351568	3
10	1843	7031.961643075777	3
10	1849	7058.296968168152	3
10	1850	7066.907539963187	3
10	1858	7086.90456402351	3
10	1861	7092.099229407626	3
10	1865	7097.187887789508	3
10	1878	7129.546616334683	3
10	1889	7172.692776088728	3
10	1905	7205.091508352148	3
10	1926	7273.563770714665	3
10	1930	7285.002027955853	3
10	1936	7299.394709664926	3
10	1942	7311.631013045615	3
10	1943	7314.105590471051	3
10	1944	7314.450364014375	3
10	1954	7355.509625705826	3
10	1963	7393.187155785929	3
10	1967	7400.11964720801	3
10	1977	7424.711912964767	3
10	1983	7445.124042092262	3
10	1989	7468.134564899729	3
10	1990	7474.444241071119	3
10	1993	7484.354080773094	3
10	2002	7510.468474734977	3
10	2009	7524.639184230832	3
10	2017	7543.339824212784	3
10	2018	7545.674733425632	3
10	2035	7601.414213697219	3
10	2036	7603.072461439264	3
10	2041	7618.978937089438	3
10	2048	7632.251613485763	3
10	2066	7691.210161287652	3
10	2068	7696.650212187032	3
10	2073	7713.548562942594	3
10	2074	7713.966339155079	3
10	2088	7761.314426110914	3
10	2090	7770.210272298992	3
10	2092	7779.792110801371	3
10	2097	7798.395637624243	3
10	2098	7799.004035489724	3
10	2100	7803.540732745345	3
10	2107	7832.609654832085	3
10	2142	7980.657473321551	3
10	2159	8047.090742683927	3
10	2161	8051.1799508247	3
10	2162	8053.320434384971	3
10	2170	8084.896728837178	3
10	2180	8125.297959314284	3
10	2195	8170.251584234757	3
10	2198	8183.742706036588	3
10	2218	8245.999704172238	3
10	2233	8286.001622757484	3
10	2246	8301.027567428858	3
10	2252	8319.926321367994	3
10	2255	8339.083971935507	3
10	2257	8339.810726791612	3
10	2258	8346.841975050907	3
10	2268	8370.052899835816	3
10	2269	8371.562736737957	3
10	2277	8395.278306270221	3
10	2278	8395.600815547953	3
10	2286	8408.752865751492	3
10	2291	8423.820068012212	3
10	2303	8469.009701054589	3
10	2312	8485.149952275294	3
10	2322	8503.742348983018	3
10	2329	8515.509917652139	3
10	2344	8559.553228892307	3
10	2375	8645.220381198887	3
10	2378	8653.186560806477	3
10	2380	8656.304596328569	3
10	2387	8683.035550583897	3
10	2393	8703.241293113057	3
10	2397	8712.436976362419	3
10	2403	8728.824228937762	3
10	2406	8732.435584103994	3
10	2416	8765.987066401977	3
10	2417	8768.659313426186	3
10	2420	8785.95195727071	3
10	2423	8789.178394661797	3
10	2427	8812.468746694595	3
10	2430	8819.924405189193	3
10	2432	8821.542808975167	3
10	2458	8897.16201521836	3
10	2472	8938.044708440493	3
10	2473	8945.862600493578	3
10	2475	8956.170958547793	3
10	2488	9002.732077625059	3
10	2509	9061.605601221671	3
10	2523	9119.79795822318	3
10	2529	9135.562554328417	3
10	2537	9154.407847262424	3
10	2540	9171.566005392708	3
10	2542	9175.359747946222	3
10	2545	9185.334764002737	3
10	2551	9221.667489947008	3
10	2554	9233.010566893132	3
10	2560	9238.669499056782	3
10	2563	9247.312503785395	3
10	2572	9283.632143426319	3
10	2578	9309.118375680594	3
10	2589	9356.043079157916	3
10	2603	9408.107554190248	3
10	2615	9480.836213295818	3
10	2620	9490.708950734186	3
10	2641	9609.475166543381	3
10	2653	9676.416717305626	3
10	2657	9694.866821776358	3
10	2663	9721.624669817204	3
10	2664	9722.103851629708	3
10	2666	9725.747133806251	3
10	2671	9755.278977649108	3
10	2673	9761.148491921506	3
10	2683	9806.609932007212	3
10	2703	9869.095256392524	3
10	2710	9915.548158409426	3
10	2715	9933.259166618313	3
10	2716	9933.881974064692	3
10	2722	9952.237978107197	3
10	2732	10000.229230004477	3
10	2735	10021.857349250051	3
10	2743	10037.673556623879	3
10	2750	10064.324904584272	3
10	2758	10092.495111329847	3
10	2759	10097.007989598426	3
10	2768	10130.718791342876	3
10	2772	10148.970204547682	3
10	2774	10149.957478926805	3
10	2784	10180.697262401264	3
10	2807	10258.462496884367	3
10	2813	10286.2127427977	3
10	2818	10299.179205784129	3
10	2835	10360.276013264621	3
10	2838	10376.351344690412	3
10	2863	10486.615042821411	3
10	2867	10497.959596695952	3
10	2874	10525.815657584985	3
10	2891	10613.375263875546	3
10	2911	10696.000223223948	3
10	2913	10714.653474675921	3
10	2918	10725.103841120093	3
10	2919	10728.620441471512	3
10	2926	10773.564587018645	3
10	2928	10784.370284424058	3
10	2942	10824.298599721398	3
10	2948	10844.744994082327	3
10	2949	10861.753817536746	3
10	2950	10866.072110936327	3
10	2959	10888.90979246668	3
10	2970	10924.13460159529	3
10	2976	10938.752122068822	3
10	2992	10999.437317880277	3
10	3004	11038.676827509014	3
10	3005	11039.965792280346	3
10	3010	11070.50040830744	3
10	3018	11093.51162334835	3
10	3022	11107.45084971007	3
10	3024	11109.639563071068	3
10	3027	11123.578757599807	3
10	3028	11126.384252212568	3
10	3031	11140.559391540987	3
10	3034	11158.854682241993	3
10	3044	11179.665335712481	3
10	3047	11195.637835910535	3
10	3076	11277.438197208923	3
10	3089	11319.848284294983	3
10	3103	11370.747585454031	3
10	3112	11408.916715315589	3
10	3113	11411.884511887025	3
10	3117	11422.157037654786	3
10	3126	11460.338034364247	3
10	3129	11469.253414077525	3
10	3134	11476.200433987768	3
10	3135	11477.140110907432	3
10	3141	11508.584007264749	3
10	3156	11567.587038961624	3
10	3163	11578.019270248622	3
10	3166	11581.470104922547	3
10	3167	11586.226120478346	3
10	3168	11587.496555224039	3
10	3169	11597.616437467088	3
10	3186	11661.705350443299	3
10	3189	11669.377343322822	3
10	3204	11711.18159253474	3
10	3208	11729.391418674301	3
10	3211	11741.030094664841	3
10	3212	11741.849212124876	3
10	3215	11757.504156626574	3
10	3216	11761.510220178603	3
10	3241	11836.493283483271	3
10	3249	11858.039091316979	3
10	3253	11866.051176342277	3
10	3256	11878.76545533995	3
10	3266	11905.929212958726	3
10	3271	11920.675188122416	3
10	3281	11957.959293382748	3
10	3285	11968.176778455959	3
10	3294	12002.170323675722	3
10	3295	12005.336831750122	3
10	3297	12015.87606185733	3
10	3301	12023.326422997292	3
10	3305	12033.716441425379	3
10	3309	12051.604206654301	3
10	3310	12053.903387801454	3
10	3322	12098.806118208151	3
10	3329	12122.796571179067	3
10	3333	12134.295074179586	3
10	3336	12143.293120432878	3
10	3365	12242.089552906854	3
10	3369	12261.061521169049	3
10	3403	12367.072291264857	3
10	3406	12388.242065312413	3
10	3413	12416.441340530753	3
10	3415	12416.9204953838	3
10	3422	12441.961815764724	3
10	3427	12463.36526763532	3
10	3428	12464.523985664029	3
10	3436	12493.413639850052	3
10	3445	12535.646722042927	3
10	3456	12576.75042516642	3
10	3463	12602.28007049525	3
10	3466	12612.107353033154	3
10	3467	12622.590109944153	3
10	3469	12626.801497496084	3
10	3484	12696.822890295318	3
10	3497	12736.071189519877	3
10	3501	12758.229509457424	3
10	3504	12763.459818494302	3
10	3507	12777.111623807381	3
10	3508	12781.042837820878	3
10	3518	12814.030913409365	3
10	3527	12862.863282695588	3
10	3528	12863.784149204959	3
10	3538	12905.169676959168	3
10	3539	12908.024409138045	3
10	3540	12908.061196146204	3
10	3542	12915.248370542245	3
10	3544	12925.92540247566	3
10	3555	12968.811390696736	3
10	3558	12989.026830068484	3
10	3565	13007.960713546753	3
10	3578	13061.531747172945	3
10	3579	13061.586076018631	3
10	3595	13115.722695336932	3
10	3598	13132.821392344345	3
10	3608	13190.41618360699	3
10	3609	13193.203528894312	3
10	3610	13193.925639877029	3
10	3618	13211.400828613125	3
10	3621	13235.103242210061	3
10	3624	13244.753150222517	3
10	3636	13303.06072875544	3
10	3645	13338.169626451892	3
10	3651	13357.480496723271	3
10	3657	13376.529073285031	3
10	3665	13405.497687692949	3
10	3667	13406.903774688201	3
10	3672	13427.238321947211	3
10	3678	13455.729239633734	3
10	3679	13457.78490841832	3
10	3691	13499.610262378466	3
10	3693	13502.630149574046	3
10	3696	13510.359700342573	3
10	3713	13565.751016447034	3
10	3717	13576.357761314339	3
10	3723	13601.978630563245	3
10	3729	13628.508745735891	3
10	3731	13634.627592815478	3
10	3737	13652.7650201924	3
10	3740	13664.374989399196	3
10	3746	13684.945969519572	3
10	3747	13688.412065637352	3
10	3751	13700.230173162783	3
10	3752	13700.49892373073	3
10	3758	13719.230912591293	3
10	3774	13780.892972434356	3
10	3778	13791.967028345873	3
10	3780	13798.424717876051	3
10	3797	13852.196599304149	3
10	3799	13856.463876805799	3
10	3802	13871.48681090076	3
10	3818	13923.012329099171	3
10	3820	13935.263329383153	3
10	3824	13945.72060928328	3
10	3825	13952.196387454016	3
10	3827	13956.166690384558	3
10	3831	13973.642609756945	3
10	3839	14003.827064628415	3
10	3845	14023.751518433764	3
10	3850	14042.856328240496	3
10	3863	14086.862469329616	3
10	3868	14112.161498416794	3
10	3881	14155.861243071683	3
10	3882	14165.031367444051	3
10	3885	14176.932899456568	3
10	3890	14193.56384345388	3
10	3901	14243.614664884549	3
10	3911	14295.050195021181	3
10	3940	14424.481658303408	3
10	3944	14446.337783621717	3
10	3945	14446.974724570744	3
10	3947	14488.806442993438	3
10	3953	14505.424939021255	3
10	3955	14509.178242633387	3
10	3962	14537.293328196165	3
10	3975	14596.27542157706	3
10	3982	14615.176175189852	3
10	3990	14658.403113456129	3
10	4002	14702.434014741007	3
10	4019	14765.74719984965	3
10	4024	14783.706147377536	3
10	4027	14799.767210790915	3
10	4036	14824.1518872499	3
10	4039	14840.661380779051	3
10	4040	14845.615372438661	3
10	4042	14846.53308712307	3
10	4046	14871.028574347943	3
10	4053	14891.972391393907	3
10	4059	14917.508823321862	3
10	4074	14983.297125413887	3
10	4089	15017.930018257298	3
10	4091	15022.134838813633	3
10	4116	15097.420299521837	3
10	4130	15136.652830088112	3
10	4132	15138.28053353245	3
10	4135	15150.509570134895	3
10	4140	15172.534836092265	3
10	4144	15183.420560914475	3
10	4154	15213.278346595318	3
10	4157	15214.463617336668	3
10	4163	15240.241567140394	3
10	4165	15248.578849084091	3
10	4166	15250.764979450751	3
10	4168	15256.235316334336	3
10	4169	15259.442396208984	3
10	4170	15267.021132458628	3
10	4176	15296.696016220628	3
10	4181	15313.304855744429	3
10	4184	15316.355236456488	3
10	4185	15317.051439419905	3
10	4188	15337.64017446589	3
10	4201	15386.264656923577	3
10	4207	15411.514916506305	3
10	4222	15486.851000491159	3
10	4225	15497.580010327268	3
10	4251	15624.971279210898	3
10	4264	15698.91819517348	3
10	4271	15724.422643372259	3
10	4276	15745.713360319876	3
10	4278	15758.727701526302	3
10	4279	15760.564058280038	3
10	4291	15799.56579060876	3
10	4294	15815.634337111287	3
10	4307	15868.045916917717	3
10	4322	15929.824835261426	3
10	4330	15954.709071566407	3
10	4335	15994.185258903607	3
10	4350	16040.010927225362	3
10	4358	16092.234397420357	3
10	4361	16100.763423828234	3
10	4363	16102.910970091006	3
10	4364	16107.846161638322	3
10	4367	16110.683744026885	3
10	4376	16144.605891456888	3
10	4390	16209.9276601648	3
10	4404	16256.618713246764	3
10	4405	16269.571502694233	3
10	4417	16320.273413181788	3
10	4422	16341.364820203327	3
10	4440	16403.872731507811	3
10	4450	16426.082450796754	3
10	4451	16430.321718446711	3
10	4453	16439.504109059119	3
10	4457	16447.999506893281	3
10	4470	16488.497996660935	3
10	4472	16503.291290263234	3
10	4475	16516.218649265435	3
10	4486	16543.790821107483	3
10	4487	16549.45779379239	3
10	4498	16569.170746474394	3
10	4499	16576.398811112378	3
10	4510	16622.265048787547	3
10	4511	16623.593802125863	3
10	4514	16627.988989260088	3
10	4523	16662.198731877577	3
10	4524	16662.479685858331	3
10	4530	16688.336737884358	3
10	4531	16688.836155670777	3
10	4540	16730.439515429036	3
10	4551	16761.153698012449	3
10	4562	16798.824419051515	3
10	4563	16805.325768621983	3
10	4570	16844.214439518947	3
10	4576	16863.961935022773	3
10	4581	16885.550756207064	3
10	4589	16913.77260153252	3
10	4596	16982.274610013201	3
10	4608	17058.784674517511	3
10	4611	17082.367131842447	3
10	4617	17112.84631206541	3
10	4627	17166.776108363691	3
10	4635	17213.508143897817	3
10	4644	17259.6743477708	3
10	4651	17305.305312026652	3
10	4657	17324.15706705103	3
10	4658	17326.849828020982	3
10	4676	17418.328027604607	3
10	4679	17432.214885612944	3
10	4680	17433.466503431642	3
10	4682	17438.321664417304	3
10	4690	17483.879644484857	3
10	4708	17551.691164493175	3
10	4710	17555.580396273919	3
10	4716	17573.783281040715	3
10	4717	17579.878118664423	3
10	4720	17597.980609710677	3
10	4728	17620.568677778484	3
10	4736	17641.196110798433	3
10	4738	17643.663279217662	3
10	4760	17715.928424518847	3
10	4770	17744.148095557881	3
10	4774	17754.968134489008	3
10	4782	17772.809358516589	3
10	4787	17793.790982444591	3
10	4793	17809.861770469946	3
10	4795	17812.289029486287	3
10	4800	17828.789135298853	3
10	4804	17846.247586180326	3
10	4810	17873.762280887882	3
10	4814	17891.004390546135	3
10	4818	17900.292238542908	3
10	4831	17938.179815425367	3
10	4832	17948.665578164905	3
10	4846	17984.765872094517	3
10	4856	18010.883079745203	3
10	4858	18016.737614975603	3
10	4873	18061.478425346486	3
10	4885	18100.131218573007	3
10	4886	18102.858222536297	3
10	4892	18117.690312652478	3
10	4894	18119.90958373225	3
10	4904	18152.765022365983	3
10	4911	18166.622447784047	3
10	4915	18176.760916545666	3
10	4916	18178.727306486226	3
10	4919	18198.141970336006	3
10	4930	18213.726153752479	3
10	4935	18224.317816088221	3
10	4940	18251.618047676011	3
10	4942	18254.081300110447	3
10	4964	18307.156662914861	3
10	4969	18323.146447809634	3
10	4974	18339.441131518455	3
10	4982	18357.711710503605	3
10	4989	18375.234138565461	3
10	4996	18397.751173431372	3
10	5004	18414.031057839947	3
10	5012	18449.300883242271	3
10	5015	18455.123337081152	3
10	5018	18460.159441365296	3
10	5021	18465.680511761107	3
10	5025	18478.948945589967	3
10	5036	18513.022071216333	3
10	5039	18516.86315144819	3
10	5046	18546.310247812505	3
10	5062	18598.133013198293	3
10	5070	18617.548444295019	3
10	5097	18703.377874754365	3
10	5098	18703.454945130081	3
10	5099	18708.67089356012	3
10	5105	18737.13336955667	3
10	5107	18741.583722726765	3
10	5112	18758.048764240711	3
10	5120	18779.463309764553	3
10	5122	18789.813618218531	3
10	5136	18854.635841091887	3
10	5141	18864.859212274007	3
10	5144	18878.429568945254	3
10	5149	18892.394406057782	3
10	5152	18895.300495119949	3
10	5181	19000.805929688502	3
10	5189	19063.548221941838	3
10	5190	19064.850601899211	3
10	5192	19068.428355812049	3
10	5194	19080.871701717967	3
10	5197	19083.139041796266	3
10	5201	19098.372267069937	3
10	5208	19123.781905554032	3
10	5212	19155.239104642295	3
10	5213	19162.952867917858	3
10	5220	19184.44250216098	3
10	5222	19195.484440983112	3
10	5227	19204.325519247823	3
10	5234	19241.092248438257	3
10	5235	19248.360997975421	3
10	5242	19281.334919189264	3
10	5249	19303.046671072826	3
10	5251	19304.728555930378	3
10	5267	19383.272631139063	3
10	5272	19403.641611647205	3
10	5278	19421.389027063724	3
10	5280	19429.069823229352	3
10	5290	19458.291006007881	3
10	5299	19508.218564199282	3
10	5308	19532.67084507666	3
10	5312	19539.207035219105	3
10	5315	19544.135735937727	3
10	5316	19548.707185102301	3
10	5323	19582.393749093095	3
10	5346	19649.04931515003	3
10	5350	19664.075232297624	3
10	5353	19683.168250100677	3
10	5355	19687.48310411765	3
10	5363	19726.747333144258	3
10	5376	19763.246538422179	3
10	5386	19791.224894958922	3
10	5399	19845.976096964753	3
10	5415	19877.975055945163	3
10	5427	19907.076625070721	3
10	5428	19913.419248360942	3
10	5429	19915.719847852434	3
10	5433	19936.92637297612	3
10	5435	19942.864760586193	3
10	5436	19948.338451116053	3
10	5437	19948.721129962818	3
10	5440	19949.909222723136	3
10	5444	19955.316504462981	3
10	5446	19957.827846738288	3
10	5451	19973.723212481129	3
10	5459	19993.952487811588	3
11	240	1004.27603224351	28759
11	242	1007.568447661812	28756
11	258	1067.607714178037	28758
11	259	1071.927079295007	28772
11	270	1132.401207534697	28761
11	276	1141.505089896179	28771
11	287	1192.837313707503	28768
11	295	1238.069088632922	28770
11	302	1247.252325145894	28775
11	304	1262.871149124353	28766
11	309	1287.528193056967	28773
11	317	1314.672206236653	28780
11	334	1383.992261606195	28784
11	337	1395.057832895876	28779
11	339	1407.823354868837	28774
11	345	1433.570584278622	28789
11	353	1463.820674438502	28782
11	357	1495.987437282435	28785
11	361	1517.049929027876	28786
11	362	1518.814802064575	28787
11	384	1622.737597192287	28788
11	390	1644.084845618149	28792
11	392	1646.461191205719	28790
11	396	1656.26792153237	28799
11	398	1660.532668035839	28795
11	404	1710.76072283591	28800
11	405	1712.218995403138	28797
11	418	1744.777623089963	28802
11	422	1755.061657441765	28794
11	438	1820.579221576297	28806
11	444	1839.262916406929	28791
11	452	1856.37818575086	28793
11	453	1857.582054240215	28811
11	455	1860.038351044023	28803
11	459	1873.71414380495	28812
11	460	1875.136370115307	28813
11	464	1908.768934951809	28805
11	472	1940.072221728653	28809
11	477	1948.11651618441	28817
11	487	1968.977516773798	28819
11	493	1994.656999735664	28815
11	507	2058.150536170691	28818
11	513	2074.481401572461	28804
11	522	2118.611697404835	28826
11	525	2143.053173966088	28821
11	532	2169.671398643515	28823
11	538	2190.430702075691	28828
11	554	2285.063392051402	28831
11	559	2322.265143787575	28832
11	560	2323.401775344633	28829
11	572	2424.347343033321	28825
11	579	2463.838706063309	28834
11	593	2531.859159591152	28833
11	597	2546.200256124235	28840
11	603	2567.614165919777	28842
11	614	2624.84833040964	28838
11	622	2642.610383338188	28845
11	624	2648.441110804091	28846
11	626	2664.539099054884	28847
11	628	2668.625722299339	28841
11	631	2673.941378776528	28843
11	647	2736.503294454683	28856
11	665	2797.845835394831	28858
11	670	2813.438105207117	28853
11	675	2830.134951472041	28854
11	677	2835.4437013021	28855
11	691	2881.254509999308	28849
11	694	2885.040229637968	28850
11	696	2894.271343179914	28857
11	706	2929.347913715823	28868
11	711	2945.609806479209	28844
11	725	2989.628831731061	28872
11	726	2994.303896506704	28873
11	728	3001.684588175003	28866
11	734	3019.730344006619	28859
11	740	3040.683145546082	28862
11	750	3080.632132972793	28870
11	751	3081.261827262518	28864
11	760	3106.755993013581	28867
11	761	3114.053204574589	28877
11	763	3121.441432595605	28878
11	773	3164.130727123677	28869
11	774	3165.484976643768	28880
11	817	3347.970350768888	28887
11	823	3362.558893303063	28890
11	825	3369.475195675257	28884
11	832	3413.172624664354	28892
11	834	3418.454000288234	28894
11	839	3442.429342378515	28886
11	843	3454.619544118011	28888
11	852	3481.916830270535	28897
11	874	3563.556999362561	28881
11	887	3600.515994718394	28899
11	911	3688.209872894716	28898
11	916	3714.517745462492	28905
11	922	3733.394063433439	28900
11	926	3760.327372845034	28896
11	929	3768.273321660598	28914
11	936	3786.814448992582	28910
11	939	3794.112076534427	28903
11	940	3797.290980045988	28911
11	961	3887.203487573762	28902
11	968	3919.139848116423	28915
11	972	3941.502361728511	28917
11	984	3982.500113726106	28919
11	986	3983.858908017957	28920
11	1016	4071.244206779989	28918
11	1026	4101.333092494316	28933
11	1029	4108.190160075203	28925
11	1035	4117.387325383456	28938
11	1058	4199.66142063692	28932
11	1066	4211.733759586346	28936
11	1067	4216.118925045213	28947
11	1068	4216.838449903372	28937
11	1081	4265.177630260184	28943
11	1084	4273.007821425168	28929
11	1089	4288.869861954003	28931
11	1093	4307.344382669427	28934
11	1105	4339.386319462792	28940
11	1108	4356.334948688269	28954
11	1118	4393.013948326077	28951
11	1122	4412.489479964422	28952
11	1123	4413.105790844709	28956
11	1124	4415.986823044308	28946
11	1130	4425.018653214597	28953
11	1132	4436.982386802993	28939
11	1136	4461.971471361549	28957
11	1137	4466.826204008339	28949
11	1138	4468.157948429302	28958
11	1151	4525.39028792144	28959
11	1164	4587.88347462252	28955
11	1196	4743.370950031703	28970
11	1198	4760.300630426392	28971
11	1202	4770.571276560396	28964
11	1210	4788.107536365583	28967
11	1227	4863.518428562813	28976
11	1239	4886.901551842702	28979
11	1244	4907.123517031245	28968
11	1257	4958.488352146637	28962
11	1259	4965.593426663277	28985
11	1273	5004.014182233036	28980
11	1275	5006.415804711933	28987
11	1279	5023.035062180578	28982
11	1282	5038.527474727343	28984
11	1302	5084.795263740904	28995
11	1315	5138.645011969745	28996
11	1319	5147.494392458124	28974
11	1326	5166.642427700328	28998
11	1332	5177.615437068995	28977
11	1344	5217.487326301134	28988
11	1353	5253.548764834343	28997
11	1356	5263.997584937758	28991
11	1357	5268.196854484045	28992
11	1359	5270.076476039416	29007
11	1367	5283.006860433387	28986
11	1375	5309.266688926279	29010
11	1392	5376.788808084218	28993
11	1393	5377.688681818888	28999
11	1401	5411.349645858899	29002
11	1407	5449.493707118063	29004
11	1408	5450.392940623813	29005
11	1410	5458.205008937413	29013
11	1430	5549.529406719917	29012
11	1445	5613.477277539565	29009
11	1473	5765.85391804051	29017
11	1475	5771.791616051621	29019
11	1479	5815.276699987401	29023
11	1481	5816.395973210585	29027
11	1483	5831.272937878099	29018
11	1484	5836.268659394071	29025
11	1485	5838.195447185418	29020
11	1487	5842.411757363012	29021
11	1498	5891.448731386077	29026
11	1502	5909.209965019055	29033
11	1512	5943.560821389725	29028
11	1515	5948.610709568095	29029
11	1516	5951.333337299558	29030
11	1525	5982.952433863265	29037
11	1527	5993.127206472302	29039
11	1530	6010.452365671622	29022
11	1533	6021.717857805846	29024
11	1560	6123.460945426031	29048
11	1569	6152.412803514928	29035
11	1574	6164.681347366538	29049
11	1580	6177.681570211088	29046
11	1581	6178.304223265227	29047
11	1586	6210.624642439124	29052
11	1597	6266.427479839996	29057
11	1620	6345.734893598573	29054
11	1622	6349.787278843069	29042
11	1641	6415.595301555637	29065
11	1646	6431.925576254791	29053
11	1647	6434.747091741946	29068
11	1654	6456.847871977435	29070
11	1657	6463.855808282151	29072
11	1660	6475.308996062042	29073
11	1662	6481.133905570068	29074
11	1670	6515.277421329982	29051
11	1672	6519.335206225847	29066
11	1678	6538.156248658407	29076
11	1685	6560.20010748225	29071
11	1693	6594.335754775354	29061
11	1719	6680.405451737474	29060
11	1726	6700.390647693544	29083
11	1730	6706.553641758013	29062
11	1738	6737.160872017285	29067
11	1749	6766.296904915404	29088
11	1755	6786.60388812452	29081
11	1763	6805.183364223097	29084
11	1769	6811.343429052077	29079
11	1777	6838.61448780082	29095
11	1782	6858.839153559876	29077
11	1786	6871.716472127257	29096
11	1787	6873.035647079312	29097
11	1807	6922.228590160642	29103
11	1821	6975.619571529842	29107
11	1827	6991.700993142768	29099
11	1829	6992.275921565856	29109
11	1831	6996.617429286003	29082
11	1836	7012.358606852416	29091
11	1839	7023.671367351568	29093
11	1843	7031.961643075777	29085
11	1849	7058.296968168152	29106
11	1850	7066.907539963187	29087
11	1858	7086.90456402351	29110
11	1861	7092.099229407626	29111
11	1865	7097.187887789508	29100
11	1878	7129.546616334683	29113
11	1889	7172.692776088728	29117
11	1905	7205.091508352148	29121
11	1926	7273.563770714665	29127
11	1930	7285.002027955853	29118
11	1936	7299.394709664926	29128
11	1942	7311.631013045615	29130
11	1943	7314.105590471051	29122
11	1944	7314.450364014375	29131
11	1954	7355.509625705826	29134
11	1963	7393.187155785929	29119
11	1967	7400.11964720801	29120
11	1977	7424.711912964767	29132
11	1983	7445.124042092262	29125
11	1989	7468.134564899729	29126
11	1990	7474.444241071119	29135
11	1993	7484.354080773094	29138
11	2002	7510.468474734977	29129
11	2009	7524.639184230832	29142
11	2017	7543.339824212784	29133
11	2018	7545.674733425632	29144
11	2035	7601.414213697219	29136
11	2036	7603.072461439264	29140
11	2041	7618.978937089438	29150
11	2048	7632.251613485763	29152
11	2066	7691.210161287652	29156
11	2068	7696.650212187032	29139
11	2073	7713.548562942594	29158
11	2074	7713.966339155079	29149
11	2088	7761.314426110914	29154
11	2090	7770.210272298992	29145
11	2092	7779.792110801371	29155
11	2097	7798.395637624243	29157
11	2098	7799.004035489724	29161
11	2100	7803.540732745345	29148
11	2107	7832.609654832085	29151
11	2142	7980.657473321551	29167
11	2159	8047.090742683927	29166
11	2161	8051.1799508247	29162
11	2162	8053.320434384971	29159
11	2170	8084.896728837178	29173
11	2180	8125.297959314284	29170
11	2195	8170.251584234757	29163
11	2198	8183.742706036588	29172
11	2218	8245.999704172238	29187
11	2233	8286.001622757484	29171
11	2246	8301.027567428858	29182
11	2252	8319.926321367994	29184
11	2255	8339.083971935507	29175
11	2257	8339.810726791612	29185
11	2258	8346.841975050907	29186
11	2268	8370.052899835816	29180
11	2269	8371.562736737957	29197
11	2277	8395.278306270221	29181
11	2278	8395.600815547953	29191
11	2286	8408.752865751492	29204
11	2291	8423.820068012212	29194
11	2303	8469.009701054589	29196
11	2312	8485.149952275294	29198
11	2322	8503.742348983018	29203
11	2329	8515.509917652139	29205
11	2344	8559.553228892307	29195
11	2375	8645.220381198887	29207
11	2378	8653.186560806477	29222
11	2380	8656.304596328569	29223
11	2387	8683.035550583897	29214
11	2393	8703.241293113057	29209
11	2397	8712.436976362419	29218
11	2403	8728.824228937762	29225
11	2406	8732.435584103994	29211
11	2416	8765.987066401977	29229
11	2417	8768.659313426186	29224
11	2420	8785.95195727071	29213
11	2423	8789.178394661797	29217
11	2427	8812.468746694595	29210
11	2430	8819.924405189193	29219
11	2432	8821.542808975167	29232
11	2458	8897.16201521836	29230
11	2472	8938.044708440493	29226
11	2473	8945.862600493578	29234
11	2475	8956.170958547793	29227
11	2488	9002.732077625059	29246
11	2509	9061.605601221671	29248
11	2523	9119.79795822318	29249
11	2529	9135.562554328417	29233
11	2537	9154.407847262424	29235
11	2540	9171.566005392708	29255
11	2542	9175.359747946222	29256
11	2545	9185.334764002737	29237
11	2551	9221.667489947008	29247
11	2554	9233.010566893132	29260
11	2560	9238.669499056782	29250
11	2563	9247.312503785395	29252
11	2572	9283.632143426319	29262
11	2578	9309.118375680594	29258
11	2589	9356.043079157916	29265
11	2603	9408.107554190248	29257
11	2615	9480.836213295818	29270
11	2620	9490.708950734186	29267
11	2641	9609.475166543381	29273
11	2653	9676.416717305626	29266
11	2657	9694.866821776358	29271
11	2663	9721.624669817204	29279
11	2664	9722.103851629708	29280
11	2666	9725.747133806251	29281
11	2671	9755.278977649108	29276
11	2673	9761.148491921506	29277
11	2683	9806.609932007212	29285
11	2703	9869.095256392524	29283
11	2710	9915.548158409426	29286
11	2715	9933.259166618313	29282
11	2716	9933.881974064692	29287
11	2722	9952.237978107197	29289
11	2732	10000.229230004477	29298
11	2735	10021.857349250051	29299
11	2743	10037.673556623879	29293
11	2750	10064.324904584272	29290
11	2758	10092.495111329847	29284
11	2759	10097.007989598426	29296
11	2768	10130.718791342876	29304
11	2772	10148.970204547682	29305
11	2774	10149.957478926805	29294
11	2784	10180.697262401264	29292
11	2807	10258.462496884367	29295
11	2813	10286.2127427977	29307
11	2818	10299.179205784129	29317
11	2835	10360.276013264621	29314
11	2838	10376.351344690412	29315
11	2863	10486.615042821411	29325
11	2867	10497.959596695952	29316
11	2874	10525.815657584985	29322
11	2891	10613.375263875546	29321
11	2911	10696.000223223948	29329
11	2913	10714.653474675921	29337
11	2918	10725.103841120093	29331
11	2919	10728.620441471512	29332
11	2926	10773.564587018645	29335
11	2928	10784.370284424058	29328
11	2942	10824.298599721398	29338
11	2948	10844.744994082327	29333
11	2949	10861.753817536746	29339
11	2950	10866.072110936327	29345
11	2959	10888.90979246668	29348
11	2970	10924.13460159529	29349
11	2976	10938.752122068822	29351
11	2992	10999.437317880277	29340
11	3004	11038.676827509014	29350
11	3005	11039.965792280346	29360
11	3010	11070.50040830744	29352
11	3018	11093.51162334835	29356
11	3022	11107.45084971007	29342
11	3024	11109.639563071068	29362
11	3027	11123.578757599807	29359
11	3028	11126.384252212568	29364
11	3031	11140.559391540987	29344
11	3034	11158.854682241993	29365
11	3044	11179.665335712481	29354
11	3047	11195.637835910535	29346
11	3076	11277.438197208923	29353
11	3089	11319.848284294983	29373
11	3103	11370.747585454031	29368
11	3112	11408.916715315589	29383
11	3113	11411.884511887025	29371
11	3117	11422.157037654786	29372
11	3126	11460.338034364247	29377
11	3129	11469.253414077525	29367
11	3134	11476.200433987768	29369
11	3135	11477.140110907432	29380
11	3141	11508.584007264749	29382
11	3156	11567.587038961624	29378
11	3163	11578.019270248622	29379
11	3166	11581.470104922547	29370
11	3167	11586.226120478346	29390
11	3168	11587.496555224039	29391
11	3169	11597.616437467088	29392
11	3186	11661.705350443299	29376
11	3189	11669.377343322822	29396
11	3204	11711.18159253474	29381
11	3208	11729.391418674301	29385
11	3211	11741.030094664841	29386
11	3212	11741.849212124876	29393
11	3215	11757.504156626574	29395
11	3216	11761.510220178603	29400
11	3241	11836.493283483271	29405
11	3249	11858.039091316979	29394
11	3253	11866.051176342277	29407
11	3256	11878.76545533995	29408
11	3266	11905.929212958726	29410
11	3271	11920.675188122416	29404
11	3281	11957.959293382748	29399
11	3285	11968.176778455959	29406
11	3294	12002.170323675722	29403
11	3295	12005.336831750122	29409
11	3297	12015.87606185733	29397
11	3301	12023.326422997292	29419
11	3305	12033.716441425379	29421
11	3309	12051.604206654301	29412
11	3310	12053.903387801454	29413
11	3322	12098.806118208151	29417
11	3329	12122.796571179067	29411
11	3333	12134.295074179586	29420
11	3336	12143.293120432878	29425
11	3365	12242.089552906854	29422
11	3369	12261.061521169049	29431
11	3403	12367.072291264857	29432
11	3406	12388.242065312413	29441
11	3413	12416.441340530753	29434
11	3415	12416.9204953838	29435
11	3422	12441.961815764724	29445
11	3427	12463.36526763532	29446
11	3428	12464.523985664029	29439
11	3436	12493.413639850052	29447
11	3445	12535.646722042927	29444
11	3456	12576.75042516642	29440
11	3463	12602.28007049525	29448
11	3466	12612.107353033154	29453
11	3467	12622.590109944153	29443
11	3469	12626.801497496084	29437
11	3484	12696.822890295318	29454
11	3497	12736.071189519877	29459
11	3501	12758.229509457424	29460
11	3504	12763.459818494302	29462
11	3507	12777.111623807381	29451
11	3508	12781.042837820878	29452
11	3518	12814.030913409365	29458
11	3527	12862.863282695588	29465
11	3528	12863.784149204959	29461
11	3538	12905.169676959168	29463
11	3539	12908.024409138045	29455
11	3540	12908.061196146204	29456
11	3542	12915.248370542245	29457
11	3544	12925.92540247566	29469
11	3555	12968.811390696736	29466
11	3558	12989.026830068484	29467
11	3565	13007.960713546753	29468
11	3578	13061.531747172945	29476
11	3579	13061.586076018631	29472
11	3595	13115.722695336932	29480
11	3598	13132.821392344345	29470
11	3608	13190.41618360699	29484
11	3609	13193.203528894312	29477
11	3610	13193.925639877029	29478
11	3618	13211.400828613125	29485
11	3621	13235.103242210061	29475
11	3624	13244.753150222517	29487
11	3636	13303.06072875544	29473
11	3645	13338.169626451892	29486
11	3651	13357.480496723271	29481
11	3657	13376.529073285031	29483
11	3665	13405.497687692949	29488
11	3667	13406.903774688201	29489
11	3672	13427.238321947211	29494
11	3678	13455.729239633734	29491
11	3679	13457.78490841832	29492
11	3691	13499.610262378466	29503
11	3693	13502.630149574046	29504
11	3696	13510.359700342573	29505
11	3713	13565.751016447034	29497
11	3717	13576.357761314339	29508
11	3723	13601.978630563245	29502
11	3729	13628.508745735891	29509
11	3731	13634.627592815478	29510
11	3737	13652.7650201924	29495
11	3740	13664.374989399196	29496
11	3746	13684.945969519572	29514
11	3747	13688.412065637352	29515
11	3751	13700.230173162783	29500
11	3752	13700.49892373073	29501
11	3758	13719.230912591293	29493
11	3774	13780.892972434356	29507
11	3778	13791.967028345873	29519
11	3780	13798.424717876051	29521
11	3797	13852.196599304149	29524
11	3799	13856.463876805799	29513
11	3802	13871.48681090076	29525
11	3818	13923.012329099171	29522
11	3820	13935.263329383153	29529
11	3824	13945.72060928328	29530
11	3825	13952.196387454016	29511
11	3827	13956.166690384558	29517
11	3831	13973.642609756945	29532
11	3839	14003.827064628415	29520
11	3845	14023.751518433764	29516
11	3850	14042.856328240496	29535
11	3863	14086.862469329616	29518
11	3868	14112.161498416794	29538
11	3881	14155.861243071683	29540
11	3882	14165.031367444051	29541
11	3885	14176.932899456568	29542
11	3890	14193.56384345388	29537
11	3901	14243.614664884549	29539
11	3911	14295.050195021181	29548
11	3940	14424.481658303408	29550
11	3944	14446.337783621717	29551
11	3945	14446.974724570744	29545
11	3947	14488.806442993438	29556
11	3953	14505.424939021255	29558
11	3955	14509.178242633387	29559
11	3962	14537.293328196165	29561
11	3975	14596.27542157706	29552
11	3982	14615.176175189852	29563
11	3990	14658.403113456129	29564
11	4002	14702.434014741007	29570
11	4019	14765.74719984965	29565
11	4024	14783.706147377536	29574
11	4027	14799.767210790915	29575
11	4036	14824.1518872499	29571
11	4039	14840.661380779051	29579
11	4040	14845.615372438661	29572
11	4042	14846.53308712307	29580
11	4046	14871.028574347943	29573
11	4053	14891.972391393907	29569
11	4059	14917.508823321862	29583
11	4074	14983.297125413887	29566
11	4089	15017.930018257298	29578
11	4091	15022.134838813633	29584
11	4116	15097.420299521837	29592
11	4130	15136.652830088112	29585
11	4132	15138.28053353245	29598
11	4135	15150.509570134895	29600
11	4140	15172.534836092265	29603
11	4144	15183.420560914475	29581
11	4154	15213.278346595318	29608
11	4157	15214.463617336668	29595
11	4163	15240.241567140394	29597
11	4165	15248.578849084091	29599
11	4166	15250.764979450751	29589
11	4168	15256.235316334336	29601
11	4169	15259.442396208984	29609
11	4170	15267.021132458628	29602
11	4176	15296.696016220628	29606
11	4181	15313.304855744429	29610
11	4184	15316.355236456488	29611
11	4185	15317.051439419905	29594
11	4188	15337.64017446589	29612
11	4201	15386.264656923577	29590
11	4207	15411.514916506305	29613
11	4222	15486.851000491159	29615
11	4225	15497.580010327268	29605
11	4251	15624.971279210898	29618
11	4264	15698.91819517348	29622
11	4271	15724.422643372259	29625
11	4276	15745.713360319876	29617
11	4278	15758.727701526302	29626
11	4279	15760.564058280038	29619
11	4291	15799.56579060876	29630
11	4294	15815.634337111287	29624
11	4307	15868.045916917717	29627
11	4322	15929.824835261426	29638
11	4330	15954.709071566407	29640
11	4335	15994.185258903607	29635
11	4350	16040.010927225362	29644
11	4358	16092.234397420357	29634
11	4361	16100.763423828234	29636
11	4363	16102.910970091006	29629
11	4364	16107.846161638322	29642
11	4367	16110.683744026885	29645
11	4376	16144.605891456888	29646
11	4390	16209.9276601648	29651
11	4404	16256.618713246764	29648
11	4405	16269.571502694233	29654
11	4417	16320.273413181788	29652
11	4422	16341.364820203327	29643
11	4440	16403.872731507811	29650
11	4450	16426.082450796754	29657
11	4451	16430.321718446711	29663
11	4453	16439.504109059119	29653
11	4457	16447.999506893281	29658
11	4470	16488.497996660935	29659
11	4472	16503.291290263234	29660
11	4475	16516.218649265435	29661
11	4486	16543.790821107483	29675
11	4487	16549.45779379239	29664
11	4498	16569.170746474394	29669
11	4499	16576.398811112378	29670
11	4510	16622.265048787547	29671
11	4511	16623.593802125863	29672
11	4514	16627.988989260088	29662
11	4523	16662.198731877577	29676
11	4524	16662.479685858331	29677
11	4530	16688.336737884358	29678
11	4531	16688.836155670777	29684
11	4540	16730.439515429036	29681
11	4551	16761.153698012449	29683
11	4562	16798.824419051515	29685
11	4563	16805.325768621983	29689
11	4570	16844.214439518947	29690
11	4576	16863.961935022773	29682
11	4581	16885.550756207064	29687
11	4589	16913.77260153252	29680
11	4596	16982.274610013201	29693
11	4608	17058.784674517511	29691
11	4611	17082.367131842447	29695
11	4617	17112.84631206541	29694
11	4627	17166.776108363691	29698
11	4635	17213.508143897817	29700
11	4644	17259.6743477708	29705
11	4651	17305.305312026652	29706
11	4657	17324.15706705103	29709
11	4658	17326.849828020982	29701
11	4676	17418.328027604607	29712
11	4679	17432.214885612944	29702
11	4680	17433.466503431642	29703
11	4682	17438.321664417304	29710
11	4690	17483.879644484857	29716
11	4708	17551.691164493175	29719
11	4710	17555.580396273919	29714
11	4716	17573.783281040715	29711
11	4717	17579.878118664423	29720
11	4720	17597.980609710677	29721
11	4728	17620.568677778484	29708
11	4736	17641.196110798433	29726
11	4738	17643.663279217662	29718
11	4760	17715.928424518847	29734
11	4770	17744.148095557881	29725
11	4774	17754.968134489008	29727
11	4782	17772.809358516589	29730
11	4787	17793.790982444591	29731
11	4793	17809.861770469946	29732
11	4795	17812.289029486287	29733
11	4800	17828.789135298853	29723
11	4804	17846.247586180326	29736
11	4810	17873.762280887882	29729
11	4814	17891.004390546135	29738
11	4818	17900.292238542908	29740
11	4831	17938.179815425367	29735
11	4832	17948.665578164905	29724
11	4846	17984.765872094517	29744
11	4856	18010.883079745203	29745
11	4858	18016.737614975603	29747
11	4873	18061.478425346486	29755
11	4885	18100.131218573007	29748
11	4886	18102.858222536297	29739
11	4892	18117.690312652478	29746
11	4894	18119.90958373225	29761
11	4904	18152.765022365983	29753
11	4911	18166.622447784047	29756
11	4915	18176.760916545666	29742
11	4916	18178.727306486226	29757
11	4919	18198.141970336006	29758
11	4930	18213.726153752479	29760
11	4935	18224.317816088221	29749
11	4940	18251.618047676011	29768
11	4942	18254.081300110447	29769
11	4964	18307.156662914861	29776
11	4969	18323.146447809634	29766
11	4974	18339.441131518455	29762
11	4982	18357.711710503605	29752
11	4989	18375.234138565461	29779
11	4996	18397.751173431372	29781
11	5004	18414.031057839947	29765
11	5012	18449.300883242271	29785
11	5015	18455.123337081152	29778
11	5018	18460.159441365296	29770
11	5021	18465.680511761107	29787
11	5025	18478.948945589967	29773
11	5036	18513.022071216333	29764
11	5039	18516.86315144819	29777
11	5046	18546.310247812505	29784
11	5062	18598.133013198293	29794
11	5070	18617.548444295019	29790
11	5097	18703.377874754365	29800
11	5098	18703.454945130081	29801
11	5099	18708.67089356012	29782
11	5105	18737.13336955667	29803
11	5107	18741.583722726765	29804
11	5112	18758.048764240711	29792
11	5120	18779.463309764553	29798
11	5122	18789.813618218531	29788
11	5136	18854.635841091887	29797
11	5141	18864.859212274007	29811
11	5144	18878.429568945254	29807
11	5149	18892.394406057782	29813
11	5152	18895.300495119949	29808
11	5181	19000.805929688502	29814
11	5189	19063.548221941838	29809
11	5190	19064.850601899211	29810
11	5192	19068.428355812049	29823
11	5194	19080.871701717967	29824
11	5197	19083.139041796266	29817
11	5201	19098.372267069937	29825
11	5208	19123.781905554032	29821
11	5212	19155.239104642295	29822
11	5213	19162.952867917858	29815
11	5220	19184.44250216098	29812
11	5222	19195.484440983112	29818
11	5227	19204.325519247823	29820
11	5234	19241.092248438257	29826
11	5235	19248.360997975421	29830
11	5242	19281.334919189264	29831
11	5249	19303.046671072826	29828
11	5251	19304.728555930378	29833
11	5267	19383.272631139063	29837
11	5272	19403.641611647205	29832
11	5278	19421.389027063724	29834
11	5280	19429.069823229352	29840
11	5290	19458.291006007881	29836
11	5299	19508.218564199282	29846
11	5308	19532.67084507666	29847
11	5312	19539.207035219105	29829
11	5315	19544.135735937727	29849
11	5316	19548.707185102301	29842
11	5323	19582.393749093095	29843
11	5346	19649.04931515003	29856
11	5350	19664.075232297624	29858
11	5353	19683.168250100677	29850
11	5355	19687.48310411765	29851
11	5363	19726.747333144258	29852
11	5376	19763.246538422179	29857
11	5386	19791.224894958922	29844
11	5399	19845.976096964753	29854
11	5415	19877.975055945163	29861
11	5427	19907.076625070721	29862
11	5428	19913.419248360942	29859
11	5429	19915.719847852434	29873
11	5433	19936.92637297612	29864
11	5435	19942.864760586193	29853
11	5436	19948.338451116053	29874
11	5437	19948.721129962818	29865
11	5440	19949.909222723136	29866
11	5444	19955.316504462981	29877
11	5446	19957.827846738288	29878
11	5451	19973.723212481129	29880
11	5459	19993.952487811588	29883
12	327	1347.505089896179	409
12	332	1378.845322826932	203
12	498	2024.877741925958	203
12	509	2066.038351044023	409
12	515	2081.136370115307	306
12	526	2146.072221728653	409
12	528	2154.11651618441	306
12	565	2375.671398643515	409
12	648	2737.859159591152	512
12	686	2874.625722299339	409
12	690	2879.941378776528	409
12	710	2942.503294454683	306
12	730	3003.845835394831	306
12	739	3036.134951472041	409
12	791	3246.683145546082	512
12	811	3320.053204574589	306
12	867	3538.115486008921	203
12	990	4000.112076534427	512
12	998	4016.718531480143	203
12	1044	4159.234510492096	203
12	1077	4253.271346971396	203
12	1086	4279.387373121021	203
12	1103	4323.387325383456	306
12	1119	4405.66142063692	409
12	1127	4417.733759586346	409
12	1129	4422.838449903372	409
12	1180	4672.826204008339	512
12	1265	4976.571276560396	409
12	1305	5092.901551842702	306
12	1342	5210.014182233036	409
12	1343	5212.415804711933	306
12	1389	5372.642427700328	306
12	1411	5459.548764834343	409
12	1439	5583.688681818888	512
12	1452	5655.493707118063	512
12	1522	5971.652641148097	203
12	1539	6048.411757363012	512
12	1555	6097.448731386077	409
12	1564	6141.078342290702	203
12	1570	6154.610709568095	409
12	1617	6329.460945426031	306
12	1625	6358.412803514928	512
12	1705	6637.925576254791	512
12	1761	6800.335754775354	512
12	1819	6972.296904915404	306
12	1876	7128.228590160642	306
12	1924	7264.296968168152	409
12	1935	7298.099229407626	306
12	1939	7303.187887789508	512
12	1959	7378.692776088728	306
12	2001	7505.394709664926	306
12	2037	7606.11964720801	512
12	2075	7716.468474734977	512
12	2080	7730.639184230832	306
12	2086	7749.339824212784	512
12	2123	7902.650212187032	512
12	2129	7919.966339155079	409
12	2222	8257.1799508247	512
12	2239	8290.896728837178	306
12	2254	8331.297959314284	409
12	2324	8507.027567428858	409
12	2339	8552.841975050907	409
12	2391	8691.149952275294	409
12	2396	8709.742348983018	409
12	2453	8889.035550583897	409
12	2481	8974.659313426186	409
12	2486	8995.178394661797	512
12	2493	9025.924405189193	512
12	2533	9144.044708440493	512
12	2536	9151.862600493578	409
12	2582	9324.884388987684	203
12	2610	9444.669499056782	409
12	2686	9815.475166543381	409
12	2834	10355.957478926805	512
12	2868	10505.179205784129	306
12	2921	10731.815657584985	409
12	2974	10934.620441471512	409
12	3075	11276.50040830744	409
12	3080	11299.51162334835	409
12	3188	11666.338034364247	409
12	3226	11784.019270248622	512
12	3307	12042.493283483271	306
12	3319	12084.76545533995	306
12	3486	12699.413639850052	306
12	3509	12782.75042516642	512
12	3552	12964.229509457424	306
12	3580	13068.863282695588	306
12	3592	13111.169676959168	409
12	3660	13396.41618360699	306
12	3671	13417.400828613125	306
12	3704	13544.169626451892	409
12	3712	13563.480496723271	512
12	3800	13858.7650201924	512
12	3834	13986.892972434356	512
12	3856	14062.463876805799	512
12	3874	14129.012329099171	409
12	3886	14179.642609756945	306
12	3927	14382.932899456568	306
12	3928	14384.025882734383	203
12	4008	14715.178242633387	306
12	4044	14864.403113456129	306
12	4147	15195.235780379868	203
12	4190	15342.652830088112	512
12	4219	15456.764979450751	512
12	4226	15502.696016220628	409
12	4343	16021.634337111287	409
12	4372	16135.824835261426	306
12	4442	16415.9276601648	306
12	4647	17288.367131842447	306
12	4733	17639.466503431642	512
12	4776	17761.580396273919	409
12	4841	17975.030090090836	203
12	4918	18190.765872094517	409
12	5037	18513.156662914861	306
12	5043	18529.146447809634	409
12	5045	18545.441131518455	512
12	5086	18666.159441365296	512
12	5087	18671.680511761107	306
12	5092	18684.948945589967	512
12	5110	18752.310247812505	409
12	5127	18804.133013198293	306
12	5131	18823.548444295019	409
12	5193	19070.859212274007	306
12	5198	19084.429568945254	409
12	5204	19101.300495119949	409
12	5239	19269.548221941838	512
12	5241	19270.850601899211	512
12	5264	19361.239104642295	409
13	327	1347.505089896179	9
13	332	1378.845322826932	3
13	498	2024.877741925958	3
13	509	2066.038351044023	9
13	515	2081.136370115307	6
13	526	2146.072221728653	9
13	528	2154.11651618441	6
13	565	2375.671398643515	9
13	648	2737.859159591152	12
13	686	2874.625722299339	9
13	690	2879.941378776528	9
13	710	2942.503294454683	6
13	730	3003.845835394831	6
13	739	3036.134951472041	9
13	791	3246.683145546082	12
13	811	3320.053204574589	6
13	867	3538.115486008921	3
13	990	4000.112076534427	12
13	998	4016.718531480143	3
13	1044	4159.234510492096	3
13	1077	4253.271346971396	3
13	1086	4279.387373121021	3
13	1103	4323.387325383456	6
13	1119	4405.66142063692	9
13	1127	4417.733759586346	9
13	1129	4422.838449903372	9
13	1180	4672.826204008339	12
13	1265	4976.571276560396	9
13	1305	5092.901551842702	6
13	1342	5210.014182233036	9
13	1343	5212.415804711933	6
13	1389	5372.642427700328	6
13	1411	5459.548764834343	9
13	1439	5583.688681818888	12
13	1452	5655.493707118063	12
13	1522	5971.652641148097	3
13	1539	6048.411757363012	12
13	1555	6097.448731386077	9
13	1564	6141.078342290702	3
13	1570	6154.610709568095	9
13	1617	6329.460945426031	6
13	1625	6358.412803514928	12
13	1705	6637.925576254791	12
13	1761	6800.335754775354	12
13	1819	6972.296904915404	6
13	1876	7128.228590160642	6
13	1924	7264.296968168152	9
13	1935	7298.099229407626	6
13	1939	7303.187887789508	12
13	1959	7378.692776088728	6
13	2001	7505.394709664926	6
13	2037	7606.11964720801	12
13	2075	7716.468474734977	12
13	2080	7730.639184230832	6
13	2086	7749.339824212784	12
13	2123	7902.650212187032	12
13	2129	7919.966339155079	9
13	2222	8257.1799508247	12
13	2239	8290.896728837178	6
13	2254	8331.297959314284	9
13	2324	8507.027567428858	9
13	2339	8552.841975050907	9
13	2391	8691.149952275294	9
13	2396	8709.742348983018	9
13	2453	8889.035550583897	9
13	2481	8974.659313426186	9
13	2486	8995.178394661797	12
13	2493	9025.924405189193	12
13	2533	9144.044708440493	12
13	2536	9151.862600493578	9
13	2582	9324.884388987684	3
13	2610	9444.669499056782	9
13	2686	9815.475166543381	9
13	2834	10355.957478926805	12
13	2868	10505.179205784129	6
13	2921	10731.815657584985	9
13	2974	10934.620441471512	9
13	3075	11276.50040830744	9
13	3080	11299.51162334835	9
13	3188	11666.338034364247	9
13	3226	11784.019270248622	12
13	3307	12042.493283483271	6
13	3319	12084.76545533995	6
13	3486	12699.413639850052	6
13	3509	12782.75042516642	12
13	3552	12964.229509457424	6
13	3580	13068.863282695588	6
13	3592	13111.169676959168	9
13	3660	13396.41618360699	6
13	3671	13417.400828613125	6
13	3704	13544.169626451892	9
13	3712	13563.480496723271	12
13	3800	13858.7650201924	12
13	3834	13986.892972434356	12
13	3856	14062.463876805799	12
13	3874	14129.012329099171	9
13	3886	14179.642609756945	6
13	3927	14382.932899456568	6
13	3928	14384.025882734383	3
13	4008	14715.178242633387	6
13	4044	14864.403113456129	6
13	4147	15195.235780379868	3
13	4190	15342.652830088112	12
13	4219	15456.764979450751	12
13	4226	15502.696016220628	9
13	4343	16021.634337111287	9
13	4372	16135.824835261426	6
13	4442	16415.9276601648	6
13	4647	17288.367131842447	6
13	4733	17639.466503431642	12
13	4776	17761.580396273919	9
13	4841	17975.030090090836	3
13	4918	18190.765872094517	9
13	5037	18513.156662914861	6
13	5043	18529.146447809634	9
13	5045	18545.441131518455	12
13	5086	18666.159441365296	12
13	5087	18671.680511761107	6
13	5092	18684.948945589967	12
13	5110	18752.310247812505	9
13	5127	18804.133013198293	6
13	5131	18823.548444295019	9
13	5193	19070.859212274007	6
13	5198	19084.429568945254	9
13	5204	19101.300495119949	9
13	5239	19269.548221941838	12
13	5241	19270.850601899211	12
13	5264	19361.239104642295	9
14	327	1347.505089896179	3
14	332	1378.845322826932	1
14	498	2024.877741925958	1
14	509	2066.038351044023	3
14	515	2081.136370115307	2
14	526	2146.072221728653	3
14	528	2154.11651618441	2
14	565	2375.671398643515	3
14	648	2737.859159591152	4
14	686	2874.625722299339	3
14	690	2879.941378776528	3
14	710	2942.503294454683	2
14	730	3003.845835394831	2
14	739	3036.134951472041	3
14	791	3246.683145546082	4
14	811	3320.053204574589	2
14	867	3538.115486008921	1
14	990	4000.112076534427	4
14	998	4016.718531480143	1
14	1044	4159.234510492096	1
14	1077	4253.271346971396	1
14	1086	4279.387373121021	1
14	1103	4323.387325383456	2
14	1119	4405.66142063692	3
14	1127	4417.733759586346	3
14	1129	4422.838449903372	3
14	1180	4672.826204008339	4
14	1265	4976.571276560396	3
14	1305	5092.901551842702	2
14	1342	5210.014182233036	3
14	1343	5212.415804711933	2
14	1389	5372.642427700328	2
14	1411	5459.548764834343	3
14	1439	5583.688681818888	4
14	1452	5655.493707118063	4
14	1522	5971.652641148097	1
14	1539	6048.411757363012	4
14	1555	6097.448731386077	3
14	1564	6141.078342290702	1
14	1570	6154.610709568095	3
14	1617	6329.460945426031	2
14	1625	6358.412803514928	4
14	1705	6637.925576254791	4
14	1761	6800.335754775354	4
14	1819	6972.296904915404	2
14	1876	7128.228590160642	2
14	1924	7264.296968168152	3
14	1935	7298.099229407626	2
14	1939	7303.187887789508	4
14	1959	7378.692776088728	2
14	2001	7505.394709664926	2
14	2037	7606.11964720801	4
14	2075	7716.468474734977	4
14	2080	7730.639184230832	2
14	2086	7749.339824212784	4
14	2123	7902.650212187032	4
14	2129	7919.966339155079	3
14	2222	8257.1799508247	4
14	2239	8290.896728837178	2
14	2254	8331.297959314284	3
14	2324	8507.027567428858	3
14	2339	8552.841975050907	3
14	2391	8691.149952275294	3
14	2396	8709.742348983018	3
14	2453	8889.035550583897	3
14	2481	8974.659313426186	3
14	2486	8995.178394661797	4
14	2493	9025.924405189193	4
14	2533	9144.044708440493	4
14	2536	9151.862600493578	3
14	2582	9324.884388987684	1
14	2610	9444.669499056782	3
14	2686	9815.475166543381	3
14	2834	10355.957478926805	4
14	2868	10505.179205784129	2
14	2921	10731.815657584985	3
14	2974	10934.620441471512	3
14	3075	11276.50040830744	3
14	3080	11299.51162334835	3
14	3188	11666.338034364247	3
14	3226	11784.019270248622	4
14	3307	12042.493283483271	2
14	3319	12084.76545533995	2
14	3486	12699.413639850052	2
14	3509	12782.75042516642	4
14	3552	12964.229509457424	2
14	3580	13068.863282695588	2
14	3592	13111.169676959168	3
14	3660	13396.41618360699	2
14	3671	13417.400828613125	2
14	3704	13544.169626451892	3
14	3712	13563.480496723271	4
14	3800	13858.7650201924	4
14	3834	13986.892972434356	4
14	3856	14062.463876805799	4
14	3874	14129.012329099171	3
14	3886	14179.642609756945	2
14	3927	14382.932899456568	2
14	3928	14384.025882734383	1
14	4008	14715.178242633387	2
14	4044	14864.403113456129	2
14	4147	15195.235780379868	1
14	4190	15342.652830088112	4
14	4219	15456.764979450751	4
14	4226	15502.696016220628	3
14	4343	16021.634337111287	3
14	4372	16135.824835261426	2
14	4442	16415.9276601648	2
14	4647	17288.367131842447	2
14	4733	17639.466503431642	4
14	4776	17761.580396273919	3
14	4841	17975.030090090836	1
14	4918	18190.765872094517	3
14	5037	18513.156662914861	2
14	5043	18529.146447809634	3
14	5045	18545.441131518455	4
14	5086	18666.159441365296	4
14	5087	18671.680511761107	2
14	5092	18684.948945589967	4
14	5110	18752.310247812505	3
14	5127	18804.133013198293	2
14	5131	18823.548444295019	3
14	5193	19070.859212274007	2
14	5198	19084.429568945254	3
14	5204	19101.300495119949	3
14	5239	19269.548221941838	4
14	5241	19270.850601899211	4
14	5264	19361.239104642295	3
15	264	1103.045952976807	512
15	269	1131.105010889802	203
15	385	1623.672206236653	409
15	434	1804.987437282435	512
15	479	1953.084845618149	512
15	485	1965.26792153237	409
15	500	2033.803915090091	306
15	556	2312.143141003462	306
15	588	2519.995074324912	203
15	616	2631.265143787575	409
15	617	2632.401775344633	512
15	656	2772.838706063309	512
15	668	2810.176406497997	203
15	716	2973.539099054884	409
15	736	3025.402571623998	306
15	782	3203.271343179914	512
15	807	3310.684588175003	512
15	850	3474.484976643768	409
15	923	3737.402852995795	203
15	947	3818.968114226091	306
15	1001	4023.517745462492	512
15	1028	4106.290980045988	512
15	1059	4202.055972515593	306
15	1076	4250.502361728511	512
15	1125	4417.190160075203	512
15	1193	4734.018653214597	512
15	1278	5011.757774870191	306
15	1288	5052.370950031703	409
15	1308	5109.386477854642	306
15	1320	5148.69180058794	203
15	1364	5277.044973518127	203
15	1406	5447.645011969745	409
15	1419	5488.85813464856	306
15	1437	5579.076476039416	409
15	1563	6126.179046962611	306
15	1593	6252.560821389725	512
15	1595	6258.808553178438	306
15	1605	6291.952433863265	409
15	1746	6764.161382243971	306
15	1747	6765.847871977435	409
15	1813	6949.766713096629	306
15	1846	7041.647953499404	306
15	1877	7128.651754714554	306
15	1893	7182.035647079312	409
15	1946	7319.546425656602	203
15	2042	7620.631013045615	409
15	2043	7623.105590471051	512
15	2093	7783.444241071119	512
15	2095	7793.354080773094	409
15	2127	7912.072461439264	512
15	2237	8289.657473321551	409
15	2327	8513.870275134854	306
15	2330	8518.45352540491	203
15	2341	8554.999704172238	409
15	2355	8591.098486922397	306
15	2358	8596.553269356791	306
15	2371	8628.926321367994	512
15	2440	8838.729024858066	306
15	2501	9037.824228937762	409
15	2593	9375.420462722031	203
15	2623	9510.946252363591	203
15	2651	9665.043079157916	409
15	2680	9788.811061696678	306
15	2681	9789.836213295818	409
15	2702	9867.599992687289	306
15	2737	10030.624669817204	409
15	2739	10031.103851629708	409
15	2800	10247.253428372459	306
15	2822	10309.229230004477	409
15	2848	10409.028249690147	306
15	2851	10424.79835124182	306
15	2902	10669.276013264621	512
15	3121	11435.384252212568	409
15	3175	11623.230690174487	306
15	3227	11786.140110907432	512
15	3261	11895.226120478346	409
15	3287	11969.607106726404	306
15	3385	12314.336831750122	512
15	3398	12360.604206654301	512
15	3400	12362.903387801454	512
15	3407	12388.275587126821	306
15	3412	12410.712209886204	306
15	3438	12509.980387775005	306
15	3495	12725.9204953838	512
15	3506	12773.523985664029	512
15	3564	13005.822890295318	409
15	3620	13234.92540247566	409
15	3634	13298.026830068484	512
15	3692	13502.203528894312	512
15	3708	13553.753150222517	409
15	3763	13740.041042904708	306
15	3796	13850.447035932051	306
15	3821	13937.508745735891	409
15	3894	14208.133984514263	306
15	3923	14351.856328240496	409
15	3952	14502.56384345388	512
15	3977	14604.050195021181	409
15	4137	15156.004164249427	306
15	4142	15180.028574347943	512
15	4270	15720.514916506305	409
15	4309	15884.072337857678	306
15	4311	15889.928337786515	203
15	4327	15939.079819367933	203
15	4341	16007.91819517348	409
15	4380	16166.229165277238	306
15	4426	16349.010927225362	409
15	4444	16419.683744026885	409
15	4459	16453.605891456888	409
15	4543	16739.321718446711	409
15	4567	16825.218649265435	512
15	4580	16885.398811112378	512
15	4583	16888.941130013831	203
15	4595	16971.479685858331	512
15	4601	16997.336737884358	512
15	4616	17107.824419051515	512
15	4624	17153.214439518947	409
15	4786	17792.879644484857	409
15	4827	17921.738595104604	203
15	4928	18209.292238542908	512
15	4973	18328.162659379683	203
15	4999	18404.292463852443	306
15	5008	18428.90958373225	409
15	5028	18487.727306486226	512
15	5050	18557.396131121732	203
15	5063	18602.216781161016	306
15	5068	18613.317207216958	203
15	5169	18969.631887457096	306
15	5182	19012.377874754365	409
15	5186	19050.583722726765	409
15	5226	19201.394406057782	409
15	5330	19612.046671072826	512
15	5331	19613.728555930378	409
15	5368	19738.069823229352	409
15	5421	19891.393749093095	512
15	5432	19922.928424685807	203
15	5450	19973.075232297624	409
16	264	1103.045952976807	12
16	269	1131.105010889802	3
16	385	1623.672206236653	9
16	434	1804.987437282435	12
16	479	1953.084845618149	12
16	485	1965.26792153237	9
16	500	2033.803915090091	6
16	556	2312.143141003462	6
16	588	2519.995074324912	3
16	616	2631.265143787575	9
16	617	2632.401775344633	12
16	656	2772.838706063309	12
16	668	2810.176406497997	3
16	716	2973.539099054884	9
16	736	3025.402571623998	6
16	782	3203.271343179914	12
16	807	3310.684588175003	12
16	850	3474.484976643768	9
16	923	3737.402852995795	3
16	947	3818.968114226091	6
16	1001	4023.517745462492	12
16	1028	4106.290980045988	12
16	1059	4202.055972515593	6
16	1076	4250.502361728511	12
16	1125	4417.190160075203	12
16	1193	4734.018653214597	12
16	1278	5011.757774870191	6
16	1288	5052.370950031703	9
16	1308	5109.386477854642	6
16	1320	5148.69180058794	3
16	1364	5277.044973518127	3
16	1406	5447.645011969745	9
16	1419	5488.85813464856	6
16	1437	5579.076476039416	9
16	1563	6126.179046962611	6
16	1593	6252.560821389725	12
16	1595	6258.808553178438	6
16	1605	6291.952433863265	9
16	1746	6764.161382243971	6
16	1747	6765.847871977435	9
16	1813	6949.766713096629	6
16	1846	7041.647953499404	6
16	1877	7128.651754714554	6
16	1893	7182.035647079312	9
16	1946	7319.546425656602	3
16	2042	7620.631013045615	9
16	2043	7623.105590471051	12
16	2093	7783.444241071119	12
16	2095	7793.354080773094	9
16	2127	7912.072461439264	12
16	2237	8289.657473321551	9
16	2327	8513.870275134854	6
16	2330	8518.45352540491	3
16	2341	8554.999704172238	9
16	2355	8591.098486922397	6
16	2358	8596.553269356791	6
16	2371	8628.926321367994	12
16	2440	8838.729024858066	6
16	2501	9037.824228937762	9
16	2593	9375.420462722031	3
16	2623	9510.946252363591	3
16	2651	9665.043079157916	9
16	2680	9788.811061696678	6
16	2681	9789.836213295818	9
16	2702	9867.599992687289	6
16	2737	10030.624669817204	9
16	2739	10031.103851629708	9
16	2800	10247.253428372459	6
16	2822	10309.229230004477	9
16	2848	10409.028249690147	6
16	2851	10424.79835124182	6
16	2902	10669.276013264621	12
16	3121	11435.384252212568	9
16	3175	11623.230690174487	6
16	3227	11786.140110907432	12
16	3261	11895.226120478346	9
16	3287	11969.607106726404	6
16	3385	12314.336831750122	12
16	3398	12360.604206654301	12
16	3400	12362.903387801454	12
16	3407	12388.275587126821	6
16	3412	12410.712209886204	6
16	3438	12509.980387775005	6
16	3495	12725.9204953838	12
16	3506	12773.523985664029	12
16	3564	13005.822890295318	9
16	3620	13234.92540247566	9
16	3634	13298.026830068484	12
16	3692	13502.203528894312	12
16	3708	13553.753150222517	9
16	3763	13740.041042904708	6
16	3796	13850.447035932051	6
16	3821	13937.508745735891	9
16	3894	14208.133984514263	6
16	3923	14351.856328240496	9
16	3952	14502.56384345388	12
16	3977	14604.050195021181	9
16	4137	15156.004164249427	6
16	4142	15180.028574347943	12
16	4270	15720.514916506305	9
16	4309	15884.072337857678	6
16	4311	15889.928337786515	3
16	4327	15939.079819367933	3
16	4341	16007.91819517348	9
16	4380	16166.229165277238	6
16	4426	16349.010927225362	9
16	4444	16419.683744026885	9
16	4459	16453.605891456888	9
16	4543	16739.321718446711	9
16	4567	16825.218649265435	12
16	4580	16885.398811112378	12
16	4583	16888.941130013831	3
16	4595	16971.479685858331	12
16	4601	16997.336737884358	12
16	4616	17107.824419051515	12
16	4624	17153.214439518947	9
16	4786	17792.879644484857	9
16	4827	17921.738595104604	3
16	4928	18209.292238542908	12
16	4973	18328.162659379683	3
16	4999	18404.292463852443	6
16	5008	18428.90958373225	9
16	5028	18487.727306486226	12
16	5050	18557.396131121732	3
16	5063	18602.216781161016	6
16	5068	18613.317207216958	3
16	5169	18969.631887457096	6
16	5182	19012.377874754365	9
16	5186	19050.583722726765	9
16	5226	19201.394406057782	9
16	5330	19612.046671072826	12
16	5331	19613.728555930378	9
16	5368	19738.069823229352	9
16	5421	19891.393749093095	12
16	5432	19922.928424685807	3
16	5450	19973.075232297624	9
17	264	1103.045952976807	4
17	269	1131.105010889802	1
17	385	1623.672206236653	3
17	434	1804.987437282435	4
17	479	1953.084845618149	4
17	485	1965.26792153237	3
17	500	2033.803915090091	2
17	556	2312.143141003462	2
17	588	2519.995074324912	1
17	616	2631.265143787575	3
17	617	2632.401775344633	4
17	656	2772.838706063309	4
17	668	2810.176406497997	1
17	716	2973.539099054884	3
17	736	3025.402571623998	2
17	782	3203.271343179914	4
17	807	3310.684588175003	4
17	850	3474.484976643768	3
17	923	3737.402852995795	1
17	947	3818.968114226091	2
17	1001	4023.517745462492	4
17	1028	4106.290980045988	4
17	1059	4202.055972515593	2
17	1076	4250.502361728511	4
17	1125	4417.190160075203	4
17	1193	4734.018653214597	4
17	1278	5011.757774870191	2
17	1288	5052.370950031703	3
17	1308	5109.386477854642	2
17	1320	5148.69180058794	1
17	1364	5277.044973518127	1
17	1406	5447.645011969745	3
17	1419	5488.85813464856	2
17	1437	5579.076476039416	3
17	1563	6126.179046962611	2
17	1593	6252.560821389725	4
17	1595	6258.808553178438	2
17	1605	6291.952433863265	3
17	1746	6764.161382243971	2
17	1747	6765.847871977435	3
17	1813	6949.766713096629	2
17	1846	7041.647953499404	2
17	1877	7128.651754714554	2
17	1893	7182.035647079312	3
17	1946	7319.546425656602	1
17	2042	7620.631013045615	3
17	2043	7623.105590471051	4
17	2093	7783.444241071119	4
17	2095	7793.354080773094	3
17	2127	7912.072461439264	4
17	2237	8289.657473321551	3
17	2327	8513.870275134854	2
17	2330	8518.45352540491	1
17	2341	8554.999704172238	3
17	2355	8591.098486922397	2
17	2358	8596.553269356791	2
17	2371	8628.926321367994	4
17	2440	8838.729024858066	2
17	2501	9037.824228937762	3
17	2593	9375.420462722031	1
17	2623	9510.946252363591	1
17	2651	9665.043079157916	3
17	2680	9788.811061696678	2
17	2681	9789.836213295818	3
17	2702	9867.599992687289	2
17	2737	10030.624669817204	3
17	2739	10031.103851629708	3
17	2800	10247.253428372459	2
17	2822	10309.229230004477	3
17	2848	10409.028249690147	2
17	2851	10424.79835124182	2
17	2902	10669.276013264621	4
17	3121	11435.384252212568	3
17	3175	11623.230690174487	2
17	3227	11786.140110907432	4
17	3261	11895.226120478346	3
17	3287	11969.607106726404	2
17	3385	12314.336831750122	4
17	3398	12360.604206654301	4
17	3400	12362.903387801454	4
17	3407	12388.275587126821	2
17	3412	12410.712209886204	2
17	3438	12509.980387775005	2
17	3495	12725.9204953838	4
17	3506	12773.523985664029	4
17	3564	13005.822890295318	3
17	3620	13234.92540247566	3
17	3634	13298.026830068484	4
17	3692	13502.203528894312	4
17	3708	13553.753150222517	3
17	3763	13740.041042904708	2
17	3796	13850.447035932051	2
17	3821	13937.508745735891	3
17	3894	14208.133984514263	2
17	3923	14351.856328240496	3
17	3952	14502.56384345388	4
17	3977	14604.050195021181	3
17	4137	15156.004164249427	2
17	4142	15180.028574347943	4
17	4270	15720.514916506305	3
17	4309	15884.072337857678	2
17	4311	15889.928337786515	1
17	4327	15939.079819367933	1
17	4341	16007.91819517348	3
17	4380	16166.229165277238	2
17	4426	16349.010927225362	3
17	4444	16419.683744026885	3
17	4459	16453.605891456888	3
17	4543	16739.321718446711	3
17	4567	16825.218649265435	4
17	4580	16885.398811112378	4
17	4583	16888.941130013831	1
17	4595	16971.479685858331	4
17	4601	16997.336737884358	4
17	4616	17107.824419051515	4
17	4624	17153.214439518947	3
17	4786	17792.879644484857	3
17	4827	17921.738595104604	1
17	4928	18209.292238542908	4
17	4973	18328.162659379683	1
17	4999	18404.292463852443	2
17	5008	18428.90958373225	3
17	5028	18487.727306486226	4
17	5050	18557.396131121732	1
17	5063	18602.216781161016	2
17	5068	18613.317207216958	1
17	5169	18969.631887457096	2
17	5182	19012.377874754365	3
17	5186	19050.583722726765	3
17	5226	19201.394406057782	3
17	5330	19612.046671072826	4
17	5331	19613.728555930378	3
17	5368	19738.069823229352	3
17	5421	19891.393749093095	4
17	5432	19922.928424685807	1
17	5450	19973.075232297624	3
18	256	1062.26406205691	409
18	290	1212.911889001045	512
18	300	1242.92834189845	409
18	315	1313.27603224351	512
18	428	1772.820674438502	512
18	442	1827.814802064575	512
18	504	2050.666772838071	306
18	524	2129.579221576297	409
18	541	2217.768934951809	512
18	553	2277.28894321538	203
18	575	2427.611697404835	409
18	609	2594.063392051402	409
18	651	2747.340656458387	306
18	688	2876.614165919777	409
18	889	3607.418353253799	306
18	896	3648.074519244784	203
18	907	3678.475195675257	512
18	920	3722.172624664354	409
18	927	3763.619544118011	512
18	937	3790.916830270535	409
18	1071	4228.139848116423	512
18	1085	4273.41097120456	306
18	1120	4410.333092494316	409
18	1216	4810.395423604462	203
18	1362	5274.593426663277	409
18	1429	5538.270676840879	306
18	1609	6302.127206472302	409
18	1707	6640.986459183969	306
18	1712	6654.734893598573	512
18	1740	6743.747091741946	409
18	1774	6828.335206225847	512
18	1873	7116.057639448018	306
18	1937	7300.700993142768	512
18	1965	7395.90456402351	409
18	2028	7582.563770714665	409
18	2119	7893.859671333018	203
18	2131	7927.978937089438	409
18	2211	8217.141313282342	306
18	2263	8356.090742683927	512
18	2285	8408.62910438208	306
18	2376	8648.810726791612	512
18	2399	8717.752865751492	409
18	2465	8923.72916905056	203
18	2477	8962.186560806477	409
18	2478	8967.937701599829	306
18	2512	9074.987066401977	409
18	2587	9341.808451054475	306
18	2630	9556.312503785395	512
18	2689	9825.977373869375	306
18	2740	10034.747133806251	409
18	2763	10115.609932007212	409
18	2825	10333.849331778495	306
18	2828	10346.673556623879	512
18	2830	10352.566631181263	203
18	2845	10397.508907300747	306
18	2853	10439.718791342876	409
18	2857	10457.970204547682	409
18	2885	10584.098472514725	306
18	2888	10599.661670417061	306
18	2905	10675.291788261064	306
18	2907	10685.351344690412	512
18	3014	11082.564587018645	512
18	3039	11170.753817536746	512
18	3043	11175.072110936327	409
18	3095	11347.676827509014	512
18	3153	11558.322064585043	306
18	3207	11717.916715315589	409
18	3238	11817.584007264749	512
18	3263	11896.496555224039	409
18	3267	11906.616437467088	409
18	3277	11940.338382460277	306
18	3292	11993.468124155215	306
18	3357	12222.055220887059	306
18	3373	12268.207611260569	203
18	3376	12277.176778455959	512
18	3391	12331.16279322786	203
18	3405	12377.010021112887	306
18	3481	12676.072291264857	512
18	3523	12844.646722042927	512
18	3541	12911.28007049525	512
18	3599	13133.113548651916	306
18	3607	13172.784149204959	512
18	3639	13305.808554389834	306
18	3770	13764.729239633734	512
18	3823	13943.627592815478	409
18	3840	14004.999275383084	203
18	3887	14180.48681090076	409
18	3954	14505.892616983513	306
18	4009	14717.010571250666	306
18	4017	14755.337783621717	512
18	4123	15113.634515162472	306
18	4179	15307.261932683819	203
18	4205	15406.420299521837	409
18	4217	15447.28053353245	409
18	4235	15549.241567140394	512
18	4239	15565.235316334336	512
18	4249	15622.304855744429	409
18	4268	15715.908479784075	306
18	4290	15795.851000491159	409
18	4319	15911.19908121336	306
18	4329	15947.893539317264	203
18	4411	16303.185258903607	512
18	4495	16562.267951619387	203
18	4497	16565.618713246764	512
18	4500	16578.571502694233	409
18	4515	16629.273413181788	512
18	4566	16812.291290263234	512
18	4573	16852.790821107483	409
18	4574	16858.45779379239	512
18	4732	17633.15706705103	409
18	4773	17747.321664417304	512
18	4807	17860.691164493175	409
18	4872	18053.148095557881	512
18	4879	18081.809358516589	512
18	4908	18155.247586180326	512
18	4921	18200.004390546135	512
18	4962	18303.613120679985	306
18	4970	18325.737614975603	512
18	5020	18462.713597584349	306
18	5027	18480.971220698617	306
18	5106	18741.54812349063	306
18	5115	18764.123337081152	512
18	5271	19392.139041796266	512
18	5358	19696.476348837649	306
18	5364	19730.389027063724	512
19	256	1062.26406205691	9
19	290	1212.911889001045	12
19	300	1242.92834189845	9
19	315	1313.27603224351	12
19	428	1772.820674438502	12
19	442	1827.814802064575	12
19	504	2050.666772838071	6
19	524	2129.579221576297	9
19	541	2217.768934951809	12
19	553	2277.28894321538	3
19	575	2427.611697404835	9
19	609	2594.063392051402	9
19	651	2747.340656458387	6
19	688	2876.614165919777	9
19	889	3607.418353253799	6
19	896	3648.074519244784	3
19	907	3678.475195675257	12
19	920	3722.172624664354	9
19	927	3763.619544118011	12
19	937	3790.916830270535	9
19	1071	4228.139848116423	12
19	1085	4273.41097120456	6
19	1120	4410.333092494316	9
19	1216	4810.395423604462	3
19	1362	5274.593426663277	9
19	1429	5538.270676840879	6
19	1609	6302.127206472302	9
19	1707	6640.986459183969	6
19	1712	6654.734893598573	12
19	1740	6743.747091741946	9
19	1774	6828.335206225847	12
19	1873	7116.057639448018	6
19	1937	7300.700993142768	12
19	1965	7395.90456402351	9
19	2028	7582.563770714665	9
19	2119	7893.859671333018	3
19	2131	7927.978937089438	9
19	2211	8217.141313282342	6
19	2263	8356.090742683927	12
19	2285	8408.62910438208	6
19	2376	8648.810726791612	12
19	2399	8717.752865751492	9
19	2465	8923.72916905056	3
19	2477	8962.186560806477	9
19	2478	8967.937701599829	6
19	2512	9074.987066401977	9
19	2587	9341.808451054475	6
19	2630	9556.312503785395	12
19	2689	9825.977373869375	6
19	2740	10034.747133806251	9
19	2763	10115.609932007212	9
19	2825	10333.849331778495	6
19	2828	10346.673556623879	12
19	2830	10352.566631181263	3
19	2845	10397.508907300747	6
19	2853	10439.718791342876	9
19	2857	10457.970204547682	9
19	2885	10584.098472514725	6
19	2888	10599.661670417061	6
19	2905	10675.291788261064	6
19	2907	10685.351344690412	12
19	3014	11082.564587018645	12
19	3039	11170.753817536746	12
19	3043	11175.072110936327	9
19	3095	11347.676827509014	12
19	3153	11558.322064585043	6
19	3207	11717.916715315589	9
19	3238	11817.584007264749	12
19	3263	11896.496555224039	9
19	3267	11906.616437467088	9
19	3277	11940.338382460277	6
19	3292	11993.468124155215	6
19	3357	12222.055220887059	6
19	3373	12268.207611260569	3
19	3376	12277.176778455959	12
19	3391	12331.16279322786	3
19	3405	12377.010021112887	6
19	3481	12676.072291264857	12
19	3523	12844.646722042927	12
19	3541	12911.28007049525	12
19	3599	13133.113548651916	6
19	3607	13172.784149204959	12
19	3639	13305.808554389834	6
19	3770	13764.729239633734	12
19	3823	13943.627592815478	9
19	3840	14004.999275383084	3
19	3887	14180.48681090076	9
19	3954	14505.892616983513	6
19	4009	14717.010571250666	6
19	4017	14755.337783621717	12
19	4123	15113.634515162472	6
19	4179	15307.261932683819	3
19	4205	15406.420299521837	9
19	4217	15447.28053353245	9
19	4235	15549.241567140394	12
19	4239	15565.235316334336	12
19	4249	15622.304855744429	9
19	4268	15715.908479784075	6
19	4290	15795.851000491159	9
19	4319	15911.19908121336	6
19	4329	15947.893539317264	3
19	4411	16303.185258903607	12
19	4495	16562.267951619387	3
19	4497	16565.618713246764	12
19	4500	16578.571502694233	9
19	4515	16629.273413181788	12
19	4566	16812.291290263234	12
19	4573	16852.790821107483	9
19	4574	16858.45779379239	12
19	4732	17633.15706705103	9
19	4773	17747.321664417304	12
19	4807	17860.691164493175	9
19	4872	18053.148095557881	12
19	4879	18081.809358516589	12
19	4908	18155.247586180326	12
19	4921	18200.004390546135	12
19	4962	18303.613120679985	6
19	4970	18325.737614975603	12
19	5020	18462.713597584349	6
19	5027	18480.971220698617	6
19	5106	18741.54812349063	6
19	5115	18764.123337081152	12
19	5271	19392.139041796266	12
19	5358	19696.476348837649	6
19	5364	19730.389027063724	12
20	256	1062.26406205691	3
20	290	1212.911889001045	4
20	300	1242.92834189845	3
20	315	1313.27603224351	4
20	428	1772.820674438502	4
20	442	1827.814802064575	4
20	504	2050.666772838071	2
20	524	2129.579221576297	3
20	541	2217.768934951809	4
20	553	2277.28894321538	1
20	575	2427.611697404835	3
20	609	2594.063392051402	3
20	651	2747.340656458387	2
20	688	2876.614165919777	3
20	889	3607.418353253799	2
20	896	3648.074519244784	1
20	907	3678.475195675257	4
20	920	3722.172624664354	3
20	927	3763.619544118011	4
20	937	3790.916830270535	3
20	1071	4228.139848116423	4
20	1085	4273.41097120456	2
20	1120	4410.333092494316	3
20	1216	4810.395423604462	1
20	1362	5274.593426663277	3
20	1429	5538.270676840879	2
20	1609	6302.127206472302	3
20	1707	6640.986459183969	2
20	1712	6654.734893598573	4
20	1740	6743.747091741946	3
20	1774	6828.335206225847	4
20	1873	7116.057639448018	2
20	1937	7300.700993142768	4
20	1965	7395.90456402351	3
20	2028	7582.563770714665	3
20	2119	7893.859671333018	1
20	2131	7927.978937089438	3
20	2211	8217.141313282342	2
20	2263	8356.090742683927	4
20	2285	8408.62910438208	2
20	2376	8648.810726791612	4
20	2399	8717.752865751492	3
20	2465	8923.72916905056	1
20	2477	8962.186560806477	3
20	2478	8967.937701599829	2
20	2512	9074.987066401977	3
20	2587	9341.808451054475	2
20	2630	9556.312503785395	4
20	2689	9825.977373869375	2
20	2740	10034.747133806251	3
20	2763	10115.609932007212	3
20	2825	10333.849331778495	2
20	2828	10346.673556623879	4
20	2830	10352.566631181263	1
20	2845	10397.508907300747	2
20	2853	10439.718791342876	3
20	2857	10457.970204547682	3
20	2885	10584.098472514725	2
20	2888	10599.661670417061	2
20	2905	10675.291788261064	2
20	2907	10685.351344690412	4
20	3014	11082.564587018645	4
20	3039	11170.753817536746	4
20	3043	11175.072110936327	3
20	3095	11347.676827509014	4
20	3153	11558.322064585043	2
20	3207	11717.916715315589	3
20	3238	11817.584007264749	4
20	3263	11896.496555224039	3
20	3267	11906.616437467088	3
20	3277	11940.338382460277	2
20	3292	11993.468124155215	2
20	3357	12222.055220887059	2
20	3373	12268.207611260569	1
20	3376	12277.176778455959	4
20	3391	12331.16279322786	1
20	3405	12377.010021112887	2
20	3481	12676.072291264857	4
20	3523	12844.646722042927	4
20	3541	12911.28007049525	4
20	3599	13133.113548651916	2
20	3607	13172.784149204959	4
20	3639	13305.808554389834	2
20	3770	13764.729239633734	4
20	3823	13943.627592815478	3
20	3840	14004.999275383084	1
20	3887	14180.48681090076	3
20	3954	14505.892616983513	2
20	4009	14717.010571250666	2
20	4017	14755.337783621717	4
20	4123	15113.634515162472	2
20	4179	15307.261932683819	1
20	4205	15406.420299521837	3
20	4217	15447.28053353245	3
20	4235	15549.241567140394	4
20	4239	15565.235316334336	4
20	4249	15622.304855744429	3
20	4268	15715.908479784075	2
20	4290	15795.851000491159	3
20	4319	15911.19908121336	2
20	4329	15947.893539317264	1
20	4411	16303.185258903607	4
20	4495	16562.267951619387	1
20	4497	16565.618713246764	4
20	4500	16578.571502694233	3
20	4515	16629.273413181788	4
20	4566	16812.291290263234	4
20	4573	16852.790821107483	3
20	4574	16858.45779379239	4
20	4732	17633.15706705103	3
20	4773	17747.321664417304	4
20	4807	17860.691164493175	3
20	4872	18053.148095557881	4
20	4879	18081.809358516589	4
20	4908	18155.247586180326	4
20	4921	18200.004390546135	4
20	4962	18303.613120679985	2
20	4970	18325.737614975603	4
20	5020	18462.713597584349	2
20	5027	18480.971220698617	2
20	5106	18741.54812349063	2
20	5115	18764.123337081152	4
20	5271	19392.139041796266	4
20	5358	19696.476348837649	2
20	5364	19730.389027063724	4
21	243	1008.048825581537	203
21	253	1044.330184231523	409
21	293	1220.863616838383	512
21	326	1344.975386298756	512
21	338	1397.036660178435	512
21	447	1845.570584278622	512
21	469	1925.20534139288	203
21	529	2156.777623089963	512
21	584	2481.471367559022	306
21	607	2580.843001672208	306
21	610	2602.430702075691	512
21	746	3060.441110804091	512
21	793	3250.132568494375	203
21	816	3341.347913715823	512
21	831	3401.628831731061	512
21	866	3536.755838723727	306
21	875	3566.710390155192	409
21	877	3570.755385409228	409
21	901	3664.032635216553	409
21	942	3808.660797257635	306
21	970	3921.598657200927	306
21	1004	4035.655681511146	306
21	1019	4077.499962203473	203
21	1054	4180.273321660598	512
21	1080	4261.549853039652	306
21	1107	4351.80441830463	306
21	1126	4417.267456859131	409
21	1140	4475.219610055414	306
21	1155	4551.310238901464	409
21	1170	4628.118925045213	512
21	1236	4880.157948429302	512
21	1247	4915.292920036249	409
21	1266	4976.778870700478	409
21	1271	4989.347111926822	409
21	1301	5084.319317162755	409
21	1436	5568.498174049297	409
21	1458	5704.273086568948	409
21	1459	5705.821329618105	409
21	1464	5721.266688926279	512
21	1556	6105.578637341539	203
21	1578	6171.077643019185	409
21	1579	6174.989964707961	306
21	1626	6362.789594729086	203
21	1663	6488.398032693074	409
21	1682	6555.663957019363	409
21	1689	6579.955384009747	409
21	1733	6708.659375062601	409
21	1796	6893.133905570068	512
21	1868	7105.72669082582	409
21	1894	7184.531053033686	306
21	1897	7190.48469824677	409
21	1910	7216.179497290799	409
21	1945	7314.72675465813	306
21	2014	7539.456705967457	409
21	2065	7691.000972780499	203
21	2078	7729.366930142944	306
21	2082	7736.555311375534	203
21	2089	7767.509625705826	512
21	2091	7773.139944578063	306
21	2173	8094.170488579363	203
21	2184	8143.12592367014	306
21	2242	8295.252401051992	306
21	2262	8355.168176200313	306
21	2266	8362.198456193732	306
21	2301	8463.377803968395	409
21	2356	8593.004011170017	306
21	2357	8595.124508030918	409
21	2364	8609.208176285198	409
21	2388	8683.722205783949	203
21	2527	9133.085827659696	306
21	2562	9239.027826360084	409
21	2627	9539.336320748578	306
21	2628	9540.089054184624	306
21	2637	9587.359747946222	512
21	2662	9721.227014318419	409
21	2684	9809.91433001984	409
21	2760	10102.886283003701	203
21	2776	10152.670485508944	409
21	2855	10453.948177250908	306
21	2877	10558.125988315989	203
21	2898	10634.852363392489	203
21	2962	10898.615042821411	512
21	2969	10921.710954171546	409
21	2971	10925.995861745133	203
21	2988	10990.388421123936	203
21	3029	11126.653474675921	512
21	3053	11217.108974608862	306
21	3119	11428.897050685456	203
21	3224	11777.589377345044	306
21	3257	11880.5174271428	409
21	3371	12262.369788937794	409
21	3377	12278.051176342277	512
21	3421	12441.469079643144	409
21	3423	12445.716441425379	512
21	3449	12555.293120432878	512
21	3479	12673.061521169049	512
21	3485	12698.719397617591	409
21	3742	13675.228771883212	306
21	3817	13922.359700342573	512
21	3835	13988.357761314339	512
21	3871	14121.085033823174	203
21	3907	14270.83637631417	409
21	3924	14357.72060928328	512
21	3958	14516.393522518848	409
21	3959	14524.986879465234	409
21	4012	14738.496337877156	409
21	4068	14949.293328196165	512
21	4124	15118.962984529399	409
21	4125	15119.325291537621	409
21	4148	15195.706147377536	512
21	4152	15211.767210790915	512
21	4215	15443.14412364437	409
21	4238	15562.509570134895	512
21	4277	15749.64017446589	512
21	4280	15763.680464378217	409
21	4308	15876.560034593545	306
21	4348	16036.971279210898	512
21	4362	16100.923683927804	306
21	4373	16136.422643372259	512
21	4437	16387.564510034534	306
21	4496	16563.019323793375	203
21	4541	16730.522261511226	306
21	4554	16766.279306889057	409
21	4587	16908.656886312271	409
21	4593	16963.202366550049	306
21	4614	17091.79425550021	306
21	4748	17673.366492437975	306
21	4791	17804.704238745193	409
21	4799	17826.300172405016	306
21	4878	18081.575929189257	409
21	4899	18127.928424518847	512
21	4984	18360.906242112567	409
21	5061	18593.135259572886	409
21	5072	18620.98815213851	306
21	5104	18725.857666006475	203
21	5121	18787.234138565461	512
21	5153	18897.255108474294	306
21	5162	18956.481506656499	306
21	5196	19082.242105321083	203
21	5207	19115.454945130081	512
21	5240	19270.12430439422	203
21	5285	19438.429248187155	203
21	5301	19510.372267069937	512
21	5342	19641.364646767971	203
21	5343	19641.920342378504	306
21	5431	19920.218564199282	512
22	243	1008.048825581537	3
22	253	1044.330184231523	9
22	293	1220.863616838383	12
22	326	1344.975386298756	12
22	338	1397.036660178435	12
22	447	1845.570584278622	12
22	469	1925.20534139288	3
22	529	2156.777623089963	12
22	584	2481.471367559022	6
22	607	2580.843001672208	6
22	610	2602.430702075691	12
22	746	3060.441110804091	12
22	793	3250.132568494375	3
22	816	3341.347913715823	12
22	831	3401.628831731061	12
22	866	3536.755838723727	6
22	875	3566.710390155192	9
22	877	3570.755385409228	9
22	901	3664.032635216553	9
22	942	3808.660797257635	6
22	970	3921.598657200927	6
22	1004	4035.655681511146	6
22	1019	4077.499962203473	3
22	1054	4180.273321660598	12
22	1080	4261.549853039652	6
22	1107	4351.80441830463	6
22	1126	4417.267456859131	9
22	1140	4475.219610055414	6
22	1155	4551.310238901464	9
22	1170	4628.118925045213	12
22	1236	4880.157948429302	12
22	1247	4915.292920036249	9
22	1266	4976.778870700478	9
22	1271	4989.347111926822	9
22	1301	5084.319317162755	9
22	1436	5568.498174049297	9
22	1458	5704.273086568948	9
22	1459	5705.821329618105	9
22	1464	5721.266688926279	12
22	1556	6105.578637341539	3
22	1578	6171.077643019185	9
22	1579	6174.989964707961	6
22	1626	6362.789594729086	3
22	1663	6488.398032693074	9
22	1682	6555.663957019363	9
22	1689	6579.955384009747	9
22	1733	6708.659375062601	9
22	1796	6893.133905570068	12
22	1868	7105.72669082582	9
22	1894	7184.531053033686	6
22	1897	7190.48469824677	9
22	1910	7216.179497290799	9
22	1945	7314.72675465813	6
22	2014	7539.456705967457	9
22	2065	7691.000972780499	3
22	2078	7729.366930142944	6
22	2082	7736.555311375534	3
22	2089	7767.509625705826	12
22	2091	7773.139944578063	6
22	2173	8094.170488579363	3
22	2184	8143.12592367014	6
22	2242	8295.252401051992	6
22	2262	8355.168176200313	6
22	2266	8362.198456193732	6
22	2301	8463.377803968395	9
22	2356	8593.004011170017	6
22	2357	8595.124508030918	9
22	2364	8609.208176285198	9
22	2388	8683.722205783949	3
22	2527	9133.085827659696	6
22	2562	9239.027826360084	9
22	2627	9539.336320748578	6
22	2628	9540.089054184624	6
22	2637	9587.359747946222	12
22	2662	9721.227014318419	9
22	2684	9809.91433001984	9
22	2760	10102.886283003701	3
22	2776	10152.670485508944	9
22	2855	10453.948177250908	6
22	2877	10558.125988315989	3
22	2898	10634.852363392489	3
22	2962	10898.615042821411	12
22	2969	10921.710954171546	9
22	2971	10925.995861745133	3
22	2988	10990.388421123936	3
22	3029	11126.653474675921	12
22	3053	11217.108974608862	6
22	3119	11428.897050685456	3
22	3224	11777.589377345044	6
22	3257	11880.5174271428	9
22	3371	12262.369788937794	9
22	3377	12278.051176342277	12
22	3421	12441.469079643144	9
22	3423	12445.716441425379	12
22	3449	12555.293120432878	12
22	3479	12673.061521169049	12
22	3485	12698.719397617591	9
22	3742	13675.228771883212	6
22	3817	13922.359700342573	12
22	3835	13988.357761314339	12
22	3871	14121.085033823174	3
22	3907	14270.83637631417	9
22	3924	14357.72060928328	12
22	3958	14516.393522518848	9
22	3959	14524.986879465234	9
22	4012	14738.496337877156	9
22	4068	14949.293328196165	12
22	4124	15118.962984529399	9
22	4125	15119.325291537621	9
22	4148	15195.706147377536	12
22	4152	15211.767210790915	12
22	4215	15443.14412364437	9
22	4238	15562.509570134895	12
22	4277	15749.64017446589	12
22	4280	15763.680464378217	9
22	4308	15876.560034593545	6
22	4348	16036.971279210898	12
22	4362	16100.923683927804	6
22	4373	16136.422643372259	12
22	4437	16387.564510034534	6
22	4496	16563.019323793375	3
22	4541	16730.522261511226	6
22	4554	16766.279306889057	9
22	4587	16908.656886312271	9
22	4593	16963.202366550049	6
22	4614	17091.79425550021	6
22	4748	17673.366492437975	6
22	4791	17804.704238745193	9
22	4799	17826.300172405016	6
22	4878	18081.575929189257	9
22	4899	18127.928424518847	12
22	4984	18360.906242112567	9
22	5061	18593.135259572886	9
22	5072	18620.98815213851	6
22	5104	18725.857666006475	3
22	5121	18787.234138565461	12
22	5153	18897.255108474294	6
22	5162	18956.481506656499	6
22	5196	19082.242105321083	3
22	5207	19115.454945130081	12
22	5240	19270.12430439422	3
22	5285	19438.429248187155	3
22	5301	19510.372267069937	12
22	5342	19641.364646767971	3
22	5343	19641.920342378504	6
22	5431	19920.218564199282	12
23	243	1008.048825581537	1
23	253	1044.330184231523	3
23	293	1220.863616838383	4
23	326	1344.975386298756	4
23	338	1397.036660178435	4
23	447	1845.570584278622	4
23	469	1925.20534139288	1
23	529	2156.777623089963	4
23	584	2481.471367559022	2
23	607	2580.843001672208	2
23	610	2602.430702075691	4
23	746	3060.441110804091	4
23	793	3250.132568494375	1
23	816	3341.347913715823	4
23	831	3401.628831731061	4
23	866	3536.755838723727	2
23	875	3566.710390155192	3
23	877	3570.755385409228	3
23	901	3664.032635216553	3
23	942	3808.660797257635	2
23	970	3921.598657200927	2
23	1004	4035.655681511146	2
23	1019	4077.499962203473	1
23	1054	4180.273321660598	4
23	1080	4261.549853039652	2
23	1107	4351.80441830463	2
23	1126	4417.267456859131	3
23	1140	4475.219610055414	2
23	1155	4551.310238901464	3
23	1170	4628.118925045213	4
23	1236	4880.157948429302	4
23	1247	4915.292920036249	3
23	1266	4976.778870700478	3
23	1271	4989.347111926822	3
23	1301	5084.319317162755	3
23	1436	5568.498174049297	3
23	1458	5704.273086568948	3
23	1459	5705.821329618105	3
23	1464	5721.266688926279	4
23	1556	6105.578637341539	1
23	1578	6171.077643019185	3
23	1579	6174.989964707961	2
23	1626	6362.789594729086	1
23	1663	6488.398032693074	3
23	1682	6555.663957019363	3
23	1689	6579.955384009747	3
23	1733	6708.659375062601	3
23	1796	6893.133905570068	4
23	1868	7105.72669082582	3
23	1894	7184.531053033686	2
23	1897	7190.48469824677	3
23	1910	7216.179497290799	3
23	1945	7314.72675465813	2
23	2014	7539.456705967457	3
23	2065	7691.000972780499	1
23	2078	7729.366930142944	2
23	2082	7736.555311375534	1
23	2089	7767.509625705826	4
23	2091	7773.139944578063	2
23	2173	8094.170488579363	1
23	2184	8143.12592367014	2
23	2242	8295.252401051992	2
23	2262	8355.168176200313	2
23	2266	8362.198456193732	2
23	2301	8463.377803968395	3
23	2356	8593.004011170017	2
23	2357	8595.124508030918	3
23	2364	8609.208176285198	3
23	2388	8683.722205783949	1
23	2527	9133.085827659696	2
23	2562	9239.027826360084	3
23	2627	9539.336320748578	2
23	2628	9540.089054184624	2
23	2637	9587.359747946222	4
23	2662	9721.227014318419	3
23	2684	9809.91433001984	3
23	2760	10102.886283003701	1
23	2776	10152.670485508944	3
23	2855	10453.948177250908	2
23	2877	10558.125988315989	1
23	2898	10634.852363392489	1
23	2962	10898.615042821411	4
23	2969	10921.710954171546	3
23	2971	10925.995861745133	1
23	2988	10990.388421123936	1
23	3029	11126.653474675921	4
23	3053	11217.108974608862	2
23	3119	11428.897050685456	1
23	3224	11777.589377345044	2
23	3257	11880.5174271428	3
23	3371	12262.369788937794	3
23	3377	12278.051176342277	4
23	3421	12441.469079643144	3
23	3423	12445.716441425379	4
23	3449	12555.293120432878	4
23	3479	12673.061521169049	4
23	3485	12698.719397617591	3
23	3742	13675.228771883212	2
23	3817	13922.359700342573	4
23	3835	13988.357761314339	4
23	3871	14121.085033823174	1
23	3907	14270.83637631417	3
23	3924	14357.72060928328	4
23	3958	14516.393522518848	3
23	3959	14524.986879465234	3
23	4012	14738.496337877156	3
23	4068	14949.293328196165	4
23	4124	15118.962984529399	3
23	4125	15119.325291537621	3
23	4148	15195.706147377536	4
23	4152	15211.767210790915	4
23	4215	15443.14412364437	3
23	4238	15562.509570134895	4
23	4277	15749.64017446589	4
23	4280	15763.680464378217	3
23	4308	15876.560034593545	2
23	4348	16036.971279210898	4
23	4362	16100.923683927804	2
23	4373	16136.422643372259	4
23	4437	16387.564510034534	2
23	4496	16563.019323793375	1
23	4541	16730.522261511226	2
23	4554	16766.279306889057	3
23	4587	16908.656886312271	3
23	4593	16963.202366550049	2
23	4614	17091.79425550021	2
23	4748	17673.366492437975	2
23	4791	17804.704238745193	3
23	4799	17826.300172405016	2
23	4878	18081.575929189257	3
23	4899	18127.928424518847	4
23	4984	18360.906242112567	3
23	5061	18593.135259572886	3
23	5072	18620.98815213851	2
23	5104	18725.857666006475	1
23	5121	18787.234138565461	4
23	5153	18897.255108474294	2
23	5162	18956.481506656499	2
23	5196	19082.242105321083	1
23	5207	19115.454945130081	4
23	5240	19270.12430439422	1
23	5285	19438.429248187155	1
23	5301	19510.372267069937	4
23	5342	19641.364646767971	1
23	5343	19641.920342378504	2
23	5431	19920.218564199282	4
24	278	1150.573305478056	306
24	323	1341.1367992331	512
24	333	1381.590468423605	203
24	355	1479.088084470806	203
24	373	1549.51195247923	409
24	394	1651.073341134387	409
24	431	1777.055304604047	306
24	474	1947.410419579259	306
24	539	2195.933571839371	306
24	549	2269.582054240215	512
24	635	2693.68900229982	306
24	669	2811.735155910044	203
24	684	2871.690756023257	306
24	745	3054.610383338188	512
24	749	3080.460325499724	306
24	765	3132.347200259128	409
24	778	3187.821530160028	306
24	780	3193.929723456251	409
24	786	3223.761932672563	306
24	795	3254.181472874862	306
24	804	3293.279193654423	306
24	861	3519.352250828516	203
24	864	3533.441432595605	512
24	931	3774.558893303063	512
24	960	3883.614974141224	306
24	983	3979.967733666002	409
24	1013	4066.500727971092	409
24	1046	4161.773938198374	203
24	1083	4271.833844893531	409
24	1116	4387.169707170073	306
24	1214	4805.02557146745	306
24	1220	4825.105790844709	512
24	1233	4873.971471361549	512
24	1261	4967.507123932437	409
24	1321	5150.35716282033	409
24	1338	5190.069197285629	409
24	1346	5231.464096955248	409
24	1396	5392.848111123302	409
24	1420	5497.973883216041	409
24	1455	5682.682343049554	409
24	1553	6090.246733245274	203
24	1573	6162.632289697535	203
24	1576	6166.662455223865	203
24	1667	6502.119592502364	203
24	1702	6622.624642439124	512
24	1728	6703.998262604186	306
24	1814	6950.156248658407	512
24	1817	6963.178591408996	409
24	1826	6988.195287519951	306
24	1844	7032.367450191258	203
24	1921	7250.61448780082	512
24	1929	7283.716472127257	512
24	1969	7404.275921565856	512
24	1981	7441.572386777662	409
24	1992	7480.78889689958	409
24	2015	7541.546616334683	512
24	2055	7652.214154970478	306
24	2077	7726.450364014375	512
24	2085	7748.453546660185	306
24	2158	8044.251613485763	512
24	2176	8103.210161287652	512
24	2210	8217.107106902567	409
24	2302	8464.769703549569	306
24	2350	8580.195164929083	409
24	2379	8655.428851355278	306
24	2394	8706.924292945983	409
24	2446	8866.523460014474	409
24	2455	8891.39738601979	409
24	2491	9017.417363871098	203
24	2514	9081.555568582247	306
24	2521	9110.233693496885	306
24	2543	9176.456903201699	306
24	2547	9198.737515836929	306
24	2556	9233.542808975167	512
24	2558	9238.326111100547	409
24	2575	9300.074283046828	409
24	2591	9364.584867392606	306
24	2606	9414.732077625059	512
24	2613	9460.161478022795	409
24	2724	9964.951938846696	203
24	2808	10273.023064402194	306
24	2817	10297.996127927472	306
24	2840	10380.080229755019	306
24	2854	10440.557087471855	203
24	2924	10764.026799269611	203
24	2927	10777.002903515447	203
24	3021	11104.943485814933	409
24	3045	11191.230080798818	306
24	3081	11300.90979246668	512
24	3092	11327.860879375358	306
24	3109	11400.769895328635	409
24	3122	11451.965792280346	512
24	3145	11521.639563071068	512
24	3158	11570.854682241993	512
24	3317	12081.377343322822	512
24	3321	12091.178502835839	203
24	3390	12326.743270923957	306
24	3418	12428.453801443698	203
24	3443	12523.726510432415	306
24	3500	12753.105140751811	306
24	3549	12947.845466041106	203
24	3641	13312.155316004148	409
24	3652	13357.868931833514	306
24	3697	13510.49619483419	306
24	3869	14115.093000642596	306
24	3875	14136.3028923264	409
24	3884	14168.545531096746	203
24	3898	14225.136928804715	409
24	3922	14348.189424937888	203
24	3969	14575.524165969137	203
24	3987	14650.129759234675	306
24	3998	14693.413625350028	203
24	4003	14707.983031994833	306
24	4075	14988.855179509144	409
24	4078	14992.23159653294	409
24	4092	15027.176175189852	512
24	4177	15299.028842049911	409
24	4182	15316.221468832408	306
24	4187	15329.508823321862	512
24	4223	15488.000858314025	409
24	4273	15728.355236456488	512
24	4369	16129.140721003106	409
24	4382	16170.727701526302	512
24	4392	16211.56579060876	512
24	4399	16244.774148528943	409
24	4428	16356.514137798579	306
24	4447	16423.116852777773	203
24	4571	16844.259011982191	409
24	4661	17330.559758893194	203
24	4670	17393.378974443408	409
24	4671	17394.274610013201	512
24	4726	17619.183475898031	409
24	4746	17671.6743477708	512
24	4761	17717.305312026652	512
24	4801	17830.328027604607	512
24	4854	18009.980609710677	512
24	4937	18225.25086306495	306
24	4939	18243.288156281497	306
24	5023	18473.478425346486	512
24	5085	18666.081300110447	512
24	5100	18711.358573488184	203
24	5117	18775.206590317657	306
24	5132	18825.911741163484	203
24	5297	19492.871701717967	512
24	5333	19627.210252141798	306
24	5335	19629.895073295237	306
24	5349	19660.360997975421	512
24	5387	19795.272631139063	512
24	5400	19846.58945953982	306
24	5445	19956.135735937727	512
25	278	1150.573305478056	6
25	323	1341.1367992331	12
25	333	1381.590468423605	3
25	355	1479.088084470806	3
25	373	1549.51195247923	9
25	394	1651.073341134387	9
25	431	1777.055304604047	6
25	474	1947.410419579259	6
25	539	2195.933571839371	6
25	549	2269.582054240215	12
25	635	2693.68900229982	6
25	669	2811.735155910044	3
25	684	2871.690756023257	6
25	745	3054.610383338188	12
25	749	3080.460325499724	6
25	765	3132.347200259128	9
25	778	3187.821530160028	6
25	780	3193.929723456251	9
25	786	3223.761932672563	6
25	795	3254.181472874862	6
25	804	3293.279193654423	6
25	861	3519.352250828516	3
25	864	3533.441432595605	12
25	931	3774.558893303063	12
25	960	3883.614974141224	6
25	983	3979.967733666002	9
25	1013	4066.500727971092	9
25	1046	4161.773938198374	3
25	1083	4271.833844893531	9
25	1116	4387.169707170073	6
25	1214	4805.02557146745	6
25	1220	4825.105790844709	12
25	1233	4873.971471361549	12
25	1261	4967.507123932437	9
25	1321	5150.35716282033	9
25	1338	5190.069197285629	9
25	1346	5231.464096955248	9
25	1396	5392.848111123302	9
25	1420	5497.973883216041	9
25	1455	5682.682343049554	9
25	1553	6090.246733245274	3
25	1573	6162.632289697535	3
25	1576	6166.662455223865	3
25	1667	6502.119592502364	3
25	1702	6622.624642439124	12
25	1728	6703.998262604186	6
25	1814	6950.156248658407	12
25	1817	6963.178591408996	9
25	1826	6988.195287519951	6
25	1844	7032.367450191258	3
25	1921	7250.61448780082	12
25	1929	7283.716472127257	12
25	1969	7404.275921565856	12
25	1981	7441.572386777662	9
25	1992	7480.78889689958	9
25	2015	7541.546616334683	12
25	2055	7652.214154970478	6
25	2077	7726.450364014375	12
25	2085	7748.453546660185	6
25	2158	8044.251613485763	12
25	2176	8103.210161287652	12
25	2210	8217.107106902567	9
25	2302	8464.769703549569	6
25	2350	8580.195164929083	9
25	2379	8655.428851355278	6
25	2394	8706.924292945983	9
25	2446	8866.523460014474	9
25	2455	8891.39738601979	9
25	2491	9017.417363871098	3
25	2514	9081.555568582247	6
25	2521	9110.233693496885	6
25	2543	9176.456903201699	6
25	2547	9198.737515836929	6
25	2556	9233.542808975167	12
25	2558	9238.326111100547	9
25	2575	9300.074283046828	9
25	2591	9364.584867392606	6
25	2606	9414.732077625059	12
25	2613	9460.161478022795	9
25	2724	9964.951938846696	3
25	2808	10273.023064402194	6
25	2817	10297.996127927472	6
25	2840	10380.080229755019	6
25	2854	10440.557087471855	3
25	2924	10764.026799269611	3
25	2927	10777.002903515447	3
25	3021	11104.943485814933	9
25	3045	11191.230080798818	6
25	3081	11300.90979246668	12
25	3092	11327.860879375358	6
25	3109	11400.769895328635	9
25	3122	11451.965792280346	12
25	3145	11521.639563071068	12
25	3158	11570.854682241993	12
25	3317	12081.377343322822	12
25	3321	12091.178502835839	3
25	3390	12326.743270923957	6
25	3418	12428.453801443698	3
25	3443	12523.726510432415	6
25	3500	12753.105140751811	6
25	3549	12947.845466041106	3
25	3641	13312.155316004148	9
25	3652	13357.868931833514	6
25	3697	13510.49619483419	6
25	3869	14115.093000642596	6
25	3875	14136.3028923264	9
25	3884	14168.545531096746	3
25	3898	14225.136928804715	9
25	3922	14348.189424937888	3
25	3969	14575.524165969137	3
25	3987	14650.129759234675	6
25	3998	14693.413625350028	3
25	4003	14707.983031994833	6
25	4075	14988.855179509144	9
25	4078	14992.23159653294	9
25	4092	15027.176175189852	12
25	4177	15299.028842049911	9
25	4182	15316.221468832408	6
25	4187	15329.508823321862	12
25	4223	15488.000858314025	9
25	4273	15728.355236456488	12
25	4369	16129.140721003106	9
25	4382	16170.727701526302	12
25	4392	16211.56579060876	12
25	4399	16244.774148528943	9
25	4428	16356.514137798579	6
25	4447	16423.116852777773	3
25	4571	16844.259011982191	9
25	4661	17330.559758893194	3
25	4670	17393.378974443408	9
25	4671	17394.274610013201	12
25	4726	17619.183475898031	9
25	4746	17671.6743477708	12
25	4761	17717.305312026652	12
25	4801	17830.328027604607	12
25	4854	18009.980609710677	12
25	4937	18225.25086306495	6
25	4939	18243.288156281497	6
25	5023	18473.478425346486	12
25	5085	18666.081300110447	12
25	5100	18711.358573488184	3
25	5117	18775.206590317657	6
25	5132	18825.911741163484	3
25	5297	19492.871701717967	12
25	5333	19627.210252141798	6
25	5335	19629.895073295237	6
25	5349	19660.360997975421	12
25	5387	19795.272631139063	12
25	5400	19846.58945953982	6
25	5445	19956.135735937727	12
26	278	1150.573305478056	2
26	323	1341.1367992331	4
26	333	1381.590468423605	1
26	355	1479.088084470806	1
26	373	1549.51195247923	3
26	394	1651.073341134387	3
26	431	1777.055304604047	2
26	474	1947.410419579259	2
26	539	2195.933571839371	2
26	549	2269.582054240215	4
26	635	2693.68900229982	2
26	669	2811.735155910044	1
26	684	2871.690756023257	2
26	745	3054.610383338188	4
26	749	3080.460325499724	2
26	765	3132.347200259128	3
26	778	3187.821530160028	2
26	780	3193.929723456251	3
26	786	3223.761932672563	2
26	795	3254.181472874862	2
26	804	3293.279193654423	2
26	861	3519.352250828516	1
26	864	3533.441432595605	4
26	931	3774.558893303063	4
26	960	3883.614974141224	2
26	983	3979.967733666002	3
26	1013	4066.500727971092	3
26	1046	4161.773938198374	1
26	1083	4271.833844893531	3
26	1116	4387.169707170073	2
26	1214	4805.02557146745	2
26	1220	4825.105790844709	4
26	1233	4873.971471361549	4
26	1261	4967.507123932437	3
26	1321	5150.35716282033	3
26	1338	5190.069197285629	3
26	1346	5231.464096955248	3
26	1396	5392.848111123302	3
26	1420	5497.973883216041	3
26	1455	5682.682343049554	3
26	1553	6090.246733245274	1
26	1573	6162.632289697535	1
26	1576	6166.662455223865	1
26	1667	6502.119592502364	1
26	1702	6622.624642439124	4
26	1728	6703.998262604186	2
26	1814	6950.156248658407	4
26	1817	6963.178591408996	3
26	1826	6988.195287519951	2
26	1844	7032.367450191258	1
26	1921	7250.61448780082	4
26	1929	7283.716472127257	4
26	1969	7404.275921565856	4
26	1981	7441.572386777662	3
26	1992	7480.78889689958	3
26	2015	7541.546616334683	4
26	2055	7652.214154970478	2
26	2077	7726.450364014375	4
26	2085	7748.453546660185	2
26	2158	8044.251613485763	4
26	2176	8103.210161287652	4
26	2210	8217.107106902567	3
26	2302	8464.769703549569	2
26	2350	8580.195164929083	3
26	2379	8655.428851355278	2
26	2394	8706.924292945983	3
26	2446	8866.523460014474	3
26	2455	8891.39738601979	3
26	2491	9017.417363871098	1
26	2514	9081.555568582247	2
26	2521	9110.233693496885	2
26	2543	9176.456903201699	2
26	2547	9198.737515836929	2
26	2556	9233.542808975167	4
26	2558	9238.326111100547	3
26	2575	9300.074283046828	3
26	2591	9364.584867392606	2
26	2606	9414.732077625059	4
26	2613	9460.161478022795	3
26	2724	9964.951938846696	1
26	2808	10273.023064402194	2
26	2817	10297.996127927472	2
26	2840	10380.080229755019	2
26	2854	10440.557087471855	1
26	2924	10764.026799269611	1
26	2927	10777.002903515447	1
26	3021	11104.943485814933	3
26	3045	11191.230080798818	2
26	3081	11300.90979246668	4
26	3092	11327.860879375358	2
26	3109	11400.769895328635	3
26	3122	11451.965792280346	4
26	3145	11521.639563071068	4
26	3158	11570.854682241993	4
26	3317	12081.377343322822	4
26	3321	12091.178502835839	1
26	3390	12326.743270923957	2
26	3418	12428.453801443698	1
26	3443	12523.726510432415	2
26	3500	12753.105140751811	2
26	3549	12947.845466041106	1
26	3641	13312.155316004148	3
26	3652	13357.868931833514	2
26	3697	13510.49619483419	2
26	3869	14115.093000642596	2
26	3875	14136.3028923264	3
26	3884	14168.545531096746	1
26	3898	14225.136928804715	3
26	3922	14348.189424937888	1
26	3969	14575.524165969137	1
26	3987	14650.129759234675	2
26	3998	14693.413625350028	1
26	4003	14707.983031994833	2
26	4075	14988.855179509144	3
26	4078	14992.23159653294	3
26	4092	15027.176175189852	4
26	4177	15299.028842049911	3
26	4182	15316.221468832408	2
26	4187	15329.508823321862	4
26	4223	15488.000858314025	3
26	4273	15728.355236456488	4
26	4369	16129.140721003106	3
26	4382	16170.727701526302	4
26	4392	16211.56579060876	4
26	4399	16244.774148528943	3
26	4428	16356.514137798579	2
26	4447	16423.116852777773	1
26	4571	16844.259011982191	3
26	4661	17330.559758893194	1
26	4670	17393.378974443408	3
26	4671	17394.274610013201	4
26	4726	17619.183475898031	3
26	4746	17671.6743477708	4
26	4761	17717.305312026652	4
26	4801	17830.328027604607	4
26	4854	18009.980609710677	4
26	4937	18225.25086306495	2
26	4939	18243.288156281497	2
26	5023	18473.478425346486	4
26	5085	18666.081300110447	4
26	5100	18711.358573488184	1
26	5117	18775.206590317657	2
26	5132	18825.911741163484	1
26	5297	19492.871701717967	4
26	5333	19627.210252141798	2
26	5335	19629.895073295237	2
26	5349	19660.360997975421	4
26	5387	19795.272631139063	4
26	5400	19846.58945953982	2
26	5445	19956.135735937727	4
27	280	1170.607714178037	409
27	281	1174.927079295007	203
27	328	1350.252325145894	306
27	335	1390.528193056967	409
27	358	1498.057832895876	306
27	410	1725.737597192287	409
27	426	1763.532668035839	306
27	481	1959.37818575086	512
27	530	2161.150536170691	306
27	536	2177.481401572461	512
27	724	2988.040229637968	409
27	757	3097.303896506704	203
27	764	3122.730344006619	409
27	862	3521.454000288234	203
27	938	3791.209872894716	409
27	949	3836.394063433439	409
27	962	3889.814448992582	306
27	987	3990.203487573762	512
27	1022	4085.500113726106	306
27	1052	4174.244206779989	409
27	1117	4391.869861954003	409
27	1133	4442.386319462792	409
27	1149	4518.986823044308	409
27	1226	4863.300630426392	203
27	1240	4891.107536365583	306
27	1276	5010.123517031245	409
27	1311	5126.035062180578	306
27	1376	5320.487326301134	409
27	1388	5371.196854484045	409
27	1395	5386.006860433387	512
27	1432	5553.392940623813	409
27	1493	5868.85391804051	512
27	1505	5919.395973210585	203
27	1511	5941.195447185418	409
27	1543	6054.333337299558	306
27	1559	6113.452365671622	512
27	1598	6267.681347366538	203
27	1653	6452.787278843069	512
27	1671	6518.595301555637	203
27	1688	6578.308996062042	203
27	1700	6618.277421329982	512
27	1881	7134.961643075777	512
27	1961	7388.002027955853	306
27	2124	7906.540732745345	409
27	2192	8156.320434384971	512
27	2235	8286.742706036588	306
27	2274	8389.001622757484	409
27	2305	8474.562736737957	203
27	2346	8572.009701054589	306
27	2383	8662.553228892307	409
27	2410	8748.220381198887	409
27	2413	8759.304596328569	203
27	2429	8815.436976362419	306
27	2462	8915.468746694595	512
27	2539	9164.605601221671	203
27	2553	9222.79795822318	203
27	2559	9238.562554328417	512
27	2581	9324.667489947008	409
27	2678	9779.416717305626	512
27	2682	9797.866821776358	409
27	2698	9858.278977649108	306
27	2742	10036.881974064692	306
27	2889	10600.959596695952	409
27	2936	10799.000223223948	306
27	2943	10828.103841120093	306
27	2972	10927.298599721398	306
27	2978	10947.744994082327	409
27	3006	11041.752122068822	203
27	3020	11102.437317880277	409
27	3051	11210.45084971007	512
27	3079	11298.637835910535	512
27	3118	11422.848284294983	203
27	3197	11684.470104922547	512
27	3236	11814.18159253474	512
27	3240	11832.391418674301	512
27	3244	11844.849212124876	306
27	3302	12023.675188122416	306
27	3326	12118.87606185733	512
27	3330	12126.326422997292	203
27	3348	12201.806118208151	306
27	3360	12225.796571179067	409
27	3440	12519.441340530753	306
27	3493	12715.107353033154	203
27	3494	12725.590109944153	409
27	3496	12729.801497496084	512
27	3591	13110.960713546753	306
27	3604	13164.531747172945	203
27	3694	13508.497687692949	306
27	3753	13704.978630563245	306
27	3771	13767.374989399196	409
27	3852	14055.196387454016	512
27	3873	14126.751518433764	512
27	3895	14215.161498416794	203
27	3921	14346.614664884549	306
27	3960	14527.481658303408	306
27	4028	14805.434014741007	203
27	4045	14868.74719984965	306
27	4062	14927.1518872499	306
27	4067	14948.615372438661	306
27	4174	15286.420560914475	512
27	4224	15489.264656923577	512
27	4244	15600.580010327268	512
27	4302	15848.713360319876	409
27	4306	15863.564058280038	306
27	4384	16195.234397420357	409
27	4389	16205.910970091006	512
27	4391	16210.846161638322	306
27	4455	16444.364820203327	512
27	4485	16542.504109059119	409
27	4503	16591.497996660935	306
27	4539	16726.593802125863	306
27	4561	16791.836155670777	203
27	4599	16988.550756207064	306
27	4605	17016.77260153252	512
27	4626	17161.784674517511	409
27	4654	17316.508143897817	203
27	4678	17429.849828020982	306
27	4749	17676.783281040715	409
27	4764	17723.568677778484	512
27	4772	17746.663279217662	306
27	4806	17857.968134489008	306
27	4822	17912.861770469946	306
27	4829	17931.789135298853	409
27	4891	18113.883079745203	306
27	4923	18203.131218573007	306
27	4925	18205.858222536297	512
27	4954	18279.760916545666	512
27	4968	18316.726153752479	306
27	5019	18460.711710503605	512
27	5032	18500.751173431372	203
27	5130	18811.67089356012	512
27	5140	18861.048764240711	409
27	5147	18882.463309764553	306
27	5150	18892.813618218531	512
27	5164	18957.635841091887	409
27	5217	19171.428355812049	203
27	5238	19265.952867917858	409
27	5245	19287.44250216098	512
27	5247	19298.484440983112	409
27	5252	19307.325519247823	409
27	5298	19506.641611647205	306
27	5339	19635.67084507666	203
27	5344	19642.207035219105	512
27	5347	19651.707185102301	306
27	5438	19948.976096964753	409
28	280	1170.607714178037	9
28	281	1174.927079295007	3
28	328	1350.252325145894	6
28	335	1390.528193056967	9
28	358	1498.057832895876	6
28	410	1725.737597192287	9
28	426	1763.532668035839	6
28	481	1959.37818575086	12
28	530	2161.150536170691	6
28	536	2177.481401572461	12
28	724	2988.040229637968	9
28	757	3097.303896506704	3
28	764	3122.730344006619	9
28	862	3521.454000288234	3
28	938	3791.209872894716	9
28	949	3836.394063433439	9
28	962	3889.814448992582	6
28	987	3990.203487573762	12
28	1022	4085.500113726106	6
28	1052	4174.244206779989	9
28	1117	4391.869861954003	9
28	1133	4442.386319462792	9
28	1149	4518.986823044308	9
28	1226	4863.300630426392	3
28	1240	4891.107536365583	6
28	1276	5010.123517031245	9
28	1311	5126.035062180578	6
28	1376	5320.487326301134	9
28	1388	5371.196854484045	9
28	1395	5386.006860433387	12
28	1432	5553.392940623813	9
28	1493	5868.85391804051	12
28	1505	5919.395973210585	3
28	1511	5941.195447185418	9
28	1543	6054.333337299558	6
28	1559	6113.452365671622	12
28	1598	6267.681347366538	3
28	1653	6452.787278843069	12
28	1671	6518.595301555637	3
28	1688	6578.308996062042	3
28	1700	6618.277421329982	12
28	1881	7134.961643075777	12
28	1961	7388.002027955853	6
28	2124	7906.540732745345	9
28	2192	8156.320434384971	12
28	2235	8286.742706036588	6
28	2274	8389.001622757484	9
28	2305	8474.562736737957	3
28	2346	8572.009701054589	6
28	2383	8662.553228892307	9
28	2410	8748.220381198887	9
28	2413	8759.304596328569	3
28	2429	8815.436976362419	6
28	2462	8915.468746694595	12
28	2539	9164.605601221671	3
28	2553	9222.79795822318	3
28	2559	9238.562554328417	12
28	2581	9324.667489947008	9
28	2678	9779.416717305626	12
28	2682	9797.866821776358	9
28	2698	9858.278977649108	6
28	2742	10036.881974064692	6
28	2889	10600.959596695952	9
28	2936	10799.000223223948	6
28	2943	10828.103841120093	6
28	2972	10927.298599721398	6
28	2978	10947.744994082327	9
28	3006	11041.752122068822	3
28	3020	11102.437317880277	9
28	3051	11210.45084971007	12
28	3079	11298.637835910535	12
28	3118	11422.848284294983	3
28	3197	11684.470104922547	12
28	3236	11814.18159253474	12
28	3240	11832.391418674301	12
28	3244	11844.849212124876	6
28	3302	12023.675188122416	6
28	3326	12118.87606185733	12
28	3330	12126.326422997292	3
28	3348	12201.806118208151	6
28	3360	12225.796571179067	9
28	3440	12519.441340530753	6
28	3493	12715.107353033154	3
28	3494	12725.590109944153	9
28	3496	12729.801497496084	12
28	3591	13110.960713546753	6
28	3604	13164.531747172945	3
28	3694	13508.497687692949	6
28	3753	13704.978630563245	6
28	3771	13767.374989399196	9
28	3852	14055.196387454016	12
28	3873	14126.751518433764	12
28	3895	14215.161498416794	3
28	3921	14346.614664884549	6
28	3960	14527.481658303408	6
28	4028	14805.434014741007	3
28	4045	14868.74719984965	6
28	4062	14927.1518872499	6
28	4067	14948.615372438661	6
28	4174	15286.420560914475	12
28	4224	15489.264656923577	12
28	4244	15600.580010327268	12
28	4302	15848.713360319876	9
28	4306	15863.564058280038	6
28	4384	16195.234397420357	9
28	4389	16205.910970091006	12
28	4391	16210.846161638322	6
28	4455	16444.364820203327	12
28	4485	16542.504109059119	9
28	4503	16591.497996660935	6
28	4539	16726.593802125863	6
28	4561	16791.836155670777	3
28	4599	16988.550756207064	6
28	4605	17016.77260153252	12
28	4626	17161.784674517511	9
28	4654	17316.508143897817	3
28	4678	17429.849828020982	6
28	4749	17676.783281040715	9
28	4764	17723.568677778484	12
28	4772	17746.663279217662	6
28	4806	17857.968134489008	6
28	4822	17912.861770469946	6
28	4829	17931.789135298853	9
28	4891	18113.883079745203	6
28	4923	18203.131218573007	6
28	4925	18205.858222536297	12
28	4954	18279.760916545666	12
28	4968	18316.726153752479	6
28	5019	18460.711710503605	12
28	5032	18500.751173431372	3
28	5130	18811.67089356012	12
28	5140	18861.048764240711	9
28	5147	18882.463309764553	6
28	5150	18892.813618218531	12
28	5164	18957.635841091887	9
28	5217	19171.428355812049	3
28	5238	19265.952867917858	9
28	5245	19287.44250216098	12
28	5247	19298.484440983112	9
28	5252	19307.325519247823	9
28	5298	19506.641611647205	6
28	5339	19635.67084507666	3
28	5344	19642.207035219105	12
28	5347	19651.707185102301	6
28	5438	19948.976096964753	9
29	280	1170.607714178037	3
29	281	1174.927079295007	1
29	328	1350.252325145894	2
29	335	1390.528193056967	3
29	358	1498.057832895876	2
29	410	1725.737597192287	3
29	426	1763.532668035839	2
29	481	1959.37818575086	4
29	530	2161.150536170691	2
29	536	2177.481401572461	4
29	724	2988.040229637968	3
29	757	3097.303896506704	1
29	764	3122.730344006619	3
29	862	3521.454000288234	1
29	938	3791.209872894716	3
29	949	3836.394063433439	3
29	962	3889.814448992582	2
29	987	3990.203487573762	4
29	1022	4085.500113726106	2
29	1052	4174.244206779989	3
29	1117	4391.869861954003	3
29	1133	4442.386319462792	3
29	1149	4518.986823044308	3
29	1226	4863.300630426392	1
29	1240	4891.107536365583	2
29	1276	5010.123517031245	3
29	1311	5126.035062180578	2
29	1376	5320.487326301134	3
29	1388	5371.196854484045	3
29	1395	5386.006860433387	4
29	1432	5553.392940623813	3
29	1493	5868.85391804051	4
29	1505	5919.395973210585	1
29	1511	5941.195447185418	3
29	1543	6054.333337299558	2
29	1559	6113.452365671622	4
29	1598	6267.681347366538	1
29	1653	6452.787278843069	4
29	1671	6518.595301555637	1
29	1688	6578.308996062042	1
29	1700	6618.277421329982	4
29	1881	7134.961643075777	4
29	1961	7388.002027955853	2
29	2124	7906.540732745345	3
29	2192	8156.320434384971	4
29	2235	8286.742706036588	2
29	2274	8389.001622757484	3
29	2305	8474.562736737957	1
29	2346	8572.009701054589	2
29	2383	8662.553228892307	3
29	2410	8748.220381198887	3
29	2413	8759.304596328569	1
29	2429	8815.436976362419	2
29	2462	8915.468746694595	4
29	2539	9164.605601221671	1
29	2553	9222.79795822318	1
29	2559	9238.562554328417	4
29	2581	9324.667489947008	3
29	2678	9779.416717305626	4
29	2682	9797.866821776358	3
29	2698	9858.278977649108	2
29	2742	10036.881974064692	2
29	2889	10600.959596695952	3
29	2936	10799.000223223948	2
29	2943	10828.103841120093	2
29	2972	10927.298599721398	2
29	2978	10947.744994082327	3
29	3006	11041.752122068822	1
29	3020	11102.437317880277	3
29	3051	11210.45084971007	4
29	3079	11298.637835910535	4
29	3118	11422.848284294983	1
29	3197	11684.470104922547	4
29	3236	11814.18159253474	4
29	3240	11832.391418674301	4
29	3244	11844.849212124876	2
29	3302	12023.675188122416	2
29	3326	12118.87606185733	4
29	3330	12126.326422997292	1
29	3348	12201.806118208151	2
29	3360	12225.796571179067	3
29	3440	12519.441340530753	2
29	3493	12715.107353033154	1
29	3494	12725.590109944153	3
29	3496	12729.801497496084	4
29	3591	13110.960713546753	2
29	3604	13164.531747172945	1
29	3694	13508.497687692949	2
29	3753	13704.978630563245	2
29	3771	13767.374989399196	3
29	3852	14055.196387454016	4
29	3873	14126.751518433764	4
29	3895	14215.161498416794	1
29	3921	14346.614664884549	2
29	3960	14527.481658303408	2
29	4028	14805.434014741007	1
29	4045	14868.74719984965	2
29	4062	14927.1518872499	2
29	4067	14948.615372438661	2
29	4174	15286.420560914475	4
29	4224	15489.264656923577	4
29	4244	15600.580010327268	4
29	4302	15848.713360319876	3
29	4306	15863.564058280038	2
29	4384	16195.234397420357	3
29	4389	16205.910970091006	4
29	4391	16210.846161638322	2
29	4455	16444.364820203327	4
29	4485	16542.504109059119	3
29	4503	16591.497996660935	2
29	4539	16726.593802125863	2
29	4561	16791.836155670777	1
29	4599	16988.550756207064	2
29	4605	17016.77260153252	4
29	4626	17161.784674517511	3
29	4654	17316.508143897817	1
29	4678	17429.849828020982	2
29	4749	17676.783281040715	3
29	4764	17723.568677778484	4
29	4772	17746.663279217662	2
29	4806	17857.968134489008	2
29	4822	17912.861770469946	2
29	4829	17931.789135298853	3
29	4891	18113.883079745203	2
29	4923	18203.131218573007	2
29	4925	18205.858222536297	4
29	4954	18279.760916545666	4
29	4968	18316.726153752479	2
29	5019	18460.711710503605	4
29	5032	18500.751173431372	1
29	5130	18811.67089356012	4
29	5140	18861.048764240711	3
29	5147	18882.463309764553	2
29	5150	18892.813618218531	4
29	5164	18957.635841091887	3
29	5217	19171.428355812049	1
29	5238	19265.952867917858	3
29	5245	19287.44250216098	4
29	5247	19298.484440983112	3
29	5252	19307.325519247823	3
29	5298	19506.641611647205	2
29	5339	19635.67084507666	1
29	5344	19642.207035219105	4
29	5347	19651.707185102301	2
29	5438	19948.976096964753	3
30	257	1062.728725310659	512
30	294	1235.401207534697	409
30	313	1295.837313707503	409
30	322	1341.069088632922	409
30	330	1365.871149124353	512
30	360	1510.823354868837	512
30	420	1749.461191205719	409
30	473	1942.262916406929	512
30	518	2097.656999735664	306
30	547	2246.053173966088	306
30	590	2527.347343033321	512
30	625	2649.200256124235	203
30	644	2727.84833040964	306
30	744	3048.609806479209	512
30	776	3183.632132972793	306
30	777	3184.261827262518	409
30	784	3209.755993013581	409
30	802	3267.130727123677	409
30	902	3666.556999362561	512
30	953	3863.327372845034	512
30	1023	4086.858908017957	306
30	1135	4459.334948688269	203
30	1143	4496.013948326077	306
30	1147	4515.489479964422	306
30	1153	4539.982386802993	512
30	1185	4690.88347462252	409
30	1290	5061.488352146637	512
30	1316	5141.527474727343	306
30	1352	5250.494392458124	512
30	1365	5280.615437068995	512
30	1417	5479.788808084218	512
30	1424	5514.349645858899	409
30	1434	5561.205008937413	306
30	1451	5652.529406719917	409
30	1463	5716.477277539565	512
30	1495	5874.791616051621	409
30	1507	5934.272937878099	512
30	1509	5939.268659394071	306
30	1531	6012.209965019055	203
30	1561	6124.717857805846	512
30	1602	6281.304223265227	306
30	1754	6783.405451737474	512
30	1767	6809.553641758013	512
30	1778	6840.160872017285	512
30	1793	6889.60388812452	306
30	1816	6961.839153559876	512
30	1854	7078.619571529842	203
30	1866	7099.617429286003	512
30	1887	7169.907539963187	512
30	1996	7496.187155785929	409
30	2011	7527.711912964767	306
30	2053	7648.674733425632	203
30	2230	8273.251584234757	512
30	2294	8442.083971935507	409
30	2319	8498.600815547953	306
30	2333	8526.820068012212	306
30	2368	8618.509917652139	306
30	2426	8806.241293113057	409
30	2439	8835.435584103994	409
30	2452	8888.95195727071	409
30	2487	9000.16201521836	306
30	2508	9059.170958547793	409
30	2566	9257.407847262424	512
30	2574	9288.334764002737	512
30	2604	9412.118375680594	306
30	2624	9511.107554190248	409
30	2639	9593.708950734186	306
30	2701	9864.148491921506	306
30	2741	10036.259166618313	409
30	2780	10167.324904584272	409
30	2789	10195.495111329847	512
30	2812	10283.697262401264	512
30	2836	10361.462496884367	512
30	3060	11243.559391540987	512
30	3077	11282.665335712481	409
30	3108	11380.438197208923	512
30	3218	11764.705350443299	512
30	3243	11844.030094664841	409
30	3282	11961.039091316979	409
30	3296	12008.929212958726	203
30	3363	12237.295074179586	306
30	3450	12566.36526763532	203
30	3531	12880.111623807381	409
30	3567	13011.024409138045	409
30	3570	13018.248370542245	409
30	3583	13071.811390696736	306
30	3619	13218.722695336932	203
30	3633	13296.925639877029	306
30	3666	13406.06072875544	512
30	3695	13509.903774688201	306
30	3741	13668.751016447034	306
30	3776	13787.945969519572	203
30	3777	13791.412065637352	203
30	3783	13803.49892373073	409
30	3789	13822.230912591293	512
30	3809	13901.424717876051	203
30	3848	14038.263329383153	203
30	3855	14059.166690384558	409
30	3866	14106.827064628415	409
30	3889	14189.862469329616	512
30	3906	14268.031367444051	203
30	4000	14699.27542157706	409
30	4065	14943.661380779051	203
30	4080	14994.972391393907	409
30	4110	15086.297125413887	512
30	4126	15120.930018257298	409
30	4128	15125.134838813633	306
30	4171	15275.534836092265	203
30	4193	15351.578849084091	306
30	4198	15362.442396208984	203
30	4199	15370.021132458628	306
30	4333	15971.045916917717	306
30	4482	16529.082450796754	306
30	4488	16550.999506893281	306
30	4542	16730.988989260088	409
30	4552	16765.198731877577	306
30	4577	16864.153698012449	306
30	4700	17535.214885612944	409
30	4771	17744.196110798433	203
30	4866	18041.179815425367	409
30	4869	18051.665578164905	512
30	4932	18220.690312652478	409
30	4945	18255.765022365983	306
30	4972	18327.317816088221	409
30	5040	18517.031057839947	409
30	5069	18616.022071216333	512
30	5231	19226.781905554032	306
30	5268	19384.334919189264	203
30	5394	19829.747333144258	306
30	5410	19866.246538422179	306
30	5425	19894.224894958922	512
30	5453	19980.975055945163	306
31	257	1062.728725310659	12
31	294	1235.401207534697	9
31	313	1295.837313707503	9
31	322	1341.069088632922	9
31	330	1365.871149124353	12
31	360	1510.823354868837	12
31	420	1749.461191205719	9
31	473	1942.262916406929	12
31	518	2097.656999735664	6
31	547	2246.053173966088	6
31	590	2527.347343033321	12
31	625	2649.200256124235	3
31	644	2727.84833040964	6
31	744	3048.609806479209	12
31	776	3183.632132972793	6
31	777	3184.261827262518	9
31	784	3209.755993013581	9
31	802	3267.130727123677	9
31	902	3666.556999362561	12
31	953	3863.327372845034	12
31	1023	4086.858908017957	6
31	1135	4459.334948688269	3
31	1143	4496.013948326077	6
31	1147	4515.489479964422	6
31	1153	4539.982386802993	12
31	1185	4690.88347462252	9
31	1290	5061.488352146637	12
31	1316	5141.527474727343	6
31	1352	5250.494392458124	12
31	1365	5280.615437068995	12
31	1417	5479.788808084218	12
31	1424	5514.349645858899	9
31	1434	5561.205008937413	6
31	1451	5652.529406719917	9
31	1463	5716.477277539565	12
31	1495	5874.791616051621	9
31	1507	5934.272937878099	12
31	1509	5939.268659394071	6
31	1531	6012.209965019055	3
31	1561	6124.717857805846	12
31	1602	6281.304223265227	6
31	1754	6783.405451737474	12
31	1767	6809.553641758013	12
31	1778	6840.160872017285	12
31	1793	6889.60388812452	6
31	1816	6961.839153559876	12
31	1854	7078.619571529842	3
31	1866	7099.617429286003	12
31	1887	7169.907539963187	12
31	1996	7496.187155785929	9
31	2011	7527.711912964767	6
31	2053	7648.674733425632	3
31	2230	8273.251584234757	12
31	2294	8442.083971935507	9
31	2319	8498.600815547953	6
31	2333	8526.820068012212	6
31	2368	8618.509917652139	6
31	2426	8806.241293113057	9
31	2439	8835.435584103994	9
31	2452	8888.95195727071	9
31	2487	9000.16201521836	6
31	2508	9059.170958547793	9
31	2566	9257.407847262424	12
31	2574	9288.334764002737	12
31	2604	9412.118375680594	6
31	2624	9511.107554190248	9
31	2639	9593.708950734186	6
31	2701	9864.148491921506	6
31	2741	10036.259166618313	9
31	2780	10167.324904584272	9
31	2789	10195.495111329847	12
31	2812	10283.697262401264	12
31	2836	10361.462496884367	12
31	3060	11243.559391540987	12
31	3077	11282.665335712481	9
31	3108	11380.438197208923	12
31	3218	11764.705350443299	12
31	3243	11844.030094664841	9
31	3282	11961.039091316979	9
31	3296	12008.929212958726	3
31	3363	12237.295074179586	6
31	3450	12566.36526763532	3
31	3531	12880.111623807381	9
31	3567	13011.024409138045	9
31	3570	13018.248370542245	9
31	3583	13071.811390696736	6
31	3619	13218.722695336932	3
31	3633	13296.925639877029	6
31	3666	13406.06072875544	12
31	3695	13509.903774688201	6
31	3741	13668.751016447034	6
31	3776	13787.945969519572	3
31	3777	13791.412065637352	3
31	3783	13803.49892373073	9
31	3789	13822.230912591293	12
31	3809	13901.424717876051	3
31	3848	14038.263329383153	3
31	3855	14059.166690384558	9
31	3866	14106.827064628415	9
31	3889	14189.862469329616	12
31	3906	14268.031367444051	3
31	4000	14699.27542157706	9
31	4065	14943.661380779051	3
31	4080	14994.972391393907	9
31	4110	15086.297125413887	12
31	4126	15120.930018257298	9
31	4128	15125.134838813633	6
31	4171	15275.534836092265	3
31	4193	15351.578849084091	6
31	4198	15362.442396208984	3
31	4199	15370.021132458628	6
31	4333	15971.045916917717	6
31	4482	16529.082450796754	6
31	4488	16550.999506893281	6
31	4542	16730.988989260088	9
31	4552	16765.198731877577	6
31	4577	16864.153698012449	6
31	4700	17535.214885612944	9
31	4771	17744.196110798433	3
31	4866	18041.179815425367	9
31	4869	18051.665578164905	12
31	4932	18220.690312652478	9
31	4945	18255.765022365983	6
31	4972	18327.317816088221	9
31	5040	18517.031057839947	9
31	5069	18616.022071216333	12
31	5231	19226.781905554032	6
31	5268	19384.334919189264	3
31	5394	19829.747333144258	6
31	5410	19866.246538422179	6
31	5425	19894.224894958922	12
31	5453	19980.975055945163	6
32	257	1062.728725310659	4
32	294	1235.401207534697	3
32	313	1295.837313707503	3
32	322	1341.069088632922	3
32	330	1365.871149124353	4
32	360	1510.823354868837	4
32	420	1749.461191205719	3
32	473	1942.262916406929	4
32	518	2097.656999735664	2
32	547	2246.053173966088	2
32	590	2527.347343033321	4
32	625	2649.200256124235	1
32	644	2727.84833040964	2
32	744	3048.609806479209	4
32	776	3183.632132972793	2
32	777	3184.261827262518	3
32	784	3209.755993013581	3
32	802	3267.130727123677	3
32	902	3666.556999362561	4
32	953	3863.327372845034	4
32	1023	4086.858908017957	2
32	1135	4459.334948688269	1
32	1143	4496.013948326077	2
32	1147	4515.489479964422	2
32	1153	4539.982386802993	4
32	1185	4690.88347462252	3
32	1290	5061.488352146637	4
32	1316	5141.527474727343	2
32	1352	5250.494392458124	4
32	1365	5280.615437068995	4
32	1417	5479.788808084218	4
32	1424	5514.349645858899	3
32	1434	5561.205008937413	2
32	1451	5652.529406719917	3
32	1463	5716.477277539565	4
32	1495	5874.791616051621	3
32	1507	5934.272937878099	4
32	1509	5939.268659394071	2
32	1531	6012.209965019055	1
32	1561	6124.717857805846	4
32	1602	6281.304223265227	2
32	1754	6783.405451737474	4
32	1767	6809.553641758013	4
32	1778	6840.160872017285	4
32	1793	6889.60388812452	2
32	1816	6961.839153559876	4
32	1854	7078.619571529842	1
32	1866	7099.617429286003	4
32	1887	7169.907539963187	4
32	1996	7496.187155785929	3
32	2011	7527.711912964767	2
32	2053	7648.674733425632	1
32	2230	8273.251584234757	4
32	2294	8442.083971935507	3
32	2319	8498.600815547953	2
32	2333	8526.820068012212	2
32	2368	8618.509917652139	2
32	2426	8806.241293113057	3
32	2439	8835.435584103994	3
32	2452	8888.95195727071	3
32	2487	9000.16201521836	2
32	2508	9059.170958547793	3
32	2566	9257.407847262424	4
32	2574	9288.334764002737	4
32	2604	9412.118375680594	2
32	2624	9511.107554190248	3
32	2639	9593.708950734186	2
32	2701	9864.148491921506	2
32	2741	10036.259166618313	3
32	2780	10167.324904584272	3
32	2789	10195.495111329847	4
32	2812	10283.697262401264	4
32	2836	10361.462496884367	4
32	3060	11243.559391540987	4
32	3077	11282.665335712481	3
32	3108	11380.438197208923	4
32	3218	11764.705350443299	4
32	3243	11844.030094664841	3
32	3282	11961.039091316979	3
32	3296	12008.929212958726	1
32	3363	12237.295074179586	2
32	3450	12566.36526763532	1
32	3531	12880.111623807381	3
32	3567	13011.024409138045	3
32	3570	13018.248370542245	3
32	3583	13071.811390696736	2
32	3619	13218.722695336932	1
32	3633	13296.925639877029	2
32	3666	13406.06072875544	4
32	3695	13509.903774688201	2
32	3741	13668.751016447034	2
32	3776	13787.945969519572	1
32	3777	13791.412065637352	1
32	3783	13803.49892373073	3
32	3789	13822.230912591293	4
32	3809	13901.424717876051	1
32	3848	14038.263329383153	1
32	3855	14059.166690384558	3
32	3866	14106.827064628415	3
32	3889	14189.862469329616	4
32	3906	14268.031367444051	1
32	4000	14699.27542157706	3
32	4065	14943.661380779051	1
32	4080	14994.972391393907	3
32	4110	15086.297125413887	4
32	4126	15120.930018257298	3
32	4128	15125.134838813633	2
32	4171	15275.534836092265	1
32	4193	15351.578849084091	2
32	4198	15362.442396208984	1
32	4199	15370.021132458628	2
32	4333	15971.045916917717	2
32	4482	16529.082450796754	2
32	4488	16550.999506893281	2
32	4542	16730.988989260088	3
32	4552	16765.198731877577	2
32	4577	16864.153698012449	2
32	4700	17535.214885612944	3
32	4771	17744.196110798433	1
32	4866	18041.179815425367	3
32	4869	18051.665578164905	4
32	4932	18220.690312652478	3
32	4945	18255.765022365983	2
32	4972	18327.317816088221	3
32	5040	18517.031057839947	3
32	5069	18616.022071216333	4
32	5231	19226.781905554032	2
32	5268	19384.334919189264	1
32	5394	19829.747333144258	2
32	5410	19866.246538422179	2
32	5425	19894.224894958922	4
32	5453	19980.975055945163	2
33	291	1213.568447661812	512
33	378	1589.992261606195	306
33	408	1723.049929027876	409
33	414	1738.269849277406	203
33	465	1916.76072283591	306
33	466	1918.218995403138	409
33	483	1961.061657441765	512
33	491	1980.60456310486	203
33	514	2079.71414380495	306
33	527	2151.0818329365	203
33	534	2174.977516773798	306
33	733	3019.438105207117	409
33	741	3041.4437013021	409
33	753	3087.254509999308	512
33	870	3553.970350768888	306
33	897	3648.429342378515	409
33	941	3806.515994718394	409
33	1139	4471.177630260184	409
33	1141	4479.007821425168	512
33	1146	4513.344382669427	512
33	1192	4731.39028792144	306
33	1295	5069.518428562813	306
33	1314	5132.328590441846	203
33	1369	5290.795263740904	306
33	1378	5333.32990357538	203
33	1414	5469.997584937758	512
33	1532	6021.276699987401	409
33	1633	6383.681570211088	409
33	1645	6429.876046936358	203
33	1658	6472.427479839996	306
33	1718	6669.855808282151	306
33	1748	6766.20010748225	409
33	1799	6906.390647693544	306
33	1804	6911.403826259396	203
33	1835	7011.183364223097	409
33	1838	7017.343429052077	512
33	1912	7218.358606852416	512
33	1914	7229.671367351568	512
33	1920	7246.90980117482	203
33	1971	7411.091508352148	306
33	2054	7651.124042092262	512
33	2060	7674.134564899729	512
33	2101	7807.414213697219	512
33	2128	7919.548562942594	306
33	2139	7967.314426110914	409
33	2140	7976.210272298992	512
33	2145	7985.792110801371	409
33	2149	8004.395637624243	409
33	2150	8005.004035489724	306
33	2155	8038.609654832085	512
33	2217	8245.132378410673	203
33	2347	8576.052899835816	512
33	2360	8601.278306270221	512
33	2404	8731.454100944919	203
33	2594	9377.566005392708	306
33	2609	9439.010566893132	306
33	2619	9489.632143426319	306
33	2753	10075.095256392524	409
33	2765	10121.548158409426	409
33	2779	10158.237978107197	409
33	2795	10227.857349250051	306
33	2819	10303.007989598426	409
33	2831	10354.3356140058	203
33	2864	10492.2127427977	409
33	2895	10623.171718426974	203
33	2939	10819.375263875546	512
33	2987	10990.370284424058	512
33	3023	11107.658343449735	203
33	3030	11130.13460159529	306
33	3069	11265.138284442146	203
33	3093	11329.578757599807	409
33	3162	11576.747585454031	409
33	3174	11617.884511887025	409
33	3177	11628.157037654786	409
33	3184	11659.60278026589	203
33	3193	11675.253414077525	512
33	3195	11682.200433987768	512
33	3222	11773.587038961624	512
33	3283	11963.504156626574	409
33	3284	11967.510220178603	306
33	3320	12085.419290426782	203
33	3341	12163.959293382748	512
33	3351	12208.170323675722	512
33	3425	12448.089552906854	512
33	3457	12594.242065312413	306
33	3472	12638.696570434336	203
33	3473	12647.961815764724	306
33	3548	12942.071189519877	306
33	3556	12969.459818494302	306
33	3557	12987.042837820878	512
33	3571	13020.030913409365	409
33	3594	13114.061196146204	512
33	3629	13267.586076018631	409
33	3646	13338.821392344345	512
33	3674	13441.103242210061	512
33	3714	13571.134855574307	203
33	3718	13582.529073285031	512
33	3730	13633.238321947211	306
33	3739	13663.78490841832	409
33	3754	13705.610262378466	306
33	3755	13708.630149574046	306
33	3812	13906.230173162783	512
33	3837	13997.967028345873	306
33	3854	14058.196599304149	306
33	3925	14361.861243071683	306
33	3989	14652.974724570744	512
33	3999	14694.806442993438	306
33	4006	14711.424939021255	306
33	4095	15035.976014614662	203
33	4101	15052.53308712307	306
33	4209	15419.278346595318	306
33	4212	15420.463617336668	409
33	4231	15523.051439419905	512
33	4379	16160.709071566407	306
33	4412	16306.763423828234	512
33	4439	16402.634455923054	203
33	4489	16551.550482226688	203
33	4508	16609.872731507811	512
33	4555	16775.170746474394	409
33	4568	16828.265048787547	409
33	4590	16936.439515429036	409
33	4604	17011.325768621983	306
33	4610	17069.961935022773	512
33	4642	17233.292410027458	203
33	4650	17295.402768087558	203
33	4656	17318.84631206541	409
33	4668	17372.776108363691	306
33	4702	17537.970073406842	203
33	4777	17763.42721061328	203
33	4784	17785.878118664423	306
33	4851	17999.790982444591	409
33	4859	18018.289029486287	409
33	4877	18079.762280887882	512
33	4987	18372.622447784047	409
33	4988	18374.452754455163	203
33	4998	18404.141970336006	409
33	5016	18457.618047676011	306
33	5082	18655.300883242271	306
33	5102	18722.86315144819	512
33	5159	18943.13336955667	306
33	5200	19095.989751154992	203
33	5229	19206.805929688502	409
33	5288	19447.092248438257	409
33	5351	19664.291006007881	409
33	5407	19855.04931515003	306
33	5420	19889.168250100677	409
33	5422	19893.48310411765	409
33	5447	19958.032283323264	203
34	291	1213.568447661812	12
34	378	1589.992261606195	6
34	408	1723.049929027876	9
34	414	1738.269849277406	3
34	465	1916.76072283591	6
34	466	1918.218995403138	9
34	483	1961.061657441765	12
34	491	1980.60456310486	3
34	514	2079.71414380495	6
34	527	2151.0818329365	3
34	534	2174.977516773798	6
34	733	3019.438105207117	9
34	741	3041.4437013021	9
34	753	3087.254509999308	12
34	870	3553.970350768888	6
34	897	3648.429342378515	9
34	941	3806.515994718394	9
34	1139	4471.177630260184	9
34	1141	4479.007821425168	12
34	1146	4513.344382669427	12
34	1192	4731.39028792144	6
34	1295	5069.518428562813	6
34	1314	5132.328590441846	3
34	1369	5290.795263740904	6
34	1378	5333.32990357538	3
34	1414	5469.997584937758	12
34	1532	6021.276699987401	9
34	1633	6383.681570211088	9
34	1645	6429.876046936358	3
34	1658	6472.427479839996	6
34	1718	6669.855808282151	6
34	1748	6766.20010748225	9
34	1799	6906.390647693544	6
34	1804	6911.403826259396	3
34	1835	7011.183364223097	9
34	1838	7017.343429052077	12
34	1912	7218.358606852416	12
34	1914	7229.671367351568	12
34	1920	7246.90980117482	3
34	1971	7411.091508352148	6
34	2054	7651.124042092262	12
34	2060	7674.134564899729	12
34	2101	7807.414213697219	12
34	2128	7919.548562942594	6
34	2139	7967.314426110914	9
34	2140	7976.210272298992	12
34	2145	7985.792110801371	9
34	2149	8004.395637624243	9
34	2150	8005.004035489724	6
34	2155	8038.609654832085	12
34	2217	8245.132378410673	3
34	2347	8576.052899835816	12
34	2360	8601.278306270221	12
34	2404	8731.454100944919	3
34	2594	9377.566005392708	6
34	2609	9439.010566893132	6
34	2619	9489.632143426319	6
34	2753	10075.095256392524	9
34	2765	10121.548158409426	9
34	2779	10158.237978107197	9
34	2795	10227.857349250051	6
34	2819	10303.007989598426	9
34	2831	10354.3356140058	3
34	2864	10492.2127427977	9
34	2895	10623.171718426974	3
34	2939	10819.375263875546	12
34	2987	10990.370284424058	12
34	3023	11107.658343449735	3
34	3030	11130.13460159529	6
34	3069	11265.138284442146	3
34	3093	11329.578757599807	9
34	3162	11576.747585454031	9
34	3174	11617.884511887025	9
34	3177	11628.157037654786	9
34	3184	11659.60278026589	3
34	3193	11675.253414077525	12
34	3195	11682.200433987768	12
34	3222	11773.587038961624	12
34	3283	11963.504156626574	9
34	3284	11967.510220178603	6
34	3320	12085.419290426782	3
34	3341	12163.959293382748	12
34	3351	12208.170323675722	12
34	3425	12448.089552906854	12
34	3457	12594.242065312413	6
34	3472	12638.696570434336	3
34	3473	12647.961815764724	6
34	3548	12942.071189519877	6
34	3556	12969.459818494302	6
34	3557	12987.042837820878	12
34	3571	13020.030913409365	9
34	3594	13114.061196146204	12
34	3629	13267.586076018631	9
34	3646	13338.821392344345	12
34	3674	13441.103242210061	12
34	3714	13571.134855574307	3
34	3718	13582.529073285031	12
34	3730	13633.238321947211	6
34	3739	13663.78490841832	9
34	3754	13705.610262378466	6
34	3755	13708.630149574046	6
34	3812	13906.230173162783	12
34	3837	13997.967028345873	6
34	3854	14058.196599304149	6
34	3925	14361.861243071683	6
34	3989	14652.974724570744	12
34	3999	14694.806442993438	6
34	4006	14711.424939021255	6
34	4095	15035.976014614662	3
34	4101	15052.53308712307	6
34	4209	15419.278346595318	6
34	4212	15420.463617336668	9
34	4231	15523.051439419905	12
34	4379	16160.709071566407	6
34	4412	16306.763423828234	12
34	4439	16402.634455923054	3
34	4489	16551.550482226688	3
34	4508	16609.872731507811	12
34	4555	16775.170746474394	9
34	4568	16828.265048787547	9
34	4590	16936.439515429036	9
34	4604	17011.325768621983	6
34	4610	17069.961935022773	12
34	4642	17233.292410027458	3
34	4650	17295.402768087558	3
34	4656	17318.84631206541	9
34	4668	17372.776108363691	6
34	4702	17537.970073406842	3
34	4777	17763.42721061328	3
34	4784	17785.878118664423	6
34	4851	17999.790982444591	9
34	4859	18018.289029486287	9
34	4877	18079.762280887882	12
34	4987	18372.622447784047	9
34	4988	18374.452754455163	3
34	4998	18404.141970336006	9
34	5016	18457.618047676011	6
34	5082	18655.300883242271	6
34	5102	18722.86315144819	12
34	5159	18943.13336955667	6
34	5200	19095.989751154992	3
34	5229	19206.805929688502	9
34	5288	19447.092248438257	9
34	5351	19664.291006007881	9
34	5407	19855.04931515003	6
34	5420	19889.168250100677	9
34	5422	19893.48310411765	9
34	5447	19958.032283323264	3
35	291	1213.568447661812	4
35	378	1589.992261606195	2
35	408	1723.049929027876	3
35	414	1738.269849277406	1
35	465	1916.76072283591	2
35	466	1918.218995403138	3
35	483	1961.061657441765	4
35	491	1980.60456310486	1
35	514	2079.71414380495	2
35	527	2151.0818329365	1
35	534	2174.977516773798	2
35	733	3019.438105207117	3
35	741	3041.4437013021	3
35	753	3087.254509999308	4
35	870	3553.970350768888	2
35	897	3648.429342378515	3
35	941	3806.515994718394	3
35	1139	4471.177630260184	3
35	1141	4479.007821425168	4
35	1146	4513.344382669427	4
35	1192	4731.39028792144	2
35	1295	5069.518428562813	2
35	1314	5132.328590441846	1
35	1369	5290.795263740904	2
35	1378	5333.32990357538	1
35	1414	5469.997584937758	4
35	1532	6021.276699987401	3
35	1633	6383.681570211088	3
35	1645	6429.876046936358	1
35	1658	6472.427479839996	2
35	1718	6669.855808282151	2
35	1748	6766.20010748225	3
35	1799	6906.390647693544	2
35	1804	6911.403826259396	1
35	1835	7011.183364223097	3
35	1838	7017.343429052077	4
35	1912	7218.358606852416	4
35	1914	7229.671367351568	4
35	1920	7246.90980117482	1
35	1971	7411.091508352148	2
35	2054	7651.124042092262	4
35	2060	7674.134564899729	4
35	2101	7807.414213697219	4
35	2128	7919.548562942594	2
35	2139	7967.314426110914	3
35	2140	7976.210272298992	4
35	2145	7985.792110801371	3
35	2149	8004.395637624243	3
35	2150	8005.004035489724	2
35	2155	8038.609654832085	4
35	2217	8245.132378410673	1
35	2347	8576.052899835816	4
35	2360	8601.278306270221	4
35	2404	8731.454100944919	1
35	2594	9377.566005392708	2
35	2609	9439.010566893132	2
35	2619	9489.632143426319	2
35	2753	10075.095256392524	3
35	2765	10121.548158409426	3
35	2779	10158.237978107197	3
35	2795	10227.857349250051	2
35	2819	10303.007989598426	3
35	2831	10354.3356140058	1
35	2864	10492.2127427977	3
35	2895	10623.171718426974	1
35	2939	10819.375263875546	4
35	2987	10990.370284424058	4
35	3023	11107.658343449735	1
35	3030	11130.13460159529	2
35	3069	11265.138284442146	1
35	3093	11329.578757599807	3
35	3162	11576.747585454031	3
35	3174	11617.884511887025	3
35	3177	11628.157037654786	3
35	3184	11659.60278026589	1
35	3193	11675.253414077525	4
35	3195	11682.200433987768	4
35	3222	11773.587038961624	4
35	3283	11963.504156626574	3
35	3284	11967.510220178603	2
35	3320	12085.419290426782	1
35	3341	12163.959293382748	4
35	3351	12208.170323675722	4
35	3425	12448.089552906854	4
35	3457	12594.242065312413	2
35	3472	12638.696570434336	1
35	3473	12647.961815764724	2
35	3548	12942.071189519877	2
35	3556	12969.459818494302	2
35	3557	12987.042837820878	4
35	3571	13020.030913409365	3
35	3594	13114.061196146204	4
35	3629	13267.586076018631	3
35	3646	13338.821392344345	4
35	3674	13441.103242210061	4
35	3714	13571.134855574307	1
35	3718	13582.529073285031	4
35	3730	13633.238321947211	2
35	3739	13663.78490841832	3
35	3754	13705.610262378466	2
35	3755	13708.630149574046	2
35	3812	13906.230173162783	4
35	3837	13997.967028345873	2
35	3854	14058.196599304149	2
35	3925	14361.861243071683	2
35	3989	14652.974724570744	4
35	3999	14694.806442993438	2
35	4006	14711.424939021255	2
35	4095	15035.976014614662	1
35	4101	15052.53308712307	2
35	4209	15419.278346595318	2
35	4212	15420.463617336668	3
35	4231	15523.051439419905	4
35	4379	16160.709071566407	2
35	4412	16306.763423828234	4
35	4439	16402.634455923054	1
35	4489	16551.550482226688	1
35	4508	16609.872731507811	4
35	4555	16775.170746474394	3
35	4568	16828.265048787547	3
35	4590	16936.439515429036	3
35	4604	17011.325768621983	2
35	4610	17069.961935022773	4
35	4642	17233.292410027458	1
35	4650	17295.402768087558	1
35	4656	17318.84631206541	3
35	4668	17372.776108363691	2
35	4702	17537.970073406842	1
35	4777	17763.42721061328	1
35	4784	17785.878118664423	2
35	4851	17999.790982444591	3
35	4859	18018.289029486287	3
35	4877	18079.762280887882	4
35	4987	18372.622447784047	3
35	4988	18374.452754455163	1
35	4998	18404.141970336006	3
35	5016	18457.618047676011	2
35	5082	18655.300883242271	2
35	5102	18722.86315144819	4
35	5159	18943.13336955667	2
35	5200	19095.989751154992	1
35	5229	19206.805929688502	3
35	5288	19447.092248438257	3
35	5351	19664.291006007881	3
35	5407	19855.04931515003	2
35	5420	19889.168250100677	3
35	5422	19893.48310411765	3
35	5447	19958.032283323264	1

