version 3
run VeryHighLoad_Circle-49-20260126-11:00:53-306
attr configname VeryHighLoad_Circle
attr datetime 20260126-11:00:53
attr datetimef 20260126-110053
attr experiment VeryHighLoad_Circle
attr inifile simulations/nwsim_project/omnetpp.ini
attr iterationvars ""
attr iterationvarsd ""
attr iterationvarsf ""
attr measurement ""
attr network CrossTraffic
attr processid 306
attr repetition 49
attr replication #49
attr resultdir results
attr runnumber 49
attr seedset 49
config description "Very High Load - Circle Mode (200% more traffic)"
config *.Junc*.junctionMode "\"circle\""
config *.EndNW.spawnInterval exponential(100s)
config *.EndNE.spawnInterval exponential(150s)
config *.EndEN.spawnInterval exponential(125s)
config *.EndES.spawnInterval exponential(175s)
config *.EndSE.spawnInterval exponential(113s)
config *.EndSW.spawnInterval exponential(125s)
config *.EndWS.spawnInterval exponential(150s)
config *.EndWN.spawnInterval exponential(175s)
config network CrossTraffic
config sim-time-limit 20000s
config warmup-period 1000s
config repeat 50
config **.scalar-recording true
config **.vector-recording true
config *.Junc*.junctionMode "\"queue\""
config *.EndNW.spawnInterval exponential(800s)
config *.EndNE.spawnInterval exponential(1200s)
config *.EndEN.spawnInterval exponential(1000s)
config *.EndES.spawnInterval exponential(1500s)
config *.EndSE.spawnInterval exponential(900s)
config *.EndSW.spawnInterval exponential(1100s)
config *.EndWS.spawnInterval exponential(1300s)
config *.EndWN.spawnInterval exponential(1400s)

vector 0 CrossTraffic.JuncNW queueLength:vector ETV
attr interpolationmode sample-hold
attr recordingmode vector
attr source queueLength
attr title "Queue Length"
vector 1 CrossTraffic.JuncNW junctionProcessingTime:vector ETV
attr recordingmode vector
attr source junctionProcessingTime
attr title "Junction Processing Time"
vector 2 CrossTraffic.JuncNW vehicleCount:vector ETV
attr recordingmode vector
attr source vehicleCount
attr title "Vehicle Count"
vector 3 CrossTraffic.JuncNE queueLength:vector ETV
attr interpolationmode sample-hold
attr recordingmode vector
attr source queueLength
attr title "Queue Length"
vector 4 CrossTraffic.JuncNE junctionProcessingTime:vector ETV
attr recordingmode vector
attr source junctionProcessingTime
attr title "Junction Processing Time"
vector 5 CrossTraffic.JuncNE vehicleCount:vector ETV
attr recordingmode vector
attr source vehicleCount
attr title "Vehicle Count"
vector 6 CrossTraffic.JuncSE queueLength:vector ETV
attr interpolationmode sample-hold
attr recordingmode vector
attr source queueLength
attr title "Queue Length"
vector 7 CrossTraffic.JuncSE junctionProcessingTime:vector ETV
attr recordingmode vector
attr source junctionProcessingTime
attr title "Junction Processing Time"
vector 8 CrossTraffic.JuncSE vehicleCount:vector ETV
attr recordingmode vector
attr source vehicleCount
attr title "Vehicle Count"
vector 9 CrossTraffic.JuncSW queueLength:vector ETV
attr interpolationmode sample-hold
attr recordingmode vector
attr source queueLength
attr title "Queue Length"
vector 10 CrossTraffic.JuncSW junctionProcessingTime:vector ETV
attr recordingmode vector
attr source junctionProcessingTime
attr title "Junction Processing Time"
vector 11 CrossTraffic.JuncSW vehicleCount:vector ETV
attr recordingmode vector
attr source vehicleCount
attr title "Vehicle Count"
vector 12 CrossTraffic.EndNW travelTime:vector ETV
attr recordingmode vector
attr source travelTime
attr title "Vehicle Travel Time"
vector 13 CrossTraffic.EndNW junctionTime:vector ETV
attr recordingmode vector
attr source junctionTime
attr title "Total Junction Time per Vehicle"
vector 14 CrossTraffic.EndNW junctionCount:vector ETV
attr recordingmode vector
attr source junctionCount
attr title "Junctions Visited per Vehicle"
vector 15 CrossTraffic.EndNE travelTime:vector ETV
attr recordingmode vector
attr source travelTime
attr title "Vehicle Travel Time"
vector 16 CrossTraffic.EndNE junctionTime:vector ETV
attr recordingmode vector
attr source junctionTime
attr title "Total Junction Time per Vehicle"
vector 17 CrossTraffic.EndNE junctionCount:vector ETV
attr recordingmode vector
attr source junctionCount
attr title "Junctions Visited per Vehicle"
vector 18 CrossTraffic.EndEN travelTime:vector ETV
attr recordingmode vector
attr source travelTime
attr title "Vehicle Travel Time"
vector 19 CrossTraffic.EndEN junctionTime:vector ETV
attr recordingmode vector
attr source junctionTime
attr title "Total Junction Time per Vehicle"
vector 20 CrossTraffic.EndEN junctionCount:vector ETV
attr recordingmode vector
attr source junctionCount
attr title "Junctions Visited per Vehicle"
vector 21 CrossTraffic.EndES travelTime:vector ETV
attr recordingmode vector
attr source travelTime
attr title "Vehicle Travel Time"
vector 22 CrossTraffic.EndES junctionTime:vector ETV
attr recordingmode vector
attr source junctionTime
attr title "Total Junction Time per Vehicle"
vector 23 CrossTraffic.EndES junctionCount:vector ETV
attr recordingmode vector
attr source junctionCount
attr title "Junctions Visited per Vehicle"
vector 24 CrossTraffic.EndSE travelTime:vector ETV
attr recordingmode vector
attr source travelTime
attr title "Vehicle Travel Time"
vector 25 CrossTraffic.EndSE junctionTime:vector ETV
attr recordingmode vector
attr source junctionTime
attr title "Total Junction Time per Vehicle"
vector 26 CrossTraffic.EndSE junctionCount:vector ETV
attr recordingmode vector
attr source junctionCount
attr title "Junctions Visited per Vehicle"
vector 27 CrossTraffic.EndSW travelTime:vector ETV
attr recordingmode vector
attr source travelTime
attr title "Vehicle Travel Time"
vector 28 CrossTraffic.EndSW junctionTime:vector ETV
attr recordingmode vector
attr source junctionTime
attr title "Total Junction Time per Vehicle"
vector 29 CrossTraffic.EndSW junctionCount:vector ETV
attr recordingmode vector
attr source junctionCount
attr title "Junctions Visited per Vehicle"
vector 30 CrossTraffic.EndWS travelTime:vector ETV
attr recordingmode vector
attr source travelTime
attr title "Vehicle Travel Time"
vector 31 CrossTraffic.EndWS junctionTime:vector ETV
attr recordingmode vector
attr source junctionTime
attr title "Total Junction Time per Vehicle"
vector 32 CrossTraffic.EndWS junctionCount:vector ETV
attr recordingmode vector
attr source junctionCount
attr title "Junctions Visited per Vehicle"
vector 33 CrossTraffic.EndWN travelTime:vector ETV
attr recordingmode vector
attr source travelTime
attr title "Vehicle Travel Time"
vector 34 CrossTraffic.EndWN junctionTime:vector ETV
attr recordingmode vector
attr source junctionTime
attr title "Total Junction Time per Vehicle"
vector 35 CrossTraffic.EndWN junctionCount:vector ETV
attr recordingmode vector
attr source junctionCount
attr title "Junctions Visited per Vehicle"
0	250	1005.68865867492	0
0	272	1078.575228503249	0
0	284	1118.143599747383	0
0	286	1128.017997210756	0
0	288	1137.96971121921	0
0	291	1149.274158671408	0
0	292	1149.47870715877	0
0	293	1149.788061035046	0
0	300	1180.178136897689	0
0	316	1226.70995430125	0
0	320	1242.882547489556	0
0	338	1309.132464065003	0
0	340	1317.35566313236	0
0	347	1345.262377479632	0
0	351	1357.445412675333	0
0	365	1417.536507829624	0
0	367	1422.909970625898	0
0	368	1425.607024785183	0
0	379	1471.921630982839	0
0	384	1501.755896981144	0
0	385	1506.612789468155	0
0	387	1507.731371197763	0
0	398	1547.192652066637	0
0	407	1589.805666120706	0
0	408	1590.042982460619	0
0	423	1648.209912214832	0
0	424	1650.162709907427	0
0	429	1673.569154482253	0
0	430	1674.330347472953	0
0	438	1710.850488124681	0
0	441	1716.14149810159	0
0	456	1784.189282928174	0
0	475	1855.895109493134	0
0	488	1906.814215962335	0
0	492	1916.460257791748	0
0	495	1924.765402662544	0
0	506	1961.233036361939	0
0	509	1969.585193953325	0
0	510	1981.871329954572	0
0	511	1982.443099112285	0
0	519	2012.30518799576	0
0	525	2021.881176368971	0
0	531	2039.072650630729	0
0	534	2046.912191452633	0
0	537	2058.945908897121	0
0	540	2065.67735622868	0
0	541	2070.328006701945	0
0	547	2091.337323971667	0
0	570	2157.181516427106	0
0	571	2159.510351746113	0
0	579	2186.995963561738	0
0	583	2191.658302140167	0
0	585	2195.154177841117	0
0	593	2220.352782290156	0
0	594	2222.629616722185	0
0	598	2238.619560316823	0
0	602	2244.892215344248	0
0	626	2309.386506773059	0
0	629	2311.005912497228	0
0	635	2333.224817641913	0
0	650	2368.170064735629	0
0	657	2381.548084007294	0
0	658	2383.262040642255	0
0	663	2394.104430456008	0
0	669	2412.406447811706	0
0	673	2438.10076388281	0
0	677	2447.875217422673	0
0	682	2461.279841759385	0
0	684	2466.605671082887	0
0	691	2483.899562046721	0
0	713	2554.301538039992	0
0	715	2562.519943520693	0
0	720	2580.859459834451	0
0	722	2586.360350142315	0
0	724	2587.183189924113	0
0	728	2593.132530257358	0
0	740	2624.478791945291	0
0	762	2693.733738692374	0
0	766	2702.566512011064	0
0	783	2767.941914153268	0
0	787	2788.050547630226	0
0	798	2810.255889075578	0
0	806	2850.745868463481	0
0	831	2937.724824100325	0
0	832	2941.864405718125	0
0	839	2978.170470071147	0
0	840	2981.300379189884	0
0	855	3035.072541134999	0
0	871	3085.752701867522	0
0	873	3087.429005619266	0
0	879	3102.943840241293	0
0	881	3113.703394625521	0
0	883	3120.912021577783	0
0	896	3185.838748097161	0
0	926	3274.4076776986	0
0	929	3290.195213718054	0
0	945	3325.460544084764	0
0	958	3361.488621428707	0
0	974	3406.561944492395	0
0	976	3417.877241202296	0
0	978	3420.141399340032	0
0	991	3459.57436231423	0
0	993	3461.614863016407	0
0	998	3468.644212735143	0
0	1007	3506.039043101048	0
0	1011	3518.969690363358	0
0	1019	3530.625864776998	0
0	1023	3540.437720222819	0
0	1036	3581.256074510347	0
0	1037	3587.661268147392	0
0	1040	3599.604528667605	0
0	1042	3606.644766802563	0
0	1045	3620.288102264766	0
0	1054	3643.762189638735	0
0	1055	3660.678919285895	0
0	1057	3667.277439308981	0
0	1065	3689.322221494731	0
0	1067	3691.696959067989	0
0	1085	3763.530858728213	0
0	1104	3817.547078799088	0
0	1108	3835.201261067062	0
0	1118	3883.934152151295	0
0	1125	3908.664502272721	0
0	1132	3937.756633909908	0
0	1148	4014.613335360104	0
0	1152	4024.112244803808	0
0	1170	4088.936741544079	0
0	1176	4125.98301388587	0
0	1178	4138.440946553039	0
0	1187	4174.697317129022	0
0	1191	4178.936901427579	0
0	1210	4242.42322965989	0
0	1214	4263.456488306795	0
0	1217	4277.305385877898	0
0	1225	4306.212984734739	0
0	1229	4317.171007983249	0
0	1236	4342.590230350456	0
0	1240	4349.854706178495	0
0	1242	4364.96248181832	0
0	1245	4375.452422318036	0
0	1248	4383.289239739055	0
0	1275	4505.866299540792	0
0	1282	4528.258134651022	0
0	1296	4600.515875354877	0
0	1301	4623.248019676951	0
0	1303	4629.61683795098	0
0	1313	4677.245115306316	0
0	1317	4691.791347286736	0
0	1321	4707.97591064963	0
0	1323	4715.253128468787	0
0	1337	4768.597192522125	0
0	1344	4784.607979739507	0
0	1354	4823.488990991488	0
0	1355	4833.383076199579	0
0	1360	4850.47842321944	0
0	1369	4879.528126343828	0
0	1397	4963.968826638985	0
0	1404	4986.696860327991	0
0	1420	5035.542919154486	0
0	1435	5083.417554309772	0
0	1442	5104.568496072564	0
0	1446	5121.33153550215	0
0	1457	5144.63019362608	0
0	1458	5146.432695229617	0
0	1459	5151.649664489794	0
0	1464	5180.382533757325	0
0	1471	5200.346033804011	0
0	1479	5231.035461136998	0
0	1482	5236.072044749944	0
0	1488	5243.323154898107	0
0	1500	5288.987305102919	0
0	1503	5291.388073960554	0
0	1513	5322.48274687249	0
0	1517	5338.037961627538	0
0	1530	5393.729027511347	0
0	1543	5440.727789230462	0
0	1548	5446.409949474692	0
0	1586	5571.484005407921	0
0	1589	5584.047508876816	0
0	1590	5589.372225190021	0
0	1592	5599.499393379952	0
0	1596	5621.512462342999	0
0	1598	5627.41792078387	0
0	1600	5630.579823461461	0
0	1602	5644.024479456633	0
0	1607	5654.876682144242	0
0	1608	5654.947140553109	0
0	1610	5656.484620308143	0
0	1613	5669.737966199078	0
0	1617	5680.158183990102	0
0	1626	5707.154978516103	0
0	1636	5744.716853767642	0
0	1638	5751.044160813454	0
0	1644	5764.680377924054	0
0	1648	5779.924231461102	0
0	1653	5793.778544096806	0
0	1655	5799.034106065391	0
0	1666	5846.154461919609	0
0	1670	5855.560616343577	0
0	1675	5872.898261117457	0
0	1676	5875.333786877167	0
0	1717	6016.908985884628	0
0	1728	6048.607212617611	0
0	1734	6081.301307264464	0
0	1738	6090.338247982742	0
0	1739	6091.864855340551	0
0	1750	6133.790180451379	0
0	1754	6142.117225954966	0
0	1765	6188.386530241234	0
0	1769	6205.975498768232	0
0	1785	6285.534378547936	0
0	1787	6290.015528898705	0
0	1789	6296.051330007148	0
0	1795	6317.394190673064	0
0	1799	6332.143054544732	0
0	1800	6334.078288385663	0
0	1802	6343.363534988972	0
0	1803	6347.432509911556	0
0	1806	6350.425656716554	0
0	1818	6411.656472543619	0
0	1822	6418.218034156268	0
0	1837	6487.776811280698	0
0	1842	6505.594987160961	0
0	1843	6513.625191375651	0
0	1845	6517.788290989411	0
0	1856	6555.214459902621	0
0	1857	6556.89843644524	0
0	1869	6599.332930080318	0
0	1890	6668.436051641079	0
0	1895	6680.69572711735	0
0	1896	6681.389063518202	0
0	1898	6691.681084787565	0
0	1902	6698.887583600422	0
0	1905	6707.693294310517	0
0	1915	6729.362017835378	0
0	1917	6736.208650021369	0
0	1934	6804.133660558817	0
0	1945	6822.700253232893	0
0	1953	6853.043270756188	0
0	1960	6877.405116147123	0
0	1970	6916.865831940692	0
0	1971	6919.462974640816	0
0	1972	6920.675778876362	0
0	1973	6921.837118057538	0
0	1987	6978.364501350415	0
0	1990	6982.538494990104	0
0	2013	7048.650865874091	0
0	2033	7120.132146669282	0
0	2035	7121.793430065001	0
0	2044	7133.05758517418	0
0	2050	7147.366443520778	0
0	2051	7151.452304660588	0
0	2069	7218.017074538557	0
0	2071	7220.295801011001	0
0	2076	7225.346180718535	0
0	2079	7233.579804498202	0
0	2096	7273.379048723254	0
0	2097	7279.849489535666	0
0	2100	7294.223890519716	0
0	2111	7330.130101730914	0
0	2112	7332.696928403024	0
0	2116	7340.749735828265	0
0	2119	7348.516990364174	0
0	2122	7375.861956752879	0
0	2130	7418.204110949762	0
0	2138	7440.843214429296	0
0	2148	7466.515033461429	0
0	2153	7498.767521211203	0
0	2169	7557.981465313965	0
0	2171	7572.018444174135	0
0	2175	7590.740570979527	0
0	2203	7725.604211690861	0
0	2204	7738.948633595194	0
0	2210	7761.835432230445	0
0	2211	7765.847987048713	0
0	2221	7793.715030890869	0
0	2224	7797.76649868386	0
0	2241	7868.154505141444	0
0	2246	7879.182490829057	0
0	2247	7884.529267693233	0
0	2249	7887.253789504835	0
0	2253	7897.582170846901	0
0	2262	7928.020155748028	0
0	2266	7932.596827786306	0
0	2270	7956.451498058464	0
0	2292	8016.677556001019	0
0	2294	8024.467955055015	0
0	2305	8060.583565223783	0
0	2318	8103.686094838078	0
0	2321	8108.849830459897	0
0	2328	8128.207060348758	0
0	2329	8133.277383143162	0
0	2336	8147.503429560072	0
0	2338	8151.111771947525	0
0	2339	8154.615322691279	0
0	2341	8163.690531084489	0
0	2343	8180.524857980672	0
0	2345	8194.951047509774	0
0	2366	8250.992367851714	0
0	2373	8294.971672943558	0
0	2375	8300.548002924394	0
0	2376	8306.379627384998	0
0	2382	8325.638493886796	0
0	2388	8346.462932908759	0
0	2401	8411.422707900869	0
0	2411	8449.944685329794	0
0	2431	8548.832967407291	0
0	2437	8563.312904399068	0
0	2438	8581.343230167611	0
0	2444	8605.668917950078	0
0	2449	8629.78236783561	0
0	2471	8714.428356090863	0
0	2479	8760.759558535476	0
0	2480	8761.43227016629	0
0	2485	8774.989658234817	0
0	2491	8789.377712421513	0
0	2492	8793.506249865824	0
0	2495	8804.103877637234	0
0	2505	8840.252219528209	0
0	2506	8857.933199873377	0
0	2522	8904.235162217219	0
0	2527	8917.946388574056	0
0	2528	8919.965531342925	0
0	2533	8941.821523219973	0
0	2548	8989.81952313711	0
0	2550	8996.972593371157	0
0	2557	9033.844150662113	0
0	2558	9034.498686176555	0
0	2561	9045.953528955944	0
0	2566	9066.531292400204	0
0	2567	9075.229631603716	0
0	2569	9079.166787409385	0
0	2585	9147.793761051516	0
0	2599	9197.286674145516	0
0	2601	9199.498941102169	0
0	2603	9229.421867876352	0
0	2605	9239.422281465616	0
0	2636	9355.116821473582	0
0	2637	9356.319593185956	0
0	2641	9374.877009651126	0
0	2654	9437.394894277533	0
0	2663	9462.934336692741	0
0	2670	9484.634350449156	0
0	2673	9506.573495097567	0
0	2675	9515.536301589097	0
0	2681	9528.109757062304	0
0	2690	9567.33486183923	0
0	2697	9596.837496166219	0
0	2707	9626.124782251482	0
0	2708	9626.855339720439	0
0	2712	9638.005414144356	0
0	2720	9671.378225299887	0
0	2725	9682.351493752573	0
0	2730	9706.913025302751	0
0	2733	9722.491797249873	0
0	2734	9723.167811329946	0
0	2738	9728.431507294554	0
0	2748	9769.132551980549	0
0	2753	9779.621219537493	0
0	2756	9801.876599394468	0
0	2760	9813.585974643893	0
0	2761	9817.45364211927	0
0	2771	9836.308573054933	0
0	2774	9846.786561265122	0
0	2785	9883.009662244863	0
0	2796	9922.491039608249	0
0	2800	9934.236711865095	0
0	2805	9955.138901200377	0
0	2811	9978.299298561867	0
0	2812	9979.721043565481	0
0	2827	10029.825588978204	0
0	2834	10059.081723973938	0
0	2836	10069.118755392648	0
0	2838	10076.402308809572	0
0	2848	10112.18878934645	0
0	2854	10141.713643386304	0
0	2872	10207.502538352617	0
0	2883	10251.546222055031	0
0	2887	10269.624737491809	0
0	2889	10274.995465273618	0
0	2892	10278.762053019683	0
0	2901	10310.462972028645	0
0	2908	10330.177915895818	0
0	2923	10379.832500971431	0
0	2924	10380.441305866962	0
0	2933	10402.564946278631	0
0	2939	10417.432970928996	0
0	2944	10436.010335828638	0
0	2950	10459.482502141904	0
0	2980	10569.849599942873	0
0	3012	10692.390489849621	0
0	3013	10705.940013201311	0
0	3017	10735.824746718495	0
0	3018	10739.120303143029	0
0	3040	10868.902889619103	0
0	3041	10869.564268514609	0
0	3044	10874.472047889221	0
0	3056	10947.385546890521	0
0	3057	10964.124534370784	0
0	3058	10964.950884030537	0
0	3066	10986.716414463752	0
0	3068	10993.437496320026	0
0	3073	11021.844313862115	0
0	3108	11128.234628923579	0
0	3109	11130.086803189174	0
0	3110	11130.155140833406	0
0	3114	11141.064207920502	0
0	3116	11143.775007272945	0
0	3139	11209.772762931274	0
0	3162	11274.058667977142	0
0	3172	11303.170738434272	0
0	3175	11309.155747264057	0
0	3177	11323.624102810743	0
0	3178	11326.486084924367	0
0	3179	11327.390268231116	0
0	3181	11334.111173419505	0
0	3191	11343.661836750131	0
0	3228	11442.42835475173	0
0	3234	11457.007232681326	0
0	3237	11469.269548532642	0
0	3249	11502.486471445942	0
0	3250	11502.966795690072	0
0	3263	11543.831843840622	0
0	3268	11551.156138454634	0
0	3274	11567.12883107923	0
0	3279	11577.108120215757	0
0	3282	11584.522503078405	0
0	3284	11595.279858637976	0
0	3290	11608.693741871044	0
0	3293	11628.635583977596	0
0	3312	11672.749967233686	0
0	3321	11698.777339388438	0
0	3329	11736.497631613411	0
0	3331	11739.956117430958	0
0	3333	11748.017675088861	0
0	3343	11776.552414170039	0
0	3345	11783.390366180547	0
0	3359	11840.309626808143	0
0	3367	11862.09996093262	0
0	3369	11878.435454411211	0
0	3373	11894.370949729941	0
0	3391	11968.35314042965	0
0	3400	12010.586716649483	0
0	3418	12105.456604712089	0
0	3423	12135.254354616355	0
0	3427	12151.476616211967	0
0	3429	12152.376116232894	0
0	3432	12157.287832319856	0
0	3461	12296.78069170198	0
0	3464	12314.867325636343	0
0	3482	12378.296631025924	0
0	3492	12435.947072050653	0
0	3497	12455.051151784458	0
0	3498	12458.074702214716	0
0	3504	12469.539396618124	0
0	3507	12478.169666551959	0
0	3514	12492.469125577827	0
0	3524	12550.518805203036	0
0	3531	12561.724907050673	0
0	3543	12592.141562947291	0
0	3546	12600.808067177614	0
0	3550	12623.58664753656	0
0	3555	12633.811242534237	0
0	3562	12661.401958020865	0
0	3577	12710.048735226555	0
0	3582	12727.11621394073	0
0	3605	12782.573134229889	0
0	3607	12784.376201429766	0
0	3608	12789.762833724501	0
0	3615	12811.093299269104	0
0	3619	12817.528276280641	0
0	3629	12860.013330414724	0
0	3634	12870.831047739732	0
0	3661	12941.662939766322	0
0	3663	12948.495348303924	0
0	3666	12959.802507176329	0
0	3669	12968.64584089393	0
0	3682	12997.485677631389	0
0	3684	13005.833789343786	0
0	3696	13039.414571026761	0
0	3704	13064.126824279702	0
0	3710	13077.482810195855	0
0	3713	13083.462233817216	0
0	3724	13122.725668150266	0
0	3736	13161.021064970073	0
0	3742	13182.294674698156	0
0	3753	13215.636901368308	0
0	3754	13218.677352880658	0
0	3757	13228.785240275772	0
0	3759	13233.297365257966	0
0	3768	13263.136578805443	0
0	3775	13289.068900239216	0
0	3777	13291.152747782788	0
0	3787	13329.300874691	0
0	3790	13334.62659772076	0
0	3792	13340.289023405705	0
0	3800	13363.45315348773	0
0	3805	13384.167176443371	0
0	3810	13401.798185018414	0
0	3812	13406.110942904077	0
0	3813	13411.632744028986	0
0	3822	13442.569156224294	0
0	3827	13457.526945415351	0
0	3838	13493.563393869252	0
0	3845	13514.87225432183	0
0	3863	13556.531954672749	0
0	3867	13561.750807233361	0
0	3870	13578.679307678469	0
0	3878	13607.217974579456	0
0	3881	13616.983955634361	0
0	3886	13627.460880482879	0
0	3899	13654.013923685559	0
0	3901	13660.11305824804	0
0	3912	13705.424070118369	0
0	3918	13720.913735830621	0
0	3920	13729.913432559351	0
0	3922	13736.827222458719	0
0	3924	13742.958786232757	0
0	3928	13751.124326903081	0
0	3942	13789.428239426877	0
0	3949	13819.615535897239	0
0	3955	13844.722595904438	0
0	3967	13867.456420421201	0
0	3968	13870.570968105795	0
0	3975	13898.558628360576	0
0	3989	13952.965273831713	0
0	3992	13955.598027040051	0
0	4003	13994.684256189703	0
0	4008	14011.517943310391	0
0	4010	14018.459668009108	0
0	4011	14023.826430092121	0
0	4027	14062.627469407639	0
0	4033	14080.290958337476	0
0	4040	14100.207229182526	0
0	4041	14106.862252012898	0
0	4060	14159.79318715868	0
0	4065	14172.829851395623	0
0	4066	14182.151153751525	0
0	4067	14182.916481318002	0
0	4078	14222.14279328031	0
0	4080	14233.438992834226	0
0	4086	14250.225750445125	0
0	4091	14259.999341970928	0
0	4103	14295.114906122284	0
0	4114	14343.804119183901	0
0	4116	14347.484937882898	0
0	4120	14362.333482435349	0
0	4123	14374.3054670891	0
0	4131	14402.634736331119	0
0	4132	14413.830244921192	0
0	4150	14461.94075797022	0
0	4154	14479.932554294832	0
0	4165	14515.209599471439	0
0	4178	14551.579351863697	0
0	4181	14557.087740759697	0
0	4192	14588.938859208394	0
0	4194	14592.105387909971	0
0	4199	14615.852746711736	0
0	4207	14639.875522470197	0
0	4219	14682.981251171613	0
0	4226	14697.629251015204	0
0	4227	14700.879050802063	0
0	4234	14723.883609097504	0
0	4236	14729.278827451633	0
0	4241	14749.876780068002	0
0	4248	14772.874337827881	0
0	4250	14780.022459146831	0
0	4288	14860.767297972766	0
0	4290	14867.377822274318	0
0	4301	14889.470265096279	0
0	4310	14909.68652633453	0
0	4315	14920.209278147481	0
0	4325	14934.076990605847	0
0	4329	14936.296049433902	0
0	4353	15008.485430682203	0
0	4355	15011.397117972358	0
0	4357	15016.635261247437	0
0	4360	15020.523870076722	0
0	4361	15020.551893428465	0
0	4362	15022.154511374096	0
0	4363	15023.068682540252	0
0	4382	15073.415246646329	0
0	4388	15090.141483218537	0
0	4417	15146.782512418793	0
0	4428	15180.05977104236	0
0	4430	15191.738206773036	0
0	4437	15222.578673214325	0
0	4439	15225.065692995379	0
0	4444	15231.049499698321	0
0	4446	15231.583250369379	0
0	4457	15255.441953155817	0
0	4462	15276.487600368283	0
0	4463	15277.342996026622	0
0	4466	15281.437940731643	0
0	4468	15284.033617356912	0
0	4475	15307.599889484325	0
0	4481	15327.877736804922	0
0	4484	15331.460779103107	0
0	4490	15345.340078494821	0
0	4491	15346.619926989281	0
0	4498	15365.525769149466	0
0	4506	15385.941249357088	0
0	4515	15402.0007461672	0
0	4532	15451.357839426312	0
0	4533	15457.27626047884	0
0	4537	15466.572710584894	0
0	4539	15467.14485081445	0
0	4550	15498.688136602139	0
0	4552	15500.186292217352	0
0	4560	15520.650750300547	0
0	4565	15547.262988162737	0
0	4573	15566.935103496955	0
0	4577	15572.526607694516	0
0	4578	15573.442049491079	0
0	4587	15603.980097821081	0
0	4590	15610.884583698742	0
0	4596	15627.9256996899	0
0	4605	15666.361070430451	0
0	4606	15668.248420541731	0
0	4612	15693.053619546005	0
0	4620	15714.808804160947	0
0	4626	15732.448150947607	0
0	4627	15750.530375785648	0
0	4638	15790.631909733546	0
0	4644	15818.72486992307	0
0	4645	15820.181033919132	0
0	4647	15830.22448216606	0
0	4653	15865.084297656864	0
0	4682	15963.517036941555	0
0	4685	15973.62233129521	0
0	4689	15989.836678187811	0
0	4693	16016.910912407755	0
0	4696	16025.115387033478	0
0	4702	16044.696191845953	0
0	4705	16061.293904309446	0
0	4714	16102.801709187269	0
0	4721	16128.548075258651	0
0	4731	16167.607465238132	0
0	4752	16255.719207731175	0
0	4756	16278.789065555332	0
0	4778	16362.697925011393	0
0	4779	16371.109532797233	0
0	4781	16388.346425188035	0
0	4783	16392.316612721181	0
0	4785	16410.075033061159	0
0	4789	16414.063294616005	0
0	4790	16417.265028660135	0
0	4817	16515.310467211677	0
0	4820	16518.552402435413	0
0	4830	16544.151869577895	0
0	4832	16547.551158772424	0
0	4833	16552.266250369074	0
0	4837	16567.555009394722	0
0	4855	16627.855199892625	0
0	4857	16641.49715680833	0
0	4859	16644.514283462437	0
0	4861	16646.110521868647	0
0	4862	16646.646071048272	0
0	4863	16646.763017751798	0
0	4869	16666.0592783708	0
0	4874	16694.682440069861	0
0	4880	16708.725018777652	0
0	4887	16727.462315819506	0
0	4895	16747.915903493608	0
0	4902	16767.398042665661	0
0	4919	16823.514563920664	0
0	4924	16835.850549727782	0
0	4944	16909.386019628843	0
0	4945	16913.044271838501	0
0	4954	16945.873766136413	0
0	4969	17007.92778964915	0
0	4976	17035.392767263534	0
0	4988	17084.903323560955	0
0	4996	17123.700802555971	0
0	4998	17136.827995885472	0
0	5006	17167.510544477305	0
0	5007	17168.532708113261	0
0	5013	17203.887068769307	0
0	5018	17217.734829467259	0
0	5029	17252.549219817016	0
0	5030	17260.867224845405	0
0	5040	17300.66633702623	0
0	5049	17330.534310931027	0
0	5050	17332.87703692863	0
0	5053	17344.073483326129	0
0	5069	17383.403778218785	0
0	5081	17421.853600506371	0
0	5082	17422.240555929342	0
0	5084	17430.648487231161	0
0	5090	17441.889391847051	0
0	5093	17448.779859761701	0
0	5111	17492.250253986428	0
0	5117	17513.395423543124	0
0	5118	17516.696025595833	0
0	5119	17517.48503210019	0
0	5125	17534.890192693214	0
0	5133	17553.21244722501	0
0	5140	17570.734545356076	0
0	5144	17575.077033426553	0
0	5145	17575.771388164805	0
0	5164	17642.333363897152	0
0	5169	17668.950328489694	0
0	5175	17675.919883897234	0
0	5179	17684.672270493462	0
0	5186	17707.564142587193	0
0	5198	17774.040406336852	0
0	5221	17862.738304136201	0
0	5226	17879.662783053568	0
0	5233	17897.554719494364	0
0	5239	17920.403051188616	0
0	5253	17982.00239076027	0
0	5255	17984.469161897187	0
0	5266	18020.734497569049	0
0	5268	18023.852151051998	0
0	5271	18034.976404434379	0
0	5285	18087.616978059861	0
0	5291	18109.964134399191	0
0	5301	18145.964875826427	0
0	5302	18159.22954387525	0
0	5306	18172.332154562707	0
0	5307	18177.534189178078	0
0	5308	18182.136679076091	0
0	5318	18213.386368775332	0
0	5323	18227.840267005807	0
0	5360	18350.209136644926	0
0	5363	18373.33208576235	0
0	5367	18389.808959564508	0
0	5368	18392.64765538585	0
0	5372	18412.057109712919	0
0	5374	18419.704638114718	0
0	5382	18443.166362032663	0
0	5385	18444.745893387209	0
0	5386	18445.863170026054	0
0	5393	18487.527489043541	0
0	5398	18497.024792582474	0
0	5407	18541.027587874417	0
0	5408	18543.667502285663	0
0	5412	18546.839471643797	0
0	5419	18568.871569271645	0
0	5428	18608.247286337744	0
0	5432	18629.913902564927	0
0	5442	18652.177444659883	0
0	5448	18679.265812812371	0
0	5452	18696.790922143952	0
0	5461	18749.351420149853	0
0	5463	18752.017928435729	0
0	5468	18759.166955113814	0
0	5469	18761.628912181769	0
0	5475	18784.456420741782	0
0	5480	18802.430625635369	0
0	5483	18828.530804670479	0
0	5497	18872.06305380799	0
0	5500	18879.175699069411	0
0	5523	18965.014718908008	0
0	5528	18980.582845426488	0
0	5536	19005.995072175827	0
0	5537	19011.9387760693	0
0	5538	19014.370851449463	0
0	5545	19044.610581923164	0
0	5558	19084.77548917526	0
0	5561	19093.10560904323	0
0	5562	19107.752986988184	0
0	5568	19129.807241097079	0
0	5582	19182.108340803239	0
0	5586	19188.787555439487	0
0	5600	19242.281237326602	0
0	5604	19253.095937518811	0
0	5605	19253.997843489102	0
0	5626	19345.593869386995	0
0	5632	19358.043095253517	0
0	5634	19385.831990204755	0
0	5648	19446.422630482202	0
0	5665	19526.536385019728	0
0	5668	19541.732102127795	0
0	5671	19544.256287358587	0
0	5686	19610.649024846801	0
0	5690	19621.801470505864	0
0	5693	19632.391798289324	0
0	5697	19645.696213605125	0
0	5709	19696.75105217753	0
0	5710	19699.463446596177	0
0	5714	19712.772646992965	0
0	5715	19713.365070598854	0
0	5733	19763.134176647397	0
0	5734	19764.642679620347	0
0	5738	19783.110752140693	0
0	5739	19783.276509843214	0
0	5743	19803.50629603805	0
0	5752	19828.916178708869	0
0	5768	19873.330012417916	0
0	5770	19885.457760292342	0
0	5781	19921.795772688243	0
0	5782	19923.02448237669	0
0	5787	19940.649847411866	0
0	5789	19949.126784974285	0
0	5790	19951.904464471224	0
0	5793	19957.134521148899	0
0	5794	19958.071440920338	0
1	250	1005.68865867492	3
1	272	1078.575228503249	3
1	284	1118.143599747383	3
1	286	1128.017997210756	3
1	288	1137.96971121921	3
1	291	1149.274158671408	3
1	292	1149.47870715877	3
1	293	1149.788061035046	3
1	300	1180.178136897689	3
1	316	1226.70995430125	3
1	320	1242.882547489556	3
1	338	1309.132464065003	3
1	340	1317.35566313236	3
1	347	1345.262377479632	3
1	351	1357.445412675333	3
1	365	1417.536507829624	3
1	367	1422.909970625898	3
1	368	1425.607024785183	3
1	379	1471.921630982839	3
1	384	1501.755896981144	3
1	385	1506.612789468155	3
1	387	1507.731371197763	3
1	398	1547.192652066637	3
1	407	1589.805666120706	3
1	408	1590.042982460619	3
1	423	1648.209912214832	3
1	424	1650.162709907427	3
1	429	1673.569154482253	3
1	430	1674.330347472953	3
1	438	1710.850488124681	3
1	441	1716.14149810159	3
1	456	1784.189282928174	3
1	475	1855.895109493134	3
1	488	1906.814215962335	3
1	492	1916.460257791748	3
1	495	1924.765402662544	3
1	506	1961.233036361939	3
1	509	1969.585193953325	3
1	510	1981.871329954572	3
1	511	1982.443099112285	3
1	519	2012.30518799576	3
1	525	2021.881176368971	3
1	531	2039.072650630729	3
1	534	2046.912191452633	3
1	537	2058.945908897121	3
1	540	2065.67735622868	3
1	541	2070.328006701945	3
1	547	2091.337323971667	3
1	570	2157.181516427106	3
1	571	2159.510351746113	3
1	579	2186.995963561738	3
1	583	2191.658302140167	3
1	585	2195.154177841117	3
1	593	2220.352782290156	3
1	594	2222.629616722185	3
1	598	2238.619560316823	3
1	602	2244.892215344248	3
1	626	2309.386506773059	3
1	629	2311.005912497228	3
1	635	2333.224817641913	3
1	650	2368.170064735629	3
1	657	2381.548084007294	3
1	658	2383.262040642255	3
1	663	2394.104430456008	3
1	669	2412.406447811706	3
1	673	2438.10076388281	3
1	677	2447.875217422673	3
1	682	2461.279841759385	3
1	684	2466.605671082887	3
1	691	2483.899562046721	3
1	713	2554.301538039992	3
1	715	2562.519943520693	3
1	720	2580.859459834451	3
1	722	2586.360350142315	3
1	724	2587.183189924113	3
1	728	2593.132530257358	3
1	740	2624.478791945291	3
1	762	2693.733738692374	3
1	766	2702.566512011064	3
1	783	2767.941914153268	3
1	787	2788.050547630226	3
1	798	2810.255889075578	3
1	806	2850.745868463481	3
1	831	2937.724824100325	3
1	832	2941.864405718125	3
1	839	2978.170470071147	3
1	840	2981.300379189884	3
1	855	3035.072541134999	3
1	871	3085.752701867522	3
1	873	3087.429005619266	3
1	879	3102.943840241293	3
1	881	3113.703394625521	3
1	883	3120.912021577783	3
1	896	3185.838748097161	3
1	926	3274.4076776986	3
1	929	3290.195213718054	3
1	945	3325.460544084764	3
1	958	3361.488621428707	3
1	974	3406.561944492395	3
1	976	3417.877241202296	3
1	978	3420.141399340032	3
1	991	3459.57436231423	3
1	993	3461.614863016407	3
1	998	3468.644212735143	3
1	1007	3506.039043101048	3
1	1011	3518.969690363358	3
1	1019	3530.625864776998	3
1	1023	3540.437720222819	3
1	1036	3581.256074510347	3
1	1037	3587.661268147392	3
1	1040	3599.604528667605	3
1	1042	3606.644766802563	3
1	1045	3620.288102264766	3
1	1054	3643.762189638735	3
1	1055	3660.678919285895	3
1	1057	3667.277439308981	3
1	1065	3689.322221494731	3
1	1067	3691.696959067989	3
1	1085	3763.530858728213	3
1	1104	3817.547078799088	3
1	1108	3835.201261067062	3
1	1118	3883.934152151295	3
1	1125	3908.664502272721	3
1	1132	3937.756633909908	3
1	1148	4014.613335360104	3
1	1152	4024.112244803808	3
1	1170	4088.936741544079	3
1	1176	4125.98301388587	3
1	1178	4138.440946553039	3
1	1187	4174.697317129022	3
1	1191	4178.936901427579	3
1	1210	4242.42322965989	3
1	1214	4263.456488306795	3
1	1217	4277.305385877898	3
1	1225	4306.212984734739	3
1	1229	4317.171007983249	3
1	1236	4342.590230350456	3
1	1240	4349.854706178495	3
1	1242	4364.96248181832	3
1	1245	4375.452422318036	3
1	1248	4383.289239739055	3
1	1275	4505.866299540792	3
1	1282	4528.258134651022	3
1	1296	4600.515875354877	3
1	1301	4623.248019676951	3
1	1303	4629.61683795098	3
1	1313	4677.245115306316	3
1	1317	4691.791347286736	3
1	1321	4707.97591064963	3
1	1323	4715.253128468787	3
1	1337	4768.597192522125	3
1	1344	4784.607979739507	3
1	1354	4823.488990991488	3
1	1355	4833.383076199579	3
1	1360	4850.47842321944	3
1	1369	4879.528126343828	3
1	1397	4963.968826638985	3
1	1404	4986.696860327991	3
1	1420	5035.542919154486	3
1	1435	5083.417554309772	3
1	1442	5104.568496072564	3
1	1446	5121.33153550215	3
1	1457	5144.63019362608	3
1	1458	5146.432695229617	3
1	1459	5151.649664489794	3
1	1464	5180.382533757325	3
1	1471	5200.346033804011	3
1	1479	5231.035461136998	3
1	1482	5236.072044749944	3
1	1488	5243.323154898107	3
1	1500	5288.987305102919	3
1	1503	5291.388073960554	3
1	1513	5322.48274687249	3
1	1517	5338.037961627538	3
1	1530	5393.729027511347	3
1	1543	5440.727789230462	3
1	1548	5446.409949474692	3
1	1586	5571.484005407921	3
1	1589	5584.047508876816	3
1	1590	5589.372225190021	3
1	1592	5599.499393379952	3
1	1596	5621.512462342999	3
1	1598	5627.41792078387	3
1	1600	5630.579823461461	3
1	1602	5644.024479456633	3
1	1607	5654.876682144242	3
1	1608	5654.947140553109	3
1	1610	5656.484620308143	3
1	1613	5669.737966199078	3
1	1617	5680.158183990102	3
1	1626	5707.154978516103	3
1	1636	5744.716853767642	3
1	1638	5751.044160813454	3
1	1644	5764.680377924054	3
1	1648	5779.924231461102	3
1	1653	5793.778544096806	3
1	1655	5799.034106065391	3
1	1666	5846.154461919609	3
1	1670	5855.560616343577	3
1	1675	5872.898261117457	3
1	1676	5875.333786877167	3
1	1717	6016.908985884628	3
1	1728	6048.607212617611	3
1	1734	6081.301307264464	3
1	1738	6090.338247982742	3
1	1739	6091.864855340551	3
1	1750	6133.790180451379	3
1	1754	6142.117225954966	3
1	1765	6188.386530241234	3
1	1769	6205.975498768232	3
1	1785	6285.534378547936	3
1	1787	6290.015528898705	3
1	1789	6296.051330007148	3
1	1795	6317.394190673064	3
1	1799	6332.143054544732	3
1	1800	6334.078288385663	3
1	1802	6343.363534988972	3
1	1803	6347.432509911556	3
1	1806	6350.425656716554	3
1	1818	6411.656472543619	3
1	1822	6418.218034156268	3
1	1837	6487.776811280698	3
1	1842	6505.594987160961	3
1	1843	6513.625191375651	3
1	1845	6517.788290989411	3
1	1856	6555.214459902621	3
1	1857	6556.89843644524	3
1	1869	6599.332930080318	3
1	1890	6668.436051641079	3
1	1895	6680.69572711735	3
1	1896	6681.389063518202	3
1	1898	6691.681084787565	3
1	1902	6698.887583600422	3
1	1905	6707.693294310517	3
1	1915	6729.362017835378	3
1	1917	6736.208650021369	3
1	1934	6804.133660558817	3
1	1945	6822.700253232893	3
1	1953	6853.043270756188	3
1	1960	6877.405116147123	3
1	1970	6916.865831940692	3
1	1971	6919.462974640816	3
1	1972	6920.675778876362	3
1	1973	6921.837118057538	3
1	1987	6978.364501350415	3
1	1990	6982.538494990104	3
1	2013	7048.650865874091	3
1	2033	7120.132146669282	3
1	2035	7121.793430065001	3
1	2044	7133.05758517418	3
1	2050	7147.366443520778	3
1	2051	7151.452304660588	3
1	2069	7218.017074538557	3
1	2071	7220.295801011001	3
1	2076	7225.346180718535	3
1	2079	7233.579804498202	3
1	2096	7273.379048723254	3
1	2097	7279.849489535666	3
1	2100	7294.223890519716	3
1	2111	7330.130101730914	3
1	2112	7332.696928403024	3
1	2116	7340.749735828265	3
1	2119	7348.516990364174	3
1	2122	7375.861956752879	3
1	2130	7418.204110949762	3
1	2138	7440.843214429296	3
1	2148	7466.515033461429	3
1	2153	7498.767521211203	3
1	2169	7557.981465313965	3
1	2171	7572.018444174135	3
1	2175	7590.740570979527	3
1	2203	7725.604211690861	3
1	2204	7738.948633595194	3
1	2210	7761.835432230445	3
1	2211	7765.847987048713	3
1	2221	7793.715030890869	3
1	2224	7797.76649868386	3
1	2241	7868.154505141444	3
1	2246	7879.182490829057	3
1	2247	7884.529267693233	3
1	2249	7887.253789504835	3
1	2253	7897.582170846901	3
1	2262	7928.020155748028	3
1	2266	7932.596827786306	3
1	2270	7956.451498058464	3
1	2292	8016.677556001019	3
1	2294	8024.467955055015	3
1	2305	8060.583565223783	3
1	2318	8103.686094838078	3
1	2321	8108.849830459897	3
1	2328	8128.207060348758	3
1	2329	8133.277383143162	3
1	2336	8147.503429560072	3
1	2338	8151.111771947525	3
1	2339	8154.615322691279	3
1	2341	8163.690531084489	3
1	2343	8180.524857980672	3
1	2345	8194.951047509774	3
1	2366	8250.992367851714	3
1	2373	8294.971672943558	3
1	2375	8300.548002924394	3
1	2376	8306.379627384998	3
1	2382	8325.638493886796	3
1	2388	8346.462932908759	3
1	2401	8411.422707900869	3
1	2411	8449.944685329794	3
1	2431	8548.832967407291	3
1	2437	8563.312904399068	3
1	2438	8581.343230167611	3
1	2444	8605.668917950078	3
1	2449	8629.78236783561	3
1	2471	8714.428356090863	3
1	2479	8760.759558535476	3
1	2480	8761.43227016629	3
1	2485	8774.989658234817	3
1	2491	8789.377712421513	3
1	2492	8793.506249865824	3
1	2495	8804.103877637234	3
1	2505	8840.252219528209	3
1	2506	8857.933199873377	3
1	2522	8904.235162217219	3
1	2527	8917.946388574056	3
1	2528	8919.965531342925	3
1	2533	8941.821523219973	3
1	2548	8989.81952313711	3
1	2550	8996.972593371157	3
1	2557	9033.844150662113	3
1	2558	9034.498686176555	3
1	2561	9045.953528955944	3
1	2566	9066.531292400204	3
1	2567	9075.229631603716	3
1	2569	9079.166787409385	3
1	2585	9147.793761051516	3
1	2599	9197.286674145516	3
1	2601	9199.498941102169	3
1	2603	9229.421867876352	3
1	2605	9239.422281465616	3
1	2636	9355.116821473582	3
1	2637	9356.319593185956	3
1	2641	9374.877009651126	3
1	2654	9437.394894277533	3
1	2663	9462.934336692741	3
1	2670	9484.634350449156	3
1	2673	9506.573495097567	3
1	2675	9515.536301589097	3
1	2681	9528.109757062304	3
1	2690	9567.33486183923	3
1	2697	9596.837496166219	3
1	2707	9626.124782251482	3
1	2708	9626.855339720439	3
1	2712	9638.005414144356	3
1	2720	9671.378225299887	3
1	2725	9682.351493752573	3
1	2730	9706.913025302751	3
1	2733	9722.491797249873	3
1	2734	9723.167811329946	3
1	2738	9728.431507294554	3
1	2748	9769.132551980549	3
1	2753	9779.621219537493	3
1	2756	9801.876599394468	3
1	2760	9813.585974643893	3
1	2761	9817.45364211927	3
1	2771	9836.308573054933	3
1	2774	9846.786561265122	3
1	2785	9883.009662244863	3
1	2796	9922.491039608249	3
1	2800	9934.236711865095	3
1	2805	9955.138901200377	3
1	2811	9978.299298561867	3
1	2812	9979.721043565481	3
1	2827	10029.825588978204	3
1	2834	10059.081723973938	3
1	2836	10069.118755392648	3
1	2838	10076.402308809572	3
1	2848	10112.18878934645	3
1	2854	10141.713643386304	3
1	2872	10207.502538352617	3
1	2883	10251.546222055031	3
1	2887	10269.624737491809	3
1	2889	10274.995465273618	3
1	2892	10278.762053019683	3
1	2901	10310.462972028645	3
1	2908	10330.177915895818	3
1	2923	10379.832500971431	3
1	2924	10380.441305866962	3
1	2933	10402.564946278631	3
1	2939	10417.432970928996	3
1	2944	10436.010335828638	3
1	2950	10459.482502141904	3
1	2980	10569.849599942873	3
1	3012	10692.390489849621	3
1	3013	10705.940013201311	3
1	3017	10735.824746718495	3
1	3018	10739.120303143029	3
1	3040	10868.902889619103	3
1	3041	10869.564268514609	3
1	3044	10874.472047889221	3
1	3056	10947.385546890521	3
1	3057	10964.124534370784	3
1	3058	10964.950884030537	3
1	3066	10986.716414463752	3
1	3068	10993.437496320026	3
1	3073	11021.844313862115	3
1	3108	11128.234628923579	3
1	3109	11130.086803189174	3
1	3110	11130.155140833406	3
1	3114	11141.064207920502	3
1	3116	11143.775007272945	3
1	3139	11209.772762931274	3
1	3162	11274.058667977142	3
1	3172	11303.170738434272	3
1	3175	11309.155747264057	3
1	3177	11323.624102810743	3
1	3178	11326.486084924367	3
1	3179	11327.390268231116	3
1	3181	11334.111173419505	3
1	3191	11343.661836750131	3
1	3228	11442.42835475173	3
1	3234	11457.007232681326	3
1	3237	11469.269548532642	3
1	3249	11502.486471445942	3
1	3250	11502.966795690072	3
1	3263	11543.831843840622	3
1	3268	11551.156138454634	3
1	3274	11567.12883107923	3
1	3279	11577.108120215757	3
1	3282	11584.522503078405	3
1	3284	11595.279858637976	3
1	3290	11608.693741871044	3
1	3293	11628.635583977596	3
1	3312	11672.749967233686	3
1	3321	11698.777339388438	3
1	3329	11736.497631613411	3
1	3331	11739.956117430958	3
1	3333	11748.017675088861	3
1	3343	11776.552414170039	3
1	3345	11783.390366180547	3
1	3359	11840.309626808143	3
1	3367	11862.09996093262	3
1	3369	11878.435454411211	3
1	3373	11894.370949729941	3
1	3391	11968.35314042965	3
1	3400	12010.586716649483	3
1	3418	12105.456604712089	3
1	3423	12135.254354616355	3
1	3427	12151.476616211967	3
1	3429	12152.376116232894	3
1	3432	12157.287832319856	3
1	3461	12296.78069170198	3
1	3464	12314.867325636343	3
1	3482	12378.296631025924	3
1	3492	12435.947072050653	3
1	3497	12455.051151784458	3
1	3498	12458.074702214716	3
1	3504	12469.539396618124	3
1	3507	12478.169666551959	3
1	3514	12492.469125577827	3
1	3524	12550.518805203036	3
1	3531	12561.724907050673	3
1	3543	12592.141562947291	3
1	3546	12600.808067177614	3
1	3550	12623.58664753656	3
1	3555	12633.811242534237	3
1	3562	12661.401958020865	3
1	3577	12710.048735226555	3
1	3582	12727.11621394073	3
1	3605	12782.573134229889	3
1	3607	12784.376201429766	3
1	3608	12789.762833724501	3
1	3615	12811.093299269104	3
1	3619	12817.528276280641	3
1	3629	12860.013330414724	3
1	3634	12870.831047739732	3
1	3661	12941.662939766322	3
1	3663	12948.495348303924	3
1	3666	12959.802507176329	3
1	3669	12968.64584089393	3
1	3682	12997.485677631389	3
1	3684	13005.833789343786	3
1	3696	13039.414571026761	3
1	3704	13064.126824279702	3
1	3710	13077.482810195855	3
1	3713	13083.462233817216	3
1	3724	13122.725668150266	3
1	3736	13161.021064970073	3
1	3742	13182.294674698156	3
1	3753	13215.636901368308	3
1	3754	13218.677352880658	3
1	3757	13228.785240275772	3
1	3759	13233.297365257966	3
1	3768	13263.136578805443	3
1	3775	13289.068900239216	3
1	3777	13291.152747782788	3
1	3787	13329.300874691	3
1	3790	13334.62659772076	3
1	3792	13340.289023405705	3
1	3800	13363.45315348773	3
1	3805	13384.167176443371	3
1	3810	13401.798185018414	3
1	3812	13406.110942904077	3
1	3813	13411.632744028986	3
1	3822	13442.569156224294	3
1	3827	13457.526945415351	3
1	3838	13493.563393869252	3
1	3845	13514.87225432183	3
1	3863	13556.531954672749	3
1	3867	13561.750807233361	3
1	3870	13578.679307678469	3
1	3878	13607.217974579456	3
1	3881	13616.983955634361	3
1	3886	13627.460880482879	3
1	3899	13654.013923685559	3
1	3901	13660.11305824804	3
1	3912	13705.424070118369	3
1	3918	13720.913735830621	3
1	3920	13729.913432559351	3
1	3922	13736.827222458719	3
1	3924	13742.958786232757	3
1	3928	13751.124326903081	3
1	3942	13789.428239426877	3
1	3949	13819.615535897239	3
1	3955	13844.722595904438	3
1	3967	13867.456420421201	3
1	3968	13870.570968105795	3
1	3975	13898.558628360576	3
1	3989	13952.965273831713	3
1	3992	13955.598027040051	3
1	4003	13994.684256189703	3
1	4008	14011.517943310391	3
1	4010	14018.459668009108	3
1	4011	14023.826430092121	3
1	4027	14062.627469407639	3
1	4033	14080.290958337476	3
1	4040	14100.207229182526	3
1	4041	14106.862252012898	3
1	4060	14159.79318715868	3
1	4065	14172.829851395623	3
1	4066	14182.151153751525	3
1	4067	14182.916481318002	3
1	4078	14222.14279328031	3
1	4080	14233.438992834226	3
1	4086	14250.225750445125	3
1	4091	14259.999341970928	3
1	4103	14295.114906122284	3
1	4114	14343.804119183901	3
1	4116	14347.484937882898	3
1	4120	14362.333482435349	3
1	4123	14374.3054670891	3
1	4131	14402.634736331119	3
1	4132	14413.830244921192	3
1	4150	14461.94075797022	3
1	4154	14479.932554294832	3
1	4165	14515.209599471439	3
1	4178	14551.579351863697	3
1	4181	14557.087740759697	3
1	4192	14588.938859208394	3
1	4194	14592.105387909971	3
1	4199	14615.852746711736	3
1	4207	14639.875522470197	3
1	4219	14682.981251171613	3
1	4226	14697.629251015204	3
1	4227	14700.879050802063	3
1	4234	14723.883609097504	3
1	4236	14729.278827451633	3
1	4241	14749.876780068002	3
1	4248	14772.874337827881	3
1	4250	14780.022459146831	3
1	4288	14860.767297972766	3
1	4290	14867.377822274318	3
1	4301	14889.470265096279	3
1	4310	14909.68652633453	3
1	4315	14920.209278147481	3
1	4325	14934.076990605847	3
1	4329	14936.296049433902	3
1	4353	15008.485430682203	3
1	4355	15011.397117972358	3
1	4357	15016.635261247437	3
1	4360	15020.523870076722	3
1	4361	15020.551893428465	3
1	4362	15022.154511374096	3
1	4363	15023.068682540252	3
1	4382	15073.415246646329	3
1	4388	15090.141483218537	3
1	4417	15146.782512418793	3
1	4428	15180.05977104236	3
1	4430	15191.738206773036	3
1	4437	15222.578673214325	3
1	4439	15225.065692995379	3
1	4444	15231.049499698321	3
1	4446	15231.583250369379	3
1	4457	15255.441953155817	3
1	4462	15276.487600368283	3
1	4463	15277.342996026622	3
1	4466	15281.437940731643	3
1	4468	15284.033617356912	3
1	4475	15307.599889484325	3
1	4481	15327.877736804922	3
1	4484	15331.460779103107	3
1	4490	15345.340078494821	3
1	4491	15346.619926989281	3
1	4498	15365.525769149466	3
1	4506	15385.941249357088	3
1	4515	15402.0007461672	3
1	4532	15451.357839426312	3
1	4533	15457.27626047884	3
1	4537	15466.572710584894	3
1	4539	15467.14485081445	3
1	4550	15498.688136602139	3
1	4552	15500.186292217352	3
1	4560	15520.650750300547	3
1	4565	15547.262988162737	3
1	4573	15566.935103496955	3
1	4577	15572.526607694516	3
1	4578	15573.442049491079	3
1	4587	15603.980097821081	3
1	4590	15610.884583698742	3
1	4596	15627.9256996899	3
1	4605	15666.361070430451	3
1	4606	15668.248420541731	3
1	4612	15693.053619546005	3
1	4620	15714.808804160947	3
1	4626	15732.448150947607	3
1	4627	15750.530375785648	3
1	4638	15790.631909733546	3
1	4644	15818.72486992307	3
1	4645	15820.181033919132	3
1	4647	15830.22448216606	3
1	4653	15865.084297656864	3
1	4682	15963.517036941555	3
1	4685	15973.62233129521	3
1	4689	15989.836678187811	3
1	4693	16016.910912407755	3
1	4696	16025.115387033478	3
1	4702	16044.696191845953	3
1	4705	16061.293904309446	3
1	4714	16102.801709187269	3
1	4721	16128.548075258651	3
1	4731	16167.607465238132	3
1	4752	16255.719207731175	3
1	4756	16278.789065555332	3
1	4778	16362.697925011393	3
1	4779	16371.109532797233	3
1	4781	16388.346425188035	3
1	4783	16392.316612721181	3
1	4785	16410.075033061159	3
1	4789	16414.063294616005	3
1	4790	16417.265028660135	3
1	4817	16515.310467211677	3
1	4820	16518.552402435413	3
1	4830	16544.151869577895	3
1	4832	16547.551158772424	3
1	4833	16552.266250369074	3
1	4837	16567.555009394722	3
1	4855	16627.855199892625	3
1	4857	16641.49715680833	3
1	4859	16644.514283462437	3
1	4861	16646.110521868647	3
1	4862	16646.646071048272	3
1	4863	16646.763017751798	3
1	4869	16666.0592783708	3
1	4874	16694.682440069861	3
1	4880	16708.725018777652	3
1	4887	16727.462315819506	3
1	4895	16747.915903493608	3
1	4902	16767.398042665661	3
1	4919	16823.514563920664	3
1	4924	16835.850549727782	3
1	4944	16909.386019628843	3
1	4945	16913.044271838501	3
1	4954	16945.873766136413	3
1	4969	17007.92778964915	3
1	4976	17035.392767263534	3
1	4988	17084.903323560955	3
1	4996	17123.700802555971	3
1	4998	17136.827995885472	3
1	5006	17167.510544477305	3
1	5007	17168.532708113261	3
1	5013	17203.887068769307	3
1	5018	17217.734829467259	3
1	5029	17252.549219817016	3
1	5030	17260.867224845405	3
1	5040	17300.66633702623	3
1	5049	17330.534310931027	3
1	5050	17332.87703692863	3
1	5053	17344.073483326129	3
1	5069	17383.403778218785	3
1	5081	17421.853600506371	3
1	5082	17422.240555929342	3
1	5084	17430.648487231161	3
1	5090	17441.889391847051	3
1	5093	17448.779859761701	3
1	5111	17492.250253986428	3
1	5117	17513.395423543124	3
1	5118	17516.696025595833	3
1	5119	17517.48503210019	3
1	5125	17534.890192693214	3
1	5133	17553.21244722501	3
1	5140	17570.734545356076	3
1	5144	17575.077033426553	3
1	5145	17575.771388164805	3
1	5164	17642.333363897152	3
1	5169	17668.950328489694	3
1	5175	17675.919883897234	3
1	5179	17684.672270493462	3
1	5186	17707.564142587193	3
1	5198	17774.040406336852	3
1	5221	17862.738304136201	3
1	5226	17879.662783053568	3
1	5233	17897.554719494364	3
1	5239	17920.403051188616	3
1	5253	17982.00239076027	3
1	5255	17984.469161897187	3
1	5266	18020.734497569049	3
1	5268	18023.852151051998	3
1	5271	18034.976404434379	3
1	5285	18087.616978059861	3
1	5291	18109.964134399191	3
1	5301	18145.964875826427	3
1	5302	18159.22954387525	3
1	5306	18172.332154562707	3
1	5307	18177.534189178078	3
1	5308	18182.136679076091	3
1	5318	18213.386368775332	3
1	5323	18227.840267005807	3
1	5360	18350.209136644926	3
1	5363	18373.33208576235	3
1	5367	18389.808959564508	3
1	5368	18392.64765538585	3
1	5372	18412.057109712919	3
1	5374	18419.704638114718	3
1	5382	18443.166362032663	3
1	5385	18444.745893387209	3
1	5386	18445.863170026054	3
1	5393	18487.527489043541	3
1	5398	18497.024792582474	3
1	5407	18541.027587874417	3
1	5408	18543.667502285663	3
1	5412	18546.839471643797	3
1	5419	18568.871569271645	3
1	5428	18608.247286337744	3
1	5432	18629.913902564927	3
1	5442	18652.177444659883	3
1	5448	18679.265812812371	3
1	5452	18696.790922143952	3
1	5461	18749.351420149853	3
1	5463	18752.017928435729	3
1	5468	18759.166955113814	3
1	5469	18761.628912181769	3
1	5475	18784.456420741782	3
1	5480	18802.430625635369	3
1	5483	18828.530804670479	3
1	5497	18872.06305380799	3
1	5500	18879.175699069411	3
1	5523	18965.014718908008	3
1	5528	18980.582845426488	3
1	5536	19005.995072175827	3
1	5537	19011.9387760693	3
1	5538	19014.370851449463	3
1	5545	19044.610581923164	3
1	5558	19084.77548917526	3
1	5561	19093.10560904323	3
1	5562	19107.752986988184	3
1	5568	19129.807241097079	3
1	5582	19182.108340803239	3
1	5586	19188.787555439487	3
1	5600	19242.281237326602	3
1	5604	19253.095937518811	3
1	5605	19253.997843489102	3
1	5626	19345.593869386995	3
1	5632	19358.043095253517	3
1	5634	19385.831990204755	3
1	5648	19446.422630482202	3
1	5665	19526.536385019728	3
1	5668	19541.732102127795	3
1	5671	19544.256287358587	3
1	5686	19610.649024846801	3
1	5690	19621.801470505864	3
1	5693	19632.391798289324	3
1	5697	19645.696213605125	3
1	5709	19696.75105217753	3
1	5710	19699.463446596177	3
1	5714	19712.772646992965	3
1	5715	19713.365070598854	3
1	5733	19763.134176647397	3
1	5734	19764.642679620347	3
1	5738	19783.110752140693	3
1	5739	19783.276509843214	3
1	5743	19803.50629603805	3
1	5752	19828.916178708869	3
1	5768	19873.330012417916	3
1	5770	19885.457760292342	3
1	5781	19921.795772688243	3
1	5782	19923.02448237669	3
1	5787	19940.649847411866	3
1	5789	19949.126784974285	3
1	5790	19951.904464471224	3
1	5793	19957.134521148899	3
1	5794	19958.071440920338	3
2	250	1005.68865867492	58666
2	272	1078.575228503249	58673
2	284	1118.143599747383	58675
2	286	1128.017997210756	58670
2	288	1137.96971121921	58684
2	291	1149.274158671408	58671
2	292	1149.47870715877	58677
2	293	1149.788061035046	58685
2	300	1180.178136897689	58680
2	316	1226.70995430125	58683
2	320	1242.882547489556	58690
2	338	1309.132464065003	58688
2	340	1317.35566313236	58689
2	347	1345.262377479632	58696
2	351	1357.445412675333	58678
2	365	1417.536507829624	58694
2	367	1422.909970625898	58695
2	368	1425.607024785183	58700
2	379	1471.921630982839	58703
2	384	1501.755896981144	58686
2	385	1506.612789468155	58705
2	387	1507.731371197763	58706
2	398	1547.192652066637	58702
2	407	1589.805666120706	58709
2	408	1590.042982460619	58699
2	423	1648.209912214832	58708
2	424	1650.162709907427	58701
2	429	1673.569154482253	58714
2	430	1674.330347472953	58715
2	438	1710.850488124681	58712
2	441	1716.14149810159	58717
2	456	1784.189282928174	58704
2	475	1855.895109493134	58718
2	488	1906.814215962335	58716
2	492	1916.460257791748	58711
2	495	1924.765402662544	58720
2	506	1961.233036361939	58713
2	509	1969.585193953325	58724
2	510	1981.871329954572	58725
2	511	1982.443099112285	58733
2	519	2012.30518799576	58735
2	525	2021.881176368971	58728
2	531	2039.072650630729	58729
2	534	2046.912191452633	58730
2	537	2058.945908897121	58722
2	540	2065.67735622868	58723
2	541	2070.328006701945	58732
2	547	2091.337323971667	58726
2	570	2157.181516427106	58745
2	571	2159.510351746113	58731
2	579	2186.995963561738	58746
2	583	2191.658302140167	58748
2	585	2195.154177841117	58749
2	593	2220.352782290156	58736
2	594	2222.629616722185	58742
2	598	2238.619560316823	58751
2	602	2244.892215344248	58738
2	626	2309.386506773059	58756
2	629	2311.005912497228	58750
2	635	2333.224817641913	58758
2	650	2368.170064735629	58761
2	657	2381.548084007294	58755
2	658	2383.262040642255	58765
2	663	2394.104430456008	58747
2	669	2412.406447811706	58757
2	673	2438.10076388281	58768
2	677	2447.875217422673	58744
2	682	2461.279841759385	58771
2	684	2466.605671082887	58760
2	691	2483.899562046721	58764
2	713	2554.301538039992	58752
2	715	2562.519943520693	58770
2	720	2580.859459834451	58754
2	722	2586.360350142315	58773
2	724	2587.183189924113	58778
2	728	2593.132530257358	58774
2	740	2624.478791945291	58782
2	762	2693.733738692374	58779
2	766	2702.566512011064	58766
2	783	2767.941914153268	58789
2	787	2788.050547630226	58772
2	798	2810.255889075578	58784
2	806	2850.745868463481	58793
2	831	2937.724824100325	58798
2	832	2941.864405718125	58785
2	839	2978.170470071147	58790
2	840	2981.300379189884	58800
2	855	3035.072541134999	58804
2	871	3085.752701867522	58806
2	873	3087.429005619266	58807
2	879	3102.943840241293	58802
2	881	3113.703394625521	58797
2	883	3120.912021577783	58803
2	896	3185.838748097161	58816
2	926	3274.4076776986	58799
2	929	3290.195213718054	58820
2	945	3325.460544084764	58823
2	958	3361.488621428707	58827
2	974	3406.561944492395	58809
2	976	3417.877241202296	58832
2	978	3420.141399340032	58811
2	991	3459.57436231423	58812
2	993	3461.614863016407	58826
2	998	3468.644212735143	58829
2	1007	3506.039043101048	58830
2	1011	3518.969690363358	58831
2	1019	3530.625864776998	58822
2	1023	3540.437720222819	58842
2	1036	3581.256074510347	58846
2	1037	3587.661268147392	58837
2	1040	3599.604528667605	58839
2	1042	3606.644766802563	58847
2	1045	3620.288102264766	58849
2	1054	3643.762189638735	58835
2	1055	3660.678919285895	58843
2	1057	3667.277439308981	58836
2	1065	3689.322221494731	58851
2	1067	3691.696959067989	58838
2	1085	3763.530858728213	58853
2	1104	3817.547078799088	58855
2	1108	3835.201261067062	58856
2	1118	3883.934152151295	58850
2	1125	3908.664502272721	58852
2	1132	3937.756633909908	58862
2	1148	4014.613335360104	58865
2	1152	4024.112244803808	58866
2	1170	4088.936741544079	58863
2	1176	4125.98301388587	58869
2	1178	4138.440946553039	58870
2	1187	4174.697317129022	58875
2	1191	4178.936901427579	58859
2	1210	4242.42322965989	58880
2	1214	4263.456488306795	58872
2	1217	4277.305385877898	58881
2	1225	4306.212984734739	58884
2	1229	4317.171007983249	58886
2	1236	4342.590230350456	58879
2	1240	4349.854706178495	58889
2	1242	4364.96248181832	58871
2	1245	4375.452422318036	58874
2	1248	4383.289239739055	58876
2	1275	4505.866299540792	58883
2	1282	4528.258134651022	58893
2	1296	4600.515875354877	58896
2	1301	4623.248019676951	58890
2	1303	4629.61683795098	58888
2	1313	4677.245115306316	58892
2	1317	4691.791347286736	58901
2	1321	4707.97591064963	58902
2	1323	4715.253128468787	58897
2	1337	4768.597192522125	58904
2	1344	4784.607979739507	58905
2	1354	4823.488990991488	58908
2	1355	4833.383076199579	58909
2	1360	4850.47842321944	58898
2	1369	4879.528126343828	58899
2	1397	4963.968826638985	58921
2	1404	4986.696860327991	58916
2	1420	5035.542919154486	58926
2	1435	5083.417554309772	58915
2	1442	5104.568496072564	58906
2	1446	5121.33153550215	58918
2	1457	5144.63019362608	58934
2	1458	5146.432695229617	58910
2	1459	5151.649664489794	58927
2	1464	5180.382533757325	58914
2	1471	5200.346033804011	58917
2	1479	5231.035461136998	58924
2	1482	5236.072044749944	58925
2	1488	5243.323154898107	58939
2	1500	5288.987305102919	58941
2	1503	5291.388073960554	58943
2	1513	5322.48274687249	58937
2	1517	5338.037961627538	58930
2	1530	5393.729027511347	58942
2	1543	5440.727789230462	58946
2	1548	5446.409949474692	58938
2	1586	5571.484005407921	58940
2	1589	5584.047508876816	58962
2	1590	5589.372225190021	58951
2	1592	5599.499393379952	58952
2	1596	5621.512462342999	58948
2	1598	5627.41792078387	58964
2	1600	5630.579823461461	58954
2	1602	5644.024479456633	58965
2	1607	5654.876682144242	58958
2	1608	5654.947140553109	58959
2	1610	5656.484620308143	58966
2	1613	5669.737966199078	58968
2	1617	5680.158183990102	58961
2	1626	5707.154978516103	58970
2	1636	5744.716853767642	58971
2	1638	5751.044160813454	58956
2	1644	5764.680377924054	58960
2	1648	5779.924231461102	58972
2	1653	5793.778544096806	58973
2	1655	5799.034106065391	58963
2	1666	5846.154461919609	58955
2	1670	5855.560616343577	58979
2	1675	5872.898261117457	58980
2	1676	5875.333786877167	58967
2	1717	6016.908985884628	58983
2	1728	6048.607212617611	58986
2	1734	6081.301307264464	58990
2	1738	6090.338247982742	58981
2	1739	6091.864855340551	58992
2	1750	6133.790180451379	58975
2	1754	6142.117225954966	58999
2	1765	6188.386530241234	58982
2	1769	6205.975498768232	58993
2	1785	6285.534378547936	58989
2	1787	6290.015528898705	58991
2	1789	6296.051330007148	59000
2	1795	6317.394190673064	59004
2	1799	6332.143054544732	59001
2	1800	6334.078288385663	58996
2	1802	6343.363534988972	59002
2	1803	6347.432509911556	58998
2	1806	6350.425656716554	58985
2	1818	6411.656472543619	59005
2	1822	6418.218034156268	58994
2	1837	6487.776811280698	59010
2	1842	6505.594987160961	59011
2	1843	6513.625191375651	59012
2	1845	6517.788290989411	59013
2	1856	6555.214459902621	59003
2	1857	6556.89843644524	59008
2	1869	6599.332930080318	59017
2	1890	6668.436051641079	59021
2	1895	6680.69572711735	59024
2	1896	6681.389063518202	59025
2	1898	6691.681084787565	59016
2	1902	6698.887583600422	59027
2	1905	6707.693294310517	59029
2	1915	6729.362017835378	59006
2	1917	6736.208650021369	59034
2	1934	6804.133660558817	59028
2	1945	6822.700253232893	59037
2	1953	6853.043270756188	59038
2	1960	6877.405116147123	59035
2	1970	6916.865831940692	59030
2	1971	6919.462974640816	59031
2	1972	6920.675778876362	59040
2	1973	6921.837118057538	59041
2	1987	6978.364501350415	59022
2	1990	6982.538494990104	59045
2	2013	7048.650865874091	59048
2	2033	7120.132146669282	59053
2	2035	7121.793430065001	59055
2	2044	7133.05758517418	59042
2	2050	7147.366443520778	59047
2	2051	7151.452304660588	59059
2	2069	7218.017074538557	59064
2	2071	7220.295801011001	59052
2	2076	7225.346180718535	59066
2	2079	7233.579804498202	59068
2	2096	7273.379048723254	59073
2	2097	7279.849489535666	59061
2	2100	7294.223890519716	59063
2	2111	7330.130101730914	59056
2	2112	7332.696928403024	59067
2	2116	7340.749735828265	59075
2	2119	7348.516990364174	59077
2	2122	7375.861956752879	59072
2	2130	7418.204110949762	59051
2	2138	7440.843214429296	59069
2	2148	7466.515033461429	59060
2	2153	7498.767521211203	59074
2	2169	7557.981465313965	59084
2	2171	7572.018444174135	59071
2	2175	7590.740570979527	59085
2	2203	7725.604211690861	59089
2	2204	7738.948633595194	59090
2	2210	7761.835432230445	59083
2	2211	7765.847987048713	59092
2	2221	7793.715030890869	59098
2	2224	7797.76649868386	59099
2	2241	7868.154505141444	59102
2	2246	7879.182490829057	59087
2	2247	7884.529267693233	59095
2	2249	7887.253789504835	59096
2	2253	7897.582170846901	59104
2	2262	7928.020155748028	59107
2	2266	7932.596827786306	59108
2	2270	7956.451498058464	59086
2	2292	8016.677556001019	59115
2	2294	8024.467955055015	59106
2	2305	8060.583565223783	59109
2	2318	8103.686094838078	59113
2	2321	8108.849830459897	59114
2	2328	8128.207060348758	59116
2	2329	8133.277383143162	59117
2	2336	8147.503429560072	59120
2	2338	8151.111771947525	59121
2	2339	8154.615322691279	59100
2	2341	8163.690531084489	59118
2	2343	8180.524857980672	59111
2	2345	8194.951047509774	59103
2	2366	8250.992367851714	59130
2	2373	8294.971672943558	59122
2	2375	8300.548002924394	59123
2	2376	8306.379627384998	59112
2	2382	8325.638493886796	59131
2	2388	8346.462932908759	59128
2	2401	8411.422707900869	59124
2	2411	8449.944685329794	59129
2	2431	8548.832967407291	59132
2	2437	8563.312904399068	59139
2	2438	8581.343230167611	59140
2	2444	8605.668917950078	59136
2	2449	8629.78236783561	59133
2	2471	8714.428356090863	59148
2	2479	8760.759558535476	59134
2	2480	8761.43227016629	59135
2	2485	8774.989658234817	59152
2	2491	8789.377712421513	59141
2	2492	8793.506249865824	59144
2	2495	8804.103877637234	59154
2	2505	8840.252219528209	59137
2	2506	8857.933199873377	59157
2	2522	8904.235162217219	59164
2	2527	8917.946388574056	59147
2	2528	8919.965531342925	59145
2	2533	8941.821523219973	59156
2	2548	8989.81952313711	59153
2	2550	8996.972593371157	59163
2	2557	9033.844150662113	59166
2	2558	9034.498686176555	59155
2	2561	9045.953528955944	59168
2	2566	9066.531292400204	59150
2	2567	9075.229631603716	59158
2	2569	9079.166787409385	59159
2	2585	9147.793761051516	59167
2	2599	9197.286674145516	59170
2	2601	9199.498941102169	59177
2	2603	9229.421867876352	59178
2	2605	9239.422281465616	59179
2	2636	9355.116821473582	59184
2	2637	9356.319593185956	59181
2	2641	9374.877009651126	59185
2	2654	9437.394894277533	59171
2	2663	9462.934336692741	59173
2	2670	9484.634350449156	59183
2	2673	9506.573495097567	59176
2	2675	9515.536301589097	59186
2	2681	9528.109757062304	59194
2	2690	9567.33486183923	59196
2	2697	9596.837496166219	59190
2	2707	9626.124782251482	59198
2	2708	9626.855339720439	59193
2	2712	9638.005414144356	59199
2	2720	9671.378225299887	59201
2	2725	9682.351493752573	59189
2	2730	9706.913025302751	59204
2	2733	9722.491797249873	59206
2	2734	9723.167811329946	59197
2	2738	9728.431507294554	59192
2	2748	9769.132551980549	59200
2	2753	9779.621219537493	59202
2	2756	9801.876599394468	59203
2	2760	9813.585974643893	59214
2	2761	9817.45364211927	59205
2	2771	9836.308573054933	59216
2	2774	9846.786561265122	59209
2	2785	9883.009662244863	59212
2	2796	9922.491039608249	59217
2	2800	9934.236711865095	59207
2	2805	9955.138901200377	59219
2	2811	9978.299298561867	59210
2	2812	9979.721043565481	59221
2	2827	10029.825588978204	59218
2	2834	10059.081723973938	59228
2	2836	10069.118755392648	59220
2	2838	10076.402308809572	59230
2	2848	10112.18878934645	59225
2	2854	10141.713643386304	59233
2	2872	10207.502538352617	59231
2	2883	10251.546222055031	59236
2	2887	10269.624737491809	59229
2	2889	10274.995465273618	59238
2	2892	10278.762053019683	59234
2	2901	10310.462972028645	59243
2	2908	10330.177915895818	59246
2	2923	10379.832500971431	59239
2	2924	10380.441305866962	59240
2	2933	10402.564946278631	59241
2	2939	10417.432970928996	59252
2	2944	10436.010335828638	59254
2	2950	10459.482502141904	59256
2	2980	10569.849599942873	59261
2	3012	10692.390489849621	59257
2	3013	10705.940013201311	59258
2	3017	10735.824746718495	59265
2	3018	10739.120303143029	59266
2	3040	10868.902889619103	59263
2	3041	10869.564268514609	59271
2	3044	10874.472047889221	59267
2	3056	10947.385546890521	59270
2	3057	10964.124534370784	59272
2	3058	10964.950884030537	59273
2	3066	10986.716414463752	59264
2	3068	10993.437496320026	59268
2	3073	11021.844313862115	59278
2	3108	11128.234628923579	59286
2	3109	11130.086803189174	59287
2	3110	11130.155140833406	59288
2	3114	11141.064207920502	59290
2	3116	11143.775007272945	59280
2	3139	11209.772762931274	59297
2	3162	11274.058667977142	59305
2	3172	11303.170738434272	59306
2	3175	11309.155747264057	59283
2	3177	11323.624102810743	59307
2	3178	11326.486084924367	59277
2	3179	11327.390268231116	59284
2	3181	11334.111173419505	59285
2	3191	11343.661836750131	59299
2	3228	11442.42835475173	59317
2	3234	11457.007232681326	59301
2	3237	11469.269548532642	59303
2	3249	11502.486471445942	59311
2	3250	11502.966795690072	59312
2	3263	11543.831843840622	59316
2	3268	11551.156138454634	59300
2	3274	11567.12883107923	59319
2	3279	11577.108120215757	59304
2	3282	11584.522503078405	59308
2	3284	11595.279858637976	59325
2	3290	11608.693741871044	59322
2	3293	11628.635583977596	59327
2	3312	11672.749967233686	59334
2	3321	11698.777339388438	59326
2	3329	11736.497631613411	59329
2	3331	11739.956117430958	59337
2	3333	11748.017675088861	59330
2	3343	11776.552414170039	59335
2	3345	11783.390366180547	59320
2	3359	11840.309626808143	59342
2	3367	11862.09996093262	59332
2	3369	11878.435454411211	59343
2	3373	11894.370949729941	59336
2	3391	11968.35314042965	59333
2	3400	12010.586716649483	59348
2	3418	12105.456604712089	59344
2	3423	12135.254354616355	59351
2	3427	12151.476616211967	59345
2	3429	12152.376116232894	59352
2	3432	12157.287832319856	59353
2	3461	12296.78069170198	59361
2	3464	12314.867325636343	59362
2	3482	12378.296631025924	59360
2	3492	12435.947072050653	59363
2	3497	12455.051151784458	59357
2	3498	12458.074702214716	59372
2	3504	12469.539396618124	59366
2	3507	12478.169666551959	59354
2	3514	12492.469125577827	59368
2	3524	12550.518805203036	59375
2	3531	12561.724907050673	59377
2	3543	12592.141562947291	59373
2	3546	12600.808067177614	59369
2	3550	12623.58664753656	59382
2	3555	12633.811242534237	59374
2	3562	12661.401958020865	59386
2	3577	12710.048735226555	59391
2	3582	12727.11621394073	59393
2	3605	12782.573134229889	59387
2	3607	12784.376201429766	59380
2	3608	12789.762833724501	59381
2	3615	12811.093299269104	59397
2	3619	12817.528276280641	59392
2	3629	12860.013330414724	59401
2	3634	12870.831047739732	59403
2	3661	12941.662939766322	59399
2	3663	12948.495348303924	59384
2	3666	12959.802507176329	59385
2	3669	12968.64584089393	59408
2	3682	12997.485677631389	59405
2	3684	13005.833789343786	59389
2	3696	13039.414571026761	59414
2	3704	13064.126824279702	59400
2	3710	13077.482810195855	59396
2	3713	13083.462233817216	59404
2	3724	13122.725668150266	59407
2	3736	13161.021064970073	59424
2	3742	13182.294674698156	59418
2	3753	13215.636901368308	59406
2	3754	13218.677352880658	59411
2	3757	13228.785240275772	59412
2	3759	13233.297365257966	59413
2	3768	13263.136578805443	59416
2	3775	13289.068900239216	59409
2	3777	13291.152747782788	59410
2	3787	13329.300874691	59421
2	3790	13334.62659772076	59422
2	3792	13340.289023405705	59432
2	3800	13363.45315348773	59434
2	3805	13384.167176443371	59417
2	3810	13401.798185018414	59425
2	3812	13406.110942904077	59419
2	3813	13411.632744028986	59430
2	3822	13442.569156224294	59436
2	3827	13457.526945415351	59433
2	3838	13493.563393869252	59429
2	3845	13514.87225432183	59431
2	3863	13556.531954672749	59437
2	3867	13561.750807233361	59426
2	3870	13578.679307678469	59448
2	3878	13607.217974579456	59441
2	3881	13616.983955634361	59451
2	3886	13627.460880482879	59452
2	3899	13654.013923685559	59457
2	3901	13660.11305824804	59438
2	3912	13705.424070118369	59460
2	3918	13720.913735830621	59461
2	3920	13729.913432559351	59462
2	3922	13736.827222458719	59443
2	3924	13742.958786232757	59435
2	3928	13751.124326903081	59454
2	3942	13789.428239426877	59459
2	3949	13819.615535897239	59450
2	3955	13844.722595904438	59453
2	3967	13867.456420421201	59468
2	3968	13870.570968105795	59447
2	3975	13898.558628360576	59449
2	3989	13952.965273831713	59471
2	3992	13955.598027040051	59472
2	4003	13994.684256189703	59469
2	4008	14011.517943310391	59475
2	4010	14018.459668009108	59476
2	4011	14023.826430092121	59465
2	4027	14062.627469407639	59467
2	4033	14080.290958337476	59464
2	4040	14100.207229182526	59470
2	4041	14106.862252012898	59474
2	4060	14159.79318715868	59466
2	4065	14172.829851395623	59488
2	4066	14182.151153751525	59489
2	4067	14182.916481318002	59473
2	4078	14222.14279328031	59494
2	4080	14233.438992834226	59482
2	4086	14250.225750445125	59485
2	4091	14259.999341970928	59496
2	4103	14295.114906122284	59497
2	4114	14343.804119183901	59498
2	4116	14347.484937882898	59495
2	4120	14362.333482435349	59479
2	4123	14374.3054670891	59487
2	4131	14402.634736331119	59492
2	4132	14413.830244921192	59493
2	4150	14461.94075797022	59486
2	4154	14479.932554294832	59503
2	4165	14515.209599471439	59505
2	4178	14551.579351863697	59511
2	4181	14557.087740759697	59512
2	4192	14588.938859208394	59513
2	4194	14592.105387909971	59515
2	4199	14615.852746711736	59518
2	4207	14639.875522470197	59501
2	4219	14682.981251171613	59524
2	4226	14697.629251015204	59516
2	4227	14700.879050802063	59517
2	4234	14723.883609097504	59506
2	4236	14729.278827451633	59507
2	4241	14749.876780068002	59502
2	4248	14772.874337827881	59527
2	4250	14780.022459146831	59522
2	4288	14860.767297972766	59520
2	4290	14867.377822274318	59534
2	4301	14889.470265096279	59525
2	4310	14909.68652633453	59541
2	4315	14920.209278147481	59531
2	4325	14934.076990605847	59533
2	4329	14936.296049433902	59547
2	4353	15008.485430682203	59529
2	4355	15011.397117972358	59540
2	4357	15016.635261247437	59530
2	4360	15020.523870076722	59543
2	4361	15020.551893428465	59551
2	4362	15022.154511374096	59552
2	4363	15023.068682540252	59544
2	4382	15073.415246646329	59559
2	4388	15090.141483218537	59536
2	4417	15146.782512418793	59548
2	4428	15180.05977104236	59566
2	4430	15191.738206773036	59567
2	4437	15222.578673214325	59562
2	4439	15225.065692995379	59542
2	4444	15231.049499698321	59554
2	4446	15231.583250369379	59555
2	4457	15255.441953155817	59557
2	4462	15276.487600368283	59558
2	4463	15277.342996026622	59575
2	4466	15281.437940731643	59560
2	4468	15284.033617356912	59561
2	4475	15307.599889484325	59577
2	4481	15327.877736804922	59569
2	4484	15331.460779103107	59578
2	4490	15345.340078494821	59580
2	4491	15346.619926989281	59563
2	4498	15365.525769149466	59564
2	4506	15385.941249357088	59582
2	4515	15402.0007461672	59576
2	4532	15451.357839426312	59571
2	4533	15457.27626047884	59572
2	4537	15466.572710584894	59589
2	4539	15467.14485081445	59573
2	4550	15498.688136602139	59591
2	4552	15500.186292217352	59583
2	4560	15520.650750300547	59568
2	4565	15547.262988162737	59579
2	4573	15566.935103496955	59596
2	4577	15572.526607694516	59597
2	4578	15573.442049491079	59574
2	4587	15603.980097821081	59593
2	4590	15610.884583698742	59594
2	4596	15627.9256996899	59586
2	4605	15666.361070430451	59588
2	4606	15668.248420541731	59595
2	4612	15693.053619546005	59598
2	4620	15714.808804160947	59600
2	4626	15732.448150947607	59602
2	4627	15750.530375785648	59603
2	4638	15790.631909733546	59605
2	4644	15818.72486992307	59607
2	4645	15820.181033919132	59601
2	4647	15830.22448216606	59608
2	4653	15865.084297656864	59604
2	4682	15963.517036941555	59599
2	4685	15973.62233129521	59613
2	4689	15989.836678187811	59614
2	4693	16016.910912407755	59606
2	4696	16025.115387033478	59611
2	4702	16044.696191845953	59619
2	4705	16061.293904309446	59609
2	4714	16102.801709187269	59622
2	4721	16128.548075258651	59616
2	4731	16167.607465238132	59610
2	4752	16255.719207731175	59620
2	4756	16278.789065555332	59629
2	4778	16362.697925011393	59628
2	4779	16371.109532797233	59621
2	4781	16388.346425188035	59634
2	4783	16392.316612721181	59635
2	4785	16410.075033061159	59630
2	4789	16414.063294616005	59631
2	4790	16417.265028660135	59632
2	4817	16515.310467211677	59626
2	4820	16518.552402435413	59644
2	4830	16544.151869577895	59646
2	4832	16547.551158772424	59642
2	4833	16552.266250369074	59633
2	4837	16567.555009394722	59648
2	4855	16627.855199892625	59637
2	4857	16641.49715680833	59638
2	4859	16644.514283462437	59639
2	4861	16646.110521868647	59654
2	4862	16646.646071048272	59640
2	4863	16646.763017751798	59641
2	4869	16666.0592783708	59656
2	4874	16694.682440069861	59643
2	4880	16708.725018777652	59659
2	4887	16727.462315819506	59660
2	4895	16747.915903493608	59645
2	4902	16767.398042665661	59647
2	4919	16823.514563920664	59652
2	4924	16835.850549727782	59661
2	4944	16909.386019628843	59658
2	4945	16913.044271838501	59663
2	4954	16945.873766136413	59666
2	4969	17007.92778964915	59669
2	4976	17035.392767263534	59670
2	4988	17084.903323560955	59672
2	4996	17123.700802555971	59678
2	4998	17136.827995885472	59679
2	5006	17167.510544477305	59671
2	5007	17168.532708113261	59677
2	5013	17203.887068769307	59682
2	5018	17217.734829467259	59684
2	5029	17252.549219817016	59674
2	5030	17260.867224845405	59686
2	5040	17300.66633702623	59681
2	5049	17330.534310931027	59692
2	5050	17332.87703692863	59693
2	5053	17344.073483326129	59695
2	5069	17383.403778218785	59698
2	5081	17421.853600506371	59683
2	5082	17422.240555929342	59691
2	5084	17430.648487231161	59685
2	5090	17441.889391847051	59694
2	5093	17448.779859761701	59699
2	5111	17492.250253986428	59680
2	5117	17513.395423543124	59689
2	5118	17516.696025595833	59710
2	5119	17517.48503210019	59690
2	5125	17534.890192693214	59711
2	5133	17553.21244722501	59700
2	5140	17570.734545356076	59697
2	5144	17575.077033426553	59705
2	5145	17575.771388164805	59687
2	5164	17642.333363897152	59712
2	5169	17668.950328489694	59718
2	5175	17675.919883897234	59714
2	5179	17684.672270493462	59706
2	5186	17707.564142587193	59716
2	5198	17774.040406336852	59704
2	5221	17862.738304136201	59725
2	5226	17879.662783053568	59719
2	5233	17897.554719494364	59723
2	5239	17920.403051188616	59731
2	5253	17982.00239076027	59735
2	5255	17984.469161897187	59736
2	5266	18020.734497569049	59730
2	5268	18023.852151051998	59739
2	5271	18034.976404434379	59721
2	5285	18087.616978059861	59737
2	5291	18109.964134399191	59744
2	5301	18145.964875826427	59732
2	5302	18159.22954387525	59740
2	5306	18172.332154562707	59746
2	5307	18177.534189178078	59733
2	5308	18182.136679076091	59734
2	5318	18213.386368775332	59749
2	5323	18227.840267005807	59745
2	5360	18350.209136644926	59759
2	5363	18373.33208576235	59760
2	5367	18389.808959564508	59743
2	5368	18392.64765538585	59752
2	5372	18412.057109712919	59748
2	5374	18419.704638114718	59762
2	5382	18443.166362032663	59750
2	5385	18444.745893387209	59756
2	5386	18445.863170026054	59757
2	5393	18487.527489043541	59761
2	5398	18497.024792582474	59747
2	5407	18541.027587874417	59767
2	5408	18543.667502285663	59768
2	5412	18546.839471643797	59751
2	5419	18568.871569271645	59764
2	5428	18608.247286337744	59772
2	5432	18629.913902564927	59755
2	5442	18652.177444659883	59775
2	5448	18679.265812812371	59770
2	5452	18696.790922143952	59771
2	5461	18749.351420149853	59774
2	5463	18752.017928435729	59769
2	5468	18759.166955113814	59776
2	5469	18761.628912181769	59777
2	5475	18784.456420741782	59778
2	5480	18802.430625635369	59765
2	5483	18828.530804670479	59782
2	5497	18872.06305380799	59780
2	5500	18879.175699069411	59785
2	5523	18965.014718908008	59779
2	5528	18980.582845426488	59784
2	5536	19005.995072175827	59793
2	5537	19011.9387760693	59794
2	5538	19014.370851449463	59795
2	5545	19044.610581923164	59789
2	5558	19084.77548917526	59800
2	5561	19093.10560904323	59802
2	5562	19107.752986988184	59786
2	5568	19129.807241097079	59797
2	5582	19182.108340803239	59799
2	5586	19188.787555439487	59801
2	5600	19242.281237326602	59788
2	5604	19253.095937518811	59791
2	5605	19253.997843489102	59792
2	5626	19345.593869386995	59806
2	5632	19358.043095253517	59798
2	5634	19385.831990204755	59803
2	5648	19446.422630482202	59815
2	5665	19526.536385019728	59814
2	5668	19541.732102127795	59811
2	5671	19544.256287358587	59805
2	5686	19610.649024846801	59808
2	5690	19621.801470505864	59818
2	5693	19632.391798289324	59819
2	5697	19645.696213605125	59820
2	5709	19696.75105217753	59816
2	5710	19699.463446596177	59821
2	5714	19712.772646992965	59822
2	5715	19713.365070598854	59831
2	5733	19763.134176647397	59836
2	5734	19764.642679620347	59837
2	5738	19783.110752140693	59828
2	5739	19783.276509843214	59829
2	5743	19803.50629603805	59817
2	5752	19828.916178708869	59824
2	5768	19873.330012417916	59826
2	5770	19885.457760292342	59838
2	5781	19921.795772688243	59844
2	5782	19923.02448237669	59840
2	5787	19940.649847411866	59845
2	5789	19949.126784974285	59846
2	5790	19951.904464471224	59834
2	5793	19957.134521148899	59835
2	5794	19958.071440920338	59843
3	257	1027.072536252495	0
3	259	1035.124965207214	0
3	263	1048.445412675333	0
3	266	1054.853996299913	0
3	270	1071.716328778086	0
3	274	1083.092821372656	0
3	282	1108.68865867492	0
3	304	1192.755896981144	0
3	305	1194.559374194329	0
3	319	1240.96971121921	0
3	322	1252.274158671408	0
3	324	1252.788061035046	0
3	332	1292.152005844515	0
3	333	1295.080385367936	0
3	337	1308.002024636941	0
3	343	1329.70995430125	0
3	352	1361.69007012153	0
3	364	1412.132464065003	0
3	366	1420.35566313236	0
3	374	1448.262377479632	0
3	380	1475.189282928174	0
3	391	1520.536507829624	0
3	393	1525.909970625898	0
3	394	1528.607024785183	0
3	395	1531.330580074828	0
3	409	1591.828411768382	0
3	412	1607.460257791748	0
3	414	1609.612789468155	0
3	415	1610.731371197763	0
3	425	1650.192652066637	0
3	426	1652.233036361939	0
3	433	1692.805666120706	0
3	434	1693.042982460619	0
3	445	1751.209912214832	0
3	454	1777.330347472953	0
3	467	1819.14149810159	0
3	470	1838.068119495204	0
3	491	1914.820243440202	0
3	505	1958.895109493134	0
3	514	1994.047490573261	0
3	528	2037.486486315634	0
3	533	2045.748258187139	0
3	542	2072.585193953325	0
3	543	2084.871329954572	0
3	544	2085.443099112285	0
3	550	2095.939975665621	0
3	554	2115.30518799576	0
3	557	2120.109478017664	0
3	559	2124.881176368971	0
3	561	2138.875217422673	0
3	568	2149.912191452633	0
3	572	2161.945908897121	0
3	576	2173.328006701945	0
3	603	2245.301538039992	0
3	606	2260.181516427106	0
3	607	2262.510351746113	0
3	612	2271.859459834451	0
3	618	2289.995963561738	0
3	622	2294.658302140167	0
3	624	2298.154177841117	0
3	638	2341.619560316823	0
3	640	2347.892215344248	0
3	651	2371.417034915898	0
3	662	2393.566512011064	0
3	664	2395.368157293658	0
3	670	2414.005912497228	0
3	672	2436.224817641913	0
3	680	2457.9350726752	0
3	689	2479.050547630226	0
3	692	2484.548084007294	0
3	693	2486.262040642255	0
3	699	2497.104430456008	0
3	702	2500.330412118207	0
3	706	2520.030659633563	0
3	709	2541.10076388281	0
3	710	2541.85110508458	0
3	716	2564.279841759385	0
3	718	2569.605671082887	0
3	723	2586.899562046721	0
3	729	2594.683845088523	0
3	730	2598.976230924275	0
3	758	2689.360350142315	0
3	760	2690.183189924113	0
3	763	2696.132530257358	0
3	771	2727.478791945291	0
3	775	2742.306466746822	0
3	782	2766.346220795718	0
3	786	2784.169618477886	0
3	791	2796.733738692374	0
3	809	2858.093674046998	0
3	818	2893.49375052899	0
3	826	2913.255889075578	0
3	834	2953.745868463481	0
3	837	2965.4076776986	0
3	857	3040.724824100325	0
3	858	3044.864405718125	0
3	870	3084.300379189884	0
3	874	3088.015951272034	0
3	876	3097.561944492395	0
3	877	3099.40487711256	0
3	880	3111.141399340032	0
3	886	3138.072541134999	0
3	889	3150.57436231423	0
3	890	3155.146589722993	0
3	891	3159.793186475494	0
3	898	3188.752701867522	0
3	900	3190.429005619266	0
3	904	3205.943840241293	0
3	906	3216.703394625521	0
3	910	3225.016367841349	0
3	912	3227.249240002849	0
3	924	3266.809676300973	0
3	928	3288.838748097161	0
3	942	3319.85828776554	0
3	949	3332.662267994161	0
3	959	3364.190082220468	0
3	968	3393.195213718054	0
3	983	3428.460544084764	0
3	984	3428.710677376279	0
3	995	3464.488621428707	0
3	1014	3520.877241202296	0
3	1029	3564.614863016407	0
3	1030	3565.232531395478	0
3	1033	3571.644212735143	0
3	1050	3633.625864776998	0
3	1053	3643.437720222819	0
3	1064	3684.256074510347	0
3	1066	3690.661268147392	0
3	1070	3709.644766802563	0
3	1074	3723.288102264766	0
3	1084	3746.762189638735	0
3	1086	3763.678919285895	0
3	1088	3770.277439308981	0
3	1098	3792.322221494731	0
3	1110	3839.079967391175	0
3	1113	3866.530858728213	0
3	1115	3869.936901427579	0
3	1117	3875.62836780688	0
3	1120	3887.033186303724	0
3	1129	3920.547078799088	0
3	1133	3938.201261067062	0
3	1146	4000.512163784857	0
3	1156	4040.756633909908	0
3	1168	4081.584740697719	0
3	1174	4117.613335360104	0
3	1177	4127.112244803808	0
3	1195	4191.936741544079	0
3	1205	4225.534760971848	0
3	1206	4228.98301388587	0
3	1209	4241.440946553039	0
3	1218	4277.697317129022	0
3	1231	4319.800236582624	0
3	1232	4320.61683795098	0
3	1238	4345.42322965989	0
3	1243	4366.456488306795	0
3	1246	4380.305385877898	0
3	1251	4409.212984734739	0
3	1254	4420.171007983249	0
3	1264	4452.396845767609	0
3	1265	4452.854706178495	0
3	1267	4467.96248181832	0
3	1288	4558.491331190955	0
3	1298	4608.866299540792	0
3	1304	4631.258134651022	0
3	1314	4680.788078126527	0
3	1319	4703.515875354877	0
3	1341	4780.245115306316	0
3	1346	4794.791347286736	0
3	1347	4795.568496072564	0
3	1348	4804.152696773508	0
3	1350	4810.97591064963	0
3	1352	4818.253128468787	0
3	1357	4837.432695229617	0
3	1361	4853.723382635898	0
3	1362	4857.482418006856	0
3	1365	4871.382533757325	0
3	1366	4871.597192522125	0
3	1374	4887.607979739507	0
3	1375	4891.346033804011	0
3	1384	4926.488990991488	0
3	1387	4936.383076199579	0
3	1392	4953.47842321944	0
3	1400	4974.857867361091	0
3	1402	4982.528126343828	0
3	1403	4983.000736959332	0
3	1429	5062.232436935205	0
3	1432	5066.968826638985	0
3	1444	5110.044310039987	0
3	1452	5138.542919154486	0
3	1455	5142.422456701551	0
3	1466	5186.417554309772	0
3	1473	5206.935505635058	0
3	1491	5247.63019362608	0
3	1494	5262.484005407921	0
3	1518	5339.072044749944	0
3	1522	5346.323154898107	0
3	1529	5391.987305102919	0
3	1531	5394.388073960554	0
3	1538	5425.48274687249	0
3	1563	5496.729027511347	0
3	1568	5526.987174921255	0
3	1572	5537.154461919609	0
3	1573	5543.727789230462	0
3	1576	5546.311232098478	0
3	1618	5687.047508876816	0
3	1619	5692.372225190021	0
3	1627	5724.512462342999	0
3	1630	5730.41792078387	0
3	1633	5733.579823461461	0
3	1641	5757.876682144242	0
3	1642	5757.947140553109	0
3	1643	5759.484620308143	0
3	1650	5783.158183990102	0
3	1657	5810.154978516103	0
3	1658	5824.790180451379	0
3	1659	5826.752820308155	0
3	1661	5832.439077236242	0
3	1667	5847.716853767642	0
3	1678	5882.924231461102	0
3	1683	5896.778544096806	0
3	1684	5902.034106065391	0
3	1698	5958.560616343577	0
3	1701	5975.898261117457	0
3	1725	6041.425656716554	0
3	1729	6053.169638167884	0
3	1743	6109.218034156268	0
3	1745	6119.908985884628	0
3	1749	6130.170367348097	0
3	1757	6151.607212617611	0
3	1763	6184.301307264464	0
3	1767	6193.338247982742	0
3	1768	6194.864855340551	0
3	1780	6245.117225954966	0
3	1781	6246.214459902621	0
3	1788	6291.386530241234	0
3	1792	6308.975498768232	0
3	1811	6388.534378547936	0
3	1815	6399.051330007148	0
3	1823	6420.362017835378	0
3	1824	6420.394190673064	0
3	1827	6435.143054544732	0
3	1828	6437.078288385663	0
3	1836	6479.410006244839	0
3	1852	6531.296227263925	0
3	1866	6590.776811280698	0
3	1873	6608.594987160961	0
3	1877	6616.625191375651	0
3	1880	6620.788290989411	0
3	1883	6628.485702709174	0
3	1889	6659.89843644524	0
3	1891	6669.364501350415	0
3	1892	6669.618604202238	0
3	1904	6702.332930080318	0
3	1909	6716.433476264182	0
3	1922	6771.436051641079	0
3	1927	6784.389063518202	0
3	1930	6794.681084787565	0
3	1933	6801.887583600422	0
3	1936	6810.693294310517	0
3	1950	6839.208650021369	0
3	1976	6925.700253232893	0
3	1981	6947.087903228505	0
3	1984	6956.043270756188	0
3	1989	6980.405116147123	0
3	1996	7012.75050389466	0
3	1999	7019.865831940692	0
3	2003	7022.462974640816	0
3	2006	7024.837118057538	0
3	2024	7085.538494990104	0
3	2025	7090.530843093208	0
3	2028	7109.204110949762	0
3	2048	7138.281139625701	0
3	2052	7151.650865874091	0
3	2054	7157.515033461429	0
3	2062	7176.98453519328	0
3	2072	7222.200935490677	0
3	2073	7223.132146669282	0
3	2075	7224.793430065001	0
3	2094	7263.018444174135	0
3	2103	7321.017074538557	0
3	2105	7323.295801011001	0
3	2110	7328.346180718535	0
3	2113	7336.579804498202	0
3	2118	7345.155547912779	0
3	2123	7376.379048723254	0
3	2127	7397.223890519716	0
3	2136	7435.696928403024	0
3	2142	7443.749735828265	0
3	2150	7478.861956752879	0
3	2159	7531.885767846493	0
3	2162	7541.230540865792	0
3	2163	7541.476697524434	0
3	2176	7601.767521211203	0
3	2185	7647.451498058464	0
3	2198	7693.740570979527	0
3	2202	7724.293460514557	0
3	2205	7740.345168404625	0
3	2212	7765.945755708778	0
3	2215	7771.530058496917	0
3	2220	7789.491642979983	0
3	2229	7828.604211690861	0
3	2231	7841.948633595194	0
3	2233	7845.615322691279	0
3	2242	7868.847987048713	0
3	2248	7885.951047509774	0
3	2251	7896.715030890869	0
3	2256	7900.76649868386	0
3	2272	7960.21046833802	0
3	2281	7987.529267693233	0
3	2285	7997.379627384998	0
3	2287	8000.582170846901	0
3	2297	8031.020155748028	0
3	2299	8035.596827786306	0
3	2323	8119.677556001019	0
3	2327	8127.467955055015	0
3	2333	8138.801985876102	0
3	2340	8163.583565223783	0
3	2350	8206.686094838078	0
3	2354	8221.685405849037	0
3	2359	8231.207060348758	0
3	2365	8250.503429560072	0
3	2367	8254.111771947525	0
3	2372	8283.524857980672	0
3	2393	8353.992367851714	0
3	2399	8403.548002924394	0
3	2405	8428.638493886796	0
3	2412	8451.759558535476	0
3	2413	8452.43227016629	0
3	2428	8531.252219528209	0
3	2432	8552.944685329794	0
3	2440	8584.771689172354	0
3	2445	8610.965531342925	0
3	2457	8666.312904399068	0
3	2461	8684.343230167611	0
3	2468	8708.668917950078	0
3	2477	8757.531292400204	0
3	2484	8774.129876416714	0
3	2501	8817.428356090863	0
3	2514	8877.989658234817	0
3	2517	8885.819662790668	0
3	2538	8960.933199873377	0
3	2553	9020.946388574056	0
3	2564	9054.168259832972	0
3	2573	9092.81952313711	0
3	2577	9099.972593371157	0
3	2579	9128.394894277533	0
3	2581	9136.844150662113	0
3	2582	9137.498686176555	0
3	2584	9146.380293603109	0
3	2586	9148.953528955944	0
3	2589	9153.934336692741	0
3	2596	9182.166787409385	0
3	2597	9185.502872846031	0
3	2600	9197.573495097567	0
3	2609	9250.793761051516	0
3	2616	9267.219871005042	0
3	2624	9302.498941102169	0
3	2627	9332.421867876352	0
3	2655	9442.797276577435	0
3	2661	9458.116821473582	0
3	2662	9459.319593185956	0
3	2669	9477.877009651126	0
3	2676	9517.560083849786	0
3	2688	9565.939388864593	0
3	2710	9631.109757062304	0
3	2719	9670.33486183923	0
3	2728	9699.837496166219	0
3	2740	9729.855339720439	0
3	2744	9741.005414144356	0
3	2751	9774.378225299887	0
3	2752	9776.730577482081	0
3	2759	9809.913025302751	0
3	2763	9825.491797249873	0
3	2767	9828.234778688696	0
3	2769	9831.431507294554	0
3	2777	9872.132551980549	0
3	2784	9882.621219537493	0
3	2788	9904.876599394468	0
3	2793	9916.585974643893	0
3	2804	9949.786561265122	0
3	2817	9986.009662244863	0
3	2818	9986.964583919399	0
3	2826	10025.491039608249	0
3	2833	10058.138901200377	0
3	2841	10082.721043565481	0
3	2853	10132.825588978204	0
3	2858	10162.081723973938	0
3	2866	10179.402308809572	0
3	2876	10215.18878934645	0
3	2881	10244.713643386304	0
3	2884	10263.692178243995	0
3	2899	10308.89831792849	0
3	2903	10312.726212427731	0
3	2913	10351.346268931399	0
3	2915	10354.546222055031	0
3	2922	10377.995465273618	0
3	2925	10381.762053019683	0
3	2931	10398.827124367352	0
3	2937	10413.462972028645	0
3	2943	10433.177915895818	0
3	2946	10453.617791221136	0
3	2955	10482.832500971431	0
3	2956	10483.441305866962	0
3	2964	10505.564946278631	0
3	2968	10520.432970928996	0
3	2973	10539.010335828638	0
3	2975	10555.782482896162	0
3	2978	10562.482502141904	0
3	2996	10630.390364526826	0
3	3007	10672.849599942873	0
3	3008	10677.716414463752	0
3	3033	10838.824746718495	0
3	3034	10842.120303143029	0
3	3059	10965.369718523286	0
3	3060	10971.756975158044	0
3	3061	10971.902889619103	0
3	3064	10977.472047889221	0
3	3071	11017.486084924367	0
3	3078	11032.814422408141	0
3	3083	11050.385546890521	0
3	3084	11067.124534370784	0
3	3086	11067.950884030537	0
3	3091	11075.421077756073	0
3	3097	11089.887213287341	0
3	3124	11169.697148713933	0
3	3131	11185.606772426908	0
3	3132	11186.249076745803	0
3	3137	11203.884332645649	0
3	3143	11225.03134280062	0
3	3145	11231.234628923579	0
3	3146	11233.086803189174	0
3	3147	11233.155140833406	0
3	3151	11242.156138454634	0
3	3152	11244.064207920502	0
3	3153	11246.775007272945	0
3	3156	11259.742089322278	0
3	3158	11268.108120215757	0
3	3176	11312.772762931274	0
3	3203	11377.058667977142	0
3	3206	11390.535001068232	0
3	3212	11406.170738434272	0
3	3213	11408.182578581658	0
3	3217	11426.624102810743	0
3	3221	11436.170329428827	0
3	3222	11437.111173419505	0
3	3224	11438.852956674841	0
3	3230	11446.661836750131	0
3	3239	11474.390366180547	0
3	3265	11545.42835475173	0
3	3273	11560.007232681326	0
3	3275	11572.269548532642	0
3	3288	11605.486471445942	0
3	3289	11605.966795690072	0
3	3294	11630.816177769979	0
3	3300	11646.831843840622	0
3	3309	11659.35314042965	0
3	3311	11670.12883107923	0
3	3318	11687.522503078405	0
3	3320	11698.279858637976	0
3	3325	11711.693741871044	0
3	3327	11731.635583977596	0
3	3342	11775.749967233686	0
3	3350	11801.777339388438	0
3	3354	11816.069443773807	0
3	3356	11836.534670851358	0
3	3358	11839.497631613411	0
3	3360	11842.956117430958	0
3	3371	11879.552414170039	0
3	3386	11943.309626808143	0
3	3389	11947.315752578603	0
3	3390	11965.09996093262	0
3	3392	11981.435454411211	0
3	3395	11994.715042331102	0
3	3404	12038.440256274676	0
3	3419	12113.586716649483	0
3	3420	12116.28651662399	0
3	3433	12169.169666551959	0
3	3438	12208.456604712089	0
3	3442	12231.572121443961	0
3	3444	12238.254354616355	0
3	3449	12254.476616211967	0
3	3450	12255.376116232894	0
3	3453	12260.287832319856	0
3	3470	12344.350601364063	0
3	3483	12380.969870603585	0
3	3487	12399.78069170198	0
3	3489	12420.896063277815	0
3	3521	12538.947072050653	0
3	3527	12558.051151784458	0
3	3528	12560.137622478283	0
3	3529	12561.074702214716	0
3	3534	12572.080442516666	0
3	3536	12572.843461868003	0
3	3551	12625.089072356183	0
3	3556	12639.495348303924	0
3	3559	12650.802507176329	0
3	3560	12653.518805203036	0
3	3565	12664.724907050673	0
3	3573	12695.141562947291	0
3	3574	12696.833789343786	0
3	3575	12703.808067177614	0
3	3581	12726.58664753656	0
3	3584	12729.448256710907	0
3	3595	12764.401958020865	0
3	3599	12768.482810195855	0
3	3616	12813.048735226555	0
3	3617	12816.392943028012	0
3	3621	12830.11621394073	0
3	3639	12885.573134229889	0
3	3642	12892.762833724501	0
3	3646	12906.636901368308	0
3	3649	12914.093299269104	0
3	3668	12963.013330414724	0
3	3672	12973.831047739732	0
3	3676	12980.068900239216	0
3	3678	12982.152747782788	0
3	3697	13044.662939766322	0
3	3698	13046.227891478797	0
3	3707	13075.167176443371	0
3	3717	13097.110942904077	0
3	3718	13100.485677631389	0
3	3719	13104.56718816353	0
3	3729	13142.414571026761	0
3	3738	13167.126824279702	0
3	3744	13186.462233817216	0
3	3755	13225.725668150266	0
3	3763	13252.750807233361	0
3	3765	13254.973974629269	0
3	3767	13261.496102339757	0
3	3803	13366.136578805443	0
3	3817	13432.300874691	0
3	3818	13433.958786232757	0
3	3819	13437.62659772076	0
3	3823	13443.289023405705	0
3	3831	13466.45315348773	0
3	3839	13501.004085408202	0
3	3841	13504.798185018414	0
3	3844	13514.632744028986	0
3	3847	13519.922725779371	0
3	3856	13545.569156224294	0
3	3865	13560.526945415351	0
3	3866	13561.570968105795	0
3	3874	13589.558628360576	0
3	3897	13652.926340127108	0
3	3908	13681.679307678469	0
3	3914	13710.217974579456	0
3	3917	13719.983955634361	0
3	3921	13730.460880482879	0
3	3925	13746.533613361421	0
3	3934	13757.013923685559	0
3	3938	13771.290958337476	0
3	3946	13808.424070118369	0
3	3951	13823.913735830621	0
3	3952	13832.913432559351	0
3	3954	13839.827222458719	0
3	3958	13850.79318715868	0
3	3960	13854.124326903081	0
3	3973	13892.428239426877	0
3	3981	13922.615535897239	0
3	3997	13970.456420421201	0
3	4018	14046.718687453591	0
3	4022	14053.333482435349	0
3	4023	14055.965273831713	0
3	4026	14058.598027040051	0
3	4043	14114.517943310391	0
3	4045	14121.459668009108	0
3	4049	14134.754300071482	0
3	4052	14146.557924443534	0
3	4056	14152.94075797022	0
3	4063	14165.627469407639	0
3	4070	14191.853401251461	0
3	4076	14209.862252012898	0
3	4098	14275.829851395623	0
3	4099	14285.151153751525	0
3	4108	14325.14279328031	0
3	4115	14346.469642635627	0
3	4118	14353.225750445125	0
3	4122	14366.030896485399	0
3	4130	14398.114906122284	0
3	4140	14440.876780068002	0
3	4144	14446.804119183901	0
3	4146	14450.484937882898	0
3	4153	14477.3054670891	0
3	4167	14516.830244921192	0
3	4171	14527.233767238901	0
3	4188	14582.932554294832	0
3	4200	14618.209599471439	0
3	4201	14619.611745100471	0
3	4212	14654.579351863697	0
3	4214	14660.087740759697	0
3	4216	14675.443919410838	0
3	4218	14677.308918671542	0
3	4223	14691.938859208394	0
3	4225	14695.105387909971	0
3	4231	14718.852746711736	0
3	4243	14753.197208995671	0
3	4254	14785.981251171613	0
3	4255	14786.033603925777	0
3	4263	14800.629251015204	0
3	4265	14803.879050802063	0
3	4278	14825.694504217935	0
3	4281	14832.278827451633	0
3	4291	14875.874337827881	0
3	4294	14882.792611533982	0
3	4298	14886.117850377101	0
3	4307	14906.270851947155	0
3	4312	14916.065692995379	0
3	4327	14935.346302206019	0
3	4333	14963.767297972766	0
3	4334	14963.907378791127	0
3	4349	14992.470265096279	0
3	4356	15012.68652633453	0
3	4365	15024.408714311353	0
3	4370	15037.076990605847	0
3	4372	15039.296049433902	0
3	4396	15114.397117972358	0
3	4402	15123.551893428465	0
3	4404	15125.154511374096	0
3	4405	15126.068682540252	0
3	4422	15163.249157558622	0
3	4425	15176.415246646329	0
3	4432	15193.141483218537	0
3	4435	15211.650750300547	0
3	4460	15264.442049491079	0
3	4467	15283.05977104236	0
3	4470	15294.738206773036	0
3	4480	15325.578673214325	0
3	4487	15334.583250369379	0
3	4495	15358.441953155817	0
3	4502	15379.487600368283	0
3	4503	15380.342996026622	0
3	4518	15410.599889484325	0
3	4519	15415.455432307591	0
3	4522	15424.80927220095	0
3	4526	15434.460779103107	0
3	4530	15448.340078494821	0
3	4531	15449.619926989281	0
3	4540	15468.525769149466	0
3	4547	15488.941249357088	0
3	4555	15505.0007461672	0
3	4574	15569.572710584894	0
3	4583	15601.688136602139	0
3	4603	15654.517036941555	0
3	4607	15669.935103496955	0
3	4609	15675.526607694516	0
3	4616	15706.980097821081	0
3	4619	15713.884583698742	0
3	4633	15769.361070430451	0
3	4634	15771.248420541731	0
3	4639	15796.053619546005	0
3	4643	15817.808804160947	0
3	4648	15835.448150947607	0
3	4651	15858.607465238132	0
3	4662	15893.631909733546	0
3	4669	15921.72486992307	0
3	4674	15933.22448216606	0
3	4706	16062.109532797233	0
3	4710	16076.62233129521	0
3	4711	16092.836678187811	0
3	4720	16128.115387033478	0
3	4726	16147.696191845953	0
3	4736	16193.430004221186	0
3	4738	16205.801709187269	0
3	4739	16206.310467211677	0
3	4743	16216.57865502897	0
3	4747	16231.548075258651	0
3	4780	16381.789065555332	0
3	4810	16491.346425188035	0
3	4812	16495.316612721181	0
3	4813	16513.075033061159	0
3	4818	16517.063294616005	0
3	4838	16587.611284071555	0
3	4841	16591.708517716274	0
3	4847	16613.253332163095	0
3	4853	16621.552402435413	0
3	4858	16643.269628366154	0
3	4864	16647.151869577895	0
3	4865	16650.551158772424	0
3	4868	16664.524428533382	0
3	4870	16670.555009394722	0
3	4877	16699.862345169998	0
3	4892	16744.49715680833	0
3	4897	16749.646071048272	0
3	4904	16769.0592783708	0
3	4909	16797.682440069861	0
3	4916	16811.725018777652	0
3	4921	16830.462315819506	0
3	4923	16834.322577308516	0
3	4932	16866.454729352324	0
3	4933	16870.398042665661	0
3	4938	16892.33914885711	0
3	4953	16938.850549727782	0
3	4968	17004.647052647568	0
3	4972	17016.044271838501	0
3	4992	17110.92778964915	0
3	4999	17138.392767263534	0
3	5009	17183.250253986428	0
3	5010	17187.903323560955	0
3	5021	17226.700802555971	0
3	5025	17239.827995885472	0
3	5033	17266.771388164805	0
3	5035	17271.532708113261	0
3	5039	17298.894264739474	0
3	5041	17306.887068769307	0
3	5046	17320.734829467259	0
3	5061	17363.867224845405	0
3	5076	17403.66633702623	0
3	5086	17433.534310931027	0
3	5088	17435.87703692863	0
3	5092	17447.073483326129	0
3	5095	17453.836796177371	0
3	5097	17457.252644404263	0
3	5098	17465.033707736168	0
3	5099	17465.040406336852	0
3	5109	17486.403778218785	0
3	5112	17494.192217119019	0
3	5121	17524.853600506371	0
3	5122	17525.240555929342	0
3	5132	17551.779859761701	0
3	5154	17616.395423543124	0
3	5156	17619.696025595833	0
3	5166	17656.21244722501	0
3	5173	17673.734545356076	0
3	5187	17717.756281060215	0
3	5191	17725.976404434379	0
3	5193	17745.333363897152	0
3	5204	17781.527344756743	0
3	5210	17798.608443525042	0
3	5213	17810.564142587193	0
3	5236	17909.898942360272	0
3	5248	17965.738304136201	0
3	5254	17982.662783053568	0
3	5260	18000.554719494364	0
3	5274	18061.938998302943	0
3	5275	18064.297869613465	0
3	5280	18080.808959564508	0
3	5282	18085.00239076027	0
3	5284	18087.469161897187	0
3	5295	18123.734497569049	0
3	5297	18126.852151051998	0
3	5311	18188.024792582474	0
3	5314	18190.616978059861	0
3	5317	18212.964134399191	0
3	5326	18237.839471643797	0
3	5336	18280.534189178078	0
3	5338	18285.136679076091	0
3	5344	18302.631406500668	0
3	5347	18316.386368775332	0
3	5348	18316.74496292388	0
3	5350	18320.913902564927	0
3	5353	18330.840267005807	0
3	5359	18347.095998841768	0
3	5376	18421.014871477535	0
3	5389	18453.209136644926	0
3	5392	18476.33208576235	0
3	5395	18493.430625635369	0
3	5397	18495.64765538585	0
3	5401	18515.057109712919	0
3	5402	18522.704638114718	0
3	5413	18547.745893387209	0
3	5414	18548.863170026054	0
3	5423	18590.527489043541	0
3	5433	18630.898845515514	0
3	5437	18646.667502285663	0
3	5447	18671.871569271645	0
3	5454	18711.247286337744	0
3	5474	18782.265812812371	0
3	5478	18799.790922143952	0
3	5486	18839.502257971809	0
3	5493	18855.017928435729	0
3	5495	18862.166955113814	0
3	5496	18864.628912181769	0
3	5509	18914.317902608315	0
3	5514	18931.530804670479	0
3	5515	18933.281237326602	0
3	5519	18944.095937518811	0
3	5520	18944.997843489102	0
3	5529	18982.175699069411	0
3	5541	19020.665839354759	0
3	5550	19049.043095253517	0
3	5551	19068.014718908008	0
3	5557	19083.582845426488	0
3	5563	19108.995072175827	0
3	5564	19114.9387760693	0
3	5565	19117.370851449463	0
3	5581	19180.788114718699	0
3	5584	19187.77548917526	0
3	5587	19196.10560904323	0
3	5589	19210.752986988184	0
3	5597	19235.256287358587	0
3	5610	19285.108340803239	0
3	5615	19301.649024846801	0
3	5628	19346.730441715678	0
3	5633	19360.802376975692	0
3	5649	19448.593869386995	0
3	5654	19488.831990204755	0
3	5657	19494.50629603805	0
3	5688	19619.88652382978	0
3	5692	19629.536385019728	0
3	5696	19644.732102127795	0
3	5705	19673.61337900148	0
3	5713	19700.926722051182	0
3	5720	19724.801470505864	0
3	5725	19735.391798289324	0
3	5726	19742.183348901261	0
3	5730	19748.696213605125	0
3	5742	19802.463446596177	0
3	5745	19815.772646992965	0
3	5766	19866.134176647397	0
3	5767	19867.642679620347	0
3	5773	19886.276509843214	0
3	5803	19987.063685219878	0
3	5804	19988.457760292342	0
4	257	1027.072536252495	3
4	259	1035.124965207214	3
4	263	1048.445412675333	3
4	266	1054.853996299913	3
4	270	1071.716328778086	3
4	274	1083.092821372656	3
4	282	1108.68865867492	3
4	304	1192.755896981144	3
4	305	1194.559374194329	3
4	319	1240.96971121921	3
4	322	1252.274158671408	3
4	324	1252.788061035046	3
4	332	1292.152005844515	3
4	333	1295.080385367936	3
4	337	1308.002024636941	3
4	343	1329.70995430125	3
4	352	1361.69007012153	3
4	364	1412.132464065003	3
4	366	1420.35566313236	3
4	374	1448.262377479632	3
4	380	1475.189282928174	3
4	391	1520.536507829624	3
4	393	1525.909970625898	3
4	394	1528.607024785183	3
4	395	1531.330580074828	3
4	409	1591.828411768382	3
4	412	1607.460257791748	3
4	414	1609.612789468155	3
4	415	1610.731371197763	3
4	425	1650.192652066637	3
4	426	1652.233036361939	3
4	433	1692.805666120706	3
4	434	1693.042982460619	3
4	445	1751.209912214832	3
4	454	1777.330347472953	3
4	467	1819.14149810159	3
4	470	1838.068119495204	3
4	491	1914.820243440202	3
4	505	1958.895109493134	3
4	514	1994.047490573261	3
4	528	2037.486486315634	3
4	533	2045.748258187139	3
4	542	2072.585193953325	3
4	543	2084.871329954572	3
4	544	2085.443099112285	3
4	550	2095.939975665621	3
4	554	2115.30518799576	3
4	557	2120.109478017664	3
4	559	2124.881176368971	3
4	561	2138.875217422673	3
4	568	2149.912191452633	3
4	572	2161.945908897121	3
4	576	2173.328006701945	3
4	603	2245.301538039992	3
4	606	2260.181516427106	3
4	607	2262.510351746113	3
4	612	2271.859459834451	3
4	618	2289.995963561738	3
4	622	2294.658302140167	3
4	624	2298.154177841117	3
4	638	2341.619560316823	3
4	640	2347.892215344248	3
4	651	2371.417034915898	3
4	662	2393.566512011064	3
4	664	2395.368157293658	3
4	670	2414.005912497228	3
4	672	2436.224817641913	3
4	680	2457.9350726752	3
4	689	2479.050547630226	3
4	692	2484.548084007294	3
4	693	2486.262040642255	3
4	699	2497.104430456008	3
4	702	2500.330412118207	3
4	706	2520.030659633563	3
4	709	2541.10076388281	3
4	710	2541.85110508458	3
4	716	2564.279841759385	3
4	718	2569.605671082887	3
4	723	2586.899562046721	3
4	729	2594.683845088523	3
4	730	2598.976230924275	3
4	758	2689.360350142315	3
4	760	2690.183189924113	3
4	763	2696.132530257358	3
4	771	2727.478791945291	3
4	775	2742.306466746822	3
4	782	2766.346220795718	3
4	786	2784.169618477886	3
4	791	2796.733738692374	3
4	809	2858.093674046998	3
4	818	2893.49375052899	3
4	826	2913.255889075578	3
4	834	2953.745868463481	3
4	837	2965.4076776986	3
4	857	3040.724824100325	3
4	858	3044.864405718125	3
4	870	3084.300379189884	3
4	874	3088.015951272034	3
4	876	3097.561944492395	3
4	877	3099.40487711256	3
4	880	3111.141399340032	3
4	886	3138.072541134999	3
4	889	3150.57436231423	3
4	890	3155.146589722993	3
4	891	3159.793186475494	3
4	898	3188.752701867522	3
4	900	3190.429005619266	3
4	904	3205.943840241293	3
4	906	3216.703394625521	3
4	910	3225.016367841349	3
4	912	3227.249240002849	3
4	924	3266.809676300973	3
4	928	3288.838748097161	3
4	942	3319.85828776554	3
4	949	3332.662267994161	3
4	959	3364.190082220468	3
4	968	3393.195213718054	3
4	983	3428.460544084764	3
4	984	3428.710677376279	3
4	995	3464.488621428707	3
4	1014	3520.877241202296	3
4	1029	3564.614863016407	3
4	1030	3565.232531395478	3
4	1033	3571.644212735143	3
4	1050	3633.625864776998	3
4	1053	3643.437720222819	3
4	1064	3684.256074510347	3
4	1066	3690.661268147392	3
4	1070	3709.644766802563	3
4	1074	3723.288102264766	3
4	1084	3746.762189638735	3
4	1086	3763.678919285895	3
4	1088	3770.277439308981	3
4	1098	3792.322221494731	3
4	1110	3839.079967391175	3
4	1113	3866.530858728213	3
4	1115	3869.936901427579	3
4	1117	3875.62836780688	3
4	1120	3887.033186303724	3
4	1129	3920.547078799088	3
4	1133	3938.201261067062	3
4	1146	4000.512163784857	3
4	1156	4040.756633909908	3
4	1168	4081.584740697719	3
4	1174	4117.613335360104	3
4	1177	4127.112244803808	3
4	1195	4191.936741544079	3
4	1205	4225.534760971848	3
4	1206	4228.98301388587	3
4	1209	4241.440946553039	3
4	1218	4277.697317129022	3
4	1231	4319.800236582624	3
4	1232	4320.61683795098	3
4	1238	4345.42322965989	3
4	1243	4366.456488306795	3
4	1246	4380.305385877898	3
4	1251	4409.212984734739	3
4	1254	4420.171007983249	3
4	1264	4452.396845767609	3
4	1265	4452.854706178495	3
4	1267	4467.96248181832	3
4	1288	4558.491331190955	3
4	1298	4608.866299540792	3
4	1304	4631.258134651022	3
4	1314	4680.788078126527	3
4	1319	4703.515875354877	3
4	1341	4780.245115306316	3
4	1346	4794.791347286736	3
4	1347	4795.568496072564	3
4	1348	4804.152696773508	3
4	1350	4810.97591064963	3
4	1352	4818.253128468787	3
4	1357	4837.432695229617	3
4	1361	4853.723382635898	3
4	1362	4857.482418006856	3
4	1365	4871.382533757325	3
4	1366	4871.597192522125	3
4	1374	4887.607979739507	3
4	1375	4891.346033804011	3
4	1384	4926.488990991488	3
4	1387	4936.383076199579	3
4	1392	4953.47842321944	3
4	1400	4974.857867361091	3
4	1402	4982.528126343828	3
4	1403	4983.000736959332	3
4	1429	5062.232436935205	3
4	1432	5066.968826638985	3
4	1444	5110.044310039987	3
4	1452	5138.542919154486	3
4	1455	5142.422456701551	3
4	1466	5186.417554309772	3
4	1473	5206.935505635058	3
4	1491	5247.63019362608	3
4	1494	5262.484005407921	3
4	1518	5339.072044749944	3
4	1522	5346.323154898107	3
4	1529	5391.987305102919	3
4	1531	5394.388073960554	3
4	1538	5425.48274687249	3
4	1563	5496.729027511347	3
4	1568	5526.987174921255	3
4	1572	5537.154461919609	3
4	1573	5543.727789230462	3
4	1576	5546.311232098478	3
4	1618	5687.047508876816	3
4	1619	5692.372225190021	3
4	1627	5724.512462342999	3
4	1630	5730.41792078387	3
4	1633	5733.579823461461	3
4	1641	5757.876682144242	3
4	1642	5757.947140553109	3
4	1643	5759.484620308143	3
4	1650	5783.158183990102	3
4	1657	5810.154978516103	3
4	1658	5824.790180451379	3
4	1659	5826.752820308155	3
4	1661	5832.439077236242	3
4	1667	5847.716853767642	3
4	1678	5882.924231461102	3
4	1683	5896.778544096806	3
4	1684	5902.034106065391	3
4	1698	5958.560616343577	3
4	1701	5975.898261117457	3
4	1725	6041.425656716554	3
4	1729	6053.169638167884	3
4	1743	6109.218034156268	3
4	1745	6119.908985884628	3
4	1749	6130.170367348097	3
4	1757	6151.607212617611	3
4	1763	6184.301307264464	3
4	1767	6193.338247982742	3
4	1768	6194.864855340551	3
4	1780	6245.117225954966	3
4	1781	6246.214459902621	3
4	1788	6291.386530241234	3
4	1792	6308.975498768232	3
4	1811	6388.534378547936	3
4	1815	6399.051330007148	3
4	1823	6420.362017835378	3
4	1824	6420.394190673064	3
4	1827	6435.143054544732	3
4	1828	6437.078288385663	3
4	1836	6479.410006244839	3
4	1852	6531.296227263925	3
4	1866	6590.776811280698	3
4	1873	6608.594987160961	3
4	1877	6616.625191375651	3
4	1880	6620.788290989411	3
4	1883	6628.485702709174	3
4	1889	6659.89843644524	3
4	1891	6669.364501350415	3
4	1892	6669.618604202238	3
4	1904	6702.332930080318	3
4	1909	6716.433476264182	3
4	1922	6771.436051641079	3
4	1927	6784.389063518202	3
4	1930	6794.681084787565	3
4	1933	6801.887583600422	3
4	1936	6810.693294310517	3
4	1950	6839.208650021369	3
4	1976	6925.700253232893	3
4	1981	6947.087903228505	3
4	1984	6956.043270756188	3
4	1989	6980.405116147123	3
4	1996	7012.75050389466	3
4	1999	7019.865831940692	3
4	2003	7022.462974640816	3
4	2006	7024.837118057538	3
4	2024	7085.538494990104	3
4	2025	7090.530843093208	3
4	2028	7109.204110949762	3
4	2048	7138.281139625701	3
4	2052	7151.650865874091	3
4	2054	7157.515033461429	3
4	2062	7176.98453519328	3
4	2072	7222.200935490677	3
4	2073	7223.132146669282	3
4	2075	7224.793430065001	3
4	2094	7263.018444174135	3
4	2103	7321.017074538557	3
4	2105	7323.295801011001	3
4	2110	7328.346180718535	3
4	2113	7336.579804498202	3
4	2118	7345.155547912779	3
4	2123	7376.379048723254	3
4	2127	7397.223890519716	3
4	2136	7435.696928403024	3
4	2142	7443.749735828265	3
4	2150	7478.861956752879	3
4	2159	7531.885767846493	3
4	2162	7541.230540865792	3
4	2163	7541.476697524434	3
4	2176	7601.767521211203	3
4	2185	7647.451498058464	3
4	2198	7693.740570979527	3
4	2202	7724.293460514557	3
4	2205	7740.345168404625	3
4	2212	7765.945755708778	3
4	2215	7771.530058496917	3
4	2220	7789.491642979983	3
4	2229	7828.604211690861	3
4	2231	7841.948633595194	3
4	2233	7845.615322691279	3
4	2242	7868.847987048713	3
4	2248	7885.951047509774	3
4	2251	7896.715030890869	3
4	2256	7900.76649868386	3
4	2272	7960.21046833802	3
4	2281	7987.529267693233	3
4	2285	7997.379627384998	3
4	2287	8000.582170846901	3
4	2297	8031.020155748028	3
4	2299	8035.596827786306	3
4	2323	8119.677556001019	3
4	2327	8127.467955055015	3
4	2333	8138.801985876102	3
4	2340	8163.583565223783	3
4	2350	8206.686094838078	3
4	2354	8221.685405849037	3
4	2359	8231.207060348758	3
4	2365	8250.503429560072	3
4	2367	8254.111771947525	3
4	2372	8283.524857980672	3
4	2393	8353.992367851714	3
4	2399	8403.548002924394	3
4	2405	8428.638493886796	3
4	2412	8451.759558535476	3
4	2413	8452.43227016629	3
4	2428	8531.252219528209	3
4	2432	8552.944685329794	3
4	2440	8584.771689172354	3
4	2445	8610.965531342925	3
4	2457	8666.312904399068	3
4	2461	8684.343230167611	3
4	2468	8708.668917950078	3
4	2477	8757.531292400204	3
4	2484	8774.129876416714	3
4	2501	8817.428356090863	3
4	2514	8877.989658234817	3
4	2517	8885.819662790668	3
4	2538	8960.933199873377	3
4	2553	9020.946388574056	3
4	2564	9054.168259832972	3
4	2573	9092.81952313711	3
4	2577	9099.972593371157	3
4	2579	9128.394894277533	3
4	2581	9136.844150662113	3
4	2582	9137.498686176555	3
4	2584	9146.380293603109	3
4	2586	9148.953528955944	3
4	2589	9153.934336692741	3
4	2596	9182.166787409385	3
4	2597	9185.502872846031	3
4	2600	9197.573495097567	3
4	2609	9250.793761051516	3
4	2616	9267.219871005042	3
4	2624	9302.498941102169	3
4	2627	9332.421867876352	3
4	2655	9442.797276577435	3
4	2661	9458.116821473582	3
4	2662	9459.319593185956	3
4	2669	9477.877009651126	3
4	2676	9517.560083849786	3
4	2688	9565.939388864593	3
4	2710	9631.109757062304	3
4	2719	9670.33486183923	3
4	2728	9699.837496166219	3
4	2740	9729.855339720439	3
4	2744	9741.005414144356	3
4	2751	9774.378225299887	3
4	2752	9776.730577482081	3
4	2759	9809.913025302751	3
4	2763	9825.491797249873	3
4	2767	9828.234778688696	3
4	2769	9831.431507294554	3
4	2777	9872.132551980549	3
4	2784	9882.621219537493	3
4	2788	9904.876599394468	3
4	2793	9916.585974643893	3
4	2804	9949.786561265122	3
4	2817	9986.009662244863	3
4	2818	9986.964583919399	3
4	2826	10025.491039608249	3
4	2833	10058.138901200377	3
4	2841	10082.721043565481	3
4	2853	10132.825588978204	3
4	2858	10162.081723973938	3
4	2866	10179.402308809572	3
4	2876	10215.18878934645	3
4	2881	10244.713643386304	3
4	2884	10263.692178243995	3
4	2899	10308.89831792849	3
4	2903	10312.726212427731	3
4	2913	10351.346268931399	3
4	2915	10354.546222055031	3
4	2922	10377.995465273618	3
4	2925	10381.762053019683	3
4	2931	10398.827124367352	3
4	2937	10413.462972028645	3
4	2943	10433.177915895818	3
4	2946	10453.617791221136	3
4	2955	10482.832500971431	3
4	2956	10483.441305866962	3
4	2964	10505.564946278631	3
4	2968	10520.432970928996	3
4	2973	10539.010335828638	3
4	2975	10555.782482896162	3
4	2978	10562.482502141904	3
4	2996	10630.390364526826	3
4	3007	10672.849599942873	3
4	3008	10677.716414463752	3
4	3033	10838.824746718495	3
4	3034	10842.120303143029	3
4	3059	10965.369718523286	3
4	3060	10971.756975158044	3
4	3061	10971.902889619103	3
4	3064	10977.472047889221	3
4	3071	11017.486084924367	3
4	3078	11032.814422408141	3
4	3083	11050.385546890521	3
4	3084	11067.124534370784	3
4	3086	11067.950884030537	3
4	3091	11075.421077756073	3
4	3097	11089.887213287341	3
4	3124	11169.697148713933	3
4	3131	11185.606772426908	3
4	3132	11186.249076745803	3
4	3137	11203.884332645649	3
4	3143	11225.03134280062	3
4	3145	11231.234628923579	3
4	3146	11233.086803189174	3
4	3147	11233.155140833406	3
4	3151	11242.156138454634	3
4	3152	11244.064207920502	3
4	3153	11246.775007272945	3
4	3156	11259.742089322278	3
4	3158	11268.108120215757	3
4	3176	11312.772762931274	3
4	3203	11377.058667977142	3
4	3206	11390.535001068232	3
4	3212	11406.170738434272	3
4	3213	11408.182578581658	3
4	3217	11426.624102810743	3
4	3221	11436.170329428827	3
4	3222	11437.111173419505	3
4	3224	11438.852956674841	3
4	3230	11446.661836750131	3
4	3239	11474.390366180547	3
4	3265	11545.42835475173	3
4	3273	11560.007232681326	3
4	3275	11572.269548532642	3
4	3288	11605.486471445942	3
4	3289	11605.966795690072	3
4	3294	11630.816177769979	3
4	3300	11646.831843840622	3
4	3309	11659.35314042965	3
4	3311	11670.12883107923	3
4	3318	11687.522503078405	3
4	3320	11698.279858637976	3
4	3325	11711.693741871044	3
4	3327	11731.635583977596	3
4	3342	11775.749967233686	3
4	3350	11801.777339388438	3
4	3354	11816.069443773807	3
4	3356	11836.534670851358	3
4	3358	11839.497631613411	3
4	3360	11842.956117430958	3
4	3371	11879.552414170039	3
4	3386	11943.309626808143	3
4	3389	11947.315752578603	3
4	3390	11965.09996093262	3
4	3392	11981.435454411211	3
4	3395	11994.715042331102	3
4	3404	12038.440256274676	3
4	3419	12113.586716649483	3
4	3420	12116.28651662399	3
4	3433	12169.169666551959	3
4	3438	12208.456604712089	3
4	3442	12231.572121443961	3
4	3444	12238.254354616355	3
4	3449	12254.476616211967	3
4	3450	12255.376116232894	3
4	3453	12260.287832319856	3
4	3470	12344.350601364063	3
4	3483	12380.969870603585	3
4	3487	12399.78069170198	3
4	3489	12420.896063277815	3
4	3521	12538.947072050653	3
4	3527	12558.051151784458	3
4	3528	12560.137622478283	3
4	3529	12561.074702214716	3
4	3534	12572.080442516666	3
4	3536	12572.843461868003	3
4	3551	12625.089072356183	3
4	3556	12639.495348303924	3
4	3559	12650.802507176329	3
4	3560	12653.518805203036	3
4	3565	12664.724907050673	3
4	3573	12695.141562947291	3
4	3574	12696.833789343786	3
4	3575	12703.808067177614	3
4	3581	12726.58664753656	3
4	3584	12729.448256710907	3
4	3595	12764.401958020865	3
4	3599	12768.482810195855	3
4	3616	12813.048735226555	3
4	3617	12816.392943028012	3
4	3621	12830.11621394073	3
4	3639	12885.573134229889	3
4	3642	12892.762833724501	3
4	3646	12906.636901368308	3
4	3649	12914.093299269104	3
4	3668	12963.013330414724	3
4	3672	12973.831047739732	3
4	3676	12980.068900239216	3
4	3678	12982.152747782788	3
4	3697	13044.662939766322	3
4	3698	13046.227891478797	3
4	3707	13075.167176443371	3
4	3717	13097.110942904077	3
4	3718	13100.485677631389	3
4	3719	13104.56718816353	3
4	3729	13142.414571026761	3
4	3738	13167.126824279702	3
4	3744	13186.462233817216	3
4	3755	13225.725668150266	3
4	3763	13252.750807233361	3
4	3765	13254.973974629269	3
4	3767	13261.496102339757	3
4	3803	13366.136578805443	3
4	3817	13432.300874691	3
4	3818	13433.958786232757	3
4	3819	13437.62659772076	3
4	3823	13443.289023405705	3
4	3831	13466.45315348773	3
4	3839	13501.004085408202	3
4	3841	13504.798185018414	3
4	3844	13514.632744028986	3
4	3847	13519.922725779371	3
4	3856	13545.569156224294	3
4	3865	13560.526945415351	3
4	3866	13561.570968105795	3
4	3874	13589.558628360576	3
4	3897	13652.926340127108	3
4	3908	13681.679307678469	3
4	3914	13710.217974579456	3
4	3917	13719.983955634361	3
4	3921	13730.460880482879	3
4	3925	13746.533613361421	3
4	3934	13757.013923685559	3
4	3938	13771.290958337476	3
4	3946	13808.424070118369	3
4	3951	13823.913735830621	3
4	3952	13832.913432559351	3
4	3954	13839.827222458719	3
4	3958	13850.79318715868	3
4	3960	13854.124326903081	3
4	3973	13892.428239426877	3
4	3981	13922.615535897239	3
4	3997	13970.456420421201	3
4	4018	14046.718687453591	3
4	4022	14053.333482435349	3
4	4023	14055.965273831713	3
4	4026	14058.598027040051	3
4	4043	14114.517943310391	3
4	4045	14121.459668009108	3
4	4049	14134.754300071482	3
4	4052	14146.557924443534	3
4	4056	14152.94075797022	3
4	4063	14165.627469407639	3
4	4070	14191.853401251461	3
4	4076	14209.862252012898	3
4	4098	14275.829851395623	3
4	4099	14285.151153751525	3
4	4108	14325.14279328031	3
4	4115	14346.469642635627	3
4	4118	14353.225750445125	3
4	4122	14366.030896485399	3
4	4130	14398.114906122284	3
4	4140	14440.876780068002	3
4	4144	14446.804119183901	3
4	4146	14450.484937882898	3
4	4153	14477.3054670891	3
4	4167	14516.830244921192	3
4	4171	14527.233767238901	3
4	4188	14582.932554294832	3
4	4200	14618.209599471439	3
4	4201	14619.611745100471	3
4	4212	14654.579351863697	3
4	4214	14660.087740759697	3
4	4216	14675.443919410838	3
4	4218	14677.308918671542	3
4	4223	14691.938859208394	3
4	4225	14695.105387909971	3
4	4231	14718.852746711736	3
4	4243	14753.197208995671	3
4	4254	14785.981251171613	3
4	4255	14786.033603925777	3
4	4263	14800.629251015204	3
4	4265	14803.879050802063	3
4	4278	14825.694504217935	3
4	4281	14832.278827451633	3
4	4291	14875.874337827881	3
4	4294	14882.792611533982	3
4	4298	14886.117850377101	3
4	4307	14906.270851947155	3
4	4312	14916.065692995379	3
4	4327	14935.346302206019	3
4	4333	14963.767297972766	3
4	4334	14963.907378791127	3
4	4349	14992.470265096279	3
4	4356	15012.68652633453	3
4	4365	15024.408714311353	3
4	4370	15037.076990605847	3
4	4372	15039.296049433902	3
4	4396	15114.397117972358	3
4	4402	15123.551893428465	3
4	4404	15125.154511374096	3
4	4405	15126.068682540252	3
4	4422	15163.249157558622	3
4	4425	15176.415246646329	3
4	4432	15193.141483218537	3
4	4435	15211.650750300547	3
4	4460	15264.442049491079	3
4	4467	15283.05977104236	3
4	4470	15294.738206773036	3
4	4480	15325.578673214325	3
4	4487	15334.583250369379	3
4	4495	15358.441953155817	3
4	4502	15379.487600368283	3
4	4503	15380.342996026622	3
4	4518	15410.599889484325	3
4	4519	15415.455432307591	3
4	4522	15424.80927220095	3
4	4526	15434.460779103107	3
4	4530	15448.340078494821	3
4	4531	15449.619926989281	3
4	4540	15468.525769149466	3
4	4547	15488.941249357088	3
4	4555	15505.0007461672	3
4	4574	15569.572710584894	3
4	4583	15601.688136602139	3
4	4603	15654.517036941555	3
4	4607	15669.935103496955	3
4	4609	15675.526607694516	3
4	4616	15706.980097821081	3
4	4619	15713.884583698742	3
4	4633	15769.361070430451	3
4	4634	15771.248420541731	3
4	4639	15796.053619546005	3
4	4643	15817.808804160947	3
4	4648	15835.448150947607	3
4	4651	15858.607465238132	3
4	4662	15893.631909733546	3
4	4669	15921.72486992307	3
4	4674	15933.22448216606	3
4	4706	16062.109532797233	3
4	4710	16076.62233129521	3
4	4711	16092.836678187811	3
4	4720	16128.115387033478	3
4	4726	16147.696191845953	3
4	4736	16193.430004221186	3
4	4738	16205.801709187269	3
4	4739	16206.310467211677	3
4	4743	16216.57865502897	3
4	4747	16231.548075258651	3
4	4780	16381.789065555332	3
4	4810	16491.346425188035	3
4	4812	16495.316612721181	3
4	4813	16513.075033061159	3
4	4818	16517.063294616005	3
4	4838	16587.611284071555	3
4	4841	16591.708517716274	3
4	4847	16613.253332163095	3
4	4853	16621.552402435413	3
4	4858	16643.269628366154	3
4	4864	16647.151869577895	3
4	4865	16650.551158772424	3
4	4868	16664.524428533382	3
4	4870	16670.555009394722	3
4	4877	16699.862345169998	3
4	4892	16744.49715680833	3
4	4897	16749.646071048272	3
4	4904	16769.0592783708	3
4	4909	16797.682440069861	3
4	4916	16811.725018777652	3
4	4921	16830.462315819506	3
4	4923	16834.322577308516	3
4	4932	16866.454729352324	3
4	4933	16870.398042665661	3
4	4938	16892.33914885711	3
4	4953	16938.850549727782	3
4	4968	17004.647052647568	3
4	4972	17016.044271838501	3
4	4992	17110.92778964915	3
4	4999	17138.392767263534	3
4	5009	17183.250253986428	3
4	5010	17187.903323560955	3
4	5021	17226.700802555971	3
4	5025	17239.827995885472	3
4	5033	17266.771388164805	3
4	5035	17271.532708113261	3
4	5039	17298.894264739474	3
4	5041	17306.887068769307	3
4	5046	17320.734829467259	3
4	5061	17363.867224845405	3
4	5076	17403.66633702623	3
4	5086	17433.534310931027	3
4	5088	17435.87703692863	3
4	5092	17447.073483326129	3
4	5095	17453.836796177371	3
4	5097	17457.252644404263	3
4	5098	17465.033707736168	3
4	5099	17465.040406336852	3
4	5109	17486.403778218785	3
4	5112	17494.192217119019	3
4	5121	17524.853600506371	3
4	5122	17525.240555929342	3
4	5132	17551.779859761701	3
4	5154	17616.395423543124	3
4	5156	17619.696025595833	3
4	5166	17656.21244722501	3
4	5173	17673.734545356076	3
4	5187	17717.756281060215	3
4	5191	17725.976404434379	3
4	5193	17745.333363897152	3
4	5204	17781.527344756743	3
4	5210	17798.608443525042	3
4	5213	17810.564142587193	3
4	5236	17909.898942360272	3
4	5248	17965.738304136201	3
4	5254	17982.662783053568	3
4	5260	18000.554719494364	3
4	5274	18061.938998302943	3
4	5275	18064.297869613465	3
4	5280	18080.808959564508	3
4	5282	18085.00239076027	3
4	5284	18087.469161897187	3
4	5295	18123.734497569049	3
4	5297	18126.852151051998	3
4	5311	18188.024792582474	3
4	5314	18190.616978059861	3
4	5317	18212.964134399191	3
4	5326	18237.839471643797	3
4	5336	18280.534189178078	3
4	5338	18285.136679076091	3
4	5344	18302.631406500668	3
4	5347	18316.386368775332	3
4	5348	18316.74496292388	3
4	5350	18320.913902564927	3
4	5353	18330.840267005807	3
4	5359	18347.095998841768	3
4	5376	18421.014871477535	3
4	5389	18453.209136644926	3
4	5392	18476.33208576235	3
4	5395	18493.430625635369	3
4	5397	18495.64765538585	3
4	5401	18515.057109712919	3
4	5402	18522.704638114718	3
4	5413	18547.745893387209	3
4	5414	18548.863170026054	3
4	5423	18590.527489043541	3
4	5433	18630.898845515514	3
4	5437	18646.667502285663	3
4	5447	18671.871569271645	3
4	5454	18711.247286337744	3
4	5474	18782.265812812371	3
4	5478	18799.790922143952	3
4	5486	18839.502257971809	3
4	5493	18855.017928435729	3
4	5495	18862.166955113814	3
4	5496	18864.628912181769	3
4	5509	18914.317902608315	3
4	5514	18931.530804670479	3
4	5515	18933.281237326602	3
4	5519	18944.095937518811	3
4	5520	18944.997843489102	3
4	5529	18982.175699069411	3
4	5541	19020.665839354759	3
4	5550	19049.043095253517	3
4	5551	19068.014718908008	3
4	5557	19083.582845426488	3
4	5563	19108.995072175827	3
4	5564	19114.9387760693	3
4	5565	19117.370851449463	3
4	5581	19180.788114718699	3
4	5584	19187.77548917526	3
4	5587	19196.10560904323	3
4	5589	19210.752986988184	3
4	5597	19235.256287358587	3
4	5610	19285.108340803239	3
4	5615	19301.649024846801	3
4	5628	19346.730441715678	3
4	5633	19360.802376975692	3
4	5649	19448.593869386995	3
4	5654	19488.831990204755	3
4	5657	19494.50629603805	3
4	5688	19619.88652382978	3
4	5692	19629.536385019728	3
4	5696	19644.732102127795	3
4	5705	19673.61337900148	3
4	5713	19700.926722051182	3
4	5720	19724.801470505864	3
4	5725	19735.391798289324	3
4	5726	19742.183348901261	3
4	5730	19748.696213605125	3
4	5742	19802.463446596177	3
4	5745	19815.772646992965	3
4	5766	19866.134176647397	3
4	5767	19867.642679620347	3
4	5773	19886.276509843214	3
4	5803	19987.063685219878	3
4	5804	19988.457760292342	3
5	257	1027.072536252495	58676
5	259	1035.124965207214	58660
5	263	1048.445412675333	58678
5	266	1054.853996299913	58668
5	270	1071.716328778086	58672
5	274	1083.092821372656	58674
5	282	1108.68865867492	58666
5	304	1192.755896981144	58686
5	305	1194.559374194329	58687
5	319	1240.96971121921	58684
5	322	1252.274158671408	58671
5	324	1252.788061035046	58685
5	332	1292.152005844515	58691
5	333	1295.080385367936	58692
5	337	1308.002024636941	58693
5	343	1329.70995430125	58683
5	352	1361.69007012153	58697
5	364	1412.132464065003	58688
5	366	1420.35566313236	58689
5	374	1448.262377479632	58696
5	380	1475.189282928174	58704
5	391	1520.536507829624	58694
5	393	1525.909970625898	58695
5	394	1528.607024785183	58700
5	395	1531.330580074828	58707
5	409	1591.828411768382	58710
5	412	1607.460257791748	58711
5	414	1609.612789468155	58705
5	415	1610.731371197763	58706
5	425	1650.192652066637	58702
5	426	1652.233036361939	58713
5	433	1692.805666120706	58709
5	434	1693.042982460619	58699
5	445	1751.209912214832	58708
5	454	1777.330347472953	58715
5	467	1819.14149810159	58717
5	470	1838.068119495204	58721
5	491	1914.820243440202	58727
5	505	1958.895109493134	58718
5	514	1994.047490573261	58734
5	528	2037.486486315634	58737
5	533	2045.748258187139	58739
5	542	2072.585193953325	58724
5	543	2084.871329954572	58725
5	544	2085.443099112285	58733
5	550	2095.939975665621	58740
5	554	2115.30518799576	58735
5	557	2120.109478017664	58743
5	559	2124.881176368971	58728
5	561	2138.875217422673	58744
5	568	2149.912191452633	58730
5	572	2161.945908897121	58722
5	576	2173.328006701945	58732
5	603	2245.301538039992	58752
5	606	2260.181516427106	58745
5	607	2262.510351746113	58731
5	612	2271.859459834451	58754
5	618	2289.995963561738	58746
5	622	2294.658302140167	58748
5	624	2298.154177841117	58749
5	638	2341.619560316823	58751
5	640	2347.892215344248	58738
5	651	2371.417034915898	58762
5	662	2393.566512011064	58766
5	664	2395.368157293658	58767
5	670	2414.005912497228	58750
5	672	2436.224817641913	58758
5	680	2457.9350726752	58769
5	689	2479.050547630226	58772
5	692	2484.548084007294	58755
5	693	2486.262040642255	58765
5	699	2497.104430456008	58747
5	702	2500.330412118207	58775
5	706	2520.030659633563	58776
5	709	2541.10076388281	58768
5	710	2541.85110508458	58777
5	716	2564.279841759385	58771
5	718	2569.605671082887	58760
5	723	2586.899562046721	58764
5	729	2594.683845088523	58780
5	730	2598.976230924275	58781
5	758	2689.360350142315	58773
5	760	2690.183189924113	58778
5	763	2696.132530257358	58774
5	771	2727.478791945291	58782
5	775	2742.306466746822	58787
5	782	2766.346220795718	58788
5	786	2784.169618477886	58791
5	791	2796.733738692374	58779
5	809	2858.093674046998	58795
5	818	2893.49375052899	58796
5	826	2913.255889075578	58784
5	834	2953.745868463481	58793
5	837	2965.4076776986	58799
5	857	3040.724824100325	58798
5	858	3044.864405718125	58785
5	870	3084.300379189884	58800
5	874	3088.015951272034	58808
5	876	3097.561944492395	58809
5	877	3099.40487711256	58810
5	880	3111.141399340032	58811
5	886	3138.072541134999	58804
5	889	3150.57436231423	58812
5	890	3155.146589722993	58813
5	891	3159.793186475494	58814
5	898	3188.752701867522	58806
5	900	3190.429005619266	58807
5	904	3205.943840241293	58802
5	906	3216.703394625521	58797
5	910	3225.016367841349	58817
5	912	3227.249240002849	58818
5	924	3266.809676300973	58819
5	928	3288.838748097161	58816
5	942	3319.85828776554	58821
5	949	3332.662267994161	58824
5	959	3364.190082220468	58828
5	968	3393.195213718054	58820
5	983	3428.460544084764	58823
5	984	3428.710677376279	58834
5	995	3464.488621428707	58827
5	1014	3520.877241202296	58832
5	1029	3564.614863016407	58826
5	1030	3565.232531395478	58845
5	1033	3571.644212735143	58829
5	1050	3633.625864776998	58822
5	1053	3643.437720222819	58842
5	1064	3684.256074510347	58846
5	1066	3690.661268147392	58837
5	1070	3709.644766802563	58847
5	1074	3723.288102264766	58849
5	1084	3746.762189638735	58835
5	1086	3763.678919285895	58843
5	1088	3770.277439308981	58836
5	1098	3792.322221494731	58851
5	1110	3839.079967391175	58857
5	1113	3866.530858728213	58853
5	1115	3869.936901427579	58859
5	1117	3875.62836780688	58860
5	1120	3887.033186303724	58861
5	1129	3920.547078799088	58855
5	1133	3938.201261067062	58856
5	1146	4000.512163784857	58864
5	1156	4040.756633909908	58862
5	1168	4081.584740697719	58867
5	1174	4117.613335360104	58865
5	1177	4127.112244803808	58866
5	1195	4191.936741544079	58863
5	1205	4225.534760971848	58878
5	1206	4228.98301388587	58869
5	1209	4241.440946553039	58870
5	1218	4277.697317129022	58875
5	1231	4319.800236582624	58887
5	1232	4320.61683795098	58888
5	1238	4345.42322965989	58880
5	1243	4366.456488306795	58872
5	1246	4380.305385877898	58881
5	1251	4409.212984734739	58884
5	1254	4420.171007983249	58886
5	1264	4452.396845767609	58891
5	1265	4452.854706178495	58889
5	1267	4467.96248181832	58871
5	1288	4558.491331190955	58895
5	1298	4608.866299540792	58883
5	1304	4631.258134651022	58893
5	1314	4680.788078126527	58900
5	1319	4703.515875354877	58896
5	1341	4780.245115306316	58892
5	1346	4794.791347286736	58901
5	1347	4795.568496072564	58906
5	1348	4804.152696773508	58907
5	1350	4810.97591064963	58902
5	1352	4818.253128468787	58897
5	1357	4837.432695229617	58910
5	1361	4853.723382635898	58912
5	1362	4857.482418006856	58913
5	1365	4871.382533757325	58914
5	1366	4871.597192522125	58904
5	1374	4887.607979739507	58905
5	1375	4891.346033804011	58917
5	1384	4926.488990991488	58908
5	1387	4936.383076199579	58909
5	1392	4953.47842321944	58898
5	1400	4974.857867361091	58922
5	1402	4982.528126343828	58899
5	1403	4983.000736959332	58923
5	1429	5062.232436935205	58928
5	1432	5066.968826638985	58921
5	1444	5110.044310039987	58929
5	1452	5138.542919154486	58926
5	1455	5142.422456701551	58933
5	1466	5186.417554309772	58915
5	1473	5206.935505635058	58936
5	1491	5247.63019362608	58934
5	1494	5262.484005407921	58940
5	1518	5339.072044749944	58925
5	1522	5346.323154898107	58939
5	1529	5391.987305102919	58941
5	1531	5394.388073960554	58943
5	1538	5425.48274687249	58937
5	1563	5496.729027511347	58942
5	1568	5526.987174921255	58953
5	1572	5537.154461919609	58955
5	1573	5543.727789230462	58946
5	1576	5546.311232098478	58957
5	1618	5687.047508876816	58962
5	1619	5692.372225190021	58951
5	1627	5724.512462342999	58948
5	1630	5730.41792078387	58964
5	1633	5733.579823461461	58954
5	1641	5757.876682144242	58958
5	1642	5757.947140553109	58959
5	1643	5759.484620308143	58966
5	1650	5783.158183990102	58961
5	1657	5810.154978516103	58970
5	1658	5824.790180451379	58975
5	1659	5826.752820308155	58976
5	1661	5832.439077236242	58977
5	1667	5847.716853767642	58971
5	1678	5882.924231461102	58972
5	1683	5896.778544096806	58973
5	1684	5902.034106065391	58963
5	1698	5958.560616343577	58979
5	1701	5975.898261117457	58980
5	1725	6041.425656716554	58985
5	1729	6053.169638167884	58987
5	1743	6109.218034156268	58994
5	1745	6119.908985884628	58983
5	1749	6130.170367348097	58997
5	1757	6151.607212617611	58986
5	1763	6184.301307264464	58990
5	1767	6193.338247982742	58981
5	1768	6194.864855340551	58992
5	1780	6245.117225954966	58999
5	1781	6246.214459902621	59003
5	1788	6291.386530241234	58982
5	1792	6308.975498768232	58993
5	1811	6388.534378547936	58989
5	1815	6399.051330007148	59000
5	1823	6420.362017835378	59006
5	1824	6420.394190673064	59004
5	1827	6435.143054544732	59001
5	1828	6437.078288385663	58996
5	1836	6479.410006244839	59009
5	1852	6531.296227263925	59014
5	1866	6590.776811280698	59010
5	1873	6608.594987160961	59011
5	1877	6616.625191375651	59012
5	1880	6620.788290989411	59013
5	1883	6628.485702709174	59019
5	1889	6659.89843644524	59008
5	1891	6669.364501350415	59022
5	1892	6669.618604202238	59023
5	1904	6702.332930080318	59017
5	1909	6716.433476264182	59032
5	1922	6771.436051641079	59021
5	1927	6784.389063518202	59025
5	1930	6794.681084787565	59016
5	1933	6801.887583600422	59027
5	1936	6810.693294310517	59029
5	1950	6839.208650021369	59034
5	1976	6925.700253232893	59037
5	1981	6947.087903228505	59043
5	1984	6956.043270756188	59038
5	1989	6980.405116147123	59035
5	1996	7012.75050389466	59046
5	1999	7019.865831940692	59030
5	2003	7022.462974640816	59031
5	2006	7024.837118057538	59041
5	2024	7085.538494990104	59045
5	2025	7090.530843093208	59050
5	2028	7109.204110949762	59051
5	2048	7138.281139625701	59057
5	2052	7151.650865874091	59048
5	2054	7157.515033461429	59060
5	2062	7176.98453519328	59062
5	2072	7222.200935490677	59065
5	2073	7223.132146669282	59053
5	2075	7224.793430065001	59055
5	2094	7263.018444174135	59071
5	2103	7321.017074538557	59064
5	2105	7323.295801011001	59052
5	2110	7328.346180718535	59066
5	2113	7336.579804498202	59068
5	2118	7345.155547912779	59076
5	2123	7376.379048723254	59073
5	2127	7397.223890519716	59063
5	2136	7435.696928403024	59067
5	2142	7443.749735828265	59075
5	2150	7478.861956752879	59072
5	2159	7531.885767846493	59080
5	2162	7541.230540865792	59081
5	2163	7541.476697524434	59082
5	2176	7601.767521211203	59074
5	2185	7647.451498058464	59086
5	2198	7693.740570979527	59085
5	2202	7724.293460514557	59088
5	2205	7740.345168404625	59091
5	2212	7765.945755708778	59093
5	2215	7771.530058496917	59094
5	2220	7789.491642979983	59097
5	2229	7828.604211690861	59089
5	2231	7841.948633595194	59090
5	2233	7845.615322691279	59100
5	2242	7868.847987048713	59092
5	2248	7885.951047509774	59103
5	2251	7896.715030890869	59098
5	2256	7900.76649868386	59099
5	2272	7960.21046833802	59110
5	2281	7987.529267693233	59095
5	2285	7997.379627384998	59112
5	2287	8000.582170846901	59104
5	2297	8031.020155748028	59107
5	2299	8035.596827786306	59108
5	2323	8119.677556001019	59115
5	2327	8127.467955055015	59106
5	2333	8138.801985876102	59119
5	2340	8163.583565223783	59109
5	2350	8206.686094838078	59113
5	2354	8221.685405849037	59126
5	2359	8231.207060348758	59116
5	2365	8250.503429560072	59120
5	2367	8254.111771947525	59121
5	2372	8283.524857980672	59111
5	2393	8353.992367851714	59130
5	2399	8403.548002924394	59123
5	2405	8428.638493886796	59131
5	2412	8451.759558535476	59134
5	2413	8452.43227016629	59135
5	2428	8531.252219528209	59137
5	2432	8552.944685329794	59129
5	2440	8584.771689172354	59142
5	2445	8610.965531342925	59145
5	2457	8666.312904399068	59139
5	2461	8684.343230167611	59140
5	2468	8708.668917950078	59136
5	2477	8757.531292400204	59150
5	2484	8774.129876416714	59151
5	2501	8817.428356090863	59148
5	2514	8877.989658234817	59152
5	2517	8885.819662790668	59162
5	2538	8960.933199873377	59157
5	2553	9020.946388574056	59147
5	2564	9054.168259832972	59169
5	2573	9092.81952313711	59153
5	2577	9099.972593371157	59163
5	2579	9128.394894277533	59171
5	2581	9136.844150662113	59166
5	2582	9137.498686176555	59155
5	2584	9146.380293603109	59172
5	2586	9148.953528955944	59168
5	2589	9153.934336692741	59173
5	2596	9182.166787409385	59159
5	2597	9185.502872846031	59175
5	2600	9197.573495097567	59176
5	2609	9250.793761051516	59167
5	2616	9267.219871005042	59182
5	2624	9302.498941102169	59177
5	2627	9332.421867876352	59178
5	2655	9442.797276577435	59187
5	2661	9458.116821473582	59184
5	2662	9459.319593185956	59181
5	2669	9477.877009651126	59185
5	2676	9517.560083849786	59191
5	2688	9565.939388864593	59195
5	2710	9631.109757062304	59194
5	2719	9670.33486183923	59196
5	2728	9699.837496166219	59190
5	2740	9729.855339720439	59193
5	2744	9741.005414144356	59199
5	2751	9774.378225299887	59201
5	2752	9776.730577482081	59211
5	2759	9809.913025302751	59204
5	2763	9825.491797249873	59206
5	2767	9828.234778688696	59215
5	2769	9831.431507294554	59192
5	2777	9872.132551980549	59200
5	2784	9882.621219537493	59202
5	2788	9904.876599394468	59203
5	2793	9916.585974643893	59214
5	2804	9949.786561265122	59209
5	2817	9986.009662244863	59212
5	2818	9986.964583919399	59224
5	2826	10025.491039608249	59217
5	2833	10058.138901200377	59219
5	2841	10082.721043565481	59221
5	2853	10132.825588978204	59218
5	2858	10162.081723973938	59228
5	2866	10179.402308809572	59230
5	2876	10215.18878934645	59225
5	2881	10244.713643386304	59233
5	2884	10263.692178243995	59237
5	2899	10308.89831792849	59242
5	2903	10312.726212427731	59244
5	2913	10351.346268931399	59247
5	2915	10354.546222055031	59236
5	2922	10377.995465273618	59238
5	2925	10381.762053019683	59234
5	2931	10398.827124367352	59251
5	2937	10413.462972028645	59243
5	2943	10433.177915895818	59246
5	2946	10453.617791221136	59255
5	2955	10482.832500971431	59239
5	2956	10483.441305866962	59240
5	2964	10505.564946278631	59241
5	2968	10520.432970928996	59252
5	2973	10539.010335828638	59254
5	2975	10555.782482896162	59260
5	2978	10562.482502141904	59256
5	2996	10630.390364526826	59262
5	3007	10672.849599942873	59261
5	3008	10677.716414463752	59264
5	3033	10838.824746718495	59265
5	3034	10842.120303143029	59266
5	3059	10965.369718523286	59274
5	3060	10971.756975158044	59275
5	3061	10971.902889619103	59263
5	3064	10977.472047889221	59267
5	3071	11017.486084924367	59277
5	3078	11032.814422408141	59279
5	3083	11050.385546890521	59270
5	3084	11067.124534370784	59272
5	3086	11067.950884030537	59273
5	3091	11075.421077756073	59281
5	3097	11089.887213287341	59282
5	3124	11169.697148713933	59292
5	3131	11185.606772426908	59293
5	3132	11186.249076745803	59294
5	3137	11203.884332645649	59296
5	3143	11225.03134280062	59298
5	3145	11231.234628923579	59286
5	3146	11233.086803189174	59287
5	3147	11233.155140833406	59288
5	3151	11242.156138454634	59300
5	3152	11244.064207920502	59290
5	3153	11246.775007272945	59280
5	3156	11259.742089322278	59302
5	3158	11268.108120215757	59304
5	3176	11312.772762931274	59297
5	3203	11377.058667977142	59305
5	3206	11390.535001068232	59310
5	3212	11406.170738434272	59306
5	3213	11408.182578581658	59313
5	3217	11426.624102810743	59307
5	3221	11436.170329428827	59314
5	3222	11437.111173419505	59285
5	3224	11438.852956674841	59315
5	3230	11446.661836750131	59299
5	3239	11474.390366180547	59320
5	3265	11545.42835475173	59317
5	3273	11560.007232681326	59301
5	3275	11572.269548532642	59303
5	3288	11605.486471445942	59311
5	3289	11605.966795690072	59312
5	3294	11630.816177769979	59328
5	3300	11646.831843840622	59316
5	3309	11659.35314042965	59333
5	3311	11670.12883107923	59319
5	3318	11687.522503078405	59308
5	3320	11698.279858637976	59325
5	3325	11711.693741871044	59322
5	3327	11731.635583977596	59327
5	3342	11775.749967233686	59334
5	3350	11801.777339388438	59326
5	3354	11816.069443773807	59340
5	3356	11836.534670851358	59341
5	3358	11839.497631613411	59329
5	3360	11842.956117430958	59337
5	3371	11879.552414170039	59335
5	3386	11943.309626808143	59342
5	3389	11947.315752578603	59346
5	3390	11965.09996093262	59332
5	3392	11981.435454411211	59343
5	3395	11994.715042331102	59347
5	3404	12038.440256274676	59349
5	3419	12113.586716649483	59348
5	3420	12116.28651662399	59350
5	3433	12169.169666551959	59354
5	3438	12208.456604712089	59344
5	3442	12231.572121443961	59356
5	3444	12238.254354616355	59351
5	3449	12254.476616211967	59345
5	3450	12255.376116232894	59352
5	3453	12260.287832319856	59353
5	3470	12344.350601364063	59364
5	3483	12380.969870603585	59367
5	3487	12399.78069170198	59361
5	3489	12420.896063277815	59370
5	3521	12538.947072050653	59363
5	3527	12558.051151784458	59357
5	3528	12560.137622478283	59376
5	3529	12561.074702214716	59372
5	3534	12572.080442516666	59378
5	3536	12572.843461868003	59379
5	3551	12625.089072356183	59383
5	3556	12639.495348303924	59384
5	3559	12650.802507176329	59385
5	3560	12653.518805203036	59375
5	3565	12664.724907050673	59377
5	3573	12695.141562947291	59373
5	3574	12696.833789343786	59389
5	3575	12703.808067177614	59369
5	3581	12726.58664753656	59382
5	3584	12729.448256710907	59394
5	3595	12764.401958020865	59386
5	3599	12768.482810195855	59396
5	3616	12813.048735226555	59391
5	3617	12816.392943028012	59398
5	3621	12830.11621394073	59393
5	3639	12885.573134229889	59387
5	3642	12892.762833724501	59381
5	3646	12906.636901368308	59406
5	3649	12914.093299269104	59397
5	3668	12963.013330414724	59401
5	3672	12973.831047739732	59403
5	3676	12980.068900239216	59409
5	3678	12982.152747782788	59410
5	3697	13044.662939766322	59399
5	3698	13046.227891478797	59415
5	3707	13075.167176443371	59417
5	3717	13097.110942904077	59419
5	3718	13100.485677631389	59405
5	3719	13104.56718816353	59420
5	3729	13142.414571026761	59414
5	3738	13167.126824279702	59400
5	3744	13186.462233817216	59404
5	3755	13225.725668150266	59407
5	3763	13252.750807233361	59426
5	3765	13254.973974629269	59427
5	3767	13261.496102339757	59428
5	3803	13366.136578805443	59416
5	3817	13432.300874691	59421
5	3818	13433.958786232757	59435
5	3819	13437.62659772076	59422
5	3823	13443.289023405705	59432
5	3831	13466.45315348773	59434
5	3839	13501.004085408202	59440
5	3841	13504.798185018414	59425
5	3844	13514.632744028986	59430
5	3847	13519.922725779371	59442
5	3856	13545.569156224294	59436
5	3865	13560.526945415351	59433
5	3866	13561.570968105795	59447
5	3874	13589.558628360576	59449
5	3897	13652.926340127108	59456
5	3908	13681.679307678469	59448
5	3914	13710.217974579456	59441
5	3917	13719.983955634361	59451
5	3921	13730.460880482879	59452
5	3925	13746.533613361421	59463
5	3934	13757.013923685559	59457
5	3938	13771.290958337476	59464
5	3946	13808.424070118369	59460
5	3951	13823.913735830621	59461
5	3952	13832.913432559351	59462
5	3954	13839.827222458719	59443
5	3958	13850.79318715868	59466
5	3960	13854.124326903081	59454
5	3973	13892.428239426877	59459
5	3981	13922.615535897239	59450
5	3997	13970.456420421201	59468
5	4018	14046.718687453591	59477
5	4022	14053.333482435349	59479
5	4023	14055.965273831713	59471
5	4026	14058.598027040051	59472
5	4043	14114.517943310391	59475
5	4045	14121.459668009108	59476
5	4049	14134.754300071482	59483
5	4052	14146.557924443534	59484
5	4056	14152.94075797022	59486
5	4063	14165.627469407639	59467
5	4070	14191.853401251461	59491
5	4076	14209.862252012898	59474
5	4098	14275.829851395623	59488
5	4099	14285.151153751525	59489
5	4108	14325.14279328031	59494
5	4115	14346.469642635627	59499
5	4118	14353.225750445125	59485
5	4122	14366.030896485399	59500
5	4130	14398.114906122284	59497
5	4140	14440.876780068002	59502
5	4144	14446.804119183901	59498
5	4146	14450.484937882898	59495
5	4153	14477.3054670891	59487
5	4167	14516.830244921192	59493
5	4171	14527.233767238901	59508
5	4188	14582.932554294832	59503
5	4200	14618.209599471439	59505
5	4201	14619.611745100471	59519
5	4212	14654.579351863697	59511
5	4214	14660.087740759697	59512
5	4216	14675.443919410838	59521
5	4218	14677.308918671542	59523
5	4223	14691.938859208394	59513
5	4225	14695.105387909971	59515
5	4231	14718.852746711736	59518
5	4243	14753.197208995671	59526
5	4254	14785.981251171613	59524
5	4255	14786.033603925777	59528
5	4263	14800.629251015204	59516
5	4265	14803.879050802063	59517
5	4278	14825.694504217935	59532
5	4281	14832.278827451633	59507
5	4291	14875.874337827881	59527
5	4294	14882.792611533982	59535
5	4298	14886.117850377101	59537
5	4307	14906.270851947155	59539
5	4312	14916.065692995379	59542
5	4327	14935.346302206019	59546
5	4333	14963.767297972766	59520
5	4334	14963.907378791127	59549
5	4349	14992.470265096279	59525
5	4356	15012.68652633453	59541
5	4365	15024.408714311353	59553
5	4370	15037.076990605847	59533
5	4372	15039.296049433902	59547
5	4396	15114.397117972358	59540
5	4402	15123.551893428465	59551
5	4404	15125.154511374096	59552
5	4405	15126.068682540252	59544
5	4422	15163.249157558622	59565
5	4425	15176.415246646329	59559
5	4432	15193.141483218537	59536
5	4435	15211.650750300547	59568
5	4460	15264.442049491079	59574
5	4467	15283.05977104236	59566
5	4470	15294.738206773036	59567
5	4480	15325.578673214325	59562
5	4487	15334.583250369379	59555
5	4495	15358.441953155817	59557
5	4502	15379.487600368283	59558
5	4503	15380.342996026622	59575
5	4518	15410.599889484325	59577
5	4519	15415.455432307591	59585
5	4522	15424.80927220095	59587
5	4526	15434.460779103107	59578
5	4530	15448.340078494821	59580
5	4531	15449.619926989281	59563
5	4540	15468.525769149466	59564
5	4547	15488.941249357088	59582
5	4555	15505.0007461672	59576
5	4574	15569.572710584894	59589
5	4583	15601.688136602139	59591
5	4603	15654.517036941555	59599
5	4607	15669.935103496955	59596
5	4609	15675.526607694516	59597
5	4616	15706.980097821081	59593
5	4619	15713.884583698742	59594
5	4633	15769.361070430451	59588
5	4634	15771.248420541731	59595
5	4639	15796.053619546005	59598
5	4643	15817.808804160947	59600
5	4648	15835.448150947607	59602
5	4651	15858.607465238132	59610
5	4662	15893.631909733546	59605
5	4669	15921.72486992307	59607
5	4674	15933.22448216606	59608
5	4706	16062.109532797233	59621
5	4710	16076.62233129521	59613
5	4711	16092.836678187811	59614
5	4720	16128.115387033478	59611
5	4726	16147.696191845953	59619
5	4736	16193.430004221186	59625
5	4738	16205.801709187269	59622
5	4739	16206.310467211677	59626
5	4743	16216.57865502897	59627
5	4747	16231.548075258651	59616
5	4780	16381.789065555332	59629
5	4810	16491.346425188035	59634
5	4812	16495.316612721181	59635
5	4813	16513.075033061159	59630
5	4818	16517.063294616005	59631
5	4838	16587.611284071555	59649
5	4841	16591.708517716274	59650
5	4847	16613.253332163095	59651
5	4853	16621.552402435413	59644
5	4858	16643.269628366154	59653
5	4864	16647.151869577895	59646
5	4865	16650.551158772424	59642
5	4868	16664.524428533382	59655
5	4870	16670.555009394722	59648
5	4877	16699.862345169998	59657
5	4892	16744.49715680833	59638
5	4897	16749.646071048272	59640
5	4904	16769.0592783708	59656
5	4909	16797.682440069861	59643
5	4916	16811.725018777652	59659
5	4921	16830.462315819506	59660
5	4923	16834.322577308516	59665
5	4932	16866.454729352324	59667
5	4933	16870.398042665661	59647
5	4938	16892.33914885711	59668
5	4953	16938.850549727782	59661
5	4968	17004.647052647568	59673
5	4972	17016.044271838501	59663
5	4992	17110.92778964915	59669
5	4999	17138.392767263534	59670
5	5009	17183.250253986428	59680
5	5010	17187.903323560955	59672
5	5021	17226.700802555971	59678
5	5025	17239.827995885472	59679
5	5033	17266.771388164805	59687
5	5035	17271.532708113261	59677
5	5039	17298.894264739474	59688
5	5041	17306.887068769307	59682
5	5046	17320.734829467259	59684
5	5061	17363.867224845405	59686
5	5076	17403.66633702623	59681
5	5086	17433.534310931027	59692
5	5088	17435.87703692863	59693
5	5092	17447.073483326129	59695
5	5095	17453.836796177371	59701
5	5097	17457.252644404263	59702
5	5098	17465.033707736168	59703
5	5099	17465.040406336852	59704
5	5109	17486.403778218785	59698
5	5112	17494.192217119019	59708
5	5121	17524.853600506371	59683
5	5122	17525.240555929342	59691
5	5132	17551.779859761701	59699
5	5154	17616.395423543124	59689
5	5156	17619.696025595833	59710
5	5166	17656.21244722501	59700
5	5173	17673.734545356076	59697
5	5187	17717.756281060215	59720
5	5191	17725.976404434379	59721
5	5193	17745.333363897152	59712
5	5204	17781.527344756743	59722
5	5210	17798.608443525042	59724
5	5213	17810.564142587193	59716
5	5236	17909.898942360272	59729
5	5248	17965.738304136201	59725
5	5254	17982.662783053568	59719
5	5260	18000.554719494364	59723
5	5274	18061.938998302943	59741
5	5275	18064.297869613465	59742
5	5280	18080.808959564508	59743
5	5282	18085.00239076027	59735
5	5284	18087.469161897187	59736
5	5295	18123.734497569049	59730
5	5297	18126.852151051998	59739
5	5311	18188.024792582474	59747
5	5314	18190.616978059861	59737
5	5317	18212.964134399191	59744
5	5326	18237.839471643797	59751
5	5336	18280.534189178078	59733
5	5338	18285.136679076091	59734
5	5344	18302.631406500668	59753
5	5347	18316.386368775332	59749
5	5348	18316.74496292388	59754
5	5350	18320.913902564927	59755
5	5353	18330.840267005807	59745
5	5359	18347.095998841768	59758
5	5376	18421.014871477535	59763
5	5389	18453.209136644926	59759
5	5392	18476.33208576235	59760
5	5395	18493.430625635369	59765
5	5397	18495.64765538585	59752
5	5401	18515.057109712919	59748
5	5402	18522.704638114718	59762
5	5413	18547.745893387209	59756
5	5414	18548.863170026054	59757
5	5423	18590.527489043541	59761
5	5433	18630.898845515514	59773
5	5437	18646.667502285663	59768
5	5447	18671.871569271645	59764
5	5454	18711.247286337744	59772
5	5474	18782.265812812371	59770
5	5478	18799.790922143952	59771
5	5486	18839.502257971809	59783
5	5493	18855.017928435729	59769
5	5495	18862.166955113814	59776
5	5496	18864.628912181769	59777
5	5509	18914.317902608315	59787
5	5514	18931.530804670479	59782
5	5515	18933.281237326602	59788
5	5519	18944.095937518811	59791
5	5520	18944.997843489102	59792
5	5529	18982.175699069411	59785
5	5541	19020.665839354759	59796
5	5550	19049.043095253517	59798
5	5551	19068.014718908008	59779
5	5557	19083.582845426488	59784
5	5563	19108.995072175827	59793
5	5564	19114.9387760693	59794
5	5565	19117.370851449463	59795
5	5581	19180.788114718699	59804
5	5584	19187.77548917526	59800
5	5587	19196.10560904323	59802
5	5589	19210.752986988184	59786
5	5597	19235.256287358587	59805
5	5610	19285.108340803239	59799
5	5615	19301.649024846801	59808
5	5628	19346.730441715678	59812
5	5633	19360.802376975692	59813
5	5649	19448.593869386995	59806
5	5654	19488.831990204755	59803
5	5657	19494.50629603805	59817
5	5688	19619.88652382978	59823
5	5692	19629.536385019728	59814
5	5696	19644.732102127795	59811
5	5705	19673.61337900148	59827
5	5713	19700.926722051182	59830
5	5720	19724.801470505864	59818
5	5725	19735.391798289324	59819
5	5726	19742.183348901261	59833
5	5730	19748.696213605125	59820
5	5742	19802.463446596177	59821
5	5745	19815.772646992965	59822
5	5766	19866.134176647397	59836
5	5767	19867.642679620347	59837
5	5773	19886.276509843214	59829
5	5803	19987.063685219878	59849
5	5804	19988.457760292342	59838
6	265	1053.136456789692	0
6	267	1056.971284949395	0
6	268	1058.126977147035	0
6	278	1095.02367115146	0
6	287	1130.072536252495	0
6	294	1151.445412675333	0
6	334	1295.755896981144	0
6	335	1297.559374194329	0
6	350	1355.788061035046	0
6	353	1363.754693061988	0
6	356	1384.042982460619	0
6	363	1411.002024636941	0
6	371	1444.162709907427	0
6	377	1464.69007012153	0
6	390	1515.132464065003	0
6	392	1523.35566313236	0
6	406	1578.189282928174	0
6	422	1634.330580074828	0
6	436	1700.814215962335	0
6	437	1710.460257791748	0
6	440	1713.731371197763	0
6	449	1753.192652066637	0
6	450	1755.233036361939	0
6	458	1792.719247156606	0
6	472	1852.945908897121	0
6	474	1854.209912214832	0
6	478	1859.67735622868	0
6	482	1880.330347472953	0
6	484	1885.337323971667	0
6	494	1922.14149810159	0
6	499	1941.068119495204	0
6	502	1953.510351746113	0
6	520	2014.352782290156	0
6	521	2017.820243440202	0
6	530	2038.892215344248	0
6	538	2061.895109493134	0
6	551	2097.047490573261	0
6	552	2104.684389818541	0
6	562	2140.486486315634	0
6	580	2187.871329954572	0
6	581	2188.104430456008	0
6	586	2198.939975665621	0
6	592	2218.30518799576	0
6	595	2223.109478017664	0
6	596	2227.881176368971	0
6	600	2241.875217422673	0
6	605	2252.912191452633	0
6	614	2276.328006701945	0
6	637	2340.611251165364	0
6	641	2348.301538039992	0
6	647	2363.181516427106	0
6	653	2374.859459834451	0
6	667	2401.154177841117	0
6	686	2474.417034915898	0
6	698	2496.566512011064	0
6	700	2498.368157293658	0
6	705	2517.005912497228	0
6	708	2539.224817641913	0
6	714	2560.9350726752	0
6	721	2582.050547630226	0
6	725	2587.548084007294	0
6	734	2603.330412118207	0
6	745	2644.10076388281	0
6	746	2644.85110508458	0
6	754	2672.605671082887	0
6	764	2697.683845088523	0
6	765	2701.976230924275	0
6	768	2706.008010350065	0
6	773	2735.864405718125	0
6	774	2736.319221725612	0
6	784	2772.170470071147	0
6	788	2792.360350142315	0
6	792	2799.132530257358	0
6	799	2830.478791945291	0
6	800	2832.099591850607	0
6	804	2845.306466746822	0
6	808	2857.234469750877	0
6	811	2869.346220795718	0
6	820	2899.733738692374	0
6	823	2907.703394625521	0
6	836	2961.093674046998	0
6	845	2990.10942971011	0
6	846	2996.49375052899	0
6	853	3016.255889075578	0
6	867	3068.4076776986	0
6	869	3081.918844021493	0
6	887	3143.724824100325	0
6	892	3165.037605754965	0
6	897	3187.300379189884	0
6	901	3191.015951272034	0
6	902	3200.561944492395	0
6	903	3202.40487711256	0
6	905	3214.141399340032	0
6	914	3241.072541134999	0
6	917	3253.57436231423	0
6	918	3258.146589722993	0
6	921	3262.793186475494	0
6	931	3291.752701867522	0
6	932	3293.429005619266	0
6	944	3324.625864776998	0
6	952	3344.188513938162	0
6	962	3369.809676300973	0
6	979	3420.395194048037	0
6	980	3422.85828776554	0
6	985	3435.662267994161	0
6	986	3437.762189638735	0
6	992	3461.277439308981	0
6	997	3467.190082220468	0
6	1003	3485.696959067989	0
6	1012	3519.536117478794	0
6	1018	3526.949114137917	0
6	1020	3531.460544084764	0
6	1021	3531.710677376279	0
6	1028	3564.281232275189	0
6	1031	3567.488621428707	0
6	1044	3613.777541185218	0
6	1048	3623.877241202296	0
6	1059	3667.614863016407	0
6	1060	3668.232531395478	0
6	1062	3674.644212735143	0
6	1063	3677.934152151295	0
6	1069	3702.664502272721	0
6	1097	3787.256074510347	0
6	1099	3793.661268147392	0
6	1102	3812.644766802563	0
6	1103	3816.940625472777	0
6	1106	3826.288102264766	0
6	1111	3842.910861204672	0
6	1114	3866.678919285895	0
6	1122	3895.322221494731	0
6	1134	3942.079967391175	0
6	1136	3969.530858728213	0
6	1138	3972.936901427579	0
6	1144	3990.033186303724	0
6	1157	4041.201261067062	0
6	1172	4103.512163784857	0
6	1181	4143.756633909908	0
6	1183	4158.96248181832	0
6	1185	4163.60726375303	0
6	1186	4169.452422318036	0
6	1189	4177.289239739055	0
6	1193	4184.584740697719	0
6	1197	4206.194457061567	0
6	1203	4220.613335360104	0
6	1220	4281.410859788708	0
6	1224	4299.866299540792	0
6	1234	4328.534760971848	0
6	1237	4344.440946553039	0
6	1247	4380.697317129022	0
6	1253	4417.248019676951	0
6	1255	4422.800236582624	0
6	1256	4423.61683795098	0
6	1262	4448.42322965989	0
6	1269	4471.245115306316	0
6	1271	4483.305385877898	0
6	1276	4512.212984734739	0
6	1279	4523.171007983249	0
6	1285	4551.53979981221	0
6	1286	4555.396845767609	0
6	1287	4555.854706178495	0
6	1306	4644.47842321944	0
6	1312	4673.528126343828	0
6	1328	4734.258134651022	0
6	1330	4737.854991697606	0
6	1343	4783.788078126527	0
6	1359	4848.436770004176	0
6	1368	4877.417554309772	0
6	1376	4897.791347286736	0
6	1377	4898.568496072564	0
6	1378	4907.152696773508	0
6	1379	4913.97591064963	0
6	1380	4915.33153550215	0
6	1388	4940.432695229617	0
6	1394	4960.482418006856	0
6	1396	4963.463445039087	0
6	1398	4974.382533757325	0
6	1406	4990.607979739507	0
6	1407	4994.346033804011	0
6	1415	5025.035461136998	0
6	1417	5030.072044749944	0
6	1422	5039.383076199579	0
6	1434	5077.857867361091	0
6	1437	5086.000736959332	0
6	1448	5132.037961627538	0
6	1450	5133.679627469287	0
6	1451	5135.717429016821	0
6	1461	5165.232436935205	0
6	1463	5169.968826638985	0
6	1475	5213.044310039987	0
6	1486	5240.409949474692	0
6	1490	5245.422456701551	0
6	1524	5350.63019362608	0
6	1525	5365.484005407921	0
6	1527	5377.004594069339	0
6	1533	5415.512462342999	0
6	1534	5416.726402504357	0
6	1537	5421.340862603205	0
6	1549	5449.323154898107	0
6	1564	5497.388073960554	0
6	1575	5545.044160813454	0
6	1583	5558.680377924054	0
6	1591	5593.034106065391	0
6	1593	5599.729027511347	0
6	1599	5629.987174921255	0
6	1601	5640.154461919609	0
6	1606	5649.311232098478	0
6	1612	5669.333786877167	0
6	1615	5678.828771285226	0
6	1652	5790.047508876816	0
6	1656	5801.505374220009	0
6	1673	5862.484620308143	0
6	1679	5884.338247982742	0
6	1681	5886.158183990102	0
6	1686	5913.154978516103	0
6	1689	5927.790180451379	0
6	1690	5929.752820308155	0
6	1691	5935.439077236242	0
6	1705	5982.386530241234	0
6	1707	5985.924231461102	0
6	1711	5999.778544096806	0
6	1719	6022.331970904367	0
6	1730	6060.610402831142	0
6	1731	6061.560616343577	0
6	1732	6078.898261117457	0
6	1733	6079.534378547936	0
6	1735	6084.015528898705	0
6	1744	6117.868893268488	0
6	1747	6128.078288385663	0
6	1753	6141.432509911556	0
6	1755	6144.425656716554	0
6	1770	6212.218034156268	0
6	1773	6222.908985884628	0
6	1776	6233.170367348097	0
6	1783	6254.607212617611	0
6	1786	6287.301307264464	0
6	1791	6297.864855340551	0
6	1804	6348.117225954966	0
6	1805	6349.214459902621	0
6	1825	6422.651129632159	0
6	1841	6502.051330007148	0
6	1848	6523.362017835378	0
6	1849	6523.394190673064	0
6	1853	6538.143054544732	0
6	1864	6582.410006244839	0
6	1887	6645.183394769357	0
6	1900	6693.776811280698	0
6	1906	6710.865831940692	0
6	1907	6711.594987160961	0
6	1908	6713.462974640816	0
6	1910	6717.416890369326	0
6	1911	6719.625191375651	0
6	1914	6723.788290989411	0
6	1916	6731.485702709174	0
6	1921	6762.89843644524	0
6	1923	6772.364501350415	0
6	1924	6772.618604202238	0
6	1929	6794.021643145232	0
6	1940	6819.433476264182	0
6	1954	6855.96899656364	0
6	1962	6887.389063518202	0
6	1964	6897.681084787565	0
6	1969	6913.693294310517	0
6	1977	6927.05758517418	0
6	1986	6968.458765098327	0
6	2008	7028.700253232893	0
6	2014	7050.087903228505	0
6	2016	7055.305329775237	0
6	2018	7059.043270756188	0
6	2023	7083.405116147123	0
6	2029	7115.75050389466	0
6	2034	7120.816105022739	0
6	2038	7124.130101730914	0
6	2049	7142.115409778708	0
6	2068	7212.204110949762	0
6	2080	7234.843214429296	0
6	2082	7236.430522934327	0
6	2084	7241.281139625701	0
6	2092	7260.515033461429	0
6	2098	7279.98453519328	0
6	2099	7292.767521211203	0
6	2121	7366.018444174135	0
6	2132	7426.295801011001	0
6	2133	7431.346180718535	0
6	2144	7448.155547912779	0
6	2151	7479.379048723254	0
6	2155	7503.544723043537	0
6	2168	7555.835432230445	0
6	2173	7581.861956752879	0
6	2183	7644.230540865792	0
6	2184	7644.476697524434	0
6	2191	7673.182490829057	0
6	2209	7750.451498058464	0
6	2222	7796.740570979527	0
6	2227	7827.293460514557	0
6	2232	7843.345168404625	0
6	2243	7868.945755708778	0
6	2245	7874.530058496917	0
6	2250	7892.491642979983	0
6	2258	7914.99610573007	0
6	2265	7931.604211690861	0
6	2269	7948.615322691279	0
6	2276	7971.847987048713	0
6	2278	7974.524857980672	0
6	2282	7988.951047509774	0
6	2286	7999.715030890869	0
6	2290	8003.76649868386	0
6	2307	8063.21046833802	0
6	2315	8100.379627384998	0
6	2348	8205.422707900869	0
6	2351	8209.173067375488	0
6	2355	8222.677556001019	0
6	2357	8226.004792717478	0
6	2358	8230.467955055015	0
6	2364	8243.944685329794	0
6	2369	8266.583565223783	0
6	2381	8324.685405849037	0
6	2387	8342.832967407291	0
6	2392	8353.503429560072	0
6	2394	8357.111771947525	0
6	2403	8423.78236783561	0
6	2415	8456.992367851714	0
6	2433	8554.759558535476	0
6	2434	8555.43227016629	0
6	2439	8583.377712421513	0
6	2441	8586.928695627939	0
6	2442	8587.506249865824	0
6	2450	8634.252219528209	0
6	2466	8699.515564603128	0
6	2469	8711.946388574056	0
6	2470	8713.965531342925	0
6	2472	8727.603831678139	0
6	2482	8769.312904399068	0
6	2487	8783.81952313711	0
6	2498	8811.668917950078	0
6	2502	8828.498686176555	0
6	2507	8860.531292400204	0
6	2510	8869.229631603716	0
6	2512	8873.166787409385	0
6	2513	8877.129876416714	0
6	2524	8906.917699484993	0
6	2529	8920.428356090863	0
6	2547	8988.819662790668	0
6	2590	9157.168259832972	0
6	2595	9178.813754181789	0
6	2602	9202.972593371157	0
6	2604	9231.394894277533	0
6	2606	9239.844150662113	0
6	2608	9249.380293603109	0
6	2610	9251.953528955944	0
6	2611	9251.961749671691	0
6	2614	9256.934336692741	0
6	2618	9278.634350449156	0
6	2621	9288.502872846031	0
6	2623	9300.573495097567	0
6	2633	9353.793761051516	0
6	2640	9370.219871005042	0
6	2647	9405.498941102169	0
6	2668	9476.351493752573	0
6	2678	9522.431507294554	0
6	2684	9545.797276577435	0
6	2685	9561.116821473582	0
6	2686	9562.319593185956	0
6	2695	9580.877009651126	0
6	2704	9620.560083849786	0
6	2737	9728.236711865095	0
6	2742	9735.300675243569	0
6	2749	9772.299298561867	0
6	2750	9773.33486183923	0
6	2757	9802.837496166219	0
6	2758	9806.512497685576	0
6	2780	9877.378225299887	0
6	2792	9912.913025302751	0
6	2809	9975.132551980549	0
6	2813	9979.757983280091	0
6	2815	9983.880203847018	0
6	2831	10043.302650557577	0
6	2835	10063.624737491809	0
6	2844	10089.009662244863	0
6	2845	10089.964583919399	0
6	2852	10131.245998114095	0
6	2857	10161.138901200377	0
6	2867	10185.721043565481	0
6	2871	10207.183541447766	0
6	2880	10235.825588978204	0
6	2886	10265.081723973938	0
6	2893	10282.402308809572	0
6	2906	10318.18878934645	0
6	2907	10329.512013188199	0
6	2912	10347.713643386304	0
6	2917	10366.692178243995	0
6	2921	10374.60292498698	0
6	2926	10383.44078185476	0
6	2930	10394.672811601034	0
6	2935	10411.89831792849	0
6	2938	10415.726212427731	0
6	2940	10417.962108852325	0
6	2947	10454.346268931399	0
6	2954	10480.995465273618	0
6	2957	10484.762053019683	0
6	2958	10486.390489849621	0
6	2961	10499.940013201311	0
6	2963	10503.744135731026	0
6	2972	10536.177915895818	0
6	2976	10556.617791221136	0
6	2992	10608.564946278631	0
6	2994	10623.432970928996	0
6	3001	10658.782482896162	0
6	3004	10662.902889619103	0
6	3005	10665.482502141904	0
6	3016	10733.390364526826	0
6	3026	10775.849599942873	0
6	3027	10780.716414463752	0
6	3028	10787.437496320026	0
6	3029	10790.892873231343	0
6	3054	10941.824746718495	0
6	3065	10981.57502058213	0
6	3087	11068.369718523286	0
6	3092	11080.472047889221	0
6	3100	11103.155747264057	0
6	3103	11120.486084924367	0
6	3104	11121.390268231116	0
6	3107	11128.111173419505	0
6	3111	11135.814422408141	0
6	3112	11136.283753936687	0
6	3119	11153.385546890521	0
6	3122	11167.746683448076	0
6	3125	11170.124534370784	0
6	3135	11195.957813365658	0
6	3154	11251.007232681326	0
6	3157	11263.269548532642	0
6	3165	11288.606772426908	0
6	3173	11306.884332645649	0
6	3180	11328.03134280062	0
6	3182	11334.234628923579	0
6	3183	11336.086803189174	0
6	3184	11336.155140833406	0
6	3192	11345.156138454634	0
6	3195	11349.775007272945	0
6	3197	11362.742089322278	0
6	3200	11371.108120215757	0
6	3204	11378.522503078405	0
6	3229	11446.254357443336	0
6	3241	11480.058667977142	0
6	3244	11493.535001068232	0
6	3248	11498.732605307338	0
6	3252	11509.170738434272	0
6	3253	11511.182578581658	0
6	3255	11529.624102810743	0
6	3259	11539.170329428827	0
6	3269	11553.587397196061	0
6	3280	11577.390366180547	0
6	3301	11648.42835475173	0
6	3304	11653.734467199605	0
6	3306	11656.09996093262	0
6	3319	11688.370949729941	0
6	3323	11708.486471445942	0
6	3324	11708.966795690072	0
6	3328	11733.816177769979	0
6	3336	11752.533809413941	0
6	3340	11762.35314042965	0
6	3349	11801.279858637976	0
6	3353	11814.693741871044	0
6	3355	11834.635583977596	0
6	3370	11878.749967233686	0
6	3375	11899.456604712089	0
6	3377	11904.777339388438	0
6	3380	11919.069443773807	0
6	3387	11945.476616211967	0
6	3388	11945.956117430958	0
6	3405	12046.309626808143	0
6	3408	12050.315752578603	0
6	3424	12141.440256274676	0
6	3437	12204.390253991832	0
6	3441	12219.28651662399	0
6	3447	12249.051151784458	0
6	3448	12253.893283523575	0
6	3455	12272.169666551959	0
6	3456	12273.852430257463	0
6	3469	12341.254354616355	0
6	3476	12358.376116232894	0
6	3477	12358.679370351011	0
6	3486	12394.808067177614	0
6	3494	12447.350601364063	0
6	3512	12483.969870603585	0
6	3518	12523.896063277815	0
6	3537	12578.376201429766	0
6	3541	12583.762833724501	0
6	3557	12641.947072050653	0
6	3563	12663.137622478283	0
6	3564	12664.074702214716	0
6	3567	12675.080442516666	0
6	3568	12675.843461868003	0
6	3570	12680.243810729702	0
6	3576	12706.937976246719	0
6	3583	12728.089072356183	0
6	3588	12742.495348303924	0
6	3590	12746.679173774745	0
6	3591	12753.802507176329	0
6	3610	12798.141562947291	0
6	3611	12799.833789343786	0
6	3620	12829.58664753656	0
6	3623	12832.448256710907	0
6	3628	12858.126824279702	0
6	3630	12867.401958020865	0
6	3632	12869.462794400263	0
6	3635	12871.482810195855	0
6	3636	12877.462233817216	0
6	3650	12916.048735226555	0
6	3651	12916.725668150266	0
6	3652	12919.392943028012	0
6	3679	12988.573134229889	0
6	3685	13009.636901368308	0
6	3686	13012.677352880658	0
6	3691	13022.785240275772	0
6	3693	13027.297365257966	0
6	3700	13057.136578805443	0
6	3705	13066.013330414724	0
6	3712	13083.068900239216	0
6	3714	13085.152747782788	0
6	3725	13123.300874691	0
6	3727	13128.62659772076	0
6	3731	13149.227891478797	0
6	3734	13157.600597440705	0
6	3740	13178.167176443371	0
6	3747	13195.798185018414	0
6	3748	13200.110942904077	0
6	3749	13203.485677631389	0
6	3750	13207.56718816353	0
6	3761	13245.414571026761	0
6	3774	13287.563393869252	0
6	3782	13308.87225432183	0
6	3798	13355.750807233361	0
6	3799	13357.973974629269	0
6	3802	13364.496102339757	0
6	3826	13454.11305824804	0
6	3835	13482.861617241049	0
6	3849	13530.827222458719	0
6	3851	13536.958786232757	0
6	3855	13540.783545386333	0
6	3859	13550.269283047126	0
6	3868	13569.45315348773	0
6	3876	13604.004085408202	0
6	3880	13613.615535897239	0
6	3885	13622.922725779371	0
6	3889	13638.722595904438	0
6	3895	13648.569156224294	0
6	3896	13652.299741468053	0
6	3903	13664.570968105795	0
6	3911	13692.558628360576	0
6	3931	13755.926340127108	0
6	3941	13784.679307678469	0
6	3948	13817.826430092121	0
6	3953	13833.460880482879	0
6	3963	13856.627469407639	0
6	3966	13860.013923685559	0
6	3969	13874.290958337476	0
6	3974	13894.207229182526	0
6	3977	13911.424070118369	0
6	3982	13926.913735830621	0
6	3983	13935.913432559351	0
6	3991	13953.79318715868	0
6	3999	13976.916481318002	0
6	4020	14049.859213179325	0
6	4037	14091.957157562145	0
6	4054	14149.718687453591	0
6	4057	14156.333482435349	0
6	4058	14158.965273831713	0
6	4062	14161.598027040051	0
6	4064	14168.3054670891	0
6	4069	14190.300552758252	0
6	4073	14196.634736331119	0
6	4075	14207.830244921192	0
6	4079	14224.459668009108	0
6	4081	14237.754300071482	0
6	4085	14249.557924443534	0
6	4089	14255.94075797022	0
6	4102	14294.853401251461	0
6	4124	14378.829851395623	0
6	4127	14388.151153751525	0
6	4137	14428.14279328031	0
6	4139	14433.875522470197	0
6	4152	14469.030896485399	0
6	4156	14483.867822308049	0
6	4163	14501.114906122284	0
6	4168	14517.883609097504	0
6	4170	14523.278827451633	0
6	4174	14541.813062378787	0
6	4175	14543.876780068002	0
6	4176	14544.131975869663	0
6	4193	14589.082443154307	0
6	4205	14630.233767238901	0
6	4213	14654.767297972766	0
6	4220	14683.470265096279	0
6	4221	14685.932554294832	0
6	4232	14721.209599471439	0
6	4233	14722.611745100471	0
6	4249	14778.443919410838	0
6	4251	14780.308918671542	0
6	4260	14794.938859208394	0
6	4264	14802.485430682203	0
6	4269	14810.635261247437	0
6	4274	14821.852746711736	0
6	4287	14856.197208995671	0
6	4297	14884.141483218537	0
6	4299	14888.981251171613	0
6	4300	14889.033603925777	0
6	4303	14893.007739038577	0
6	4305	14903.629251015204	0
6	4320	14924.949995855642	0
6	4330	14940.782512418793	0
6	4341	14980.879411584888	0
6	4343	14985.792611533982	0
6	4346	14989.117850377101	0
6	4354	15009.270851947155	0
6	4358	15019.065692995379	0
6	4366	15025.049499698321	0
6	4367	15025.583250369379	0
6	4369	15035.552513722091	0
6	4371	15038.346302206019	0
6	4375	15049.441953155817	0
6	4381	15070.487600368283	0
6	4383	15075.437940731643	0
6	4384	15078.033617356912	0
6	4406	15127.408714311353	0
6	4413	15140.619926989281	0
6	4415	15142.296049433902	0
6	4420	15159.525769149466	0
6	4440	15226.551893428465	0
6	4442	15229.068682540252	0
6	4447	15232.340239975272	0
6	4454	15245.357839426312	0
6	4456	15251.27626047884	0
6	4458	15261.14485081445	0
6	4465	15279.415246646329	0
6	4476	15314.650750300547	0
6	4489	15341.262988162737	0
6	4500	15367.442049491079	0
6	4501	15378.250191214414	0
6	4510	15397.738206773036	0
6	4516	15403.289599542975	0
6	4521	15421.9256996899	0
6	4523	15428.578673214325	0
6	4534	15460.361070430451	0
6	4549	15498.438535142462	0
6	4551	15499.151236065239	0
6	4558	15513.599889484325	0
6	4559	15518.455432307591	0
6	4562	15527.80927220095	0
6	4564	15537.460779103107	0
6	4566	15551.340078494821	0
6	4581	15591.941249357088	0
6	4588	15608.0007461672	0
6	4608	15672.572710584894	0
6	4630	15757.517036941555	0
6	4635	15772.935103496955	0
6	4637	15778.526607694516	0
6	4640	15809.980097821081	0
6	4641	15810.910912407755	0
6	4642	15816.884583698742	0
6	4650	15855.293904309446	0
6	4657	15874.248420541731	0
6	4668	15920.808804160947	0
6	4675	15938.448150947607	0
6	4680	15961.607465238132	0
6	4684	15969.74238851737	0
6	4692	16015.237550165249	0
6	4695	16024.72486992307	0
6	4698	16032.594548796914	0
6	4701	16042.298451294126	0
6	4704	16049.719207731175	0
6	4725	16146.575917384354	0
6	4730	16165.109532797233	0
6	4735	16193.056161794736	0
6	4746	16231.115387033478	0
6	4760	16296.430004221186	0
6	4762	16308.801709187269	0
6	4763	16309.310467211677	0
6	4767	16319.57865502897	0
6	4770	16334.548075258651	0
6	4776	16346.266250369074	0
6	4786	16411.03301471952	0
6	4792	16421.855199892625	0
6	4794	16435.49715680833	0
6	4796	16438.514283462437	0
6	4797	16440.646071048272	0
6	4798	16440.763017751798	0
6	4807	16484.789065555332	0
6	4809	16488.682440069861	0
6	4826	16541.915903493608	0
6	4834	16561.398042665661	0
6	4842	16594.346425188035	0
6	4843	16598.316612721181	0
6	4848	16616.075033061159	0
6	4850	16617.514563920664	0
6	4872	16690.611284071555	0
6	4875	16694.708517716274	0
6	4879	16703.386019628843	0
6	4882	16716.253332163095	0
6	4886	16724.552402435413	0
6	4893	16746.269628366154	0
6	4899	16750.151869577895	0
6	4903	16767.524428533382	0
6	4906	16777.545474766541	0
6	4911	16802.862345169998	0
6	4918	16820.670765889074	0
6	4935	16872.0592783708	0
6	4946	16914.725018777652	0
6	4952	16937.322577308516	0
6	4960	16961.510544477305	0
6	4962	16969.454729352324	0
6	4979	17041.850549727782	0
6	4980	17046.549219817016	0
6	4982	17058.385700488124	0
6	5017	17215.853600506371	0
6	5020	17224.648487231161	0
6	5026	17241.392767263534	0
6	5037	17286.250253986428	0
6	5038	17290.903323560955	0
6	5042	17307.395423543124	0
6	5043	17311.48503210019	0
6	5048	17329.700802555971	0
6	5052	17342.827995885472	0
6	5062	17364.734545356076	0
6	5065	17369.771388164805	0
6	5067	17374.532708113261	0
6	5075	17401.894264739474	0
6	5083	17423.734829467259	0
6	5100	17466.867224845405	0
6	5107	17478.672270493462	0
6	5110	17490.678399435039	0
6	5113	17494.6515204418	0
6	5127	17538.87703692863	0
6	5134	17556.836796177371	0
6	5135	17560.252644404263	0
6	5136	17568.033707736168	0
6	5137	17568.040406336852	0
6	5141	17571.949026581056	0
6	5147	17584.615782560364	0
6	5151	17597.192217119019	0
6	5161	17628.240555929342	0
6	5172	17673.662783053568	0
6	5194	17759.21244722501	0
6	5216	17820.756281060215	0
6	5217	17828.976404434379	0
6	5219	17848.333363897152	0
6	5225	17877.405719074194	0
6	5229	17884.527344756743	0
6	5231	17888.166316359169	0
6	5232	17892.4084054878	0
6	5234	17901.608443525042	0
6	5237	17913.564142587193	0
6	5243	17939.964875826427	0
6	5249	17971.534189178078	0
6	5250	17976.136679076091	0
6	5262	18009.554628779307	0
6	5264	18012.898942360272	0
6	5276	18068.738304136201	0
6	5304	18167.297869613465	0
6	5309	18183.808959564508	0
6	5310	18188.00239076027	0
6	5316	18206.057109712919	0
6	5322	18226.734497569049	0
6	5324	18229.852151051998	0
6	5325	18237.166362032663	0
6	5342	18291.024792582474	0
6	5356	18340.839471643797	0
6	5371	18405.631406500668	0
6	5377	18423.913902564927	0
6	5403	18524.014871477535	0
6	5406	18531.312931934454	0
6	5409	18546.017928435729	0
6	5425	18596.430625635369	0
6	5430	18625.704638114718	0
6	5440	18650.745893387209	0
6	5441	18651.863170026054	0
6	5450	18693.527489043541	0
6	5462	18749.667502285663	0
6	5467	18759.014718908008	0
6	5471	18774.871569271645	0
6	5476	18795.577348842821	0
6	5481	18814.247286337744	0
6	5501	18885.265812812371	0
6	5504	18901.752986988184	0
6	5517	18942.502257971809	0
6	5518	18943.011337104948	0
6	5524	18965.166955113814	0
6	5525	18967.628912181769	0
6	5539	19017.317902608315	0
6	5543	19034.530804670479	0
6	5544	19036.281237326602	0
6	5548	19047.095937518811	0
6	5549	19047.997843489102	0
6	5559	19085.175699069411	0
6	5567	19123.665839354759	0
6	5578	19152.043095253517	0
6	5580	19179.831990204755	0
6	5583	19186.582845426488	0
6	5592	19217.9387760693	0
6	5593	19220.370851449463	0
6	5602	19246.30363022584	0
6	5609	19283.788114718699	0
6	5617	19316.81943031715	0
6	5621	19328.657101478517	0
6	5623	19335.732102127795	0
6	5624	19338.256287358587	0
6	5636	19388.108340803239	0
6	5639	19404.649024846801	0
6	5650	19449.730441715678	0
6	5653	19463.802376975692	0
6	5655	19490.75105217753	0
6	5683	19597.50629603805	0
6	5691	19622.916178708869	0
6	5694	19642.136642050943	0
6	5704	19667.330012417916	0
6	5718	19720.4127054897	0
6	5719	19722.88652382978	0
6	5723	19732.536385019728	0
6	5728	19745.904464471224	0
6	5731	19751.134521148899	0
6	5736	19776.61337900148	0
6	5740	19799.473838661095	0
6	5744	19803.926722051182	0
6	5753	19830.69378074912	0
6	5754	19834.660271657419	0
6	5758	19845.183348901261	0
6	5762	19851.696213605125	0
6	5799	19970.642679620347	0
6	5802	19986.005263812703	0
7	265	1053.136456789692	3
7	267	1056.971284949395	3
7	268	1058.126977147035	3
7	278	1095.02367115146	3
7	287	1130.072536252495	3
7	294	1151.445412675333	3
7	334	1295.755896981144	3
7	335	1297.559374194329	3
7	350	1355.788061035046	3
7	353	1363.754693061988	3
7	356	1384.042982460619	3
7	363	1411.002024636941	3
7	371	1444.162709907427	3
7	377	1464.69007012153	3
7	390	1515.132464065003	3
7	392	1523.35566313236	3
7	406	1578.189282928174	3
7	422	1634.330580074828	3
7	436	1700.814215962335	3
7	437	1710.460257791748	3
7	440	1713.731371197763	3
7	449	1753.192652066637	3
7	450	1755.233036361939	3
7	458	1792.719247156606	3
7	472	1852.945908897121	3
7	474	1854.209912214832	3
7	478	1859.67735622868	3
7	482	1880.330347472953	3
7	484	1885.337323971667	3
7	494	1922.14149810159	3
7	499	1941.068119495204	3
7	502	1953.510351746113	3
7	520	2014.352782290156	3
7	521	2017.820243440202	3
7	530	2038.892215344248	3
7	538	2061.895109493134	3
7	551	2097.047490573261	3
7	552	2104.684389818541	3
7	562	2140.486486315634	3
7	580	2187.871329954572	3
7	581	2188.104430456008	3
7	586	2198.939975665621	3
7	592	2218.30518799576	3
7	595	2223.109478017664	3
7	596	2227.881176368971	3
7	600	2241.875217422673	3
7	605	2252.912191452633	3
7	614	2276.328006701945	3
7	637	2340.611251165364	3
7	641	2348.301538039992	3
7	647	2363.181516427106	3
7	653	2374.859459834451	3
7	667	2401.154177841117	3
7	686	2474.417034915898	3
7	698	2496.566512011064	3
7	700	2498.368157293658	3
7	705	2517.005912497228	3
7	708	2539.224817641913	3
7	714	2560.9350726752	3
7	721	2582.050547630226	3
7	725	2587.548084007294	3
7	734	2603.330412118207	3
7	745	2644.10076388281	3
7	746	2644.85110508458	3
7	754	2672.605671082887	3
7	764	2697.683845088523	3
7	765	2701.976230924275	3
7	768	2706.008010350065	3
7	773	2735.864405718125	3
7	774	2736.319221725612	3
7	784	2772.170470071147	3
7	788	2792.360350142315	3
7	792	2799.132530257358	3
7	799	2830.478791945291	3
7	800	2832.099591850607	3
7	804	2845.306466746822	3
7	808	2857.234469750877	3
7	811	2869.346220795718	3
7	820	2899.733738692374	3
7	823	2907.703394625521	3
7	836	2961.093674046998	3
7	845	2990.10942971011	3
7	846	2996.49375052899	3
7	853	3016.255889075578	3
7	867	3068.4076776986	3
7	869	3081.918844021493	3
7	887	3143.724824100325	3
7	892	3165.037605754965	3
7	897	3187.300379189884	3
7	901	3191.015951272034	3
7	902	3200.561944492395	3
7	903	3202.40487711256	3
7	905	3214.141399340032	3
7	914	3241.072541134999	3
7	917	3253.57436231423	3
7	918	3258.146589722993	3
7	921	3262.793186475494	3
7	931	3291.752701867522	3
7	932	3293.429005619266	3
7	944	3324.625864776998	3
7	952	3344.188513938162	3
7	962	3369.809676300973	3
7	979	3420.395194048037	3
7	980	3422.85828776554	3
7	985	3435.662267994161	3
7	986	3437.762189638735	3
7	992	3461.277439308981	3
7	997	3467.190082220468	3
7	1003	3485.696959067989	3
7	1012	3519.536117478794	3
7	1018	3526.949114137917	3
7	1020	3531.460544084764	3
7	1021	3531.710677376279	3
7	1028	3564.281232275189	3
7	1031	3567.488621428707	3
7	1044	3613.777541185218	3
7	1048	3623.877241202296	3
7	1059	3667.614863016407	3
7	1060	3668.232531395478	3
7	1062	3674.644212735143	3
7	1063	3677.934152151295	3
7	1069	3702.664502272721	3
7	1097	3787.256074510347	3
7	1099	3793.661268147392	3
7	1102	3812.644766802563	3
7	1103	3816.940625472777	3
7	1106	3826.288102264766	3
7	1111	3842.910861204672	3
7	1114	3866.678919285895	3
7	1122	3895.322221494731	3
7	1134	3942.079967391175	3
7	1136	3969.530858728213	3
7	1138	3972.936901427579	3
7	1144	3990.033186303724	3
7	1157	4041.201261067062	3
7	1172	4103.512163784857	3
7	1181	4143.756633909908	3
7	1183	4158.96248181832	3
7	1185	4163.60726375303	3
7	1186	4169.452422318036	3
7	1189	4177.289239739055	3
7	1193	4184.584740697719	3
7	1197	4206.194457061567	3
7	1203	4220.613335360104	3
7	1220	4281.410859788708	3
7	1224	4299.866299540792	3
7	1234	4328.534760971848	3
7	1237	4344.440946553039	3
7	1247	4380.697317129022	3
7	1253	4417.248019676951	3
7	1255	4422.800236582624	3
7	1256	4423.61683795098	3
7	1262	4448.42322965989	3
7	1269	4471.245115306316	3
7	1271	4483.305385877898	3
7	1276	4512.212984734739	3
7	1279	4523.171007983249	3
7	1285	4551.53979981221	3
7	1286	4555.396845767609	3
7	1287	4555.854706178495	3
7	1306	4644.47842321944	3
7	1312	4673.528126343828	3
7	1328	4734.258134651022	3
7	1330	4737.854991697606	3
7	1343	4783.788078126527	3
7	1359	4848.436770004176	3
7	1368	4877.417554309772	3
7	1376	4897.791347286736	3
7	1377	4898.568496072564	3
7	1378	4907.152696773508	3
7	1379	4913.97591064963	3
7	1380	4915.33153550215	3
7	1388	4940.432695229617	3
7	1394	4960.482418006856	3
7	1396	4963.463445039087	3
7	1398	4974.382533757325	3
7	1406	4990.607979739507	3
7	1407	4994.346033804011	3
7	1415	5025.035461136998	3
7	1417	5030.072044749944	3
7	1422	5039.383076199579	3
7	1434	5077.857867361091	3
7	1437	5086.000736959332	3
7	1448	5132.037961627538	3
7	1450	5133.679627469287	3
7	1451	5135.717429016821	3
7	1461	5165.232436935205	3
7	1463	5169.968826638985	3
7	1475	5213.044310039987	3
7	1486	5240.409949474692	3
7	1490	5245.422456701551	3
7	1524	5350.63019362608	3
7	1525	5365.484005407921	3
7	1527	5377.004594069339	3
7	1533	5415.512462342999	3
7	1534	5416.726402504357	3
7	1537	5421.340862603205	3
7	1549	5449.323154898107	3
7	1564	5497.388073960554	3
7	1575	5545.044160813454	3
7	1583	5558.680377924054	3
7	1591	5593.034106065391	3
7	1593	5599.729027511347	3
7	1599	5629.987174921255	3
7	1601	5640.154461919609	3
7	1606	5649.311232098478	3
7	1612	5669.333786877167	3
7	1615	5678.828771285226	3
7	1652	5790.047508876816	3
7	1656	5801.505374220009	3
7	1673	5862.484620308143	3
7	1679	5884.338247982742	3
7	1681	5886.158183990102	3
7	1686	5913.154978516103	3
7	1689	5927.790180451379	3
7	1690	5929.752820308155	3
7	1691	5935.439077236242	3
7	1705	5982.386530241234	3
7	1707	5985.924231461102	3
7	1711	5999.778544096806	3
7	1719	6022.331970904367	3
7	1730	6060.610402831142	3
7	1731	6061.560616343577	3
7	1732	6078.898261117457	3
7	1733	6079.534378547936	3
7	1735	6084.015528898705	3
7	1744	6117.868893268488	3
7	1747	6128.078288385663	3
7	1753	6141.432509911556	3
7	1755	6144.425656716554	3
7	1770	6212.218034156268	3
7	1773	6222.908985884628	3
7	1776	6233.170367348097	3
7	1783	6254.607212617611	3
7	1786	6287.301307264464	3
7	1791	6297.864855340551	3
7	1804	6348.117225954966	3
7	1805	6349.214459902621	3
7	1825	6422.651129632159	3
7	1841	6502.051330007148	3
7	1848	6523.362017835378	3
7	1849	6523.394190673064	3
7	1853	6538.143054544732	3
7	1864	6582.410006244839	3
7	1887	6645.183394769357	3
7	1900	6693.776811280698	3
7	1906	6710.865831940692	3
7	1907	6711.594987160961	3
7	1908	6713.462974640816	3
7	1910	6717.416890369326	3
7	1911	6719.625191375651	3
7	1914	6723.788290989411	3
7	1916	6731.485702709174	3
7	1921	6762.89843644524	3
7	1923	6772.364501350415	3
7	1924	6772.618604202238	3
7	1929	6794.021643145232	3
7	1940	6819.433476264182	3
7	1954	6855.96899656364	3
7	1962	6887.389063518202	3
7	1964	6897.681084787565	3
7	1969	6913.693294310517	3
7	1977	6927.05758517418	3
7	1986	6968.458765098327	3
7	2008	7028.700253232893	3
7	2014	7050.087903228505	3
7	2016	7055.305329775237	3
7	2018	7059.043270756188	3
7	2023	7083.405116147123	3
7	2029	7115.75050389466	3
7	2034	7120.816105022739	3
7	2038	7124.130101730914	3
7	2049	7142.115409778708	3
7	2068	7212.204110949762	3
7	2080	7234.843214429296	3
7	2082	7236.430522934327	3
7	2084	7241.281139625701	3
7	2092	7260.515033461429	3
7	2098	7279.98453519328	3
7	2099	7292.767521211203	3
7	2121	7366.018444174135	3
7	2132	7426.295801011001	3
7	2133	7431.346180718535	3
7	2144	7448.155547912779	3
7	2151	7479.379048723254	3
7	2155	7503.544723043537	3
7	2168	7555.835432230445	3
7	2173	7581.861956752879	3
7	2183	7644.230540865792	3
7	2184	7644.476697524434	3
7	2191	7673.182490829057	3
7	2209	7750.451498058464	3
7	2222	7796.740570979527	3
7	2227	7827.293460514557	3
7	2232	7843.345168404625	3
7	2243	7868.945755708778	3
7	2245	7874.530058496917	3
7	2250	7892.491642979983	3
7	2258	7914.99610573007	3
7	2265	7931.604211690861	3
7	2269	7948.615322691279	3
7	2276	7971.847987048713	3
7	2278	7974.524857980672	3
7	2282	7988.951047509774	3
7	2286	7999.715030890869	3
7	2290	8003.76649868386	3
7	2307	8063.21046833802	3
7	2315	8100.379627384998	3
7	2348	8205.422707900869	3
7	2351	8209.173067375488	3
7	2355	8222.677556001019	3
7	2357	8226.004792717478	3
7	2358	8230.467955055015	3
7	2364	8243.944685329794	3
7	2369	8266.583565223783	3
7	2381	8324.685405849037	3
7	2387	8342.832967407291	3
7	2392	8353.503429560072	3
7	2394	8357.111771947525	3
7	2403	8423.78236783561	3
7	2415	8456.992367851714	3
7	2433	8554.759558535476	3
7	2434	8555.43227016629	3
7	2439	8583.377712421513	3
7	2441	8586.928695627939	3
7	2442	8587.506249865824	3
7	2450	8634.252219528209	3
7	2466	8699.515564603128	3
7	2469	8711.946388574056	3
7	2470	8713.965531342925	3
7	2472	8727.603831678139	3
7	2482	8769.312904399068	3
7	2487	8783.81952313711	3
7	2498	8811.668917950078	3
7	2502	8828.498686176555	3
7	2507	8860.531292400204	3
7	2510	8869.229631603716	3
7	2512	8873.166787409385	3
7	2513	8877.129876416714	3
7	2524	8906.917699484993	3
7	2529	8920.428356090863	3
7	2547	8988.819662790668	3
7	2590	9157.168259832972	3
7	2595	9178.813754181789	3
7	2602	9202.972593371157	3
7	2604	9231.394894277533	3
7	2606	9239.844150662113	3
7	2608	9249.380293603109	3
7	2610	9251.953528955944	3
7	2611	9251.961749671691	3
7	2614	9256.934336692741	3
7	2618	9278.634350449156	3
7	2621	9288.502872846031	3
7	2623	9300.573495097567	3
7	2633	9353.793761051516	3
7	2640	9370.219871005042	3
7	2647	9405.498941102169	3
7	2668	9476.351493752573	3
7	2678	9522.431507294554	3
7	2684	9545.797276577435	3
7	2685	9561.116821473582	3
7	2686	9562.319593185956	3
7	2695	9580.877009651126	3
7	2704	9620.560083849786	3
7	2737	9728.236711865095	3
7	2742	9735.300675243569	3
7	2749	9772.299298561867	3
7	2750	9773.33486183923	3
7	2757	9802.837496166219	3
7	2758	9806.512497685576	3
7	2780	9877.378225299887	3
7	2792	9912.913025302751	3
7	2809	9975.132551980549	3
7	2813	9979.757983280091	3
7	2815	9983.880203847018	3
7	2831	10043.302650557577	3
7	2835	10063.624737491809	3
7	2844	10089.009662244863	3
7	2845	10089.964583919399	3
7	2852	10131.245998114095	3
7	2857	10161.138901200377	3
7	2867	10185.721043565481	3
7	2871	10207.183541447766	3
7	2880	10235.825588978204	3
7	2886	10265.081723973938	3
7	2893	10282.402308809572	3
7	2906	10318.18878934645	3
7	2907	10329.512013188199	3
7	2912	10347.713643386304	3
7	2917	10366.692178243995	3
7	2921	10374.60292498698	3
7	2926	10383.44078185476	3
7	2930	10394.672811601034	3
7	2935	10411.89831792849	3
7	2938	10415.726212427731	3
7	2940	10417.962108852325	3
7	2947	10454.346268931399	3
7	2954	10480.995465273618	3
7	2957	10484.762053019683	3
7	2958	10486.390489849621	3
7	2961	10499.940013201311	3
7	2963	10503.744135731026	3
7	2972	10536.177915895818	3
7	2976	10556.617791221136	3
7	2992	10608.564946278631	3
7	2994	10623.432970928996	3
7	3001	10658.782482896162	3
7	3004	10662.902889619103	3
7	3005	10665.482502141904	3
7	3016	10733.390364526826	3
7	3026	10775.849599942873	3
7	3027	10780.716414463752	3
7	3028	10787.437496320026	3
7	3029	10790.892873231343	3
7	3054	10941.824746718495	3
7	3065	10981.57502058213	3
7	3087	11068.369718523286	3
7	3092	11080.472047889221	3
7	3100	11103.155747264057	3
7	3103	11120.486084924367	3
7	3104	11121.390268231116	3
7	3107	11128.111173419505	3
7	3111	11135.814422408141	3
7	3112	11136.283753936687	3
7	3119	11153.385546890521	3
7	3122	11167.746683448076	3
7	3125	11170.124534370784	3
7	3135	11195.957813365658	3
7	3154	11251.007232681326	3
7	3157	11263.269548532642	3
7	3165	11288.606772426908	3
7	3173	11306.884332645649	3
7	3180	11328.03134280062	3
7	3182	11334.234628923579	3
7	3183	11336.086803189174	3
7	3184	11336.155140833406	3
7	3192	11345.156138454634	3
7	3195	11349.775007272945	3
7	3197	11362.742089322278	3
7	3200	11371.108120215757	3
7	3204	11378.522503078405	3
7	3229	11446.254357443336	3
7	3241	11480.058667977142	3
7	3244	11493.535001068232	3
7	3248	11498.732605307338	3
7	3252	11509.170738434272	3
7	3253	11511.182578581658	3
7	3255	11529.624102810743	3
7	3259	11539.170329428827	3
7	3269	11553.587397196061	3
7	3280	11577.390366180547	3
7	3301	11648.42835475173	3
7	3304	11653.734467199605	3
7	3306	11656.09996093262	3
7	3319	11688.370949729941	3
7	3323	11708.486471445942	3
7	3324	11708.966795690072	3
7	3328	11733.816177769979	3
7	3336	11752.533809413941	3
7	3340	11762.35314042965	3
7	3349	11801.279858637976	3
7	3353	11814.693741871044	3
7	3355	11834.635583977596	3
7	3370	11878.749967233686	3
7	3375	11899.456604712089	3
7	3377	11904.777339388438	3
7	3380	11919.069443773807	3
7	3387	11945.476616211967	3
7	3388	11945.956117430958	3
7	3405	12046.309626808143	3
7	3408	12050.315752578603	3
7	3424	12141.440256274676	3
7	3437	12204.390253991832	3
7	3441	12219.28651662399	3
7	3447	12249.051151784458	3
7	3448	12253.893283523575	3
7	3455	12272.169666551959	3
7	3456	12273.852430257463	3
7	3469	12341.254354616355	3
7	3476	12358.376116232894	3
7	3477	12358.679370351011	3
7	3486	12394.808067177614	3
7	3494	12447.350601364063	3
7	3512	12483.969870603585	3
7	3518	12523.896063277815	3
7	3537	12578.376201429766	3
7	3541	12583.762833724501	3
7	3557	12641.947072050653	3
7	3563	12663.137622478283	3
7	3564	12664.074702214716	3
7	3567	12675.080442516666	3
7	3568	12675.843461868003	3
7	3570	12680.243810729702	3
7	3576	12706.937976246719	3
7	3583	12728.089072356183	3
7	3588	12742.495348303924	3
7	3590	12746.679173774745	3
7	3591	12753.802507176329	3
7	3610	12798.141562947291	3
7	3611	12799.833789343786	3
7	3620	12829.58664753656	3
7	3623	12832.448256710907	3
7	3628	12858.126824279702	3
7	3630	12867.401958020865	3
7	3632	12869.462794400263	3
7	3635	12871.482810195855	3
7	3636	12877.462233817216	3
7	3650	12916.048735226555	3
7	3651	12916.725668150266	3
7	3652	12919.392943028012	3
7	3679	12988.573134229889	3
7	3685	13009.636901368308	3
7	3686	13012.677352880658	3
7	3691	13022.785240275772	3
7	3693	13027.297365257966	3
7	3700	13057.136578805443	3
7	3705	13066.013330414724	3
7	3712	13083.068900239216	3
7	3714	13085.152747782788	3
7	3725	13123.300874691	3
7	3727	13128.62659772076	3
7	3731	13149.227891478797	3
7	3734	13157.600597440705	3
7	3740	13178.167176443371	3
7	3747	13195.798185018414	3
7	3748	13200.110942904077	3
7	3749	13203.485677631389	3
7	3750	13207.56718816353	3
7	3761	13245.414571026761	3
7	3774	13287.563393869252	3
7	3782	13308.87225432183	3
7	3798	13355.750807233361	3
7	3799	13357.973974629269	3
7	3802	13364.496102339757	3
7	3826	13454.11305824804	3
7	3835	13482.861617241049	3
7	3849	13530.827222458719	3
7	3851	13536.958786232757	3
7	3855	13540.783545386333	3
7	3859	13550.269283047126	3
7	3868	13569.45315348773	3
7	3876	13604.004085408202	3
7	3880	13613.615535897239	3
7	3885	13622.922725779371	3
7	3889	13638.722595904438	3
7	3895	13648.569156224294	3
7	3896	13652.299741468053	3
7	3903	13664.570968105795	3
7	3911	13692.558628360576	3
7	3931	13755.926340127108	3
7	3941	13784.679307678469	3
7	3948	13817.826430092121	3
7	3953	13833.460880482879	3
7	3963	13856.627469407639	3
7	3966	13860.013923685559	3
7	3969	13874.290958337476	3
7	3974	13894.207229182526	3
7	3977	13911.424070118369	3
7	3982	13926.913735830621	3
7	3983	13935.913432559351	3
7	3991	13953.79318715868	3
7	3999	13976.916481318002	3
7	4020	14049.859213179325	3
7	4037	14091.957157562145	3
7	4054	14149.718687453591	3
7	4057	14156.333482435349	3
7	4058	14158.965273831713	3
7	4062	14161.598027040051	3
7	4064	14168.3054670891	3
7	4069	14190.300552758252	3
7	4073	14196.634736331119	3
7	4075	14207.830244921192	3
7	4079	14224.459668009108	3
7	4081	14237.754300071482	3
7	4085	14249.557924443534	3
7	4089	14255.94075797022	3
7	4102	14294.853401251461	3
7	4124	14378.829851395623	3
7	4127	14388.151153751525	3
7	4137	14428.14279328031	3
7	4139	14433.875522470197	3
7	4152	14469.030896485399	3
7	4156	14483.867822308049	3
7	4163	14501.114906122284	3
7	4168	14517.883609097504	3
7	4170	14523.278827451633	3
7	4174	14541.813062378787	3
7	4175	14543.876780068002	3
7	4176	14544.131975869663	3
7	4193	14589.082443154307	3
7	4205	14630.233767238901	3
7	4213	14654.767297972766	3
7	4220	14683.470265096279	3
7	4221	14685.932554294832	3
7	4232	14721.209599471439	3
7	4233	14722.611745100471	3
7	4249	14778.443919410838	3
7	4251	14780.308918671542	3
7	4260	14794.938859208394	3
7	4264	14802.485430682203	3
7	4269	14810.635261247437	3
7	4274	14821.852746711736	3
7	4287	14856.197208995671	3
7	4297	14884.141483218537	3
7	4299	14888.981251171613	3
7	4300	14889.033603925777	3
7	4303	14893.007739038577	3
7	4305	14903.629251015204	3
7	4320	14924.949995855642	3
7	4330	14940.782512418793	3
7	4341	14980.879411584888	3
7	4343	14985.792611533982	3
7	4346	14989.117850377101	3
7	4354	15009.270851947155	3
7	4358	15019.065692995379	3
7	4366	15025.049499698321	3
7	4367	15025.583250369379	3
7	4369	15035.552513722091	3
7	4371	15038.346302206019	3
7	4375	15049.441953155817	3
7	4381	15070.487600368283	3
7	4383	15075.437940731643	3
7	4384	15078.033617356912	3
7	4406	15127.408714311353	3
7	4413	15140.619926989281	3
7	4415	15142.296049433902	3
7	4420	15159.525769149466	3
7	4440	15226.551893428465	3
7	4442	15229.068682540252	3
7	4447	15232.340239975272	3
7	4454	15245.357839426312	3
7	4456	15251.27626047884	3
7	4458	15261.14485081445	3
7	4465	15279.415246646329	3
7	4476	15314.650750300547	3
7	4489	15341.262988162737	3
7	4500	15367.442049491079	3
7	4501	15378.250191214414	3
7	4510	15397.738206773036	3
7	4516	15403.289599542975	3
7	4521	15421.9256996899	3
7	4523	15428.578673214325	3
7	4534	15460.361070430451	3
7	4549	15498.438535142462	3
7	4551	15499.151236065239	3
7	4558	15513.599889484325	3
7	4559	15518.455432307591	3
7	4562	15527.80927220095	3
7	4564	15537.460779103107	3
7	4566	15551.340078494821	3
7	4581	15591.941249357088	3
7	4588	15608.0007461672	3
7	4608	15672.572710584894	3
7	4630	15757.517036941555	3
7	4635	15772.935103496955	3
7	4637	15778.526607694516	3
7	4640	15809.980097821081	3
7	4641	15810.910912407755	3
7	4642	15816.884583698742	3
7	4650	15855.293904309446	3
7	4657	15874.248420541731	3
7	4668	15920.808804160947	3
7	4675	15938.448150947607	3
7	4680	15961.607465238132	3
7	4684	15969.74238851737	3
7	4692	16015.237550165249	3
7	4695	16024.72486992307	3
7	4698	16032.594548796914	3
7	4701	16042.298451294126	3
7	4704	16049.719207731175	3
7	4725	16146.575917384354	3
7	4730	16165.109532797233	3
7	4735	16193.056161794736	3
7	4746	16231.115387033478	3
7	4760	16296.430004221186	3
7	4762	16308.801709187269	3
7	4763	16309.310467211677	3
7	4767	16319.57865502897	3
7	4770	16334.548075258651	3
7	4776	16346.266250369074	3
7	4786	16411.03301471952	3
7	4792	16421.855199892625	3
7	4794	16435.49715680833	3
7	4796	16438.514283462437	3
7	4797	16440.646071048272	3
7	4798	16440.763017751798	3
7	4807	16484.789065555332	3
7	4809	16488.682440069861	3
7	4826	16541.915903493608	3
7	4834	16561.398042665661	3
7	4842	16594.346425188035	3
7	4843	16598.316612721181	3
7	4848	16616.075033061159	3
7	4850	16617.514563920664	3
7	4872	16690.611284071555	3
7	4875	16694.708517716274	3
7	4879	16703.386019628843	3
7	4882	16716.253332163095	3
7	4886	16724.552402435413	3
7	4893	16746.269628366154	3
7	4899	16750.151869577895	3
7	4903	16767.524428533382	3
7	4906	16777.545474766541	3
7	4911	16802.862345169998	3
7	4918	16820.670765889074	3
7	4935	16872.0592783708	3
7	4946	16914.725018777652	3
7	4952	16937.322577308516	3
7	4960	16961.510544477305	3
7	4962	16969.454729352324	3
7	4979	17041.850549727782	3
7	4980	17046.549219817016	3
7	4982	17058.385700488124	3
7	5017	17215.853600506371	3
7	5020	17224.648487231161	3
7	5026	17241.392767263534	3
7	5037	17286.250253986428	3
7	5038	17290.903323560955	3
7	5042	17307.395423543124	3
7	5043	17311.48503210019	3
7	5048	17329.700802555971	3
7	5052	17342.827995885472	3
7	5062	17364.734545356076	3
7	5065	17369.771388164805	3
7	5067	17374.532708113261	3
7	5075	17401.894264739474	3
7	5083	17423.734829467259	3
7	5100	17466.867224845405	3
7	5107	17478.672270493462	3
7	5110	17490.678399435039	3
7	5113	17494.6515204418	3
7	5127	17538.87703692863	3
7	5134	17556.836796177371	3
7	5135	17560.252644404263	3
7	5136	17568.033707736168	3
7	5137	17568.040406336852	3
7	5141	17571.949026581056	3
7	5147	17584.615782560364	3
7	5151	17597.192217119019	3
7	5161	17628.240555929342	3
7	5172	17673.662783053568	3
7	5194	17759.21244722501	3
7	5216	17820.756281060215	3
7	5217	17828.976404434379	3
7	5219	17848.333363897152	3
7	5225	17877.405719074194	3
7	5229	17884.527344756743	3
7	5231	17888.166316359169	3
7	5232	17892.4084054878	3
7	5234	17901.608443525042	3
7	5237	17913.564142587193	3
7	5243	17939.964875826427	3
7	5249	17971.534189178078	3
7	5250	17976.136679076091	3
7	5262	18009.554628779307	3
7	5264	18012.898942360272	3
7	5276	18068.738304136201	3
7	5304	18167.297869613465	3
7	5309	18183.808959564508	3
7	5310	18188.00239076027	3
7	5316	18206.057109712919	3
7	5322	18226.734497569049	3
7	5324	18229.852151051998	3
7	5325	18237.166362032663	3
7	5342	18291.024792582474	3
7	5356	18340.839471643797	3
7	5371	18405.631406500668	3
7	5377	18423.913902564927	3
7	5403	18524.014871477535	3
7	5406	18531.312931934454	3
7	5409	18546.017928435729	3
7	5425	18596.430625635369	3
7	5430	18625.704638114718	3
7	5440	18650.745893387209	3
7	5441	18651.863170026054	3
7	5450	18693.527489043541	3
7	5462	18749.667502285663	3
7	5467	18759.014718908008	3
7	5471	18774.871569271645	3
7	5476	18795.577348842821	3
7	5481	18814.247286337744	3
7	5501	18885.265812812371	3
7	5504	18901.752986988184	3
7	5517	18942.502257971809	3
7	5518	18943.011337104948	3
7	5524	18965.166955113814	3
7	5525	18967.628912181769	3
7	5539	19017.317902608315	3
7	5543	19034.530804670479	3
7	5544	19036.281237326602	3
7	5548	19047.095937518811	3
7	5549	19047.997843489102	3
7	5559	19085.175699069411	3
7	5567	19123.665839354759	3
7	5578	19152.043095253517	3
7	5580	19179.831990204755	3
7	5583	19186.582845426488	3
7	5592	19217.9387760693	3
7	5593	19220.370851449463	3
7	5602	19246.30363022584	3
7	5609	19283.788114718699	3
7	5617	19316.81943031715	3
7	5621	19328.657101478517	3
7	5623	19335.732102127795	3
7	5624	19338.256287358587	3
7	5636	19388.108340803239	3
7	5639	19404.649024846801	3
7	5650	19449.730441715678	3
7	5653	19463.802376975692	3
7	5655	19490.75105217753	3
7	5683	19597.50629603805	3
7	5691	19622.916178708869	3
7	5694	19642.136642050943	3
7	5704	19667.330012417916	3
7	5718	19720.4127054897	3
7	5719	19722.88652382978	3
7	5723	19732.536385019728	3
7	5728	19745.904464471224	3
7	5731	19751.134521148899	3
7	5736	19776.61337900148	3
7	5740	19799.473838661095	3
7	5744	19803.926722051182	3
7	5753	19830.69378074912	3
7	5754	19834.660271657419	3
7	5758	19845.183348901261	3
7	5762	19851.696213605125	3
7	5799	19970.642679620347	3
7	5802	19986.005263812703	3
8	265	1053.136456789692	58679
8	267	1056.971284949395	58669
8	268	1058.126977147035	58662
8	278	1095.02367115146	58681
8	287	1130.072536252495	58676
8	294	1151.445412675333	58678
8	334	1295.755896981144	58686
8	335	1297.559374194329	58687
8	350	1355.788061035046	58685
8	353	1363.754693061988	58698
8	356	1384.042982460619	58699
8	363	1411.002024636941	58693
8	371	1444.162709907427	58701
8	377	1464.69007012153	58697
8	390	1515.132464065003	58688
8	392	1523.35566313236	58689
8	406	1578.189282928174	58704
8	422	1634.330580074828	58707
8	436	1700.814215962335	58716
8	437	1710.460257791748	58711
8	440	1713.731371197763	58706
8	449	1753.192652066637	58702
8	450	1755.233036361939	58713
8	458	1792.719247156606	58719
8	472	1852.945908897121	58722
8	474	1854.209912214832	58708
8	478	1859.67735622868	58723
8	482	1880.330347472953	58715
8	484	1885.337323971667	58726
8	494	1922.14149810159	58717
8	499	1941.068119495204	58721
8	502	1953.510351746113	58731
8	520	2014.352782290156	58736
8	521	2017.820243440202	58727
8	530	2038.892215344248	58738
8	538	2061.895109493134	58718
8	551	2097.047490573261	58734
8	552	2104.684389818541	58741
8	562	2140.486486315634	58737
8	580	2187.871329954572	58725
8	581	2188.104430456008	58747
8	586	2198.939975665621	58740
8	592	2218.30518799576	58735
8	595	2223.109478017664	58743
8	596	2227.881176368971	58728
8	600	2241.875217422673	58744
8	605	2252.912191452633	58730
8	614	2276.328006701945	58732
8	637	2340.611251165364	58759
8	641	2348.301538039992	58752
8	647	2363.181516427106	58745
8	653	2374.859459834451	58754
8	667	2401.154177841117	58749
8	686	2474.417034915898	58762
8	698	2496.566512011064	58766
8	700	2498.368157293658	58767
8	705	2517.005912497228	58750
8	708	2539.224817641913	58758
8	714	2560.9350726752	58769
8	721	2582.050547630226	58772
8	725	2587.548084007294	58755
8	734	2603.330412118207	58775
8	745	2644.10076388281	58768
8	746	2644.85110508458	58777
8	754	2672.605671082887	58760
8	764	2697.683845088523	58780
8	765	2701.976230924275	58781
8	768	2706.008010350065	58783
8	773	2735.864405718125	58785
8	774	2736.319221725612	58786
8	784	2772.170470071147	58790
8	788	2792.360350142315	58773
8	792	2799.132530257358	58774
8	799	2830.478791945291	58782
8	800	2832.099591850607	58792
8	804	2845.306466746822	58787
8	808	2857.234469750877	58794
8	811	2869.346220795718	58788
8	820	2899.733738692374	58779
8	823	2907.703394625521	58797
8	836	2961.093674046998	58795
8	845	2990.10942971011	58801
8	846	2996.49375052899	58796
8	853	3016.255889075578	58784
8	867	3068.4076776986	58799
8	869	3081.918844021493	58805
8	887	3143.724824100325	58798
8	892	3165.037605754965	58815
8	897	3187.300379189884	58800
8	901	3191.015951272034	58808
8	902	3200.561944492395	58809
8	903	3202.40487711256	58810
8	905	3214.141399340032	58811
8	914	3241.072541134999	58804
8	917	3253.57436231423	58812
8	918	3258.146589722993	58813
8	921	3262.793186475494	58814
8	931	3291.752701867522	58806
8	932	3293.429005619266	58807
8	944	3324.625864776998	58822
8	952	3344.188513938162	58825
8	962	3369.809676300973	58819
8	979	3420.395194048037	58833
8	980	3422.85828776554	58821
8	985	3435.662267994161	58824
8	986	3437.762189638735	58835
8	992	3461.277439308981	58836
8	997	3467.190082220468	58828
8	1003	3485.696959067989	58838
8	1012	3519.536117478794	58840
8	1018	3526.949114137917	58841
8	1020	3531.460544084764	58823
8	1021	3531.710677376279	58834
8	1028	3564.281232275189	58844
8	1031	3567.488621428707	58827
8	1044	3613.777541185218	58848
8	1048	3623.877241202296	58832
8	1059	3667.614863016407	58826
8	1060	3668.232531395478	58845
8	1062	3674.644212735143	58829
8	1063	3677.934152151295	58850
8	1069	3702.664502272721	58852
8	1097	3787.256074510347	58846
8	1099	3793.661268147392	58837
8	1102	3812.644766802563	58847
8	1103	3816.940625472777	58854
8	1106	3826.288102264766	58849
8	1111	3842.910861204672	58858
8	1114	3866.678919285895	58843
8	1122	3895.322221494731	58851
8	1134	3942.079967391175	58857
8	1136	3969.530858728213	58853
8	1138	3972.936901427579	58859
8	1144	3990.033186303724	58861
8	1157	4041.201261067062	58856
8	1172	4103.512163784857	58864
8	1181	4143.756633909908	58862
8	1183	4158.96248181832	58871
8	1185	4163.60726375303	58873
8	1186	4169.452422318036	58874
8	1189	4177.289239739055	58876
8	1193	4184.584740697719	58867
8	1197	4206.194457061567	58877
8	1203	4220.613335360104	58865
8	1220	4281.410859788708	58882
8	1224	4299.866299540792	58883
8	1234	4328.534760971848	58878
8	1237	4344.440946553039	58870
8	1247	4380.697317129022	58875
8	1253	4417.248019676951	58890
8	1255	4422.800236582624	58887
8	1256	4423.61683795098	58888
8	1262	4448.42322965989	58880
8	1269	4471.245115306316	58892
8	1271	4483.305385877898	58881
8	1276	4512.212984734739	58884
8	1279	4523.171007983249	58886
8	1285	4551.53979981221	58894
8	1286	4555.396845767609	58891
8	1287	4555.854706178495	58889
8	1306	4644.47842321944	58898
8	1312	4673.528126343828	58899
8	1328	4734.258134651022	58893
8	1330	4737.854991697606	58903
8	1343	4783.788078126527	58900
8	1359	4848.436770004176	58911
8	1368	4877.417554309772	58915
8	1376	4897.791347286736	58901
8	1377	4898.568496072564	58906
8	1378	4907.152696773508	58907
8	1379	4913.97591064963	58902
8	1380	4915.33153550215	58918
8	1388	4940.432695229617	58910
8	1394	4960.482418006856	58913
8	1396	4963.463445039087	58920
8	1398	4974.382533757325	58914
8	1406	4990.607979739507	58905
8	1407	4994.346033804011	58917
8	1415	5025.035461136998	58924
8	1417	5030.072044749944	58925
8	1422	5039.383076199579	58909
8	1434	5077.857867361091	58922
8	1437	5086.000736959332	58923
8	1448	5132.037961627538	58930
8	1450	5133.679627469287	58931
8	1451	5135.717429016821	58932
8	1461	5165.232436935205	58928
8	1463	5169.968826638985	58921
8	1475	5213.044310039987	58929
8	1486	5240.409949474692	58938
8	1490	5245.422456701551	58933
8	1524	5350.63019362608	58934
8	1525	5365.484005407921	58940
8	1527	5377.004594069339	58947
8	1533	5415.512462342999	58948
8	1534	5416.726402504357	58949
8	1537	5421.340862603205	58950
8	1549	5449.323154898107	58939
8	1564	5497.388073960554	58943
8	1575	5545.044160813454	58956
8	1583	5558.680377924054	58960
8	1591	5593.034106065391	58963
8	1593	5599.729027511347	58942
8	1599	5629.987174921255	58953
8	1601	5640.154461919609	58955
8	1606	5649.311232098478	58957
8	1612	5669.333786877167	58967
8	1615	5678.828771285226	58969
8	1652	5790.047508876816	58962
8	1656	5801.505374220009	58974
8	1673	5862.484620308143	58966
8	1679	5884.338247982742	58981
8	1681	5886.158183990102	58961
8	1686	5913.154978516103	58970
8	1689	5927.790180451379	58975
8	1690	5929.752820308155	58976
8	1691	5935.439077236242	58977
8	1705	5982.386530241234	58982
8	1707	5985.924231461102	58972
8	1711	5999.778544096806	58973
8	1719	6022.331970904367	58984
8	1730	6060.610402831142	58988
8	1731	6061.560616343577	58979
8	1732	6078.898261117457	58980
8	1733	6079.534378547936	58989
8	1735	6084.015528898705	58991
8	1744	6117.868893268488	58995
8	1747	6128.078288385663	58996
8	1753	6141.432509911556	58998
8	1755	6144.425656716554	58985
8	1770	6212.218034156268	58994
8	1773	6222.908985884628	58983
8	1776	6233.170367348097	58997
8	1783	6254.607212617611	58986
8	1786	6287.301307264464	58990
8	1791	6297.864855340551	58992
8	1804	6348.117225954966	58999
8	1805	6349.214459902621	59003
8	1825	6422.651129632159	59007
8	1841	6502.051330007148	59000
8	1848	6523.362017835378	59006
8	1849	6523.394190673064	59004
8	1853	6538.143054544732	59001
8	1864	6582.410006244839	59009
8	1887	6645.183394769357	59020
8	1900	6693.776811280698	59010
8	1906	6710.865831940692	59030
8	1907	6711.594987160961	59011
8	1908	6713.462974640816	59031
8	1910	6717.416890369326	59033
8	1911	6719.625191375651	59012
8	1914	6723.788290989411	59013
8	1916	6731.485702709174	59019
8	1921	6762.89843644524	59008
8	1923	6772.364501350415	59022
8	1924	6772.618604202238	59023
8	1929	6794.021643145232	59036
8	1940	6819.433476264182	59032
8	1954	6855.96899656364	59039
8	1962	6887.389063518202	59025
8	1964	6897.681084787565	59016
8	1969	6913.693294310517	59029
8	1977	6927.05758517418	59042
8	1986	6968.458765098327	59044
8	2008	7028.700253232893	59037
8	2014	7050.087903228505	59043
8	2016	7055.305329775237	59049
8	2018	7059.043270756188	59038
8	2023	7083.405116147123	59035
8	2029	7115.75050389466	59046
8	2034	7120.816105022739	59054
8	2038	7124.130101730914	59056
8	2049	7142.115409778708	59058
8	2068	7212.204110949762	59051
8	2080	7234.843214429296	59069
8	2082	7236.430522934327	59070
8	2084	7241.281139625701	59057
8	2092	7260.515033461429	59060
8	2098	7279.98453519328	59062
8	2099	7292.767521211203	59074
8	2121	7366.018444174135	59071
8	2132	7426.295801011001	59052
8	2133	7431.346180718535	59066
8	2144	7448.155547912779	59076
8	2151	7479.379048723254	59073
8	2155	7503.544723043537	59079
8	2168	7555.835432230445	59083
8	2173	7581.861956752879	59072
8	2183	7644.230540865792	59081
8	2184	7644.476697524434	59082
8	2191	7673.182490829057	59087
8	2209	7750.451498058464	59086
8	2222	7796.740570979527	59085
8	2227	7827.293460514557	59088
8	2232	7843.345168404625	59091
8	2243	7868.945755708778	59093
8	2245	7874.530058496917	59094
8	2250	7892.491642979983	59097
8	2258	7914.99610573007	59105
8	2265	7931.604211690861	59089
8	2269	7948.615322691279	59100
8	2276	7971.847987048713	59092
8	2278	7974.524857980672	59111
8	2282	7988.951047509774	59103
8	2286	7999.715030890869	59098
8	2290	8003.76649868386	59099
8	2307	8063.21046833802	59110
8	2315	8100.379627384998	59112
8	2348	8205.422707900869	59124
8	2351	8209.173067375488	59125
8	2355	8222.677556001019	59115
8	2357	8226.004792717478	59127
8	2358	8230.467955055015	59106
8	2364	8243.944685329794	59129
8	2369	8266.583565223783	59109
8	2381	8324.685405849037	59126
8	2387	8342.832967407291	59132
8	2392	8353.503429560072	59120
8	2394	8357.111771947525	59121
8	2403	8423.78236783561	59133
8	2415	8456.992367851714	59130
8	2433	8554.759558535476	59134
8	2434	8555.43227016629	59135
8	2439	8583.377712421513	59141
8	2441	8586.928695627939	59143
8	2442	8587.506249865824	59144
8	2450	8634.252219528209	59137
8	2466	8699.515564603128	59146
8	2469	8711.946388574056	59147
8	2470	8713.965531342925	59145
8	2472	8727.603831678139	59149
8	2482	8769.312904399068	59139
8	2487	8783.81952313711	59153
8	2498	8811.668917950078	59136
8	2502	8828.498686176555	59155
8	2507	8860.531292400204	59150
8	2510	8869.229631603716	59158
8	2512	8873.166787409385	59159
8	2513	8877.129876416714	59151
8	2524	8906.917699484993	59165
8	2529	8920.428356090863	59148
8	2547	8988.819662790668	59162
8	2590	9157.168259832972	59169
8	2595	9178.813754181789	59174
8	2602	9202.972593371157	59163
8	2604	9231.394894277533	59171
8	2606	9239.844150662113	59166
8	2608	9249.380293603109	59172
8	2610	9251.953528955944	59168
8	2611	9251.961749671691	59180
8	2614	9256.934336692741	59173
8	2618	9278.634350449156	59183
8	2621	9288.502872846031	59175
8	2623	9300.573495097567	59176
8	2633	9353.793761051516	59167
8	2640	9370.219871005042	59182
8	2647	9405.498941102169	59177
8	2668	9476.351493752573	59189
8	2678	9522.431507294554	59192
8	2684	9545.797276577435	59187
8	2685	9561.116821473582	59184
8	2686	9562.319593185956	59181
8	2695	9580.877009651126	59185
8	2704	9620.560083849786	59191
8	2737	9728.236711865095	59207
8	2742	9735.300675243569	59208
8	2749	9772.299298561867	59210
8	2750	9773.33486183923	59196
8	2757	9802.837496166219	59190
8	2758	9806.512497685576	59213
8	2780	9877.378225299887	59201
8	2792	9912.913025302751	59204
8	2809	9975.132551980549	59200
8	2813	9979.757983280091	59222
8	2815	9983.880203847018	59223
8	2831	10043.302650557577	59227
8	2835	10063.624737491809	59229
8	2844	10089.009662244863	59212
8	2845	10089.964583919399	59224
8	2852	10131.245998114095	59232
8	2857	10161.138901200377	59219
8	2867	10185.721043565481	59221
8	2871	10207.183541447766	59235
8	2880	10235.825588978204	59218
8	2886	10265.081723973938	59228
8	2893	10282.402308809572	59230
8	2906	10318.18878934645	59225
8	2907	10329.512013188199	59245
8	2912	10347.713643386304	59233
8	2917	10366.692178243995	59237
8	2921	10374.60292498698	59248
8	2926	10383.44078185476	59249
8	2930	10394.672811601034	59250
8	2935	10411.89831792849	59242
8	2938	10415.726212427731	59244
8	2940	10417.962108852325	59253
8	2947	10454.346268931399	59247
8	2954	10480.995465273618	59238
8	2957	10484.762053019683	59234
8	2958	10486.390489849621	59257
8	2961	10499.940013201311	59258
8	2963	10503.744135731026	59259
8	2972	10536.177915895818	59246
8	2976	10556.617791221136	59255
8	2992	10608.564946278631	59241
8	2994	10623.432970928996	59252
8	3001	10658.782482896162	59260
8	3004	10662.902889619103	59263
8	3005	10665.482502141904	59256
8	3016	10733.390364526826	59262
8	3026	10775.849599942873	59261
8	3027	10780.716414463752	59264
8	3028	10787.437496320026	59268
8	3029	10790.892873231343	59269
8	3054	10941.824746718495	59265
8	3065	10981.57502058213	59276
8	3087	11068.369718523286	59274
8	3092	11080.472047889221	59267
8	3100	11103.155747264057	59283
8	3103	11120.486084924367	59277
8	3104	11121.390268231116	59284
8	3107	11128.111173419505	59285
8	3111	11135.814422408141	59279
8	3112	11136.283753936687	59289
8	3119	11153.385546890521	59270
8	3122	11167.746683448076	59291
8	3125	11170.124534370784	59272
8	3135	11195.957813365658	59295
8	3154	11251.007232681326	59301
8	3157	11263.269548532642	59303
8	3165	11288.606772426908	59293
8	3173	11306.884332645649	59296
8	3180	11328.03134280062	59298
8	3182	11334.234628923579	59286
8	3183	11336.086803189174	59287
8	3184	11336.155140833406	59288
8	3192	11345.156138454634	59300
8	3195	11349.775007272945	59280
8	3197	11362.742089322278	59302
8	3200	11371.108120215757	59304
8	3204	11378.522503078405	59308
8	3229	11446.254357443336	59318
8	3241	11480.058667977142	59305
8	3244	11493.535001068232	59310
8	3248	11498.732605307338	59321
8	3252	11509.170738434272	59306
8	3253	11511.182578581658	59313
8	3255	11529.624102810743	59307
8	3259	11539.170329428827	59314
8	3269	11553.587397196061	59323
8	3280	11577.390366180547	59320
8	3301	11648.42835475173	59317
8	3304	11653.734467199605	59331
8	3306	11656.09996093262	59332
8	3319	11688.370949729941	59336
8	3323	11708.486471445942	59311
8	3324	11708.966795690072	59312
8	3328	11733.816177769979	59328
8	3336	11752.533809413941	59338
8	3340	11762.35314042965	59333
8	3349	11801.279858637976	59325
8	3353	11814.693741871044	59322
8	3355	11834.635583977596	59327
8	3370	11878.749967233686	59334
8	3375	11899.456604712089	59344
8	3377	11904.777339388438	59326
8	3380	11919.069443773807	59340
8	3387	11945.476616211967	59345
8	3388	11945.956117430958	59337
8	3405	12046.309626808143	59342
8	3408	12050.315752578603	59346
8	3424	12141.440256274676	59349
8	3437	12204.390253991832	59355
8	3441	12219.28651662399	59350
8	3447	12249.051151784458	59357
8	3448	12253.893283523575	59358
8	3455	12272.169666551959	59354
8	3456	12273.852430257463	59359
8	3469	12341.254354616355	59351
8	3476	12358.376116232894	59352
8	3477	12358.679370351011	59365
8	3486	12394.808067177614	59369
8	3494	12447.350601364063	59364
8	3512	12483.969870603585	59367
8	3518	12523.896063277815	59370
8	3537	12578.376201429766	59380
8	3541	12583.762833724501	59381
8	3557	12641.947072050653	59363
8	3563	12663.137622478283	59376
8	3564	12664.074702214716	59372
8	3567	12675.080442516666	59378
8	3568	12675.843461868003	59379
8	3570	12680.243810729702	59388
8	3576	12706.937976246719	59390
8	3583	12728.089072356183	59383
8	3588	12742.495348303924	59384
8	3590	12746.679173774745	59395
8	3591	12753.802507176329	59385
8	3610	12798.141562947291	59373
8	3611	12799.833789343786	59389
8	3620	12829.58664753656	59382
8	3623	12832.448256710907	59394
8	3628	12858.126824279702	59400
8	3630	12867.401958020865	59386
8	3632	12869.462794400263	59402
8	3635	12871.482810195855	59396
8	3636	12877.462233817216	59404
8	3650	12916.048735226555	59391
8	3651	12916.725668150266	59407
8	3652	12919.392943028012	59398
8	3679	12988.573134229889	59387
8	3685	13009.636901368308	59406
8	3686	13012.677352880658	59411
8	3691	13022.785240275772	59412
8	3693	13027.297365257966	59413
8	3700	13057.136578805443	59416
8	3705	13066.013330414724	59401
8	3712	13083.068900239216	59409
8	3714	13085.152747782788	59410
8	3725	13123.300874691	59421
8	3727	13128.62659772076	59422
8	3731	13149.227891478797	59415
8	3734	13157.600597440705	59423
8	3740	13178.167176443371	59417
8	3747	13195.798185018414	59425
8	3748	13200.110942904077	59419
8	3749	13203.485677631389	59405
8	3750	13207.56718816353	59420
8	3761	13245.414571026761	59414
8	3774	13287.563393869252	59429
8	3782	13308.87225432183	59431
8	3798	13355.750807233361	59426
8	3799	13357.973974629269	59427
8	3802	13364.496102339757	59428
8	3826	13454.11305824804	59438
8	3835	13482.861617241049	59439
8	3849	13530.827222458719	59443
8	3851	13536.958786232757	59435
8	3855	13540.783545386333	59445
8	3859	13550.269283047126	59446
8	3868	13569.45315348773	59434
8	3876	13604.004085408202	59440
8	3880	13613.615535897239	59450
8	3885	13622.922725779371	59442
8	3889	13638.722595904438	59453
8	3895	13648.569156224294	59436
8	3896	13652.299741468053	59455
8	3903	13664.570968105795	59447
8	3911	13692.558628360576	59449
8	3931	13755.926340127108	59456
8	3941	13784.679307678469	59448
8	3948	13817.826430092121	59465
8	3953	13833.460880482879	59452
8	3963	13856.627469407639	59467
8	3966	13860.013923685559	59457
8	3969	13874.290958337476	59464
8	3974	13894.207229182526	59470
8	3977	13911.424070118369	59460
8	3982	13926.913735830621	59461
8	3983	13935.913432559351	59462
8	3991	13953.79318715868	59466
8	3999	13976.916481318002	59473
8	4020	14049.859213179325	59478
8	4037	14091.957157562145	59481
8	4054	14149.718687453591	59477
8	4057	14156.333482435349	59479
8	4058	14158.965273831713	59471
8	4062	14161.598027040051	59472
8	4064	14168.3054670891	59487
8	4069	14190.300552758252	59490
8	4073	14196.634736331119	59492
8	4075	14207.830244921192	59493
8	4079	14224.459668009108	59476
8	4081	14237.754300071482	59483
8	4085	14249.557924443534	59484
8	4089	14255.94075797022	59486
8	4102	14294.853401251461	59491
8	4124	14378.829851395623	59488
8	4127	14388.151153751525	59489
8	4137	14428.14279328031	59494
8	4139	14433.875522470197	59501
8	4152	14469.030896485399	59500
8	4156	14483.867822308049	59504
8	4163	14501.114906122284	59497
8	4168	14517.883609097504	59506
8	4170	14523.278827451633	59507
8	4174	14541.813062378787	59509
8	4175	14543.876780068002	59502
8	4176	14544.131975869663	59510
8	4193	14589.082443154307	59514
8	4205	14630.233767238901	59508
8	4213	14654.767297972766	59520
8	4220	14683.470265096279	59525
8	4221	14685.932554294832	59503
8	4232	14721.209599471439	59505
8	4233	14722.611745100471	59519
8	4249	14778.443919410838	59521
8	4251	14780.308918671542	59523
8	4260	14794.938859208394	59513
8	4264	14802.485430682203	59529
8	4269	14810.635261247437	59530
8	4274	14821.852746711736	59518
8	4287	14856.197208995671	59526
8	4297	14884.141483218537	59536
8	4299	14888.981251171613	59524
8	4300	14889.033603925777	59528
8	4303	14893.007739038577	59538
8	4305	14903.629251015204	59516
8	4320	14924.949995855642	59545
8	4330	14940.782512418793	59548
8	4341	14980.879411584888	59550
8	4343	14985.792611533982	59535
8	4346	14989.117850377101	59537
8	4354	15009.270851947155	59539
8	4358	15019.065692995379	59542
8	4366	15025.049499698321	59554
8	4367	15025.583250369379	59555
8	4369	15035.552513722091	59556
8	4371	15038.346302206019	59546
8	4375	15049.441953155817	59557
8	4381	15070.487600368283	59558
8	4383	15075.437940731643	59560
8	4384	15078.033617356912	59561
8	4406	15127.408714311353	59553
8	4413	15140.619926989281	59563
8	4415	15142.296049433902	59547
8	4420	15159.525769149466	59564
8	4440	15226.551893428465	59551
8	4442	15229.068682540252	59544
8	4447	15232.340239975272	59570
8	4454	15245.357839426312	59571
8	4456	15251.27626047884	59572
8	4458	15261.14485081445	59573
8	4465	15279.415246646329	59559
8	4476	15314.650750300547	59568
8	4489	15341.262988162737	59579
8	4500	15367.442049491079	59574
8	4501	15378.250191214414	59581
8	4510	15397.738206773036	59567
8	4516	15403.289599542975	59584
8	4521	15421.9256996899	59586
8	4523	15428.578673214325	59562
8	4534	15460.361070430451	59588
8	4549	15498.438535142462	59590
8	4551	15499.151236065239	59592
8	4558	15513.599889484325	59577
8	4559	15518.455432307591	59585
8	4562	15527.80927220095	59587
8	4564	15537.460779103107	59578
8	4566	15551.340078494821	59580
8	4581	15591.941249357088	59582
8	4588	15608.0007461672	59576
8	4608	15672.572710584894	59589
8	4630	15757.517036941555	59599
8	4635	15772.935103496955	59596
8	4637	15778.526607694516	59597
8	4640	15809.980097821081	59593
8	4641	15810.910912407755	59606
8	4642	15816.884583698742	59594
8	4650	15855.293904309446	59609
8	4657	15874.248420541731	59595
8	4668	15920.808804160947	59600
8	4675	15938.448150947607	59602
8	4680	15961.607465238132	59610
8	4684	15969.74238851737	59612
8	4692	16015.237550165249	59615
8	4695	16024.72486992307	59607
8	4698	16032.594548796914	59617
8	4701	16042.298451294126	59618
8	4704	16049.719207731175	59620
8	4725	16146.575917384354	59623
8	4730	16165.109532797233	59621
8	4735	16193.056161794736	59624
8	4746	16231.115387033478	59611
8	4760	16296.430004221186	59625
8	4762	16308.801709187269	59622
8	4763	16309.310467211677	59626
8	4767	16319.57865502897	59627
8	4770	16334.548075258651	59616
8	4776	16346.266250369074	59633
8	4786	16411.03301471952	59636
8	4792	16421.855199892625	59637
8	4794	16435.49715680833	59638
8	4796	16438.514283462437	59639
8	4797	16440.646071048272	59640
8	4798	16440.763017751798	59641
8	4807	16484.789065555332	59629
8	4809	16488.682440069861	59643
8	4826	16541.915903493608	59645
8	4834	16561.398042665661	59647
8	4842	16594.346425188035	59634
8	4843	16598.316612721181	59635
8	4848	16616.075033061159	59630
8	4850	16617.514563920664	59652
8	4872	16690.611284071555	59649
8	4875	16694.708517716274	59650
8	4879	16703.386019628843	59658
8	4882	16716.253332163095	59651
8	4886	16724.552402435413	59644
8	4893	16746.269628366154	59653
8	4899	16750.151869577895	59646
8	4903	16767.524428533382	59655
8	4906	16777.545474766541	59662
8	4911	16802.862345169998	59657
8	4918	16820.670765889074	59664
8	4935	16872.0592783708	59656
8	4946	16914.725018777652	59659
8	4952	16937.322577308516	59665
8	4960	16961.510544477305	59671
8	4962	16969.454729352324	59667
8	4979	17041.850549727782	59661
8	4980	17046.549219817016	59674
8	4982	17058.385700488124	59675
8	5017	17215.853600506371	59683
8	5020	17224.648487231161	59685
8	5026	17241.392767263534	59670
8	5037	17286.250253986428	59680
8	5038	17290.903323560955	59672
8	5042	17307.395423543124	59689
8	5043	17311.48503210019	59690
8	5048	17329.700802555971	59678
8	5052	17342.827995885472	59679
8	5062	17364.734545356076	59697
8	5065	17369.771388164805	59687
8	5067	17374.532708113261	59677
8	5075	17401.894264739474	59688
8	5083	17423.734829467259	59684
8	5100	17466.867224845405	59686
8	5107	17478.672270493462	59706
8	5110	17490.678399435039	59707
8	5113	17494.6515204418	59709
8	5127	17538.87703692863	59693
8	5134	17556.836796177371	59701
8	5135	17560.252644404263	59702
8	5136	17568.033707736168	59703
8	5137	17568.040406336852	59704
8	5141	17571.949026581056	59713
8	5147	17584.615782560364	59715
8	5151	17597.192217119019	59708
8	5161	17628.240555929342	59691
8	5172	17673.662783053568	59719
8	5194	17759.21244722501	59700
8	5216	17820.756281060215	59720
8	5217	17828.976404434379	59721
8	5219	17848.333363897152	59712
8	5225	17877.405719074194	59726
8	5229	17884.527344756743	59722
8	5231	17888.166316359169	59727
8	5232	17892.4084054878	59728
8	5234	17901.608443525042	59724
8	5237	17913.564142587193	59716
8	5243	17939.964875826427	59732
8	5249	17971.534189178078	59733
8	5250	17976.136679076091	59734
8	5262	18009.554628779307	59738
8	5264	18012.898942360272	59729
8	5276	18068.738304136201	59725
8	5304	18167.297869613465	59742
8	5309	18183.808959564508	59743
8	5310	18188.00239076027	59735
8	5316	18206.057109712919	59748
8	5322	18226.734497569049	59730
8	5324	18229.852151051998	59739
8	5325	18237.166362032663	59750
8	5342	18291.024792582474	59747
8	5356	18340.839471643797	59751
8	5371	18405.631406500668	59753
8	5377	18423.913902564927	59755
8	5403	18524.014871477535	59763
8	5406	18531.312931934454	59766
8	5409	18546.017928435729	59769
8	5425	18596.430625635369	59765
8	5430	18625.704638114718	59762
8	5440	18650.745893387209	59756
8	5441	18651.863170026054	59757
8	5450	18693.527489043541	59761
8	5462	18749.667502285663	59768
8	5467	18759.014718908008	59779
8	5471	18774.871569271645	59764
8	5476	18795.577348842821	59781
8	5481	18814.247286337744	59772
8	5501	18885.265812812371	59770
8	5504	18901.752986988184	59786
8	5517	18942.502257971809	59783
8	5518	18943.011337104948	59790
8	5524	18965.166955113814	59776
8	5525	18967.628912181769	59777
8	5539	19017.317902608315	59787
8	5543	19034.530804670479	59782
8	5544	19036.281237326602	59788
8	5548	19047.095937518811	59791
8	5549	19047.997843489102	59792
8	5559	19085.175699069411	59785
8	5567	19123.665839354759	59796
8	5578	19152.043095253517	59798
8	5580	19179.831990204755	59803
8	5583	19186.582845426488	59784
8	5592	19217.9387760693	59794
8	5593	19220.370851449463	59795
8	5602	19246.30363022584	59807
8	5609	19283.788114718699	59804
8	5617	19316.81943031715	59809
8	5621	19328.657101478517	59810
8	5623	19335.732102127795	59811
8	5624	19338.256287358587	59805
8	5636	19388.108340803239	59799
8	5639	19404.649024846801	59808
8	5650	19449.730441715678	59812
8	5653	19463.802376975692	59813
8	5655	19490.75105217753	59816
8	5683	19597.50629603805	59817
8	5691	19622.916178708869	59824
8	5694	19642.136642050943	59825
8	5704	19667.330012417916	59826
8	5718	19720.4127054897	59832
8	5719	19722.88652382978	59823
8	5723	19732.536385019728	59814
8	5728	19745.904464471224	59834
8	5731	19751.134521148899	59835
8	5736	19776.61337900148	59827
8	5740	19799.473838661095	59839
8	5744	19803.926722051182	59830
8	5753	19830.69378074912	59841
8	5754	19834.660271657419	59842
8	5758	19845.183348901261	59833
8	5762	19851.696213605125	59820
8	5799	19970.642679620347	59837
8	5802	19986.005263812703	59848
9	254	1015.143599747383	0
9	256	1025.017997210756	0
9	261	1046.274158671408	0
9	262	1046.47870715877	0
9	271	1077.178136897689	0
9	281	1107.609773961538	0
9	285	1123.70995430125	0
9	295	1156.136456789692	0
9	297	1159.971284949395	0
9	307	1198.02367115146	0
9	308	1206.132464065003	0
9	312	1214.35566313236	0
9	325	1254.445412675333	0
9	339	1314.536507829624	0
9	341	1319.909970625898	0
9	359	1398.755896981144	0
9	372	1444.192652066637	0
9	375	1458.788061035046	0
9	381	1487.042982460619	0
9	396	1545.209912214832	0
9	397	1547.162709907427	0
9	402	1567.69007012153	0
9	413	1607.850488124681	0
9	431	1681.189282928174	0
9	446	1752.895109493134	0
9	461	1803.814215962335	0
9	462	1813.460257791748	0
9	468	1821.765402662544	0
9	477	1858.233036361939	0
9	479	1866.585193953325	0
9	481	1878.871329954572	0
9	487	1895.719247156606	0
9	493	1918.881176368971	0
9	496	1936.072650630729	0
9	500	1943.912191452633	0
9	503	1955.945908897121	0
9	507	1962.67735622868	0
9	508	1967.328006701945	0
9	513	1988.337323971667	0
9	532	2044.068119495204	0
9	535	2056.510351746113	0
9	555	2117.352782290156	0
9	556	2119.629616722185	0
9	563	2141.892215344248	0
9	588	2207.684389818541	0
9	589	2208.005912497228	0
9	604	2251.18158079786	0
9	615	2278.548084007294	0
9	620	2291.104430456008	0
9	627	2309.406447811706	0
9	639	2344.875217422673	0
9	648	2363.605671082887	0
9	652	2372.648323842337	0
9	656	2380.899562046721	0
9	675	2443.611251165364	0
9	679	2451.301538039992	0
9	681	2459.519943520693	0
9	683	2466.181516427106	0
9	688	2477.859459834451	0
9	690	2483.360350142315	0
9	695	2490.132530257358	0
9	703	2504.154177841117	0
9	727	2590.733738692374	0
9	731	2599.566512011064	0
9	733	2601.368157293658	0
9	743	2642.224817641913	0
9	757	2685.050547630226	0
9	770	2707.255889075578	0
9	777	2747.10076388281	0
9	778	2747.85110508458	0
9	794	2804.976230924275	0
9	797	2809.008010350065	0
9	802	2838.864405718125	0
9	813	2875.170470071147	0
9	830	2935.099591850607	0
9	833	2948.306466746822	0
9	835	2960.234469750877	0
9	849	2999.943840241293	0
9	851	3010.703394625521	0
9	854	3017.912021577783	0
9	894	3171.4076776986	0
9	895	3184.918844021493	0
9	916	3246.724824100325	0
9	925	3268.037605754965	0
9	930	3290.300379189884	0
9	935	3303.561944492395	0
9	939	3317.141399340032	0
9	951	3344.072541134999	0
9	954	3356.57436231423	0
9	955	3358.614863016407	0
9	960	3365.644212735143	0
9	961	3365.793186475494	0
9	970	3394.752701867522	0
9	973	3403.039043101048	0
9	975	3415.969690363358	0
9	982	3427.625864776998	0
9	1000	3472.809676300973	0
9	1002	3484.661268147392	0
9	1005	3496.604528667605	0
9	1024	3540.762189638735	0
9	1025	3557.678919285895	0
9	1027	3564.277439308981	0
9	1038	3588.696959067989	0
9	1047	3622.536117478794	0
9	1049	3629.949114137917	0
9	1051	3634.460544084764	0
9	1058	3667.281232275189	0
9	1061	3670.488621428707	0
9	1071	3716.777541185218	0
9	1076	3726.877241202296	0
9	1095	3780.934152151295	0
9	1101	3805.664502272721	0
9	1127	3915.644766802563	0
9	1128	3919.940625472777	0
9	1131	3929.288102264766	0
9	1135	3945.910861204672	0
9	1142	3985.936741544079	0
9	1164	4072.530858728213	0
9	1166	4075.936901427579	0
9	1169	4085.78796167575	0
9	1184	4160.456488306795	0
9	1199	4206.512163784857	0
9	1208	4239.590230350456	0
9	1211	4246.756633909908	0
9	1213	4261.96248181832	0
9	1216	4272.452422318036	0
9	1219	4280.289239739055	0
9	1228	4309.83313118303	0
9	1233	4323.613335360104	0
9	1250	4402.866299540792	0
9	1272	4483.697317129022	0
9	1278	4520.248019676951	0
9	1281	4526.61683795098	0
9	1291	4574.245115306316	0
9	1293	4586.305385877898	0
9	1299	4612.253128468787	0
9	1307	4654.53979981221	0
9	1309	4658.854706178495	0
9	1331	4747.47842321944	0
9	1339	4776.528126343828	0
9	1358	4840.854991697606	0
9	1372	4883.696860327991	0
9	1373	4886.788078126527	0
9	1382	4921.281318044192	0
9	1391	4951.436770004176	0
9	1401	4980.417554309772	0
9	1409	5001.568496072564	0
9	1413	5018.33153550215	0
9	1424	5043.432695229617	0
9	1426	5048.649664489794	0
9	1430	5063.482418006856	0
9	1433	5077.382533757325	0
9	1440	5097.346033804011	0
9	1447	5128.035461136998	0
9	1449	5133.072044749944	0
9	1454	5142.383076199579	0
9	1465	5180.857867361091	0
9	1468	5189.000736959332	0
9	1472	5200.674790996559	0
9	1477	5219.48274687249	0
9	1480	5235.037961627538	0
9	1483	5236.679627469287	0
9	1485	5238.717429016821	0
9	1496	5272.968826638985	0
9	1502	5290.729027511347	0
9	1509	5316.044310039987	0
9	1511	5316.933590297048	0
9	1515	5335.987453615691	0
9	1516	5337.727789230462	0
9	1521	5343.409949474692	0
9	1523	5348.422456701551	0
9	1553	5453.63019362608	0
9	1555	5468.484005407921	0
9	1559	5486.372225190021	0
9	1562	5496.499393379952	0
9	1565	5518.512462342999	0
9	1566	5519.726402504357	0
9	1570	5527.579823461461	0
9	1578	5551.876682144242	0
9	1579	5551.947140553109	0
9	1580	5552.323154898107	0
9	1587	5577.158183990102	0
9	1594	5600.388073960554	0
9	1605	5648.044160813454	0
9	1611	5661.680377924054	0
9	1621	5696.034106065391	0
9	1632	5732.987174921255	0
9	1635	5743.154461919609	0
9	1639	5752.311232098478	0
9	1645	5772.333786877167	0
9	1649	5781.828771285226	0
9	1663	5835.868283783285	0
9	1685	5904.505374220009	0
9	1708	5987.338247982742	0
9	1722	6030.790180451379	0
9	1723	6032.752820308155	0
9	1736	6085.386530241234	0
9	1742	6102.975498768232	0
9	1759	6163.610402831142	0
9	1762	6182.534378547936	0
9	1764	6187.015528898705	0
9	1766	6193.051330007148	0
9	1774	6229.143054544732	0
9	1775	6231.078288385663	0
9	1778	6240.363534988972	0
9	1779	6244.432509911556	0
9	1782	6247.425656716554	0
9	1794	6315.218034156268	0
9	1832	6452.214459902621	0
9	1834	6453.89843644524	0
9	1861	6574.174831163724	0
9	1865	6588.681084787565	0
9	1879	6618.218232152981	0
9	1881	6626.362017835378	0
9	1897	6685.410006244839	0
9	1899	6693.594918077762	0
9	1903	6701.133660558817	0
9	1918	6748.183394769357	0
9	1925	6774.405116147123	0
9	1932	6796.776811280698	0
9	1937	6813.865831940692	0
9	1939	6816.462974640816	0
9	1941	6820.416890369326	0
9	1946	6826.788290989411	0
9	1958	6875.364501350415	0
9	1959	6875.618604202238	0
9	1963	6897.021643145232	0
9	1974	6922.433476264182	0
9	1991	6990.389063518202	0
9	1997	7016.693294310517	0
9	2009	7030.05758517418	0
9	2012	7044.366443520778	0
9	2019	7071.458765098327	0
9	2030	7117.295801011001	0
9	2053	7153.087903228505	0
9	2055	7158.305329775237	0
9	2061	7176.849489535666	0
9	2065	7191.223890519716	0
9	2070	7218.75050389466	0
9	2074	7223.816105022739	0
9	2077	7227.130101730914	0
9	2078	7229.696928403024	0
9	2095	7272.861956752879	0
9	2101	7315.204110949762	0
9	2114	7337.843214429296	0
9	2115	7339.430522934327	0
9	2117	7344.281139625701	0
9	2120	7363.515033461429	0
9	2126	7395.767521211203	0
9	2129	7416.422757991838	0
9	2149	7469.018444174135	0
9	2177	7606.544723043537	0
9	2186	7658.835432230445	0
9	2207	7747.230540865792	0
9	2208	7747.476697524434	0
9	2216	7776.182490829057	0
9	2217	7781.529267693233	0
9	2218	7784.253789504835	0
9	2236	7853.451498058464	0
9	2240	7867.96918193194	0
9	2254	7899.740570979527	0
9	2260	7921.467955055015	0
9	2271	7957.583565223783	0
9	2279	7977.530058496917	0
9	2288	8000.686094838078	0
9	2291	8005.849830459897	0
9	2293	8017.99610573007	0
9	2295	8025.207060348758	0
9	2296	8030.277383143162	0
9	2298	8034.604211690861	0
9	2303	8051.615322691279	0
9	2306	8060.690531084489	0
9	2309	8077.524857980672	0
9	2312	8091.951047509774	0
9	2316	8102.715030890869	0
9	2320	8106.76649868386	0
9	2342	8166.21046833802	0
9	2344	8191.971672943558	0
9	2346	8197.548002924394	0
9	2347	8203.379627384998	0
9	2363	8243.462932908759	0
9	2377	8308.422707900869	0
9	2379	8312.173067375488	0
9	2384	8329.004792717478	0
9	2389	8346.944685329794	0
9	2409	8445.832967407291	0
9	2416	8460.111771947525	0
9	2423	8502.668917950078	0
9	2427	8526.78236783561	0
9	2430	8536.956103511907	0
9	2455	8657.759558535476	0
9	2456	8658.43227016629	0
9	2462	8686.377712421513	0
9	2465	8690.506249865824	0
9	2475	8737.252219528209	0
9	2494	8802.515564603128	0
9	2499	8814.946388574056	0
9	2500	8816.965531342925	0
9	2503	8830.603831678139	0
9	2504	8838.821523219973	0
9	2511	8872.312904399068	0
9	2515	8880.878021878481	0
9	2516	8884.762578406296	0
9	2518	8886.81952313711	0
9	2520	8893.972593371157	0
9	2530	8931.498686176555	0
9	2539	8963.531292400204	0
9	2540	8972.229631603716	0
9	2542	8976.166787409385	0
9	2543	8980.129876416714	0
9	2559	9044.793761051516	0
9	2574	9094.286674145516	0
9	2612	9253.319593185956	0
9	2628	9334.394894277533	0
9	2631	9342.844150662113	0
9	2632	9352.380293603109	0
9	2634	9354.953528955944	0
9	2635	9354.961749671691	0
9	2638	9359.934336692741	0
9	2643	9381.634350449156	0
9	2644	9391.502872846031	0
9	2646	9403.573495097567	0
9	2648	9412.536301589097	0
9	2666	9468.071154116046	0
9	2671	9493.837496166219	0
9	2679	9523.855339720439	0
9	2694	9579.351493752573	0
9	2703	9620.167811329946	0
9	2706	9625.431507294554	0
9	2714	9648.797276577435	0
9	2715	9664.116821473582	0
9	2717	9666.132551980549	0
9	2722	9676.621219537493	0
9	2727	9698.876599394468	0
9	2732	9714.45364211927	0
9	2735	9723.560083849786	0
9	2745	9743.786561265122	0
9	2754	9780.009662244863	0
9	2768	9831.236711865095	0
9	2778	9875.299298561867	0
9	2791	9909.512497685576	0
9	2797	9926.825588978204	0
9	2808	9966.118755392648	0
9	2821	10009.18878934645	0
9	2823	10015.913025302751	0
9	2824	10018.703525064071	0
9	2846	10104.502538352617	0
9	2860	10166.624737491809	0
9	2863	10175.762053019683	0
9	2879	10234.245998114095	0
9	2885	10264.138901200377	0
9	2890	10276.832500971431	0
9	2891	10277.441305866962	0
9	2895	10288.721043565481	0
9	2898	10299.564946278631	0
9	2900	10310.183541447766	0
9	2942	10432.512013188199	0
9	2945	10450.713643386304	0
9	2951	10469.692178243995	0
9	2953	10477.60292498698	0
9	2959	10486.44078185476	0
9	2965	10514.89831792849	0
9	2969	10520.962108852325	0
9	2977	10557.346268931399	0
9	2984	10583.995465273618	0
9	2988	10589.390489849621	0
9	2990	10602.940013201311	0
9	3002	10659.617791221136	0
9	3020	10761.782482896162	0
9	3022	10765.902889619103	0
9	3023	10768.482502141904	0
9	3025	10771.472047889221	0
9	3035	10844.385546890521	0
9	3047	10883.716414463752	0
9	3048	10890.437496320026	0
9	3049	10893.892873231343	0
9	3080	11040.775007272945	0
9	3082	11044.824746718495	0
9	3093	11084.57502058213	0
9	3127	11171.369718523286	0
9	3138	11206.155747264057	0
9	3140	11223.486084924367	0
9	3142	11224.390268231116	0
9	3144	11231.111173419505	0
9	3148	11238.814422408141	0
9	3149	11239.283753936687	0
9	3150	11240.661836750131	0
9	3161	11273.124534370784	0
9	3196	11354.007232681326	0
9	3199	11366.269548532642	0
9	3205	11388.894739770863	0
9	3207	11391.606772426908	0
9	3209	11399.486471445942	0
9	3210	11399.966795690072	0
9	3220	11431.03134280062	0
9	3226	11439.155140833406	0
9	3227	11440.831843840622	0
9	3231	11448.156138454634	0
9	3235	11464.12883107923	0
9	3238	11474.108120215757	0
9	3242	11481.522503078405	0
9	3251	11505.693741871044	0
9	3266	11549.254357443336	0
9	3278	11576.430800718772	0
9	3285	11595.777339388438	0
9	3287	11601.732605307338	0
9	3296	11633.497631613411	0
9	3299	11645.017675088861	0
9	3313	11673.552414170039	0
9	3317	11680.390366180547	0
9	3337	11756.668089590392	0
9	3338	11756.734467199605	0
9	3339	11759.09996093262	0
9	3347	11791.370949729941	0
9	3357	11836.816177769979	0
9	3368	11865.35314042965	0
9	3376	11904.279858637976	0
9	3393	11981.749967233686	0
9	3397	12002.456604712089	0
9	3402	12022.069443773807	0
9	3406	12048.476616211967	0
9	3407	12048.956117430958	0
9	3430	12153.315752578603	0
9	3457	12275.296631025924	0
9	3466	12322.28651662399	0
9	3467	12332.947072050653	0
9	3472	12352.051151784458	0
9	3473	12356.893283523575	0
9	3479	12366.539396618124	0
9	3480	12375.169666551959	0
9	3481	12376.852430257463	0
9	3485	12389.469125577827	0
9	3496	12451.260564897243	0
9	3501	12461.376116232894	0
9	3502	12461.679370351011	0
9	3513	12489.141562947291	0
9	3515	12497.808067177614	0
9	3520	12530.811242534237	0
9	3552	12626.896063277815	0
9	3569	12679.573134229889	0
9	3571	12681.376201429766	0
9	3572	12686.762833724501	0
9	3579	12714.528276280641	0
9	3597	12767.074702214716	0
9	3606	12783.243810729702	0
9	3614	12809.937976246719	0
9	3622	12831.089072356183	0
9	3624	12838.662939766322	0
9	3625	12845.495348303924	0
9	3626	12849.679173774745	0
9	3627	12856.802507176329	0
9	3643	12894.485677631389	0
9	3645	12902.833789343786	0
9	3659	12935.448256710907	0
9	3667	12961.126824279702	0
9	3671	12972.462794400263	0
9	3673	12974.482810195855	0
9	3677	12980.462233817216	0
9	3688	13019.048735226555	0
9	3689	13019.725668150266	0
9	3711	13079.294674698156	0
9	3721	13112.636901368308	0
9	3722	13115.677352880658	0
9	3726	13125.785240275772	0
9	3728	13130.297365257966	0
9	3735	13160.136578805443	0
9	3743	13186.068900239216	0
9	3746	13188.152747782788	0
9	3756	13226.300874691	0
9	3758	13231.62659772076	0
9	3766	13260.600597440705	0
9	3772	13281.167176443371	0
9	3778	13298.798185018414	0
9	3779	13303.110942904077	0
9	3781	13308.632744028986	0
9	3797	13354.526945415351	0
9	3806	13390.563393869252	0
9	3814	13411.87225432183	0
9	3825	13453.531954672749	0
9	3828	13458.750807233361	0
9	3832	13467.496102339757	0
9	3840	13504.217974579456	0
9	3852	13537.653857026883	0
9	3864	13557.11305824804	0
9	3872	13585.861617241049	0
9	3888	13633.827222458719	0
9	3890	13639.958786232757	0
9	3892	13643.783545386333	0
9	3894	13648.124326903081	0
9	3898	13653.269283047126	0
9	3906	13672.45315348773	0
9	3907	13681.349139219634	0
9	3909	13686.428239426877	0
9	3915	13716.615535897239	0
9	3923	13741.722595904438	0
9	3929	13751.569156224294	0
9	3930	13755.299741468053	0
9	3937	13767.570968105795	0
9	3945	13795.558628360576	0
9	3971	13887.679307678469	0
9	3972	13891.684256189703	0
9	3980	13920.826430092121	0
9	3995	13959.627469407639	0
9	3996	13963.013923685559	0
9	4000	13977.290958337476	0
9	4005	13997.207229182526	0
9	4007	14003.862252012898	0
9	4009	14014.424070118369	0
9	4016	14038.913432559351	0
9	4024	14056.203977810286	0
9	4025	14056.79318715868	0
9	4032	14079.916481318002	0
9	4048	14130.438992834226	0
9	4053	14147.225750445125	0
9	4055	14152.859213179325	0
9	4071	14194.957157562145	0
9	4083	14244.484937882898	0
9	4090	14259.333482435349	0
9	4097	14271.3054670891	0
9	4101	14293.300552758252	0
9	4105	14299.634736331119	0
9	4106	14310.830244921192	0
9	4109	14327.459668009108	0
9	4112	14340.754300071482	0
9	4119	14358.94075797022	0
9	4159	14491.151153751525	0
9	4172	14531.14279328031	0
9	4173	14536.875522470197	0
9	4196	14594.629251015204	0
9	4197	14597.879050802063	0
9	4203	14620.883609097504	0
9	4204	14626.278827451633	0
9	4208	14644.813062378787	0
9	4209	14646.876780068002	0
9	4210	14647.131975869663	0
9	4217	14677.022459146831	0
9	4224	14692.082443154307	0
9	4238	14733.233767238901	0
9	4245	14757.767297972766	0
9	4257	14786.470265096279	0
9	4258	14788.932554294832	0
9	4271	14817.209278147481	0
9	4277	14825.611745100471	0
9	4280	14831.076990605847	0
9	4293	14881.443919410838	0
9	4296	14883.308918671542	0
9	4304	14897.938859208394	0
9	4306	14905.485430682203	0
9	4309	14908.397117972358	0
9	4311	14913.635261247437	0
9	4313	14917.523870076722	0
9	4314	14920.068682540252	0
9	4332	14959.197208995671	0
9	4345	14987.141483218537	0
9	4347	14991.981251171613	0
9	4368	15027.949995855642	0
9	4374	15043.782512418793	0
9	4387	15088.792611533982	0
9	4398	15119.578673214325	0
9	4400	15122.065692995379	0
9	4407	15128.049499698321	0
9	4408	15128.583250369379	0
9	4411	15138.552513722091	0
9	4414	15141.346302206019	0
9	4419	15152.441953155817	0
9	4424	15173.487600368283	0
9	4427	15178.437940731643	0
9	4429	15181.033617356912	0
9	4438	15224.877736804922	0
9	4450	15243.619926989281	0
9	4452	15245.296049433902	0
9	4459	15262.525769149466	0
9	4473	15299.0007461672	0
9	4483	15329.551893428465	0
9	4488	15335.340239975272	0
9	4493	15348.357839426312	0
9	4494	15354.27626047884	0
9	4497	15364.14485081445	0
9	4504	15382.415246646329	0
9	4509	15397.186292217352	0
9	4520	15417.650750300547	0
9	4529	15444.262988162737	0
9	4541	15470.442049491079	0
9	4543	15481.250191214414	0
9	4553	15500.738206773036	0
9	4554	15500.980097821081	0
9	4556	15506.289599542975	0
9	4557	15507.884583698742	0
9	4561	15524.9256996899	0
9	4571	15563.361070430451	0
9	4572	15565.248420541731	0
9	4580	15590.053619546005	0
9	4582	15601.438535142462	0
9	4594	15621.455432307591	0
9	4602	15654.340078494821	0
9	4621	15717.181033919132	0
9	4632	15762.084297656864	0
9	4636	15775.572710584894	0
9	4652	15860.517036941555	0
9	4658	15875.935103496955	0
9	4660	15881.526607694516	0
9	4665	15913.910912407755	0
9	4670	15922.115387033478	0
9	4679	15958.293904309446	0
9	4697	16025.548075258651	0
9	4700	16041.448150947607	0
9	4707	16064.607465238132	0
9	4709	16072.74238851737	0
9	4717	16118.237550165249	0
9	4719	16127.72486992307	0
9	4722	16135.594548796914	0
9	4727	16152.719207731175	0
9	4753	16259.697925011393	0
9	4754	16268.109532797233	0
9	4761	16307.075033061159	0
9	4765	16311.063294616005	0
9	4766	16314.265028660135	0
9	4787	16411.801709187269	0
9	4788	16412.310467211677	0
9	4793	16422.57865502897	0
9	4801	16444.551158772424	0
9	4802	16449.266250369074	0
9	4815	16514.03301471952	0
9	4822	16524.855199892625	0
9	4824	16538.49715680833	0
9	4825	16541.514283462437	0
9	4828	16543.646071048272	0
9	4829	16543.763017751798	0
9	4839	16587.789065555332	0
9	4840	16591.682440069861	0
9	4860	16644.915903493608	0
9	4867	16664.398042665661	0
9	4878	16701.316612721181	0
9	4884	16720.514563920664	0
9	4889	16732.850549727782	0
9	4910	16797.708517716274	0
9	4914	16806.386019628843	0
9	4915	16810.044271838501	0
9	4920	16827.552402435413	0
9	4925	16842.873766136413	0
9	4927	16849.269628366154	0
9	4930	16853.151869577895	0
9	4934	16870.524428533382	0
9	4942	16904.92778964915	0
9	4943	16905.862345169998	0
9	4947	16923.670765889074	0
9	4950	16932.392767263534	0
9	4966	16981.903323560955	0
9	4983	17060.530057980785	0
9	4984	17064.510544477305	0
9	4985	17065.532708113261	0
9	4986	17072.454729352324	0
9	5001	17149.549219817016	0
9	5003	17161.385700488124	0
9	5011	17197.66633702623	0
9	5044	17318.853600506371	0
9	5045	17319.240555929342	0
9	5047	17327.648487231161	0
9	5051	17338.889391847051	0
9	5057	17351.980185734983	0
9	5070	17389.250253986428	0
9	5078	17410.395423543124	0
9	5079	17414.48503210019	0
9	5091	17445.827995885472	0
9	5094	17450.21244722501	0
9	5101	17467.734545356076	0
9	5103	17472.077033426553	0
9	5104	17472.771388164805	0
9	5128	17539.333363897152	0
9	5142	17572.919883897234	0
9	5146	17581.672270493462	0
9	5149	17593.678399435039	0
9	5152	17597.6515204418	0
9	5153	17604.564142587193	0
9	5158	17621.993984814315	0
9	5170	17671.033707736168	0
9	5171	17671.040406336852	0
9	5174	17674.949026581056	0
9	5180	17687.615782560364	0
9	5184	17700.192217119019	0
9	5199	17776.662783053568	0
9	5209	17794.554719494364	0
9	5238	17917.734497569049	0
9	5240	17923.756281060215	0
9	5242	17931.976404434379	0
9	5251	17980.405719074194	0
9	5256	17984.616978059861	0
9	5257	17987.527344756743	0
9	5259	17995.4084054878	0
9	5272	18042.964875826427	0
9	5273	18056.22954387525	0
9	5278	18074.534189178078	0
9	5279	18079.136679076091	0
9	5292	18112.554628779307	0
9	5296	18124.840267005807	0
9	5333	18270.297869613465	0
9	5339	18286.808959564508	0
9	5340	18289.64765538585	0
9	5345	18309.057109712919	0
9	5354	18332.852151051998	0
9	5355	18340.166362032663	0
9	5357	18341.745893387209	0
9	5358	18342.863170026054	0
9	5365	18384.527489043541	0
9	5370	18394.024792582474	0
9	5384	18443.839471643797	0
9	5390	18465.871569271645	0
9	5404	18526.913902564927	0
9	5420	18576.265812812371	0
9	5424	18593.790922143952	0
9	5431	18627.014871477535	0
9	5436	18646.351420149853	0
9	5438	18649.017928435729	0
9	5443	18656.166955113814	0
9	5444	18658.628912181769	0
9	5449	18681.456420741782	0
9	5453	18699.430625635369	0
9	5456	18728.704638114718	0
9	5470	18769.06305380799	0
9	5494	18862.014718908008	0
9	5498	18877.582845426488	0
9	5503	18898.577348842821	0
9	5511	18917.247286337744	0
9	5516	18941.610581923164	0
9	5535	19004.752986988184	0
9	5542	19026.807241097079	0
9	5547	19046.011337104948	0
9	5554	19079.108340803239	0
9	5560	19085.787555439487	0
9	5570	19137.530804670479	0
9	5571	19139.281237326602	0
9	5576	19150.095937518811	0
9	5577	19150.997843489102	0
9	5594	19226.665839354759	0
9	5601	19242.593869386995	0
9	5606	19255.043095253517	0
9	5608	19282.831990204755	0
9	5629	19349.30363022584	0
9	5641	19419.81943031715	0
9	5642	19423.536385019728	0
9	5644	19431.657101478517	0
9	5645	19438.732102127795	0
9	5646	19441.256287358587	0
9	5659	19507.649024846801	0
9	5661	19518.801470505864	0
9	5666	19529.391798289324	0
9	5670	19542.696213605125	0
9	5674	19552.730441715678	0
9	5681	19593.75105217753	0
9	5682	19596.463446596177	0
9	5685	19609.772646992965	0
9	5706	19680.110752140693	0
9	5707	19680.276509843214	0
9	5712	19700.50629603805	0
9	5721	19725.916178708869	0
9	5727	19745.136642050943	0
9	5735	19770.330012417916	0
9	5737	19782.457760292342	0
9	5747	19820.02448237669	0
9	5749	19823.4127054897	0
9	5760	19848.904464471224	0
9	5763	19854.134521148899	0
9	5764	19855.071440920338	0
9	5769	19879.61337900148	0
9	5775	19902.473838661095	0
9	5786	19937.660271657419	0
9	5788	19948.183348901261	0
9	5796	19965.655218068128	0
10	254	1015.143599747383	3
10	256	1025.017997210756	3
10	261	1046.274158671408	3
10	262	1046.47870715877	3
10	271	1077.178136897689	3
10	281	1107.609773961538	3
10	285	1123.70995430125	3
10	295	1156.136456789692	3
10	297	1159.971284949395	3
10	307	1198.02367115146	3
10	308	1206.132464065003	3
10	312	1214.35566313236	3
10	325	1254.445412675333	3
10	339	1314.536507829624	3
10	341	1319.909970625898	3
10	359	1398.755896981144	3
10	372	1444.192652066637	3
10	375	1458.788061035046	3
10	381	1487.042982460619	3
10	396	1545.209912214832	3
10	397	1547.162709907427	3
10	402	1567.69007012153	3
10	413	1607.850488124681	3
10	431	1681.189282928174	3
10	446	1752.895109493134	3
10	461	1803.814215962335	3
10	462	1813.460257791748	3
10	468	1821.765402662544	3
10	477	1858.233036361939	3
10	479	1866.585193953325	3
10	481	1878.871329954572	3
10	487	1895.719247156606	3
10	493	1918.881176368971	3
10	496	1936.072650630729	3
10	500	1943.912191452633	3
10	503	1955.945908897121	3
10	507	1962.67735622868	3
10	508	1967.328006701945	3
10	513	1988.337323971667	3
10	532	2044.068119495204	3
10	535	2056.510351746113	3
10	555	2117.352782290156	3
10	556	2119.629616722185	3
10	563	2141.892215344248	3
10	588	2207.684389818541	3
10	589	2208.005912497228	3
10	604	2251.18158079786	3
10	615	2278.548084007294	3
10	620	2291.104430456008	3
10	627	2309.406447811706	3
10	639	2344.875217422673	3
10	648	2363.605671082887	3
10	652	2372.648323842337	3
10	656	2380.899562046721	3
10	675	2443.611251165364	3
10	679	2451.301538039992	3
10	681	2459.519943520693	3
10	683	2466.181516427106	3
10	688	2477.859459834451	3
10	690	2483.360350142315	3
10	695	2490.132530257358	3
10	703	2504.154177841117	3
10	727	2590.733738692374	3
10	731	2599.566512011064	3
10	733	2601.368157293658	3
10	743	2642.224817641913	3
10	757	2685.050547630226	3
10	770	2707.255889075578	3
10	777	2747.10076388281	3
10	778	2747.85110508458	3
10	794	2804.976230924275	3
10	797	2809.008010350065	3
10	802	2838.864405718125	3
10	813	2875.170470071147	3
10	830	2935.099591850607	3
10	833	2948.306466746822	3
10	835	2960.234469750877	3
10	849	2999.943840241293	3
10	851	3010.703394625521	3
10	854	3017.912021577783	3
10	894	3171.4076776986	3
10	895	3184.918844021493	3
10	916	3246.724824100325	3
10	925	3268.037605754965	3
10	930	3290.300379189884	3
10	935	3303.561944492395	3
10	939	3317.141399340032	3
10	951	3344.072541134999	3
10	954	3356.57436231423	3
10	955	3358.614863016407	3
10	960	3365.644212735143	3
10	961	3365.793186475494	3
10	970	3394.752701867522	3
10	973	3403.039043101048	3
10	975	3415.969690363358	3
10	982	3427.625864776998	3
10	1000	3472.809676300973	3
10	1002	3484.661268147392	3
10	1005	3496.604528667605	3
10	1024	3540.762189638735	3
10	1025	3557.678919285895	3
10	1027	3564.277439308981	3
10	1038	3588.696959067989	3
10	1047	3622.536117478794	3
10	1049	3629.949114137917	3
10	1051	3634.460544084764	3
10	1058	3667.281232275189	3
10	1061	3670.488621428707	3
10	1071	3716.777541185218	3
10	1076	3726.877241202296	3
10	1095	3780.934152151295	3
10	1101	3805.664502272721	3
10	1127	3915.644766802563	3
10	1128	3919.940625472777	3
10	1131	3929.288102264766	3
10	1135	3945.910861204672	3
10	1142	3985.936741544079	3
10	1164	4072.530858728213	3
10	1166	4075.936901427579	3
10	1169	4085.78796167575	3
10	1184	4160.456488306795	3
10	1199	4206.512163784857	3
10	1208	4239.590230350456	3
10	1211	4246.756633909908	3
10	1213	4261.96248181832	3
10	1216	4272.452422318036	3
10	1219	4280.289239739055	3
10	1228	4309.83313118303	3
10	1233	4323.613335360104	3
10	1250	4402.866299540792	3
10	1272	4483.697317129022	3
10	1278	4520.248019676951	3
10	1281	4526.61683795098	3
10	1291	4574.245115306316	3
10	1293	4586.305385877898	3
10	1299	4612.253128468787	3
10	1307	4654.53979981221	3
10	1309	4658.854706178495	3
10	1331	4747.47842321944	3
10	1339	4776.528126343828	3
10	1358	4840.854991697606	3
10	1372	4883.696860327991	3
10	1373	4886.788078126527	3
10	1382	4921.281318044192	3
10	1391	4951.436770004176	3
10	1401	4980.417554309772	3
10	1409	5001.568496072564	3
10	1413	5018.33153550215	3
10	1424	5043.432695229617	3
10	1426	5048.649664489794	3
10	1430	5063.482418006856	3
10	1433	5077.382533757325	3
10	1440	5097.346033804011	3
10	1447	5128.035461136998	3
10	1449	5133.072044749944	3
10	1454	5142.383076199579	3
10	1465	5180.857867361091	3
10	1468	5189.000736959332	3
10	1472	5200.674790996559	3
10	1477	5219.48274687249	3
10	1480	5235.037961627538	3
10	1483	5236.679627469287	3
10	1485	5238.717429016821	3
10	1496	5272.968826638985	3
10	1502	5290.729027511347	3
10	1509	5316.044310039987	3
10	1511	5316.933590297048	3
10	1515	5335.987453615691	3
10	1516	5337.727789230462	3
10	1521	5343.409949474692	3
10	1523	5348.422456701551	3
10	1553	5453.63019362608	3
10	1555	5468.484005407921	3
10	1559	5486.372225190021	3
10	1562	5496.499393379952	3
10	1565	5518.512462342999	3
10	1566	5519.726402504357	3
10	1570	5527.579823461461	3
10	1578	5551.876682144242	3
10	1579	5551.947140553109	3
10	1580	5552.323154898107	3
10	1587	5577.158183990102	3
10	1594	5600.388073960554	3
10	1605	5648.044160813454	3
10	1611	5661.680377924054	3
10	1621	5696.034106065391	3
10	1632	5732.987174921255	3
10	1635	5743.154461919609	3
10	1639	5752.311232098478	3
10	1645	5772.333786877167	3
10	1649	5781.828771285226	3
10	1663	5835.868283783285	3
10	1685	5904.505374220009	3
10	1708	5987.338247982742	3
10	1722	6030.790180451379	3
10	1723	6032.752820308155	3
10	1736	6085.386530241234	3
10	1742	6102.975498768232	3
10	1759	6163.610402831142	3
10	1762	6182.534378547936	3
10	1764	6187.015528898705	3
10	1766	6193.051330007148	3
10	1774	6229.143054544732	3
10	1775	6231.078288385663	3
10	1778	6240.363534988972	3
10	1779	6244.432509911556	3
10	1782	6247.425656716554	3
10	1794	6315.218034156268	3
10	1832	6452.214459902621	3
10	1834	6453.89843644524	3
10	1861	6574.174831163724	3
10	1865	6588.681084787565	3
10	1879	6618.218232152981	3
10	1881	6626.362017835378	3
10	1897	6685.410006244839	3
10	1899	6693.594918077762	3
10	1903	6701.133660558817	3
10	1918	6748.183394769357	3
10	1925	6774.405116147123	3
10	1932	6796.776811280698	3
10	1937	6813.865831940692	3
10	1939	6816.462974640816	3
10	1941	6820.416890369326	3
10	1946	6826.788290989411	3
10	1958	6875.364501350415	3
10	1959	6875.618604202238	3
10	1963	6897.021643145232	3
10	1974	6922.433476264182	3
10	1991	6990.389063518202	3
10	1997	7016.693294310517	3
10	2009	7030.05758517418	3
10	2012	7044.366443520778	3
10	2019	7071.458765098327	3
10	2030	7117.295801011001	3
10	2053	7153.087903228505	3
10	2055	7158.305329775237	3
10	2061	7176.849489535666	3
10	2065	7191.223890519716	3
10	2070	7218.75050389466	3
10	2074	7223.816105022739	3
10	2077	7227.130101730914	3
10	2078	7229.696928403024	3
10	2095	7272.861956752879	3
10	2101	7315.204110949762	3
10	2114	7337.843214429296	3
10	2115	7339.430522934327	3
10	2117	7344.281139625701	3
10	2120	7363.515033461429	3
10	2126	7395.767521211203	3
10	2129	7416.422757991838	3
10	2149	7469.018444174135	3
10	2177	7606.544723043537	3
10	2186	7658.835432230445	3
10	2207	7747.230540865792	3
10	2208	7747.476697524434	3
10	2216	7776.182490829057	3
10	2217	7781.529267693233	3
10	2218	7784.253789504835	3
10	2236	7853.451498058464	3
10	2240	7867.96918193194	3
10	2254	7899.740570979527	3
10	2260	7921.467955055015	3
10	2271	7957.583565223783	3
10	2279	7977.530058496917	3
10	2288	8000.686094838078	3
10	2291	8005.849830459897	3
10	2293	8017.99610573007	3
10	2295	8025.207060348758	3
10	2296	8030.277383143162	3
10	2298	8034.604211690861	3
10	2303	8051.615322691279	3
10	2306	8060.690531084489	3
10	2309	8077.524857980672	3
10	2312	8091.951047509774	3
10	2316	8102.715030890869	3
10	2320	8106.76649868386	3
10	2342	8166.21046833802	3
10	2344	8191.971672943558	3
10	2346	8197.548002924394	3
10	2347	8203.379627384998	3
10	2363	8243.462932908759	3
10	2377	8308.422707900869	3
10	2379	8312.173067375488	3
10	2384	8329.004792717478	3
10	2389	8346.944685329794	3
10	2409	8445.832967407291	3
10	2416	8460.111771947525	3
10	2423	8502.668917950078	3
10	2427	8526.78236783561	3
10	2430	8536.956103511907	3
10	2455	8657.759558535476	3
10	2456	8658.43227016629	3
10	2462	8686.377712421513	3
10	2465	8690.506249865824	3
10	2475	8737.252219528209	3
10	2494	8802.515564603128	3
10	2499	8814.946388574056	3
10	2500	8816.965531342925	3
10	2503	8830.603831678139	3
10	2504	8838.821523219973	3
10	2511	8872.312904399068	3
10	2515	8880.878021878481	3
10	2516	8884.762578406296	3
10	2518	8886.81952313711	3
10	2520	8893.972593371157	3
10	2530	8931.498686176555	3
10	2539	8963.531292400204	3
10	2540	8972.229631603716	3
10	2542	8976.166787409385	3
10	2543	8980.129876416714	3
10	2559	9044.793761051516	3
10	2574	9094.286674145516	3
10	2612	9253.319593185956	3
10	2628	9334.394894277533	3
10	2631	9342.844150662113	3
10	2632	9352.380293603109	3
10	2634	9354.953528955944	3
10	2635	9354.961749671691	3
10	2638	9359.934336692741	3
10	2643	9381.634350449156	3
10	2644	9391.502872846031	3
10	2646	9403.573495097567	3
10	2648	9412.536301589097	3
10	2666	9468.071154116046	3
10	2671	9493.837496166219	3
10	2679	9523.855339720439	3
10	2694	9579.351493752573	3
10	2703	9620.167811329946	3
10	2706	9625.431507294554	3
10	2714	9648.797276577435	3
10	2715	9664.116821473582	3
10	2717	9666.132551980549	3
10	2722	9676.621219537493	3
10	2727	9698.876599394468	3
10	2732	9714.45364211927	3
10	2735	9723.560083849786	3
10	2745	9743.786561265122	3
10	2754	9780.009662244863	3
10	2768	9831.236711865095	3
10	2778	9875.299298561867	3
10	2791	9909.512497685576	3
10	2797	9926.825588978204	3
10	2808	9966.118755392648	3
10	2821	10009.18878934645	3
10	2823	10015.913025302751	3
10	2824	10018.703525064071	3
10	2846	10104.502538352617	3
10	2860	10166.624737491809	3
10	2863	10175.762053019683	3
10	2879	10234.245998114095	3
10	2885	10264.138901200377	3
10	2890	10276.832500971431	3
10	2891	10277.441305866962	3
10	2895	10288.721043565481	3
10	2898	10299.564946278631	3
10	2900	10310.183541447766	3
10	2942	10432.512013188199	3
10	2945	10450.713643386304	3
10	2951	10469.692178243995	3
10	2953	10477.60292498698	3
10	2959	10486.44078185476	3
10	2965	10514.89831792849	3
10	2969	10520.962108852325	3
10	2977	10557.346268931399	3
10	2984	10583.995465273618	3
10	2988	10589.390489849621	3
10	2990	10602.940013201311	3
10	3002	10659.617791221136	3
10	3020	10761.782482896162	3
10	3022	10765.902889619103	3
10	3023	10768.482502141904	3
10	3025	10771.472047889221	3
10	3035	10844.385546890521	3
10	3047	10883.716414463752	3
10	3048	10890.437496320026	3
10	3049	10893.892873231343	3
10	3080	11040.775007272945	3
10	3082	11044.824746718495	3
10	3093	11084.57502058213	3
10	3127	11171.369718523286	3
10	3138	11206.155747264057	3
10	3140	11223.486084924367	3
10	3142	11224.390268231116	3
10	3144	11231.111173419505	3
10	3148	11238.814422408141	3
10	3149	11239.283753936687	3
10	3150	11240.661836750131	3
10	3161	11273.124534370784	3
10	3196	11354.007232681326	3
10	3199	11366.269548532642	3
10	3205	11388.894739770863	3
10	3207	11391.606772426908	3
10	3209	11399.486471445942	3
10	3210	11399.966795690072	3
10	3220	11431.03134280062	3
10	3226	11439.155140833406	3
10	3227	11440.831843840622	3
10	3231	11448.156138454634	3
10	3235	11464.12883107923	3
10	3238	11474.108120215757	3
10	3242	11481.522503078405	3
10	3251	11505.693741871044	3
10	3266	11549.254357443336	3
10	3278	11576.430800718772	3
10	3285	11595.777339388438	3
10	3287	11601.732605307338	3
10	3296	11633.497631613411	3
10	3299	11645.017675088861	3
10	3313	11673.552414170039	3
10	3317	11680.390366180547	3
10	3337	11756.668089590392	3
10	3338	11756.734467199605	3
10	3339	11759.09996093262	3
10	3347	11791.370949729941	3
10	3357	11836.816177769979	3
10	3368	11865.35314042965	3
10	3376	11904.279858637976	3
10	3393	11981.749967233686	3
10	3397	12002.456604712089	3
10	3402	12022.069443773807	3
10	3406	12048.476616211967	3
10	3407	12048.956117430958	3
10	3430	12153.315752578603	3
10	3457	12275.296631025924	3
10	3466	12322.28651662399	3
10	3467	12332.947072050653	3
10	3472	12352.051151784458	3
10	3473	12356.893283523575	3
10	3479	12366.539396618124	3
10	3480	12375.169666551959	3
10	3481	12376.852430257463	3
10	3485	12389.469125577827	3
10	3496	12451.260564897243	3
10	3501	12461.376116232894	3
10	3502	12461.679370351011	3
10	3513	12489.141562947291	3
10	3515	12497.808067177614	3
10	3520	12530.811242534237	3
10	3552	12626.896063277815	3
10	3569	12679.573134229889	3
10	3571	12681.376201429766	3
10	3572	12686.762833724501	3
10	3579	12714.528276280641	3
10	3597	12767.074702214716	3
10	3606	12783.243810729702	3
10	3614	12809.937976246719	3
10	3622	12831.089072356183	3
10	3624	12838.662939766322	3
10	3625	12845.495348303924	3
10	3626	12849.679173774745	3
10	3627	12856.802507176329	3
10	3643	12894.485677631389	3
10	3645	12902.833789343786	3
10	3659	12935.448256710907	3
10	3667	12961.126824279702	3
10	3671	12972.462794400263	3
10	3673	12974.482810195855	3
10	3677	12980.462233817216	3
10	3688	13019.048735226555	3
10	3689	13019.725668150266	3
10	3711	13079.294674698156	3
10	3721	13112.636901368308	3
10	3722	13115.677352880658	3
10	3726	13125.785240275772	3
10	3728	13130.297365257966	3
10	3735	13160.136578805443	3
10	3743	13186.068900239216	3
10	3746	13188.152747782788	3
10	3756	13226.300874691	3
10	3758	13231.62659772076	3
10	3766	13260.600597440705	3
10	3772	13281.167176443371	3
10	3778	13298.798185018414	3
10	3779	13303.110942904077	3
10	3781	13308.632744028986	3
10	3797	13354.526945415351	3
10	3806	13390.563393869252	3
10	3814	13411.87225432183	3
10	3825	13453.531954672749	3
10	3828	13458.750807233361	3
10	3832	13467.496102339757	3
10	3840	13504.217974579456	3
10	3852	13537.653857026883	3
10	3864	13557.11305824804	3
10	3872	13585.861617241049	3
10	3888	13633.827222458719	3
10	3890	13639.958786232757	3
10	3892	13643.783545386333	3
10	3894	13648.124326903081	3
10	3898	13653.269283047126	3
10	3906	13672.45315348773	3
10	3907	13681.349139219634	3
10	3909	13686.428239426877	3
10	3915	13716.615535897239	3
10	3923	13741.722595904438	3
10	3929	13751.569156224294	3
10	3930	13755.299741468053	3
10	3937	13767.570968105795	3
10	3945	13795.558628360576	3
10	3971	13887.679307678469	3
10	3972	13891.684256189703	3
10	3980	13920.826430092121	3
10	3995	13959.627469407639	3
10	3996	13963.013923685559	3
10	4000	13977.290958337476	3
10	4005	13997.207229182526	3
10	4007	14003.862252012898	3
10	4009	14014.424070118369	3
10	4016	14038.913432559351	3
10	4024	14056.203977810286	3
10	4025	14056.79318715868	3
10	4032	14079.916481318002	3
10	4048	14130.438992834226	3
10	4053	14147.225750445125	3
10	4055	14152.859213179325	3
10	4071	14194.957157562145	3
10	4083	14244.484937882898	3
10	4090	14259.333482435349	3
10	4097	14271.3054670891	3
10	4101	14293.300552758252	3
10	4105	14299.634736331119	3
10	4106	14310.830244921192	3
10	4109	14327.459668009108	3
10	4112	14340.754300071482	3
10	4119	14358.94075797022	3
10	4159	14491.151153751525	3
10	4172	14531.14279328031	3
10	4173	14536.875522470197	3
10	4196	14594.629251015204	3
10	4197	14597.879050802063	3
10	4203	14620.883609097504	3
10	4204	14626.278827451633	3
10	4208	14644.813062378787	3
10	4209	14646.876780068002	3
10	4210	14647.131975869663	3
10	4217	14677.022459146831	3
10	4224	14692.082443154307	3
10	4238	14733.233767238901	3
10	4245	14757.767297972766	3
10	4257	14786.470265096279	3
10	4258	14788.932554294832	3
10	4271	14817.209278147481	3
10	4277	14825.611745100471	3
10	4280	14831.076990605847	3
10	4293	14881.443919410838	3
10	4296	14883.308918671542	3
10	4304	14897.938859208394	3
10	4306	14905.485430682203	3
10	4309	14908.397117972358	3
10	4311	14913.635261247437	3
10	4313	14917.523870076722	3
10	4314	14920.068682540252	3
10	4332	14959.197208995671	3
10	4345	14987.141483218537	3
10	4347	14991.981251171613	3
10	4368	15027.949995855642	3
10	4374	15043.782512418793	3
10	4387	15088.792611533982	3
10	4398	15119.578673214325	3
10	4400	15122.065692995379	3
10	4407	15128.049499698321	3
10	4408	15128.583250369379	3
10	4411	15138.552513722091	3
10	4414	15141.346302206019	3
10	4419	15152.441953155817	3
10	4424	15173.487600368283	3
10	4427	15178.437940731643	3
10	4429	15181.033617356912	3
10	4438	15224.877736804922	3
10	4450	15243.619926989281	3
10	4452	15245.296049433902	3
10	4459	15262.525769149466	3
10	4473	15299.0007461672	3
10	4483	15329.551893428465	3
10	4488	15335.340239975272	3
10	4493	15348.357839426312	3
10	4494	15354.27626047884	3
10	4497	15364.14485081445	3
10	4504	15382.415246646329	3
10	4509	15397.186292217352	3
10	4520	15417.650750300547	3
10	4529	15444.262988162737	3
10	4541	15470.442049491079	3
10	4543	15481.250191214414	3
10	4553	15500.738206773036	3
10	4554	15500.980097821081	3
10	4556	15506.289599542975	3
10	4557	15507.884583698742	3
10	4561	15524.9256996899	3
10	4571	15563.361070430451	3
10	4572	15565.248420541731	3
10	4580	15590.053619546005	3
10	4582	15601.438535142462	3
10	4594	15621.455432307591	3
10	4602	15654.340078494821	3
10	4621	15717.181033919132	3
10	4632	15762.084297656864	3
10	4636	15775.572710584894	3
10	4652	15860.517036941555	3
10	4658	15875.935103496955	3
10	4660	15881.526607694516	3
10	4665	15913.910912407755	3
10	4670	15922.115387033478	3
10	4679	15958.293904309446	3
10	4697	16025.548075258651	3
10	4700	16041.448150947607	3
10	4707	16064.607465238132	3
10	4709	16072.74238851737	3
10	4717	16118.237550165249	3
10	4719	16127.72486992307	3
10	4722	16135.594548796914	3
10	4727	16152.719207731175	3
10	4753	16259.697925011393	3
10	4754	16268.109532797233	3
10	4761	16307.075033061159	3
10	4765	16311.063294616005	3
10	4766	16314.265028660135	3
10	4787	16411.801709187269	3
10	4788	16412.310467211677	3
10	4793	16422.57865502897	3
10	4801	16444.551158772424	3
10	4802	16449.266250369074	3
10	4815	16514.03301471952	3
10	4822	16524.855199892625	3
10	4824	16538.49715680833	3
10	4825	16541.514283462437	3
10	4828	16543.646071048272	3
10	4829	16543.763017751798	3
10	4839	16587.789065555332	3
10	4840	16591.682440069861	3
10	4860	16644.915903493608	3
10	4867	16664.398042665661	3
10	4878	16701.316612721181	3
10	4884	16720.514563920664	3
10	4889	16732.850549727782	3
10	4910	16797.708517716274	3
10	4914	16806.386019628843	3
10	4915	16810.044271838501	3
10	4920	16827.552402435413	3
10	4925	16842.873766136413	3
10	4927	16849.269628366154	3
10	4930	16853.151869577895	3
10	4934	16870.524428533382	3
10	4942	16904.92778964915	3
10	4943	16905.862345169998	3
10	4947	16923.670765889074	3
10	4950	16932.392767263534	3
10	4966	16981.903323560955	3
10	4983	17060.530057980785	3
10	4984	17064.510544477305	3
10	4985	17065.532708113261	3
10	4986	17072.454729352324	3
10	5001	17149.549219817016	3
10	5003	17161.385700488124	3
10	5011	17197.66633702623	3
10	5044	17318.853600506371	3
10	5045	17319.240555929342	3
10	5047	17327.648487231161	3
10	5051	17338.889391847051	3
10	5057	17351.980185734983	3
10	5070	17389.250253986428	3
10	5078	17410.395423543124	3
10	5079	17414.48503210019	3
10	5091	17445.827995885472	3
10	5094	17450.21244722501	3
10	5101	17467.734545356076	3
10	5103	17472.077033426553	3
10	5104	17472.771388164805	3
10	5128	17539.333363897152	3
10	5142	17572.919883897234	3
10	5146	17581.672270493462	3
10	5149	17593.678399435039	3
10	5152	17597.6515204418	3
10	5153	17604.564142587193	3
10	5158	17621.993984814315	3
10	5170	17671.033707736168	3
10	5171	17671.040406336852	3
10	5174	17674.949026581056	3
10	5180	17687.615782560364	3
10	5184	17700.192217119019	3
10	5199	17776.662783053568	3
10	5209	17794.554719494364	3
10	5238	17917.734497569049	3
10	5240	17923.756281060215	3
10	5242	17931.976404434379	3
10	5251	17980.405719074194	3
10	5256	17984.616978059861	3
10	5257	17987.527344756743	3
10	5259	17995.4084054878	3
10	5272	18042.964875826427	3
10	5273	18056.22954387525	3
10	5278	18074.534189178078	3
10	5279	18079.136679076091	3
10	5292	18112.554628779307	3
10	5296	18124.840267005807	3
10	5333	18270.297869613465	3
10	5339	18286.808959564508	3
10	5340	18289.64765538585	3
10	5345	18309.057109712919	3
10	5354	18332.852151051998	3
10	5355	18340.166362032663	3
10	5357	18341.745893387209	3
10	5358	18342.863170026054	3
10	5365	18384.527489043541	3
10	5370	18394.024792582474	3
10	5384	18443.839471643797	3
10	5390	18465.871569271645	3
10	5404	18526.913902564927	3
10	5420	18576.265812812371	3
10	5424	18593.790922143952	3
10	5431	18627.014871477535	3
10	5436	18646.351420149853	3
10	5438	18649.017928435729	3
10	5443	18656.166955113814	3
10	5444	18658.628912181769	3
10	5449	18681.456420741782	3
10	5453	18699.430625635369	3
10	5456	18728.704638114718	3
10	5470	18769.06305380799	3
10	5494	18862.014718908008	3
10	5498	18877.582845426488	3
10	5503	18898.577348842821	3
10	5511	18917.247286337744	3
10	5516	18941.610581923164	3
10	5535	19004.752986988184	3
10	5542	19026.807241097079	3
10	5547	19046.011337104948	3
10	5554	19079.108340803239	3
10	5560	19085.787555439487	3
10	5570	19137.530804670479	3
10	5571	19139.281237326602	3
10	5576	19150.095937518811	3
10	5577	19150.997843489102	3
10	5594	19226.665839354759	3
10	5601	19242.593869386995	3
10	5606	19255.043095253517	3
10	5608	19282.831990204755	3
10	5629	19349.30363022584	3
10	5641	19419.81943031715	3
10	5642	19423.536385019728	3
10	5644	19431.657101478517	3
10	5645	19438.732102127795	3
10	5646	19441.256287358587	3
10	5659	19507.649024846801	3
10	5661	19518.801470505864	3
10	5666	19529.391798289324	3
10	5670	19542.696213605125	3
10	5674	19552.730441715678	3
10	5681	19593.75105217753	3
10	5682	19596.463446596177	3
10	5685	19609.772646992965	3
10	5706	19680.110752140693	3
10	5707	19680.276509843214	3
10	5712	19700.50629603805	3
10	5721	19725.916178708869	3
10	5727	19745.136642050943	3
10	5735	19770.330012417916	3
10	5737	19782.457760292342	3
10	5747	19820.02448237669	3
10	5749	19823.4127054897	3
10	5760	19848.904464471224	3
10	5763	19854.134521148899	3
10	5764	19855.071440920338	3
10	5769	19879.61337900148	3
10	5775	19902.473838661095	3
10	5786	19937.660271657419	3
10	5788	19948.183348901261	3
10	5796	19965.655218068128	3
11	254	1015.143599747383	58675
11	256	1025.017997210756	58670
11	261	1046.274158671408	58671
11	262	1046.47870715877	58677
11	271	1077.178136897689	58680
11	281	1107.609773961538	58682
11	285	1123.70995430125	58683
11	295	1156.136456789692	58679
11	297	1159.971284949395	58669
11	307	1198.02367115146	58681
11	308	1206.132464065003	58688
11	312	1214.35566313236	58689
11	325	1254.445412675333	58678
11	339	1314.536507829624	58694
11	341	1319.909970625898	58695
11	359	1398.755896981144	58686
11	372	1444.192652066637	58702
11	375	1458.788061035046	58685
11	381	1487.042982460619	58699
11	396	1545.209912214832	58708
11	397	1547.162709907427	58701
11	402	1567.69007012153	58697
11	413	1607.850488124681	58712
11	431	1681.189282928174	58704
11	446	1752.895109493134	58718
11	461	1803.814215962335	58716
11	462	1813.460257791748	58711
11	468	1821.765402662544	58720
11	477	1858.233036361939	58713
11	479	1866.585193953325	58724
11	481	1878.871329954572	58725
11	487	1895.719247156606	58719
11	493	1918.881176368971	58728
11	496	1936.072650630729	58729
11	500	1943.912191452633	58730
11	503	1955.945908897121	58722
11	507	1962.67735622868	58723
11	508	1967.328006701945	58732
11	513	1988.337323971667	58726
11	532	2044.068119495204	58721
11	535	2056.510351746113	58731
11	555	2117.352782290156	58736
11	556	2119.629616722185	58742
11	563	2141.892215344248	58738
11	588	2207.684389818541	58741
11	589	2208.005912497228	58750
11	604	2251.18158079786	58753
11	615	2278.548084007294	58755
11	620	2291.104430456008	58747
11	627	2309.406447811706	58757
11	639	2344.875217422673	58744
11	648	2363.605671082887	58760
11	652	2372.648323842337	58763
11	656	2380.899562046721	58764
11	675	2443.611251165364	58759
11	679	2451.301538039992	58752
11	681	2459.519943520693	58770
11	683	2466.181516427106	58745
11	688	2477.859459834451	58754
11	690	2483.360350142315	58773
11	695	2490.132530257358	58774
11	703	2504.154177841117	58749
11	727	2590.733738692374	58779
11	731	2599.566512011064	58766
11	733	2601.368157293658	58767
11	743	2642.224817641913	58758
11	757	2685.050547630226	58772
11	770	2707.255889075578	58784
11	777	2747.10076388281	58768
11	778	2747.85110508458	58777
11	794	2804.976230924275	58781
11	797	2809.008010350065	58783
11	802	2838.864405718125	58785
11	813	2875.170470071147	58790
11	830	2935.099591850607	58792
11	833	2948.306466746822	58787
11	835	2960.234469750877	58794
11	849	2999.943840241293	58802
11	851	3010.703394625521	58797
11	854	3017.912021577783	58803
11	894	3171.4076776986	58799
11	895	3184.918844021493	58805
11	916	3246.724824100325	58798
11	925	3268.037605754965	58815
11	930	3290.300379189884	58800
11	935	3303.561944492395	58809
11	939	3317.141399340032	58811
11	951	3344.072541134999	58804
11	954	3356.57436231423	58812
11	955	3358.614863016407	58826
11	960	3365.644212735143	58829
11	961	3365.793186475494	58814
11	970	3394.752701867522	58806
11	973	3403.039043101048	58830
11	975	3415.969690363358	58831
11	982	3427.625864776998	58822
11	1000	3472.809676300973	58819
11	1002	3484.661268147392	58837
11	1005	3496.604528667605	58839
11	1024	3540.762189638735	58835
11	1025	3557.678919285895	58843
11	1027	3564.277439308981	58836
11	1038	3588.696959067989	58838
11	1047	3622.536117478794	58840
11	1049	3629.949114137917	58841
11	1051	3634.460544084764	58823
11	1058	3667.281232275189	58844
11	1061	3670.488621428707	58827
11	1071	3716.777541185218	58848
11	1076	3726.877241202296	58832
11	1095	3780.934152151295	58850
11	1101	3805.664502272721	58852
11	1127	3915.644766802563	58847
11	1128	3919.940625472777	58854
11	1131	3929.288102264766	58849
11	1135	3945.910861204672	58858
11	1142	3985.936741544079	58863
11	1164	4072.530858728213	58853
11	1166	4075.936901427579	58859
11	1169	4085.78796167575	58868
11	1184	4160.456488306795	58872
11	1199	4206.512163784857	58864
11	1208	4239.590230350456	58879
11	1211	4246.756633909908	58862
11	1213	4261.96248181832	58871
11	1216	4272.452422318036	58874
11	1219	4280.289239739055	58876
11	1228	4309.83313118303	58885
11	1233	4323.613335360104	58865
11	1250	4402.866299540792	58883
11	1272	4483.697317129022	58875
11	1278	4520.248019676951	58890
11	1281	4526.61683795098	58888
11	1291	4574.245115306316	58892
11	1293	4586.305385877898	58881
11	1299	4612.253128468787	58897
11	1307	4654.53979981221	58894
11	1309	4658.854706178495	58889
11	1331	4747.47842321944	58898
11	1339	4776.528126343828	58899
11	1358	4840.854991697606	58903
11	1372	4883.696860327991	58916
11	1373	4886.788078126527	58900
11	1382	4921.281318044192	58919
11	1391	4951.436770004176	58911
11	1401	4980.417554309772	58915
11	1409	5001.568496072564	58906
11	1413	5018.33153550215	58918
11	1424	5043.432695229617	58910
11	1426	5048.649664489794	58927
11	1430	5063.482418006856	58913
11	1433	5077.382533757325	58914
11	1440	5097.346033804011	58917
11	1447	5128.035461136998	58924
11	1449	5133.072044749944	58925
11	1454	5142.383076199579	58909
11	1465	5180.857867361091	58922
11	1468	5189.000736959332	58923
11	1472	5200.674790996559	58935
11	1477	5219.48274687249	58937
11	1480	5235.037961627538	58930
11	1483	5236.679627469287	58931
11	1485	5238.717429016821	58932
11	1496	5272.968826638985	58921
11	1502	5290.729027511347	58942
11	1509	5316.044310039987	58929
11	1511	5316.933590297048	58944
11	1515	5335.987453615691	58945
11	1516	5337.727789230462	58946
11	1521	5343.409949474692	58938
11	1523	5348.422456701551	58933
11	1553	5453.63019362608	58934
11	1555	5468.484005407921	58940
11	1559	5486.372225190021	58951
11	1562	5496.499393379952	58952
11	1565	5518.512462342999	58948
11	1566	5519.726402504357	58949
11	1570	5527.579823461461	58954
11	1578	5551.876682144242	58958
11	1579	5551.947140553109	58959
11	1580	5552.323154898107	58939
11	1587	5577.158183990102	58961
11	1594	5600.388073960554	58943
11	1605	5648.044160813454	58956
11	1611	5661.680377924054	58960
11	1621	5696.034106065391	58963
11	1632	5732.987174921255	58953
11	1635	5743.154461919609	58955
11	1639	5752.311232098478	58957
11	1645	5772.333786877167	58967
11	1649	5781.828771285226	58969
11	1663	5835.868283783285	58978
11	1685	5904.505374220009	58974
11	1708	5987.338247982742	58981
11	1722	6030.790180451379	58975
11	1723	6032.752820308155	58976
11	1736	6085.386530241234	58982
11	1742	6102.975498768232	58993
11	1759	6163.610402831142	58988
11	1762	6182.534378547936	58989
11	1764	6187.015528898705	58991
11	1766	6193.051330007148	59000
11	1774	6229.143054544732	59001
11	1775	6231.078288385663	58996
11	1778	6240.363534988972	59002
11	1779	6244.432509911556	58998
11	1782	6247.425656716554	58985
11	1794	6315.218034156268	58994
11	1832	6452.214459902621	59003
11	1834	6453.89843644524	59008
11	1861	6574.174831163724	59015
11	1865	6588.681084787565	59016
11	1879	6618.218232152981	59018
11	1881	6626.362017835378	59006
11	1897	6685.410006244839	59009
11	1899	6693.594918077762	59026
11	1903	6701.133660558817	59028
11	1918	6748.183394769357	59020
11	1925	6774.405116147123	59035
11	1932	6796.776811280698	59010
11	1937	6813.865831940692	59030
11	1939	6816.462974640816	59031
11	1941	6820.416890369326	59033
11	1946	6826.788290989411	59013
11	1958	6875.364501350415	59022
11	1959	6875.618604202238	59023
11	1963	6897.021643145232	59036
11	1974	6922.433476264182	59032
11	1991	6990.389063518202	59025
11	1997	7016.693294310517	59029
11	2009	7030.05758517418	59042
11	2012	7044.366443520778	59047
11	2019	7071.458765098327	59044
11	2030	7117.295801011001	59052
11	2053	7153.087903228505	59043
11	2055	7158.305329775237	59049
11	2061	7176.849489535666	59061
11	2065	7191.223890519716	59063
11	2070	7218.75050389466	59046
11	2074	7223.816105022739	59054
11	2077	7227.130101730914	59056
11	2078	7229.696928403024	59067
11	2095	7272.861956752879	59072
11	2101	7315.204110949762	59051
11	2114	7337.843214429296	59069
11	2115	7339.430522934327	59070
11	2117	7344.281139625701	59057
11	2120	7363.515033461429	59060
11	2126	7395.767521211203	59074
11	2129	7416.422757991838	59078
11	2149	7469.018444174135	59071
11	2177	7606.544723043537	59079
11	2186	7658.835432230445	59083
11	2207	7747.230540865792	59081
11	2208	7747.476697524434	59082
11	2216	7776.182490829057	59087
11	2217	7781.529267693233	59095
11	2218	7784.253789504835	59096
11	2236	7853.451498058464	59086
11	2240	7867.96918193194	59101
11	2254	7899.740570979527	59085
11	2260	7921.467955055015	59106
11	2271	7957.583565223783	59109
11	2279	7977.530058496917	59094
11	2288	8000.686094838078	59113
11	2291	8005.849830459897	59114
11	2293	8017.99610573007	59105
11	2295	8025.207060348758	59116
11	2296	8030.277383143162	59117
11	2298	8034.604211690861	59089
11	2303	8051.615322691279	59100
11	2306	8060.690531084489	59118
11	2309	8077.524857980672	59111
11	2312	8091.951047509774	59103
11	2316	8102.715030890869	59098
11	2320	8106.76649868386	59099
11	2342	8166.21046833802	59110
11	2344	8191.971672943558	59122
11	2346	8197.548002924394	59123
11	2347	8203.379627384998	59112
11	2363	8243.462932908759	59128
11	2377	8308.422707900869	59124
11	2379	8312.173067375488	59125
11	2384	8329.004792717478	59127
11	2389	8346.944685329794	59129
11	2409	8445.832967407291	59132
11	2416	8460.111771947525	59121
11	2423	8502.668917950078	59136
11	2427	8526.78236783561	59133
11	2430	8536.956103511907	59138
11	2455	8657.759558535476	59134
11	2456	8658.43227016629	59135
11	2462	8686.377712421513	59141
11	2465	8690.506249865824	59144
11	2475	8737.252219528209	59137
11	2494	8802.515564603128	59146
11	2499	8814.946388574056	59147
11	2500	8816.965531342925	59145
11	2503	8830.603831678139	59149
11	2504	8838.821523219973	59156
11	2511	8872.312904399068	59139
11	2515	8880.878021878481	59160
11	2516	8884.762578406296	59161
11	2518	8886.81952313711	59153
11	2520	8893.972593371157	59163
11	2530	8931.498686176555	59155
11	2539	8963.531292400204	59150
11	2540	8972.229631603716	59158
11	2542	8976.166787409385	59159
11	2543	8980.129876416714	59151
11	2559	9044.793761051516	59167
11	2574	9094.286674145516	59170
11	2612	9253.319593185956	59181
11	2628	9334.394894277533	59171
11	2631	9342.844150662113	59166
11	2632	9352.380293603109	59172
11	2634	9354.953528955944	59168
11	2635	9354.961749671691	59180
11	2638	9359.934336692741	59173
11	2643	9381.634350449156	59183
11	2644	9391.502872846031	59175
11	2646	9403.573495097567	59176
11	2648	9412.536301589097	59186
11	2666	9468.071154116046	59188
11	2671	9493.837496166219	59190
11	2679	9523.855339720439	59193
11	2694	9579.351493752573	59189
11	2703	9620.167811329946	59197
11	2706	9625.431507294554	59192
11	2714	9648.797276577435	59187
11	2715	9664.116821473582	59184
11	2717	9666.132551980549	59200
11	2722	9676.621219537493	59202
11	2727	9698.876599394468	59203
11	2732	9714.45364211927	59205
11	2735	9723.560083849786	59191
11	2745	9743.786561265122	59209
11	2754	9780.009662244863	59212
11	2768	9831.236711865095	59207
11	2778	9875.299298561867	59210
11	2791	9909.512497685576	59213
11	2797	9926.825588978204	59218
11	2808	9966.118755392648	59220
11	2821	10009.18878934645	59225
11	2823	10015.913025302751	59204
11	2824	10018.703525064071	59226
11	2846	10104.502538352617	59231
11	2860	10166.624737491809	59229
11	2863	10175.762053019683	59234
11	2879	10234.245998114095	59232
11	2885	10264.138901200377	59219
11	2890	10276.832500971431	59239
11	2891	10277.441305866962	59240
11	2895	10288.721043565481	59221
11	2898	10299.564946278631	59241
11	2900	10310.183541447766	59235
11	2942	10432.512013188199	59245
11	2945	10450.713643386304	59233
11	2951	10469.692178243995	59237
11	2953	10477.60292498698	59248
11	2959	10486.44078185476	59249
11	2965	10514.89831792849	59242
11	2969	10520.962108852325	59253
11	2977	10557.346268931399	59247
11	2984	10583.995465273618	59238
11	2988	10589.390489849621	59257
11	2990	10602.940013201311	59258
11	3002	10659.617791221136	59255
11	3020	10761.782482896162	59260
11	3022	10765.902889619103	59263
11	3023	10768.482502141904	59256
11	3025	10771.472047889221	59267
11	3035	10844.385546890521	59270
11	3047	10883.716414463752	59264
11	3048	10890.437496320026	59268
11	3049	10893.892873231343	59269
11	3080	11040.775007272945	59280
11	3082	11044.824746718495	59265
11	3093	11084.57502058213	59276
11	3127	11171.369718523286	59274
11	3138	11206.155747264057	59283
11	3140	11223.486084924367	59277
11	3142	11224.390268231116	59284
11	3144	11231.111173419505	59285
11	3148	11238.814422408141	59279
11	3149	11239.283753936687	59289
11	3150	11240.661836750131	59299
11	3161	11273.124534370784	59272
11	3196	11354.007232681326	59301
11	3199	11366.269548532642	59303
11	3205	11388.894739770863	59309
11	3207	11391.606772426908	59293
11	3209	11399.486471445942	59311
11	3210	11399.966795690072	59312
11	3220	11431.03134280062	59298
11	3226	11439.155140833406	59288
11	3227	11440.831843840622	59316
11	3231	11448.156138454634	59300
11	3235	11464.12883107923	59319
11	3238	11474.108120215757	59304
11	3242	11481.522503078405	59308
11	3251	11505.693741871044	59322
11	3266	11549.254357443336	59318
11	3278	11576.430800718772	59324
11	3285	11595.777339388438	59326
11	3287	11601.732605307338	59321
11	3296	11633.497631613411	59329
11	3299	11645.017675088861	59330
11	3313	11673.552414170039	59335
11	3317	11680.390366180547	59320
11	3337	11756.668089590392	59339
11	3338	11756.734467199605	59331
11	3339	11759.09996093262	59332
11	3347	11791.370949729941	59336
11	3357	11836.816177769979	59328
11	3368	11865.35314042965	59333
11	3376	11904.279858637976	59325
11	3393	11981.749967233686	59334
11	3397	12002.456604712089	59344
11	3402	12022.069443773807	59340
11	3406	12048.476616211967	59345
11	3407	12048.956117430958	59337
11	3430	12153.315752578603	59346
11	3457	12275.296631025924	59360
11	3466	12322.28651662399	59350
11	3467	12332.947072050653	59363
11	3472	12352.051151784458	59357
11	3473	12356.893283523575	59358
11	3479	12366.539396618124	59366
11	3480	12375.169666551959	59354
11	3481	12376.852430257463	59359
11	3485	12389.469125577827	59368
11	3496	12451.260564897243	59371
11	3501	12461.376116232894	59352
11	3502	12461.679370351011	59365
11	3513	12489.141562947291	59373
11	3515	12497.808067177614	59369
11	3520	12530.811242534237	59374
11	3552	12626.896063277815	59370
11	3569	12679.573134229889	59387
11	3571	12681.376201429766	59380
11	3572	12686.762833724501	59381
11	3579	12714.528276280641	59392
11	3597	12767.074702214716	59372
11	3606	12783.243810729702	59388
11	3614	12809.937976246719	59390
11	3622	12831.089072356183	59383
11	3624	12838.662939766322	59399
11	3625	12845.495348303924	59384
11	3626	12849.679173774745	59395
11	3627	12856.802507176329	59385
11	3643	12894.485677631389	59405
11	3645	12902.833789343786	59389
11	3659	12935.448256710907	59394
11	3667	12961.126824279702	59400
11	3671	12972.462794400263	59402
11	3673	12974.482810195855	59396
11	3677	12980.462233817216	59404
11	3688	13019.048735226555	59391
11	3689	13019.725668150266	59407
11	3711	13079.294674698156	59418
11	3721	13112.636901368308	59406
11	3722	13115.677352880658	59411
11	3726	13125.785240275772	59412
11	3728	13130.297365257966	59413
11	3735	13160.136578805443	59416
11	3743	13186.068900239216	59409
11	3746	13188.152747782788	59410
11	3756	13226.300874691	59421
11	3758	13231.62659772076	59422
11	3766	13260.600597440705	59423
11	3772	13281.167176443371	59417
11	3778	13298.798185018414	59425
11	3779	13303.110942904077	59419
11	3781	13308.632744028986	59430
11	3797	13354.526945415351	59433
11	3806	13390.563393869252	59429
11	3814	13411.87225432183	59431
11	3825	13453.531954672749	59437
11	3828	13458.750807233361	59426
11	3832	13467.496102339757	59428
11	3840	13504.217974579456	59441
11	3852	13537.653857026883	59444
11	3864	13557.11305824804	59438
11	3872	13585.861617241049	59439
11	3888	13633.827222458719	59443
11	3890	13639.958786232757	59435
11	3892	13643.783545386333	59445
11	3894	13648.124326903081	59454
11	3898	13653.269283047126	59446
11	3906	13672.45315348773	59434
11	3907	13681.349139219634	59458
11	3909	13686.428239426877	59459
11	3915	13716.615535897239	59450
11	3923	13741.722595904438	59453
11	3929	13751.569156224294	59436
11	3930	13755.299741468053	59455
11	3937	13767.570968105795	59447
11	3945	13795.558628360576	59449
11	3971	13887.679307678469	59448
11	3972	13891.684256189703	59469
11	3980	13920.826430092121	59465
11	3995	13959.627469407639	59467
11	3996	13963.013923685559	59457
11	4000	13977.290958337476	59464
11	4005	13997.207229182526	59470
11	4007	14003.862252012898	59474
11	4009	14014.424070118369	59460
11	4016	14038.913432559351	59462
11	4024	14056.203977810286	59480
11	4025	14056.79318715868	59466
11	4032	14079.916481318002	59473
11	4048	14130.438992834226	59482
11	4053	14147.225750445125	59485
11	4055	14152.859213179325	59478
11	4071	14194.957157562145	59481
11	4083	14244.484937882898	59495
11	4090	14259.333482435349	59479
11	4097	14271.3054670891	59487
11	4101	14293.300552758252	59490
11	4105	14299.634736331119	59492
11	4106	14310.830244921192	59493
11	4109	14327.459668009108	59476
11	4112	14340.754300071482	59483
11	4119	14358.94075797022	59486
11	4159	14491.151153751525	59489
11	4172	14531.14279328031	59494
11	4173	14536.875522470197	59501
11	4196	14594.629251015204	59516
11	4197	14597.879050802063	59517
11	4203	14620.883609097504	59506
11	4204	14626.278827451633	59507
11	4208	14644.813062378787	59509
11	4209	14646.876780068002	59502
11	4210	14647.131975869663	59510
11	4217	14677.022459146831	59522
11	4224	14692.082443154307	59514
11	4238	14733.233767238901	59508
11	4245	14757.767297972766	59520
11	4257	14786.470265096279	59525
11	4258	14788.932554294832	59503
11	4271	14817.209278147481	59531
11	4277	14825.611745100471	59519
11	4280	14831.076990605847	59533
11	4293	14881.443919410838	59521
11	4296	14883.308918671542	59523
11	4304	14897.938859208394	59513
11	4306	14905.485430682203	59529
11	4309	14908.397117972358	59540
11	4311	14913.635261247437	59530
11	4313	14917.523870076722	59543
11	4314	14920.068682540252	59544
11	4332	14959.197208995671	59526
11	4345	14987.141483218537	59536
11	4347	14991.981251171613	59524
11	4368	15027.949995855642	59545
11	4374	15043.782512418793	59548
11	4387	15088.792611533982	59535
11	4398	15119.578673214325	59562
11	4400	15122.065692995379	59542
11	4407	15128.049499698321	59554
11	4408	15128.583250369379	59555
11	4411	15138.552513722091	59556
11	4414	15141.346302206019	59546
11	4419	15152.441953155817	59557
11	4424	15173.487600368283	59558
11	4427	15178.437940731643	59560
11	4429	15181.033617356912	59561
11	4438	15224.877736804922	59569
11	4450	15243.619926989281	59563
11	4452	15245.296049433902	59547
11	4459	15262.525769149466	59564
11	4473	15299.0007461672	59576
11	4483	15329.551893428465	59551
11	4488	15335.340239975272	59570
11	4493	15348.357839426312	59571
11	4494	15354.27626047884	59572
11	4497	15364.14485081445	59573
11	4504	15382.415246646329	59559
11	4509	15397.186292217352	59583
11	4520	15417.650750300547	59568
11	4529	15444.262988162737	59579
11	4541	15470.442049491079	59574
11	4543	15481.250191214414	59581
11	4553	15500.738206773036	59567
11	4554	15500.980097821081	59593
11	4556	15506.289599542975	59584
11	4557	15507.884583698742	59594
11	4561	15524.9256996899	59586
11	4571	15563.361070430451	59588
11	4572	15565.248420541731	59595
11	4580	15590.053619546005	59598
11	4582	15601.438535142462	59590
11	4594	15621.455432307591	59585
11	4602	15654.340078494821	59580
11	4621	15717.181033919132	59601
11	4632	15762.084297656864	59604
11	4636	15775.572710584894	59589
11	4652	15860.517036941555	59599
11	4658	15875.935103496955	59596
11	4660	15881.526607694516	59597
11	4665	15913.910912407755	59606
11	4670	15922.115387033478	59611
11	4679	15958.293904309446	59609
11	4697	16025.548075258651	59616
11	4700	16041.448150947607	59602
11	4707	16064.607465238132	59610
11	4709	16072.74238851737	59612
11	4717	16118.237550165249	59615
11	4719	16127.72486992307	59607
11	4722	16135.594548796914	59617
11	4727	16152.719207731175	59620
11	4753	16259.697925011393	59628
11	4754	16268.109532797233	59621
11	4761	16307.075033061159	59630
11	4765	16311.063294616005	59631
11	4766	16314.265028660135	59632
11	4787	16411.801709187269	59622
11	4788	16412.310467211677	59626
11	4793	16422.57865502897	59627
11	4801	16444.551158772424	59642
11	4802	16449.266250369074	59633
11	4815	16514.03301471952	59636
11	4822	16524.855199892625	59637
11	4824	16538.49715680833	59638
11	4825	16541.514283462437	59639
11	4828	16543.646071048272	59640
11	4829	16543.763017751798	59641
11	4839	16587.789065555332	59629
11	4840	16591.682440069861	59643
11	4860	16644.915903493608	59645
11	4867	16664.398042665661	59647
11	4878	16701.316612721181	59635
11	4884	16720.514563920664	59652
11	4889	16732.850549727782	59661
11	4910	16797.708517716274	59650
11	4914	16806.386019628843	59658
11	4915	16810.044271838501	59663
11	4920	16827.552402435413	59644
11	4925	16842.873766136413	59666
11	4927	16849.269628366154	59653
11	4930	16853.151869577895	59646
11	4934	16870.524428533382	59655
11	4942	16904.92778964915	59669
11	4943	16905.862345169998	59657
11	4947	16923.670765889074	59664
11	4950	16932.392767263534	59670
11	4966	16981.903323560955	59672
11	4983	17060.530057980785	59676
11	4984	17064.510544477305	59671
11	4985	17065.532708113261	59677
11	4986	17072.454729352324	59667
11	5001	17149.549219817016	59674
11	5003	17161.385700488124	59675
11	5011	17197.66633702623	59681
11	5044	17318.853600506371	59683
11	5045	17319.240555929342	59691
11	5047	17327.648487231161	59685
11	5051	17338.889391847051	59694
11	5057	17351.980185734983	59696
11	5070	17389.250253986428	59680
11	5078	17410.395423543124	59689
11	5079	17414.48503210019	59690
11	5091	17445.827995885472	59679
11	5094	17450.21244722501	59700
11	5101	17467.734545356076	59697
11	5103	17472.077033426553	59705
11	5104	17472.771388164805	59687
11	5128	17539.333363897152	59712
11	5142	17572.919883897234	59714
11	5146	17581.672270493462	59706
11	5149	17593.678399435039	59707
11	5152	17597.6515204418	59709
11	5153	17604.564142587193	59716
11	5158	17621.993984814315	59717
11	5170	17671.033707736168	59703
11	5171	17671.040406336852	59704
11	5174	17674.949026581056	59713
11	5180	17687.615782560364	59715
11	5184	17700.192217119019	59708
11	5199	17776.662783053568	59719
11	5209	17794.554719494364	59723
11	5238	17917.734497569049	59730
11	5240	17923.756281060215	59720
11	5242	17931.976404434379	59721
11	5251	17980.405719074194	59726
11	5256	17984.616978059861	59737
11	5257	17987.527344756743	59722
11	5259	17995.4084054878	59728
11	5272	18042.964875826427	59732
11	5273	18056.22954387525	59740
11	5278	18074.534189178078	59733
11	5279	18079.136679076091	59734
11	5292	18112.554628779307	59738
11	5296	18124.840267005807	59745
11	5333	18270.297869613465	59742
11	5339	18286.808959564508	59743
11	5340	18289.64765538585	59752
11	5345	18309.057109712919	59748
11	5354	18332.852151051998	59739
11	5355	18340.166362032663	59750
11	5357	18341.745893387209	59756
11	5358	18342.863170026054	59757
11	5365	18384.527489043541	59761
11	5370	18394.024792582474	59747
11	5384	18443.839471643797	59751
11	5390	18465.871569271645	59764
11	5404	18526.913902564927	59755
11	5420	18576.265812812371	59770
11	5424	18593.790922143952	59771
11	5431	18627.014871477535	59763
11	5436	18646.351420149853	59774
11	5438	18649.017928435729	59769
11	5443	18656.166955113814	59776
11	5444	18658.628912181769	59777
11	5449	18681.456420741782	59778
11	5453	18699.430625635369	59765
11	5456	18728.704638114718	59762
11	5470	18769.06305380799	59780
11	5494	18862.014718908008	59779
11	5498	18877.582845426488	59784
11	5503	18898.577348842821	59781
11	5511	18917.247286337744	59772
11	5516	18941.610581923164	59789
11	5535	19004.752986988184	59786
11	5542	19026.807241097079	59797
11	5547	19046.011337104948	59790
11	5554	19079.108340803239	59799
11	5560	19085.787555439487	59801
11	5570	19137.530804670479	59782
11	5571	19139.281237326602	59788
11	5576	19150.095937518811	59791
11	5577	19150.997843489102	59792
11	5594	19226.665839354759	59796
11	5601	19242.593869386995	59806
11	5606	19255.043095253517	59798
11	5608	19282.831990204755	59803
11	5629	19349.30363022584	59807
11	5641	19419.81943031715	59809
11	5642	19423.536385019728	59814
11	5644	19431.657101478517	59810
11	5645	19438.732102127795	59811
11	5646	19441.256287358587	59805
11	5659	19507.649024846801	59808
11	5661	19518.801470505864	59818
11	5666	19529.391798289324	59819
11	5670	19542.696213605125	59820
11	5674	19552.730441715678	59812
11	5681	19593.75105217753	59816
11	5682	19596.463446596177	59821
11	5685	19609.772646992965	59822
11	5706	19680.110752140693	59828
11	5707	19680.276509843214	59829
11	5712	19700.50629603805	59817
11	5721	19725.916178708869	59824
11	5727	19745.136642050943	59825
11	5735	19770.330012417916	59826
11	5737	19782.457760292342	59838
11	5747	19820.02448237669	59840
11	5749	19823.4127054897	59832
11	5760	19848.904464471224	59834
11	5763	19854.134521148899	59835
11	5764	19855.071440920338	59843
11	5769	19879.61337900148	59827
11	5775	19902.473838661095	59839
11	5786	19937.660271657419	59842
11	5788	19948.183348901261	59833
11	5796	19965.655218068128	59847
12	279	1097.934068929496	409
12	301	1181.575228503249	306
12	317	1231.017997210756	409
12	348	1345.882547489556	203
12	376	1460.445412675333	512
12	405	1574.921630982839	203
12	411	1604.755896981144	512
12	448	1753.162709907427	409
12	485	1887.189282928174	512
12	518	2009.814215962335	409
12	522	2019.460257791748	512
12	539	2064.233036361939	512
12	564	2142.072650630729	306
12	584	2194.337323971667	409
12	631	2323.352782290156	409
12	712	2550.875217422673	512
12	747	2657.301538039992	512
12	817	2891.050547630226	512
12	908	3223.912021577783	306
12	964	3377.4076776986	512
12	1026	3562.57436231423	512
12	1100	3794.696959067989	409
12	1143	3986.934152151295	409
12	1147	4011.664502272721	409
12	1270	4478.452422318036	409
12	1478	5224.33153550215	409
12	1492	5249.432695229617	512
12	1493	5254.649664489794	306
12	1623	5702.499393379952	306
12	1674	5867.680377924054	409
12	1695	5949.154461919609	512
12	1702	5978.333786877167	409
12	1813	6393.015528898705	409
12	1829	6446.363534988972	306
12	1830	6450.432509911556	409
12	1948	6832.362017835378	512
12	1967	6907.133660558817	306
12	2022	7081.364501350415	512
12	2089	7254.452304660588	203
12	2124	7382.849489535666	306
12	2135	7433.130101730914	409
12	2145	7451.516990364174	203
12	2157	7521.204110949762	512
12	2164	7543.843214429296	409
12	2239	7864.835432230445	409
12	2275	7971.154505141444	203
12	2280	7982.182490829057	409
12	2283	7990.253789504835	306
12	2304	8059.451498058464	512
12	2360	8236.277383143162	306
12	2368	8257.615322691279	512
12	2370	8266.690531084489	306
12	2374	8297.951047509774	512
12	2397	8397.971672943558	306
12	2534	8943.252219528209	512
12	2554	9022.965531342925	512
12	2592	9169.531292400204	512
12	2593	9178.229631603716	409
12	2622	9300.286674145516	306
12	2629	9342.422281465616	203
12	2687	9565.934336692741	512
12	2700	9609.573495097567	512
12	2702	9618.536301589097	306
12	2739	9729.124782251482	203
12	2764	9826.167811329946	306
12	2802	9939.308573054933	203
12	2861	10172.118755392648	306
12	2902	10310.502538352617	306
12	3096	11089.716414463752	512
12	3305	11654.156138454634	512
12	3316	11680.108120215757	512
12	3363	11851.017675088861	306
12	3396	11997.370949729941	409
12	3510	12481.296631025924	306
12	3535	12572.539396618124	306
12	3586	12736.811242534237	306
12	3653	12920.528276280641	306
12	3699	13051.495348303924	512
12	3703	13062.802507176329	512
12	3720	13108.833789343786	512
12	3770	13264.021064970073	203
12	3784	13318.636901368308	512
12	3808	13394.152747782788	512
12	3842	13509.110942904077	512
12	3875	13596.563393869252	409
12	3900	13659.531954672749	306
12	3935	13763.11305824804	409
12	3956	13845.958786232757	512
12	3998	13973.570968105795	512
12	4039	14097.684256189703	306
12	4111	14336.438992834226	306
12	4151	14465.333482435349	512
12	4164	14505.634736331119	409
12	4182	14564.94075797022	512
12	4239	14742.875522470197	409
12	4286	14852.876780068002	512
12	4335	14970.377822274318	203
12	4393	15111.485430682203	409
12	4401	15123.523870076722	306
12	4455	15249.782512418793	409
12	4482	15328.065692995379	512
12	4524	15430.877736804922	306
12	4570	15560.27626047884	409
12	4585	15603.186292217352	306
12	4600	15650.262988162737	409
12	4610	15676.442049491079	512
12	4625	15730.9256996899	409
12	4671	15923.181033919132	306
12	4683	15968.084297656864	306
12	4708	16066.517036941555	512
12	4718	16119.910912407755	409
12	4729	16164.293904309446	409
12	4894	16747.514283462437	409
12	4928	16850.915903493608	409
12	4948	16926.514563920664	409
12	5034	17270.510544477305	409
12	5059	17355.549219817016	409
12	5124	17533.648487231161	409
12	5129	17544.889391847051	306
12	5176	17678.077033426553	306
12	5196	17771.950328489694	203
12	5203	17778.919883897234	306
12	5205	17787.672270493462	409
12	5332	18262.22954387525	306
12	5435	18644.027587874417	203
12	5439	18649.839471643797	512
12	5458	18732.913902564927	512
12	5466	18755.177444659883	203
12	5491	18852.351420149853	306
12	5502	18887.456420741782	306
12	5506	18905.430625635369	512
12	5574	19147.610581923164	306
12	5596	19232.807241097079	306
12	5613	19291.787555439487	306
12	5630	19356.095937518811	512
12	5699	19647.256287358587	512
12	5716	19713.649024846801	512
12	5772	19886.110752140693	306
12	5778	19906.50629603805	512
12	5784	19931.916178708869	409
13	279	1097.934068929496	9
13	301	1181.575228503249	6
13	317	1231.017997210756	9
13	348	1345.882547489556	3
13	376	1460.445412675333	12
13	405	1574.921630982839	3
13	411	1604.755896981144	12
13	448	1753.162709907427	9
13	485	1887.189282928174	12
13	518	2009.814215962335	9
13	522	2019.460257791748	12
13	539	2064.233036361939	12
13	564	2142.072650630729	6
13	584	2194.337323971667	9
13	631	2323.352782290156	9
13	712	2550.875217422673	12
13	747	2657.301538039992	12
13	817	2891.050547630226	12
13	908	3223.912021577783	6
13	964	3377.4076776986	12
13	1026	3562.57436231423	12
13	1100	3794.696959067989	9
13	1143	3986.934152151295	9
13	1147	4011.664502272721	9
13	1270	4478.452422318036	9
13	1478	5224.33153550215	9
13	1492	5249.432695229617	12
13	1493	5254.649664489794	6
13	1623	5702.499393379952	6
13	1674	5867.680377924054	9
13	1695	5949.154461919609	12
13	1702	5978.333786877167	9
13	1813	6393.015528898705	9
13	1829	6446.363534988972	6
13	1830	6450.432509911556	9
13	1948	6832.362017835378	12
13	1967	6907.133660558817	6
13	2022	7081.364501350415	12
13	2089	7254.452304660588	3
13	2124	7382.849489535666	6
13	2135	7433.130101730914	9
13	2145	7451.516990364174	3
13	2157	7521.204110949762	12
13	2164	7543.843214429296	9
13	2239	7864.835432230445	9
13	2275	7971.154505141444	3
13	2280	7982.182490829057	9
13	2283	7990.253789504835	6
13	2304	8059.451498058464	12
13	2360	8236.277383143162	6
13	2368	8257.615322691279	12
13	2370	8266.690531084489	6
13	2374	8297.951047509774	12
13	2397	8397.971672943558	6
13	2534	8943.252219528209	12
13	2554	9022.965531342925	12
13	2592	9169.531292400204	12
13	2593	9178.229631603716	9
13	2622	9300.286674145516	6
13	2629	9342.422281465616	3
13	2687	9565.934336692741	12
13	2700	9609.573495097567	12
13	2702	9618.536301589097	6
13	2739	9729.124782251482	3
13	2764	9826.167811329946	6
13	2802	9939.308573054933	3
13	2861	10172.118755392648	6
13	2902	10310.502538352617	6
13	3096	11089.716414463752	12
13	3305	11654.156138454634	12
13	3316	11680.108120215757	12
13	3363	11851.017675088861	6
13	3396	11997.370949729941	9
13	3510	12481.296631025924	6
13	3535	12572.539396618124	6
13	3586	12736.811242534237	6
13	3653	12920.528276280641	6
13	3699	13051.495348303924	12
13	3703	13062.802507176329	12
13	3720	13108.833789343786	12
13	3770	13264.021064970073	3
13	3784	13318.636901368308	12
13	3808	13394.152747782788	12
13	3842	13509.110942904077	12
13	3875	13596.563393869252	9
13	3900	13659.531954672749	6
13	3935	13763.11305824804	9
13	3956	13845.958786232757	12
13	3998	13973.570968105795	12
13	4039	14097.684256189703	6
13	4111	14336.438992834226	6
13	4151	14465.333482435349	12
13	4164	14505.634736331119	9
13	4182	14564.94075797022	12
13	4239	14742.875522470197	9
13	4286	14852.876780068002	12
13	4335	14970.377822274318	3
13	4393	15111.485430682203	9
13	4401	15123.523870076722	6
13	4455	15249.782512418793	9
13	4482	15328.065692995379	12
13	4524	15430.877736804922	6
13	4570	15560.27626047884	9
13	4585	15603.186292217352	6
13	4600	15650.262988162737	9
13	4610	15676.442049491079	12
13	4625	15730.9256996899	9
13	4671	15923.181033919132	6
13	4683	15968.084297656864	6
13	4708	16066.517036941555	12
13	4718	16119.910912407755	9
13	4729	16164.293904309446	9
13	4894	16747.514283462437	9
13	4928	16850.915903493608	9
13	4948	16926.514563920664	9
13	5034	17270.510544477305	9
13	5059	17355.549219817016	9
13	5124	17533.648487231161	9
13	5129	17544.889391847051	6
13	5176	17678.077033426553	6
13	5196	17771.950328489694	3
13	5203	17778.919883897234	6
13	5205	17787.672270493462	9
13	5332	18262.22954387525	6
13	5435	18644.027587874417	3
13	5439	18649.839471643797	12
13	5458	18732.913902564927	12
13	5466	18755.177444659883	3
13	5491	18852.351420149853	6
13	5502	18887.456420741782	6
13	5506	18905.430625635369	12
13	5574	19147.610581923164	6
13	5596	19232.807241097079	6
13	5613	19291.787555439487	6
13	5630	19356.095937518811	12
13	5699	19647.256287358587	12
13	5716	19713.649024846801	12
13	5772	19886.110752140693	6
13	5778	19906.50629603805	12
13	5784	19931.916178708869	9
14	279	1097.934068929496	3
14	301	1181.575228503249	2
14	317	1231.017997210756	3
14	348	1345.882547489556	1
14	376	1460.445412675333	4
14	405	1574.921630982839	1
14	411	1604.755896981144	4
14	448	1753.162709907427	3
14	485	1887.189282928174	4
14	518	2009.814215962335	3
14	522	2019.460257791748	4
14	539	2064.233036361939	4
14	564	2142.072650630729	2
14	584	2194.337323971667	3
14	631	2323.352782290156	3
14	712	2550.875217422673	4
14	747	2657.301538039992	4
14	817	2891.050547630226	4
14	908	3223.912021577783	2
14	964	3377.4076776986	4
14	1026	3562.57436231423	4
14	1100	3794.696959067989	3
14	1143	3986.934152151295	3
14	1147	4011.664502272721	3
14	1270	4478.452422318036	3
14	1478	5224.33153550215	3
14	1492	5249.432695229617	4
14	1493	5254.649664489794	2
14	1623	5702.499393379952	2
14	1674	5867.680377924054	3
14	1695	5949.154461919609	4
14	1702	5978.333786877167	3
14	1813	6393.015528898705	3
14	1829	6446.363534988972	2
14	1830	6450.432509911556	3
14	1948	6832.362017835378	4
14	1967	6907.133660558817	2
14	2022	7081.364501350415	4
14	2089	7254.452304660588	1
14	2124	7382.849489535666	2
14	2135	7433.130101730914	3
14	2145	7451.516990364174	1
14	2157	7521.204110949762	4
14	2164	7543.843214429296	3
14	2239	7864.835432230445	3
14	2275	7971.154505141444	1
14	2280	7982.182490829057	3
14	2283	7990.253789504835	2
14	2304	8059.451498058464	4
14	2360	8236.277383143162	2
14	2368	8257.615322691279	4
14	2370	8266.690531084489	2
14	2374	8297.951047509774	4
14	2397	8397.971672943558	2
14	2534	8943.252219528209	4
14	2554	9022.965531342925	4
14	2592	9169.531292400204	4
14	2593	9178.229631603716	3
14	2622	9300.286674145516	2
14	2629	9342.422281465616	1
14	2687	9565.934336692741	4
14	2700	9609.573495097567	4
14	2702	9618.536301589097	2
14	2739	9729.124782251482	1
14	2764	9826.167811329946	2
14	2802	9939.308573054933	1
14	2861	10172.118755392648	2
14	2902	10310.502538352617	2
14	3096	11089.716414463752	4
14	3305	11654.156138454634	4
14	3316	11680.108120215757	4
14	3363	11851.017675088861	2
14	3396	11997.370949729941	3
14	3510	12481.296631025924	2
14	3535	12572.539396618124	2
14	3586	12736.811242534237	2
14	3653	12920.528276280641	2
14	3699	13051.495348303924	4
14	3703	13062.802507176329	4
14	3720	13108.833789343786	4
14	3770	13264.021064970073	1
14	3784	13318.636901368308	4
14	3808	13394.152747782788	4
14	3842	13509.110942904077	4
14	3875	13596.563393869252	3
14	3900	13659.531954672749	2
14	3935	13763.11305824804	3
14	3956	13845.958786232757	4
14	3998	13973.570968105795	4
14	4039	14097.684256189703	2
14	4111	14336.438992834226	2
14	4151	14465.333482435349	4
14	4164	14505.634736331119	3
14	4182	14564.94075797022	4
14	4239	14742.875522470197	3
14	4286	14852.876780068002	4
14	4335	14970.377822274318	1
14	4393	15111.485430682203	3
14	4401	15123.523870076722	2
14	4455	15249.782512418793	3
14	4482	15328.065692995379	4
14	4524	15430.877736804922	2
14	4570	15560.27626047884	3
14	4585	15603.186292217352	2
14	4600	15650.262988162737	3
14	4610	15676.442049491079	4
14	4625	15730.9256996899	3
14	4671	15923.181033919132	2
14	4683	15968.084297656864	2
14	4708	16066.517036941555	4
14	4718	16119.910912407755	3
14	4729	16164.293904309446	3
14	4894	16747.514283462437	3
14	4928	16850.915903493608	3
14	4948	16926.514563920664	3
14	5034	17270.510544477305	3
14	5059	17355.549219817016	3
14	5124	17533.648487231161	3
14	5129	17544.889391847051	2
14	5176	17678.077033426553	2
14	5196	17771.950328489694	1
14	5203	17778.919883897234	2
14	5205	17787.672270493462	3
14	5332	18262.22954387525	2
14	5435	18644.027587874417	1
14	5439	18649.839471643797	4
14	5458	18732.913902564927	4
14	5466	18755.177444659883	1
14	5491	18852.351420149853	2
14	5502	18887.456420741782	2
14	5506	18905.430625635369	4
14	5574	19147.610581923164	2
14	5596	19232.807241097079	2
14	5613	19291.787555439487	2
14	5630	19356.095937518811	4
14	5699	19647.256287358587	4
14	5716	19713.649024846801	4
14	5772	19886.110752140693	2
14	5778	19906.50629603805	4
14	5784	19931.916178708869	3
15	289	1138.124965207214	512
15	296	1157.853996299913	409
15	302	1186.092821372656	306
15	311	1211.68865867492	512
15	357	1395.152005844515	203
15	370	1432.70995430125	409
15	399	1551.262377479632	306
15	420	1628.909970625898	409
15	435	1694.828411768382	203
15	567	2148.748258187139	203
15	582	2188.443099112285	306
15	609	2264.945908897121	512
15	732	2600.104430456008	512
15	759	2689.899562046721	409
15	789	2793.183189924113	306
15	937	3308.943840241293	409
15	941	3319.703394625521	512
15	967	3391.838748097161	306
15	1083	3746.437720222819	306
15	1116	3873.277439308981	512
15	1139	3978.62836780688	203
15	1207	4230.112244803808	306
15	1223	4294.936741544079	409
15	1268	4469.456488306795	409
15	1371	4883.245115306316	512
15	1381	4921.253128468787	409
15	1399	4974.597192522125	306
15	1428	5056.47842321944	512
15	1507	5309.935505635058	203
15	1545	5442.072044749944	512
15	1561	5494.987305102919	306
15	1665	5836.579823461461	409
15	1713	6005.034106065391	512
15	1814	6394.386530241234	512
15	1966	6904.887583600422	306
15	2041	7127.837118057538	306
15	2090	7254.650865874091	306
15	2107	7326.132146669282	306
15	2109	7327.793430065001	306
15	2154	7500.223890519716	409
15	2165	7546.749735828265	306
15	2311	8090.529267693233	409
15	2330	8134.020155748028	306
15	2361	8241.801985876102	203
15	2378	8309.686094838078	409
15	2386	8334.207060348758	409
15	2490	8787.343230167611	306
15	2544	8980.989658234817	306
15	2578	9123.946388574056	512
15	2598	9195.81952313711	512
15	2607	9240.498686176555	512
15	2620	9285.166787409385	512
15	2770	9832.855339720439	409
15	2773	9844.005414144356	306
15	2801	9934.431507294554	512
15	2816	9985.621219537493	409
15	2962	10501.827124367352	203
15	2966	10516.462972028645	306
15	2986	10586.441305866962	409
15	3055	10945.120303143029	306
15	3090	11074.902889619103	512
15	3126	11170.950884030537	306
15	3129	11178.421077756073	203
15	3260	11540.111173419505	512
15	3267	11549.661836750131	409
15	3334	11749.831843840622	409
15	3346	11790.522503078405	512
15	3383	11939.534670851358	203
15	3394	11982.552414170039	409
15	3411	12068.09996093262	512
15	3463	12311.456604712089	512
15	3468	12334.572121443961	203
15	3516	12502.78069170198	306
15	3561	12661.051151784458	512
15	3592	12756.518805203036	306
15	3598	12767.724907050673	306
15	3657	12933.11621394073	306
15	3687	13017.093299269104	306
15	3709	13076.831047739732	306
15	3730	13147.662939766322	409
15	3771	13270.126824279702	512
15	3786	13328.725668150266	512
15	3833	13469.136578805443	512
15	3857	13546.289023405705	306
15	3879	13607.798185018414	512
15	3902	13663.526945415351	409
15	3947	13813.217974579456	409
15	3950	13822.983955634361	306
15	3957	13849.533613361421	203
15	3994	13957.124326903081	409
15	4012	14025.615535897239	512
15	4031	14073.456420421201	306
15	4096	14268.627469407639	512
15	4107	14312.862252012898	409
15	4145	14449.469642635627	203
15	4148	14456.225750445125	409
15	4177	14549.804119183901	306
15	4179	14553.484937882898	409
15	4187	14580.3054670891	512
15	4202	14619.830244921192	512
15	4246	14763.087740759697	306
15	4324	14928.694504217935	203
15	4326	14935.278827451633	512
15	4340	14978.874337827881	306
15	4397	15115.68652633453	306
15	4412	15140.076990605847	409
15	4436	15217.397117972358	409
15	4471	15296.141483218537	512
15	4507	15386.05977104236	306
15	4527	15437.583250369379	512
15	4544	15482.487600368283	512
15	4567	15552.619926989281	512
15	4576	15571.525769149466	512
15	4690	15996.631909733546	306
15	4699	16036.22448216606	306
15	4926	16847.49715680833	512
15	4929	16852.646071048272	512
15	4939	16900.682440069861	512
15	4951	16933.462315819506	306
15	4963	16973.398042665661	512
15	4991	17107.647052647568	203
15	4995	17119.044271838501	409
15	5016	17213.92778964915	409
15	5116	17506.66633702623	409
15	5283	18085.662783053568	512
15	5289	18103.554719494364	409
15	5303	18164.938998302943	203
15	5313	18190.469161897187	306
15	5343	18293.616978059861	409
15	5346	18315.964134399191	306
15	5373	18419.386368775332	306
15	5375	18419.74496292388	203
15	5379	18433.840267005807	409
15	5417	18556.209136644926	306
15	5505	18902.790922143952	409
15	5522	18958.017928435729	512
15	5612	19290.77548917526	306
15	5616	19313.752986988184	512
15	5756	19838.391798289324	409
15	5776	19905.463446596177	409
15	5780	19918.772646992965	409
16	289	1138.124965207214	12
16	296	1157.853996299913	9
16	302	1186.092821372656	6
16	311	1211.68865867492	12
16	357	1395.152005844515	3
16	370	1432.70995430125	9
16	399	1551.262377479632	6
16	420	1628.909970625898	9
16	435	1694.828411768382	3
16	567	2148.748258187139	3
16	582	2188.443099112285	6
16	609	2264.945908897121	12
16	732	2600.104430456008	12
16	759	2689.899562046721	9
16	789	2793.183189924113	6
16	937	3308.943840241293	9
16	941	3319.703394625521	12
16	967	3391.838748097161	6
16	1083	3746.437720222819	6
16	1116	3873.277439308981	12
16	1139	3978.62836780688	3
16	1207	4230.112244803808	6
16	1223	4294.936741544079	9
16	1268	4469.456488306795	9
16	1371	4883.245115306316	12
16	1381	4921.253128468787	9
16	1399	4974.597192522125	6
16	1428	5056.47842321944	12
16	1507	5309.935505635058	3
16	1545	5442.072044749944	12
16	1561	5494.987305102919	6
16	1665	5836.579823461461	9
16	1713	6005.034106065391	12
16	1814	6394.386530241234	12
16	1966	6904.887583600422	6
16	2041	7127.837118057538	6
16	2090	7254.650865874091	6
16	2107	7326.132146669282	6
16	2109	7327.793430065001	6
16	2154	7500.223890519716	9
16	2165	7546.749735828265	6
16	2311	8090.529267693233	9
16	2330	8134.020155748028	6
16	2361	8241.801985876102	3
16	2378	8309.686094838078	9
16	2386	8334.207060348758	9
16	2490	8787.343230167611	6
16	2544	8980.989658234817	6
16	2578	9123.946388574056	12
16	2598	9195.81952313711	12
16	2607	9240.498686176555	12
16	2620	9285.166787409385	12
16	2770	9832.855339720439	9
16	2773	9844.005414144356	6
16	2801	9934.431507294554	12
16	2816	9985.621219537493	9
16	2962	10501.827124367352	3
16	2966	10516.462972028645	6
16	2986	10586.441305866962	9
16	3055	10945.120303143029	6
16	3090	11074.902889619103	12
16	3126	11170.950884030537	6
16	3129	11178.421077756073	3
16	3260	11540.111173419505	12
16	3267	11549.661836750131	9
16	3334	11749.831843840622	9
16	3346	11790.522503078405	12
16	3383	11939.534670851358	3
16	3394	11982.552414170039	9
16	3411	12068.09996093262	12
16	3463	12311.456604712089	12
16	3468	12334.572121443961	3
16	3516	12502.78069170198	6
16	3561	12661.051151784458	12
16	3592	12756.518805203036	6
16	3598	12767.724907050673	6
16	3657	12933.11621394073	6
16	3687	13017.093299269104	6
16	3709	13076.831047739732	6
16	3730	13147.662939766322	9
16	3771	13270.126824279702	12
16	3786	13328.725668150266	12
16	3833	13469.136578805443	12
16	3857	13546.289023405705	6
16	3879	13607.798185018414	12
16	3902	13663.526945415351	9
16	3947	13813.217974579456	9
16	3950	13822.983955634361	6
16	3957	13849.533613361421	3
16	3994	13957.124326903081	9
16	4012	14025.615535897239	12
16	4031	14073.456420421201	6
16	4096	14268.627469407639	12
16	4107	14312.862252012898	9
16	4145	14449.469642635627	3
16	4148	14456.225750445125	9
16	4177	14549.804119183901	6
16	4179	14553.484937882898	9
16	4187	14580.3054670891	12
16	4202	14619.830244921192	12
16	4246	14763.087740759697	6
16	4324	14928.694504217935	3
16	4326	14935.278827451633	12
16	4340	14978.874337827881	6
16	4397	15115.68652633453	6
16	4412	15140.076990605847	9
16	4436	15217.397117972358	9
16	4471	15296.141483218537	12
16	4507	15386.05977104236	6
16	4527	15437.583250369379	12
16	4544	15482.487600368283	12
16	4567	15552.619926989281	12
16	4576	15571.525769149466	12
16	4690	15996.631909733546	6
16	4699	16036.22448216606	6
16	4926	16847.49715680833	12
16	4929	16852.646071048272	12
16	4939	16900.682440069861	12
16	4951	16933.462315819506	6
16	4963	16973.398042665661	12
16	4991	17107.647052647568	3
16	4995	17119.044271838501	9
16	5016	17213.92778964915	9
16	5116	17506.66633702623	9
16	5283	18085.662783053568	12
16	5289	18103.554719494364	9
16	5303	18164.938998302943	3
16	5313	18190.469161897187	6
16	5343	18293.616978059861	9
16	5346	18315.964134399191	6
16	5373	18419.386368775332	6
16	5375	18419.74496292388	3
16	5379	18433.840267005807	9
16	5417	18556.209136644926	6
16	5505	18902.790922143952	9
16	5522	18958.017928435729	12
16	5612	19290.77548917526	6
16	5616	19313.752986988184	12
16	5756	19838.391798289324	9
16	5776	19905.463446596177	9
16	5780	19918.772646992965	9
17	289	1138.124965207214	4
17	296	1157.853996299913	3
17	302	1186.092821372656	2
17	311	1211.68865867492	4
17	357	1395.152005844515	1
17	370	1432.70995430125	3
17	399	1551.262377479632	2
17	420	1628.909970625898	3
17	435	1694.828411768382	1
17	567	2148.748258187139	1
17	582	2188.443099112285	2
17	609	2264.945908897121	4
17	732	2600.104430456008	4
17	759	2689.899562046721	3
17	789	2793.183189924113	2
17	937	3308.943840241293	3
17	941	3319.703394625521	4
17	967	3391.838748097161	2
17	1083	3746.437720222819	2
17	1116	3873.277439308981	4
17	1139	3978.62836780688	1
17	1207	4230.112244803808	2
17	1223	4294.936741544079	3
17	1268	4469.456488306795	3
17	1371	4883.245115306316	4
17	1381	4921.253128468787	3
17	1399	4974.597192522125	2
17	1428	5056.47842321944	4
17	1507	5309.935505635058	1
17	1545	5442.072044749944	4
17	1561	5494.987305102919	2
17	1665	5836.579823461461	3
17	1713	6005.034106065391	4
17	1814	6394.386530241234	4
17	1966	6904.887583600422	2
17	2041	7127.837118057538	2
17	2090	7254.650865874091	2
17	2107	7326.132146669282	2
17	2109	7327.793430065001	2
17	2154	7500.223890519716	3
17	2165	7546.749735828265	2
17	2311	8090.529267693233	3
17	2330	8134.020155748028	2
17	2361	8241.801985876102	1
17	2378	8309.686094838078	3
17	2386	8334.207060348758	3
17	2490	8787.343230167611	2
17	2544	8980.989658234817	2
17	2578	9123.946388574056	4
17	2598	9195.81952313711	4
17	2607	9240.498686176555	4
17	2620	9285.166787409385	4
17	2770	9832.855339720439	3
17	2773	9844.005414144356	2
17	2801	9934.431507294554	4
17	2816	9985.621219537493	3
17	2962	10501.827124367352	1
17	2966	10516.462972028645	2
17	2986	10586.441305866962	3
17	3055	10945.120303143029	2
17	3090	11074.902889619103	4
17	3126	11170.950884030537	2
17	3129	11178.421077756073	1
17	3260	11540.111173419505	4
17	3267	11549.661836750131	3
17	3334	11749.831843840622	3
17	3346	11790.522503078405	4
17	3383	11939.534670851358	1
17	3394	11982.552414170039	3
17	3411	12068.09996093262	4
17	3463	12311.456604712089	4
17	3468	12334.572121443961	1
17	3516	12502.78069170198	2
17	3561	12661.051151784458	4
17	3592	12756.518805203036	2
17	3598	12767.724907050673	2
17	3657	12933.11621394073	2
17	3687	13017.093299269104	2
17	3709	13076.831047739732	2
17	3730	13147.662939766322	3
17	3771	13270.126824279702	4
17	3786	13328.725668150266	4
17	3833	13469.136578805443	4
17	3857	13546.289023405705	2
17	3879	13607.798185018414	4
17	3902	13663.526945415351	3
17	3947	13813.217974579456	3
17	3950	13822.983955634361	2
17	3957	13849.533613361421	1
17	3994	13957.124326903081	3
17	4012	14025.615535897239	4
17	4031	14073.456420421201	2
17	4096	14268.627469407639	4
17	4107	14312.862252012898	3
17	4145	14449.469642635627	1
17	4148	14456.225750445125	3
17	4177	14549.804119183901	2
17	4179	14553.484937882898	3
17	4187	14580.3054670891	4
17	4202	14619.830244921192	4
17	4246	14763.087740759697	2
17	4324	14928.694504217935	1
17	4326	14935.278827451633	4
17	4340	14978.874337827881	2
17	4397	15115.68652633453	2
17	4412	15140.076990605847	3
17	4436	15217.397117972358	3
17	4471	15296.141483218537	4
17	4507	15386.05977104236	2
17	4527	15437.583250369379	4
17	4544	15482.487600368283	4
17	4567	15552.619926989281	4
17	4576	15571.525769149466	4
17	4690	15996.631909733546	2
17	4699	16036.22448216606	2
17	4926	16847.49715680833	4
17	4929	16852.646071048272	4
17	4939	16900.682440069861	4
17	4951	16933.462315819506	2
17	4963	16973.398042665661	4
17	4991	17107.647052647568	1
17	4995	17119.044271838501	3
17	5016	17213.92778964915	3
17	5116	17506.66633702623	3
17	5283	18085.662783053568	4
17	5289	18103.554719494364	3
17	5303	18164.938998302943	1
17	5313	18190.469161897187	2
17	5343	18293.616978059861	3
17	5346	18315.964134399191	2
17	5373	18419.386368775332	2
17	5375	18419.74496292388	1
17	5379	18433.840267005807	3
17	5417	18556.209136644926	2
17	5505	18902.790922143952	3
17	5522	18958.017928435729	4
17	5612	19290.77548917526	2
17	5616	19313.752986988184	4
17	5756	19838.391798289324	3
17	5776	19905.463446596177	3
17	5780	19918.772646992965	3
18	299	1174.716328778086	306
18	344	1343.96971121921	306
18	349	1355.274158671408	512
18	358	1398.080385367936	203
18	418	1623.536507829624	409
18	421	1631.607024785183	306
18	439	1712.612789468155	306
18	459	1795.805666120706	306
18	460	1796.042982460619	512
18	577	2175.585193953325	409
18	649	2365.510351746113	512
18	661	2392.995963561738	306
18	665	2397.658302140167	306
18	676	2444.619560316823	306
18	678	2450.892215344248	512
18	726	2589.262040642255	306
18	739	2623.030659633563	203
18	751	2667.279841759385	306
18	815	2887.169618477886	203
18	862	3056.745868463481	306
18	888	3147.864405718125	512
18	946	3328.016367841349	203
18	948	3330.249240002849	203
18	1004	3496.195213718054	306
18	1079	3736.625864776998	512
18	1112	3849.762189638735	512
18	1151	4023.547078799088	306
18	1235	4331.98301388587	306
18	1289	4570.96248181832	512
18	1310	4661.491331190955	203
18	1322	4711.866299540792	512
18	1349	4806.515875354877	306
18	1393	4956.723382635898	203
18	1416	5029.488990991488	306
18	1436	5085.528126343828	512
18	1487	5241.542919154486	306
18	1501	5289.417554309772	512
18	1571	5528.48274687249	409
18	1604	5646.727789230462	409
18	1654	5795.372225190021	409
18	1660	5827.512462342999	512
18	1662	5833.41792078387	306
18	1671	5860.876682144242	409
18	1672	5860.947140553109	409
18	1696	5950.716853767642	306
18	1758	6156.169638167884	203
18	1790	6296.338247982742	512
18	1819	6411.975498768232	409
18	1839	6491.534378547936	512
18	1854	6540.078288385663	512
18	1884	6634.296227263925	203
18	1935	6805.332930080318	306
18	1957	6874.436051641079	306
18	1979	6942.208650021369	306
18	2037	7122.865831940692	512
18	2040	7125.462974640816	512
18	2064	7188.538494990104	306
18	2067	7193.530843093208	203
18	2106	7325.200935490677	203
18	2131	7424.017074538557	306
18	2137	7439.579804498202	306
18	2161	7538.696928403024	409
18	2180	7634.885767846493	203
18	2200	7704.767521211203	512
18	2267	7944.948633595194	306
18	2317	8103.582170846901	306
18	2332	8138.596827786306	306
18	2396	8386.524857980672	512
18	2424	8506.548002924394	409
18	2429	8531.638493886796	306
18	2453	8655.944685329794	512
18	2463	8687.771689172354	203
18	2565	9063.933199873377	306
18	2653	9435.421867876352	306
18	2718	9668.939388864593	203
18	2741	9734.109757062304	306
18	2782	9879.730577482081	203
18	2798	9928.491797249873	306
18	2799	9931.234778688696	203
18	2820	10007.876599394468	409
18	2825	10019.585974643893	306
18	2832	10052.786561265122	409
18	2851	10128.491039608249	306
18	2949	10457.546222055031	306
18	2985	10585.832500971431	409
18	3000	10642.010335828638	306
18	3089	11074.756975158044	203
18	3134	11192.887213287341	203
18	3160	11272.697148713933	203
18	3167	11289.249076745803	203
18	3194	11347.064207920502	306
18	3216	11415.772762931274	306
18	3261	11541.852956674841	203
18	3310	11663.007232681326	512
18	3314	11675.269548532642	512
18	3341	11773.12883107923	409
18	3385	11942.497631613411	409
18	3414	12084.435454411211	306
18	3416	12097.715042331102	203
18	3440	12216.586716649483	306
18	3474	12357.476616211967	512
18	3478	12363.287832319856	306
18	3613	12806.808067177614	512
18	3680	12995.762833724501	512
18	3776	13289.462233817216	512
18	3850	13535.300874691	512
18	3854	13540.62659772076	512
18	3882	13617.632744028986	409
18	3985	13942.827222458719	512
18	4004	13995.428239426877	409
18	4077	14217.517943310391	306
18	4244	14757.579351863697	306
18	4262	14798.105387909971	306
18	4308	14906.879050802063	409
18	4379	15066.767297972766	512
18	4380	15066.907378791127	203
18	4392	15095.470265096279	512
18	4441	15228.154511374096	306
18	4461	15266.249157558622	203
18	4535	15461.441953155817	512
18	4545	15483.342996026622	306
18	4615	15704.688136602139	306
18	4655	15872.361070430451	512
18	4663	15899.053619546005	409
18	4734	16179.62233129521	306
18	4737	16195.836678187811	306
18	4751	16250.696191845953	306
18	4852	16620.063294616005	409
18	4900	16753.551158772424	409
18	4905	16773.555009394722	306
18	4967	16995.33914885711	203
18	5077	17409.887068769307	306
18	5126	17536.534310931027	306
18	5131	17550.073483326129	306
18	5148	17589.403778218785	306
18	5160	17627.853600506371	512
18	5165	17654.779859761701	306
18	5188	17719.395423543124	512
18	5189	17722.696025595833	306
18	5200	17776.734545356076	512
18	5364	18383.534189178078	512
18	5366	18388.136679076091	512
18	5388	18450.095998841768	203
18	5421	18579.33208576235	306
18	5426	18598.64765538585	409
18	5429	18618.057109712919	512
18	5459	18733.898845515514	203
18	5579	19171.014718908008	512
18	5590	19211.995072175827	306
18	5614	19299.10560904323	306
18	5673	19551.593869386995	409
18	5680	19591.831990204755	512
18	5729	19747.732102127795	512
18	5751	19827.801470505864	409
18	5797	19969.134176647397	306
18	5805	19989.276509843214	409
19	299	1174.716328778086	6
19	344	1343.96971121921	6
19	349	1355.274158671408	12
19	358	1398.080385367936	3
19	418	1623.536507829624	9
19	421	1631.607024785183	6
19	439	1712.612789468155	6
19	459	1795.805666120706	6
19	460	1796.042982460619	12
19	577	2175.585193953325	9
19	649	2365.510351746113	12
19	661	2392.995963561738	6
19	665	2397.658302140167	6
19	676	2444.619560316823	6
19	678	2450.892215344248	12
19	726	2589.262040642255	6
19	739	2623.030659633563	3
19	751	2667.279841759385	6
19	815	2887.169618477886	3
19	862	3056.745868463481	6
19	888	3147.864405718125	12
19	946	3328.016367841349	3
19	948	3330.249240002849	3
19	1004	3496.195213718054	6
19	1079	3736.625864776998	12
19	1112	3849.762189638735	12
19	1151	4023.547078799088	6
19	1235	4331.98301388587	6
19	1289	4570.96248181832	12
19	1310	4661.491331190955	3
19	1322	4711.866299540792	12
19	1349	4806.515875354877	6
19	1393	4956.723382635898	3
19	1416	5029.488990991488	6
19	1436	5085.528126343828	12
19	1487	5241.542919154486	6
19	1501	5289.417554309772	12
19	1571	5528.48274687249	9
19	1604	5646.727789230462	9
19	1654	5795.372225190021	9
19	1660	5827.512462342999	12
19	1662	5833.41792078387	6
19	1671	5860.876682144242	9
19	1672	5860.947140553109	9
19	1696	5950.716853767642	6
19	1758	6156.169638167884	3
19	1790	6296.338247982742	12
19	1819	6411.975498768232	9
19	1839	6491.534378547936	12
19	1854	6540.078288385663	12
19	1884	6634.296227263925	3
19	1935	6805.332930080318	6
19	1957	6874.436051641079	6
19	1979	6942.208650021369	6
19	2037	7122.865831940692	12
19	2040	7125.462974640816	12
19	2064	7188.538494990104	6
19	2067	7193.530843093208	3
19	2106	7325.200935490677	3
19	2131	7424.017074538557	6
19	2137	7439.579804498202	6
19	2161	7538.696928403024	9
19	2180	7634.885767846493	3
19	2200	7704.767521211203	12
19	2267	7944.948633595194	6
19	2317	8103.582170846901	6
19	2332	8138.596827786306	6
19	2396	8386.524857980672	12
19	2424	8506.548002924394	9
19	2429	8531.638493886796	6
19	2453	8655.944685329794	12
19	2463	8687.771689172354	3
19	2565	9063.933199873377	6
19	2653	9435.421867876352	6
19	2718	9668.939388864593	3
19	2741	9734.109757062304	6
19	2782	9879.730577482081	3
19	2798	9928.491797249873	6
19	2799	9931.234778688696	3
19	2820	10007.876599394468	9
19	2825	10019.585974643893	6
19	2832	10052.786561265122	9
19	2851	10128.491039608249	6
19	2949	10457.546222055031	6
19	2985	10585.832500971431	9
19	3000	10642.010335828638	6
19	3089	11074.756975158044	3
19	3134	11192.887213287341	3
19	3160	11272.697148713933	3
19	3167	11289.249076745803	3
19	3194	11347.064207920502	6
19	3216	11415.772762931274	6
19	3261	11541.852956674841	3
19	3310	11663.007232681326	12
19	3314	11675.269548532642	12
19	3341	11773.12883107923	9
19	3385	11942.497631613411	9
19	3414	12084.435454411211	6
19	3416	12097.715042331102	3
19	3440	12216.586716649483	6
19	3474	12357.476616211967	12
19	3478	12363.287832319856	6
19	3613	12806.808067177614	12
19	3680	12995.762833724501	12
19	3776	13289.462233817216	12
19	3850	13535.300874691	12
19	3854	13540.62659772076	12
19	3882	13617.632744028986	9
19	3985	13942.827222458719	12
19	4004	13995.428239426877	9
19	4077	14217.517943310391	6
19	4244	14757.579351863697	6
19	4262	14798.105387909971	6
19	4308	14906.879050802063	9
19	4379	15066.767297972766	12
19	4380	15066.907378791127	3
19	4392	15095.470265096279	12
19	4441	15228.154511374096	6
19	4461	15266.249157558622	3
19	4535	15461.441953155817	12
19	4545	15483.342996026622	6
19	4615	15704.688136602139	6
19	4655	15872.361070430451	12
19	4663	15899.053619546005	9
19	4734	16179.62233129521	6
19	4737	16195.836678187811	6
19	4751	16250.696191845953	6
19	4852	16620.063294616005	9
19	4900	16753.551158772424	9
19	4905	16773.555009394722	6
19	4967	16995.33914885711	3
19	5077	17409.887068769307	6
19	5126	17536.534310931027	6
19	5131	17550.073483326129	6
19	5148	17589.403778218785	6
19	5160	17627.853600506371	12
19	5165	17654.779859761701	6
19	5188	17719.395423543124	12
19	5189	17722.696025595833	6
19	5200	17776.734545356076	12
19	5364	18383.534189178078	12
19	5366	18388.136679076091	12
19	5388	18450.095998841768	3
19	5421	18579.33208576235	6
19	5426	18598.64765538585	9
19	5429	18618.057109712919	12
19	5459	18733.898845515514	3
19	5579	19171.014718908008	12
19	5590	19211.995072175827	6
19	5614	19299.10560904323	6
19	5673	19551.593869386995	9
19	5680	19591.831990204755	12
19	5729	19747.732102127795	12
19	5751	19827.801470505864	9
19	5797	19969.134176647397	6
19	5805	19989.276509843214	9
20	299	1174.716328778086	2
20	344	1343.96971121921	2
20	349	1355.274158671408	4
20	358	1398.080385367936	1
20	418	1623.536507829624	3
20	421	1631.607024785183	2
20	439	1712.612789468155	2
20	459	1795.805666120706	2
20	460	1796.042982460619	4
20	577	2175.585193953325	3
20	649	2365.510351746113	4
20	661	2392.995963561738	2
20	665	2397.658302140167	2
20	676	2444.619560316823	2
20	678	2450.892215344248	4
20	726	2589.262040642255	2
20	739	2623.030659633563	1
20	751	2667.279841759385	2
20	815	2887.169618477886	1
20	862	3056.745868463481	2
20	888	3147.864405718125	4
20	946	3328.016367841349	1
20	948	3330.249240002849	1
20	1004	3496.195213718054	2
20	1079	3736.625864776998	4
20	1112	3849.762189638735	4
20	1151	4023.547078799088	2
20	1235	4331.98301388587	2
20	1289	4570.96248181832	4
20	1310	4661.491331190955	1
20	1322	4711.866299540792	4
20	1349	4806.515875354877	2
20	1393	4956.723382635898	1
20	1416	5029.488990991488	2
20	1436	5085.528126343828	4
20	1487	5241.542919154486	2
20	1501	5289.417554309772	4
20	1571	5528.48274687249	3
20	1604	5646.727789230462	3
20	1654	5795.372225190021	3
20	1660	5827.512462342999	4
20	1662	5833.41792078387	2
20	1671	5860.876682144242	3
20	1672	5860.947140553109	3
20	1696	5950.716853767642	2
20	1758	6156.169638167884	1
20	1790	6296.338247982742	4
20	1819	6411.975498768232	3
20	1839	6491.534378547936	4
20	1854	6540.078288385663	4
20	1884	6634.296227263925	1
20	1935	6805.332930080318	2
20	1957	6874.436051641079	2
20	1979	6942.208650021369	2
20	2037	7122.865831940692	4
20	2040	7125.462974640816	4
20	2064	7188.538494990104	2
20	2067	7193.530843093208	1
20	2106	7325.200935490677	1
20	2131	7424.017074538557	2
20	2137	7439.579804498202	2
20	2161	7538.696928403024	3
20	2180	7634.885767846493	1
20	2200	7704.767521211203	4
20	2267	7944.948633595194	2
20	2317	8103.582170846901	2
20	2332	8138.596827786306	2
20	2396	8386.524857980672	4
20	2424	8506.548002924394	3
20	2429	8531.638493886796	2
20	2453	8655.944685329794	4
20	2463	8687.771689172354	1
20	2565	9063.933199873377	2
20	2653	9435.421867876352	2
20	2718	9668.939388864593	1
20	2741	9734.109757062304	2
20	2782	9879.730577482081	1
20	2798	9928.491797249873	2
20	2799	9931.234778688696	1
20	2820	10007.876599394468	3
20	2825	10019.585974643893	2
20	2832	10052.786561265122	3
20	2851	10128.491039608249	2
20	2949	10457.546222055031	2
20	2985	10585.832500971431	3
20	3000	10642.010335828638	2
20	3089	11074.756975158044	1
20	3134	11192.887213287341	1
20	3160	11272.697148713933	1
20	3167	11289.249076745803	1
20	3194	11347.064207920502	2
20	3216	11415.772762931274	2
20	3261	11541.852956674841	1
20	3310	11663.007232681326	4
20	3314	11675.269548532642	4
20	3341	11773.12883107923	3
20	3385	11942.497631613411	3
20	3414	12084.435454411211	2
20	3416	12097.715042331102	1
20	3440	12216.586716649483	2
20	3474	12357.476616211967	4
20	3478	12363.287832319856	2
20	3613	12806.808067177614	4
20	3680	12995.762833724501	4
20	3776	13289.462233817216	4
20	3850	13535.300874691	4
20	3854	13540.62659772076	4
20	3882	13617.632744028986	3
20	3985	13942.827222458719	4
20	4004	13995.428239426877	3
20	4077	14217.517943310391	2
20	4244	14757.579351863697	2
20	4262	14798.105387909971	2
20	4308	14906.879050802063	3
20	4379	15066.767297972766	4
20	4380	15066.907378791127	1
20	4392	15095.470265096279	4
20	4441	15228.154511374096	2
20	4461	15266.249157558622	1
20	4535	15461.441953155817	4
20	4545	15483.342996026622	2
20	4615	15704.688136602139	2
20	4655	15872.361070430451	4
20	4663	15899.053619546005	3
20	4734	16179.62233129521	2
20	4737	16195.836678187811	2
20	4751	16250.696191845953	2
20	4852	16620.063294616005	3
20	4900	16753.551158772424	3
20	4905	16773.555009394722	2
20	4967	16995.33914885711	1
20	5077	17409.887068769307	2
20	5126	17536.534310931027	2
20	5131	17550.073483326129	2
20	5148	17589.403778218785	2
20	5160	17627.853600506371	4
20	5165	17654.779859761701	2
20	5188	17719.395423543124	4
20	5189	17722.696025595833	2
20	5200	17776.734545356076	4
20	5364	18383.534189178078	4
20	5366	18388.136679076091	4
20	5388	18450.095998841768	1
20	5421	18579.33208576235	2
20	5426	18598.64765538585	3
20	5429	18618.057109712919	4
20	5459	18733.898845515514	1
20	5579	19171.014718908008	4
20	5590	19211.995072175827	2
20	5614	19299.10560904323	2
20	5673	19551.593869386995	3
20	5680	19591.831990204755	4
20	5729	19747.732102127795	4
20	5751	19827.801470505864	3
20	5797	19969.134176647397	2
20	5805	19989.276509843214	3
21	252	1010.672651535272	306
21	253	1014.068583591328	409
21	258	1032.293635226829	409
21	298	1161.126977147035	512
21	378	1466.754693061988	203
21	389	1514.002024636941	306
21	417	1618.132464065003	512
21	465	1816.731371197763	409
21	476	1856.192652066637	512
21	504	1957.209912214832	512
21	587	2200.047490573261	306
21	601	2243.486486315634	306
21	634	2330.881176368971	512
21	643	2355.912191452633	512
21	655	2379.328006701945	512
21	719	2577.417034915898	306
21	748	2663.9350726752	306
21	793	2800.683845088523	306
21	803	2839.319221725612	203
21	850	3002.733738692374	512
21	865	3064.093674046998	306
21	875	3093.10942971011	203
21	878	3099.49375052899	306
21	882	3119.255889075578	512
21	933	3294.015951272034	306
21	989	3447.188513938162	203
21	1016	3523.395194048037	203
21	1022	3538.662267994161	306
21	1032	3570.190082220468	306
21	1090	3770.614863016407	512
21	1091	3771.232531395478	306
21	1094	3777.644212735143	512
21	1123	3896.661268147392	512
21	1145	3998.322221494731	409
21	1158	4045.079967391175	306
21	1182	4144.201261067062	409
21	1215	4266.60726375303	203
21	1222	4287.584740697719	306
21	1226	4309.194457061567	203
21	1249	4384.410859788708	203
21	1261	4447.440946553039	409
21	1280	4525.800236582624	306
21	1284	4551.42322965989	409
21	1300	4615.212984734739	409
21	1302	4626.171007983249	409
21	1308	4658.396845767609	306
21	1412	5016.97591064963	409
21	1495	5268.232436935205	306
21	1624	5702.729027511347	512
21	1682	5893.047508876816	409
21	1716	6016.154978516103	409
21	1737	6088.924231461102	409
21	1772	6220.868893268488	203
21	1798	6325.908985884628	409
21	1808	6357.607212617611	409
21	1871	6605.051330007148	512
21	1938	6814.594987160961	409
21	1949	6834.485702709174	306
21	1955	6865.89843644524	512
21	1985	6958.96899656364	203
21	1994	7000.681084787565	512
21	2056	7162.043270756188	409
21	2063	7186.405116147123	512
21	2125	7382.98453519328	306
21	2158	7529.295801011001	512
21	2167	7551.155547912779	306
21	2264	7930.293460514557	306
21	2383	8325.677556001019	409
21	2385	8333.467955055015	512
21	2464	8689.928695627939	203
21	2526	8914.668917950078	512
21	2552	9009.917699484993	203
21	2615	9260.168259832972	306
21	2658	9456.793761051516	512
21	2667	9473.219871005042	306
21	2674	9508.498941102169	409
21	2726	9683.877009651126	409
21	2839	10078.132551980549	512
21	2842	10082.757983280091	203
21	2843	10086.880203847018	203
21	2855	10146.302650557577	203
21	2869	10192.964583919399	306
21	2911	10338.825588978204	512
21	2987	10587.762053019683	512
21	3014	10711.564946278631	512
21	3045	10878.849599942873	409
21	3130	11183.472047889221	512
21	3155	11256.385546890521	512
21	3214	11409.884332645649	306
21	3225	11439.086803189174	409
21	3281	11583.058667977142	409
21	3286	11596.535001068232	306
21	3291	11612.170738434272	409
21	3292	11614.182578581658	306
21	3295	11632.624102810743	409
21	3298	11642.170329428827	306
21	3351	11811.486471445942	512
21	3352	11811.966795690072	512
21	3381	11937.635583977596	409
21	3462	12307.390253991832	203
21	3542	12586.969870603585	306
21	3603	12778.080442516666	306
21	3604	12778.843461868003	306
21	3670	12970.401958020865	409
21	3690	13022.392943028012	306
21	3739	13169.013330414724	409
21	3794	13348.414571026761	409
21	3913	13707.004085408202	306
21	3984	13936.460880482879	409
21	4094	14264.598027040051	409
21	4117	14352.557924443534	306
21	4129	14397.853401251461	306
21	4191	14586.867822308049	203
21	4198	14604.114906122284	409
21	4275	14824.209599471439	409
21	4348	14992.033603925777	306
21	4350	14996.007739038577	203
21	4352	15006.629251015204	512
21	4386	15083.879411584888	203
21	4390	15092.117850377101	306
21	4395	15112.270851947155	306
21	4485	15332.068682540252	512
21	4597	15630.80927220095	306
21	4599	15640.460779103107	409
21	4613	15694.941249357088	409
21	4618	15711.0007461672	512
21	4664	15912.980097821081	512
21	4694	16023.808804160947	409
21	4750	16249.575917384354	203
21	4759	16296.056161794736	203
21	4769	16334.115387033478	512
21	4784	16399.430004221186	306
21	4876	16697.346425188035	409
21	4883	16719.075033061159	512
21	4936	16880.545474766541	203
21	4965	16975.0592783708	409
21	4978	17040.322577308516	306
21	5054	17344.392767263534	512
21	5072	17393.903323560955	512
21	5106	17477.532708113261	512
21	5123	17526.734829467259	409
21	5139	17569.867224845405	409
21	5163	17641.87703692863	409
21	5167	17659.836796177371	306
21	5168	17663.252644404263	306
21	5192	17731.240555929342	512
21	5244	17951.333363897152	512
21	5294	18115.898942360272	306
21	5305	18171.738304136201	409
21	5341	18291.00239076027	409
21	5352	18329.734497569049	512
21	5400	18508.631406500668	306
21	5464	18753.745893387209	512
21	5465	18754.863170026054	512
21	5477	18796.527489043541	512
21	5532	18988.265812812371	512
21	5546	19045.502257971809	306
21	5585	19188.175699069411	409
21	5619	19323.370851449463	409
21	5635	19386.788114718699	306
21	5675	19566.802376975692	306
21	5750	19825.88652382978	306
21	5755	19835.536385019728	512
21	5791	19954.696213605125	512
22	252	1010.672651535272	6
22	253	1014.068583591328	9
22	258	1032.293635226829	9
22	298	1161.126977147035	12
22	378	1466.754693061988	3
22	389	1514.002024636941	6
22	417	1618.132464065003	12
22	465	1816.731371197763	9
22	476	1856.192652066637	12
22	504	1957.209912214832	12
22	587	2200.047490573261	6
22	601	2243.486486315634	6
22	634	2330.881176368971	12
22	643	2355.912191452633	12
22	655	2379.328006701945	12
22	719	2577.417034915898	6
22	748	2663.9350726752	6
22	793	2800.683845088523	6
22	803	2839.319221725612	3
22	850	3002.733738692374	12
22	865	3064.093674046998	6
22	875	3093.10942971011	3
22	878	3099.49375052899	6
22	882	3119.255889075578	12
22	933	3294.015951272034	6
22	989	3447.188513938162	3
22	1016	3523.395194048037	3
22	1022	3538.662267994161	6
22	1032	3570.190082220468	6
22	1090	3770.614863016407	12
22	1091	3771.232531395478	6
22	1094	3777.644212735143	12
22	1123	3896.661268147392	12
22	1145	3998.322221494731	9
22	1158	4045.079967391175	6
22	1182	4144.201261067062	9
22	1215	4266.60726375303	3
22	1222	4287.584740697719	6
22	1226	4309.194457061567	3
22	1249	4384.410859788708	3
22	1261	4447.440946553039	9
22	1280	4525.800236582624	6
22	1284	4551.42322965989	9
22	1300	4615.212984734739	9
22	1302	4626.171007983249	9
22	1308	4658.396845767609	6
22	1412	5016.97591064963	9
22	1495	5268.232436935205	6
22	1624	5702.729027511347	12
22	1682	5893.047508876816	9
22	1716	6016.154978516103	9
22	1737	6088.924231461102	9
22	1772	6220.868893268488	3
22	1798	6325.908985884628	9
22	1808	6357.607212617611	9
22	1871	6605.051330007148	12
22	1938	6814.594987160961	9
22	1949	6834.485702709174	6
22	1955	6865.89843644524	12
22	1985	6958.96899656364	3
22	1994	7000.681084787565	12
22	2056	7162.043270756188	9
22	2063	7186.405116147123	12
22	2125	7382.98453519328	6
22	2158	7529.295801011001	12
22	2167	7551.155547912779	6
22	2264	7930.293460514557	6
22	2383	8325.677556001019	9
22	2385	8333.467955055015	12
22	2464	8689.928695627939	3
22	2526	8914.668917950078	12
22	2552	9009.917699484993	3
22	2615	9260.168259832972	6
22	2658	9456.793761051516	12
22	2667	9473.219871005042	6
22	2674	9508.498941102169	9
22	2726	9683.877009651126	9
22	2839	10078.132551980549	12
22	2842	10082.757983280091	3
22	2843	10086.880203847018	3
22	2855	10146.302650557577	3
22	2869	10192.964583919399	6
22	2911	10338.825588978204	12
22	2987	10587.762053019683	12
22	3014	10711.564946278631	12
22	3045	10878.849599942873	9
22	3130	11183.472047889221	12
22	3155	11256.385546890521	12
22	3214	11409.884332645649	6
22	3225	11439.086803189174	9
22	3281	11583.058667977142	9
22	3286	11596.535001068232	6
22	3291	11612.170738434272	9
22	3292	11614.182578581658	6
22	3295	11632.624102810743	9
22	3298	11642.170329428827	6
22	3351	11811.486471445942	12
22	3352	11811.966795690072	12
22	3381	11937.635583977596	9
22	3462	12307.390253991832	3
22	3542	12586.969870603585	6
22	3603	12778.080442516666	6
22	3604	12778.843461868003	6
22	3670	12970.401958020865	9
22	3690	13022.392943028012	6
22	3739	13169.013330414724	9
22	3794	13348.414571026761	9
22	3913	13707.004085408202	6
22	3984	13936.460880482879	9
22	4094	14264.598027040051	9
22	4117	14352.557924443534	6
22	4129	14397.853401251461	6
22	4191	14586.867822308049	3
22	4198	14604.114906122284	9
22	4275	14824.209599471439	9
22	4348	14992.033603925777	6
22	4350	14996.007739038577	3
22	4352	15006.629251015204	12
22	4386	15083.879411584888	3
22	4390	15092.117850377101	6
22	4395	15112.270851947155	6
22	4485	15332.068682540252	12
22	4597	15630.80927220095	6
22	4599	15640.460779103107	9
22	4613	15694.941249357088	9
22	4618	15711.0007461672	12
22	4664	15912.980097821081	12
22	4694	16023.808804160947	9
22	4750	16249.575917384354	3
22	4759	16296.056161794736	3
22	4769	16334.115387033478	12
22	4784	16399.430004221186	6
22	4876	16697.346425188035	9
22	4883	16719.075033061159	12
22	4936	16880.545474766541	3
22	4965	16975.0592783708	9
22	4978	17040.322577308516	6
22	5054	17344.392767263534	12
22	5072	17393.903323560955	12
22	5106	17477.532708113261	12
22	5123	17526.734829467259	9
22	5139	17569.867224845405	9
22	5163	17641.87703692863	9
22	5167	17659.836796177371	6
22	5168	17663.252644404263	6
22	5192	17731.240555929342	12
22	5244	17951.333363897152	12
22	5294	18115.898942360272	6
22	5305	18171.738304136201	9
22	5341	18291.00239076027	9
22	5352	18329.734497569049	12
22	5400	18508.631406500668	6
22	5464	18753.745893387209	12
22	5465	18754.863170026054	12
22	5477	18796.527489043541	12
22	5532	18988.265812812371	12
22	5546	19045.502257971809	6
22	5585	19188.175699069411	9
22	5619	19323.370851449463	9
22	5635	19386.788114718699	6
22	5675	19566.802376975692	6
22	5750	19825.88652382978	6
22	5755	19835.536385019728	12
22	5791	19954.696213605125	12
23	252	1010.672651535272	2
23	253	1014.068583591328	3
23	258	1032.293635226829	3
23	298	1161.126977147035	4
23	378	1466.754693061988	1
23	389	1514.002024636941	2
23	417	1618.132464065003	4
23	465	1816.731371197763	3
23	476	1856.192652066637	4
23	504	1957.209912214832	4
23	587	2200.047490573261	2
23	601	2243.486486315634	2
23	634	2330.881176368971	4
23	643	2355.912191452633	4
23	655	2379.328006701945	4
23	719	2577.417034915898	2
23	748	2663.9350726752	2
23	793	2800.683845088523	2
23	803	2839.319221725612	1
23	850	3002.733738692374	4
23	865	3064.093674046998	2
23	875	3093.10942971011	1
23	878	3099.49375052899	2
23	882	3119.255889075578	4
23	933	3294.015951272034	2
23	989	3447.188513938162	1
23	1016	3523.395194048037	1
23	1022	3538.662267994161	2
23	1032	3570.190082220468	2
23	1090	3770.614863016407	4
23	1091	3771.232531395478	2
23	1094	3777.644212735143	4
23	1123	3896.661268147392	4
23	1145	3998.322221494731	3
23	1158	4045.079967391175	2
23	1182	4144.201261067062	3
23	1215	4266.60726375303	1
23	1222	4287.584740697719	2
23	1226	4309.194457061567	1
23	1249	4384.410859788708	1
23	1261	4447.440946553039	3
23	1280	4525.800236582624	2
23	1284	4551.42322965989	3
23	1300	4615.212984734739	3
23	1302	4626.171007983249	3
23	1308	4658.396845767609	2
23	1412	5016.97591064963	3
23	1495	5268.232436935205	2
23	1624	5702.729027511347	4
23	1682	5893.047508876816	3
23	1716	6016.154978516103	3
23	1737	6088.924231461102	3
23	1772	6220.868893268488	1
23	1798	6325.908985884628	3
23	1808	6357.607212617611	3
23	1871	6605.051330007148	4
23	1938	6814.594987160961	3
23	1949	6834.485702709174	2
23	1955	6865.89843644524	4
23	1985	6958.96899656364	1
23	1994	7000.681084787565	4
23	2056	7162.043270756188	3
23	2063	7186.405116147123	4
23	2125	7382.98453519328	2
23	2158	7529.295801011001	4
23	2167	7551.155547912779	2
23	2264	7930.293460514557	2
23	2383	8325.677556001019	3
23	2385	8333.467955055015	4
23	2464	8689.928695627939	1
23	2526	8914.668917950078	4
23	2552	9009.917699484993	1
23	2615	9260.168259832972	2
23	2658	9456.793761051516	4
23	2667	9473.219871005042	2
23	2674	9508.498941102169	3
23	2726	9683.877009651126	3
23	2839	10078.132551980549	4
23	2842	10082.757983280091	1
23	2843	10086.880203847018	1
23	2855	10146.302650557577	1
23	2869	10192.964583919399	2
23	2911	10338.825588978204	4
23	2987	10587.762053019683	4
23	3014	10711.564946278631	4
23	3045	10878.849599942873	3
23	3130	11183.472047889221	4
23	3155	11256.385546890521	4
23	3214	11409.884332645649	2
23	3225	11439.086803189174	3
23	3281	11583.058667977142	3
23	3286	11596.535001068232	2
23	3291	11612.170738434272	3
23	3292	11614.182578581658	2
23	3295	11632.624102810743	3
23	3298	11642.170329428827	2
23	3351	11811.486471445942	4
23	3352	11811.966795690072	4
23	3381	11937.635583977596	3
23	3462	12307.390253991832	1
23	3542	12586.969870603585	2
23	3603	12778.080442516666	2
23	3604	12778.843461868003	2
23	3670	12970.401958020865	3
23	3690	13022.392943028012	2
23	3739	13169.013330414724	3
23	3794	13348.414571026761	3
23	3913	13707.004085408202	2
23	3984	13936.460880482879	3
23	4094	14264.598027040051	3
23	4117	14352.557924443534	2
23	4129	14397.853401251461	2
23	4191	14586.867822308049	1
23	4198	14604.114906122284	3
23	4275	14824.209599471439	3
23	4348	14992.033603925777	2
23	4350	14996.007739038577	1
23	4352	15006.629251015204	4
23	4386	15083.879411584888	1
23	4390	15092.117850377101	2
23	4395	15112.270851947155	2
23	4485	15332.068682540252	4
23	4597	15630.80927220095	2
23	4599	15640.460779103107	3
23	4613	15694.941249357088	3
23	4618	15711.0007461672	4
23	4664	15912.980097821081	4
23	4694	16023.808804160947	3
23	4750	16249.575917384354	1
23	4759	16296.056161794736	1
23	4769	16334.115387033478	4
23	4784	16399.430004221186	2
23	4876	16697.346425188035	3
23	4883	16719.075033061159	4
23	4936	16880.545474766541	1
23	4965	16975.0592783708	3
23	4978	17040.322577308516	2
23	5054	17344.392767263534	4
23	5072	17393.903323560955	4
23	5106	17477.532708113261	4
23	5123	17526.734829467259	3
23	5139	17569.867224845405	3
23	5163	17641.87703692863	3
23	5167	17659.836796177371	2
23	5168	17663.252644404263	2
23	5192	17731.240555929342	4
23	5244	17951.333363897152	4
23	5294	18115.898942360272	2
23	5305	18171.738304136201	3
23	5341	18291.00239076027	3
23	5352	18329.734497569049	4
23	5400	18508.631406500668	2
23	5464	18753.745893387209	4
23	5465	18754.863170026054	4
23	5477	18796.527489043541	4
23	5532	18988.265812812371	4
23	5546	19045.502257971809	2
23	5585	19188.175699069411	3
23	5619	19323.370851449463	3
23	5635	19386.788114718699	2
23	5675	19566.802376975692	2
23	5750	19825.88652382978	2
23	5755	19835.536385019728	4
23	5791	19954.696213605125	4
24	273	1079.301576466713	512
24	318	1233.072536252495	306
24	360	1400.559374194329	306
24	419	1626.35566313236	512
24	443	1737.330580074828	306
24	512	1983.330347472953	409
24	526	2025.14149810159	409
24	558	2120.820243440202	306
24	573	2164.895109493134	512
24	619	2290.871329954572	512
24	625	2301.939975665621	306
24	630	2321.30518799576	409
24	633	2326.109478017664	306
24	738	2620.005912497228	512
24	761	2690.548084007294	512
24	769	2706.330412118207	306
24	785	2775.605671082887	512
24	819	2895.360350142315	512
24	822	2902.132530257358	512
24	828	2933.478791945291	409
24	838	2972.346220795718	306
24	936	3305.40487711256	306
24	956	3361.146589722993	306
24	971	3396.429005619266	409
24	1017	3525.85828776554	306
24	1052	3634.710677376279	306
24	1121	3890.256074510347	409
24	1137	3969.678919285895	512
24	1171	4093.033186303724	306
24	1259	4431.534760971848	306
24	1356	4837.258134651022	409
24	1408	5000.791347286736	409
24	1411	5010.152696773508	306
24	1431	5066.463445039087	203
24	1439	5093.607979739507	409
24	1557	5480.004594069339	203
24	1567	5524.340862603205	203
24	1700	5965.484620308143	409
24	1709	5989.158183990102	512
24	1724	6038.439077236242	306
24	1741	6102.778544096806	409
24	1746	6125.331970904367	203
24	1760	6164.560616343577	409
24	1761	6181.898261117457	409
24	1801	6336.170367348097	306
24	1812	6390.301307264464	409
24	1816	6400.864855340551	409
24	1831	6451.117225954966	409
24	1850	6525.651129632159	203
24	1882	6626.394190673064	409
24	1886	6641.143054544732	512
24	1944	6822.625191375651	409
24	2043	7131.700253232893	409
24	2085	7245.115409778708	203
24	2160	7534.346180718535	409
24	2174	7582.379048723254	409
24	2195	7684.861956752879	512
24	2268	7946.345168404625	306
24	2277	7971.945755708778	306
24	2284	7995.491642979983	306
24	2308	8074.847987048713	409
24	2395	8369.583565223783	512
24	2404	8427.685405849037	306
24	2414	8456.503429560072	409
24	2435	8559.992367851714	409
24	2555	9023.428356090863	409
24	2572	9091.819662790668	306
24	2619	9281.813754181789	203
24	2625	9305.972593371157	512
24	2716	9665.319593185956	512
24	2772	9838.300675243569	203
24	2779	9876.33486183923	409
24	2789	9905.837496166219	512
24	2814	9980.378225299887	409
24	2868	10192.009662244863	512
24	2919	10368.081723973938	409
24	2927	10385.402308809572	409
24	2941	10421.18878934645	512
24	2960	10497.672811601034	203
24	2967	10518.726212427731	306
24	2991	10606.744135731026	203
24	2999	10639.177915895818	409
24	3015	10726.432970928996	409
24	3032	10836.390364526826	306
24	3159	11270.746683448076	203
24	3169	11298.957813365658	203
24	3223	11437.234628923579	409
24	3232	11452.775007272945	512
24	3236	11465.742089322278	306
24	3307	11656.587397196061	203
24	3335	11751.42835475173	409
24	3364	11855.533809413941	203
24	3379	11917.693741871044	512
24	3399	12007.777339388438	512
24	3426	12149.309626808143	409
24	3446	12244.440256274676	306
24	3493	12444.254354616355	409
24	3523	12550.350601364063	306
24	3589	12744.947072050653	512
24	3596	12766.137622478283	306
24	3644	12901.141562947291	512
24	3656	12932.58664753656	409
24	3715	13091.573134229889	512
24	3762	13252.227891478797	306
24	3780	13306.485677631389	512
24	3783	13310.56718816353	306
24	3829	13460.973974629269	306
24	3919	13725.922725779371	306
24	3965	13858.926340127108	306
24	4013	14029.913735830621	409
24	4087	14252.718687453591	306
24	4092	14261.965273831713	409
24	4155	14481.829851395623	409
24	4183	14572.030896485399	306
24	4319	14924.852746711736	409
24	4443	15230.408714311353	306
24	4563	15531.578673214325	512
24	4584	15602.151236065239	203
24	4592	15616.599889484325	409
24	4667	15919.884583698742	512
24	4686	15977.248420541731	512
24	4724	16145.298451294126	203
24	4795	16437.548075258651	512
24	4908	16793.611284071555	306
24	4917	16819.253332163095	306
24	4973	17017.725018777652	409
24	5000	17144.850549727782	512
24	5085	17432.700802555971	409
24	5115	17504.894264739474	306
24	5220	17862.21244722501	512
24	5258	17991.166316359169	203
24	5261	18004.608443525042	306
24	5265	18016.564142587193	512
24	5434	18634.312931934454	203
24	5492	18852.667502285663	409
24	5499	18877.871569271645	512
24	5552	19068.166955113814	512
24	5553	19070.628912181769	512
24	5566	19120.317902608315	306
24	5611	19289.582845426488	512
24	5618	19320.9387760693	409
24	5656	19491.108340803239	512
24	5779	19906.926722051182	306
24	5785	19933.69378074912	203
25	273	1079.301576466713	12
25	318	1233.072536252495	6
25	360	1400.559374194329	6
25	419	1626.35566313236	12
25	443	1737.330580074828	6
25	512	1983.330347472953	9
25	526	2025.14149810159	9
25	558	2120.820243440202	6
25	573	2164.895109493134	12
25	619	2290.871329954572	12
25	625	2301.939975665621	6
25	630	2321.30518799576	9
25	633	2326.109478017664	6
25	738	2620.005912497228	12
25	761	2690.548084007294	12
25	769	2706.330412118207	6
25	785	2775.605671082887	12
25	819	2895.360350142315	12
25	822	2902.132530257358	12
25	828	2933.478791945291	9
25	838	2972.346220795718	6
25	936	3305.40487711256	6
25	956	3361.146589722993	6
25	971	3396.429005619266	9
25	1017	3525.85828776554	6
25	1052	3634.710677376279	6
25	1121	3890.256074510347	9
25	1137	3969.678919285895	12
25	1171	4093.033186303724	6
25	1259	4431.534760971848	6
25	1356	4837.258134651022	9
25	1408	5000.791347286736	9
25	1411	5010.152696773508	6
25	1431	5066.463445039087	3
25	1439	5093.607979739507	9
25	1557	5480.004594069339	3
25	1567	5524.340862603205	3
25	1700	5965.484620308143	9
25	1709	5989.158183990102	12
25	1724	6038.439077236242	6
25	1741	6102.778544096806	9
25	1746	6125.331970904367	3
25	1760	6164.560616343577	9
25	1761	6181.898261117457	9
25	1801	6336.170367348097	6
25	1812	6390.301307264464	9
25	1816	6400.864855340551	9
25	1831	6451.117225954966	9
25	1850	6525.651129632159	3
25	1882	6626.394190673064	9
25	1886	6641.143054544732	12
25	1944	6822.625191375651	9
25	2043	7131.700253232893	9
25	2085	7245.115409778708	3
25	2160	7534.346180718535	9
25	2174	7582.379048723254	9
25	2195	7684.861956752879	12
25	2268	7946.345168404625	6
25	2277	7971.945755708778	6
25	2284	7995.491642979983	6
25	2308	8074.847987048713	9
25	2395	8369.583565223783	12
25	2404	8427.685405849037	6
25	2414	8456.503429560072	9
25	2435	8559.992367851714	9
25	2555	9023.428356090863	9
25	2572	9091.819662790668	6
25	2619	9281.813754181789	3
25	2625	9305.972593371157	12
25	2716	9665.319593185956	12
25	2772	9838.300675243569	3
25	2779	9876.33486183923	9
25	2789	9905.837496166219	12
25	2814	9980.378225299887	9
25	2868	10192.009662244863	12
25	2919	10368.081723973938	9
25	2927	10385.402308809572	9
25	2941	10421.18878934645	12
25	2960	10497.672811601034	3
25	2967	10518.726212427731	6
25	2991	10606.744135731026	3
25	2999	10639.177915895818	9
25	3015	10726.432970928996	9
25	3032	10836.390364526826	6
25	3159	11270.746683448076	3
25	3169	11298.957813365658	3
25	3223	11437.234628923579	9
25	3232	11452.775007272945	12
25	3236	11465.742089322278	6
25	3307	11656.587397196061	3
25	3335	11751.42835475173	9
25	3364	11855.533809413941	3
25	3379	11917.693741871044	12
25	3399	12007.777339388438	12
25	3426	12149.309626808143	9
25	3446	12244.440256274676	6
25	3493	12444.254354616355	9
25	3523	12550.350601364063	6
25	3589	12744.947072050653	12
25	3596	12766.137622478283	6
25	3644	12901.141562947291	12
25	3656	12932.58664753656	9
25	3715	13091.573134229889	12
25	3762	13252.227891478797	6
25	3780	13306.485677631389	12
25	3783	13310.56718816353	6
25	3829	13460.973974629269	6
25	3919	13725.922725779371	6
25	3965	13858.926340127108	6
25	4013	14029.913735830621	9
25	4087	14252.718687453591	6
25	4092	14261.965273831713	9
25	4155	14481.829851395623	9
25	4183	14572.030896485399	6
25	4319	14924.852746711736	9
25	4443	15230.408714311353	6
25	4563	15531.578673214325	12
25	4584	15602.151236065239	3
25	4592	15616.599889484325	9
25	4667	15919.884583698742	12
25	4686	15977.248420541731	12
25	4724	16145.298451294126	3
25	4795	16437.548075258651	12
25	4908	16793.611284071555	6
25	4917	16819.253332163095	6
25	4973	17017.725018777652	9
25	5000	17144.850549727782	12
25	5085	17432.700802555971	9
25	5115	17504.894264739474	6
25	5220	17862.21244722501	12
25	5258	17991.166316359169	3
25	5261	18004.608443525042	6
25	5265	18016.564142587193	12
25	5434	18634.312931934454	3
25	5492	18852.667502285663	9
25	5499	18877.871569271645	12
25	5552	19068.166955113814	12
25	5553	19070.628912181769	12
25	5566	19120.317902608315	6
25	5611	19289.582845426488	12
25	5618	19320.9387760693	9
25	5656	19491.108340803239	12
25	5779	19906.926722051182	6
25	5785	19933.69378074912	3
26	273	1079.301576466713	4
26	318	1233.072536252495	2
26	360	1400.559374194329	2
26	419	1626.35566313236	4
26	443	1737.330580074828	2
26	512	1983.330347472953	3
26	526	2025.14149810159	3
26	558	2120.820243440202	2
26	573	2164.895109493134	4
26	619	2290.871329954572	4
26	625	2301.939975665621	2
26	630	2321.30518799576	3
26	633	2326.109478017664	2
26	738	2620.005912497228	4
26	761	2690.548084007294	4
26	769	2706.330412118207	2
26	785	2775.605671082887	4
26	819	2895.360350142315	4
26	822	2902.132530257358	4
26	828	2933.478791945291	3
26	838	2972.346220795718	2
26	936	3305.40487711256	2
26	956	3361.146589722993	2
26	971	3396.429005619266	3
26	1017	3525.85828776554	2
26	1052	3634.710677376279	2
26	1121	3890.256074510347	3
26	1137	3969.678919285895	4
26	1171	4093.033186303724	2
26	1259	4431.534760971848	2
26	1356	4837.258134651022	3
26	1408	5000.791347286736	3
26	1411	5010.152696773508	2
26	1431	5066.463445039087	1
26	1439	5093.607979739507	3
26	1557	5480.004594069339	1
26	1567	5524.340862603205	1
26	1700	5965.484620308143	3
26	1709	5989.158183990102	4
26	1724	6038.439077236242	2
26	1741	6102.778544096806	3
26	1746	6125.331970904367	1
26	1760	6164.560616343577	3
26	1761	6181.898261117457	3
26	1801	6336.170367348097	2
26	1812	6390.301307264464	3
26	1816	6400.864855340551	3
26	1831	6451.117225954966	3
26	1850	6525.651129632159	1
26	1882	6626.394190673064	3
26	1886	6641.143054544732	4
26	1944	6822.625191375651	3
26	2043	7131.700253232893	3
26	2085	7245.115409778708	1
26	2160	7534.346180718535	3
26	2174	7582.379048723254	3
26	2195	7684.861956752879	4
26	2268	7946.345168404625	2
26	2277	7971.945755708778	2
26	2284	7995.491642979983	2
26	2308	8074.847987048713	3
26	2395	8369.583565223783	4
26	2404	8427.685405849037	2
26	2414	8456.503429560072	3
26	2435	8559.992367851714	3
26	2555	9023.428356090863	3
26	2572	9091.819662790668	2
26	2619	9281.813754181789	1
26	2625	9305.972593371157	4
26	2716	9665.319593185956	4
26	2772	9838.300675243569	1
26	2779	9876.33486183923	3
26	2789	9905.837496166219	4
26	2814	9980.378225299887	3
26	2868	10192.009662244863	4
26	2919	10368.081723973938	3
26	2927	10385.402308809572	3
26	2941	10421.18878934645	4
26	2960	10497.672811601034	1
26	2967	10518.726212427731	2
26	2991	10606.744135731026	1
26	2999	10639.177915895818	3
26	3015	10726.432970928996	3
26	3032	10836.390364526826	2
26	3159	11270.746683448076	1
26	3169	11298.957813365658	1
26	3223	11437.234628923579	3
26	3232	11452.775007272945	4
26	3236	11465.742089322278	2
26	3307	11656.587397196061	1
26	3335	11751.42835475173	3
26	3364	11855.533809413941	1
26	3379	11917.693741871044	4
26	3399	12007.777339388438	4
26	3426	12149.309626808143	3
26	3446	12244.440256274676	2
26	3493	12444.254354616355	3
26	3523	12550.350601364063	2
26	3589	12744.947072050653	4
26	3596	12766.137622478283	2
26	3644	12901.141562947291	4
26	3656	12932.58664753656	3
26	3715	13091.573134229889	4
26	3762	13252.227891478797	2
26	3780	13306.485677631389	4
26	3783	13310.56718816353	2
26	3829	13460.973974629269	2
26	3919	13725.922725779371	2
26	3965	13858.926340127108	2
26	4013	14029.913735830621	3
26	4087	14252.718687453591	2
26	4092	14261.965273831713	3
26	4155	14481.829851395623	3
26	4183	14572.030896485399	2
26	4319	14924.852746711736	3
26	4443	15230.408714311353	2
26	4563	15531.578673214325	4
26	4584	15602.151236065239	1
26	4592	15616.599889484325	3
26	4667	15919.884583698742	4
26	4686	15977.248420541731	4
26	4724	16145.298451294126	1
26	4795	16437.548075258651	4
26	4908	16793.611284071555	2
26	4917	16819.253332163095	2
26	4973	17017.725018777652	3
26	5000	17144.850549727782	4
26	5085	17432.700802555971	3
26	5115	17504.894264739474	2
26	5220	17862.21244722501	4
26	5258	17991.166316359169	1
26	5261	18004.608443525042	2
26	5265	18016.564142587193	4
26	5434	18634.312931934454	1
26	5492	18852.667502285663	3
26	5499	18877.871569271645	4
26	5552	19068.166955113814	4
26	5553	19070.628912181769	4
26	5566	19120.317902608315	2
26	5611	19289.582845426488	4
26	5618	19320.9387760693	3
26	5656	19491.108340803239	4
26	5779	19906.926722051182	2
26	5785	19933.69378074912	1
27	326	1259.136456789692	306
27	401	1561.788061035046	512
27	428	1670.69007012153	409
27	516	1998.719247156606	306
27	566	2147.068119495204	409
27	628	2310.684389818541	306
27	642	2354.18158079786	203
27	807	2850.85110508458	409
27	824	2907.976230924275	409
27	856	3038.099591850607	306
27	860	3051.306466746822	409
27	864	3063.234469750877	306
27	927	3287.918844021493	306
27	953	3349.724824100325	512
27	963	3371.037605754965	306
27	969	3393.300379189884	512
27	999	3468.793186475494	409
27	1006	3497.752701867522	512
27	1034	3575.809676300973	409
27	1077	3732.949114137917	306
27	1089	3770.281232275189	306
27	1092	3773.488621428707	512
27	1105	3819.777541185218	306
27	1107	3829.877241202296	512
27	1150	4022.940625472777	306
27	1154	4032.288102264766	512
27	1188	4175.530858728213	512
27	1227	4309.512163784857	409
27	1239	4349.756633909908	512
27	1252	4412.83313118303	203
27	1335	4757.53979981221	306
27	1519	5339.679627469287	306
27	1520	5341.717429016821	306
27	1526	5375.968826638985	512
27	1542	5438.987453615691	203
27	1597	5622.726402504357	306
27	1609	5655.323154898107	512
27	1625	5703.388073960554	512
27	1669	5855.311232098478	409
27	1714	6007.505374220009	306
27	1894	6677.174831163724	203
27	1928	6788.410006244839	409
27	1965	6899.776811280698	512
27	1978	6929.788290989411	512
27	1993	7000.021643145232	306
27	2007	7025.433476264182	409
27	2027	7093.389063518202	512
27	2143	7447.281139625701	409
27	2235	7850.476697524434	409
27	2274	7970.96918193194	203
27	2289	8002.740570979527	512
27	2310	8080.530058496917	409
27	2324	8120.99610573007	306
27	2349	8205.715030890869	512
27	2352	8209.76649868386	512
27	2371	8269.21046833802	409
27	2407	8432.004792717478	306
27	2436	8563.111771947525	512
27	2451	8639.956103511907	203
27	2523	8905.515564603128	306
27	2570	9083.129876416714	409
27	2656	9445.844150662113	512
27	2657	9455.380293603109	409
27	2659	9457.953528955944	512
27	2672	9494.502872846031	409
27	2746	9751.797276577435	409
27	2765	9826.560083849786	409
27	2849	10118.913025302751	512
27	2850	10121.703525064071	203
27	2929	10391.721043565481	512
27	2936	10413.183541447766	306
27	2974	10553.713643386304	512
27	3009	10686.995465273618	512
27	3021	10762.617791221136	409
27	3042	10871.482502141904	512
27	3069	10996.892873231343	306
27	3133	11187.57502058213	306
27	3163	11274.369718523286	409
27	3188	11341.814422408141	409
27	3202	11376.124534370784	512
27	3315	11679.430800718772	203
27	3322	11704.732605307338	306
27	3384	11939.816177769979	409
27	3398	12007.279858637976	512
27	3451	12256.315752578603	409
27	3499	12459.893283523575	306
27	3526	12554.260564897243	203
27	3532	12564.376116232894	512
27	3533	12564.679370351011	306
27	3585	12729.896063277815	409
27	3664	12952.679173774745	306
27	3723	13122.048735226555	512
27	3801	13363.600597440705	306
27	3869	13570.496102339757	409
27	3891	13640.653857026883	203
27	3932	13756.269283047126	306
27	3961	13854.569156224294	512
27	4001	13990.679307678469	512
27	4044	14117.424070118369	512
27	4059	14159.203977810286	203
27	4142	14443.754300071482	409
27	4195	14594.151153751525	512
27	4206	14634.14279328031	512
27	4261	14795.082443154307	306
27	4283	14836.233767238901	409
27	4302	14891.932554294832	512
27	4323	14928.611745100471	409
27	4342	14984.443919410838	409
27	4344	14986.308918671542	409
27	4449	15241.552513722091	306
27	4492	15348.296049433902	512
27	4525	15432.551893428465	512
27	4586	15603.738206773036	512
27	4589	15609.289599542975	306
27	4623	15724.455432307591	409
27	4687	15978.935103496955	512
27	4823	16525.57865502897	409
27	4873	16690.789065555332	512
27	4912	16804.316612721181	512
27	4964	16973.524428533382	409
27	4970	17008.862345169998	409
27	5031	17264.385700488124	306
27	5096	17454.980185734983	203
27	5130	17548.827995885472	512
27	5182	17696.678399435039	306
27	5190	17724.993984814315	203
27	5270	18026.756281060215	409
27	5281	18083.405719074194	306
27	5287	18090.527344756743	409
27	5457	18730.014871477535	409
27	5534	19001.577348842821	306
27	5540	19020.247286337744	512
27	5575	19149.011337104948	306
27	5599	19240.530804670479	512
27	5651	19452.30363022584	306
27	5667	19534.657101478517	306
27	5701	19655.730441715678	409
27	5801	19982.61337900148	409
28	326	1259.136456789692	6
28	401	1561.788061035046	12
28	428	1670.69007012153	9
28	516	1998.719247156606	6
28	566	2147.068119495204	9
28	628	2310.684389818541	6
28	642	2354.18158079786	3
28	807	2850.85110508458	9
28	824	2907.976230924275	9
28	856	3038.099591850607	6
28	860	3051.306466746822	9
28	864	3063.234469750877	6
28	927	3287.918844021493	6
28	953	3349.724824100325	12
28	963	3371.037605754965	6
28	969	3393.300379189884	12
28	999	3468.793186475494	9
28	1006	3497.752701867522	12
28	1034	3575.809676300973	9
28	1077	3732.949114137917	6
28	1089	3770.281232275189	6
28	1092	3773.488621428707	12
28	1105	3819.777541185218	6
28	1107	3829.877241202296	12
28	1150	4022.940625472777	6
28	1154	4032.288102264766	12
28	1188	4175.530858728213	12
28	1227	4309.512163784857	9
28	1239	4349.756633909908	12
28	1252	4412.83313118303	3
28	1335	4757.53979981221	6
28	1519	5339.679627469287	6
28	1520	5341.717429016821	6
28	1526	5375.968826638985	12
28	1542	5438.987453615691	3
28	1597	5622.726402504357	6
28	1609	5655.323154898107	12
28	1625	5703.388073960554	12
28	1669	5855.311232098478	9
28	1714	6007.505374220009	6
28	1894	6677.174831163724	3
28	1928	6788.410006244839	9
28	1965	6899.776811280698	12
28	1978	6929.788290989411	12
28	1993	7000.021643145232	6
28	2007	7025.433476264182	9
28	2027	7093.389063518202	12
28	2143	7447.281139625701	9
28	2235	7850.476697524434	9
28	2274	7970.96918193194	3
28	2289	8002.740570979527	12
28	2310	8080.530058496917	9
28	2324	8120.99610573007	6
28	2349	8205.715030890869	12
28	2352	8209.76649868386	12
28	2371	8269.21046833802	9
28	2407	8432.004792717478	6
28	2436	8563.111771947525	12
28	2451	8639.956103511907	3
28	2523	8905.515564603128	6
28	2570	9083.129876416714	9
28	2656	9445.844150662113	12
28	2657	9455.380293603109	9
28	2659	9457.953528955944	12
28	2672	9494.502872846031	9
28	2746	9751.797276577435	9
28	2765	9826.560083849786	9
28	2849	10118.913025302751	12
28	2850	10121.703525064071	3
28	2929	10391.721043565481	12
28	2936	10413.183541447766	6
28	2974	10553.713643386304	12
28	3009	10686.995465273618	12
28	3021	10762.617791221136	9
28	3042	10871.482502141904	12
28	3069	10996.892873231343	6
28	3133	11187.57502058213	6
28	3163	11274.369718523286	9
28	3188	11341.814422408141	9
28	3202	11376.124534370784	12
28	3315	11679.430800718772	3
28	3322	11704.732605307338	6
28	3384	11939.816177769979	9
28	3398	12007.279858637976	12
28	3451	12256.315752578603	9
28	3499	12459.893283523575	6
28	3526	12554.260564897243	3
28	3532	12564.376116232894	12
28	3533	12564.679370351011	6
28	3585	12729.896063277815	9
28	3664	12952.679173774745	6
28	3723	13122.048735226555	12
28	3801	13363.600597440705	6
28	3869	13570.496102339757	9
28	3891	13640.653857026883	3
28	3932	13756.269283047126	6
28	3961	13854.569156224294	12
28	4001	13990.679307678469	12
28	4044	14117.424070118369	12
28	4059	14159.203977810286	3
28	4142	14443.754300071482	9
28	4195	14594.151153751525	12
28	4206	14634.14279328031	12
28	4261	14795.082443154307	6
28	4283	14836.233767238901	9
28	4302	14891.932554294832	12
28	4323	14928.611745100471	9
28	4342	14984.443919410838	9
28	4344	14986.308918671542	9
28	4449	15241.552513722091	6
28	4492	15348.296049433902	12
28	4525	15432.551893428465	12
28	4586	15603.738206773036	12
28	4589	15609.289599542975	6
28	4623	15724.455432307591	9
28	4687	15978.935103496955	12
28	4823	16525.57865502897	9
28	4873	16690.789065555332	12
28	4912	16804.316612721181	12
28	4964	16973.524428533382	9
28	4970	17008.862345169998	9
28	5031	17264.385700488124	6
28	5096	17454.980185734983	3
28	5130	17548.827995885472	12
28	5182	17696.678399435039	6
28	5190	17724.993984814315	3
28	5270	18026.756281060215	9
28	5281	18083.405719074194	6
28	5287	18090.527344756743	9
28	5457	18730.014871477535	9
28	5534	19001.577348842821	6
28	5540	19020.247286337744	12
28	5575	19149.011337104948	6
28	5599	19240.530804670479	12
28	5651	19452.30363022584	6
28	5667	19534.657101478517	6
28	5701	19655.730441715678	9
28	5801	19982.61337900148	9
29	326	1259.136456789692	2
29	401	1561.788061035046	4
29	428	1670.69007012153	3
29	516	1998.719247156606	2
29	566	2147.068119495204	3
29	628	2310.684389818541	2
29	642	2354.18158079786	1
29	807	2850.85110508458	3
29	824	2907.976230924275	3
29	856	3038.099591850607	2
29	860	3051.306466746822	3
29	864	3063.234469750877	2
29	927	3287.918844021493	2
29	953	3349.724824100325	4
29	963	3371.037605754965	2
29	969	3393.300379189884	4
29	999	3468.793186475494	3
29	1006	3497.752701867522	4
29	1034	3575.809676300973	3
29	1077	3732.949114137917	2
29	1089	3770.281232275189	2
29	1092	3773.488621428707	4
29	1105	3819.777541185218	2
29	1107	3829.877241202296	4
29	1150	4022.940625472777	2
29	1154	4032.288102264766	4
29	1188	4175.530858728213	4
29	1227	4309.512163784857	3
29	1239	4349.756633909908	4
29	1252	4412.83313118303	1
29	1335	4757.53979981221	2
29	1519	5339.679627469287	2
29	1520	5341.717429016821	2
29	1526	5375.968826638985	4
29	1542	5438.987453615691	1
29	1597	5622.726402504357	2
29	1609	5655.323154898107	4
29	1625	5703.388073960554	4
29	1669	5855.311232098478	3
29	1714	6007.505374220009	2
29	1894	6677.174831163724	1
29	1928	6788.410006244839	3
29	1965	6899.776811280698	4
29	1978	6929.788290989411	4
29	1993	7000.021643145232	2
29	2007	7025.433476264182	3
29	2027	7093.389063518202	4
29	2143	7447.281139625701	3
29	2235	7850.476697524434	3
29	2274	7970.96918193194	1
29	2289	8002.740570979527	4
29	2310	8080.530058496917	3
29	2324	8120.99610573007	2
29	2349	8205.715030890869	4
29	2352	8209.76649868386	4
29	2371	8269.21046833802	3
29	2407	8432.004792717478	2
29	2436	8563.111771947525	4
29	2451	8639.956103511907	1
29	2523	8905.515564603128	2
29	2570	9083.129876416714	3
29	2656	9445.844150662113	4
29	2657	9455.380293603109	3
29	2659	9457.953528955944	4
29	2672	9494.502872846031	3
29	2746	9751.797276577435	3
29	2765	9826.560083849786	3
29	2849	10118.913025302751	4
29	2850	10121.703525064071	1
29	2929	10391.721043565481	4
29	2936	10413.183541447766	2
29	2974	10553.713643386304	4
29	3009	10686.995465273618	4
29	3021	10762.617791221136	3
29	3042	10871.482502141904	4
29	3069	10996.892873231343	2
29	3133	11187.57502058213	2
29	3163	11274.369718523286	3
29	3188	11341.814422408141	3
29	3202	11376.124534370784	4
29	3315	11679.430800718772	1
29	3322	11704.732605307338	2
29	3384	11939.816177769979	3
29	3398	12007.279858637976	4
29	3451	12256.315752578603	3
29	3499	12459.893283523575	2
29	3526	12554.260564897243	1
29	3532	12564.376116232894	4
29	3533	12564.679370351011	2
29	3585	12729.896063277815	3
29	3664	12952.679173774745	2
29	3723	13122.048735226555	4
29	3801	13363.600597440705	2
29	3869	13570.496102339757	3
29	3891	13640.653857026883	1
29	3932	13756.269283047126	2
29	3961	13854.569156224294	4
29	4001	13990.679307678469	4
29	4044	14117.424070118369	4
29	4059	14159.203977810286	1
29	4142	14443.754300071482	3
29	4195	14594.151153751525	4
29	4206	14634.14279328031	4
29	4261	14795.082443154307	2
29	4283	14836.233767238901	3
29	4302	14891.932554294832	4
29	4323	14928.611745100471	3
29	4342	14984.443919410838	3
29	4344	14986.308918671542	3
29	4449	15241.552513722091	2
29	4492	15348.296049433902	4
29	4525	15432.551893428465	4
29	4586	15603.738206773036	4
29	4589	15609.289599542975	2
29	4623	15724.455432307591	3
29	4687	15978.935103496955	4
29	4823	16525.57865502897	3
29	4873	16690.789065555332	4
29	4912	16804.316612721181	4
29	4964	16973.524428533382	3
29	4970	17008.862345169998	3
29	5031	17264.385700488124	2
29	5096	17454.980185734983	1
29	5130	17548.827995885472	4
29	5182	17696.678399435039	2
29	5190	17724.993984814315	1
29	5270	18026.756281060215	3
29	5281	18083.405719074194	2
29	5287	18090.527344756743	3
29	5457	18730.014871477535	3
29	5534	19001.577348842821	2
29	5540	19020.247286337744	4
29	5575	19149.011337104948	2
29	5599	19240.530804670479	4
29	5651	19452.30363022584	2
29	5667	19534.657101478517	2
29	5701	19655.730441715678	3
29	5801	19982.61337900148	3
30	269	1065.488773692802	409
30	310	1210.609773961538	203
30	328	1262.971284949395	512
30	336	1301.02367115146	306
30	687	2475.648323842337	203
30	711	2546.611251165364	306
30	717	2569.181516427106	512
30	736	2607.154177841117	512
30	767	2704.368157293658	409
30	776	2745.224817641913	512
30	805	2850.10076388281	512
30	825	2912.008010350065	306
30	988	3447.072541134999	512
30	1075	3725.536117478794	306
30	1080	3737.460544084764	512
30	1149	4018.644766802563	512
30	1159	4048.910861204672	306
30	1194	4188.78796167575	203
30	1257	4426.613335360104	512
30	1294	4586.697317129022	512
30	1316	4689.305385877898	512
30	1336	4761.854706178495	512
30	1389	4943.854991697606	306
30	1405	4989.788078126527	409
30	1414	5024.281318044192	203
30	1427	5054.436770004176	306
30	1462	5166.482418006856	409
30	1489	5245.383076199579	512
30	1499	5283.857867361091	409
30	1504	5292.000736959332	409
30	1506	5303.674790996559	203
30	1535	5419.044310039987	409
30	1536	5419.933590297048	203
30	1550	5451.422456701551	409
30	1582	5556.63019362608	512
30	1664	5835.987174921255	409
30	1680	5884.828771285226	306
30	1692	5938.868283783285	203
30	1751	6135.752820308155	409
30	1784	6266.610402831142	306
30	1912	6721.218232152981	203
30	1931	6796.594918077762	203
30	1952	6851.183394769357	306
30	1975	6923.416890369326	306
30	1988	6978.618604202238	409
30	2032	7119.693294310517	512
30	2060	7174.458765098327	306
30	2091	7256.087903228505	409
30	2093	7261.305329775237	306
30	2104	7321.75050389466	409
30	2108	7326.816105022739	306
30	2141	7442.430522934327	306
30	2156	7519.422757991838	203
30	2201	7709.544723043537	306
30	2234	7850.230540865792	409
30	2331	8137.604211690861	512
30	2402	8415.173067375488	306
30	2531	8933.603831678139	306
30	2541	8975.312904399068	512
30	2545	8983.878021878481	203
30	2546	8987.762578406296	203
30	2660	9457.961749671691	306
30	2691	9571.071154116046	203
30	2747	9767.116821473582	512
30	2822	10012.512497685576	306
30	2910	10337.245998114095	306
30	2918	10367.138901200377	512
30	2971	10535.512013188199	306
30	2981	10572.692178243995	409
30	2983	10580.60292498698	306
30	2989	10589.44078185476	306
30	2993	10617.89831792849	409
30	2995	10623.962108852325	306
30	3003	10660.346268931399	409
30	3037	10864.782482896162	409
30	3117	11147.824746718495	512
30	3189	11342.283753936687	306
30	3243	11491.894739770863	203
30	3245	11494.606772426908	409
30	3258	11534.03134280062	409
30	3262	11542.155140833406	512
30	3302	11652.254357443336	306
30	3365	11859.668089590392	203
30	3366	11859.734467199605	306
30	3415	12084.749967233686	512
30	3421	12125.069443773807	409
30	3428	12151.956117430958	512
30	3490	12425.28651662399	409
30	3509	12479.852430257463	306
30	3633	12870.074702214716	512
30	3640	12886.243810729702	306
30	3648	12912.937976246719	306
30	3658	12934.089072356183	409
30	3695	13038.448256710907	409
30	3708	13075.462794400263	306
30	3910	13688.861617241049	306
30	3926	13746.783545386333	306
30	3939	13775.45315348773	512
30	3940	13784.349139219634	203
30	3964	13858.299741468053	306
30	4028	14066.013923685559	512
30	4050	14141.913432559351	512
30	4088	14255.859213179325	306
30	4104	14297.957157562145	306
30	4128	14396.300552758252	306
30	4138	14430.459668009108	512
30	4240	14747.813062378787	306
30	4242	14750.131975869663	306
30	4351	15000.938859208394	512
30	4377	15062.197208995671	409
30	4391	15094.981251171613	512
30	4409	15130.949995855642	306
30	4431	15191.792611533982	409
30	4451	15244.346302206019	409
30	4528	15438.340239975272	306
30	4546	15485.415246646329	512
30	4579	15584.250191214414	306
30	4614	15704.438535142462	306
30	4629	15757.340078494821	512
30	4659	15878.572710584894	512
30	4688	15984.526607694516	512
30	4723	16144.448150947607	512
30	4732	16175.74238851737	306
30	4744	16221.237550165249	306
30	4745	16230.72486992307	512
30	4748	16238.594548796914	306
30	4816	16514.801709187269	512
30	4849	16617.03301471952	306
30	4940	16900.708517716274	409
30	4949	16930.552402435413	512
30	4956	16952.269628366154	409
30	4957	16956.151869577895	512
30	4975	17026.670765889074	306
30	5004	17163.530057980785	203
30	5008	17175.454729352324	409
30	5185	17700.6515204418	306
30	5197	17774.033707736168	409
30	5202	17777.949026581056	306
30	5207	17790.615782560364	306
30	5211	17803.192217119019	409
30	5288	18098.4084054878	306
30	5319	18215.554628779307	306
30	5362	18373.297869613465	409
30	5380	18435.852151051998	512
30	5484	18831.704638114718	512
30	5622	19329.665839354759	409
30	5663	19522.81943031715	306
30	5759	19848.136642050943	306
30	5783	19926.4127054897	306
31	269	1065.488773692802	9
31	310	1210.609773961538	3
31	328	1262.971284949395	12
31	336	1301.02367115146	6
31	687	2475.648323842337	3
31	711	2546.611251165364	6
31	717	2569.181516427106	12
31	736	2607.154177841117	12
31	767	2704.368157293658	9
31	776	2745.224817641913	12
31	805	2850.10076388281	12
31	825	2912.008010350065	6
31	988	3447.072541134999	12
31	1075	3725.536117478794	6
31	1080	3737.460544084764	12
31	1149	4018.644766802563	12
31	1159	4048.910861204672	6
31	1194	4188.78796167575	3
31	1257	4426.613335360104	12
31	1294	4586.697317129022	12
31	1316	4689.305385877898	12
31	1336	4761.854706178495	12
31	1389	4943.854991697606	6
31	1405	4989.788078126527	9
31	1414	5024.281318044192	3
31	1427	5054.436770004176	6
31	1462	5166.482418006856	9
31	1489	5245.383076199579	12
31	1499	5283.857867361091	9
31	1504	5292.000736959332	9
31	1506	5303.674790996559	3
31	1535	5419.044310039987	9
31	1536	5419.933590297048	3
31	1550	5451.422456701551	9
31	1582	5556.63019362608	12
31	1664	5835.987174921255	9
31	1680	5884.828771285226	6
31	1692	5938.868283783285	3
31	1751	6135.752820308155	9
31	1784	6266.610402831142	6
31	1912	6721.218232152981	3
31	1931	6796.594918077762	3
31	1952	6851.183394769357	6
31	1975	6923.416890369326	6
31	1988	6978.618604202238	9
31	2032	7119.693294310517	12
31	2060	7174.458765098327	6
31	2091	7256.087903228505	9
31	2093	7261.305329775237	6
31	2104	7321.75050389466	9
31	2108	7326.816105022739	6
31	2141	7442.430522934327	6
31	2156	7519.422757991838	3
31	2201	7709.544723043537	6
31	2234	7850.230540865792	9
31	2331	8137.604211690861	12
31	2402	8415.173067375488	6
31	2531	8933.603831678139	6
31	2541	8975.312904399068	12
31	2545	8983.878021878481	3
31	2546	8987.762578406296	3
31	2660	9457.961749671691	6
31	2691	9571.071154116046	3
31	2747	9767.116821473582	12
31	2822	10012.512497685576	6
31	2910	10337.245998114095	6
31	2918	10367.138901200377	12
31	2971	10535.512013188199	6
31	2981	10572.692178243995	9
31	2983	10580.60292498698	6
31	2989	10589.44078185476	6
31	2993	10617.89831792849	9
31	2995	10623.962108852325	6
31	3003	10660.346268931399	9
31	3037	10864.782482896162	9
31	3117	11147.824746718495	12
31	3189	11342.283753936687	6
31	3243	11491.894739770863	3
31	3245	11494.606772426908	9
31	3258	11534.03134280062	9
31	3262	11542.155140833406	12
31	3302	11652.254357443336	6
31	3365	11859.668089590392	3
31	3366	11859.734467199605	6
31	3415	12084.749967233686	12
31	3421	12125.069443773807	9
31	3428	12151.956117430958	12
31	3490	12425.28651662399	9
31	3509	12479.852430257463	6
31	3633	12870.074702214716	12
31	3640	12886.243810729702	6
31	3648	12912.937976246719	6
31	3658	12934.089072356183	9
31	3695	13038.448256710907	9
31	3708	13075.462794400263	6
31	3910	13688.861617241049	6
31	3926	13746.783545386333	6
31	3939	13775.45315348773	12
31	3940	13784.349139219634	3
31	3964	13858.299741468053	6
31	4028	14066.013923685559	12
31	4050	14141.913432559351	12
31	4088	14255.859213179325	6
31	4104	14297.957157562145	6
31	4128	14396.300552758252	6
31	4138	14430.459668009108	12
31	4240	14747.813062378787	6
31	4242	14750.131975869663	6
31	4351	15000.938859208394	12
31	4377	15062.197208995671	9
31	4391	15094.981251171613	12
31	4409	15130.949995855642	6
31	4431	15191.792611533982	9
31	4451	15244.346302206019	9
31	4528	15438.340239975272	6
31	4546	15485.415246646329	12
31	4579	15584.250191214414	6
31	4614	15704.438535142462	6
31	4629	15757.340078494821	12
31	4659	15878.572710584894	12
31	4688	15984.526607694516	12
31	4723	16144.448150947607	12
31	4732	16175.74238851737	6
31	4744	16221.237550165249	6
31	4745	16230.72486992307	12
31	4748	16238.594548796914	6
31	4816	16514.801709187269	12
31	4849	16617.03301471952	6
31	4940	16900.708517716274	9
31	4949	16930.552402435413	12
31	4956	16952.269628366154	9
31	4957	16956.151869577895	12
31	4975	17026.670765889074	6
31	5004	17163.530057980785	3
31	5008	17175.454729352324	9
31	5185	17700.6515204418	6
31	5197	17774.033707736168	9
31	5202	17777.949026581056	6
31	5207	17790.615782560364	6
31	5211	17803.192217119019	9
31	5288	18098.4084054878	6
31	5319	18215.554628779307	6
31	5362	18373.297869613465	9
31	5380	18435.852151051998	12
31	5484	18831.704638114718	12
31	5622	19329.665839354759	9
31	5663	19522.81943031715	6
31	5759	19848.136642050943	6
31	5783	19926.4127054897	6
32	269	1065.488773692802	3
32	310	1210.609773961538	1
32	328	1262.971284949395	4
32	336	1301.02367115146	2
32	687	2475.648323842337	1
32	711	2546.611251165364	2
32	717	2569.181516427106	4
32	736	2607.154177841117	4
32	767	2704.368157293658	3
32	776	2745.224817641913	4
32	805	2850.10076388281	4
32	825	2912.008010350065	2
32	988	3447.072541134999	4
32	1075	3725.536117478794	2
32	1080	3737.460544084764	4
32	1149	4018.644766802563	4
32	1159	4048.910861204672	2
32	1194	4188.78796167575	1
32	1257	4426.613335360104	4
32	1294	4586.697317129022	4
32	1316	4689.305385877898	4
32	1336	4761.854706178495	4
32	1389	4943.854991697606	2
32	1405	4989.788078126527	3
32	1414	5024.281318044192	1
32	1427	5054.436770004176	2
32	1462	5166.482418006856	3
32	1489	5245.383076199579	4
32	1499	5283.857867361091	3
32	1504	5292.000736959332	3
32	1506	5303.674790996559	1
32	1535	5419.044310039987	3
32	1536	5419.933590297048	1
32	1550	5451.422456701551	3
32	1582	5556.63019362608	4
32	1664	5835.987174921255	3
32	1680	5884.828771285226	2
32	1692	5938.868283783285	1
32	1751	6135.752820308155	3
32	1784	6266.610402831142	2
32	1912	6721.218232152981	1
32	1931	6796.594918077762	1
32	1952	6851.183394769357	2
32	1975	6923.416890369326	2
32	1988	6978.618604202238	3
32	2032	7119.693294310517	4
32	2060	7174.458765098327	2
32	2091	7256.087903228505	3
32	2093	7261.305329775237	2
32	2104	7321.75050389466	3
32	2108	7326.816105022739	2
32	2141	7442.430522934327	2
32	2156	7519.422757991838	1
32	2201	7709.544723043537	2
32	2234	7850.230540865792	3
32	2331	8137.604211690861	4
32	2402	8415.173067375488	2
32	2531	8933.603831678139	2
32	2541	8975.312904399068	4
32	2545	8983.878021878481	1
32	2546	8987.762578406296	1
32	2660	9457.961749671691	2
32	2691	9571.071154116046	1
32	2747	9767.116821473582	4
32	2822	10012.512497685576	2
32	2910	10337.245998114095	2
32	2918	10367.138901200377	4
32	2971	10535.512013188199	2
32	2981	10572.692178243995	3
32	2983	10580.60292498698	2
32	2989	10589.44078185476	2
32	2993	10617.89831792849	3
32	2995	10623.962108852325	2
32	3003	10660.346268931399	3
32	3037	10864.782482896162	3
32	3117	11147.824746718495	4
32	3189	11342.283753936687	2
32	3243	11491.894739770863	1
32	3245	11494.606772426908	3
32	3258	11534.03134280062	3
32	3262	11542.155140833406	4
32	3302	11652.254357443336	2
32	3365	11859.668089590392	1
32	3366	11859.734467199605	2
32	3415	12084.749967233686	4
32	3421	12125.069443773807	3
32	3428	12151.956117430958	4
32	3490	12425.28651662399	3
32	3509	12479.852430257463	2
32	3633	12870.074702214716	4
32	3640	12886.243810729702	2
32	3648	12912.937976246719	2
32	3658	12934.089072356183	3
32	3695	13038.448256710907	3
32	3708	13075.462794400263	2
32	3910	13688.861617241049	2
32	3926	13746.783545386333	2
32	3939	13775.45315348773	4
32	3940	13784.349139219634	1
32	3964	13858.299741468053	2
32	4028	14066.013923685559	4
32	4050	14141.913432559351	4
32	4088	14255.859213179325	2
32	4104	14297.957157562145	2
32	4128	14396.300552758252	2
32	4138	14430.459668009108	4
32	4240	14747.813062378787	2
32	4242	14750.131975869663	2
32	4351	15000.938859208394	4
32	4377	15062.197208995671	3
32	4391	15094.981251171613	4
32	4409	15130.949995855642	2
32	4431	15191.792611533982	3
32	4451	15244.346302206019	3
32	4528	15438.340239975272	2
32	4546	15485.415246646329	4
32	4579	15584.250191214414	2
32	4614	15704.438535142462	2
32	4629	15757.340078494821	4
32	4659	15878.572710584894	4
32	4688	15984.526607694516	4
32	4723	16144.448150947607	4
32	4732	16175.74238851737	2
32	4744	16221.237550165249	2
32	4745	16230.72486992307	4
32	4748	16238.594548796914	2
32	4816	16514.801709187269	4
32	4849	16617.03301471952	2
32	4940	16900.708517716274	3
32	4949	16930.552402435413	4
32	4956	16952.269628366154	3
32	4957	16956.151869577895	4
32	4975	17026.670765889074	2
32	5004	17163.530057980785	1
32	5008	17175.454729352324	3
32	5185	17700.6515204418	2
32	5197	17774.033707736168	3
32	5202	17777.949026581056	2
32	5207	17790.615782560364	2
32	5211	17803.192217119019	3
32	5288	18098.4084054878	2
32	5319	18215.554628779307	2
32	5362	18373.297869613465	3
32	5380	18435.852151051998	4
32	5484	18831.704638114718	4
32	5622	19329.665839354759	3
32	5663	19522.81943031715	2
32	5759	19848.136642050943	2
32	5783	19926.4127054897	2
33	277	1094.787786962684	409
33	315	1221.143599747383	306
33	323	1252.47870715877	306
33	330	1283.178136897689	306
33	453	1776.569154482253	203
33	463	1813.850488124681	306
33	527	2027.765402662544	306
33	574	2168.67735622868	409
33	632	2325.629616722185	306
33	668	2412.386506773059	203
33	685	2471.170064735629	203
33	704	2515.406447811706	306
33	749	2665.519943520693	306
33	755	2683.859459834451	512
33	795	2805.566512011064	512
33	812	2870.941914153268	203
33	868	3081.170470071147	409
33	1009	3509.561944492395	512
33	1015	3523.141399340032	512
33	1043	3609.039043101048	306
33	1046	3621.969690363358	306
33	1068	3702.604528667605	306
33	1221	4281.936901427579	512
33	1260	4445.590230350456	306
33	1273	4486.289239739055	409
33	1325	4726.248019676951	409
33	1326	4732.61683795098	512
33	1438	5089.696860327991	306
33	1474	5207.568496072564	512
33	1498	5283.382533757325	512
33	1505	5303.346033804011	512
33	1514	5334.035461136998	409
33	1544	5441.037961627538	409
33	1577	5549.409949474692	409
33	1614	5674.484005407921	512
33	1637	5747.024479456633	203
33	1646	5772.737966199078	203
33	1668	5854.044160813454	409
33	1777	6236.790180451379	512
33	1833	6453.425656716554	512
33	1844	6514.656472543619	203
33	1847	6521.218034156268	512
33	1888	6658.214459902621	512
33	1926	6783.69572711735	203
33	2004	7023.675778876362	203
33	2081	7236.05758517418	409
33	2088	7250.366443520778	306
33	2170	7569.515033461429	512
33	2187	7660.981465313965	203
33	2192	7675.018444174135	512
33	2353	8211.849830459897	306
33	2400	8409.379627384998	512
33	2410	8449.462932908759	306
33	2426	8514.422707900869	409
33	2452	8651.832967407291	409
33	2474	8732.78236783561	409
33	2508	8863.759558535476	512
33	2509	8864.43227016629	512
33	2519	8892.377712421513	409
33	2521	8896.506249865824	409
33	2525	8907.103877637234	203
33	2551	9007.235162217219	203
33	2560	9044.821523219973	306
33	2683	9540.394894277533	512
33	2696	9587.634350449156	409
33	2755	9785.351493752573	409
33	2795	9920.45364211927	306
33	2829	10037.236711865095	409
33	2840	10081.299298561867	409
33	2920	10372.624737491809	409
33	3030	10795.390489849621	409
33	3031	10808.940013201311	409
33	3062	10972.564268514609	203
33	3099	11096.437496320026	409
33	3105	11124.844313862115	203
33	3215	11412.155747264057	409
33	3218	11429.486084924367	512
33	3219	11430.390268231116	409
33	3372	11886.390366180547	512
33	3413	12071.35314042965	512
33	3488	12417.867325636343	203
33	3540	12581.169666551959	512
33	3544	12595.469125577827	306
33	3641	12887.376201429766	409
33	3706	13071.64584089393	203
33	3741	13180.482810195855	512
33	3773	13285.294674698156	306
33	3785	13321.677352880658	409
33	3788	13331.785240275772	409
33	3791	13336.297365257966	409
33	3807	13392.068900239216	512
33	3836	13487.167176443371	512
33	3883	13617.87225432183	409
33	3904	13664.750807233361	512
33	3987	13947.722595904438	409
33	4006	14001.558628360576	512
33	4047	14126.826430092121	409
33	4068	14183.290958337476	512
33	4074	14203.207229182526	409
33	4093	14262.79318715868	512
33	4100	14285.916481318002	409
33	4121	14362.999341970928	203
33	4279	14826.883609097504	409
33	4295	14883.022459146831	306
33	4364	15023.209278147481	306
33	4399	15119.635261247437	409
33	4486	15334.049499698321	409
33	4505	15384.437940731643	409
33	4508	15387.033617356912	409
33	4568	15554.357839426312	409
33	4575	15570.14485081445	409
33	4595	15623.650750300547	512
33	4649	15853.530375785648	203
33	4755	16270.607465238132	512
33	4777	16358.719207731175	409
33	4804	16465.697925011393	306
33	4806	16474.109532797233	512
33	4821	16520.265028660135	306
33	4851	16618.310467211677	512
33	4866	16655.266250369074	409
33	4888	16730.855199892625	409
33	4896	16749.110521868647	203
33	4898	16749.763017751798	409
33	4971	17012.386019628843	409
33	4981	17048.873766136413	306
33	5150	17595.250253986428	512
33	5157	17620.48503210019	409
33	5162	17637.890192693214	203
33	5177	17678.771388164805	512
33	5224	17877.040406336852	512
33	5267	18023.403051188616	203
33	5300	18137.976404434379	512
33	5330	18248.964875826427	409
33	5335	18275.332154562707	203
33	5394	18492.808959564508	512
33	5410	18546.166362032663	409
33	5427	18600.024792582474	512
33	5526	18975.06305380799	306
33	5625	19345.281237326602	512
33	5631	19356.997843489102	512
33	5652	19461.043095253517	512
33	5672	19549.422630482202	203
33	5741	19799.75105217753	409
33	5746	19816.365070598854	203
33	5800	19976.330012417916	409
34	277	1094.787786962684	9
34	315	1221.143599747383	6
34	323	1252.47870715877	6
34	330	1283.178136897689	6
34	453	1776.569154482253	3
34	463	1813.850488124681	6
34	527	2027.765402662544	6
34	574	2168.67735622868	9
34	632	2325.629616722185	6
34	668	2412.386506773059	3
34	685	2471.170064735629	3
34	704	2515.406447811706	6
34	749	2665.519943520693	6
34	755	2683.859459834451	12
34	795	2805.566512011064	12
34	812	2870.941914153268	3
34	868	3081.170470071147	9
34	1009	3509.561944492395	12
34	1015	3523.141399340032	12
34	1043	3609.039043101048	6
34	1046	3621.969690363358	6
34	1068	3702.604528667605	6
34	1221	4281.936901427579	12
34	1260	4445.590230350456	6
34	1273	4486.289239739055	9
34	1325	4726.248019676951	9
34	1326	4732.61683795098	12
34	1438	5089.696860327991	6
34	1474	5207.568496072564	12
34	1498	5283.382533757325	12
34	1505	5303.346033804011	12
34	1514	5334.035461136998	9
34	1544	5441.037961627538	9
34	1577	5549.409949474692	9
34	1614	5674.484005407921	12
34	1637	5747.024479456633	3
34	1646	5772.737966199078	3
34	1668	5854.044160813454	9
34	1777	6236.790180451379	12
34	1833	6453.425656716554	12
34	1844	6514.656472543619	3
34	1847	6521.218034156268	12
34	1888	6658.214459902621	12
34	1926	6783.69572711735	3
34	2004	7023.675778876362	3
34	2081	7236.05758517418	9
34	2088	7250.366443520778	6
34	2170	7569.515033461429	12
34	2187	7660.981465313965	3
34	2192	7675.018444174135	12
34	2353	8211.849830459897	6
34	2400	8409.379627384998	12
34	2410	8449.462932908759	6
34	2426	8514.422707900869	9
34	2452	8651.832967407291	9
34	2474	8732.78236783561	9
34	2508	8863.759558535476	12
34	2509	8864.43227016629	12
34	2519	8892.377712421513	9
34	2521	8896.506249865824	9
34	2525	8907.103877637234	3
34	2551	9007.235162217219	3
34	2560	9044.821523219973	6
34	2683	9540.394894277533	12
34	2696	9587.634350449156	9
34	2755	9785.351493752573	9
34	2795	9920.45364211927	6
34	2829	10037.236711865095	9
34	2840	10081.299298561867	9
34	2920	10372.624737491809	9
34	3030	10795.390489849621	9
34	3031	10808.940013201311	9
34	3062	10972.564268514609	3
34	3099	11096.437496320026	9
34	3105	11124.844313862115	3
34	3215	11412.155747264057	9
34	3218	11429.486084924367	12
34	3219	11430.390268231116	9
34	3372	11886.390366180547	12
34	3413	12071.35314042965	12
34	3488	12417.867325636343	3
34	3540	12581.169666551959	12
34	3544	12595.469125577827	6
34	3641	12887.376201429766	9
34	3706	13071.64584089393	3
34	3741	13180.482810195855	12
34	3773	13285.294674698156	6
34	3785	13321.677352880658	9
34	3788	13331.785240275772	9
34	3791	13336.297365257966	9
34	3807	13392.068900239216	12
34	3836	13487.167176443371	12
34	3883	13617.87225432183	9
34	3904	13664.750807233361	12
34	3987	13947.722595904438	9
34	4006	14001.558628360576	12
34	4047	14126.826430092121	9
34	4068	14183.290958337476	12
34	4074	14203.207229182526	9
34	4093	14262.79318715868	12
34	4100	14285.916481318002	9
34	4121	14362.999341970928	3
34	4279	14826.883609097504	9
34	4295	14883.022459146831	6
34	4364	15023.209278147481	6
34	4399	15119.635261247437	9
34	4486	15334.049499698321	9
34	4505	15384.437940731643	9
34	4508	15387.033617356912	9
34	4568	15554.357839426312	9
34	4575	15570.14485081445	9
34	4595	15623.650750300547	12
34	4649	15853.530375785648	3
34	4755	16270.607465238132	12
34	4777	16358.719207731175	9
34	4804	16465.697925011393	6
34	4806	16474.109532797233	12
34	4821	16520.265028660135	6
34	4851	16618.310467211677	12
34	4866	16655.266250369074	9
34	4888	16730.855199892625	9
34	4896	16749.110521868647	3
34	4898	16749.763017751798	9
34	4971	17012.386019628843	9
34	4981	17048.873766136413	6
34	5150	17595.250253986428	12
34	5157	17620.48503210019	9
34	5162	17637.890192693214	3
34	5177	17678.771388164805	12
34	5224	17877.040406336852	12
34	5267	18023.403051188616	3
34	5300	18137.976404434379	12
34	5330	18248.964875826427	9
34	5335	18275.332154562707	3
34	5394	18492.808959564508	12
34	5410	18546.166362032663	9
34	5427	18600.024792582474	12
34	5526	18975.06305380799	6
34	5625	19345.281237326602	12
34	5631	19356.997843489102	12
34	5652	19461.043095253517	12
34	5672	19549.422630482202	3
34	5741	19799.75105217753	9
34	5746	19816.365070598854	3
34	5800	19976.330012417916	9
35	277	1094.787786962684	3
35	315	1221.143599747383	2
35	323	1252.47870715877	2
35	330	1283.178136897689	2
35	453	1776.569154482253	1
35	463	1813.850488124681	2
35	527	2027.765402662544	2
35	574	2168.67735622868	3
35	632	2325.629616722185	2
35	668	2412.386506773059	1
35	685	2471.170064735629	1
35	704	2515.406447811706	2
35	749	2665.519943520693	2
35	755	2683.859459834451	4
35	795	2805.566512011064	4
35	812	2870.941914153268	1
35	868	3081.170470071147	3
35	1009	3509.561944492395	4
35	1015	3523.141399340032	4
35	1043	3609.039043101048	2
35	1046	3621.969690363358	2
35	1068	3702.604528667605	2
35	1221	4281.936901427579	4
35	1260	4445.590230350456	2
35	1273	4486.289239739055	3
35	1325	4726.248019676951	3
35	1326	4732.61683795098	4
35	1438	5089.696860327991	2
35	1474	5207.568496072564	4
35	1498	5283.382533757325	4
35	1505	5303.346033804011	4
35	1514	5334.035461136998	3
35	1544	5441.037961627538	3
35	1577	5549.409949474692	3
35	1614	5674.484005407921	4
35	1637	5747.024479456633	1
35	1646	5772.737966199078	1
35	1668	5854.044160813454	3
35	1777	6236.790180451379	4
35	1833	6453.425656716554	4
35	1844	6514.656472543619	1
35	1847	6521.218034156268	4
35	1888	6658.214459902621	4
35	1926	6783.69572711735	1
35	2004	7023.675778876362	1
35	2081	7236.05758517418	3
35	2088	7250.366443520778	2
35	2170	7569.515033461429	4
35	2187	7660.981465313965	1
35	2192	7675.018444174135	4
35	2353	8211.849830459897	2
35	2400	8409.379627384998	4
35	2410	8449.462932908759	2
35	2426	8514.422707900869	3
35	2452	8651.832967407291	3
35	2474	8732.78236783561	3
35	2508	8863.759558535476	4
35	2509	8864.43227016629	4
35	2519	8892.377712421513	3
35	2521	8896.506249865824	3
35	2525	8907.103877637234	1
35	2551	9007.235162217219	1
35	2560	9044.821523219973	2
35	2683	9540.394894277533	4
35	2696	9587.634350449156	3
35	2755	9785.351493752573	3
35	2795	9920.45364211927	2
35	2829	10037.236711865095	3
35	2840	10081.299298561867	3
35	2920	10372.624737491809	3
35	3030	10795.390489849621	3
35	3031	10808.940013201311	3
35	3062	10972.564268514609	1
35	3099	11096.437496320026	3
35	3105	11124.844313862115	1
35	3215	11412.155747264057	3
35	3218	11429.486084924367	4
35	3219	11430.390268231116	3
35	3372	11886.390366180547	4
35	3413	12071.35314042965	4
35	3488	12417.867325636343	1
35	3540	12581.169666551959	4
35	3544	12595.469125577827	2
35	3641	12887.376201429766	3
35	3706	13071.64584089393	1
35	3741	13180.482810195855	4
35	3773	13285.294674698156	2
35	3785	13321.677352880658	3
35	3788	13331.785240275772	3
35	3791	13336.297365257966	3
35	3807	13392.068900239216	4
35	3836	13487.167176443371	4
35	3883	13617.87225432183	3
35	3904	13664.750807233361	4
35	3987	13947.722595904438	3
35	4006	14001.558628360576	4
35	4047	14126.826430092121	3
35	4068	14183.290958337476	4
35	4074	14203.207229182526	3
35	4093	14262.79318715868	4
35	4100	14285.916481318002	3
35	4121	14362.999341970928	1
35	4279	14826.883609097504	3
35	4295	14883.022459146831	2
35	4364	15023.209278147481	2
35	4399	15119.635261247437	3
35	4486	15334.049499698321	3
35	4505	15384.437940731643	3
35	4508	15387.033617356912	3
35	4568	15554.357839426312	3
35	4575	15570.14485081445	3
35	4595	15623.650750300547	4
35	4649	15853.530375785648	1
35	4755	16270.607465238132	4
35	4777	16358.719207731175	3
35	4804	16465.697925011393	2
35	4806	16474.109532797233	4
35	4821	16520.265028660135	2
35	4851	16618.310467211677	4
35	4866	16655.266250369074	3
35	4888	16730.855199892625	3
35	4896	16749.110521868647	1
35	4898	16749.763017751798	3
35	4971	17012.386019628843	3
35	4981	17048.873766136413	2
35	5150	17595.250253986428	4
35	5157	17620.48503210019	3
35	5162	17637.890192693214	1
35	5177	17678.771388164805	4
35	5224	17877.040406336852	4
35	5267	18023.403051188616	1
35	5300	18137.976404434379	4
35	5330	18248.964875826427	3
35	5335	18275.332154562707	1
35	5394	18492.808959564508	4
35	5410	18546.166362032663	3
35	5427	18600.024792582474	4
35	5526	18975.06305380799	2
35	5625	19345.281237326602	4
35	5631	19356.997843489102	4
35	5652	19461.043095253517	4
35	5672	19549.422630482202	1
35	5741	19799.75105217753	3
35	5746	19816.365070598854	1
35	5800	19976.330012417916	3

