version 3
run HighLoad_RoundRobin-9-20260125-17:47:19-1409
attr configname HighLoad_RoundRobin
attr datetime 20260125-17:47:19
attr datetimef 20260125-174719
attr experiment HighLoad_RoundRobin
attr inifile simulations/nwsim_project/omnetpp.ini
attr iterationvars ""
attr iterationvarsd ""
attr iterationvarsf ""
attr measurement ""
attr network CrossTraffic
attr processid 1409
attr repetition 9
attr replication #9
attr resultdir results
attr runnumber 9
attr seedset 9
config description "High Load - Round-Robin Mode (100% more traffic)"
config *.Junc*.junctionMode "\"roundrobin\""
config *.EndNW.spawnInterval exponential(400s)
config *.EndNE.spawnInterval exponential(600s)
config *.EndEN.spawnInterval exponential(500s)
config *.EndES.spawnInterval exponential(750s)
config *.EndSE.spawnInterval exponential(450s)
config *.EndSW.spawnInterval exponential(550s)
config *.EndWS.spawnInterval exponential(650s)
config *.EndWN.spawnInterval exponential(700s)
config network CrossTraffic
config sim-time-limit 20000s
config warmup-period 1000s
config repeat 50
config **.scalar-recording true
config **.vector-recording true
config *.Junc*.junctionMode "\"queue\""
config *.EndNW.spawnInterval exponential(800s)
config *.EndNE.spawnInterval exponential(1200s)
config *.EndEN.spawnInterval exponential(1000s)
config *.EndES.spawnInterval exponential(1500s)
config *.EndSE.spawnInterval exponential(900s)
config *.EndSW.spawnInterval exponential(1100s)
config *.EndWS.spawnInterval exponential(1300s)
config *.EndWN.spawnInterval exponential(1400s)

vector 0 CrossTraffic.JuncNW queueLength:vector ETV
attr interpolationmode sample-hold
attr recordingmode vector
attr source queueLength
attr title "Queue Length"
vector 1 CrossTraffic.JuncNW junctionProcessingTime:vector ETV
attr recordingmode vector
attr source junctionProcessingTime
attr title "Junction Processing Time"
vector 2 CrossTraffic.JuncNW vehicleCount:vector ETV
attr recordingmode vector
attr source vehicleCount
attr title "Vehicle Count"
vector 3 CrossTraffic.JuncNE queueLength:vector ETV
attr interpolationmode sample-hold
attr recordingmode vector
attr source queueLength
attr title "Queue Length"
vector 4 CrossTraffic.JuncNE junctionProcessingTime:vector ETV
attr recordingmode vector
attr source junctionProcessingTime
attr title "Junction Processing Time"
vector 5 CrossTraffic.JuncNE vehicleCount:vector ETV
attr recordingmode vector
attr source vehicleCount
attr title "Vehicle Count"
vector 6 CrossTraffic.JuncSE queueLength:vector ETV
attr interpolationmode sample-hold
attr recordingmode vector
attr source queueLength
attr title "Queue Length"
vector 7 CrossTraffic.JuncSE junctionProcessingTime:vector ETV
attr recordingmode vector
attr source junctionProcessingTime
attr title "Junction Processing Time"
vector 8 CrossTraffic.JuncSE vehicleCount:vector ETV
attr recordingmode vector
attr source vehicleCount
attr title "Vehicle Count"
vector 9 CrossTraffic.JuncSW queueLength:vector ETV
attr interpolationmode sample-hold
attr recordingmode vector
attr source queueLength
attr title "Queue Length"
vector 10 CrossTraffic.JuncSW junctionProcessingTime:vector ETV
attr recordingmode vector
attr source junctionProcessingTime
attr title "Junction Processing Time"
vector 11 CrossTraffic.JuncSW vehicleCount:vector ETV
attr recordingmode vector
attr source vehicleCount
attr title "Vehicle Count"
vector 12 CrossTraffic.EndNW travelTime:vector ETV
attr recordingmode vector
attr source travelTime
attr title "Vehicle Travel Time"
vector 13 CrossTraffic.EndNW junctionTime:vector ETV
attr recordingmode vector
attr source junctionTime
attr title "Total Junction Time per Vehicle"
vector 14 CrossTraffic.EndNW junctionCount:vector ETV
attr recordingmode vector
attr source junctionCount
attr title "Junctions Visited per Vehicle"
vector 15 CrossTraffic.EndNE travelTime:vector ETV
attr recordingmode vector
attr source travelTime
attr title "Vehicle Travel Time"
vector 16 CrossTraffic.EndNE junctionTime:vector ETV
attr recordingmode vector
attr source junctionTime
attr title "Total Junction Time per Vehicle"
vector 17 CrossTraffic.EndNE junctionCount:vector ETV
attr recordingmode vector
attr source junctionCount
attr title "Junctions Visited per Vehicle"
vector 18 CrossTraffic.EndEN travelTime:vector ETV
attr recordingmode vector
attr source travelTime
attr title "Vehicle Travel Time"
vector 19 CrossTraffic.EndEN junctionTime:vector ETV
attr recordingmode vector
attr source junctionTime
attr title "Total Junction Time per Vehicle"
vector 20 CrossTraffic.EndEN junctionCount:vector ETV
attr recordingmode vector
attr source junctionCount
attr title "Junctions Visited per Vehicle"
vector 21 CrossTraffic.EndES travelTime:vector ETV
attr recordingmode vector
attr source travelTime
attr title "Vehicle Travel Time"
vector 22 CrossTraffic.EndES junctionTime:vector ETV
attr recordingmode vector
attr source junctionTime
attr title "Total Junction Time per Vehicle"
vector 23 CrossTraffic.EndES junctionCount:vector ETV
attr recordingmode vector
attr source junctionCount
attr title "Junctions Visited per Vehicle"
vector 24 CrossTraffic.EndSE travelTime:vector ETV
attr recordingmode vector
attr source travelTime
attr title "Vehicle Travel Time"
vector 25 CrossTraffic.EndSE junctionTime:vector ETV
attr recordingmode vector
attr source junctionTime
attr title "Total Junction Time per Vehicle"
vector 26 CrossTraffic.EndSE junctionCount:vector ETV
attr recordingmode vector
attr source junctionCount
attr title "Junctions Visited per Vehicle"
vector 27 CrossTraffic.EndSW travelTime:vector ETV
attr recordingmode vector
attr source travelTime
attr title "Vehicle Travel Time"
vector 28 CrossTraffic.EndSW junctionTime:vector ETV
attr recordingmode vector
attr source junctionTime
attr title "Total Junction Time per Vehicle"
vector 29 CrossTraffic.EndSW junctionCount:vector ETV
attr recordingmode vector
attr source junctionCount
attr title "Junctions Visited per Vehicle"
vector 30 CrossTraffic.EndWS travelTime:vector ETV
attr recordingmode vector
attr source travelTime
attr title "Vehicle Travel Time"
vector 31 CrossTraffic.EndWS junctionTime:vector ETV
attr recordingmode vector
attr source junctionTime
attr title "Total Junction Time per Vehicle"
vector 32 CrossTraffic.EndWS junctionCount:vector ETV
attr recordingmode vector
attr source junctionCount
attr title "Junctions Visited per Vehicle"
vector 33 CrossTraffic.EndWN travelTime:vector ETV
attr recordingmode vector
attr source travelTime
attr title "Vehicle Travel Time"
vector 34 CrossTraffic.EndWN junctionTime:vector ETV
attr recordingmode vector
attr source junctionTime
attr title "Total Junction Time per Vehicle"
vector 35 CrossTraffic.EndWN junctionCount:vector ETV
attr recordingmode vector
attr source junctionCount
attr title "Junctions Visited per Vehicle"
0	212	1020	1
0	212	1020	1
0	217	1050	1
0	217	1050	0
0	222	1080	0
0	222	1080	0
0	226	1110	0
0	226	1110	0
0	231	1121.553885110397	1
0	232	1140	1
0	232	1140	0
0	237	1170	0
0	237	1170	0
0	242	1200	0
0	242	1200	0
0	247	1230	0
0	247	1230	0
0	253	1260	0
0	253	1260	0
0	261	1290	0
0	261	1290	0
0	265	1320	0
0	265	1320	0
0	269	1350	0
0	269	1350	0
0	275	1377.083932496271	1
0	276	1380	1
0	276	1380	1
0	282	1410	1
0	282	1410	1
0	286	1440	1
0	286	1440	0
0	291	1470	0
0	291	1470	0
0	296	1500	0
0	296	1500	0
0	301	1530	0
0	301	1530	0
0	307	1560	0
0	307	1560	0
0	311	1590	0
0	311	1590	0
0	315	1620	0
0	315	1620	0
0	321	1650	0
0	321	1650	0
0	326	1680	0
0	326	1680	0
0	331	1710	0
0	331	1710	0
0	336	1740	0
0	336	1740	0
0	341	1770	0
0	341	1770	0
0	346	1800	0
0	346	1800	0
0	351	1830	0
0	351	1830	0
0	357	1860	0
0	357	1860	0
0	361	1890	0
0	361	1890	0
0	366	1900.161525807964	1
0	368	1920	1
0	368	1920	1
0	372	1950	1
0	372	1950	0
0	378	1980	0
0	378	1980	0
0	382	2005.327360684791	1
0	383	2010	1
0	383	2010	0
0	387	2040	0
0	387	2040	0
0	392	2050	1
0	394	2070	1
0	394	2070	0
0	399	2100	0
0	399	2100	0
0	404	2130	0
0	404	2130	0
0	408	2160	0
0	408	2160	0
0	413	2190	0
0	413	2190	0
0	418	2220	0
0	418	2220	0
0	424	2250	0
0	424	2250	0
0	429	2280	0
0	429	2280	0
0	434	2310	0
0	434	2310	0
0	440	2340	0
0	440	2340	0
0	445	2370	0
0	445	2370	0
0	450	2400	0
0	450	2400	0
0	454	2430	0
0	454	2430	0
0	462	2460	0
0	462	2460	0
0	469	2490	0
0	469	2490	0
0	474	2520	0
0	474	2520	0
0	480	2547.260710001022	1
0	481	2550	1
0	481	2550	0
0	487	2580	0
0	487	2580	0
0	493	2601.436334683148	1
0	494	2610	1
0	494	2610	1
0	498	2640	1
0	498	2640	0
0	504	2650	1
0	505	2670	1
0	505	2670	0
0	511	2700	0
0	511	2700	0
0	515	2730	0
0	515	2730	0
0	520	2760	0
0	520	2760	0
0	525	2790	0
0	525	2790	0
0	532	2820	0
0	532	2820	0
0	538	2850	0
0	538	2850	0
0	543	2880	0
0	543	2880	0
0	549	2910	0
0	549	2910	0
0	555	2940	0
0	555	2940	0
0	559	2970	0
0	559	2970	0
0	564	3000	0
0	564	3000	0
0	569	3030	0
0	569	3030	0
0	576	3060	0
0	576	3060	0
0	581	3090	0
0	581	3090	0
0	586	3120	0
0	586	3120	0
0	593	3140.5002328444	1
0	594	3150	1
0	594	3150	1
0	598	3180	1
0	598	3180	1
0	603	3210	1
0	603	3210	0
0	609	3240	0
0	609	3240	0
0	613	3270	0
0	613	3270	0
0	618	3300	0
0	618	3300	0
0	623	3330	0
0	623	3330	0
0	627	3360	0
0	627	3360	0
0	631	3390	0
0	631	3390	0
0	637	3420	0
0	637	3420	0
0	642	3450	0
0	642	3450	0
0	646	3480	0
0	646	3480	0
0	652	3510	0
0	652	3510	0
0	656	3518.185356742856	1
0	658	3540	1
0	658	3540	1
0	663	3570	1
0	663	3570	1
0	667	3600	1
0	667	3600	0
0	672	3630	0
0	672	3630	0
0	679	3660	0
0	679	3660	0
0	684	3690	0
0	684	3690	0
0	689	3720	0
0	689	3720	0
0	695	3750	0
0	695	3750	0
0	703	3765.919319938637	1
0	704	3780	1
0	704	3780	1
0	709	3810	1
0	709	3810	1
0	714	3836.903579795934	2
0	715	3840	2
0	715	3840	0
0	719	3851.88238858317	1
0	721	3870	1
0	721	3870	1
0	727	3896.646514177662	2
0	728	3900	2
0	728	3900	2
0	733	3930	2
0	733	3930	1
0	739	3960	1
0	739	3960	0
0	743	3990	0
0	743	3990	0
0	748	4020	0
0	748	4020	0
0	755	4050	0
0	755	4050	0
0	763	4080	0
0	763	4080	0
0	768	4110	0
0	768	4110	0
0	772	4140	0
0	772	4140	0
0	776	4156.578829699815	1
0	777	4161.692504977556	2
0	779	4170	2
0	779	4170	1
0	786	4200	1
0	786	4200	0
0	791	4230	0
0	791	4230	0
0	795	4260	0
0	795	4260	0
0	802	4290	0
0	802	4290	0
0	809	4320	0
0	809	4320	0
0	815	4350	0
0	815	4350	0
0	819	4380	0
0	819	4380	0
0	823	4410	0
0	823	4410	0
0	829	4440	0
0	829	4440	0
0	836	4470	0
0	836	4470	0
0	841	4500	0
0	841	4500	0
0	847	4530	0
0	847	4530	0
0	853	4560	0
0	853	4560	0
0	858	4590	0
0	858	4590	0
0	863	4620	0
0	863	4620	0
0	869	4650	0
0	869	4650	0
0	874	4680	0
0	874	4680	0
0	880	4710	0
0	880	4710	0
0	884	4740	0
0	884	4740	0
0	890	4770	0
0	890	4770	0
0	894	4800	0
0	894	4800	0
0	902	4830	0
0	902	4830	0
0	907	4860	0
0	907	4860	0
0	912	4890	0
0	912	4890	0
0	918	4904.236935623687	1
0	921	4920	1
0	921	4920	0
0	925	4950	0
0	925	4950	0
0	934	4980	0
0	934	4980	0
0	938	4994.097852929692	1
0	939	5001.90195870811	2
0	941	5010	2
0	941	5010	1
0	946	5040	1
0	946	5040	0
0	951	5070	0
0	951	5070	0
0	960	5100	0
0	960	5100	0
0	967	5130	0
0	967	5130	0
0	972	5160	0
0	972	5160	0
0	978	5190	0
0	978	5190	0
0	982	5200	1
0	983	5216.987972786987	2
0	984	5220	2
0	984	5220	1
0	990	5250	1
0	990	5250	1
0	997	5280	1
0	997	5280	0
0	1001	5310	0
0	1001	5310	0
0	1009	5340	0
0	1009	5340	0
0	1013	5361.164007376612	1
0	1014	5370	1
0	1014	5370	1
0	1023	5400	1
0	1023	5400	0
0	1028	5430	0
0	1028	5430	0
0	1034	5460	0
0	1034	5460	0
0	1042	5490	0
0	1042	5490	0
0	1049	5520	0
0	1049	5520	0
0	1057	5550	0
0	1057	5550	0
0	1062	5580	0
0	1062	5580	0
0	1067	5610	0
0	1067	5610	0
0	1072	5620	1
0	1076	5640	1
0	1076	5640	1
0	1082	5660.894127314673	2
0	1083	5670	2
0	1083	5670	0
0	1088	5680	1
0	1090	5700	1
0	1090	5700	0
0	1094	5730	0
0	1094	5730	0
0	1101	5760	0
0	1101	5760	0
0	1107	5770	1
0	1109	5790	1
0	1109	5790	0
0	1119	5820	0
0	1119	5820	0
0	1126	5850	0
0	1126	5850	0
0	1131	5880	0
0	1131	5880	0
0	1141	5908.264568489937	1
0	1142	5910	1
0	1142	5910	1
0	1148	5929.495192095355	2
0	1149	5940	2
0	1149	5940	2
0	1154	5970	2
0	1154	5970	0
0	1161	6000	0
0	1161	6000	0
0	1166	6030	0
0	1166	6030	0
0	1170	6040	1
0	1171	6060	1
0	1171	6060	0
0	1178	6090	0
0	1178	6090	0
0	1184	6120	0
0	1184	6120	0
0	1188	6130	1
0	1190	6150	1
0	1190	6150	0
0	1197	6180	0
0	1197	6180	0
0	1202	6210	0
0	1202	6210	0
0	1210	6240	0
0	1210	6240	0
0	1216	6270	0
0	1216	6270	0
0	1222	6300	0
0	1222	6300	0
0	1226	6330	0
0	1226	6330	0
0	1233	6360	0
0	1233	6360	0
0	1238	6390	0
0	1238	6390	0
0	1242	6420	0
0	1242	6420	0
0	1248	6450	0
0	1248	6450	0
0	1253	6480	0
0	1253	6480	0
0	1258	6510	0
0	1258	6510	0
0	1263	6540	0
0	1263	6540	0
0	1267	6570	0
0	1267	6570	0
0	1272	6600	0
0	1272	6600	0
0	1277	6630	0
0	1277	6630	0
0	1282	6660	0
0	1282	6660	0
0	1289	6690	0
0	1289	6690	0
0	1293	6720	0
0	1293	6720	0
0	1299	6750	0
0	1299	6750	0
0	1303	6774.573959299935	1
0	1304	6780	1
0	1304	6780	1
0	1310	6810	1
0	1310	6810	1
0	1314	6840	1
0	1314	6840	0
0	1319	6870	0
0	1319	6870	0
0	1324	6900	0
0	1324	6900	0
0	1330	6930	0
0	1330	6930	0
0	1336	6960	0
0	1336	6960	0
0	1341	6990	0
0	1341	6990	0
0	1348	7020	0
0	1348	7020	0
0	1352	7050	0
0	1352	7050	0
0	1358	7080	0
0	1358	7080	0
0	1362	7110	0
0	1362	7110	0
0	1367	7140	0
0	1367	7140	0
0	1373	7170	0
0	1373	7170	0
0	1378	7200	0
0	1378	7200	0
0	1383	7230	0
0	1383	7230	0
0	1390	7260	0
0	1390	7260	0
0	1394	7290	0
0	1394	7290	0
0	1400	7320	0
0	1400	7320	0
0	1407	7350	0
0	1407	7350	0
0	1411	7380	0
0	1411	7380	0
0	1416	7410	0
0	1416	7410	0
0	1421	7440	0
0	1421	7440	0
0	1427	7470	0
0	1427	7470	0
0	1432	7500	0
0	1432	7500	0
0	1437	7530	0
0	1437	7530	0
0	1444	7560	0
0	1444	7560	0
0	1449	7590	0
0	1449	7590	0
0	1454	7620	0
0	1454	7620	0
0	1460	7650	0
0	1460	7650	0
0	1466	7680	0
0	1466	7680	0
0	1471	7710	0
0	1471	7710	0
0	1477	7740	0
0	1477	7740	0
0	1481	7770	0
0	1481	7770	0
0	1487	7800	0
0	1487	7800	0
0	1494	7830	0
0	1494	7830	0
0	1499	7860	0
0	1499	7860	0
0	1503	7890	0
0	1503	7890	0
0	1509	7920	0
0	1509	7920	0
0	1513	7950	0
0	1513	7950	0
0	1520	7980	0
0	1520	7980	0
0	1526	8010	0
0	1526	8010	0
0	1530	8040	0
0	1530	8040	0
0	1534	8050	1
0	1535	8070	1
0	1535	8070	0
0	1540	8100	0
0	1540	8100	0
0	1547	8130	0
0	1547	8130	0
0	1552	8160	0
0	1552	8160	0
0	1559	8190	0
0	1559	8190	0
0	1563	8220	0
0	1563	8220	0
0	1568	8250	0
0	1568	8250	0
0	1573	8279.368279072235	1
0	1574	8280	1
0	1574	8280	0
0	1580	8310	0
0	1580	8310	0
0	1585	8340	0
0	1585	8340	0
0	1590	8370	0
0	1590	8370	0
0	1595	8400	0
0	1595	8400	0
0	1600	8430	0
0	1600	8430	0
0	1605	8460	0
0	1605	8460	0
0	1610	8490	0
0	1610	8490	0
0	1615	8520	0
0	1615	8520	0
0	1621	8550	0
0	1621	8550	0
0	1626	8580	0
0	1626	8580	0
0	1630	8610	0
0	1630	8610	0
0	1635	8622.083425070377	1
0	1636	8640	1
0	1636	8640	0
0	1641	8670	0
0	1641	8670	0
0	1646	8700	0
0	1646	8700	0
0	1652	8730	0
0	1652	8730	0
0	1657	8760	0
0	1657	8760	0
0	1662	8790	0
0	1662	8790	0
0	1667	8820	0
0	1667	8820	0
0	1672	8850	0
0	1672	8850	0
0	1678	8880	0
0	1678	8880	0
0	1684	8910	0
0	1684	8910	0
0	1690	8940	0
0	1690	8940	0
0	1694	8970	0
0	1694	8970	0
0	1700	9000	0
0	1700	9000	0
0	1704	9026.468934417113	1
0	1705	9030	1
0	1705	9030	0
0	1709	9060	0
0	1709	9060	0
0	1714	9090	0
0	1714	9090	0
0	1720	9120	0
0	1720	9120	0
0	1725	9150	0
0	1725	9150	0
0	1730	9180	0
0	1730	9180	0
0	1736	9210	0
0	1736	9210	0
0	1743	9240	0
0	1743	9240	0
0	1748	9270	0
0	1748	9270	0
0	1752	9294.615237992575	1
0	1753	9300	1
0	1753	9300	1
0	1758	9330	1
0	1758	9330	1
0	1764	9360	1
0	1764	9360	0
0	1770	9390	0
0	1770	9390	0
0	1774	9419.218037819384	1
0	1775	9420	1
0	1775	9420	1
0	1780	9432.544858674642	2
0	1781	9450	2
0	1781	9450	2
0	1788	9480	2
0	1788	9480	0
0	1793	9510	0
0	1793	9510	0
0	1797	9540	0
0	1797	9540	0
0	1803	9570	0
0	1803	9570	0
0	1810	9600	0
0	1810	9600	0
0	1814	9630	0
0	1814	9630	0
0	1819	9660	0
0	1819	9660	0
0	1824	9690	0
0	1824	9690	0
0	1829	9720	0
0	1829	9720	0
0	1833	9730	1
0	1835	9750	1
0	1835	9750	0
0	1839	9780	0
0	1839	9780	0
0	1845	9810	0
0	1845	9810	0
0	1849	9840	0
0	1849	9840	0
0	1857	9870	0
0	1857	9870	0
0	1862	9900	0
0	1862	9900	0
0	1866	9930	0
0	1866	9930	0
0	1870	9940.283858551098	1
0	1875	9960	1
0	1875	9960	1
0	1879	9990	1
0	1879	9990	0
0	1884	10020	0
0	1884	10020	0
0	1891	10050	0
0	1891	10050	0
0	1895	10080	0
0	1895	10080	0
0	1901	10110	0
0	1901	10110	0
0	1908	10140	0
0	1908	10140	0
0	1914	10170	0
0	1914	10170	0
0	1919	10200	0
0	1919	10200	0
0	1923	10230	0
0	1923	10230	0
0	1930	10260	0
0	1930	10260	0
0	1934	10290	0
0	1934	10290	0
0	1939	10320	0
0	1939	10320	0
0	1944	10350	0
0	1944	10350	0
0	1949	10380	0
0	1949	10380	0
0	1954	10410	0
0	1954	10410	0
0	1958	10440	0
0	1958	10440	0
0	1965	10470	0
0	1965	10470	0
0	1969	10500	0
0	1969	10500	0
0	1973	10530	0
0	1973	10530	0
0	1978	10560	0
0	1978	10560	0
0	1982	10564.19175021604	1
0	1983	10590	1
0	1983	10590	1
0	1988	10620	1
0	1988	10620	1
0	1992	10650	1
0	1992	10650	0
0	1996	10680	0
0	1996	10680	0
0	2000	10701.810666573551	1
0	2001	10710	1
0	2001	10710	1
0	2006	10740	1
0	2006	10740	1
0	2011	10770	1
0	2011	10770	0
0	2015	10800	0
0	2015	10800	0
0	2021	10830	0
0	2021	10830	0
0	2027	10860	0
0	2027	10860	0
0	2032	10890	0
0	2032	10890	0
0	2037	10908.839341662616	1
0	2038	10920	1
0	2038	10920	0
0	2044	10950	0
0	2044	10950	0
0	2049	10980	0
0	2049	10980	0
0	2054	11010	0
0	2054	11010	0
0	2060	11040	0
0	2060	11040	0
0	2065	11043.787039038532	1
0	2067	11070	1
0	2067	11070	0
0	2072	11100	0
0	2072	11100	0
0	2077	11130	0
0	2077	11130	0
0	2082	11158.015032764685	1
0	2083	11160	1
0	2083	11160	0
0	2088	11170	1
0	2089	11190	1
0	2089	11190	0
0	2095	11220	0
0	2095	11220	0
0	2100	11250	0
0	2100	11250	0
0	2105	11280	0
0	2105	11280	0
0	2110	11308.579201474685	1
0	2111	11310	1
0	2111	11310	1
0	2118	11340	1
0	2118	11340	1
0	2122	11370	1
0	2122	11370	0
0	2126	11400	0
0	2126	11400	0
0	2130	11430	0
0	2130	11430	0
0	2136	11460	0
0	2136	11460	0
0	2141	11490	0
0	2141	11490	0
0	2146	11520	0
0	2146	11520	0
0	2151	11550	0
0	2151	11550	0
0	2156	11580	0
0	2156	11580	0
0	2161	11610	0
0	2161	11610	0
0	2168	11640	0
0	2168	11640	0
0	2174	11670	0
0	2174	11670	0
0	2180	11700	0
0	2180	11700	0
0	2185	11730	0
0	2185	11730	0
0	2191	11760	0
0	2191	11760	0
0	2200	11790	0
0	2200	11790	0
0	2205	11820	0
0	2205	11820	0
0	2211	11850	0
0	2211	11850	0
0	2215	11860	1
0	2218	11880	1
0	2218	11880	1
0	2222	11910	1
0	2222	11910	0
0	2229	11925.645754302108	1
0	2230	11934.129240546471	2
0	2231	11940	2
0	2231	11940	2
0	2237	11970	2
0	2237	11970	2
0	2241	12000	2
0	2241	12000	0
0	2247	12030	0
0	2247	12030	0
0	2251	12060	0
0	2251	12060	0
0	2258	12090	0
0	2258	12090	0
0	2264	12120	0
0	2264	12120	0
0	2268	12150	0
0	2268	12150	0
0	2273	12180	0
0	2273	12180	0
0	2278	12210	0
0	2278	12210	0
0	2284	12240	0
0	2284	12240	0
0	2288	12270	0
0	2288	12270	0
0	2294	12300	0
0	2294	12300	0
0	2299	12330	0
0	2299	12330	0
0	2303	12340	1
0	2304	12360	1
0	2304	12360	1
0	2309	12390	1
0	2309	12390	0
0	2314	12420	0
0	2314	12420	0
0	2318	12450	0
0	2318	12450	0
0	2323	12480	0
0	2323	12480	0
0	2328	12510	0
0	2328	12510	0
0	2334	12540	0
0	2334	12540	0
0	2339	12570	0
0	2339	12570	0
0	2343	12580	1
0	2344	12600	1
0	2344	12600	1
0	2350	12630	1
0	2350	12630	0
0	2355	12660	0
0	2355	12660	0
0	2359	12690	0
0	2359	12690	0
0	2363	12720	0
0	2363	12720	0
0	2369	12730	1
0	2370	12750	1
0	2370	12750	0
0	2375	12780	0
0	2375	12780	0
0	2379	12810	0
0	2379	12810	0
0	2384	12820	1
0	2386	12840	1
0	2386	12840	1
0	2392	12870	1
0	2392	12870	0
0	2397	12900	0
0	2397	12900	0
0	2402	12910.015734403467	1
0	2403	12930	1
0	2403	12930	0
0	2409	12960	0
0	2409	12960	0
0	2414	12970	1
0	2416	12990	1
0	2416	12990	0
0	2421	13020	0
0	2421	13020	0
0	2429	13050	0
0	2429	13050	0
0	2435	13080	0
0	2435	13080	0
0	2441	13110	0
0	2441	13110	0
0	2448	13140	0
0	2448	13140	0
0	2453	13170	0
0	2453	13170	0
0	2459	13200	0
0	2459	13200	0
0	2463	13207.277737471126	1
0	2464	13230	1
0	2464	13230	1
0	2470	13260	1
0	2470	13260	1
0	2477	13290	1
0	2477	13290	0
0	2482	13320	0
0	2482	13320	0
0	2487	13350	0
0	2487	13350	0
0	2492	13380	0
0	2492	13380	0
0	2498	13410	0
0	2498	13410	0
0	2502	13410.091635335544	1
0	2503	13440	1
0	2503	13440	0
0	2507	13470	0
0	2507	13470	0
0	2512	13500	0
0	2512	13500	0
0	2517	13530	0
0	2517	13530	0
0	2522	13560	0
0	2522	13560	0
0	2526	13590	0
0	2526	13590	0
0	2530	13620	0
0	2530	13620	0
0	2535	13650	0
0	2535	13650	0
0	2540	13680	0
0	2540	13680	0
0	2544	13710	0
0	2544	13710	0
0	2548	13740	0
0	2548	13740	0
0	2553	13770	0
0	2553	13770	0
0	2558	13800	0
0	2558	13800	0
0	2562	13810	1
0	2563	13830	1
0	2563	13830	0
0	2567	13860	0
0	2567	13860	0
0	2572	13890	0
0	2572	13890	0
0	2576	13920	0
0	2576	13920	0
0	2581	13950	0
0	2581	13950	0
0	2585	13980	0
0	2585	13980	0
0	2591	14010	0
0	2591	14010	0
0	2597	14040	0
0	2597	14040	0
0	2601	14070	0
0	2601	14070	0
0	2606	14100	0
0	2606	14100	0
0	2612	14130	0
0	2612	14130	0
0	2617	14160	0
0	2617	14160	0
0	2621	14190	0
0	2621	14190	0
0	2627	14220	0
0	2627	14220	0
0	2631	14250	0
0	2631	14250	0
0	2635	14260	1
0	2637	14280	1
0	2637	14280	1
0	2644	14310	1
0	2644	14310	0
0	2649	14340	0
0	2649	14340	0
0	2654	14361.350771245803	1
0	2655	14370	1
0	2655	14370	0
0	2661	14400	0
0	2661	14400	0
0	2668	14430	0
0	2668	14430	0
0	2674	14460	0
0	2674	14460	0
0	2679	14490	0
0	2679	14490	0
0	2687	14520	0
0	2687	14520	0
0	2692	14550	0
0	2692	14550	0
0	2698	14580	0
0	2698	14580	0
0	2704	14610	0
0	2704	14610	0
0	2711	14640	0
0	2711	14640	0
0	2716	14670	0
0	2716	14670	0
0	2722	14700	0
0	2722	14700	0
0	2728	14730	0
0	2728	14730	0
0	2734	14760	0
0	2734	14760	0
0	2738	14790	0
0	2738	14790	0
0	2744	14820	0
0	2744	14820	0
0	2750	14850	0
0	2750	14850	0
0	2755	14880	0
0	2755	14880	0
0	2762	14910	0
0	2762	14910	0
0	2767	14940	0
0	2767	14940	0
0	2772	14965.616938965238	1
0	2773	14970	1
0	2773	14970	0
0	2777	15000	0
0	2777	15000	0
0	2783	15030	0
0	2783	15030	0
0	2787	15040	1
0	2789	15060	1
0	2789	15060	0
0	2795	15090	0
0	2795	15090	0
0	2801	15120	0
0	2801	15120	0
0	2805	15130	1
0	2806	15150	1
0	2806	15150	0
0	2813	15180	0
0	2813	15180	0
0	2818	15204.471260325912	1
0	2819	15210	1
0	2819	15210	0
0	2824	15240	0
0	2824	15240	0
0	2831	15270	0
0	2831	15270	0
0	2838	15300	0
0	2838	15300	0
0	2843	15330	0
0	2843	15330	0
0	2847	15360	0
0	2847	15360	0
0	2852	15370	1
0	2854	15390	1
0	2854	15390	0
0	2859	15420	0
0	2859	15420	0
0	2866	15450	0
0	2866	15450	0
0	2870	15480	0
0	2870	15480	0
0	2879	15510	0
0	2879	15510	0
0	2884	15540	0
0	2884	15540	0
0	2889	15570	0
0	2889	15570	0
0	2895	15600	0
0	2895	15600	0
0	2900	15630	0
0	2900	15630	0
0	2904	15660	0
0	2904	15660	0
0	2910	15690	0
0	2910	15690	0
0	2914	15720	0
0	2914	15720	0
0	2918	15750	0
0	2918	15750	0
0	2923	15780	0
0	2923	15780	0
0	2930	15810	0
0	2930	15810	0
0	2936	15840	0
0	2936	15840	0
0	2941	15870	0
0	2941	15870	0
0	2945	15900	0
0	2945	15900	0
0	2952	15930	0
0	2952	15930	0
0	2957	15960	0
0	2957	15960	0
0	2962	15990	0
0	2962	15990	0
0	2966	16020	0
0	2966	16020	0
0	2972	16050	0
0	2972	16050	0
0	2976	16059.590788254192	1
0	2978	16080	1
0	2978	16080	0
0	2984	16090	1
0	2986	16110	1
0	2986	16110	0
0	2993	16140	0
0	2993	16140	0
0	2998	16170	0
0	2998	16170	0
0	3005	16186.684097164408	1
0	3007	16200	1
0	3007	16200	1
0	3015	16230	1
0	3015	16230	0
0	3021	16260	0
0	3021	16260	0
0	3028	16290	0
0	3028	16290	0
0	3037	16320	0
0	3037	16320	0
0	3045	16350	0
0	3045	16350	0
0	3051	16380	0
0	3051	16380	0
0	3058	16410	0
0	3058	16410	0
0	3064	16440	0
0	3064	16440	0
0	3072	16470	0
0	3072	16470	0
0	3079	16500	0
0	3079	16500	0
0	3085	16530	0
0	3085	16530	0
0	3089	16540	1
0	3092	16560	1
0	3092	16560	1
0	3097	16590	1
0	3097	16590	0
0	3103	16600	1
0	3105	16620	1
0	3105	16620	0
0	3109	16650	0
0	3109	16650	0
0	3114	16680	0
0	3114	16680	0
0	3121	16710	0
0	3121	16710	0
0	3127	16740	0
0	3127	16740	0
0	3131	16770	0
0	3131	16770	0
0	3136	16800	0
0	3136	16800	0
0	3140	16830	0
0	3140	16830	0
0	3145	16860	0
0	3145	16860	0
0	3151	16890	0
0	3151	16890	0
0	3155	16920	0
0	3155	16920	0
0	3159	16950	0
0	3159	16950	0
0	3167	16980	0
0	3167	16980	0
0	3174	17010	0
0	3174	17010	0
0	3179	17040	0
0	3179	17040	0
0	3187	17070	0
0	3187	17070	0
0	3191	17075.185782934879	1
0	3195	17100	1
0	3195	17100	1
0	3199	17101.705416701298	2
0	3200	17109.595205228616	3
0	3202	17130	3
0	3202	17130	1
0	3209	17160	1
0	3209	17160	0
0	3215	17190	0
0	3215	17190	0
0	3222	17220	0
0	3222	17220	0
0	3230	17250	0
0	3230	17250	0
0	3240	17280	0
0	3240	17280	0
0	3246	17310	0
0	3246	17310	0
0	3251	17340	0
0	3251	17340	0
0	3256	17370	0
0	3256	17370	0
0	3260	17374.445847923553	1
0	3265	17400	1
0	3265	17400	0
0	3270	17410	1
0	3271	17430	1
0	3271	17430	0
0	3277	17460	0
0	3277	17460	0
0	3284	17490	0
0	3284	17490	0
0	3289	17520	0
0	3289	17520	0
0	3295	17550	0
0	3295	17550	0
0	3302	17580	0
0	3302	17580	0
0	3308	17610	0
0	3308	17610	0
0	3313	17640	0
0	3313	17640	0
0	3318	17670	0
0	3318	17670	0
0	3327	17700	0
0	3327	17700	0
0	3331	17730	0
0	3331	17730	0
0	3336	17760	0
0	3336	17760	0
0	3342	17790	0
0	3342	17790	0
0	3349	17820	0
0	3349	17820	0
0	3353	17850	0
0	3353	17850	0
0	3359	17880	0
0	3359	17880	0
0	3365	17910	0
0	3365	17910	0
0	3371	17940	0
0	3371	17940	0
0	3378	17970	0
0	3378	17970	0
0	3382	18000	0
0	3382	18000	0
0	3386	18030	0
0	3386	18030	0
0	3392	18058.30878005958	1
0	3393	18060	1
0	3393	18060	1
0	3398	18090	1
0	3398	18090	1
0	3402	18100	2
0	3404	18120	2
0	3404	18120	1
0	3410	18150	1
0	3410	18150	0
0	3416	18180	0
0	3416	18180	0
0	3421	18210	0
0	3421	18210	0
0	3425	18214.268571239017	1
0	3429	18240	1
0	3429	18240	0
0	3436	18270	0
0	3436	18270	0
0	3443	18300	0
0	3443	18300	0
0	3449	18330	0
0	3449	18330	0
0	3454	18340	1
0	3455	18340.660663935923	2
0	3457	18360	2
0	3457	18360	1
0	3463	18372.261777400915	2
0	3464	18390	2
0	3464	18390	1
0	3470	18420	1
0	3470	18420	1
0	3476	18450	1
0	3476	18450	0
0	3483	18480	0
0	3483	18480	0
0	3491	18510	0
0	3491	18510	0
0	3496	18540	0
0	3496	18540	0
0	3504	18570	0
0	3504	18570	0
0	3510	18600	0
0	3510	18600	0
0	3516	18630	0
0	3516	18630	0
0	3522	18660	0
0	3522	18660	0
0	3527	18690	0
0	3527	18690	0
0	3533	18720	0
0	3533	18720	0
0	3538	18734.085893788628	1
0	3540	18750	1
0	3540	18750	1
0	3545	18780	1
0	3545	18780	1
0	3552	18810	1
0	3552	18810	0
0	3558	18840	0
0	3558	18840	0
0	3562	18842.69026115143	1
0	3565	18870	1
0	3565	18870	1
0	3570	18900	1
0	3570	18900	1
0	3574	18905.90817336411	2
0	3577	18930	2
0	3577	18930	0
0	3583	18960	0
0	3583	18960	0
0	3587	18990	0
0	3587	18990	0
0	3591	18990.774478823044	1
0	3593	19020	1
0	3593	19020	1
0	3600	19050	1
0	3600	19050	1
0	3604	19080	1
0	3604	19080	0
0	3609	19110	0
0	3609	19110	0
0	3613	19140	0
0	3613	19140	0
0	3618	19170	0
0	3618	19170	0
0	3625	19200	0
0	3625	19200	0
0	3629	19230	0
0	3629	19230	0
0	3633	19260	0
0	3633	19260	0
0	3639	19290	0
0	3639	19290	0
0	3644	19320	0
0	3644	19320	0
0	3648	19350	0
0	3648	19350	0
0	3652	19374.789429706241	1
0	3653	19380	1
0	3653	19380	1
0	3658	19410	1
0	3658	19410	1
0	3662	19440	1
0	3662	19440	0
0	3667	19470	0
0	3667	19470	0
0	3671	19500	0
0	3671	19500	0
0	3676	19530	0
0	3676	19530	0
0	3682	19560	0
0	3682	19560	0
0	3688	19590	0
0	3688	19590	0
0	3693	19620	0
0	3693	19620	0
0	3700	19650	0
0	3700	19650	0
0	3706	19680	0
0	3706	19680	0
0	3710	19710	0
0	3710	19710	0
0	3718	19740	0
0	3718	19740	0
0	3722	19740.971021187225	1
0	3723	19770	1
0	3723	19770	1
0	3728	19800	1
0	3728	19800	0
0	3734	19830	0
0	3734	19830	0
0	3739	19860	0
0	3739	19860	0
0	3745	19890	0
0	3745	19890	0
0	3751	19920	0
0	3751	19920	0
0	3757	19950	0
0	3757	19950	0
0	3767	19980	0
0	3767	19980	0
1	217	1050	58.446262581881
1	232	1140	18.446114889603
1	274	1360	0
1	286	1440	62.916067503729
1	372	1950	49.838474192036
1	377	1960	0
1	383	2010	4.672639315209
1	394	2070	20
1	466	2470	0
1	479	2541.03360852588	0
1	481	2550	2.739289998978
1	491	2581.17287506432	0
1	498	2640	38.563665316852
1	505	2670	20
1	585	3112.322254589122	0
1	603	3210	69.4997671556
1	635	3400	0
1	667	3600	81.814643257144
1	715	3840	74.080680061363
1	715	3840	3.096420204066
1	733	3930	78.11761141683
1	739	3960	63.353485822338
1	779	4170	13.421170300185
1	786	4200	38.307495022444
1	888	4750	0
1	899	4807.787258963202	0
1	921	4920	15.763064376313
1	941	5010	15.902147070308
1	946	5040	38.09804129189
1	984	5220	20
1	989	5230	0
1	997	5280	63.012027213013
1	1023	5400	38.835992623388
1	1083	5670	50
1	1083	5670	9.105872685327
1	1090	5700	20
1	1109	5790	20
1	1114	5800	0
1	1154	5970	61.735431510063
1	1154	5970	40.504807904645
1	1171	6060	20
1	1190	6150	20
1	1209	6235.859998296584	0
1	1314	6840	65.426040700065
1	1406	7346.061519610494	0
1	1535	8070	20
1	1574	8280	0.631720927765
1	1604	8440	0
1	1636	8640	17.916574929623
1	1661	8769.573383114291	0
1	1699	8993.548424350949	0
1	1705	9030	3.531065582887
1	1764	9360	65.384762007425
1	1788	9480	60.781962180616
1	1788	9480	47.455141325358
1	1835	9750	20
1	1879	9990	49.716141448902
1	1948	10360	0
1	1992	10650	85.80824978396
1	2011	10770	68.189333426449
1	2038	10920	11.160658337384
1	2067	11070	26.212960961468
1	2083	11160	1.984967235315
1	2089	11190	20
1	2122	11370	61.420798525315
1	2178	11680	0
1	2222	11910	50
1	2236	11966.385154846503	0
1	2241	12000	74.354245697892
1	2241	12000	65.870759453529
1	2309	12390	50
1	2350	12630	50
1	2370	12750	20
1	2392	12870	50
1	2401	12910	0
1	2403	12930	19.984265596533
1	2415	12978.410080864784	0
1	2416	12990	20
1	2474	13261.404488733894	0
1	2477	13290	82.722262528874
1	2503	13440	29.908364664456
1	2563	13830	20
1	2644	14310	50
1	2655	14370	8.649228754197
1	2666	14405.796108135301	0
1	2672	14440	0
1	2683	14492.224702489209	0
1	2703	14599.794484341236	0
1	2773	14970	4.383061034762
1	2789	15060	20
1	2806	15150	20
1	2819	15210	5.528739674088
1	2854	15390	20
1	2858	15400	0
1	2971	16030	0
1	2978	16080	20.409211745808
1	2986	16110	20
1	2991	16128.354264156086	0
1	3013	16219.857748286815	0
1	3015	16230	43.315902835592
1	3071	16459.86893216968	0
1	3078	16486.651252638968	0
1	3097	16590	50
1	3102	16600	0
1	3105	16620	20
1	3185	17060.304729362239	0
1	3202	17130	28.294583298702
1	3202	17130	20.404794771384
1	3206	17144.690113247341	0
1	3209	17160	84.814217065121
1	3214	17164.039282715637	0
1	3255	17350	0
1	3265	17400	25.554152076447
1	3271	17430	20
1	3347	17800	0
1	3404	18120	61.69121994042
1	3410	18150	50
1	3429	18240	25.731428760983
1	3457	18360	19.339336064077
1	3464	18390	50
1	3476	18450	77.738222599085
1	3482	18469.892790101904	0
1	3544	18760	0
1	3552	18810	75.914106211372
1	3577	18930	87.30973884857
1	3577	18930	24.09182663589
1	3604	19080	89.225521176956
1	3662	19440	65.210570293759
1	3728	19800	59.028978812775
1	3733	19828.592067304055	0
2	217	1050	2764
2	232	1140	2765
2	274	1360	2766
2	286	1440	2769
2	372	1950	2772
2	377	1960	2771
2	383	2010	2775
2	394	2070	2773
2	466	2470	2776
2	479	2541.03360852588	2782
2	481	2550	2779
2	491	2581.17287506432	2780
2	498	2640	2783
2	505	2670	2781
2	585	3112.322254589122	2788
2	603	3210	2790
2	635	3400	2789
2	667	3600	2791
2	715	3840	2796
2	715	3840	2797
2	733	3930	2798
2	739	3960	2799
2	779	4170	2800
2	786	4200	2801
2	888	4750	2807
2	899	4807.787258963202	2810
2	921	4920	2811
2	941	5010	2813
2	946	5040	2814
2	984	5220	2815
2	989	5230	2818
2	997	5280	2820
2	1023	5400	2821
2	1083	5670	2822
2	1083	5670	2827
2	1090	5700	2825
2	1109	5790	2828
2	1114	5800	2826
2	1154	5970	2833
2	1154	5970	2835
2	1171	6060	2834
2	1190	6150	2839
2	1209	6235.859998296584	2841
2	1314	6840	2846
2	1406	7346.061519610494	2852
2	1535	8070	2859
2	1574	8280	2864
2	1604	8440	2862
2	1636	8640	2866
2	1661	8769.573383114291	2868
2	1699	8993.548424350949	2871
2	1705	9030	2870
2	1764	9360	2875
2	1788	9480	2876
2	1788	9480	2877
2	1835	9750	2879
2	1879	9990	2880
2	1948	10360	2886
2	1992	10650	2888
2	2011	10770	2889
2	2038	10920	2890
2	2067	11070	2891
2	2083	11160	2894
2	2089	11190	2893
2	2122	11370	2895
2	2178	11680	2897
2	2222	11910	2900
2	2236	11966.385154846503	2904
2	2241	12000	2905
2	2241	12000	2906
2	2309	12390	2907
2	2350	12630	2909
2	2370	12750	2910
2	2392	12870	2911
2	2401	12910	2912
2	2403	12930	2914
2	2415	12978.410080864784	2915
2	2416	12990	2913
2	2474	13261.404488733894	2919
2	2477	13290	2920
2	2503	13440	2921
2	2563	13830	2922
2	2644	14310	2924
2	2655	14370	2927
2	2666	14405.796108135301	2929
2	2672	14440	2925
2	2683	14492.224702489209	2931
2	2703	14599.794484341236	2932
2	2773	14970	2937
2	2789	15060	2936
2	2806	15150	2938
2	2819	15210	2941
2	2854	15390	2942
2	2858	15400	2940
2	2971	16030	2948
2	2978	16080	2951
2	2986	16110	2950
2	2991	16128.354264156086	2949
2	3013	16219.857748286815	2956
2	3015	16230	2952
2	3071	16459.86893216968	2964
2	3078	16486.651252638968	2957
2	3097	16590	2962
2	3102	16600	2960
2	3105	16620	2963
2	3185	17060.304729362239	2968
2	3202	17130	2970
2	3202	17130	2971
2	3206	17144.690113247341	2973
2	3209	17160	2969
2	3214	17164.039282715637	2975
2	3255	17350	2976
2	3265	17400	2979
2	3271	17430	2977
2	3347	17800	2982
2	3404	18120	2988
2	3410	18150	2987
2	3429	18240	2990
2	3457	18360	2995
2	3464	18390	2991
2	3476	18450	2996
2	3482	18469.892790101904	2997
2	3544	18760	2998
2	3552	18810	3001
2	3577	18930	3003
2	3577	18930	3004
2	3604	19080	3006
2	3662	19440	3007
2	3728	19800	3013
2	3733	19828.592067304055	3014
3	213	1020	0
3	213	1020	0
3	218	1050	0
3	218	1050	0
3	223	1080	0
3	223	1080	0
3	227	1110	0
3	227	1110	0
3	233	1140	0
3	233	1140	0
3	236	1150	1
3	238	1170	1
3	238	1170	0
3	243	1200	0
3	243	1200	0
3	246	1218.769543196123	1
3	248	1230	1
3	248	1230	1
3	254	1260	1
3	254	1260	0
3	262	1290	0
3	262	1290	0
3	266	1320	0
3	266	1320	0
3	270	1350	0
3	270	1350	0
3	273	1358.422593932806	1
3	277	1380	1
3	277	1380	1
3	283	1410	1
3	283	1410	1
3	287	1440	1
3	287	1440	0
3	292	1470	0
3	292	1470	0
3	297	1500	0
3	297	1500	0
3	302	1530	0
3	302	1530	0
3	308	1560	0
3	308	1560	0
3	312	1590	0
3	312	1590	0
3	316	1620	0
3	316	1620	0
3	322	1650	0
3	322	1650	0
3	327	1680	0
3	327	1680	0
3	332	1710	0
3	332	1710	0
3	337	1740	0
3	337	1740	0
3	342	1770	0
3	342	1770	0
3	347	1800	0
3	347	1800	0
3	352	1830	0
3	352	1830	0
3	355	1847.682499021628	1
3	358	1860	1
3	358	1860	0
3	362	1890	0
3	362	1890	0
3	365	1893.488766319361	1
3	369	1920	1
3	369	1920	1
3	373	1950	1
3	373	1950	0
3	379	1980	0
3	379	1980	0
3	384	2010	0
3	384	2010	0
3	388	2040	0
3	388	2040	0
3	395	2070	0
3	395	2070	0
3	400	2100	0
3	400	2100	0
3	405	2130	0
3	405	2130	0
3	409	2160	0
3	409	2160	0
3	414	2190	0
3	414	2190	0
3	419	2220	0
3	419	2220	0
3	425	2250	0
3	425	2250	0
3	430	2280	0
3	430	2280	0
3	435	2310	0
3	435	2310	0
3	441	2340	0
3	441	2340	0
3	446	2370	0
3	446	2370	0
3	451	2400	0
3	451	2400	0
3	455	2430	0
3	455	2430	0
3	463	2460	0
3	463	2460	0
3	470	2490	0
3	470	2490	0
3	475	2520	0
3	475	2520	0
3	478	2534.479093588274	1
3	482	2550	1
3	482	2550	0
3	488	2580	0
3	488	2580	0
3	495	2610	0
3	495	2610	0
3	499	2640	0
3	499	2640	0
3	502	2641.03360852588	1
3	506	2670	1
3	506	2670	1
3	512	2700	1
3	512	2700	1
3	516	2730	1
3	516	2730	0
3	521	2760	0
3	521	2760	0
3	526	2790	0
3	526	2790	0
3	533	2820	0
3	533	2820	0
3	539	2850	0
3	539	2850	0
3	544	2880	0
3	544	2880	0
3	550	2910	0
3	550	2910	0
3	556	2940	0
3	556	2940	0
3	560	2970	0
3	560	2970	0
3	563	2984.889824705305	1
3	565	3000	1
3	565	3000	1
3	570	3030	1
3	570	3030	0
3	577	3060	0
3	577	3060	0
3	582	3090	0
3	582	3090	0
3	587	3120	0
3	587	3120	0
3	595	3150	0
3	595	3150	0
3	599	3180	0
3	599	3180	0
3	604	3210	0
3	604	3210	0
3	610	3240	0
3	610	3240	0
3	614	3270	0
3	614	3270	0
3	617	3280	1
3	619	3300	1
3	619	3300	0
3	622	3310	1
3	624	3330	1
3	624	3330	0
3	628	3360	0
3	628	3360	0
3	632	3390	0
3	632	3390	0
3	638	3420	0
3	638	3420	0
3	643	3450	0
3	643	3450	0
3	647	3480	0
3	647	3480	0
3	653	3510	0
3	653	3510	0
3	659	3540	0
3	659	3540	0
3	664	3570	0
3	664	3570	0
3	668	3600	0
3	668	3600	0
3	673	3630	0
3	673	3630	0
3	680	3660	0
3	680	3660	0
3	685	3690	0
3	685	3690	0
3	690	3720	0
3	690	3720	0
3	696	3750	0
3	696	3750	0
3	702	3760	1
3	705	3780	1
3	705	3780	0
3	710	3810	0
3	710	3810	0
3	716	3840	0
3	716	3840	0
3	722	3870	0
3	722	3870	0
3	726	3880	1
3	729	3900	1
3	729	3900	0
3	734	3930	0
3	734	3930	0
3	740	3960	0
3	740	3960	0
3	744	3990	0
3	744	3990	0
3	749	4020	0
3	749	4020	0
3	756	4050	0
3	756	4050	0
3	764	4080	0
3	764	4080	0
3	769	4110	0
3	769	4110	0
3	773	4140	0
3	773	4140	0
3	778	4165.977242765333	1
3	780	4170	1
3	780	4170	1
3	787	4200	1
3	787	4200	0
3	792	4230	0
3	792	4230	0
3	796	4260	0
3	796	4260	0
3	801	4281.359045794515	1
3	803	4290	1
3	803	4290	1
3	808	4318.300573993137	2
3	810	4320	2
3	810	4320	2
3	813	4330	3
3	816	4350	3
3	816	4350	1
3	820	4380	1
3	820	4380	0
3	824	4410	0
3	824	4410	0
3	830	4440	0
3	830	4440	0
3	837	4470	0
3	837	4470	0
3	842	4500	0
3	842	4500	0
3	848	4530	0
3	848	4530	0
3	854	4560	0
3	854	4560	0
3	859	4590	0
3	859	4590	0
3	864	4620	0
3	864	4620	0
3	870	4650	0
3	870	4650	0
3	875	4680	0
3	875	4680	0
3	881	4710	0
3	881	4710	0
3	885	4740	0
3	885	4740	0
3	891	4770	0
3	891	4770	0
3	895	4800	0
3	895	4800	0
3	900	4810	1
3	903	4830	1
3	903	4830	1
3	908	4860	1
3	908	4860	0
3	913	4890	0
3	913	4890	0
3	922	4920	0
3	922	4920	0
3	926	4950	0
3	926	4950	0
3	935	4980	0
3	935	4980	0
3	942	5010	0
3	942	5010	0
3	947	5040	0
3	947	5040	0
3	952	5070	0
3	952	5070	0
3	955	5072.30662114736	1
3	961	5100	1
3	961	5100	1
3	968	5130	1
3	968	5130	1
3	973	5160	1
3	973	5160	0
3	976	5177.658137297703	1
3	979	5190	1
3	979	5190	1
3	985	5220	1
3	985	5220	0
3	991	5250	0
3	991	5250	0
3	998	5280	0
3	998	5280	0
3	1002	5310	0
3	1002	5310	0
3	1010	5340	0
3	1010	5340	0
3	1015	5370	0
3	1015	5370	0
3	1024	5400	0
3	1024	5400	0
3	1029	5430	0
3	1029	5430	0
3	1035	5460	0
3	1035	5460	0
3	1040	5481.437062308246	1
3	1041	5486.197778456008	2
3	1043	5490	2
3	1043	5490	2
3	1050	5520	2
3	1050	5520	1
3	1058	5550	1
3	1058	5550	0
3	1063	5580	0
3	1063	5580	0
3	1068	5610	0
3	1068	5610	0
3	1071	5618.773833363149	1
3	1074	5634.250574368957	2
3	1077	5640	2
3	1077	5640	1
3	1084	5670	1
3	1084	5670	0
3	1087	5680	1
3	1091	5700	1
3	1091	5700	0
3	1095	5730	0
3	1095	5730	0
3	1102	5760	0
3	1102	5760	0
3	1110	5790	0
3	1110	5790	0
3	1115	5800	1
3	1120	5820	1
3	1120	5820	0
3	1124	5839.1528949202	1
3	1127	5850	1
3	1127	5850	1
3	1132	5880	1
3	1132	5880	0
3	1143	5910	0
3	1143	5910	0
3	1150	5940	0
3	1150	5940	0
3	1155	5970	0
3	1155	5970	0
3	1162	6000	0
3	1162	6000	0
3	1165	6006.577056608084	1
3	1167	6030	1
3	1167	6030	0
3	1172	6060	0
3	1172	6060	0
3	1179	6090	0
3	1179	6090	0
3	1185	6120	0
3	1185	6120	0
3	1191	6150	0
3	1191	6150	0
3	1196	6160	1
3	1198	6180	1
3	1198	6180	0
3	1203	6210	0
3	1203	6210	0
3	1211	6240	0
3	1211	6240	0
3	1217	6270	0
3	1217	6270	0
3	1223	6300	0
3	1223	6300	0
3	1227	6330	0
3	1227	6330	0
3	1234	6360	0
3	1234	6360	0
3	1239	6390	0
3	1239	6390	0
3	1243	6420	0
3	1243	6420	0
3	1249	6450	0
3	1249	6450	0
3	1254	6480	0
3	1254	6480	0
3	1259	6510	0
3	1259	6510	0
3	1264	6540	0
3	1264	6540	0
3	1268	6570	0
3	1268	6570	0
3	1273	6600	0
3	1273	6600	0
3	1278	6630	0
3	1278	6630	0
3	1283	6660	0
3	1283	6660	0
3	1290	6690	0
3	1290	6690	0
3	1294	6720	0
3	1294	6720	0
3	1300	6750	0
3	1300	6750	0
3	1305	6780	0
3	1305	6780	0
3	1311	6810	0
3	1311	6810	0
3	1315	6840	0
3	1315	6840	0
3	1320	6870	0
3	1320	6870	0
3	1323	6880	1
3	1325	6900	1
3	1325	6900	0
3	1331	6930	0
3	1331	6930	0
3	1337	6960	0
3	1337	6960	0
3	1342	6990	0
3	1342	6990	0
3	1349	7020	0
3	1349	7020	0
3	1353	7050	0
3	1353	7050	0
3	1357	7069.480205855885	1
3	1359	7080	1
3	1359	7080	0
3	1363	7110	0
3	1363	7110	0
3	1366	7120	1
3	1368	7140	1
3	1368	7140	0
3	1374	7170	0
3	1374	7170	0
3	1379	7200	0
3	1379	7200	0
3	1384	7230	0
3	1384	7230	0
3	1391	7260	0
3	1391	7260	0
3	1395	7290	0
3	1395	7290	0
3	1401	7320	0
3	1401	7320	0
3	1408	7350	0
3	1408	7350	0
3	1412	7380	0
3	1412	7380	0
3	1415	7408.066370404747	1
3	1417	7410	1
3	1417	7410	1
3	1422	7440	1
3	1422	7440	1
3	1428	7470	1
3	1428	7470	0
3	1431	7480	1
3	1433	7500	1
3	1433	7500	0
3	1438	7530	0
3	1438	7530	0
3	1442	7551.777132351413	1
3	1445	7560	1
3	1445	7560	1
3	1450	7590	1
3	1450	7590	0
3	1455	7620	0
3	1455	7620	0
3	1461	7650	0
3	1461	7650	0
3	1467	7680	0
3	1467	7680	0
3	1472	7710	0
3	1472	7710	0
3	1478	7740	0
3	1478	7740	0
3	1482	7770	0
3	1482	7770	0
3	1488	7800	0
3	1488	7800	0
3	1495	7830	0
3	1495	7830	0
3	1500	7860	0
3	1500	7860	0
3	1504	7890	0
3	1504	7890	0
3	1507	7904.129673005867	1
3	1510	7920	1
3	1510	7920	1
3	1514	7950	1
3	1514	7950	0
3	1521	7980	0
3	1521	7980	0
3	1527	8010	0
3	1527	8010	0
3	1531	8040	0
3	1531	8040	0
3	1536	8070	0
3	1536	8070	0
3	1541	8100	0
3	1541	8100	0
3	1548	8130	0
3	1548	8130	0
3	1553	8160	0
3	1553	8160	0
3	1557	8174.145361004572	1
3	1560	8190	1
3	1560	8190	1
3	1564	8220	1
3	1564	8220	0
3	1569	8250	0
3	1569	8250	0
3	1575	8280	0
3	1575	8280	0
3	1578	8290	1
3	1581	8310	1
3	1581	8310	1
3	1586	8340	1
3	1586	8340	0
3	1591	8370	0
3	1591	8370	0
3	1596	8400	0
3	1596	8400	0
3	1601	8430	0
3	1601	8430	0
3	1606	8460	0
3	1606	8460	0
3	1611	8490	0
3	1611	8490	0
3	1616	8520	0
3	1616	8520	0
3	1622	8550	0
3	1622	8550	0
3	1625	8560	1
3	1627	8580	1
3	1627	8580	0
3	1631	8610	0
3	1631	8610	0
3	1637	8640	0
3	1637	8640	0
3	1642	8670	0
3	1642	8670	0
3	1647	8700	0
3	1647	8700	0
3	1651	8719.551441946405	1
3	1653	8730	1
3	1653	8730	1
3	1658	8760	1
3	1658	8760	1
3	1663	8790	1
3	1663	8790	0
3	1668	8820	0
3	1668	8820	0
3	1673	8850	0
3	1673	8850	0
3	1679	8880	0
3	1679	8880	0
3	1685	8910	0
3	1685	8910	0
3	1691	8940	0
3	1691	8940	0
3	1695	8970	0
3	1695	8970	0
3	1701	9000	0
3	1701	9000	0
3	1706	9030	0
3	1706	9030	0
3	1710	9060	0
3	1710	9060	0
3	1713	9083.642345335738	1
3	1715	9090	1
3	1715	9090	1
3	1721	9120	1
3	1721	9120	0
3	1726	9150	0
3	1726	9150	0
3	1731	9180	0
3	1731	9180	0
3	1737	9210	0
3	1737	9210	0
3	1744	9240	0
3	1744	9240	0
3	1749	9270	0
3	1749	9270	0
3	1754	9300	0
3	1754	9300	0
3	1759	9330	0
3	1759	9330	0
3	1765	9360	0
3	1765	9360	0
3	1771	9390	0
3	1771	9390	0
3	1776	9420	0
3	1776	9420	0
3	1782	9450	0
3	1782	9450	0
3	1789	9480	0
3	1789	9480	0
3	1794	9510	0
3	1794	9510	0
3	1798	9540	0
3	1798	9540	0
3	1804	9570	0
3	1804	9570	0
3	1807	9572.595832715782	1
3	1811	9600	1
3	1811	9600	1
3	1815	9630	1
3	1815	9630	0
3	1820	9660	0
3	1820	9660	0
3	1825	9690	0
3	1825	9690	0
3	1830	9720	0
3	1830	9720	0
3	1836	9750	0
3	1836	9750	0
3	1840	9780	0
3	1840	9780	0
3	1846	9810	0
3	1846	9810	0
3	1850	9840	0
3	1850	9840	0
3	1858	9870	0
3	1858	9870	0
3	1863	9900	0
3	1863	9900	0
3	1867	9930	0
3	1867	9930	0
3	1874	9956.410781790215	1
3	1876	9960	1
3	1876	9960	1
3	1880	9990	1
3	1880	9990	0
3	1885	10020	0
3	1885	10020	0
3	1892	10050	0
3	1892	10050	0
3	1896	10080	0
3	1896	10080	0
3	1902	10110	0
3	1902	10110	0
3	1906	10120	1
3	1907	10127.889255330178	2
3	1909	10140	2
3	1909	10140	1
3	1915	10170	1
3	1915	10170	1
3	1920	10200	1
3	1920	10200	0
3	1924	10230	0
3	1924	10230	0
3	1929	10243.963370740418	1
3	1931	10260	1
3	1931	10260	0
3	1935	10290	0
3	1935	10290	0
3	1940	10320	0
3	1940	10320	0
3	1945	10350	0
3	1945	10350	0
3	1950	10380	0
3	1950	10380	0
3	1955	10410	0
3	1955	10410	0
3	1959	10440	0
3	1959	10440	0
3	1966	10470	0
3	1966	10470	0
3	1970	10500	0
3	1970	10500	0
3	1974	10530	0
3	1974	10530	0
3	1979	10560	0
3	1979	10560	0
3	1984	10590	0
3	1984	10590	0
3	1989	10620	0
3	1989	10620	0
3	1993	10650	0
3	1993	10650	0
3	1997	10680	0
3	1997	10680	0
3	2002	10710	0
3	2002	10710	0
3	2007	10740	0
3	2007	10740	0
3	2012	10770	0
3	2012	10770	0
3	2016	10800	0
3	2016	10800	0
3	2022	10830	0
3	2022	10830	0
3	2028	10860	0
3	2028	10860	0
3	2033	10890	0
3	2033	10890	0
3	2039	10920	0
3	2039	10920	0
3	2045	10950	0
3	2045	10950	0
3	2050	10980	0
3	2050	10980	0
3	2055	11010	0
3	2055	11010	0
3	2061	11040	0
3	2061	11040	0
3	2064	11041.451181511081	1
3	2068	11070	1
3	2068	11070	0
3	2073	11100	0
3	2073	11100	0
3	2078	11130	0
3	2078	11130	0
3	2084	11160	0
3	2084	11160	0
3	2090	11190	0
3	2090	11190	0
3	2096	11220	0
3	2096	11220	0
3	2101	11250	0
3	2101	11250	0
3	2106	11280	0
3	2106	11280	0
3	2112	11310	0
3	2112	11310	0
3	2119	11340	0
3	2119	11340	0
3	2123	11370	0
3	2123	11370	0
3	2127	11400	0
3	2127	11400	0
3	2131	11430	0
3	2131	11430	0
3	2137	11460	0
3	2137	11460	0
3	2142	11490	0
3	2142	11490	0
3	2147	11520	0
3	2147	11520	0
3	2152	11550	0
3	2152	11550	0
3	2155	11560	1
3	2157	11580	1
3	2157	11580	0
3	2162	11610	0
3	2162	11610	0
3	2165	11614.871266625958	1
3	2169	11640	1
3	2169	11640	0
3	2175	11670	0
3	2175	11670	0
3	2181	11700	0
3	2181	11700	0
3	2186	11730	0
3	2186	11730	0
3	2190	11751.544148879762	1
3	2192	11760	1
3	2192	11760	0
3	2197	11770	1
3	2201	11790	1
3	2201	11790	1
3	2206	11820	1
3	2206	11820	0
3	2212	11850	0
3	2212	11850	0
3	2219	11880	0
3	2219	11880	0
3	2223	11910	0
3	2223	11910	0
3	2232	11940	0
3	2232	11940	0
3	2238	11970	0
3	2238	11970	0
3	2242	12000	0
3	2242	12000	0
3	2248	12030	0
3	2248	12030	0
3	2252	12060	0
3	2252	12060	0
3	2259	12090	0
3	2259	12090	0
3	2265	12120	0
3	2265	12120	0
3	2269	12150	0
3	2269	12150	0
3	2274	12180	0
3	2274	12180	0
3	2277	12181.299496090661	1
3	2279	12210	1
3	2279	12210	1
3	2285	12240	1
3	2285	12240	0
3	2289	12270	0
3	2289	12270	0
3	2295	12300	0
3	2295	12300	0
3	2300	12330	0
3	2300	12330	0
3	2305	12360	0
3	2305	12360	0
3	2310	12390	0
3	2310	12390	0
3	2313	12397.74903429979	1
3	2315	12420	1
3	2315	12420	1
3	2319	12450	1
3	2319	12450	1
3	2324	12480	1
3	2324	12480	0
3	2329	12510	0
3	2329	12510	0
3	2335	12540	0
3	2335	12540	0
3	2338	12565.081344431411	1
3	2340	12570	1
3	2340	12570	1
3	2345	12600	1
3	2345	12600	1
3	2351	12630	1
3	2351	12630	0
3	2354	12632.990776356889	1
3	2356	12660	1
3	2356	12660	1
3	2360	12690	1
3	2360	12690	1
3	2364	12720	1
3	2364	12720	0
3	2371	12750	0
3	2371	12750	0
3	2376	12780	0
3	2376	12780	0
3	2380	12810	0
3	2380	12810	0
3	2387	12840	0
3	2387	12840	0
3	2391	12859.326209880068	1
3	2393	12870	1
3	2393	12870	0
3	2398	12900	0
3	2398	12900	0
3	2404	12930	0
3	2404	12930	0
3	2410	12960	0
3	2410	12960	0
3	2417	12990	0
3	2417	12990	0
3	2422	13020	0
3	2422	13020	0
3	2430	13050	0
3	2430	13050	0
3	2436	13080	0
3	2436	13080	0
3	2442	13110	0
3	2442	13110	0
3	2449	13140	0
3	2449	13140	0
3	2454	13170	0
3	2454	13170	0
3	2460	13200	0
3	2460	13200	0
3	2465	13230	0
3	2465	13230	0
3	2471	13260	0
3	2471	13260	0
3	2478	13290	0
3	2478	13290	0
3	2483	13320	0
3	2483	13320	0
3	2488	13350	0
3	2488	13350	0
3	2493	13380	0
3	2493	13380	0
3	2499	13410	0
3	2499	13410	0
3	2504	13440	0
3	2504	13440	0
3	2508	13470	0
3	2508	13470	0
3	2513	13500	0
3	2513	13500	0
3	2518	13530	0
3	2518	13530	0
3	2523	13560	0
3	2523	13560	0
3	2527	13590	0
3	2527	13590	0
3	2531	13620	0
3	2531	13620	0
3	2534	13624.852852841222	1
3	2536	13650	1
3	2536	13650	1
3	2541	13680	1
3	2541	13680	1
3	2545	13710	1
3	2545	13710	0
3	2549	13740	0
3	2549	13740	0
3	2554	13770	0
3	2554	13770	0
3	2559	13800	0
3	2559	13800	0
3	2564	13830	0
3	2564	13830	0
3	2568	13860	0
3	2568	13860	0
3	2573	13890	0
3	2573	13890	0
3	2577	13920	0
3	2577	13920	0
3	2582	13950	0
3	2582	13950	0
3	2586	13980	0
3	2586	13980	0
3	2592	14010	0
3	2592	14010	0
3	2598	14040	0
3	2598	14040	0
3	2602	14070	0
3	2602	14070	0
3	2605	14093.511966328796	1
3	2607	14100	1
3	2607	14100	1
3	2613	14130	1
3	2613	14130	1
3	2618	14160	1
3	2618	14160	0
3	2622	14190	0
3	2622	14190	0
3	2628	14220	0
3	2628	14220	0
3	2632	14250	0
3	2632	14250	0
3	2638	14280	0
3	2638	14280	0
3	2641	14290	1
3	2645	14310	1
3	2645	14310	1
3	2650	14340	1
3	2650	14340	0
3	2656	14370	0
3	2656	14370	0
3	2662	14400	0
3	2662	14400	0
3	2669	14430	0
3	2669	14430	0
3	2675	14460	0
3	2675	14460	0
3	2680	14490	0
3	2680	14490	0
3	2688	14520	0
3	2688	14520	0
3	2693	14550	0
3	2693	14550	0
3	2699	14580	0
3	2699	14580	0
3	2705	14610	0
3	2705	14610	0
3	2712	14640	0
3	2712	14640	0
3	2717	14670	0
3	2717	14670	0
3	2723	14700	0
3	2723	14700	0
3	2729	14730	0
3	2729	14730	0
3	2735	14760	0
3	2735	14760	0
3	2739	14790	0
3	2739	14790	0
3	2745	14820	0
3	2745	14820	0
3	2751	14850	0
3	2751	14850	0
3	2756	14880	0
3	2756	14880	0
3	2763	14910	0
3	2763	14910	0
3	2768	14940	0
3	2768	14940	0
3	2774	14970	0
3	2774	14970	0
3	2778	15000	0
3	2778	15000	0
3	2782	15027.824684341341	1
3	2784	15030	1
3	2784	15030	0
3	2790	15060	0
3	2790	15060	0
3	2796	15090	0
3	2796	15090	0
3	2802	15120	0
3	2802	15120	0
3	2807	15150	0
3	2807	15150	0
3	2814	15180	0
3	2814	15180	0
3	2820	15210	0
3	2820	15210	0
3	2825	15240	0
3	2825	15240	0
3	2829	15267.103522448769	1
3	2832	15270	1
3	2832	15270	0
3	2836	15280	1
3	2839	15300	1
3	2839	15300	0
3	2842	15310	1
3	2844	15330	1
3	2844	15330	0
3	2848	15360	0
3	2848	15360	0
3	2851	15368.22721818219	1
3	2855	15390	1
3	2855	15390	0
3	2860	15420	0
3	2860	15420	0
3	2867	15450	0
3	2867	15450	0
3	2871	15480	0
3	2871	15480	0
3	2880	15510	0
3	2880	15510	0
3	2885	15540	0
3	2885	15540	0
3	2890	15570	0
3	2890	15570	0
3	2896	15600	0
3	2896	15600	0
3	2901	15630	0
3	2901	15630	0
3	2905	15660	0
3	2905	15660	0
3	2911	15690	0
3	2911	15690	0
3	2915	15720	0
3	2915	15720	0
3	2919	15750	0
3	2919	15750	0
3	2924	15780	0
3	2924	15780	0
3	2931	15810	0
3	2931	15810	0
3	2937	15840	0
3	2937	15840	0
3	2942	15870	0
3	2942	15870	0
3	2946	15900	0
3	2946	15900	0
3	2951	15929.737154103671	1
3	2953	15930	1
3	2953	15930	1
3	2958	15960	1
3	2958	15960	1
3	2963	15990	1
3	2963	15990	0
3	2967	16020	0
3	2967	16020	0
3	2973	16050	0
3	2973	16050	0
3	2979	16080	0
3	2979	16080	0
3	2987	16110	0
3	2987	16110	0
3	2994	16140	0
3	2994	16140	0
3	2999	16170	0
3	2999	16170	0
3	3008	16200	0
3	3008	16200	0
3	3016	16230	0
3	3016	16230	0
3	3022	16260	0
3	3022	16260	0
3	3029	16290	0
3	3029	16290	0
3	3038	16320	0
3	3038	16320	0
3	3042	16330	1
3	3043	16332.258510619541	2
3	3046	16350	2
3	3046	16350	1
3	3052	16380	1
3	3052	16380	0
3	3059	16410	0
3	3059	16410	0
3	3062	16419.395033480249	1
3	3065	16440	1
3	3065	16440	0
3	3069	16450	1
3	3073	16470	1
3	3073	16470	1
3	3077	16480	2
3	3080	16500	2
3	3080	16500	0
3	3086	16530	0
3	3086	16530	0
3	3093	16560	0
3	3093	16560	0
3	3098	16590	0
3	3098	16590	0
3	3106	16620	0
3	3106	16620	0
3	3110	16650	0
3	3110	16650	0
3	3115	16680	0
3	3115	16680	0
3	3122	16710	0
3	3122	16710	0
3	3128	16740	0
3	3128	16740	0
3	3132	16770	0
3	3132	16770	0
3	3137	16800	0
3	3137	16800	0
3	3141	16830	0
3	3141	16830	0
3	3146	16860	0
3	3146	16860	0
3	3152	16890	0
3	3152	16890	0
3	3156	16920	0
3	3156	16920	0
3	3160	16950	0
3	3160	16950	0
3	3168	16980	0
3	3168	16980	0
3	3175	17010	0
3	3175	17010	0
3	3180	17040	0
3	3180	17040	0
3	3188	17070	0
3	3188	17070	0
3	3192	17080	1
3	3196	17100	1
3	3196	17100	0
3	3203	17130	0
3	3203	17130	0
3	3210	17160	0
3	3210	17160	0
3	3216	17190	0
3	3216	17190	0
3	3223	17220	0
3	3223	17220	0
3	3231	17250	0
3	3231	17250	0
3	3235	17259.5759707639	1
3	3241	17280	1
3	3241	17280	1
3	3247	17310	1
3	3247	17310	0
3	3252	17340	0
3	3252	17340	0
3	3257	17370	0
3	3257	17370	0
3	3266	17400	0
3	3266	17400	0
3	3272	17430	0
3	3272	17430	0
3	3278	17460	0
3	3278	17460	0
3	3285	17490	0
3	3285	17490	0
3	3290	17520	0
3	3290	17520	0
3	3296	17550	0
3	3296	17550	0
3	3299	17560	1
3	3303	17580	1
3	3303	17580	0
3	3309	17610	0
3	3309	17610	0
3	3314	17640	0
3	3314	17640	0
3	3319	17670	0
3	3319	17670	0
3	3323	17679.744902837909	1
3	3325	17685.573902737846	2
3	3328	17700	2
3	3328	17700	0
3	3332	17730	0
3	3332	17730	0
3	3337	17760	0
3	3337	17760	0
3	3343	17790	0
3	3343	17790	0
3	3348	17800	1
3	3350	17820	1
3	3350	17820	0
3	3354	17850	0
3	3354	17850	0
3	3360	17880	0
3	3360	17880	0
3	3366	17910	0
3	3366	17910	0
3	3370	17920	1
3	3372	17940	1
3	3372	17940	0
3	3376	17960.228340644979	1
3	3379	17970	1
3	3379	17970	1
3	3383	18000	1
3	3383	18000	0
3	3387	18030	0
3	3387	18030	0
3	3394	18060	0
3	3394	18060	0
3	3399	18090	0
3	3399	18090	0
3	3405	18120	0
3	3405	18120	0
3	3411	18150	0
3	3411	18150	0
3	3417	18180	0
3	3417	18180	0
3	3422	18210	0
3	3422	18210	0
3	3427	18223.925157668814	1
3	3430	18240	1
3	3430	18240	0
3	3437	18270	0
3	3437	18270	0
3	3444	18300	0
3	3444	18300	0
3	3450	18330	0
3	3450	18330	0
3	3458	18360	0
3	3458	18360	0
3	3462	18370	1
3	3465	18390	1
3	3465	18390	1
3	3471	18420	1
3	3471	18420	0
3	3477	18450	0
3	3477	18450	0
3	3484	18480	0
3	3484	18480	0
3	3492	18510	0
3	3492	18510	0
3	3497	18540	0
3	3497	18540	0
3	3505	18570	0
3	3505	18570	0
3	3511	18600	0
3	3511	18600	0
3	3515	18610	1
3	3517	18630	1
3	3517	18630	1
3	3523	18660	1
3	3523	18660	0
3	3526	18674.412483964456	1
3	3528	18690	1
3	3528	18690	1
3	3534	18720	1
3	3534	18720	0
3	3541	18750	0
3	3541	18750	0
3	3546	18780	0
3	3546	18780	0
3	3553	18810	0
3	3553	18810	0
3	3559	18840	0
3	3559	18840	0
3	3566	18870	0
3	3566	18870	0
3	3571	18900	0
3	3571	18900	0
3	3575	18910	1
3	3578	18930	1
3	3578	18930	0
3	3582	18953.171691357209	1
3	3584	18960	1
3	3584	18960	1
3	3588	18990	1
3	3588	18990	0
3	3594	19020	0
3	3594	19020	0
3	3597	19030	1
3	3601	19050	1
3	3601	19050	0
3	3605	19080	0
3	3605	19080	0
3	3610	19110	0
3	3610	19110	0
3	3614	19140	0
3	3614	19140	0
3	3619	19170	0
3	3619	19170	0
3	3626	19200	0
3	3626	19200	0
3	3630	19230	0
3	3630	19230	0
3	3634	19260	0
3	3634	19260	0
3	3640	19290	0
3	3640	19290	0
3	3645	19320	0
3	3645	19320	0
3	3649	19350	0
3	3649	19350	0
3	3654	19380	0
3	3654	19380	0
3	3659	19410	0
3	3659	19410	0
3	3663	19440	0
3	3663	19440	0
3	3668	19470	0
3	3668	19470	0
3	3672	19500	0
3	3672	19500	0
3	3675	19506.388904269243	1
3	3677	19530	1
3	3677	19530	1
3	3683	19560	1
3	3683	19560	0
3	3689	19590	0
3	3689	19590	0
3	3694	19620	0
3	3694	19620	0
3	3701	19650	0
3	3701	19650	0
3	3707	19680	0
3	3707	19680	0
3	3711	19710	0
3	3711	19710	0
3	3719	19740	0
3	3719	19740	0
3	3724	19770	0
3	3724	19770	0
3	3729	19800	0
3	3729	19800	0
3	3732	19816.175170018264	1
3	3735	19830	1
3	3735	19830	1
3	3740	19860	1
3	3740	19860	0
3	3746	19890	0
3	3746	19890	0
3	3752	19920	0
3	3752	19920	0
3	3758	19950	0
3	3758	19950	0
3	3768	19980	0
3	3768	19980	0
4	238	1170	20
4	254	1260	41.230456803877
4	287	1440	81.577406067194
4	319	1630	0
4	350	1800.161525807964	0
4	358	1860	12.317500978372
4	373	1950	56.511233680639
4	461	2447.260710001022	0
4	482	2550	15.520906411726
4	516	2730	88.96639147412
4	519	2740	0
4	570	3030	45.110175294695
4	619	3300	20
4	624	3330	20
4	705	3780	20
4	729	3900	20
4	737	3940	0
4	738	3940	0
4	787	4200	34.022757234667
4	816	4350	68.640954205485
4	816	4350	31.699426006863
4	820	4380	50
4	908	4860	50
4	919	4907.787258963202	0
4	945	5020	0
4	973	5160	87.69337885264
4	985	5220	42.341862702297
4	1018	5380	0
4	1050	5520	38.562937691754
4	1058	5550	63.802221543992
4	1061	5560.894127314673	0
4	1077	5640	5.749425631043
4	1084	5670	51.226166636851
4	1091	5700	20
4	1120	5820	20
4	1132	5880	40.8471050798
4	1167	6030	23.422943391916
4	1198	6180	20
4	1201	6190	0
4	1230	6335.859998296584	0
4	1318	6843.48251699125	0
4	1325	6900	20
4	1359	7080	10.519794144115
4	1368	7140	20
4	1371	7150	0
4	1428	7470	61.933629595253
4	1433	7500	20
4	1450	7590	38.222867648587
4	1458	7630	0
4	1514	7950	45.870326994133
4	1564	8220	45.854638995428
4	1586	8340	50
4	1627	8580	20
4	1663	8790	70.448558053595
4	1689	8926.468934417113	0
4	1721	9120	36.357654664262
4	1785	9460	0
4	1808	9580	0
4	1815	9630	57.404167284218
4	1843	9790	0
4	1853	9840.283858551098	0
4	1880	9990	33.589218209785
4	1909	10140	20
4	1920	10200	72.110744669822
4	1931	10260	16.036629259582
4	2043	10943.787039038532	0
4	2068	11070	28.548818488919
4	2099	11230	0
4	2157	11580	20
4	2169	11640	25.128733374042
4	2192	11760	8.455851120238
4	2206	11820	50
4	2256	12070	0
4	2285	12240	58.700503909339
4	2324	12480	82.25096570021
4	2351	12630	64.918655568589
4	2364	12720	87.009223643111
4	2393	12870	10.673790119932
4	2497	13390	0
4	2545	13710	85.147147158778
4	2610	14110	0
4	2618	14160	66.488033671204
4	2626	14217.900458358759	0
4	2650	14340	50
4	2742	14797.568281962683	0
4	2771	14950	0
4	2784	15030	2.175315658659
4	2832	15270	2.896477551231
4	2839	15300	20
4	2844	15330	20
4	2855	15390	21.77278181781
4	2963	15990	60.262845896329
4	2970	16028.354264156086	0
4	2983	16086.684097164408	0
4	3046	16350	17.741489380459
4	3052	16380	50
4	3055	16386.651252638968	0
4	3065	16440	20.604966519751
4	3080	16500	50
4	3080	16500	20
4	3091	16559.86893216968	0
4	3196	17100	20
4	3226	17220.193331210681	0
4	3247	17310	50.4240292361
4	3303	17580	20
4	3328	17700	20.255097162091
4	3328	17700	14.426097262154
4	3350	17820	20
4	3372	17940	20
4	3383	18000	39.771659355021
4	3397	18070	0
4	3426	18220	0
4	3430	18240	16.074842331186
4	3471	18420	50
4	3480	18460	0
4	3501	18550	0
4	3523	18660	50
4	3534	18720	45.587516035544
4	3578	18930	20
4	3588	18990	36.828308642791
4	3601	19050	20
4	3681	19540	0
4	3683	19560	53.611095730757
4	3740	19860	43.824829981736
4	3743	19870	0
5	238	1170	2764
5	254	1260	2766
5	287	1440	2768
5	319	1630	2770
5	350	1800.161525807964	2772
5	358	1860	2771
5	373	1950	2773
5	461	2447.260710001022	2779
5	482	2550	2781
5	516	2730	2782
5	519	2740	2783
5	570	3030	2787
5	619	3300	2789
5	624	3330	2790
5	705	3780	2794
5	729	3900	2795
5	737	3940	2796
5	738	3940	2797
5	787	4200	2802
5	816	4350	2804
5	816	4350	2805
5	820	4380	2803
5	908	4860	2809
5	919	4907.787258963202	2810
5	945	5020	2811
5	973	5160	2816
5	985	5220	2817
5	1018	5380	2820
5	1050	5520	2822
5	1058	5550	2823
5	1061	5560.894127314673	2827
5	1077	5640	2829
5	1084	5670	2828
5	1091	5700	2826
5	1120	5820	2830
5	1132	5880	2832
5	1167	6030	2839
5	1198	6180	2838
5	1201	6190	2836
5	1230	6335.859998296584	2841
5	1318	6843.48251699125	2847
5	1325	6900	2845
5	1359	7080	2850
5	1368	7140	2849
5	1371	7150	2848
5	1428	7470	2853
5	1433	7500	2851
5	1450	7590	2855
5	1458	7630	2854
5	1514	7950	2859
5	1564	8220	2861
5	1586	8340	2862
5	1627	8580	2865
5	1663	8790	2867
5	1689	8926.468934417113	2870
5	1721	9120	2872
5	1785	9460	2875
5	1808	9580	2876
5	1815	9630	2879
5	1843	9790	2878
5	1853	9840.283858551098	2880
5	1880	9990	2882
5	1909	10140	2881
5	1920	10200	2885
5	1931	10260	2886
5	2043	10943.787039038532	2891
5	2068	11070	2893
5	2099	11230	2892
5	2157	11580	2897
5	2169	11640	2898
5	2192	11760	2900
5	2206	11820	2899
5	2256	12070	2901
5	2285	12240	2907
5	2324	12480	2909
5	2351	12630	2910
5	2364	12720	2911
5	2393	12870	2913
5	2497	13390	2917
5	2545	13710	2922
5	2610	14110	2923
5	2618	14160	2924
5	2626	14217.900458358759	2926
5	2650	14340	2925
5	2742	14797.568281962683	2935
5	2771	14950	2933
5	2784	15030	2938
5	2832	15270	2942
5	2839	15300	2940
5	2844	15330	2941
5	2855	15390	2944
5	2963	15990	2950
5	2970	16028.354264156086	2949
5	2983	16086.684097164408	2952
5	3046	16350	2959
5	3052	16380	2955
5	3055	16386.651252638968	2957
5	3065	16440	2962
5	3080	16500	2958
5	3080	16500	2960
5	3091	16559.86893216968	2964
5	3196	17100	2966
5	3226	17220.193331210681	2972
5	3247	17310	2977
5	3303	17580	2980
5	3328	17700	2981
5	3328	17700	2982
5	3350	17820	2984
5	3372	17940	2985
5	3383	18000	2987
5	3397	18070	2986
5	3426	18220	2988
5	3430	18240	2991
5	3471	18420	2992
5	3480	18460	2995
5	3501	18550	2994
5	3523	18660	2998
5	3534	18720	3000
5	3578	18930	3001
5	3588	18990	3005
5	3601	19050	3003
5	3681	19540	3007
5	3683	19560	3008
5	3740	19860	3012
5	3743	19870	3010
6	214	1020	0
6	214	1020	0
6	219	1050	0
6	219	1050	0
6	224	1080	0
6	224	1080	0
6	228	1110	0
6	228	1110	0
6	234	1140	0
6	234	1140	0
6	239	1170	0
6	239	1170	0
6	244	1200	0
6	244	1200	0
6	249	1230	0
6	249	1230	0
6	255	1260	0
6	255	1260	0
6	263	1290	0
6	263	1290	0
6	267	1320	0
6	267	1320	0
6	271	1350	0
6	271	1350	0
6	278	1380	0
6	278	1380	0
6	280	1380.240133825476	1
6	284	1410	1
6	284	1410	0
6	288	1440	0
6	288	1440	0
6	293	1470	0
6	293	1470	0
6	295	1482.480424118239	1
6	298	1500	1
6	298	1500	1
6	303	1530	1
6	303	1530	0
6	309	1560	0
6	309	1560	0
6	313	1590	0
6	313	1590	0
6	317	1620	0
6	317	1620	0
6	323	1650	0
6	323	1650	0
6	328	1680	0
6	328	1680	0
6	333	1710	0
6	333	1710	0
6	338	1740	0
6	338	1740	0
6	343	1770	0
6	343	1770	0
6	348	1800	0
6	348	1800	0
6	353	1830	0
6	353	1830	0
6	359	1860	0
6	359	1860	0
6	363	1890	0
6	363	1890	0
6	370	1920	0
6	370	1920	0
6	374	1950	0
6	374	1950	0
6	380	1980	0
6	380	1980	0
6	385	2010	0
6	385	2010	0
6	389	2040	0
6	389	2040	0
6	396	2070	0
6	396	2070	0
6	398	2080	1
6	401	2100	1
6	401	2100	1
6	406	2130	1
6	406	2130	0
6	410	2160	0
6	410	2160	0
6	415	2190	0
6	415	2190	0
6	420	2220	0
6	420	2220	0
6	426	2250	0
6	426	2250	0
6	431	2280	0
6	431	2280	0
6	436	2310	0
6	436	2310	0
6	442	2340	0
6	442	2340	0
6	447	2370	0
6	447	2370	0
6	452	2400	0
6	452	2400	0
6	456	2430	0
6	456	2430	0
6	464	2460	0
6	464	2460	0
6	467	2470	1
6	471	2490	1
6	471	2490	0
6	476	2520	0
6	476	2520	0
6	483	2550	0
6	483	2550	0
6	489	2580	0
6	489	2580	0
6	496	2610	0
6	496	2610	0
6	500	2640	0
6	500	2640	0
6	507	2670	0
6	507	2670	0
6	513	2700	0
6	513	2700	0
6	517	2730	0
6	517	2730	0
6	522	2760	0
6	522	2760	0
6	527	2790	0
6	527	2790	0
6	534	2820	0
6	534	2820	0
6	540	2850	0
6	540	2850	0
6	545	2880	0
6	545	2880	0
6	551	2910	0
6	551	2910	0
6	553	2914.645434112731	1
6	557	2940	1
6	557	2940	0
6	561	2970	0
6	561	2970	0
6	566	3000	0
6	566	3000	0
6	571	3030	0
6	571	3030	0
6	578	3060	0
6	578	3060	0
6	580	3070	1
6	583	3090	1
6	583	3090	0
6	588	3120	0
6	588	3120	0
6	591	3139.13511985638	1
6	596	3150	1
6	596	3150	1
6	600	3180	1
6	600	3180	0
6	605	3210	0
6	605	3210	0
6	611	3240	0
6	611	3240	0
6	615	3270	0
6	615	3270	0
6	620	3300	0
6	620	3300	0
6	625	3330	0
6	625	3330	0
6	629	3360	0
6	629	3360	0
6	633	3390	0
6	633	3390	0
6	639	3420	0
6	639	3420	0
6	644	3450	0
6	644	3450	0
6	648	3480	0
6	648	3480	0
6	654	3510	0
6	654	3510	0
6	660	3540	0
6	660	3540	0
6	665	3570	0
6	665	3570	0
6	669	3600	0
6	669	3600	0
6	671	3607.863180727245	1
6	674	3630	1
6	674	3630	1
6	676	3632.396702953997	2
6	678	3650.097217456355	3
6	681	3660	3
6	681	3660	0
6	686	3690	0
6	686	3690	0
6	691	3720	0
6	691	3720	0
6	693	3733.691548095328	1
6	697	3750	1
6	697	3750	1
6	706	3780	1
6	706	3780	0
6	711	3810	0
6	711	3810	0
6	717	3840	0
6	717	3840	0
6	723	3870	0
6	723	3870	0
6	730	3900	0
6	730	3900	0
6	735	3930	0
6	735	3930	0
6	741	3960	0
6	741	3960	0
6	745	3990	0
6	745	3990	0
6	750	4020	0
6	750	4020	0
6	757	4050	0
6	757	4050	0
6	765	4080	0
6	765	4080	0
6	770	4110	0
6	770	4110	0
6	774	4140	0
6	774	4140	0
6	781	4170	0
6	781	4170	0
6	785	4190.695143874953	1
6	788	4200	1
6	788	4200	1
6	793	4230	1
6	793	4230	0
6	797	4260	0
6	797	4260	0
6	804	4290	0
6	804	4290	0
6	807	4300	1
6	811	4320	1
6	811	4320	0
6	817	4350	0
6	817	4350	0
6	821	4380	0
6	821	4380	0
6	825	4410	0
6	825	4410	0
6	831	4440	0
6	831	4440	0
6	833	4445.835589375887	1
6	838	4470	1
6	838	4470	1
6	843	4500	1
6	843	4500	0
6	849	4530	0
6	849	4530	0
6	855	4560	0
6	855	4560	0
6	860	4590	0
6	860	4590	0
6	865	4620	0
6	865	4620	0
6	871	4650	0
6	871	4650	0
6	873	4676.388137538465	1
6	876	4680	1
6	876	4680	1
6	882	4710	1
6	882	4710	0
6	886	4740	0
6	886	4740	0
6	889	4750	1
6	892	4770	1
6	892	4770	0
6	896	4800	0
6	896	4800	0
6	904	4830	0
6	904	4830	0
6	909	4860	0
6	909	4860	0
6	914	4890	0
6	914	4890	0
6	923	4920	0
6	923	4920	0
6	927	4950	0
6	927	4950	0
6	936	4980	0
6	936	4980	0
6	943	5010	0
6	943	5010	0
6	948	5040	0
6	948	5040	0
6	953	5070	0
6	953	5070	0
6	959	5080	1
6	962	5100	1
6	962	5100	1
6	969	5130	1
6	969	5130	0
6	974	5160	0
6	974	5160	0
6	977	5179.72990457824	1
6	980	5190	1
6	980	5190	1
6	986	5220	1
6	986	5220	0
6	992	5250	0
6	992	5250	0
6	994	5260	1
6	999	5280	1
6	999	5280	0
6	1003	5310	0
6	1003	5310	0
6	1011	5340	0
6	1011	5340	0
6	1016	5370	0
6	1016	5370	0
6	1025	5400	0
6	1025	5400	0
6	1030	5430	0
6	1030	5430	0
6	1036	5460	0
6	1036	5460	0
6	1044	5490	0
6	1044	5490	0
6	1046	5499.308923396933	1
6	1051	5520	1
6	1051	5520	1
6	1056	5545.318195593034	2
6	1059	5550	2
6	1059	5550	1
6	1064	5580	1
6	1064	5580	0
6	1069	5610	0
6	1069	5610	0
6	1075	5636.354608229742	1
6	1078	5640	1
6	1078	5640	1
6	1085	5670	1
6	1085	5670	1
6	1089	5685.296460356525	2
6	1092	5700	2
6	1092	5700	0
6	1096	5730	0
6	1096	5730	0
6	1103	5760	0
6	1103	5760	0
6	1111	5790	0
6	1111	5790	0
6	1121	5820	0
6	1121	5820	0
6	1128	5850	0
6	1128	5850	0
6	1133	5880	0
6	1133	5880	0
6	1144	5910	0
6	1144	5910	0
6	1151	5940	0
6	1151	5940	0
6	1156	5970	0
6	1156	5970	0
6	1158	5980	1
6	1159	5988.832599623728	2
6	1160	5992.123192107241	3
6	1163	6000	3
6	1163	6000	2
6	1168	6030	2
6	1168	6030	2
6	1173	6060	2
6	1173	6060	0
6	1177	6070	1
6	1180	6090	1
6	1180	6090	0
6	1186	6120	0
6	1186	6120	0
6	1192	6150	0
6	1192	6150	0
6	1199	6180	0
6	1199	6180	0
6	1204	6210	0
6	1204	6210	0
6	1206	6215.061342912062	1
6	1212	6240	1
6	1212	6240	1
6	1218	6270	1
6	1218	6270	0
6	1224	6300	0
6	1224	6300	0
6	1228	6330	0
6	1228	6330	0
6	1231	6344.956339462315	1
6	1235	6360	1
6	1235	6360	1
6	1240	6390	1
6	1240	6390	0
6	1244	6420	0
6	1244	6420	0
6	1250	6450	0
6	1250	6450	0
6	1255	6480	0
6	1255	6480	0
6	1260	6510	0
6	1260	6510	0
6	1265	6540	0
6	1265	6540	0
6	1269	6570	0
6	1269	6570	0
6	1274	6600	0
6	1274	6600	0
6	1279	6630	0
6	1279	6630	0
6	1284	6660	0
6	1284	6660	0
6	1286	6670	1
6	1291	6690	1
6	1291	6690	0
6	1295	6720	0
6	1295	6720	0
6	1297	6742.815004424245	1
6	1301	6750	1
6	1301	6750	1
6	1306	6780	1
6	1306	6780	0
6	1312	6810	0
6	1312	6810	0
6	1316	6840	0
6	1316	6840	0
6	1321	6870	0
6	1321	6870	0
6	1326	6900	0
6	1326	6900	0
6	1332	6930	0
6	1332	6930	0
6	1338	6960	0
6	1338	6960	0
6	1343	6990	0
6	1343	6990	0
6	1346	7008.645790374928	1
6	1347	7016.208774329877	2
6	1350	7020	2
6	1350	7020	1
6	1354	7050	1
6	1354	7050	0
6	1360	7080	0
6	1360	7080	0
6	1364	7110	0
6	1364	7110	0
6	1369	7140	0
6	1369	7140	0
6	1375	7170	0
6	1375	7170	0
6	1377	7180	1
6	1380	7200	1
6	1380	7200	0
6	1385	7230	0
6	1385	7230	0
6	1392	7260	0
6	1392	7260	0
6	1396	7290	0
6	1396	7290	0
6	1402	7320	0
6	1402	7320	0
6	1404	7321.949223409085	1
6	1409	7350	1
6	1409	7350	1
6	1413	7380	1
6	1413	7380	0
6	1418	7410	0
6	1418	7410	0
6	1423	7440	0
6	1423	7440	0
6	1429	7470	0
6	1429	7470	0
6	1434	7500	0
6	1434	7500	0
6	1436	7526.672707430636	1
6	1439	7530	1
6	1439	7530	0
6	1446	7560	0
6	1446	7560	0
6	1451	7590	0
6	1451	7590	0
6	1456	7620	0
6	1456	7620	0
6	1462	7650	0
6	1462	7650	0
6	1464	7652.52789559514	1
6	1468	7680	1
6	1468	7680	1
6	1473	7710	1
6	1473	7710	1
6	1479	7740	1
6	1479	7740	0
6	1483	7770	0
6	1483	7770	0
6	1489	7800	0
6	1489	7800	0
6	1496	7830	0
6	1496	7830	0
6	1501	7860	0
6	1501	7860	0
6	1505	7890	0
6	1505	7890	0
6	1511	7920	0
6	1511	7920	0
6	1515	7950	0
6	1515	7950	0
6	1517	7960	1
6	1522	7980	1
6	1522	7980	1
6	1525	8005.769854902737	2
6	1528	8010	2
6	1528	8010	0
6	1532	8040	0
6	1532	8040	0
6	1537	8070	0
6	1537	8070	0
6	1542	8100	0
6	1542	8100	0
6	1544	8101.994507424693	1
6	1549	8130	1
6	1549	8130	1
6	1554	8160	1
6	1554	8160	1
6	1561	8190	1
6	1561	8190	0
6	1565	8220	0
6	1565	8220	0
6	1570	8250	0
6	1570	8250	0
6	1576	8280	0
6	1576	8280	0
6	1582	8310	0
6	1582	8310	0
6	1587	8340	0
6	1587	8340	0
6	1589	8350	1
6	1592	8370	1
6	1592	8370	0
6	1597	8400	0
6	1597	8400	0
6	1599	8407.190927092537	1
6	1602	8430	1
6	1602	8430	1
6	1607	8460	1
6	1607	8460	0
6	1612	8490	0
6	1612	8490	0
6	1617	8520	0
6	1617	8520	0
6	1623	8550	0
6	1623	8550	0
6	1628	8580	0
6	1628	8580	0
6	1632	8610	0
6	1632	8610	0
6	1638	8640	0
6	1638	8640	0
6	1643	8670	0
6	1643	8670	0
6	1648	8700	0
6	1648	8700	0
6	1654	8730	0
6	1654	8730	0
6	1659	8760	0
6	1659	8760	0
6	1664	8790	0
6	1664	8790	0
6	1669	8820	0
6	1669	8820	0
6	1674	8850	0
6	1674	8850	0
6	1680	8880	0
6	1680	8880	0
6	1686	8910	0
6	1686	8910	0
6	1692	8940	0
6	1692	8940	0
6	1696	8970	0
6	1696	8970	0
6	1702	9000	0
6	1702	9000	0
6	1707	9030	0
6	1707	9030	0
6	1711	9060	0
6	1711	9060	0
6	1716	9090	0
6	1716	9090	0
6	1722	9120	0
6	1722	9120	0
6	1727	9150	0
6	1727	9150	0
6	1732	9180	0
6	1732	9180	0
6	1735	9195.350524105729	1
6	1738	9210	1
6	1738	9210	1
6	1740	9220	2
6	1745	9240	2
6	1745	9240	1
6	1750	9270	1
6	1750	9270	0
6	1755	9300	0
6	1755	9300	0
6	1760	9330	0
6	1760	9330	0
6	1766	9360	0
6	1766	9360	0
6	1772	9390	0
6	1772	9390	0
6	1777	9420	0
6	1777	9420	0
6	1779	9430	1
6	1783	9450	1
6	1783	9450	0
6	1790	9480	0
6	1790	9480	0
6	1795	9510	0
6	1795	9510	0
6	1799	9540	0
6	1799	9540	0
6	1805	9570	0
6	1805	9570	0
6	1812	9600	0
6	1812	9600	0
6	1816	9630	0
6	1816	9630	0
6	1818	9640	1
6	1821	9660	1
6	1821	9660	1
6	1826	9690	1
6	1826	9690	0
6	1831	9720	0
6	1831	9720	0
6	1837	9750	0
6	1837	9750	0
6	1841	9780	0
6	1841	9780	0
6	1847	9810	0
6	1847	9810	0
6	1851	9840	0
6	1851	9840	0
6	1859	9870	0
6	1859	9870	0
6	1864	9900	0
6	1864	9900	0
6	1868	9930	0
6	1868	9930	0
6	1873	9952.164850109014	1
6	1877	9960	1
6	1877	9960	1
6	1881	9990	1
6	1881	9990	1
6	1886	10020	1
6	1886	10020	0
6	1893	10050	0
6	1893	10050	0
6	1897	10080	0
6	1897	10080	0
6	1903	10110	0
6	1903	10110	0
6	1910	10140	0
6	1910	10140	0
6	1916	10170	0
6	1916	10170	0
6	1921	10200	0
6	1921	10200	0
6	1925	10230	0
6	1925	10230	0
6	1928	10240	1
6	1932	10260	1
6	1932	10260	1
6	1936	10290	1
6	1936	10290	0
6	1941	10320	0
6	1941	10320	0
6	1946	10350	0
6	1946	10350	0
6	1951	10380	0
6	1951	10380	0
6	1956	10410	0
6	1956	10410	0
6	1960	10440	0
6	1960	10440	0
6	1967	10470	0
6	1967	10470	0
6	1971	10500	0
6	1971	10500	0
6	1975	10530	0
6	1975	10530	0
6	1977	10548.701220220642	1
6	1980	10560	1
6	1980	10560	1
6	1985	10590	1
6	1985	10590	1
6	1990	10620	1
6	1990	10620	0
6	1994	10650	0
6	1994	10650	0
6	1998	10680	0
6	1998	10680	0
6	2003	10710	0
6	2003	10710	0
6	2008	10740	0
6	2008	10740	0
6	2013	10770	0
6	2013	10770	0
6	2017	10800	0
6	2017	10800	0
6	2023	10830	0
6	2023	10830	0
6	2029	10860	0
6	2029	10860	0
6	2034	10890	0
6	2034	10890	0
6	2040	10920	0
6	2040	10920	0
6	2046	10950	0
6	2046	10950	0
6	2051	10980	0
6	2051	10980	0
6	2056	11010	0
6	2056	11010	0
6	2062	11040	0
6	2062	11040	0
6	2069	11070	0
6	2069	11070	0
6	2071	11080	1
6	2074	11100	1
6	2074	11100	1
6	2079	11130	1
6	2079	11130	0
6	2085	11160	0
6	2085	11160	0
6	2091	11190	0
6	2091	11190	0
6	2097	11220	0
6	2097	11220	0
6	2102	11250	0
6	2102	11250	0
6	2107	11280	0
6	2107	11280	0
6	2113	11310	0
6	2113	11310	0
6	2120	11340	0
6	2120	11340	0
6	2124	11370	0
6	2124	11370	0
6	2128	11400	0
6	2128	11400	0
6	2132	11430	0
6	2132	11430	0
6	2134	11438.542458771648	1
6	2135	11440	2
6	2138	11460	2
6	2138	11460	1
6	2143	11490	1
6	2143	11490	0
6	2148	11520	0
6	2148	11520	0
6	2153	11550	0
6	2153	11550	0
6	2158	11580	0
6	2158	11580	0
6	2163	11610	0
6	2163	11610	0
6	2167	11634.517046343782	1
6	2170	11640	1
6	2170	11640	1
6	2176	11670	1
6	2176	11670	0
6	2182	11700	0
6	2182	11700	0
6	2187	11730	0
6	2187	11730	0
6	2189	11740	1
6	2193	11760	1
6	2193	11760	0
6	2199	11785.595602324171	1
6	2202	11790	1
6	2202	11790	1
6	2207	11820	1
6	2207	11820	0
6	2213	11850	0
6	2213	11850	0
6	2220	11880	0
6	2220	11880	0
6	2224	11910	0
6	2224	11910	0
6	2233	11940	0
6	2233	11940	0
6	2235	11950	1
6	2239	11970	1
6	2239	11970	0
6	2243	12000	0
6	2243	12000	0
6	2249	12030	0
6	2249	12030	0
6	2253	12060	0
6	2253	12060	0
6	2260	12090	0
6	2260	12090	0
6	2266	12120	0
6	2266	12120	0
6	2270	12150	0
6	2270	12150	0
6	2275	12180	0
6	2275	12180	0
6	2280	12210	0
6	2280	12210	0
6	2286	12240	0
6	2286	12240	0
6	2290	12270	0
6	2290	12270	0
6	2296	12300	0
6	2296	12300	0
6	2301	12330	0
6	2301	12330	0
6	2306	12360	0
6	2306	12360	0
6	2308	12383.846139398928	1
6	2311	12390	1
6	2311	12390	1
6	2316	12420	1
6	2316	12420	0
6	2320	12450	0
6	2320	12450	0
6	2325	12480	0
6	2325	12480	0
6	2330	12510	0
6	2330	12510	0
6	2336	12540	0
6	2336	12540	0
6	2341	12570	0
6	2341	12570	0
6	2346	12600	0
6	2346	12600	0
6	2352	12630	0
6	2352	12630	0
6	2357	12660	0
6	2357	12660	0
6	2361	12690	0
6	2361	12690	0
6	2365	12720	0
6	2365	12720	0
6	2372	12750	0
6	2372	12750	0
6	2377	12780	0
6	2377	12780	0
6	2381	12810	0
6	2381	12810	0
6	2388	12840	0
6	2388	12840	0
6	2394	12870	0
6	2394	12870	0
6	2399	12900	0
6	2399	12900	0
6	2405	12930	0
6	2405	12930	0
6	2411	12960	0
6	2411	12960	0
6	2418	12990	0
6	2418	12990	0
6	2423	13020	0
6	2423	13020	0
6	2431	13050	0
6	2431	13050	0
6	2437	13080	0
6	2437	13080	0
6	2443	13110	0
6	2443	13110	0
6	2446	13136.621158451201	1
6	2447	13138.124592212304	2
6	2450	13140	2
6	2450	13140	1
6	2455	13170	1
6	2455	13170	0
6	2461	13200	0
6	2461	13200	0
6	2466	13230	0
6	2466	13230	0
6	2469	13240	1
6	2472	13260	1
6	2472	13260	1
6	2479	13290	1
6	2479	13290	0
6	2484	13320	0
6	2484	13320	0
6	2489	13350	0
6	2489	13350	0
6	2494	13380	0
6	2494	13380	0
6	2500	13410	0
6	2500	13410	0
6	2505	13440	0
6	2505	13440	0
6	2509	13470	0
6	2509	13470	0
6	2514	13500	0
6	2514	13500	0
6	2519	13530	0
6	2519	13530	0
6	2524	13560	0
6	2524	13560	0
6	2528	13590	0
6	2528	13590	0
6	2532	13620	0
6	2532	13620	0
6	2537	13650	0
6	2537	13650	0
6	2542	13680	0
6	2542	13680	0
6	2546	13710	0
6	2546	13710	0
6	2550	13740	0
6	2550	13740	0
6	2555	13770	0
6	2555	13770	0
6	2560	13800	0
6	2560	13800	0
6	2565	13830	0
6	2565	13830	0
6	2569	13860	0
6	2569	13860	0
6	2574	13890	0
6	2574	13890	0
6	2578	13920	0
6	2578	13920	0
6	2583	13950	0
6	2583	13950	0
6	2587	13980	0
6	2587	13980	0
6	2589	13990	1
6	2593	14010	1
6	2593	14010	0
6	2599	14040	0
6	2599	14040	0
6	2603	14070	0
6	2603	14070	0
6	2608	14100	0
6	2608	14100	0
6	2614	14130	0
6	2614	14130	0
6	2616	14138.719974244111	1
6	2619	14160	1
6	2619	14160	1
6	2623	14190	1
6	2623	14190	0
6	2629	14220	0
6	2629	14220	0
6	2633	14250	0
6	2633	14250	0
6	2639	14280	0
6	2639	14280	0
6	2646	14310	0
6	2646	14310	0
6	2648	14317.900458358759	1
6	2651	14340	1
6	2651	14340	1
6	2657	14370	1
6	2657	14370	1
6	2663	14400	1
6	2663	14400	0
6	2665	14402.248742360313	1
6	2670	14430	1
6	2670	14430	1
6	2676	14460	1
6	2676	14460	0
6	2681	14490	0
6	2681	14490	0
6	2689	14520	0
6	2689	14520	0
6	2694	14550	0
6	2694	14550	0
6	2700	14580	0
6	2700	14580	0
6	2706	14610	0
6	2706	14610	0
6	2713	14640	0
6	2713	14640	0
6	2718	14670	0
6	2718	14670	0
6	2724	14700	0
6	2724	14700	0
6	2730	14730	0
6	2730	14730	0
6	2732	14732.464687282926	1
6	2736	14760	1
6	2736	14760	1
6	2740	14790	1
6	2740	14790	0
6	2746	14820	0
6	2746	14820	0
6	2748	14827.855308420887	1
6	2752	14850	1
6	2752	14850	0
6	2757	14880	0
6	2757	14880	0
6	2764	14910	0
6	2764	14910	0
6	2769	14940	0
6	2769	14940	0
6	2775	14970	0
6	2775	14970	0
6	2779	15000	0
6	2779	15000	0
6	2785	15030	0
6	2785	15030	0
6	2791	15060	0
6	2791	15060	0
6	2797	15090	0
6	2797	15090	0
6	2800	15117.813190030223	1
6	2803	15120	1
6	2803	15120	1
6	2808	15150	1
6	2808	15150	1
6	2812	15169.936696943078	2
6	2815	15180	2
6	2815	15180	0
6	2821	15210	0
6	2821	15210	0
6	2826	15240	0
6	2826	15240	0
6	2833	15270	0
6	2833	15270	0
6	2840	15300	0
6	2840	15300	0
6	2845	15330	0
6	2845	15330	0
6	2849	15360	0
6	2849	15360	0
6	2856	15390	0
6	2856	15390	0
6	2861	15420	0
6	2861	15420	0
6	2864	15430	1
6	2868	15450	1
6	2868	15450	0
6	2872	15480	0
6	2872	15480	0
6	2881	15510	0
6	2881	15510	0
6	2886	15540	0
6	2886	15540	0
6	2891	15570	0
6	2891	15570	0
6	2897	15600	0
6	2897	15600	0
6	2902	15630	0
6	2902	15630	0
6	2906	15660	0
6	2906	15660	0
6	2908	15670	1
6	2909	15684.078332351235	2
6	2912	15690	2
6	2912	15690	0
6	2916	15720	0
6	2916	15720	0
6	2920	15750	0
6	2920	15750	0
6	2925	15780	0
6	2925	15780	0
6	2929	15790	1
6	2932	15810	1
6	2932	15810	0
6	2938	15840	0
6	2938	15840	0
6	2943	15870	0
6	2943	15870	0
6	2947	15900	0
6	2947	15900	0
6	2954	15930	0
6	2954	15930	0
6	2959	15960	0
6	2959	15960	0
6	2964	15990	0
6	2964	15990	0
6	2968	16020	0
6	2968	16020	0
6	2974	16050	0
6	2974	16050	0
6	2980	16080	0
6	2980	16080	0
6	2988	16110	0
6	2988	16110	0
6	2995	16140	0
6	2995	16140	0
6	3000	16170	0
6	3000	16170	0
6	3006	16196.201802217202	1
6	3009	16200	1
6	3009	16200	1
6	3017	16230	1
6	3017	16230	0
6	3023	16260	0
6	3023	16260	0
6	3025	16268.663755161093	1
6	3030	16290	1
6	3030	16290	0
6	3034	16308.963981983415	1
6	3039	16320	1
6	3039	16320	1
6	3044	16345.468101541447	2
6	3047	16350	2
6	3047	16350	1
6	3053	16380	1
6	3053	16380	0
6	3060	16410	0
6	3060	16410	0
6	3066	16440	0
6	3066	16440	0
6	3074	16470	0
6	3074	16470	0
6	3081	16500	0
6	3081	16500	0
6	3087	16530	0
6	3087	16530	0
6	3094	16560	0
6	3094	16560	0
6	3099	16590	0
6	3099	16590	0
6	3107	16620	0
6	3107	16620	0
6	3111	16650	0
6	3111	16650	0
6	3116	16680	0
6	3116	16680	0
6	3123	16710	0
6	3123	16710	0
6	3129	16740	0
6	3129	16740	0
6	3133	16770	0
6	3133	16770	0
6	3138	16800	0
6	3138	16800	0
6	3142	16830	0
6	3142	16830	0
6	3144	16840	1
6	3147	16860	1
6	3147	16860	1
6	3153	16890	1
6	3153	16890	0
6	3157	16920	0
6	3157	16920	0
6	3161	16950	0
6	3161	16950	0
6	3164	16974.74423941561	1
6	3166	16976.97790660385	2
6	3169	16980	2
6	3169	16980	0
6	3176	17010	0
6	3176	17010	0
6	3181	17040	0
6	3181	17040	0
6	3189	17070	0
6	3189	17070	0
6	3197	17100	0
6	3197	17100	0
6	3204	17130	0
6	3204	17130	0
6	3211	17160	0
6	3211	17160	0
6	3217	17190	0
6	3217	17190	0
6	3224	17220	0
6	3224	17220	0
6	3232	17250	0
6	3232	17250	0
6	3242	17280	0
6	3242	17280	0
6	3245	17307.634131534436	1
6	3248	17310	1
6	3248	17310	1
6	3253	17340	1
6	3253	17340	0
6	3258	17370	0
6	3258	17370	0
6	3267	17400	0
6	3267	17400	0
6	3269	17400.173304934839	1
6	3273	17430	1
6	3273	17430	1
6	3279	17460	1
6	3279	17460	0
6	3286	17490	0
6	3286	17490	0
6	3291	17520	0
6	3291	17520	0
6	3297	17550	0
6	3297	17550	0
6	3304	17580	0
6	3304	17580	0
6	3310	17610	0
6	3310	17610	0
6	3315	17640	0
6	3315	17640	0
6	3320	17670	0
6	3320	17670	0
6	3326	17694.704904309727	1
6	3329	17700	1
6	3329	17700	0
6	3333	17730	0
6	3333	17730	0
6	3335	17753.700901742203	1
6	3338	17760	1
6	3338	17760	1
6	3344	17790	1
6	3344	17790	1
6	3351	17820	1
6	3351	17820	0
6	3355	17850	0
6	3355	17850	0
6	3361	17880	0
6	3361	17880	0
6	3367	17910	0
6	3367	17910	0
6	3373	17940	0
6	3373	17940	0
6	3377	17968.973308767613	1
6	3380	17970	1
6	3380	17970	0
6	3384	18000	0
6	3384	18000	0
6	3388	18030	0
6	3388	18030	0
6	3395	18060	0
6	3395	18060	0
6	3400	18090	0
6	3400	18090	0
6	3406	18120	0
6	3406	18120	0
6	3412	18150	0
6	3412	18150	0
6	3418	18180	0
6	3418	18180	0
6	3423	18210	0
6	3423	18210	0
6	3431	18240	0
6	3431	18240	0
6	3435	18257.831637854098	1
6	3438	18270	1
6	3438	18270	0
6	3441	18280	1
6	3442	18289.979656633127	2
6	3445	18300	2
6	3445	18300	1
6	3451	18330	1
6	3451	18330	0
6	3459	18360	0
6	3459	18360	0
6	3466	18390	0
6	3466	18390	0
6	3472	18420	0
6	3472	18420	0
6	3474	18429.319753257686	1
6	3478	18450	1
6	3478	18450	0
6	3485	18480	0
6	3485	18480	0
6	3488	18493.486238562991	1
6	3493	18510	1
6	3493	18510	0
6	3498	18540	0
6	3498	18540	0
6	3506	18570	0
6	3506	18570	0
6	3512	18600	0
6	3512	18600	0
6	3518	18630	0
6	3518	18630	0
6	3524	18660	0
6	3524	18660	0
6	3529	18690	0
6	3529	18690	0
6	3535	18720	0
6	3535	18720	0
6	3542	18750	0
6	3542	18750	0
6	3547	18780	0
6	3547	18780	0
6	3549	18790	1
6	3554	18810	1
6	3554	18810	0
6	3556	18820	1
6	3557	18832.479648034195	2
6	3560	18840	2
6	3560	18840	1
6	3567	18870	1
6	3567	18870	1
6	3572	18900	1
6	3572	18900	0
6	3579	18930	0
6	3579	18930	0
6	3585	18960	0
6	3585	18960	0
6	3589	18990	0
6	3589	18990	0
6	3595	19020	0
6	3595	19020	0
6	3602	19050	0
6	3602	19050	0
6	3606	19080	0
6	3606	19080	0
6	3611	19110	0
6	3611	19110	0
6	3615	19140	0
6	3615	19140	0
6	3620	19170	0
6	3620	19170	0
6	3627	19200	0
6	3627	19200	0
6	3631	19230	0
6	3631	19230	0
6	3635	19260	0
6	3635	19260	0
6	3641	19290	0
6	3641	19290	0
6	3646	19320	0
6	3646	19320	0
6	3650	19350	0
6	3650	19350	0
6	3655	19380	0
6	3655	19380	0
6	3660	19410	0
6	3660	19410	0
6	3664	19440	0
6	3664	19440	0
6	3669	19470	0
6	3669	19470	0
6	3673	19500	0
6	3673	19500	0
6	3678	19530	0
6	3678	19530	0
6	3684	19560	0
6	3684	19560	0
6	3690	19590	0
6	3690	19590	0
6	3695	19620	0
6	3695	19620	0
6	3702	19650	0
6	3702	19650	0
6	3704	19660	1
6	3708	19680	1
6	3708	19680	0
6	3712	19710	0
6	3712	19710	0
6	3717	19734.436334227201	1
6	3720	19740	1
6	3720	19740	1
6	3725	19770	1
6	3725	19770	0
6	3730	19800	0
6	3730	19800	0
6	3736	19830	0
6	3736	19830	0
6	3741	19860	0
6	3741	19860	0
6	3747	19890	0
6	3747	19890	0
6	3753	19920	0
6	3753	19920	0
6	3759	19950	0
6	3759	19950	0
6	3766	19975.819397067483	1
6	3769	19980	1
6	3769	19980	0
7	230	1118.769543196123	0
7	284	1410	29.759866174524
7	303	1530	47.519575881761
7	340	1747.682499021628	0
7	406	2130	50
7	471	2490	20
7	557	2940	25.354565887269
7	583	3090	20
7	590	3130	0
7	600	3180	40.86488014362
7	681	3660	52.136819272755
7	681	3660	27.603297046003
7	681	3660	9.902782543645
7	706	3780	46.308451904672
7	713	3820	0
7	783	4180	0
7	793	4230	39.304856125047
7	811	4320	20
7	828	4420	0
7	834	4450	0
7	843	4500	54.164410624113
7	882	4710	33.611862461535
7	892	4770	20
7	956	5077.658137297703	0
7	969	5130	50
7	986	5220	40.27009542176
7	999	5280	20
7	1059	5550	50.691076603067
7	1064	5580	34.681804406966
7	1080	5650	0
7	1092	5700	63.645391770258
7	1092	5700	14.703539643475
7	1163	6000	20
7	1173	6060	71.167400376272
7	1173	6060	67.876807892759
7	1180	6090	20
7	1218	6270	54.938657087938
7	1240	6390	45.043660537685
7	1291	6690	20
7	1306	6780	37.184995575755
7	1350	7020	3.791225670123
7	1354	7050	41.354209625072
7	1356	7060	0
7	1380	7200	20
7	1413	7380	58.050776590915
7	1439	7530	3.327292569364
7	1441	7546.061519610494	0
7	1470	7690	0
7	1479	7740	87.47210440486
7	1528	8010	50
7	1528	8010	4.230145097263
7	1539	8074.145361004572	0
7	1561	8190	88.005492575307
7	1592	8370	20
7	1607	8460	52.809072907463
7	1745	9240	20
7	1750	9270	74.649475894271
7	1783	9450	20
7	1826	9690	50
7	1828	9700	0
7	1886	10020	67.835149890986
7	1889	10040.709960126754	0
7	1900	10090	0
7	1913	10143.963370740418	0
7	1936	10290	50
7	1990	10620	71.298779779358
7	2036	10900	0
7	2059	11020	0
7	2079	11130	50
7	2138	11460	21.457541228352
7	2143	11490	50
7	2176	11670	35.482953656218
7	2193	11760	20
7	2204	11813.958974287441	0
7	2207	11820	34.404397675829
7	2239	11970	20
7	2282	12220	0
7	2316	12420	36.153860601072
7	2450	13140	1.875407787696
7	2455	13170	33.378841548799
7	2457	13180	0
7	2479	13290	50
7	2539	13660	0
7	2593	14010	20
7	2623	14190	51.280025755889
7	2663	14400	82.099541641241
7	2673	14455.229412847212	0
7	2676	14460	57.751257639687
7	2708	14620	0
7	2733	14740	0
7	2740	14790	57.535312717074
7	2752	14850	22.144691579113
7	2815	15180	62.186809969777
7	2815	15180	10.063303056922
7	2868	15450	20
7	2876	15490	0
7	2912	15690	20
7	2912	15690	5.921667648765
7	2932	15810	20
7	2950	15928.354264156086	0
7	3017	16230	33.798197782798
7	3027	16286.651252638968	0
7	3030	16290	21.336244838907
7	3047	16350	41.036018016585
7	3053	16380	34.531898458553
7	3057	16400.329175790407	0
7	3063	16420	0
7	3068	16450	0
7	3153	16890	50
7	3169	16980	5.25576058439
7	3169	16980	3.02209339615
7	3201	17120.193331210681	0
7	3253	17340	32.365868465564
7	3262	17380	0
7	3279	17460	59.826695065161
7	3301	17579.744902837909	0
7	3306	17585.573902737846	0
7	3322	17676.49777974865	0
7	3329	17700	5.295095690273
7	3351	17820	66.299098257797
7	3380	17970	1.026691232387
7	3438	18270	12.168362145902
7	3445	18300	10.020343366873
7	3451	18330	50
7	3478	18450	20.680246742314
7	3493	18510	16.513761437009
7	3532	18700	0
7	3554	18810	20
7	3560	18840	20
7	3572	18900	67.520351965805
7	3608	19090	0
7	3623	19180	0
7	3708	19680	20
7	3714	19716.175170018264	0
7	3725	19770	35.563665772799
7	3769	19980	4.180602932517
8	230	1118.769543196123	2766
8	284	1410	2767
8	303	1530	2770
8	340	1747.682499021628	2771
8	406	2130	2774
8	471	2490	2777
8	557	2940	2786
8	583	3090	2785
8	590	3130	2787
8	600	3180	2789
8	681	3660	2792
8	681	3660	2793
8	681	3660	2794
8	706	3780	2795
8	713	3820	2791
8	783	4180	2799
8	793	4230	2803
8	811	4320	2802
8	828	4420	2801
8	834	4450	2804
8	843	4500	2806
8	882	4710	2809
8	892	4770	2808
8	956	5077.658137297703	2817
8	969	5130	2812
8	986	5220	2819
8	999	5280	2816
8	1059	5550	2824
8	1064	5580	2826
8	1080	5650	2823
8	1092	5700	2830
8	1092	5700	2831
8	1163	6000	2832
8	1173	6060	2837
8	1173	6060	2838
8	1180	6090	2836
8	1218	6270	2840
8	1240	6390	2842
8	1291	6690	2843
8	1306	6780	2845
8	1350	7020	2849
8	1354	7050	2848
8	1356	7060	2846
8	1380	7200	2850
8	1413	7380	2851
8	1439	7530	2854
8	1441	7546.061519610494	2852
8	1470	7690	2855
8	1479	7740	2856
8	1528	8010	2857
8	1528	8010	2860
8	1539	8074.145361004572	2861
8	1561	8190	2862
8	1592	8370	2863
8	1607	8460	2865
8	1745	9240	2872
8	1750	9270	2873
8	1783	9450	2874
8	1826	9690	2878
8	1828	9700	2877
8	1886	10020	2881
8	1889	10040.709960126754	2883
8	1900	10090	2882
8	1913	10143.963370740418	2886
8	1936	10290	2884
8	1990	10620	2887
8	2036	10900	2888
8	2059	11020	2889
8	2079	11130	2892
8	2138	11460	2897
8	2143	11490	2896
8	2176	11670	2899
8	2193	11760	2898
8	2204	11813.958974287441	2903
8	2207	11820	2902
8	2239	11970	2901
8	2282	12220	2905
8	2316	12420	2908
8	2450	13140	2918
8	2455	13170	2916
8	2457	13180	2914
8	2479	13290	2917
8	2539	13660	2921
8	2593	14010	2923
8	2623	14190	2925
8	2663	14400	2926
8	2673	14455.229412847212	2930
8	2676	14460	2928
8	2708	14620	2927
8	2733	14740	2931
8	2740	14790	2934
8	2752	14850	2933
8	2815	15180	2939
8	2815	15180	2940
8	2868	15450	2943
8	2876	15490	2944
8	2912	15690	2945
8	2912	15690	2946
8	2932	15810	2947
8	2950	15928.354264156086	2949
8	3017	16230	2955
8	3027	16286.651252638968	2957
8	3030	16290	2953
8	3047	16350	2958
8	3053	16380	2960
8	3057	16400.329175790407	2961
8	3063	16420	2956
8	3068	16450	2959
8	3153	16890	2965
8	3169	16980	2966
8	3169	16980	2967
8	3201	17120.193331210681	2972
8	3253	17340	2978
8	3262	17380	2971
8	3279	17460	2980
8	3301	17579.744902837909	2981
8	3306	17585.573902737846	2982
8	3322	17676.49777974865	2983
8	3329	17700	2984
8	3351	17820	2985
8	3380	17970	2986
8	3438	18270	2992
8	3445	18300	2993
8	3451	18330	2989
8	3478	18450	2994
8	3493	18510	2998
8	3532	18700	2997
8	3554	18810	2999
8	3560	18840	3000
8	3572	18900	3002
8	3608	19090	3005
8	3623	19180	3004
8	3708	19680	3008
8	3714	19716.175170018264	3012
8	3725	19770	3010
8	3769	19980	3015
9	215	1020	0
9	215	1020	0
9	220	1050	0
9	220	1050	0
9	225	1080	0
9	225	1080	0
9	229	1110	0
9	229	1110	0
9	235	1140	0
9	235	1140	0
9	240	1170	0
9	240	1170	0
9	245	1200	0
9	245	1200	0
9	250	1230	0
9	250	1230	0
9	256	1260	0
9	256	1260	0
9	264	1290	0
9	264	1290	0
9	268	1320	0
9	268	1320	0
9	272	1350	0
9	272	1350	0
9	279	1380	0
9	279	1380	0
9	285	1410	0
9	285	1410	0
9	289	1440	0
9	289	1440	0
9	294	1470	0
9	294	1470	0
9	299	1500	0
9	299	1500	0
9	304	1530	0
9	304	1530	0
9	305	1540	1
9	310	1560	1
9	310	1560	0
9	314	1590	0
9	314	1590	0
9	318	1620	0
9	318	1620	0
9	324	1650	0
9	324	1650	0
9	329	1680	0
9	329	1680	0
9	334	1710	0
9	334	1710	0
9	339	1740	0
9	339	1740	0
9	344	1770	0
9	344	1770	0
9	349	1800	0
9	349	1800	0
9	354	1830	0
9	354	1830	0
9	360	1860	0
9	360	1860	0
9	364	1890	0
9	364	1890	0
9	371	1920	0
9	371	1920	0
9	375	1950	0
9	375	1950	0
9	376	1959.160942512538	1
9	381	1980	1
9	381	1980	0
9	386	2010	0
9	386	2010	0
9	390	2040	0
9	390	2040	0
9	397	2070	0
9	397	2070	0
9	402	2100	0
9	402	2100	0
9	407	2130	0
9	407	2130	0
9	411	2160	0
9	411	2160	0
9	416	2190	0
9	416	2190	0
9	421	2220	0
9	421	2220	0
9	427	2250	0
9	427	2250	0
9	432	2280	0
9	432	2280	0
9	433	2307.182434976884	1
9	437	2310	1
9	437	2310	1
9	438	2338.269117521317	2
9	443	2340	2
9	443	2340	2
9	448	2370	2
9	448	2370	0
9	453	2400	0
9	453	2400	0
9	457	2430	0
9	457	2430	0
9	459	2438.584536744535	1
9	465	2460	1
9	465	2460	0
9	472	2490	0
9	472	2490	0
9	477	2520	0
9	477	2520	0
9	484	2550	0
9	484	2550	0
9	490	2580	0
9	490	2580	0
9	497	2610	0
9	497	2610	0
9	501	2640	0
9	501	2640	0
9	508	2670	0
9	508	2670	0
9	514	2700	0
9	514	2700	0
9	518	2730	0
9	518	2730	0
9	523	2760	0
9	523	2760	0
9	528	2790	0
9	528	2790	0
9	529	2795.075820939392	1
9	535	2820	1
9	535	2820	0
9	541	2850	0
9	541	2850	0
9	546	2880	0
9	546	2880	0
9	548	2902.547322285565	1
9	552	2910	1
9	552	2910	1
9	558	2940	1
9	558	2940	1
9	562	2970	1
9	562	2970	0
9	567	3000	0
9	567	3000	0
9	572	3030	0
9	572	3030	0
9	579	3060	0
9	579	3060	0
9	584	3090	0
9	584	3090	0
9	589	3120	0
9	589	3120	0
9	597	3150	0
9	597	3150	0
9	601	3180	0
9	601	3180	0
9	606	3210	0
9	606	3210	0
9	612	3240	0
9	612	3240	0
9	616	3270	0
9	616	3270	0
9	621	3300	0
9	621	3300	0
9	626	3330	0
9	626	3330	0
9	630	3360	0
9	630	3360	0
9	634	3390	0
9	634	3390	0
9	640	3420	0
9	640	3420	0
9	645	3450	0
9	645	3450	0
9	649	3480	0
9	649	3480	0
9	655	3510	0
9	655	3510	0
9	661	3540	0
9	661	3540	0
9	666	3570	0
9	666	3570	0
9	670	3600	0
9	670	3600	0
9	675	3630	0
9	675	3630	0
9	682	3660	0
9	682	3660	0
9	687	3690	0
9	687	3690	0
9	688	3700	1
9	692	3720	1
9	692	3720	0
9	698	3750	0
9	698	3750	0
9	707	3780	0
9	707	3780	0
9	712	3810	0
9	712	3810	0
9	718	3840	0
9	718	3840	0
9	724	3870	0
9	724	3870	0
9	731	3900	0
9	731	3900	0
9	736	3930	0
9	736	3930	0
9	742	3960	0
9	742	3960	0
9	746	3990	0
9	746	3990	0
9	751	4020	0
9	751	4020	0
9	758	4050	0
9	758	4050	0
9	760	4060	1
9	766	4080	1
9	766	4080	0
9	771	4110	0
9	771	4110	0
9	775	4140	0
9	775	4140	0
9	782	4170	0
9	782	4170	0
9	789	4200	0
9	789	4200	0
9	794	4230	0
9	794	4230	0
9	798	4260	0
9	798	4260	0
9	805	4290	0
9	805	4290	0
9	806	4300	1
9	812	4320	1
9	812	4320	0
9	818	4350	0
9	818	4350	0
9	822	4380	0
9	822	4380	0
9	826	4410	0
9	826	4410	0
9	832	4440	0
9	832	4440	0
9	839	4470	0
9	839	4470	0
9	844	4500	0
9	844	4500	0
9	850	4530	0
9	850	4530	0
9	856	4560	0
9	856	4560	0
9	861	4590	0
9	861	4590	0
9	866	4620	0
9	866	4620	0
9	867	4628.637038100816	1
9	868	4631.610327944291	2
9	872	4650	2
9	872	4650	0
9	877	4680	0
9	877	4680	0
9	883	4710	0
9	883	4710	0
9	887	4740	0
9	887	4740	0
9	893	4770	0
9	893	4770	0
9	897	4800	0
9	897	4800	0
9	905	4830	0
9	905	4830	0
9	910	4860	0
9	910	4860	0
9	915	4890	0
9	915	4890	0
9	920	4912.556703195633	1
9	924	4920	1
9	924	4920	1
9	928	4950	1
9	928	4950	1
9	937	4980	1
9	937	4980	0
9	944	5010	0
9	944	5010	0
9	949	5040	0
9	949	5040	0
9	950	5057.957744767681	1
9	954	5070	1
9	954	5070	1
9	958	5079.741976607443	2
9	963	5100	2
9	963	5100	1
9	964	5110	2
9	970	5130	2
9	970	5130	1
9	975	5160	1
9	975	5160	0
9	981	5190	0
9	981	5190	0
9	987	5220	0
9	987	5220	0
9	993	5250	0
9	993	5250	0
9	1000	5280	0
9	1000	5280	0
9	1004	5310	0
9	1004	5310	0
9	1012	5340	0
9	1012	5340	0
9	1017	5370	0
9	1017	5370	0
9	1026	5400	0
9	1026	5400	0
9	1031	5430	0
9	1031	5430	0
9	1037	5460	0
9	1037	5460	0
9	1045	5490	0
9	1045	5490	0
9	1047	5500	1
9	1052	5520	1
9	1052	5520	0
9	1055	5540.211647501983	1
9	1060	5550	1
9	1060	5550	1
9	1065	5580	1
9	1065	5580	0
9	1070	5610	0
9	1070	5610	0
9	1079	5640	0
9	1079	5640	0
9	1081	5650	1
9	1086	5670	1
9	1086	5670	0
9	1093	5700	0
9	1093	5700	0
9	1097	5730	0
9	1097	5730	0
9	1104	5760	0
9	1104	5760	0
9	1112	5790	0
9	1112	5790	0
9	1122	5820	0
9	1122	5820	0
9	1129	5850	0
9	1129	5850	0
9	1134	5880	0
9	1134	5880	0
9	1145	5910	0
9	1145	5910	0
9	1146	5912.635320009618	1
9	1152	5940	1
9	1152	5940	0
9	1153	5942.384360022655	1
9	1157	5970	1
9	1157	5970	0
9	1164	6000	0
9	1164	6000	0
9	1169	6030	0
9	1169	6030	0
9	1174	6060	0
9	1174	6060	0
9	1175	6070	1
9	1176	6070	2
9	1181	6090	2
9	1181	6090	2
9	1187	6120	2
9	1187	6120	0
9	1193	6150	0
9	1193	6150	0
9	1200	6180	0
9	1200	6180	0
9	1205	6210	0
9	1205	6210	0
9	1213	6240	0
9	1213	6240	0
9	1219	6270	0
9	1219	6270	0
9	1225	6300	0
9	1225	6300	0
9	1229	6330	0
9	1229	6330	0
9	1236	6360	0
9	1236	6360	0
9	1241	6390	0
9	1241	6390	0
9	1245	6420	0
9	1245	6420	0
9	1251	6450	0
9	1251	6450	0
9	1256	6480	0
9	1256	6480	0
9	1257	6490	1
9	1261	6510	1
9	1261	6510	0
9	1262	6525.67669237422	1
9	1266	6540	1
9	1266	6540	1
9	1270	6570	1
9	1270	6570	0
9	1275	6600	0
9	1275	6600	0
9	1280	6630	0
9	1280	6630	0
9	1285	6660	0
9	1285	6660	0
9	1292	6690	0
9	1292	6690	0
9	1296	6720	0
9	1296	6720	0
9	1302	6750	0
9	1302	6750	0
9	1307	6780	0
9	1307	6780	0
9	1313	6810	0
9	1313	6810	0
9	1317	6840	0
9	1317	6840	0
9	1322	6870	0
9	1322	6870	0
9	1327	6900	0
9	1327	6900	0
9	1333	6930	0
9	1333	6930	0
9	1334	6940	1
9	1339	6960	1
9	1339	6960	0
9	1344	6990	0
9	1344	6990	0
9	1351	7020	0
9	1351	7020	0
9	1355	7050	0
9	1355	7050	0
9	1361	7080	0
9	1361	7080	0
9	1365	7110	0
9	1365	7110	0
9	1370	7140	0
9	1370	7140	0
9	1376	7170	0
9	1376	7170	0
9	1381	7200	0
9	1381	7200	0
9	1386	7230	0
9	1386	7230	0
9	1393	7260	0
9	1393	7260	0
9	1397	7290	0
9	1397	7290	0
9	1403	7320	0
9	1403	7320	0
9	1410	7350	0
9	1410	7350	0
9	1414	7380	0
9	1414	7380	0
9	1419	7410	0
9	1419	7410	0
9	1424	7440	0
9	1424	7440	0
9	1430	7470	0
9	1430	7470	0
9	1435	7500	0
9	1435	7500	0
9	1440	7530	0
9	1440	7530	0
9	1447	7560	0
9	1447	7560	0
9	1452	7590	0
9	1452	7590	0
9	1457	7620	0
9	1457	7620	0
9	1463	7650	0
9	1463	7650	0
9	1469	7680	0
9	1469	7680	0
9	1474	7710	0
9	1474	7710	0
9	1480	7740	0
9	1480	7740	0
9	1484	7770	0
9	1484	7770	0
9	1485	7771.269765402049	1
9	1490	7800	1
9	1490	7800	1
9	1493	7813.075955329372	2
9	1497	7830	2
9	1497	7830	2
9	1502	7860	2
9	1502	7860	0
9	1506	7890	0
9	1506	7890	0
9	1512	7920	0
9	1512	7920	0
9	1516	7950	0
9	1516	7950	0
9	1523	7980	0
9	1523	7980	0
9	1529	8010	0
9	1529	8010	0
9	1533	8040	0
9	1533	8040	0
9	1538	8070	0
9	1538	8070	0
9	1543	8100	0
9	1543	8100	0
9	1550	8130	0
9	1550	8130	0
9	1555	8160	0
9	1555	8160	0
9	1562	8190	0
9	1562	8190	0
9	1566	8220	0
9	1566	8220	0
9	1567	8244.690881250908	1
9	1571	8250	1
9	1571	8250	0
9	1577	8280	0
9	1577	8280	0
9	1583	8310	0
9	1583	8310	0
9	1588	8340	0
9	1588	8340	0
9	1593	8370	0
9	1593	8370	0
9	1594	8380	1
9	1598	8400	1
9	1598	8400	0
9	1603	8430	0
9	1603	8430	0
9	1608	8460	0
9	1608	8460	0
9	1613	8490	0
9	1613	8490	0
9	1618	8520	0
9	1618	8520	0
9	1624	8550	0
9	1624	8550	0
9	1629	8580	0
9	1629	8580	0
9	1633	8610	0
9	1633	8610	0
9	1639	8640	0
9	1639	8640	0
9	1644	8670	0
9	1644	8670	0
9	1649	8700	0
9	1649	8700	0
9	1655	8730	0
9	1655	8730	0
9	1656	8740	1
9	1660	8760	1
9	1660	8760	0
9	1665	8790	0
9	1665	8790	0
9	1666	8808.109453091894	1
9	1670	8820	1
9	1670	8820	0
9	1675	8850	0
9	1675	8850	0
9	1681	8880	0
9	1681	8880	0
9	1687	8910	0
9	1687	8910	0
9	1693	8940	0
9	1693	8940	0
9	1697	8970	0
9	1697	8970	0
9	1703	9000	0
9	1703	9000	0
9	1708	9030	0
9	1708	9030	0
9	1712	9060	0
9	1712	9060	0
9	1717	9090	0
9	1717	9090	0
9	1718	9093.548424350949	1
9	1723	9120	1
9	1723	9120	0
9	1728	9150	0
9	1728	9150	0
9	1733	9180	0
9	1733	9180	0
9	1739	9210	0
9	1739	9210	0
9	1746	9240	0
9	1746	9240	0
9	1747	9264.865246263176	1
9	1751	9270	1
9	1751	9270	1
9	1756	9300	1
9	1756	9300	1
9	1761	9330	1
9	1761	9330	0
9	1767	9360	0
9	1767	9360	0
9	1768	9370	1
9	1773	9390	1
9	1773	9390	0
9	1778	9420	0
9	1778	9420	0
9	1784	9450	0
9	1784	9450	0
9	1787	9472.811748509106	1
9	1791	9480	1
9	1791	9480	1
9	1796	9510	1
9	1796	9510	1
9	1800	9540	1
9	1800	9540	0
9	1806	9570	0
9	1806	9570	0
9	1809	9580	1
9	1813	9600	1
9	1813	9600	0
9	1817	9630	0
9	1817	9630	0
9	1822	9660	0
9	1822	9660	0
9	1827	9690	0
9	1827	9690	0
9	1832	9720	0
9	1832	9720	0
9	1838	9750	0
9	1838	9750	0
9	1842	9780	0
9	1842	9780	0
9	1848	9810	0
9	1848	9810	0
9	1852	9840	0
9	1852	9840	0
9	1860	9870	0
9	1860	9870	0
9	1865	9900	0
9	1865	9900	0
9	1869	9930	0
9	1869	9930	0
9	1878	9960	0
9	1878	9960	0
9	1882	9990	0
9	1882	9990	0
9	1887	10020	0
9	1887	10020	0
9	1894	10050	0
9	1894	10050	0
9	1898	10080	0
9	1898	10080	0
9	1904	10110	0
9	1904	10110	0
9	1905	10110.449478601638	1
9	1911	10140	1
9	1911	10140	0
9	1912	10140.709960126754	1
9	1917	10170	1
9	1917	10170	1
9	1922	10200	1
9	1922	10200	1
9	1926	10230	1
9	1926	10230	0
9	1933	10260	0
9	1933	10260	0
9	1937	10290	0
9	1937	10290	0
9	1942	10320	0
9	1942	10320	0
9	1947	10350	0
9	1947	10350	0
9	1952	10380	0
9	1952	10380	0
9	1957	10410	0
9	1957	10410	0
9	1961	10440	0
9	1961	10440	0
9	1968	10470	0
9	1968	10470	0
9	1972	10500	0
9	1972	10500	0
9	1976	10530	0
9	1976	10530	0
9	1981	10560	0
9	1981	10560	0
9	1986	10590	0
9	1986	10590	0
9	1991	10620	0
9	1991	10620	0
9	1995	10650	0
9	1995	10650	0
9	1999	10680	0
9	1999	10680	0
9	2004	10710	0
9	2004	10710	0
9	2009	10740	0
9	2009	10740	0
9	2010	10750	1
9	2014	10770	1
9	2014	10770	1
9	2018	10800	1
9	2018	10800	0
9	2024	10830	0
9	2024	10830	0
9	2030	10860	0
9	2030	10860	0
9	2031	10870	1
9	2035	10890	1
9	2035	10890	1
9	2041	10920	1
9	2041	10920	0
9	2047	10950	0
9	2047	10950	0
9	2048	10959.745549741633	1
9	2052	10980	1
9	2052	10980	0
9	2057	11010	0
9	2057	11010	0
9	2058	11020	1
9	2063	11040	1
9	2063	11040	0
9	2070	11070	0
9	2070	11070	0
9	2075	11100	0
9	2075	11100	0
9	2080	11130	0
9	2080	11130	0
9	2086	11160	0
9	2086	11160	0
9	2092	11190	0
9	2092	11190	0
9	2098	11220	0
9	2098	11220	0
9	2103	11250	0
9	2103	11250	0
9	2108	11280	0
9	2108	11280	0
9	2114	11310	0
9	2114	11310	0
9	2115	11315.321171334119	1
9	2121	11340	1
9	2121	11340	0
9	2125	11370	0
9	2125	11370	0
9	2129	11400	0
9	2129	11400	0
9	2133	11430	0
9	2133	11430	0
9	2139	11460	0
9	2139	11460	0
9	2140	11470	1
9	2144	11490	1
9	2144	11490	1
9	2149	11520	1
9	2149	11520	0
9	2154	11550	0
9	2154	11550	0
9	2159	11580	0
9	2159	11580	0
9	2164	11610	0
9	2164	11610	0
9	2171	11640	0
9	2171	11640	0
9	2177	11670	0
9	2177	11670	0
9	2183	11700	0
9	2183	11700	0
9	2188	11730	0
9	2188	11730	0
9	2194	11760	0
9	2194	11760	0
9	2196	11768.865473833156	1
9	2203	11790	1
9	2203	11790	1
9	2208	11820	1
9	2208	11820	1
9	2214	11850	1
9	2214	11850	0
9	2221	11880	0
9	2221	11880	0
9	2225	11910	0
9	2225	11910	0
9	2234	11940	0
9	2234	11940	0
9	2240	11970	0
9	2240	11970	0
9	2244	12000	0
9	2244	12000	0
9	2250	12030	0
9	2250	12030	0
9	2254	12060	0
9	2254	12060	0
9	2261	12090	0
9	2261	12090	0
9	2262	12100	1
9	2263	12100	2
9	2267	12120	2
9	2267	12120	0
9	2271	12150	0
9	2271	12150	0
9	2276	12180	0
9	2276	12180	0
9	2281	12210	0
9	2281	12210	0
9	2287	12240	0
9	2287	12240	0
9	2291	12270	0
9	2291	12270	0
9	2297	12300	0
9	2297	12300	0
9	2302	12330	0
9	2302	12330	0
9	2307	12360	0
9	2307	12360	0
9	2312	12390	0
9	2312	12390	0
9	2317	12420	0
9	2317	12420	0
9	2321	12450	0
9	2321	12450	0
9	2326	12480	0
9	2326	12480	0
9	2331	12510	0
9	2331	12510	0
9	2337	12540	0
9	2337	12540	0
9	2342	12570	0
9	2342	12570	0
9	2347	12600	0
9	2347	12600	0
9	2353	12630	0
9	2353	12630	0
9	2358	12660	0
9	2358	12660	0
9	2362	12690	0
9	2362	12690	0
9	2366	12720	0
9	2366	12720	0
9	2367	12720.177494870281	1
9	2373	12750	1
9	2373	12750	1
9	2378	12780	1
9	2378	12780	1
9	2382	12810	1
9	2382	12810	0
9	2389	12840	0
9	2389	12840	0
9	2395	12870	0
9	2395	12870	0
9	2400	12900	0
9	2400	12900	0
9	2406	12930	0
9	2406	12930	0
9	2412	12960	0
9	2412	12960	0
9	2419	12990	0
9	2419	12990	0
9	2424	13020	0
9	2424	13020	0
9	2425	13030	1
9	2432	13050	1
9	2432	13050	1
9	2438	13080	1
9	2438	13080	0
9	2444	13110	0
9	2444	13110	0
9	2445	13136.528802645584	1
9	2451	13140	1
9	2451	13140	0
9	2456	13170	0
9	2456	13170	0
9	2462	13200	0
9	2462	13200	0
9	2467	13230	0
9	2467	13230	0
9	2473	13260	0
9	2473	13260	0
9	2480	13290	0
9	2480	13290	0
9	2485	13320	0
9	2485	13320	0
9	2490	13350	0
9	2490	13350	0
9	2495	13380	0
9	2495	13380	0
9	2501	13410	0
9	2501	13410	0
9	2506	13440	0
9	2506	13440	0
9	2510	13470	0
9	2510	13470	0
9	2515	13500	0
9	2515	13500	0
9	2520	13530	0
9	2520	13530	0
9	2521	13540	1
9	2525	13560	1
9	2525	13560	0
9	2529	13590	0
9	2529	13590	0
9	2533	13620	0
9	2533	13620	0
9	2538	13650	0
9	2538	13650	0
9	2543	13680	0
9	2543	13680	0
9	2547	13710	0
9	2547	13710	0
9	2551	13740	0
9	2551	13740	0
9	2556	13770	0
9	2556	13770	0
9	2561	13800	0
9	2561	13800	0
9	2566	13830	0
9	2566	13830	0
9	2570	13860	0
9	2570	13860	0
9	2571	13877.695384084542	1
9	2575	13890	1
9	2575	13890	0
9	2579	13920	0
9	2579	13920	0
9	2584	13950	0
9	2584	13950	0
9	2588	13980	0
9	2588	13980	0
9	2594	14010	0
9	2594	14010	0
9	2600	14040	0
9	2600	14040	0
9	2604	14070	0
9	2604	14070	0
9	2609	14100	0
9	2609	14100	0
9	2615	14130	0
9	2615	14130	0
9	2620	14160	0
9	2620	14160	0
9	2624	14190	0
9	2624	14190	0
9	2630	14220	0
9	2630	14220	0
9	2634	14250	0
9	2634	14250	0
9	2640	14280	0
9	2640	14280	0
9	2647	14310	0
9	2647	14310	0
9	2652	14340	0
9	2652	14340	0
9	2658	14370	0
9	2658	14370	0
9	2664	14400	0
9	2664	14400	0
9	2671	14430	0
9	2671	14430	0
9	2677	14460	0
9	2677	14460	0
9	2678	14470	1
9	2682	14490	1
9	2682	14490	1
9	2690	14520	1
9	2690	14520	0
9	2695	14550	0
9	2695	14550	0
9	2701	14580	0
9	2701	14580	0
9	2702	14592.224702489209	1
9	2707	14610	1
9	2707	14610	1
9	2714	14640	1
9	2714	14640	0
9	2719	14670	0
9	2719	14670	0
9	2725	14700	0
9	2725	14700	0
9	2731	14730	0
9	2731	14730	0
9	2737	14760	0
9	2737	14760	0
9	2741	14790	0
9	2741	14790	0
9	2747	14820	0
9	2747	14820	0
9	2753	14850	0
9	2753	14850	0
9	2758	14880	0
9	2758	14880	0
9	2761	14907.758867202875	1
9	2765	14910	1
9	2765	14910	1
9	2770	14940	1
9	2770	14940	0
9	2776	14970	0
9	2776	14970	0
9	2780	15000	0
9	2780	15000	0
9	2786	15030	0
9	2786	15030	0
9	2792	15060	0
9	2792	15060	0
9	2794	15070	1
9	2798	15090	1
9	2798	15090	1
9	2804	15120	1
9	2804	15120	0
9	2809	15150	0
9	2809	15150	0
9	2816	15180	0
9	2816	15180	0
9	2822	15210	0
9	2822	15210	0
9	2827	15240	0
9	2827	15240	0
9	2834	15270	0
9	2834	15270	0
9	2837	15288.19365086705	1
9	2841	15300	1
9	2841	15300	1
9	2846	15330	1
9	2846	15330	0
9	2850	15360	0
9	2850	15360	0
9	2857	15390	0
9	2857	15390	0
9	2862	15420	0
9	2862	15420	0
9	2869	15450	0
9	2869	15450	0
9	2873	15480	0
9	2873	15480	0
9	2882	15510	0
9	2882	15510	0
9	2883	15530.515107585434	1
9	2887	15540	1
9	2887	15540	1
9	2892	15570	1
9	2892	15570	0
9	2898	15600	0
9	2898	15600	0
9	2899	15605.704742315607	1
9	2903	15630	1
9	2903	15630	1
9	2907	15660	1
9	2907	15660	1
9	2913	15690	1
9	2913	15690	0
9	2917	15720	0
9	2917	15720	0
9	2921	15750	0
9	2921	15750	0
9	2926	15780	0
9	2926	15780	0
9	2933	15810	0
9	2933	15810	0
9	2939	15840	0
9	2939	15840	0
9	2940	15862.701456591777	1
9	2944	15870	1
9	2944	15870	1
9	2948	15900	1
9	2948	15900	1
9	2955	15930	1
9	2955	15930	0
9	2960	15960	0
9	2960	15960	0
9	2965	15990	0
9	2965	15990	0
9	2969	16020	0
9	2969	16020	0
9	2975	16050	0
9	2975	16050	0
9	2981	16080	0
9	2981	16080	0
9	2989	16110	0
9	2989	16110	0
9	2996	16140	0
9	2996	16140	0
9	3001	16170	0
9	3001	16170	0
9	3002	16180	1
9	3010	16200	1
9	3010	16200	0
9	3018	16230	0
9	3018	16230	0
9	3024	16260	0
9	3024	16260	0
9	3031	16290	0
9	3031	16290	0
9	3036	16319.857748286815	1
9	3040	16320	1
9	3040	16320	0
9	3048	16350	0
9	3048	16350	0
9	3054	16380	0
9	3054	16380	0
9	3061	16410	0
9	3061	16410	0
9	3067	16440	0
9	3067	16440	0
9	3070	16451.154762167757	1
9	3075	16470	1
9	3075	16470	1
9	3082	16500	1
9	3082	16500	0
9	3083	16500.329175790407	1
9	3088	16530	1
9	3088	16530	1
9	3095	16560	1
9	3095	16560	1
9	3100	16590	1
9	3100	16590	0
9	3108	16620	0
9	3108	16620	0
9	3112	16650	0
9	3112	16650	0
9	3117	16680	0
9	3117	16680	0
9	3124	16710	0
9	3124	16710	0
9	3125	16719.450664021231	1
9	3130	16740	1
9	3130	16740	0
9	3134	16770	0
9	3134	16770	0
9	3139	16800	0
9	3139	16800	0
9	3143	16830	0
9	3143	16830	0
9	3148	16860	0
9	3148	16860	0
9	3154	16890	0
9	3154	16890	0
9	3158	16920	0
9	3158	16920	0
9	3162	16950	0
9	3162	16950	0
9	3170	16980	0
9	3170	16980	0
9	3177	17010	0
9	3177	17010	0
9	3182	17040	0
9	3182	17040	0
9	3190	17070	0
9	3190	17070	0
9	3198	17100	0
9	3198	17100	0
9	3205	17130	0
9	3205	17130	0
9	3212	17160	0
9	3212	17160	0
9	3218	17190	0
9	3218	17190	0
9	3219	17193.863581525867	1
9	3225	17220	1
9	3225	17220	1
9	3227	17230	2
9	3228	17230	3
9	3229	17244.690113247341	4
9	3233	17250	4
9	3233	17250	3
9	3238	17264.039282715637	4
9	3243	17280	4
9	3243	17280	0
9	3249	17310	0
9	3249	17310	0
9	3254	17340	0
9	3254	17340	0
9	3259	17370	0
9	3259	17370	0
9	3268	17400	0
9	3268	17400	0
9	3274	17430	0
9	3274	17430	0
9	3280	17460	0
9	3280	17460	0
9	3287	17490	0
9	3287	17490	0
9	3288	17500	1
9	3292	17520	1
9	3292	17520	0
9	3298	17550	0
9	3298	17550	0
9	3305	17580	0
9	3305	17580	0
9	3311	17610	0
9	3311	17610	0
9	3316	17640	0
9	3316	17640	0
9	3321	17670	0
9	3321	17670	0
9	3330	17700	0
9	3330	17700	0
9	3334	17730	0
9	3334	17730	0
9	3339	17760	0
9	3339	17760	0
9	3341	17776.49777974865	1
9	3345	17790	1
9	3345	17790	0
9	3352	17820	0
9	3352	17820	0
9	3356	17850	0
9	3356	17850	0
9	3362	17880	0
9	3362	17880	0
9	3368	17910	0
9	3368	17910	0
9	3374	17940	0
9	3374	17940	0
9	3381	17970	0
9	3381	17970	0
9	3385	18000	0
9	3385	18000	0
9	3389	18030	0
9	3389	18030	0
9	3396	18060	0
9	3396	18060	0
9	3401	18090	0
9	3401	18090	0
9	3407	18120	0
9	3407	18120	0
9	3409	18135.986236593303	1
9	3413	18150	1
9	3413	18150	1
9	3419	18180	1
9	3419	18180	0
9	3424	18210	0
9	3424	18210	0
9	3432	18240	0
9	3432	18240	0
9	3439	18270	0
9	3439	18270	0
9	3446	18300	0
9	3446	18300	0
9	3452	18330	0
9	3452	18330	0
9	3453	18340	1
9	3460	18360	1
9	3460	18360	0
9	3467	18390	0
9	3467	18390	0
9	3473	18420	0
9	3473	18420	0
9	3479	18450	0
9	3479	18450	0
9	3486	18480	0
9	3486	18480	0
9	3494	18510	0
9	3494	18510	0
9	3499	18540	0
9	3499	18540	0
9	3500	18550	1
9	3503	18569.892790101904	2
9	3507	18570	2
9	3507	18570	2
9	3513	18600	2
9	3513	18600	0
9	3514	18602.072131011895	1
9	3519	18630	1
9	3519	18630	1
9	3525	18660	1
9	3525	18660	1
9	3530	18690	1
9	3530	18690	0
9	3536	18720	0
9	3536	18720	0
9	3543	18750	0
9	3543	18750	0
9	3548	18780	0
9	3548	18780	0
9	3555	18810	0
9	3555	18810	0
9	3561	18840	0
9	3561	18840	0
9	3568	18870	0
9	3568	18870	0
9	3573	18900	0
9	3573	18900	0
9	3580	18930	0
9	3580	18930	0
9	3586	18960	0
9	3586	18960	0
9	3590	18990	0
9	3590	18990	0
9	3596	19020	0
9	3596	19020	0
9	3598	19030	1
9	3603	19050	1
9	3603	19050	1
9	3607	19080	1
9	3607	19080	0
9	3612	19110	0
9	3612	19110	0
9	3616	19140	0
9	3616	19140	0
9	3621	19170	0
9	3621	19170	0
9	3622	19180	1
9	3628	19200	1
9	3628	19200	0
9	3632	19230	0
9	3632	19230	0
9	3636	19260	0
9	3636	19260	0
9	3642	19290	0
9	3642	19290	0
9	3647	19320	0
9	3647	19320	0
9	3651	19350	0
9	3651	19350	0
9	3656	19380	0
9	3656	19380	0
9	3661	19410	0
9	3661	19410	0
9	3665	19440	0
9	3665	19440	0
9	3670	19470	0
9	3670	19470	0
9	3674	19500	0
9	3674	19500	0
9	3679	19530	0
9	3679	19530	0
9	3685	19560	0
9	3685	19560	0
9	3686	19568.294878508826	1
9	3691	19590	1
9	3691	19590	1
9	3696	19620	1
9	3696	19620	0
9	3703	19650	0
9	3703	19650	0
9	3705	19675.689897889412	1
9	3709	19680	1
9	3709	19680	1
9	3713	19710	1
9	3713	19710	1
9	3721	19740	1
9	3721	19740	0
9	3726	19770	0
9	3726	19770	0
9	3731	19800	0
9	3731	19800	0
9	3737	19830	0
9	3737	19830	0
9	3742	19860	0
9	3742	19860	0
9	3748	19890	0
9	3748	19890	0
9	3749	19900	1
9	3754	19920	1
9	3754	19920	0
9	3760	19950	0
9	3760	19950	0
9	3770	19980	0
9	3770	19980	0
10	216	1021.553885110397	0
10	259	1280.240133825476	0
10	281	1382.480424118239	0
10	310	1560	20
10	381	1980	20.839057487462
10	412	2170	0
10	448	2370	62.817565023116
10	448	2370	31.730882478683
10	465	2460	21.415463255465
10	468	2481.17287506432	0
10	524	2770	0
10	535	2820	24.924179060608
10	562	2970	67.452677714435
10	574	3040	0
10	692	3720	20
10	700	3760	0
10	766	4080	20
10	812	4320	20
10	862	4600	0
10	872	4650	21.362961899184
10	872	4650	18.389672055709
10	937	4980	67.443296804367
10	963	5100	42.042255232319
10	970	5130	50.258023392557
10	975	5160	50
10	1007	5320	0
10	1052	5520	20
10	1065	5580	39.788352498017
10	1086	5670	20
10	1105	5770	0
10	1116	5800	0
10	1152	5940	27.364679990382
10	1157	5970	27.615639977345
10	1187	6120	50
10	1187	6120	50
10	1215	6250	0
10	1261	6510	20
10	1270	6570	44.32330762578
10	1271	6572.110150641493	0
10	1328	6908.645790374928	0
10	1339	6960	20
10	1420	7426.672707430636	0
10	1425	7446.061519610494	0
10	1502	7860	88.730234597951
10	1502	7860	46.924044670628
10	1508	7905.769854902737	0
10	1556	8170	0
10	1571	8250	5.309118749092
10	1598	8400	20
10	1660	8760	20
10	1670	8820	11.890546908106
10	1723	9120	26.451575649051
10	1724	9130	0
10	1761	9330	65.134753736824
10	1773	9390	20
10	1800	9540	67.188251490894
10	1813	9600	20
10	1854	9850	0
10	1911	10140	29.550521398362
10	1926	10230	89.290039873246
10	2005	10720	0
10	2018	10800	50
10	2041	10920	50
10	2052	10980	20.254450258367
10	2063	11040	20
10	2121	11340	24.678828665881
10	2149	11520	50
10	2214	11850	81.134526166844
10	2217	11866.385154846503	0
10	2226	11913.958974287441	0
10	2267	12120	20
10	2267	12120	20
10	2332	12520	0
10	2368	12730	0
10	2382	12810	89.822505129719
10	2390	12850	0
10	2427	13036.621158451201	0
10	2438	13080	50
10	2439	13090	0
10	2451	13140	3.471197354416
10	2452	13161.404488733894	0
10	2468	13240	0
10	2525	13560	20
10	2575	13890	12.304615915458
10	2580	13930	0
10	2684	14499.794484341236	0
10	2690	14520	50
10	2696	14555.229412847212	0
10	2714	14640	47.775297510791
10	2727	14727.855308420887	0
10	2770	14940	32.241132797125
10	2804	15120	50
10	2835	15280	0
10	2846	15330	41.80634913295
10	2892	15570	39.484892414566
10	2893	15584.078332351235	0
10	2913	15690	84.295257684393
10	2955	15930	67.298543408223
10	2997	16168.663755161093	0
10	3003	16180.394098897171	0
10	3010	16200	20
10	3040	16320	0.142251713185
10	3082	16500	48.845237832243
10	3100	16590	89.670824209593
10	3118	16690	0
10	3130	16740	20.549335978769
10	3207	17157.306936443413	0
10	3213	17160.304729362239	0
10	3233	17250	56.136418474133
10	3243	17280	50
10	3243	17280	50
10	3243	17280	35.309886752659
10	3243	17280	15.960717284363
10	3275	17440	0
10	3292	17520	20
10	3345	17790	13.50222025135
10	3358	17868.973308767613	0
10	3419	18180	44.013763406697
10	3434	18250	0
10	3448	18329.319753257686	0
10	3460	18360	20
10	3469	18400	0
10	3487	18490	0
10	3513	18600	50
10	3513	18600	30.107209898096
10	3530	18690	87.927868988105
10	3607	19080	50
10	3628	19200	20
10	3696	19620	51.705121491174
10	3697	19634.436334227201	0
10	3721	19740	64.310102110588
10	3754	19920	20
10	3755	19928.592067304055	0
11	216	1021.553885110397	2765
11	259	1280.240133825476	2767
11	281	1382.480424118239	2770
11	310	1560	2769
11	381	1980	2774
11	412	2170	2773
11	448	2370	2776
11	448	2370	2777
11	465	2460	2778
11	468	2481.17287506432	2780
11	524	2770	2781
11	535	2820	2784
11	562	2970	2785
11	574	3040	2786
11	692	3720	2791
11	700	3760	2792
11	766	4080	2799
11	812	4320	2801
11	862	4600	2806
11	872	4650	2807
11	872	4650	2808
11	937	4980	2812
11	963	5100	2815
11	970	5130	2818
11	975	5160	2813
11	1007	5320	2819
11	1052	5520	2821
11	1065	5580	2825
11	1086	5670	2824
11	1105	5770	2822
11	1116	5800	2831
11	1152	5940	2834
11	1157	5970	2836
11	1187	6120	2833
11	1187	6120	2835
11	1215	6250	2839
11	1261	6510	2842
11	1270	6570	2843
11	1271	6572.110150641493	2844
11	1328	6908.645790374928	2848
11	1339	6960	2846
11	1420	7426.672707430636	2854
11	1425	7446.061519610494	2852
11	1502	7860	2857
11	1502	7860	2858
11	1508	7905.769854902737	2860
11	1556	8170	2859
11	1571	8250	2863
11	1598	8400	2864
11	1660	8760	2866
11	1670	8820	2869
11	1723	9120	2871
11	1724	9130	2870
11	1761	9330	2874
11	1773	9390	2873
11	1800	9540	2878
11	1813	9600	2877
11	1854	9850	2879
11	1911	10140	2884
11	1926	10230	2883
11	2005	10720	2887
11	2018	10800	2888
11	2041	10920	2889
11	2052	10980	2892
11	2063	11040	2890
11	2121	11340	2896
11	2149	11520	2895
11	2214	11850	2901
11	2217	11866.385154846503	2904
11	2226	11913.958974287441	2903
11	2267	12120	2905
11	2267	12120	2906
11	2332	12520	2908
11	2368	12730	2909
11	2382	12810	2912
11	2390	12850	2910
11	2427	13036.621158451201	2916
11	2438	13080	2914
11	2439	13090	2913
11	2451	13140	2917
11	2452	13161.404488733894	2919
11	2468	13240	2918
11	2525	13560	2921
11	2575	13890	2923
11	2580	13930	2922
11	2684	14499.794484341236	2932
11	2690	14520	2927
11	2696	14555.229412847212	2930
11	2714	14640	2931
11	2727	14727.855308420887	2933
11	2770	14940	2936
11	2804	15120	2937
11	2835	15280	2939
11	2846	15330	2943
11	2892	15570	2945
11	2893	15584.078332351235	2946
11	2913	15690	2947
11	2955	15930	2948
11	2997	16168.663755161093	2953
11	3003	16180.394098897171	2954
11	3010	16200	2951
11	3040	16320	2956
11	3082	16500	2963
11	3100	16590	2961
11	3118	16690	2962
11	3130	16740	2965
11	3207	17157.306936443413	2974
11	3213	17160.304729362239	2968
11	3233	17250	2976
11	3243	17280	2970
11	3243	17280	2971
11	3243	17280	2973
11	3243	17280	2975
11	3275	17440	2978
11	3292	17520	2979
11	3345	17790	2983
11	3358	17868.973308767613	2986
11	3419	18180	2989
11	3434	18250	2987
11	3448	18329.319753257686	2994
11	3460	18360	2990
11	3469	18400	2993
11	3487	18490	2991
11	3513	18600	2996
11	3513	18600	2997
11	3530	18690	2999
11	3607	19080	3004
11	3628	19200	3006
11	3696	19620	3009
11	3697	19634.436334227201	3010
11	3721	19740	3011
11	3754	19920	3013
11	3755	19928.592067304055	3014
12	251	1240	318.4461148896
12	290	1460	441.23045680388
12	391	2050	349.83847419204
12	403	2110	204.67263931521
12	486	2570	362.81756502312
12	503	2650	302.73928999898
12	607	3212.322254589122	200
12	752	4030	278.11761141683
12	799	4270	213.42117030018
12	1106	5770	309.10587268533
12	1194	6160	347.36467999038
12	1963	10460	416.03662925958
12	2109	11290	348.54881848892
12	2198	11780	441.45754122835
12	2413	12970	437.00922364311
12	2496	13390	282.72226252887
12	2691	14540	501.28002575589
12	2721	14699.794484341236	300
12	2810	15160	352.24113279712
12	2992	16130	367.29854340822
12	3014	16228.354264156086	400
12	3096	16586.651252638968	400
12	3276	17450	356.13641847413
12	3564	18860	466.51376143701
13	251	1240	18.446114889603
13	290	1460	41.230456803877
13	391	2050	49.838474192036
13	403	2110	4.672639315209
13	486	2570	62.817565023116
13	503	2650	2.739289998978
13	607	3212.322254589122	0
13	752	4030	78.11761141683
13	799	4270	13.421170300185
13	1106	5770	9.105872685327
13	1194	6160	47.364679990382
13	1963	10460	16.036629259582
13	2109	11290	48.548818488919
13	2198	11780	41.457541228352
13	2413	12970	137.00922364311
13	2496	13390	82.722262528874
13	2691	14540	101.28002575589
13	2721	14699.794484341236	0
13	2810	15160	52.241132797125
13	2992	16130	67.298543408223
13	3014	16228.354264156086	0
13	3096	16586.651252638968	0
13	3276	17450	56.136418474133
13	3564	18860	66.513761437009
14	251	1240	2
14	290	1460	3
14	391	2050	2
14	403	2110	1
14	486	2570	2
14	503	2650	2
14	607	3212.322254589122	1
14	752	4030	1
14	799	4270	1
14	1106	5770	2
14	1194	6160	2
14	1963	10460	3
14	2109	11290	2
14	2198	11780	3
14	2413	12970	2
14	2496	13390	1
14	2691	14540	3
14	2721	14699.794484341236	2
14	2810	15160	2
14	2992	16130	2
14	3014	16228.354264156086	3
14	3096	16586.651252638968	3
14	3276	17450	2
14	3564	18860	3
15	257	1270	378.44626258188
15	536	2830	388.96639147412
15	747	4000	366.30845190467
15	753	4040	374.08068006136
15	754	4040	303.09642020407
15	835	4450	231.69942600686
15	940	5007.787258963202	300
15	1006	5320	342.3418627023
15	1220	6280	387.87680789276
15	1247	6435.859998296584	300
15	1345	7000	357.18499557576
15	1387	7240	323.79122567012
15	1448	7570	261.93362959525
15	1584	8320	345.85463899543
15	1682	8890	270.44855805359
15	1823	9680	360.78196218062
15	1861	9890	517.18825149089
15	2116	11330	470.25445025837
15	2625	14210	432.30461591546
15	2760	14897.568281962683	200
15	2863	15430	325.52873967409
15	3101	16600	391.03601801658
15	3369	17920	325.29509569027
15	3391	18040	386.2990982578
15	3447	18320	361.69121994042
15	3495	18520	362.1683621459
15	3521	18650	420.68024674231
15	3599	19030	395.91410621137
15	3617	19150	407.30973884857
15	3763	19960	343.82482998174
15	3765	19970	435.5636657728
16	257	1270	78.446262581881
16	536	2830	88.96639147412
16	747	4000	66.308451904672
16	753	4040	74.080680061363
16	754	4040	3.096420204066
16	835	4450	31.699426006863
16	940	5007.787258963202	0
16	1006	5320	42.341862702297
16	1220	6280	87.876807892759
16	1247	6435.859998296584	0
16	1345	7000	57.184995575755
16	1387	7240	23.791225670123
16	1448	7570	61.933629595253
16	1584	8320	45.854638995428
16	1682	8890	70.448558053595
16	1823	9680	60.781962180616
16	1861	9890	117.18825149089
16	2116	11330	70.254450258367
16	2625	14210	32.304615915458
16	2760	14897.568281962683	0
16	2863	15430	25.528739674088
16	3101	16600	91.036018016585
16	3369	17920	25.295095690273
16	3391	18040	86.299098257797
16	3447	18320	61.69121994042
16	3495	18520	62.168362145902
16	3521	18650	20.680246742314
16	3599	19030	95.914106211372
16	3617	19150	107.30973884857
16	3763	19960	43.824829981736
16	3765	19970	35.563665772799
17	257	1270	2
17	536	2830	2
17	747	4000	2
17	753	4040	2
17	754	4040	2
17	835	4450	1
17	940	5007.787258963202	2
17	1006	5320	2
17	1220	6280	2
17	1247	6435.859998296584	2
17	1345	7000	2
17	1387	7240	2
17	1448	7570	1
17	1584	8320	2
17	1682	8890	1
17	1823	9680	2
17	1861	9890	3
17	2116	11330	3
17	2625	14210	3
17	2760	14897.568281962683	1
17	2863	15430	2
17	3101	16600	2
17	3369	17920	2
17	3391	18040	2
17	3447	18320	2
17	3495	18520	2
17	3521	18650	3
17	3599	19030	2
17	3617	19150	2
17	3763	19960	2
17	3765	19970	3
18	306	1540	281.57740606719
18	335	1730	447.51957588176
18	537	2840	338.56366531685
18	641	3430	389.4997671556
18	725	3880	329.90278254365
18	840	4480	389.30485612505
18	930	4960	383.61186246153
18	966	5120	315.76306437631
18	1039	5480	363.01202721301
18	1099	5740	205.74942563104
18	1147	5920	383.64539177026
18	1221	6290	447.61563997734
18	1335	6943.48251699125	200
18	1389	7250	441.35420962507
18	1453	7600	378.05077659092
18	1476	7730	403.32729256936
18	1645	8680	372.80907290746
18	1802	9560	365.38476200742
18	1927	10240	387.83514989099
18	1938	10300	272.11074466982
18	2227	11920	385.48295365622
18	2272	12170	501.13452616684
18	2511	13490	453.47119735442
18	2788	15050	422.14469157911
18	3076	16480	383.7981977828
18	3113	16659.86893216968	300
18	3220	17200	325.25576058439
18	3250	17320.193331210681	300
18	3324	17680	379.82669506516
18	3346	17800	320.25509716209
18	3415	18170	401.02669123239
18	3502	18560	319.33933606408
18	3698	19640	365.21057029376
19	306	1540	81.577406067194
19	335	1730	47.519575881761
19	537	2840	38.563665316852
19	641	3430	89.4997671556
19	725	3880	29.902782543645
19	840	4480	89.304856125047
19	930	4960	83.611862461535
19	966	5120	15.763064376313
19	1039	5480	63.012027213013
19	1099	5740	5.749425631043
19	1147	5920	83.645391770258
19	1221	6290	47.615639977345
19	1335	6943.48251699125	0
19	1389	7250	41.354209625072
19	1453	7600	78.050776590915
19	1476	7730	3.327292569364
19	1645	8680	72.809072907463
19	1802	9560	65.384762007425
19	1927	10240	87.835149890986
19	1938	10300	72.110744669822
19	2227	11920	85.482953656218
19	2272	12170	101.13452616684
19	2511	13490	53.471197354416
19	2788	15050	22.144691579113
19	3076	16480	83.798197782798
19	3113	16659.86893216968	0
19	3220	17200	25.25576058439
19	3250	17320.193331210681	0
19	3324	17680	79.826695065161
19	3346	17800	20.255097162091
19	3415	18170	1.026691232387
19	3502	18560	19.339336064077
19	3698	19640	65.210570293759
20	306	1540	1
20	335	1730	3
20	537	2840	2
20	641	3430	2
20	725	3880	2
20	840	4480	2
20	930	4960	2
20	966	5120	2
20	1039	5480	2
20	1099	5740	1
20	1147	5920	2
20	1221	6290	3
20	1335	6943.48251699125	1
20	1389	7250	3
20	1453	7600	2
20	1476	7730	3
20	1645	8680	2
20	1802	9560	2
20	1927	10240	2
20	1938	10300	1
20	2227	11920	2
20	2272	12170	3
20	2511	13490	3
20	2788	15050	3
20	3076	16480	2
20	3113	16659.86893216968	2
20	3220	17200	2
20	3250	17320.193331210681	2
20	3324	17680	2
20	3346	17800	2
20	3415	18170	3
20	3502	18560	2
20	3698	19640	2
21	300	1510	329.75986617452
21	608	3230	345.1101752947
21	701	3760	227.603297046
21	732	3920	501.81464325714
21	800	4280	483.35348582234
21	988	5230	417.44329680437
21	1182	6100	360.8471050798
21	1195	6160	271.16740037627
21	1308	6790	364.32330762578
21	1372	7160	485.42604070007
21	1459	7646.061519610494	400
21	1486	7790	338.22286764859
21	1498	7840	287.47210440486
21	1545	8110	438.73023459795
21	1609	8470	325.30911874909
21	1763	9340	356.35765466426
21	1844	9800	467.45514132536
21	1918	10190	333.58921820978
21	1953	10390	379.55052139836
21	2053	11000	535.80824978396
21	2076	11120	518.18933342645
21	2228	11920	234.40439767583
21	2298	12320	494.35424569789
21	2476	13280	469.98426559653
21	2697	14560	257.75125763969
21	2726	14720	458.6492287542
21	2749	14840	447.77529751079
21	2888	15550	361.80634913295
21	2928	15790	305.92166764876
21	3090	16550	317.74148938046
21	3171	16990	370.54933597877
21	3193	17080	203.02209339615
21	3282	17480	470.40479477138
21	3576	18910	407.9278689881
21	3592	19000	267.5203519658
22	300	1510	29.759866174524
22	608	3230	45.110175294695
22	701	3760	27.603297046003
22	732	3920	101.81464325714
22	800	4280	83.353485822338
22	988	5230	117.44329680437
22	1182	6100	60.8471050798
22	1195	6160	71.167400376272
22	1308	6790	64.32330762578
22	1372	7160	85.426040700065
22	1459	7646.061519610494	0
22	1486	7790	38.222867648587
22	1498	7840	87.47210440486
22	1545	8110	138.73023459795
22	1609	8470	25.309118749092
22	1763	9340	56.357654664262
22	1844	9800	67.455141325358
22	1918	10190	33.589218209785
22	1953	10390	79.550521398362
22	2053	11000	135.80824978396
22	2076	11120	118.18933342645
22	2228	11920	34.404397675829
22	2298	12320	94.354245697892
22	2476	13280	69.984265596533
22	2697	14560	57.751257639687
22	2726	14720	58.649228754197
22	2749	14840	47.775297510791
22	2888	15550	61.80634913295
22	2928	15790	5.921667648765
22	3090	16550	17.741489380459
22	3171	16990	70.549335978769
22	3193	17080	3.02209339615
22	3282	17480	70.404794771384
22	3576	18910	107.92786898811
22	3592	19000	67.520351965805
23	300	1510	2
23	608	3230	2
23	701	3760	1
23	732	3920	3
23	800	4280	3
23	988	5230	2
23	1182	6100	2
23	1195	6160	1
23	1308	6790	2
23	1372	7160	3
23	1459	7646.061519610494	3
23	1486	7790	2
23	1498	7840	1
23	1545	8110	2
23	1609	8470	2
23	1763	9340	2
23	1844	9800	3
23	1918	10190	2
23	1953	10390	2
23	2053	11000	3
23	2076	11120	3
23	2228	11920	1
23	2298	12320	3
23	2476	13280	3
23	2697	14560	1
23	2726	14720	3
23	2749	14840	3
23	2888	15550	2
23	2928	15790	2
23	3090	16550	2
23	3171	16990	2
23	3193	17080	1
23	3282	17480	3
23	3576	18910	2
23	3592	19000	1
24	422	2230	370.83905748746
24	492	2590	351.73088247868
24	602	3190	387.45267771443
24	827	4420	354.02275723467
24	845	4520	458.30749502244
24	852	4550	368.64095420549
24	911	4870	338.38967205571
24	1019	5380	407.69337885264
24	1100	5750	363.80222154399
24	1237	6370	254.93865708794
24	1398	7300	330.51979414411
24	1546	8110	304.23014509726
24	1801	9550	385.13475373682
24	2160	11590	374.67882866588
24	2216	11860	345.12873337404
24	2475	13270	333.3788415488
24	2552	13760	449.90836466446
24	2685	14500	382.09954164124
24	2759	14890	257.53531271707
24	2894	15590	321.77278181781
24	2927	15790	359.48489241457
24	2949	15910	404.29525768439
24	3056	16390	321.33624483891
24	3084	16520	400.14225171318
24	3475	18430	394.0137634067
24	3550	18800	430.1072098981
24	3581	18940	365.58751603554
24	3624	19190	336.82830864279
24	3638	19280	474.09182663589
24	3727	19780	373.61109573076
25	422	2230	70.839057487462
25	492	2590	51.730882478683
25	602	3190	87.452677714435
25	827	4420	54.022757234667
25	845	4520	58.307495022444
25	852	4550	68.640954205485
25	911	4870	38.389672055709
25	1019	5380	107.69337885264
25	1100	5750	63.802221543992
25	1237	6370	54.938657087938
25	1398	7300	30.519794144115
25	1546	8110	4.230145097263
25	1801	9550	85.134753736824
25	2160	11590	74.678828665881
25	2216	11860	45.128733374042
25	2475	13270	33.378841548799
25	2552	13760	49.908364664456
25	2685	14500	82.099541641241
25	2759	14890	57.535312717074
25	2894	15590	21.77278181781
25	2927	15790	59.484892414566
25	2949	15910	104.29525768439
25	3056	16390	21.336244838907
25	3084	16520	0.142251713185
25	3475	18430	94.013763406697
25	3550	18800	30.107209898096
25	3581	18940	65.587516035544
25	3624	19190	36.828308642791
25	3638	19280	74.09182663589
25	3727	19780	73.611095730757
26	422	2230	2
26	492	2590	2
26	602	3190	2
26	827	4420	2
26	845	4520	3
26	852	4550	2
26	911	4870	2
26	1019	5380	2
26	1100	5750	2
26	1237	6370	1
26	1398	7300	2
26	1546	8110	2
26	1801	9550	2
26	2160	11590	2
26	2216	11860	2
26	2475	13270	2
26	2552	13760	3
26	2685	14500	2
26	2759	14890	1
26	2894	15590	2
26	2927	15790	2
26	2949	15910	2
26	3056	16390	2
26	3084	16520	3
26	3475	18430	2
26	3550	18800	3
26	3581	18940	2
26	3624	19190	2
26	3638	19280	3
26	3727	19780	2
27	542	2870	435.52090641173
27	878	4700	354.16441062411
27	995	5260	365.90214707031
27	1208	6220	390.50480790465
27	1232	6350	443.42294339192
27	1276	6610	365.04366053769
27	1287	6672.110150641493	200
27	1741	9220	326.45157564905
27	1742	9230	403.53106558289
27	1872	9950	477.40416728422
27	1943	10330	389.29003987325
27	2020	10820	371.29877977936
27	2081	11140	331.16065833738
27	2385	12830	532.25096570021
27	2408	12950	484.91865556859
27	2458	13190	430.67379011993
27	2486	13340	301.8754077877
27	2595	14030	505.14714715878
27	2853	15380	362.18680996978
27	3026	16280.394098897171	200
27	3032	16300	340.40921174581
27	3119	16690	389.67082420959
27	3234	17257.306936443413	200
27	3294	17540	332.36586846556
27	3312	17620	345.55415207645
27	3363	17890	313.50222025135
27	3456	18350	489.77165935502
27	3489	18500	310.02034336687
27	3509	18590	466.07484233119
27	3531	18700	427.73822259908
27	3643	19300	409.22552117696
28	542	2870	35.520906411726
28	878	4700	54.164410624113
28	995	5260	65.902147070308
28	1208	6220	90.504807904645
28	1232	6350	43.422943391916
28	1276	6610	65.043660537685
28	1287	6672.110150641493	0
28	1741	9220	26.451575649051
28	1742	9230	3.531065582887
28	1872	9950	77.404167284218
28	1943	10330	89.290039873246
28	2020	10820	71.298779779358
28	2081	11140	31.160658337384
28	2385	12830	132.25096570021
28	2408	12950	84.918655568589
28	2458	13190	30.673790119932
28	2486	13340	1.875407787696
28	2595	14030	105.14714715878
28	2853	15380	62.186809969777
28	3026	16280.394098897171	0
28	3032	16300	40.409211745808
28	3119	16690	89.670824209593
28	3234	17257.306936443413	0
28	3294	17540	32.365868465564
28	3312	17620	45.554152076447
28	3363	17890	13.50222025135
28	3456	18350	89.771659355021
28	3489	18500	10.020343366873
28	3509	18590	66.074842331186
28	3531	18700	127.73822259908
28	3643	19300	109.22552117696
29	542	2870	3
29	878	4700	2
29	995	5260	2
29	1208	6220	2
29	1232	6350	3
29	1276	6610	2
29	1287	6672.110150641493	1
29	1741	9220	2
29	1742	9230	3
29	1872	9950	3
29	1943	10330	2
29	2020	10820	2
29	2081	11140	2
29	2385	12830	3
29	2408	12950	3
29	2458	13190	3
29	2486	13340	2
29	2595	14030	3
29	2853	15380	2
29	3026	16280.394098897171	1
29	3032	16300	2
29	3119	16690	2
29	3234	17257.306936443413	1
29	3294	17540	2
29	3312	17620	2
29	3363	17890	2
29	3456	18350	3
29	3489	18500	2
29	3509	18590	3
29	3531	18700	2
29	3643	19300	2
30	325	1660	382.91606750373
30	428	2270	476.51123368064
30	485	2560	221.41546325546
30	554	2920	224.92417906061
30	592	3140	325.35456588727
30	720	3860	352.13681927276
30	1027	5420	340.27009542176
30	1073	5620	358.83599262339
30	1108	5770	370.69107660307
30	1130	5870	488.56293769175
30	1139	5900	314.70353964347
30	1207	6220	411.73543151006
30	1518	7960	246.92404467063
30	1572	8270	465.87032699413
30	1614	8500	320.63172092777
30	1676	8860	337.91657492962
30	1688	8920	211.89054690811
30	1792	9490	394.64947589427
30	2166	11620	411.42079852531
30	2246	12013.958974287441	300
30	2283	12220	385.87075945353
30	2348	12620	336.15386060107
30	2715	14655.229412847212	300
30	2823	15220	354.38306103476
30	3135	16790	470.60496651975
30	3237	17260.304729362239	300
30	3261	17380	378.2945832987
30	3263	17380	335.30988675266
30	3264	17380	315.96071728436
30	3481	18460	345.73142876098
30	3715	19720	251.70512149117
30	3738	19840	264.31010211059
31	325	1660	82.916067503729
31	428	2270	76.511233680639
31	485	2560	21.415463255465
31	554	2920	24.924179060608
31	592	3140	25.354565887269
31	720	3860	52.136819272755
31	1027	5420	40.27009542176
31	1073	5620	58.835992623388
31	1108	5770	70.691076603067
31	1130	5870	88.562937691754
31	1139	5900	14.703539643475
31	1207	6220	111.73543151006
31	1518	7960	46.924044670628
31	1572	8270	65.870326994133
31	1614	8500	20.631720927765
31	1676	8860	37.916574929623
31	1688	8920	11.890546908106
31	1792	9490	94.649475894271
31	2166	11620	111.42079852531
31	2246	12013.958974287441	0
31	2283	12220	85.870759453529
31	2348	12620	36.153860601072
31	2715	14655.229412847212	0
31	2823	15220	54.383061034762
31	3135	16790	70.604966519751
31	3237	17260.304729362239	0
31	3261	17380	78.294583298702
31	3263	17380	35.309886752659
31	3264	17380	15.960717284363
31	3481	18460	45.731428760983
31	3715	19720	51.705121491174
31	3738	19840	64.310102110588
32	325	1660	2
32	428	2270	3
32	485	2560	1
32	554	2920	1
32	592	3140	2
32	720	3860	2
32	1027	5420	2
32	1073	5620	2
32	1108	5770	2
32	1130	5870	3
32	1139	5900	2
32	1207	6220	2
32	1518	7960	1
32	1572	8270	3
32	1614	8500	2
32	1676	8860	2
32	1688	8920	1
32	1792	9490	2
32	2166	11620	2
32	2246	12013.958974287441	2
32	2283	12220	2
32	2348	12620	2
32	2715	14655.229412847212	2
32	2823	15220	2
32	3135	16790	3
32	3237	17260.304729362239	2
32	3261	17380	2
32	3263	17380	2
32	3264	17380	2
32	3481	18460	2
32	3715	19720	1
32	3738	19840	1
33	221	1068.902882301924	200
33	393	2060	412.31750097837
33	509	2681.17287506432	300
33	650	3500	460.86488014362
33	906	4850	321.36296189918
33	971	5140	238.09804129189
33	1005	5320	362.04225523232
33	1008	5330	350.25802339256
33	1113	5800	359.78835249802
33	1136	5890	371.22616663685
33	1138	5900	454.68180440697
33	1620	8540	538.00549257531
33	1677	8869.573383114291	200
33	1899	10090	349.7161414489
33	2087	11170	326.21296096147
33	2104	11260	201.98496723531
33	2245	12010	358.45585112024
33	2255	12066.385154846503	300
33	2327	12490	408.70050390934
33	2420	13010	389.82250512972
33	2434	13078.410080864784	200
33	2491	13361.404488733894	300
33	2667	14410	416.4880336712
33	2686	14505.796108135301	200
33	2828	15250	322.17531565866
33	2875	15490	322.89647755123
33	2877	15500	430.06330305692
33	3012	16210	380.26284589633
33	3041	16330	343.31590283559
33	3120	16700	454.53189845855
33	3126	16720	368.84523783224
33	3236	17260	284.81421706512
33	3293	17530	370.4240292361
33	3364	17900	414.42609726215
34	221	1068.902882301924	0
34	393	2060	12.317500978372
34	509	2681.17287506432	0
34	650	3500	60.86488014362
34	906	4850	21.362961899184
34	971	5140	38.09804129189
34	1005	5320	62.042255232319
34	1008	5330	50.258023392557
34	1113	5800	59.788352498017
34	1136	5890	71.226166636851
34	1138	5900	54.681804406966
34	1620	8540	138.00549257531
34	1677	8869.573383114291	0
34	1899	10090	49.716141448902
34	2087	11170	26.212960961468
34	2104	11260	1.984967235315
34	2245	12010	58.455851120238
34	2255	12066.385154846503	0
34	2327	12490	108.70050390934
34	2420	13010	89.822505129719
34	2434	13078.410080864784	0
34	2491	13361.404488733894	0
34	2667	14410	116.4880336712
34	2686	14505.796108135301	0
34	2828	15250	22.175315658659
34	2875	15490	22.896477551231
34	2877	15500	30.063303056922
34	3012	16210	80.262845896329
34	3041	16330	43.315902835592
34	3120	16700	54.531898458553
34	3126	16720	68.845237832243
34	3236	17260	84.814217065121
34	3293	17530	70.4240292361
34	3364	17900	14.426097262154
35	221	1068.902882301924	1
35	393	2060	3
35	509	2681.17287506432	2
35	650	3500	3
35	906	4850	2
35	971	5140	1
35	1005	5320	2
35	1008	5330	2
35	1113	5800	2
35	1136	5890	2
35	1138	5900	3
35	1620	8540	3
35	1677	8869.573383114291	1
35	1899	10090	2
35	2087	11170	2
35	2104	11260	1
35	2245	12010	2
35	2255	12066.385154846503	2
35	2327	12490	2
35	2420	13010	2
35	2434	13078.410080864784	1
35	2491	13361.404488733894	2
35	2667	14410	2
35	2686	14505.796108135301	1
35	2828	15250	2
35	2875	15490	2
35	2877	15500	3
35	3012	16210	2
35	3041	16330	2
35	3120	16700	3
35	3126	16720	2
35	3236	17260	1
35	3293	17530	2
35	3364	17900	3

