version 3
run MediumLoad_RoundRobin-31-20260125-17:50:42-1413
attr configname MediumLoad_RoundRobin
attr datetime 20260125-17:50:42
attr datetimef 20260125-175042
attr experiment MediumLoad_RoundRobin
attr inifile simulations/nwsim_project/omnetpp.ini
attr iterationvars ""
attr iterationvarsd ""
attr iterationvarsf ""
attr measurement ""
attr network CrossTraffic
attr processid 1413
attr repetition 31
attr replication #31
attr resultdir results
attr runnumber 31
attr seedset 31
config description "Medium Load - Round-Robin Mode (50% more traffic)"
config *.Junc*.junctionMode "\"roundrobin\""
config *.EndNW.spawnInterval exponential(533s)
config *.EndNE.spawnInterval exponential(800s)
config *.EndEN.spawnInterval exponential(667s)
config *.EndES.spawnInterval exponential(1000s)
config *.EndSE.spawnInterval exponential(600s)
config *.EndSW.spawnInterval exponential(733s)
config *.EndWS.spawnInterval exponential(867s)
config *.EndWN.spawnInterval exponential(933s)
config network CrossTraffic
config sim-time-limit 20000s
config warmup-period 1000s
config repeat 50
config **.scalar-recording true
config **.vector-recording true
config *.Junc*.junctionMode "\"queue\""
config *.EndNW.spawnInterval exponential(800s)
config *.EndNE.spawnInterval exponential(1200s)
config *.EndEN.spawnInterval exponential(1000s)
config *.EndES.spawnInterval exponential(1500s)
config *.EndSE.spawnInterval exponential(900s)
config *.EndSW.spawnInterval exponential(1100s)
config *.EndWS.spawnInterval exponential(1300s)
config *.EndWN.spawnInterval exponential(1400s)

vector 0 CrossTraffic.JuncNW queueLength:vector ETV
attr interpolationmode sample-hold
attr recordingmode vector
attr source queueLength
attr title "Queue Length"
vector 1 CrossTraffic.JuncNW junctionProcessingTime:vector ETV
attr recordingmode vector
attr source junctionProcessingTime
attr title "Junction Processing Time"
vector 2 CrossTraffic.JuncNW vehicleCount:vector ETV
attr recordingmode vector
attr source vehicleCount
attr title "Vehicle Count"
vector 3 CrossTraffic.JuncNE queueLength:vector ETV
attr interpolationmode sample-hold
attr recordingmode vector
attr source queueLength
attr title "Queue Length"
vector 4 CrossTraffic.JuncNE junctionProcessingTime:vector ETV
attr recordingmode vector
attr source junctionProcessingTime
attr title "Junction Processing Time"
vector 5 CrossTraffic.JuncNE vehicleCount:vector ETV
attr recordingmode vector
attr source vehicleCount
attr title "Vehicle Count"
vector 6 CrossTraffic.JuncSE queueLength:vector ETV
attr interpolationmode sample-hold
attr recordingmode vector
attr source queueLength
attr title "Queue Length"
vector 7 CrossTraffic.JuncSE junctionProcessingTime:vector ETV
attr recordingmode vector
attr source junctionProcessingTime
attr title "Junction Processing Time"
vector 8 CrossTraffic.JuncSE vehicleCount:vector ETV
attr recordingmode vector
attr source vehicleCount
attr title "Vehicle Count"
vector 9 CrossTraffic.JuncSW queueLength:vector ETV
attr interpolationmode sample-hold
attr recordingmode vector
attr source queueLength
attr title "Queue Length"
vector 10 CrossTraffic.JuncSW junctionProcessingTime:vector ETV
attr recordingmode vector
attr source junctionProcessingTime
attr title "Junction Processing Time"
vector 11 CrossTraffic.JuncSW vehicleCount:vector ETV
attr recordingmode vector
attr source vehicleCount
attr title "Vehicle Count"
vector 12 CrossTraffic.EndNW travelTime:vector ETV
attr recordingmode vector
attr source travelTime
attr title "Vehicle Travel Time"
vector 13 CrossTraffic.EndNW junctionTime:vector ETV
attr recordingmode vector
attr source junctionTime
attr title "Total Junction Time per Vehicle"
vector 14 CrossTraffic.EndNW junctionCount:vector ETV
attr recordingmode vector
attr source junctionCount
attr title "Junctions Visited per Vehicle"
vector 15 CrossTraffic.EndNE travelTime:vector ETV
attr recordingmode vector
attr source travelTime
attr title "Vehicle Travel Time"
vector 16 CrossTraffic.EndNE junctionTime:vector ETV
attr recordingmode vector
attr source junctionTime
attr title "Total Junction Time per Vehicle"
vector 17 CrossTraffic.EndNE junctionCount:vector ETV
attr recordingmode vector
attr source junctionCount
attr title "Junctions Visited per Vehicle"
vector 18 CrossTraffic.EndEN travelTime:vector ETV
attr recordingmode vector
attr source travelTime
attr title "Vehicle Travel Time"
vector 19 CrossTraffic.EndEN junctionTime:vector ETV
attr recordingmode vector
attr source junctionTime
attr title "Total Junction Time per Vehicle"
vector 20 CrossTraffic.EndEN junctionCount:vector ETV
attr recordingmode vector
attr source junctionCount
attr title "Junctions Visited per Vehicle"
vector 21 CrossTraffic.EndES travelTime:vector ETV
attr recordingmode vector
attr source travelTime
attr title "Vehicle Travel Time"
vector 22 CrossTraffic.EndES junctionTime:vector ETV
attr recordingmode vector
attr source junctionTime
attr title "Total Junction Time per Vehicle"
vector 23 CrossTraffic.EndES junctionCount:vector ETV
attr recordingmode vector
attr source junctionCount
attr title "Junctions Visited per Vehicle"
vector 24 CrossTraffic.EndSE travelTime:vector ETV
attr recordingmode vector
attr source travelTime
attr title "Vehicle Travel Time"
vector 25 CrossTraffic.EndSE junctionTime:vector ETV
attr recordingmode vector
attr source junctionTime
attr title "Total Junction Time per Vehicle"
vector 26 CrossTraffic.EndSE junctionCount:vector ETV
attr recordingmode vector
attr source junctionCount
attr title "Junctions Visited per Vehicle"
vector 27 CrossTraffic.EndSW travelTime:vector ETV
attr recordingmode vector
attr source travelTime
attr title "Vehicle Travel Time"
vector 28 CrossTraffic.EndSW junctionTime:vector ETV
attr recordingmode vector
attr source junctionTime
attr title "Total Junction Time per Vehicle"
vector 29 CrossTraffic.EndSW junctionCount:vector ETV
attr recordingmode vector
attr source junctionCount
attr title "Junctions Visited per Vehicle"
vector 30 CrossTraffic.EndWS travelTime:vector ETV
attr recordingmode vector
attr source travelTime
attr title "Vehicle Travel Time"
vector 31 CrossTraffic.EndWS junctionTime:vector ETV
attr recordingmode vector
attr source junctionTime
attr title "Total Junction Time per Vehicle"
vector 32 CrossTraffic.EndWS junctionCount:vector ETV
attr recordingmode vector
attr source junctionCount
attr title "Junctions Visited per Vehicle"
vector 33 CrossTraffic.EndWN travelTime:vector ETV
attr recordingmode vector
attr source travelTime
attr title "Vehicle Travel Time"
vector 34 CrossTraffic.EndWN junctionTime:vector ETV
attr recordingmode vector
attr source junctionTime
attr title "Total Junction Time per Vehicle"
vector 35 CrossTraffic.EndWN junctionCount:vector ETV
attr recordingmode vector
attr source junctionCount
attr title "Junctions Visited per Vehicle"
0	204	1007.952346916081	1
0	206	1020	1
0	206	1020	1
0	211	1050	1
0	211	1050	1
0	216	1080	1
0	216	1080	0
0	222	1110	0
0	222	1110	0
0	226	1140	0
0	226	1140	0
0	231	1170	0
0	231	1170	0
0	236	1180	1
0	240	1200	1
0	240	1200	1
0	244	1230	1
0	244	1230	0
0	250	1260	0
0	250	1260	0
0	257	1290	0
0	257	1290	0
0	262	1320	0
0	262	1320	0
0	268	1350	0
0	268	1350	0
0	273	1375.053249428224	1
0	274	1380	1
0	274	1380	1
0	281	1410	1
0	281	1410	0
0	286	1440	0
0	286	1440	0
0	291	1470	0
0	291	1470	0
0	298	1500	0
0	298	1500	0
0	305	1530	0
0	305	1530	0
0	309	1560	0
0	309	1560	0
0	314	1565.11864325648	1
0	316	1590	1
0	316	1590	1
0	323	1620	1
0	323	1620	1
0	328	1650	1
0	328	1650	0
0	334	1680	0
0	334	1680	0
0	338	1681.722273804602	1
0	340	1710	1
0	340	1710	0
0	345	1740	0
0	345	1740	0
0	352	1770	0
0	352	1770	0
0	356	1800	0
0	356	1800	0
0	361	1830	0
0	361	1830	0
0	367	1860	0
0	367	1860	0
0	372	1890	0
0	372	1890	0
0	377	1920	0
0	377	1920	0
0	381	1930	1
0	384	1950	1
0	384	1950	0
0	389	1980	0
0	389	1980	0
0	393	2010	0
0	393	2010	0
0	399	2040	0
0	399	2040	0
0	404	2070	0
0	404	2070	0
0	409	2100	0
0	409	2100	0
0	413	2130	0
0	413	2130	0
0	420	2160	0
0	420	2160	0
0	424	2190	0
0	424	2190	0
0	430	2220	0
0	430	2220	0
0	434	2250	0
0	434	2250	0
0	438	2260	1
0	439	2280	1
0	439	2280	1
0	444	2310	1
0	444	2310	0
0	449	2340	0
0	449	2340	0
0	453	2370	0
0	453	2370	0
0	457	2400	0
0	457	2400	0
0	462	2430	0
0	462	2430	0
0	468	2460	0
0	468	2460	0
0	473	2490	0
0	473	2490	0
0	478	2520	0
0	478	2520	0
0	483	2550	0
0	483	2550	0
0	490	2580	0
0	490	2580	0
0	495	2605.08713965395	1
0	496	2610	1
0	496	2610	1
0	500	2640	1
0	500	2640	0
0	504	2659.215784923929	1
0	505	2670	1
0	505	2670	1
0	510	2700	1
0	510	2700	1
0	515	2730	1
0	515	2730	0
0	521	2760	0
0	521	2760	0
0	526	2790	0
0	526	2790	0
0	531	2820	0
0	531	2820	0
0	539	2850	0
0	539	2850	0
0	546	2880	0
0	546	2880	0
0	552	2910	0
0	552	2910	0
0	557	2940	0
0	557	2940	0
0	564	2970	0
0	564	2970	0
0	569	2985.685083909055	1
0	570	3000	1
0	570	3000	1
0	576	3030	1
0	576	3030	0
0	581	3060	0
0	581	3060	0
0	587	3090	0
0	587	3090	0
0	591	3120	0
0	591	3120	0
0	599	3150	0
0	599	3150	0
0	605	3180	0
0	605	3180	0
0	610	3210	0
0	610	3210	0
0	616	3240	0
0	616	3240	0
0	622	3270	0
0	622	3270	0
0	626	3300	0
0	626	3300	0
0	631	3330	0
0	631	3330	0
0	636	3360	0
0	636	3360	0
0	640	3390	0
0	640	3390	0
0	646	3413.35729324737	1
0	647	3420	1
0	647	3420	1
0	651	3450	1
0	651	3450	1
0	657	3480	1
0	657	3480	0
0	662	3510	0
0	662	3510	0
0	667	3540	0
0	667	3540	0
0	673	3570	0
0	673	3570	0
0	679	3600	0
0	679	3600	0
0	683	3610	1
0	684	3630	1
0	684	3630	0
0	688	3643.215385605277	1
0	689	3660	1
0	689	3660	1
0	694	3690	1
0	694	3690	1
0	700	3720	1
0	700	3720	0
0	706	3750	0
0	706	3750	0
0	710	3780	0
0	710	3780	0
0	717	3810	0
0	717	3810	0
0	723	3840	0
0	723	3840	0
0	727	3870	0
0	727	3870	0
0	734	3900	0
0	734	3900	0
0	738	3930	0
0	738	3930	0
0	745	3960	0
0	745	3960	0
0	751	3978.488673433423	1
0	753	3990	1
0	753	3990	1
0	757	4020	1
0	757	4020	1
0	762	4044.826060659027	2
0	763	4050	2
0	763	4050	1
0	768	4080	1
0	768	4080	0
0	774	4110	0
0	774	4110	0
0	779	4140	0
0	779	4140	0
0	786	4170	0
0	786	4170	0
0	791	4200	0
0	791	4200	0
0	796	4230	0
0	796	4230	0
0	802	4260	0
0	802	4260	0
0	808	4290	0
0	808	4290	0
0	814	4320	0
0	814	4320	0
0	819	4350	0
0	819	4350	0
0	826	4380	0
0	826	4380	0
0	833	4410	0
0	833	4410	0
0	838	4440	0
0	838	4440	0
0	843	4470	0
0	843	4470	0
0	848	4483.357536028523	1
0	850	4500	1
0	850	4500	1
0	856	4530	1
0	856	4530	1
0	860	4560	1
0	860	4560	0
0	865	4590	0
0	865	4590	0
0	870	4620	0
0	870	4620	0
0	874	4650	0
0	874	4650	0
0	881	4680	0
0	881	4680	0
0	885	4710	0
0	885	4710	0
0	891	4740	0
0	891	4740	0
0	895	4753.354604326784	1
0	896	4770	1
0	896	4770	1
0	904	4800	1
0	904	4800	0
0	909	4812.076288503221	1
0	910	4830	1
0	910	4830	1
0	914	4860	1
0	914	4860	1
0	919	4890	1
0	919	4890	0
0	925	4920	0
0	925	4920	0
0	929	4950	0
0	929	4950	0
0	935	4980	0
0	935	4980	0
0	942	5010	0
0	942	5010	0
0	946	5040	0
0	946	5040	0
0	951	5070	0
0	951	5070	0
0	956	5080	1
0	957	5087.221382572855	2
0	959	5100	2
0	959	5100	1
0	964	5130	1
0	964	5130	1
0	968	5160	1
0	968	5160	0
0	974	5190	0
0	974	5190	0
0	980	5220	0
0	980	5220	0
0	984	5250	0
0	984	5250	0
0	990	5280	0
0	990	5280	0
0	994	5310	0
0	994	5310	0
0	998	5340	0
0	998	5340	0
0	1004	5370	0
0	1004	5370	0
0	1009	5400	0
0	1009	5400	0
0	1014	5430	0
0	1014	5430	0
0	1019	5460	0
0	1019	5460	0
0	1025	5490	0
0	1025	5490	0
0	1029	5520	0
0	1029	5520	0
0	1034	5550	0
0	1034	5550	0
0	1040	5580	0
0	1040	5580	0
0	1046	5610	0
0	1046	5610	0
0	1050	5640	0
0	1050	5640	0
0	1055	5650	1
0	1058	5670	1
0	1058	5670	0
0	1063	5700	0
0	1063	5700	0
0	1069	5730	0
0	1069	5730	0
0	1075	5760	0
0	1075	5760	0
0	1081	5770	1
0	1083	5790	1
0	1083	5790	0
0	1088	5820	0
0	1088	5820	0
0	1094	5850	0
0	1094	5850	0
0	1101	5880	0
0	1101	5880	0
0	1108	5910	0
0	1108	5910	0
0	1113	5940	0
0	1113	5940	0
0	1118	5970	0
0	1118	5970	0
0	1125	6000	0
0	1125	6000	0
0	1130	6030	0
0	1130	6030	0
0	1135	6060	0
0	1135	6060	0
0	1141	6090	0
0	1141	6090	0
0	1145	6120	0
0	1145	6120	0
0	1149	6150	0
0	1149	6150	0
0	1159	6180	0
0	1159	6180	0
0	1163	6210	0
0	1163	6210	0
0	1167	6240	0
0	1167	6240	0
0	1173	6270	0
0	1173	6270	0
0	1180	6300	0
0	1180	6300	0
0	1184	6330	0
0	1184	6330	0
0	1191	6360	0
0	1191	6360	0
0	1196	6390	0
0	1196	6390	0
0	1203	6420	0
0	1203	6420	0
0	1207	6431.539513015438	1
0	1209	6450	1
0	1209	6450	0
0	1214	6480	0
0	1214	6480	0
0	1221	6510	0
0	1221	6510	0
0	1229	6540	0
0	1229	6540	0
0	1237	6570	0
0	1237	6570	0
0	1244	6600	0
0	1244	6600	0
0	1250	6630	0
0	1250	6630	0
0	1255	6640	1
0	1258	6660	1
0	1258	6660	0
0	1262	6665.085076060945	1
0	1267	6690	1
0	1267	6690	0
0	1272	6700.947707593058	1
0	1273	6720	1
0	1273	6720	0
0	1277	6730	1
0	1279	6750	1
0	1279	6750	0
0	1286	6780	0
0	1286	6780	0
0	1293	6810	0
0	1293	6810	0
0	1301	6840	0
0	1301	6840	0
0	1306	6850	1
0	1308	6870	1
0	1308	6870	0
0	1314	6900	0
0	1314	6900	0
0	1319	6930	0
0	1319	6930	0
0	1324	6938.557946693255	1
0	1328	6960	1
0	1328	6960	0
0	1335	6990	0
0	1335	6990	0
0	1342	7020	0
0	1342	7020	0
0	1346	7035.911001192123	1
0	1347	7050	1
0	1347	7050	1
0	1353	7080	1
0	1353	7080	0
0	1360	7110	0
0	1360	7110	0
0	1365	7140	0
0	1365	7140	0
0	1370	7170	0
0	1370	7170	0
0	1378	7186.831146333335	1
0	1380	7200	1
0	1380	7200	0
0	1385	7230	0
0	1385	7230	0
0	1393	7260	0
0	1393	7260	0
0	1400	7290	0
0	1400	7290	0
0	1409	7320	0
0	1409	7320	0
0	1415	7350	0
0	1415	7350	0
0	1420	7380	0
0	1420	7380	0
0	1424	7383.021761673884	1
0	1427	7410	1
0	1427	7410	1
0	1432	7420	2
0	1433	7420	3
0	1435	7440	3
0	1435	7440	2
0	1440	7470	2
0	1440	7470	0
0	1444	7480	1
0	1446	7500	1
0	1446	7500	0
0	1451	7530	0
0	1451	7530	0
0	1456	7560	0
0	1456	7560	0
0	1463	7590	0
0	1463	7590	0
0	1468	7620	0
0	1468	7620	0
0	1473	7650	0
0	1473	7650	0
0	1479	7680	0
0	1479	7680	0
0	1485	7710	0
0	1485	7710	0
0	1489	7720.446083461713	1
0	1490	7740	1
0	1490	7740	1
0	1494	7770	1
0	1494	7770	1
0	1501	7800	1
0	1501	7800	0
0	1505	7830	0
0	1505	7830	0
0	1509	7860	0
0	1509	7860	0
0	1514	7890	0
0	1514	7890	0
0	1519	7900	1
0	1521	7920	1
0	1521	7920	1
0	1527	7950	1
0	1527	7950	0
0	1531	7980	0
0	1531	7980	0
0	1537	8010	0
0	1537	8010	0
0	1544	8040	0
0	1544	8040	0
0	1549	8070	0
0	1549	8070	0
0	1554	8100	0
0	1554	8100	0
0	1558	8101.068875203609	1
0	1561	8130	1
0	1561	8130	1
0	1567	8160	1
0	1567	8160	0
0	1573	8190	0
0	1573	8190	0
0	1578	8220	0
0	1578	8220	0
0	1582	8250	0
0	1582	8250	0
0	1591	8280	0
0	1591	8280	0
0	1596	8310	0
0	1596	8310	0
0	1600	8340	0
0	1600	8340	0
0	1605	8370	0
0	1605	8370	0
0	1610	8400	0
0	1610	8400	0
0	1616	8430	0
0	1616	8430	0
0	1621	8460	0
0	1621	8460	0
0	1625	8490	0
0	1625	8490	0
0	1631	8520	0
0	1631	8520	0
0	1638	8550	0
0	1638	8550	0
0	1642	8580	0
0	1642	8580	0
0	1646	8610	0
0	1646	8610	0
0	1650	8620	1
0	1651	8639.004898031838	2
0	1652	8640	2
0	1652	8640	1
0	1656	8670	1
0	1656	8670	0
0	1660	8700	0
0	1660	8700	0
0	1664	8730	0
0	1664	8730	0
0	1669	8760	0
0	1669	8760	0
0	1674	8790	0
0	1674	8790	0
0	1678	8820	0
0	1678	8820	0
0	1683	8850	0
0	1683	8850	0
0	1687	8880	0
0	1687	8880	0
0	1691	8910	0
0	1691	8910	0
0	1695	8940	0
0	1695	8940	0
0	1699	8970	0
0	1699	8970	0
0	1703	9000	0
0	1703	9000	0
0	1707	9030	0
0	1707	9030	0
0	1712	9060	0
0	1712	9060	0
0	1716	9090	0
0	1716	9090	0
0	1720	9120	0
0	1720	9120	0
0	1726	9150	0
0	1726	9150	0
0	1730	9180	0
0	1730	9180	0
0	1734	9210	0
0	1734	9210	0
0	1738	9240	0
0	1738	9240	0
0	1743	9270	0
0	1743	9270	0
0	1748	9300	0
0	1748	9300	0
0	1752	9330	0
0	1752	9330	0
0	1757	9360	0
0	1757	9360	0
0	1763	9390	0
0	1763	9390	0
0	1768	9420	0
0	1768	9420	0
0	1772	9450	0
0	1772	9450	0
0	1778	9480	0
0	1778	9480	0
0	1783	9510	0
0	1783	9510	0
0	1787	9540	0
0	1787	9540	0
0	1792	9570	0
0	1792	9570	0
0	1797	9600	0
0	1797	9600	0
0	1803	9630	0
0	1803	9630	0
0	1807	9660	0
0	1807	9660	0
0	1811	9690	0
0	1811	9690	0
0	1816	9720	0
0	1816	9720	0
0	1821	9750	0
0	1821	9750	0
0	1826	9780	0
0	1826	9780	0
0	1830	9810	0
0	1830	9810	0
0	1834	9840	0
0	1834	9840	0
0	1838	9870	0
0	1838	9870	0
0	1842	9880	1
0	1843	9900	1
0	1843	9900	0
0	1849	9930	0
0	1849	9930	0
0	1853	9960	0
0	1853	9960	0
0	1858	9990	0
0	1858	9990	0
0	1865	10020	0
0	1865	10020	0
0	1870	10050	0
0	1870	10050	0
0	1875	10080	0
0	1875	10080	0
0	1881	10110	0
0	1881	10110	0
0	1886	10140	0
0	1886	10140	0
0	1891	10170	0
0	1891	10170	0
0	1895	10180	1
0	1897	10200	1
0	1897	10200	1
0	1903	10230	1
0	1903	10230	0
0	1907	10252.171055864465	1
0	1908	10260	1
0	1908	10260	1
0	1912	10290	1
0	1912	10290	1
0	1917	10320	1
0	1917	10320	0
0	1922	10350	0
0	1922	10350	0
0	1929	10380	0
0	1929	10380	0
0	1933	10410	0
0	1933	10410	0
0	1940	10440	0
0	1940	10440	0
0	1946	10470	0
0	1946	10470	0
0	1950	10500	0
0	1950	10500	0
0	1954	10530	0
0	1954	10530	0
0	1960	10560	0
0	1960	10560	0
0	1964	10590	0
0	1964	10590	0
0	1970	10620	0
0	1970	10620	0
0	1974	10650	0
0	1974	10650	0
0	1978	10680	0
0	1978	10680	0
0	1984	10710	0
0	1984	10710	0
0	1989	10740	0
0	1989	10740	0
0	1993	10770	0
0	1993	10770	0
0	1997	10800	0
0	1997	10800	0
0	2001	10830	0
0	2001	10830	0
0	2007	10860	0
0	2007	10860	0
0	2011	10890	0
0	2011	10890	0
0	2015	10920	0
0	2015	10920	0
0	2021	10950	0
0	2021	10950	0
0	2025	10980	0
0	2025	10980	0
0	2031	11010	0
0	2031	11010	0
0	2035	11040	0
0	2035	11040	0
0	2043	11070	0
0	2043	11070	0
0	2049	11100	0
0	2049	11100	0
0	2053	11130	0
0	2053	11130	0
0	2058	11141.535076086427	1
0	2059	11160	1
0	2059	11160	1
0	2065	11187.924043503332	2
0	2066	11190	2
0	2066	11190	1
0	2070	11220	1
0	2070	11220	1
0	2075	11250	1
0	2075	11250	0
0	2081	11263.998164708743	1
0	2082	11280	1
0	2082	11280	1
0	2089	11310	1
0	2089	11310	0
0	2094	11340	0
0	2094	11340	0
0	2101	11370	0
0	2101	11370	0
0	2108	11400	0
0	2108	11400	0
0	2113	11430	0
0	2113	11430	0
0	2118	11460	0
0	2118	11460	0
0	2125	11490	0
0	2125	11490	0
0	2132	11520	0
0	2132	11520	0
0	2136	11550	0
0	2136	11550	0
0	2141	11580	0
0	2141	11580	0
0	2148	11604.608010452346	1
0	2149	11610	1
0	2149	11610	1
0	2155	11640	1
0	2155	11640	0
0	2161	11670	0
0	2161	11670	0
0	2166	11700	0
0	2166	11700	0
0	2171	11730	0
0	2171	11730	0
0	2177	11740	1
0	2180	11760	1
0	2180	11760	1
0	2185	11790	1
0	2185	11790	0
0	2189	11809.520880735726	1
0	2191	11820	1
0	2191	11820	1
0	2196	11850	1
0	2196	11850	1
0	2201	11880	1
0	2201	11880	0
0	2207	11910	0
0	2207	11910	0
0	2211	11915.74247774374	1
0	2214	11940	1
0	2214	11940	1
0	2218	11970	1
0	2218	11970	0
0	2223	12000	0
0	2223	12000	0
0	2228	12030	0
0	2228	12030	0
0	2234	12060	0
0	2234	12060	0
0	2239	12090	0
0	2239	12090	0
0	2244	12120	0
0	2244	12120	0
0	2249	12150	0
0	2249	12150	0
0	2253	12180	0
0	2253	12180	0
0	2258	12210	0
0	2258	12210	0
0	2262	12240	0
0	2262	12240	0
0	2266	12247.902349909011	1
0	2268	12270	1
0	2268	12270	0
0	2272	12300	0
0	2272	12300	0
0	2276	12330	0
0	2276	12330	0
0	2281	12360	0
0	2281	12360	0
0	2287	12390	0
0	2287	12390	0
0	2292	12420	0
0	2292	12420	0
0	2297	12450	0
0	2297	12450	0
0	2302	12480	0
0	2302	12480	0
0	2308	12510	0
0	2308	12510	0
0	2315	12540	0
0	2315	12540	0
0	2320	12570	0
0	2320	12570	0
0	2325	12600	0
0	2325	12600	0
0	2330	12630	0
0	2330	12630	0
0	2337	12660	0
0	2337	12660	0
0	2342	12690	0
0	2342	12690	0
0	2346	12700	1
0	2347	12720	1
0	2347	12720	1
0	2351	12730	2
0	2353	12739.199254962586	3
0	2354	12750	3
0	2354	12750	0
0	2359	12780	0
0	2359	12780	0
0	2363	12810	0
0	2363	12810	0
0	2367	12840	0
0	2367	12840	0
0	2377	12870	0
0	2377	12870	0
0	2381	12900	0
0	2381	12900	0
0	2385	12930	0
0	2385	12930	0
0	2393	12960	0
0	2393	12960	0
0	2397	12990	0
0	2397	12990	0
0	2401	13020	0
0	2401	13020	0
0	2405	13050	0
0	2405	13050	0
0	2410	13080	0
0	2410	13080	0
0	2415	13110	0
0	2415	13110	0
0	2419	13140	0
0	2419	13140	0
0	2423	13170	0
0	2423	13170	0
0	2428	13200	0
0	2428	13200	0
0	2433	13230	0
0	2433	13230	0
0	2437	13260	0
0	2437	13260	0
0	2441	13290	0
0	2441	13290	0
0	2446	13320	0
0	2446	13320	0
0	2450	13350	0
0	2450	13350	0
0	2455	13380	0
0	2455	13380	0
0	2459	13410	0
0	2459	13410	0
0	2464	13440	0
0	2464	13440	0
0	2469	13470	0
0	2469	13470	0
0	2474	13500	0
0	2474	13500	0
0	2480	13530	0
0	2480	13530	0
0	2484	13560	0
0	2484	13560	0
0	2489	13590	0
0	2489	13590	0
0	2493	13620	0
0	2493	13620	0
0	2498	13650	0
0	2498	13650	0
0	2503	13680	0
0	2503	13680	0
0	2507	13690	1
0	2508	13710	1
0	2508	13710	0
0	2512	13740	0
0	2512	13740	0
0	2518	13770	0
0	2518	13770	0
0	2522	13800	0
0	2522	13800	0
0	2527	13830	0
0	2527	13830	0
0	2531	13860	0
0	2531	13860	0
0	2535	13890	0
0	2535	13890	0
0	2539	13920	0
0	2539	13920	0
0	2545	13950	0
0	2545	13950	0
0	2550	13980	0
0	2550	13980	0
0	2554	14010	0
0	2554	14010	0
0	2561	14040	0
0	2561	14040	0
0	2568	14070	0
0	2568	14070	0
0	2572	14100	0
0	2572	14100	0
0	2578	14122.060072663796	1
0	2581	14130	1
0	2581	14130	0
0	2586	14160	0
0	2586	14160	0
0	2591	14190	0
0	2591	14190	0
0	2596	14215.745302469096	1
0	2597	14216.405160715099	2
0	2598	14220	2
0	2598	14220	2
0	2605	14250	2
0	2605	14250	1
0	2609	14280	1
0	2609	14280	0
0	2614	14310	0
0	2614	14310	0
0	2620	14340	0
0	2620	14340	0
0	2627	14370	0
0	2627	14370	0
0	2632	14400	0
0	2632	14400	0
0	2636	14430	0
0	2636	14430	0
0	2642	14460	0
0	2642	14460	0
0	2647	14490	0
0	2647	14490	0
0	2652	14520	0
0	2652	14520	0
0	2657	14550	0
0	2657	14550	0
0	2662	14580	0
0	2662	14580	0
0	2666	14610	0
0	2666	14610	0
0	2671	14640	0
0	2671	14640	0
0	2676	14670	0
0	2676	14670	0
0	2681	14700	0
0	2681	14700	0
0	2687	14730	0
0	2687	14730	0
0	2693	14760	0
0	2693	14760	0
0	2698	14790	0
0	2698	14790	0
0	2704	14820	0
0	2704	14820	0
0	2708	14822.232430588941	1
0	2711	14850	1
0	2711	14850	1
0	2716	14880	1
0	2716	14880	0
0	2720	14887.67211725204	1
0	2723	14910	1
0	2723	14910	1
0	2728	14940	1
0	2728	14940	1
0	2732	14970	1
0	2732	14970	0
0	2739	15000	0
0	2739	15000	0
0	2747	15030	0
0	2747	15030	0
0	2752	15060	0
0	2752	15060	0
0	2758	15090	0
0	2758	15090	0
0	2765	15120	0
0	2765	15120	0
0	2772	15150	0
0	2772	15150	0
0	2776	15180	0
0	2776	15180	0
0	2783	15210	0
0	2783	15210	0
0	2787	15240	0
0	2787	15240	0
0	2792	15270	0
0	2792	15270	0
0	2799	15300	0
0	2799	15300	0
0	2804	15330	0
0	2804	15330	0
0	2810	15360	0
0	2810	15360	0
0	2815	15390	0
0	2815	15390	0
0	2823	15420	0
0	2823	15420	0
0	2829	15450	0
0	2829	15450	0
0	2833	15474.501014599208	1
0	2834	15480	1
0	2834	15480	0
0	2840	15510	0
0	2840	15510	0
0	2845	15540	0
0	2845	15540	0
0	2850	15570	0
0	2850	15570	0
0	2855	15600	0
0	2855	15600	0
0	2861	15630	0
0	2861	15630	0
0	2866	15660	0
0	2866	15660	0
0	2872	15690	0
0	2872	15690	0
0	2877	15716.051948801461	1
0	2878	15720	1
0	2878	15720	0
0	2882	15750	0
0	2882	15750	0
0	2888	15780	0
0	2888	15780	0
0	2893	15810	0
0	2893	15810	0
0	2899	15840	0
0	2899	15840	0
0	2906	15870	0
0	2906	15870	0
0	2911	15900	0
0	2911	15900	0
0	2917	15930	0
0	2917	15930	0
0	2926	15960	0
0	2926	15960	0
0	2932	15990	0
0	2932	15990	0
0	2937	16020	0
0	2937	16020	0
0	2944	16050	0
0	2944	16050	0
0	2950	16080	0
0	2950	16080	0
0	2955	16090	1
0	2957	16110	1
0	2957	16110	0
0	2963	16140	0
0	2963	16140	0
0	2967	16170	0
0	2967	16170	0
0	2972	16200	0
0	2972	16200	0
0	2981	16230	0
0	2981	16230	0
0	2986	16260	0
0	2986	16260	0
0	2990	16290	0
0	2990	16290	0
0	2997	16320	0
0	2997	16320	0
0	3003	16350	0
0	3003	16350	0
0	3007	16380	0
0	3007	16380	0
0	3011	16410	0
0	3011	16410	0
0	3017	16440	0
0	3017	16440	0
0	3021	16470	0
0	3021	16470	0
0	3025	16500	0
0	3025	16500	0
0	3032	16530	0
0	3032	16530	0
0	3036	16560	0
0	3036	16560	0
0	3041	16590	0
0	3041	16590	0
0	3047	16620	0
0	3047	16620	0
0	3052	16650	0
0	3052	16650	0
0	3057	16680	0
0	3057	16680	0
0	3061	16690	1
0	3064	16710	1
0	3064	16710	0
0	3069	16740	0
0	3069	16740	0
0	3073	16770	0
0	3073	16770	0
0	3077	16800	0
0	3077	16800	0
0	3083	16830	0
0	3083	16830	0
0	3088	16860	0
0	3088	16860	0
0	3092	16890	0
0	3092	16890	0
0	3096	16920	0
0	3096	16920	0
0	3100	16950	0
0	3100	16950	0
0	3105	16980	0
0	3105	16980	0
0	3109	17010	0
0	3109	17010	0
0	3114	17040	0
0	3114	17040	0
0	3119	17070	0
0	3119	17070	0
0	3123	17100	0
0	3123	17100	0
0	3128	17130	0
0	3128	17130	0
0	3133	17160	0
0	3133	17160	0
0	3137	17190	0
0	3137	17190	0
0	3141	17220	0
0	3141	17220	0
0	3145	17250	0
0	3145	17250	0
0	3150	17280	0
0	3150	17280	0
0	3155	17310	0
0	3155	17310	0
0	3159	17340	0
0	3159	17340	0
0	3163	17370	0
0	3163	17370	0
0	3167	17400	0
0	3167	17400	0
0	3172	17430	0
0	3172	17430	0
0	3178	17460	0
0	3178	17460	0
0	3182	17490	0
0	3182	17490	0
0	3187	17520	0
0	3187	17520	0
0	3191	17550	0
0	3191	17550	0
0	3195	17559.882787525464	1
0	3196	17580	1
0	3196	17580	1
0	3200	17610	1
0	3200	17610	1
0	3204	17640	1
0	3204	17640	0
0	3208	17670	0
0	3208	17670	0
0	3212	17700	0
0	3212	17700	0
0	3216	17730	0
0	3216	17730	0
0	3222	17760	0
0	3222	17760	0
0	3227	17790	0
0	3227	17790	0
0	3233	17820	0
0	3233	17820	0
0	3238	17850	0
0	3238	17850	0
0	3244	17880	0
0	3244	17880	0
0	3249	17910	0
0	3249	17910	0
0	3254	17911.109584226799	1
0	3256	17940	1
0	3256	17940	1
0	3263	17970	1
0	3263	17970	0
0	3268	17977.005593275508	1
0	3270	18000	1
0	3270	18000	0
0	3276	18010.312657238158	1
0	3277	18030	1
0	3277	18030	0
0	3284	18060	0
0	3284	18060	0
0	3289	18071.059547471971	1
0	3290	18090	1
0	3290	18090	1
0	3300	18120	1
0	3300	18120	0
0	3307	18150	0
0	3307	18150	0
0	3312	18180	0
0	3312	18180	0
0	3316	18192.469452895013	1
0	3321	18210	1
0	3321	18210	1
0	3326	18240	1
0	3326	18240	0
0	3331	18270	0
0	3331	18270	0
0	3336	18300	0
0	3336	18300	0
0	3341	18330	0
0	3341	18330	0
0	3348	18360	0
0	3348	18360	0
0	3352	18390	0
0	3352	18390	0
0	3358	18420	0
0	3358	18420	0
0	3363	18450	0
0	3363	18450	0
0	3370	18480	0
0	3370	18480	0
0	3376	18510	0
0	3376	18510	0
0	3380	18540	0
0	3380	18540	0
0	3385	18570	0
0	3385	18570	0
0	3390	18600	0
0	3390	18600	0
0	3395	18630	0
0	3395	18630	0
0	3399	18660	0
0	3399	18660	0
0	3403	18690	0
0	3403	18690	0
0	3408	18720	0
0	3408	18720	0
0	3412	18750	0
0	3412	18750	0
0	3417	18780	0
0	3417	18780	0
0	3422	18810	0
0	3422	18810	0
0	3426	18840	0
0	3426	18840	0
0	3430	18870	0
0	3430	18870	0
0	3435	18880	1
0	3437	18900	1
0	3437	18900	0
0	3441	18930	0
0	3441	18930	0
0	3446	18960	0
0	3446	18960	0
0	3451	18990	0
0	3451	18990	0
0	3456	19020	0
0	3456	19020	0
0	3462	19050	0
0	3462	19050	0
0	3467	19080	0
0	3467	19080	0
0	3471	19110	0
0	3471	19110	0
0	3478	19140	0
0	3478	19140	0
0	3483	19170	0
0	3483	19170	0
0	3488	19200	0
0	3488	19200	0
0	3495	19230	0
0	3495	19230	0
0	3501	19260	0
0	3501	19260	0
0	3506	19290	0
0	3506	19290	0
0	3513	19320	0
0	3513	19320	0
0	3518	19350	0
0	3518	19350	0
0	3523	19380	0
0	3523	19380	0
0	3527	19410	0
0	3527	19410	0
0	3534	19440	0
0	3534	19440	0
0	3541	19470	0
0	3541	19470	0
0	3545	19500	0
0	3545	19500	0
0	3551	19530	0
0	3551	19530	0
0	3557	19560	0
0	3557	19560	0
0	3562	19590	0
0	3562	19590	0
0	3566	19603.27586391646	1
0	3567	19620	1
0	3567	19620	1
0	3571	19650	1
0	3571	19650	1
0	3576	19660	2
0	3579	19680	2
0	3579	19680	1
0	3583	19710	1
0	3583	19710	0
0	3587	19720	1
0	3588	19740	1
0	3588	19740	0
0	3593	19770	0
0	3593	19770	0
0	3599	19780	1
0	3600	19800	1
0	3600	19800	1
0	3605	19830	1
0	3605	19830	0
0	3610	19860	0
0	3610	19860	0
0	3616	19890	0
0	3616	19890	0
0	3622	19920	0
0	3622	19920	0
0	3628	19950	0
0	3628	19950	0
0	3635	19980	0
0	3635	19980	0
1	216	1080	72.047653083919
1	244	1230	50
1	281	1410	34.946750571776
1	328	1650	84.88135674352
1	340	1710	28.277726195398
1	366	1840	0
1	382	1939.980044445827	0
1	384	1950	20
1	444	2310	50
1	466	2440	0
1	500	2640	34.91286034605
1	515	2730	70.784215076071
1	576	3030	44.314916090945
1	586	3071.718818109502	0
1	603	3160	0
1	657	3480	66.64270675263
1	684	3630	20
1	700	3720	76.784614394723
1	763	4050	71.511326566577
1	768	4080	35.173939340973
1	824	4360	0
1	847	4480	0
1	860	4560	76.642463971477
1	904	4800	46.645395673216
1	919	4890	77.923711496779
1	955	5080	0
1	959	5100	20
1	968	5160	72.778617427145
1	1057	5664.335048227025	0
1	1058	5670	20
1	1082	5770.260580543892	0
1	1083	5790	20
1	1209	6450	18.460486984562
1	1226	6520	0
1	1242	6585.053231531243	0
1	1258	6660	20
1	1263	6670	0
1	1267	6690	24.914923939055
1	1273	6720	19.052292406942
1	1279	6750	20
1	1308	6870	20
1	1328	6960	21.442053306745
1	1334	6980.987684018621	0
1	1353	7080	44.088998807877
1	1380	7200	13.168853666665
1	1435	7440	56.978238326116
1	1440	7470	50
1	1440	7470	50
1	1446	7500	20
1	1498	7774.894881226523	0
1	1501	7800	79.553916538287
1	1527	7950	50
1	1543	8028.53318356367	0
1	1567	8160	58.931124796391
1	1652	8640	0.995101968162
1	1656	8670	50
1	1742	9246.793098360813	0
1	1843	9900	20
1	1903	10230	50
1	1917	10320	67.828944135535
1	1927	10360	0
1	2066	11190	48.464923913573
1	2074	11230	0
1	2075	11250	62.075956496668
1	2089	11310	46.001835291257
1	2155	11640	35.391989547654
1	2185	11790	50
1	2201	11880	70.479119264274
1	2218	11970	54.25752225626
1	2268	12270	22.097650090989
1	2354	12750	50
1	2354	12750	20
1	2354	12750	10.800745037414
1	2376	12856.118981768604	0
1	2508	13710	20
1	2581	14130	7.939927336204
1	2602	14222.089029785826	0
1	2605	14250	34.254697530904
1	2609	14280	63.594839284901
1	2716	14880	57.767569411059
1	2722	14909.791454556519	0
1	2727	14920	0
1	2732	14970	82.32788274796
1	2791	15249.102131149353	0
1	2820	15400	0
1	2821	15400	0
1	2834	15480	5.498985400792
1	2878	15720	3.948051198539
1	2886	15760	0
1	2957	16110	20
1	3051	16630	0
1	3064	16710	20
1	3104	16960	0
1	3204	17640	80.117212474536
1	3248	17888.199469626996	0
1	3263	17970	58.890415773201
1	3270	18000	22.994406724492
1	3277	18030	19.687342761842
1	3281	18040	0
1	3300	18120	48.940452528029
1	3326	18240	47.530547104987
1	3356	18400	0
1	3434	18880	0
1	3437	18900	20
1	3460	19030	0
1	3493	19211.464604377542	0
1	3494	19212.831720835121	0
1	3579	19680	76.72413608354
1	3583	19710	50
1	3588	19740	20
1	3605	19830	50
2	216	1080	7108
2	244	1230	7109
2	281	1410	7113
2	328	1650	7115
2	340	1710	7116
2	366	1840	7117
2	382	1939.980044445827	7120
2	384	1950	7119
2	444	2310	7121
2	466	2440	7122
2	500	2640	7125
2	515	2730	7126
2	576	3030	7129
2	586	3071.718818109502	7132
2	603	3160	7128
2	657	3480	7135
2	684	3630	7136
2	700	3720	7139
2	763	4050	7142
2	768	4080	7143
2	824	4360	7144
2	847	4480	7146
2	860	4560	7148
2	904	4800	7151
2	919	4890	7153
2	955	5080	7152
2	959	5100	7155
2	968	5160	7156
2	1057	5664.335048227025	7163
2	1058	5670	7160
2	1082	5770.260580543892	7165
2	1083	5790	7162
2	1209	6450	7174
2	1226	6520	7172
2	1242	6585.053231531243	7178
2	1258	6660	7177
2	1263	6670	7176
2	1267	6690	7181
2	1273	6720	7183
2	1279	6750	7179
2	1308	6870	7182
2	1328	6960	7186
2	1334	6980.987684018621	7187
2	1353	7080	7188
2	1380	7200	7191
2	1435	7440	7197
2	1440	7470	7194
2	1440	7470	7196
2	1446	7500	7195
2	1498	7774.894881226523	7201
2	1501	7800	7200
2	1527	7950	7203
2	1543	8028.53318356367	7205
2	1567	8160	7206
2	1652	8640	7211
2	1656	8670	7210
2	1742	9246.793098360813	7213
2	1843	9900	7216
2	1903	10230	7218
2	1917	10320	7222
2	1927	10360	7219
2	2066	11190	7227
2	2074	11230	7228
2	2075	11250	7231
2	2089	11310	7229
2	2155	11640	7237
2	2185	11790	7236
2	2201	11880	7241
2	2218	11970	7242
2	2268	12270	7243
2	2354	12750	7246
2	2354	12750	7247
2	2354	12750	7249
2	2376	12856.118981768604	7251
2	2508	13710	7255
2	2581	14130	7259
2	2602	14222.089029785826	7260
2	2605	14250	7262
2	2609	14280	7263
2	2716	14880	7268
2	2722	14909.791454556519	7272
2	2727	14920	7265
2	2732	14970	7271
2	2791	15249.102131149353	7276
2	2820	15400	7274
2	2821	15400	7275
2	2834	15480	7279
2	2878	15720	7281
2	2886	15760	7278
2	2957	16110	7283
2	3051	16630	7291
2	3064	16710	7290
2	3104	16960	7294
2	3204	17640	7297
2	3248	17888.199469626996	7299
2	3263	17970	7301
2	3270	18000	7302
2	3277	18030	7300
2	3281	18040	7298
2	3300	18120	7305
2	3326	18240	7308
2	3356	18400	7306
2	3434	18880	7311
2	3437	18900	7312
2	3460	19030	7313
2	3493	19211.464604377542	7316
2	3494	19212.831720835121	7317
2	3579	19680	7322
2	3583	19710	7320
2	3588	19740	7321
2	3605	19830	7323
3	205	1016.410983681096	1
3	207	1020	1
3	207	1020	1
3	212	1050	1
3	212	1050	1
3	217	1080	1
3	217	1080	0
3	223	1110	0
3	223	1110	0
3	227	1140	0
3	227	1140	0
3	232	1170	0
3	232	1170	0
3	241	1200	0
3	241	1200	0
3	245	1230	0
3	245	1230	0
3	251	1260	0
3	251	1260	0
3	258	1290	0
3	258	1290	0
3	263	1320	0
3	263	1320	0
3	269	1350	0
3	269	1350	0
3	272	1360	1
3	275	1380	1
3	275	1380	0
3	282	1410	0
3	282	1410	0
3	287	1440	0
3	287	1440	0
3	292	1470	0
3	292	1470	0
3	299	1500	0
3	299	1500	0
3	303	1510	1
3	306	1530	1
3	306	1530	0
3	310	1560	0
3	310	1560	0
3	317	1590	0
3	317	1590	0
3	324	1620	0
3	324	1620	0
3	329	1650	0
3	329	1650	0
3	335	1680	0
3	335	1680	0
3	341	1710	0
3	341	1710	0
3	344	1720	1
3	346	1740	1
3	346	1740	0
3	351	1768.773754271626	1
3	353	1770	1
3	353	1770	1
3	357	1800	1
3	357	1800	1
3	362	1830	1
3	362	1830	0
3	368	1860	0
3	368	1860	0
3	373	1890	0
3	373	1890	0
3	378	1920	0
3	378	1920	0
3	385	1950	0
3	385	1950	0
3	390	1980	0
3	390	1980	0
3	394	2010	0
3	394	2010	0
3	400	2040	0
3	400	2040	0
3	405	2070	0
3	405	2070	0
3	410	2100	0
3	410	2100	0
3	414	2130	0
3	414	2130	0
3	417	2135.224603796533	1
3	421	2160	1
3	421	2160	0
3	425	2190	0
3	425	2190	0
3	431	2220	0
3	431	2220	0
3	435	2250	0
3	435	2250	0
3	440	2280	0
3	440	2280	0
3	445	2310	0
3	445	2310	0
3	448	2320	1
3	450	2340	1
3	450	2340	0
3	454	2370	0
3	454	2370	0
3	458	2400	0
3	458	2400	0
3	463	2430	0
3	463	2430	0
3	467	2440	1
3	469	2460	1
3	469	2460	0
3	474	2490	0
3	474	2490	0
3	479	2520	0
3	479	2520	0
3	484	2550	0
3	484	2550	0
3	491	2580	0
3	491	2580	0
3	497	2610	0
3	497	2610	0
3	501	2640	0
3	501	2640	0
3	506	2670	0
3	506	2670	0
3	511	2700	0
3	511	2700	0
3	516	2730	0
3	516	2730	0
3	522	2760	0
3	522	2760	0
3	527	2790	0
3	527	2790	0
3	532	2820	0
3	532	2820	0
3	540	2850	0
3	540	2850	0
3	547	2880	0
3	547	2880	0
3	553	2910	0
3	553	2910	0
3	558	2940	0
3	558	2940	0
3	565	2970	0
3	565	2970	0
3	571	3000	0
3	571	3000	0
3	574	3010	1
3	577	3030	1
3	577	3030	1
3	582	3060	1
3	582	3060	0
3	588	3090	0
3	588	3090	0
3	592	3120	0
3	592	3120	0
3	595	3125.275283376637	1
3	600	3150	1
3	600	3150	0
3	606	3180	0
3	606	3180	0
3	611	3210	0
3	611	3210	0
3	617	3240	0
3	617	3240	0
3	623	3270	0
3	623	3270	0
3	627	3300	0
3	627	3300	0
3	632	3330	0
3	632	3330	0
3	637	3360	0
3	637	3360	0
3	641	3390	0
3	641	3390	0
3	645	3400	1
3	648	3420	1
3	648	3420	0
3	652	3450	0
3	652	3450	0
3	658	3480	0
3	658	3480	0
3	661	3494.504011770186	1
3	663	3510	1
3	663	3510	0
3	668	3540	0
3	668	3540	0
3	672	3558.322678378672	1
3	674	3570	1
3	674	3570	1
3	680	3600	1
3	680	3600	1
3	685	3630	1
3	685	3630	0
3	690	3660	0
3	690	3660	0
3	695	3690	0
3	695	3690	0
3	701	3720	0
3	701	3720	0
3	707	3750	0
3	707	3750	0
3	711	3780	0
3	711	3780	0
3	718	3810	0
3	718	3810	0
3	724	3840	0
3	724	3840	0
3	728	3870	0
3	728	3870	0
3	735	3900	0
3	735	3900	0
3	739	3930	0
3	739	3930	0
3	746	3960	0
3	746	3960	0
3	754	3990	0
3	754	3990	0
3	758	4020	0
3	758	4020	0
3	764	4050	0
3	764	4050	0
3	769	4080	0
3	769	4080	0
3	775	4110	0
3	775	4110	0
3	780	4140	0
3	780	4140	0
3	787	4170	0
3	787	4170	0
3	792	4200	0
3	792	4200	0
3	797	4230	0
3	797	4230	0
3	800	4240	1
3	803	4260	1
3	803	4260	0
3	809	4290	0
3	809	4290	0
3	815	4320	0
3	815	4320	0
3	820	4350	0
3	820	4350	0
3	823	4353.236546328605	1
3	827	4380	1
3	827	4380	0
3	834	4410	0
3	834	4410	0
3	839	4440	0
3	839	4440	0
3	844	4470	0
3	844	4470	0
3	851	4500	0
3	851	4500	0
3	855	4522.121264838439	1
3	857	4530	1
3	857	4530	1
3	861	4560	1
3	861	4560	0
3	866	4590	0
3	866	4590	0
3	871	4620	0
3	871	4620	0
3	875	4650	0
3	875	4650	0
3	882	4680	0
3	882	4680	0
3	886	4710	0
3	886	4710	0
3	892	4740	0
3	892	4740	0
3	897	4770	0
3	897	4770	0
3	905	4800	0
3	905	4800	0
3	911	4830	0
3	911	4830	0
3	915	4860	0
3	915	4860	0
3	920	4890	0
3	920	4890	0
3	926	4920	0
3	926	4920	0
3	930	4950	0
3	930	4950	0
3	933	4960	1
3	936	4980	1
3	936	4980	0
3	940	4990	1
3	943	5010	1
3	943	5010	0
3	947	5040	0
3	947	5040	0
3	952	5070	0
3	952	5070	0
3	960	5100	0
3	960	5100	0
3	965	5130	0
3	965	5130	0
3	969	5160	0
3	969	5160	0
3	975	5190	0
3	975	5190	0
3	981	5220	0
3	981	5220	0
3	985	5250	0
3	985	5250	0
3	991	5280	0
3	991	5280	0
3	995	5310	0
3	995	5310	0
3	999	5340	0
3	999	5340	0
3	1005	5370	0
3	1005	5370	0
3	1010	5400	0
3	1010	5400	0
3	1015	5430	0
3	1015	5430	0
3	1020	5460	0
3	1020	5460	0
3	1026	5490	0
3	1026	5490	0
3	1030	5520	0
3	1030	5520	0
3	1033	5527.105355410513	1
3	1035	5550	1
3	1035	5550	0
3	1041	5580	0
3	1041	5580	0
3	1044	5580.980382559565	1
3	1047	5610	1
3	1047	5610	1
3	1051	5640	1
3	1051	5640	1
3	1059	5670	1
3	1059	5670	0
3	1064	5700	0
3	1064	5700	0
3	1070	5730	0
3	1070	5730	0
3	1074	5746.473894198685	1
3	1076	5760	1
3	1076	5760	0
3	1084	5790	0
3	1084	5790	0
3	1089	5820	0
3	1089	5820	0
3	1095	5850	0
3	1095	5850	0
3	1102	5880	0
3	1102	5880	0
3	1109	5910	0
3	1109	5910	0
3	1114	5940	0
3	1114	5940	0
3	1119	5970	0
3	1119	5970	0
3	1126	6000	0
3	1126	6000	0
3	1131	6030	0
3	1131	6030	0
3	1136	6060	0
3	1136	6060	0
3	1142	6090	0
3	1142	6090	0
3	1146	6120	0
3	1146	6120	0
3	1150	6150	0
3	1150	6150	0
3	1154	6159.011909262232	1
3	1155	6160	2
3	1156	6160	3
3	1160	6180	3
3	1160	6180	1
3	1164	6210	1
3	1164	6210	1
3	1168	6240	1
3	1168	6240	0
3	1174	6270	0
3	1174	6270	0
3	1181	6300	0
3	1181	6300	0
3	1185	6330	0
3	1185	6330	0
3	1192	6360	0
3	1192	6360	0
3	1195	6373.930399172296	1
3	1197	6390	1
3	1197	6390	1
3	1204	6420	1
3	1204	6420	0
3	1210	6450	0
3	1210	6450	0
3	1215	6480	0
3	1215	6480	0
3	1222	6510	0
3	1222	6510	0
3	1230	6540	0
3	1230	6540	0
3	1238	6570	0
3	1238	6570	0
3	1243	6591.681662071193	1
3	1245	6600	1
3	1245	6600	1
3	1251	6630	1
3	1251	6630	0
3	1257	6658.096859601004	1
3	1259	6660	1
3	1259	6660	1
3	1264	6672.422243795717	2
3	1268	6690	2
3	1268	6690	2
3	1274	6720	2
3	1274	6720	1
3	1280	6750	1
3	1280	6750	0
3	1287	6780	0
3	1287	6780	0
3	1294	6810	0
3	1294	6810	0
3	1302	6840	0
3	1302	6840	0
3	1309	6870	0
3	1309	6870	0
3	1313	6886.33334419693	1
3	1315	6900	1
3	1315	6900	0
3	1320	6930	0
3	1320	6930	0
3	1329	6960	0
3	1329	6960	0
3	1336	6990	0
3	1336	6990	0
3	1343	7020	0
3	1343	7020	0
3	1348	7050	0
3	1348	7050	0
3	1354	7080	0
3	1354	7080	0
3	1361	7110	0
3	1361	7110	0
3	1366	7140	0
3	1366	7140	0
3	1371	7170	0
3	1371	7170	0
3	1381	7200	0
3	1381	7200	0
3	1386	7230	0
3	1386	7230	0
3	1394	7260	0
3	1394	7260	0
3	1397	7274.378752108977	1
3	1401	7290	1
3	1401	7290	1
3	1407	7300.32044590671	2
3	1410	7320	2
3	1410	7320	0
3	1416	7350	0
3	1416	7350	0
3	1421	7380	0
3	1421	7380	0
3	1428	7410	0
3	1428	7410	0
3	1436	7440	0
3	1436	7440	0
3	1441	7470	0
3	1441	7470	0
3	1447	7500	0
3	1447	7500	0
3	1452	7530	0
3	1452	7530	0
3	1457	7560	0
3	1457	7560	0
3	1464	7590	0
3	1464	7590	0
3	1469	7620	0
3	1469	7620	0
3	1474	7650	0
3	1474	7650	0
3	1480	7680	0
3	1480	7680	0
3	1486	7710	0
3	1486	7710	0
3	1491	7740	0
3	1491	7740	0
3	1495	7770	0
3	1495	7770	0
3	1500	7798.217936166577	1
3	1502	7800	1
3	1502	7800	0
3	1506	7830	0
3	1506	7830	0
3	1510	7860	0
3	1510	7860	0
3	1515	7890	0
3	1515	7890	0
3	1522	7920	0
3	1522	7920	0
3	1526	7930	1
3	1528	7950	1
3	1528	7950	1
3	1532	7980	1
3	1532	7980	0
3	1538	8010	0
3	1538	8010	0
3	1541	8015.359803650504	1
3	1545	8040	1
3	1545	8040	1
3	1550	8070	1
3	1550	8070	0
3	1555	8100	0
3	1555	8100	0
3	1562	8130	0
3	1562	8130	0
3	1568	8160	0
3	1568	8160	0
3	1574	8190	0
3	1574	8190	0
3	1579	8220	0
3	1579	8220	0
3	1583	8250	0
3	1583	8250	0
3	1589	8265.525539868599	1
3	1592	8280	1
3	1592	8280	1
3	1597	8310	1
3	1597	8310	0
3	1601	8340	0
3	1601	8340	0
3	1606	8370	0
3	1606	8370	0
3	1611	8400	0
3	1611	8400	0
3	1617	8430	0
3	1617	8430	0
3	1622	8460	0
3	1622	8460	0
3	1626	8490	0
3	1626	8490	0
3	1629	8493.005577572607	1
3	1632	8520	1
3	1632	8520	0
3	1639	8550	0
3	1639	8550	0
3	1643	8580	0
3	1643	8580	0
3	1647	8610	0
3	1647	8610	0
3	1653	8640	0
3	1653	8640	0
3	1657	8670	0
3	1657	8670	0
3	1661	8700	0
3	1661	8700	0
3	1665	8730	0
3	1665	8730	0
3	1670	8760	0
3	1670	8760	0
3	1675	8790	0
3	1675	8790	0
3	1679	8820	0
3	1679	8820	0
3	1684	8850	0
3	1684	8850	0
3	1688	8880	0
3	1688	8880	0
3	1692	8910	0
3	1692	8910	0
3	1696	8940	0
3	1696	8940	0
3	1700	8970	0
3	1700	8970	0
3	1704	9000	0
3	1704	9000	0
3	1708	9030	0
3	1708	9030	0
3	1713	9060	0
3	1713	9060	0
3	1717	9090	0
3	1717	9090	0
3	1721	9120	0
3	1721	9120	0
3	1727	9150	0
3	1727	9150	0
3	1731	9180	0
3	1731	9180	0
3	1735	9210	0
3	1735	9210	0
3	1739	9240	0
3	1739	9240	0
3	1744	9270	0
3	1744	9270	0
3	1747	9280	1
3	1749	9300	1
3	1749	9300	0
3	1753	9330	0
3	1753	9330	0
3	1758	9360	0
3	1758	9360	0
3	1764	9390	0
3	1764	9390	0
3	1769	9420	0
3	1769	9420	0
3	1773	9450	0
3	1773	9450	0
3	1779	9480	0
3	1779	9480	0
3	1784	9510	0
3	1784	9510	0
3	1788	9540	0
3	1788	9540	0
3	1793	9570	0
3	1793	9570	0
3	1798	9600	0
3	1798	9600	0
3	1801	9610	1
3	1804	9630	1
3	1804	9630	1
3	1808	9660	1
3	1808	9660	0
3	1812	9690	0
3	1812	9690	0
3	1817	9720	0
3	1817	9720	0
3	1822	9750	0
3	1822	9750	0
3	1827	9780	0
3	1827	9780	0
3	1831	9810	0
3	1831	9810	0
3	1835	9840	0
3	1835	9840	0
3	1839	9870	0
3	1839	9870	0
3	1844	9900	0
3	1844	9900	0
3	1850	9930	0
3	1850	9930	0
3	1854	9960	0
3	1854	9960	0
3	1859	9990	0
3	1859	9990	0
3	1866	10020	0
3	1866	10020	0
3	1869	10028.223514590492	1
3	1871	10050	1
3	1871	10050	1
3	1876	10080	1
3	1876	10080	0
3	1882	10110	0
3	1882	10110	0
3	1887	10140	0
3	1887	10140	0
3	1892	10170	0
3	1892	10170	0
3	1896	10182.529695185611	1
3	1898	10200	1
3	1898	10200	0
3	1901	10210	1
3	1902	10210	2
3	1904	10230	2
3	1904	10230	2
3	1909	10260	2
3	1909	10260	0
3	1913	10290	0
3	1913	10290	0
3	1918	10320	0
3	1918	10320	0
3	1923	10350	0
3	1923	10350	0
3	1930	10380	0
3	1930	10380	0
3	1934	10410	0
3	1934	10410	0
3	1941	10440	0
3	1941	10440	0
3	1947	10470	0
3	1947	10470	0
3	1951	10500	0
3	1951	10500	0
3	1955	10530	0
3	1955	10530	0
3	1961	10560	0
3	1961	10560	0
3	1965	10590	0
3	1965	10590	0
3	1971	10620	0
3	1971	10620	0
3	1975	10650	0
3	1975	10650	0
3	1979	10680	0
3	1979	10680	0
3	1985	10710	0
3	1985	10710	0
3	1988	10720	1
3	1990	10740	1
3	1990	10740	0
3	1994	10770	0
3	1994	10770	0
3	1998	10800	0
3	1998	10800	0
3	2002	10830	0
3	2002	10830	0
3	2008	10860	0
3	2008	10860	0
3	2012	10890	0
3	2012	10890	0
3	2016	10920	0
3	2016	10920	0
3	2022	10950	0
3	2022	10950	0
3	2026	10980	0
3	2026	10980	0
3	2032	11010	0
3	2032	11010	0
3	2036	11040	0
3	2036	11040	0
3	2044	11070	0
3	2044	11070	0
3	2050	11100	0
3	2050	11100	0
3	2054	11130	0
3	2054	11130	0
3	2060	11160	0
3	2060	11160	0
3	2064	11167.125886928633	1
3	2067	11190	1
3	2067	11190	0
3	2071	11220	0
3	2071	11220	0
3	2076	11250	0
3	2076	11250	0
3	2083	11280	0
3	2083	11280	0
3	2090	11310	0
3	2090	11310	0
3	2095	11340	0
3	2095	11340	0
3	2102	11370	0
3	2102	11370	0
3	2107	11390.840502360192	1
3	2109	11400	1
3	2109	11400	0
3	2114	11430	0
3	2114	11430	0
3	2119	11460	0
3	2119	11460	0
3	2122	11465.536980315456	1
3	2126	11490	1
3	2126	11490	1
3	2133	11520	1
3	2133	11520	1
3	2137	11550	1
3	2137	11550	0
3	2142	11580	0
3	2142	11580	0
3	2147	11589.710203531549	1
3	2150	11610	1
3	2150	11610	1
3	2156	11640	1
3	2156	11640	0
3	2162	11670	0
3	2162	11670	0
3	2165	11688.524007001193	1
3	2167	11700	1
3	2167	11700	1
3	2172	11730	1
3	2172	11730	1
3	2181	11760	1
3	2181	11760	0
3	2186	11790	0
3	2186	11790	0
3	2192	11820	0
3	2192	11820	0
3	2197	11850	0
3	2197	11850	0
3	2202	11880	0
3	2202	11880	0
3	2208	11910	0
3	2208	11910	0
3	2212	11920	1
3	2215	11940	1
3	2215	11940	0
3	2219	11970	0
3	2219	11970	0
3	2224	12000	0
3	2224	12000	0
3	2229	12030	0
3	2229	12030	0
3	2235	12060	0
3	2235	12060	0
3	2238	12070	1
3	2240	12090	1
3	2240	12090	0
3	2245	12120	0
3	2245	12120	0
3	2250	12150	0
3	2250	12150	0
3	2254	12180	0
3	2254	12180	0
3	2259	12210	0
3	2259	12210	0
3	2263	12240	0
3	2263	12240	0
3	2269	12270	0
3	2269	12270	0
3	2273	12300	0
3	2273	12300	0
3	2277	12330	0
3	2277	12330	0
3	2282	12360	0
3	2282	12360	0
3	2288	12390	0
3	2288	12390	0
3	2293	12420	0
3	2293	12420	0
3	2296	12442.3164999601	1
3	2298	12450	1
3	2298	12450	1
3	2303	12480	1
3	2303	12480	1
3	2307	12490	2
3	2309	12510	2
3	2309	12510	1
3	2312	12518.819014656623	2
3	2316	12540	2
3	2316	12540	1
3	2321	12570	1
3	2321	12570	1
3	2324	12583.689597065227	2
3	2326	12600	2
3	2326	12600	1
3	2331	12630	1
3	2331	12630	0
3	2338	12660	0
3	2338	12660	0
3	2341	12662.260698108251	1
3	2343	12690	1
3	2343	12690	1
3	2348	12720	1
3	2348	12720	1
3	2355	12750	1
3	2355	12750	0
3	2360	12780	0
3	2360	12780	0
3	2364	12810	0
3	2364	12810	0
3	2368	12840	0
3	2368	12840	0
3	2378	12870	0
3	2378	12870	0
3	2382	12900	0
3	2382	12900	0
3	2386	12930	0
3	2386	12930	0
3	2394	12960	0
3	2394	12960	0
3	2398	12990	0
3	2398	12990	0
3	2402	13020	0
3	2402	13020	0
3	2406	13050	0
3	2406	13050	0
3	2411	13080	0
3	2411	13080	0
3	2416	13110	0
3	2416	13110	0
3	2420	13140	0
3	2420	13140	0
3	2424	13170	0
3	2424	13170	0
3	2429	13200	0
3	2429	13200	0
3	2434	13230	0
3	2434	13230	0
3	2438	13260	0
3	2438	13260	0
3	2442	13290	0
3	2442	13290	0
3	2447	13320	0
3	2447	13320	0
3	2451	13350	0
3	2451	13350	0
3	2456	13380	0
3	2456	13380	0
3	2460	13410	0
3	2460	13410	0
3	2465	13440	0
3	2465	13440	0
3	2470	13470	0
3	2470	13470	0
3	2475	13500	0
3	2475	13500	0
3	2481	13530	0
3	2481	13530	0
3	2485	13560	0
3	2485	13560	0
3	2488	13580.338478967341	1
3	2490	13590	1
3	2490	13590	0
3	2494	13620	0
3	2494	13620	0
3	2499	13650	0
3	2499	13650	0
3	2504	13680	0
3	2504	13680	0
3	2509	13710	0
3	2509	13710	0
3	2513	13740	0
3	2513	13740	0
3	2519	13770	0
3	2519	13770	0
3	2523	13800	0
3	2523	13800	0
3	2528	13830	0
3	2528	13830	0
3	2532	13860	0
3	2532	13860	0
3	2536	13890	0
3	2536	13890	0
3	2540	13920	0
3	2540	13920	0
3	2546	13950	0
3	2546	13950	0
3	2551	13980	0
3	2551	13980	0
3	2555	14010	0
3	2555	14010	0
3	2562	14040	0
3	2562	14040	0
3	2567	14055.037374962519	1
3	2569	14070	1
3	2569	14070	0
3	2573	14100	0
3	2573	14100	0
3	2582	14130	0
3	2582	14130	0
3	2587	14160	0
3	2587	14160	0
3	2592	14190	0
3	2592	14190	0
3	2599	14220	0
3	2599	14220	0
3	2604	14230	1
3	2606	14250	1
3	2606	14250	0
3	2610	14280	0
3	2610	14280	0
3	2613	14290	1
3	2615	14310	1
3	2615	14310	1
3	2619	14328.807102678261	2
3	2621	14340	2
3	2621	14340	0
3	2628	14370	0
3	2628	14370	0
3	2633	14400	0
3	2633	14400	0
3	2637	14430	0
3	2637	14430	0
3	2643	14460	0
3	2643	14460	0
3	2648	14490	0
3	2648	14490	0
3	2653	14520	0
3	2653	14520	0
3	2658	14550	0
3	2658	14550	0
3	2663	14580	0
3	2663	14580	0
3	2667	14610	0
3	2667	14610	0
3	2672	14640	0
3	2672	14640	0
3	2677	14670	0
3	2677	14670	0
3	2680	14672.190110415603	1
3	2682	14700	1
3	2682	14700	1
3	2685	14716.440858365776	2
3	2688	14730	2
3	2688	14730	2
3	2694	14760	2
3	2694	14760	1
3	2699	14790	1
3	2699	14790	0
3	2702	14800	1
3	2705	14820	1
3	2705	14820	0
3	2709	14835.582941824627	1
3	2710	14837.451690852313	2
3	2712	14850	2
3	2712	14850	2
3	2717	14880	2
3	2717	14880	1
3	2724	14910	1
3	2724	14910	0
3	2729	14940	0
3	2729	14940	0
3	2733	14970	0
3	2733	14970	0
3	2740	15000	0
3	2740	15000	0
3	2748	15030	0
3	2748	15030	0
3	2753	15060	0
3	2753	15060	0
3	2756	15070	1
3	2759	15090	1
3	2759	15090	0
3	2766	15120	0
3	2766	15120	0
3	2773	15150	0
3	2773	15150	0
3	2777	15180	0
3	2777	15180	0
3	2784	15210	0
3	2784	15210	0
3	2788	15240	0
3	2788	15240	0
3	2793	15270	0
3	2793	15270	0
3	2796	15280	1
3	2797	15280	2
3	2800	15300	2
3	2800	15300	0
3	2805	15330	0
3	2805	15330	0
3	2811	15360	0
3	2811	15360	0
3	2816	15390	0
3	2816	15390	0
3	2824	15420	0
3	2824	15420	0
3	2830	15450	0
3	2830	15450	0
3	2835	15480	0
3	2835	15480	0
3	2841	15510	0
3	2841	15510	0
3	2844	15520	1
3	2846	15540	1
3	2846	15540	0
3	2851	15570	0
3	2851	15570	0
3	2856	15600	0
3	2856	15600	0
3	2859	15610	1
3	2862	15630	1
3	2862	15630	1
3	2867	15660	1
3	2867	15660	0
3	2870	15661.633298385665	1
3	2873	15690	1
3	2873	15690	1
3	2879	15720	1
3	2879	15720	0
3	2883	15750	0
3	2883	15750	0
3	2889	15780	0
3	2889	15780	0
3	2894	15810	0
3	2894	15810	0
3	2900	15840	0
3	2900	15840	0
3	2907	15870	0
3	2907	15870	0
3	2912	15900	0
3	2912	15900	0
3	2918	15930	0
3	2918	15930	0
3	2923	15948.593433716994	1
3	2927	15960	1
3	2927	15960	1
3	2933	15990	1
3	2933	15990	0
3	2938	16020	0
3	2938	16020	0
3	2941	16028.042981528919	1
3	2945	16050	1
3	2945	16050	1
3	2949	16060.322786837381	2
3	2951	16080	2
3	2951	16080	1
3	2958	16110	1
3	2958	16110	0
3	2964	16140	0
3	2964	16140	0
3	2968	16170	0
3	2968	16170	0
3	2973	16200	0
3	2973	16200	0
3	2982	16230	0
3	2982	16230	0
3	2987	16260	0
3	2987	16260	0
3	2991	16290	0
3	2991	16290	0
3	2998	16320	0
3	2998	16320	0
3	3004	16350	0
3	3004	16350	0
3	3008	16380	0
3	3008	16380	0
3	3012	16410	0
3	3012	16410	0
3	3018	16440	0
3	3018	16440	0
3	3022	16470	0
3	3022	16470	0
3	3026	16500	0
3	3026	16500	0
3	3030	16527.471067535972	1
3	3033	16530	1
3	3033	16530	1
3	3037	16560	1
3	3037	16560	1
3	3042	16590	1
3	3042	16590	0
3	3048	16620	0
3	3048	16620	0
3	3053	16650	0
3	3053	16650	0
3	3058	16680	0
3	3058	16680	0
3	3065	16710	0
3	3065	16710	0
3	3070	16740	0
3	3070	16740	0
3	3074	16770	0
3	3074	16770	0
3	3078	16800	0
3	3078	16800	0
3	3082	16810	1
3	3084	16830	1
3	3084	16830	1
3	3089	16860	1
3	3089	16860	0
3	3093	16890	0
3	3093	16890	0
3	3097	16920	0
3	3097	16920	0
3	3101	16950	0
3	3101	16950	0
3	3106	16980	0
3	3106	16980	0
3	3110	17010	0
3	3110	17010	0
3	3115	17040	0
3	3115	17040	0
3	3120	17070	0
3	3120	17070	0
3	3124	17100	0
3	3124	17100	0
3	3129	17130	0
3	3129	17130	0
3	3134	17160	0
3	3134	17160	0
3	3138	17190	0
3	3138	17190	0
3	3142	17220	0
3	3142	17220	0
3	3146	17250	0
3	3146	17250	0
3	3149	17257.418414846897	1
3	3151	17280	1
3	3151	17280	1
3	3154	17290	2
3	3156	17310	2
3	3156	17310	1
3	3160	17340	1
3	3160	17340	0
3	3164	17370	0
3	3164	17370	0
3	3168	17400	0
3	3168	17400	0
3	3173	17430	0
3	3173	17430	0
3	3179	17460	0
3	3179	17460	0
3	3183	17490	0
3	3183	17490	0
3	3188	17520	0
3	3188	17520	0
3	3192	17550	0
3	3192	17550	0
3	3197	17580	0
3	3197	17580	0
3	3201	17610	0
3	3201	17610	0
3	3205	17640	0
3	3205	17640	0
3	3209	17670	0
3	3209	17670	0
3	3213	17700	0
3	3213	17700	0
3	3217	17730	0
3	3217	17730	0
3	3223	17760	0
3	3223	17760	0
3	3228	17790	0
3	3228	17790	0
3	3234	17820	0
3	3234	17820	0
3	3239	17850	0
3	3239	17850	0
3	3245	17880	0
3	3245	17880	0
3	3250	17910	0
3	3250	17910	0
3	3255	17936.383522569686	1
3	3257	17940	1
3	3257	17940	0
3	3264	17970	0
3	3264	17970	0
3	3271	18000	0
3	3271	18000	0
3	3278	18030	0
3	3278	18030	0
3	3285	18060	0
3	3285	18060	0
3	3291	18090	0
3	3291	18090	0
3	3301	18120	0
3	3301	18120	0
3	3308	18150	0
3	3308	18150	0
3	3313	18180	0
3	3313	18180	0
3	3320	18204.690152911456	1
3	3322	18210	1
3	3322	18210	1
3	3327	18240	1
3	3327	18240	0
3	3332	18270	0
3	3332	18270	0
3	3335	18280	1
3	3337	18300	1
3	3337	18300	0
3	3342	18330	0
3	3342	18330	0
3	3349	18360	0
3	3349	18360	0
3	3353	18390	0
3	3353	18390	0
3	3359	18420	0
3	3359	18420	0
3	3364	18450	0
3	3364	18450	0
3	3371	18480	0
3	3371	18480	0
3	3377	18510	0
3	3377	18510	0
3	3381	18540	0
3	3381	18540	0
3	3386	18570	0
3	3386	18570	0
3	3391	18600	0
3	3391	18600	0
3	3396	18630	0
3	3396	18630	0
3	3400	18660	0
3	3400	18660	0
3	3404	18690	0
3	3404	18690	0
3	3409	18720	0
3	3409	18720	0
3	3413	18750	0
3	3413	18750	0
3	3416	18760	1
3	3418	18780	1
3	3418	18780	0
3	3423	18810	0
3	3423	18810	0
3	3427	18840	0
3	3427	18840	0
3	3431	18870	0
3	3431	18870	0
3	3438	18900	0
3	3438	18900	0
3	3442	18930	0
3	3442	18930	0
3	3447	18960	0
3	3447	18960	0
3	3452	18990	0
3	3452	18990	0
3	3457	19020	0
3	3457	19020	0
3	3461	19031.340842688801	1
3	3463	19050	1
3	3463	19050	1
3	3468	19080	1
3	3468	19080	1
3	3472	19110	1
3	3472	19110	0
3	3479	19140	0
3	3479	19140	0
3	3484	19170	0
3	3484	19170	0
3	3489	19200	0
3	3489	19200	0
3	3496	19230	0
3	3496	19230	0
3	3502	19260	0
3	3502	19260	0
3	3505	19285.830421862796	1
3	3507	19290	1
3	3507	19290	1
3	3514	19320	1
3	3514	19320	1
3	3517	19330.869009258726	2
3	3519	19350	2
3	3519	19350	0
3	3524	19380	0
3	3524	19380	0
3	3528	19410	0
3	3528	19410	0
3	3535	19440	0
3	3535	19440	0
3	3542	19470	0
3	3542	19470	0
3	3546	19500	0
3	3546	19500	0
3	3550	19517.072412599721	1
3	3552	19530	1
3	3552	19530	1
3	3558	19560	1
3	3558	19560	0
3	3563	19590	0
3	3563	19590	0
3	3568	19620	0
3	3568	19620	0
3	3572	19650	0
3	3572	19650	0
3	3575	19657.536666909307	1
3	3580	19680	1
3	3580	19680	0
3	3584	19710	0
3	3584	19710	0
3	3589	19740	0
3	3589	19740	0
3	3594	19770	0
3	3594	19770	0
3	3601	19800	0
3	3601	19800	0
3	3606	19830	0
3	3606	19830	0
3	3611	19860	0
3	3611	19860	0
3	3617	19890	0
3	3617	19890	0
3	3623	19920	0
3	3623	19920	0
3	3629	19950	0
3	3629	19950	0
3	3636	19980	0
3	3636	19980	0
4	217	1080	63.589016318904
4	230	1150	0
4	275	1380	20
4	279	1390	0
4	304	1510	0
4	306	1530	20
4	315	1581.722273804602	0
4	346	1740	20
4	362	1830	61.226245728374
4	371	1870	0
4	398	2039.980044445827	0
4	421	2160	24.775396203467
4	450	2340	20
4	469	2460	20
4	536	2830	0
4	550	2885.685083909055	0
4	582	3060	50
4	600	3150	24.724716623363
4	648	3420	20
4	663	3510	15.495988229814
4	685	3630	71.677321621328
4	714	3790	0
4	803	4260	20
4	807	4270	0
4	827	4380	26.763453671395
4	861	4560	37.878735161561
4	936	4980	20
4	943	5010	20
4	972	5167.309811674595	0
4	1035	5550	22.894644589487
4	1038	5555.88722771288	0
4	1059	5670	89.019617440435
4	1067	5710	0
4	1076	5760	13.526105801315
4	1140	6070	0
4	1160	6180	20
4	1160	6180	20
4	1168	6240	80.988090737768
4	1204	6420	46.069600827704
4	1234	6550	0
4	1251	6630	38.318337928807
4	1274	6720	61.903140398996
4	1280	6750	77.577756204283
4	1297	6820	0
4	1315	6900	13.66665580307
4	1375	7180	0
4	1410	7320	45.621247891023
4	1410	7320	19.67955409329
4	1425	7390	0
4	1502	7800	1.782063833423
4	1518	7900	0
4	1532	7980	50
4	1550	8070	54.640196349496
4	1587	8260	0
4	1597	8310	44.474460131401
4	1632	8520	26.994422427393
4	1668	8740	0
4	1749	9300	20
4	1782	9485.173118755876	0
4	1808	9660	50
4	1876	10080	51.776485409508
4	1898	10200	17.470304814389
4	1909	10260	50
4	1909	10260	50
4	1990	10740	20
4	2039	11041.158512245267	0
4	2040	11041.535076086427	0
4	2063	11163.998164708743	0
4	2067	11190	22.874113071367
4	2109	11400	9.159497639808
4	2137	11550	84.463019684544
4	2156	11640	50.289796468451
4	2176	11740	0
4	2181	11760	71.475992998807
4	2215	11940	20
4	2240	12090	20
4	2248	12147.902349909011	0
4	2309	12510	67.6835000399
4	2316	12540	50
4	2326	12600	81.180985343377
4	2331	12630	46.310402934773
4	2335	12639.199254962586	0
4	2355	12750	87.739301891749
4	2392	12956.118981768604	0
4	2490	13590	9.661521032659
4	2569	14070	14.962625037481
4	2606	14250	20
4	2621	14340	50
4	2621	14340	11.192897321739
4	2631	14380	0
4	2694	14760	87.809889584397
4	2699	14790	73.559141634224
4	2705	14820	20
4	2717	14880	44.417058175373
4	2724	14910	72.548309147687
4	2736	14980	0
4	2759	15090	20
4	2800	15300	20
4	2800	15300	20
4	2803	15310	0
4	2809	15349.102131149353	0
4	2846	15540	20
4	2867	15660	50
4	2879	15720	58.366701614335
4	2933	15990	41.406566283006
4	2942	16030	0
4	2951	16080	19.677213162619
4	2958	16110	81.957018471081
4	3042	16590	62.528932464028
4	3089	16860	50
4	3156	17310	52.581585153103
4	3160	17340	50
4	3253	17910.312657238158	0
4	3257	17940	3.616477430314
4	3282	18040.373392089254	0
4	3295	18100	0
4	3327	18240	35.309847088544
4	3337	18300	20
4	3418	18780	20
4	3472	19110	78.659157311199
4	3511	19311.464604377542	0
4	3519	19350	64.169578137204
4	3519	19350	19.130990741274
4	3558	19560	42.927587400279
4	3580	19680	22.463333090693
5	217	1080	7109
5	230	1150	7106
5	275	1380	7111
5	279	1390	7110
5	304	1510	7112
5	306	1530	7113
5	315	1581.722273804602	7116
5	346	1740	7117
5	362	1830	7119
5	371	1870	7118
5	398	2039.980044445827	7120
5	421	2160	7121
5	450	2340	7122
5	469	2460	7123
5	536	2830	7124
5	550	2885.685083909055	7129
5	582	3060	7128
5	600	3150	7133
5	648	3420	7134
5	663	3510	7136
5	685	3630	7137
5	714	3790	7138
5	803	4260	7144
5	807	4270	7141
5	827	4380	7146
5	861	4560	7150
5	936	4980	7152
5	943	5010	7153
5	972	5167.309811674595	7158
5	1035	5550	7160
5	1038	5555.88722771288	7161
5	1059	5670	7162
5	1067	5710	7159
5	1076	5760	7164
5	1140	6070	7167
5	1160	6180	7168
5	1160	6180	7169
5	1168	6240	7170
5	1204	6420	7172
5	1234	6550	7171
5	1251	6630	7179
5	1274	6720	7180
5	1280	6750	7182
5	1297	6820	7183
5	1315	6900	7184
5	1375	7180	7188
5	1410	7320	7194
5	1410	7320	7196
5	1425	7390	7189
5	1502	7800	7203
5	1518	7900	7200
5	1532	7980	7202
5	1550	8070	7204
5	1587	8260	7206
5	1597	8310	7208
5	1632	8520	7210
5	1668	8740	7211
5	1749	9300	7212
5	1782	9485.173118755876	7215
5	1808	9660	7214
5	1876	10080	7218
5	1898	10200	7221
5	1909	10260	7219
5	1909	10260	7220
5	1990	10740	7224
5	2039	11041.158512245267	7226
5	2040	11041.535076086427	7227
5	2063	11163.998164708743	7229
5	2067	11190	7230
5	2109	11400	7233
5	2137	11550	7234
5	2156	11640	7236
5	2176	11740	7237
5	2181	11760	7238
5	2215	11940	7239
5	2240	12090	7242
5	2248	12147.902349909011	7243
5	2309	12510	7245
5	2316	12540	7244
5	2326	12600	7246
5	2331	12630	7247
5	2335	12639.199254962586	7249
5	2355	12750	7250
5	2392	12956.118981768604	7251
5	2490	13590	7255
5	2569	14070	7258
5	2606	14250	7259
5	2621	14340	7261
5	2621	14340	7264
5	2631	14380	7263
5	2694	14760	7266
5	2699	14790	7267
5	2705	14820	7265
5	2717	14880	7269
5	2724	14910	7270
5	2736	14980	7268
5	2759	15090	7271
5	2800	15300	7274
5	2800	15300	7275
5	2803	15310	7273
5	2809	15349.102131149353	7276
5	2846	15540	7277
5	2867	15660	7278
5	2879	15720	7280
5	2933	15990	7283
5	2942	16030	7282
5	2951	16080	7288
5	2958	16110	7286
5	3042	16590	7290
5	3089	16860	7294
5	3156	17310	7296
5	3160	17340	7295
5	3253	17910.312657238158	7300
5	3257	17940	7298
5	3282	18040.373392089254	7303
5	3295	18100	7302
5	3327	18240	7309
5	3337	18300	7306
5	3418	18780	7311
5	3472	19110	7314
5	3511	19311.464604377542	7316
5	3519	19350	7318
5	3519	19350	7319
5	3558	19560	7320
5	3580	19680	7323
6	203	1000	1
6	208	1020	1
6	208	1020	1
6	213	1050	1
6	213	1050	0
6	218	1080	0
6	218	1080	0
6	224	1110	0
6	224	1110	0
6	228	1140	0
6	228	1140	0
6	233	1170	0
6	233	1170	0
6	239	1186.505309216173	1
6	242	1200	1
6	242	1200	1
6	246	1230	1
6	246	1230	1
6	248	1240	2
6	252	1260	2
6	252	1260	1
6	259	1290	1
6	259	1290	0
6	264	1320	0
6	264	1320	0
6	270	1350	0
6	270	1350	0
6	276	1380	0
6	276	1380	0
6	278	1385.204576402919	1
6	283	1410	1
6	283	1410	0
6	285	1435.985770406061	1
6	288	1440	1
6	288	1440	1
6	293	1470	1
6	293	1470	1
6	300	1500	1
6	300	1500	0
6	307	1530	0
6	307	1530	0
6	311	1560	0
6	311	1560	0
6	318	1590	0
6	318	1590	0
6	321	1602.444384035618	1
6	325	1620	1
6	325	1620	0
6	330	1650	0
6	330	1650	0
6	336	1680	0
6	336	1680	0
6	342	1710	0
6	342	1710	0
6	347	1740	0
6	347	1740	0
6	350	1761.639408358763	1
6	354	1770	1
6	354	1770	0
6	358	1800	0
6	358	1800	0
6	363	1830	0
6	363	1830	0
6	369	1860	0
6	369	1860	0
6	374	1890	0
6	374	1890	0
6	379	1920	0
6	379	1920	0
6	386	1950	0
6	386	1950	0
6	391	1980	0
6	391	1980	0
6	395	2010	0
6	395	2010	0
6	401	2040	0
6	401	2040	0
6	406	2070	0
6	406	2070	0
6	411	2100	0
6	411	2100	0
6	415	2130	0
6	415	2130	0
6	422	2160	0
6	422	2160	0
6	426	2190	0
6	426	2190	0
6	428	2199.734536803043	1
6	432	2220	1
6	432	2220	0
6	436	2250	0
6	436	2250	0
6	441	2280	0
6	441	2280	0
6	443	2302.316809916775	1
6	446	2310	1
6	446	2310	1
6	451	2340	1
6	451	2340	0
6	455	2370	0
6	455	2370	0
6	459	2400	0
6	459	2400	0
6	464	2430	0
6	464	2430	0
6	470	2460	0
6	470	2460	0
6	475	2490	0
6	475	2490	0
6	480	2520	0
6	480	2520	0
6	485	2550	0
6	485	2550	0
6	492	2580	0
6	492	2580	0
6	498	2610	0
6	498	2610	0
6	502	2640	0
6	502	2640	0
6	507	2670	0
6	507	2670	0
6	512	2700	0
6	512	2700	0
6	514	2710	1
6	517	2730	1
6	517	2730	0
6	523	2760	0
6	523	2760	0
6	528	2790	0
6	528	2790	0
6	533	2820	0
6	533	2820	0
6	537	2830	1
6	541	2850	1
6	541	2850	0
6	543	2851.629773014771	1
6	548	2880	1
6	548	2880	1
6	551	2893.200770210959	2
6	554	2910	2
6	554	2910	1
6	559	2940	1
6	559	2940	0
6	566	2970	0
6	566	2970	0
6	572	3000	0
6	572	3000	0
6	578	3030	0
6	578	3030	0
6	583	3060	0
6	583	3060	0
6	585	3070	1
6	589	3090	1
6	589	3090	0
6	593	3120	0
6	593	3120	0
6	601	3150	0
6	601	3150	0
6	607	3180	0
6	607	3180	0
6	612	3210	0
6	612	3210	0
6	615	3238.329112148333	1
6	618	3240	1
6	618	3240	1
6	624	3270	1
6	624	3270	1
6	628	3300	1
6	628	3300	0
6	633	3330	0
6	633	3330	0
6	638	3360	0
6	638	3360	0
6	642	3390	0
6	642	3390	0
6	649	3420	0
6	649	3420	0
6	653	3450	0
6	653	3450	0
6	659	3480	0
6	659	3480	0
6	664	3510	0
6	664	3510	0
6	669	3540	0
6	669	3540	0
6	675	3570	0
6	675	3570	0
6	681	3600	0
6	681	3600	0
6	686	3630	0
6	686	3630	0
6	691	3660	0
6	691	3660	0
6	693	3674.231323577196	1
6	696	3690	1
6	696	3690	0
6	702	3720	0
6	702	3720	0
6	708	3750	0
6	708	3750	0
6	712	3780	0
6	712	3780	0
6	716	3807.40245727104	1
6	719	3810	1
6	719	3810	1
6	725	3840	1
6	725	3840	1
6	729	3870	1
6	729	3870	0
6	736	3900	0
6	736	3900	0
6	740	3930	0
6	740	3930	0
6	747	3960	0
6	747	3960	0
6	755	3990	0
6	755	3990	0
6	759	4020	0
6	759	4020	0
6	765	4050	0
6	765	4050	0
6	767	4059.720452181063	1
6	770	4080	1
6	770	4080	1
6	772	4086.413706916854	2
6	776	4110	2
6	776	4110	1
6	778	4120	2
6	781	4140	2
6	781	4140	1
6	788	4170	1
6	788	4170	0
6	793	4200	0
6	793	4200	0
6	798	4230	0
6	798	4230	0
6	804	4260	0
6	804	4260	0
6	810	4290	0
6	810	4290	0
6	816	4320	0
6	816	4320	0
6	821	4350	0
6	821	4350	0
6	828	4380	0
6	828	4380	0
6	832	4390	1
6	835	4410	1
6	835	4410	0
6	840	4440	0
6	840	4440	0
6	845	4470	0
6	845	4470	0
6	849	4484.653679201034	1
6	852	4500	1
6	852	4500	0
6	858	4530	0
6	858	4530	0
6	862	4560	0
6	862	4560	0
6	867	4590	0
6	867	4590	0
6	872	4620	0
6	872	4620	0
6	876	4650	0
6	876	4650	0
6	880	4660	1
6	883	4680	1
6	883	4680	0
6	887	4710	0
6	887	4710	0
6	893	4740	0
6	893	4740	0
6	898	4770	0
6	898	4770	0
6	906	4800	0
6	906	4800	0
6	908	4811.572607462236	1
6	912	4830	1
6	912	4830	1
6	916	4860	1
6	916	4860	0
6	921	4890	0
6	921	4890	0
6	927	4920	0
6	927	4920	0
6	931	4950	0
6	931	4950	0
6	937	4980	0
6	937	4980	0
6	944	5010	0
6	944	5010	0
6	948	5040	0
6	948	5040	0
6	953	5070	0
6	953	5070	0
6	961	5100	0
6	961	5100	0
6	966	5130	0
6	966	5130	0
6	970	5160	0
6	970	5160	0
6	976	5190	0
6	976	5190	0
6	979	5200	1
6	982	5220	1
6	982	5220	1
6	986	5250	1
6	986	5250	0
6	989	5267.309811674595	1
6	992	5280	1
6	992	5280	0
6	996	5310	0
6	996	5310	0
6	1000	5340	0
6	1000	5340	0
6	1006	5370	0
6	1006	5370	0
6	1011	5400	0
6	1011	5400	0
6	1016	5430	0
6	1016	5430	0
6	1021	5460	0
6	1021	5460	0
6	1027	5490	0
6	1027	5490	0
6	1031	5520	0
6	1031	5520	0
6	1036	5550	0
6	1036	5550	0
6	1042	5580	0
6	1042	5580	0
6	1045	5590	1
6	1048	5610	1
6	1048	5610	0
6	1052	5640	0
6	1052	5640	0
6	1060	5670	0
6	1060	5670	0
6	1065	5700	0
6	1065	5700	0
6	1071	5730	0
6	1071	5730	0
6	1077	5760	0
6	1077	5760	0
6	1085	5790	0
6	1085	5790	0
6	1090	5820	0
6	1090	5820	0
6	1096	5850	0
6	1096	5850	0
6	1098	5860	1
6	1103	5880	1
6	1103	5880	0
6	1110	5910	0
6	1110	5910	0
6	1112	5929.685683721759	1
6	1115	5940	1
6	1115	5940	1
6	1117	5950	2
6	1120	5970	2
6	1120	5970	0
6	1124	5998.003193326285	1
6	1127	6000	1
6	1127	6000	1
6	1129	6007.252427552542	2
6	1132	6030	2
6	1132	6030	2
6	1137	6060	2
6	1137	6060	0
6	1143	6090	0
6	1143	6090	0
6	1147	6120	0
6	1147	6120	0
6	1151	6150	0
6	1151	6150	0
6	1161	6180	0
6	1161	6180	0
6	1165	6210	0
6	1165	6210	0
6	1169	6240	0
6	1169	6240	0
6	1175	6270	0
6	1175	6270	0
6	1182	6300	0
6	1182	6300	0
6	1186	6330	0
6	1186	6330	0
6	1189	6340	1
6	1190	6346.822373435563	2
6	1193	6360	2
6	1193	6360	1
6	1198	6390	1
6	1198	6390	1
6	1200	6400	2
6	1205	6420	2
6	1205	6420	1
6	1211	6450	1
6	1211	6450	0
6	1216	6480	0
6	1216	6480	0
6	1220	6504.423098131736	1
6	1223	6510	1
6	1223	6510	1
6	1231	6540	1
6	1231	6540	0
6	1239	6570	0
6	1239	6570	0
6	1246	6600	0
6	1246	6600	0
6	1252	6630	0
6	1252	6630	0
6	1260	6660	0
6	1260	6660	0
6	1269	6690	0
6	1269	6690	0
6	1275	6720	0
6	1275	6720	0
6	1281	6750	0
6	1281	6750	0
6	1288	6780	0
6	1288	6780	0
6	1295	6810	0
6	1295	6810	0
6	1298	6820	1
6	1303	6840	1
6	1303	6840	0
6	1310	6870	0
6	1310	6870	0
6	1316	6900	0
6	1316	6900	0
6	1321	6930	0
6	1321	6930	0
6	1330	6960	0
6	1330	6960	0
6	1337	6990	0
6	1337	6990	0
6	1344	7020	0
6	1344	7020	0
6	1349	7050	0
6	1349	7050	0
6	1355	7080	0
6	1355	7080	0
6	1359	7106.652743714966	1
6	1362	7110	1
6	1362	7110	1
6	1367	7140	1
6	1367	7140	0
6	1372	7170	0
6	1372	7170	0
6	1382	7200	0
6	1382	7200	0
6	1387	7230	0
6	1387	7230	0
6	1391	7240	1
6	1392	7242.604905095048	2
6	1395	7260	2
6	1395	7260	1
6	1402	7290	1
6	1402	7290	0
6	1411	7320	0
6	1411	7320	0
6	1417	7350	0
6	1417	7350	0
6	1422	7380	0
6	1422	7380	0
6	1429	7410	0
6	1429	7410	0
6	1431	7419.323099997396	1
6	1437	7440	1
6	1437	7440	1
6	1442	7470	1
6	1442	7470	0
6	1448	7500	0
6	1448	7500	0
6	1453	7530	0
6	1453	7530	0
6	1458	7560	0
6	1458	7560	0
6	1465	7590	0
6	1465	7590	0
6	1470	7620	0
6	1470	7620	0
6	1475	7650	0
6	1475	7650	0
6	1481	7680	0
6	1481	7680	0
6	1487	7710	0
6	1487	7710	0
6	1492	7740	0
6	1492	7740	0
6	1496	7770	0
6	1496	7770	0
6	1499	7790.543432747246	1
6	1503	7800	1
6	1503	7800	1
6	1507	7830	1
6	1507	7830	0
6	1511	7860	0
6	1511	7860	0
6	1516	7890	0
6	1516	7890	0
6	1523	7920	0
6	1523	7920	0
6	1529	7950	0
6	1529	7950	0
6	1533	7980	0
6	1533	7980	0
6	1539	8010	0
6	1539	8010	0
6	1546	8040	0
6	1546	8040	0
6	1551	8070	0
6	1551	8070	0
6	1556	8100	0
6	1556	8100	0
6	1563	8130	0
6	1563	8130	0
6	1569	8160	0
6	1569	8160	0
6	1575	8190	0
6	1575	8190	0
6	1580	8220	0
6	1580	8220	0
6	1584	8250	0
6	1584	8250	0
6	1586	8251.116251242796	1
6	1593	8280	1
6	1593	8280	1
6	1595	8293.759948461549	2
6	1598	8310	2
6	1598	8310	1
6	1602	8340	1
6	1602	8340	0
6	1607	8370	0
6	1607	8370	0
6	1612	8400	0
6	1612	8400	0
6	1618	8430	0
6	1618	8430	0
6	1623	8460	0
6	1623	8460	0
6	1627	8490	0
6	1627	8490	0
6	1633	8520	0
6	1633	8520	0
6	1640	8550	0
6	1640	8550	0
6	1644	8580	0
6	1644	8580	0
6	1648	8610	0
6	1648	8610	0
6	1654	8640	0
6	1654	8640	0
6	1658	8670	0
6	1658	8670	0
6	1662	8700	0
6	1662	8700	0
6	1666	8730	0
6	1666	8730	0
6	1671	8760	0
6	1671	8760	0
6	1676	8790	0
6	1676	8790	0
6	1680	8820	0
6	1680	8820	0
6	1685	8850	0
6	1685	8850	0
6	1689	8880	0
6	1689	8880	0
6	1693	8910	0
6	1693	8910	0
6	1697	8940	0
6	1697	8940	0
6	1701	8970	0
6	1701	8970	0
6	1705	9000	0
6	1705	9000	0
6	1709	9030	0
6	1709	9030	0
6	1714	9060	0
6	1714	9060	0
6	1718	9090	0
6	1718	9090	0
6	1722	9120	0
6	1722	9120	0
6	1724	9134.256206871193	1
6	1728	9150	1
6	1728	9150	1
6	1732	9180	1
6	1732	9180	0
6	1736	9210	0
6	1736	9210	0
6	1740	9240	0
6	1740	9240	0
6	1745	9270	0
6	1745	9270	0
6	1750	9300	0
6	1750	9300	0
6	1754	9330	0
6	1754	9330	0
6	1759	9360	0
6	1759	9360	0
6	1765	9390	0
6	1765	9390	0
6	1770	9420	0
6	1770	9420	0
6	1774	9450	0
6	1774	9450	0
6	1777	9461.380412924759	1
6	1780	9480	1
6	1780	9480	1
6	1785	9510	1
6	1785	9510	0
6	1789	9540	0
6	1789	9540	0
6	1794	9570	0
6	1794	9570	0
6	1796	9585.173118755876	1
6	1799	9600	1
6	1799	9600	0
6	1805	9630	0
6	1805	9630	0
6	1809	9660	0
6	1809	9660	0
6	1813	9690	0
6	1813	9690	0
6	1818	9720	0
6	1818	9720	0
6	1823	9750	0
6	1823	9750	0
6	1828	9780	0
6	1828	9780	0
6	1832	9810	0
6	1832	9810	0
6	1836	9840	0
6	1836	9840	0
6	1840	9870	0
6	1840	9870	0
6	1845	9900	0
6	1845	9900	0
6	1851	9930	0
6	1851	9930	0
6	1855	9960	0
6	1855	9960	0
6	1860	9990	0
6	1860	9990	0
6	1867	10020	0
6	1867	10020	0
6	1872	10050	0
6	1872	10050	0
6	1874	10064.203706394458	1
6	1877	10080	1
6	1877	10080	1
6	1880	10106.208732172428	2
6	1883	10110	2
6	1883	10110	0
6	1888	10140	0
6	1888	10140	0
6	1893	10170	0
6	1893	10170	0
6	1899	10200	0
6	1899	10200	0
6	1905	10230	0
6	1905	10230	0
6	1910	10260	0
6	1910	10260	0
6	1914	10290	0
6	1914	10290	0
6	1919	10320	0
6	1919	10320	0
6	1924	10350	0
6	1924	10350	0
6	1931	10380	0
6	1931	10380	0
6	1935	10410	0
6	1935	10410	0
6	1942	10440	0
6	1942	10440	0
6	1944	10457.876254804783	1
6	1948	10470	1
6	1948	10470	1
6	1952	10500	1
6	1952	10500	0
6	1956	10530	0
6	1956	10530	0
6	1958	10533.024451018259	1
6	1962	10560	1
6	1962	10560	1
6	1966	10590	1
6	1966	10590	1
6	1972	10620	1
6	1972	10620	0
6	1976	10650	0
6	1976	10650	0
6	1980	10680	0
6	1980	10680	0
6	1986	10710	0
6	1986	10710	0
6	1991	10740	0
6	1991	10740	0
6	1995	10770	0
6	1995	10770	0
6	1999	10800	0
6	1999	10800	0
6	2003	10830	0
6	2003	10830	0
6	2006	10840	1
6	2009	10860	1
6	2009	10860	1
6	2013	10890	1
6	2013	10890	0
6	2017	10920	0
6	2017	10920	0
6	2023	10950	0
6	2023	10950	0
6	2027	10980	0
6	2027	10980	0
6	2033	11010	0
6	2033	11010	0
6	2037	11040	0
6	2037	11040	0
6	2045	11070	0
6	2045	11070	0
6	2051	11100	0
6	2051	11100	0
6	2055	11130	0
6	2055	11130	0
6	2057	11141.158512245267	1
6	2061	11160	1
6	2061	11160	0
6	2068	11190	0
6	2068	11190	0
6	2072	11220	0
6	2072	11220	0
6	2077	11250	0
6	2077	11250	0
6	2084	11280	0
6	2084	11280	0
6	2091	11310	0
6	2091	11310	0
6	2096	11340	0
6	2096	11340	0
6	2103	11370	0
6	2103	11370	0
6	2110	11400	0
6	2110	11400	0
6	2115	11430	0
6	2115	11430	0
6	2120	11460	0
6	2120	11460	0
6	2127	11490	0
6	2127	11490	0
6	2129	11500	1
6	2134	11520	1
6	2134	11520	0
6	2138	11550	0
6	2138	11550	0
6	2143	11580	0
6	2143	11580	0
6	2145	11588.353509443453	1
6	2151	11610	1
6	2151	11610	1
6	2157	11640	1
6	2157	11640	1
6	2163	11670	1
6	2163	11670	0
6	2168	11700	0
6	2168	11700	0
6	2173	11730	0
6	2173	11730	0
6	2175	11733.159878806545	1
6	2179	11758.184295615208	2
6	2182	11760	2
6	2182	11760	2
6	2187	11790	2
6	2187	11790	2
6	2193	11820	2
6	2193	11820	0
6	2198	11850	0
6	2198	11850	0
6	2203	11880	0
6	2203	11880	0
6	2209	11910	0
6	2209	11910	0
6	2216	11940	0
6	2216	11940	0
6	2220	11970	0
6	2220	11970	0
6	2225	12000	0
6	2225	12000	0
6	2230	12030	0
6	2230	12030	0
6	2236	12060	0
6	2236	12060	0
6	2241	12090	0
6	2241	12090	0
6	2246	12120	0
6	2246	12120	0
6	2251	12150	0
6	2251	12150	0
6	2255	12180	0
6	2255	12180	0
6	2260	12210	0
6	2260	12210	0
6	2264	12240	0
6	2264	12240	0
6	2270	12270	0
6	2270	12270	0
6	2274	12300	0
6	2274	12300	0
6	2278	12330	0
6	2278	12330	0
6	2283	12360	0
6	2283	12360	0
6	2285	12363.859658969823	1
6	2289	12390	1
6	2289	12390	0
6	2294	12420	0
6	2294	12420	0
6	2299	12450	0
6	2299	12450	0
6	2304	12480	0
6	2304	12480	0
6	2310	12510	0
6	2310	12510	0
6	2317	12540	0
6	2317	12540	0
6	2322	12570	0
6	2322	12570	0
6	2327	12600	0
6	2327	12600	0
6	2332	12630	0
6	2332	12630	0
6	2339	12660	0
6	2339	12660	0
6	2344	12690	0
6	2344	12690	0
6	2349	12720	0
6	2349	12720	0
6	2356	12750	0
6	2356	12750	0
6	2361	12780	0
6	2361	12780	0
6	2365	12810	0
6	2365	12810	0
6	2369	12840	0
6	2369	12840	0
6	2379	12870	0
6	2379	12870	0
6	2383	12900	0
6	2383	12900	0
6	2387	12930	0
6	2387	12930	0
6	2395	12960	0
6	2395	12960	0
6	2399	12990	0
6	2399	12990	0
6	2403	13020	0
6	2403	13020	0
6	2407	13050	0
6	2407	13050	0
6	2412	13080	0
6	2412	13080	0
6	2417	13110	0
6	2417	13110	0
6	2421	13140	0
6	2421	13140	0
6	2425	13170	0
6	2425	13170	0
6	2430	13200	0
6	2430	13200	0
6	2435	13230	0
6	2435	13230	0
6	2439	13260	0
6	2439	13260	0
6	2443	13290	0
6	2443	13290	0
6	2445	13310.848996649682	1
6	2448	13320	1
6	2448	13320	1
6	2452	13350	1
6	2452	13350	0
6	2454	13360	1
6	2457	13380	1
6	2457	13380	1
6	2461	13410	1
6	2461	13410	0
6	2466	13440	0
6	2466	13440	0
6	2471	13470	0
6	2471	13470	0
6	2476	13500	0
6	2476	13500	0
6	2482	13530	0
6	2482	13530	0
6	2486	13560	0
6	2486	13560	0
6	2491	13590	0
6	2491	13590	0
6	2495	13620	0
6	2495	13620	0
6	2497	13621.389700609077	1
6	2500	13650	1
6	2500	13650	0
6	2505	13680	0
6	2505	13680	0
6	2510	13710	0
6	2510	13710	0
6	2514	13740	0
6	2514	13740	0
6	2517	13754.392972248029	1
6	2520	13770	1
6	2520	13770	1
6	2524	13800	1
6	2524	13800	1
6	2529	13830	1
6	2529	13830	0
6	2533	13860	0
6	2533	13860	0
6	2537	13890	0
6	2537	13890	0
6	2541	13920	0
6	2541	13920	0
6	2547	13950	0
6	2547	13950	0
6	2552	13980	0
6	2552	13980	0
6	2556	14010	0
6	2556	14010	0
6	2563	14040	0
6	2563	14040	0
6	2570	14070	0
6	2570	14070	0
6	2574	14100	0
6	2574	14100	0
6	2583	14130	0
6	2583	14130	0
6	2585	14136.66206990254	1
6	2588	14160	1
6	2588	14160	1
6	2593	14190	1
6	2593	14190	0
6	2595	14200	1
6	2600	14220	1
6	2600	14220	1
6	2607	14250	1
6	2607	14250	0
6	2611	14280	0
6	2611	14280	0
6	2616	14310	0
6	2616	14310	0
6	2622	14340	0
6	2622	14340	0
6	2629	14370	0
6	2629	14370	0
6	2634	14400	0
6	2634	14400	0
6	2638	14430	0
6	2638	14430	0
6	2644	14460	0
6	2644	14460	0
6	2649	14490	0
6	2649	14490	0
6	2654	14520	0
6	2654	14520	0
6	2659	14550	0
6	2659	14550	0
6	2664	14580	0
6	2664	14580	0
6	2668	14610	0
6	2668	14610	0
6	2673	14640	0
6	2673	14640	0
6	2675	14645.910159510763	1
6	2678	14670	1
6	2678	14670	1
6	2683	14700	1
6	2683	14700	0
6	2689	14730	0
6	2689	14730	0
6	2695	14760	0
6	2695	14760	0
6	2700	14790	0
6	2700	14790	0
6	2706	14820	0
6	2706	14820	0
6	2713	14850	0
6	2713	14850	0
6	2718	14880	0
6	2718	14880	0
6	2725	14910	0
6	2725	14910	0
6	2730	14940	0
6	2730	14940	0
6	2734	14970	0
6	2734	14970	0
6	2737	14980	1
6	2741	15000	1
6	2741	15000	0
6	2749	15030	0
6	2749	15030	0
6	2754	15060	0
6	2754	15060	0
6	2760	15090	0
6	2760	15090	0
6	2767	15120	0
6	2767	15120	0
6	2769	15124.083926645707	1
6	2770	15136.738422626318	2
6	2774	15150	2
6	2774	15150	2
6	2778	15180	2
6	2778	15180	0
6	2781	15192.846262121113	1
6	2785	15210	1
6	2785	15210	0
6	2789	15240	0
6	2789	15240	0
6	2794	15270	0
6	2794	15270	0
6	2801	15300	0
6	2801	15300	0
6	2806	15330	0
6	2806	15330	0
6	2812	15360	0
6	2812	15360	0
6	2817	15390	0
6	2817	15390	0
6	2819	15394.759077778566	1
6	2825	15420	1
6	2825	15420	0
6	2827	15432.685275771386	1
6	2831	15450	1
6	2831	15450	1
6	2836	15480	1
6	2836	15480	1
6	2842	15510	1
6	2842	15510	0
6	2847	15540	0
6	2847	15540	0
6	2852	15570	0
6	2852	15570	0
6	2857	15600	0
6	2857	15600	0
6	2863	15630	0
6	2863	15630	0
6	2868	15660	0
6	2868	15660	0
6	2874	15690	0
6	2874	15690	0
6	2880	15720	0
6	2880	15720	0
6	2884	15750	0
6	2884	15750	0
6	2890	15780	0
6	2890	15780	0
6	2895	15810	0
6	2895	15810	0
6	2898	15820	1
6	2901	15840	1
6	2901	15840	0
6	2908	15870	0
6	2908	15870	0
6	2910	15880	1
6	2913	15900	1
6	2913	15900	1
6	2919	15930	1
6	2919	15930	0
6	2924	15949.192815819553	1
6	2928	15960	1
6	2928	15960	1
6	2934	15990	1
6	2934	15990	0
6	2936	16015.267529698929	1
6	2939	16020	1
6	2939	16020	0
6	2946	16050	0
6	2946	16050	0
6	2948	16056.629924199868	1
6	2952	16080	1
6	2952	16080	1
6	2954	16085.265384608097	2
6	2959	16110	2
6	2959	16110	1
6	2965	16140	1
6	2965	16140	0
6	2969	16170	0
6	2969	16170	0
6	2971	16180	1
6	2974	16200	1
6	2974	16200	0
6	2983	16230	0
6	2983	16230	0
6	2988	16260	0
6	2988	16260	0
6	2992	16290	0
6	2992	16290	0
6	2999	16320	0
6	2999	16320	0
6	3005	16350	0
6	3005	16350	0
6	3009	16380	0
6	3009	16380	0
6	3013	16410	0
6	3013	16410	0
6	3019	16440	0
6	3019	16440	0
6	3023	16470	0
6	3023	16470	0
6	3027	16500	0
6	3027	16500	0
6	3034	16530	0
6	3034	16530	0
6	3038	16560	0
6	3038	16560	0
6	3043	16590	0
6	3043	16590	0
6	3049	16620	0
6	3049	16620	0
6	3054	16650	0
6	3054	16650	0
6	3059	16680	0
6	3059	16680	0
6	3062	16699.841598981718	1
6	3066	16710	1
6	3066	16710	0
6	3071	16740	0
6	3071	16740	0
6	3075	16770	0
6	3075	16770	0
6	3079	16800	0
6	3079	16800	0
6	3085	16830	0
6	3085	16830	0
6	3090	16860	0
6	3090	16860	0
6	3094	16890	0
6	3094	16890	0
6	3098	16920	0
6	3098	16920	0
6	3102	16950	0
6	3102	16950	0
6	3107	16980	0
6	3107	16980	0
6	3111	17010	0
6	3111	17010	0
6	3116	17040	0
6	3116	17040	0
6	3121	17070	0
6	3121	17070	0
6	3125	17100	0
6	3125	17100	0
6	3127	17117.220012433666	1
6	3130	17130	1
6	3130	17130	1
6	3135	17160	1
6	3135	17160	1
6	3139	17190	1
6	3139	17190	0
6	3143	17220	0
6	3143	17220	0
6	3147	17250	0
6	3147	17250	0
6	3152	17280	0
6	3152	17280	0
6	3157	17310	0
6	3157	17310	0
6	3161	17340	0
6	3161	17340	0
6	3165	17370	0
6	3165	17370	0
6	3169	17400	0
6	3169	17400	0
6	3174	17430	0
6	3174	17430	0
6	3180	17460	0
6	3180	17460	0
6	3184	17490	0
6	3184	17490	0
6	3189	17520	0
6	3189	17520	0
6	3193	17550	0
6	3193	17550	0
6	3198	17580	0
6	3198	17580	0
6	3202	17610	0
6	3202	17610	0
6	3206	17640	0
6	3206	17640	0
6	3210	17670	0
6	3210	17670	0
6	3214	17700	0
6	3214	17700	0
6	3218	17730	0
6	3218	17730	0
6	3224	17760	0
6	3224	17760	0
6	3229	17790	0
6	3229	17790	0
6	3235	17820	0
6	3235	17820	0
6	3240	17850	0
6	3240	17850	0
6	3246	17880	0
6	3246	17880	0
6	3251	17910	0
6	3251	17910	0
6	3258	17940	0
6	3258	17940	0
6	3265	17970	0
6	3265	17970	0
6	3272	18000	0
6	3272	18000	0
6	3279	18030	0
6	3279	18030	0
6	3286	18060	0
6	3286	18060	0
6	3292	18090	0
6	3292	18090	0
6	3297	18101.955262094553	1
6	3302	18120	1
6	3302	18120	1
6	3309	18150	1
6	3309	18150	1
6	3314	18180	1
6	3314	18180	0
6	3323	18210	0
6	3323	18210	0
6	3328	18240	0
6	3328	18240	0
6	3333	18270	0
6	3333	18270	0
6	3338	18300	0
6	3338	18300	0
6	3343	18330	0
6	3343	18330	0
6	3346	18340	1
6	3350	18360	1
6	3350	18360	0
6	3354	18390	0
6	3354	18390	0
6	3360	18420	0
6	3360	18420	0
6	3365	18450	0
6	3365	18450	0
6	3372	18480	0
6	3372	18480	0
6	3378	18510	0
6	3378	18510	0
6	3382	18540	0
6	3382	18540	0
6	3387	18570	0
6	3387	18570	0
6	3389	18575.155786736983	1
6	3392	18600	1
6	3392	18600	1
6	3397	18630	1
6	3397	18630	1
6	3401	18660	1
6	3401	18660	0
6	3405	18690	0
6	3405	18690	0
6	3410	18720	0
6	3410	18720	0
6	3414	18750	0
6	3414	18750	0
6	3419	18780	0
6	3419	18780	0
6	3424	18810	0
6	3424	18810	0
6	3428	18840	0
6	3428	18840	0
6	3432	18870	0
6	3432	18870	0
6	3439	18900	0
6	3439	18900	0
6	3443	18930	0
6	3443	18930	0
6	3448	18960	0
6	3448	18960	0
6	3453	18990	0
6	3453	18990	0
6	3458	19020	0
6	3458	19020	0
6	3464	19050	0
6	3464	19050	0
6	3469	19080	0
6	3469	19080	0
6	3473	19110	0
6	3473	19110	0
6	3480	19140	0
6	3480	19140	0
6	3485	19170	0
6	3485	19170	0
6	3490	19200	0
6	3490	19200	0
6	3497	19230	0
6	3497	19230	0
6	3503	19260	0
6	3503	19260	0
6	3508	19290	0
6	3508	19290	0
6	3515	19320	0
6	3515	19320	0
6	3520	19350	0
6	3520	19350	0
6	3525	19380	0
6	3525	19380	0
6	3529	19410	0
6	3529	19410	0
6	3536	19440	0
6	3536	19440	0
6	3543	19470	0
6	3543	19470	0
6	3547	19500	0
6	3547	19500	0
6	3553	19530	0
6	3553	19530	0
6	3559	19560	0
6	3559	19560	0
6	3564	19590	0
6	3564	19590	0
6	3569	19620	0
6	3569	19620	0
6	3573	19650	0
6	3573	19650	0
6	3581	19680	0
6	3581	19680	0
6	3585	19710	0
6	3585	19710	0
6	3590	19740	0
6	3590	19740	0
6	3595	19770	0
6	3595	19770	0
6	3602	19800	0
6	3602	19800	0
6	3607	19830	0
6	3607	19830	0
6	3612	19860	0
6	3612	19860	0
6	3618	19890	0
6	3618	19890	0
6	3624	19920	0
6	3624	19920	0
6	3630	19950	0
6	3630	19950	0
6	3637	19980	0
6	3637	19980	0
7	213	1050	50
7	237	1180	0
7	252	1260	73.494690783827
7	259	1290	50
7	261	1300	0
7	283	1410	24.795423597081
7	300	1500	64.014229593939
7	325	1620	17.555615964382
7	354	1770	8.360591641237
7	432	2220	20.265463196957
7	451	2340	37.683190083225
7	517	2730	20
7	541	2850	20
7	544	2860	0
7	554	2910	58.370226985229
7	559	2940	46.799229789041
7	589	3090	20
7	620	3250	0
7	628	3300	61.670887851667
7	696	3690	15.768676422804
7	698	3700	0
7	705	3730	0
7	729	3870	62.59754272896
7	742	3940	0
7	776	4110	23.586293083146
7	781	4140	80.279547818937
7	788	4170	50
7	801	4253.236546328605	0
7	835	4410	20
7	852	4500	15.346320798966
7	883	4680	20
7	916	4860	48.427392537764
7	986	5250	50
7	992	5280	12.690188325405
7	1048	5610	20
7	1103	5880	20
7	1120	5970	40.314316278241
7	1120	5970	20
7	1137	6060	61.996806673715
7	1137	6060	52.747572447458
7	1177	6273.930399172296	0
7	1193	6360	20
7	1205	6420	73.177626564437
7	1211	6450	50
7	1231	6540	35.576901868264
7	1271	6700	0
7	1290	6786.33334419693	0
7	1303	6840	20
7	1367	7140	33.347256285034
7	1389	7238.445363269521	0
7	1395	7260	17.395094904952
7	1402	7290	50
7	1442	7470	50.676900002604
7	1507	7830	39.456567252754
7	1542	8020	0
7	1572	8170	0
7	1598	8310	16.240051538451
7	1602	8340	88.883748757204
7	1614	8410	0
7	1732	9180	45.743793128807
7	1776	9460	0
7	1785	9510	48.619587075241
7	1799	9600	14.826881244124
7	1883	10110	45.796293605542
7	1883	10110	3.791267827572
7	1952	10500	42.123745195217
7	1972	10620	86.975548981741
7	2013	10890	50
7	2061	11160	18.841487754733
7	2087	11290	0
7	2099	11356.265173889601	0
7	2134	11520	20
7	2159	11650	0
7	2163	11670	81.646490556547
7	2193	11820	86.840121193455
7	2193	11820	61.815704384792
7	2289	12390	26.140341030177
7	2334	12631.005209301285	0
7	2374	12850	0
7	2452	13350	39.151003350318
7	2461	13410	50
7	2500	13650	28.610299390923
7	2529	13830	75.607027751971
7	2593	14190	53.33793009746
7	2603	14228.807102678261	0
7	2607	14250	50
7	2683	14700	54.089840489237
7	2741	15000	20
7	2764	15109.791454556519	0
7	2778	15180	55.916073354293
7	2778	15180	43.261577373682
7	2785	15210	17.153737878887
7	2825	15420	25.240922221434
7	2842	15510	77.314724228614
7	2876	15700	0
7	2901	15840	20
7	2919	15930	50
7	2922	15940	0
7	2934	15990	40.807184180447
7	2939	16020	4.732470301071
7	2959	16110	53.370075800132
7	2965	16140	54.734615391903
7	2974	16200	20
7	2977	16210	0
7	3046	16605.259245914649	0
7	3066	16710	10.158401018282
7	3139	17190	72.779987566334
7	3171	17410	0
7	3237	17836.383522569686	0
7	3242	17860	0
7	3296	18100	0
7	3306	18140.373392089254	0
7	3314	18180	78.044737905447
7	3347	18340	0
7	3350	18360	20
7	3357	18402.882642855592	0
7	3368	18460	0
7	3401	18660	84.844213263017
7	3482	19157.040382909319	0
7	3492	19210	0
7	3539	19450	0
7	3592	19767.552725537226	0
7	3639	19988.508875433268	0
8	213	1050	7106
8	237	1180	7107
8	252	1260	7111
8	259	1290	7110
8	261	1300	7108
8	283	1410	7112
8	300	1500	7114
8	325	1620	7117
8	354	1770	7118
8	432	2220	7122
8	451	2340	7123
8	517	2730	7124
8	541	2850	7127
8	544	2860	7125
8	554	2910	7128
8	559	2940	7130
8	589	3090	7131
8	620	3250	7133
8	628	3300	7134
8	696	3690	7138
8	698	3700	7135
8	705	3730	7137
8	729	3870	7140
8	742	3940	7139
8	776	4110	7145
8	781	4140	7144
8	788	4170	7141
8	801	4253.236546328605	7146
8	835	4410	7147
8	852	4500	7149
8	883	4680	7150
8	916	4860	7152
8	986	5250	7157
8	992	5280	7158
8	1048	5610	7159
8	1103	5880	7164
8	1120	5970	7166
8	1120	5970	7167
8	1137	6060	7168
8	1137	6060	7169
8	1177	6273.930399172296	7172
8	1193	6360	7170
8	1205	6420	7173
8	1211	6450	7171
8	1231	6540	7175
8	1271	6700	7174
8	1290	6786.33334419693	7184
8	1303	6840	7180
8	1367	7140	7190
8	1389	7238.445363269521	7192
8	1395	7260	7193
8	1402	7290	7189
8	1442	7470	7199
8	1507	7830	7202
8	1542	8020	7201
8	1572	8170	7204
8	1598	8310	7209
8	1602	8340	7207
8	1614	8410	7208
8	1732	9180	7212
8	1776	9460	7213
8	1785	9510	7214
8	1799	9600	7215
8	1883	10110	7219
8	1883	10110	7220
8	1952	10500	7223
8	1972	10620	7224
8	2013	10890	7225
8	2061	11160	7226
8	2087	11290	7230
8	2099	11356.265173889601	7232
8	2134	11520	7233
8	2159	11650	7234
8	2163	11670	7235
8	2193	11820	7239
8	2193	11820	7240
8	2289	12390	7244
8	2334	12631.005209301285	7248
8	2374	12850	7250
8	2452	13350	7253
8	2461	13410	7252
8	2500	13650	7254
8	2529	13830	7256
8	2593	14190	7261
8	2603	14228.807102678261	7264
8	2607	14250	7257
8	2683	14700	7265
8	2741	15000	7269
8	2764	15109.791454556519	7272
8	2778	15180	7274
8	2778	15180	7275
8	2785	15210	7273
8	2825	15420	7277
8	2842	15510	7278
8	2876	15700	7279
8	2901	15840	7280
8	2919	15930	7282
8	2922	15940	7281
8	2934	15990	7284
8	2939	16020	7285
8	2959	16110	7287
8	2965	16140	7289
8	2974	16200	7288
8	2977	16210	7286
8	3046	16605.259245914649	7292
8	3066	16710	7294
8	3139	17190	7295
8	3171	17410	7296
8	3237	17836.383522569686	7298
8	3242	17860	7297
8	3296	18100	7299
8	3306	18140.373392089254	7303
8	3314	18180	7306
8	3347	18340	7305
8	3350	18360	7309
8	3357	18402.882642855592	7310
8	3368	18460	7308
8	3401	18660	7311
8	3482	19157.040382909319	7315
8	3492	19210	7314
8	3539	19450	7319
8	3592	19767.552725537226	7324
8	3639	19988.508875433268	7326
9	209	1020	0
9	209	1020	0
9	210	1030	1
9	214	1050	1
9	214	1050	1
9	215	1055.048185151714	2
9	219	1080	2
9	219	1080	1
9	225	1110	1
9	225	1110	1
9	229	1140	1
9	229	1140	0
9	234	1170	0
9	234	1170	0
9	235	1180	1
9	243	1200	1
9	243	1200	0
9	247	1230	0
9	247	1230	0
9	253	1260	0
9	253	1260	0
9	260	1290	0
9	260	1290	0
9	265	1320	0
9	265	1320	0
9	271	1350	0
9	271	1350	0
9	277	1380	0
9	277	1380	0
9	284	1410	0
9	284	1410	0
9	289	1440	0
9	289	1440	0
9	294	1470	0
9	294	1470	0
9	301	1500	0
9	301	1500	0
9	308	1530	0
9	308	1530	0
9	312	1560	0
9	312	1560	0
9	319	1590	0
9	319	1590	0
9	326	1620	0
9	326	1620	0
9	331	1650	0
9	331	1650	0
9	337	1680	0
9	337	1680	0
9	343	1710	0
9	343	1710	0
9	348	1740	0
9	348	1740	0
9	349	1750	1
9	355	1770	1
9	355	1770	1
9	359	1800	1
9	359	1800	0
9	364	1830	0
9	364	1830	0
9	370	1860	0
9	370	1860	0
9	375	1890	0
9	375	1890	0
9	380	1920	0
9	380	1920	0
9	387	1950	0
9	387	1950	0
9	392	1980	0
9	392	1980	0
9	396	2010	0
9	396	2010	0
9	402	2040	0
9	402	2040	0
9	407	2070	0
9	407	2070	0
9	412	2100	0
9	412	2100	0
9	416	2130	0
9	416	2130	0
9	423	2160	0
9	423	2160	0
9	427	2190	0
9	427	2190	0
9	433	2220	0
9	433	2220	0
9	437	2250	0
9	437	2250	0
9	442	2280	0
9	442	2280	0
9	447	2310	0
9	447	2310	0
9	452	2340	0
9	452	2340	0
9	456	2370	0
9	456	2370	0
9	460	2400	0
9	460	2400	0
9	465	2430	0
9	465	2430	0
9	471	2460	0
9	471	2460	0
9	476	2490	0
9	476	2490	0
9	481	2520	0
9	481	2520	0
9	486	2550	0
9	486	2550	0
9	489	2571.70991010571	1
9	493	2580	1
9	493	2580	1
9	499	2610	1
9	499	2610	0
9	503	2640	0
9	503	2640	0
9	508	2670	0
9	508	2670	0
9	509	2686.046018641132	1
9	513	2700	1
9	513	2700	1
9	518	2730	1
9	518	2730	0
9	519	2740	1
9	524	2760	1
9	524	2760	0
9	529	2790	0
9	529	2790	0
9	534	2820	0
9	534	2820	0
9	542	2850	0
9	542	2850	0
9	549	2880	0
9	549	2880	0
9	555	2910	0
9	555	2910	0
9	560	2940	0
9	560	2940	0
9	561	2949.916652699936	1
9	567	2970	1
9	567	2970	0
9	573	3000	0
9	573	3000	0
9	579	3030	0
9	579	3030	0
9	584	3060	0
9	584	3060	0
9	590	3090	0
9	590	3090	0
9	594	3120	0
9	594	3120	0
9	602	3150	0
9	602	3150	0
9	608	3180	0
9	608	3180	0
9	613	3210	0
9	613	3210	0
9	619	3240	0
9	619	3240	0
9	625	3270	0
9	625	3270	0
9	629	3300	0
9	629	3300	0
9	634	3330	0
9	634	3330	0
9	639	3360	0
9	639	3360	0
9	643	3390	0
9	643	3390	0
9	650	3420	0
9	650	3420	0
9	654	3450	0
9	654	3450	0
9	660	3480	0
9	660	3480	0
9	665	3510	0
9	665	3510	0
9	670	3540	0
9	670	3540	0
9	676	3570	0
9	676	3570	0
9	678	3580	1
9	682	3600	1
9	682	3600	0
9	687	3630	0
9	687	3630	0
9	692	3660	0
9	692	3660	0
9	697	3690	0
9	697	3690	0
9	703	3720	0
9	703	3720	0
9	709	3750	0
9	709	3750	0
9	713	3780	0
9	713	3780	0
9	720	3810	0
9	720	3810	0
9	721	3820	1
9	726	3840	1
9	726	3840	0
9	730	3870	0
9	730	3870	0
9	737	3900	0
9	737	3900	0
9	741	3930	0
9	741	3930	0
9	748	3960	0
9	748	3960	0
9	749	3970	1
9	750	3973.829071182611	2
9	756	3990	2
9	756	3990	1
9	760	4020	1
9	760	4020	0
9	766	4050	0
9	766	4050	0
9	771	4080	0
9	771	4080	0
9	777	4110	0
9	777	4110	0
9	782	4140	0
9	782	4140	0
9	783	4150	1
9	789	4170	1
9	789	4170	1
9	790	4180	2
9	794	4200	2
9	794	4200	0
9	795	4210	1
9	799	4230	1
9	799	4230	0
9	805	4260	0
9	805	4260	0
9	806	4262.833948539918	1
9	811	4290	1
9	811	4290	0
9	817	4320	0
9	817	4320	0
9	822	4350	0
9	822	4350	0
9	829	4380	0
9	829	4380	0
9	836	4410	0
9	836	4410	0
9	841	4440	0
9	841	4440	0
9	846	4470	0
9	846	4470	0
9	853	4500	0
9	853	4500	0
9	859	4530	0
9	859	4530	0
9	863	4560	0
9	863	4560	0
9	868	4590	0
9	868	4590	0
9	873	4620	0
9	873	4620	0
9	877	4650	0
9	877	4650	0
9	879	4660	1
9	884	4680	1
9	884	4680	0
9	888	4710	0
9	888	4710	0
9	894	4740	0
9	894	4740	0
9	899	4770	0
9	899	4770	0
9	907	4800	0
9	907	4800	0
9	913	4830	0
9	913	4830	0
9	917	4860	0
9	917	4860	0
9	922	4890	0
9	922	4890	0
9	923	4891.259683910378	1
9	928	4920	1
9	928	4920	1
9	932	4950	1
9	932	4950	1
9	938	4980	1
9	938	4980	0
9	945	5010	0
9	945	5010	0
9	949	5040	0
9	949	5040	0
9	954	5070	0
9	954	5070	0
9	958	5097.894792157566	1
9	962	5100	1
9	962	5100	0
9	967	5130	0
9	967	5130	0
9	971	5160	0
9	971	5160	0
9	977	5190	0
9	977	5190	0
9	983	5220	0
9	983	5220	0
9	987	5250	0
9	987	5250	0
9	993	5280	0
9	993	5280	0
9	997	5310	0
9	997	5310	0
9	1001	5340	0
9	1001	5340	0
9	1007	5370	0
9	1007	5370	0
9	1012	5400	0
9	1012	5400	0
9	1017	5430	0
9	1017	5430	0
9	1022	5460	0
9	1022	5460	0
9	1023	5463.450981564914	1
9	1028	5490	1
9	1028	5490	0
9	1032	5520	0
9	1032	5520	0
9	1037	5550	0
9	1037	5550	0
9	1043	5580	0
9	1043	5580	0
9	1049	5610	0
9	1049	5610	0
9	1053	5640	0
9	1053	5640	0
9	1061	5670	0
9	1061	5670	0
9	1066	5700	0
9	1066	5700	0
9	1072	5730	0
9	1072	5730	0
9	1078	5760	0
9	1078	5760	0
9	1086	5790	0
9	1086	5790	0
9	1091	5820	0
9	1091	5820	0
9	1093	5841.683977159364	1
9	1097	5850	1
9	1097	5850	0
9	1100	5870.260580543892	1
9	1104	5880	1
9	1104	5880	0
9	1111	5910	0
9	1111	5910	0
9	1116	5940	0
9	1116	5940	0
9	1121	5970	0
9	1121	5970	0
9	1128	6000	0
9	1128	6000	0
9	1133	6030	0
9	1133	6030	0
9	1138	6060	0
9	1138	6060	0
9	1144	6090	0
9	1144	6090	0
9	1148	6120	0
9	1148	6120	0
9	1152	6150	0
9	1152	6150	0
9	1162	6180	0
9	1162	6180	0
9	1166	6210	0
9	1166	6210	0
9	1170	6240	0
9	1170	6240	0
9	1172	6253.434797462072	1
9	1176	6270	1
9	1176	6270	1
9	1183	6300	1
9	1183	6300	0
9	1187	6330	0
9	1187	6330	0
9	1194	6360	0
9	1194	6360	0
9	1199	6390	0
9	1199	6390	0
9	1206	6420	0
9	1206	6420	0
9	1212	6450	0
9	1212	6450	0
9	1217	6480	0
9	1217	6480	0
9	1224	6510	0
9	1224	6510	0
9	1225	6519.689186228313	1
9	1228	6534.773312058545	2
9	1232	6540	2
9	1232	6540	1
9	1233	6550	2
9	1240	6570	2
9	1240	6570	1
9	1247	6600	1
9	1247	6600	0
9	1253	6630	0
9	1253	6630	0
9	1261	6660	0
9	1261	6660	0
9	1265	6685.053231531243	1
9	1270	6690	1
9	1270	6690	1
9	1276	6720	1
9	1276	6720	0
9	1282	6750	0
9	1282	6750	0
9	1289	6780	0
9	1289	6780	0
9	1291	6790	1
9	1296	6810	1
9	1296	6810	1
9	1304	6840	1
9	1304	6840	0
9	1307	6861.96810176986	1
9	1311	6870	1
9	1311	6870	1
9	1317	6900	1
9	1317	6900	0
9	1322	6930	0
9	1322	6930	0
9	1331	6960	0
9	1331	6960	0
9	1338	6990	0
9	1338	6990	0
9	1345	7020	0
9	1345	7020	0
9	1350	7050	0
9	1350	7050	0
9	1351	7060	1
9	1352	7072.530187065113	2
9	1356	7080	2
9	1356	7080	1
9	1363	7110	1
9	1363	7110	1
9	1368	7140	1
9	1368	7140	0
9	1373	7170	0
9	1373	7170	0
9	1383	7200	0
9	1383	7200	0
9	1388	7230	0
9	1388	7230	0
9	1396	7260	0
9	1396	7260	0
9	1403	7290	0
9	1403	7290	0
9	1405	7298.204793808119	1
9	1406	7300	2
9	1412	7320	2
9	1412	7320	1
9	1418	7350	1
9	1418	7350	1
9	1423	7380	1
9	1423	7380	0
9	1426	7390.149686233066	1
9	1430	7410	1
9	1430	7410	0
9	1438	7440	0
9	1438	7440	0
9	1443	7470	0
9	1443	7470	0
9	1449	7500	0
9	1449	7500	0
9	1454	7530	0
9	1454	7530	0
9	1459	7560	0
9	1459	7560	0
9	1466	7590	0
9	1466	7590	0
9	1471	7620	0
9	1471	7620	0
9	1476	7650	0
9	1476	7650	0
9	1482	7680	0
9	1482	7680	0
9	1488	7710	0
9	1488	7710	0
9	1493	7740	0
9	1493	7740	0
9	1497	7770	0
9	1497	7770	0
9	1504	7800	0
9	1504	7800	0
9	1508	7830	0
9	1508	7830	0
9	1512	7860	0
9	1512	7860	0
9	1513	7874.894881226523	1
9	1517	7890	1
9	1517	7890	1
9	1524	7920	1
9	1524	7920	0
9	1530	7950	0
9	1530	7950	0
9	1534	7980	0
9	1534	7980	0
9	1540	8010	0
9	1540	8010	0
9	1547	8040	0
9	1547	8040	0
9	1552	8070	0
9	1552	8070	0
9	1557	8100	0
9	1557	8100	0
9	1560	8128.53318356367	1
9	1564	8130	1
9	1564	8130	1
9	1570	8160	1
9	1570	8160	0
9	1576	8190	0
9	1576	8190	0
9	1581	8220	0
9	1581	8220	0
9	1585	8250	0
9	1585	8250	0
9	1594	8280	0
9	1594	8280	0
9	1599	8310	0
9	1599	8310	0
9	1603	8340	0
9	1603	8340	0
9	1608	8370	0
9	1608	8370	0
9	1613	8400	0
9	1613	8400	0
9	1615	8410	1
9	1619	8430	1
9	1619	8430	0
9	1624	8460	0
9	1624	8460	0
9	1628	8490	0
9	1628	8490	0
9	1634	8520	0
9	1634	8520	0
9	1641	8550	0
9	1641	8550	0
9	1645	8580	0
9	1645	8580	0
9	1649	8610	0
9	1649	8610	0
9	1655	8640	0
9	1655	8640	0
9	1659	8670	0
9	1659	8670	0
9	1663	8700	0
9	1663	8700	0
9	1667	8730	0
9	1667	8730	0
9	1672	8760	0
9	1672	8760	0
9	1677	8790	0
9	1677	8790	0
9	1681	8820	0
9	1681	8820	0
9	1686	8850	0
9	1686	8850	0
9	1690	8880	0
9	1690	8880	0
9	1694	8910	0
9	1694	8910	0
9	1698	8940	0
9	1698	8940	0
9	1702	8970	0
9	1702	8970	0
9	1706	9000	0
9	1706	9000	0
9	1710	9030	0
9	1710	9030	0
9	1715	9060	0
9	1715	9060	0
9	1719	9090	0
9	1719	9090	0
9	1723	9120	0
9	1723	9120	0
9	1729	9150	0
9	1729	9150	0
9	1733	9180	0
9	1733	9180	0
9	1737	9210	0
9	1737	9210	0
9	1741	9240	0
9	1741	9240	0
9	1746	9270	0
9	1746	9270	0
9	1751	9300	0
9	1751	9300	0
9	1755	9330	0
9	1755	9330	0
9	1756	9346.793098360813	1
9	1760	9360	1
9	1760	9360	0
9	1766	9390	0
9	1766	9390	0
9	1771	9420	0
9	1771	9420	0
9	1775	9450	0
9	1775	9450	0
9	1781	9480	0
9	1781	9480	0
9	1786	9510	0
9	1786	9510	0
9	1790	9540	0
9	1790	9540	0
9	1795	9570	0
9	1795	9570	0
9	1800	9600	0
9	1800	9600	0
9	1806	9630	0
9	1806	9630	0
9	1810	9660	0
9	1810	9660	0
9	1814	9690	0
9	1814	9690	0
9	1819	9720	0
9	1819	9720	0
9	1820	9726.84405786402	1
9	1824	9750	1
9	1824	9750	1
9	1829	9780	1
9	1829	9780	0
9	1833	9810	0
9	1833	9810	0
9	1837	9840	0
9	1837	9840	0
9	1841	9870	0
9	1841	9870	0
9	1846	9900	0
9	1846	9900	0
9	1852	9930	0
9	1852	9930	0
9	1856	9960	0
9	1856	9960	0
9	1861	9990	0
9	1861	9990	0
9	1864	10014.183046377154	1
9	1868	10020	1
9	1868	10020	0
9	1873	10050	0
9	1873	10050	0
9	1878	10080	0
9	1878	10080	0
9	1884	10110	0
9	1884	10110	0
9	1889	10140	0
9	1889	10140	0
9	1894	10170	0
9	1894	10170	0
9	1900	10200	0
9	1900	10200	0
9	1906	10230	0
9	1906	10230	0
9	1911	10260	0
9	1911	10260	0
9	1915	10290	0
9	1915	10290	0
9	1920	10320	0
9	1920	10320	0
9	1925	10350	0
9	1925	10350	0
9	1932	10380	0
9	1932	10380	0
9	1936	10410	0
9	1936	10410	0
9	1937	10420	1
9	1943	10440	1
9	1943	10440	0
9	1949	10470	0
9	1949	10470	0
9	1953	10500	0
9	1953	10500	0
9	1957	10530	0
9	1957	10530	0
9	1963	10560	0
9	1963	10560	0
9	1967	10590	0
9	1967	10590	0
9	1973	10620	0
9	1973	10620	0
9	1977	10650	0
9	1977	10650	0
9	1981	10680	0
9	1981	10680	0
9	1983	10707.487323777345	1
9	1987	10710	1
9	1987	10710	1
9	1992	10740	1
9	1992	10740	0
9	1996	10770	0
9	1996	10770	0
9	2000	10800	0
9	2000	10800	0
9	2004	10830	0
9	2004	10830	0
9	2010	10860	0
9	2010	10860	0
9	2014	10890	0
9	2014	10890	0
9	2018	10920	0
9	2018	10920	0
9	2024	10950	0
9	2024	10950	0
9	2028	10980	0
9	2028	10980	0
9	2034	11010	0
9	2034	11010	0
9	2038	11040	0
9	2038	11040	0
9	2046	11070	0
9	2046	11070	0
9	2048	11097.319853348841	1
9	2052	11100	1
9	2052	11100	1
9	2056	11130	1
9	2056	11130	0
9	2062	11160	0
9	2062	11160	0
9	2069	11190	0
9	2069	11190	0
9	2073	11220	0
9	2073	11220	0
9	2078	11250	0
9	2078	11250	0
9	2085	11280	0
9	2085	11280	0
9	2092	11310	0
9	2092	11310	0
9	2097	11340	0
9	2097	11340	0
9	2098	11350	1
9	2104	11370	1
9	2104	11370	1
9	2111	11400	1
9	2111	11400	0
9	2116	11430	0
9	2116	11430	0
9	2121	11460	0
9	2121	11460	0
9	2128	11490	0
9	2128	11490	0
9	2135	11520	0
9	2135	11520	0
9	2139	11550	0
9	2139	11550	0
9	2144	11580	0
9	2144	11580	0
9	2152	11610	0
9	2152	11610	0
9	2158	11640	0
9	2158	11640	0
9	2164	11670	0
9	2164	11670	0
9	2169	11700	0
9	2169	11700	0
9	2174	11730	0
9	2174	11730	0
9	2183	11760	0
9	2183	11760	0
9	2184	11770	1
9	2188	11790	1
9	2188	11790	0
9	2194	11820	0
9	2194	11820	0
9	2199	11850	0
9	2199	11850	0
9	2204	11880	0
9	2204	11880	0
9	2210	11910	0
9	2210	11910	0
9	2217	11940	0
9	2217	11940	0
9	2221	11970	0
9	2221	11970	0
9	2222	11980	1
9	2226	12000	1
9	2226	12000	0
9	2231	12030	0
9	2231	12030	0
9	2237	12060	0
9	2237	12060	0
9	2242	12090	0
9	2242	12090	0
9	2247	12120	0
9	2247	12120	0
9	2252	12150	0
9	2252	12150	0
9	2256	12180	0
9	2256	12180	0
9	2261	12210	0
9	2261	12210	0
9	2265	12240	0
9	2265	12240	0
9	2271	12270	0
9	2271	12270	0
9	2275	12300	0
9	2275	12300	0
9	2279	12330	0
9	2279	12330	0
9	2284	12360	0
9	2284	12360	0
9	2290	12390	0
9	2290	12390	0
9	2295	12420	0
9	2295	12420	0
9	2300	12450	0
9	2300	12450	0
9	2305	12480	0
9	2305	12480	0
9	2311	12510	0
9	2311	12510	0
9	2318	12540	0
9	2318	12540	0
9	2323	12570	0
9	2323	12570	0
9	2328	12600	0
9	2328	12600	0
9	2333	12630	0
9	2333	12630	0
9	2340	12660	0
9	2340	12660	0
9	2345	12690	0
9	2345	12690	0
9	2350	12720	0
9	2350	12720	0
9	2352	12731.005209301285	1
9	2357	12750	1
9	2357	12750	0
9	2362	12780	0
9	2362	12780	0
9	2366	12810	0
9	2366	12810	0
9	2370	12840	0
9	2370	12840	0
9	2380	12870	0
9	2380	12870	0
9	2384	12900	0
9	2384	12900	0
9	2388	12930	0
9	2388	12930	0
9	2396	12960	0
9	2396	12960	0
9	2400	12990	0
9	2400	12990	0
9	2404	13020	0
9	2404	13020	0
9	2408	13050	0
9	2408	13050	0
9	2413	13080	0
9	2413	13080	0
9	2418	13110	0
9	2418	13110	0
9	2422	13140	0
9	2422	13140	0
9	2426	13170	0
9	2426	13170	0
9	2427	13192.313028859392	1
9	2431	13200	1
9	2431	13200	1
9	2436	13230	1
9	2436	13230	1
9	2440	13260	1
9	2440	13260	0
9	2444	13290	0
9	2444	13290	0
9	2449	13320	0
9	2449	13320	0
9	2453	13350	0
9	2453	13350	0
9	2458	13380	0
9	2458	13380	0
9	2462	13410	0
9	2462	13410	0
9	2467	13440	0
9	2467	13440	0
9	2472	13470	0
9	2472	13470	0
9	2477	13500	0
9	2477	13500	0
9	2483	13530	0
9	2483	13530	0
9	2487	13560	0
9	2487	13560	0
9	2492	13590	0
9	2492	13590	0
9	2496	13620	0
9	2496	13620	0
9	2501	13650	0
9	2501	13650	0
9	2506	13680	0
9	2506	13680	0
9	2511	13710	0
9	2511	13710	0
9	2515	13740	0
9	2515	13740	0
9	2521	13770	0
9	2521	13770	0
9	2525	13800	0
9	2525	13800	0
9	2530	13830	0
9	2530	13830	0
9	2534	13860	0
9	2534	13860	0
9	2538	13890	0
9	2538	13890	0
9	2542	13920	0
9	2542	13920	0
9	2543	13930	1
9	2548	13950	1
9	2548	13950	0
9	2553	13980	0
9	2553	13980	0
9	2557	14010	0
9	2557	14010	0
9	2564	14040	0
9	2564	14040	0
9	2565	14045.467083759761	1
9	2571	14070	1
9	2571	14070	1
9	2575	14100	1
9	2575	14100	0
9	2584	14130	0
9	2584	14130	0
9	2589	14160	0
9	2589	14160	0
9	2594	14190	0
9	2594	14190	0
9	2601	14220	0
9	2601	14220	0
9	2608	14250	0
9	2608	14250	0
9	2612	14280	0
9	2612	14280	0
9	2617	14310	0
9	2617	14310	0
9	2623	14340	0
9	2623	14340	0
9	2624	14350	1
9	2630	14370	1
9	2630	14370	1
9	2635	14400	1
9	2635	14400	0
9	2639	14430	0
9	2639	14430	0
9	2645	14460	0
9	2645	14460	0
9	2650	14490	0
9	2650	14490	0
9	2655	14520	0
9	2655	14520	0
9	2660	14550	0
9	2660	14550	0
9	2665	14580	0
9	2665	14580	0
9	2669	14610	0
9	2669	14610	0
9	2674	14640	0
9	2674	14640	0
9	2679	14670	0
9	2679	14670	0
9	2684	14700	0
9	2684	14700	0
9	2690	14730	0
9	2690	14730	0
9	2696	14760	0
9	2696	14760	0
9	2701	14790	0
9	2701	14790	0
9	2707	14820	0
9	2707	14820	0
9	2714	14850	0
9	2714	14850	0
9	2719	14880	0
9	2719	14880	0
9	2726	14910	0
9	2726	14910	0
9	2731	14940	0
9	2731	14940	0
9	2735	14970	0
9	2735	14970	0
9	2742	15000	0
9	2742	15000	0
9	2750	15030	0
9	2750	15030	0
9	2755	15060	0
9	2755	15060	0
9	2761	15090	0
9	2761	15090	0
9	2768	15120	0
9	2768	15120	0
9	2775	15150	0
9	2775	15150	0
9	2779	15180	0
9	2779	15180	0
9	2786	15210	0
9	2786	15210	0
9	2790	15240	0
9	2790	15240	0
9	2795	15270	0
9	2795	15270	0
9	2802	15300	0
9	2802	15300	0
9	2807	15330	0
9	2807	15330	0
9	2813	15360	0
9	2813	15360	0
9	2818	15390	0
9	2818	15390	0
9	2826	15420	0
9	2826	15420	0
9	2832	15450	0
9	2832	15450	0
9	2837	15480	0
9	2837	15480	0
9	2843	15510	0
9	2843	15510	0
9	2848	15540	0
9	2848	15540	0
9	2853	15570	0
9	2853	15570	0
9	2854	15580	1
9	2858	15600	1
9	2858	15600	0
9	2864	15630	0
9	2864	15630	0
9	2869	15660	0
9	2869	15660	0
9	2875	15690	0
9	2875	15690	0
9	2881	15720	0
9	2881	15720	0
9	2885	15750	0
9	2885	15750	0
9	2887	15766.59406603011	1
9	2891	15780	1
9	2891	15780	0
9	2896	15810	0
9	2896	15810	0
9	2897	15820	1
9	2902	15840	1
9	2902	15840	0
9	2909	15870	0
9	2909	15870	0
9	2914	15900	0
9	2914	15900	0
9	2920	15930	0
9	2920	15930	0
9	2929	15960	0
9	2929	15960	0
9	2935	15990	0
9	2935	15990	0
9	2940	16020	0
9	2940	16020	0
9	2947	16050	0
9	2947	16050	0
9	2953	16080	0
9	2953	16080	0
9	2956	16090	1
9	2960	16110	1
9	2960	16110	0
9	2966	16140	0
9	2966	16140	0
9	2970	16170	0
9	2970	16170	0
9	2975	16200	0
9	2975	16200	0
9	2978	16210	1
9	2984	16230	1
9	2984	16230	0
9	2989	16260	0
9	2989	16260	0
9	2993	16290	0
9	2993	16290	0
9	3000	16320	0
9	3000	16320	0
9	3006	16350	0
9	3006	16350	0
9	3010	16380	0
9	3010	16380	0
9	3014	16410	0
9	3014	16410	0
9	3020	16440	0
9	3020	16440	0
9	3024	16470	0
9	3024	16470	0
9	3028	16500	0
9	3028	16500	0
9	3031	16529.822686961052	1
9	3035	16530	1
9	3035	16530	0
9	3039	16560	0
9	3039	16560	0
9	3044	16590	0
9	3044	16590	0
9	3050	16620	0
9	3050	16620	0
9	3055	16650	0
9	3055	16650	0
9	3056	16665.411708461919	1
9	3060	16680	1
9	3060	16680	1
9	3067	16710	1
9	3067	16710	1
9	3072	16740	1
9	3072	16740	0
9	3076	16770	0
9	3076	16770	0
9	3080	16800	0
9	3080	16800	0
9	3086	16830	0
9	3086	16830	0
9	3091	16860	0
9	3091	16860	0
9	3095	16890	0
9	3095	16890	0
9	3099	16920	0
9	3099	16920	0
9	3103	16950	0
9	3103	16950	0
9	3108	16980	0
9	3108	16980	0
9	3112	17010	0
9	3112	17010	0
9	3117	17040	0
9	3117	17040	0
9	3122	17070	0
9	3122	17070	0
9	3126	17100	0
9	3126	17100	0
9	3131	17130	0
9	3131	17130	0
9	3136	17160	0
9	3136	17160	0
9	3140	17190	0
9	3140	17190	0
9	3144	17220	0
9	3144	17220	0
9	3148	17250	0
9	3148	17250	0
9	3153	17280	0
9	3153	17280	0
9	3158	17310	0
9	3158	17310	0
9	3162	17340	0
9	3162	17340	0
9	3166	17370	0
9	3166	17370	0
9	3170	17400	0
9	3170	17400	0
9	3175	17430	0
9	3175	17430	0
9	3181	17460	0
9	3181	17460	0
9	3185	17490	0
9	3185	17490	0
9	3190	17520	0
9	3190	17520	0
9	3194	17550	0
9	3194	17550	0
9	3199	17580	0
9	3199	17580	0
9	3203	17610	0
9	3203	17610	0
9	3207	17640	0
9	3207	17640	0
9	3211	17670	0
9	3211	17670	0
9	3215	17700	0
9	3215	17700	0
9	3219	17730	0
9	3219	17730	0
9	3221	17740	1
9	3225	17760	1
9	3225	17760	0
9	3230	17790	0
9	3230	17790	0
9	3236	17820	0
9	3236	17820	0
9	3241	17850	0
9	3241	17850	0
9	3247	17880	0
9	3247	17880	0
9	3252	17910	0
9	3252	17910	0
9	3259	17940	0
9	3259	17940	0
9	3266	17970	0
9	3266	17970	0
9	3269	17988.199469626996	1
9	3273	18000	1
9	3273	18000	0
9	3280	18030	0
9	3280	18030	0
9	3283	18056.466378363175	1
9	3287	18060	1
9	3287	18060	0
9	3293	18090	0
9	3293	18090	0
9	3303	18120	0
9	3303	18120	0
9	3310	18150	0
9	3310	18150	0
9	3315	18180	0
9	3315	18180	0
9	3324	18210	0
9	3324	18210	0
9	3325	18220	1
9	3329	18240	1
9	3329	18240	0
9	3334	18270	0
9	3334	18270	0
9	3339	18300	0
9	3339	18300	0
9	3344	18330	0
9	3344	18330	0
9	3345	18340	1
9	3351	18360	1
9	3351	18360	0
9	3355	18390	0
9	3355	18390	0
9	3361	18420	0
9	3361	18420	0
9	3366	18450	0
9	3366	18450	0
9	3373	18480	0
9	3373	18480	0
9	3379	18510	0
9	3379	18510	0
9	3383	18540	0
9	3383	18540	0
9	3388	18570	0
9	3388	18570	0
9	3393	18600	0
9	3393	18600	0
9	3398	18630	0
9	3398	18630	0
9	3402	18660	0
9	3402	18660	0
9	3406	18690	0
9	3406	18690	0
9	3407	18708.834200663237	1
9	3411	18720	1
9	3411	18720	1
9	3415	18750	1
9	3415	18750	1
9	3420	18780	1
9	3420	18780	0
9	3425	18810	0
9	3425	18810	0
9	3429	18840	0
9	3429	18840	0
9	3433	18870	0
9	3433	18870	0
9	3436	18897.485354362532	1
9	3440	18900	1
9	3440	18900	1
9	3444	18930	1
9	3444	18930	0
9	3449	18960	0
9	3449	18960	0
9	3454	18990	0
9	3454	18990	0
9	3459	19020	0
9	3459	19020	0
9	3465	19050	0
9	3465	19050	0
9	3470	19080	0
9	3470	19080	0
9	3474	19110	0
9	3474	19110	0
9	3481	19140	0
9	3481	19140	0
9	3486	19170	0
9	3486	19170	0
9	3491	19200	0
9	3491	19200	0
9	3498	19230	0
9	3498	19230	0
9	3504	19260	0
9	3504	19260	0
9	3509	19290	0
9	3509	19290	0
9	3512	19312.831720835121	1
9	3516	19320	1
9	3516	19320	0
9	3521	19350	0
9	3521	19350	0
9	3526	19380	0
9	3526	19380	0
9	3530	19410	0
9	3530	19410	0
9	3537	19440	0
9	3537	19440	0
9	3544	19470	0
9	3544	19470	0
9	3548	19500	0
9	3548	19500	0
9	3554	19530	0
9	3554	19530	0
9	3560	19560	0
9	3560	19560	0
9	3561	19569.952807279555	1
9	3565	19590	1
9	3565	19590	1
9	3570	19620	1
9	3570	19620	0
9	3574	19650	0
9	3574	19650	0
9	3582	19680	0
9	3582	19680	0
9	3586	19710	0
9	3586	19710	0
9	3591	19740	0
9	3591	19740	0
9	3596	19770	0
9	3596	19770	0
9	3597	19776.488859236822	1
9	3598	19780	2
9	3603	19800	2
9	3603	19800	1
9	3608	19830	1
9	3608	19830	1
9	3613	19860	1
9	3613	19860	0
9	3619	19890	0
9	3619	19890	0
9	3625	19920	0
9	3625	19920	0
9	3631	19950	0
9	3631	19950	0
9	3638	19980	0
9	3638	19980	0
10	219	1080	50
10	229	1140	84.951814848286
10	243	1200	20
10	256	1285.204576402919	0
10	320	1600	0
10	332	1661.639408358763	0
10	359	1800	50
10	403	2050	0
10	499	2610	38.29008989429
10	518	2730	43.953981358868
10	524	2760	20
10	567	2970	20.083347300064
10	568	2971.718818109502	0
10	580	3040	0
10	596	3130	0
10	677	3574.231323577196	0
10	682	3600	20
10	726	3840	20
10	756	3990	20
10	760	4020	46.170928817389
10	794	4200	50
10	794	4200	20
10	799	4230	20
10	811	4290	27.166051460082
10	884	4680	20
10	918	4876.379109807274	0
10	938	4980	88.740316089622
10	962	5100	2.105207842434
10	1028	5490	26.549018435086
10	1079	5764.335048227025	0
10	1092	5829.685683721759	0
10	1097	5850	8.316022840636
10	1104	5880	9.739419456108
10	1183	6300	46.565202537928
10	1232	6540	5.226687941455
10	1240	6570	50.310813771687
10	1247	6600	50
10	1254	6640	0
10	1276	6720	34.946768468757
10	1304	6840	50
10	1305	6850	0
10	1317	6900	38.03189823014
10	1356	7080	20
10	1357	7080.987684018621	0
10	1368	7140	67.469812934887
10	1390	7240	0
10	1412	7320	20
10	1419	7360	0
10	1423	7380	81.795206191881
10	1430	7410	19.850313766934
10	1461	7570	0
10	1524	7920	45.105118773477
10	1548	8050	0
10	1570	8160	31.46681643633
10	1619	8430	20
10	1620	8440	0
10	1760	9360	13.206901639187
10	1829	9780	53.15594213598
10	1868	10020	5.816953622846
10	1921	10330	0
10	1943	10440	20
10	1968	10600	0
10	1992	10740	32.512676222655
10	2056	11130	32.680146651159
10	2086	11290	0
10	2111	11400	50
10	2117	11456.265173889601	0
10	2188	11790	20
10	2213	11920	0
10	2226	12000	20
10	2286	12370	0
10	2357	12750	18.994790698715
10	2371	12850	0
10	2373	12850	0
10	2440	13260	67.686971140608
10	2479	13521.389700609077	0
10	2548	13950	20
10	2575	14100	54.532916240239
10	2579	14122.089029785826	0
10	2635	14400	50
10	2743	15009.791454556519	0
10	2762	15092.846262121113	0
10	2858	15600	20
10	2891	15780	13.40593396989
10	2902	15840	20
10	2960	16110	20
10	2961	16120	0
10	2976	16210	0
10	2984	16230	20
10	2985	16240	0
10	3035	16530	0.177313038948
10	3072	16740	74.588291538081
10	3225	17760	20
10	3273	18000	11.800530373004
10	3287	18060	3.533621636825
10	3298	18101.97582467905	0
10	3329	18240	20
10	3351	18360	20
10	3420	18780	71.165799336763
10	3444	18930	32.514645637468
10	3500	19257.040382909319	0
10	3516	19320	7.168279164879
10	3570	19620	50.047192720445
10	3603	19800	20
10	3613	19860	83.511140763178
11	219	1080	7107
11	229	1140	7110
11	243	1200	7108
11	256	1285.204576402919	7112
11	320	1600	7114
11	332	1661.639408358763	7118
11	359	1800	7115
11	403	2050	7119
11	499	2610	7124
11	518	2730	7127
11	524	2760	7125
11	567	2970	7131
11	568	2971.718818109502	7132
11	580	3040	7130
11	596	3130	7129
11	677	3574.231323577196	7138
11	682	3600	7135
11	726	3840	7139
11	756	3990	7140
11	760	4020	7141
11	794	4200	7142
11	794	4200	7143
11	799	4230	7145
11	811	4290	7147
11	884	4680	7148
11	918	4876.379109807274	7154
11	938	4980	7155
11	962	5100	7157
11	1028	5490	7159
11	1079	5764.335048227025	7163
11	1092	5829.685683721759	7166
11	1097	5850	7167
11	1104	5880	7165
11	1183	6300	7171
11	1232	6540	7177
11	1240	6570	7176
11	1247	6600	7174
11	1254	6640	7175
11	1276	6720	7178
11	1304	6840	7181
11	1305	6850	7179
11	1317	6900	7185
11	1356	7080	7186
11	1357	7080.987684018621	7187
11	1368	7140	7189
11	1390	7240	7190
11	1412	7320	7191
11	1419	7360	7193
11	1423	7380	7195
11	1430	7410	7198
11	1461	7570	7196
11	1524	7920	7201
11	1548	8050	7203
11	1570	8160	7205
11	1619	8430	7209
11	1620	8440	7207
11	1760	9360	7213
11	1829	9780	7216
11	1868	10020	7217
11	1921	10330	7218
11	1943	10440	7222
11	1968	10600	7223
11	1992	10740	7225
11	2056	11130	7228
11	2086	11290	7227
11	2111	11400	7231
11	2117	11456.265173889601	7232
11	2188	11790	7235
11	2213	11920	7240
11	2226	12000	7241
11	2286	12370	7243
11	2357	12750	7248
11	2371	12850	7246
11	2373	12850	7249
11	2440	13260	7252
11	2479	13521.389700609077	7254
11	2548	13950	7256
11	2575	14100	7257
11	2579	14122.089029785826	7260
11	2635	14400	7262
11	2743	15009.791454556519	7272
11	2762	15092.846262121113	7273
11	2858	15600	7279
11	2891	15780	7282
11	2902	15840	7281
11	2960	16110	7284
11	2961	16120	7285
11	2976	16210	7283
11	2984	16230	7287
11	2985	16240	7289
11	3035	16530	7291
11	3072	16740	7293
11	3225	17760	7297
11	3273	18000	7299
11	3287	18060	7304
11	3298	18101.97582467905	7307
11	3329	18240	7305
11	3351	18360	7308
11	3420	18780	7312
11	3444	18930	7313
11	3500	19257.040382909319	7315
11	3516	19320	7317
11	3570	19620	7321
11	3603	19800	7322
11	3613	19860	7325
12	221	1090	439.52180836453
12	266	1330	413.5890163189
12	383	1940	437.55561596438
12	461	2410	374.77539620347
12	482	2540	440.26546319696
12	535	2830	270.78421507607
12	604	3171.718818109502	300
12	621	3260	508.37022698523
12	704	3730	335.49598822981
12	1283	6760	325.22668794145
12	1285	6770	350.31081377169
12	1332	6970	397.57775620428
12	1460	7570	395.62124789102
12	1945	10460	495.79629360554
12	2372	12850	366.31040293477
12	2618	14322.089029785826	300
12	2838	15500	475.91607335429
12	3288	18070	258.8904157732
12	3450	18980	504.84421326302
12	3477	19130	332.51464563747
12	3604	19810	392.92758740028
12	3627	19930	372.46333309069
13	221	1090	139.52180836453
13	266	1330	113.5890163189
13	383	1940	37.555615964382
13	461	2410	74.775396203467
13	482	2540	40.265463196957
13	535	2830	70.784215076071
13	604	3171.718818109502	0
13	621	3260	108.37022698523
13	704	3730	35.495988229814
13	1283	6760	25.226687941455
13	1285	6770	50.310813771687
13	1332	6970	97.577756204283
13	1460	7570	95.621247891023
13	1945	10460	95.796293605542
13	2372	12850	66.310402934773
13	2618	14322.089029785826	0
13	2838	15500	75.916073354293
13	3288	18070	58.890415773201
13	3450	18980	104.84421326302
13	3477	19130	32.514645637468
13	3604	19810	92.927587400279
13	3627	19930	72.463333090693
14	221	1090	2
14	266	1330	2
14	383	1940	3
14	461	2410	2
14	482	2540	3
14	535	2830	1
14	604	3171.718818109502	2
14	621	3260	3
14	704	3730	2
14	1283	6760	2
14	1285	6770	2
14	1332	6970	2
14	1460	7570	2
14	1945	10460	3
14	2372	12850	2
14	2618	14322.089029785826	2
14	2838	15500	3
14	3288	18070	1
14	3450	18980	3
14	3477	19130	2
14	3604	19810	2
14	3627	19930	2
15	249	1250	523.3225074449
15	295	1480	393.49469078383
15	322	1610	424.79542359708
15	327	1630	354.94675057178
15	556	2930	458.29008989429
15	733	3890	415.7686764228
15	1056	5655.88722771288	200
15	1256	6650	496.56520253793
15	1682	8840	300.99510196816
15	1767	9400	365.74379312881
15	2329	12610	267.6835000399
15	2336	12640	376.14034103018
15	2409	13056.118981768604	300
15	2590	14170	214.96262503748
15	2625	14350	327.9399273362
15	2640	14440	403.33793009746
15	2641	14440	311.19289732174
15	2721	14890	273.55914163422
15	2744	15010	272.54830914769
15	2780	15190	402.32788274796
15	2822	15410	417.15373787889
15	3176	17440	422.77998756633
15	3538	19450	264.1695781372
16	249	1250	123.3225074449
16	295	1480	93.494690783827
16	322	1610	24.795423597081
16	327	1630	54.946750571776
16	556	2930	58.29008989429
16	733	3890	15.768676422804
16	1056	5655.88722771288	0
16	1256	6650	96.565202537928
16	1682	8840	0.995101968162
16	1767	9400	65.743793128807
16	2329	12610	67.6835000399
16	2336	12640	76.140341030177
16	2409	13056.118981768604	0
16	2590	14170	14.962625037481
16	2625	14350	27.939927336204
16	2640	14440	103.33793009746
16	2641	14440	11.192897321739
16	2721	14890	73.559141634224
16	2744	15010	72.548309147687
16	2780	15190	102.32788274796
16	2822	15410	17.153737878887
16	3176	17440	122.77998756633
16	3538	19450	64.169578137204
17	249	1250	3
17	295	1480	2
17	322	1610	3
17	327	1630	2
17	556	2930	3
17	733	3890	3
17	1056	5655.88722771288	1
17	1256	6650	3
17	1682	8840	2
17	1767	9400	2
17	2329	12610	1
17	2336	12640	2
17	2409	13056.118981768604	2
17	2590	14170	1
17	2625	14350	2
17	2640	14440	2
17	2641	14440	2
17	2721	14890	1
17	2744	15010	1
17	2780	15190	2
17	2822	15410	3
17	3176	17440	2
17	3538	19450	1
18	297	1490	534.95181484829
18	388	1970	408.36059164124
18	418	2139.980044445827	300
18	488	2560	357.68319008322
18	666	3520	381.67088785167
18	825	4370	496.17092881739
18	963	5110	397.92371149678
18	1087	5810	446.54901843509
18	1157	6170	428.31602284064
18	1178	6280	381.99680667372
18	1179	6280	372.74757244746
18	1318	6920	319.05229240694
18	1339	7000	313.66665580307
18	1398	7280	344.08899880788
18	1445	7490	517.46981293489
18	1535	8000	379.55391653829
18	1553	8080	389.45656725275
18	1604	8360	358.93112479639
18	1825	9760	398.61958707524
18	1916	10300	217.47030481439
18	1928	10360	353.79126782757
18	2005	10840	406.97554898174
18	2195	11840	335.39198954765
18	2200	11860	271.47599299881
18	2232	12040	406.84012119345
18	2257	12190	374.25752225626
18	2646	14480	363.5948392849
18	2715	14860	287.8098895844
18	2757	15080	357.76756941106
18	2828	15449.102131149353	300
18	2865	15640	345.24092222143
18	2962	16130	463.40593396989
18	3317	18200	322.99440672449
18	3531	19411.464604377542	300
19	297	1490	134.95181484829
19	388	1970	8.360591641237
19	418	2139.980044445827	0
19	488	2560	57.683190083225
19	666	3520	81.670887851667
19	825	4370	96.170928817389
19	963	5110	97.923711496779
19	1087	5810	46.549018435086
19	1157	6170	28.316022840636
19	1178	6280	81.996806673715
19	1179	6280	72.747572447458
19	1318	6920	19.052292406942
19	1339	7000	13.66665580307
19	1398	7280	44.088998807877
19	1445	7490	117.46981293489
19	1535	8000	79.553916538287
19	1553	8080	89.456567252754
19	1604	8360	58.931124796391
19	1825	9760	98.619587075241
19	1916	10300	17.470304814389
19	1928	10360	53.791267827572
19	2005	10840	106.97554898174
19	2195	11840	35.391989547654
19	2200	11860	71.475992998807
19	2232	12040	106.84012119346
19	2257	12190	74.25752225626
19	2646	14480	63.594839284901
19	2715	14860	87.809889584397
19	2757	15080	57.767569411059
19	2828	15449.102131149353	0
19	2865	15640	45.240922221434
19	2962	16130	63.40593396989
19	3317	18200	22.994406724492
19	3531	19411.464604377542	0
20	297	1490	3
20	388	1970	3
20	418	2139.980044445827	2
20	488	2560	2
20	666	3520	2
20	825	4370	3
20	963	5110	2
20	1087	5810	3
20	1157	6170	3
20	1178	6280	2
20	1179	6280	2
20	1318	6920	2
20	1339	7000	2
20	1398	7280	2
20	1445	7490	3
20	1535	8000	2
20	1553	8080	2
20	1604	8360	2
20	1825	9760	2
20	1916	10300	1
20	1928	10360	2
20	2005	10840	2
20	2195	11840	2
20	2200	11860	1
20	2232	12040	2
20	2257	12190	2
20	2646	14480	2
20	2715	14860	1
20	2757	15080	2
20	2828	15449.102131149353	2
20	2865	15640	2
20	2962	16130	3
20	3317	18200	2
20	3531	19411.464604377542	2
21	255	1280	492.84068774455
21	562	2950	363.95398135887
21	563	2960	454.91286034605
21	635	3350	324.72471662336
21	715	3800	486.64270675263
21	854	4510	347.16605146008
21	869	4600	215.34632079897
21	901	4780	357.87873516156
21	1139	6070	340.31431627824
21	1227	6520	273.17762656444
21	1325	6940	381.903140399
21	1630	8510	344.4744601314
21	2029	10990	382.51267622265
21	2153	11620	329.15949763981
21	2626	14350	404.53291624024
21	2763	15100	364.41705817537
21	2782	15209.791454556519	400
21	2921	15940	378.36670161433
21	2943	16040	423.94805119854
21	3318	18200	411.800530373
21	3367	18460	355.30984708854
21	3384	18560	467.53054710499
21	3510	19310	378.6591573112
21	3555	19550	319.13099074127
21	3614	19867.552725537226	200
22	255	1280	92.840687744549
22	562	2950	63.953981358868
22	563	2960	54.91286034605
22	635	3350	24.724716623363
22	715	3800	86.64270675263
22	854	4510	47.166051460082
22	869	4600	15.346320798966
22	901	4780	57.878735161561
22	1139	6070	40.314316278241
22	1227	6520	73.177626564437
22	1325	6940	81.903140398996
22	1630	8510	44.474460131401
22	2029	10990	82.512676222655
22	2153	11620	29.159497639808
22	2626	14350	104.53291624024
22	2763	15100	64.417058175373
22	2782	15209.791454556519	0
22	2921	15940	78.366701614335
22	2943	16040	23.948051198539
22	3318	18200	11.800530373004
22	3367	18460	55.309847088544
22	3384	18560	67.530547104987
22	3510	19310	78.659157311199
22	3555	19550	19.130990741274
22	3614	19867.552725537226	0
23	255	1280	3
23	562	2950	2
23	563	2960	3
23	635	3350	2
23	715	3800	3
23	854	4510	2
23	869	4600	1
23	901	4780	2
23	1139	6070	2
23	1227	6520	1
23	1325	6940	2
23	1630	8510	2
23	2029	10990	2
23	2153	11620	2
23	2626	14350	2
23	2763	15100	2
23	2782	15209.791454556519	3
23	2921	15940	2
23	2943	16040	3
23	3318	18200	3
23	3367	18460	2
23	3384	18560	3
23	3510	19310	2
23	3555	19550	2
23	3614	19867.552725537226	1
24	280	1400	492.04765308392
24	609	3190	340.08334730006
24	722	3830	371.67732162133
24	761	4040	496.78461439472
24	1002	5350	352.10520784243
24	1008	5380	312.69018832541
24	1122	5980	333.52610580131
24	1213	6460	400.98809073777
24	1292	6800	468.46048698456
24	1413	7338.445363269521	200
24	1462	7570	250.6769000026
24	1559	8120	445.10511877348
24	1590	8270	354.6401963495
24	1791	9560	413.20690163919
24	1815	9700	314.82688124412
24	2080	11260	318.84148775473
24	2106	11390	322.87411307137
24	2178	11750	384.46301968454
24	2391	12950	387.73930189175
24	2468	13450	239.15100335032
24	2478	13510	417.68697114061
24	2516	13750	328.61029939092
24	2892	15800	425.49898540079
24	2994	16300	339.67721316262
24	2996	16310	381.95701847108
24	3063	16705.259245914649	200
24	3186	17510	352.5815851531
24	3262	17960	500.11721247454
24	3330	18240.373392089254	300
24	3362	18440	468.94045252803
24	3375	18502.882642855592	200
25	280	1400	92.047653083919
25	609	3190	40.083347300064
25	722	3830	71.677321621328
25	761	4040	96.784614394723
25	1002	5350	52.105207842434
25	1008	5380	12.690188325405
25	1122	5980	33.526105801315
25	1213	6460	100.98809073777
25	1292	6800	68.460486984562
25	1413	7338.445363269521	0
25	1462	7570	50.676900002604
25	1559	8120	45.105118773477
25	1590	8270	54.640196349496
25	1791	9560	13.206901639187
25	1815	9700	14.826881244124
25	2080	11260	18.841487754733
25	2106	11390	22.874113071367
25	2178	11750	84.463019684544
25	2391	12950	87.739301891749
25	2468	13450	39.151003350318
25	2478	13510	117.68697114061
25	2516	13750	28.610299390923
25	2892	15800	25.498985400792
25	2994	16300	39.677213162619
25	2996	16310	81.957018471081
25	3063	16705.259245914649	0
25	3186	17510	52.581585153103
25	3262	17960	100.11721247454
25	3330	18240.373392089254	0
25	3362	18440	68.940452528029
25	3375	18502.882642855592	0
26	280	1400	3
26	609	3190	2
26	722	3830	2
26	761	4040	3
26	1002	5350	2
26	1008	5380	2
26	1122	5980	2
26	1213	6460	2
26	1292	6800	3
26	1413	7338.445363269521	1
26	1462	7570	1
26	1559	8120	3
26	1590	8270	2
26	1791	9560	3
26	1815	9700	2
26	2080	11260	2
26	2106	11390	2
26	2178	11750	2
26	2391	12950	2
26	2468	13450	1
26	2478	13510	2
26	2516	13750	2
26	2892	15800	3
26	2994	16300	2
26	2996	16310	2
26	3063	16705.259245914649	1
26	3186	17510	2
26	3262	17960	3
26	3330	18240.373392089254	2
26	3362	18440	3
26	3375	18502.882642855592	1
27	339	1700	364.01422959394
27	773	4090	382.59754272896
27	813	4300	355.17393934097
27	818	4330	343.58629308315
27	1099	5864.335048227025	300
27	1123	5980	309.73941945611
27	1414	7340	333.34725628503
27	1439	7460	317.39509490495
27	1450	7510	219.85031376693
27	1565	8150	451.78206383342
27	1588	8260	331.46681643633
27	1959	10540	387.82894413553
27	1982	10700	342.12374519522
27	2227	12020	361.81570438479
27	2243	12100	390.47911926427
27	2301	12470	422.09765009099
27	2375	12850	318.99479069872
27	2566	14050	395.60702775197
27	2651	14500	384.2546975309
27	2979	16210	360.80718418045
27	2995	16310	461.40656628301
27	3001	16330	373.37007580013
27	3002	16340	354.7346153919
27	3319	18201.97582467905	200
27	3533	19420	307.16827916488
27	3620	19900	396.72413608354
28	339	1700	64.014229593939
28	773	4090	82.59754272896
28	813	4300	55.173939340973
28	818	4330	43.586293083146
28	1099	5864.335048227025	0
28	1123	5980	9.739419456108
28	1414	7340	33.347256285034
28	1439	7460	17.395094904952
28	1450	7510	19.850313766934
28	1565	8150	51.782063833423
28	1588	8260	31.46681643633
28	1959	10540	87.828944135535
28	1982	10700	42.123745195217
28	2227	12020	61.815704384792
28	2243	12100	90.479119264274
28	2301	12470	22.097650090989
28	2375	12850	18.994790698715
28	2566	14050	95.607027751971
28	2651	14500	84.254697530904
28	2979	16210	60.807184180447
28	2995	16310	61.406566283006
28	3001	16330	73.370075800132
28	3002	16340	54.734615391903
28	3319	18201.97582467905	0
28	3533	19420	7.168279164879
28	3620	19900	96.72413608354
29	339	1700	2
29	773	4090	2
29	813	4300	2
29	818	4330	2
29	1099	5864.335048227025	2
29	1123	5980	2
29	1414	7340	2
29	1439	7460	2
29	1450	7510	1
29	1565	8150	3
29	1588	8260	2
29	1959	10540	2
29	1982	10700	2
29	2227	12020	2
29	2243	12100	2
29	2301	12470	3
29	2375	12850	2
29	2566	14050	2
29	2651	14500	2
29	2979	16210	2
29	2995	16310	3
29	3001	16330	2
29	3002	16340	2
29	3319	18201.97582467905	1
29	3533	19420	2
29	3620	19900	2
30	376	1900	434.88135674352
30	419	2150	481.22624572837
30	598	3140	346.79922978904
30	614	3230	444.31491609095
30	812	4300	421.51132656658
30	902	4780	396.64246397148
30	934	4976.379109807274	200
30	1278	6740	335.57690186826
30	1299	6820	334.94676846876
30	1326	6940	374.91492393905
30	1327	6950	458.31833792881
30	1340	7000	238.03189823014
30	1376	7180	341.44205330674
30	1377	7180.987684018621	300
30	1434	7420	333.16885366666
30	1477	7670	469.67955409329
30	1635	8530	336.24005153845
30	1637	8540	388.8837487572
30	1885	10120	205.81695362285
30	1938	10430	501.77648540951
30	2105	11390	448.46492391357
30	2130	11500	412.07595649667
30	2140	11556.265173889601	300
30	2206	11890	401.64649055655
30	2389	12950	531.18098534338
30	2390	12950	410.80074503741
30	2980	16220	304.73247030107
30	3087	16840	274.58829153808
30	3311	18160	203.53362163682
30	3522	19357.040382909319	300
30	3633	19960	283.51114076318
31	376	1900	134.88135674352
31	419	2150	81.226245728374
31	598	3140	46.799229789041
31	614	3230	44.314916090945
31	812	4300	121.51132656658
31	902	4780	96.642463971477
31	934	4976.379109807274	0
31	1278	6740	35.576901868264
31	1299	6820	34.946768468757
31	1326	6940	74.914923939055
31	1327	6950	58.318337928807
31	1340	7000	38.03189823014
31	1376	7180	41.442053306745
31	1377	7180.987684018621	0
31	1434	7420	33.168853666665
31	1477	7670	69.67955409329
31	1635	8530	36.240051538451
31	1637	8540	88.883748757204
31	1885	10120	5.816953622846
31	1938	10430	101.77648540951
31	2105	11390	48.464923913573
31	2130	11500	112.07595649667
31	2140	11556.265173889601	0
31	2206	11890	101.64649055655
31	2389	12950	131.18098534338
31	2390	12950	10.800745037414
31	2980	16220	4.732470301071
31	3087	16840	74.588291538081
31	3311	18160	3.533621636825
31	3522	19357.040382909319	0
31	3633	19960	83.511140763178
32	376	1900	2
32	419	2150	3
32	598	3140	2
32	614	3230	3
32	812	4300	2
32	902	4780	2
32	934	4976.379109807274	1
32	1278	6740	2
32	1299	6820	2
32	1326	6940	2
32	1327	6950	3
32	1340	7000	1
32	1376	7180	2
32	1377	7180.987684018621	2
32	1434	7420	2
32	1477	7670	3
32	1635	8530	2
32	1637	8540	2
32	1885	10120	1
32	1938	10430	3
32	2105	11390	3
32	2130	11500	2
32	2140	11556.265173889601	2
32	2206	11890	2
32	2389	12950	3
32	2390	12950	3
32	2980	16220	2
32	3087	16840	1
32	3311	18160	1
32	3522	19357.040382909319	2
32	3633	19960	1
33	360	1810	328.2777261954
33	842	4460	500.27954781894
33	864	4580	426.76345367139
33	924	4900	246.64539567322
33	973	5180	468.42739253776
33	978	5200	408.74031608962
33	988	5260	272.77861742714
33	1080	5770	342.89464458949
33	1105	5890	409.01961744044
33	1249	6620	446.0696008277
33	1455	7540	256.97823832612
33	1467	7600	401.79520619188
33	1673	8770	376.99442242739
33	1862	10000	373.15594213598
33	2093	11330	332.68014665116
33	2112	11410	346.00183529126
33	2205	11890	400.28979646845
33	2526	13810	329.66152103266
33	2745	15020	474.08984048924
33	2839	15500	463.26157737368
33	2905	15860	527.31472422861
33	3068	16730	300.17731303895
33	3081	16810	382.52893246403
33	3118	17060	460.15840101828
33	3304	18130	319.68734276184
33	3305	18140	403.61647743031
33	3374	18500	498.04473790545
33	3455	19000	391.16579933676
33	3609	19840	370.04719272044
34	360	1810	28.277726195398
34	842	4460	100.27954781894
34	864	4580	26.763453671395
34	924	4900	46.645395673216
34	973	5180	68.427392537764
34	978	5200	108.74031608962
34	988	5260	72.778617427145
34	1080	5770	42.894644589487
34	1105	5890	109.01961744043
34	1249	6620	46.069600827704
34	1455	7540	56.978238326116
34	1467	7600	101.79520619188
34	1673	8770	76.994422427393
34	1862	10000	73.15594213598
34	2093	11330	32.680146651159
34	2112	11410	46.001835291257
34	2205	11890	100.28979646845
34	2526	13810	29.661521032659
34	2745	15020	74.089840489237
34	2839	15500	63.261577373682
34	2905	15860	127.31472422861
34	3068	16730	0.177313038948
34	3081	16810	82.528932464028
34	3118	17060	60.158401018282
34	3304	18130	19.687342761842
34	3305	18140	3.616477430314
34	3374	18500	98.044737905447
34	3455	19000	91.165799336763
34	3609	19840	70.047192720445
35	360	1810	2
35	842	4460	3
35	864	4580	3
35	924	4900	1
35	973	5180	3
35	978	5200	2
35	988	5260	1
35	1080	5770	2
35	1105	5890	2
35	1249	6620	3
35	1455	7540	1
35	1467	7600	2
35	1673	8770	2
35	1862	10000	2
35	2093	11330	2
35	2112	11410	2
35	2205	11890	2
35	2526	13810	2
35	2745	15020	3
35	2839	15500	3
35	2905	15860	3
35	3068	16730	2
35	3081	16810	2
35	3118	17060	3
35	3304	18130	2
35	3305	18140	3
35	3374	18500	3
35	3455	19000	2
35	3609	19840	2

