version 3
run VeryHighLoad_Circle-34-20260125-17:45:17-1400
attr configname VeryHighLoad_Circle
attr datetime 20260125-17:45:17
attr datetimef 20260125-174517
attr experiment VeryHighLoad_Circle
attr inifile simulations/nwsim_project/omnetpp.ini
attr iterationvars ""
attr iterationvarsd ""
attr iterationvarsf ""
attr measurement ""
attr network CrossTraffic
attr processid 1400
attr repetition 34
attr replication #34
attr resultdir results
attr runnumber 34
attr seedset 34
config description "Very High Load - Circle Mode (200% more traffic)"
config *.Junc*.junctionMode "\"circle\""
config *.EndNW.spawnInterval exponential(267s)
config *.EndNE.spawnInterval exponential(400s)
config *.EndEN.spawnInterval exponential(333s)
config *.EndES.spawnInterval exponential(500s)
config *.EndSE.spawnInterval exponential(300s)
config *.EndSW.spawnInterval exponential(367s)
config *.EndWS.spawnInterval exponential(433s)
config *.EndWN.spawnInterval exponential(467s)
config network CrossTraffic
config sim-time-limit 20000s
config warmup-period 1000s
config repeat 50
config **.scalar-recording true
config **.vector-recording true
config *.Junc*.junctionMode "\"queue\""
config *.EndNW.spawnInterval exponential(800s)
config *.EndNE.spawnInterval exponential(1200s)
config *.EndEN.spawnInterval exponential(1000s)
config *.EndES.spawnInterval exponential(1500s)
config *.EndSE.spawnInterval exponential(900s)
config *.EndSW.spawnInterval exponential(1100s)
config *.EndWS.spawnInterval exponential(1300s)
config *.EndWN.spawnInterval exponential(1400s)

vector 0 CrossTraffic.JuncNW queueLength:vector ETV
attr interpolationmode sample-hold
attr recordingmode vector
attr source queueLength
attr title "Queue Length"
vector 1 CrossTraffic.JuncNW junctionProcessingTime:vector ETV
attr recordingmode vector
attr source junctionProcessingTime
attr title "Junction Processing Time"
vector 2 CrossTraffic.JuncNW vehicleCount:vector ETV
attr recordingmode vector
attr source vehicleCount
attr title "Vehicle Count"
vector 3 CrossTraffic.JuncNE queueLength:vector ETV
attr interpolationmode sample-hold
attr recordingmode vector
attr source queueLength
attr title "Queue Length"
vector 4 CrossTraffic.JuncNE junctionProcessingTime:vector ETV
attr recordingmode vector
attr source junctionProcessingTime
attr title "Junction Processing Time"
vector 5 CrossTraffic.JuncNE vehicleCount:vector ETV
attr recordingmode vector
attr source vehicleCount
attr title "Vehicle Count"
vector 6 CrossTraffic.JuncSE queueLength:vector ETV
attr interpolationmode sample-hold
attr recordingmode vector
attr source queueLength
attr title "Queue Length"
vector 7 CrossTraffic.JuncSE junctionProcessingTime:vector ETV
attr recordingmode vector
attr source junctionProcessingTime
attr title "Junction Processing Time"
vector 8 CrossTraffic.JuncSE vehicleCount:vector ETV
attr recordingmode vector
attr source vehicleCount
attr title "Vehicle Count"
vector 9 CrossTraffic.JuncSW queueLength:vector ETV
attr interpolationmode sample-hold
attr recordingmode vector
attr source queueLength
attr title "Queue Length"
vector 10 CrossTraffic.JuncSW junctionProcessingTime:vector ETV
attr recordingmode vector
attr source junctionProcessingTime
attr title "Junction Processing Time"
vector 11 CrossTraffic.JuncSW vehicleCount:vector ETV
attr recordingmode vector
attr source vehicleCount
attr title "Vehicle Count"
vector 12 CrossTraffic.EndNW travelTime:vector ETV
attr recordingmode vector
attr source travelTime
attr title "Vehicle Travel Time"
vector 13 CrossTraffic.EndNW junctionTime:vector ETV
attr recordingmode vector
attr source junctionTime
attr title "Total Junction Time per Vehicle"
vector 14 CrossTraffic.EndNW junctionCount:vector ETV
attr recordingmode vector
attr source junctionCount
attr title "Junctions Visited per Vehicle"
vector 15 CrossTraffic.EndNE travelTime:vector ETV
attr recordingmode vector
attr source travelTime
attr title "Vehicle Travel Time"
vector 16 CrossTraffic.EndNE junctionTime:vector ETV
attr recordingmode vector
attr source junctionTime
attr title "Total Junction Time per Vehicle"
vector 17 CrossTraffic.EndNE junctionCount:vector ETV
attr recordingmode vector
attr source junctionCount
attr title "Junctions Visited per Vehicle"
vector 18 CrossTraffic.EndEN travelTime:vector ETV
attr recordingmode vector
attr source travelTime
attr title "Vehicle Travel Time"
vector 19 CrossTraffic.EndEN junctionTime:vector ETV
attr recordingmode vector
attr source junctionTime
attr title "Total Junction Time per Vehicle"
vector 20 CrossTraffic.EndEN junctionCount:vector ETV
attr recordingmode vector
attr source junctionCount
attr title "Junctions Visited per Vehicle"
vector 21 CrossTraffic.EndES travelTime:vector ETV
attr recordingmode vector
attr source travelTime
attr title "Vehicle Travel Time"
vector 22 CrossTraffic.EndES junctionTime:vector ETV
attr recordingmode vector
attr source junctionTime
attr title "Total Junction Time per Vehicle"
vector 23 CrossTraffic.EndES junctionCount:vector ETV
attr recordingmode vector
attr source junctionCount
attr title "Junctions Visited per Vehicle"
vector 24 CrossTraffic.EndSE travelTime:vector ETV
attr recordingmode vector
attr source travelTime
attr title "Vehicle Travel Time"
vector 25 CrossTraffic.EndSE junctionTime:vector ETV
attr recordingmode vector
attr source junctionTime
attr title "Total Junction Time per Vehicle"
vector 26 CrossTraffic.EndSE junctionCount:vector ETV
attr recordingmode vector
attr source junctionCount
attr title "Junctions Visited per Vehicle"
vector 27 CrossTraffic.EndSW travelTime:vector ETV
attr recordingmode vector
attr source travelTime
attr title "Vehicle Travel Time"
vector 28 CrossTraffic.EndSW junctionTime:vector ETV
attr recordingmode vector
attr source junctionTime
attr title "Total Junction Time per Vehicle"
vector 29 CrossTraffic.EndSW junctionCount:vector ETV
attr recordingmode vector
attr source junctionCount
attr title "Junctions Visited per Vehicle"
vector 30 CrossTraffic.EndWS travelTime:vector ETV
attr recordingmode vector
attr source travelTime
attr title "Vehicle Travel Time"
vector 31 CrossTraffic.EndWS junctionTime:vector ETV
attr recordingmode vector
attr source junctionTime
attr title "Total Junction Time per Vehicle"
vector 32 CrossTraffic.EndWS junctionCount:vector ETV
attr recordingmode vector
attr source junctionCount
attr title "Junctions Visited per Vehicle"
vector 33 CrossTraffic.EndWN travelTime:vector ETV
attr recordingmode vector
attr source travelTime
attr title "Vehicle Travel Time"
vector 34 CrossTraffic.EndWN junctionTime:vector ETV
attr recordingmode vector
attr source junctionTime
attr title "Total Junction Time per Vehicle"
vector 35 CrossTraffic.EndWN junctionCount:vector ETV
attr recordingmode vector
attr source junctionCount
attr title "Junctions Visited per Vehicle"
0	109	1010.024847810312	0
0	115	1033.82139616048	0
0	118	1071.902594619024	0
0	137	1226.913149618106	0
0	138	1228.50038557283	0
0	141	1271.464295013744	0
0	164	1690.497759011368	0
0	175	1806.623980408308	0
0	183	1893.746378379189	0
0	186	1941.655083721982	0
0	189	1961.298901474351	0
0	190	1976.141139523852	0
0	201	2089.122592779042	0
0	204	2101.260064791837	0
0	227	2273.416207291813	0
0	229	2278.833714223861	0
0	230	2289.321859594899	0
0	238	2308.901555894574	0
0	247	2393.49808946016	0
0	249	2398.433382087481	0
0	254	2415.811803299723	0
0	279	2608.297202309394	0
0	281	2615.36837462093	0
0	296	2780.615014683174	0
0	303	2852.333666690083	0
0	304	2867.938173714464	0
0	306	2893.419545678968	0
0	317	3003.365830084697	0
0	319	3010.835533365031	0
0	328	3112.304686400611	0
0	332	3163.795036067028	0
0	334	3189.270409295777	0
0	337	3231.616199906427	0
0	368	3773.443760021803	0
0	369	3775.713593886865	0
0	370	3775.921077231327	0
0	391	4032.101490591578	0
0	392	4033.341545035988	0
0	393	4045.218895407363	0
0	397	4099.506214921955	0
0	412	4261.756035929966	0
0	413	4285.464676951415	0
0	415	4337.783863668088	0
0	417	4340.93928685824	0
0	426	4471.541256312521	0
0	435	4594.826683377016	0
0	450	4759.339608259066	0
0	458	4862.31857342384	0
0	460	4883.569296713666	0
0	463	4917.174916842655	0
0	469	5003.045363432627	0
0	471	5018.377558443028	0
0	473	5046.571101779189	0
0	484	5240.579451970364	0
0	492	5382.485117242331	0
0	502	5547.075995583081	0
0	503	5571.002086088963	0
0	505	5578.181849469039	0
0	518	5774.184309937606	0
0	521	5803.165054444845	0
0	534	5992.811138080593	0
0	540	6034.217624394419	0
0	553	6120.018038814976	0
0	559	6181.061038929865	0
0	570	6217.835062994251	0
0	581	6300.041415867849	0
0	596	6401.0333797798	0
0	605	6413.845401712248	0
0	610	6485.625652905359	0
0	617	6507.326263893247	0
0	621	6548.31962573311	0
0	627	6605.277253665498	0
0	640	6759.364903998165	0
0	641	6773.549165187685	0
0	644	6826.914129200362	0
0	651	6944.705423184855	0
0	680	7292.263631314652	0
0	682	7306.68220921243	0
0	683	7310.634354180112	0
0	684	7315.317441886988	0
0	685	7354.101279108653	0
0	686	7365.021222527809	0
0	697	7488.956508821989	0
0	728	7710.398838056955	0
0	734	7772.290568185465	0
0	735	7776.658217283177	0
0	740	7807.456854635509	0
0	743	7838.444886830029	0
0	749	7893.184913173536	0
0	750	7901.74087956981	0
0	751	7903.803419415845	0
0	754	7923.849214805843	0
0	776	8107.171690556761	0
0	785	8198.91716733811	0
0	788	8214.517009605689	0
0	790	8260.601241215038	0
0	802	8370.284525785507	0
0	803	8372.212441368637	0
0	810	8429.232995392062	0
0	820	8501.183147472018	0
0	821	8513.383629441518	0
0	825	8541.506130505925	0
0	829	8564.652054230726	0
0	831	8590.687656426938	0
0	832	8592.744734591601	0
0	852	8827.60096280276	0
0	866	8948.989143720047	0
0	868	8955.50365837698	0
0	873	9017.34869381488	0
0	882	9086.645098892569	0
0	887	9146.670088297187	0
0	894	9163.239630203752	0
0	896	9214.163338919579	0
0	924	9561.518560750699	0
0	927	9583.040406574999	0
0	929	9624.282897655352	0
0	931	9626.294526285419	0
0	943	9759.872559930143	0
0	949	9801.140934324064	0
0	954	9834.517687827508	0
0	962	9898.860463067565	0
0	966	9912.600214719657	0
0	974	9990.579695056739	0
0	978	10013.675874477965	0
0	981	10046.545628696694	0
0	996	10151.926722200465	0
0	998	10177.284808235333	0
0	1006	10352.972291701613	0
0	1012	10420.302089885543	0
0	1030	10671.8063360132	0
0	1035	10723.98338392768	0
0	1041	10774.240173661618	0
0	1043	10784.079270104031	0
0	1046	10808.94243979556	0
0	1057	10905.233214206822	0
0	1064	10956.395476684369	0
0	1085	11076.155673875374	0
0	1090	11102.255732845779	0
0	1099	11145.196304981292	0
0	1106	11199.970197018726	0
0	1111	11211.365443651885	0
0	1115	11231.275131983594	0
0	1116	11237.626665799673	0
0	1117	11245.661249506857	0
0	1124	11297.889232282453	0
0	1125	11301.252820729876	0
0	1132	11319.247890067511	0
0	1140	11390.721029153027	0
0	1162	11590.947759267889	0
0	1164	11612.054207215712	0
0	1172	11737.420282412137	0
0	1174	11793.173169761043	0
0	1189	12045.496996465414	0
0	1191	12065.397875201529	0
0	1203	12189.448738770867	0
0	1204	12191.689840708002	0
0	1226	12364.201296572111	0
0	1237	12423.629077104464	0
0	1240	12443.63785882155	0
0	1244	12480.96948178028	0
0	1245	12484.968160513527	0
0	1251	12510.86632667397	0
0	1256	12574.592288529552	0
0	1262	12606.759254837191	0
0	1280	12751.859020569434	0
0	1283	12792.367414612696	0
0	1287	12819.99150587379	0
0	1298	12939.833885946893	0
0	1300	12960.314057927064	0
0	1301	12985.100756095937	0
0	1319	13264.63870426563	0
0	1325	13315.757990881849	0
0	1328	13362.513050409812	0
0	1352	13604.427522028045	0
0	1354	13612.529556762767	0
0	1359	13657.314037638925	0
0	1365	13713.323584146363	0
0	1370	13751.406077991297	0
0	1381	13885.584177764559	0
0	1388	13953.706486505518	0
0	1409	14148.665542862214	0
0	1414	14206.183111465131	0
0	1426	14264.027566146026	0
0	1430	14337.034824572956	0
0	1432	14350.098148799921	0
0	1435	14357.670358429901	0
0	1438	14394.446472326349	0
0	1443	14455.891641294799	0
0	1452	14535.177490209466	0
0	1463	14583.272913102201	0
0	1469	14655.273168789765	0
0	1473	14673.306570676785	0
0	1476	14691.727887745516	0
0	1477	14734.734481705249	0
0	1483	14784.469845434463	0
0	1497	14954.94037218837	0
0	1511	15121.128938756166	0
0	1514	15140.706312248263	0
0	1522	15191.746958846626	0
0	1526	15229.863069014888	0
0	1527	15236.637222680211	0
0	1529	15258.873419032809	0
0	1540	15329.408523716017	0
0	1547	15371.777926960759	0
0	1553	15403.524450548641	0
0	1560	15441.230772589666	0
0	1564	15453.149529682178	0
0	1569	15489.123109016032	0
0	1570	15489.179091939451	0
0	1571	15494.488550387439	0
0	1576	15531.090009801116	0
0	1577	15532.525205105056	0
0	1582	15548.227285013544	0
0	1608	15683.326854022156	0
0	1614	15714.082373461521	0
0	1617	15738.821062580538	0
0	1626	15794.593602684199	0
0	1627	15796.39724649297	0
0	1638	15871.833968533937	0
0	1644	15943.406911455505	0
0	1654	16043.470673775351	0
0	1679	16275.763710887919	0
0	1697	16451.95401522644	0
0	1705	16496.965907647309	0
0	1706	16535.256228489426	0
0	1707	16537.80524095127	0
0	1711	16555.331116348342	0
0	1714	16575.329384159496	0
0	1722	16653.855051049743	0
0	1726	16665.389281534464	0
0	1729	16682.468056954048	0
0	1733	16749.697120229773	0
0	1737	16760.960279131441	0
0	1740	16773.696437223479	0
0	1769	16999.738856117197	0
0	1788	17219.900590272054	0
0	1793	17284.636572046219	0
0	1796	17291.47707039096	0
0	1807	17390.665844625525	0
0	1816	17439.915107592861	0
0	1820	17486.880922195136	0
0	1826	17506.098755995592	0
0	1827	17506.708905459991	0
0	1829	17535.872922873333	0
0	1844	17651.690510297645	0
0	1848	17697.701060876623	0
0	1852	17746.608902523106	0
0	1864	17851.250273597365	0
0	1867	17871.964080491623	0
0	1869	17913.893447521764	0
0	1890	18159.749726216207	0
0	1894	18211.787642735502	0
0	1898	18250.579842319474	0
0	1914	18371.065872898173	0
0	1918	18413.498843045919	0
0	1927	18473.997544129454	0
0	1936	18538.941730924158	0
0	1937	18548.25710172129	0
0	1938	18562.574367192749	0
0	1948	18637.142797623617	0
0	1970	18900.88818221698	0
0	1971	18906.552311029243	0
0	1972	18929.054663975902	0
0	1975	18994.287231073053	0
0	1985	19174.310464138992	0
0	1992	19285.873529382488	0
0	2002	19420.372948232398	0
0	2014	19621.459996345744	0
0	2037	19924.237011820385	0
1	109	1010.024847810312	3
1	115	1033.82139616048	3
1	118	1071.902594619024	3
1	137	1226.913149618106	3
1	138	1228.50038557283	3
1	141	1271.464295013744	3
1	164	1690.497759011368	3
1	175	1806.623980408308	3
1	183	1893.746378379189	3
1	186	1941.655083721982	3
1	189	1961.298901474351	3
1	190	1976.141139523852	3
1	201	2089.122592779042	3
1	204	2101.260064791837	3
1	227	2273.416207291813	3
1	229	2278.833714223861	3
1	230	2289.321859594899	3
1	238	2308.901555894574	3
1	247	2393.49808946016	3
1	249	2398.433382087481	3
1	254	2415.811803299723	3
1	279	2608.297202309394	3
1	281	2615.36837462093	3
1	296	2780.615014683174	3
1	303	2852.333666690083	3
1	304	2867.938173714464	3
1	306	2893.419545678968	3
1	317	3003.365830084697	3
1	319	3010.835533365031	3
1	328	3112.304686400611	3
1	332	3163.795036067028	3
1	334	3189.270409295777	3
1	337	3231.616199906427	3
1	368	3773.443760021803	3
1	369	3775.713593886865	3
1	370	3775.921077231327	3
1	391	4032.101490591578	3
1	392	4033.341545035988	3
1	393	4045.218895407363	3
1	397	4099.506214921955	3
1	412	4261.756035929966	3
1	413	4285.464676951415	3
1	415	4337.783863668088	3
1	417	4340.93928685824	3
1	426	4471.541256312521	3
1	435	4594.826683377016	3
1	450	4759.339608259066	3
1	458	4862.31857342384	3
1	460	4883.569296713666	3
1	463	4917.174916842655	3
1	469	5003.045363432627	3
1	471	5018.377558443028	3
1	473	5046.571101779189	3
1	484	5240.579451970364	3
1	492	5382.485117242331	3
1	502	5547.075995583081	3
1	503	5571.002086088963	3
1	505	5578.181849469039	3
1	518	5774.184309937606	3
1	521	5803.165054444845	3
1	534	5992.811138080593	3
1	540	6034.217624394419	3
1	553	6120.018038814976	3
1	559	6181.061038929865	3
1	570	6217.835062994251	3
1	581	6300.041415867849	3
1	596	6401.0333797798	3
1	605	6413.845401712248	3
1	610	6485.625652905359	3
1	617	6507.326263893247	3
1	621	6548.31962573311	3
1	627	6605.277253665498	3
1	640	6759.364903998165	3
1	641	6773.549165187685	3
1	644	6826.914129200362	3
1	651	6944.705423184855	3
1	680	7292.263631314652	3
1	682	7306.68220921243	3
1	683	7310.634354180112	3
1	684	7315.317441886988	3
1	685	7354.101279108653	3
1	686	7365.021222527809	3
1	697	7488.956508821989	3
1	728	7710.398838056955	3
1	734	7772.290568185465	3
1	735	7776.658217283177	3
1	740	7807.456854635509	3
1	743	7838.444886830029	3
1	749	7893.184913173536	3
1	750	7901.74087956981	3
1	751	7903.803419415845	3
1	754	7923.849214805843	3
1	776	8107.171690556761	3
1	785	8198.91716733811	3
1	788	8214.517009605689	3
1	790	8260.601241215038	3
1	802	8370.284525785507	3
1	803	8372.212441368637	3
1	810	8429.232995392062	3
1	820	8501.183147472018	3
1	821	8513.383629441518	3
1	825	8541.506130505925	3
1	829	8564.652054230726	3
1	831	8590.687656426938	3
1	832	8592.744734591601	3
1	852	8827.60096280276	3
1	866	8948.989143720047	3
1	868	8955.50365837698	3
1	873	9017.34869381488	3
1	882	9086.645098892569	3
1	887	9146.670088297187	3
1	894	9163.239630203752	3
1	896	9214.163338919579	3
1	924	9561.518560750699	3
1	927	9583.040406574999	3
1	929	9624.282897655352	3
1	931	9626.294526285419	3
1	943	9759.872559930143	3
1	949	9801.140934324064	3
1	954	9834.517687827508	3
1	962	9898.860463067565	3
1	966	9912.600214719657	3
1	974	9990.579695056739	3
1	978	10013.675874477965	3
1	981	10046.545628696694	3
1	996	10151.926722200465	3
1	998	10177.284808235333	3
1	1006	10352.972291701613	3
1	1012	10420.302089885543	3
1	1030	10671.8063360132	3
1	1035	10723.98338392768	3
1	1041	10774.240173661618	3
1	1043	10784.079270104031	3
1	1046	10808.94243979556	3
1	1057	10905.233214206822	3
1	1064	10956.395476684369	3
1	1085	11076.155673875374	3
1	1090	11102.255732845779	3
1	1099	11145.196304981292	3
1	1106	11199.970197018726	3
1	1111	11211.365443651885	3
1	1115	11231.275131983594	3
1	1116	11237.626665799673	3
1	1117	11245.661249506857	3
1	1124	11297.889232282453	3
1	1125	11301.252820729876	3
1	1132	11319.247890067511	3
1	1140	11390.721029153027	3
1	1162	11590.947759267889	3
1	1164	11612.054207215712	3
1	1172	11737.420282412137	3
1	1174	11793.173169761043	3
1	1189	12045.496996465414	3
1	1191	12065.397875201529	3
1	1203	12189.448738770867	3
1	1204	12191.689840708002	3
1	1226	12364.201296572111	3
1	1237	12423.629077104464	3
1	1240	12443.63785882155	3
1	1244	12480.96948178028	3
1	1245	12484.968160513527	3
1	1251	12510.86632667397	3
1	1256	12574.592288529552	3
1	1262	12606.759254837191	3
1	1280	12751.859020569434	3
1	1283	12792.367414612696	3
1	1287	12819.99150587379	3
1	1298	12939.833885946893	3
1	1300	12960.314057927064	3
1	1301	12985.100756095937	3
1	1319	13264.63870426563	3
1	1325	13315.757990881849	3
1	1328	13362.513050409812	3
1	1352	13604.427522028045	3
1	1354	13612.529556762767	3
1	1359	13657.314037638925	3
1	1365	13713.323584146363	3
1	1370	13751.406077991297	3
1	1381	13885.584177764559	3
1	1388	13953.706486505518	3
1	1409	14148.665542862214	3
1	1414	14206.183111465131	3
1	1426	14264.027566146026	3
1	1430	14337.034824572956	3
1	1432	14350.098148799921	3
1	1435	14357.670358429901	3
1	1438	14394.446472326349	3
1	1443	14455.891641294799	3
1	1452	14535.177490209466	3
1	1463	14583.272913102201	3
1	1469	14655.273168789765	3
1	1473	14673.306570676785	3
1	1476	14691.727887745516	3
1	1477	14734.734481705249	3
1	1483	14784.469845434463	3
1	1497	14954.94037218837	3
1	1511	15121.128938756166	3
1	1514	15140.706312248263	3
1	1522	15191.746958846626	3
1	1526	15229.863069014888	3
1	1527	15236.637222680211	3
1	1529	15258.873419032809	3
1	1540	15329.408523716017	3
1	1547	15371.777926960759	3
1	1553	15403.524450548641	3
1	1560	15441.230772589666	3
1	1564	15453.149529682178	3
1	1569	15489.123109016032	3
1	1570	15489.179091939451	3
1	1571	15494.488550387439	3
1	1576	15531.090009801116	3
1	1577	15532.525205105056	3
1	1582	15548.227285013544	3
1	1608	15683.326854022156	3
1	1614	15714.082373461521	3
1	1617	15738.821062580538	3
1	1626	15794.593602684199	3
1	1627	15796.39724649297	3
1	1638	15871.833968533937	3
1	1644	15943.406911455505	3
1	1654	16043.470673775351	3
1	1679	16275.763710887919	3
1	1697	16451.95401522644	3
1	1705	16496.965907647309	3
1	1706	16535.256228489426	3
1	1707	16537.80524095127	3
1	1711	16555.331116348342	3
1	1714	16575.329384159496	3
1	1722	16653.855051049743	3
1	1726	16665.389281534464	3
1	1729	16682.468056954048	3
1	1733	16749.697120229773	3
1	1737	16760.960279131441	3
1	1740	16773.696437223479	3
1	1769	16999.738856117197	3
1	1788	17219.900590272054	3
1	1793	17284.636572046219	3
1	1796	17291.47707039096	3
1	1807	17390.665844625525	3
1	1816	17439.915107592861	3
1	1820	17486.880922195136	3
1	1826	17506.098755995592	3
1	1827	17506.708905459991	3
1	1829	17535.872922873333	3
1	1844	17651.690510297645	3
1	1848	17697.701060876623	3
1	1852	17746.608902523106	3
1	1864	17851.250273597365	3
1	1867	17871.964080491623	3
1	1869	17913.893447521764	3
1	1890	18159.749726216207	3
1	1894	18211.787642735502	3
1	1898	18250.579842319474	3
1	1914	18371.065872898173	3
1	1918	18413.498843045919	3
1	1927	18473.997544129454	3
1	1936	18538.941730924158	3
1	1937	18548.25710172129	3
1	1938	18562.574367192749	3
1	1948	18637.142797623617	3
1	1970	18900.88818221698	3
1	1971	18906.552311029243	3
1	1972	18929.054663975902	3
1	1975	18994.287231073053	3
1	1985	19174.310464138992	3
1	1992	19285.873529382488	3
1	2002	19420.372948232398	3
1	2014	19621.459996345744	3
1	2037	19924.237011820385	3
2	109	1010.024847810312	15076
2	115	1033.82139616048	15081
2	118	1071.902594619024	15083
2	137	1226.913149618106	15086
2	138	1228.50038557283	15084
2	141	1271.464295013744	15082
2	164	1690.497759011368	15089
2	175	1806.623980408308	15093
2	183	1893.746378379189	15096
2	186	1941.655083721982	15090
2	189	1961.298901474351	15097
2	190	1976.141139523852	15091
2	201	2089.122592779042	15098
2	204	2101.260064791837	15092
2	227	2273.416207291813	15104
2	229	2278.833714223861	15099
2	230	2289.321859594899	15106
2	238	2308.901555894574	15101
2	247	2393.49808946016	15111
2	249	2398.433382087481	15100
2	254	2415.811803299723	15102
2	279	2608.297202309394	15112
2	281	2615.36837462093	15113
2	296	2780.615014683174	15114
2	303	2852.333666690083	15119
2	304	2867.938173714464	15120
2	306	2893.419545678968	15121
2	317	3003.365830084697	15116
2	319	3010.835533365031	15117
2	328	3112.304686400611	15122
2	332	3163.795036067028	15125
2	334	3189.270409295777	15126
2	337	3231.616199906427	15123
2	368	3773.443760021803	15129
2	369	3775.713593886865	15130
2	370	3775.921077231327	15133
2	391	4032.101490591578	15137
2	392	4033.341545035988	15139
2	393	4045.218895407363	15138
2	397	4099.506214921955	15134
2	412	4261.756035929966	15140
2	413	4285.464676951415	15143
2	415	4337.783863668088	15141
2	417	4340.93928685824	15145
2	426	4471.541256312521	15146
2	435	4594.826683377016	15147
2	450	4759.339608259066	15152
2	458	4862.31857342384	15151
2	460	4883.569296713666	15154
2	463	4917.174916842655	15155
2	469	5003.045363432627	15153
2	471	5018.377558443028	15150
2	473	5046.571101779189	15156
2	484	5240.579451970364	15158
2	492	5382.485117242331	15160
2	502	5547.075995583081	15163
2	503	5571.002086088963	15161
2	505	5578.181849469039	15162
2	518	5774.184309937606	15166
2	521	5803.165054444845	15165
2	534	5992.811138080593	15168
2	540	6034.217624394419	15167
2	553	6120.018038814976	15169
2	559	6181.061038929865	15170
2	570	6217.835062994251	15171
2	581	6300.041415867849	15176
2	596	6401.0333797798	15184
2	605	6413.845401712248	15180
2	610	6485.625652905359	15182
2	617	6507.326263893247	15177
2	621	6548.31962573311	15185
2	627	6605.277253665498	15189
2	640	6759.364903998165	15192
2	641	6773.549165187685	15193
2	644	6826.914129200362	15194
2	651	6944.705423184855	15196
2	680	7292.263631314652	15197
2	682	7306.68220921243	15204
2	683	7310.634354180112	15201
2	684	7315.317441886988	15205
2	685	7354.101279108653	15199
2	686	7365.021222527809	15200
2	697	7488.956508821989	15206
2	728	7710.398838056955	15210
2	734	7772.290568185465	15213
2	735	7776.658217283177	15215
2	740	7807.456854635509	15214
2	743	7838.444886830029	15217
2	749	7893.184913173536	15218
2	750	7901.74087956981	15208
2	751	7903.803419415845	15209
2	754	7923.849214805843	15211
2	776	8107.171690556761	15224
2	785	8198.91716733811	15220
2	788	8214.517009605689	15221
2	790	8260.601241215038	15222
2	802	8370.284525785507	15223
2	803	8372.212441368637	15226
2	810	8429.232995392062	15225
2	820	8501.183147472018	15227
2	821	8513.383629441518	15228
2	825	8541.506130505925	15231
2	829	8564.652054230726	15234
2	831	8590.687656426938	15229
2	832	8592.744734591601	15235
2	852	8827.60096280276	15236
2	866	8948.989143720047	15240
2	868	8955.50365837698	15237
2	873	9017.34869381488	15238
2	882	9086.645098892569	15241
2	887	9146.670088297187	15239
2	894	9163.239630203752	15246
2	896	9214.163338919579	15247
2	924	9561.518560750699	15248
2	927	9583.040406574999	15250
2	929	9624.282897655352	15252
2	931	9626.294526285419	15251
2	943	9759.872559930143	15253
2	949	9801.140934324064	15254
2	954	9834.517687827508	15259
2	962	9898.860463067565	15257
2	966	9912.600214719657	15262
2	974	9990.579695056739	15255
2	978	10013.675874477965	15261
2	981	10046.545628696694	15263
2	996	10151.926722200465	15265
2	998	10177.284808235333	15268
2	1006	10352.972291701613	15266
2	1012	10420.302089885543	15269
2	1030	10671.8063360132	15274
2	1035	10723.98338392768	15271
2	1041	10774.240173661618	15276
2	1043	10784.079270104031	15277
2	1046	10808.94243979556	15278
2	1057	10905.233214206822	15273
2	1064	10956.395476684369	15280
2	1085	11076.155673875374	15283
2	1090	11102.255732845779	15291
2	1099	11145.196304981292	15293
2	1106	11199.970197018726	15290
2	1111	11211.365443651885	15281
2	1115	11231.275131983594	15282
2	1116	11237.626665799673	15285
2	1117	11245.661249506857	15286
2	1124	11297.889232282453	15289
2	1125	11301.252820729876	15294
2	1132	11319.247890067511	15292
2	1140	11390.721029153027	15298
2	1162	11590.947759267889	15297
2	1164	11612.054207215712	15295
2	1172	11737.420282412137	15302
2	1174	11793.173169761043	15301
2	1189	12045.496996465414	15307
2	1191	12065.397875201529	15308
2	1203	12189.448738770867	15304
2	1204	12191.689840708002	15309
2	1226	12364.201296572111	15311
2	1237	12423.629077104464	15318
2	1240	12443.63785882155	15319
2	1244	12480.96948178028	15320
2	1245	12484.968160513527	15312
2	1251	12510.86632667397	15317
2	1256	12574.592288529552	15313
2	1262	12606.759254837191	15321
2	1280	12751.859020569434	15327
2	1283	12792.367414612696	15323
2	1287	12819.99150587379	15322
2	1298	12939.833885946893	15326
2	1300	12960.314057927064	15328
2	1301	12985.100756095937	15330
2	1319	13264.63870426563	15333
2	1325	13315.757990881849	15335
2	1328	13362.513050409812	15332
2	1352	13604.427522028045	15337
2	1354	13612.529556762767	15338
2	1359	13657.314037638925	15339
2	1365	13713.323584146363	15341
2	1370	13751.406077991297	15343
2	1381	13885.584177764559	15347
2	1388	13953.706486505518	15346
2	1409	14148.665542862214	15351
2	1414	14206.183111465131	15349
2	1426	14264.027566146026	15348
2	1430	14337.034824572956	15358
2	1432	14350.098148799921	15356
2	1435	14357.670358429901	15354
2	1438	14394.446472326349	15357
2	1443	14455.891641294799	15360
2	1452	14535.177490209466	15355
2	1463	14583.272913102201	15362
2	1469	14655.273168789765	15366
2	1473	14673.306570676785	15368
2	1476	14691.727887745516	15363
2	1477	14734.734481705249	15364
2	1483	14784.469845434463	15369
2	1497	14954.94037218837	15370
2	1511	15121.128938756166	15371
2	1514	15140.706312248263	15374
2	1522	15191.746958846626	15378
2	1526	15229.863069014888	15379
2	1527	15236.637222680211	15380
2	1529	15258.873419032809	15375
2	1540	15329.408523716017	15383
2	1547	15371.777926960759	15381
2	1553	15403.524450548641	15384
2	1560	15441.230772589666	15386
2	1564	15453.149529682178	15387
2	1569	15489.123109016032	15376
2	1570	15489.179091939451	15377
2	1571	15494.488550387439	15389
2	1576	15531.090009801116	15382
2	1577	15532.525205105056	15391
2	1582	15548.227285013544	15392
2	1608	15683.326854022156	15393
2	1614	15714.082373461521	15390
2	1617	15738.821062580538	15394
2	1626	15794.593602684199	15388
2	1627	15796.39724649297	15401
2	1638	15871.833968533937	15400
2	1644	15943.406911455505	15396
2	1654	16043.470673775351	15402
2	1679	16275.763710887919	15407
2	1697	16451.95401522644	15411
2	1705	16496.965907647309	15410
2	1706	16535.256228489426	15414
2	1707	16537.80524095127	15412
2	1711	16555.331116348342	15415
2	1714	16575.329384159496	15417
2	1722	16653.855051049743	15419
2	1726	16665.389281534464	15420
2	1729	16682.468056954048	15418
2	1733	16749.697120229773	15421
2	1737	16760.960279131441	15423
2	1740	16773.696437223479	15416
2	1769	16999.738856117197	15425
2	1788	17219.900590272054	15430
2	1793	17284.636572046219	15431
2	1796	17291.47707039096	15428
2	1807	17390.665844625525	15432
2	1816	17439.915107592861	15437
2	1820	17486.880922195136	15436
2	1826	17506.098755995592	15433
2	1827	17506.708905459991	15434
2	1829	17535.872922873333	15441
2	1844	17651.690510297645	15438
2	1848	17697.701060876623	15440
2	1852	17746.608902523106	15445
2	1864	17851.250273597365	15447
2	1867	17871.964080491623	15442
2	1869	17913.893447521764	15443
2	1890	18159.749726216207	15451
2	1894	18211.787642735502	15449
2	1898	18250.579842319474	15456
2	1914	18371.065872898173	15460
2	1918	18413.498843045919	15453
2	1927	18473.997544129454	15464
2	1936	18538.941730924158	15462
2	1937	18548.25710172129	15463
2	1938	18562.574367192749	15457
2	1948	18637.142797623617	15467
2	1970	18900.88818221698	15468
2	1971	18906.552311029243	15469
2	1972	18929.054663975902	15466
2	1975	18994.287231073053	15470
2	1985	19174.310464138992	15473
2	1992	19285.873529382488	15471
2	2002	19420.372948232398	15474
2	2014	19621.459996345744	15479
2	2037	19924.237011820385	15483
3	107	1004.982412285476	0
3	119	1073.170793903947	0
3	120	1085.080040700297	0
3	121	1085.238580082566	0
3	123	1113.024847810312	0
3	127	1136.82139616048	0
3	128	1163.496213127816	0
3	130	1174.902594619024	0
3	145	1312.381096939322	0
3	146	1329.913149618106	0
3	158	1544.609734010612	0
3	172	1792.260064791837	0
3	177	1839.795824587007	0
3	179	1857.765960287728	0
3	185	1909.623980408308	0
3	192	1996.746378379189	0
3	195	2044.655083721982	0
3	198	2064.298901474351	0
3	217	2192.122592779042	0
3	225	2239.753964091896	0
3	228	2275.077942967954	0
3	240	2331.682132073101	0
3	242	2357.804099820935	0
3	245	2381.833714223861	0
3	246	2392.321859594899	0
3	252	2411.901555894574	0
3	262	2496.49808946016	0
3	268	2518.811803299723	0
3	287	2694.365830084697	0
3	288	2701.835533365031	0
3	290	2708.339930351877	0
3	291	2711.297202309394	0
3	313	2955.333666690083	0
3	315	2970.938173714464	0
3	316	2996.419545678968	0
3	335	3215.304686400611	0
3	339	3266.795036067028	0
3	341	3317.347637826628	0
3	349	3464.443760021803	0
3	358	3648.367894372588	0
3	365	3718.938833499941	0
3	371	3790.506214921955	0
3	372	3799.947454988404	0
3	375	3832.750100074475	0
3	380	3878.921077231327	0
3	399	4135.101490591578	0
3	401	4148.218895407363	0
3	421	4388.464676951415	0
3	425	4443.93928685824	0
3	436	4601.171486265893	0
3	438	4619.51213316792	0
3	446	4709.377558443028	0
3	459	4862.339608259066	0
3	466	4965.31857342384	0
3	472	5020.174916842655	0
3	476	5106.045363432627	0
3	480	5149.571101779189	0
3	487	5308.738529513675	0
3	489	5343.579451970364	0
3	498	5485.485117242331	0
3	507	5592.296767615109	0
3	510	5650.075995583081	0
3	516	5725.217624394419	0
3	529	5906.165054444845	0
3	544	6095.388578712476	0
3	545	6095.811138080593	0
3	546	6096.656557600523	0
3	556	6158.291760773458	0
3	557	6170.315391103499	0
3	563	6198.326263893247	0
3	567	6201.412721964456	0
3	579	6293.674626301888	0
3	598	6403.041415867849	0
3	603	6409.332947831977	0
3	614	6503.547020217478	0
3	625	6588.625652905359	0
3	632	6651.31962573311	0
3	636	6708.277253665498	0
3	646	6862.364903998165	0
3	647	6876.549165187685	0
3	650	6929.914129200362	0
3	654	6983.263631314652	0
3	658	7047.705423184855	0
3	679	7289.89835009228	0
3	691	7409.68220921243	0
3	694	7418.317441886988	0
3	695	7457.101279108653	0
3	696	7468.021222527809	0
3	703	7511.782092759976	0
3	711	7591.956508821989	0
3	712	7592.74087956981	0
3	713	7594.803419415845	0
3	718	7614.849214805843	0
3	720	7629.960661389958	0
3	745	7875.290568185465	0
3	746	7879.658217283177	0
3	753	7910.456854635509	0
3	757	7961.159638710214	0
3	772	8061.284525785507	0
3	779	8120.232995392062	0
3	787	8210.171690556761	0
3	795	8301.91716733811	0
3	798	8317.517009605689	0
3	813	8446.656637687235	0
3	817	8475.212441368637	0
3	826	8543.940266741702	0
3	828	8559.431031930038	0
3	836	8644.506130505925	0
3	840	8667.652054230726	0
3	842	8693.687656426938	0
3	843	8695.744734591601	0
3	864	8930.60096280276	0
3	871	8991.76356437402	0
3	874	9028.04132242646	0
3	877	9051.989143720047	0
3	879	9055.273833678485	0
3	880	9058.50365837698	0
3	885	9120.34869381488	0
3	900	9252.518560750699	0
3	901	9255.35101901927	0
3	905	9266.239630203752	0
3	906	9317.163338919579	0
3	935	9686.040406574999	0
3	941	9729.294526285419	0
3	946	9786.305251622474	0
3	950	9803.486967716072	0
3	957	9862.872559930143	0
3	968	9937.517687827508	0
3	970	9943.988296175695	0
3	979	10015.600214719657	0
3	994	10149.545628696694	0
3	997	10174.014545583701	0
3	1002	10254.926722200465	0
3	1004	10280.284808235333	0
3	1014	10455.972291701613	0
3	1020	10523.302089885543	0
3	1025	10596.233214206822	0
3	1042	10774.8063360132	0
3	1048	10824.172137923667	0
3	1053	10877.240173661618	0
3	1056	10902.365443651885	0
3	1059	10911.94243979556	0
3	1060	10922.275131983594	0
3	1075	11011.109412498673	0
3	1083	11059.395476684369	0
3	1102	11179.155673875374	0
3	1109	11205.255732845779	0
3	1118	11248.196304981292	0
3	1126	11302.970197018726	0
3	1127	11303.054207215712	0
3	1128	11306.917188964805	0
3	1135	11340.626665799673	0
3	1136	11348.661249506857	0
3	1142	11404.252820729876	0
3	1146	11413.985507615384	0
3	1147	11422.247890067511	0
3	1150	11480.904795998768	0
3	1153	11493.721029153027	0
3	1187	12019.697411262906	0
3	1197	12141.072403536424	0
3	1198	12148.496996465414	0
3	1201	12168.397875201529	0
3	1202	12175.968160513527	0
3	1212	12265.592288529552	0
3	1215	12292.448738770867	0
3	1216	12294.689840708002	0
3	1219	12321.714152901321	0
3	1252	12510.99150587379	0
3	1253	12526.629077104464	0
3	1255	12546.63785882155	0
3	1257	12583.96948178028	0
3	1260	12601.771417429107	0
3	1275	12709.759254837191	0
3	1302	13011.778072145161	0
3	1304	13053.513050409812	0
3	1306	13063.314057927064	0
3	1307	13088.100756095937	0
3	1315	13198.04775874498	0
3	1330	13371.737319743992	0
3	1339	13453.946596912068	0
3	1363	13697.560368719961	0
3	1366	13715.529556762767	0
3	1367	13742.180447875043	0
3	1371	13760.314037638925	0
3	1374	13816.323584146363	0
3	1378	13854.406077991297	0
3	1390	13955.027566146026	0
3	1392	13988.584177764559	0
3	1395	14032.177263545699	0
3	1415	14226.177490209466	0
3	1421	14251.665542862214	0
3	1431	14344.332833743099	0
3	1436	14358.093682042487	0
3	1440	14440.034824572956	0
3	1442	14453.098148799921	0
3	1445	14460.670358429901	0
3	1466	14633.191898894715	0
3	1475	14686.272913102201	0
3	1480	14758.273168789765	0
3	1486	14837.734481705249	0
3	1503	15054.885847915249	0
3	1505	15057.94037218837	0
3	1520	15180.123109016032	0
3	1521	15180.179091939451	0
3	1523	15224.128938756166	0
3	1528	15243.706312248263	0
3	1535	15294.746958846626	0
3	1542	15339.637222680211	0
3	1546	15361.873419032809	0
3	1555	15419.118932125439	0
3	1558	15432.408523716017	0
3	1566	15474.777926960759	0
3	1568	15485.593602684199	0
3	1573	15506.524450548641	0
3	1580	15544.230772589666	0
3	1584	15556.149529682178	0
3	1591	15597.488550387439	0
3	1602	15651.227285013544	0
3	1610	15694.85540662923	0
3	1621	15764.280664755625	0
3	1622	15766.495323648848	0
3	1623	15767.031705455246	0
3	1625	15786.326854022156	0
3	1631	15817.082373461521	0
3	1633	15841.821062580538	0
3	1641	15899.39724649297	0
3	1649	15974.833968533937	0
3	1664	16114.996521540663	0
3	1665	16129.121783410609	0
3	1666	16146.470673775351	0
3	1678	16266.333792057279	0
3	1690	16378.763710887919	0
3	1696	16444.232774109166	0
3	1718	16638.256228489426	0
3	1719	16640.80524095127	0
3	1723	16658.331116348342	0
3	1728	16678.329384159496	0
3	1735	16756.855051049743	0
3	1736	16759.995953513279	0
3	1739	16768.389281534464	0
3	1743	16785.468056954048	0
3	1747	16852.697120229773	0
3	1750	16863.960279131441	0
3	1754	16876.696437223479	0
3	1759	16914.012080436622	0
3	1765	16972.012039194221	0
3	1776	17102.738856117197	0
3	1800	17322.900590272054	0
3	1806	17387.636572046219	0
3	1810	17394.47707039096	0
3	1819	17484.452151695879	0
3	1834	17562.964080491623	0
3	1838	17604.893447521764	0
3	1841	17613.905779643923	0
3	1842	17638.872922873333	0
3	1845	17658.36926555639	0
3	1863	17849.608902523106	0
3	1868	17902.787642735502	0
3	1874	17954.250273597365	0
3	1895	18217.677366510684	0
3	1896	18222.054387944226	0
3	1899	18253.574367192749	0
3	1902	18270.476198229356	0
3	1911	18353.579842319474	0
3	1917	18411.48151985531	0
3	1928	18474.065872898173	0
3	1939	18567.29813789864	0
3	1941	18576.997544129454	0
3	1947	18620.054663975902	0
3	1949	18641.941730924158	0
3	1950	18651.25710172129	0
3	1976	19003.88818221698	0
3	1981	19090.884176915555	0
3	1982	19097.287231073053	0
3	1991	19277.310464138992	0
3	1994	19314.332776660412	0
3	2008	19523.372948232398	0
3	2009	19560.691347181949	0
3	2022	19724.459996345744	0
3	2023	19760.033646191203	0
3	2034	19878.50469888964	0
4	107	1004.982412285476	3
4	119	1073.170793903947	3
4	120	1085.080040700297	3
4	121	1085.238580082566	3
4	123	1113.024847810312	3
4	127	1136.82139616048	3
4	128	1163.496213127816	3
4	130	1174.902594619024	3
4	145	1312.381096939322	3
4	146	1329.913149618106	3
4	158	1544.609734010612	3
4	172	1792.260064791837	3
4	177	1839.795824587007	3
4	179	1857.765960287728	3
4	185	1909.623980408308	3
4	192	1996.746378379189	3
4	195	2044.655083721982	3
4	198	2064.298901474351	3
4	217	2192.122592779042	3
4	225	2239.753964091896	3
4	228	2275.077942967954	3
4	240	2331.682132073101	3
4	242	2357.804099820935	3
4	245	2381.833714223861	3
4	246	2392.321859594899	3
4	252	2411.901555894574	3
4	262	2496.49808946016	3
4	268	2518.811803299723	3
4	287	2694.365830084697	3
4	288	2701.835533365031	3
4	290	2708.339930351877	3
4	291	2711.297202309394	3
4	313	2955.333666690083	3
4	315	2970.938173714464	3
4	316	2996.419545678968	3
4	335	3215.304686400611	3
4	339	3266.795036067028	3
4	341	3317.347637826628	3
4	349	3464.443760021803	3
4	358	3648.367894372588	3
4	365	3718.938833499941	3
4	371	3790.506214921955	3
4	372	3799.947454988404	3
4	375	3832.750100074475	3
4	380	3878.921077231327	3
4	399	4135.101490591578	3
4	401	4148.218895407363	3
4	421	4388.464676951415	3
4	425	4443.93928685824	3
4	436	4601.171486265893	3
4	438	4619.51213316792	3
4	446	4709.377558443028	3
4	459	4862.339608259066	3
4	466	4965.31857342384	3
4	472	5020.174916842655	3
4	476	5106.045363432627	3
4	480	5149.571101779189	3
4	487	5308.738529513675	3
4	489	5343.579451970364	3
4	498	5485.485117242331	3
4	507	5592.296767615109	3
4	510	5650.075995583081	3
4	516	5725.217624394419	3
4	529	5906.165054444845	3
4	544	6095.388578712476	3
4	545	6095.811138080593	3
4	546	6096.656557600523	3
4	556	6158.291760773458	3
4	557	6170.315391103499	3
4	563	6198.326263893247	3
4	567	6201.412721964456	3
4	579	6293.674626301888	3
4	598	6403.041415867849	3
4	603	6409.332947831977	3
4	614	6503.547020217478	3
4	625	6588.625652905359	3
4	632	6651.31962573311	3
4	636	6708.277253665498	3
4	646	6862.364903998165	3
4	647	6876.549165187685	3
4	650	6929.914129200362	3
4	654	6983.263631314652	3
4	658	7047.705423184855	3
4	679	7289.89835009228	3
4	691	7409.68220921243	3
4	694	7418.317441886988	3
4	695	7457.101279108653	3
4	696	7468.021222527809	3
4	703	7511.782092759976	3
4	711	7591.956508821989	3
4	712	7592.74087956981	3
4	713	7594.803419415845	3
4	718	7614.849214805843	3
4	720	7629.960661389958	3
4	745	7875.290568185465	3
4	746	7879.658217283177	3
4	753	7910.456854635509	3
4	757	7961.159638710214	3
4	772	8061.284525785507	3
4	779	8120.232995392062	3
4	787	8210.171690556761	3
4	795	8301.91716733811	3
4	798	8317.517009605689	3
4	813	8446.656637687235	3
4	817	8475.212441368637	3
4	826	8543.940266741702	3
4	828	8559.431031930038	3
4	836	8644.506130505925	3
4	840	8667.652054230726	3
4	842	8693.687656426938	3
4	843	8695.744734591601	3
4	864	8930.60096280276	3
4	871	8991.76356437402	3
4	874	9028.04132242646	3
4	877	9051.989143720047	3
4	879	9055.273833678485	3
4	880	9058.50365837698	3
4	885	9120.34869381488	3
4	900	9252.518560750699	3
4	901	9255.35101901927	3
4	905	9266.239630203752	3
4	906	9317.163338919579	3
4	935	9686.040406574999	3
4	941	9729.294526285419	3
4	946	9786.305251622474	3
4	950	9803.486967716072	3
4	957	9862.872559930143	3
4	968	9937.517687827508	3
4	970	9943.988296175695	3
4	979	10015.600214719657	3
4	994	10149.545628696694	3
4	997	10174.014545583701	3
4	1002	10254.926722200465	3
4	1004	10280.284808235333	3
4	1014	10455.972291701613	3
4	1020	10523.302089885543	3
4	1025	10596.233214206822	3
4	1042	10774.8063360132	3
4	1048	10824.172137923667	3
4	1053	10877.240173661618	3
4	1056	10902.365443651885	3
4	1059	10911.94243979556	3
4	1060	10922.275131983594	3
4	1075	11011.109412498673	3
4	1083	11059.395476684369	3
4	1102	11179.155673875374	3
4	1109	11205.255732845779	3
4	1118	11248.196304981292	3
4	1126	11302.970197018726	3
4	1127	11303.054207215712	3
4	1128	11306.917188964805	3
4	1135	11340.626665799673	3
4	1136	11348.661249506857	3
4	1142	11404.252820729876	3
4	1146	11413.985507615384	3
4	1147	11422.247890067511	3
4	1150	11480.904795998768	3
4	1153	11493.721029153027	3
4	1187	12019.697411262906	3
4	1197	12141.072403536424	3
4	1198	12148.496996465414	3
4	1201	12168.397875201529	3
4	1202	12175.968160513527	3
4	1212	12265.592288529552	3
4	1215	12292.448738770867	3
4	1216	12294.689840708002	3
4	1219	12321.714152901321	3
4	1252	12510.99150587379	3
4	1253	12526.629077104464	3
4	1255	12546.63785882155	3
4	1257	12583.96948178028	3
4	1260	12601.771417429107	3
4	1275	12709.759254837191	3
4	1302	13011.778072145161	3
4	1304	13053.513050409812	3
4	1306	13063.314057927064	3
4	1307	13088.100756095937	3
4	1315	13198.04775874498	3
4	1330	13371.737319743992	3
4	1339	13453.946596912068	3
4	1363	13697.560368719961	3
4	1366	13715.529556762767	3
4	1367	13742.180447875043	3
4	1371	13760.314037638925	3
4	1374	13816.323584146363	3
4	1378	13854.406077991297	3
4	1390	13955.027566146026	3
4	1392	13988.584177764559	3
4	1395	14032.177263545699	3
4	1415	14226.177490209466	3
4	1421	14251.665542862214	3
4	1431	14344.332833743099	3
4	1436	14358.093682042487	3
4	1440	14440.034824572956	3
4	1442	14453.098148799921	3
4	1445	14460.670358429901	3
4	1466	14633.191898894715	3
4	1475	14686.272913102201	3
4	1480	14758.273168789765	3
4	1486	14837.734481705249	3
4	1503	15054.885847915249	3
4	1505	15057.94037218837	3
4	1520	15180.123109016032	3
4	1521	15180.179091939451	3
4	1523	15224.128938756166	3
4	1528	15243.706312248263	3
4	1535	15294.746958846626	3
4	1542	15339.637222680211	3
4	1546	15361.873419032809	3
4	1555	15419.118932125439	3
4	1558	15432.408523716017	3
4	1566	15474.777926960759	3
4	1568	15485.593602684199	3
4	1573	15506.524450548641	3
4	1580	15544.230772589666	3
4	1584	15556.149529682178	3
4	1591	15597.488550387439	3
4	1602	15651.227285013544	3
4	1610	15694.85540662923	3
4	1621	15764.280664755625	3
4	1622	15766.495323648848	3
4	1623	15767.031705455246	3
4	1625	15786.326854022156	3
4	1631	15817.082373461521	3
4	1633	15841.821062580538	3
4	1641	15899.39724649297	3
4	1649	15974.833968533937	3
4	1664	16114.996521540663	3
4	1665	16129.121783410609	3
4	1666	16146.470673775351	3
4	1678	16266.333792057279	3
4	1690	16378.763710887919	3
4	1696	16444.232774109166	3
4	1718	16638.256228489426	3
4	1719	16640.80524095127	3
4	1723	16658.331116348342	3
4	1728	16678.329384159496	3
4	1735	16756.855051049743	3
4	1736	16759.995953513279	3
4	1739	16768.389281534464	3
4	1743	16785.468056954048	3
4	1747	16852.697120229773	3
4	1750	16863.960279131441	3
4	1754	16876.696437223479	3
4	1759	16914.012080436622	3
4	1765	16972.012039194221	3
4	1776	17102.738856117197	3
4	1800	17322.900590272054	3
4	1806	17387.636572046219	3
4	1810	17394.47707039096	3
4	1819	17484.452151695879	3
4	1834	17562.964080491623	3
4	1838	17604.893447521764	3
4	1841	17613.905779643923	3
4	1842	17638.872922873333	3
4	1845	17658.36926555639	3
4	1863	17849.608902523106	3
4	1868	17902.787642735502	3
4	1874	17954.250273597365	3
4	1895	18217.677366510684	3
4	1896	18222.054387944226	3
4	1899	18253.574367192749	3
4	1902	18270.476198229356	3
4	1911	18353.579842319474	3
4	1917	18411.48151985531	3
4	1928	18474.065872898173	3
4	1939	18567.29813789864	3
4	1941	18576.997544129454	3
4	1947	18620.054663975902	3
4	1949	18641.941730924158	3
4	1950	18651.25710172129	3
4	1976	19003.88818221698	3
4	1981	19090.884176915555	3
4	1982	19097.287231073053	3
4	1991	19277.310464138992	3
4	1994	19314.332776660412	3
4	2008	19523.372948232398	3
4	2009	19560.691347181949	3
4	2022	19724.459996345744	3
4	2023	19760.033646191203	3
4	2034	19878.50469888964	3
5	107	1004.982412285476	15075
5	119	1073.170793903947	15079
5	120	1085.080040700297	15074
5	121	1085.238580082566	15080
5	123	1113.024847810312	15076
5	127	1136.82139616048	15081
5	128	1163.496213127816	15085
5	130	1174.902594619024	15083
5	145	1312.381096939322	15087
5	146	1329.913149618106	15086
5	158	1544.609734010612	15088
5	172	1792.260064791837	15092
5	177	1839.795824587007	15094
5	179	1857.765960287728	15095
5	185	1909.623980408308	15093
5	192	1996.746378379189	15096
5	195	2044.655083721982	15090
5	198	2064.298901474351	15097
5	217	2192.122592779042	15098
5	225	2239.753964091896	15103
5	228	2275.077942967954	15105
5	240	2331.682132073101	15109
5	242	2357.804099820935	15110
5	245	2381.833714223861	15099
5	246	2392.321859594899	15106
5	252	2411.901555894574	15101
5	262	2496.49808946016	15111
5	268	2518.811803299723	15102
5	287	2694.365830084697	15116
5	288	2701.835533365031	15117
5	290	2708.339930351877	15118
5	291	2711.297202309394	15112
5	313	2955.333666690083	15119
5	315	2970.938173714464	15120
5	316	2996.419545678968	15121
5	335	3215.304686400611	15122
5	339	3266.795036067028	15125
5	341	3317.347637826628	15127
5	349	3464.443760021803	15129
5	358	3648.367894372588	15131
5	365	3718.938833499941	15132
5	371	3790.506214921955	15134
5	372	3799.947454988404	15135
5	375	3832.750100074475	15136
5	380	3878.921077231327	15133
5	399	4135.101490591578	15137
5	401	4148.218895407363	15138
5	421	4388.464676951415	15143
5	425	4443.93928685824	15145
5	436	4601.171486265893	15148
5	438	4619.51213316792	15149
5	446	4709.377558443028	15150
5	459	4862.339608259066	15152
5	466	4965.31857342384	15151
5	472	5020.174916842655	15155
5	476	5106.045363432627	15153
5	480	5149.571101779189	15156
5	487	5308.738529513675	15159
5	489	5343.579451970364	15158
5	498	5485.485117242331	15160
5	507	5592.296767615109	15164
5	510	5650.075995583081	15163
5	516	5725.217624394419	15167
5	529	5906.165054444845	15165
5	544	6095.388578712476	15172
5	545	6095.811138080593	15168
5	546	6096.656557600523	15173
5	556	6158.291760773458	15174
5	557	6170.315391103499	15175
5	563	6198.326263893247	15177
5	567	6201.412721964456	15178
5	579	6293.674626301888	15183
5	598	6403.041415867849	15176
5	603	6409.332947831977	15187
5	614	6503.547020217478	15190
5	625	6588.625652905359	15182
5	632	6651.31962573311	15185
5	636	6708.277253665498	15189
5	646	6862.364903998165	15192
5	647	6876.549165187685	15193
5	650	6929.914129200362	15194
5	654	6983.263631314652	15197
5	658	7047.705423184855	15196
5	679	7289.89835009228	15203
5	691	7409.68220921243	15204
5	694	7418.317441886988	15205
5	695	7457.101279108653	15199
5	696	7468.021222527809	15200
5	703	7511.782092759976	15207
5	711	7591.956508821989	15206
5	712	7592.74087956981	15208
5	713	7594.803419415845	15209
5	718	7614.849214805843	15211
5	720	7629.960661389958	15212
5	745	7875.290568185465	15213
5	746	7879.658217283177	15215
5	753	7910.456854635509	15214
5	757	7961.159638710214	15219
5	772	8061.284525785507	15223
5	779	8120.232995392062	15225
5	787	8210.171690556761	15224
5	795	8301.91716733811	15220
5	798	8317.517009605689	15221
5	813	8446.656637687235	15230
5	817	8475.212441368637	15226
5	826	8543.940266741702	15232
5	828	8559.431031930038	15233
5	836	8644.506130505925	15231
5	840	8667.652054230726	15234
5	842	8693.687656426938	15229
5	843	8695.744734591601	15235
5	864	8930.60096280276	15236
5	871	8991.76356437402	15242
5	874	9028.04132242646	15243
5	877	9051.989143720047	15240
5	879	9055.273833678485	15244
5	880	9058.50365837698	15237
5	885	9120.34869381488	15238
5	900	9252.518560750699	15248
5	901	9255.35101901927	15249
5	905	9266.239630203752	15246
5	906	9317.163338919579	15247
5	935	9686.040406574999	15250
5	941	9729.294526285419	15251
5	946	9786.305251622474	15256
5	950	9803.486967716072	15258
5	957	9862.872559930143	15253
5	968	9937.517687827508	15259
5	970	9943.988296175695	15264
5	979	10015.600214719657	15262
5	994	10149.545628696694	15263
5	997	10174.014545583701	15267
5	1002	10254.926722200465	15265
5	1004	10280.284808235333	15268
5	1014	10455.972291701613	15266
5	1020	10523.302089885543	15269
5	1025	10596.233214206822	15273
5	1042	10774.8063360132	15274
5	1048	10824.172137923667	15279
5	1053	10877.240173661618	15276
5	1056	10902.365443651885	15281
5	1059	10911.94243979556	15278
5	1060	10922.275131983594	15282
5	1075	11011.109412498673	15284
5	1083	11059.395476684369	15280
5	1102	11179.155673875374	15283
5	1109	11205.255732845779	15291
5	1118	11248.196304981292	15293
5	1126	11302.970197018726	15290
5	1127	11303.054207215712	15295
5	1128	11306.917188964805	15296
5	1135	11340.626665799673	15285
5	1136	11348.661249506857	15286
5	1142	11404.252820729876	15294
5	1146	11413.985507615384	15299
5	1147	11422.247890067511	15292
5	1150	11480.904795998768	15300
5	1153	11493.721029153027	15298
5	1187	12019.697411262906	15306
5	1197	12141.072403536424	15310
5	1198	12148.496996465414	15307
5	1201	12168.397875201529	15308
5	1202	12175.968160513527	15312
5	1212	12265.592288529552	15313
5	1215	12292.448738770867	15304
5	1216	12294.689840708002	15309
5	1219	12321.714152901321	15315
5	1252	12510.99150587379	15322
5	1253	12526.629077104464	15318
5	1255	12546.63785882155	15319
5	1257	12583.96948178028	15320
5	1260	12601.771417429107	15324
5	1275	12709.759254837191	15321
5	1302	13011.778072145161	15331
5	1304	13053.513050409812	15332
5	1306	13063.314057927064	15328
5	1307	13088.100756095937	15330
5	1315	13198.04775874498	15334
5	1330	13371.737319743992	15336
5	1339	13453.946596912068	15340
5	1363	13697.560368719961	15344
5	1366	13715.529556762767	15338
5	1367	13742.180447875043	15345
5	1371	13760.314037638925	15339
5	1374	13816.323584146363	15341
5	1378	13854.406077991297	15343
5	1390	13955.027566146026	15348
5	1392	13988.584177764559	15347
5	1395	14032.177263545699	15350
5	1415	14226.177490209466	15355
5	1421	14251.665542862214	15351
5	1431	14344.332833743099	15359
5	1436	14358.093682042487	15361
5	1440	14440.034824572956	15358
5	1442	14453.098148799921	15356
5	1445	14460.670358429901	15354
5	1466	14633.191898894715	15365
5	1475	14686.272913102201	15362
5	1480	14758.273168789765	15366
5	1486	14837.734481705249	15364
5	1503	15054.885847915249	15372
5	1505	15057.94037218837	15370
5	1520	15180.123109016032	15376
5	1521	15180.179091939451	15377
5	1523	15224.128938756166	15371
5	1528	15243.706312248263	15374
5	1535	15294.746958846626	15378
5	1542	15339.637222680211	15380
5	1546	15361.873419032809	15375
5	1555	15419.118932125439	15385
5	1558	15432.408523716017	15383
5	1566	15474.777926960759	15381
5	1568	15485.593602684199	15388
5	1573	15506.524450548641	15384
5	1580	15544.230772589666	15386
5	1584	15556.149529682178	15387
5	1591	15597.488550387439	15389
5	1602	15651.227285013544	15392
5	1610	15694.85540662923	15395
5	1621	15764.280664755625	15397
5	1622	15766.495323648848	15398
5	1623	15767.031705455246	15399
5	1625	15786.326854022156	15393
5	1631	15817.082373461521	15390
5	1633	15841.821062580538	15394
5	1641	15899.39724649297	15401
5	1649	15974.833968533937	15400
5	1664	16114.996521540663	15404
5	1665	16129.121783410609	15405
5	1666	16146.470673775351	15402
5	1678	16266.333792057279	15409
5	1690	16378.763710887919	15407
5	1696	16444.232774109166	15413
5	1718	16638.256228489426	15414
5	1719	16640.80524095127	15412
5	1723	16658.331116348342	15415
5	1728	16678.329384159496	15417
5	1735	16756.855051049743	15419
5	1736	16759.995953513279	15422
5	1739	16768.389281534464	15420
5	1743	16785.468056954048	15418
5	1747	16852.697120229773	15421
5	1750	16863.960279131441	15423
5	1754	16876.696437223479	15416
5	1759	16914.012080436622	15426
5	1765	16972.012039194221	15427
5	1776	17102.738856117197	15425
5	1800	17322.900590272054	15430
5	1806	17387.636572046219	15431
5	1810	17394.47707039096	15428
5	1819	17484.452151695879	15439
5	1834	17562.964080491623	15442
5	1838	17604.893447521764	15443
5	1841	17613.905779643923	15444
5	1842	17638.872922873333	15441
5	1845	17658.36926555639	15446
5	1863	17849.608902523106	15445
5	1868	17902.787642735502	15449
5	1874	17954.250273597365	15447
5	1895	18217.677366510684	15454
5	1896	18222.054387944226	15455
5	1899	18253.574367192749	15457
5	1902	18270.476198229356	15458
5	1911	18353.579842319474	15456
5	1917	18411.48151985531	15461
5	1928	18474.065872898173	15460
5	1939	18567.29813789864	15465
5	1941	18576.997544129454	15464
5	1947	18620.054663975902	15466
5	1949	18641.941730924158	15462
5	1950	18651.25710172129	15463
5	1976	19003.88818221698	15468
5	1981	19090.884176915555	15472
5	1982	19097.287231073053	15470
5	1991	19277.310464138992	15473
5	1994	19314.332776660412	15475
5	2008	19523.372948232398	15474
5	2009	19560.691347181949	15478
5	2022	19724.459996345744	15479
5	2023	19760.033646191203	15482
5	2034	19878.50469888964	15484
6	114	1031.595301626899	0
6	117	1065.464295013744	0
6	122	1107.982412285476	0
6	131	1176.170793903947	0
6	133	1188.238580082566	0
6	139	1239.82139616048	0
6	140	1266.496213127816	0
6	142	1277.902594619024	0
6	152	1415.381096939322	0
6	153	1432.913149618106	0
6	162	1647.609734010612	0
6	167	1735.655083721982	0
6	171	1770.141139523852	0
6	184	1895.260064791837	0
6	187	1942.795824587007	0
6	188	1960.765960287728	0
6	203	2099.746378379189	0
6	218	2192.433382087481	0
6	223	2209.811803299723	0
6	231	2290.879281071212	0
6	241	2342.753964091896	0
6	244	2378.077942967954	0
6	251	2402.297202309394	0
6	255	2434.682132073101	0
6	257	2460.804099820935	0
6	260	2484.833714223861	0
6	261	2495.321859594899	0
6	267	2514.901555894574	0
6	273	2574.615014683174	0
6	277	2599.49808946016	0
6	285	2670.210017917138	0
6	298	2797.365830084697	0
6	299	2804.835533365031	0
6	301	2811.339930351877	0
6	320	3025.616199906427	0
6	321	3039.258754449337	0
6	324	3073.938173714464	0
6	347	3420.347637826628	0
6	348	3448.949970870364	0
6	354	3567.443760021803	0
6	355	3569.713593886865	0
6	367	3751.367894372588	0
6	381	3893.506214921955	0
6	388	3981.921077231327	0
6	394	4055.756035929966	0
6	398	4131.783863668088	0
6	405	4198.675254441324	0
6	408	4238.101490591578	0
6	416	4339.046714256641	0
6	427	4491.464676951415	0
6	432	4546.93928685824	0
6	445	4704.171486265893	0
6	447	4722.51213316792	0
6	452	4797.045363432627	0
6	454	4812.377558443028	0
6	475	5104.007774864388	0
6	493	5411.738529513675	0
6	508	5597.165054444845	0
6	514	5695.296767615109	0
6	517	5753.075995583081	0
6	523	5828.217624394419	0
6	531	5914.018038814976	0
6	533	5975.061038929865	0
6	538	6011.835062994251	0
6	564	6198.388578712476	0
6	568	6206.241106045601	0
6	569	6207.845401712248	0
6	574	6261.291760773458	0
6	576	6279.625652905359	0
6	582	6301.326263893247	0
6	584	6304.412721964456	0
6	590	6342.31962573311	0
6	594	6391.753673637311	0
6	595	6396.674626301888	0
6	609	6479.274684216364	0
6	618	6512.332947831977	0
6	628	6606.547020217478	0
6	649	6920.673206197816	0
6	652	6965.364903998165	0
6	662	7086.263631314652	0
6	663	7098.935972688049	0
6	666	7148.101279108653	0
6	668	7159.021222527809	0
6	678	7284.112506996128	0
6	689	7392.89835009228	0
6	704	7512.68220921243	0
6	717	7614.782092759976	0
6	725	7695.74087956981	0
6	726	7697.803419415845	0
6	730	7717.849214805843	0
6	736	7777.578350535435	0
6	760	7982.658217283177	0
6	762	7992.91716733811	0
6	767	8008.517009605689	0
6	768	8013.456854635509	0
6	771	8054.601241215038	0
6	773	8064.159638710214	0
6	781	8164.284525785507	0
6	789	8223.232995392062	0
6	794	8295.183147472018	0
6	796	8307.383629441518	0
6	797	8313.171690556761	0
6	804	8384.687656426938	0
6	827	8549.656637687235	0
6	830	8578.212441368637	0
6	835	8621.60096280276	0
6	839	8662.431031930038	0
6	845	8747.506130505925	0
6	848	8770.652054230726	0
6	850	8798.744734591601	0
6	865	8940.670088297187	0
6	886	9131.04132242646	0
6	889	9153.310106307507	0
6	890	9154.989143720047	0
6	892	9158.273833678485	0
6	908	9355.518560750699	0
6	909	9358.35101901927	0
6	912	9369.239630203752	0
6	914	9420.163338919579	0
6	945	9784.579695056739	0
6	947	9789.040406574999	0
6	953	9832.294526285419	0
6	960	9889.305251622474	0
6	964	9906.486967716072	0
6	980	10040.517687827508	0
6	983	10046.988296175695	0
6	991	10118.600214719657	0
6	993	10146.972291701613	0
6	1003	10277.014545583701	0
6	1007	10357.926722200465	0
6	1016	10480.894379314233	0
6	1019	10517.98338392768	0
6	1021	10535.250015454963	0
6	1027	10626.302089885543	0
6	1033	10699.233214206822	0
6	1054	10877.8063360132	0
6	1061	10927.172137923667	0
6	1067	10980.240173661618	0
6	1073	11005.365443651885	0
6	1077	11014.94243979556	0
6	1078	11025.275131983594	0
6	1080	11031.626665799673	0
6	1081	11039.661249506857	0
6	1084	11059.50525156693	0
6	1086	11082.556828001662	0
6	1088	11091.889232282453	0
6	1092	11113.247890067511	0
6	1093	11114.109412498673	0
6	1100	11162.395476684369	0
6	1139	11384.947759267889	0
6	1144	11406.054207215712	0
6	1145	11409.917188964805	0
6	1161	11587.173169761043	0
6	1163	11596.721029153027	0
6	1173	11737.654615610144	0
6	1184	11983.448738770867	0
6	1186	11990.769736568303	0
6	1196	12122.697411262906	0
6	1199	12158.201296572111	0
6	1209	12244.072403536424	0
6	1210	12251.496996465414	0
6	1213	12271.397875201529	0
6	1214	12278.968160513527	0
6	1217	12295.009708271231	0
6	1227	12368.592288529552	0
6	1238	12424.714152901321	0
6	1258	12586.367414612696	0
6	1261	12601.892494481317	0
6	1264	12613.99150587379	0
6	1265	12629.629077104464	0
6	1271	12686.96948178028	0
6	1273	12704.771417429107	0
6	1279	12733.833885946893	0
6	1281	12754.314057927064	0
6	1310	13114.778072145161	0
6	1311	13156.513050409812	0
6	1314	13191.100756095937	0
6	1323	13301.04775874498	0
6	1332	13398.427522028045	0
6	1334	13406.529556762767	0
6	1338	13451.314037638925	0
6	1341	13474.737319743992	0
6	1344	13507.323584146363	0
6	1346	13544.169417255022	0
6	1349	13556.946596912068	0
6	1368	13747.706486505518	0
6	1373	13800.560368719961	0
6	1376	13845.180447875043	0
6	1393	14000.183111465131	0
6	1400	14053.83112191296	0
6	1402	14058.027566146026	0
6	1406	14135.177263545699	0
6	1410	14151.670358429901	0
6	1429	14329.177490209466	0
6	1434	14354.665542862214	0
6	1441	14447.332833743099	0
6	1446	14461.093682042487	0
6	1453	14543.034824572956	0
6	1456	14556.098148799921	0
6	1470	14657.48900128875	0
6	1478	14736.191898894715	0
6	1484	14789.272913102201	0
6	1489	14861.273168789765	0
6	1494	14940.734481705249	0
6	1506	15058.082813289777	0
6	1516	15157.885847915249	0
6	1533	15283.123109016032	0
6	1534	15283.179091939451	0
6	1538	15325.090009801116	0
6	1539	15327.128938756166	0
6	1544	15346.706312248263	0
6	1552	15397.746958846626	0
6	1561	15442.637222680211	0
6	1574	15508.082373461521	0
6	1575	15522.118932125439	0
6	1587	15588.593602684199	0
6	1593	15609.524450548641	0
6	1600	15647.230772589666	0
6	1603	15659.149529682178	0
6	1612	15700.488550387439	0
6	1616	15737.406911455505	0
6	1619	15754.227285013544	0
6	1637	15870.031705455246	0
6	1646	15944.821062580538	0
6	1651	16002.39724649297	0
6	1667	16147.215219057132	0
6	1671	16200.625670403659	0
6	1673	16217.996521540663	0
6	1674	16232.121783410609	0
6	1676	16249.470673775351	0
6	1680	16290.965907647309	0
6	1689	16369.333792057279	0
6	1704	16481.763710887919	0
6	1708	16547.232774109166	0
6	1713	16567.696437223479	0
6	1732	16743.80524095127	0
6	1738	16761.331116348342	0
6	1741	16781.329384159496	0
6	1742	16784.400688492058	0
6	1748	16859.855051049743	0
6	1749	16862.995953513279	0
6	1757	16888.468056954048	0
6	1760	16955.697120229773	0
6	1763	16966.960279131441	0
6	1770	17017.012080436622	0
6	1773	17075.012039194221	0
6	1774	17085.47707039096	0
6	1783	17188.058037678058	0
6	1787	17205.738856117197	0
6	1797	17300.098755995592	0
6	1798	17300.708905459991	0
6	1817	17445.690510297645	0
6	1822	17491.701060876623	0
6	1835	17587.452151695879	0
6	1846	17665.964080491623	0
6	1849	17707.893447521764	0
6	1866	17869.781931490331	0
6	1871	17940.110381086452	0
6	1873	17953.749726216207	0
6	1877	18005.787642735502	0
6	1878	18016.127443089532	0
6	1882	18057.250273597365	0
6	1893	18207.498843045919	0
6	1907	18320.677366510684	0
6	1908	18325.054387944226	0
6	1912	18356.574367192749	0
6	1913	18369.526845442102	0
6	1915	18373.476198229356	0
6	1930	18514.48151985531	0
6	1942	18577.065872898173	0
6	1952	18670.29813789864	0
6	1953	18679.997544129454	0
6	1955	18694.88818221698	0
6	1956	18700.552311029243	0
6	1957	18723.054663975902	0
6	1959	18744.941730924158	0
6	1980	19079.873529382488	0
6	1988	19200.287231073053	0
6	1990	19214.372948232398	0
6	1997	19380.310464138992	0
6	2000	19415.874452072863	0
6	2018	19663.691347181949	0
6	2019	19666.391587897011	0
6	2020	19715.099345694864	0
6	2030	19827.459996345744	0
6	2032	19863.033646191203	0
6	2035	19892.981632994326	0
6	2038	19929.338155355781	0
6	2044	19981.50469888964	0
7	114	1031.595301626899	3
7	117	1065.464295013744	3
7	122	1107.982412285476	3
7	131	1176.170793903947	3
7	133	1188.238580082566	3
7	139	1239.82139616048	3
7	140	1266.496213127816	3
7	142	1277.902594619024	3
7	152	1415.381096939322	3
7	153	1432.913149618106	3
7	162	1647.609734010612	3
7	167	1735.655083721982	3
7	171	1770.141139523852	3
7	184	1895.260064791837	3
7	187	1942.795824587007	3
7	188	1960.765960287728	3
7	203	2099.746378379189	3
7	218	2192.433382087481	3
7	223	2209.811803299723	3
7	231	2290.879281071212	3
7	241	2342.753964091896	3
7	244	2378.077942967954	3
7	251	2402.297202309394	3
7	255	2434.682132073101	3
7	257	2460.804099820935	3
7	260	2484.833714223861	3
7	261	2495.321859594899	3
7	267	2514.901555894574	3
7	273	2574.615014683174	3
7	277	2599.49808946016	3
7	285	2670.210017917138	3
7	298	2797.365830084697	3
7	299	2804.835533365031	3
7	301	2811.339930351877	3
7	320	3025.616199906427	3
7	321	3039.258754449337	3
7	324	3073.938173714464	3
7	347	3420.347637826628	3
7	348	3448.949970870364	3
7	354	3567.443760021803	3
7	355	3569.713593886865	3
7	367	3751.367894372588	3
7	381	3893.506214921955	3
7	388	3981.921077231327	3
7	394	4055.756035929966	3
7	398	4131.783863668088	3
7	405	4198.675254441324	3
7	408	4238.101490591578	3
7	416	4339.046714256641	3
7	427	4491.464676951415	3
7	432	4546.93928685824	3
7	445	4704.171486265893	3
7	447	4722.51213316792	3
7	452	4797.045363432627	3
7	454	4812.377558443028	3
7	475	5104.007774864388	3
7	493	5411.738529513675	3
7	508	5597.165054444845	3
7	514	5695.296767615109	3
7	517	5753.075995583081	3
7	523	5828.217624394419	3
7	531	5914.018038814976	3
7	533	5975.061038929865	3
7	538	6011.835062994251	3
7	564	6198.388578712476	3
7	568	6206.241106045601	3
7	569	6207.845401712248	3
7	574	6261.291760773458	3
7	576	6279.625652905359	3
7	582	6301.326263893247	3
7	584	6304.412721964456	3
7	590	6342.31962573311	3
7	594	6391.753673637311	3
7	595	6396.674626301888	3
7	609	6479.274684216364	3
7	618	6512.332947831977	3
7	628	6606.547020217478	3
7	649	6920.673206197816	3
7	652	6965.364903998165	3
7	662	7086.263631314652	3
7	663	7098.935972688049	3
7	666	7148.101279108653	3
7	668	7159.021222527809	3
7	678	7284.112506996128	3
7	689	7392.89835009228	3
7	704	7512.68220921243	3
7	717	7614.782092759976	3
7	725	7695.74087956981	3
7	726	7697.803419415845	3
7	730	7717.849214805843	3
7	736	7777.578350535435	3
7	760	7982.658217283177	3
7	762	7992.91716733811	3
7	767	8008.517009605689	3
7	768	8013.456854635509	3
7	771	8054.601241215038	3
7	773	8064.159638710214	3
7	781	8164.284525785507	3
7	789	8223.232995392062	3
7	794	8295.183147472018	3
7	796	8307.383629441518	3
7	797	8313.171690556761	3
7	804	8384.687656426938	3
7	827	8549.656637687235	3
7	830	8578.212441368637	3
7	835	8621.60096280276	3
7	839	8662.431031930038	3
7	845	8747.506130505925	3
7	848	8770.652054230726	3
7	850	8798.744734591601	3
7	865	8940.670088297187	3
7	886	9131.04132242646	3
7	889	9153.310106307507	3
7	890	9154.989143720047	3
7	892	9158.273833678485	3
7	908	9355.518560750699	3
7	909	9358.35101901927	3
7	912	9369.239630203752	3
7	914	9420.163338919579	3
7	945	9784.579695056739	3
7	947	9789.040406574999	3
7	953	9832.294526285419	3
7	960	9889.305251622474	3
7	964	9906.486967716072	3
7	980	10040.517687827508	3
7	983	10046.988296175695	3
7	991	10118.600214719657	3
7	993	10146.972291701613	3
7	1003	10277.014545583701	3
7	1007	10357.926722200465	3
7	1016	10480.894379314233	3
7	1019	10517.98338392768	3
7	1021	10535.250015454963	3
7	1027	10626.302089885543	3
7	1033	10699.233214206822	3
7	1054	10877.8063360132	3
7	1061	10927.172137923667	3
7	1067	10980.240173661618	3
7	1073	11005.365443651885	3
7	1077	11014.94243979556	3
7	1078	11025.275131983594	3
7	1080	11031.626665799673	3
7	1081	11039.661249506857	3
7	1084	11059.50525156693	3
7	1086	11082.556828001662	3
7	1088	11091.889232282453	3
7	1092	11113.247890067511	3
7	1093	11114.109412498673	3
7	1100	11162.395476684369	3
7	1139	11384.947759267889	3
7	1144	11406.054207215712	3
7	1145	11409.917188964805	3
7	1161	11587.173169761043	3
7	1163	11596.721029153027	3
7	1173	11737.654615610144	3
7	1184	11983.448738770867	3
7	1186	11990.769736568303	3
7	1196	12122.697411262906	3
7	1199	12158.201296572111	3
7	1209	12244.072403536424	3
7	1210	12251.496996465414	3
7	1213	12271.397875201529	3
7	1214	12278.968160513527	3
7	1217	12295.009708271231	3
7	1227	12368.592288529552	3
7	1238	12424.714152901321	3
7	1258	12586.367414612696	3
7	1261	12601.892494481317	3
7	1264	12613.99150587379	3
7	1265	12629.629077104464	3
7	1271	12686.96948178028	3
7	1273	12704.771417429107	3
7	1279	12733.833885946893	3
7	1281	12754.314057927064	3
7	1310	13114.778072145161	3
7	1311	13156.513050409812	3
7	1314	13191.100756095937	3
7	1323	13301.04775874498	3
7	1332	13398.427522028045	3
7	1334	13406.529556762767	3
7	1338	13451.314037638925	3
7	1341	13474.737319743992	3
7	1344	13507.323584146363	3
7	1346	13544.169417255022	3
7	1349	13556.946596912068	3
7	1368	13747.706486505518	3
7	1373	13800.560368719961	3
7	1376	13845.180447875043	3
7	1393	14000.183111465131	3
7	1400	14053.83112191296	3
7	1402	14058.027566146026	3
7	1406	14135.177263545699	3
7	1410	14151.670358429901	3
7	1429	14329.177490209466	3
7	1434	14354.665542862214	3
7	1441	14447.332833743099	3
7	1446	14461.093682042487	3
7	1453	14543.034824572956	3
7	1456	14556.098148799921	3
7	1470	14657.48900128875	3
7	1478	14736.191898894715	3
7	1484	14789.272913102201	3
7	1489	14861.273168789765	3
7	1494	14940.734481705249	3
7	1506	15058.082813289777	3
7	1516	15157.885847915249	3
7	1533	15283.123109016032	3
7	1534	15283.179091939451	3
7	1538	15325.090009801116	3
7	1539	15327.128938756166	3
7	1544	15346.706312248263	3
7	1552	15397.746958846626	3
7	1561	15442.637222680211	3
7	1574	15508.082373461521	3
7	1575	15522.118932125439	3
7	1587	15588.593602684199	3
7	1593	15609.524450548641	3
7	1600	15647.230772589666	3
7	1603	15659.149529682178	3
7	1612	15700.488550387439	3
7	1616	15737.406911455505	3
7	1619	15754.227285013544	3
7	1637	15870.031705455246	3
7	1646	15944.821062580538	3
7	1651	16002.39724649297	3
7	1667	16147.215219057132	3
7	1671	16200.625670403659	3
7	1673	16217.996521540663	3
7	1674	16232.121783410609	3
7	1676	16249.470673775351	3
7	1680	16290.965907647309	3
7	1689	16369.333792057279	3
7	1704	16481.763710887919	3
7	1708	16547.232774109166	3
7	1713	16567.696437223479	3
7	1732	16743.80524095127	3
7	1738	16761.331116348342	3
7	1741	16781.329384159496	3
7	1742	16784.400688492058	3
7	1748	16859.855051049743	3
7	1749	16862.995953513279	3
7	1757	16888.468056954048	3
7	1760	16955.697120229773	3
7	1763	16966.960279131441	3
7	1770	17017.012080436622	3
7	1773	17075.012039194221	3
7	1774	17085.47707039096	3
7	1783	17188.058037678058	3
7	1787	17205.738856117197	3
7	1797	17300.098755995592	3
7	1798	17300.708905459991	3
7	1817	17445.690510297645	3
7	1822	17491.701060876623	3
7	1835	17587.452151695879	3
7	1846	17665.964080491623	3
7	1849	17707.893447521764	3
7	1866	17869.781931490331	3
7	1871	17940.110381086452	3
7	1873	17953.749726216207	3
7	1877	18005.787642735502	3
7	1878	18016.127443089532	3
7	1882	18057.250273597365	3
7	1893	18207.498843045919	3
7	1907	18320.677366510684	3
7	1908	18325.054387944226	3
7	1912	18356.574367192749	3
7	1913	18369.526845442102	3
7	1915	18373.476198229356	3
7	1930	18514.48151985531	3
7	1942	18577.065872898173	3
7	1952	18670.29813789864	3
7	1953	18679.997544129454	3
7	1955	18694.88818221698	3
7	1956	18700.552311029243	3
7	1957	18723.054663975902	3
7	1959	18744.941730924158	3
7	1980	19079.873529382488	3
7	1988	19200.287231073053	3
7	1990	19214.372948232398	3
7	1997	19380.310464138992	3
7	2000	19415.874452072863	3
7	2018	19663.691347181949	3
7	2019	19666.391587897011	3
7	2020	19715.099345694864	3
7	2030	19827.459996345744	3
7	2032	19863.033646191203	3
7	2035	19892.981632994326	3
7	2038	19929.338155355781	3
7	2044	19981.50469888964	3
8	114	1031.595301626899	15078
8	117	1065.464295013744	15082
8	122	1107.982412285476	15075
8	131	1176.170793903947	15079
8	133	1188.238580082566	15080
8	139	1239.82139616048	15081
8	140	1266.496213127816	15085
8	142	1277.902594619024	15083
8	152	1415.381096939322	15087
8	153	1432.913149618106	15086
8	162	1647.609734010612	15088
8	167	1735.655083721982	15090
8	171	1770.141139523852	15091
8	184	1895.260064791837	15092
8	187	1942.795824587007	15094
8	188	1960.765960287728	15095
8	203	2099.746378379189	15096
8	218	2192.433382087481	15100
8	223	2209.811803299723	15102
8	231	2290.879281071212	15107
8	241	2342.753964091896	15103
8	244	2378.077942967954	15105
8	251	2402.297202309394	15112
8	255	2434.682132073101	15109
8	257	2460.804099820935	15110
8	260	2484.833714223861	15099
8	261	2495.321859594899	15106
8	267	2514.901555894574	15101
8	273	2574.615014683174	15114
8	277	2599.49808946016	15111
8	285	2670.210017917138	15115
8	298	2797.365830084697	15116
8	299	2804.835533365031	15117
8	301	2811.339930351877	15118
8	320	3025.616199906427	15123
8	321	3039.258754449337	15124
8	324	3073.938173714464	15120
8	347	3420.347637826628	15127
8	348	3448.949970870364	15128
8	354	3567.443760021803	15129
8	355	3569.713593886865	15130
8	367	3751.367894372588	15131
8	381	3893.506214921955	15134
8	388	3981.921077231327	15133
8	394	4055.756035929966	15140
8	398	4131.783863668088	15141
8	405	4198.675254441324	15142
8	408	4238.101490591578	15137
8	416	4339.046714256641	15144
8	427	4491.464676951415	15143
8	432	4546.93928685824	15145
8	445	4704.171486265893	15148
8	447	4722.51213316792	15149
8	452	4797.045363432627	15153
8	454	4812.377558443028	15150
8	475	5104.007774864388	15157
8	493	5411.738529513675	15159
8	508	5597.165054444845	15165
8	514	5695.296767615109	15164
8	517	5753.075995583081	15163
8	523	5828.217624394419	15167
8	531	5914.018038814976	15169
8	533	5975.061038929865	15170
8	538	6011.835062994251	15171
8	564	6198.388578712476	15172
8	568	6206.241106045601	15179
8	569	6207.845401712248	15180
8	574	6261.291760773458	15174
8	576	6279.625652905359	15182
8	582	6301.326263893247	15177
8	584	6304.412721964456	15178
8	590	6342.31962573311	15185
8	594	6391.753673637311	15186
8	595	6396.674626301888	15183
8	609	6479.274684216364	15188
8	618	6512.332947831977	15187
8	628	6606.547020217478	15190
8	649	6920.673206197816	15195
8	652	6965.364903998165	15192
8	662	7086.263631314652	15197
8	663	7098.935972688049	15198
8	666	7148.101279108653	15199
8	668	7159.021222527809	15200
8	678	7284.112506996128	15202
8	689	7392.89835009228	15203
8	704	7512.68220921243	15204
8	717	7614.782092759976	15207
8	725	7695.74087956981	15208
8	726	7697.803419415845	15209
8	730	7717.849214805843	15211
8	736	7777.578350535435	15216
8	760	7982.658217283177	15215
8	762	7992.91716733811	15220
8	767	8008.517009605689	15221
8	768	8013.456854635509	15214
8	771	8054.601241215038	15222
8	773	8064.159638710214	15219
8	781	8164.284525785507	15223
8	789	8223.232995392062	15225
8	794	8295.183147472018	15227
8	796	8307.383629441518	15228
8	797	8313.171690556761	15224
8	804	8384.687656426938	15229
8	827	8549.656637687235	15230
8	830	8578.212441368637	15226
8	835	8621.60096280276	15236
8	839	8662.431031930038	15233
8	845	8747.506130505925	15231
8	848	8770.652054230726	15234
8	850	8798.744734591601	15235
8	865	8940.670088297187	15239
8	886	9131.04132242646	15243
8	889	9153.310106307507	15245
8	890	9154.989143720047	15240
8	892	9158.273833678485	15244
8	908	9355.518560750699	15248
8	909	9358.35101901927	15249
8	912	9369.239630203752	15246
8	914	9420.163338919579	15247
8	945	9784.579695056739	15255
8	947	9789.040406574999	15250
8	953	9832.294526285419	15251
8	960	9889.305251622474	15256
8	964	9906.486967716072	15258
8	980	10040.517687827508	15259
8	983	10046.988296175695	15264
8	991	10118.600214719657	15262
8	993	10146.972291701613	15266
8	1003	10277.014545583701	15267
8	1007	10357.926722200465	15265
8	1016	10480.894379314233	15270
8	1019	10517.98338392768	15271
8	1021	10535.250015454963	15272
8	1027	10626.302089885543	15269
8	1033	10699.233214206822	15273
8	1054	10877.8063360132	15274
8	1061	10927.172137923667	15279
8	1067	10980.240173661618	15276
8	1073	11005.365443651885	15281
8	1077	11014.94243979556	15278
8	1078	11025.275131983594	15282
8	1080	11031.626665799673	15285
8	1081	11039.661249506857	15286
8	1084	11059.50525156693	15287
8	1086	11082.556828001662	15288
8	1088	11091.889232282453	15289
8	1092	11113.247890067511	15292
8	1093	11114.109412498673	15284
8	1100	11162.395476684369	15280
8	1139	11384.947759267889	15297
8	1144	11406.054207215712	15295
8	1145	11409.917188964805	15296
8	1161	11587.173169761043	15301
8	1163	11596.721029153027	15298
8	1173	11737.654615610144	15303
8	1184	11983.448738770867	15304
8	1186	11990.769736568303	15305
8	1196	12122.697411262906	15306
8	1199	12158.201296572111	15311
8	1209	12244.072403536424	15310
8	1210	12251.496996465414	15307
8	1213	12271.397875201529	15308
8	1214	12278.968160513527	15312
8	1217	12295.009708271231	15314
8	1227	12368.592288529552	15313
8	1238	12424.714152901321	15315
8	1258	12586.367414612696	15323
8	1261	12601.892494481317	15325
8	1264	12613.99150587379	15322
8	1265	12629.629077104464	15318
8	1271	12686.96948178028	15320
8	1273	12704.771417429107	15324
8	1279	12733.833885946893	15326
8	1281	12754.314057927064	15328
8	1310	13114.778072145161	15331
8	1311	13156.513050409812	15332
8	1314	13191.100756095937	15330
8	1323	13301.04775874498	15334
8	1332	13398.427522028045	15337
8	1334	13406.529556762767	15338
8	1338	13451.314037638925	15339
8	1341	13474.737319743992	15336
8	1344	13507.323584146363	15341
8	1346	13544.169417255022	15342
8	1349	13556.946596912068	15340
8	1368	13747.706486505518	15346
8	1373	13800.560368719961	15344
8	1376	13845.180447875043	15345
8	1393	14000.183111465131	15349
8	1400	14053.83112191296	15352
8	1402	14058.027566146026	15348
8	1406	14135.177263545699	15350
8	1410	14151.670358429901	15354
8	1429	14329.177490209466	15355
8	1434	14354.665542862214	15351
8	1441	14447.332833743099	15359
8	1446	14461.093682042487	15361
8	1453	14543.034824572956	15358
8	1456	14556.098148799921	15356
8	1470	14657.48900128875	15367
8	1478	14736.191898894715	15365
8	1484	14789.272913102201	15362
8	1489	14861.273168789765	15366
8	1494	14940.734481705249	15364
8	1506	15058.082813289777	15373
8	1516	15157.885847915249	15372
8	1533	15283.123109016032	15376
8	1534	15283.179091939451	15377
8	1538	15325.090009801116	15382
8	1539	15327.128938756166	15371
8	1544	15346.706312248263	15374
8	1552	15397.746958846626	15378
8	1561	15442.637222680211	15380
8	1574	15508.082373461521	15390
8	1575	15522.118932125439	15385
8	1587	15588.593602684199	15388
8	1593	15609.524450548641	15384
8	1600	15647.230772589666	15386
8	1603	15659.149529682178	15387
8	1612	15700.488550387439	15389
8	1616	15737.406911455505	15396
8	1619	15754.227285013544	15392
8	1637	15870.031705455246	15399
8	1646	15944.821062580538	15394
8	1651	16002.39724649297	15401
8	1667	16147.215219057132	15406
8	1671	16200.625670403659	15408
8	1673	16217.996521540663	15404
8	1674	16232.121783410609	15405
8	1676	16249.470673775351	15402
8	1680	16290.965907647309	15410
8	1689	16369.333792057279	15409
8	1704	16481.763710887919	15407
8	1708	16547.232774109166	15413
8	1713	16567.696437223479	15416
8	1732	16743.80524095127	15412
8	1738	16761.331116348342	15415
8	1741	16781.329384159496	15417
8	1742	16784.400688492058	15424
8	1748	16859.855051049743	15419
8	1749	16862.995953513279	15422
8	1757	16888.468056954048	15418
8	1760	16955.697120229773	15421
8	1763	16966.960279131441	15423
8	1770	17017.012080436622	15426
8	1773	17075.012039194221	15427
8	1774	17085.47707039096	15428
8	1783	17188.058037678058	15429
8	1787	17205.738856117197	15425
8	1797	17300.098755995592	15433
8	1798	17300.708905459991	15434
8	1817	17445.690510297645	15438
8	1822	17491.701060876623	15440
8	1835	17587.452151695879	15439
8	1846	17665.964080491623	15442
8	1849	17707.893447521764	15443
8	1866	17869.781931490331	15448
8	1871	17940.110381086452	15450
8	1873	17953.749726216207	15451
8	1877	18005.787642735502	15449
8	1878	18016.127443089532	15452
8	1882	18057.250273597365	15447
8	1893	18207.498843045919	15453
8	1907	18320.677366510684	15454
8	1908	18325.054387944226	15455
8	1912	18356.574367192749	15457
8	1913	18369.526845442102	15459
8	1915	18373.476198229356	15458
8	1930	18514.48151985531	15461
8	1942	18577.065872898173	15460
8	1952	18670.29813789864	15465
8	1953	18679.997544129454	15464
8	1955	18694.88818221698	15468
8	1956	18700.552311029243	15469
8	1957	18723.054663975902	15466
8	1959	18744.941730924158	15462
8	1980	19079.873529382488	15471
8	1988	19200.287231073053	15470
8	1990	19214.372948232398	15474
8	1997	19380.310464138992	15473
8	2000	19415.874452072863	15476
8	2018	19663.691347181949	15478
8	2019	19666.391587897011	15480
8	2020	19715.099345694864	15481
8	2030	19827.459996345744	15479
8	2032	19863.033646191203	15482
8	2035	19892.981632994326	15485
8	2038	19929.338155355781	15486
8	2044	19981.50469888964	15484
9	124	1125.50038557283	0
9	129	1168.464295013744	0
9	148	1342.82139616048	0
9	157	1535.913149618106	0
9	169	1750.609734010612	0
9	176	1838.655083721982	0
9	181	1873.141139523852	0
9	191	1986.122592779042	0
9	193	1998.260064791837	0
9	196	2045.795824587007	0
9	197	2063.765960287728	0
9	214	2175.833714223861	0
9	220	2202.746378379189	0
9	222	2205.901555894574	0
9	234	2295.433382087481	0
9	235	2296.873718462545	0
9	239	2312.811803299723	0
9	248	2393.879281071212	0
9	256	2445.753964091896	0
9	265	2505.297202309394	0
9	266	2512.36837462093	0
9	286	2677.615014683174	0
9	289	2702.49808946016	0
9	293	2749.333666690083	0
9	307	2900.365830084697	0
9	308	2907.835533365031	0
9	318	3009.304686400611	0
9	323	3060.795036067028	0
9	330	3128.616199906427	0
9	331	3142.258754449337	0
9	351	3523.347637826628	0
9	353	3551.949970870364	0
9	360	3670.443760021803	0
9	361	3672.713593886865	0
9	383	3929.101490591578	0
9	386	3942.218895407363	0
9	389	3996.506214921955	0
9	395	4084.921077231327	0
9	402	4158.756035929966	0
9	407	4234.783863668088	0
9	414	4301.675254441324	0
9	424	4442.046714256641	0
9	434	4594.464676951415	0
9	439	4649.93928685824	0
9	449	4759.31857342384	0
9	456	4825.51213316792	0
9	461	4900.045363432627	0
9	462	4915.377558443028	0
9	465	4943.571101779189	0
9	481	5207.007774864388	0
9	496	5468.002086088963	0
9	497	5475.181849469039	0
9	511	5671.184309937606	0
9	515	5700.165054444845	0
9	520	5798.296767615109	0
9	527	5889.811138080593	0
9	532	5931.217624394419	0
9	539	6017.018038814976	0
9	543	6078.061038929865	0
9	552	6114.835062994251	0
9	561	6197.041415867849	0
9	572	6225.430274421221	0
9	580	6298.0333797798	0
9	583	6301.388578712476	0
9	585	6309.241106045601	0
9	587	6310.845401712248	0
9	591	6364.291760773458	0
9	593	6382.625652905359	0
9	600	6404.326263893247	0
9	607	6445.31962573311	0
9	611	6494.753673637311	0
9	613	6502.277253665498	0
9	620	6521.078233240523	0
9	633	6656.364903998165	0
9	634	6670.549165187685	0
9	656	7023.673206197816	0
9	670	7189.263631314652	0
9	672	7201.935972688049	0
9	674	7207.634354180112	0
9	676	7251.101279108653	0
9	677	7262.021222527809	0
9	687	7387.112506996128	0
9	701	7495.89835009228	0
9	716	7607.398838056955	0
9	719	7615.68220921243	0
9	721	7669.290568185465	0
9	727	7704.456854635509	0
9	738	7798.74087956981	0
9	739	7800.803419415845	0
9	742	7820.849214805843	0
9	747	7880.578350535435	0
9	775	8095.91716733811	0
9	777	8111.517009605689	0
9	780	8157.601241215038	0
9	791	8267.284525785507	0
9	792	8269.212441368637	0
9	799	8326.232995392062	0
9	805	8398.183147472018	0
9	807	8410.383629441518	0
9	808	8416.171690556761	0
9	818	8487.687656426938	0
9	844	8724.60096280276	0
9	847	8765.431031930038	0
9	856	8852.50365837698	0
9	858	8873.652054230726	0
9	861	8901.744734591601	0
9	862	8914.34869381488	0
9	870	8983.645098892569	0
9	876	9043.670088297187	0
9	898	9234.04132242646	0
9	902	9256.310106307507	0
9	904	9261.273833678485	0
9	916	9458.518560750699	0
9	917	9461.35101901927	0
9	918	9472.239630203752	0
9	919	9480.040406574999	0
9	920	9523.163338919579	0
9	921	9523.294526285419	0
9	932	9656.872559930143	0
9	938	9698.140934324064	0
9	948	9795.860463067565	0
9	958	9878.898301188589	0
9	959	9887.579695056739	0
9	965	9910.675874477965	0
9	969	9943.545628696694	0
9	975	9992.305251622474	0
9	977	10009.486967716072	0
9	984	10048.926722200465	0
9	1000	10249.972291701613	0
9	1008	10380.014545583701	0
9	1026	10620.98338392768	0
9	1028	10638.250015454963	0
9	1040	10756.415015709987	0
9	1044	10802.233214206822	0
9	1050	10853.395476684369	0
9	1066	10973.155673875374	0
9	1079	11030.172137923667	0
9	1087	11083.240173661618	0
9	1089	11096.970197018726	0
9	1091	11108.365443651885	0
9	1094	11117.94243979556	0
9	1095	11128.275131983594	0
9	1097	11134.626665799673	0
9	1098	11142.661249506857	0
9	1103	11185.556828001662	0
9	1105	11194.889232282453	0
9	1112	11216.247890067511	0
9	1113	11217.109412498673	0
9	1152	11487.947759267889	0
9	1155	11509.054207215712	0
9	1156	11512.917188964805	0
9	1166	11634.420282412137	0
9	1168	11690.173169761043	0
9	1170	11699.721029153027	0
9	1193	12086.448738770867	0
9	1194	12088.689840708002	0
9	1207	12225.697411262906	0
9	1211	12261.201296572111	0
9	1221	12327.492082614083	0
9	1228	12374.397875201529	0
9	1230	12381.968160513527	0
9	1233	12398.009708271231	0
9	1235	12407.86632667397	0
9	1242	12471.592288529552	0
9	1250	12503.759254837191	0
9	1272	12689.367414612696	0
9	1274	12704.892494481317	0
9	1276	12716.99150587379	0
9	1282	12789.96948178028	0
9	1288	12821.614374933614	0
9	1289	12836.833885946893	0
9	1291	12857.314057927064	0
9	1312	13161.63870426563	0
9	1316	13212.757990881849	0
9	1318	13259.513050409812	0
9	1321	13294.100756095937	0
9	1333	13404.04775874498	0
9	1342	13501.427522028045	0
9	1345	13509.529556762767	0
9	1348	13554.314037638925	0
9	1350	13577.737319743992	0
9	1353	13610.323584146363	0
9	1356	13647.169417255022	0
9	1358	13648.406077991297	0
9	1372	13782.584177764559	0
9	1377	13850.706486505518	0
9	1383	13903.560368719961	0
9	1387	13948.180447875043	0
9	1397	14045.665542862214	0
9	1404	14103.183111465131	0
9	1407	14144.178977700041	0
9	1411	14156.83112191296	0
9	1412	14161.027566146026	0
9	1419	14247.098148799921	0
9	1423	14254.670358429901	0
9	1427	14291.446472326349	0
9	1433	14352.891641294799	0
9	1439	14432.177490209466	0
9	1460	14564.093682042487	0
9	1464	14588.727887745516	0
9	1465	14631.734481705249	0
9	1474	14681.469845434463	0
9	1481	14760.48900128875	0
9	1487	14839.191898894715	0
9	1488	14851.94037218837	0
9	1499	14964.273168789765	0
9	1500	15018.128938756166	0
9	1515	15155.873419032809	0
9	1518	15161.082813289777	0
9	1532	15268.777926960759	0
9	1549	15386.123109016032	0
9	1550	15386.179091939451	0
9	1556	15428.090009801116	0
9	1563	15449.706312248263	0
9	1572	15500.746958846626	0
9	1581	15545.637222680211	0
9	1586	15580.326854022156	0
9	1594	15611.082373461521	0
9	1595	15625.118932125439	0
9	1598	15635.821062580538	0
9	1609	15691.593602684199	0
9	1613	15712.524450548641	0
9	1624	15768.833968533937	0
9	1629	15803.488550387439	0
9	1632	15840.406911455505	0
9	1634	15857.227285013544	0
9	1648	15973.031705455246	0
9	1662	16100.689823457242	0
9	1669	16172.763710887919	0
9	1677	16250.215219057132	0
9	1681	16303.625670403659	0
9	1684	16335.121783410609	0
9	1686	16348.95401522644	0
9	1687	16352.470673775351	0
9	1691	16393.965907647309	0
9	1693	16434.80524095127	0
9	1715	16579.468056954048	0
9	1721	16650.232774109166	0
9	1727	16670.696437223479	0
9	1751	16864.331116348342	0
9	1758	16896.738856117197	0
9	1772	17069.960279131441	0
9	1778	17120.012080436622	0
9	1780	17178.012039194221	0
9	1784	17188.47707039096	0
9	1794	17287.665844625525	0
9	1795	17291.058037678058	0
9	1801	17325.427088354992	0
9	1804	17383.880922195136	0
9	1811	17403.098755995592	0
9	1812	17403.708905459991	0
9	1832	17548.690510297645	0
9	1837	17594.701060876623	0
9	1843	17643.608902523106	0
9	1847	17690.452151695879	0
9	1856	17768.964080491623	0
9	1861	17810.893447521764	0
9	1881	18056.749726216207	0
9	1884	18108.787642735502	0
9	1886	18119.127443089532	0
9	1904	18310.498843045919	0
9	1919	18423.677366510684	0
9	1920	18428.054387944226	0
9	1921	18435.941730924158	0
9	1922	18445.25710172129	0
9	1924	18459.574367192749	0
9	1926	18472.526845442102	0
9	1929	18476.476198229356	0
9	1954	18680.065872898173	0
9	1962	18782.997544129454	0
9	1964	18797.88818221698	0
9	1965	18803.552311029243	0
9	1966	18826.054663975902	0
9	1986	19182.873529382488	0
9	1996	19317.372948232398	0
9	2004	19483.310464138992	0
9	2005	19485.070236061476	0
9	2006	19518.874452072863	0
9	2024	19766.691347181949	0
9	2028	19818.099345694864	0
9	2029	19821.237011820385	0
9	2039	19930.459996345744	0
9	2042	19966.033646191203	0
9	2045	19995.981632994326	0
10	124	1125.50038557283	3
10	129	1168.464295013744	3
10	148	1342.82139616048	3
10	157	1535.913149618106	3
10	169	1750.609734010612	3
10	176	1838.655083721982	3
10	181	1873.141139523852	3
10	191	1986.122592779042	3
10	193	1998.260064791837	3
10	196	2045.795824587007	3
10	197	2063.765960287728	3
10	214	2175.833714223861	3
10	220	2202.746378379189	3
10	222	2205.901555894574	3
10	234	2295.433382087481	3
10	235	2296.873718462545	3
10	239	2312.811803299723	3
10	248	2393.879281071212	3
10	256	2445.753964091896	3
10	265	2505.297202309394	3
10	266	2512.36837462093	3
10	286	2677.615014683174	3
10	289	2702.49808946016	3
10	293	2749.333666690083	3
10	307	2900.365830084697	3
10	308	2907.835533365031	3
10	318	3009.304686400611	3
10	323	3060.795036067028	3
10	330	3128.616199906427	3
10	331	3142.258754449337	3
10	351	3523.347637826628	3
10	353	3551.949970870364	3
10	360	3670.443760021803	3
10	361	3672.713593886865	3
10	383	3929.101490591578	3
10	386	3942.218895407363	3
10	389	3996.506214921955	3
10	395	4084.921077231327	3
10	402	4158.756035929966	3
10	407	4234.783863668088	3
10	414	4301.675254441324	3
10	424	4442.046714256641	3
10	434	4594.464676951415	3
10	439	4649.93928685824	3
10	449	4759.31857342384	3
10	456	4825.51213316792	3
10	461	4900.045363432627	3
10	462	4915.377558443028	3
10	465	4943.571101779189	3
10	481	5207.007774864388	3
10	496	5468.002086088963	3
10	497	5475.181849469039	3
10	511	5671.184309937606	3
10	515	5700.165054444845	3
10	520	5798.296767615109	3
10	527	5889.811138080593	3
10	532	5931.217624394419	3
10	539	6017.018038814976	3
10	543	6078.061038929865	3
10	552	6114.835062994251	3
10	561	6197.041415867849	3
10	572	6225.430274421221	3
10	580	6298.0333797798	3
10	583	6301.388578712476	3
10	585	6309.241106045601	3
10	587	6310.845401712248	3
10	591	6364.291760773458	3
10	593	6382.625652905359	3
10	600	6404.326263893247	3
10	607	6445.31962573311	3
10	611	6494.753673637311	3
10	613	6502.277253665498	3
10	620	6521.078233240523	3
10	633	6656.364903998165	3
10	634	6670.549165187685	3
10	656	7023.673206197816	3
10	670	7189.263631314652	3
10	672	7201.935972688049	3
10	674	7207.634354180112	3
10	676	7251.101279108653	3
10	677	7262.021222527809	3
10	687	7387.112506996128	3
10	701	7495.89835009228	3
10	716	7607.398838056955	3
10	719	7615.68220921243	3
10	721	7669.290568185465	3
10	727	7704.456854635509	3
10	738	7798.74087956981	3
10	739	7800.803419415845	3
10	742	7820.849214805843	3
10	747	7880.578350535435	3
10	775	8095.91716733811	3
10	777	8111.517009605689	3
10	780	8157.601241215038	3
10	791	8267.284525785507	3
10	792	8269.212441368637	3
10	799	8326.232995392062	3
10	805	8398.183147472018	3
10	807	8410.383629441518	3
10	808	8416.171690556761	3
10	818	8487.687656426938	3
10	844	8724.60096280276	3
10	847	8765.431031930038	3
10	856	8852.50365837698	3
10	858	8873.652054230726	3
10	861	8901.744734591601	3
10	862	8914.34869381488	3
10	870	8983.645098892569	3
10	876	9043.670088297187	3
10	898	9234.04132242646	3
10	902	9256.310106307507	3
10	904	9261.273833678485	3
10	916	9458.518560750699	3
10	917	9461.35101901927	3
10	918	9472.239630203752	3
10	919	9480.040406574999	3
10	920	9523.163338919579	3
10	921	9523.294526285419	3
10	932	9656.872559930143	3
10	938	9698.140934324064	3
10	948	9795.860463067565	3
10	958	9878.898301188589	3
10	959	9887.579695056739	3
10	965	9910.675874477965	3
10	969	9943.545628696694	3
10	975	9992.305251622474	3
10	977	10009.486967716072	3
10	984	10048.926722200465	3
10	1000	10249.972291701613	3
10	1008	10380.014545583701	3
10	1026	10620.98338392768	3
10	1028	10638.250015454963	3
10	1040	10756.415015709987	3
10	1044	10802.233214206822	3
10	1050	10853.395476684369	3
10	1066	10973.155673875374	3
10	1079	11030.172137923667	3
10	1087	11083.240173661618	3
10	1089	11096.970197018726	3
10	1091	11108.365443651885	3
10	1094	11117.94243979556	3
10	1095	11128.275131983594	3
10	1097	11134.626665799673	3
10	1098	11142.661249506857	3
10	1103	11185.556828001662	3
10	1105	11194.889232282453	3
10	1112	11216.247890067511	3
10	1113	11217.109412498673	3
10	1152	11487.947759267889	3
10	1155	11509.054207215712	3
10	1156	11512.917188964805	3
10	1166	11634.420282412137	3
10	1168	11690.173169761043	3
10	1170	11699.721029153027	3
10	1193	12086.448738770867	3
10	1194	12088.689840708002	3
10	1207	12225.697411262906	3
10	1211	12261.201296572111	3
10	1221	12327.492082614083	3
10	1228	12374.397875201529	3
10	1230	12381.968160513527	3
10	1233	12398.009708271231	3
10	1235	12407.86632667397	3
10	1242	12471.592288529552	3
10	1250	12503.759254837191	3
10	1272	12689.367414612696	3
10	1274	12704.892494481317	3
10	1276	12716.99150587379	3
10	1282	12789.96948178028	3
10	1288	12821.614374933614	3
10	1289	12836.833885946893	3
10	1291	12857.314057927064	3
10	1312	13161.63870426563	3
10	1316	13212.757990881849	3
10	1318	13259.513050409812	3
10	1321	13294.100756095937	3
10	1333	13404.04775874498	3
10	1342	13501.427522028045	3
10	1345	13509.529556762767	3
10	1348	13554.314037638925	3
10	1350	13577.737319743992	3
10	1353	13610.323584146363	3
10	1356	13647.169417255022	3
10	1358	13648.406077991297	3
10	1372	13782.584177764559	3
10	1377	13850.706486505518	3
10	1383	13903.560368719961	3
10	1387	13948.180447875043	3
10	1397	14045.665542862214	3
10	1404	14103.183111465131	3
10	1407	14144.178977700041	3
10	1411	14156.83112191296	3
10	1412	14161.027566146026	3
10	1419	14247.098148799921	3
10	1423	14254.670358429901	3
10	1427	14291.446472326349	3
10	1433	14352.891641294799	3
10	1439	14432.177490209466	3
10	1460	14564.093682042487	3
10	1464	14588.727887745516	3
10	1465	14631.734481705249	3
10	1474	14681.469845434463	3
10	1481	14760.48900128875	3
10	1487	14839.191898894715	3
10	1488	14851.94037218837	3
10	1499	14964.273168789765	3
10	1500	15018.128938756166	3
10	1515	15155.873419032809	3
10	1518	15161.082813289777	3
10	1532	15268.777926960759	3
10	1549	15386.123109016032	3
10	1550	15386.179091939451	3
10	1556	15428.090009801116	3
10	1563	15449.706312248263	3
10	1572	15500.746958846626	3
10	1581	15545.637222680211	3
10	1586	15580.326854022156	3
10	1594	15611.082373461521	3
10	1595	15625.118932125439	3
10	1598	15635.821062580538	3
10	1609	15691.593602684199	3
10	1613	15712.524450548641	3
10	1624	15768.833968533937	3
10	1629	15803.488550387439	3
10	1632	15840.406911455505	3
10	1634	15857.227285013544	3
10	1648	15973.031705455246	3
10	1662	16100.689823457242	3
10	1669	16172.763710887919	3
10	1677	16250.215219057132	3
10	1681	16303.625670403659	3
10	1684	16335.121783410609	3
10	1686	16348.95401522644	3
10	1687	16352.470673775351	3
10	1691	16393.965907647309	3
10	1693	16434.80524095127	3
10	1715	16579.468056954048	3
10	1721	16650.232774109166	3
10	1727	16670.696437223479	3
10	1751	16864.331116348342	3
10	1758	16896.738856117197	3
10	1772	17069.960279131441	3
10	1778	17120.012080436622	3
10	1780	17178.012039194221	3
10	1784	17188.47707039096	3
10	1794	17287.665844625525	3
10	1795	17291.058037678058	3
10	1801	17325.427088354992	3
10	1804	17383.880922195136	3
10	1811	17403.098755995592	3
10	1812	17403.708905459991	3
10	1832	17548.690510297645	3
10	1837	17594.701060876623	3
10	1843	17643.608902523106	3
10	1847	17690.452151695879	3
10	1856	17768.964080491623	3
10	1861	17810.893447521764	3
10	1881	18056.749726216207	3
10	1884	18108.787642735502	3
10	1886	18119.127443089532	3
10	1904	18310.498843045919	3
10	1919	18423.677366510684	3
10	1920	18428.054387944226	3
10	1921	18435.941730924158	3
10	1922	18445.25710172129	3
10	1924	18459.574367192749	3
10	1926	18472.526845442102	3
10	1929	18476.476198229356	3
10	1954	18680.065872898173	3
10	1962	18782.997544129454	3
10	1964	18797.88818221698	3
10	1965	18803.552311029243	3
10	1966	18826.054663975902	3
10	1986	19182.873529382488	3
10	1996	19317.372948232398	3
10	2004	19483.310464138992	3
10	2005	19485.070236061476	3
10	2006	19518.874452072863	3
10	2024	19766.691347181949	3
10	2028	19818.099345694864	3
10	2029	19821.237011820385	3
10	2039	19930.459996345744	3
10	2042	19966.033646191203	3
10	2045	19995.981632994326	3
11	124	1125.50038557283	15084
11	129	1168.464295013744	15082
11	148	1342.82139616048	15081
11	157	1535.913149618106	15086
11	169	1750.609734010612	15088
11	176	1838.655083721982	15090
11	181	1873.141139523852	15091
11	191	1986.122592779042	15098
11	193	1998.260064791837	15092
11	196	2045.795824587007	15094
11	197	2063.765960287728	15095
11	214	2175.833714223861	15099
11	220	2202.746378379189	15096
11	222	2205.901555894574	15101
11	234	2295.433382087481	15100
11	235	2296.873718462545	15108
11	239	2312.811803299723	15102
11	248	2393.879281071212	15107
11	256	2445.753964091896	15103
11	265	2505.297202309394	15112
11	266	2512.36837462093	15113
11	286	2677.615014683174	15114
11	289	2702.49808946016	15111
11	293	2749.333666690083	15119
11	307	2900.365830084697	15116
11	308	2907.835533365031	15117
11	318	3009.304686400611	15122
11	323	3060.795036067028	15125
11	330	3128.616199906427	15123
11	331	3142.258754449337	15124
11	351	3523.347637826628	15127
11	353	3551.949970870364	15128
11	360	3670.443760021803	15129
11	361	3672.713593886865	15130
11	383	3929.101490591578	15137
11	386	3942.218895407363	15138
11	389	3996.506214921955	15134
11	395	4084.921077231327	15133
11	402	4158.756035929966	15140
11	407	4234.783863668088	15141
11	414	4301.675254441324	15142
11	424	4442.046714256641	15144
11	434	4594.464676951415	15143
11	439	4649.93928685824	15145
11	449	4759.31857342384	15151
11	456	4825.51213316792	15149
11	461	4900.045363432627	15153
11	462	4915.377558443028	15150
11	465	4943.571101779189	15156
11	481	5207.007774864388	15157
11	496	5468.002086088963	15161
11	497	5475.181849469039	15162
11	511	5671.184309937606	15166
11	515	5700.165054444845	15165
11	520	5798.296767615109	15164
11	527	5889.811138080593	15168
11	532	5931.217624394419	15167
11	539	6017.018038814976	15169
11	543	6078.061038929865	15170
11	552	6114.835062994251	15171
11	561	6197.041415867849	15176
11	572	6225.430274421221	15181
11	580	6298.0333797798	15184
11	583	6301.388578712476	15172
11	585	6309.241106045601	15179
11	587	6310.845401712248	15180
11	591	6364.291760773458	15174
11	593	6382.625652905359	15182
11	600	6404.326263893247	15177
11	607	6445.31962573311	15185
11	611	6494.753673637311	15186
11	613	6502.277253665498	15189
11	620	6521.078233240523	15191
11	633	6656.364903998165	15192
11	634	6670.549165187685	15193
11	656	7023.673206197816	15195
11	670	7189.263631314652	15197
11	672	7201.935972688049	15198
11	674	7207.634354180112	15201
11	676	7251.101279108653	15199
11	677	7262.021222527809	15200
11	687	7387.112506996128	15202
11	701	7495.89835009228	15203
11	716	7607.398838056955	15210
11	719	7615.68220921243	15204
11	721	7669.290568185465	15213
11	727	7704.456854635509	15214
11	738	7798.74087956981	15208
11	739	7800.803419415845	15209
11	742	7820.849214805843	15211
11	747	7880.578350535435	15216
11	775	8095.91716733811	15220
11	777	8111.517009605689	15221
11	780	8157.601241215038	15222
11	791	8267.284525785507	15223
11	792	8269.212441368637	15226
11	799	8326.232995392062	15225
11	805	8398.183147472018	15227
11	807	8410.383629441518	15228
11	808	8416.171690556761	15224
11	818	8487.687656426938	15229
11	844	8724.60096280276	15236
11	847	8765.431031930038	15233
11	856	8852.50365837698	15237
11	858	8873.652054230726	15234
11	861	8901.744734591601	15235
11	862	8914.34869381488	15238
11	870	8983.645098892569	15241
11	876	9043.670088297187	15239
11	898	9234.04132242646	15243
11	902	9256.310106307507	15245
11	904	9261.273833678485	15244
11	916	9458.518560750699	15248
11	917	9461.35101901927	15249
11	918	9472.239630203752	15246
11	919	9480.040406574999	15250
11	920	9523.163338919579	15247
11	921	9523.294526285419	15251
11	932	9656.872559930143	15253
11	938	9698.140934324064	15254
11	948	9795.860463067565	15257
11	958	9878.898301188589	15260
11	959	9887.579695056739	15255
11	965	9910.675874477965	15261
11	969	9943.545628696694	15263
11	975	9992.305251622474	15256
11	977	10009.486967716072	15258
11	984	10048.926722200465	15265
11	1000	10249.972291701613	15266
11	1008	10380.014545583701	15267
11	1026	10620.98338392768	15271
11	1028	10638.250015454963	15272
11	1040	10756.415015709987	15275
11	1044	10802.233214206822	15273
11	1050	10853.395476684369	15280
11	1066	10973.155673875374	15283
11	1079	11030.172137923667	15279
11	1087	11083.240173661618	15276
11	1089	11096.970197018726	15290
11	1091	11108.365443651885	15281
11	1094	11117.94243979556	15278
11	1095	11128.275131983594	15282
11	1097	11134.626665799673	15285
11	1098	11142.661249506857	15286
11	1103	11185.556828001662	15288
11	1105	11194.889232282453	15289
11	1112	11216.247890067511	15292
11	1113	11217.109412498673	15284
11	1152	11487.947759267889	15297
11	1155	11509.054207215712	15295
11	1156	11512.917188964805	15296
11	1166	11634.420282412137	15302
11	1168	11690.173169761043	15301
11	1170	11699.721029153027	15298
11	1193	12086.448738770867	15304
11	1194	12088.689840708002	15309
11	1207	12225.697411262906	15306
11	1211	12261.201296572111	15311
11	1221	12327.492082614083	15316
11	1228	12374.397875201529	15308
11	1230	12381.968160513527	15312
11	1233	12398.009708271231	15314
11	1235	12407.86632667397	15317
11	1242	12471.592288529552	15313
11	1250	12503.759254837191	15321
11	1272	12689.367414612696	15323
11	1274	12704.892494481317	15325
11	1276	12716.99150587379	15322
11	1282	12789.96948178028	15320
11	1288	12821.614374933614	15329
11	1289	12836.833885946893	15326
11	1291	12857.314057927064	15328
11	1312	13161.63870426563	15333
11	1316	13212.757990881849	15335
11	1318	13259.513050409812	15332
11	1321	13294.100756095937	15330
11	1333	13404.04775874498	15334
11	1342	13501.427522028045	15337
11	1345	13509.529556762767	15338
11	1348	13554.314037638925	15339
11	1350	13577.737319743992	15336
11	1353	13610.323584146363	15341
11	1356	13647.169417255022	15342
11	1358	13648.406077991297	15343
11	1372	13782.584177764559	15347
11	1377	13850.706486505518	15346
11	1383	13903.560368719961	15344
11	1387	13948.180447875043	15345
11	1397	14045.665542862214	15351
11	1404	14103.183111465131	15349
11	1407	14144.178977700041	15353
11	1411	14156.83112191296	15352
11	1412	14161.027566146026	15348
11	1419	14247.098148799921	15356
11	1423	14254.670358429901	15354
11	1427	14291.446472326349	15357
11	1433	14352.891641294799	15360
11	1439	14432.177490209466	15355
11	1460	14564.093682042487	15361
11	1464	14588.727887745516	15363
11	1465	14631.734481705249	15364
11	1474	14681.469845434463	15369
11	1481	14760.48900128875	15367
11	1487	14839.191898894715	15365
11	1488	14851.94037218837	15370
11	1499	14964.273168789765	15366
11	1500	15018.128938756166	15371
11	1515	15155.873419032809	15375
11	1518	15161.082813289777	15373
11	1532	15268.777926960759	15381
11	1549	15386.123109016032	15376
11	1550	15386.179091939451	15377
11	1556	15428.090009801116	15382
11	1563	15449.706312248263	15374
11	1572	15500.746958846626	15378
11	1581	15545.637222680211	15380
11	1586	15580.326854022156	15393
11	1594	15611.082373461521	15390
11	1595	15625.118932125439	15385
11	1598	15635.821062580538	15394
11	1609	15691.593602684199	15388
11	1613	15712.524450548641	15384
11	1624	15768.833968533937	15400
11	1629	15803.488550387439	15389
11	1632	15840.406911455505	15396
11	1634	15857.227285013544	15392
11	1648	15973.031705455246	15399
11	1662	16100.689823457242	15403
11	1669	16172.763710887919	15407
11	1677	16250.215219057132	15406
11	1681	16303.625670403659	15408
11	1684	16335.121783410609	15405
11	1686	16348.95401522644	15411
11	1687	16352.470673775351	15402
11	1691	16393.965907647309	15410
11	1693	16434.80524095127	15412
11	1715	16579.468056954048	15418
11	1721	16650.232774109166	15413
11	1727	16670.696437223479	15416
11	1751	16864.331116348342	15415
11	1758	16896.738856117197	15425
11	1772	17069.960279131441	15423
11	1778	17120.012080436622	15426
11	1780	17178.012039194221	15427
11	1784	17188.47707039096	15428
11	1794	17287.665844625525	15432
11	1795	17291.058037678058	15429
11	1801	17325.427088354992	15435
11	1804	17383.880922195136	15436
11	1811	17403.098755995592	15433
11	1812	17403.708905459991	15434
11	1832	17548.690510297645	15438
11	1837	17594.701060876623	15440
11	1843	17643.608902523106	15445
11	1847	17690.452151695879	15439
11	1856	17768.964080491623	15442
11	1861	17810.893447521764	15443
11	1881	18056.749726216207	15451
11	1884	18108.787642735502	15449
11	1886	18119.127443089532	15452
11	1904	18310.498843045919	15453
11	1919	18423.677366510684	15454
11	1920	18428.054387944226	15455
11	1921	18435.941730924158	15462
11	1922	18445.25710172129	15463
11	1924	18459.574367192749	15457
11	1926	18472.526845442102	15459
11	1929	18476.476198229356	15458
11	1954	18680.065872898173	15460
11	1962	18782.997544129454	15464
11	1964	18797.88818221698	15468
11	1965	18803.552311029243	15469
11	1966	18826.054663975902	15466
11	1986	19182.873529382488	15471
11	1996	19317.372948232398	15474
11	2004	19483.310464138992	15473
11	2005	19485.070236061476	15477
11	2006	19518.874452072863	15476
11	2024	19766.691347181949	15478
11	2028	19818.099345694864	15481
11	2029	19821.237011820385	15483
11	2039	19930.459996345744	15479
11	2042	19966.033646191203	15482
11	2045	19995.981632994326	15485
12	150	1374.464295013744	409
12	221	2204.260064791837	512
12	243	2376.416207291813	203
12	264	2501.433382087481	409
12	292	2718.36837462093	306
12	340	3292.270409295777	203
12	433	4574.541256312521	203
12	468	4986.569296713666	203
12	477	5121.377558443028	512
12	512	5674.002086088963	306
12	513	5681.181849469039	306
12	526	5877.184309937606	306
12	555	6137.217624394419	512
12	588	6320.835062994251	409
12	615	6504.0333797798	306
12	690	7395.263631314652	512
12	741	7813.398838056955	306
12	764	8004.74087956981	512
12	801	8363.601241215038	409
12	816	8473.284525785507	512
12	824	8532.232995392062	512
12	833	8604.183147472018	409
12	834	8616.383629441518	409
12	899	9249.670088297187	409
12	1049	10826.98338392768	409
12	1131	11314.365443651885	512
12	1141	11400.889232282453	409
12	1169	11693.947759267889	409
12	1270	12677.592288529552	512
12	1336	13418.757990881849	306
12	1340	13465.513050409812	512
12	1401	14056.706486505518	409
12	1491	14887.469845434463	306
12	1588	15592.123109016032	512
12	1589	15592.179091939451	512
12	1596	15634.090009801116	409
12	1597	15635.525205105056	203
12	1640	15897.593602684199	512
12	1717	16599.965907647309	409
12	1823	17493.665844625525	306
12	1876	17974.964080491623	512
12	1900	18262.749726216207	409
12	1977	19009.552311029243	409
12	1978	19032.054663975902	512
12	1999	19388.873529382488	409
13	150	1374.464295013744	9
13	221	2204.260064791837	12
13	243	2376.416207291813	3
13	264	2501.433382087481	9
13	292	2718.36837462093	6
13	340	3292.270409295777	3
13	433	4574.541256312521	3
13	468	4986.569296713666	3
13	477	5121.377558443028	12
13	512	5674.002086088963	6
13	513	5681.181849469039	6
13	526	5877.184309937606	6
13	555	6137.217624394419	12
13	588	6320.835062994251	9
13	615	6504.0333797798	6
13	690	7395.263631314652	12
13	741	7813.398838056955	6
13	764	8004.74087956981	12
13	801	8363.601241215038	9
13	816	8473.284525785507	12
13	824	8532.232995392062	12
13	833	8604.183147472018	9
13	834	8616.383629441518	9
13	899	9249.670088297187	9
13	1049	10826.98338392768	9
13	1131	11314.365443651885	12
13	1141	11400.889232282453	9
13	1169	11693.947759267889	9
13	1270	12677.592288529552	12
13	1336	13418.757990881849	6
13	1340	13465.513050409812	12
13	1401	14056.706486505518	9
13	1491	14887.469845434463	6
13	1588	15592.123109016032	12
13	1589	15592.179091939451	12
13	1596	15634.090009801116	9
13	1597	15635.525205105056	3
13	1640	15897.593602684199	12
13	1717	16599.965907647309	9
13	1823	17493.665844625525	6
13	1876	17974.964080491623	12
13	1900	18262.749726216207	9
13	1977	19009.552311029243	9
13	1978	19032.054663975902	12
13	1999	19388.873529382488	9
14	150	1374.464295013744	3
14	221	2204.260064791837	4
14	243	2376.416207291813	1
14	264	2501.433382087481	3
14	292	2718.36837462093	2
14	340	3292.270409295777	1
14	433	4574.541256312521	1
14	468	4986.569296713666	1
14	477	5121.377558443028	4
14	512	5674.002086088963	2
14	513	5681.181849469039	2
14	526	5877.184309937606	2
14	555	6137.217624394419	4
14	588	6320.835062994251	3
14	615	6504.0333797798	2
14	690	7395.263631314652	4
14	741	7813.398838056955	2
14	764	8004.74087956981	4
14	801	8363.601241215038	3
14	816	8473.284525785507	4
14	824	8532.232995392062	4
14	833	8604.183147472018	3
14	834	8616.383629441518	3
14	899	9249.670088297187	3
14	1049	10826.98338392768	3
14	1131	11314.365443651885	4
14	1141	11400.889232282453	3
14	1169	11693.947759267889	3
14	1270	12677.592288529552	4
14	1336	13418.757990881849	2
14	1340	13465.513050409812	4
14	1401	14056.706486505518	3
14	1491	14887.469845434463	2
14	1588	15592.123109016032	4
14	1589	15592.179091939451	4
14	1596	15634.090009801116	3
14	1597	15635.525205105056	1
14	1640	15897.593602684199	4
14	1717	16599.965907647309	3
14	1823	17493.665844625525	2
14	1876	17974.964080491623	4
14	1900	18262.749726216207	3
14	1977	19009.552311029243	3
14	1978	19032.054663975902	4
14	1999	19388.873529382488	3
15	208	2147.655083721982	512
15	302	2814.297202309394	512
15	322	3058.333666690083	409
15	326	3099.419545678968	306
15	342	3318.304686400611	409
15	411	4251.218895407363	409
15	474	5068.31857342384	409
15	485	5252.571101779189	409
15	506	5588.485117242331	306
15	565	6198.811138080593	409
15	566	6199.656557600523	203
15	635	6691.625652905359	512
15	657	7032.914129200362	306
15	667	7150.705423184855	306
15	706	7521.317441886988	306
15	724	7694.956508821989	306
15	806	8404.91716733811	512
15	809	8420.517009605689	512
15	849	8796.687656426938	512
15	875	9033.60096280276	512
15	897	9223.34869381488	409
15	1010	10383.284808235333	306
15	1022	10558.972291701613	512
15	1137	11351.196304981292	306
15	1158	11525.247890067511	512
15	1160	11583.904795998768	203
15	1267	12649.63785882155	306
15	1286	12812.759254837191	409
15	1313	13166.314057927064	512
15	1459	14563.670358429901	512
15	1635	15867.280664755625	203
15	1639	15889.326854022156	409
15	1643	15920.082373461521	512
15	1731	16741.256228489426	306
15	1821	17490.636572046219	306
15	1850	17716.905779643923	203
15	1851	17741.872922873333	306
15	1855	17761.36926555639	203
15	1872	17952.608902523106	409
15	1923	18456.579842319474	306
15	1983	19106.88818221698	512
15	1987	19193.884176915555	203
15	2001	19417.332776660412	203
16	208	2147.655083721982	12
16	302	2814.297202309394	12
16	322	3058.333666690083	9
16	326	3099.419545678968	6
16	342	3318.304686400611	9
16	411	4251.218895407363	9
16	474	5068.31857342384	9
16	485	5252.571101779189	9
16	506	5588.485117242331	6
16	565	6198.811138080593	9
16	566	6199.656557600523	3
16	635	6691.625652905359	12
16	657	7032.914129200362	6
16	667	7150.705423184855	6
16	706	7521.317441886988	6
16	724	7694.956508821989	6
16	806	8404.91716733811	12
16	809	8420.517009605689	12
16	849	8796.687656426938	12
16	875	9033.60096280276	12
16	897	9223.34869381488	9
16	1010	10383.284808235333	6
16	1022	10558.972291701613	12
16	1137	11351.196304981292	6
16	1158	11525.247890067511	12
16	1160	11583.904795998768	3
16	1267	12649.63785882155	6
16	1286	12812.759254837191	9
16	1313	13166.314057927064	12
16	1459	14563.670358429901	12
16	1635	15867.280664755625	3
16	1639	15889.326854022156	9
16	1643	15920.082373461521	12
16	1731	16741.256228489426	6
16	1821	17490.636572046219	6
16	1850	17716.905779643923	3
16	1851	17741.872922873333	6
16	1855	17761.36926555639	3
16	1872	17952.608902523106	9
16	1923	18456.579842319474	6
16	1983	19106.88818221698	12
16	1987	19193.884176915555	3
16	2001	19417.332776660412	3
17	208	2147.655083721982	4
17	302	2814.297202309394	4
17	322	3058.333666690083	3
17	326	3099.419545678968	2
17	342	3318.304686400611	3
17	411	4251.218895407363	3
17	474	5068.31857342384	3
17	485	5252.571101779189	3
17	506	5588.485117242331	2
17	565	6198.811138080593	3
17	566	6199.656557600523	1
17	635	6691.625652905359	4
17	657	7032.914129200362	2
17	667	7150.705423184855	2
17	706	7521.317441886988	2
17	724	7694.956508821989	2
17	806	8404.91716733811	4
17	809	8420.517009605689	4
17	849	8796.687656426938	4
17	875	9033.60096280276	4
17	897	9223.34869381488	3
17	1010	10383.284808235333	2
17	1022	10558.972291701613	4
17	1137	11351.196304981292	2
17	1158	11525.247890067511	4
17	1160	11583.904795998768	1
17	1267	12649.63785882155	2
17	1286	12812.759254837191	3
17	1313	13166.314057927064	4
17	1459	14563.670358429901	4
17	1635	15867.280664755625	1
17	1639	15889.326854022156	3
17	1643	15920.082373461521	4
17	1731	16741.256228489426	2
17	1821	17490.636572046219	2
17	1850	17716.905779643923	1
17	1851	17741.872922873333	2
17	1855	17761.36926555639	1
17	1872	17952.608902523106	3
17	1923	18456.579842319474	2
17	1983	19106.88818221698	4
17	1987	19193.884176915555	1
17	2001	19417.332776660412	1
18	108	1005.123821125587	409
18	110	1022.060051890412	512
18	132	1188.080040700297	512
18	136	1216.024847810312	409
18	194	2012.623980408308	306
18	211	2167.298901474351	306
18	233	2295.122592779042	409
18	283	2621.811803299723	512
18	346	3369.795036067028	409
18	373	3821.938833499941	203
18	382	3902.947454988404	203
18	385	3935.750100074475	203
18	467	4965.339608259066	306
18	478	5123.174916842655	306
18	483	5209.045363432627	512
18	494	5446.579451970364	306
18	537	6009.165054444845	512
18	575	6273.315391103499	203
18	616	6506.041415867849	409
18	639	6754.31962573311	512
18	642	6811.277253665498	409
18	653	6979.549165187685	409
18	708	7560.101279108653	512
18	710	7571.021222527809	512
18	732	7732.960661389958	203
18	759	7978.290568185465	409
18	837	8646.940266741702	203
18	883	9094.76356437402	203
18	893	9161.50365837698	409
18	972	9965.872559930143	409
18	1001	10252.545628696694	409
18	1120	11282.155673875374	409
18	1129	11308.255732845779	306
18	1143	11405.970197018726	409
18	1148	11443.626665799673	512
18	1149	11451.661249506857	512
18	1154	11507.252820729876	306
18	1157	11516.985507615384	203
18	1231	12395.448738770867	512
18	1232	12397.689840708002	409
18	1375	13818.529556762767	512
18	1380	13863.314037638925	512
18	1384	13919.323584146363	512
18	1391	13957.406077991297	409
18	1403	14091.584177764559	409
18	1517	15160.94037218837	409
18	1565	15464.873419032809	409
18	1578	15535.408523716017	306
18	1585	15577.777926960759	409
18	1628	15797.85540662923	203
18	1636	15869.495323648848	203
18	1660	16077.833968533937	409
18	1752	16871.389281534464	306
18	1766	16979.696437223479	512
18	1813	17425.900590272054	306
18	1824	17497.47707039096	512
18	1960	18754.25710172129	409
18	2016	19626.372948232398	512
19	108	1005.123821125587	9
19	110	1022.060051890412	12
19	132	1188.080040700297	12
19	136	1216.024847810312	9
19	194	2012.623980408308	6
19	211	2167.298901474351	6
19	233	2295.122592779042	9
19	283	2621.811803299723	12
19	346	3369.795036067028	9
19	373	3821.938833499941	3
19	382	3902.947454988404	3
19	385	3935.750100074475	3
19	467	4965.339608259066	6
19	478	5123.174916842655	6
19	483	5209.045363432627	12
19	494	5446.579451970364	6
19	537	6009.165054444845	12
19	575	6273.315391103499	3
19	616	6506.041415867849	9
19	639	6754.31962573311	12
19	642	6811.277253665498	9
19	653	6979.549165187685	9
19	708	7560.101279108653	12
19	710	7571.021222527809	12
19	732	7732.960661389958	3
19	759	7978.290568185465	9
19	837	8646.940266741702	3
19	883	9094.76356437402	3
19	893	9161.50365837698	9
19	972	9965.872559930143	9
19	1001	10252.545628696694	9
19	1120	11282.155673875374	9
19	1129	11308.255732845779	6
19	1143	11405.970197018726	9
19	1148	11443.626665799673	12
19	1149	11451.661249506857	12
19	1154	11507.252820729876	6
19	1157	11516.985507615384	3
19	1231	12395.448738770867	12
19	1232	12397.689840708002	9
19	1375	13818.529556762767	12
19	1380	13863.314037638925	12
19	1384	13919.323584146363	12
19	1391	13957.406077991297	9
19	1403	14091.584177764559	9
19	1517	15160.94037218837	9
19	1565	15464.873419032809	9
19	1578	15535.408523716017	6
19	1585	15577.777926960759	9
19	1628	15797.85540662923	3
19	1636	15869.495323648848	3
19	1660	16077.833968533937	9
19	1752	16871.389281534464	6
19	1766	16979.696437223479	12
19	1813	17425.900590272054	6
19	1824	17497.47707039096	12
19	1960	18754.25710172129	9
19	2016	19626.372948232398	12
20	108	1005.123821125587	3
20	110	1022.060051890412	4
20	132	1188.080040700297	4
20	136	1216.024847810312	3
20	194	2012.623980408308	2
20	211	2167.298901474351	2
20	233	2295.122592779042	3
20	283	2621.811803299723	4
20	346	3369.795036067028	3
20	373	3821.938833499941	1
20	382	3902.947454988404	1
20	385	3935.750100074475	1
20	467	4965.339608259066	2
20	478	5123.174916842655	2
20	483	5209.045363432627	4
20	494	5446.579451970364	2
20	537	6009.165054444845	4
20	575	6273.315391103499	1
20	616	6506.041415867849	3
20	639	6754.31962573311	4
20	642	6811.277253665498	3
20	653	6979.549165187685	3
20	708	7560.101279108653	4
20	710	7571.021222527809	4
20	732	7732.960661389958	1
20	759	7978.290568185465	3
20	837	8646.940266741702	1
20	883	9094.76356437402	1
20	893	9161.50365837698	3
20	972	9965.872559930143	3
20	1001	10252.545628696694	3
20	1120	11282.155673875374	3
20	1129	11308.255732845779	2
20	1143	11405.970197018726	3
20	1148	11443.626665799673	4
20	1149	11451.661249506857	4
20	1154	11507.252820729876	2
20	1157	11516.985507615384	1
20	1231	12395.448738770867	4
20	1232	12397.689840708002	3
20	1375	13818.529556762767	4
20	1380	13863.314037638925	4
20	1384	13919.323584146363	4
20	1391	13957.406077991297	3
20	1403	14091.584177764559	3
20	1517	15160.94037218837	3
20	1565	15464.873419032809	3
20	1578	15535.408523716017	2
20	1585	15577.777926960759	3
20	1628	15797.85540662923	1
20	1636	15869.495323648848	1
20	1660	16077.833968533937	3
20	1752	16871.389281534464	2
20	1766	16979.696437223479	4
20	1813	17425.900590272054	2
20	1824	17497.47707039096	4
20	1960	18754.25710172129	3
20	2016	19626.372948232398	4
21	126	1134.595301626899	306
21	134	1210.982412285476	409
21	143	1279.170793903947	409
21	144	1291.238580082566	409
21	149	1369.496213127816	306
21	274	2587.833714223861	512
21	276	2598.321859594899	409
21	310	2914.339930351877	306
21	333	3176.938173714464	409
21	377	3854.367894372588	306
21	418	4341.101490591578	512
21	524	5856.075995583081	409
21	602	6407.412721964456	306
21	624	6582.274684216364	203
21	630	6615.332947831977	306
21	637	6709.547020217478	306
21	661	7068.364903998165	512
21	774	8085.658217283177	409
21	838	8652.656637687235	306
21	903	9257.989143720047	409
21	961	9892.040406574999	512
21	992	10143.517687827508	409
21	1015	10460.926722200465	512
21	1037	10729.302089885543	409
21	1101	11162.50525156693	203
21	1119	11265.395476684369	512
21	1177	11840.654615610144	203
21	1224	12347.072403536424	306
21	1225	12354.496996465414	409
21	1278	12732.629077104464	409
21	1317	13217.778072145161	306
21	1444	14457.665542862214	512
21	1454	14550.332833743099	306
21	1468	14646.034824572956	409
21	1471	14659.098148799921	512
21	1492	14892.272913102201	409
21	1502	15043.734481705249	512
21	1618	15750.230772589666	409
21	1663	16105.39724649297	409
21	1682	16320.996521540663	306
21	1701	16472.333792057279	306
21	1746	16846.80524095127	512
21	1755	16884.329384159496	409
21	1756	16887.400688492058	203
21	1771	17058.697120229773	409
21	1875	17972.781931490331	203
21	1891	18160.250273597365	409
21	1946	18617.48151985531	306
21	1961	18773.29813789864	306
21	1967	18847.941730924158	512
21	2025	19769.391587897011	203
22	126	1134.595301626899	6
22	134	1210.982412285476	9
22	143	1279.170793903947	9
22	144	1291.238580082566	9
22	149	1369.496213127816	6
22	274	2587.833714223861	12
22	276	2598.321859594899	9
22	310	2914.339930351877	6
22	333	3176.938173714464	9
22	377	3854.367894372588	6
22	418	4341.101490591578	12
22	524	5856.075995583081	9
22	602	6407.412721964456	6
22	624	6582.274684216364	3
22	630	6615.332947831977	6
22	637	6709.547020217478	6
22	661	7068.364903998165	12
22	774	8085.658217283177	9
22	838	8652.656637687235	6
22	903	9257.989143720047	9
22	961	9892.040406574999	12
22	992	10143.517687827508	9
22	1015	10460.926722200465	12
22	1037	10729.302089885543	9
22	1101	11162.50525156693	3
22	1119	11265.395476684369	12
22	1177	11840.654615610144	3
22	1224	12347.072403536424	6
22	1225	12354.496996465414	9
22	1278	12732.629077104464	9
22	1317	13217.778072145161	6
22	1444	14457.665542862214	12
22	1454	14550.332833743099	6
22	1468	14646.034824572956	9
22	1471	14659.098148799921	12
22	1492	14892.272913102201	9
22	1502	15043.734481705249	12
22	1618	15750.230772589666	9
22	1663	16105.39724649297	9
22	1682	16320.996521540663	6
22	1701	16472.333792057279	6
22	1746	16846.80524095127	12
22	1755	16884.329384159496	9
22	1756	16887.400688492058	3
22	1771	17058.697120229773	9
22	1875	17972.781931490331	3
22	1891	18160.250273597365	9
22	1946	18617.48151985531	6
22	1961	18773.29813789864	6
22	1967	18847.941730924158	12
22	2025	19769.391587897011	3
23	126	1134.595301626899	2
23	134	1210.982412285476	3
23	143	1279.170793903947	3
23	144	1291.238580082566	3
23	149	1369.496213127816	2
23	274	2587.833714223861	4
23	276	2598.321859594899	3
23	310	2914.339930351877	2
23	333	3176.938173714464	3
23	377	3854.367894372588	2
23	418	4341.101490591578	4
23	524	5856.075995583081	3
23	602	6407.412721964456	2
23	624	6582.274684216364	1
23	630	6615.332947831977	2
23	637	6709.547020217478	2
23	661	7068.364903998165	4
23	774	8085.658217283177	3
23	838	8652.656637687235	2
23	903	9257.989143720047	3
23	961	9892.040406574999	4
23	992	10143.517687827508	3
23	1015	10460.926722200465	4
23	1037	10729.302089885543	3
23	1101	11162.50525156693	1
23	1119	11265.395476684369	4
23	1177	11840.654615610144	1
23	1224	12347.072403536424	2
23	1225	12354.496996465414	3
23	1278	12732.629077104464	3
23	1317	13217.778072145161	2
23	1444	14457.665542862214	4
23	1454	14550.332833743099	2
23	1468	14646.034824572956	3
23	1471	14659.098148799921	4
23	1492	14892.272913102201	3
23	1502	15043.734481705249	4
23	1618	15750.230772589666	3
23	1663	16105.39724649297	3
23	1682	16320.996521540663	2
23	1701	16472.333792057279	2
23	1746	16846.80524095127	4
23	1755	16884.329384159496	3
23	1756	16887.400688492058	1
23	1771	17058.697120229773	3
23	1875	17972.781931490331	1
23	1891	18160.250273597365	3
23	1946	18617.48151985531	2
23	1961	18773.29813789864	2
23	1967	18847.941730924158	4
23	2025	19769.391587897011	1
24	111	1022.546844543302	512
24	151	1380.902594619024	409
24	156	1518.381096939322	306
24	259	2481.077942967954	306
24	269	2537.682132073101	306
24	271	2563.804099820935	306
24	282	2617.901555894574	512
24	295	2773.210017917138	203
24	453	4807.171486265893	306
24	501	5514.738529513675	306
24	612	6499.674626301888	306
24	729	7717.782092759976	306
24	778	8116.456854635509	512
24	782	8167.159638710214	306
24	841	8681.212441368637	512
24	855	8850.506130505925	409
24	967	9935.294526285419	512
24	995	10149.988296175695	306
24	999	10221.600214719657	409
24	1024	10583.894379314233	203
24	1068	10980.8063360132	409
24	1195	12093.769736568303	203
24	1254	12527.714152901321	306
24	1284	12807.771417429107	306
24	1360	13659.946596912068	306
24	1417	14238.177263545699	306
24	1530	15260.885847915249	306
24	1557	15430.128938756166	512
24	1620	15762.149529682178	409
24	1657	16047.821062580538	512
24	1716	16584.763710887919	512
24	1761	16962.855051049743	409
24	1762	16965.995953513279	306
24	1768	16991.468056954048	512
24	1799	17308.738856117197	512
24	1880	18043.110381086452	203
24	1993	19303.287231073053	409
25	111	1022.546844543302	12
25	151	1380.902594619024	9
25	156	1518.381096939322	6
25	259	2481.077942967954	6
25	269	2537.682132073101	6
25	271	2563.804099820935	6
25	282	2617.901555894574	12
25	295	2773.210017917138	3
25	453	4807.171486265893	6
25	501	5514.738529513675	6
25	612	6499.674626301888	6
25	729	7717.782092759976	6
25	778	8116.456854635509	12
25	782	8167.159638710214	6
25	841	8681.212441368637	12
25	855	8850.506130505925	9
25	967	9935.294526285419	12
25	995	10149.988296175695	6
25	999	10221.600214719657	9
25	1024	10583.894379314233	3
25	1068	10980.8063360132	9
25	1195	12093.769736568303	3
25	1254	12527.714152901321	6
25	1284	12807.771417429107	6
25	1360	13659.946596912068	6
25	1417	14238.177263545699	6
25	1530	15260.885847915249	6
25	1557	15430.128938756166	12
25	1620	15762.149529682178	9
25	1657	16047.821062580538	12
25	1716	16584.763710887919	12
25	1761	16962.855051049743	9
25	1762	16965.995953513279	6
25	1768	16991.468056954048	12
25	1799	17308.738856117197	12
25	1880	18043.110381086452	3
25	1993	19303.287231073053	9
26	111	1022.546844543302	4
26	151	1380.902594619024	3
26	156	1518.381096939322	2
26	259	2481.077942967954	2
26	269	2537.682132073101	2
26	271	2563.804099820935	2
26	282	2617.901555894574	4
26	295	2773.210017917138	1
26	453	4807.171486265893	2
26	501	5514.738529513675	2
26	612	6499.674626301888	2
26	729	7717.782092759976	2
26	778	8116.456854635509	4
26	782	8167.159638710214	2
26	841	8681.212441368637	4
26	855	8850.506130505925	3
26	967	9935.294526285419	4
26	995	10149.988296175695	2
26	999	10221.600214719657	3
26	1024	10583.894379314233	1
26	1068	10980.8063360132	3
26	1195	12093.769736568303	1
26	1254	12527.714152901321	2
26	1284	12807.771417429107	2
26	1360	13659.946596912068	2
26	1417	14238.177263545699	2
26	1530	15260.885847915249	2
26	1557	15430.128938756166	4
26	1620	15762.149529682178	3
26	1657	16047.821062580538	4
26	1716	16584.763710887919	4
26	1761	16962.855051049743	3
26	1762	16965.995953513279	2
26	1768	16991.468056954048	4
26	1799	17308.738856117197	4
26	1880	18043.110381086452	1
26	1993	19303.287231073053	3
27	155	1445.82139616048	512
27	209	2148.795824587007	409
27	250	2399.873718462545	203
27	270	2548.753964091896	409
27	338	3245.258754449337	306
27	359	3654.949970870364	306
27	404	4187.921077231327	512
27	464	4928.51213316792	409
27	488	5310.007774864388	306
27	626	6597.753673637311	306
27	665	7126.673206197816	306
27	698	7490.112506996128	306
27	731	7718.68220921243	512
27	761	7983.578350535435	306
27	857	8868.431031930038	409
27	910	9359.310106307507	306
27	911	9364.273833678485	409
27	925	9564.35101901927	409
27	973	9981.898301188589	203
27	988	10095.305251622474	409
27	989	10112.486967716072	409
27	1038	10741.250015454963	306
27	1096	11133.172137923667	409
27	1104	11186.240173661618	512
27	1114	11220.94243979556	512
27	1122	11288.556828001662	306
27	1175	11802.721029153027	512
27	1222	12328.697411262906	409
27	1243	12477.397875201529	512
27	1247	12501.009708271231	306
27	1293	12892.96948178028	512
27	1331	13397.100756095937	512
27	1343	13507.04775874498	409
27	1369	13750.169417255022	306
27	1394	14006.560368719961	409
27	1398	14051.180447875043	409
27	1425	14259.83112191296	306
27	1472	14667.093682042487	409
27	1490	14863.48900128875	306
27	1495	14942.191898894715	409
27	1507	15067.273168789765	512
27	1583	15552.706312248263	512
27	1592	15603.746958846626	512
27	1601	15648.637222680211	512
27	1630	15815.524450548641	512
27	1642	15906.488550387439	512
27	1659	16076.031705455246	409
27	1699	16455.470673775351	512
27	1734	16753.232774109166	409
27	1764	16967.331116348342	512
27	1779	17172.960279131441	512
27	1789	17223.012080436622	409
27	1791	17281.012039194221	409
27	1858	17793.452151695879	409
27	1897	18222.127443089532	306
27	1943	18579.476198229356	409
27	2015	19621.874452072863	306
27	2036	19921.099345694864	306
28	155	1445.82139616048	12
28	209	2148.795824587007	9
28	250	2399.873718462545	3
28	270	2548.753964091896	9
28	338	3245.258754449337	6
28	359	3654.949970870364	6
28	404	4187.921077231327	12
28	464	4928.51213316792	9
28	488	5310.007774864388	6
28	626	6597.753673637311	6
28	665	7126.673206197816	6
28	698	7490.112506996128	6
28	731	7718.68220921243	12
28	761	7983.578350535435	6
28	857	8868.431031930038	9
28	910	9359.310106307507	6
28	911	9364.273833678485	9
28	925	9564.35101901927	9
28	973	9981.898301188589	3
28	988	10095.305251622474	9
28	989	10112.486967716072	9
28	1038	10741.250015454963	6
28	1096	11133.172137923667	9
28	1104	11186.240173661618	12
28	1114	11220.94243979556	12
28	1122	11288.556828001662	6
28	1175	11802.721029153027	12
28	1222	12328.697411262906	9
28	1243	12477.397875201529	12
28	1247	12501.009708271231	6
28	1293	12892.96948178028	12
28	1331	13397.100756095937	12
28	1343	13507.04775874498	9
28	1369	13750.169417255022	6
28	1394	14006.560368719961	9
28	1398	14051.180447875043	9
28	1425	14259.83112191296	6
28	1472	14667.093682042487	9
28	1490	14863.48900128875	6
28	1495	14942.191898894715	9
28	1507	15067.273168789765	12
28	1583	15552.706312248263	12
28	1592	15603.746958846626	12
28	1601	15648.637222680211	12
28	1630	15815.524450548641	12
28	1642	15906.488550387439	12
28	1659	16076.031705455246	9
28	1699	16455.470673775351	12
28	1734	16753.232774109166	9
28	1764	16967.331116348342	12
28	1779	17172.960279131441	12
28	1789	17223.012080436622	9
28	1791	17281.012039194221	9
28	1858	17793.452151695879	9
28	1897	18222.127443089532	6
28	1943	18579.476198229356	9
28	2015	19621.874452072863	6
28	2036	19921.099345694864	6
29	155	1445.82139616048	4
29	209	2148.795824587007	3
29	250	2399.873718462545	1
29	270	2548.753964091896	3
29	338	3245.258754449337	2
29	359	3654.949970870364	2
29	404	4187.921077231327	4
29	464	4928.51213316792	3
29	488	5310.007774864388	2
29	626	6597.753673637311	2
29	665	7126.673206197816	2
29	698	7490.112506996128	2
29	731	7718.68220921243	4
29	761	7983.578350535435	2
29	857	8868.431031930038	3
29	910	9359.310106307507	2
29	911	9364.273833678485	3
29	925	9564.35101901927	3
29	973	9981.898301188589	1
29	988	10095.305251622474	3
29	989	10112.486967716072	3
29	1038	10741.250015454963	2
29	1096	11133.172137923667	3
29	1104	11186.240173661618	4
29	1114	11220.94243979556	4
29	1122	11288.556828001662	2
29	1175	11802.721029153027	4
29	1222	12328.697411262906	3
29	1243	12477.397875201529	4
29	1247	12501.009708271231	2
29	1293	12892.96948178028	4
29	1331	13397.100756095937	4
29	1343	13507.04775874498	3
29	1369	13750.169417255022	2
29	1394	14006.560368719961	3
29	1398	14051.180447875043	3
29	1425	14259.83112191296	2
29	1472	14667.093682042487	3
29	1490	14863.48900128875	2
29	1495	14942.191898894715	3
29	1507	15067.273168789765	4
29	1583	15552.706312248263	4
29	1592	15603.746958846626	4
29	1601	15648.637222680211	4
29	1630	15815.524450548641	4
29	1642	15906.488550387439	4
29	1659	16076.031705455246	3
29	1699	16455.470673775351	4
29	1734	16753.232774109166	3
29	1764	16967.331116348342	4
29	1779	17172.960279131441	4
29	1789	17223.012080436622	3
29	1791	17281.012039194221	3
29	1858	17793.452151695879	3
29	1897	18222.127443089532	2
29	1943	18579.476198229356	3
29	2015	19621.874452072863	2
29	2036	19921.099345694864	2
30	161	1638.913149618106	512
30	178	1853.609734010612	409
30	210	2166.765960287728	409
30	237	2305.746378379189	512
30	263	2496.879281071212	306
30	300	2805.49808946016	512
30	357	3626.347637826628	409
30	422	4404.675254441324	306
30	431	4545.046714256641	306
30	443	4697.464676951415	512
30	448	4752.93928685824	512
30	528	5901.296767615109	409
30	589	6328.430274421221	203
30	601	6404.388578712476	409
30	604	6412.241106045601	306
30	608	6467.291760773458	409
30	631	6624.078233240523	203
30	681	7304.935972688049	306
30	714	7598.89835009228	409
30	822	8519.171690556761	512
30	869	8976.652054230726	512
30	872	9004.744734591601	512
30	907	9337.04132242646	409
30	926	9575.239630203752	512
30	930	9626.163338919579	512
30	1017	10483.014545583701	409
30	1051	10859.415015709987	203
30	1133	11320.109412498673	409
30	1165	11615.917188964805	409
30	1239	12430.492082614083	203
30	1285	12807.892494481317	306
30	1297	12924.614374933614	203
30	1361	13680.737319743992	409
30	1420	14247.178977700041	203
30	1531	15264.082813289777	306
30	1615	15728.118932125439	409
30	1647	15960.227285013544	512
30	1672	16203.689823457242	203
30	1688	16353.215219057132	306
30	1692	16406.625670403659	306
30	1695	16438.121783410609	409
30	1809	17394.058037678058	306
30	1814	17428.427088354992	203
30	1933	18526.677366510684	409
30	1934	18531.054387944226	409
30	1940	18575.526845442102	306
30	1963	18783.065872898173	512
30	1968	18885.997544129454	512
30	2011	19586.310464138992	512
30	2012	19588.070236061476	203
30	2033	19869.691347181949	409
31	161	1638.913149618106	12
31	178	1853.609734010612	9
31	210	2166.765960287728	9
31	237	2305.746378379189	12
31	263	2496.879281071212	6
31	300	2805.49808946016	12
31	357	3626.347637826628	9
31	422	4404.675254441324	6
31	431	4545.046714256641	6
31	443	4697.464676951415	12
31	448	4752.93928685824	12
31	528	5901.296767615109	9
31	589	6328.430274421221	3
31	601	6404.388578712476	9
31	604	6412.241106045601	6
31	608	6467.291760773458	9
31	631	6624.078233240523	3
31	681	7304.935972688049	6
31	714	7598.89835009228	9
31	822	8519.171690556761	12
31	869	8976.652054230726	12
31	872	9004.744734591601	12
31	907	9337.04132242646	9
31	926	9575.239630203752	12
31	930	9626.163338919579	12
31	1017	10483.014545583701	9
31	1051	10859.415015709987	3
31	1133	11320.109412498673	9
31	1165	11615.917188964805	9
31	1239	12430.492082614083	3
31	1285	12807.892494481317	6
31	1297	12924.614374933614	3
31	1361	13680.737319743992	9
31	1420	14247.178977700041	3
31	1531	15264.082813289777	6
31	1615	15728.118932125439	9
31	1647	15960.227285013544	12
31	1672	16203.689823457242	3
31	1688	16353.215219057132	6
31	1692	16406.625670403659	6
31	1695	16438.121783410609	9
31	1809	17394.058037678058	6
31	1814	17428.427088354992	3
31	1933	18526.677366510684	9
31	1934	18531.054387944226	9
31	1940	18575.526845442102	6
31	1963	18783.065872898173	12
31	1968	18885.997544129454	12
31	2011	19586.310464138992	12
31	2012	19588.070236061476	3
31	2033	19869.691347181949	9
32	161	1638.913149618106	4
32	178	1853.609734010612	3
32	210	2166.765960287728	3
32	237	2305.746378379189	4
32	263	2496.879281071212	2
32	300	2805.49808946016	4
32	357	3626.347637826628	3
32	422	4404.675254441324	2
32	431	4545.046714256641	2
32	443	4697.464676951415	4
32	448	4752.93928685824	4
32	528	5901.296767615109	3
32	589	6328.430274421221	1
32	601	6404.388578712476	3
32	604	6412.241106045601	2
32	608	6467.291760773458	3
32	631	6624.078233240523	1
32	681	7304.935972688049	2
32	714	7598.89835009228	3
32	822	8519.171690556761	4
32	869	8976.652054230726	4
32	872	9004.744734591601	4
32	907	9337.04132242646	3
32	926	9575.239630203752	4
32	930	9626.163338919579	4
32	1017	10483.014545583701	3
32	1051	10859.415015709987	1
32	1133	11320.109412498673	3
32	1165	11615.917188964805	3
32	1239	12430.492082614083	1
32	1285	12807.892494481317	2
32	1297	12924.614374933614	1
32	1361	13680.737319743992	3
32	1420	14247.178977700041	1
32	1531	15264.082813289777	2
32	1615	15728.118932125439	3
32	1647	15960.227285013544	4
32	1672	16203.689823457242	1
32	1688	16353.215219057132	2
32	1692	16406.625670403659	2
32	1695	16438.121783410609	3
32	1809	17394.058037678058	2
32	1814	17428.427088354992	1
32	1933	18526.677366510684	3
32	1934	18531.054387944226	3
32	1940	18575.526845442102	2
32	1963	18783.065872898173	4
32	1968	18885.997544129454	4
32	2011	19586.310464138992	4
32	2012	19588.070236061476	1
32	2033	19869.691347181949	3
33	113	1027.591078856439	203
33	147	1331.50038557283	306
33	173	1793.497759011368	203
33	200	2079.141139523852	409
33	305	2883.615014683174	409
33	327	3106.365830084697	512
33	329	3113.835533365031	512
33	343	3334.616199906427	409
33	378	3876.443760021803	512
33	379	3878.713593886865	409
33	400	4136.341545035988	203
33	406	4202.506214921955	512
33	419	4364.756035929966	409
33	423	4440.783863668088	409
33	444	4697.826683377016	203
33	571	6223.018038814976	409
33	577	6284.061038929865	409
33	619	6516.845401712248	409
33	629	6610.326263893247	512
33	693	7413.634354180112	306
33	755	7941.444886830029	203
33	763	7996.184913173536	203
33	765	8006.803419415845	512
33	770	8026.849214805843	512
33	895	9189.645098892569	306
33	933	9664.518560750699	512
33	940	9727.282897655352	203
33	963	9904.140934324064	306
33	976	10001.860463067565	306
33	987	10093.579695056739	409
33	990	10116.675874477965	306
33	1055	10887.079270104031	203
33	1074	11008.233214206822	512
33	1134	11334.275131983594	512
33	1171	11715.054207215712	512
33	1176	11840.420282412137	306
33	1180	11896.173169761043	409
33	1241	12467.201296572111	409
33	1259	12587.968160513527	512
33	1263	12613.86632667397	306
33	1290	12854.859020569434	203
33	1294	12895.367414612696	409
33	1296	12922.99150587379	512
33	1303	13042.833885946893	409
33	1329	13367.63870426563	306
33	1364	13707.427522028045	409
33	1428	14309.183111465131	409
33	1437	14367.027566146026	512
33	1449	14497.446472326349	306
33	1458	14558.891641294799	306
33	1467	14638.177490209466	512
33	1482	14776.306570676785	203
33	1485	14794.727887745516	306
33	1541	15332.863069014888	203
33	1655	16046.406911455505	409
33	1710	16554.95401522644	306
33	1830	17542.915107592861	203
33	1836	17589.880922195136	306
33	1839	17609.098755995592	409
33	1840	17609.708905459991	409
33	1854	17754.690510297645	409
33	1859	17800.701060876623	409
33	1879	18016.893447521764	512
33	1906	18314.787642735502	512
33	1931	18516.498843045919	409
33	1951	18665.574367192749	512
33	1958	18740.142797623617	203
34	113	1027.591078856439	3
34	147	1331.50038557283	6
34	173	1793.497759011368	3
34	200	2079.141139523852	9
34	305	2883.615014683174	9
34	327	3106.365830084697	12
34	329	3113.835533365031	12
34	343	3334.616199906427	9
34	378	3876.443760021803	12
34	379	3878.713593886865	9
34	400	4136.341545035988	3
34	406	4202.506214921955	12
34	419	4364.756035929966	9
34	423	4440.783863668088	9
34	444	4697.826683377016	3
34	571	6223.018038814976	9
34	577	6284.061038929865	9
34	619	6516.845401712248	9
34	629	6610.326263893247	12
34	693	7413.634354180112	6
34	755	7941.444886830029	3
34	763	7996.184913173536	3
34	765	8006.803419415845	12
34	770	8026.849214805843	12
34	895	9189.645098892569	6
34	933	9664.518560750699	12
34	940	9727.282897655352	3
34	963	9904.140934324064	6
34	976	10001.860463067565	6
34	987	10093.579695056739	9
34	990	10116.675874477965	6
34	1055	10887.079270104031	3
34	1074	11008.233214206822	12
34	1134	11334.275131983594	12
34	1171	11715.054207215712	12
34	1176	11840.420282412137	6
34	1180	11896.173169761043	9
34	1241	12467.201296572111	9
34	1259	12587.968160513527	12
34	1263	12613.86632667397	6
34	1290	12854.859020569434	3
34	1294	12895.367414612696	9
34	1296	12922.99150587379	12
34	1303	13042.833885946893	9
34	1329	13367.63870426563	6
34	1364	13707.427522028045	9
34	1428	14309.183111465131	9
34	1437	14367.027566146026	12
34	1449	14497.446472326349	6
34	1458	14558.891641294799	6
34	1467	14638.177490209466	12
34	1482	14776.306570676785	3
34	1485	14794.727887745516	6
34	1541	15332.863069014888	3
34	1655	16046.406911455505	9
34	1710	16554.95401522644	6
34	1830	17542.915107592861	3
34	1836	17589.880922195136	6
34	1839	17609.098755995592	9
34	1840	17609.708905459991	9
34	1854	17754.690510297645	9
34	1859	17800.701060876623	9
34	1879	18016.893447521764	12
34	1906	18314.787642735502	12
34	1931	18516.498843045919	9
34	1951	18665.574367192749	12
34	1958	18740.142797623617	3
35	113	1027.591078856439	1
35	147	1331.50038557283	2
35	173	1793.497759011368	1
35	200	2079.141139523852	3
35	305	2883.615014683174	3
35	327	3106.365830084697	4
35	329	3113.835533365031	4
35	343	3334.616199906427	3
35	378	3876.443760021803	4
35	379	3878.713593886865	3
35	400	4136.341545035988	1
35	406	4202.506214921955	4
35	419	4364.756035929966	3
35	423	4440.783863668088	3
35	444	4697.826683377016	1
35	571	6223.018038814976	3
35	577	6284.061038929865	3
35	619	6516.845401712248	3
35	629	6610.326263893247	4
35	693	7413.634354180112	2
35	755	7941.444886830029	1
35	763	7996.184913173536	1
35	765	8006.803419415845	4
35	770	8026.849214805843	4
35	895	9189.645098892569	2
35	933	9664.518560750699	4
35	940	9727.282897655352	1
35	963	9904.140934324064	2
35	976	10001.860463067565	2
35	987	10093.579695056739	3
35	990	10116.675874477965	2
35	1055	10887.079270104031	1
35	1074	11008.233214206822	4
35	1134	11334.275131983594	4
35	1171	11715.054207215712	4
35	1176	11840.420282412137	2
35	1180	11896.173169761043	3
35	1241	12467.201296572111	3
35	1259	12587.968160513527	4
35	1263	12613.86632667397	2
35	1290	12854.859020569434	1
35	1294	12895.367414612696	3
35	1296	12922.99150587379	4
35	1303	13042.833885946893	3
35	1329	13367.63870426563	2
35	1364	13707.427522028045	3
35	1428	14309.183111465131	3
35	1437	14367.027566146026	4
35	1449	14497.446472326349	2
35	1458	14558.891641294799	2
35	1467	14638.177490209466	4
35	1482	14776.306570676785	1
35	1485	14794.727887745516	2
35	1541	15332.863069014888	1
35	1655	16046.406911455505	3
35	1710	16554.95401522644	2
35	1830	17542.915107592861	1
35	1836	17589.880922195136	2
35	1839	17609.098755995592	3
35	1840	17609.708905459991	3
35	1854	17754.690510297645	3
35	1859	17800.701060876623	3
35	1879	18016.893447521764	4
35	1906	18314.787642735502	4
35	1931	18516.498843045919	3
35	1951	18665.574367192749	4
35	1958	18740.142797623617	1

