version 3
run VeryHighLoad_RoundRobin-43-20260125-17:44:50-1398
attr configname VeryHighLoad_RoundRobin
attr datetime 20260125-17:44:50
attr datetimef 20260125-174450
attr experiment VeryHighLoad_RoundRobin
attr inifile simulations/nwsim_project/omnetpp.ini
attr iterationvars ""
attr iterationvarsd ""
attr iterationvarsf ""
attr measurement ""
attr network CrossTraffic
attr processid 1398
attr repetition 43
attr replication #43
attr resultdir results
attr runnumber 43
attr seedset 43
config description "Very High Load - Round-Robin Mode (200% more traffic)"
config *.Junc*.junctionMode "\"roundrobin\""
config *.EndNW.spawnInterval exponential(267s)
config *.EndNE.spawnInterval exponential(400s)
config *.EndEN.spawnInterval exponential(333s)
config *.EndES.spawnInterval exponential(500s)
config *.EndSE.spawnInterval exponential(300s)
config *.EndSW.spawnInterval exponential(367s)
config *.EndWS.spawnInterval exponential(433s)
config *.EndWN.spawnInterval exponential(467s)
config network CrossTraffic
config sim-time-limit 20000s
config warmup-period 1000s
config repeat 50
config **.scalar-recording true
config **.vector-recording true
config *.Junc*.junctionMode "\"queue\""
config *.EndNW.spawnInterval exponential(800s)
config *.EndNE.spawnInterval exponential(1200s)
config *.EndEN.spawnInterval exponential(1000s)
config *.EndES.spawnInterval exponential(1500s)
config *.EndSE.spawnInterval exponential(900s)
config *.EndSW.spawnInterval exponential(1100s)
config *.EndWS.spawnInterval exponential(1300s)
config *.EndWN.spawnInterval exponential(1400s)

vector 0 CrossTraffic.JuncNW queueLength:vector ETV
attr interpolationmode sample-hold
attr recordingmode vector
attr source queueLength
attr title "Queue Length"
vector 1 CrossTraffic.JuncNW junctionProcessingTime:vector ETV
attr recordingmode vector
attr source junctionProcessingTime
attr title "Junction Processing Time"
vector 2 CrossTraffic.JuncNW vehicleCount:vector ETV
attr recordingmode vector
attr source vehicleCount
attr title "Vehicle Count"
vector 3 CrossTraffic.JuncNE queueLength:vector ETV
attr interpolationmode sample-hold
attr recordingmode vector
attr source queueLength
attr title "Queue Length"
vector 4 CrossTraffic.JuncNE junctionProcessingTime:vector ETV
attr recordingmode vector
attr source junctionProcessingTime
attr title "Junction Processing Time"
vector 5 CrossTraffic.JuncNE vehicleCount:vector ETV
attr recordingmode vector
attr source vehicleCount
attr title "Vehicle Count"
vector 6 CrossTraffic.JuncSE queueLength:vector ETV
attr interpolationmode sample-hold
attr recordingmode vector
attr source queueLength
attr title "Queue Length"
vector 7 CrossTraffic.JuncSE junctionProcessingTime:vector ETV
attr recordingmode vector
attr source junctionProcessingTime
attr title "Junction Processing Time"
vector 8 CrossTraffic.JuncSE vehicleCount:vector ETV
attr recordingmode vector
attr source vehicleCount
attr title "Vehicle Count"
vector 9 CrossTraffic.JuncSW queueLength:vector ETV
attr interpolationmode sample-hold
attr recordingmode vector
attr source queueLength
attr title "Queue Length"
vector 10 CrossTraffic.JuncSW junctionProcessingTime:vector ETV
attr recordingmode vector
attr source junctionProcessingTime
attr title "Junction Processing Time"
vector 11 CrossTraffic.JuncSW vehicleCount:vector ETV
attr recordingmode vector
attr source vehicleCount
attr title "Vehicle Count"
vector 12 CrossTraffic.EndNW travelTime:vector ETV
attr recordingmode vector
attr source travelTime
attr title "Vehicle Travel Time"
vector 13 CrossTraffic.EndNW junctionTime:vector ETV
attr recordingmode vector
attr source junctionTime
attr title "Total Junction Time per Vehicle"
vector 14 CrossTraffic.EndNW junctionCount:vector ETV
attr recordingmode vector
attr source junctionCount
attr title "Junctions Visited per Vehicle"
vector 15 CrossTraffic.EndNE travelTime:vector ETV
attr recordingmode vector
attr source travelTime
attr title "Vehicle Travel Time"
vector 16 CrossTraffic.EndNE junctionTime:vector ETV
attr recordingmode vector
attr source junctionTime
attr title "Total Junction Time per Vehicle"
vector 17 CrossTraffic.EndNE junctionCount:vector ETV
attr recordingmode vector
attr source junctionCount
attr title "Junctions Visited per Vehicle"
vector 18 CrossTraffic.EndEN travelTime:vector ETV
attr recordingmode vector
attr source travelTime
attr title "Vehicle Travel Time"
vector 19 CrossTraffic.EndEN junctionTime:vector ETV
attr recordingmode vector
attr source junctionTime
attr title "Total Junction Time per Vehicle"
vector 20 CrossTraffic.EndEN junctionCount:vector ETV
attr recordingmode vector
attr source junctionCount
attr title "Junctions Visited per Vehicle"
vector 21 CrossTraffic.EndES travelTime:vector ETV
attr recordingmode vector
attr source travelTime
attr title "Vehicle Travel Time"
vector 22 CrossTraffic.EndES junctionTime:vector ETV
attr recordingmode vector
attr source junctionTime
attr title "Total Junction Time per Vehicle"
vector 23 CrossTraffic.EndES junctionCount:vector ETV
attr recordingmode vector
attr source junctionCount
attr title "Junctions Visited per Vehicle"
vector 24 CrossTraffic.EndSE travelTime:vector ETV
attr recordingmode vector
attr source travelTime
attr title "Vehicle Travel Time"
vector 25 CrossTraffic.EndSE junctionTime:vector ETV
attr recordingmode vector
attr source junctionTime
attr title "Total Junction Time per Vehicle"
vector 26 CrossTraffic.EndSE junctionCount:vector ETV
attr recordingmode vector
attr source junctionCount
attr title "Junctions Visited per Vehicle"
vector 27 CrossTraffic.EndSW travelTime:vector ETV
attr recordingmode vector
attr source travelTime
attr title "Vehicle Travel Time"
vector 28 CrossTraffic.EndSW junctionTime:vector ETV
attr recordingmode vector
attr source junctionTime
attr title "Total Junction Time per Vehicle"
vector 29 CrossTraffic.EndSW junctionCount:vector ETV
attr recordingmode vector
attr source junctionCount
attr title "Junctions Visited per Vehicle"
vector 30 CrossTraffic.EndWS travelTime:vector ETV
attr recordingmode vector
attr source travelTime
attr title "Vehicle Travel Time"
vector 31 CrossTraffic.EndWS junctionTime:vector ETV
attr recordingmode vector
attr source junctionTime
attr title "Total Junction Time per Vehicle"
vector 32 CrossTraffic.EndWS junctionCount:vector ETV
attr recordingmode vector
attr source junctionCount
attr title "Junctions Visited per Vehicle"
vector 33 CrossTraffic.EndWN travelTime:vector ETV
attr recordingmode vector
attr source travelTime
attr title "Vehicle Travel Time"
vector 34 CrossTraffic.EndWN junctionTime:vector ETV
attr recordingmode vector
attr source junctionTime
attr title "Total Junction Time per Vehicle"
vector 35 CrossTraffic.EndWN junctionCount:vector ETV
attr recordingmode vector
attr source junctionCount
attr title "Junctions Visited per Vehicle"
0	250	1020	0
0	250	1020	0
0	257	1050	0
0	257	1050	0
0	262	1080	0
0	262	1080	0
0	268	1107.210990912514	1
0	269	1110	1
0	269	1110	0
0	277	1140	0
0	277	1140	0
0	282	1170	0
0	282	1170	0
0	286	1192.20352194811	1
0	288	1200	1
0	288	1200	0
0	294	1230	0
0	294	1230	0
0	300	1245.487889092576	1
0	301	1260	1
0	301	1260	1
0	306	1290	1
0	306	1290	1
0	311	1320	1
0	311	1320	0
0	318	1350	0
0	318	1350	0
0	322	1380	0
0	322	1380	0
0	326	1387.251105479102	1
0	327	1410	1
0	327	1410	1
0	332	1440	1
0	332	1440	0
0	337	1470	0
0	337	1470	0
0	342	1500	0
0	342	1500	0
0	346	1530	0
0	346	1530	0
0	352	1560	0
0	352	1560	0
0	356	1590	0
0	356	1590	0
0	361	1620	0
0	361	1620	0
0	367	1650	0
0	367	1650	0
0	372	1680	0
0	372	1680	0
0	377	1710	0
0	377	1710	0
0	382	1740	0
0	382	1740	0
0	389	1770	0
0	389	1770	0
0	393	1800	0
0	393	1800	0
0	401	1830	0
0	401	1830	0
0	405	1860	0
0	405	1860	0
0	410	1890	0
0	410	1890	0
0	414	1900	1
0	416	1920	1
0	416	1920	1
0	423	1950	1
0	423	1950	0
0	429	1980	0
0	429	1980	0
0	433	2010	0
0	433	2010	0
0	440	2040	0
0	440	2040	0
0	445	2050	1
0	446	2055.775013535229	2
0	448	2070	2
0	448	2070	1
0	452	2100	1
0	452	2100	1
0	459	2130	1
0	459	2130	0
0	464	2160	0
0	464	2160	0
0	469	2190	0
0	469	2190	0
0	473	2220	0
0	473	2220	0
0	478	2227.680776705129	1
0	480	2250	1
0	480	2250	0
0	485	2260	1
0	487	2280	1
0	487	2280	1
0	491	2310	1
0	491	2310	0
0	496	2340	0
0	496	2340	0
0	504	2370	0
0	504	2370	0
0	510	2400	0
0	510	2400	0
0	515	2430	0
0	515	2430	0
0	519	2440	1
0	523	2460	1
0	523	2460	0
0	531	2490	0
0	531	2490	0
0	536	2520	0
0	536	2520	0
0	542	2550	0
0	542	2550	0
0	549	2580	0
0	549	2580	0
0	553	2586.066224908994	1
0	556	2610	1
0	556	2610	1
0	563	2640	1
0	563	2640	0
0	567	2650	1
0	569	2670	1
0	569	2670	0
0	575	2700	0
0	575	2700	0
0	580	2730	0
0	580	2730	0
0	586	2760	0
0	586	2760	0
0	592	2790	0
0	592	2790	0
0	598	2800	1
0	599	2820	1
0	599	2820	0
0	604	2850	0
0	604	2850	0
0	611	2880	0
0	611	2880	0
0	616	2890	1
0	619	2910	1
0	619	2910	0
0	624	2926.399519312245	1
0	625	2940	1
0	625	2940	1
0	631	2970	1
0	631	2970	0
0	637	3000	0
0	637	3000	0
0	643	3030	0
0	643	3030	0
0	648	3040	1
0	650	3060	1
0	650	3060	0
0	659	3090	0
0	659	3090	0
0	666	3120	0
0	666	3120	0
0	672	3150	0
0	672	3150	0
0	678	3168.044894307676	1
0	680	3180	1
0	680	3180	1
0	685	3194.066044856311	2
0	688	3210	2
0	688	3210	1
0	693	3240	1
0	693	3240	0
0	697	3250	1
0	699	3270	1
0	699	3270	0
0	703	3292.561617948731	1
0	704	3300	1
0	704	3300	1
0	712	3330	1
0	712	3330	1
0	717	3340	2
0	718	3360	2
0	718	3360	1
0	724	3390	1
0	724	3390	0
0	731	3420	0
0	731	3420	0
0	736	3450	0
0	736	3450	0
0	744	3480	0
0	744	3480	0
0	750	3510	0
0	750	3510	0
0	755	3540	0
0	755	3540	0
0	761	3570	0
0	761	3570	0
0	766	3600	0
0	766	3600	0
0	771	3630	0
0	771	3630	0
0	775	3660	0
0	775	3660	0
0	779	3668.422078669951	1
0	782	3690	1
0	782	3690	1
0	786	3720	1
0	786	3720	0
0	793	3750	0
0	793	3750	0
0	798	3780	0
0	798	3780	0
0	802	3810	0
0	802	3810	0
0	809	3840	0
0	809	3840	0
0	814	3870	0
0	814	3870	0
0	818	3900	0
0	818	3900	0
0	823	3930	0
0	823	3930	0
0	827	3960	0
0	827	3960	0
0	833	3990	0
0	833	3990	0
0	840	4020	0
0	840	4020	0
0	847	4050	0
0	847	4050	0
0	852	4080	0
0	852	4080	0
0	858	4110	0
0	858	4110	0
0	862	4140	0
0	862	4140	0
0	873	4170	0
0	873	4170	0
0	877	4200	0
0	877	4200	0
0	882	4230	0
0	882	4230	0
0	891	4251.881678319179	1
0	892	4260	1
0	892	4260	1
0	896	4290	1
0	896	4290	0
0	901	4320	0
0	901	4320	0
0	907	4350	0
0	907	4350	0
0	911	4380	0
0	911	4380	0
0	919	4410	0
0	919	4410	0
0	923	4420	1
0	924	4440	1
0	924	4440	1
0	929	4470	1
0	929	4470	0
0	936	4500	0
0	936	4500	0
0	942	4530	0
0	942	4530	0
0	947	4560	0
0	947	4560	0
0	952	4590	0
0	952	4590	0
0	958	4620	0
0	958	4620	0
0	964	4650	0
0	964	4650	0
0	970	4680	0
0	970	4680	0
0	974	4710	0
0	974	4710	0
0	982	4740	0
0	982	4740	0
0	987	4770	0
0	987	4770	0
0	992	4800	0
0	992	4800	0
0	1000	4830	0
0	1000	4830	0
0	1005	4860	0
0	1005	4860	0
0	1012	4890	0
0	1012	4890	0
0	1018	4920	0
0	1018	4920	0
0	1025	4950	0
0	1025	4950	0
0	1034	4980	0
0	1034	4980	0
0	1042	5010	0
0	1042	5010	0
0	1047	5040	0
0	1047	5040	0
0	1053	5070	0
0	1053	5070	0
0	1060	5100	0
0	1060	5100	0
0	1069	5130	0
0	1069	5130	0
0	1076	5160	0
0	1076	5160	0
0	1081	5190	0
0	1081	5190	0
0	1089	5220	0
0	1089	5220	0
0	1097	5250	0
0	1097	5250	0
0	1101	5260	1
0	1103	5280	1
0	1103	5280	1
0	1107	5290	2
0	1109	5310	2
0	1109	5310	0
0	1118	5340	0
0	1118	5340	0
0	1124	5370	0
0	1124	5370	0
0	1128	5397.097643021103	1
0	1129	5400	1
0	1129	5400	1
0	1135	5410	2
0	1139	5430	2
0	1139	5430	0
0	1143	5442.381566440827	1
0	1145	5460	1
0	1145	5460	1
0	1150	5490	1
0	1150	5490	1
0	1158	5520	1
0	1158	5520	0
0	1165	5550	0
0	1165	5550	0
0	1169	5576.202520896155	1
0	1170	5580	1
0	1170	5580	1
0	1175	5610	1
0	1175	5610	1
0	1179	5619.277895859424	2
0	1182	5640	2
0	1182	5640	0
0	1186	5670	0
0	1186	5670	0
0	1192	5693.082601750512	1
0	1193	5700	1
0	1193	5700	1
0	1200	5730	1
0	1200	5730	0
0	1208	5760	0
0	1208	5760	0
0	1214	5790	0
0	1214	5790	0
0	1220	5820	0
0	1220	5820	0
0	1228	5843.801403882904	1
0	1229	5850	1
0	1229	5850	1
0	1237	5880	1
0	1237	5880	0
0	1244	5910	0
0	1244	5910	0
0	1250	5940	0
0	1250	5940	0
0	1256	5953.054604374647	1
0	1258	5970	1
0	1258	5970	0
0	1264	6000	0
0	1264	6000	0
0	1271	6030	0
0	1271	6030	0
0	1277	6040	1
0	1278	6060	1
0	1278	6060	0
0	1288	6090	0
0	1288	6090	0
0	1293	6103.44376576294	1
0	1295	6116.920291134604	2
0	1296	6120	2
0	1296	6120	1
0	1301	6150	1
0	1301	6150	0
0	1309	6180	0
0	1309	6180	0
0	1315	6206.61499291138	1
0	1316	6210	1
0	1316	6210	0
0	1322	6240	0
0	1322	6240	0
0	1328	6250	1
0	1330	6270	1
0	1330	6270	0
0	1335	6289.067098301089	1
0	1336	6300	1
0	1336	6300	0
0	1344	6330	0
0	1344	6330	0
0	1350	6360	0
0	1350	6360	0
0	1354	6368.005636236522	1
0	1357	6390	1
0	1357	6390	1
0	1364	6420	1
0	1364	6420	1
0	1369	6450	1
0	1369	6450	0
0	1376	6480	0
0	1376	6480	0
0	1381	6510	0
0	1381	6510	0
0	1386	6540	0
0	1386	6540	0
0	1394	6570	0
0	1394	6570	0
0	1399	6600	0
0	1399	6600	0
0	1404	6619.757084539918	1
0	1405	6630	1
0	1405	6630	0
0	1412	6660	0
0	1412	6660	0
0	1419	6690	0
0	1419	6690	0
0	1426	6720	0
0	1426	6720	0
0	1433	6750	0
0	1433	6750	0
0	1441	6780	0
0	1441	6780	0
0	1445	6810	0
0	1445	6810	0
0	1451	6820	1
0	1454	6840	1
0	1454	6840	1
0	1461	6870	1
0	1461	6870	0
0	1465	6880	1
0	1466	6880	2
0	1467	6900	2
0	1467	6900	0
0	1474	6930	0
0	1474	6930	0
0	1478	6936.270851517051	1
0	1481	6960	1
0	1481	6960	0
0	1487	6990	0
0	1487	6990	0
0	1494	7020	0
0	1494	7020	0
0	1500	7050	0
0	1500	7050	0
0	1510	7080	0
0	1510	7080	0
0	1516	7110	0
0	1516	7110	0
0	1521	7140	0
0	1521	7140	0
0	1525	7155.647439236906	1
0	1529	7170	1
0	1529	7170	0
0	1534	7200	0
0	1534	7200	0
0	1539	7230	0
0	1539	7230	0
0	1544	7260	0
0	1544	7260	0
0	1550	7290	0
0	1550	7290	0
0	1556	7320	0
0	1556	7320	0
0	1561	7350	0
0	1561	7350	0
0	1566	7380	0
0	1566	7380	0
0	1571	7410	0
0	1571	7410	0
0	1576	7420	1
0	1577	7440	1
0	1577	7440	1
0	1582	7470	1
0	1582	7470	0
0	1586	7500	0
0	1586	7500	0
0	1592	7530	0
0	1592	7530	0
0	1598	7560	0
0	1598	7560	0
0	1605	7590	0
0	1605	7590	0
0	1611	7620	0
0	1611	7620	0
0	1618	7650	0
0	1618	7650	0
0	1623	7678.732015252455	1
0	1624	7680	1
0	1624	7680	0
0	1629	7710	0
0	1629	7710	0
0	1638	7740	0
0	1638	7740	0
0	1646	7770	0
0	1646	7770	0
0	1651	7800	0
0	1651	7800	0
0	1659	7830	0
0	1659	7830	0
0	1669	7860	0
0	1669	7860	0
0	1673	7863.024482136885	1
0	1675	7890	1
0	1675	7890	1
0	1680	7917.18105908722	2
0	1681	7920	2
0	1681	7920	1
0	1686	7950	1
0	1686	7950	0
0	1693	7960	1
0	1694	7980	1
0	1694	7980	0
0	1702	8010	0
0	1702	8010	0
0	1707	8040	0
0	1707	8040	0
0	1714	8070	0
0	1714	8070	0
0	1721	8100	0
0	1721	8100	0
0	1726	8130	0
0	1726	8130	0
0	1732	8160	0
0	1732	8160	0
0	1736	8170	1
0	1737	8190	1
0	1737	8190	0
0	1743	8220	0
0	1743	8220	0
0	1748	8250	0
0	1748	8250	0
0	1753	8280	0
0	1753	8280	0
0	1758	8310	0
0	1758	8310	0
0	1764	8340	0
0	1764	8340	0
0	1770	8370	0
0	1770	8370	0
0	1776	8400	0
0	1776	8400	0
0	1780	8430	0
0	1780	8430	0
0	1784	8440	1
0	1788	8460	1
0	1788	8460	0
0	1793	8490	0
0	1793	8490	0
0	1797	8520	0
0	1797	8520	0
0	1803	8550	0
0	1803	8550	0
0	1808	8580	0
0	1808	8580	0
0	1814	8610	0
0	1814	8610	0
0	1819	8640	0
0	1819	8640	0
0	1823	8670	0
0	1823	8670	0
0	1830	8700	0
0	1830	8700	0
0	1836	8730	0
0	1836	8730	0
0	1840	8760	0
0	1840	8760	0
0	1846	8790	0
0	1846	8790	0
0	1851	8820	0
0	1851	8820	0
0	1857	8850	0
0	1857	8850	0
0	1863	8880	0
0	1863	8880	0
0	1867	8910	0
0	1867	8910	0
0	1874	8940	0
0	1874	8940	0
0	1880	8970	0
0	1880	8970	0
0	1884	9000	0
0	1884	9000	0
0	1892	9030	0
0	1892	9030	0
0	1899	9060	0
0	1899	9060	0
0	1903	9090	0
0	1903	9090	0
0	1909	9120	0
0	1909	9120	0
0	1915	9150	0
0	1915	9150	0
0	1921	9180	0
0	1921	9180	0
0	1928	9210	0
0	1928	9210	0
0	1933	9232.235017293385	1
0	1935	9240	1
0	1935	9240	1
0	1939	9270	1
0	1939	9270	0
0	1945	9300	0
0	1945	9300	0
0	1953	9330	0
0	1953	9330	0
0	1957	9360	0
0	1957	9360	0
0	1963	9390	0
0	1963	9390	0
0	1972	9420	0
0	1972	9420	0
0	1977	9450	0
0	1977	9450	0
0	1984	9480	0
0	1984	9480	0
0	1990	9510	0
0	1990	9510	0
0	1997	9540	0
0	1997	9540	0
0	2002	9570	0
0	2002	9570	0
0	2008	9600	0
0	2008	9600	0
0	2015	9630	0
0	2015	9630	0
0	2021	9660	0
0	2021	9660	0
0	2026	9690	0
0	2026	9690	0
0	2032	9720	0
0	2032	9720	0
0	2036	9730	1
0	2038	9750	1
0	2038	9750	0
0	2042	9760	1
0	2044	9780	1
0	2044	9780	0
0	2048	9810	0
0	2048	9810	0
0	2053	9818.883160665945	1
0	2054	9840	1
0	2054	9840	0
0	2061	9870	0
0	2061	9870	0
0	2067	9900	0
0	2067	9900	0
0	2072	9930	0
0	2072	9930	0
0	2079	9960	0
0	2079	9960	0
0	2083	9990	0
0	2083	9990	0
0	2089	10020	0
0	2089	10020	0
0	2094	10050	0
0	2094	10050	0
0	2099	10080	0
0	2099	10080	0
0	2104	10110	0
0	2104	10110	0
0	2108	10140	0
0	2108	10140	0
0	2113	10170	0
0	2113	10170	0
0	2120	10200	0
0	2120	10200	0
0	2126	10230	0
0	2126	10230	0
0	2132	10260	0
0	2132	10260	0
0	2137	10290	0
0	2137	10290	0
0	2143	10320	0
0	2143	10320	0
0	2150	10350	0
0	2150	10350	0
0	2154	10380	0
0	2154	10380	0
0	2159	10410	0
0	2159	10410	0
0	2165	10440	0
0	2165	10440	0
0	2170	10470	0
0	2170	10470	0
0	2177	10500	0
0	2177	10500	0
0	2185	10530	0
0	2185	10530	0
0	2191	10560	0
0	2191	10560	0
0	2200	10590	0
0	2200	10590	0
0	2208	10620	0
0	2208	10620	0
0	2215	10650	0
0	2215	10650	0
0	2223	10680	0
0	2223	10680	0
0	2233	10710	0
0	2233	10710	0
0	2241	10731.741197577127	1
0	2243	10740	1
0	2243	10740	0
0	2247	10770	0
0	2247	10770	0
0	2256	10800	0
0	2256	10800	0
0	2265	10830	0
0	2265	10830	0
0	2276	10860	0
0	2276	10860	0
0	2284	10890	0
0	2284	10890	0
0	2290	10920	0
0	2290	10920	0
0	2294	10930	1
0	2295	10930	2
0	2303	10950	2
0	2303	10950	0
0	2312	10980	0
0	2312	10980	0
0	2316	10982.85926566002	1
0	2318	11010	1
0	2318	11010	0
0	2323	11020	1
0	2324	11030.484642936786	2
0	2325	11040	2
0	2325	11040	1
0	2336	11070	1
0	2336	11070	0
0	2345	11100	0
0	2345	11100	0
0	2352	11130	0
0	2352	11130	0
0	2359	11160	0
0	2359	11160	0
0	2369	11190	0
0	2369	11190	0
0	2374	11194.546950162629	1
0	2376	11220	1
0	2376	11220	1
0	2383	11240.282246259971	2
0	2384	11250	2
0	2384	11250	1
0	2391	11280	1
0	2391	11280	0
0	2395	11290	1
0	2396	11310	1
0	2396	11310	0
0	2402	11320	1
0	2404	11340	1
0	2404	11340	0
0	2412	11370	0
0	2412	11370	0
0	2417	11400	0
0	2417	11400	0
0	2422	11430	0
0	2422	11430	0
0	2428	11460	0
0	2428	11460	0
0	2435	11490	0
0	2435	11490	0
0	2440	11520	0
0	2440	11520	0
0	2446	11550	0
0	2446	11550	0
0	2450	11578.925731662581	1
0	2451	11580	1
0	2451	11580	1
0	2460	11610	1
0	2460	11610	1
0	2466	11640	1
0	2466	11640	0
0	2470	11670	0
0	2470	11670	0
0	2479	11700	0
0	2479	11700	0
0	2486	11710.624186370956	1
0	2487	11726.949947954642	2
0	2488	11730	2
0	2488	11730	2
0	2494	11760	2
0	2494	11760	0
0	2500	11790	0
0	2500	11790	0
0	2506	11820	0
0	2506	11820	0
0	2511	11850	0
0	2511	11850	0
0	2517	11860	1
0	2520	11880	1
0	2520	11880	1
0	2525	11910	1
0	2525	11910	0
0	2531	11940	0
0	2531	11940	0
0	2539	11970	0
0	2539	11970	0
0	2548	12000	0
0	2548	12000	0
0	2554	12028.181104635103	1
0	2555	12030	1
0	2555	12030	1
0	2560	12060	1
0	2560	12060	1
0	2566	12085.276221124262	2
0	2567	12090	2
0	2567	12090	1
0	2576	12120	1
0	2576	12120	0
0	2581	12150	0
0	2581	12150	0
0	2586	12180	0
0	2586	12180	0
0	2595	12210	0
0	2595	12210	0
0	2601	12240	0
0	2601	12240	0
0	2605	12250	1
0	2606	12270	1
0	2606	12270	0
0	2616	12300	0
0	2616	12300	0
0	2623	12330	0
0	2623	12330	0
0	2631	12360	0
0	2631	12360	0
0	2638	12390	0
0	2638	12390	0
0	2645	12420	0
0	2645	12420	0
0	2655	12450	0
0	2655	12450	0
0	2662	12480	0
0	2662	12480	0
0	2669	12510	0
0	2669	12510	0
0	2677	12540	0
0	2677	12540	0
0	2683	12570	0
0	2683	12570	0
0	2688	12575.099782624679	1
0	2689	12580	2
0	2694	12600	2
0	2694	12600	1
0	2698	12610	2
0	2700	12630	2
0	2700	12630	0
0	2708	12660	0
0	2708	12660	0
0	2718	12690	0
0	2718	12690	0
0	2725	12720	0
0	2725	12720	0
0	2736	12750	0
0	2736	12750	0
0	2745	12780	0
0	2745	12780	0
0	2751	12810	0
0	2751	12810	0
0	2756	12820	1
0	2762	12840	1
0	2762	12840	1
0	2766	12840.196472676326	2
0	2769	12870	2
0	2769	12870	0
0	2775	12900	0
0	2775	12900	0
0	2783	12930	0
0	2783	12930	0
0	2788	12940	1
0	2790	12960	1
0	2790	12960	1
0	2796	12970	2
0	2797	12990	2
0	2797	12990	0
0	2804	13020	0
0	2804	13020	0
0	2813	13050	0
0	2813	13050	0
0	2819	13080	0
0	2819	13080	0
0	2826	13100.366478357181	1
0	2827	13110	1
0	2827	13110	1
0	2831	13121.509454752134	2
0	2833	13140	2
0	2833	13140	2
0	2840	13170	2
0	2840	13170	1
0	2846	13200	1
0	2846	13200	0
0	2850	13230	0
0	2850	13230	0
0	2858	13260	0
0	2858	13260	0
0	2863	13290	0
0	2863	13290	0
0	2869	13320	0
0	2869	13320	0
0	2873	13350	0
0	2873	13350	0
0	2879	13355.091258481379	1
0	2881	13380	1
0	2881	13380	1
0	2886	13410	1
0	2886	13410	1
0	2892	13440	1
0	2892	13440	0
0	2900	13470	0
0	2900	13470	0
0	2906	13500	0
0	2906	13500	0
0	2913	13530	0
0	2913	13530	0
0	2921	13560	0
0	2921	13560	0
0	2926	13590	0
0	2926	13590	0
0	2935	13620	0
0	2935	13620	0
0	2943	13643.388533692552	1
0	2945	13650	1
0	2945	13650	1
0	2950	13680	1
0	2950	13680	0
0	2958	13710	0
0	2958	13710	0
0	2965	13740	0
0	2965	13740	0
0	2973	13770	0
0	2973	13770	0
0	2981	13800	0
0	2981	13800	0
0	2988	13830	0
0	2988	13830	0
0	2995	13860	0
0	2995	13860	0
0	3001	13890	0
0	3001	13890	0
0	3007	13900	1
0	3009	13920	1
0	3009	13920	1
0	3015	13950	1
0	3015	13950	0
0	3023	13980	0
0	3023	13980	0
0	3028	14010	0
0	3028	14010	0
0	3033	14020	1
0	3035	14040	1
0	3035	14040	1
0	3043	14070	1
0	3043	14070	0
0	3049	14100	0
0	3049	14100	0
0	3055	14130	0
0	3055	14130	0
0	3059	14160	0
0	3059	14160	0
0	3066	14170	1
0	3068	14190	1
0	3068	14190	0
0	3074	14220	0
0	3074	14220	0
0	3080	14250	0
0	3080	14250	0
0	3087	14280	0
0	3087	14280	0
0	3092	14290	1
0	3095	14310	1
0	3095	14310	0
0	3100	14328.845617394205	1
0	3101	14340	1
0	3101	14340	1
0	3105	14349.57793028051	2
0	3107	14370	2
0	3107	14370	0
0	3112	14380	1
0	3113	14392.439221717209	2
0	3114	14400	2
0	3114	14400	1
0	3122	14430	1
0	3122	14430	0
0	3127	14460	0
0	3127	14460	0
0	3135	14490	0
0	3135	14490	0
0	3142	14520	0
0	3142	14520	0
0	3148	14550	0
0	3148	14550	0
0	3154	14580	0
0	3154	14580	0
0	3159	14610	0
0	3159	14610	0
0	3164	14620	1
0	3165	14620	2
0	3169	14625.770207288941	3
0	3170	14640	3
0	3170	14640	3
0	3175	14670	3
0	3175	14670	0
0	3181	14700	0
0	3181	14700	0
0	3187	14730	0
0	3187	14730	0
0	3194	14760	0
0	3194	14760	0
0	3201	14790	0
0	3201	14790	0
0	3206	14820	0
0	3206	14820	0
0	3214	14850	0
0	3214	14850	0
0	3221	14880	0
0	3221	14880	0
0	3228	14910	0
0	3228	14910	0
0	3232	14940	0
0	3232	14940	0
0	3237	14970	0
0	3237	14970	0
0	3241	14980	1
0	3242	14980	2
0	3243	15000	2
0	3243	15000	2
0	3250	15030	2
0	3250	15030	0
0	3254	15060	0
0	3254	15060	0
0	3261	15090	0
0	3261	15090	0
0	3266	15120	0
0	3266	15120	0
0	3272	15130	1
0	3274	15150	1
0	3274	15150	0
0	3282	15180	0
0	3282	15180	0
0	3289	15210	0
0	3289	15210	0
0	3295	15240	0
0	3295	15240	0
0	3302	15270	0
0	3302	15270	0
0	3307	15280	1
0	3310	15300	1
0	3310	15300	0
0	3315	15330	0
0	3315	15330	0
0	3319	15360	0
0	3319	15360	0
0	3323	15360.789357951076	1
0	3324	15370	2
0	3327	15390	2
0	3327	15390	0
0	3333	15420	0
0	3333	15420	0
0	3337	15450	0
0	3337	15450	0
0	3342	15480	0
0	3342	15480	0
0	3350	15510	0
0	3350	15510	0
0	3354	15540	0
0	3354	15540	0
0	3358	15570	0
0	3358	15570	0
0	3366	15600	0
0	3366	15600	0
0	3370	15630	0
0	3370	15630	0
0	3374	15660	0
0	3374	15660	0
0	3379	15689.266708718089	1
0	3380	15690	1
0	3380	15690	1
0	3384	15720	1
0	3384	15720	0
0	3388	15750	0
0	3388	15750	0
0	3395	15780	0
0	3395	15780	0
0	3401	15810	0
0	3401	15810	0
0	3406	15840	0
0	3406	15840	0
0	3414	15870	0
0	3414	15870	0
0	3423	15900	0
0	3423	15900	0
0	3428	15930	0
0	3428	15930	0
0	3435	15960	0
0	3435	15960	0
0	3441	15969.30784920849	1
0	3444	15990	1
0	3444	15990	0
0	3452	16020	0
0	3452	16020	0
0	3457	16050	0
0	3457	16050	0
0	3464	16070.133461046021	1
0	3465	16080	1
0	3465	16080	1
0	3472	16110	1
0	3472	16110	0
0	3481	16120.59815541477	1
0	3482	16140	1
0	3482	16140	1
0	3489	16170	1
0	3489	16170	1
0	3495	16200	1
0	3495	16200	0
0	3499	16206.107018024649	1
0	3501	16210	2
0	3504	16230	2
0	3504	16230	0
0	3511	16260	0
0	3511	16260	0
0	3518	16290	0
0	3518	16290	0
0	3526	16320	0
0	3526	16320	0
0	3533	16350	0
0	3533	16350	0
0	3538	16380	0
0	3538	16380	0
0	3543	16401.667951067786	1
0	3545	16410	1
0	3545	16410	1
0	3552	16440	1
0	3552	16440	0
0	3559	16470	0
0	3559	16470	0
0	3566	16500	0
0	3566	16500	0
0	3573	16530	0
0	3573	16530	0
0	3580	16560	0
0	3580	16560	0
0	3587	16590	0
0	3587	16590	0
0	3594	16620	0
0	3594	16620	0
0	3604	16650	0
0	3604	16650	0
0	3610	16680	0
0	3610	16680	0
0	3616	16710	0
0	3616	16710	0
0	3623	16740	0
0	3623	16740	0
0	3633	16770	0
0	3633	16770	0
0	3638	16800	0
0	3638	16800	0
0	3644	16830	0
0	3644	16830	0
0	3655	16858.414941143829	1
0	3656	16860	1
0	3656	16860	1
0	3661	16890	1
0	3661	16890	0
0	3666	16920	0
0	3666	16920	0
0	3674	16950	0
0	3674	16950	0
0	3680	16980	0
0	3680	16980	0
0	3686	17010	0
0	3686	17010	0
0	3691	17040	0
0	3691	17040	0
0	3696	17050	1
0	3697	17070	1
0	3697	17070	0
0	3704	17100	0
0	3704	17100	0
0	3708	17130	0
0	3708	17130	0
0	3715	17160	0
0	3715	17160	0
0	3725	17190	0
0	3725	17190	0
0	3734	17220	0
0	3734	17220	0
0	3738	17250	0
0	3738	17250	0
0	3742	17260	1
0	3747	17280	1
0	3747	17280	1
0	3751	17280.269991798905	2
0	3755	17310	2
0	3755	17310	1
0	3760	17317.216072839024	2
0	3762	17340	2
0	3762	17340	2
0	3768	17370	2
0	3768	17370	0
0	3775	17400	0
0	3775	17400	0
0	3785	17430	0
0	3785	17430	0
0	3795	17460	0
0	3795	17460	0
0	3806	17490	0
0	3806	17490	0
0	3813	17520	0
0	3813	17520	0
0	3821	17542.620068804379	1
0	3823	17550	1
0	3823	17550	1
0	3830	17560.617747852111	2
0	3832	17580	2
0	3832	17580	2
0	3840	17610	2
0	3840	17610	1
0	3844	17625.344988776099	2
0	3845	17640	2
0	3845	17640	1
0	3851	17670	1
0	3851	17670	0
0	3859	17700	0
0	3859	17700	0
0	3866	17730	0
0	3866	17730	0
0	3872	17760	0
0	3872	17760	0
0	3878	17770	1
0	3880	17790	1
0	3880	17790	0
0	3886	17820	0
0	3886	17820	0
0	3891	17850	0
0	3891	17850	0
0	3898	17880	0
0	3898	17880	0
0	3906	17910	0
0	3906	17910	0
0	3912	17940	0
0	3912	17940	0
0	3919	17970	0
0	3919	17970	0
0	3927	18000	0
0	3927	18000	0
0	3932	18030	0
0	3932	18030	0
0	3936	18040	1
0	3939	18060	1
0	3939	18060	0
0	3946	18084.116199697176	1
0	3947	18090	1
0	3947	18090	0
0	3951	18120	0
0	3951	18120	0
0	3959	18150	0
0	3959	18150	0
0	3967	18160	1
0	3969	18170.528896686348	2
0	3970	18180	2
0	3970	18180	1
0	3975	18210	1
0	3975	18210	1
0	3980	18240	1
0	3980	18240	0
0	3987	18270	0
0	3987	18270	0
0	3992	18300	0
0	3992	18300	0
0	3997	18330	0
0	3997	18330	0
0	4004	18360	0
0	4004	18360	0
0	4011	18390	0
0	4011	18390	0
0	4015	18420	0
0	4015	18420	0
0	4020	18450	0
0	4020	18450	0
0	4029	18480	0
0	4029	18480	0
0	4034	18510	0
0	4034	18510	0
0	4040	18540	0
0	4040	18540	0
0	4048	18570	0
0	4048	18570	0
0	4053	18600	0
0	4053	18600	0
0	4057	18630	0
0	4057	18630	0
0	4062	18660	0
0	4062	18660	0
0	4069	18690	0
0	4069	18690	0
0	4074	18720	0
0	4074	18720	0
0	4080	18750	0
0	4080	18750	0
0	4085	18780	0
0	4085	18780	0
0	4089	18810	0
0	4089	18810	0
0	4094	18820	1
0	4096	18831.136281179973	2
0	4097	18840	2
0	4097	18840	1
0	4101	18870	1
0	4101	18870	0
0	4105	18900	0
0	4105	18900	0
0	4110	18930	0
0	4110	18930	0
0	4117	18940	1
0	4118	18960	1
0	4118	18960	1
0	4124	18990	1
0	4124	18990	0
0	4129	19020	0
0	4129	19020	0
0	4134	19035.530338186464	1
0	4135	19050	1
0	4135	19050	1
0	4142	19080	1
0	4142	19080	0
0	4147	19110	0
0	4147	19110	0
0	4154	19140	0
0	4154	19140	0
0	4159	19157.729615166206	1
0	4161	19170	1
0	4161	19170	0
0	4167	19200	0
0	4167	19200	0
0	4174	19230	0
0	4174	19230	0
0	4179	19244.953257391842	1
0	4180	19260	1
0	4180	19260	1
0	4186	19290	1
0	4186	19290	0
0	4192	19320	0
0	4192	19320	0
0	4197	19350	0
0	4197	19350	0
0	4203	19380	0
0	4203	19380	0
0	4210	19410	0
0	4210	19410	0
0	4215	19440	0
0	4215	19440	0
0	4220	19470	0
0	4220	19470	0
0	4226	19500	0
0	4226	19500	0
0	4231	19530	0
0	4231	19530	0
0	4236	19560	0
0	4236	19560	0
0	4243	19590	0
0	4243	19590	0
0	4247	19620	0
0	4247	19620	0
0	4254	19650	0
0	4254	19650	0
0	4260	19680	0
0	4260	19680	0
0	4264	19690	1
0	4265	19710	1
0	4265	19710	0
0	4273	19740	0
0	4273	19740	0
0	4277	19770	0
0	4277	19770	0
0	4281	19780	1
0	4282	19800	1
0	4282	19800	1
0	4288	19830	1
0	4288	19830	0
0	4292	19832.875829492783	1
0	4295	19860	1
0	4295	19860	1
0	4299	19890	1
0	4299	19890	0
0	4304	19920	0
0	4304	19920	0
0	4310	19950	0
0	4310	19950	0
0	4315	19960	1
0	4316	19980	1
0	4316	19980	0
1	269	1110	2.789009087486
1	273	1120	0
1	288	1200	7.79647805189
1	311	1320	74.512110907424
1	332	1440	52.748894520898
1	420	1921.947263645446	0
1	423	1950	50
1	448	2070	20
1	459	2130	74.224986464771
1	480	2250	22.319223294871
1	491	2310	50
1	523	2460	20
1	546	2555.028844507066	0
1	563	2640	53.933775091006
1	569	2670	20
1	599	2820	20
1	619	2910	20
1	631	2970	43.600480687755
1	647	3040	0
1	650	3060	20
1	688	3210	41.955105692324
1	693	3240	45.933955143689
1	699	3270	20
1	718	3360	67.438382051269
1	724	3390	50
1	781	3679.685840904315	0
1	786	3720	51.577921330049
1	896	4290	38.118321680821
1	929	4470	50
1	1057	5071.303757889167	0
1	1109	5310	50
1	1109	5310	20
1	1113	5313.440411937229	0
1	1114	5320	0
1	1115	5320	0
1	1139	5430	32.902356978897
1	1139	5430	20
1	1158	5520	77.618433559173
1	1182	5640	63.797479103845
1	1182	5640	20.722104140576
1	1200	5730	36.917398249488
1	1213	5782.646737548368	0
1	1237	5880	36.198596117096
1	1258	5970	16.945395625353
1	1276	6040	0
1	1278	6060	20
1	1296	6120	3.079708865396
1	1301	6150	46.55623423706
1	1316	6210	3.38500708862
1	1330	6270	20
1	1336	6300	10.932901698911
1	1341	6310	0
1	1369	6450	81.994363763478
1	1405	6630	10.242915460082
1	1418	6670	0
1	1432	6746.676341451909	0
1	1461	6870	50
1	1467	6900	20
1	1467	6900	20
1	1481	6960	23.729148482949
1	1499	7030	0
1	1529	7170	14.352560763094
1	1543	7240	0
1	1582	7470	50
1	1624	7680	1.267984747545
1	1628	7701.471615001245	0
1	1642	7746.472522206553	0
1	1681	7920	56.975517863115
1	1686	7950	32.81894091278
1	1692	7960	0
1	1694	7980	20
1	1711	8040.729592692896	0
1	1737	8190	20
1	1788	8460	20
1	1818	8627.30695766931	0
1	1939	9270	37.764982706615
1	1994	9520	0
1	2038	9750	20
1	2044	9780	20
1	2054	9840	21.116839334055
1	2141	10295.73783196061	0
1	2204	10600	0
1	2222	10678.0256135228	0
1	2237	10720	0
1	2243	10740	8.258802422873
1	2272	10840	0
1	2303	10950	20
1	2303	10950	20
1	2307	10960	0
1	2318	11010	27.14073433998
1	2325	11040	9.515357063214
1	2336	11070	50
1	2342	11080	0
1	2350	11110	0
1	2381	11230	0
1	2384	11250	55.453049837371
1	2391	11280	39.717753740029
1	2396	11310	20
1	2404	11340	20
1	2427	11440	0
1	2466	11640	61.074268337419
1	2494	11760	49.375813629044
1	2494	11760	33.050052045358
1	2498	11775.275125101392	0
1	2525	11910	50
1	2567	12090	61.818895364897
1	2576	12120	34.723778875738
1	2606	12270	20
1	2637	12387.227195679113	0
1	2643	12400	0
1	2687	12570.239309648008	0
1	2694	12600	24.900217375321
1	2700	12630	50
1	2700	12630	20
1	2769	12870	50
1	2769	12870	29.803527323674
1	2797	12990	50
1	2797	12990	20
1	2801	13000	0
1	2840	13170	69.633521642819
1	2846	13200	78.490545247866
1	2892	13440	84.908741518621
1	2941	13630	0
1	2950	13680	36.611466307448
1	3015	13950	50
1	3019	13960	0
1	3020	13960	0
1	3042	14066.291470470535	0
1	3043	14070	50
1	3068	14190	20
1	3095	14310	20
1	3107	14370	41.154382605795
1	3107	14370	20.42206971949
1	3114	14400	7.560778282791
1	3122	14430	50
1	3174	14656.281637015164	0
1	3175	14670	50
1	3175	14670	50
1	3175	14670	44.229792711059
1	3250	15030	50
1	3250	15030	50
1	3274	15150	20
1	3278	15160	0
1	3286	15190	0
1	3310	15300	20
1	3327	15390	29.210642048924
1	3327	15390	20
1	3384	15720	30.733291281911
1	3399	15785.294629775816	0
1	3412	15868.395053102869	0
1	3444	15990	20.69215079151
1	3472	16110	39.866538953979
1	3476	16120	0
1	3477	16120	0
1	3495	16200	79.40184458523
1	3504	16230	23.892981975351
1	3504	16230	20
1	3552	16440	38.332048932214
1	3592	16600	0
1	3629	16750	0
1	3648	16840	0
1	3649	16840	0
1	3661	16890	31.585058856171
1	3697	17070	20
1	3753	17290.043073388967	0
1	3755	17310	50
1	3768	17370	89.730008201095
1	3768	17370	52.783927160976
1	3772	17374.834769286108	0
1	3838	17590	0
1	3840	17610	67.379931195621
1	3845	17640	79.382252147889
1	3851	17670	44.655011223901
1	3880	17790	20
1	3884	17800	0
1	3896	17864.8429292138	0
1	3939	18060	20
1	3947	18090	5.883800302824
1	3970	18180	20
1	3980	18240	69.471103313652
1	4028	18470.495446166302	0
1	4097	18840	8.863718820027
1	4101	18870	50
1	4124	18990	50
1	4142	19080	44.469661813536
1	4153	19120	0
1	4161	19170	12.270384833794
1	4178	19240	0
1	4186	19290	45.046742608158
1	4208	19390	0
1	4265	19710	20
1	4288	19830	50
1	4299	19890	57.124170507217
1	4316	19980	20
2	269	1110	19056
2	273	1120	19053
2	288	1200	19059
2	311	1320	19061
2	332	1440	19062
2	420	1921.947263645446	19068
2	423	1950	19064
2	448	2070	19067
2	459	2130	19070
2	480	2250	19072
2	491	2310	19071
2	523	2460	19074
2	546	2555.028844507066	19075
2	563	2640	19080
2	569	2670	19077
2	599	2820	19081
2	619	2910	19083
2	631	2970	19085
2	647	3040	19082
2	650	3060	19084
2	688	3210	19091
2	693	3240	19093
2	699	3270	19089
2	718	3360	19094
2	724	3390	19092
2	781	3679.685840904315	19098
2	786	3720	19099
2	896	4290	19109
2	929	4470	19108
2	1057	5071.303757889167	19118
2	1109	5310	19122
2	1109	5310	19124
2	1113	5313.440411937229	19126
2	1114	5320	19123
2	1115	5320	19125
2	1139	5430	19128
2	1139	5430	19127
2	1158	5520	19129
2	1182	5640	19131
2	1182	5640	19132
2	1200	5730	19133
2	1213	5782.646737548368	19135
2	1237	5880	19138
2	1258	5970	19140
2	1276	6040	19137
2	1278	6060	19139
2	1296	6120	19144
2	1301	6150	19141
2	1316	6210	19148
2	1330	6270	19143
2	1336	6300	19147
2	1341	6310	19145
2	1369	6450	19150
2	1405	6630	19152
2	1418	6670	19153
2	1432	6746.676341451909	19157
2	1461	6870	19154
2	1467	6900	19156
2	1467	6900	19158
2	1481	6960	19163
2	1499	7030	19161
2	1529	7170	19165
2	1543	7240	19164
2	1582	7470	19168
2	1624	7680	19174
2	1628	7701.471615001245	19175
2	1642	7746.472522206553	19172
2	1681	7920	19180
2	1686	7950	19178
2	1692	7960	19173
2	1694	7980	19177
2	1711	8040.729592692896	19183
2	1737	8190	19182
2	1788	8460	19185
2	1818	8627.30695766931	19189
2	1939	9270	19196
2	1994	9520	19199
2	2038	9750	19204
2	2044	9780	19205
2	2054	9840	19207
2	2141	10295.73783196061	19212
2	2204	10600	19211
2	2222	10678.0256135228	19222
2	2237	10720	19216
2	2243	10740	19220
2	2272	10840	19217
2	2303	10950	19224
2	2303	10950	19228
2	2307	10960	19221
2	2318	11010	19234
2	2325	11040	19236
2	2336	11070	19230
2	2342	11080	19229
2	2350	11110	19233
2	2381	11230	19237
2	2384	11250	19241
2	2391	11280	19242
2	2396	11310	19238
2	2404	11340	19239
2	2427	11440	19240
2	2466	11640	19246
2	2494	11760	19250
2	2494	11760	19251
2	2498	11775.275125101392	19252
2	2525	11910	19248
2	2567	12090	19255
2	2576	12120	19257
2	2606	12270	19256
2	2637	12387.227195679113	19266
2	2643	12400	19260
2	2687	12570.239309648008	19269
2	2694	12600	19270
2	2700	12630	19267
2	2700	12630	19268
2	2769	12870	19273
2	2769	12870	19278
2	2797	12990	19281
2	2797	12990	19284
2	2801	13000	19279
2	2840	13170	19287
2	2846	13200	19288
2	2892	13440	19291
2	2941	13630	19294
2	2950	13680	19299
2	3015	13950	19302
2	3019	13960	19300
2	3020	13960	19301
2	3042	14066.291470470535	19308
2	3043	14070	19305
2	3068	14190	19307
2	3095	14310	19310
2	3107	14370	19312
2	3107	14370	19313
2	3114	14400	19314
2	3122	14430	19311
2	3174	14656.281637015164	19320
2	3175	14670	19316
2	3175	14670	19317
2	3175	14670	19318
2	3250	15030	19322
2	3250	15030	19325
2	3274	15150	19326
2	3278	15160	19324
2	3286	15190	19327
2	3310	15300	19328
2	3327	15390	19332
2	3327	15390	19330
2	3384	15720	19336
2	3399	15785.294629775816	19335
2	3412	15868.395053102869	19337
2	3444	15990	19338
2	3472	16110	19343
2	3476	16120	19339
2	3477	16120	19340
2	3495	16200	19348
2	3504	16230	19347
2	3504	16230	19346
2	3552	16440	19354
2	3592	16600	19351
2	3629	16750	19358
2	3648	16840	19357
2	3649	16840	19359
2	3661	16890	19365
2	3697	17070	19367
2	3753	17290.043073388967	19375
2	3755	17310	19369
2	3768	17370	19374
2	3768	17370	19378
2	3772	17374.834769286108	19379
2	3838	17590	19382
2	3840	17610	19386
2	3845	17640	19388
2	3851	17670	19384
2	3880	17790	19390
2	3884	17800	19387
2	3896	17864.8429292138	19391
2	3939	18060	19392
2	3947	18090	19398
2	3970	18180	19394
2	3980	18240	19400
2	4028	18470.495446166302	19404
2	4097	18840	19410
2	4101	18870	19407
2	4124	18990	19408
2	4142	19080	19413
2	4153	19120	19409
2	4161	19170	19414
2	4178	19240	19411
2	4186	19290	19416
2	4208	19390	19415
2	4265	19710	19419
2	4288	19830	19420
2	4299	19890	19423
2	4316	19980	19422
3	248	1000	2
3	251	1020	2
3	251	1020	0
3	258	1050	0
3	258	1050	0
3	263	1080	0
3	263	1080	0
3	270	1110	0
3	270	1110	0
3	278	1140	0
3	278	1140	0
3	283	1170	0
3	283	1170	0
3	289	1200	0
3	289	1200	0
3	295	1230	0
3	295	1230	0
3	302	1260	0
3	302	1260	0
3	307	1290	0
3	307	1290	0
3	312	1320	0
3	312	1320	0
3	315	1330	1
3	319	1350	1
3	319	1350	1
3	323	1380	1
3	323	1380	0
3	328	1410	0
3	328	1410	0
3	333	1440	0
3	333	1440	0
3	338	1470	0
3	338	1470	0
3	343	1500	0
3	343	1500	0
3	347	1530	0
3	347	1530	0
3	353	1560	0
3	353	1560	0
3	357	1590	0
3	357	1590	0
3	362	1620	0
3	362	1620	0
3	368	1650	0
3	368	1650	0
3	373	1680	0
3	373	1680	0
3	378	1710	0
3	378	1710	0
3	381	1714.822156311514	1
3	383	1740	1
3	383	1740	1
3	390	1770	1
3	390	1770	1
3	394	1800	1
3	394	1800	0
3	397	1804.145464999762	1
3	402	1830	1
3	402	1830	0
3	406	1860	0
3	406	1860	0
3	411	1890	0
3	411	1890	0
3	415	1911.489560133859	1
3	417	1920	1
3	417	1920	1
3	424	1950	1
3	424	1950	0
3	430	1980	0
3	430	1980	0
3	434	2010	0
3	434	2010	0
3	441	2040	0
3	441	2040	0
3	449	2070	0
3	449	2070	0
3	453	2100	0
3	453	2100	0
3	457	2111.212560290251	1
3	460	2130	1
3	460	2130	1
3	465	2160	1
3	465	2160	0
3	470	2190	0
3	470	2190	0
3	474	2220	0
3	474	2220	0
3	481	2250	0
3	481	2250	0
3	488	2280	0
3	488	2280	0
3	492	2310	0
3	492	2310	0
3	497	2340	0
3	497	2340	0
3	505	2370	0
3	505	2370	0
3	511	2400	0
3	511	2400	0
3	516	2430	0
3	516	2430	0
3	524	2460	0
3	524	2460	0
3	528	2472.362036545086	1
3	529	2482.594361573207	2
3	532	2490	2
3	532	2490	2
3	537	2520	2
3	537	2520	1
3	543	2550	1
3	543	2550	0
3	550	2580	0
3	550	2580	0
3	557	2610	0
3	557	2610	0
3	564	2640	0
3	564	2640	0
3	570	2670	0
3	570	2670	0
3	573	2680	1
3	576	2700	1
3	576	2700	0
3	581	2730	0
3	581	2730	0
3	587	2760	0
3	587	2760	0
3	591	2785.542095338206	1
3	593	2790	1
3	593	2790	0
3	600	2820	0
3	600	2820	0
3	605	2850	0
3	605	2850	0
3	612	2880	0
3	612	2880	0
3	617	2890	1
3	620	2910	1
3	620	2910	1
3	626	2940	1
3	626	2940	0
3	630	2957.301065279028	1
3	632	2970	1
3	632	2970	1
3	638	3000	1
3	638	3000	1
3	644	3030	1
3	644	3030	0
3	651	3060	0
3	651	3060	0
3	657	3080.995371385147	1
3	660	3090	1
3	660	3090	1
3	667	3120	1
3	667	3120	1
3	673	3150	1
3	673	3150	0
3	679	3177.864997056955	1
3	681	3180	1
3	681	3180	1
3	689	3210	1
3	689	3210	1
3	694	3240	1
3	694	3240	0
3	700	3270	0
3	700	3270	0
3	705	3300	0
3	705	3300	0
3	713	3330	0
3	713	3330	0
3	719	3360	0
3	719	3360	0
3	725	3390	0
3	725	3390	0
3	732	3420	0
3	732	3420	0
3	737	3450	0
3	737	3450	0
3	745	3480	0
3	745	3480	0
3	751	3510	0
3	751	3510	0
3	756	3540	0
3	756	3540	0
3	762	3570	0
3	762	3570	0
3	767	3600	0
3	767	3600	0
3	772	3630	0
3	772	3630	0
3	776	3660	0
3	776	3660	0
3	783	3690	0
3	783	3690	0
3	787	3720	0
3	787	3720	0
3	794	3750	0
3	794	3750	0
3	799	3780	0
3	799	3780	0
3	803	3810	0
3	803	3810	0
3	810	3840	0
3	810	3840	0
3	815	3870	0
3	815	3870	0
3	819	3900	0
3	819	3900	0
3	824	3930	0
3	824	3930	0
3	828	3960	0
3	828	3960	0
3	834	3990	0
3	834	3990	0
3	841	4020	0
3	841	4020	0
3	848	4050	0
3	848	4050	0
3	853	4080	0
3	853	4080	0
3	859	4110	0
3	859	4110	0
3	863	4140	0
3	863	4140	0
3	874	4170	0
3	874	4170	0
3	878	4200	0
3	878	4200	0
3	883	4230	0
3	883	4230	0
3	888	4241.699686713652	1
3	893	4260	1
3	893	4260	1
3	897	4290	1
3	897	4290	1
3	902	4320	1
3	902	4320	0
3	906	4330	1
3	908	4350	1
3	908	4350	1
3	912	4380	1
3	912	4380	0
3	920	4410	0
3	920	4410	0
3	925	4440	0
3	925	4440	0
3	930	4470	0
3	930	4470	0
3	937	4500	0
3	937	4500	0
3	943	4530	0
3	943	4530	0
3	948	4560	0
3	948	4560	0
3	953	4590	0
3	953	4590	0
3	959	4620	0
3	959	4620	0
3	965	4650	0
3	965	4650	0
3	971	4680	0
3	971	4680	0
3	975	4710	0
3	975	4710	0
3	978	4716.509383199604	1
3	983	4740	1
3	983	4740	0
3	988	4770	0
3	988	4770	0
3	993	4800	0
3	993	4800	0
3	997	4818.616896865347	1
3	998	4825.275044303165	2
3	1001	4830	2
3	1001	4830	1
3	1006	4860	1
3	1006	4860	0
3	1013	4890	0
3	1013	4890	0
3	1017	4905.406499591148	1
3	1019	4920	1
3	1019	4920	1
3	1026	4950	1
3	1026	4950	0
3	1035	4980	0
3	1035	4980	0
3	1043	5010	0
3	1043	5010	0
3	1048	5040	0
3	1048	5040	0
3	1054	5070	0
3	1054	5070	0
3	1061	5100	0
3	1061	5100	0
3	1064	5101.993833087455	1
3	1066	5102.93944516965	2
3	1070	5130	2
3	1070	5130	2
3	1077	5160	2
3	1077	5160	1
3	1082	5190	1
3	1082	5190	0
3	1086	5202.691661298221	1
3	1087	5206.732112787443	2
3	1090	5220	2
3	1090	5220	0
3	1096	5236.794129506301	1
3	1098	5250	1
3	1098	5250	1
3	1104	5280	1
3	1104	5280	1
3	1110	5310	1
3	1110	5310	0
3	1119	5340	0
3	1119	5340	0
3	1125	5370	0
3	1125	5370	0
3	1130	5400	0
3	1130	5400	0
3	1140	5430	0
3	1140	5430	0
3	1146	5460	0
3	1146	5460	0
3	1151	5490	0
3	1151	5490	0
3	1159	5520	0
3	1159	5520	0
3	1166	5550	0
3	1166	5550	0
3	1171	5580	0
3	1171	5580	0
3	1176	5610	0
3	1176	5610	0
3	1183	5640	0
3	1183	5640	0
3	1187	5670	0
3	1187	5670	0
3	1190	5680	1
3	1194	5700	1
3	1194	5700	0
3	1201	5730	0
3	1201	5730	0
3	1209	5760	0
3	1209	5760	0
3	1215	5790	0
3	1215	5790	0
3	1221	5820	0
3	1221	5820	0
3	1225	5830	1
3	1230	5850	1
3	1230	5850	0
3	1238	5880	0
3	1238	5880	0
3	1241	5882.646737548368	1
3	1243	5903.95469131592	2
3	1245	5910	2
3	1245	5910	2
3	1249	5929.142212007876	3
3	1251	5940	3
3	1251	5940	1
3	1259	5970	1
3	1259	5970	0
3	1265	6000	0
3	1265	6000	0
3	1272	6030	0
3	1272	6030	0
3	1279	6060	0
3	1279	6060	0
3	1286	6088.388889099769	1
3	1289	6090	1
3	1289	6090	1
3	1297	6120	1
3	1297	6120	1
3	1302	6150	1
3	1302	6150	0
3	1306	6160	1
3	1310	6180	1
3	1310	6180	0
3	1317	6210	0
3	1317	6210	0
3	1323	6240	0
3	1323	6240	0
3	1331	6270	0
3	1331	6270	0
3	1337	6300	0
3	1337	6300	0
3	1345	6330	0
3	1345	6330	0
3	1349	6348.897942379878	1
3	1351	6360	1
3	1351	6360	0
3	1358	6390	0
3	1358	6390	0
3	1365	6420	0
3	1365	6420	0
3	1370	6450	0
3	1370	6450	0
3	1377	6480	0
3	1377	6480	0
3	1382	6510	0
3	1382	6510	0
3	1387	6540	0
3	1387	6540	0
3	1395	6570	0
3	1395	6570	0
3	1400	6600	0
3	1400	6600	0
3	1406	6630	0
3	1406	6630	0
3	1410	6644.823783634446	1
3	1413	6660	1
3	1413	6660	1
3	1420	6690	1
3	1420	6690	1
3	1427	6720	1
3	1427	6720	0
3	1434	6750	0
3	1434	6750	0
3	1442	6780	0
3	1442	6780	0
3	1446	6810	0
3	1446	6810	0
3	1450	6811.388203121317	1
3	1455	6840	1
3	1455	6840	1
3	1462	6870	1
3	1462	6870	0
3	1468	6900	0
3	1468	6900	0
3	1473	6921.241946551324	1
3	1475	6930	1
3	1475	6930	1
3	1482	6960	1
3	1482	6960	1
3	1488	6990	1
3	1488	6990	0
3	1495	7020	0
3	1495	7020	0
3	1501	7050	0
3	1501	7050	0
3	1511	7080	0
3	1511	7080	0
3	1515	7090	1
3	1517	7110	1
3	1517	7110	1
3	1522	7140	1
3	1522	7140	0
3	1526	7158.374097426435	1
3	1530	7170	1
3	1530	7170	1
3	1535	7200	1
3	1535	7200	0
3	1540	7230	0
3	1540	7230	0
3	1545	7260	0
3	1545	7260	0
3	1549	7270	1
3	1551	7290	1
3	1551	7290	0
3	1555	7303.49919436124	1
3	1557	7320	1
3	1557	7320	0
3	1562	7350	0
3	1562	7350	0
3	1567	7380	0
3	1567	7380	0
3	1572	7410	0
3	1572	7410	0
3	1578	7440	0
3	1578	7440	0
3	1583	7470	0
3	1583	7470	0
3	1587	7500	0
3	1587	7500	0
3	1593	7530	0
3	1593	7530	0
3	1599	7560	0
3	1599	7560	0
3	1606	7590	0
3	1606	7590	0
3	1612	7620	0
3	1612	7620	0
3	1619	7650	0
3	1619	7650	0
3	1625	7680	0
3	1625	7680	0
3	1630	7710	0
3	1630	7710	0
3	1635	7720	1
3	1639	7740	1
3	1639	7740	0
3	1647	7770	0
3	1647	7770	0
3	1652	7800	0
3	1652	7800	0
3	1655	7801.471615001245	1
3	1658	7821.101049603671	2
3	1660	7830	2
3	1660	7830	2
3	1664	7840	3
3	1670	7860	3
3	1670	7860	1
3	1676	7890	1
3	1676	7890	0
3	1682	7920	0
3	1682	7920	0
3	1687	7950	0
3	1687	7950	0
3	1695	7980	0
3	1695	7980	0
3	1701	8007.223409728487	1
3	1703	8010	1
3	1703	8010	1
3	1708	8040	1
3	1708	8040	1
3	1715	8070	1
3	1715	8070	0
3	1722	8100	0
3	1722	8100	0
3	1727	8130	0
3	1727	8130	0
3	1733	8160	0
3	1733	8160	0
3	1738	8190	0
3	1738	8190	0
3	1744	8220	0
3	1744	8220	0
3	1749	8250	0
3	1749	8250	0
3	1754	8280	0
3	1754	8280	0
3	1759	8310	0
3	1759	8310	0
3	1765	8340	0
3	1765	8340	0
3	1771	8370	0
3	1771	8370	0
3	1777	8400	0
3	1777	8400	0
3	1781	8430	0
3	1781	8430	0
3	1789	8460	0
3	1789	8460	0
3	1794	8490	0
3	1794	8490	0
3	1798	8520	0
3	1798	8520	0
3	1804	8550	0
3	1804	8550	0
3	1809	8580	0
3	1809	8580	0
3	1815	8610	0
3	1815	8610	0
3	1820	8640	0
3	1820	8640	0
3	1824	8670	0
3	1824	8670	0
3	1831	8700	0
3	1831	8700	0
3	1835	8727.30695766931	1
3	1837	8730	1
3	1837	8730	0
3	1841	8760	0
3	1841	8760	0
3	1847	8790	0
3	1847	8790	0
3	1852	8820	0
3	1852	8820	0
3	1858	8850	0
3	1858	8850	0
3	1864	8880	0
3	1864	8880	0
3	1868	8910	0
3	1868	8910	0
3	1875	8940	0
3	1875	8940	0
3	1881	8970	0
3	1881	8970	0
3	1885	9000	0
3	1885	9000	0
3	1889	9010	1
3	1893	9030	1
3	1893	9030	1
3	1900	9060	1
3	1900	9060	0
3	1904	9090	0
3	1904	9090	0
3	1910	9120	0
3	1910	9120	0
3	1916	9150	0
3	1916	9150	0
3	1922	9180	0
3	1922	9180	0
3	1929	9210	0
3	1929	9210	0
3	1932	9215.451019677579	1
3	1936	9240	1
3	1936	9240	1
3	1940	9270	1
3	1940	9270	0
3	1943	9280	1
3	1946	9300	1
3	1946	9300	0
3	1954	9330	0
3	1954	9330	0
3	1958	9360	0
3	1958	9360	0
3	1964	9390	0
3	1964	9390	0
3	1969	9400	1
3	1971	9411.447838165542	2
3	1973	9420	2
3	1973	9420	1
3	1976	9428.810236844331	2
3	1978	9450	2
3	1978	9450	2
3	1985	9480	2
3	1985	9480	0
3	1988	9490	1
3	1991	9510	1
3	1991	9510	1
3	1998	9540	1
3	1998	9540	0
3	2003	9570	0
3	2003	9570	0
3	2009	9600	0
3	2009	9600	0
3	2013	9620.325771850235	1
3	2016	9630	1
3	2016	9630	0
3	2022	9660	0
3	2022	9660	0
3	2027	9690	0
3	2027	9690	0
3	2033	9720	0
3	2033	9720	0
3	2039	9750	0
3	2039	9750	0
3	2045	9780	0
3	2045	9780	0
3	2049	9810	0
3	2049	9810	0
3	2055	9840	0
3	2055	9840	0
3	2062	9870	0
3	2062	9870	0
3	2065	9878.340465706829	1
3	2068	9900	1
3	2068	9900	1
3	2073	9930	1
3	2073	9930	1
3	2080	9960	1
3	2080	9960	0
3	2084	9990	0
3	2084	9990	0
3	2090	10020	0
3	2090	10020	0
3	2095	10050	0
3	2095	10050	0
3	2100	10080	0
3	2100	10080	0
3	2105	10110	0
3	2105	10110	0
3	2109	10140	0
3	2109	10140	0
3	2114	10170	0
3	2114	10170	0
3	2121	10200	0
3	2121	10200	0
3	2127	10230	0
3	2127	10230	0
3	2133	10260	0
3	2133	10260	0
3	2138	10290	0
3	2138	10290	0
3	2144	10320	0
3	2144	10320	0
3	2151	10350	0
3	2151	10350	0
3	2155	10380	0
3	2155	10380	0
3	2160	10410	0
3	2160	10410	0
3	2166	10440	0
3	2166	10440	0
3	2169	10450	1
3	2171	10470	1
3	2171	10470	1
3	2178	10500	1
3	2178	10500	0
3	2186	10530	0
3	2186	10530	0
3	2192	10560	0
3	2192	10560	0
3	2201	10590	0
3	2201	10590	0
3	2206	10613.637194296062	1
3	2209	10620	1
3	2209	10620	0
3	2216	10650	0
3	2216	10650	0
3	2224	10680	0
3	2224	10680	0
3	2227	10690	1
3	2234	10710	1
3	2234	10710	1
3	2244	10740	1
3	2244	10740	0
3	2248	10770	0
3	2248	10770	0
3	2252	10777.811714395409	1
3	2257	10800	1
3	2257	10800	1
3	2262	10807.735588200826	2
3	2266	10830	2
3	2266	10830	0
3	2273	10840	1
3	2277	10860	1
3	2277	10860	0
3	2282	10884.043764982797	1
3	2285	10890	1
3	2285	10890	1
3	2291	10920	1
3	2291	10920	0
3	2296	10930	1
3	2304	10950	1
3	2304	10950	1
3	2309	10960	2
3	2313	10980	2
3	2313	10980	0
3	2319	11010	0
3	2319	11010	0
3	2326	11040	0
3	2326	11040	0
3	2337	11070	0
3	2337	11070	0
3	2346	11100	0
3	2346	11100	0
3	2349	11110	1
3	2351	11117.473933155799	2
3	2353	11130	2
3	2353	11130	1
3	2360	11160	1
3	2360	11160	1
3	2364	11170	2
3	2370	11190	2
3	2370	11190	1
3	2377	11220	1
3	2377	11220	0
3	2385	11250	0
3	2385	11250	0
3	2392	11280	0
3	2392	11280	0
3	2397	11310	0
3	2397	11310	0
3	2401	11320	1
3	2405	11340	1
3	2405	11340	0
3	2413	11370	0
3	2413	11370	0
3	2418	11400	0
3	2418	11400	0
3	2423	11430	0
3	2423	11430	0
3	2429	11460	0
3	2429	11460	0
3	2436	11490	0
3	2436	11490	0
3	2441	11520	0
3	2441	11520	0
3	2444	11530	1
3	2447	11550	1
3	2447	11550	1
3	2452	11580	1
3	2452	11580	0
3	2461	11610	0
3	2461	11610	0
3	2467	11640	0
3	2467	11640	0
3	2471	11670	0
3	2471	11670	0
3	2480	11700	0
3	2480	11700	0
3	2484	11707.914752449787	1
3	2489	11730	1
3	2489	11730	1
3	2495	11760	1
3	2495	11760	0
3	2501	11790	0
3	2501	11790	0
3	2507	11820	0
3	2507	11820	0
3	2510	11841.633211792888	1
3	2512	11850	1
3	2512	11850	1
3	2521	11880	1
3	2521	11880	1
3	2526	11910	1
3	2526	11910	0
3	2529	11920	1
3	2532	11940	1
3	2532	11940	0
3	2540	11970	0
3	2540	11970	0
3	2549	12000	0
3	2549	12000	0
3	2556	12030	0
3	2556	12030	0
3	2561	12060	0
3	2561	12060	0
3	2564	12061.798800403712	1
3	2568	12090	1
3	2568	12090	1
3	2577	12120	1
3	2577	12120	1
3	2582	12150	1
3	2582	12150	0
3	2587	12180	0
3	2587	12180	0
3	2596	12210	0
3	2596	12210	0
3	2602	12240	0
3	2602	12240	0
3	2607	12270	0
3	2607	12270	0
3	2615	12299.112940710126	1
3	2617	12300	1
3	2617	12300	0
3	2624	12330	0
3	2624	12330	0
3	2632	12360	0
3	2632	12360	0
3	2639	12390	0
3	2639	12390	0
3	2642	12395.458761252728	1
3	2646	12420	1
3	2646	12420	1
3	2652	12431.613529703221	2
3	2656	12450	2
3	2656	12450	2
3	2663	12480	2
3	2663	12480	1
3	2667	12490	2
3	2670	12510	2
3	2670	12510	1
3	2678	12540	1
3	2678	12540	0
3	2684	12570	0
3	2684	12570	0
3	2695	12600	0
3	2695	12600	0
3	2701	12630	0
3	2701	12630	0
3	2709	12660	0
3	2709	12660	0
3	2713	12665.244242878627	1
3	2719	12690	1
3	2719	12690	1
3	2722	12695.013676803388	2
3	2726	12720	2
3	2726	12720	0
3	2737	12750	0
3	2737	12750	0
3	2741	12760	1
3	2744	12766.052723325579	2
3	2746	12780	2
3	2746	12780	1
3	2752	12810	1
3	2752	12810	1
3	2759	12826.605488210156	2
3	2763	12840	2
3	2763	12840	0
3	2768	12858.823744920661	1
3	2770	12870	1
3	2770	12870	0
3	2774	12880	1
3	2776	12900	1
3	2776	12900	0
3	2784	12930	0
3	2784	12930	0
3	2791	12960	0
3	2791	12960	0
3	2798	12990	0
3	2798	12990	0
3	2805	13020	0
3	2805	13020	0
3	2814	13050	0
3	2814	13050	0
3	2820	13080	0
3	2820	13080	0
3	2828	13110	0
3	2828	13110	0
3	2834	13140	0
3	2834	13140	0
3	2841	13170	0
3	2841	13170	0
3	2847	13200	0
3	2847	13200	0
3	2851	13230	0
3	2851	13230	0
3	2859	13260	0
3	2859	13260	0
3	2864	13290	0
3	2864	13290	0
3	2870	13320	0
3	2870	13320	0
3	2874	13350	0
3	2874	13350	0
3	2882	13380	0
3	2882	13380	0
3	2887	13410	0
3	2887	13410	0
3	2893	13440	0
3	2893	13440	0
3	2901	13470	0
3	2901	13470	0
3	2904	13480	1
3	2907	13500	1
3	2907	13500	0
3	2914	13530	0
3	2914	13530	0
3	2920	13556.189694766642	1
3	2922	13560	1
3	2922	13560	1
3	2927	13590	1
3	2927	13590	0
3	2936	13620	0
3	2936	13620	0
3	2946	13650	0
3	2946	13650	0
3	2951	13680	0
3	2951	13680	0
3	2959	13710	0
3	2959	13710	0
3	2963	13721.176062678999	1
3	2966	13740	1
3	2966	13740	1
3	2969	13748.380436646933	2
3	2974	13770	2
3	2974	13770	2
3	2982	13800	2
3	2982	13800	1
3	2985	13810	2
3	2986	13810	3
3	2989	13830	3
3	2989	13830	2
3	2996	13860	2
3	2996	13860	0
3	3002	13890	0
3	3002	13890	0
3	3005	13894.043090578155	1
3	3010	13920	1
3	3010	13920	0
3	3016	13950	0
3	3016	13950	0
3	3024	13980	0
3	3024	13980	0
3	3027	13998.758887568266	1
3	3029	14010	1
3	3029	14010	1
3	3036	14040	1
3	3036	14040	1
3	3044	14070	1
3	3044	14070	0
3	3047	14080	1
3	3050	14100	1
3	3050	14100	0
3	3056	14130	0
3	3056	14130	0
3	3060	14160	0
3	3060	14160	0
3	3067	14183.612801499241	1
3	3069	14190	1
3	3069	14190	0
3	3075	14220	0
3	3075	14220	0
3	3081	14250	0
3	3081	14250	0
3	3084	14264.09686465305	1
3	3088	14280	1
3	3088	14280	0
3	3093	14290	1
3	3096	14310	1
3	3096	14310	1
3	3102	14340	1
3	3102	14340	0
3	3108	14370	0
3	3108	14370	0
3	3115	14400	0
3	3115	14400	0
3	3123	14430	0
3	3123	14430	0
3	3128	14460	0
3	3128	14460	0
3	3134	14477.305075788871	1
3	3136	14490	1
3	3136	14490	1
3	3140	14504.398992940535	2
3	3143	14520	2
3	3143	14520	0
3	3149	14550	0
3	3149	14550	0
3	3155	14580	0
3	3155	14580	0
3	3160	14610	0
3	3160	14610	0
3	3171	14640	0
3	3171	14640	0
3	3176	14670	0
3	3176	14670	0
3	3182	14700	0
3	3182	14700	0
3	3185	14715.514640840721	1
3	3188	14730	1
3	3188	14730	1
3	3195	14760	1
3	3195	14760	1
3	3202	14790	1
3	3202	14790	0
3	3205	14795.001547303111	1
3	3207	14820	1
3	3207	14820	1
3	3213	14834.218508671027	2
3	3215	14850	2
3	3215	14850	2
3	3222	14880	2
3	3222	14880	0
3	3229	14910	0
3	3229	14910	0
3	3233	14940	0
3	3233	14940	0
3	3238	14970	0
3	3238	14970	0
3	3244	15000	0
3	3244	15000	0
3	3247	15006.025257573024	1
3	3249	15010	2
3	3251	15030	2
3	3251	15030	1
3	3255	15060	1
3	3255	15060	0
3	3262	15090	0
3	3262	15090	0
3	3267	15120	0
3	3267	15120	0
3	3275	15150	0
3	3275	15150	0
3	3283	15180	0
3	3283	15180	0
3	3287	15195.230765541115	1
3	3290	15210	1
3	3290	15210	1
3	3296	15240	1
3	3296	15240	1
3	3303	15270	1
3	3303	15270	0
3	3311	15300	0
3	3311	15300	0
3	3314	15301.058415120934	1
3	3316	15330	1
3	3316	15330	1
3	3320	15360	1
3	3320	15360	0
3	3326	15383.139719922986	1
3	3328	15390	1
3	3328	15390	0
3	3334	15420	0
3	3334	15420	0
3	3338	15450	0
3	3338	15450	0
3	3343	15480	0
3	3343	15480	0
3	3351	15510	0
3	3351	15510	0
3	3355	15540	0
3	3355	15540	0
3	3359	15570	0
3	3359	15570	0
3	3367	15600	0
3	3367	15600	0
3	3371	15630	0
3	3371	15630	0
3	3375	15660	0
3	3375	15660	0
3	3381	15690	0
3	3381	15690	0
3	3385	15720	0
3	3385	15720	0
3	3389	15750	0
3	3389	15750	0
3	3396	15780	0
3	3396	15780	0
3	3402	15810	0
3	3402	15810	0
3	3407	15840	0
3	3407	15840	0
3	3415	15870	0
3	3415	15870	0
3	3424	15900	0
3	3424	15900	0
3	3429	15930	0
3	3429	15930	0
3	3434	15953.278613130309	1
3	3436	15960	1
3	3436	15960	0
3	3445	15990	0
3	3445	15990	0
3	3448	16000	1
3	3449	16000	2
3	3453	16020	2
3	3453	16020	0
3	3458	16050	0
3	3458	16050	0
3	3463	16061.323043583603	1
3	3466	16080	1
3	3466	16080	1
3	3473	16110	1
3	3473	16110	0
3	3478	16120	1
3	3479	16120	2
3	3483	16140	2
3	3483	16140	0
3	3486	16158.020148185643	1
3	3490	16170	1
3	3490	16170	1
3	3494	16188.884913569927	2
3	3496	16200	2
3	3496	16200	1
3	3505	16230	1
3	3505	16230	0
3	3512	16260	0
3	3512	16260	0
3	3516	16263.478971512246	1
3	3519	16290	1
3	3519	16290	1
3	3527	16320	1
3	3527	16320	1
3	3534	16350	1
3	3534	16350	0
3	3539	16380	0
3	3539	16380	0
3	3546	16410	0
3	3546	16410	0
3	3553	16440	0
3	3553	16440	0
3	3557	16450	1
3	3560	16470	1
3	3560	16470	1
3	3563	16480	2
3	3567	16500	2
3	3567	16500	0
3	3574	16530	0
3	3574	16530	0
3	3581	16560	0
3	3581	16560	0
3	3588	16590	0
3	3588	16590	0
3	3595	16620	0
3	3595	16620	0
3	3605	16650	0
3	3605	16650	0
3	3611	16680	0
3	3611	16680	0
3	3614	16690	1
3	3617	16710	1
3	3617	16710	1
3	3620	16720	2
3	3621	16727.319787787933	3
3	3624	16740	3
3	3624	16740	0
3	3634	16770	0
3	3634	16770	0
3	3639	16800	0
3	3639	16800	0
3	3645	16830	0
3	3645	16830	0
3	3651	16840	1
3	3657	16860	1
3	3657	16860	0
3	3662	16890	0
3	3662	16890	0
3	3667	16920	0
3	3667	16920	0
3	3670	16925.456781175	1
3	3675	16950	1
3	3675	16950	0
3	3681	16980	0
3	3681	16980	0
3	3687	17010	0
3	3687	17010	0
3	3692	17040	0
3	3692	17040	0
3	3698	17070	0
3	3698	17070	0
3	3701	17080	1
3	3705	17100	1
3	3705	17100	0
3	3709	17130	0
3	3709	17130	0
3	3712	17131.526780391046	1
3	3714	17148.098647655494	2
3	3716	17160	2
3	3716	17160	1
3	3726	17190	1
3	3726	17190	0
3	3735	17220	0
3	3735	17220	0
3	3739	17250	0
3	3739	17250	0
3	3748	17280	0
3	3748	17280	0
3	3756	17310	0
3	3756	17310	0
3	3763	17340	0
3	3763	17340	0
3	3769	17370	0
3	3769	17370	0
3	3776	17400	0
3	3776	17400	0
3	3780	17410	1
3	3782	17410	2
3	3786	17430	2
3	3786	17430	2
3	3796	17460	2
3	3796	17460	0
3	3800	17461.990346944292	1
3	3801	17470	2
3	3807	17490	2
3	3807	17490	1
3	3814	17520	1
3	3814	17520	1
3	3824	17550	1
3	3824	17550	0
3	3833	17580	0
3	3833	17580	0
3	3839	17603.406372977091	1
3	3841	17610	1
3	3841	17610	1
3	3846	17640	1
3	3846	17640	1
3	3850	17650	2
3	3852	17670	2
3	3852	17670	1
3	3860	17700	1
3	3860	17700	0
3	3863	17710	1
3	3867	17730	1
3	3867	17730	0
3	3873	17760	0
3	3873	17760	0
3	3881	17790	0
3	3881	17790	0
3	3887	17820	0
3	3887	17820	0
3	3892	17850	0
3	3892	17850	0
3	3899	17880	0
3	3899	17880	0
3	3907	17910	0
3	3907	17910	0
3	3913	17940	0
3	3913	17940	0
3	3918	17964.8429292138	1
3	3920	17970	1
3	3920	17970	0
3	3926	17996.593857984328	1
3	3928	18000	1
3	3928	18000	1
3	3933	18030	1
3	3933	18030	0
3	3938	18058.520824033311	1
3	3940	18060	1
3	3940	18060	0
3	3948	18090	0
3	3948	18090	0
3	3952	18120	0
3	3952	18120	0
3	3960	18150	0
3	3960	18150	0
3	3971	18180	0
3	3971	18180	0
3	3976	18210	0
3	3976	18210	0
3	3979	18221.521879243007	1
3	3981	18240	1
3	3981	18240	0
3	3988	18270	0
3	3988	18270	0
3	3993	18300	0
3	3993	18300	0
3	3998	18330	0
3	3998	18330	0
3	4005	18360	0
3	4005	18360	0
3	4009	18370	1
3	4012	18390	1
3	4012	18390	1
3	4016	18420	1
3	4016	18420	0
3	4021	18450	0
3	4021	18450	0
3	4030	18480	0
3	4030	18480	0
3	4035	18510	0
3	4035	18510	0
3	4041	18540	0
3	4041	18540	0
3	4045	18557.602342729414	1
3	4049	18570	1
3	4049	18570	1
3	4054	18600	1
3	4054	18600	1
3	4058	18630	1
3	4058	18630	0
3	4061	18655.698847151116	1
3	4063	18660	1
3	4063	18660	1
3	4070	18690	1
3	4070	18690	1
3	4075	18720	1
3	4075	18720	0
3	4081	18750	0
3	4081	18750	0
3	4084	18774.352121309586	1
3	4086	18780	1
3	4086	18780	1
3	4090	18810	1
3	4090	18810	1
3	4098	18840	1
3	4098	18840	0
3	4102	18870	0
3	4102	18870	0
3	4106	18900	0
3	4106	18900	0
3	4111	18930	0
3	4111	18930	0
3	4119	18960	0
3	4119	18960	0
3	4123	18970	1
3	4125	18990	1
3	4125	18990	1
3	4130	19020	1
3	4130	19020	0
3	4133	19033.289640274648	1
3	4136	19050	1
3	4136	19050	1
3	4143	19080	1
3	4143	19080	1
3	4148	19110	1
3	4148	19110	0
3	4151	19111.374411146653	1
3	4155	19140	1
3	4155	19140	0
3	4162	19170	0
3	4162	19170	0
3	4168	19200	0
3	4168	19200	0
3	4175	19230	0
3	4175	19230	0
3	4181	19260	0
3	4181	19260	0
3	4187	19290	0
3	4187	19290	0
3	4193	19320	0
3	4193	19320	0
3	4198	19350	0
3	4198	19350	0
3	4204	19380	0
3	4204	19380	0
3	4211	19410	0
3	4211	19410	0
3	4216	19440	0
3	4216	19440	0
3	4219	19457.734037929496	1
3	4221	19470	1
3	4221	19470	0
3	4227	19500	0
3	4227	19500	0
3	4232	19530	0
3	4232	19530	0
3	4237	19560	0
3	4237	19560	0
3	4242	19586.011011670993	1
3	4244	19590	1
3	4244	19590	0
3	4248	19620	0
3	4248	19620	0
3	4255	19650	0
3	4255	19650	0
3	4258	19660.129138207023	1
3	4261	19680	1
3	4261	19680	0
3	4266	19710	0
3	4266	19710	0
3	4274	19740	0
3	4274	19740	0
3	4278	19770	0
3	4278	19770	0
3	4283	19800	0
3	4283	19800	0
3	4289	19830	0
3	4289	19830	0
3	4296	19860	0
3	4296	19860	0
3	4300	19890	0
3	4300	19890	0
3	4305	19920	0
3	4305	19920	0
3	4311	19950	0
3	4311	19950	0
3	4314	19960	1
3	4317	19980	1
3	4317	19980	0
4	249	1007.210990912514	0
4	251	1020	50
4	251	1020	20
4	323	1380	50
4	394	1800	85.177843688486
4	402	1830	25.854535000238
4	424	1950	38.510439866141
4	465	2160	48.787439709749
4	521	2455.028844507066	0
4	527	2470	0
4	537	2520	37.405638426793
4	543	2550	77.637963454914
4	576	2700	20
4	593	2790	4.457904661794
4	626	2940	50
4	644	3030	72.698934720972
4	673	3150	69.004628614853
4	694	3240	62.135002943045
4	710	3310	0
4	716	3340	0
4	740	3460	0
4	806	3820	0
4	871	4150	0
4	902	4320	78.300313286348
4	912	4380	50
4	916	4390	0
4	917	4390	0
4	981	4727.228792645492	0
4	983	4740	23.490616800396
4	1001	4830	4.724955696835
4	1006	4860	41.383103134653
4	1009	4860.784664760391	0
4	1026	4950	44.593500408852
4	1032	4971.303757889167	0
4	1077	5160	58.006166912545
4	1082	5190	87.06055483035
4	1088	5213.440411937229	0
4	1090	5220	17.308338701779
4	1090	5220	13.267887212557
4	1093	5230	0
4	1094	5230	0
4	1108	5297.097643021103	0
4	1110	5310	73.205870493699
4	1194	5700	20
4	1230	5850	20
4	1251	5940	36.04530868408
4	1251	5940	10.857787992124
4	1259	5970	87.353262451632
4	1268	6003.44376576294	0
4	1302	6150	61.611110900231
4	1310	6180	20
4	1351	6360	11.102057620122
4	1385	6519.757084539918	0
4	1427	6720	75.176216365554
4	1462	6870	58.611796878683
4	1471	6910	0
4	1488	6990	68.758053448676
4	1506	7060	0
4	1522	7140	50
4	1535	7200	41.625902573565
4	1548	7266.85135847112	0
4	1551	7290	20
4	1557	7320	16.50080563876
4	1639	7740	20
4	1643	7750	0
4	1650	7780	0
4	1657	7817.18105908722	0
4	1670	7860	38.898950396329
4	1670	7860	20
4	1676	7890	88.528384998755
4	1706	8020	0
4	1715	8070	62.776590271513
4	1768	8350	0
4	1813	8590	0
4	1837	8730	2.69304233069
4	1856	8830	0
4	1900	9060	50
4	1913	9132.235017293385	0
4	1940	9270	54.548980322421
4	1946	9300	20
4	1950	9310	0
4	1973	9420	20
4	1985	9480	68.552161834458
4	1985	9480	51.189763155669
4	1998	9540	50
4	2016	9630	9.674228149765
4	2037	9745.288206316136	0
4	2076	9940	0
4	2080	9960	81.659534293171
4	2112	10150	0
4	2178	10500	50
4	2209	10620	6.362805703938
4	2212	10630	0
4	2244	10740	50
4	2266	10830	52.188285604591
4	2266	10830	22.264411799174
4	2277	10860	20
4	2280	10870	0
4	2291	10920	35.956235017203
4	2313	10980	50
4	2313	10980	20
4	2353	11130	20
4	2356	11140	0
4	2370	11190	72.526066844201
4	2377	11220	50
4	2405	11340	20
4	2452	11580	50
4	2455	11590	0
4	2456	11590	0
4	2495	11760	52.085247550213
4	2516	11860	0
4	2519	11875.275125101392	0
4	2526	11910	68.366788207112
4	2532	11940	20
4	2582	12150	88.201199596288
4	2617	12300	0.887059289874
4	2650	12430	0
4	2663	12480	84.541238747272
4	2670	12510	78.386470296779
4	2678	12540	50
4	2724	12700	0
4	2726	12720	54.755757121373
4	2726	12720	24.986323196612
4	2735	12740.196472676326	0
4	2746	12780	20
4	2763	12840	73.947276674421
4	2763	12840	13.394511789844
4	2770	12870	11.176255079339
4	2776	12900	20
4	2837	13150	0
4	2838	13150	0
4	2907	13500	20
4	2917	13540	0
4	2927	13590	33.810305233358
4	2970	13750	0
4	2971	13750	0
4	2982	13800	78.823937321001
4	2989	13830	81.619563353067
4	2996	13860	50
4	2996	13860	50
4	3010	13920	25.956909421845
4	3044	14070	71.241112431734
4	3050	14100	20
4	3053	14110	0
4	3069	14190	6.387198500759
4	3088	14280	15.90313534695
4	3102	14340	50
4	3120	14411.352571482304	0
4	3139	14500	0
4	3143	14520	42.694924211129
4	3143	14520	15.601007059465
4	3146	14525.770207288941	0
4	3202	14790	74.485359159279
4	3222	14880	84.998452696889
4	3222	14880	45.781491328973
4	3251	15030	23.974742426976
4	3255	15060	50
4	3301	15260.789357951076	0
4	3303	15270	74.769234458885
4	3320	15360	58.941584879066
4	3328	15390	6.860280077014
4	3413	15869.30784920849	0
4	3436	15960	6.721386869691
4	3442	15970.133461046021	0
4	3453	16020	20
4	3453	16020	20
4	3471	16106.107018024649	0
4	3473	16110	48.676956416397
4	3483	16140	20
4	3483	16140	20
4	3496	16200	11.115086430073
4	3505	16230	71.979851814357
4	3522	16300	0
4	3534	16350	86.521028487754
4	3567	16500	50
4	3567	16500	20
4	3622	16727.331216159836	0
4	3624	16740	50
4	3624	16740	20
4	3624	16740	12.680212212067
4	3628	16750	0
4	3657	16860	20
4	3660	16870	0
4	3675	16950	24.543218825
4	3685	16990	0
4	3705	17100	20
4	3716	17160	11.901352344506
4	3726	17190	58.473219608954
4	3796	17460	50
4	3796	17460	50
4	3807	17490	20
4	3817	17525.344988776099	0
4	3824	17550	88.009653055708
4	3837	17590	0
4	3852	17670	66.593627022909
4	3860	17700	50
4	3867	17730	20
4	3920	17970	5.1570707862
4	3933	18030	33.406142015672
4	3937	18056.255622866903	0
4	3940	18060	1.479175966689
4	3981	18240	18.478120756993
4	4016	18420	50
4	4019	18430	0
4	4052	18570.495446166302	0
4	4058	18630	72.397657270586
4	4075	18720	64.301152848884
4	4098	18840	65.647878690414
4	4130	19020	50
4	4148	19110	76.710359725352
4	4155	19140	28.625588853347
4	4221	19470	12.265962070504
4	4244	19590	3.988988329007
4	4261	19680	19.870861792977
4	4317	19980	20
5	249	1007.210990912514	19056
5	251	1020	19053
5	251	1020	19054
5	323	1380	19060
5	394	1800	19064
5	402	1830	19065
5	424	1950	19067
5	465	2160	19071
5	521	2455.028844507066	19075
5	527	2470	19073
5	537	2520	19078
5	543	2550	19077
5	576	2700	19079
5	593	2790	19083
5	626	2940	19082
5	644	3030	19086
5	673	3150	19089
5	694	3240	19092
5	710	3310	19090
5	716	3340	19093
5	740	3460	19094
5	806	3820	19099
5	871	4150	19101
5	902	4320	19108
5	912	4380	19106
5	916	4390	19103
5	917	4390	19104
5	981	4727.228792645492	19113
5	983	4740	19111
5	1001	4830	19115
5	1006	4860	19112
5	1009	4860.784664760391	19114
5	1026	4950	19117
5	1032	4971.303757889167	19118
5	1077	5160	19122
5	1082	5190	19124
5	1088	5213.440411937229	19126
5	1090	5220	19123
5	1090	5220	19125
5	1093	5230	19116
5	1094	5230	19119
5	1108	5297.097643021103	19128
5	1110	5310	19127
5	1194	5700	19130
5	1230	5850	19133
5	1251	5940	19136
5	1251	5940	19137
5	1259	5970	19135
5	1268	6003.44376576294	19141
5	1302	6150	19143
5	1310	6180	19142
5	1351	6360	19149
5	1385	6519.757084539918	19152
5	1427	6720	19154
5	1462	6870	19160
5	1471	6910	19155
5	1488	6990	19162
5	1506	7060	19163
5	1522	7140	19164
5	1535	7200	19166
5	1548	7266.85135847112	19167
5	1551	7290	19165
5	1557	7320	19168
5	1639	7740	19171
5	1643	7750	19169
5	1650	7780	19174
5	1657	7817.18105908722	19178
5	1670	7860	19176
5	1670	7860	19173
5	1676	7890	19175
5	1706	8020	19180
5	1715	8070	19182
5	1768	8350	19184
5	1813	8590	19186
5	1837	8730	19189
5	1856	8830	19188
5	1900	9060	19192
5	1913	9132.235017293385	19196
5	1940	9270	19197
5	1946	9300	19195
5	1950	9310	19194
5	1973	9420	19199
5	1985	9480	19201
5	1985	9480	19202
5	1998	9540	19200
5	2016	9630	19204
5	2037	9745.288206316136	19206
5	2076	9940	19207
5	2080	9960	19208
5	2112	10150	19209
5	2178	10500	19211
5	2209	10620	19216
5	2212	10630	19215
5	2244	10740	19217
5	2266	10830	19224
5	2266	10830	19228
5	2277	10860	19221
5	2280	10870	19219
5	2291	10920	19230
5	2313	10980	19227
5	2313	10980	19229
5	2353	11130	19234
5	2356	11140	19236
5	2370	11190	19238
5	2377	11220	19235
5	2405	11340	19240
5	2452	11580	19244
5	2455	11590	19245
5	2456	11590	19243
5	2495	11760	19248
5	2516	11860	19251
5	2519	11875.275125101392	19252
5	2526	11910	19254
5	2532	11940	19253
5	2582	12150	19256
5	2617	12300	19260
5	2650	12430	19261
5	2663	12480	19267
5	2670	12510	19268
5	2678	12540	19264
5	2724	12700	19270
5	2726	12720	19273
5	2726	12720	19275
5	2735	12740.196472676326	19278
5	2746	12780	19271
5	2763	12840	19280
5	2763	12840	19281
5	2770	12870	19284
5	2776	12900	19279
5	2837	13150	19283
5	2838	13150	19285
5	2907	13500	19290
5	2917	13540	19291
5	2927	13590	19295
5	2970	13750	19293
5	2971	13750	19292
5	2982	13800	19302
5	2989	13830	19303
5	2996	13860	19300
5	2996	13860	19301
5	3010	13920	19305
5	3044	14070	19307
5	3050	14100	19306
5	3053	14110	19304
5	3069	14190	19310
5	3088	14280	19311
5	3102	14340	19309
5	3120	14411.352571482304	19315
5	3139	14500	19314
5	3143	14520	19316
5	3143	14520	19317
5	3146	14525.770207288941	19318
5	3202	14790	19321
5	3222	14880	19322
5	3222	14880	19325
5	3251	15030	19326
5	3255	15060	19324
5	3301	15260.789357951076	19332
5	3303	15270	19330
5	3320	15360	19333
5	3328	15390	19334
5	3413	15869.30784920849	19338
5	3436	15960	19342
5	3442	15970.133461046021	19343
5	3453	16020	19339
5	3453	16020	19340
5	3471	16106.107018024649	19347
5	3473	16110	19346
5	3483	16140	19344
5	3483	16140	19345
5	3496	16200	19350
5	3505	16230	19349
5	3522	16300	19348
5	3534	16350	19352
5	3567	16500	19351
5	3567	16500	19353
5	3622	16727.331216159836	19363
5	3624	16740	19357
5	3624	16740	19359
5	3624	16740	19360
5	3628	16750	19356
5	3657	16860	19362
5	3660	16870	19361
5	3675	16950	19367
5	3685	16990	19364
5	3705	17100	19366
5	3716	17160	19369
5	3726	17190	19368
5	3796	17460	19371
5	3796	17460	19376
5	3807	17490	19374
5	3817	17525.344988776099	19384
5	3824	17550	19381
5	3837	17590	19377
5	3852	17670	19390
5	3860	17700	19387
5	3867	17730	19386
5	3920	17970	19391
5	3933	18030	19395
5	3937	18056.255622866903	19397
5	3940	18060	19393
5	3981	18240	19401
5	4016	18420	19403
5	4019	18430	19399
5	4052	18570.495446166302	19404
5	4058	18630	19405
5	4075	18720	19407
5	4098	18840	19408
5	4130	19020	19409
5	4148	19110	19412
5	4155	19140	19411
5	4221	19470	19418
5	4244	19590	19419
5	4261	19680	19420
5	4317	19980	19424
6	252	1020	0
6	252	1020	0
6	259	1050	0
6	259	1050	0
6	264	1080	0
6	264	1080	0
6	271	1110	0
6	271	1110	0
6	275	1137.187327910247	1
6	279	1140	1
6	279	1140	0
6	284	1170	0
6	284	1170	0
6	287	1193.179608118276	1
6	290	1200	1
6	290	1200	1
6	296	1230	1
6	296	1230	0
6	303	1260	0
6	303	1260	0
6	308	1290	0
6	308	1290	0
6	313	1320	0
6	313	1320	0
6	320	1350	0
6	320	1350	0
6	324	1380	0
6	324	1380	0
6	329	1410	0
6	329	1410	0
6	334	1440	0
6	334	1440	0
6	339	1470	0
6	339	1470	0
6	344	1500	0
6	344	1500	0
6	348	1530	0
6	348	1530	0
6	354	1560	0
6	354	1560	0
6	358	1590	0
6	358	1590	0
6	363	1620	0
6	363	1620	0
6	365	1630	1
6	369	1650	1
6	369	1650	0
6	374	1680	0
6	374	1680	0
6	379	1710	0
6	379	1710	0
6	384	1740	0
6	384	1740	0
6	391	1770	0
6	391	1770	0
6	395	1800	0
6	395	1800	0
6	403	1830	0
6	403	1830	0
6	407	1860	0
6	407	1860	0
6	412	1890	0
6	412	1890	0
6	418	1920	0
6	418	1920	0
6	425	1950	0
6	425	1950	0
6	431	1980	0
6	431	1980	0
6	435	2010	0
6	435	2010	0
6	442	2040	0
6	442	2040	0
6	450	2070	0
6	450	2070	0
6	454	2100	0
6	454	2100	0
6	461	2130	0
6	461	2130	0
6	466	2160	0
6	466	2160	0
6	471	2190	0
6	471	2190	0
6	475	2220	0
6	475	2220	0
6	482	2250	0
6	482	2250	0
6	489	2280	0
6	489	2280	0
6	493	2310	0
6	493	2310	0
6	498	2340	0
6	498	2340	0
6	502	2357.298025105041	1
6	506	2370	1
6	506	2370	0
6	512	2400	0
6	512	2400	0
6	517	2430	0
6	517	2430	0
6	525	2460	0
6	525	2460	0
6	533	2490	0
6	533	2490	0
6	538	2520	0
6	538	2520	0
6	541	2541.254380264018	1
6	544	2550	1
6	544	2550	1
6	551	2580	1
6	551	2580	0
6	558	2610	0
6	558	2610	0
6	565	2640	0
6	565	2640	0
6	571	2670	0
6	571	2670	0
6	577	2700	0
6	577	2700	0
6	579	2722.41153531308	1
6	582	2730	1
6	582	2730	1
6	588	2760	1
6	588	2760	1
6	594	2790	1
6	594	2790	0
6	601	2820	0
6	601	2820	0
6	606	2850	0
6	606	2850	0
6	613	2880	0
6	613	2880	0
6	621	2910	0
6	621	2910	0
6	627	2940	0
6	627	2940	0
6	633	2970	0
6	633	2970	0
6	639	3000	0
6	639	3000	0
6	645	3030	0
6	645	3030	0
6	649	3042.039563769301	1
6	652	3060	1
6	652	3060	0
6	661	3090	0
6	661	3090	0
6	668	3120	0
6	668	3120	0
6	674	3150	0
6	674	3150	0
6	682	3180	0
6	682	3180	0
6	687	3208.196547651767	1
6	690	3210	1
6	690	3210	0
6	695	3240	0
6	695	3240	0
6	701	3270	0
6	701	3270	0
6	706	3300	0
6	706	3300	0
6	714	3330	0
6	714	3330	0
6	720	3360	0
6	720	3360	0
6	726	3390	0
6	726	3390	0
6	733	3420	0
6	733	3420	0
6	738	3450	0
6	738	3450	0
6	746	3480	0
6	746	3480	0
6	752	3510	0
6	752	3510	0
6	757	3540	0
6	757	3540	0
6	763	3570	0
6	763	3570	0
6	768	3600	0
6	768	3600	0
6	773	3630	0
6	773	3630	0
6	777	3660	0
6	777	3660	0
6	784	3690	0
6	784	3690	0
6	788	3720	0
6	788	3720	0
6	795	3750	0
6	795	3750	0
6	800	3780	0
6	800	3780	0
6	804	3810	0
6	804	3810	0
6	811	3840	0
6	811	3840	0
6	816	3870	0
6	816	3870	0
6	820	3900	0
6	820	3900	0
6	825	3930	0
6	825	3930	0
6	829	3960	0
6	829	3960	0
6	831	3969.268314184075	1
6	835	3990	1
6	835	3990	0
6	838	4000	1
6	839	4000	2
6	842	4020	2
6	842	4020	2
6	849	4050	2
6	849	4050	0
6	854	4080	0
6	854	4080	0
6	860	4110	0
6	860	4110	0
6	864	4140	0
6	864	4140	0
6	866	4141.516366867185	1
6	868	4144.064491309164	2
6	875	4170	2
6	875	4170	2
6	879	4200	2
6	879	4200	2
6	884	4230	2
6	884	4230	0
6	886	4240	1
6	887	4240	2
6	894	4260	2
6	894	4260	2
6	898	4290	2
6	898	4290	0
6	903	4320	0
6	903	4320	0
6	909	4350	0
6	909	4350	0
6	913	4380	0
6	913	4380	0
6	921	4410	0
6	921	4410	0
6	926	4440	0
6	926	4440	0
6	931	4470	0
6	931	4470	0
6	938	4500	0
6	938	4500	0
6	940	4505.051671308032	1
6	944	4530	1
6	944	4530	0
6	949	4560	0
6	949	4560	0
6	954	4590	0
6	954	4590	0
6	960	4620	0
6	960	4620	0
6	966	4650	0
6	966	4650	0
6	972	4680	0
6	972	4680	0
6	976	4710	0
6	976	4710	0
6	984	4740	0
6	984	4740	0
6	989	4770	0
6	989	4770	0
6	994	4800	0
6	994	4800	0
6	1002	4830	0
6	1002	4830	0
6	1007	4860	0
6	1007	4860	0
6	1014	4890	0
6	1014	4890	0
6	1020	4920	0
6	1020	4920	0
6	1027	4950	0
6	1027	4950	0
6	1036	4980	0
6	1036	4980	0
6	1044	5010	0
6	1044	5010	0
6	1049	5040	0
6	1049	5040	0
6	1055	5070	0
6	1055	5070	0
6	1058	5080	1
6	1059	5080	2
6	1062	5100	2
6	1062	5100	2
6	1071	5130	2
6	1071	5130	0
6	1078	5160	0
6	1078	5160	0
6	1083	5190	0
6	1083	5190	0
6	1091	5220	0
6	1091	5220	0
6	1095	5230	1
6	1099	5250	1
6	1099	5250	0
6	1105	5280	0
6	1105	5280	0
6	1111	5310	0
6	1111	5310	0
6	1120	5340	0
6	1120	5340	0
6	1126	5370	0
6	1126	5370	0
6	1131	5400	0
6	1131	5400	0
6	1141	5430	0
6	1141	5430	0
6	1147	5460	0
6	1147	5460	0
6	1152	5490	0
6	1152	5490	0
6	1160	5520	0
6	1160	5520	0
6	1164	5547.729487864319	1
6	1167	5550	1
6	1167	5550	1
6	1172	5580	1
6	1172	5580	0
6	1177	5610	0
6	1177	5610	0
6	1184	5640	0
6	1184	5640	0
6	1188	5670	0
6	1188	5670	0
6	1195	5700	0
6	1195	5700	0
6	1202	5730	0
6	1202	5730	0
6	1210	5760	0
6	1210	5760	0
6	1216	5790	0
6	1216	5790	0
6	1222	5820	0
6	1222	5820	0
6	1226	5830	1
6	1231	5850	1
6	1231	5850	0
6	1239	5880	0
6	1239	5880	0
6	1246	5910	0
6	1246	5910	0
6	1252	5940	0
6	1252	5940	0
6	1260	5970	0
6	1260	5970	0
6	1266	6000	0
6	1266	6000	0
6	1270	6025.933299650853	1
6	1273	6030	1
6	1273	6030	1
6	1280	6060	1
6	1280	6060	0
6	1290	6090	0
6	1290	6090	0
6	1298	6120	0
6	1298	6120	0
6	1303	6150	0
6	1303	6150	0
6	1311	6180	0
6	1311	6180	0
6	1318	6210	0
6	1318	6210	0
6	1324	6240	0
6	1324	6240	0
6	1332	6270	0
6	1332	6270	0
6	1338	6300	0
6	1338	6300	0
6	1342	6310	1
6	1346	6330	1
6	1346	6330	0
6	1352	6360	0
6	1352	6360	0
6	1359	6390	0
6	1359	6390	0
6	1366	6420	0
6	1366	6420	0
6	1371	6450	0
6	1371	6450	0
6	1374	6460	1
6	1378	6480	1
6	1378	6480	0
6	1380	6487.116496759643	1
6	1383	6510	1
6	1383	6510	0
6	1388	6540	0
6	1388	6540	0
6	1396	6570	0
6	1396	6570	0
6	1401	6600	0
6	1401	6600	0
6	1407	6630	0
6	1407	6630	0
6	1414	6660	0
6	1414	6660	0
6	1421	6690	0
6	1421	6690	0
6	1428	6720	0
6	1428	6720	0
6	1435	6750	0
6	1435	6750	0
6	1438	6767.699861920586	1
6	1443	6780	1
6	1443	6780	1
6	1447	6810	1
6	1447	6810	0
6	1456	6840	0
6	1456	6840	0
6	1463	6870	0
6	1463	6870	0
6	1469	6900	0
6	1469	6900	0
6	1472	6910.439913643371	1
6	1476	6930	1
6	1476	6930	0
6	1479	6940.691537373308	1
6	1483	6960	1
6	1483	6960	1
6	1489	6990	1
6	1489	6990	0
6	1496	7020	0
6	1496	7020	0
6	1502	7050	0
6	1502	7050	0
6	1512	7080	0
6	1512	7080	0
6	1518	7110	0
6	1518	7110	0
6	1523	7140	0
6	1523	7140	0
6	1531	7170	0
6	1531	7170	0
6	1536	7200	0
6	1536	7200	0
6	1541	7230	0
6	1541	7230	0
6	1546	7260	0
6	1546	7260	0
6	1552	7290	0
6	1552	7290	0
6	1558	7320	0
6	1558	7320	0
6	1563	7350	0
6	1563	7350	0
6	1568	7380	0
6	1568	7380	0
6	1573	7410	0
6	1573	7410	0
6	1579	7440	0
6	1579	7440	0
6	1584	7470	0
6	1584	7470	0
6	1588	7500	0
6	1588	7500	0
6	1594	7530	0
6	1594	7530	0
6	1600	7560	0
6	1600	7560	0
6	1607	7590	0
6	1607	7590	0
6	1610	7612.880368668943	1
6	1613	7620	1
6	1613	7620	0
6	1616	7630	1
6	1620	7650	1
6	1620	7650	0
6	1622	7667.362176071056	1
6	1626	7680	1
6	1626	7680	1
6	1631	7710	1
6	1631	7710	1
6	1640	7740	1
6	1640	7740	0
6	1648	7770	0
6	1648	7770	0
6	1653	7800	0
6	1653	7800	0
6	1661	7830	0
6	1661	7830	0
6	1671	7860	0
6	1671	7860	0
6	1677	7890	0
6	1677	7890	0
6	1683	7920	0
6	1683	7920	0
6	1688	7950	0
6	1688	7950	0
6	1696	7980	0
6	1696	7980	0
6	1704	8010	0
6	1704	8010	0
6	1709	8040	0
6	1709	8040	0
6	1716	8070	0
6	1716	8070	0
6	1723	8100	0
6	1723	8100	0
6	1728	8130	0
6	1728	8130	0
6	1734	8160	0
6	1734	8160	0
6	1739	8190	0
6	1739	8190	0
6	1741	8200	1
6	1745	8220	1
6	1745	8220	1
6	1750	8250	1
6	1750	8250	0
6	1755	8280	0
6	1755	8280	0
6	1760	8310	0
6	1760	8310	0
6	1766	8340	0
6	1766	8340	0
6	1772	8370	0
6	1772	8370	0
6	1778	8400	0
6	1778	8400	0
6	1782	8430	0
6	1782	8430	0
6	1785	8440	1
6	1790	8460	1
6	1790	8460	1
6	1795	8490	1
6	1795	8490	0
6	1799	8520	0
6	1799	8520	0
6	1805	8550	0
6	1805	8550	0
6	1810	8580	0
6	1810	8580	0
6	1816	8610	0
6	1816	8610	0
6	1821	8640	0
6	1821	8640	0
6	1825	8670	0
6	1825	8670	0
6	1827	8680	1
6	1832	8700	1
6	1832	8700	1
6	1838	8730	1
6	1838	8730	0
6	1842	8760	0
6	1842	8760	0
6	1845	8780.455645381902	1
6	1848	8790	1
6	1848	8790	1
6	1853	8820	1
6	1853	8820	0
6	1859	8850	0
6	1859	8850	0
6	1862	8860.525033974807	1
6	1865	8880	1
6	1865	8880	1
6	1869	8910	1
6	1869	8910	0
6	1876	8940	0
6	1876	8940	0
6	1882	8970	0
6	1882	8970	0
6	1886	9000	0
6	1886	9000	0
6	1894	9030	0
6	1894	9030	0
6	1898	9057.155615096025	1
6	1901	9060	1
6	1901	9060	1
6	1905	9090	1
6	1905	9090	0
6	1907	9105.84293288753	1
6	1911	9120	1
6	1911	9120	1
6	1917	9150	1
6	1917	9150	1
6	1920	9160	2
6	1923	9180	2
6	1923	9180	1
6	1930	9210	1
6	1930	9210	0
6	1934	9235.219063503947	1
6	1937	9240	1
6	1937	9240	1
6	1941	9270	1
6	1941	9270	1
6	1944	9291.706829474642	2
6	1947	9300	2
6	1947	9300	0
6	1949	9305.996169590031	1
6	1955	9330	1
6	1955	9330	1
6	1959	9360	1
6	1959	9360	1
6	1965	9390	1
6	1965	9390	0
6	1974	9420	0
6	1974	9420	0
6	1979	9450	0
6	1979	9450	0
6	1986	9480	0
6	1986	9480	0
6	1992	9510	0
6	1992	9510	0
6	1999	9540	0
6	1999	9540	0
6	2004	9570	0
6	2004	9570	0
6	2006	9580	1
6	2010	9600	1
6	2010	9600	0
6	2017	9630	0
6	2017	9630	0
6	2023	9660	0
6	2023	9660	0
6	2028	9690	0
6	2028	9690	0
6	2034	9720	0
6	2034	9720	0
6	2040	9750	0
6	2040	9750	0
6	2046	9780	0
6	2046	9780	0
6	2050	9810	0
6	2050	9810	0
6	2056	9840	0
6	2056	9840	0
6	2063	9870	0
6	2063	9870	0
6	2069	9900	0
6	2069	9900	0
6	2074	9930	0
6	2074	9930	0
6	2081	9960	0
6	2081	9960	0
6	2085	9990	0
6	2085	9990	0
6	2088	10016.960635701023	1
6	2091	10020	1
6	2091	10020	1
6	2096	10050	1
6	2096	10050	0
6	2098	10060	1
6	2101	10080	1
6	2101	10080	0
6	2103	10100.233365676462	1
6	2106	10110	1
6	2106	10110	1
6	2110	10140	1
6	2110	10140	0
6	2115	10170	0
6	2115	10170	0
6	2122	10200	0
6	2122	10200	0
6	2128	10230	0
6	2128	10230	0
6	2134	10260	0
6	2134	10260	0
6	2136	10270.682854079137	1
6	2139	10290	1
6	2139	10290	1
6	2142	10304.416835764247	2
6	2145	10320	2
6	2145	10320	2
6	2147	10322.102100345264	3
6	2152	10350	3
6	2152	10350	2
6	2156	10380	2
6	2156	10380	0
6	2161	10410	0
6	2161	10410	0
6	2167	10440	0
6	2167	10440	0
6	2172	10470	0
6	2172	10470	0
6	2179	10500	0
6	2179	10500	0
6	2184	10526.52724828055	1
6	2187	10530	1
6	2187	10530	0
6	2193	10560	0
6	2193	10560	0
6	2199	10586.818553470613	1
6	2202	10590	1
6	2202	10590	0
6	2205	10612.982967727275	1
6	2210	10620	1
6	2210	10620	0
6	2217	10650	0
6	2217	10650	0
6	2219	10670.136277737419	1
6	2225	10680	1
6	2225	10680	1
6	2235	10710	1
6	2235	10710	1
6	2239	10720	2
6	2245	10740	2
6	2245	10740	1
6	2249	10770	1
6	2249	10770	0
6	2258	10800	0
6	2258	10800	0
6	2260	10802.057494404635	1
6	2261	10805.865532089303	2
6	2267	10830	2
6	2267	10830	1
6	2270	10837.902530278536	2
6	2278	10860	2
6	2278	10860	0
6	2286	10890	0
6	2286	10890	0
6	2292	10920	0
6	2292	10920	0
6	2298	10934.7131348275	1
6	2301	10947.555768738257	2
6	2305	10950	2
6	2305	10950	0
6	2314	10980	0
6	2314	10980	0
6	2317	10985.734955912694	1
6	2320	11010	1
6	2320	11010	1
6	2327	11040	1
6	2327	11040	1
6	2338	11070	1
6	2338	11070	0
6	2347	11100	0
6	2347	11100	0
6	2354	11130	0
6	2354	11130	0
6	2361	11160	0
6	2361	11160	0
6	2371	11190	0
6	2371	11190	0
6	2373	11194.325757312528	1
6	2378	11220	1
6	2378	11220	0
6	2386	11250	0
6	2386	11250	0
6	2393	11280	0
6	2393	11280	0
6	2398	11310	0
6	2398	11310	0
6	2406	11340	0
6	2406	11340	0
6	2410	11357.069766462442	1
6	2414	11370	1
6	2414	11370	1
6	2419	11400	1
6	2419	11400	1
6	2424	11430	1
6	2424	11430	0
6	2430	11460	0
6	2430	11460	0
6	2432	11465.546122647384	1
6	2433	11470	2
6	2437	11490	2
6	2437	11490	0
6	2442	11520	0
6	2442	11520	0
6	2448	11550	0
6	2448	11550	0
6	2453	11580	0
6	2453	11580	0
6	2462	11610	0
6	2462	11610	0
6	2468	11640	0
6	2468	11640	0
6	2472	11670	0
6	2472	11670	0
6	2481	11700	0
6	2481	11700	0
6	2490	11730	0
6	2490	11730	0
6	2496	11760	0
6	2496	11760	0
6	2499	11789.137913106066	1
6	2502	11790	1
6	2502	11790	1
6	2504	11805.928186983552	2
6	2508	11820	2
6	2508	11820	1
6	2513	11850	1
6	2513	11850	0
6	2522	11880	0
6	2522	11880	0
6	2527	11910	0
6	2527	11910	0
6	2533	11940	0
6	2533	11940	0
6	2541	11970	0
6	2541	11970	0
6	2550	12000	0
6	2550	12000	0
6	2557	12030	0
6	2557	12030	0
6	2562	12060	0
6	2562	12060	0
6	2569	12090	0
6	2569	12090	0
6	2578	12120	0
6	2578	12120	0
6	2583	12150	0
6	2583	12150	0
6	2588	12180	0
6	2588	12180	0
6	2591	12190.632945718778	1
6	2597	12210	1
6	2597	12210	0
6	2603	12240	0
6	2603	12240	0
6	2608	12270	0
6	2608	12270	0
6	2612	12280	1
6	2618	12300	1
6	2618	12300	1
6	2620	12306.346526517643	2
6	2621	12309.476267534374	3
6	2625	12330	3
6	2625	12330	1
6	2633	12360	1
6	2633	12360	1
6	2640	12390	1
6	2640	12390	0
6	2644	12400	1
6	2647	12420	1
6	2647	12420	1
6	2657	12450	1
6	2657	12450	0
6	2664	12480	0
6	2664	12480	0
6	2671	12510	0
6	2671	12510	0
6	2674	12520	1
6	2679	12540	1
6	2679	12540	1
6	2685	12570	1
6	2685	12570	0
6	2696	12600	0
6	2696	12600	0
6	2699	12617.037655795056	1
6	2702	12630	1
6	2702	12630	1
6	2710	12660	1
6	2710	12660	0
6	2720	12690	0
6	2720	12690	0
6	2723	12697.540161447716	1
6	2727	12720	1
6	2727	12720	1
6	2738	12750	1
6	2738	12750	0
6	2743	12764.043385344816	1
6	2747	12780	1
6	2747	12780	0
6	2749	12790	1
6	2753	12810	1
6	2753	12810	0
6	2764	12840	0
6	2764	12840	0
6	2771	12870	0
6	2771	12870	0
6	2777	12900	0
6	2777	12900	0
6	2780	12910	1
6	2782	12929.219562497785	2
6	2785	12930	2
6	2785	12930	0
6	2792	12960	0
6	2792	12960	0
6	2799	12990	0
6	2799	12990	0
6	2802	13000	1
6	2806	13020	1
6	2806	13020	1
6	2811	13030	2
6	2815	13050	2
6	2815	13050	0
6	2821	13080	0
6	2821	13080	0
6	2829	13110	0
6	2829	13110	0
6	2835	13140	0
6	2835	13140	0
6	2842	13170	0
6	2842	13170	0
6	2848	13200	0
6	2848	13200	0
6	2852	13230	0
6	2852	13230	0
6	2854	13237.010469376285	1
6	2860	13260	1
6	2860	13260	0
6	2865	13290	0
6	2865	13290	0
6	2867	13299.432608743454	1
6	2871	13320	1
6	2871	13320	1
6	2875	13350	1
6	2875	13350	1
6	2883	13380	1
6	2883	13380	0
6	2888	13410	0
6	2888	13410	0
6	2894	13440	0
6	2894	13440	0
6	2902	13470	0
6	2902	13470	0
6	2908	13500	0
6	2908	13500	0
6	2915	13530	0
6	2915	13530	0
6	2923	13560	0
6	2923	13560	0
6	2928	13590	0
6	2928	13590	0
6	2932	13600	1
6	2937	13620	1
6	2937	13620	1
6	2940	13630	2
6	2947	13650	2
6	2947	13650	0
6	2949	13653.857243962944	1
6	2952	13680	1
6	2952	13680	1
6	2957	13708.095562834266	2
6	2960	13710	2
6	2960	13710	0
6	2962	13720	1
6	2967	13740	1
6	2967	13740	1
6	2972	13750	2
6	2975	13770	2
6	2975	13770	0
6	2983	13800	0
6	2983	13800	0
6	2990	13830	0
6	2990	13830	0
6	2997	13860	0
6	2997	13860	0
6	3003	13890	0
6	3003	13890	0
6	3011	13920	0
6	3011	13920	0
6	3014	13945.637465258161	1
6	3017	13950	1
6	3017	13950	1
6	3021	13960	2
6	3025	13980	2
6	3025	13980	1
6	3030	14010	1
6	3030	14010	0
6	3037	14040	0
6	3037	14040	0
6	3045	14070	0
6	3045	14070	0
6	3051	14100	0
6	3051	14100	0
6	3054	14111.353710383836	1
6	3057	14130	1
6	3057	14130	1
6	3061	14160	1
6	3061	14160	1
6	3070	14190	1
6	3070	14190	0
6	3076	14220	0
6	3076	14220	0
6	3082	14250	0
6	3082	14250	0
6	3089	14280	0
6	3089	14280	0
6	3097	14310	0
6	3097	14310	0
6	3103	14340	0
6	3103	14340	0
6	3109	14370	0
6	3109	14370	0
6	3116	14400	0
6	3116	14400	0
6	3124	14430	0
6	3124	14430	0
6	3129	14460	0
6	3129	14460	0
6	3137	14490	0
6	3137	14490	0
6	3141	14511.352571482304	1
6	3144	14520	1
6	3144	14520	0
6	3150	14550	0
6	3150	14550	0
6	3156	14580	0
6	3156	14580	0
6	3161	14610	0
6	3161	14610	0
6	3172	14640	0
6	3172	14640	0
6	3177	14670	0
6	3177	14670	0
6	3179	14680	1
6	3183	14700	1
6	3183	14700	1
6	3189	14730	1
6	3189	14730	0
6	3196	14760	0
6	3196	14760	0
6	3203	14790	0
6	3203	14790	0
6	3208	14820	0
6	3208	14820	0
6	3212	14831.833240551391	1
6	3216	14850	1
6	3216	14850	1
6	3223	14880	1
6	3223	14880	1
6	3230	14910	1
6	3230	14910	0
6	3234	14940	0
6	3234	14940	0
6	3236	14950	1
6	3239	14970	1
6	3239	14970	0
6	3245	15000	0
6	3245	15000	0
6	3252	15030	0
6	3252	15030	0
6	3256	15060	0
6	3256	15060	0
6	3263	15090	0
6	3263	15090	0
6	3268	15120	0
6	3268	15120	0
6	3276	15150	0
6	3276	15150	0
6	3281	15178.323937724102	1
6	3284	15180	1
6	3284	15180	0
6	3291	15210	0
6	3291	15210	0
6	3294	15232.111173973254	1
6	3297	15240	1
6	3297	15240	1
6	3304	15270	1
6	3304	15270	1
6	3312	15300	1
6	3312	15300	0
6	3317	15330	0
6	3317	15330	0
6	3321	15360	0
6	3321	15360	0
6	3329	15390	0
6	3329	15390	0
6	3335	15420	0
6	3335	15420	0
6	3339	15450	0
6	3339	15450	0
6	3341	15460	1
6	3344	15480	1
6	3344	15480	0
6	3352	15510	0
6	3352	15510	0
6	3356	15540	0
6	3356	15540	0
6	3360	15570	0
6	3360	15570	0
6	3368	15600	0
6	3368	15600	0
6	3372	15630	0
6	3372	15630	0
6	3376	15660	0
6	3376	15660	0
6	3382	15690	0
6	3382	15690	0
6	3386	15720	0
6	3386	15720	0
6	3390	15750	0
6	3390	15750	0
6	3397	15780	0
6	3397	15780	0
6	3403	15810	0
6	3403	15810	0
6	3408	15840	0
6	3408	15840	0
6	3416	15870	0
6	3416	15870	0
6	3419	15875.733109331215	1
6	3422	15892.377455680082	2
6	3425	15900	2
6	3425	15900	0
6	3430	15930	0
6	3430	15930	0
6	3437	15960	0
6	3437	15960	0
6	3443	15983.339056165193	1
6	3446	15990	1
6	3446	15990	1
6	3451	16012.940390674049	2
6	3454	16020	2
6	3454	16020	0
6	3459	16050	0
6	3459	16050	0
6	3462	16060	1
6	3467	16080	1
6	3467	16080	0
6	3474	16110	0
6	3474	16110	0
6	3480	16120	1
6	3484	16140	1
6	3484	16140	1
6	3491	16170	1
6	3491	16170	0
6	3497	16200	0
6	3497	16200	0
6	3506	16230	0
6	3506	16230	0
6	3513	16260	0
6	3513	16260	0
6	3515	16263.40052421347	1
6	3520	16290	1
6	3520	16290	1
6	3528	16320	1
6	3528	16320	1
6	3535	16350	1
6	3535	16350	0
6	3537	16355.561041791301	1
6	3540	16380	1
6	3540	16380	0
6	3547	16410	0
6	3547	16410	0
6	3554	16440	0
6	3554	16440	0
6	3561	16470	0
6	3561	16470	0
6	3568	16500	0
6	3568	16500	0
6	3571	16517.547508158482	1
6	3575	16530	1
6	3575	16530	0
6	3582	16560	0
6	3582	16560	0
6	3584	16568.693236826078	1
6	3589	16590	1
6	3589	16590	0
6	3591	16592.734939975671	1
6	3596	16620	1
6	3596	16620	0
6	3601	16630	1
6	3606	16650	1
6	3606	16650	0
6	3609	16678.187883164849	1
6	3612	16680	1
6	3612	16680	1
6	3618	16710	1
6	3618	16710	1
6	3625	16740	1
6	3625	16740	0
6	3630	16750	1
6	3635	16770	1
6	3635	16770	0
6	3640	16800	0
6	3640	16800	0
6	3646	16830	0
6	3646	16830	0
6	3652	16842.446723695058	1
6	3658	16860	1
6	3658	16860	1
6	3663	16890	1
6	3663	16890	0
6	3665	16896.358087045312	1
6	3668	16920	1
6	3668	16920	1
6	3676	16950	1
6	3676	16950	1
6	3682	16980	1
6	3682	16980	0
6	3688	17010	0
6	3688	17010	0
6	3693	17040	0
6	3693	17040	0
6	3699	17070	0
6	3699	17070	0
6	3706	17100	0
6	3706	17100	0
6	3710	17130	0
6	3710	17130	0
6	3717	17160	0
6	3717	17160	0
6	3724	17181.870588870668	1
6	3727	17190	1
6	3727	17190	1
6	3736	17220	1
6	3736	17220	0
6	3740	17250	0
6	3740	17250	0
6	3743	17263.913824709446	1
6	3744	17266.437964641754	2
6	3745	17273.13668636489	3
6	3749	17280	3
6	3749	17280	3
6	3754	17298.712191668055	4
6	3757	17310	4
6	3757	17310	1
6	3764	17340	1
6	3764	17340	0
6	3770	17370	0
6	3770	17370	0
6	3777	17400	0
6	3777	17400	0
6	3787	17430	0
6	3787	17430	0
6	3791	17440	1
6	3797	17460	1
6	3797	17460	1
6	3808	17490	1
6	3808	17490	0
6	3815	17520	0
6	3815	17520	0
6	3819	17533.307990228273	1
6	3822	17543.449632180613	2
6	3825	17550	2
6	3825	17550	1
6	3829	17560	2
6	3834	17580	2
6	3834	17580	1
6	3842	17610	1
6	3842	17610	0
6	3847	17640	0
6	3847	17640	0
6	3853	17670	0
6	3853	17670	0
6	3861	17700	0
6	3861	17700	0
6	3868	17730	0
6	3868	17730	0
6	3874	17760	0
6	3874	17760	0
6	3882	17790	0
6	3882	17790	0
6	3888	17820	0
6	3888	17820	0
6	3893	17850	0
6	3893	17850	0
6	3900	17880	0
6	3900	17880	0
6	3908	17910	0
6	3908	17910	0
6	3914	17940	0
6	3914	17940	0
6	3921	17970	0
6	3921	17970	0
6	3929	18000	0
6	3929	18000	0
6	3931	18014.667430848674	1
6	3934	18030	1
6	3934	18030	1
6	3941	18060	1
6	3941	18060	0
6	3949	18090	0
6	3949	18090	0
6	3953	18120	0
6	3953	18120	0
6	3961	18150	0
6	3961	18150	0
6	3972	18180	0
6	3972	18180	0
6	3977	18210	0
6	3977	18210	0
6	3982	18240	0
6	3982	18240	0
6	3984	18244.942878631901	1
6	3985	18244.999813622357	2
6	3989	18270	2
6	3989	18270	0
6	3994	18300	0
6	3994	18300	0
6	3996	18310	1
6	3999	18330	1
6	3999	18330	0
6	4002	18340	1
6	4006	18360	1
6	4006	18360	0
6	4013	18390	0
6	4013	18390	0
6	4017	18420	0
6	4017	18420	0
6	4022	18450	0
6	4022	18450	0
6	4031	18480	0
6	4031	18480	0
6	4036	18510	0
6	4036	18510	0
6	4042	18540	0
6	4042	18540	0
6	4050	18570	0
6	4050	18570	0
6	4055	18600	0
6	4055	18600	0
6	4059	18630	0
6	4059	18630	0
6	4064	18660	0
6	4064	18660	0
6	4071	18690	0
6	4071	18690	0
6	4076	18720	0
6	4076	18720	0
6	4082	18750	0
6	4082	18750	0
6	4087	18780	0
6	4087	18780	0
6	4091	18810	0
6	4091	18810	0
6	4093	18810.400134940585	1
6	4099	18840	1
6	4099	18840	1
6	4103	18870	1
6	4103	18870	0
6	4107	18900	0
6	4107	18900	0
6	4112	18930	0
6	4112	18930	0
6	4120	18960	0
6	4120	18960	0
6	4126	18990	0
6	4126	18990	0
6	4131	19020	0
6	4131	19020	0
6	4137	19050	0
6	4137	19050	0
6	4144	19080	0
6	4144	19080	0
6	4149	19110	0
6	4149	19110	0
6	4156	19140	0
6	4156	19140	0
6	4163	19170	0
6	4163	19170	0
6	4169	19200	0
6	4169	19200	0
6	4176	19230	0
6	4176	19230	0
6	4182	19260	0
6	4182	19260	0
6	4188	19290	0
6	4188	19290	0
6	4194	19320	0
6	4194	19320	0
6	4199	19350	0
6	4199	19350	0
6	4205	19380	0
6	4205	19380	0
6	4212	19410	0
6	4212	19410	0
6	4217	19440	0
6	4217	19440	0
6	4222	19470	0
6	4222	19470	0
6	4228	19500	0
6	4228	19500	0
6	4230	19510	1
6	4233	19530	1
6	4233	19530	0
6	4238	19560	0
6	4238	19560	0
6	4245	19590	0
6	4245	19590	0
6	4249	19620	0
6	4249	19620	0
6	4256	19650	0
6	4256	19650	0
6	4262	19680	0
6	4262	19680	0
6	4267	19710	0
6	4267	19710	0
6	4275	19740	0
6	4275	19740	0
6	4279	19770	0
6	4279	19770	0
6	4284	19800	0
6	4284	19800	0
6	4290	19830	0
6	4290	19830	0
6	4293	19834.079336274125	1
6	4297	19860	1
6	4297	19860	0
6	4301	19890	0
6	4301	19890	0
6	4306	19920	0
6	4306	19920	0
6	4312	19950	0
6	4312	19950	0
6	4318	19980	0
6	4318	19980	0
7	276	1138.261600409815	0
7	279	1140	2.812672089753
7	296	1230	36.820391881724
7	351	1540	0
7	369	1650	20
7	371	1660	0
7	409	1860.081693773882	0
7	422	1930	0
7	506	2370	12.701974894959
7	535	2500	0
7	551	2580	38.745619735982
7	594	2790	67.58846468692
7	652	3060	17.960436230699
7	690	3210	1.803452348233
7	692	3220	0
7	708	3308.134913841053	0
7	754	3518.01376209139	0
7	835	3990	20.731685815925
7	849	4050	50
7	849	4050	50
7	869	4148.29932801158	0
7	884	4230	88.483633132815
7	884	4230	85.935508690836
7	898	4290	50
7	898	4290	50
7	944	4530	24.948328691968
7	956	4616.509383199604	0
7	979	4718.616896865347	0
7	986	4760.784664760391	0
7	999	4827.228792645492	0
7	1051	5050	0
7	1065	5102.691661298221	0
7	1067	5106.732112787443	0
7	1071	5130	50
7	1071	5130	50
7	1099	5250	20
7	1172	5580	32.270512135681
7	1206	5740	0
7	1219	5803.95469131592	0
7	1224	5829.142212007876	0
7	1231	5850	20
7	1234	5860	0
7	1280	6060	34.066700349147
7	1292	6100	0
7	1321	6220	0
7	1346	6330	20
7	1378	6480	20
7	1383	6510	22.883503240357
7	1447	6810	42.300138079414
7	1476	6930	19.560086356629
7	1486	6970	0
7	1489	6990	49.308462626692
7	1514	7090	0
7	1528	7166.85135847112	0
7	1613	7620	7.119631331057
7	1620	7650	20
7	1637	7721.101049603671	0
7	1640	7740	72.637823928944
7	1750	8250	50
7	1752	8260	0
7	1792	8485.348576133696	0
7	1795	8490	50
7	1838	8730	50
7	1850	8812.572243571022	0
7	1853	8820	39.544354618098
7	1869	8910	49.474966025193
7	1905	9090	32.844384903975
7	1923	9180	74.15706711247
7	1930	9210	50
7	1947	9300	64.780936496053
7	1947	9300	8.293170525358
7	1962	9370	0
7	1965	9390	84.003830409969
7	2001	9567.389683029218	0
7	2010	9600	20
7	2058	9845.288206316136	0
7	2096	10050	33.039364298977
7	2101	10080	20
7	2110	10140	39.766634323538
7	2152	10350	79.317145920863
7	2156	10380	75.583164235753
7	2156	10380	57.897899654736
7	2182	10513.637194296062	0
7	2187	10530	3.47275171945
7	2190	10540	0
7	2202	10590	3.181446529387
7	2210	10620	7.017032272725
7	2245	10740	69.863722262581
7	2249	10770	50
7	2267	10830	24.134467910697
7	2278	10860	57.942505595365
7	2278	10860	22.097469721464
7	2305	10950	15.2868651725
7	2305	10950	2.444231261743
7	2338	11070	84.265044087306
7	2378	11220	25.674242687472
7	2424	11430	72.930233537558
7	2437	11490	24.453877352616
7	2437	11490	20
7	2485	11707.969353248137	0
7	2508	11820	30.862086893934
7	2513	11850	44.071813016448
7	2518	11860	0
7	2544	11980	0
7	2592	12199.112940710126	0
7	2597	12210	19.367054281222
7	2625	12330	50
7	2625	12330	23.653473482357
7	2627	12330.890956167071	0
7	2629	12340	0
7	2630	12340	0
7	2640	12390	80.523732465626
7	2657	12450	50
7	2685	12570	50
7	2710	12660	42.962344204944
7	2738	12750	52.459838552284
7	2747	12780	15.956614655184
7	2753	12810	20
7	2785	12930	20
7	2785	12930	0.780437502215
7	2815	13050	50
7	2815	13050	20
7	2860	13260	22.989530623715
7	2883	13380	80.567391256546
7	2890	13420	0
7	2930	13597.33431562514	0
7	2947	13650	50
7	2947	13650	20
7	2954	13690	0
7	2960	13710	56.142756037056
7	2960	13710	1.904437165734
7	2975	13770	50
7	2975	13770	20
7	3013	13930	0
7	3025	13980	34.362534741839
7	3030	14010	50
7	3070	14190	78.646289616164
7	3085	14266.291470470535	0
7	3144	14520	8.647428517696
7	3189	14730	50
7	3230	14910	78.166759448609
7	3239	14970	20
7	3284	15180	1.676062275898
7	3312	15300	67.888826026746
7	3344	15480	20
7	3425	15900	24.266890668785
7	3425	15900	7.622544319918
7	3454	16020	36.660943834807
7	3454	16020	7.059609325951
7	3467	16080	20
7	3491	16170	50
7	3532	16330	0
7	3535	16350	86.59947578653
7	3540	16380	24.438958208699
7	3556	16450	0
7	3575	16530	12.452491841518
7	3589	16590	21.306763173922
7	3596	16620	27.265060024329
7	3598	16627.319787787933	0
7	3606	16650	20
7	3608	16660	0
7	3625	16740	61.812116835151
7	3635	16770	20
7	3643	16827.331216159836	0
7	3663	16890	47.553276304942
7	3682	16980	83.641912954688
7	3736	17220	38.129411129332
7	3757	17310	46.086175290554
7	3757	17310	43.562035358246
7	3757	17310	11.287808331945
7	3764	17340	66.86331363511
7	3808	17490	50
7	3825	17550	6.550367819387
7	3834	17580	46.692009771727
7	3842	17610	50
7	3849	17650	0
7	3917	17958.520824033311	0
7	3941	18060	45.332569151326
7	3989	18270	25.057121368099
7	3989	18270	25.000186377643
7	3999	18330	20
7	4006	18360	20
7	4026	18460	0
7	4047	18569.494412543801	0
7	4078	18730	0
7	4103	18870	59.599865059415
7	4128	19011.374411146653	0
7	4140	19060	0
7	4171	19210	0
7	4190	19300	0
7	4233	19530	20
7	4235	19540	0
7	4241	19570	0
7	4272	19734.989241050705	0
7	4297	19860	25.920663725875
8	276	1138.261600409815	19058
8	279	1140	19057
8	296	1230	19060
8	351	1540	19061
8	369	1650	19063
8	371	1660	19062
8	409	1860.081693773882	19066
8	422	1930	19065
8	506	2370	19073
8	535	2500	19072
8	551	2580	19079
8	594	2790	19082
8	652	3060	19088
8	690	3210	19090
8	692	3220	19085
8	708	3308.134913841053	19095
8	754	3518.01376209139	19097
8	835	3990	19102
8	849	4050	19100
8	849	4050	19101
8	869	4148.29932801158	19107
8	884	4230	19105
8	884	4230	19106
8	898	4290	19103
8	898	4290	19104
8	944	4530	19110
8	956	4616.509383199604	19111
8	979	4718.616896865347	19112
8	986	4760.784664760391	19114
8	999	4827.228792645492	19113
8	1051	5050	19117
8	1065	5102.691661298221	19123
8	1067	5106.732112787443	19125
8	1071	5130	19116
8	1071	5130	19119
8	1099	5250	19121
8	1172	5580	19130
8	1206	5740	19129
8	1219	5803.95469131592	19136
8	1224	5829.142212007876	19137
8	1231	5850	19134
8	1234	5860	19131
8	1280	6060	19142
8	1292	6100	19138
8	1321	6220	19140
8	1346	6330	19146
8	1378	6480	19149
8	1383	6510	19151
8	1447	6810	19155
8	1476	6930	19159
8	1486	6970	19160
8	1489	6990	19164
8	1514	7090	19162
8	1528	7166.85135847112	19167
8	1613	7620	19171
8	1620	7650	19169
8	1637	7721.101049603671	19176
8	1640	7740	19173
8	1750	8250	19184
8	1752	8260	19183
8	1792	8485.348576133696	19187
8	1795	8490	19186
8	1838	8730	19188
8	1850	8812.572243571022	19191
8	1853	8820	19190
8	1869	8910	19192
8	1905	9090	19193
8	1923	9180	19195
8	1930	9210	19194
8	1947	9300	19198
8	1947	9300	19199
8	1962	9370	19197
8	1965	9390	19200
8	2001	9567.389683029218	19203
8	2010	9600	19201
8	2058	9845.288206316136	19206
8	2096	10050	19209
8	2101	10080	19208
8	2110	10140	19210
8	2152	10350	19211
8	2156	10380	19213
8	2156	10380	19214
8	2182	10513.637194296062	19216
8	2187	10530	19215
8	2190	10540	19212
8	2202	10590	19217
8	2210	10620	19218
8	2245	10740	19221
8	2249	10770	19219
8	2267	10830	19227
8	2278	10860	19226
8	2278	10860	19229
8	2305	10950	19231
8	2305	10950	19232
8	2338	11070	19235
8	2378	11220	19240
8	2424	11430	19244
8	2437	11490	19245
8	2437	11490	19243
8	2485	11707.969353248137	19249
8	2508	11820	19253
8	2513	11850	19247
8	2518	11860	19246
8	2544	11980	19250
8	2592	12199.112940710126	19260
8	2597	12210	19258
8	2625	12330	19259
8	2625	12330	19261
8	2627	12330.890956167071	19262
8	2629	12340	19255
8	2630	12340	19257
8	2640	12390	19264
8	2657	12450	19263
8	2685	12570	19265
8	2710	12660	19271
8	2738	12750	19276
8	2747	12780	19279
8	2753	12810	19274
8	2785	12930	19277
8	2785	12930	19282
8	2815	13050	19283
8	2815	13050	19285
8	2860	13260	19289
8	2883	13380	19290
8	2890	13420	19287
8	2930	13597.33431562514	19297
8	2947	13650	19293
8	2947	13650	19292
8	2954	13690	19295
8	2960	13710	19300
8	2960	13710	19301
8	2975	13770	19298
8	2975	13770	19296
8	3013	13930	19303
8	3025	13980	19306
8	3030	14010	19304
8	3070	14190	19309
8	3085	14266.291470470535	19308
8	3144	14520	19315
8	3189	14730	19319
8	3230	14910	19324
8	3239	14970	19323
8	3284	15180	19329
8	3312	15300	19331
8	3344	15480	19333
8	3425	15900	19339
8	3425	15900	19340
8	3454	16020	19344
8	3454	16020	19345
8	3467	16080	19342
8	3491	16170	19341
8	3532	16330	19349
8	3535	16350	19351
8	3540	16380	19353
8	3556	16450	19352
8	3575	16530	19355
8	3589	16590	19357
8	3596	16620	19359
8	3598	16627.319787787933	19360
8	3606	16650	19356
8	3608	16660	19354
8	3625	16740	19362
8	3635	16770	19361
8	3643	16827.331216159836	19363
8	3663	16890	19364
8	3682	16980	19366
8	3736	17220	19370
8	3757	17310	19371
8	3757	17310	19372
8	3757	17310	19376
8	3764	17340	19373
8	3808	17490	19377
8	3825	17550	19387
8	3834	17580	19385
8	3842	17610	19380
8	3849	17650	19381
8	3917	17958.520824033311	19393
8	3941	18060	19396
8	3989	18270	19402
8	3989	18270	19403
8	3999	18330	19399
8	4006	18360	19401
8	4026	18460	19400
8	4047	18569.494412543801	19406
8	4078	18730	19405
8	4103	18870	19409
8	4128	19011.374411146653	19411
8	4140	19060	19410
8	4171	19210	19412
8	4190	19300	19413
8	4233	19530	19417
8	4235	19540	19416
8	4241	19570	19418
8	4272	19734.989241050705	19421
8	4297	19860	19424
9	253	1020	0
9	253	1020	0
9	260	1050	0
9	260	1050	0
9	265	1080	0
9	265	1080	0
9	272	1110	0
9	272	1110	0
9	280	1140	0
9	280	1140	0
9	285	1170	0
9	285	1170	0
9	291	1200	0
9	291	1200	0
9	297	1230	0
9	297	1230	0
9	304	1260	0
9	304	1260	0
9	309	1290	0
9	309	1290	0
9	314	1320	0
9	314	1320	0
9	321	1350	0
9	321	1350	0
9	325	1380	0
9	325	1380	0
9	330	1410	0
9	330	1410	0
9	331	1420	1
9	335	1440	1
9	335	1440	0
9	336	1445.207915087072	1
9	340	1470	1
9	340	1470	1
9	345	1500	1
9	345	1500	1
9	349	1530	1
9	349	1530	0
9	350	1540	1
9	355	1560	1
9	355	1560	0
9	359	1590	0
9	359	1590	0
9	364	1620	0
9	364	1620	0
9	370	1650	0
9	370	1650	0
9	375	1680	0
9	375	1680	0
9	380	1710	0
9	380	1710	0
9	385	1740	0
9	385	1740	0
9	392	1770	0
9	392	1770	0
9	396	1800	0
9	396	1800	0
9	404	1830	0
9	404	1830	0
9	408	1860	0
9	408	1860	0
9	413	1890	0
9	413	1890	0
9	419	1920	0
9	419	1920	0
9	421	1928.125157952202	1
9	426	1950	1
9	426	1950	1
9	432	1980	1
9	432	1980	1
9	436	2010	1
9	436	2010	0
9	443	2040	0
9	443	2040	0
9	451	2070	0
9	451	2070	0
9	455	2100	0
9	455	2100	0
9	462	2130	0
9	462	2130	0
9	467	2160	0
9	467	2160	0
9	472	2190	0
9	472	2190	0
9	476	2220	0
9	476	2220	0
9	483	2250	0
9	483	2250	0
9	490	2280	0
9	490	2280	0
9	494	2310	0
9	494	2310	0
9	495	2324.210034203595	1
9	499	2340	1
9	499	2340	0
9	500	2350	1
9	507	2370	1
9	507	2370	1
9	513	2400	1
9	513	2400	0
9	518	2430	0
9	518	2430	0
9	522	2459.244605779229	1
9	526	2460	1
9	526	2460	1
9	534	2490	1
9	534	2490	0
9	539	2520	0
9	539	2520	0
9	545	2550	0
9	545	2550	0
9	552	2580	0
9	552	2580	0
9	559	2610	0
9	559	2610	0
9	562	2629.894665813807	1
9	566	2640	1
9	566	2640	1
9	572	2670	1
9	572	2670	1
9	578	2700	1
9	578	2700	0
9	583	2730	0
9	583	2730	0
9	584	2740	1
9	589	2760	1
9	589	2760	0
9	595	2790	0
9	595	2790	0
9	602	2820	0
9	602	2820	0
9	607	2850	0
9	607	2850	0
9	614	2880	0
9	614	2880	0
9	618	2896.905297423032	1
9	622	2910	1
9	622	2910	1
9	628	2940	1
9	628	2940	0
9	634	2970	0
9	634	2970	0
9	640	3000	0
9	640	3000	0
9	646	3030	0
9	646	3030	0
9	653	3060	0
9	653	3060	0
9	655	3070	1
9	662	3090	1
9	662	3090	1
9	669	3120	1
9	669	3120	0
9	675	3150	0
9	675	3150	0
9	683	3180	0
9	683	3180	0
9	691	3210	0
9	691	3210	0
9	696	3240	0
9	696	3240	0
9	702	3270	0
9	702	3270	0
9	707	3300	0
9	707	3300	0
9	709	3310	1
9	715	3330	1
9	715	3330	1
9	721	3360	1
9	721	3360	0
9	727	3390	0
9	727	3390	0
9	734	3420	0
9	734	3420	0
9	739	3450	0
9	739	3450	0
9	747	3480	0
9	747	3480	0
9	748	3483.832639482265	1
9	753	3510	1
9	753	3510	1
9	758	3540	1
9	758	3540	1
9	764	3570	1
9	764	3570	0
9	769	3600	0
9	769	3600	0
9	770	3618.01376209139	1
9	774	3630	1
9	774	3630	0
9	778	3660	0
9	778	3660	0
9	785	3690	0
9	785	3690	0
9	789	3720	0
9	789	3720	0
9	796	3750	0
9	796	3750	0
9	801	3780	0
9	801	3780	0
9	805	3810	0
9	805	3810	0
9	807	3821.580476236209	1
9	808	3830.559305285494	2
9	812	3840	2
9	812	3840	2
9	817	3870	2
9	817	3870	2
9	821	3900	2
9	821	3900	0
9	826	3930	0
9	826	3930	0
9	830	3960	0
9	830	3960	0
9	836	3990	0
9	836	3990	0
9	843	4020	0
9	843	4020	0
9	850	4050	0
9	850	4050	0
9	851	4071.471326061448	1
9	855	4080	1
9	855	4080	1
9	856	4090	2
9	857	4095.635085618963	3
9	861	4110	3
9	861	4110	2
9	865	4140	2
9	865	4140	0
9	876	4170	0
9	876	4170	0
9	880	4200	0
9	880	4200	0
9	885	4230	0
9	885	4230	0
9	895	4260	0
9	895	4260	0
9	899	4290	0
9	899	4290	0
9	904	4320	0
9	904	4320	0
9	905	4330	1
9	910	4350	1
9	910	4350	0
9	914	4380	0
9	914	4380	0
9	915	4390	1
9	922	4410	1
9	922	4410	1
9	927	4440	1
9	927	4440	0
9	932	4470	0
9	932	4470	0
9	939	4500	0
9	939	4500	0
9	945	4530	0
9	945	4530	0
9	950	4560	0
9	950	4560	0
9	955	4590	0
9	955	4590	0
9	961	4620	0
9	961	4620	0
9	967	4650	0
9	967	4650	0
9	973	4680	0
9	973	4680	0
9	977	4710	0
9	977	4710	0
9	985	4740	0
9	985	4740	0
9	990	4770	0
9	990	4770	0
9	995	4800	0
9	995	4800	0
9	1003	4830	0
9	1003	4830	0
9	1008	4860	0
9	1008	4860	0
9	1015	4890	0
9	1015	4890	0
9	1016	4899.235523712769	1
9	1021	4920	1
9	1021	4920	1
9	1028	4950	1
9	1028	4950	1
9	1033	4978.005234873681	2
9	1037	4980	2
9	1037	4980	0
9	1045	5010	0
9	1045	5010	0
9	1050	5040	0
9	1050	5040	0
9	1052	5067.730124331571	1
9	1056	5070	1
9	1056	5070	1
9	1063	5100	1
9	1063	5100	1
9	1072	5130	1
9	1072	5130	0
9	1079	5160	0
9	1079	5160	0
9	1084	5190	0
9	1084	5190	0
9	1092	5220	0
9	1092	5220	0
9	1100	5250	0
9	1100	5250	0
9	1106	5280	0
9	1106	5280	0
9	1112	5310	0
9	1112	5310	0
9	1121	5340	0
9	1121	5340	0
9	1127	5370	0
9	1127	5370	0
9	1132	5400	0
9	1132	5400	0
9	1142	5430	0
9	1142	5430	0
9	1148	5460	0
9	1148	5460	0
9	1153	5490	0
9	1153	5490	0
9	1161	5520	0
9	1161	5520	0
9	1168	5550	0
9	1168	5550	0
9	1173	5580	0
9	1173	5580	0
9	1178	5610	0
9	1178	5610	0
9	1180	5620	1
9	1185	5640	1
9	1185	5640	0
9	1189	5670	0
9	1189	5670	0
9	1196	5700	0
9	1196	5700	0
9	1198	5723.096103827697	1
9	1203	5730	1
9	1203	5730	0
9	1204	5740	1
9	1205	5740	2
9	1211	5760	2
9	1211	5760	0
9	1217	5790	0
9	1217	5790	0
9	1223	5820	0
9	1223	5820	0
9	1232	5850	0
9	1232	5850	0
9	1236	5874.432991875337	1
9	1240	5880	1
9	1240	5880	1
9	1247	5910	1
9	1247	5910	1
9	1253	5940	1
9	1253	5940	0
9	1261	5970	0
9	1261	5970	0
9	1262	5980	1
9	1267	6000	1
9	1267	6000	0
9	1274	6030	0
9	1274	6030	0
9	1281	6060	0
9	1281	6060	0
9	1282	6070	1
9	1291	6090	1
9	1291	6090	1
9	1299	6120	1
9	1299	6120	0
9	1304	6150	0
9	1304	6150	0
9	1307	6170.760004910637	1
9	1308	6177.755433055706	2
9	1312	6180	2
9	1312	6180	2
9	1319	6210	2
9	1319	6210	0
9	1320	6220	1
9	1325	6240	1
9	1325	6240	0
9	1333	6270	0
9	1333	6270	0
9	1339	6300	0
9	1339	6300	0
9	1347	6330	0
9	1347	6330	0
9	1353	6360	0
9	1353	6360	0
9	1360	6390	0
9	1360	6390	0
9	1367	6420	0
9	1367	6420	0
9	1372	6450	0
9	1372	6450	0
9	1379	6480	0
9	1379	6480	0
9	1384	6510	0
9	1384	6510	0
9	1389	6540	0
9	1389	6540	0
9	1391	6550	1
9	1392	6557.673367570838	2
9	1397	6570	2
9	1397	6570	1
9	1402	6600	1
9	1402	6600	0
9	1408	6630	0
9	1408	6630	0
9	1415	6660	0
9	1415	6660	0
9	1422	6690	0
9	1422	6690	0
9	1429	6720	0
9	1429	6720	0
9	1431	6741.218897768677	1
9	1436	6750	1
9	1436	6750	1
9	1439	6767.905988290354	2
9	1444	6780	2
9	1444	6780	0
9	1448	6810	0
9	1448	6810	0
9	1457	6840	0
9	1457	6840	0
9	1460	6859.88587482202	1
9	1464	6870	1
9	1464	6870	1
9	1470	6900	1
9	1470	6900	1
9	1477	6930	1
9	1477	6930	0
9	1484	6960	0
9	1484	6960	0
9	1490	6990	0
9	1490	6990	0
9	1497	7020	0
9	1497	7020	0
9	1503	7050	0
9	1503	7050	0
9	1513	7080	0
9	1513	7080	0
9	1519	7110	0
9	1519	7110	0
9	1524	7140	0
9	1524	7140	0
9	1532	7170	0
9	1532	7170	0
9	1537	7200	0
9	1537	7200	0
9	1542	7230	0
9	1542	7230	0
9	1547	7260	0
9	1547	7260	0
9	1553	7290	0
9	1553	7290	0
9	1559	7320	0
9	1559	7320	0
9	1564	7350	0
9	1564	7350	0
9	1569	7380	0
9	1569	7380	0
9	1574	7410	0
9	1574	7410	0
9	1580	7440	0
9	1580	7440	0
9	1585	7470	0
9	1585	7470	0
9	1589	7500	0
9	1589	7500	0
9	1591	7515.28334482634	1
9	1595	7530	1
9	1595	7530	0
9	1597	7551.939236664718	1
9	1601	7560	1
9	1601	7560	1
9	1608	7590	1
9	1608	7590	1
9	1614	7620	1
9	1614	7620	0
9	1621	7650	0
9	1621	7650	0
9	1627	7680	0
9	1627	7680	0
9	1632	7710	0
9	1632	7710	0
9	1641	7740	0
9	1641	7740	0
9	1649	7770	0
9	1649	7770	0
9	1654	7800	0
9	1654	7800	0
9	1656	7815.623432725729	1
9	1662	7830	1
9	1662	7830	1
9	1667	7853.745364575247	2
9	1672	7860	2
9	1672	7860	1
9	1678	7890	1
9	1678	7890	0
9	1684	7920	0
9	1684	7920	0
9	1689	7950	0
9	1689	7950	0
9	1690	7956.840612721216	1
9	1697	7980	1
9	1697	7980	0
9	1705	8010	0
9	1705	8010	0
9	1710	8040	0
9	1710	8040	0
9	1717	8070	0
9	1717	8070	0
9	1720	8099.076487079299	1
9	1724	8100	1
9	1724	8100	0
9	1729	8130	0
9	1729	8130	0
9	1730	8140.729592692896	1
9	1735	8160	1
9	1735	8160	0
9	1740	8190	0
9	1740	8190	0
9	1746	8220	0
9	1746	8220	0
9	1751	8250	0
9	1751	8250	0
9	1756	8280	0
9	1756	8280	0
9	1761	8310	0
9	1761	8310	0
9	1762	8315.302319595123	1
9	1763	8332.102729847599	2
9	1767	8340	2
9	1767	8340	0
9	1773	8370	0
9	1773	8370	0
9	1779	8400	0
9	1779	8400	0
9	1783	8430	0
9	1783	8430	0
9	1791	8460	0
9	1791	8460	0
9	1796	8490	0
9	1796	8490	0
9	1800	8520	0
9	1800	8520	0
9	1802	8549.5530978933	1
9	1806	8550	1
9	1806	8550	1
9	1811	8580	1
9	1811	8580	0
9	1817	8610	0
9	1817	8610	0
9	1822	8640	0
9	1822	8640	0
9	1826	8670	0
9	1826	8670	0
9	1833	8700	0
9	1833	8700	0
9	1839	8730	0
9	1839	8730	0
9	1843	8760	0
9	1843	8760	0
9	1849	8790	0
9	1849	8790	0
9	1854	8820	0
9	1854	8820	0
9	1860	8850	0
9	1860	8850	0
9	1866	8880	0
9	1866	8880	0
9	1870	8910	0
9	1870	8910	0
9	1877	8940	0
9	1877	8940	0
9	1883	8970	0
9	1883	8970	0
9	1887	9000	0
9	1887	9000	0
9	1895	9030	0
9	1895	9030	0
9	1897	9044.400912459217	1
9	1902	9060	1
9	1902	9060	0
9	1906	9090	0
9	1906	9090	0
9	1912	9120	0
9	1912	9120	0
9	1918	9150	0
9	1918	9150	0
9	1924	9180	0
9	1924	9180	0
9	1931	9210	0
9	1931	9210	0
9	1938	9240	0
9	1938	9240	0
9	1942	9270	0
9	1942	9270	0
9	1948	9300	0
9	1948	9300	0
9	1956	9330	0
9	1956	9330	0
9	1960	9360	0
9	1960	9360	0
9	1966	9390	0
9	1966	9390	0
9	1975	9420	0
9	1975	9420	0
9	1980	9450	0
9	1980	9450	0
9	1987	9480	0
9	1987	9480	0
9	1993	9510	0
9	1993	9510	0
9	2000	9540	0
9	2000	9540	0
9	2005	9570	0
9	2005	9570	0
9	2011	9600	0
9	2011	9600	0
9	2014	9626.137870014891	1
9	2018	9630	1
9	2018	9630	1
9	2024	9660	1
9	2024	9660	0
9	2025	9667.389683029218	1
9	2029	9690	1
9	2029	9690	1
9	2035	9720	1
9	2035	9720	1
9	2041	9750	1
9	2041	9750	0
9	2047	9780	0
9	2047	9780	0
9	2051	9810	0
9	2051	9810	0
9	2057	9840	0
9	2057	9840	0
9	2064	9870	0
9	2064	9870	0
9	2070	9900	0
9	2070	9900	0
9	2075	9930	0
9	2075	9930	0
9	2082	9960	0
9	2082	9960	0
9	2086	9990	0
9	2086	9990	0
9	2092	10020	0
9	2092	10020	0
9	2097	10050	0
9	2097	10050	0
9	2102	10080	0
9	2102	10080	0
9	2107	10110	0
9	2107	10110	0
9	2111	10140	0
9	2111	10140	0
9	2116	10170	0
9	2116	10170	0
9	2123	10200	0
9	2123	10200	0
9	2129	10230	0
9	2129	10230	0
9	2135	10260	0
9	2135	10260	0
9	2140	10290	0
9	2140	10290	0
9	2146	10320	0
9	2146	10320	0
9	2153	10350	0
9	2153	10350	0
9	2157	10380	0
9	2157	10380	0
9	2158	10395.73783196061	1
9	2162	10410	1
9	2162	10410	1
9	2168	10440	1
9	2168	10440	0
9	2173	10470	0
9	2173	10470	0
9	2180	10500	0
9	2180	10500	0
9	2188	10530	0
9	2188	10530	0
9	2194	10560	0
9	2194	10560	0
9	2203	10590	0
9	2203	10590	0
9	2207	10614.39392069441	1
9	2211	10620	1
9	2211	10620	0
9	2218	10650	0
9	2218	10650	0
9	2226	10680	0
9	2226	10680	0
9	2236	10710	0
9	2236	10710	0
9	2246	10740	0
9	2246	10740	0
9	2250	10770	0
9	2250	10770	0
9	2251	10776.962188858452	1
9	2253	10778.0256135228	2
9	2259	10800	2
9	2259	10800	1
9	2268	10830	1
9	2268	10830	1
9	2279	10860	1
9	2279	10860	0
9	2287	10890	0
9	2287	10890	0
9	2293	10920	0
9	2293	10920	0
9	2302	10948.932348920285	1
9	2306	10950	1
9	2306	10950	1
9	2315	10980	1
9	2315	10980	1
9	2321	11010	1
9	2321	11010	0
9	2328	11040	0
9	2328	11040	0
9	2329	11040.181784118339	1
9	2332	11050	2
9	2333	11050	3
9	2339	11070	3
9	2339	11070	1
9	2348	11100	1
9	2348	11100	1
9	2355	11130	1
9	2355	11130	0
9	2362	11160	0
9	2362	11160	0
9	2367	11171.783960524772	1
9	2372	11190	1
9	2372	11190	1
9	2379	11220	1
9	2379	11220	0
9	2387	11250	0
9	2387	11250	0
9	2394	11280	0
9	2394	11280	0
9	2399	11310	0
9	2399	11310	0
9	2407	11340	0
9	2407	11340	0
9	2408	11350	1
9	2409	11354.772045558919	2
9	2415	11370	2
9	2415	11370	1
9	2420	11400	1
9	2420	11400	0
9	2425	11430	0
9	2425	11430	0
9	2431	11460	0
9	2431	11460	0
9	2438	11490	0
9	2438	11490	0
9	2443	11520	0
9	2443	11520	0
9	2449	11550	0
9	2449	11550	0
9	2454	11580	0
9	2454	11580	0
9	2463	11610	0
9	2463	11610	0
9	2469	11640	0
9	2469	11640	0
9	2473	11670	0
9	2473	11670	0
9	2482	11700	0
9	2482	11700	0
9	2491	11730	0
9	2491	11730	0
9	2492	11740	1
9	2497	11760	1
9	2497	11760	0
9	2503	11790	0
9	2503	11790	0
9	2509	11820	0
9	2509	11820	0
9	2514	11850	0
9	2514	11850	0
9	2515	11860	1
9	2523	11880	1
9	2523	11880	0
9	2528	11910	0
9	2528	11910	0
9	2534	11940	0
9	2534	11940	0
9	2542	11970	0
9	2542	11970	0
9	2551	12000	0
9	2551	12000	0
9	2558	12030	0
9	2558	12030	0
9	2563	12060	0
9	2563	12060	0
9	2570	12090	0
9	2570	12090	0
9	2572	12093.418227943663	1
9	2579	12120	1
9	2579	12120	1
9	2584	12150	1
9	2584	12150	1
9	2589	12180	1
9	2589	12180	0
9	2590	12190	1
9	2598	12210	1
9	2598	12210	1
9	2599	12220	2
9	2604	12240	2
9	2604	12240	0
9	2609	12270	0
9	2609	12270	0
9	2610	12275.50859863769	1
9	2619	12300	1
9	2619	12300	0
9	2626	12330	0
9	2626	12330	0
9	2634	12360	0
9	2634	12360	0
9	2636	12378.272991426212	1
9	2641	12390	1
9	2641	12390	1
9	2648	12420	1
9	2648	12420	0
9	2658	12450	0
9	2658	12450	0
9	2665	12480	0
9	2665	12480	0
9	2672	12510	0
9	2672	12510	0
9	2680	12540	0
9	2680	12540	0
9	2686	12570	0
9	2686	12570	0
9	2697	12600	0
9	2697	12600	0
9	2703	12630	0
9	2703	12630	0
9	2705	12636.163300649452	1
9	2711	12660	1
9	2711	12660	0
9	2716	12670.239309648008	1
9	2717	12682.883966817207	2
9	2721	12690	2
9	2721	12690	1
9	2728	12720	1
9	2728	12720	0
9	2733	12733.240704817282	1
9	2739	12750	1
9	2739	12750	1
9	2748	12780	1
9	2748	12780	1
9	2754	12810	1
9	2754	12810	0
9	2761	12839.010903419942	1
9	2765	12840	1
9	2765	12840	1
9	2772	12870	1
9	2772	12870	1
9	2778	12900	1
9	2778	12900	0
9	2781	12916.489745711542	1
9	2786	12930	1
9	2786	12930	0
9	2793	12960	0
9	2793	12960	0
9	2800	12990	0
9	2800	12990	0
9	2807	13020	0
9	2807	13020	0
9	2812	13047.287436704164	1
9	2816	13050	1
9	2816	13050	0
9	2822	13080	0
9	2822	13080	0
9	2830	13110	0
9	2830	13110	0
9	2836	13140	0
9	2836	13140	0
9	2843	13170	0
9	2843	13170	0
9	2849	13200	0
9	2849	13200	0
9	2853	13230	0
9	2853	13230	0
9	2861	13260	0
9	2861	13260	0
9	2862	13270	1
9	2866	13290	1
9	2866	13290	1
9	2868	13300	2
9	2872	13320	2
9	2872	13320	0
9	2876	13350	0
9	2876	13350	0
9	2884	13380	0
9	2884	13380	0
9	2889	13410	0
9	2889	13410	0
9	2895	13440	0
9	2895	13440	0
9	2896	13450.174270483126	1
9	2897	13450.246365643277	2
9	2903	13470	2
9	2903	13470	2
9	2909	13500	2
9	2909	13500	1
9	2911	13509.345813601658	2
9	2916	13530	2
9	2916	13530	0
9	2924	13560	0
9	2924	13560	0
9	2925	13566.46777815803	1
9	2929	13590	1
9	2929	13590	1
9	2933	13607.206366680551	2
9	2938	13620	2
9	2938	13620	1
9	2948	13650	1
9	2948	13650	0
9	2953	13680	0
9	2953	13680	0
9	2956	13697.33431562514	1
9	2961	13710	1
9	2961	13710	0
9	2968	13740	0
9	2968	13740	0
9	2976	13770	0
9	2976	13770	0
9	2977	13780	1
9	2980	13795.062025899122	2
9	2984	13800	2
9	2984	13800	1
9	2991	13830	1
9	2991	13830	1
9	2998	13860	1
9	2998	13860	0
9	3004	13890	0
9	3004	13890	0
9	3012	13920	0
9	3012	13920	0
9	3018	13950	0
9	3018	13950	0
9	3026	13980	0
9	3026	13980	0
9	3031	14010	0
9	3031	14010	0
9	3038	14040	0
9	3038	14040	0
9	3046	14070	0
9	3046	14070	0
9	3052	14100	0
9	3052	14100	0
9	3058	14130	0
9	3058	14130	0
9	3062	14160	0
9	3062	14160	0
9	3071	14190	0
9	3071	14190	0
9	3077	14220	0
9	3077	14220	0
9	3083	14250	0
9	3083	14250	0
9	3090	14280	0
9	3090	14280	0
9	3098	14310	0
9	3098	14310	0
9	3104	14340	0
9	3104	14340	0
9	3110	14370	0
9	3110	14370	0
9	3117	14400	0
9	3117	14400	0
9	3125	14430	0
9	3125	14430	0
9	3130	14460	0
9	3130	14460	0
9	3132	14470	1
9	3133	14470	2
9	3138	14490	2
9	3138	14490	2
9	3145	14520	2
9	3145	14520	0
9	3151	14550	0
9	3151	14550	0
9	3153	14567.63747147838	1
9	3157	14580	1
9	3157	14580	0
9	3162	14610	0
9	3162	14610	0
9	3173	14640	0
9	3173	14640	0
9	3178	14670	0
9	3178	14670	0
9	3184	14700	0
9	3184	14700	0
9	3190	14730	0
9	3190	14730	0
9	3193	14756.281637015164	1
9	3197	14760	1
9	3197	14760	0
9	3204	14790	0
9	3204	14790	0
9	3209	14820	0
9	3209	14820	0
9	3210	14821.584381032451	1
9	3217	14850	1
9	3217	14850	0
9	3224	14880	0
9	3224	14880	0
9	3231	14910	0
9	3231	14910	0
9	3235	14940	0
9	3235	14940	0
9	3240	14970	0
9	3240	14970	0
9	3246	15000	0
9	3246	15000	0
9	3248	15008.063503663165	1
9	3253	15030	1
9	3253	15030	1
9	3257	15060	1
9	3257	15060	1
9	3264	15090	1
9	3264	15090	0
9	3269	15120	0
9	3269	15120	0
9	3277	15150	0
9	3277	15150	0
9	3280	15169.372062276721	1
9	3285	15180	1
9	3285	15180	0
9	3292	15210	0
9	3292	15210	0
9	3298	15240	0
9	3298	15240	0
9	3305	15270	0
9	3305	15270	0
9	3313	15300	0
9	3313	15300	0
9	3318	15330	0
9	3318	15330	0
9	3322	15360	0
9	3322	15360	0
9	3330	15390	0
9	3330	15390	0
9	3336	15420	0
9	3336	15420	0
9	3340	15450	0
9	3340	15450	0
9	3345	15480	0
9	3345	15480	0
9	3353	15510	0
9	3353	15510	0
9	3357	15540	0
9	3357	15540	0
9	3361	15570	0
9	3361	15570	0
9	3369	15600	0
9	3369	15600	0
9	3373	15630	0
9	3373	15630	0
9	3377	15660	0
9	3377	15660	0
9	3383	15690	0
9	3383	15690	0
9	3387	15720	0
9	3387	15720	0
9	3391	15750	0
9	3391	15750	0
9	3398	15780	0
9	3398	15780	0
9	3404	15810	0
9	3404	15810	0
9	3405	15820	1
9	3409	15840	1
9	3409	15840	0
9	3417	15870	0
9	3417	15870	0
9	3426	15900	0
9	3426	15900	0
9	3431	15930	0
9	3431	15930	0
9	3433	15940.240351493369	1
9	3438	15960	1
9	3438	15960	1
9	3447	15990	1
9	3447	15990	1
9	3455	16020	1
9	3455	16020	0
9	3460	16050	0
9	3460	16050	0
9	3468	16080	0
9	3468	16080	0
9	3475	16110	0
9	3475	16110	0
9	3485	16140	0
9	3485	16140	0
9	3492	16170	0
9	3492	16170	0
9	3498	16200	0
9	3498	16200	0
9	3507	16230	0
9	3507	16230	0
9	3514	16260	0
9	3514	16260	0
9	3521	16290	0
9	3521	16290	0
9	3529	16320	0
9	3529	16320	0
9	3536	16350	0
9	3536	16350	0
9	3541	16380	0
9	3541	16380	0
9	3548	16410	0
9	3548	16410	0
9	3555	16440	0
9	3555	16440	0
9	3562	16470	0
9	3562	16470	0
9	3569	16500	0
9	3569	16500	0
9	3570	16503.431847885332	1
9	3576	16530	1
9	3576	16530	0
9	3578	16540	1
9	3583	16560	1
9	3583	16560	0
9	3586	16586.601579392694	1
9	3590	16590	1
9	3590	16590	1
9	3597	16620	1
9	3597	16620	1
9	3602	16636.490154933276	2
9	3607	16650	2
9	3607	16650	0
9	3613	16680	0
9	3613	16680	0
9	3619	16710	0
9	3619	16710	0
9	3626	16740	0
9	3626	16740	0
9	3636	16770	0
9	3636	16770	0
9	3641	16800	0
9	3641	16800	0
9	3647	16830	0
9	3647	16830	0
9	3659	16860	0
9	3659	16860	0
9	3664	16890	0
9	3664	16890	0
9	3669	16920	0
9	3669	16920	0
9	3677	16950	0
9	3677	16950	0
9	3683	16980	0
9	3683	16980	0
9	3684	16990	1
9	3689	17010	1
9	3689	17010	1
9	3694	17040	1
9	3694	17040	0
9	3700	17070	0
9	3700	17070	0
9	3707	17100	0
9	3707	17100	0
9	3711	17130	0
9	3711	17130	0
9	3718	17160	0
9	3718	17160	0
9	3728	17190	0
9	3728	17190	0
9	3737	17220	0
9	3737	17220	0
9	3741	17250	0
9	3741	17250	0
9	3750	17280	0
9	3750	17280	0
9	3758	17310	0
9	3758	17310	0
9	3759	17317.118897196724	1
9	3765	17340	1
9	3765	17340	0
9	3771	17370	0
9	3771	17370	0
9	3774	17390.043073388967	1
9	3778	17400	1
9	3778	17400	0
9	3781	17410	1
9	3788	17430	1
9	3788	17430	0
9	3794	17448.414700192674	1
9	3798	17460	1
9	3798	17460	0
9	3805	17486.55001588291	1
9	3809	17490	1
9	3809	17490	0
9	3812	17516.671802962551	1
9	3816	17520	1
9	3816	17520	1
9	3826	17550	1
9	3826	17550	1
9	3831	17577.393631043586	2
9	3835	17580	2
9	3835	17580	1
9	3843	17610	1
9	3843	17610	0
9	3848	17640	0
9	3848	17640	0
9	3854	17670	0
9	3854	17670	0
9	3862	17700	0
9	3862	17700	0
9	3869	17730	0
9	3869	17730	0
9	3875	17760	0
9	3875	17760	0
9	3883	17790	0
9	3883	17790	0
9	3889	17820	0
9	3889	17820	0
9	3894	17850	0
9	3894	17850	0
9	3901	17880	0
9	3901	17880	0
9	3909	17910	0
9	3909	17910	0
9	3911	17917.641423403259	1
9	3915	17940	1
9	3915	17940	0
9	3922	17970	0
9	3922	17970	0
9	3924	17988.832634404371	1
9	3930	18000	1
9	3930	18000	1
9	3935	18030	1
9	3935	18030	1
9	3942	18060	1
9	3942	18060	0
9	3950	18090	0
9	3950	18090	0
9	3954	18120	0
9	3954	18120	0
9	3962	18150	0
9	3962	18150	0
9	3968	18162.959229491255	1
9	3973	18180	1
9	3973	18180	1
9	3974	18190	2
9	3978	18210	2
9	3978	18210	1
9	3983	18240	1
9	3983	18240	0
9	3990	18270	0
9	3990	18270	0
9	3995	18300	0
9	3995	18300	0
9	4000	18330	0
9	4000	18330	0
9	4001	18340	1
9	4007	18360	1
9	4007	18360	0
9	4008	18370	1
9	4014	18390	1
9	4014	18390	0
9	4018	18420	0
9	4018	18420	0
9	4023	18450	0
9	4023	18450	0
9	4032	18480	0
9	4032	18480	0
9	4037	18510	0
9	4037	18510	0
9	4043	18540	0
9	4043	18540	0
9	4051	18570	0
9	4051	18570	0
9	4056	18600	0
9	4056	18600	0
9	4060	18630	0
9	4060	18630	0
9	4065	18660	0
9	4065	18660	0
9	4072	18690	0
9	4072	18690	0
9	4077	18720	0
9	4077	18720	0
9	4083	18750	0
9	4083	18750	0
9	4088	18780	0
9	4088	18780	0
9	4092	18810	0
9	4092	18810	0
9	4100	18840	0
9	4100	18840	0
9	4104	18870	0
9	4104	18870	0
9	4108	18900	0
9	4108	18900	0
9	4113	18930	0
9	4113	18930	0
9	4116	18940	1
9	4121	18960	1
9	4121	18960	0
9	4127	18990	0
9	4127	18990	0
9	4132	19020	0
9	4132	19020	0
9	4138	19050	0
9	4138	19050	0
9	4145	19080	0
9	4145	19080	0
9	4150	19110	0
9	4150	19110	0
9	4157	19140	0
9	4157	19140	0
9	4164	19170	0
9	4164	19170	0
9	4165	19180	1
9	4170	19200	1
9	4170	19200	0
9	4172	19219.439454304857	1
9	4177	19230	1
9	4177	19230	1
9	4183	19260	1
9	4183	19260	1
9	4184	19270	2
9	4189	19290	2
9	4189	19290	1
9	4195	19320	1
9	4195	19320	0
9	4200	19350	0
9	4200	19350	0
9	4202	19378.587752077765	1
9	4206	19380	1
9	4206	19380	1
9	4207	19390	2
9	4213	19410	2
9	4213	19410	1
9	4218	19440	1
9	4218	19440	0
9	4223	19470	0
9	4223	19470	0
9	4229	19500	0
9	4229	19500	0
9	4234	19530	0
9	4234	19530	0
9	4239	19560	0
9	4239	19560	0
9	4246	19590	0
9	4246	19590	0
9	4250	19620	0
9	4250	19620	0
9	4257	19650	0
9	4257	19650	0
9	4263	19680	0
9	4263	19680	0
9	4268	19710	0
9	4268	19710	0
9	4276	19740	0
9	4276	19740	0
9	4280	19770	0
9	4280	19770	0
9	4285	19800	0
9	4285	19800	0
9	4287	19823.323258517522	1
9	4291	19830	1
9	4291	19830	1
9	4298	19860	1
9	4298	19860	0
9	4302	19890	0
9	4302	19890	0
9	4307	19920	0
9	4307	19920	0
9	4313	19950	0
9	4313	19950	0
9	4319	19980	0
9	4319	19980	0
9	4320	19990	1
10	298	1238.261600409815	0
10	335	1440	20
10	349	1530	84.792084912928
10	355	1560	20
10	428	1960.081693773882	0
10	436	2010	81.874842047798
10	468	2170	0
10	484	2257.298025105041	0
10	499	2340	15.789965796405
10	513	2400	50
10	534	2490	30.755394220771
10	568	2655.028844507066	0
10	578	2700	70.105334186193
10	589	2760	20
10	590	2770	0
10	628	2940	43.094702576968
10	636	2987.425077488254	0
10	642	3010	0
10	664	3108.196547651767	0
10	669	3120	50
10	677	3160	0
10	721	3360	50
10	722	3370	0
10	764	3570	86.167360517735
10	765	3579.685840904315	0
10	774	3630	11.98623790861
10	821	3900	78.419523763791
10	821	3900	69.440694714506
10	861	4110	20
10	865	4140	68.528673938552
10	865	4140	44.364914381037
10	910	4350	20
10	918	4405.051671308032	0
10	927	4440	50
10	951	4570	0
10	1037	4980	80.764476287231
10	1037	4980	1.994765126319
10	1046	5036.362665204224	0
10	1072	5130	62.269875668429
10	1080	5171.303757889167	0
10	1133	5410	0
10	1134	5410	0
10	1136	5413.440411937229	0
10	1185	5640	20
10	1203	5730	6.903896172303
10	1211	5760	20
10	1211	5760	20
10	1253	5940	65.567008124663
10	1267	6000	20
10	1299	6120	50
10	1313	6189.067098301089	0
10	1319	6210	39.239995089363
10	1319	6210	32.244566944294
10	1325	6240	20
10	1355	6370	0
10	1397	6570	12.326632429162
10	1402	6600	50
10	1416	6667.699861920586	0
10	1444	6780	38.781102231323
10	1444	6780	12.094011709646
10	1449	6810.439913643371	0
10	1459	6846.676341451909	0
10	1477	6930	70.11412517798
10	1485	6970	0
10	1595	7530	14.71665517366
10	1614	7620	68.060763335282
10	1617	7646.472522206553	0
10	1672	7860	44.376567274271
10	1678	7890	36.254635424753
10	1697	7980	23.159387278784
10	1712	8050	0
10	1724	8100	0.923512920701
10	1735	8160	19.270407307104
10	1757	8290	0
10	1767	8340	24.697680404877
10	1767	8340	7.897270152401
10	1811	8580	30.4469021067
10	1871	8912.572243571022	0
10	1872	8920	0
10	1879	8957.155615096025	0
10	1902	9060	15.599087540783
10	1961	9370	0
10	1968	9400	0
10	2024	9660	33.862129985109
10	2041	9750	82.610316970782
10	2059	9850	0
10	2071	9916.960635701023	0
10	2130	10240	0
10	2164	10426.52724828055	0
10	2168	10440	44.26216803939
10	2174	10480	0
10	2175	10480	0
10	2211	10620	5.60607930559
10	2213	10631.741197577127	0
10	2238	10720	0
10	2255	10796.685176511137	0
10	2259	10800	21.9743864772
10	2279	10860	83.037811141548
10	2308	10960	0
10	2321	11010	61.067651079715
10	2330	11050	0
10	2339	11070	20
10	2339	11070	20
10	2355	11130	89.818215881661
10	2379	11220	48.216039475228
10	2411	11365.546122647384	0
10	2415	11370	15.227954441081
10	2420	11400	50
10	2483	11705.928186983552	0
10	2497	11760	20
10	2505	11807.969353248137	0
10	2523	11880	20
10	2552	12010	0
10	2571	12090.632945718778	0
10	2589	12180	86.581772056337
10	2593	12206.346526517643	0
10	2600	12230.890956167071	0
10	2604	12240	50
10	2604	12240	20
10	2619	12300	24.49140136231
10	2635	12370	0
10	2648	12420	41.727008573788
10	2666	12487.227195679113	0
10	2711	12660	23.836699350548
10	2721	12690	7.116033182793
10	2728	12720	49.760690351992
10	2754	12810	76.759295182718
10	2760	12829.219562497785	0
10	2778	12900	60.989096580058
10	2786	12930	13.510254288458
10	2794	12970	0
10	2795	12970	0
10	2816	13050	2.712563295836
10	2824	13090	0
10	2872	13320	50
10	2872	13320	20
10	2909	13500	49.753634356723
10	2916	13530	79.825729516874
10	2916	13530	20.654186398342
10	2938	13620	12.793633319449
10	2948	13650	83.53222184197
10	2961	13710	12.66568437486
10	2984	13800	20
10	2998	13860	64.937974100878
10	3064	14166.291470470535	0
10	3065	14170	0
10	3145	14520	50
10	3145	14520	50
10	3157	14580	12.36252852162
10	3197	14760	3.718362984836
10	3198	14770	0
10	3199	14770	0
10	3217	14850	28.415618967549
10	3264	15090	81.936496336835
10	3271	15130	0
10	3285	15180	10.627937723279
10	3306	15280	0
10	3332	15400	0
10	3347	15490	0
10	3378	15685.294629775816	0
10	3409	15840	20
10	3455	16020	79.759648506631
10	3531	16330	0
10	3549	16417.547508158482	0
10	3576	16530	26.568152114668
10	3583	16560	20
10	3607	16650	63.398420607306
10	3607	16650	13.509845066724
10	3627	16742.446723695058	0
10	3694	17040	50
10	3765	17340	22.881102803276
10	3778	17400	9.956926611033
10	3788	17430	20
10	3790	17440	0
10	3798	17460	11.585299807326
10	3809	17490	3.44998411709
10	3835	17580	63.328197037449
10	3843	17610	32.606368956414
10	3855	17680	0
10	3877	17770	0
10	3903	17890	0
10	3915	17940	22.358576596741
10	3942	18060	71.167365595629
10	3966	18160	0
10	3978	18210	47.040770508745
10	3983	18240	50
10	4007	18360	20
10	4014	18390	20
10	4121	18960	20
10	4122	18970	0
10	4146	19090	0
10	4170	19200	20
10	4189	19290	70.560545695143
10	4195	19320	50
10	4213	19410	31.412247922235
10	4218	19440	50
10	4294	19834.989241050705	0
10	4298	19860	36.676741482478
10	4308	19930	0
10	4321	19992.548229140292	0
11	298	1238.261600409815	19058
11	335	1440	19061
11	349	1530	19063
11	355	1560	19062
11	428	1960.081693773882	19066
11	436	2010	19069
11	468	2170	19067
11	484	2257.298025105041	19073
11	499	2340	19074
11	513	2400	19072
11	534	2490	19076
11	568	2655.028844507066	19075
11	578	2700	19081
11	589	2760	19080
11	590	2770	19077
11	628	2940	19084
11	636	2987.425077488254	19087
11	642	3010	19083
11	664	3108.196547651767	19090
11	669	3120	19085
11	677	3160	19088
11	721	3360	19091
11	722	3370	19089
11	764	3570	19096
11	765	3579.685840904315	19098
11	774	3630	19097
11	821	3900	19100
11	821	3900	19101
11	861	4110	19102
11	865	4140	19103
11	865	4140	19104
11	910	4350	19105
11	918	4405.051671308032	19110
11	927	4440	19109
11	951	4570	19108
11	1037	4980	19116
11	1037	4980	19119
11	1046	5036.362665204224	19120
11	1072	5130	19121
11	1080	5171.303757889167	19118
11	1133	5410	19122
11	1134	5410	19124
11	1136	5413.440411937229	19126
11	1185	5640	19129
11	1203	5730	19134
11	1211	5760	19131
11	1211	5760	19132
11	1253	5940	19139
11	1267	6000	19138
11	1299	6120	19140
11	1313	6189.067098301089	19147
11	1319	6210	19145
11	1319	6210	19146
11	1325	6240	19144
11	1355	6370	19143
11	1397	6570	19153
11	1402	6600	19150
11	1416	6667.699861920586	19155
11	1444	6780	19156
11	1444	6780	19158
11	1449	6810.439913643371	19159
11	1459	6846.676341451909	19157
11	1477	6930	19161
11	1485	6970	19154
11	1595	7530	19169
11	1614	7620	19170
11	1617	7646.472522206553	19172
11	1672	7860	19177
11	1678	7890	19179
11	1697	7980	19181
11	1712	8050	19178
11	1724	8100	19184
11	1735	8160	19183
11	1757	8290	19182
11	1767	8340	19185
11	1767	8340	19186
11	1811	8580	19188
11	1871	8912.572243571022	19191
11	1872	8920	19190
11	1879	8957.155615096025	19193
11	1902	9060	19194
11	1961	9370	19196
11	1968	9400	19198
11	2024	9660	19205
11	2041	9750	19203
11	2059	9850	19204
11	2071	9916.960635701023	19209
11	2130	10240	19210
11	2164	10426.52724828055	19215
11	2168	10440	19212
11	2174	10480	19213
11	2175	10480	19214
11	2211	10620	19219
11	2213	10631.741197577127	19220
11	2238	10720	19218
11	2255	10796.685176511137	19225
11	2259	10800	19222
11	2279	10860	19223
11	2308	10960	19226
11	2321	11010	19233
11	2330	11050	19224
11	2339	11070	19231
11	2339	11070	19232
11	2355	11130	19237
11	2379	11220	19239
11	2411	11365.546122647384	19245
11	2415	11370	19243
11	2420	11400	19241
11	2483	11705.928186983552	19247
11	2497	11760	19246
11	2505	11807.969353248137	19249
11	2523	11880	19250
11	2552	12010	19248
11	2571	12090.632945718778	19258
11	2589	12180	19259
11	2593	12206.346526517643	19261
11	2600	12230.890956167071	19262
11	2604	12240	19255
11	2604	12240	19257
11	2619	12300	19263
11	2635	12370	19256
11	2648	12420	19265
11	2666	12487.227195679113	19266
11	2711	12660	19272
11	2721	12690	19274
11	2728	12720	19269
11	2754	12810	19277
11	2760	12829.219562497785	19282
11	2778	12900	19283
11	2786	12930	19285
11	2794	12970	19273
11	2795	12970	19278
11	2816	13050	19286
11	2824	13090	19284
11	2872	13320	19287
11	2872	13320	19288
11	2909	13500	19293
11	2916	13530	19292
11	2916	13530	19294
11	2938	13620	19298
11	2948	13650	19296
11	2961	13710	19297
11	2984	13800	19299
11	2998	13860	19304
11	3064	14166.291470470535	19308
11	3065	14170	19305
11	3145	14520	19312
11	3145	14520	19313
11	3157	14580	19319
11	3197	14760	19320
11	3198	14770	19316
11	3199	14770	19317
11	3217	14850	19323
11	3264	15090	19327
11	3271	15130	19325
11	3285	15180	19328
11	3306	15280	19329
11	3332	15400	19331
11	3347	15490	19330
11	3378	15685.294629775816	19335
11	3409	15840	19336
11	3455	16020	19341
11	3531	16330	19346
11	3549	16417.547508158482	19355
11	3576	16530	19356
11	3583	16560	19354
11	3607	16650	19358
11	3607	16650	19361
11	3627	16742.446723695058	19364
11	3694	17040	19365
11	3765	17340	19377
11	3778	17400	19375
11	3788	17430	19372
11	3790	17440	19373
11	3798	17460	19380
11	3809	17490	19382
11	3835	17580	19383
11	3843	17610	19389
11	3855	17680	19385
11	3877	17770	19384
11	3903	17890	19390
11	3915	17940	19392
11	3942	18060	19394
11	3966	18160	19396
11	3978	18210	19399
11	3983	18240	19398
11	4007	18360	19400
11	4014	18390	19402
11	4121	18960	19410
11	4122	18970	19407
11	4146	19090	19408
11	4170	19200	19413
11	4189	19290	19415
11	4195	19320	19414
11	4213	19410	19417
11	4218	19440	19416
11	4294	19834.989241050705	19421
11	4298	19860	19422
11	4308	19930	19420
11	4321	19992.548229140292	19425
12	292	1210	302.78900908749
12	479	2230	274.22498646477
12	547	2560	335.7899657964
12	623	2920	390.10533418619
12	749	3490	412.13500294304
12	797	3779.685840904315	300
12	1137	5420	417.30833870178
12	1138	5420	413.26788721256
12	1162	5530	332.9023569789
12	1300	6140	410.85778799212
12	1305	6160	385.56700812466
12	1327	6250	346.55623423706
12	1340	6310	203.38500708862
12	1430	6730	310.24291546008
12	1491	7000	358.78110223132
12	1520	7130	370.11412517798
12	1560	7340	499.30846262669
12	1603	7570	366.50080563876
12	1665	7846.472522206553	300
12	1718	8080	364.37656727427
12	1807	8560	344.69768040488
12	2012	9620	428.29317052536
12	2229	10700	529.31714592086
12	2263	10820	406.36280570394
12	2271	10840	308.25880242287
12	2363	11170	385.9562350172
12	2368	11180	442.09746972146
12	2426	11440	368.21603947523
12	2731	12730	434.54123874727
12	2732	12730	398.38647029678
12	2823	13090	363.39451178984
12	2964	13730	320.65418639834
12	3091	14290	391.24111243173
12	3119	14410	326.38719850076
12	3270	15130	434.99845269689
12	3300	15260	528.16675944861
12	3346	15490	329.21064204892
12	3421	15885.294629775816	300
12	3470	16090	320.69215079151
12	3615	16700	536.59947578653
12	3654	16850	363.39842060731
12	3672	16940	471.30676317392
12	3721	17170	344.543218825
12	3802	17470	252.78392716098
12	3803	17474.834769286108	200
12	3858	17690	303.44998411709
12	3905	17900	456.55036781939
12	3964	18160	342.35857659674
12	4196	19340	428.62558885335
12	4225	19490	370.56054569514
13	292	1210	2.789009087486
13	479	2230	74.224986464771
13	547	2560	35.789965796405
13	623	2920	90.105334186193
13	749	3490	112.13500294304
13	797	3779.685840904315	0
13	1137	5420	17.308338701779
13	1138	5420	13.267887212557
13	1162	5530	32.902356978897
13	1300	6140	10.857787992124
13	1305	6160	85.567008124663
13	1327	6250	46.55623423706
13	1340	6310	3.38500708862
13	1430	6730	10.242915460082
13	1491	7000	58.781102231323
13	1520	7130	70.11412517798
13	1560	7340	99.308462626692
13	1603	7570	66.50080563876
13	1665	7846.472522206553	0
13	1718	8080	64.376567274271
13	1807	8560	44.697680404877
13	2012	9620	28.293170525358
13	2229	10700	129.31714592086
13	2263	10820	6.362805703938
13	2271	10840	8.258802422873
13	2363	11170	85.956235017203
13	2368	11180	42.097469721464
13	2426	11440	68.216039475228
13	2731	12730	134.54123874727
13	2732	12730	98.386470296779
13	2823	13090	63.394511789844
13	2964	13730	20.654186398342
13	3091	14290	91.241112431734
13	3119	14410	26.387198500759
13	3270	15130	134.99845269689
13	3300	15260	128.16675944861
13	3346	15490	29.210642048924
13	3421	15885.294629775816	0
13	3470	16090	20.69215079151
13	3615	16700	136.59947578653
13	3654	16850	63.398420607306
13	3672	16940	71.306763173922
13	3721	17170	44.543218825
13	3802	17470	52.783927160976
13	3803	17474.834769286108	0
13	3858	17690	3.44998411709
13	3905	17900	56.550367819387
13	3964	18160	42.358576596741
13	4196	19340	28.625588853347
13	4225	19490	70.560545695143
14	292	1210	2
14	479	2230	1
14	547	2560	2
14	623	2920	2
14	749	3490	2
14	797	3779.685840904315	2
14	1137	5420	3
14	1138	5420	3
14	1162	5530	2
14	1300	6140	3
14	1305	6160	2
14	1327	6250	2
14	1340	6310	1
14	1430	6730	2
14	1491	7000	2
14	1520	7130	2
14	1560	7340	3
14	1603	7570	2
14	1665	7846.472522206553	2
14	1718	8080	2
14	1807	8560	2
14	2012	9620	3
14	2229	10700	3
14	2263	10820	3
14	2271	10840	2
14	2363	11170	2
14	2368	11180	3
14	2426	11440	2
14	2731	12730	2
14	2732	12730	2
14	2823	13090	2
14	2964	13730	2
14	3091	14290	2
14	3119	14410	2
14	3270	15130	2
14	3300	15260	3
14	3346	15490	2
14	3421	15885.294629775816	2
14	3470	16090	2
14	3615	16700	3
14	3654	16850	2
14	3672	16940	3
14	3721	17170	2
14	3802	17470	1
14	3803	17474.834769286108	1
14	3858	17690	2
14	3905	17900	3
14	3964	18160	2
14	4196	19340	3
14	4225	19490	2
15	548	2570	412.70197489496
15	597	2800	358.74561973598
15	670	3130	272.69893472097
15	735	3440	345.93395514369
15	759	3560	367.43838205127
15	822	3920	351.57792133005
15	934	4490	518.52867393855
15	1023	4930	204.72495569683
15	1029	4960	341.38310313465
15	1030	4960.784664760391	300
15	1117	5330	451.99476512632
15	1218	5800	352.27051213568
15	1254	5950	356.91739824949
15	1275	6040	336.04530868408
15	1283	6070	387.35326245163
15	1565	7366.85135847112	300
15	1663	7840	327.11963133106
15	1698	7990	388.52838499875
15	1829	8690	457.8972701524
15	1855	8830	302.69304233069
15	1873	8930	480.4469021067
15	1919	9160	399.47496602519
15	1967	9400	394.15706711247
15	2093	10040	321.11683933405
15	2131	10250	433.03936429898
15	2311	10970	455.60607930559
15	2341	11080	374.1344679107
15	2400	11320	434.26504408731
15	2475	11680	422.93023353756
15	2478	11690	435.22795444108
15	2553	12010	268.36678820711
15	2559	12040	350.86208689393
15	2675	12530	423.65347348236
15	2750	12800	324.90021737532
15	2773	12880	362.96234420494
15	2855	13250	510.98909658006
15	2856	13250	433.51025428846
15	2993	13850	499.75363435672
15	3072	14200	354.36253474184
15	3126	14440	428.64628961616
15	3225	14890	274.48535915928
15	3348	15490	206.86028007701
15	3508	16240	356.66094383481
15	3509	16240	327.05960932595
15	3653	16850	446.56815211467
15	3703	17090	447.55327630494
15	3731	17200	403.64191295469
15	3752	17290	258.47321960895
15	3827	17560	396.08617529055
15	3857	17690	472.88110280328
15	3890	17830	387.37993119562
15	3956	18130	233.40614201567
15	3963	18156.255622866903	200
15	3965	18160	301.47917596669
15	4038	18520	375.00018637764
16	548	2570	12.701974894959
16	597	2800	58.745619735982
16	670	3130	72.698934720972
16	735	3440	45.933955143689
16	759	3560	67.438382051269
16	822	3920	51.577921330049
16	934	4490	118.52867393855
16	1023	4930	4.724955696835
16	1029	4960	41.383103134653
16	1030	4960.784664760391	0
16	1117	5330	51.994765126319
16	1218	5800	52.270512135681
16	1254	5950	56.917398249488
16	1275	6040	36.04530868408
16	1283	6070	87.353262451632
16	1565	7366.85135847112	0
16	1663	7840	27.119631331057
16	1698	7990	88.528384998755
16	1829	8690	57.897270152401
16	1855	8830	2.69304233069
16	1873	8930	80.4469021067
16	1919	9160	99.474966025193
16	1967	9400	94.15706711247
16	2093	10040	21.116839334055
16	2131	10250	33.039364298977
16	2311	10970	55.60607930559
16	2341	11080	74.134467910697
16	2400	11320	134.26504408731
16	2475	11680	122.93023353756
16	2478	11690	35.227954441081
16	2553	12010	68.366788207112
16	2559	12040	50.862086893934
16	2675	12530	23.653473482357
16	2750	12800	24.900217375321
16	2773	12880	62.962344204944
16	2855	13250	110.98909658006
16	2856	13250	33.510254288458
16	2993	13850	99.753634356723
16	3072	14200	54.362534741839
16	3126	14440	128.64628961616
16	3225	14890	74.485359159279
16	3348	15490	6.860280077014
16	3508	16240	56.660943834807
16	3509	16240	27.059609325951
16	3653	16850	46.568152114668
16	3703	17090	47.553276304942
16	3731	17200	103.64191295469
16	3752	17290	58.473219608954
16	3827	17560	96.086175290554
16	3857	17690	72.881102803276
16	3890	17830	87.379931195621
16	3956	18130	33.406142015672
16	3963	18156.255622866903	0
16	3965	18160	1.479175966689
16	4038	18520	75.000186377643
17	548	2570	3
17	597	2800	2
17	670	3130	1
17	735	3440	2
17	759	3560	2
17	822	3920	2
17	934	4490	3
17	1023	4930	1
17	1029	4960	2
17	1030	4960.784664760391	2
17	1117	5330	3
17	1218	5800	2
17	1254	5950	2
17	1275	6040	2
17	1283	6070	2
17	1565	7366.85135847112	2
17	1663	7840	2
17	1698	7990	2
17	1829	8690	3
17	1855	8830	2
17	1873	8930	3
17	1919	9160	2
17	1967	9400	2
17	2093	10040	2
17	2131	10250	3
17	2311	10970	3
17	2341	11080	2
17	2400	11320	2
17	2475	11680	2
17	2478	11690	3
17	2553	12010	1
17	2559	12040	2
17	2675	12530	3
17	2750	12800	2
17	2773	12880	2
17	2855	13250	3
17	2856	13250	3
17	2993	13850	3
17	3072	14200	2
17	3126	14440	2
17	3225	14890	1
17	3348	15490	1
17	3508	16240	2
17	3509	16240	2
17	3653	16850	3
17	3703	17090	3
17	3731	17200	2
17	3752	17290	1
17	3827	17560	2
17	3857	17690	3
17	3890	17830	2
17	3956	18130	1
17	3963	18156.255622866903	1
17	3965	18160	2
17	4038	18520	2
18	247	1000	357.56860611974
18	274	1120	386.30123273826
18	341	1480	386.82039188172
18	560	2620	237.40563842679
18	729	3410	401.80345234823
18	890	4250	519.44069471451
18	933	4480	435.93550869084
18	935	4490	494.36491438104
18	1004	4840	323.4906168004
18	1116	5330	530.76447628723
18	1334	6280	354.06670034915
18	1493	7010	442.30013807941
18	1527	7160	323.72914848295
18	1554	7300	241.62590257356
18	1570	7390	334.35256076309
18	1666	7850	434.71665517366
18	1674	7880	301.26798474754
18	1691	7960	338.89895039633
18	1725	8120	356.97551786311
18	1787	8450	450.9235129207
18	1970	9410	465.59908754078
18	2007	9580	251.18976315567
18	2019	9640	434.00383040997
18	2240	10730	403.47275171945
18	2380	11230	347.14073433998
18	2382	11240	309.51535706321
18	2477	11690	424.45387735262
18	2536	11960	333.05005204536
18	2543	11975.275125101392	300
18	2706	12640	430.52373246563
18	2757	12820	224.98632319661
18	2787	12940	273.94727667442
18	2931	13600	400.56739125655
18	2942	13640	384.90874151862
18	2994	13850	499.82572951687
18	3073	14210	514.93797410088
18	3158	14600	307.56077828279
18	3523	16300	211.11508643007
18	3542	16400	379.40184458523
18	3593	16600	344.4389582087
18	3650	16840	312.68021221207
18	3678	16960	381.81211683515
18	3679	16970	433.50984506672
18	3828	17560	361.28780833194
18	3836	17590	409.7300082011
18	3944	18070	305.1570707862
18	4039	18530	467.04077050874
18	4067	18670.495446166302	300
19	247	1000	57.568606119739
19	274	1120	86.301232738262
19	341	1480	86.820391881724
19	560	2620	37.405638426793
19	729	3410	1.803452348233
19	890	4250	119.44069471451
19	933	4480	135.93550869084
19	935	4490	94.364914381037
19	1004	4840	23.490616800396
19	1116	5330	130.76447628723
19	1334	6280	54.066700349147
19	1493	7010	42.300138079414
19	1527	7160	23.729148482949
19	1554	7300	41.625902573565
19	1570	7390	34.352560763094
19	1666	7850	34.71665517366
19	1674	7880	1.267984747545
19	1691	7960	38.898950396329
19	1725	8120	56.975517863115
19	1787	8450	50.923512920701
19	1970	9410	65.599087540783
19	2007	9580	51.189763155669
19	2019	9640	134.00383040997
19	2240	10730	3.47275171945
19	2380	11230	47.14073433998
19	2382	11240	9.515357063214
19	2477	11690	24.453877352616
19	2536	11960	33.050052045358
19	2543	11975.275125101392	0
19	2706	12640	130.52373246563
19	2757	12820	24.986323196612
19	2787	12940	73.947276674421
19	2931	13600	100.56739125655
19	2942	13640	84.908741518621
19	2994	13850	99.825729516874
19	3073	14210	114.93797410088
19	3158	14600	7.560778282791
19	3523	16300	11.115086430073
19	3542	16400	79.40184458523
19	3593	16600	44.438958208699
19	3650	16840	12.680212212067
19	3678	16960	81.812116835151
19	3679	16970	33.509845066724
19	3828	17560	61.287808331945
19	3836	17590	109.7300082011
19	3944	18070	5.1570707862
19	4039	18530	67.040770508745
19	4067	18670.495446166302	0
20	247	1000	2
20	274	1120	2
20	341	1480	2
20	560	2620	1
20	729	3410	3
20	890	4250	3
20	933	4480	2
20	935	4490	3
20	1004	4840	2
20	1116	5330	3
20	1334	6280	2
20	1493	7010	3
20	1527	7160	2
20	1554	7300	1
20	1570	7390	2
20	1666	7850	3
20	1674	7880	2
20	1691	7960	2
20	1725	8120	2
20	1787	8450	3
20	1970	9410	3
20	2007	9580	1
20	2019	9640	2
20	2240	10730	3
20	2380	11230	2
20	2382	11240	2
20	2477	11690	3
20	2536	11960	2
20	2543	11975.275125101392	2
20	2706	12640	2
20	2757	12820	1
20	2787	12940	1
20	2931	13600	2
20	2942	13640	2
20	2994	13850	3
20	3073	14210	3
20	3158	14600	2
20	3523	16300	1
20	3542	16400	2
20	3593	16600	2
20	3650	16840	2
20	3678	16960	2
20	3679	16970	3
20	3828	17560	2
20	3836	17590	2
20	3944	18070	2
20	4039	18530	3
20	4067	18670.495446166302	2
21	299	1240	202.81267208975
21	366	1640	494.51211090742
21	386	1750	404.79208491293
21	387	1760	472.7488945209
21	555	2600	472.31922329487
21	711	3320	493.60048068776
21	728	3408.134913841053	200
21	889	4248.29932801158	200
21	963	4630	324.94832869197
21	1022	4927.228792645492	300
21	1227	5840	497.61843355917
21	1255	5950	326.9038961723
21	1343	6320	466.94539562535
21	1509	7070	358.61179687868
21	1769	8360	419.2704073071
21	1812	8585.348576133696	200
21	1925	9190	332.84438490397
21	2030	9700	388.55216183446
21	2118	10180	401.65953429317
21	2535	11950	344.07181301645
21	2565	12080	469.37581362904
21	2622	12310	319.36705428122
21	2649	12430	436.58177205634
21	2654	12440	454.72377887574
21	2681	12550	374.49140136231
21	2715	12670	391.72700857379
21	2779	12910	327.11603318279
21	2880	13360	222.98953062371
21	2912	13520	519.63352164282
21	2999	13870	362.79363331945
21	3000	13870	403.53222184197
21	3034	14030	381.61956335307
21	3259	15070	348.41561896755
21	3579	16550	386.52102848775
21	3600	16630	312.45249184152
21	3632	16760	458.33204893221
21	3761	17320	238.12941112933
21	3871	17750	388.00965305571
21	4025	18460	338.47812075699
21	4066	18669.494412543801	200
21	4095	18830	372.39765727059
21	4160	19160	428.86371882003
21	4191	19310	376.71035972535
21	4251	19630	351.41224792223
21	4259	19670	312.2659620705
22	299	1240	2.812672089753
22	366	1640	94.512110907424
22	386	1750	104.79208491293
22	387	1760	72.748894520898
22	555	2600	72.319223294871
22	711	3320	93.600480687755
22	728	3408.134913841053	0
22	889	4248.29932801158	0
22	963	4630	24.948328691968
22	1022	4927.228792645492	0
22	1227	5840	97.618433559173
22	1255	5950	26.903896172303
22	1343	6320	66.945395625353
22	1509	7070	58.611796878683
22	1769	8360	19.270407307104
22	1812	8585.348576133696	0
22	1925	9190	32.844384903975
22	2030	9700	88.552161834458
22	2118	10180	101.65953429317
22	2535	11950	44.071813016448
22	2565	12080	69.375813629044
22	2622	12310	19.367054281222
22	2649	12430	136.58177205634
22	2654	12440	54.723778875738
22	2681	12550	74.49140136231
22	2715	12670	91.727008573788
22	2779	12910	27.116033182793
22	2880	13360	22.989530623715
22	2912	13520	119.63352164282
22	2999	13870	62.793633319449
22	3000	13870	103.53222184197
22	3034	14030	81.619563353067
22	3259	15070	48.415618967549
22	3579	16550	86.521028487754
22	3600	16630	12.452491841518
22	3632	16760	58.332048932214
22	3761	17320	38.129411129332
22	3871	17750	88.009653055708
22	4025	18460	38.478120756993
22	4066	18669.494412543801	0
22	4095	18830	72.397657270586
22	4160	19160	28.863718820027
22	4191	19310	76.710359725352
22	4251	19630	51.412247922235
22	4259	19670	12.265962070504
23	299	1240	1
23	366	1640	3
23	386	1750	2
23	387	1760	3
23	555	2600	3
23	711	3320	3
23	728	3408.134913841053	1
23	889	4248.29932801158	1
23	963	4630	2
23	1022	4927.228792645492	2
23	1227	5840	3
23	1255	5950	2
23	1343	6320	3
23	1509	7070	2
23	1769	8360	3
23	1812	8585.348576133696	1
23	1925	9190	2
23	2030	9700	2
23	2118	10180	2
23	2535	11950	2
23	2565	12080	3
23	2622	12310	2
23	2649	12430	2
23	2654	12440	3
23	2681	12550	2
23	2715	12670	2
23	2779	12910	2
23	2880	13360	1
23	2912	13520	3
23	2999	13870	2
23	3000	13870	2
23	3034	14030	2
23	3259	15070	2
23	3579	16550	2
23	3600	16630	2
23	3632	16760	3
23	3761	17320	1
23	3871	17750	2
23	4025	18460	2
23	4066	18669.494412543801	1
23	4095	18830	2
23	4160	19160	3
23	4191	19310	2
23	4251	19630	2
23	4259	19670	2
24	439	2030	325.85453500024
24	870	4150	428.41952376379
24	1075	5150	344.59350040885
24	1123	5350	382.26987566843
24	1257	5960	483.79747910384
24	1314	6200	456.1985961171
24	1368	6430	352.24456694429
24	1398	6580	331.10205762012
24	1403	6610	222.88350324036
24	1498	7030	319.56008635663
24	1533	7190	368.75805344868
24	1983	9470	354.54898032242
24	2077	9945.288206316136	300
24	2214	10640	444.26216803939
24	2537	11960	481.07426833742
24	2651	12430.890956167071	300
24	2653	12440	511.8188953649
24	2767	12850	252.45983855228
24	2809	13030	396.75929518272
24	2810	13030	300.78043750221
24	2978	13790	333.81030523336
24	3106	14366.291470470535	400
24	3166	14620	308.6474285177
24	3211	14830	362.36252852162
24	3362	15580	378.94158487907
24	3493	16180	326.72138686969
24	3517	16270	429.75964850663
24	3551	16430	371.97985181436
24	3671	16927.331216159836	300
24	3864	17710	361.58529980733
24	4046	18560	489.47110331365
24	4209	19400	464.46966181354
24	4253	19640	495.04674260816
25	439	2030	25.854535000238
25	870	4150	128.41952376379
25	1075	5150	44.593500408852
25	1123	5350	82.269875668429
25	1257	5960	83.797479103845
25	1314	6200	56.198596117096
25	1368	6430	52.244566944294
25	1398	6580	31.102057620122
25	1403	6610	22.883503240357
25	1498	7030	19.560086356629
25	1533	7190	68.758053448676
25	1983	9470	54.548980322421
25	2077	9945.288206316136	0
25	2214	10640	44.26216803939
25	2537	11960	81.074268337419
25	2651	12430.890956167071	0
25	2653	12440	111.8188953649
25	2767	12850	52.459838552284
25	2809	13030	96.759295182718
25	2810	13030	0.780437502215
25	2978	13790	33.810305233358
25	3106	14366.291470470535	0
25	3166	14620	8.647428517696
25	3211	14830	62.36252852162
25	3362	15580	78.941584879066
25	3493	16180	26.721386869691
25	3517	16270	129.75964850663
25	3551	16430	71.979851814357
25	3671	16927.331216159836	0
25	3864	17710	61.585299807326
25	4046	18560	89.471103313652
25	4209	19400	64.469661813536
25	4253	19640	95.046742608158
26	439	2030	2
26	870	4150	2
26	1075	5150	2
26	1123	5350	2
26	1257	5960	3
26	1314	6200	3
26	1368	6430	2
26	1398	6580	2
26	1403	6610	1
26	1498	7030	2
26	1533	7190	2
26	1983	9470	2
26	2077	9945.288206316136	2
26	2214	10640	3
26	2537	11960	3
26	2651	12430.890956167071	2
26	2653	12440	3
26	2767	12850	1
26	2809	13030	2
26	2810	13030	2
26	2978	13790	2
26	3106	14366.291470470535	3
26	3166	14620	2
26	3211	14830	2
26	3362	15580	2
26	3493	16180	2
26	3517	16270	2
26	3551	16430	2
26	3671	16927.331216159836	2
26	3864	17710	2
26	4046	18560	3
26	4209	19400	3
26	4253	19640	3
27	456	2110	281.8748420478
27	486	2270	458.51043986614
27	554	2590	230.75539422077
27	585	2755.028844507066	400
27	610	2870	497.63796345491
27	658	3087.425077488254	200
27	665	3110	424.45790466179
27	698	3260	317.9604362307
27	742	3470	489.00462861485
27	780	3670	286.16736051774
27	881	4210	340.73168581593
27	928	4450	408.48363313281
27	946	4540	388.11832168082
27	969	4670	528.30031328635
27	1073	5136.362665204224	200
27	1156	5513.440411937229	400
27	1235	5860	340.72210414058
27	1348	6340	323.0797088654
27	1375	6470	481.61111090023
27	1480	6946.676341451909	300
27	1699	7990	236.25463542475
27	1775	8390	482.77659027151
27	1890	9012.572243571022	300
27	1982	9470	437.76498270662
27	1989	9500	364.78093649605
27	2078	9950	429.67422814976
27	2197	10580	375.58316423575
27	2264	10820	307.01703227272
27	2288	10896.685176511137	200
27	2289	10900	321.9743864772
27	2335	11060	357.94250559536
27	2366	11170	322.44423126174
27	2524	11907.969353248137	300
27	2691	12587.227195679113	300
27	2839	13150	202.71256329584
27	3086	14270	475.95690942185
27	3325	15380	301.6760622759
27	3365	15590	494.76923445888
27	3432	15940	350.73329128191
27	3550	16430	468.6769564164
27	3713	17140	381.58505885617
27	3818	17530	363.56203535825
27	3820	17540	366.86331363511
27	3865	17710	232.60636895641
27	3897	17870	444.6550112239
27	3925	17990	486.59362702291
27	3986	18260	345.33256915133
27	4033	18490	345.0571213681
27	4141	19070	514.30115284888
28	456	2110	81.874842047798
28	486	2270	58.510439866141
28	554	2590	30.755394220771
28	585	2755.028844507066	0
28	610	2870	97.637963454914
28	658	3087.425077488254	0
28	665	3110	24.457904661794
28	698	3260	17.960436230699
28	742	3470	89.004628614853
28	780	3670	86.167360517735
28	881	4210	40.731685815925
28	928	4450	108.48363313282
28	946	4540	88.118321680821
28	969	4670	128.30031328635
28	1073	5136.362665204224	0
28	1156	5513.440411937229	0
28	1235	5860	40.722104140576
28	1348	6340	23.079708865396
28	1375	6470	81.611110900231
28	1480	6946.676341451909	0
28	1699	7990	36.254635424753
28	1775	8390	82.776590271513
28	1890	9012.572243571022	0
28	1982	9470	37.764982706615
28	1989	9500	64.780936496053
28	2078	9950	29.674228149765
28	2197	10580	75.583164235753
28	2264	10820	7.017032272725
28	2288	10896.685176511137	0
28	2289	10900	21.9743864772
28	2335	11060	57.942505595365
28	2366	11170	22.444231261743
28	2524	11907.969353248137	0
28	2691	12587.227195679113	0
28	2839	13150	2.712563295836
28	3086	14270	75.956909421845
28	3325	15380	1.676062275898
28	3365	15590	94.769234458885
28	3432	15940	50.733291281911
28	3550	16430	68.676956416397
28	3713	17140	81.585058856171
28	3818	17530	63.562035358246
28	3820	17540	66.86331363511
28	3865	17710	32.606368956414
28	3897	17870	44.655011223901
28	3925	17990	86.593627022909
28	3986	18260	45.332569151326
28	4033	18490	45.057121368099
28	4141	19070	114.30115284888
29	456	2110	1
29	486	2270	3
29	554	2590	1
29	585	2755.028844507066	3
29	610	2870	3
29	658	3087.425077488254	1
29	665	3110	3
29	698	3260	2
29	742	3470	3
29	780	3670	1
29	881	4210	2
29	928	4450	2
29	946	4540	2
29	969	4670	3
29	1073	5136.362665204224	1
29	1156	5513.440411937229	3
29	1235	5860	2
29	1348	6340	2
29	1375	6470	3
29	1480	6946.676341451909	2
29	1699	7990	1
29	1775	8390	3
29	1890	9012.572243571022	2
29	1982	9470	3
29	1989	9500	2
29	2078	9950	3
29	2197	10580	2
29	2264	10820	2
29	2288	10896.685176511137	1
29	2289	10900	2
29	2335	11060	2
29	2366	11170	2
29	2524	11907.969353248137	2
29	2691	12587.227195679113	2
29	2839	13150	1
29	3086	14270	3
29	3325	15380	2
29	3365	15590	3
29	3432	15940	2
29	3550	16430	3
29	3713	17140	2
29	3818	17530	2
29	3820	17540	2
29	3865	17710	1
29	3897	17870	3
29	3925	17990	3
29	3986	18260	2
29	4033	18490	2
29	4141	19070	3
30	254	1020.05516986826	200
30	261	1070	423.69954666523
30	316	1338.261600409815	300
30	447	2060.081693773882	300
30	609	2860	373.93377509101
30	741	3460	391.95510569232
30	791	3730	311.98623790861
30	1102	5271.303757889167	400
30	1154	5510	508.00616691254
30	1155	5510	507.06055483035
30	1423	6700	431.99436376348
30	1508	7070	525.17621636555
30	1636	7720	268.06076333528
30	1719	8080	223.15938727878
30	1731	8150	432.81894091278
30	1891	9020	339.5443546181
30	2060	9850	382.61031697078
30	2149	10340	339.76663432354
30	2198	10580	357.89789965474
30	2310	10960	283.03781114155
30	2358	11150	472.18828560459
30	2365	11170	335.2868651725
30	2439	11500	405.45304983737
30	2575	12110	502.08524755021
30	2659	12470	508.20119959629
30	2742	12760	223.83669935055
30	2758	12820	349.76069035199
30	2817	13070	504.75575712137
30	2818	13070	429.80352732367
30	2844	13190	431.17625507934
30	2891	13420	398.49054524787
30	2987	13810	312.66568437486
30	3008	13900	356.61146630745
30	3167	14620	391.15438260579
30	3168	14620	370.42206971949
30	3218	14860	303.71836298484
30	3219	14870	492.69492421113
30	3220	14870	465.60100705947
30	3293	15230	495.78149132897
30	3349	15500	367.88882602675
30	3810	17500	309.95692661103
30	3856	17680	263.32819703745
30	3879	17780	346.69200977173
30	4003	18340	355.88380030282
30	4166	19190	515.64787869041
30	4214	19420	362.27038483379
30	4309	19934.989241050705	300
31	254	1020.05516986826	0
31	261	1070	23.699546665233
31	316	1338.261600409815	0
31	447	2060.081693773882	0
31	609	2860	73.933775091006
31	741	3460	91.955105692324
31	791	3730	11.98623790861
31	1102	5271.303757889167	0
31	1154	5510	108.00616691254
31	1155	5510	107.06055483035
31	1423	6700	131.99436376348
31	1508	7070	125.17621636555
31	1636	7720	68.060763335282
31	1719	8080	23.159387278784
31	1731	8150	32.81894091278
31	1891	9020	39.544354618098
31	2060	9850	82.610316970782
31	2149	10340	39.766634323538
31	2198	10580	57.897899654736
31	2310	10960	83.037811141548
31	2358	11150	72.188285604591
31	2365	11170	35.2868651725
31	2439	11500	105.45304983737
31	2575	12110	102.08524755021
31	2659	12470	108.20119959629
31	2742	12760	23.836699350548
31	2758	12820	49.760690351992
31	2817	13070	104.75575712137
31	2818	13070	29.803527323674
31	2844	13190	31.176255079339
31	2891	13420	98.490545247866
31	2987	13810	12.66568437486
31	3008	13900	56.611466307448
31	3167	14620	91.154382605795
31	3168	14620	70.42206971949
31	3218	14860	3.718362984836
31	3219	14870	92.694924211129
31	3220	14870	65.601007059465
31	3293	15230	95.781491328973
31	3349	15500	67.888826026746
31	3810	17500	9.956926611033
31	3856	17680	63.328197037449
31	3879	17780	46.692009771727
31	4003	18340	55.883800302824
31	4166	19190	115.64787869041
31	4214	19420	62.270384833794
31	4309	19934.989241050705	0
32	254	1020.05516986826	1
32	261	1070	3
32	316	1338.261600409815	2
32	447	2060.081693773882	2
32	609	2860	2
32	741	3460	2
32	791	3730	2
32	1102	5271.303757889167	3
32	1154	5510	3
32	1155	5510	3
32	1423	6700	2
32	1508	7070	3
32	1636	7720	1
32	1719	8080	1
32	1731	8150	3
32	1891	9020	2
32	2060	9850	2
32	2149	10340	2
32	2198	10580	2
32	2310	10960	1
32	2358	11150	3
32	2365	11170	2
32	2439	11500	2
32	2575	12110	3
32	2659	12470	3
32	2742	12760	1
32	2758	12820	2
32	2817	13070	3
32	2818	13070	3
32	2844	13190	3
32	2891	13420	2
32	2987	13810	2
32	3008	13900	2
32	3167	14620	2
32	3168	14620	2
32	3218	14860	2
32	3219	14870	3
32	3220	14870	3
32	3293	15230	3
32	3349	15500	2
32	3810	17500	2
32	3856	17680	1
32	3879	17780	2
32	4003	18340	2
32	4166	19190	3
32	4214	19420	2
32	4309	19934.989241050705	2
33	293	1220	504.48519910944
33	310	1300	207.79647805189
33	438	2021.947263645446	200
33	444	2050	435.17784368849
33	514	2410	398.78743970975
33	671	3140	517.58846468692
33	676	3160	363.09470257697
33	1163	5530	393.2058704937
33	1361	6400	310.93290169891
33	1362	6410	339.23999508936
33	1440	6770	312.32663242916
33	1492	7000	332.09401170965
33	1713	8060	492.63782392894
33	2066	9880	353.86212998511
33	2299	10940	453.18144652939
33	2331	11050	342.26441179917
33	2334	11060	489.86372226258
33	2375	11210	361.06765107972
33	2403	11330	389.81821588166
33	2416	11380	239.71775374003
33	2421	11410	392.5260668442
33	2445	11540	445.67424268747
33	2668	12500	400.88705928987
33	2825	13100	435.95661465518
33	3039	14050	428.823937321
33	3040	14060	506.14275603706
33	3041	14060	451.90443716573
33	3147	14530	365.90313534695
33	3200	14770	344.22979271106
33	3299	15250	343.97474242698
33	3309	15290	381.93649633683
33	3331	15400	330.62793772328
33	3440	15968.395053102869	200
33	3500	16210	339.86653895398
33	3502	16220	444.26689066878
33	3503	16220	427.62254431992
33	3530	16330	323.89298197535
33	3673	16940	447.26506002433
33	3779	17410	361.90135234451
33	3870	17740	279.38225214789
33	3991	18280	391.16736559563
33	4173	19220	509.59986505941
33	4286	19810	323.98898832901
34	293	1220	104.48519910944
34	310	1300	7.79647805189
34	438	2021.947263645446	0
34	444	2050	135.17784368849
34	514	2410	98.787439709749
34	671	3140	117.58846468692
34	676	3160	63.094702576968
34	1163	5530	93.205870493699
34	1361	6400	10.932901698911
34	1362	6410	39.239995089363
34	1440	6770	12.326632429162
34	1492	7000	32.094011709646
34	1713	8060	92.637823928944
34	2066	9880	53.862129985109
34	2299	10940	53.181446529387
34	2331	11050	42.264411799174
34	2334	11060	89.863722262581
34	2375	11210	61.067651079715
34	2403	11330	89.818215881661
34	2416	11380	39.717753740029
34	2421	11410	92.526066844201
34	2445	11540	45.674242687472
34	2668	12500	0.887059289874
34	2825	13100	35.956614655184
34	3039	14050	128.823937321
34	3040	14060	106.14275603706
34	3041	14060	51.904437165734
34	3147	14530	65.90313534695
34	3200	14770	44.229792711059
34	3299	15250	43.974742426976
34	3309	15290	81.936496336835
34	3331	15400	30.627937723279
34	3440	15968.395053102869	0
34	3500	16210	39.866538953979
34	3502	16220	44.266890668785
34	3503	16220	27.622544319918
34	3530	16330	23.892981975351
34	3673	16940	47.265060024329
34	3779	17410	61.901352344506
34	3870	17740	79.382252147889
34	3991	18280	91.167365595629
34	4173	19220	109.59986505941
34	4286	19810	23.988988329007
35	293	1220	3
35	310	1300	1
35	438	2021.947263645446	1
35	444	2050	2
35	514	2410	2
35	671	3140	3
35	676	3160	2
35	1163	5530	2
35	1361	6400	2
35	1362	6410	2
35	1440	6770	2
35	1492	7000	2
35	1713	8060	3
35	2066	9880	2
35	2299	10940	3
35	2331	11050	2
35	2334	11060	3
35	2375	11210	2
35	2403	11330	2
35	2416	11380	1
35	2421	11410	2
35	2445	11540	3
35	2668	12500	3
35	2825	13100	3
35	3039	14050	2
35	3040	14060	3
35	3041	14060	3
35	3147	14530	2
35	3200	14770	2
35	3299	15250	2
35	3309	15290	2
35	3331	15400	2
35	3440	15968.395053102869	1
35	3500	16210	2
35	3502	16220	3
35	3503	16220	3
35	3530	16330	2
35	3673	16940	3
35	3779	17410	2
35	3870	17740	1
35	3991	18280	2
35	4173	19220	3
35	4286	19810	2

