version 3
run VeryHighLoad_RoundRobin-28-20260125-17:44:50-1398
attr configname VeryHighLoad_RoundRobin
attr datetime 20260125-17:44:50
attr datetimef 20260125-174450
attr experiment VeryHighLoad_RoundRobin
attr inifile simulations/nwsim_project/omnetpp.ini
attr iterationvars ""
attr iterationvarsd ""
attr iterationvarsf ""
attr measurement ""
attr network CrossTraffic
attr processid 1398
attr repetition 28
attr replication #28
attr resultdir results
attr runnumber 28
attr seedset 28
config description "Very High Load - Round-Robin Mode (200% more traffic)"
config *.Junc*.junctionMode "\"roundrobin\""
config *.EndNW.spawnInterval exponential(267s)
config *.EndNE.spawnInterval exponential(400s)
config *.EndEN.spawnInterval exponential(333s)
config *.EndES.spawnInterval exponential(500s)
config *.EndSE.spawnInterval exponential(300s)
config *.EndSW.spawnInterval exponential(367s)
config *.EndWS.spawnInterval exponential(433s)
config *.EndWN.spawnInterval exponential(467s)
config network CrossTraffic
config sim-time-limit 20000s
config warmup-period 1000s
config repeat 50
config **.scalar-recording true
config **.vector-recording true
config *.Junc*.junctionMode "\"queue\""
config *.EndNW.spawnInterval exponential(800s)
config *.EndNE.spawnInterval exponential(1200s)
config *.EndEN.spawnInterval exponential(1000s)
config *.EndES.spawnInterval exponential(1500s)
config *.EndSE.spawnInterval exponential(900s)
config *.EndSW.spawnInterval exponential(1100s)
config *.EndWS.spawnInterval exponential(1300s)
config *.EndWN.spawnInterval exponential(1400s)

vector 0 CrossTraffic.JuncNW queueLength:vector ETV
attr interpolationmode sample-hold
attr recordingmode vector
attr source queueLength
attr title "Queue Length"
vector 1 CrossTraffic.JuncNW junctionProcessingTime:vector ETV
attr recordingmode vector
attr source junctionProcessingTime
attr title "Junction Processing Time"
vector 2 CrossTraffic.JuncNW vehicleCount:vector ETV
attr recordingmode vector
attr source vehicleCount
attr title "Vehicle Count"
vector 3 CrossTraffic.JuncNE queueLength:vector ETV
attr interpolationmode sample-hold
attr recordingmode vector
attr source queueLength
attr title "Queue Length"
vector 4 CrossTraffic.JuncNE junctionProcessingTime:vector ETV
attr recordingmode vector
attr source junctionProcessingTime
attr title "Junction Processing Time"
vector 5 CrossTraffic.JuncNE vehicleCount:vector ETV
attr recordingmode vector
attr source vehicleCount
attr title "Vehicle Count"
vector 6 CrossTraffic.JuncSE queueLength:vector ETV
attr interpolationmode sample-hold
attr recordingmode vector
attr source queueLength
attr title "Queue Length"
vector 7 CrossTraffic.JuncSE junctionProcessingTime:vector ETV
attr recordingmode vector
attr source junctionProcessingTime
attr title "Junction Processing Time"
vector 8 CrossTraffic.JuncSE vehicleCount:vector ETV
attr recordingmode vector
attr source vehicleCount
attr title "Vehicle Count"
vector 9 CrossTraffic.JuncSW queueLength:vector ETV
attr interpolationmode sample-hold
attr recordingmode vector
attr source queueLength
attr title "Queue Length"
vector 10 CrossTraffic.JuncSW junctionProcessingTime:vector ETV
attr recordingmode vector
attr source junctionProcessingTime
attr title "Junction Processing Time"
vector 11 CrossTraffic.JuncSW vehicleCount:vector ETV
attr recordingmode vector
attr source vehicleCount
attr title "Vehicle Count"
vector 12 CrossTraffic.EndNW travelTime:vector ETV
attr recordingmode vector
attr source travelTime
attr title "Vehicle Travel Time"
vector 13 CrossTraffic.EndNW junctionTime:vector ETV
attr recordingmode vector
attr source junctionTime
attr title "Total Junction Time per Vehicle"
vector 14 CrossTraffic.EndNW junctionCount:vector ETV
attr recordingmode vector
attr source junctionCount
attr title "Junctions Visited per Vehicle"
vector 15 CrossTraffic.EndNE travelTime:vector ETV
attr recordingmode vector
attr source travelTime
attr title "Vehicle Travel Time"
vector 16 CrossTraffic.EndNE junctionTime:vector ETV
attr recordingmode vector
attr source junctionTime
attr title "Total Junction Time per Vehicle"
vector 17 CrossTraffic.EndNE junctionCount:vector ETV
attr recordingmode vector
attr source junctionCount
attr title "Junctions Visited per Vehicle"
vector 18 CrossTraffic.EndEN travelTime:vector ETV
attr recordingmode vector
attr source travelTime
attr title "Vehicle Travel Time"
vector 19 CrossTraffic.EndEN junctionTime:vector ETV
attr recordingmode vector
attr source junctionTime
attr title "Total Junction Time per Vehicle"
vector 20 CrossTraffic.EndEN junctionCount:vector ETV
attr recordingmode vector
attr source junctionCount
attr title "Junctions Visited per Vehicle"
vector 21 CrossTraffic.EndES travelTime:vector ETV
attr recordingmode vector
attr source travelTime
attr title "Vehicle Travel Time"
vector 22 CrossTraffic.EndES junctionTime:vector ETV
attr recordingmode vector
attr source junctionTime
attr title "Total Junction Time per Vehicle"
vector 23 CrossTraffic.EndES junctionCount:vector ETV
attr recordingmode vector
attr source junctionCount
attr title "Junctions Visited per Vehicle"
vector 24 CrossTraffic.EndSE travelTime:vector ETV
attr recordingmode vector
attr source travelTime
attr title "Vehicle Travel Time"
vector 25 CrossTraffic.EndSE junctionTime:vector ETV
attr recordingmode vector
attr source junctionTime
attr title "Total Junction Time per Vehicle"
vector 26 CrossTraffic.EndSE junctionCount:vector ETV
attr recordingmode vector
attr source junctionCount
attr title "Junctions Visited per Vehicle"
vector 27 CrossTraffic.EndSW travelTime:vector ETV
attr recordingmode vector
attr source travelTime
attr title "Vehicle Travel Time"
vector 28 CrossTraffic.EndSW junctionTime:vector ETV
attr recordingmode vector
attr source junctionTime
attr title "Total Junction Time per Vehicle"
vector 29 CrossTraffic.EndSW junctionCount:vector ETV
attr recordingmode vector
attr source junctionCount
attr title "Junctions Visited per Vehicle"
vector 30 CrossTraffic.EndWS travelTime:vector ETV
attr recordingmode vector
attr source travelTime
attr title "Vehicle Travel Time"
vector 31 CrossTraffic.EndWS junctionTime:vector ETV
attr recordingmode vector
attr source junctionTime
attr title "Total Junction Time per Vehicle"
vector 32 CrossTraffic.EndWS junctionCount:vector ETV
attr recordingmode vector
attr source junctionCount
attr title "Junctions Visited per Vehicle"
vector 33 CrossTraffic.EndWN travelTime:vector ETV
attr recordingmode vector
attr source travelTime
attr title "Vehicle Travel Time"
vector 34 CrossTraffic.EndWN junctionTime:vector ETV
attr recordingmode vector
attr source junctionTime
attr title "Total Junction Time per Vehicle"
vector 35 CrossTraffic.EndWN junctionCount:vector ETV
attr recordingmode vector
attr source junctionCount
attr title "Junctions Visited per Vehicle"
0	228	1014.164495384833	1
0	229	1020	1
0	229	1020	1
0	235	1050	1
0	235	1050	1
0	242	1080	1
0	242	1080	0
0	247	1110	0
0	247	1110	0
0	252	1140	0
0	252	1140	0
0	259	1170	0
0	259	1170	0
0	265	1200	0
0	265	1200	0
0	270	1230	0
0	270	1230	0
0	274	1260	0
0	274	1260	0
0	282	1290	0
0	282	1290	0
0	289	1320	0
0	289	1320	0
0	295	1350	0
0	295	1350	0
0	301	1380	0
0	301	1380	0
0	307	1410	0
0	307	1410	0
0	311	1411.053386265511	1
0	314	1421.075868261508	2
0	316	1440	2
0	316	1440	0
0	323	1470	0
0	323	1470	0
0	329	1500	0
0	329	1500	0
0	334	1530	0
0	334	1530	0
0	345	1560	0
0	345	1560	0
0	351	1590	0
0	351	1590	0
0	355	1600	1
0	356	1620	1
0	356	1620	0
0	360	1620.520951015395	1
0	363	1650	1
0	363	1650	1
0	368	1660	2
0	371	1680	2
0	371	1680	1
0	376	1710	1
0	376	1710	0
0	382	1740	0
0	382	1740	0
0	388	1770	0
0	388	1770	0
0	394	1800	0
0	394	1800	0
0	400	1830	0
0	400	1830	0
0	406	1860	0
0	406	1860	0
0	412	1890	0
0	412	1890	0
0	418	1920	0
0	418	1920	0
0	422	1944.12014181129	1
0	423	1950	1
0	423	1950	1
0	428	1980	1
0	428	1980	1
0	434	2010	1
0	434	2010	0
0	438	2040	0
0	438	2040	0
0	443	2070	0
0	443	2070	0
0	449	2100	0
0	449	2100	0
0	454	2130	0
0	454	2130	0
0	458	2160	0
0	458	2160	0
0	464	2182.293681276574	1
0	465	2190	1
0	465	2190	1
0	471	2220	1
0	471	2220	1
0	475	2250	1
0	475	2250	0
0	481	2280	0
0	481	2280	0
0	487	2295.270981345425	1
0	488	2310	1
0	488	2310	1
0	494	2340	1
0	494	2340	1
0	503	2370	1
0	503	2370	0
0	509	2400	0
0	509	2400	0
0	514	2430	0
0	514	2430	0
0	518	2432.243745255976	1
0	519	2453.358041654084	2
0	522	2460	2
0	522	2460	2
0	532	2490	2
0	532	2490	2
0	540	2520	2
0	540	2520	0
0	544	2550	0
0	544	2550	0
0	548	2556.651081365477	1
0	551	2580	1
0	551	2580	1
0	561	2610	1
0	561	2610	0
0	569	2640	0
0	569	2640	0
0	574	2658.122585056456	1
0	576	2670	1
0	576	2670	0
0	581	2700	0
0	581	2700	0
0	590	2725.456757740223	1
0	591	2730	1
0	591	2730	0
0	599	2760	0
0	599	2760	0
0	605	2770	1
0	608	2790	1
0	608	2790	0
0	617	2820	0
0	617	2820	0
0	622	2850	0
0	622	2850	0
0	631	2880	0
0	631	2880	0
0	637	2904.630301049089	1
0	638	2910	1
0	638	2910	0
0	644	2920	1
0	646	2940	1
0	646	2940	0
0	652	2970	0
0	652	2970	0
0	658	3000	0
0	658	3000	0
0	665	3030	0
0	665	3030	0
0	673	3060	0
0	673	3060	0
0	678	3090	0
0	678	3090	0
0	684	3113.211380521341	1
0	685	3118.774171528951	2
0	686	3120	2
0	686	3120	1
0	690	3150	1
0	690	3150	0
0	697	3180	0
0	697	3180	0
0	703	3210	0
0	703	3210	0
0	708	3240	0
0	708	3240	0
0	714	3270	0
0	714	3270	0
0	722	3289.21455455468	1
0	723	3300	1
0	723	3300	1
0	727	3330	1
0	727	3330	0
0	733	3360	0
0	733	3360	0
0	738	3377.108409042211	1
0	740	3390	1
0	740	3390	0
0	746	3420	0
0	746	3420	0
0	754	3450	0
0	754	3450	0
0	759	3474.871775920028	1
0	760	3480	1
0	760	3480	0
0	767	3494.051919154239	1
0	768	3510	1
0	768	3510	1
0	773	3530.277395247314	2
0	775	3540	2
0	775	3540	2
0	780	3570	2
0	780	3570	1
0	789	3600	1
0	789	3600	0
0	793	3624.570617290626	1
0	794	3630	1
0	794	3630	0
0	802	3660	0
0	802	3660	0
0	808	3690	0
0	808	3690	0
0	816	3720	0
0	816	3720	0
0	822	3750	0
0	822	3750	0
0	829	3780	0
0	829	3780	0
0	837	3810	0
0	837	3810	0
0	841	3820	1
0	842	3820	2
0	843	3820	3
0	846	3840	3
0	846	3840	3
0	852	3870	3
0	852	3870	0
0	857	3900	0
0	857	3900	0
0	865	3930	0
0	865	3930	0
0	871	3940.799925264727	1
0	876	3960	1
0	876	3960	0
0	883	3970	1
0	885	3990	1
0	885	3990	0
0	892	4020	0
0	892	4020	0
0	898	4050	0
0	898	4050	0
0	909	4080	0
0	909	4080	0
0	914	4090	1
0	915	4110	1
0	915	4110	0
0	922	4140	0
0	922	4140	0
0	928	4170	0
0	928	4170	0
0	936	4200	0
0	936	4200	0
0	942	4230	0
0	942	4230	0
0	949	4260	0
0	949	4260	0
0	959	4290	0
0	959	4290	0
0	964	4320	0
0	964	4320	0
0	969	4331.931930260319	1
0	971	4350	1
0	971	4350	0
0	977	4361.534808751468	1
0	981	4380	1
0	981	4380	1
0	986	4410	1
0	986	4410	0
0	993	4440	0
0	993	4440	0
0	1000	4466.513701979025	1
0	1001	4470	1
0	1001	4470	0
0	1009	4500	0
0	1009	4500	0
0	1015	4530	0
0	1015	4530	0
0	1021	4560	0
0	1021	4560	0
0	1028	4586.190097527893	1
0	1029	4590	1
0	1029	4590	1
0	1035	4600	2
0	1039	4620	2
0	1039	4620	1
0	1044	4650	1
0	1044	4650	0
0	1050	4680	0
0	1050	4680	0
0	1057	4710	0
0	1057	4710	0
0	1061	4717.843247427776	1
0	1064	4740	1
0	1064	4740	1
0	1070	4761.441526516869	2
0	1071	4770	2
0	1071	4770	1
0	1078	4800	1
0	1078	4800	0
0	1082	4830	0
0	1082	4830	0
0	1087	4860	0
0	1087	4860	0
0	1093	4890	0
0	1093	4890	0
0	1099	4920	0
0	1099	4920	0
0	1104	4950	0
0	1104	4950	0
0	1109	4980	0
0	1109	4980	0
0	1115	5010	0
0	1115	5010	0
0	1121	5040	0
0	1121	5040	0
0	1126	5070	0
0	1126	5070	0
0	1132	5100	0
0	1132	5100	0
0	1136	5108.953470972119	1
0	1138	5130	1
0	1138	5130	1
0	1142	5160	1
0	1142	5160	0
0	1149	5190	0
0	1149	5190	0
0	1155	5220	0
0	1155	5220	0
0	1160	5250	0
0	1160	5250	0
0	1167	5280	0
0	1167	5280	0
0	1173	5310	0
0	1173	5310	0
0	1177	5340	0
0	1177	5340	0
0	1185	5370	0
0	1185	5370	0
0	1189	5380	1
0	1191	5400	1
0	1191	5400	1
0	1197	5430	1
0	1197	5430	0
0	1202	5460	0
0	1202	5460	0
0	1211	5489.306856430653	1
0	1212	5490	1
0	1212	5490	0
0	1217	5520	0
0	1217	5520	0
0	1224	5550	0
0	1224	5550	0
0	1232	5580	0
0	1232	5580	0
0	1237	5610	0
0	1237	5610	0
0	1242	5625.778966953866	1
0	1245	5640	1
0	1245	5640	0
0	1252	5670	0
0	1252	5670	0
0	1260	5700	0
0	1260	5700	0
0	1265	5730	0
0	1265	5730	0
0	1270	5740	1
0	1272	5749.291033823609	2
0	1274	5750.524922898241	3
0	1275	5760	3
0	1275	5760	1
0	1282	5790	1
0	1282	5790	0
0	1288	5820	0
0	1288	5820	0
0	1294	5850	0
0	1294	5850	0
0	1301	5880	0
0	1301	5880	0
0	1306	5890	1
0	1309	5910	1
0	1309	5910	0
0	1314	5940	0
0	1314	5940	0
0	1319	5970	0
0	1319	5970	0
0	1327	6000	0
0	1327	6000	0
0	1332	6030	0
0	1332	6030	0
0	1338	6060	0
0	1338	6060	0
0	1345	6090	0
0	1345	6090	0
0	1352	6120	0
0	1352	6120	0
0	1359	6150	0
0	1359	6150	0
0	1366	6180	0
0	1366	6180	0
0	1371	6210	0
0	1371	6210	0
0	1377	6240	0
0	1377	6240	0
0	1383	6270	0
0	1383	6270	0
0	1389	6300	0
0	1389	6300	0
0	1395	6330	0
0	1395	6330	0
0	1403	6360	0
0	1403	6360	0
0	1407	6370	1
0	1409	6390	1
0	1409	6390	0
0	1413	6407.10567546414	1
0	1417	6420	1
0	1417	6420	1
0	1423	6450	1
0	1423	6450	1
0	1427	6458.832287987449	2
0	1428	6460	3
0	1429	6480	3
0	1429	6480	1
0	1438	6510	1
0	1438	6510	0
0	1447	6540	0
0	1447	6540	0
0	1451	6570	0
0	1451	6570	0
0	1459	6600	0
0	1459	6600	0
0	1467	6630	0
0	1467	6630	0
0	1473	6640	1
0	1474	6660	1
0	1474	6660	0
0	1480	6690	0
0	1480	6690	0
0	1486	6720	0
0	1486	6720	0
0	1494	6750	0
0	1494	6750	0
0	1502	6780	0
0	1502	6780	0
0	1509	6810	0
0	1509	6810	0
0	1517	6840	0
0	1517	6840	0
0	1523	6870	0
0	1523	6870	0
0	1528	6900	0
0	1528	6900	0
0	1536	6930	0
0	1536	6930	0
0	1542	6938.713477672833	1
0	1543	6940	2
0	1545	6960	2
0	1545	6960	1
0	1550	6990	1
0	1550	6990	0
0	1558	7020	0
0	1558	7020	0
0	1567	7050	0
0	1567	7050	0
0	1573	7061.093926445493	1
0	1574	7080	1
0	1574	7080	0
0	1582	7110	0
0	1582	7110	0
0	1591	7140	0
0	1591	7140	0
0	1598	7170	0
0	1598	7170	0
0	1605	7200	0
0	1605	7200	0
0	1612	7230	0
0	1612	7230	0
0	1620	7260	0
0	1620	7260	0
0	1629	7290	0
0	1629	7290	0
0	1636	7320	0
0	1636	7320	0
0	1640	7350	0
0	1640	7350	0
0	1650	7374.942010935661	1
0	1651	7380	1
0	1651	7380	1
0	1659	7410	1
0	1659	7410	0
0	1663	7440	0
0	1663	7440	0
0	1670	7470	0
0	1670	7470	0
0	1676	7500	0
0	1676	7500	0
0	1684	7530	0
0	1684	7530	0
0	1688	7558.153832989938	1
0	1689	7560	1
0	1689	7560	0
0	1693	7562.471630440772	1
0	1694	7570	2
0	1696	7590	2
0	1696	7590	1
0	1701	7620	1
0	1701	7620	1
0	1706	7626.080686128083	2
0	1708	7650	2
0	1708	7650	0
0	1713	7680	0
0	1713	7680	0
0	1718	7690	1
0	1720	7710	1
0	1720	7710	0
0	1727	7740	0
0	1727	7740	0
0	1733	7770	0
0	1733	7770	0
0	1740	7800	0
0	1740	7800	0
0	1744	7805.422174462172	1
0	1749	7830	1
0	1749	7830	1
0	1753	7860	1
0	1753	7860	1
0	1759	7890	1
0	1759	7890	0
0	1764	7920	0
0	1764	7920	0
0	1770	7950	0
0	1770	7950	0
0	1775	7961.707742124887	1
0	1776	7980	1
0	1776	7980	1
0	1781	8010	1
0	1781	8010	1
0	1786	8040	1
0	1786	8040	0
0	1790	8050	1
0	1793	8070	1
0	1793	8070	0
0	1798	8100	0
0	1798	8100	0
0	1805	8130	0
0	1805	8130	0
0	1813	8160	0
0	1813	8160	0
0	1819	8190	0
0	1819	8190	0
0	1827	8220	0
0	1827	8220	0
0	1831	8232.830196474094	1
0	1833	8250	1
0	1833	8250	1
0	1841	8280	1
0	1841	8280	0
0	1848	8304.360511078819	1
0	1849	8310	1
0	1849	8310	0
0	1855	8340	0
0	1855	8340	0
0	1863	8370	0
0	1863	8370	0
0	1871	8400	0
0	1871	8400	0
0	1876	8430	0
0	1876	8430	0
0	1881	8452.41650203703	1
0	1883	8460	1
0	1883	8460	1
0	1891	8490	1
0	1891	8490	1
0	1895	8500	2
0	1897	8520	2
0	1897	8520	1
0	1904	8550	1
0	1904	8550	0
0	1913	8580	0
0	1913	8580	0
0	1917	8581.875577914746	1
0	1920	8610	1
0	1920	8610	1
0	1927	8640	1
0	1927	8640	0
0	1933	8656.728404128577	1
0	1936	8670	1
0	1936	8670	0
0	1943	8700	0
0	1943	8700	0
0	1949	8730	0
0	1949	8730	0
0	1955	8760	0
0	1955	8760	0
0	1964	8790	0
0	1964	8790	0
0	1973	8820	0
0	1973	8820	0
0	1977	8850	0
0	1977	8850	0
0	1986	8880	0
0	1986	8880	0
0	1993	8910	0
0	1993	8910	0
0	2001	8940	0
0	2001	8940	0
0	2008	8970	0
0	2008	8970	0
0	2013	8980	1
0	2014	9000	1
0	2014	9000	1
0	2020	9030	1
0	2020	9030	0
0	2027	9060	0
0	2027	9060	0
0	2034	9090	0
0	2034	9090	0
0	2039	9120	0
0	2039	9120	0
0	2045	9130	1
0	2048	9150	1
0	2048	9150	0
0	2056	9180	0
0	2056	9180	0
0	2060	9180.39302657389	1
0	2063	9210	1
0	2063	9210	1
0	2067	9210.912493188549	2
0	2068	9220	3
0	2070	9240	3
0	2070	9240	1
0	2078	9270	1
0	2078	9270	0
0	2084	9280.789373873202	1
0	2085	9300	1
0	2085	9300	1
0	2089	9330	1
0	2089	9330	1
0	2098	9360	1
0	2098	9360	0
0	2103	9370	1
0	2105	9390	1
0	2105	9390	0
0	2111	9420	0
0	2111	9420	0
0	2118	9450	0
0	2118	9450	0
0	2127	9480	0
0	2127	9480	0
0	2132	9510	0
0	2132	9510	0
0	2139	9536.645689307569	1
0	2140	9540	1
0	2140	9540	0
0	2147	9569.642134236305	1
0	2148	9570	1
0	2148	9570	1
0	2152	9600	1
0	2152	9600	0
0	2156	9630	0
0	2156	9630	0
0	2162	9660	0
0	2162	9660	0
0	2167	9690	0
0	2167	9690	0
0	2173	9720	0
0	2173	9720	0
0	2177	9750	0
0	2177	9750	0
0	2184	9780	0
0	2184	9780	0
0	2190	9810	0
0	2190	9810	0
0	2196	9840	0
0	2196	9840	0
0	2203	9870	0
0	2203	9870	0
0	2207	9875.989082980854	1
0	2209	9900	1
0	2209	9900	1
0	2213	9913.755490539671	2
0	2214	9916.914915686262	3
0	2215	9930	3
0	2215	9930	3
0	2220	9960	3
0	2220	9960	0
0	2227	9990	0
0	2227	9990	0
0	2232	10020	0
0	2232	10020	0
0	2238	10050	0
0	2238	10050	0
0	2247	10080	0
0	2247	10080	0
0	2251	10090	1
0	2252	10110	1
0	2252	10110	0
0	2259	10140	0
0	2259	10140	0
0	2264	10170	0
0	2264	10170	0
0	2268	10171.413680922957	1
0	2272	10200	1
0	2272	10200	0
0	2280	10230	0
0	2280	10230	0
0	2287	10260	0
0	2287	10260	0
0	2295	10290	0
0	2295	10290	0
0	2301	10320	0
0	2301	10320	0
0	2307	10350	0
0	2307	10350	0
0	2312	10380	0
0	2312	10380	0
0	2318	10410	0
0	2318	10410	0
0	2323	10440	0
0	2323	10440	0
0	2330	10450	1
0	2333	10470	1
0	2333	10470	0
0	2339	10500	0
0	2339	10500	0
0	2344	10530	0
0	2344	10530	0
0	2348	10548.675471799773	1
0	2351	10560	1
0	2351	10560	0
0	2360	10590	0
0	2360	10590	0
0	2366	10620	0
0	2366	10620	0
0	2373	10650	0
0	2373	10650	0
0	2381	10680	0
0	2381	10680	0
0	2389	10710	0
0	2389	10710	0
0	2393	10720	1
0	2396	10740	1
0	2396	10740	0
0	2402	10770	0
0	2402	10770	0
0	2406	10788.312715310011	1
0	2407	10800	1
0	2407	10800	1
0	2414	10830	1
0	2414	10830	0
0	2422	10860	0
0	2422	10860	0
0	2428	10890	0
0	2428	10890	0
0	2432	10900	1
0	2434	10920	1
0	2434	10920	1
0	2441	10950	1
0	2441	10950	0
0	2448	10980	0
0	2448	10980	0
0	2454	11010	0
0	2454	11010	0
0	2458	11040	0
0	2458	11040	0
0	2466	11070	0
0	2466	11070	0
0	2471	11080	1
0	2474	11100	1
0	2474	11100	0
0	2480	11130	0
0	2480	11130	0
0	2484	11145.486389604315	1
0	2487	11160	1
0	2487	11160	0
0	2494	11190	0
0	2494	11190	0
0	2502	11220	0
0	2502	11220	0
0	2507	11250	0
0	2507	11250	0
0	2515	11280	0
0	2515	11280	0
0	2523	11310	0
0	2523	11310	0
0	2529	11340	0
0	2529	11340	0
0	2536	11370	0
0	2536	11370	0
0	2543	11398.150363754819	1
0	2544	11400	1
0	2544	11400	1
0	2549	11410	2
0	2553	11430	2
0	2553	11430	0
0	2559	11452.098199694383	1
0	2560	11460	1
0	2560	11460	1
0	2565	11490	1
0	2565	11490	0
0	2569	11494.717883315906	1
0	2570	11520	1
0	2570	11520	0
0	2577	11530	1
0	2579	11549.490074229857	2
0	2580	11550	2
0	2580	11550	0
0	2586	11580	0
0	2586	11580	0
0	2591	11610	0
0	2591	11610	0
0	2599	11640	0
0	2599	11640	0
0	2606	11670	0
0	2606	11670	0
0	2612	11700	0
0	2612	11700	0
0	2616	11714.756263515138	1
0	2617	11730	1
0	2617	11730	1
0	2624	11752.813190634254	2
0	2625	11760	2
0	2625	11760	0
0	2630	11790	0
0	2630	11790	0
0	2637	11820	0
0	2637	11820	0
0	2643	11850	0
0	2643	11850	0
0	2650	11880	0
0	2650	11880	0
0	2655	11910	0
0	2655	11910	0
0	2663	11940	0
0	2663	11940	0
0	2669	11970	0
0	2669	11970	0
0	2673	11976.341990630207	1
0	2675	12000	1
0	2675	12000	1
0	2680	12023.440590926268	2
0	2681	12030	2
0	2681	12030	2
0	2687	12047.882558453048	3
0	2688	12060	3
0	2688	12060	2
0	2695	12090	2
0	2695	12090	1
0	2699	12120	1
0	2699	12120	0
0	2704	12150	0
0	2704	12150	0
0	2710	12180	0
0	2710	12180	0
0	2714	12182.078204256969	1
0	2718	12210	1
0	2718	12210	1
0	2723	12240	1
0	2723	12240	0
0	2727	12270	0
0	2727	12270	0
0	2733	12300	0
0	2733	12300	0
0	2739	12330	0
0	2739	12330	0
0	2746	12360	0
0	2746	12360	0
0	2750	12390	0
0	2750	12390	0
0	2757	12420	0
0	2757	12420	0
0	2764	12450	0
0	2764	12450	0
0	2769	12480	0
0	2769	12480	0
0	2773	12510	0
0	2773	12510	0
0	2777	12513.806664747347	1
0	2779	12540	1
0	2779	12540	1
0	2785	12570	1
0	2785	12570	1
0	2790	12600	1
0	2790	12600	0
0	2796	12630	0
0	2796	12630	0
0	2802	12660	0
0	2802	12660	0
0	2807	12690	0
0	2807	12690	0
0	2813	12700	1
0	2816	12720	1
0	2816	12720	1
0	2822	12750	1
0	2822	12750	0
0	2828	12780	0
0	2828	12780	0
0	2836	12810	0
0	2836	12810	0
0	2840	12820	1
0	2842	12840	1
0	2842	12840	1
0	2849	12870	1
0	2849	12870	0
0	2855	12900	0
0	2855	12900	0
0	2863	12930	0
0	2863	12930	0
0	2868	12960	0
0	2868	12960	0
0	2872	12967.923206404887	1
0	2874	12970	2
0	2876	12990	2
0	2876	12990	1
0	2883	13020	1
0	2883	13020	1
0	2889	13050	1
0	2889	13050	0
0	2895	13080	0
0	2895	13080	0
0	2901	13110	0
0	2901	13110	0
0	2905	13113.687458573968	1
0	2906	13140	1
0	2906	13140	1
0	2915	13170	1
0	2915	13170	1
0	2921	13200	1
0	2921	13200	0
0	2925	13230	0
0	2925	13230	0
0	2931	13245.683049298082	1
0	2933	13254.415104838811	2
0	2934	13260	2
0	2934	13260	2
0	2938	13262.911561204699	3
0	2941	13290	3
0	2941	13290	3
0	2948	13320	3
0	2948	13320	0
0	2953	13350	0
0	2953	13350	0
0	2959	13380	0
0	2959	13380	0
0	2967	13410	0
0	2967	13410	0
0	2975	13440	0
0	2975	13440	0
0	2982	13470	0
0	2982	13470	0
0	2990	13500	0
0	2990	13500	0
0	2997	13530	0
0	2997	13530	0
0	3007	13554.214246227581	1
0	3008	13560	1
0	3008	13560	1
0	3015	13590	1
0	3015	13590	0
0	3021	13620	0
0	3021	13620	0
0	3025	13622.784579427608	1
0	3033	13650	1
0	3033	13650	1
0	3038	13680	1
0	3038	13680	0
0	3050	13710	0
0	3050	13710	0
0	3055	13730.659626706664	1
0	3056	13740	1
0	3056	13740	1
0	3060	13770	1
0	3060	13770	0
0	3066	13780	1
0	3069	13800	1
0	3069	13800	1
0	3074	13810	2
0	3077	13830	2
0	3077	13830	0
0	3083	13860	0
0	3083	13860	0
0	3089	13890	0
0	3089	13890	0
0	3094	13895.78971251034	1
0	3098	13920	1
0	3098	13920	1
0	3105	13930	2
0	3109	13950	2
0	3109	13950	1
0	3114	13980	1
0	3114	13980	0
0	3120	14010	0
0	3120	14010	0
0	3127	14040	0
0	3127	14040	0
0	3133	14070	0
0	3133	14070	0
0	3139	14100	0
0	3139	14100	0
0	3145	14130	0
0	3145	14130	0
0	3151	14160	0
0	3151	14160	0
0	3156	14190	0
0	3156	14190	0
0	3162	14220	0
0	3162	14220	0
0	3168	14250	0
0	3168	14250	0
0	3174	14280	0
0	3174	14280	0
0	3180	14310	0
0	3180	14310	0
0	3186	14340	0
0	3186	14340	0
0	3192	14370	0
0	3192	14370	0
0	3196	14400	0
0	3196	14400	0
0	3200	14402.045353666084	1
0	3203	14430	1
0	3203	14430	1
0	3211	14460	1
0	3211	14460	1
0	3216	14490	1
0	3216	14490	0
0	3223	14520	0
0	3223	14520	0
0	3227	14537.280834441515	1
0	3229	14550	1
0	3229	14550	1
0	3235	14580	1
0	3235	14580	1
0	3243	14610	1
0	3243	14610	0
0	3248	14640	0
0	3248	14640	0
0	3253	14670	0
0	3253	14670	0
0	3259	14682.380075454035	1
0	3261	14700	1
0	3261	14700	0
0	3266	14730	0
0	3266	14730	0
0	3270	14733.952685168779	1
0	3274	14760	1
0	3274	14760	0
0	3280	14790	0
0	3280	14790	0
0	3287	14820	0
0	3287	14820	0
0	3291	14839.813111409547	1
0	3293	14850	1
0	3293	14850	1
0	3298	14860	2
0	3301	14880	2
0	3301	14880	1
0	3310	14910	1
0	3310	14910	0
0	3315	14940	0
0	3315	14940	0
0	3322	14970	0
0	3322	14970	0
0	3327	14981.22278713173	1
0	3330	15000	1
0	3330	15000	0
0	3339	15030	0
0	3339	15030	0
0	3346	15060	0
0	3346	15060	0
0	3351	15090	0
0	3351	15090	0
0	3355	15093.546956100716	1
0	3359	15120	1
0	3359	15120	0
0	3365	15150	0
0	3365	15150	0
0	3371	15180	0
0	3371	15180	0
0	3378	15210	0
0	3378	15210	0
0	3384	15240	0
0	3384	15240	0
0	3392	15270	0
0	3392	15270	0
0	3396	15278.127624283719	1
0	3399	15300	1
0	3399	15300	1
0	3406	15330	1
0	3406	15330	0
0	3411	15360	0
0	3411	15360	0
0	3415	15367.234841518766	1
0	3417	15386.345817123702	2
0	3418	15390	2
0	3418	15390	1
0	3428	15420	1
0	3428	15420	1
0	3435	15450	1
0	3435	15450	0
0	3440	15480	0
0	3440	15480	0
0	3446	15510	0
0	3446	15510	0
0	3452	15540	0
0	3452	15540	0
0	3458	15570	0
0	3458	15570	0
0	3462	15580	1
0	3463	15600	1
0	3463	15600	1
0	3473	15630	1
0	3473	15630	0
0	3478	15660	0
0	3478	15660	0
0	3484	15690	0
0	3484	15690	0
0	3490	15720	0
0	3490	15720	0
0	3499	15750	0
0	3499	15750	0
0	3507	15780	0
0	3507	15780	0
0	3513	15810	0
0	3513	15810	0
0	3518	15840	0
0	3518	15840	0
0	3527	15870	0
0	3527	15870	0
0	3534	15900	0
0	3534	15900	0
0	3539	15910.761447769666	1
0	3540	15930	1
0	3540	15930	0
0	3546	15960	0
0	3546	15960	0
0	3551	15990	0
0	3551	15990	0
0	3555	16000	1
0	3556	16001.545600409285	2
0	3557	16020	2
0	3557	16020	0
0	3564	16050	0
0	3564	16050	0
0	3569	16080	0
0	3569	16080	0
0	3574	16110	0
0	3574	16110	0
0	3581	16140	0
0	3581	16140	0
0	3586	16170	0
0	3586	16170	0
0	3591	16200	0
0	3591	16200	0
0	3597	16230	0
0	3597	16230	0
0	3602	16260	0
0	3602	16260	0
0	3606	16290	0
0	3606	16290	0
0	3611	16320	0
0	3611	16320	0
0	3618	16350	0
0	3618	16350	0
0	3622	16380	0
0	3622	16380	0
0	3627	16410	0
0	3627	16410	0
0	3631	16440	0
0	3631	16440	0
0	3639	16470	0
0	3639	16470	0
0	3644	16500	0
0	3644	16500	0
0	3649	16530	0
0	3649	16530	0
0	3654	16560	0
0	3654	16560	0
0	3661	16590	0
0	3661	16590	0
0	3665	16600	1
0	3666	16620	1
0	3666	16620	0
0	3670	16650	0
0	3670	16650	0
0	3676	16680	0
0	3676	16680	0
0	3681	16690	1
0	3683	16710	1
0	3683	16710	0
0	3689	16740	0
0	3689	16740	0
0	3696	16770	0
0	3696	16770	0
0	3701	16800	0
0	3701	16800	0
0	3708	16828.508838577199	1
0	3709	16830	1
0	3709	16830	1
0	3715	16856.810200696082	2
0	3717	16860	2
0	3717	16860	1
0	3723	16890	1
0	3723	16890	0
0	3728	16909.009682073749	1
0	3730	16920	1
0	3730	16920	0
0	3735	16950	0
0	3735	16950	0
0	3743	16978.855694103363	1
0	3744	16980	1
0	3744	16980	0
0	3752	17010	0
0	3752	17010	0
0	3759	17040	0
0	3759	17040	0
0	3764	17070	0
0	3764	17070	0
0	3774	17100	0
0	3774	17100	0
0	3779	17130	0
0	3779	17130	0
0	3788	17160	0
0	3788	17160	0
0	3792	17186.536028069404	1
0	3793	17190	1
0	3793	17190	1
0	3798	17200	2
0	3800	17220	2
0	3800	17220	1
0	3806	17238.12990433063	2
0	3809	17250	2
0	3809	17250	1
0	3814	17280	1
0	3814	17280	0
0	3819	17310	0
0	3819	17310	0
0	3827	17328.606857035224	1
0	3831	17340	1
0	3831	17340	1
0	3840	17370	1
0	3840	17370	1
0	3848	17400	1
0	3848	17400	0
0	3855	17430	0
0	3855	17430	0
0	3867	17450.372266672918	1
0	3869	17460	1
0	3869	17460	1
0	3874	17490	1
0	3874	17490	1
0	3883	17520	1
0	3883	17520	0
0	3890	17530.989662423499	1
0	3891	17534.580426596434	2
0	3897	17550	2
0	3897	17550	1
0	3903	17580	1
0	3903	17580	1
0	3912	17610	1
0	3912	17610	0
0	3921	17640	0
0	3921	17640	0
0	3927	17650	1
0	3929	17670	1
0	3929	17670	0
0	3936	17700	0
0	3936	17700	0
0	3946	17721.889418323749	1
0	3947	17730	1
0	3947	17730	0
0	3952	17760	0
0	3952	17760	0
0	3958	17790	0
0	3958	17790	0
0	3965	17820	0
0	3965	17820	0
0	3970	17850	0
0	3970	17850	0
0	3974	17860	1
0	3976	17880	1
0	3976	17880	1
0	3982	17910	1
0	3982	17910	0
0	3987	17920	1
0	3988	17940	1
0	3988	17940	0
0	3994	17970	0
0	3994	17970	0
0	3999	18000	0
0	3999	18000	0
0	4006	18030	0
0	4006	18030	0
0	4015	18060	0
0	4015	18060	0
0	4021	18090	0
0	4021	18090	0
0	4025	18116.410424750767	1
0	4026	18120	1
0	4026	18120	0
0	4035	18150	0
0	4035	18150	0
0	4041	18180	0
0	4041	18180	0
0	4048	18210	0
0	4048	18210	0
0	4057	18240	0
0	4057	18240	0
0	4064	18270	0
0	4064	18270	0
0	4070	18300	0
0	4070	18300	0
0	4074	18303.216697094599	1
0	4081	18330	1
0	4081	18330	1
0	4093	18360	1
0	4093	18360	0
0	4098	18390	0
0	4098	18390	0
0	4104	18405.629062338231	1
0	4105	18420	1
0	4105	18420	1
0	4118	18450	1
0	4118	18450	0
0	4123	18451.941846538899	1
0	4128	18480	1
0	4128	18480	0
0	4132	18490	1
0	4135	18510	1
0	4135	18510	0
0	4143	18540	0
0	4143	18540	0
0	4156	18570	0
0	4156	18570	0
0	4163	18600	0
0	4163	18600	0
0	4167	18601.492563516289	1
0	4169	18610	2
0	4170	18630	2
0	4170	18630	1
0	4179	18660	1
0	4179	18660	1
0	4185	18690	1
0	4185	18690	0
0	4191	18720	0
0	4191	18720	0
0	4200	18750	0
0	4200	18750	0
0	4207	18780	0
0	4207	18780	0
0	4213	18810	0
0	4213	18810	0
0	4221	18840	0
0	4221	18840	0
0	4228	18858.768669512126	1
0	4232	18870	1
0	4232	18870	0
0	4236	18871.333078302807	1
0	4239	18880	2
0	4241	18900	2
0	4241	18900	1
0	4248	18930	1
0	4248	18930	1
0	4255	18960	1
0	4255	18960	0
0	4264	18990	0
0	4264	18990	0
0	4271	19020	0
0	4271	19020	0
0	4278	19050	0
0	4278	19050	0
0	4284	19080	0
0	4284	19080	0
0	4290	19090	1
0	4291	19090	2
0	4292	19110	2
0	4292	19110	0
0	4300	19120	1
0	4301	19123.989820715572	2
0	4302	19140	2
0	4302	19140	0
0	4312	19170	0
0	4312	19170	0
0	4318	19200	0
0	4318	19200	0
0	4326	19230	0
0	4326	19230	0
0	4336	19248.5494691902	1
0	4340	19260	1
0	4340	19260	1
0	4345	19290	1
0	4345	19290	1
0	4351	19320	1
0	4351	19320	0
0	4358	19350	0
0	4358	19350	0
0	4365	19380	0
0	4365	19380	0
0	4371	19410	0
0	4371	19410	0
0	4377	19440	0
0	4377	19440	0
0	4384	19470	0
0	4384	19470	0
0	4391	19500	0
0	4391	19500	0
0	4396	19530	0
0	4396	19530	0
0	4404	19560	0
0	4404	19560	0
0	4409	19590	0
0	4409	19590	0
0	4414	19601.938994872195	1
0	4415	19620	1
0	4415	19620	1
0	4420	19650	1
0	4420	19650	0
0	4425	19680	0
0	4425	19680	0
0	4430	19710	0
0	4430	19710	0
0	4435	19740	0
0	4435	19740	0
0	4444	19770	0
0	4444	19770	0
0	4449	19800	0
0	4449	19800	0
0	4455	19830	0
0	4455	19830	0
0	4459	19846.136233449361	1
0	4461	19860	1
0	4461	19860	1
0	4470	19890	1
0	4470	19890	1
0	4474	19904.092794162585	2
0	4476	19920	2
0	4476	19920	0
0	4482	19950	0
0	4482	19950	0
0	4486	19964.628088940615	1
0	4489	19980	1
0	4489	19980	1
1	242	1080	65.835504615167
1	316	1440	28.946613734489
1	316	1440	18.924131738492
1	343	1551.271701233389	0
1	356	1620	20
1	371	1680	59.479048984605
1	376	1710	50
1	381	1720	0
1	434	2010	65.87985818871
1	442	2069.50768321203	0
1	475	2250	67.706318723426
1	503	2370	74.729018654575
1	540	2520	87.756254744024
1	540	2520	66.641958345916
1	561	2610	53.348918634523
1	576	2670	11.877414943544
1	580	2676.141283995914	0
1	591	2730	4.543242259777
1	608	2790	20
1	638	2910	5.369698950911
1	646	2940	20
1	650	2959.938327404909	0
1	686	3120	1.225828471049
1	690	3150	36.788619478659
1	713	3259.761931620851	0
1	727	3330	40.78544544532
1	740	3390	12.891590957789
1	760	3480	5.128224079972
1	780	3570	75.948080845761
1	789	3600	69.722604752686
1	794	3630	5.429382709374
1	852	3870	50
1	852	3870	50
1	852	3870	50
1	876	3960	19.200074735273
1	885	3990	20
1	915	4110	20
1	926	4147.14464528092	0
1	971	4350	18.068069739681
1	975	4360	0
1	985	4390	0
1	986	4410	48.465191248532
1	1001	4470	3.486298020975
1	1039	4620	20
1	1044	4650	63.809902472107
1	1071	4770	52.156752572224
1	1078	4800	38.558473483131
1	1142	5160	51.046529027881
1	1148	5183.127662680592	0
1	1197	5430	50
1	1212	5490	0.693143569347
1	1245	5640	14.221033046134
1	1275	5760	10.708966176391
1	1275	5760	9.475077101759
1	1282	5790	50
1	1309	5910	20
1	1326	5996.293208805118	0
1	1343	6070	0
1	1356	6136.265733839129	0
1	1409	6390	20
1	1429	6480	72.89432453586
1	1429	6480	21.167712012551
1	1437	6508.879683786304	0
1	1438	6510	50
1	1472	6640	0
1	1474	6660	20
1	1491	6732.485283744499	0
1	1499	6760	0
1	1545	6960	21.286522327167
1	1550	6990	50
1	1564	7030	0
1	1574	7080	18.906073554507
1	1625	7270	0
1	1656	7390	0
1	1659	7410	35.057989064339
1	1689	7560	1.846167010062
1	1696	7590	20
1	1708	7650	87.528369559228
1	1708	7650	23.919313871917
1	1720	7710	20
1	1724	7720	0
1	1759	7890	84.577825537828
1	1786	8040	78.292257875113
1	1792	8052.711548550182	0
1	1793	8070	20
1	1810	8135.723566845096	0
1	1824	8200	0
1	1841	8280	47.169803525906
1	1849	8310	5.639488921181
1	1888	8470	0
1	1897	8520	67.58349796297
1	1904	8550	50
1	1918	8590	0
1	1927	8640	58.124422085254
1	1936	8670	13.271595871423
1	1940	8680	0
1	1969	8800	0
1	2020	9030	50
1	2048	9150	20
1	2070	9240	59.60697342611
1	2070	9240	29.087506811451
1	2078	9270	50
1	2083	9280	0
1	2098	9360	79.210626126798
1	2105	9390	20
1	2115	9430	0
1	2122	9456.757767536204	0
1	2140	9540	3.354310692431
1	2152	9600	30.357865763695
1	2220	9960	84.010917019146
1	2220	9960	46.244509460329
1	2220	9960	43.085084313738
1	2252	10110	20
1	2257	10120	0
1	2272	10200	28.586319077043
1	2306	10349.726026889491	0
1	2311	10360	0
1	2333	10470	20
1	2351	10560	11.324528200227
1	2396	10740	20
1	2414	10830	41.687284689989
1	2427	10870	0
1	2441	10950	50
1	2474	11100	20
1	2487	11160	14.513610395685
1	2500	11200	0
1	2553	11430	31.849636245181
1	2553	11430	20
1	2565	11490	37.901800305617
1	2570	11520	25.282116684094
1	2580	11550	20
1	2580	11550	0.509925770143
1	2625	11760	45.243736484862
1	2625	11760	7.186809365746
1	2686	12033.862946009532	0
1	2688	12060	83.658009369793
1	2695	12090	66.559409073732
1	2699	12120	72.117441546952
1	2723	12240	57.921795743031
1	2790	12600	86.193335252653
1	2815	12706.403263623489	0
1	2822	12750	50
1	2849	12870	50
1	2876	12990	20
1	2889	13050	82.076793595113
1	2921	13200	86.312541426032
1	2945	13295.095975941877	0
1	2948	13320	74.316950701918
1	2948	13320	65.584895161189
1	2948	13320	57.088438795301
1	3015	13590	35.785753772419
1	3019	13600	0
1	3020	13600	0
1	3038	13680	57.215420572392
1	3060	13770	39.340373293336
1	3077	13830	50
1	3077	13830	20
1	3081	13840	0
1	3109	13950	20
1	3114	13980	84.21028748966
1	3173	14267.612913712311	0
1	3202	14403.534267058409	0
1	3216	14490	87.954646333916
1	3243	14610	72.719165558485
1	3261	14700	17.619924545965
1	3274	14760	26.047314831221
1	3301	14880	40.186888590453
1	3310	14910	50
1	3330	15000	18.77721286827
1	3343	15040	0
1	3359	15120	26.453043899284
1	3406	15330	51.872375716281
1	3418	15390	3.654182876298
1	3435	15450	82.765158481234
1	3473	15630	50
1	3505	15760	0
1	3525	15859.015134250749	0
1	3540	15930	19.238552230334
1	3557	16020	20
1	3557	16020	18.454399590715
1	3666	16620	20
1	3683	16710	20
1	3717	16860	3.189799303918
1	3721	16867.309526924815	0
1	3723	16890	61.491161422801
1	3730	16920	10.990317926251
1	3734	16936.440344390762	0
1	3744	16980	1.144305896637
1	3787	17145.119774796508	0
1	3800	17220	20
1	3809	17250	63.463971930596
1	3814	17280	41.87009566937
1	3825	17320	0
1	3848	17400	71.393142964776
1	3862	17440	0
1	3883	17520	69.627733327082
1	3897	17550	19.010337576501
1	3908	17599.072856078651	0
1	3912	17610	75.419573403566
1	3929	17670	20
1	3947	17730	8.110581676251
1	3982	17910	50
1	3988	17940	20
1	4012	18040	0
1	4026	18120	3.589575249233
1	4093	18360	56.783302905401
1	4118	18450	44.370937661769
1	4128	18480	28.058153461101
1	4135	18510	20
1	4170	18630	20
1	4174	18630.935705348985	0
1	4185	18690	88.507436483711
1	4232	18870	11.231330487874
1	4238	18880	0
1	4241	18900	20
1	4255	18960	88.666921697193
1	4292	19110	20
1	4292	19110	20
1	4297	19120	0
1	4302	19140	20
1	4302	19140	16.010179284428
1	4324	19216.352110868072	0
1	4333	19240	0
1	4351	19320	71.4505308098
1	4357	19346.586619740684	0
1	4362	19356.518302127922	0
1	4408	19582.614733094175	0
1	4420	19650	48.061005127805
1	4442	19750	0
1	4476	19920	73.863766550639
1	4476	19920	15.907205837415
2	242	1080	12436
2	316	1440	12442
2	316	1440	12443
2	343	1551.271701233389	12446
2	356	1620	12445
2	371	1680	12448
2	376	1710	12447
2	381	1720	12444
2	434	2010	12452
2	442	2069.50768321203	12453
2	475	2250	12455
2	503	2370	12457
2	540	2520	12460
2	540	2520	12461
2	561	2610	12463
2	576	2670	12464
2	580	2676.141283995914	12465
2	591	2730	12470
2	608	2790	12466
2	638	2910	12472
2	646	2940	12471
2	650	2959.938327404909	12474
2	686	3120	12479
2	690	3150	12475
2	713	3259.761931620851	12480
2	727	3330	12482
2	740	3390	12481
2	760	3480	12483
2	780	3570	12485
2	789	3600	12487
2	794	3630	12486
2	852	3870	12489
2	852	3870	12491
2	852	3870	12492
2	876	3960	12497
2	885	3990	12495
2	915	4110	12498
2	926	4147.14464528092	12500
2	971	4350	12503
2	975	4360	12501
2	985	4390	12505
2	986	4410	12506
2	1001	4470	12508
2	1039	4620	12509
2	1044	4650	12513
2	1071	4770	12516
2	1078	4800	12517
2	1142	5160	12520
2	1148	5183.127662680592	12521
2	1197	5430	12523
2	1212	5490	12527
2	1245	5640	12532
2	1275	5760	12534
2	1275	5760	12535
2	1282	5790	12530
2	1309	5910	12536
2	1326	5996.293208805118	12539
2	1343	6070	12538
2	1356	6136.265733839129	12540
2	1409	6390	12543
2	1429	6480	12547
2	1429	6480	12548
2	1437	6508.879683786304	12550
2	1438	6510	12545
2	1472	6640	12546
2	1474	6660	12552
2	1491	6732.485283744499	12555
2	1499	6760	12549
2	1545	6960	12561
2	1550	6990	12556
2	1564	7030	12559
2	1574	7080	12564
2	1625	7270	12565
2	1656	7390	12572
2	1659	7410	12574
2	1689	7560	12577
2	1696	7590	12575
2	1708	7650	12578
2	1708	7650	12580
2	1720	7710	12579
2	1724	7720	12576
2	1759	7890	12582
2	1786	8040	12585
2	1792	8052.711548550182	12586
2	1793	8070	12583
2	1810	8135.723566845096	12587
2	1824	8200	12584
2	1841	8280	12591
2	1849	8310	12589
2	1888	8470	12592
2	1897	8520	12596
2	1904	8550	12594
2	1918	8590	12595
2	1927	8640	12599
2	1936	8670	12598
2	1940	8680	12593
2	1969	8800	12597
2	2020	9030	12605
2	2048	9150	12610
2	2070	9240	12613
2	2070	9240	12614
2	2078	9270	12612
2	2083	9280	12611
2	2098	9360	12619
2	2105	9390	12616
2	2115	9430	12617
2	2122	9456.757767536204	12621
2	2140	9540	12620
2	2152	9600	12623
2	2220	9960	12627
2	2220	9960	12628
2	2220	9960	12629
2	2252	10110	12630
2	2257	10120	12625
2	2272	10200	12634
2	2306	10349.726026889491	12636
2	2311	10360	12631
2	2333	10470	12635
2	2351	10560	12638
2	2396	10740	12641
2	2414	10830	12643
2	2427	10870	12644
2	2441	10950	12645
2	2474	11100	12648
2	2487	11160	12653
2	2500	11200	12650
2	2553	11430	12657
2	2553	11430	12658
2	2565	11490	12662
2	2570	11520	12663
2	2580	11550	12660
2	2580	11550	12661
2	2625	11760	12665
2	2625	11760	12666
2	2686	12033.862946009532	12671
2	2688	12060	12669
2	2695	12090	12672
2	2699	12120	12673
2	2723	12240	12675
2	2790	12600	12678
2	2815	12706.403263623489	12682
2	2822	12750	12679
2	2849	12870	12681
2	2876	12990	12685
2	2889	13050	12688
2	2921	13200	12691
2	2945	13295.095975941877	12695
2	2948	13320	12692
2	2948	13320	12693
2	2948	13320	12694
2	3015	13590	12699
2	3019	13600	12696
2	3020	13600	12698
2	3038	13680	12703
2	3060	13770	12707
2	3077	13830	12704
2	3077	13830	12706
2	3081	13840	12700
2	3109	13950	12709
2	3114	13980	12710
2	3173	14267.612913712311	12715
2	3202	14403.534267058409	12720
2	3216	14490	12719
2	3243	14610	12722
2	3261	14700	12723
2	3274	14760	12724
2	3301	14880	12728
2	3310	14910	12725
2	3330	15000	12731
2	3343	15040	12727
2	3359	15120	12735
2	3406	15330	12737
2	3418	15390	12738
2	3435	15450	12741
2	3473	15630	12742
2	3505	15760	12745
2	3525	15859.015134250749	12753
2	3540	15930	12755
2	3557	16020	12752
2	3557	16020	12754
2	3666	16620	12760
2	3683	16710	12761
2	3717	16860	12763
2	3721	16867.309526924815	12764
2	3723	16890	12766
2	3730	16920	12769
2	3734	16936.440344390762	12770
2	3744	16980	12768
2	3787	17145.119774796508	12774
2	3800	17220	12772
2	3809	17250	12775
2	3814	17280	12777
2	3825	17320	12771
2	3848	17400	12778
2	3862	17440	12776
2	3883	17520	12785
2	3897	17550	12783
2	3908	17599.072856078651	12787
2	3912	17610	12789
2	3929	17670	12791
2	3947	17730	12796
2	3982	17910	12795
2	3988	17940	12797
2	4012	18040	12794
2	4026	18120	12800
2	4093	18360	12807
2	4118	18450	12813
2	4128	18480	12817
2	4135	18510	12810
2	4170	18630	12816
2	4174	18630.935705348985	12818
2	4185	18690	12821
2	4232	18870	12824
2	4238	18880	12820
2	4241	18900	12823
2	4255	18960	12826
2	4292	19110	12828
2	4292	19110	12829
2	4297	19120	12825
2	4302	19140	12833
2	4302	19140	12834
2	4324	19216.352110868072	12838
2	4333	19240	12832
2	4351	19320	12839
2	4357	19346.586619740684	12842
2	4362	19356.518302127922	12841
2	4408	19582.614733094175	12845
2	4420	19650	12846
2	4442	19750	12847
2	4476	19920	12849
2	4476	19920	12851
3	230	1020	0
3	230	1020	0
3	236	1050	0
3	236	1050	0
3	243	1080	0
3	243	1080	0
3	246	1088.68758944907	1
3	248	1110	1
3	248	1110	1
3	253	1140	1
3	253	1140	1
3	256	1140.768520412502	2
3	260	1170	2
3	260	1170	1
3	266	1200	1
3	266	1200	1
3	271	1230	1
3	271	1230	0
3	275	1260	0
3	275	1260	0
3	281	1287.302387285144	1
3	283	1290	1
3	283	1290	1
3	288	1317.66439912549	2
3	290	1320	2
3	290	1320	0
3	296	1350	0
3	296	1350	0
3	302	1380	0
3	302	1380	0
3	308	1410	0
3	308	1410	0
3	317	1440	0
3	317	1440	0
3	324	1470	0
3	324	1470	0
3	330	1500	0
3	330	1500	0
3	335	1530	0
3	335	1530	0
3	344	1554.741051272882	1
3	346	1560	1
3	346	1560	0
3	349	1570	1
3	352	1590	1
3	352	1590	1
3	357	1620	1
3	357	1620	0
3	361	1631.982660809238	1
3	364	1650	1
3	364	1650	1
3	372	1680	1
3	372	1680	0
3	377	1710	0
3	377	1710	0
3	383	1740	0
3	383	1740	0
3	389	1770	0
3	389	1770	0
3	395	1800	0
3	395	1800	0
3	401	1830	0
3	401	1830	0
3	407	1860	0
3	407	1860	0
3	413	1890	0
3	413	1890	0
3	419	1920	0
3	419	1920	0
3	424	1950	0
3	424	1950	0
3	429	1980	0
3	429	1980	0
3	435	2010	0
3	435	2010	0
3	439	2040	0
3	439	2040	0
3	444	2070	0
3	444	2070	0
3	450	2100	0
3	450	2100	0
3	455	2130	0
3	455	2130	0
3	459	2160	0
3	459	2160	0
3	462	2169.50768321203	1
3	463	2174.517811703544	2
3	466	2190	2
3	466	2190	1
3	472	2220	1
3	472	2220	1
3	476	2250	1
3	476	2250	0
3	482	2280	0
3	482	2280	0
3	489	2310	0
3	489	2310	0
3	495	2340	0
3	495	2340	0
3	498	2350	1
3	504	2370	1
3	504	2370	0
3	510	2400	0
3	510	2400	0
3	515	2430	0
3	515	2430	0
3	523	2460	0
3	523	2460	0
3	527	2470	1
3	533	2490	1
3	533	2490	0
3	541	2520	0
3	541	2520	0
3	545	2550	0
3	545	2550	0
3	552	2580	0
3	552	2580	0
3	558	2590.307565645328	1
3	559	2591.747566206447	2
3	562	2610	2
3	562	2610	2
3	570	2640	2
3	570	2640	1
3	577	2670	1
3	577	2670	0
3	582	2700	0
3	582	2700	0
3	592	2730	0
3	592	2730	0
3	600	2760	0
3	600	2760	0
3	609	2790	0
3	609	2790	0
3	618	2820	0
3	618	2820	0
3	623	2850	0
3	623	2850	0
3	632	2880	0
3	632	2880	0
3	639	2910	0
3	639	2910	0
3	643	2920	1
3	647	2940	1
3	647	2940	0
3	653	2970	0
3	653	2970	0
3	659	3000	0
3	659	3000	0
3	666	3030	0
3	666	3030	0
3	674	3060	0
3	674	3060	0
3	679	3090	0
3	679	3090	0
3	687	3120	0
3	687	3120	0
3	691	3150	0
3	691	3150	0
3	695	3160	1
3	698	3180	1
3	698	3180	0
3	704	3210	0
3	704	3210	0
3	709	3240	0
3	709	3240	0
3	715	3270	0
3	715	3270	0
3	720	3280	1
3	724	3300	1
3	724	3300	0
3	728	3330	0
3	728	3330	0
3	734	3360	0
3	734	3360	0
3	741	3390	0
3	741	3390	0
3	747	3420	0
3	747	3420	0
3	755	3450	0
3	755	3450	0
3	761	3480	0
3	761	3480	0
3	769	3510	0
3	769	3510	0
3	776	3540	0
3	776	3540	0
3	781	3570	0
3	781	3570	0
3	790	3600	0
3	790	3600	0
3	795	3630	0
3	795	3630	0
3	798	3638.277776341344	1
3	803	3660	1
3	803	3660	1
3	806	3670	2
3	807	3689.154163260639	3
3	809	3690	3
3	809	3690	2
3	812	3694.284789895802	3
3	817	3720	3
3	817	3720	0
3	823	3750	0
3	823	3750	0
3	826	3757.09832833092	1
3	830	3780	1
3	830	3780	1
3	834	3802.402934476307	2
3	836	3805.276423347787	3
3	838	3810	3
3	838	3810	3
3	847	3840	3
3	847	3840	1
3	853	3870	1
3	853	3870	0
3	858	3900	0
3	858	3900	0
3	866	3930	0
3	866	3930	0
3	874	3950.813473340459	1
3	877	3960	1
3	877	3960	1
3	886	3990	1
3	886	3990	0
3	889	4004.151035113286	1
3	893	4020	1
3	893	4020	0
3	899	4050	0
3	899	4050	0
3	902	4057.429318344238	1
3	910	4080	1
3	910	4080	0
3	916	4110	0
3	916	4110	0
3	923	4140	0
3	923	4140	0
3	929	4170	0
3	929	4170	0
3	937	4200	0
3	937	4200	0
3	941	4210	1
3	943	4230	1
3	943	4230	1
3	950	4260	1
3	950	4260	0
3	960	4290	0
3	960	4290	0
3	965	4320	0
3	965	4320	0
3	972	4350	0
3	972	4350	0
3	982	4380	0
3	982	4380	0
3	987	4410	0
3	987	4410	0
3	994	4440	0
3	994	4440	0
3	1002	4470	0
3	1002	4470	0
3	1005	4480	1
3	1010	4500	1
3	1010	4500	0
3	1013	4510	1
3	1016	4530	1
3	1016	4530	0
3	1022	4560	0
3	1022	4560	0
3	1025	4561.59237677044	1
3	1030	4590	1
3	1030	4590	0
3	1040	4620	0
3	1040	4620	0
3	1045	4650	0
3	1045	4650	0
3	1051	4680	0
3	1051	4680	0
3	1058	4710	0
3	1058	4710	0
3	1065	4740	0
3	1065	4740	0
3	1072	4770	0
3	1072	4770	0
3	1079	4800	0
3	1079	4800	0
3	1083	4830	0
3	1083	4830	0
3	1088	4860	0
3	1088	4860	0
3	1094	4890	0
3	1094	4890	0
3	1100	4920	0
3	1100	4920	0
3	1105	4950	0
3	1105	4950	0
3	1110	4980	0
3	1110	4980	0
3	1116	5010	0
3	1116	5010	0
3	1122	5040	0
3	1122	5040	0
3	1127	5070	0
3	1127	5070	0
3	1133	5100	0
3	1133	5100	0
3	1139	5130	0
3	1139	5130	0
3	1143	5160	0
3	1143	5160	0
3	1150	5190	0
3	1150	5190	0
3	1156	5220	0
3	1156	5220	0
3	1161	5250	0
3	1161	5250	0
3	1166	5275.958137206572	1
3	1168	5280	1
3	1168	5280	0
3	1171	5283.127662680592	1
3	1174	5310	1
3	1174	5310	1
3	1178	5340	1
3	1178	5340	1
3	1181	5341.508313710508	2
3	1186	5370	2
3	1186	5370	1
3	1192	5400	1
3	1192	5400	0
3	1198	5430	0
3	1198	5430	0
3	1203	5460	0
3	1203	5460	0
3	1207	5465.042648221819	1
3	1213	5490	1
3	1213	5490	1
3	1218	5520	1
3	1218	5520	1
3	1225	5550	1
3	1225	5550	0
3	1230	5568.981150146555	1
3	1233	5580	1
3	1233	5580	1
3	1238	5610	1
3	1238	5610	1
3	1246	5640	1
3	1246	5640	0
3	1253	5670	0
3	1253	5670	0
3	1256	5680	1
3	1261	5700	1
3	1261	5700	0
3	1266	5730	0
3	1266	5730	0
3	1276	5760	0
3	1276	5760	0
3	1281	5780.64689860515	1
3	1283	5790	1
3	1283	5790	0
3	1289	5820	0
3	1289	5820	0
3	1295	5850	0
3	1295	5850	0
3	1302	5880	0
3	1302	5880	0
3	1310	5910	0
3	1310	5910	0
3	1315	5940	0
3	1315	5940	0
3	1320	5970	0
3	1320	5970	0
3	1328	6000	0
3	1328	6000	0
3	1333	6030	0
3	1333	6030	0
3	1339	6060	0
3	1339	6060	0
3	1346	6090	0
3	1346	6090	0
3	1353	6120	0
3	1353	6120	0
3	1360	6150	0
3	1360	6150	0
3	1367	6180	0
3	1367	6180	0
3	1372	6210	0
3	1372	6210	0
3	1376	6237.916191687319	1
3	1378	6240	1
3	1378	6240	1
3	1384	6270	1
3	1384	6270	0
3	1390	6300	0
3	1390	6300	0
3	1396	6330	0
3	1396	6330	0
3	1400	6345.654204917316	1
3	1404	6360	1
3	1404	6360	0
3	1410	6390	0
3	1410	6390	0
3	1418	6420	0
3	1418	6420	0
3	1424	6450	0
3	1424	6450	0
3	1430	6480	0
3	1430	6480	0
3	1439	6510	0
3	1439	6510	0
3	1443	6520	1
3	1448	6540	1
3	1448	6540	0
3	1452	6570	0
3	1452	6570	0
3	1457	6586.098717962117	1
3	1460	6600	1
3	1460	6600	1
3	1463	6608.879683786304	2
3	1465	6610	3
3	1468	6630	3
3	1468	6630	2
3	1475	6660	2
3	1475	6660	1
3	1481	6690	1
3	1481	6690	0
3	1487	6720	0
3	1487	6720	0
3	1495	6750	0
3	1495	6750	0
3	1501	6768.436193717204	1
3	1503	6780	1
3	1503	6780	1
3	1510	6810	1
3	1510	6810	1
3	1518	6840	1
3	1518	6840	0
3	1524	6870	0
3	1524	6870	0
3	1529	6900	0
3	1529	6900	0
3	1537	6930	0
3	1537	6930	0
3	1546	6960	0
3	1546	6960	0
3	1551	6990	0
3	1551	6990	0
3	1559	7020	0
3	1559	7020	0
3	1566	7037.651568967717	1
3	1568	7050	1
3	1568	7050	1
3	1575	7080	1
3	1575	7080	1
3	1583	7110	1
3	1583	7110	0
3	1592	7140	0
3	1592	7140	0
3	1599	7170	0
3	1599	7170	0
3	1606	7200	0
3	1606	7200	0
3	1613	7230	0
3	1613	7230	0
3	1619	7257.189984311277	1
3	1621	7260	1
3	1621	7260	0
3	1630	7290	0
3	1630	7290	0
3	1637	7320	0
3	1637	7320	0
3	1641	7350	0
3	1641	7350	0
3	1652	7380	0
3	1652	7380	0
3	1657	7392.512693603049	1
3	1660	7410	1
3	1660	7410	1
3	1664	7440	1
3	1664	7440	1
3	1671	7470	1
3	1671	7470	0
3	1677	7500	0
3	1677	7500	0
3	1685	7530	0
3	1685	7530	0
3	1690	7560	0
3	1690	7560	0
3	1695	7576.551793320237	1
3	1697	7590	1
3	1697	7590	0
3	1700	7609.41176853971	1
3	1702	7620	1
3	1702	7620	0
3	1709	7650	0
3	1709	7650	0
3	1714	7680	0
3	1714	7680	0
3	1721	7710	0
3	1721	7710	0
3	1728	7740	0
3	1728	7740	0
3	1731	7750	1
3	1734	7770	1
3	1734	7770	0
3	1741	7800	0
3	1741	7800	0
3	1750	7830	0
3	1750	7830	0
3	1754	7860	0
3	1754	7860	0
3	1760	7890	0
3	1760	7890	0
3	1763	7891.522634070295	1
3	1765	7920	1
3	1765	7920	1
3	1771	7950	1
3	1771	7950	0
3	1777	7980	0
3	1777	7980	0
3	1780	7990	1
3	1782	8010	1
3	1782	8010	0
3	1787	8040	0
3	1787	8040	0
3	1791	8050	1
3	1794	8070	1
3	1794	8070	1
3	1799	8100	1
3	1799	8100	0
3	1806	8130	0
3	1806	8130	0
3	1814	8160	0
3	1814	8160	0
3	1820	8190	0
3	1820	8190	0
3	1828	8220	0
3	1828	8220	0
3	1832	8235.723566845096	1
3	1834	8250	1
3	1834	8250	0
3	1842	8280	0
3	1842	8280	0
3	1850	8310	0
3	1850	8310	0
3	1856	8340	0
3	1856	8340	0
3	1864	8370	0
3	1864	8370	0
3	1870	8395.66418555809	1
3	1872	8400	1
3	1872	8400	0
3	1877	8430	0
3	1877	8430	0
3	1884	8460	0
3	1884	8460	0
3	1892	8490	0
3	1892	8490	0
3	1898	8520	0
3	1898	8520	0
3	1901	8530	1
3	1905	8550	1
3	1905	8550	1
3	1914	8580	1
3	1914	8580	0
3	1921	8610	0
3	1921	8610	0
3	1928	8640	0
3	1928	8640	0
3	1932	8650	1
3	1934	8664.689194325394	2
3	1937	8670	2
3	1937	8670	1
3	1944	8700	1
3	1944	8700	0
3	1950	8730	0
3	1950	8730	0
3	1956	8760	0
3	1956	8760	0
3	1965	8790	0
3	1965	8790	0
3	1972	8817.62304088252	1
3	1974	8820	1
3	1974	8820	1
3	1978	8850	1
3	1978	8850	1
3	1987	8880	1
3	1987	8880	0
3	1994	8910	0
3	1994	8910	0
3	2002	8940	0
3	2002	8940	0
3	2006	8966.399511839395	1
3	2009	8970	1
3	2009	8970	1
3	2015	9000	1
3	2015	9000	1
3	2019	9028.079119658722	2
3	2021	9030	2
3	2021	9030	0
3	2028	9060	0
3	2028	9060	0
3	2031	9066.864931411687	1
3	2035	9090	1
3	2035	9090	1
3	2040	9120	1
3	2040	9120	0
3	2046	9130.917204418716	1
3	2049	9150	1
3	2049	9150	1
3	2057	9180	1
3	2057	9180	0
3	2064	9210	0
3	2064	9210	0
3	2071	9240	0
3	2071	9240	0
3	2076	9264.647342100032	1
3	2079	9270	1
3	2079	9270	0
3	2086	9300	0
3	2086	9300	0
3	2090	9330	0
3	2090	9330	0
3	2099	9360	0
3	2099	9360	0
3	2106	9390	0
3	2106	9390	0
3	2109	9400	1
3	2110	9400	2
3	2112	9420	2
3	2112	9420	0
3	2119	9450	0
3	2119	9450	0
3	2128	9480	0
3	2128	9480	0
3	2133	9510	0
3	2133	9510	0
3	2141	9540	0
3	2141	9540	0
3	2149	9570	0
3	2149	9570	0
3	2153	9600	0
3	2153	9600	0
3	2157	9630	0
3	2157	9630	0
3	2163	9660	0
3	2163	9660	0
3	2168	9690	0
3	2168	9690	0
3	2174	9720	0
3	2174	9720	0
3	2178	9750	0
3	2178	9750	0
3	2185	9780	0
3	2185	9780	0
3	2191	9810	0
3	2191	9810	0
3	2197	9840	0
3	2197	9840	0
3	2204	9870	0
3	2204	9870	0
3	2210	9900	0
3	2210	9900	0
3	2216	9930	0
3	2216	9930	0
3	2221	9960	0
3	2221	9960	0
3	2225	9967.320568713845	1
3	2226	9970	2
3	2228	9990	2
3	2228	9990	1
3	2233	10020	1
3	2233	10020	0
3	2239	10050	0
3	2239	10050	0
3	2248	10080	0
3	2248	10080	0
3	2253	10110	0
3	2253	10110	0
3	2260	10140	0
3	2260	10140	0
3	2265	10170	0
3	2265	10170	0
3	2273	10200	0
3	2273	10200	0
3	2281	10230	0
3	2281	10230	0
3	2284	10240	1
3	2288	10260	1
3	2288	10260	0
3	2296	10290	0
3	2296	10290	0
3	2300	10318.056863830932	1
3	2302	10320	1
3	2302	10320	1
3	2308	10350	1
3	2308	10350	0
3	2313	10380	0
3	2313	10380	0
3	2316	10387.008792035534	1
3	2319	10410	1
3	2319	10410	1
3	2324	10440	1
3	2324	10440	1
3	2334	10470	1
3	2334	10470	0
3	2340	10500	0
3	2340	10500	0
3	2345	10530	0
3	2345	10530	0
3	2352	10560	0
3	2352	10560	0
3	2361	10590	0
3	2361	10590	0
3	2367	10620	0
3	2367	10620	0
3	2374	10650	0
3	2374	10650	0
3	2382	10680	0
3	2382	10680	0
3	2386	10690	1
3	2390	10710	1
3	2390	10710	1
3	2394	10733.777458649062	2
3	2397	10740	2
3	2397	10740	1
3	2403	10770	1
3	2403	10770	1
3	2408	10800	1
3	2408	10800	0
3	2415	10830	0
3	2415	10830	0
3	2423	10860	0
3	2423	10860	0
3	2429	10890	0
3	2429	10890	0
3	2435	10920	0
3	2435	10920	0
3	2442	10950	0
3	2442	10950	0
3	2449	10980	0
3	2449	10980	0
3	2455	11010	0
3	2455	11010	0
3	2459	11040	0
3	2459	11040	0
3	2467	11070	0
3	2467	11070	0
3	2470	11080	1
3	2472	11088.387429206776	2
3	2475	11100	2
3	2475	11100	1
3	2481	11130	1
3	2481	11130	1
3	2488	11160	1
3	2488	11160	0
3	2495	11190	0
3	2495	11190	0
3	2503	11220	0
3	2503	11220	0
3	2508	11250	0
3	2508	11250	0
3	2514	11266.454808647155	1
3	2516	11280	1
3	2516	11280	1
3	2522	11301.036494903952	2
3	2524	11310	2
3	2524	11310	0
3	2530	11340	0
3	2530	11340	0
3	2537	11370	0
3	2537	11370	0
3	2545	11400	0
3	2545	11400	0
3	2550	11410	1
3	2551	11423.893590682614	2
3	2552	11427.811742283923	3
3	2554	11430	3
3	2554	11430	1
3	2561	11460	1
3	2561	11460	0
3	2566	11490	0
3	2566	11490	0
3	2571	11520	0
3	2571	11520	0
3	2581	11550	0
3	2581	11550	0
3	2587	11580	0
3	2587	11580	0
3	2592	11610	0
3	2592	11610	0
3	2600	11640	0
3	2600	11640	0
3	2607	11670	0
3	2607	11670	0
3	2610	11680	1
3	2613	11700	1
3	2613	11700	0
3	2618	11730	0
3	2618	11730	0
3	2626	11760	0
3	2626	11760	0
3	2631	11790	0
3	2631	11790	0
3	2638	11820	0
3	2638	11820	0
3	2644	11850	0
3	2644	11850	0
3	2651	11880	0
3	2651	11880	0
3	2656	11910	0
3	2656	11910	0
3	2664	11940	0
3	2664	11940	0
3	2670	11970	0
3	2670	11970	0
3	2676	12000	0
3	2676	12000	0
3	2682	12030	0
3	2682	12030	0
3	2689	12060	0
3	2689	12060	0
3	2696	12090	0
3	2696	12090	0
3	2700	12120	0
3	2700	12120	0
3	2705	12150	0
3	2705	12150	0
3	2711	12180	0
3	2711	12180	0
3	2719	12210	0
3	2719	12210	0
3	2724	12240	0
3	2724	12240	0
3	2728	12270	0
3	2728	12270	0
3	2734	12300	0
3	2734	12300	0
3	2740	12330	0
3	2740	12330	0
3	2747	12360	0
3	2747	12360	0
3	2751	12390	0
3	2751	12390	0
3	2758	12420	0
3	2758	12420	0
3	2765	12450	0
3	2765	12450	0
3	2770	12480	0
3	2770	12480	0
3	2774	12510	0
3	2774	12510	0
3	2778	12515.597211068482	1
3	2780	12540	1
3	2780	12540	1
3	2786	12570	1
3	2786	12570	1
3	2791	12600	1
3	2791	12600	0
3	2797	12630	0
3	2797	12630	0
3	2803	12660	0
3	2803	12660	0
3	2808	12690	0
3	2808	12690	0
3	2811	12695.912659379298	1
3	2817	12720	1
3	2817	12720	0
3	2823	12750	0
3	2823	12750	0
3	2829	12780	0
3	2829	12780	0
3	2834	12801.276330946379	1
3	2835	12806.403263623489	2
3	2837	12810	2
3	2837	12810	1
3	2843	12840	1
3	2843	12840	1
3	2850	12870	1
3	2850	12870	0
3	2853	12880	1
3	2856	12900	1
3	2856	12900	0
3	2864	12930	0
3	2864	12930	0
3	2869	12960	0
3	2869	12960	0
3	2877	12990	0
3	2877	12990	0
3	2884	13020	0
3	2884	13020	0
3	2890	13050	0
3	2890	13050	0
3	2896	13080	0
3	2896	13080	0
3	2902	13110	0
3	2902	13110	0
3	2907	13140	0
3	2907	13140	0
3	2916	13170	0
3	2916	13170	0
3	2922	13200	0
3	2922	13200	0
3	2926	13230	0
3	2926	13230	0
3	2935	13260	0
3	2935	13260	0
3	2942	13290	0
3	2942	13290	0
3	2949	13320	0
3	2949	13320	0
3	2954	13350	0
3	2954	13350	0
3	2960	13380	0
3	2960	13380	0
3	2968	13410	0
3	2968	13410	0
3	2976	13440	0
3	2976	13440	0
3	2980	13450	1
3	2983	13470	1
3	2983	13470	1
3	2988	13485.722350677197	2
3	2991	13500	2
3	2991	13500	0
3	2998	13530	0
3	2998	13530	0
3	3009	13560	0
3	3009	13560	0
3	3016	13590	0
3	3016	13590	0
3	3022	13620	0
3	3022	13620	0
3	3028	13634.613767548366	1
3	3029	13636.776045566993	2
3	3034	13650	2
3	3034	13650	2
3	3039	13680	2
3	3039	13680	1
3	3043	13682.359074871099	2
3	3045	13690	3
3	3046	13690	4
3	3051	13710	4
3	3051	13710	2
3	3057	13740	2
3	3057	13740	0
3	3061	13770	0
3	3061	13770	0
3	3067	13781.351420987764	1
3	3070	13800	1
3	3070	13800	1
3	3078	13830	1
3	3078	13830	0
3	3084	13860	0
3	3084	13860	0
3	3090	13890	0
3	3090	13890	0
3	3097	13918.669498643208	1
3	3099	13920	1
3	3099	13920	0
3	3102	13928.232384733793	1
3	3106	13930	2
3	3110	13950	2
3	3110	13950	1
3	3115	13980	1
3	3115	13980	0
3	3121	14010	0
3	3121	14010	0
3	3128	14040	0
3	3128	14040	0
3	3134	14070	0
3	3134	14070	0
3	3140	14100	0
3	3140	14100	0
3	3146	14130	0
3	3146	14130	0
3	3152	14160	0
3	3152	14160	0
3	3157	14190	0
3	3157	14190	0
3	3163	14220	0
3	3163	14220	0
3	3169	14250	0
3	3169	14250	0
3	3175	14280	0
3	3175	14280	0
3	3181	14310	0
3	3181	14310	0
3	3187	14340	0
3	3187	14340	0
3	3193	14370	0
3	3193	14370	0
3	3197	14400	0
3	3197	14400	0
3	3204	14430	0
3	3204	14430	0
3	3209	14440	1
3	3212	14460	1
3	3212	14460	0
3	3217	14490	0
3	3217	14490	0
3	3224	14520	0
3	3224	14520	0
3	3230	14550	0
3	3230	14550	0
3	3236	14580	0
3	3236	14580	0
3	3244	14610	0
3	3244	14610	0
3	3249	14640	0
3	3249	14640	0
3	3254	14670	0
3	3254	14670	0
3	3262	14700	0
3	3262	14700	0
3	3267	14730	0
3	3267	14730	0
3	3273	14752.82407707292	1
3	3275	14760	1
3	3275	14760	0
3	3281	14790	0
3	3281	14790	0
3	3288	14820	0
3	3288	14820	0
3	3294	14850	0
3	3294	14850	0
3	3302	14880	0
3	3302	14880	0
3	3306	14897.673527538432	1
3	3311	14910	1
3	3311	14910	1
3	3316	14940	1
3	3316	14940	0
3	3323	14970	0
3	3323	14970	0
3	3331	15000	0
3	3331	15000	0
3	3340	15030	0
3	3340	15030	0
3	3347	15060	0
3	3347	15060	0
3	3352	15090	0
3	3352	15090	0
3	3360	15120	0
3	3360	15120	0
3	3366	15150	0
3	3366	15150	0
3	3372	15180	0
3	3372	15180	0
3	3379	15210	0
3	3379	15210	0
3	3385	15240	0
3	3385	15240	0
3	3388	15250	1
3	3393	15270	1
3	3393	15270	1
3	3400	15300	1
3	3400	15300	0
3	3407	15330	0
3	3407	15330	0
3	3412	15360	0
3	3412	15360	0
3	3419	15390	0
3	3419	15390	0
3	3424	15402.068005222765	1
3	3429	15420	1
3	3429	15420	1
3	3436	15450	1
3	3436	15450	1
3	3441	15480	1
3	3441	15480	0
3	3447	15510	0
3	3447	15510	0
3	3453	15540	0
3	3453	15540	0
3	3459	15570	0
3	3459	15570	0
3	3464	15600	0
3	3464	15600	0
3	3468	15610	1
3	3474	15630	1
3	3474	15630	1
3	3479	15660	1
3	3479	15660	0
3	3482	15662.057746597376	1
3	3485	15690	1
3	3485	15690	1
3	3491	15720	1
3	3491	15720	1
3	3494	15721.674601215385	2
3	3500	15750	2
3	3500	15750	0
3	3508	15780	0
3	3508	15780	0
3	3514	15810	0
3	3514	15810	0
3	3519	15840	0
3	3519	15840	0
3	3528	15870	0
3	3528	15870	0
3	3535	15900	0
3	3535	15900	0
3	3541	15930	0
3	3541	15930	0
3	3547	15960	0
3	3547	15960	0
3	3552	15990	0
3	3552	15990	0
3	3558	16020	0
3	3558	16020	0
3	3565	16050	0
3	3565	16050	0
3	3570	16080	0
3	3570	16080	0
3	3575	16110	0
3	3575	16110	0
3	3582	16140	0
3	3582	16140	0
3	3587	16170	0
3	3587	16170	0
3	3592	16200	0
3	3592	16200	0
3	3598	16230	0
3	3598	16230	0
3	3603	16260	0
3	3603	16260	0
3	3607	16290	0
3	3607	16290	0
3	3612	16320	0
3	3612	16320	0
3	3616	16334.546718981062	1
3	3619	16350	1
3	3619	16350	0
3	3623	16380	0
3	3623	16380	0
3	3628	16410	0
3	3628	16410	0
3	3632	16440	0
3	3632	16440	0
3	3640	16470	0
3	3640	16470	0
3	3645	16500	0
3	3645	16500	0
3	3650	16530	0
3	3650	16530	0
3	3655	16560	0
3	3655	16560	0
3	3659	16579.958366900505	1
3	3662	16590	1
3	3662	16590	0
3	3667	16620	0
3	3667	16620	0
3	3671	16650	0
3	3671	16650	0
3	3677	16680	0
3	3677	16680	0
3	3684	16710	0
3	3684	16710	0
3	3690	16740	0
3	3690	16740	0
3	3697	16770	0
3	3697	16770	0
3	3702	16800	0
3	3702	16800	0
3	3710	16830	0
3	3710	16830	0
3	3718	16860	0
3	3718	16860	0
3	3724	16890	0
3	3724	16890	0
3	3731	16920	0
3	3731	16920	0
3	3736	16950	0
3	3736	16950	0
3	3745	16980	0
3	3745	16980	0
3	3753	17010	0
3	3753	17010	0
3	3760	17040	0
3	3760	17040	0
3	3765	17070	0
3	3765	17070	0
3	3775	17100	0
3	3775	17100	0
3	3780	17130	0
3	3780	17130	0
3	3789	17160	0
3	3789	17160	0
3	3794	17190	0
3	3794	17190	0
3	3797	17200	1
3	3801	17220	1
3	3801	17220	0
3	3810	17250	0
3	3810	17250	0
3	3815	17280	0
3	3815	17280	0
3	3820	17310	0
3	3820	17310	0
3	3826	17320	1
3	3832	17340	1
3	3832	17340	0
3	3841	17370	0
3	3841	17370	0
3	3849	17400	0
3	3849	17400	0
3	3852	17413.85583886081	1
3	3856	17430	1
3	3856	17430	0
3	3870	17460	0
3	3870	17460	0
3	3875	17490	0
3	3875	17490	0
3	3884	17520	0
3	3884	17520	0
3	3889	17530	1
3	3896	17546.205670028366	2
3	3898	17550	2
3	3898	17550	1
3	3904	17580	1
3	3904	17580	0
3	3913	17610	0
3	3913	17610	0
3	3922	17640	0
3	3922	17640	0
3	3930	17670	0
3	3930	17670	0
3	3937	17700	0
3	3937	17700	0
3	3941	17704.57520321102	1
3	3948	17730	1
3	3948	17730	1
3	3953	17760	1
3	3953	17760	0
3	3959	17790	0
3	3959	17790	0
3	3966	17820	0
3	3966	17820	0
3	3971	17850	0
3	3971	17850	0
3	3977	17880	0
3	3977	17880	0
3	3980	17890	1
3	3983	17910	1
3	3983	17910	1
3	3989	17940	1
3	3989	17940	0
3	3995	17970	0
3	3995	17970	0
3	4000	18000	0
3	4000	18000	0
3	4005	18016.676879573467	1
3	4007	18030	1
3	4007	18030	0
3	4016	18060	0
3	4016	18060	0
3	4022	18090	0
3	4022	18090	0
3	4027	18120	0
3	4027	18120	0
3	4036	18150	0
3	4036	18150	0
3	4042	18180	0
3	4042	18180	0
3	4049	18210	0
3	4049	18210	0
3	4058	18240	0
3	4058	18240	0
3	4065	18270	0
3	4065	18270	0
3	4069	18280	1
3	4071	18300	1
3	4071	18300	0
3	4082	18330	0
3	4082	18330	0
3	4086	18334.637506713375	1
3	4094	18360	1
3	4094	18360	1
3	4097	18378.755697226099	2
3	4099	18390	2
3	4099	18390	0
3	4106	18420	0
3	4106	18420	0
3	4119	18450	0
3	4119	18450	0
3	4122	18451.235732832574	1
3	4129	18480	1
3	4129	18480	1
3	4136	18510	1
3	4136	18510	0
3	4139	18520	1
3	4142	18533.203211490992	2
3	4144	18540	2
3	4144	18540	0
3	4157	18570	0
3	4157	18570	0
3	4164	18600	0
3	4164	18600	0
3	4171	18630	0
3	4171	18630	0
3	4180	18660	0
3	4180	18660	0
3	4186	18690	0
3	4186	18690	0
3	4192	18720	0
3	4192	18720	0
3	4196	18730	1
3	4197	18730	2
3	4201	18750	2
3	4201	18750	2
3	4208	18780	2
3	4208	18780	0
3	4214	18810	0
3	4214	18810	0
3	4222	18840	0
3	4222	18840	0
3	4233	18870	0
3	4233	18870	0
3	4242	18900	0
3	4242	18900	0
3	4245	18910.060435727363	1
3	4247	18928.798062645392	2
3	4249	18930	2
3	4249	18930	2
3	4254	18954.011819658798	3
3	4256	18960	3
3	4256	18960	2
3	4265	18990	2
3	4265	18990	0
3	4269	19000	1
3	4272	19020	1
3	4272	19020	0
3	4279	19050	0
3	4279	19050	0
3	4285	19080	0
3	4285	19080	0
3	4293	19110	0
3	4293	19110	0
3	4298	19120	1
3	4299	19120	2
3	4303	19140	2
3	4303	19140	0
3	4313	19170	0
3	4313	19170	0
3	4319	19200	0
3	4319	19200	0
3	4327	19230	0
3	4327	19230	0
3	4341	19260	0
3	4341	19260	0
3	4346	19290	0
3	4346	19290	0
3	4352	19320	0
3	4352	19320	0
3	4359	19350	0
3	4359	19350	0
3	4363	19360	1
3	4364	19360	2
3	4366	19380	2
3	4366	19380	0
3	4372	19410	0
3	4372	19410	0
3	4378	19440	0
3	4378	19440	0
3	4385	19470	0
3	4385	19470	0
3	4392	19500	0
3	4392	19500	0
3	4397	19530	0
3	4397	19530	0
3	4405	19560	0
3	4405	19560	0
3	4410	19590	0
3	4410	19590	0
3	4416	19620	0
3	4416	19620	0
3	4421	19650	0
3	4421	19650	0
3	4426	19680	0
3	4426	19680	0
3	4429	19682.614733094175	1
3	4431	19710	1
3	4431	19710	1
3	4436	19740	1
3	4436	19740	1
3	4445	19770	1
3	4445	19770	0
3	4448	19776.232434584522	1
3	4450	19800	1
3	4450	19800	1
3	4456	19830	1
3	4456	19830	0
3	4462	19860	0
3	4462	19860	0
3	4467	19868.094936230086	1
3	4471	19890	1
3	4471	19890	1
3	4477	19920	1
3	4477	19920	1
3	4483	19950	1
3	4483	19950	0
3	4490	19980	0
3	4490	19980	0
4	240	1060	0
4	260	1170	81.31241055093
4	271	1230	89.231479587498
4	279	1270	0
4	290	1320	32.697612714856
4	290	1320	2.33560087451
4	305	1390	0
4	346	1560	5.258948727118
4	357	1620	50
4	367	1651.271701233389	0
4	372	1680	48.017339190762
4	392	1780	0
4	466	2190	15.482188296456
4	476	2250	80.49231678797
4	504	2370	20
4	533	2490	20
4	549	2558.122585056456	0
4	550	2576.141283995914	0
4	570	2640	48.252433793553
4	577	2670	79.692434354672
4	586	2705.726386710293	0
4	588	2710	0
4	613	2804.630301049089	0
4	647	2940	20
4	663	3013.211380521341	0
4	698	3180	20
4	701	3187.775432492007	0
4	718	3277.108409042211	0
4	724	3300	20
4	732	3359.761931620851	0
4	772	3524.570617290626	0
4	809	3690	20
4	817	3720	81.722223658656
4	817	3720	30.845836739361
4	817	3720	25.715210104198
4	847	3840	82.90167166908
4	847	3840	37.597065523693
4	853	3870	64.723576652213
4	862	3910	0
4	863	3910	0
4	886	3990	39.186526659541
4	893	4020	15.848964886714
4	910	4080	22.570681655762
4	946	4231.931930260319	0
4	950	4260	50
4	956	4270	0
4	979	4366.513701979025	0
4	1010	4500	20
4	1014	4510	0
4	1016	4530	20
4	1030	4590	28.40762322956
4	1033	4598.815997150249	0
4	1164	5260	0
4	1168	5280	4.041862793428
4	1172	5308.397660987861	0
4	1186	5370	86.872337319408
4	1192	5400	58.491686289492
4	1225	5550	84.957351778181
4	1246	5640	71.018849853445
4	1261	5700	20
4	1283	5790	9.35310139485
4	1342	6070	0
4	1384	6270	32.083808312681
4	1404	6360	14.345795082684
4	1422	6430	0
4	1448	6540	20
4	1468	6630	43.901282037883
4	1475	6660	50
4	1481	6690	81.120316213696
4	1515	6832.485283744499	0
4	1518	6840	71.563806282796
4	1521	6847.305229571404	0
4	1533	6910	0
4	1557	7017.197118753506	0
4	1583	7110	72.348431032283
4	1602	7180	0
4	1621	7260	2.810015688723
4	1671	7470	77.487306396951
4	1697	7590	13.448206679763
4	1702	7620	10.58823146029
4	1707	7630	0
4	1734	7770	20
4	1771	7950	58.477365929705
4	1782	8010	20
4	1799	8100	50
4	1825	8204.360511078819	0
4	1834	8250	14.276433154904
4	1872	8400	4.33581444191
4	1887	8470	0
4	1908	8556.728404128577	0
4	1914	8580	50
4	1924	8620	0
4	1937	8670	5.310805674606
4	1944	8700	50
4	1987	8880	62.37695911748
4	2021	9030	63.600488160605
4	2021	9030	1.920880341278
4	2040	9120	53.135068588313
4	2057	9180	49.082795581284
4	2079	9270	5.352657899968
4	2112	9420	20
4	2112	9420	20
4	2181	9762.921874006241	0
4	2188	9790	0
4	2228	9990	22.679431286155
4	2233	10020	50
4	2258	10121.22006132477	0
4	2263	10150	0
4	2288	10260	20
4	2308	10350	31.943136169068
4	2317	10390	0
4	2334	10470	82.991207964466
4	2377	10660	0
4	2385	10688.312715310011	0
4	2397	10740	50
4	2408	10800	66.222541350938
4	2453	10990	0
4	2463	11049.791200836585	0
4	2475	11100	20
4	2488	11160	71.612570793224
4	2520	11298.150363754819	0
4	2524	11310	43.545191352845
4	2524	11310	8.963505096048
4	2554	11430	6.106409317386
4	2554	11430	2.188257716077
4	2558	11449.490074229857	0
4	2561	11460	50
4	2564	11470	0
4	2613	11700	20
4	2648	11860	0
4	2662	11933.862946009532	0
4	2716	12190	0
4	2722	12220	0
4	2791	12600	84.402788931518
4	2812	12700	0
4	2817	12720	24.087340620702
4	2837	12810	3.596736376511
4	2850	12870	68.723669053621
4	2854	12882.637629123863	0
4	2856	12900	20
4	2964	13390	0
4	2972	13420	0
4	2981	13454.214246227581	0
4	2991	13500	50
4	2991	13500	14.277649322803
4	3039	13680	45.386232451634
4	3051	13710	73.223954433007
4	3051	13710	27.640925128901
4	3057	13740	50
4	3057	13740	50
4	3078	13830	48.648579012236
4	3088	13870	0
4	3099	13920	1.330501356792
4	3110	13950	21.767615266207
4	3115	13980	50
4	3212	14460	20
4	3222	14503.534267058409	0
4	3275	14760	7.17592292708
4	3297	14860	0
4	3308	14908.268722493903	0
4	3316	14940	42.326472461568
4	3326	14980	0
4	3397	15286.345817123702	0
4	3398	15291.38865301542	0
4	3400	15300	50
4	3441	15480	77.931994777235
4	3451	15526.551309861175	0
4	3479	15660	50
4	3500	15750	87.942253402624
4	3500	15750	28.325398784615
4	3619	16350	15.453281018938
4	3662	16590	10.041633099495
4	3705	16803.676447298203	0
4	3750	16990	0
4	3758	17036.440344390762	0
4	3801	17220	20
4	3832	17340	20
4	3836	17350	0
4	3856	17430	16.14416113919
4	3859	17430.989662423499	0
4	3895	17541.733419220974	0
4	3898	17550	3.794329971634
4	3904	17580	50
4	3916	17620	0
4	3953	17760	55.42479678898
4	3989	17940	50
4	4007	18030	13.323120426533
4	4063	18259.601584910343	0
4	4071	18300	20
4	4099	18390	55.362493286625
4	4099	18390	11.244302773901
4	4110	18430	0
4	4136	18510	58.764267167426
4	4141	18530.935705348985	0
4	4144	18540	20
4	4144	18540	6.796788509008
4	4152	18550	0
4	4204	18758.768669512126	0
4	4208	18780	50
4	4208	18780	50
4	4256	18960	5.988180341202
4	4265	18990	79.939564272637
4	4265	18990	61.201937354608
4	4272	19020	20
4	4282	19060	0
4	4303	19140	20
4	4303	19140	20
4	4309	19150	0
4	4339	19256.518302127922	0
4	4366	19380	20
4	4366	19380	20
4	4445	19770	87.385266905825
4	4456	19830	53.767565415478
4	4480	19920.074369979295	0
4	4483	19950	81.905063769914
5	240	1060	12434
5	260	1170	12435
5	271	1230	12439
5	279	1270	12437
5	290	1320	12440
5	290	1320	12441
5	305	1390	12438
5	346	1560	12447
5	357	1620	12444
5	367	1651.271701233389	12446
5	372	1680	12449
5	392	1780	12448
5	466	2190	12454
5	476	2250	12453
5	504	2370	12455
5	533	2490	12457
5	549	2558.122585056456	12464
5	550	2576.141283995914	12465
5	570	2640	12467
5	577	2670	12466
5	586	2705.726386710293	12468
5	588	2710	12459
5	613	2804.630301049089	12472
5	647	2940	12473
5	663	3013.211380521341	12475
5	698	3180	12476
5	701	3187.775432492007	12477
5	718	3277.108409042211	12481
5	724	3300	12478
5	732	3359.761931620851	12480
5	772	3524.570617290626	12486
5	809	3690	12485
5	817	3720	12489
5	817	3720	12491
5	817	3720	12492
5	847	3840	12493
5	847	3840	12494
5	853	3870	12495
5	862	3910	12488
5	863	3910	12490
5	886	3990	12498
5	893	4020	12496
5	910	4080	12502
5	946	4231.931930260319	12503
5	950	4260	12501
5	956	4270	12499
5	979	4366.513701979025	12508
5	1010	4500	12507
5	1014	4510	12504
5	1016	4530	12506
5	1030	4590	12512
5	1033	4598.815997150249	12514
5	1164	5260	12520
5	1168	5280	12523
5	1172	5308.397660987861	12524
5	1186	5370	12521
5	1192	5400	12525
5	1225	5550	12526
5	1246	5640	12530
5	1261	5700	12528
5	1283	5790	12536
5	1342	6070	12537
5	1384	6270	12543
5	1404	6360	12545
5	1422	6430	12542
5	1448	6540	12546
5	1468	6630	12553
5	1475	6660	12549
5	1481	6690	12550
5	1515	6832.485283744499	12555
5	1518	6840	12556
5	1521	6847.305229571404	12557
5	1533	6910	12554
5	1557	7017.197118753506	12562
5	1583	7110	12563
5	1602	7180	12564
5	1621	7260	12568
5	1671	7470	12575
5	1697	7590	12579
5	1702	7620	12576
5	1707	7630	12573
5	1734	7770	12578
5	1771	7950	12583
5	1782	8010	12582
5	1799	8100	12584
5	1825	8204.360511078819	12589
5	1834	8250	12587
5	1872	8400	12594
5	1887	8470	12590
5	1908	8556.728404128577	12598
5	1914	8580	12593
5	1924	8620	12596
5	1937	8670	12602
5	1944	8700	12597
5	1987	8880	12605
5	2021	9030	12608
5	2021	9030	12610
5	2040	9120	12612
5	2057	9180	12611
5	2079	9270	12616
5	2112	9420	12615
5	2112	9420	12618
5	2181	9762.921874006241	12624
5	2188	9790	12622
5	2228	9990	12630
5	2233	10020	12625
5	2258	10121.22006132477	12633
5	2263	10150	12626
5	2288	10260	12631
5	2308	10350	12635
5	2317	10390	12632
5	2334	10470	12637
5	2377	10660	12638
5	2385	10688.312715310011	12643
5	2397	10740	12640
5	2408	10800	12645
5	2453	10990	12642
5	2463	11049.791200836585	12651
5	2475	11100	12650
5	2488	11160	12652
5	2520	11298.150363754819	12657
5	2524	11310	12655
5	2524	11310	12658
5	2554	11430	12659
5	2554	11430	12660
5	2558	11449.490074229857	12661
5	2561	11460	12656
5	2564	11470	12654
5	2613	11700	12664
5	2648	11860	12666
5	2662	11933.862946009532	12671
5	2716	12190	12670
5	2722	12220	12673
5	2791	12600	12679
5	2812	12700	12678
5	2817	12720	12681
5	2837	12810	12682
5	2850	12870	12685
5	2854	12882.637629123863	12686
5	2856	12900	12684
5	2964	13390	12690
5	2972	13420	12693
5	2981	13454.214246227581	12699
5	2991	13500	12696
5	2991	13500	12698
5	3039	13680	12704
5	3051	13710	12705
5	3051	13710	12706
5	3057	13740	12700
5	3057	13740	12702
5	3078	13830	12709
5	3088	13870	12701
5	3099	13920	12711
5	3110	13950	12712
5	3115	13980	12708
5	3212	14460	12716
5	3222	14503.534267058409	12720
5	3275	14760	12725
5	3297	14860	12724
5	3308	14908.268722493903	12730
5	3316	14940	12727
5	3326	14980	12728
5	3397	15286.345817123702	12738
5	3398	15291.38865301542	12739
5	3400	15300	12736
5	3441	15480	12742
5	3451	15526.551309861175	12746
5	3479	15660	12745
5	3500	15750	12747
5	3500	15750	12749
5	3619	16350	12759
5	3662	16590	12761
5	3705	16803.676447298203	12765
5	3750	16990	12762
5	3758	17036.440344390762	12770
5	3801	17220	12771
5	3832	17340	12776
5	3836	17350	12773
5	3856	17430	12782
5	3859	17430.989662423499	12783
5	3895	17541.733419220974	12790
5	3898	17550	12791
5	3904	17580	12781
5	3916	17620	12785
5	3953	17760	12795
5	3989	17940	12794
5	4007	18030	12798
5	4063	18259.601584910343	12806
5	4071	18300	12801
5	4099	18390	12810
5	4099	18390	12812
5	4110	18430	12803
5	4136	18510	12816
5	4141	18530.935705348985	12818
5	4144	18540	12811
5	4144	18540	12814
5	4152	18550	12809
5	4204	18758.768669512126	12824
5	4208	18780	12819
5	4208	18780	12820
5	4256	18960	12831
5	4265	18990	12828
5	4265	18990	12829
5	4272	19020	12825
5	4282	19060	12826
5	4303	19140	12830
5	4303	19140	12832
5	4309	19150	12827
5	4339	19256.518302127922	12841
5	4366	19380	12837
5	4366	19380	12840
5	4445	19770	12845
5	4456	19830	12848
5	4480	19920.074369979295	12852
5	4483	19950	12850
6	231	1020	0
6	231	1020	0
6	237	1050	0
6	237	1050	0
6	244	1080	0
6	244	1080	0
6	249	1110	0
6	249	1110	0
6	254	1140	0
6	254	1140	0
6	257	1157.710213213676	1
6	261	1170	1
6	261	1170	0
6	267	1200	0
6	267	1200	0
6	272	1230	0
6	272	1230	0
6	276	1260	0
6	276	1260	0
6	280	1270	1
6	284	1290	1
6	284	1290	0
6	291	1320	0
6	291	1320	0
6	297	1350	0
6	297	1350	0
6	303	1380	0
6	303	1380	0
6	309	1410	0
6	309	1410	0
6	312	1420	1
6	313	1420	2
6	318	1440	2
6	318	1440	0
6	322	1463.987106680008	1
6	325	1470	1
6	325	1470	0
6	331	1500	0
6	331	1500	0
6	336	1530	0
6	336	1530	0
6	347	1560	0
6	347	1560	0
6	353	1590	0
6	353	1590	0
6	358	1620	0
6	358	1620	0
6	365	1650	0
6	365	1650	0
6	373	1680	0
6	373	1680	0
6	378	1710	0
6	378	1710	0
6	384	1740	0
6	384	1740	0
6	390	1770	0
6	390	1770	0
6	393	1780	1
6	396	1800	1
6	396	1800	0
6	402	1830	0
6	402	1830	0
6	404	1840.975180583407	1
6	408	1860	1
6	408	1860	1
6	410	1870	2
6	414	1890	2
6	414	1890	0
6	420	1920	0
6	420	1920	0
6	425	1950	0
6	425	1950	0
6	430	1980	0
6	430	1980	0
6	436	2010	0
6	436	2010	0
6	440	2040	0
6	440	2040	0
6	445	2070	0
6	445	2070	0
6	451	2100	0
6	451	2100	0
6	456	2130	0
6	456	2130	0
6	460	2160	0
6	460	2160	0
6	467	2190	0
6	467	2190	0
6	473	2220	0
6	473	2220	0
6	477	2250	0
6	477	2250	0
6	483	2280	0
6	483	2280	0
6	490	2310	0
6	490	2310	0
6	496	2340	0
6	496	2340	0
6	505	2370	0
6	505	2370	0
6	511	2400	0
6	511	2400	0
6	516	2430	0
6	516	2430	0
6	524	2460	0
6	524	2460	0
6	526	2466.565546817659	1
6	530	2472.630460512504	2
6	534	2490	2
6	534	2490	1
6	542	2520	1
6	542	2520	1
6	546	2550	1
6	546	2550	0
6	553	2580	0
6	553	2580	0
6	557	2590	1
6	563	2610	1
6	563	2610	0
6	565	2613.45054044236	1
6	571	2640	1
6	571	2640	1
6	578	2670	1
6	578	2670	1
6	583	2700	1
6	583	2700	0
6	593	2730	0
6	593	2730	0
6	595	2740	1
6	601	2760	1
6	601	2760	0
6	610	2790	0
6	610	2790	0
6	616	2813.769477379664	1
6	619	2820	1
6	619	2820	0
6	624	2850	0
6	624	2850	0
6	633	2880	0
6	633	2880	0
6	640	2910	0
6	640	2910	0
6	648	2940	0
6	648	2940	0
6	654	2970	0
6	654	2970	0
6	660	3000	0
6	660	3000	0
6	667	3030	0
6	667	3030	0
6	669	3033.927210381025	1
6	675	3060	1
6	675	3060	0
6	680	3090	0
6	680	3090	0
6	682	3094.049435659413	1
6	688	3120	1
6	688	3120	1
6	692	3150	1
6	692	3150	1
6	699	3180	1
6	699	3180	0
6	705	3210	0
6	705	3210	0
6	710	3240	0
6	710	3240	0
6	716	3270	0
6	716	3270	0
6	725	3300	0
6	725	3300	0
6	729	3330	0
6	729	3330	0
6	735	3360	0
6	735	3360	0
6	742	3390	0
6	742	3390	0
6	748	3420	0
6	748	3420	0
6	756	3450	0
6	756	3450	0
6	762	3480	0
6	762	3480	0
6	765	3486.693304734499	1
6	770	3510	1
6	770	3510	1
6	777	3540	1
6	777	3540	0
6	782	3570	0
6	782	3570	0
6	791	3600	0
6	791	3600	0
6	796	3630	0
6	796	3630	0
6	804	3660	0
6	804	3660	0
6	810	3690	0
6	810	3690	0
6	818	3720	0
6	818	3720	0
6	824	3750	0
6	824	3750	0
6	827	3760	1
6	828	3760	2
6	831	3780	2
6	831	3780	2
6	839	3810	2
6	839	3810	0
6	848	3840	0
6	848	3840	0
6	854	3870	0
6	854	3870	0
6	859	3900	0
6	859	3900	0
6	867	3930	0
6	867	3930	0
6	869	3940	1
6	870	3940	2
6	878	3960	2
6	878	3960	0
6	887	3990	0
6	887	3990	0
6	894	4020	0
6	894	4020	0
6	897	4047.978866343517	1
6	900	4050	1
6	900	4050	1
6	911	4080	1
6	911	4080	1
6	917	4110	1
6	917	4110	0
6	920	4120	1
6	924	4140	1
6	924	4140	1
6	930	4170	1
6	930	4170	0
6	933	4180	1
6	938	4200	1
6	938	4200	0
6	944	4230	0
6	944	4230	0
6	951	4260	0
6	951	4260	0
6	961	4290	0
6	961	4290	0
6	966	4320	0
6	966	4320	0
6	973	4350	0
6	973	4350	0
6	976	4360	1
6	978	4366.353787253006	2
6	983	4380	2
6	983	4380	1
6	988	4410	1
6	988	4410	0
6	995	4440	0
6	995	4440	0
6	1003	4470	0
6	1003	4470	0
6	1011	4500	0
6	1011	4500	0
6	1017	4530	0
6	1017	4530	0
6	1023	4560	0
6	1023	4560	0
6	1031	4590	0
6	1031	4590	0
6	1036	4600	1
6	1041	4620	1
6	1041	4620	1
6	1046	4650	1
6	1046	4650	0
6	1049	4664.750859148581	1
6	1052	4680	1
6	1052	4680	1
6	1059	4710	1
6	1059	4710	1
6	1063	4720	2
6	1066	4740	2
6	1066	4740	1
6	1073	4770	1
6	1073	4770	0
6	1076	4798.150924933118	1
6	1080	4800	1
6	1080	4800	1
6	1084	4830	1
6	1084	4830	1
6	1089	4860	1
6	1089	4860	0
6	1095	4890	0
6	1095	4890	0
6	1101	4920	0
6	1101	4920	0
6	1106	4950	0
6	1106	4950	0
6	1111	4980	0
6	1111	4980	0
6	1117	5010	0
6	1117	5010	0
6	1123	5040	0
6	1123	5040	0
6	1128	5070	0
6	1128	5070	0
6	1134	5100	0
6	1134	5100	0
6	1140	5130	0
6	1140	5130	0
6	1144	5160	0
6	1144	5160	0
6	1151	5190	0
6	1151	5190	0
6	1153	5200	1
6	1157	5220	1
6	1157	5220	1
6	1162	5250	1
6	1162	5250	0
6	1165	5272.325515271584	1
6	1169	5280	1
6	1169	5280	1
6	1175	5310	1
6	1175	5310	0
6	1179	5340	0
6	1179	5340	0
6	1187	5370	0
6	1187	5370	0
6	1193	5400	0
6	1193	5400	0
6	1199	5430	0
6	1199	5430	0
6	1204	5460	0
6	1204	5460	0
6	1214	5490	0
6	1214	5490	0
6	1216	5500	1
6	1219	5520	1
6	1219	5520	0
6	1226	5550	0
6	1226	5550	0
6	1228	5553.060728045846	1
6	1231	5579.160147243259	2
6	1234	5580	2
6	1234	5580	0
6	1239	5610	0
6	1239	5610	0
6	1244	5638.569473357454	1
6	1247	5640	1
6	1247	5640	1
6	1254	5670	1
6	1254	5670	0
6	1258	5680	1
6	1262	5700	1
6	1262	5700	1
6	1267	5730	1
6	1267	5730	0
6	1277	5760	0
6	1277	5760	0
6	1284	5790	0
6	1284	5790	0
6	1290	5820	0
6	1290	5820	0
6	1296	5850	0
6	1296	5850	0
6	1303	5880	0
6	1303	5880	0
6	1311	5910	0
6	1311	5910	0
6	1313	5920	1
6	1316	5940	1
6	1316	5940	1
6	1321	5970	1
6	1321	5970	0
6	1329	6000	0
6	1329	6000	0
6	1334	6030	0
6	1334	6030	0
6	1340	6060	0
6	1340	6060	0
6	1347	6090	0
6	1347	6090	0
6	1354	6120	0
6	1354	6120	0
6	1358	6143.84244122527	1
6	1361	6150	1
6	1361	6150	1
6	1368	6180	1
6	1368	6180	0
6	1373	6210	0
6	1373	6210	0
6	1379	6240	0
6	1379	6240	0
6	1385	6270	0
6	1385	6270	0
6	1391	6300	0
6	1391	6300	0
6	1394	6310	1
6	1397	6330	1
6	1397	6330	0
6	1401	6353.411570670688	1
6	1405	6360	1
6	1405	6360	1
6	1411	6390	1
6	1411	6390	1
6	1419	6420	1
6	1419	6420	0
6	1425	6450	0
6	1425	6450	0
6	1431	6480	0
6	1431	6480	0
6	1436	6507.542852346115	1
6	1440	6510	1
6	1440	6510	0
6	1449	6540	0
6	1449	6540	0
6	1453	6570	0
6	1453	6570	0
6	1461	6600	0
6	1461	6600	0
6	1469	6630	0
6	1469	6630	0
6	1476	6660	0
6	1476	6660	0
6	1482	6690	0
6	1482	6690	0
6	1488	6720	0
6	1488	6720	0
6	1496	6750	0
6	1496	6750	0
6	1500	6760	1
6	1504	6780	1
6	1504	6780	1
6	1511	6810	1
6	1511	6810	0
6	1519	6840	0
6	1519	6840	0
6	1525	6870	0
6	1525	6870	0
6	1527	6893.98398400791	1
6	1530	6900	1
6	1530	6900	0
6	1538	6930	0
6	1538	6930	0
6	1547	6960	0
6	1547	6960	0
6	1552	6990	0
6	1552	6990	0
6	1560	7020	0
6	1560	7020	0
6	1569	7050	0
6	1569	7050	0
6	1576	7080	0
6	1576	7080	0
6	1584	7110	0
6	1584	7110	0
6	1586	7117.197118753506	1
6	1593	7140	1
6	1593	7140	1
6	1600	7170	1
6	1600	7170	1
6	1607	7200	1
6	1607	7200	0
6	1609	7207.109346105171	1
6	1611	7221.638308559399	2
6	1614	7230	2
6	1614	7230	2
6	1616	7240	3
6	1617	7249.435126613893	4
6	1622	7260	4
6	1622	7260	1
6	1631	7290	1
6	1631	7290	0
6	1638	7320	0
6	1638	7320	0
6	1642	7350	0
6	1642	7350	0
6	1653	7380	0
6	1653	7380	0
6	1661	7410	0
6	1661	7410	0
6	1665	7440	0
6	1665	7440	0
6	1672	7470	0
6	1672	7470	0
6	1678	7500	0
6	1678	7500	0
6	1682	7510	1
6	1686	7530	1
6	1686	7530	0
6	1691	7560	0
6	1691	7560	0
6	1698	7590	0
6	1698	7590	0
6	1703	7620	0
6	1703	7620	0
6	1710	7650	0
6	1710	7650	0
6	1715	7680	0
6	1715	7680	0
6	1722	7710	0
6	1722	7710	0
6	1729	7740	0
6	1729	7740	0
6	1735	7770	0
6	1735	7770	0
6	1742	7800	0
6	1742	7800	0
6	1751	7830	0
6	1751	7830	0
6	1755	7860	0
6	1755	7860	0
6	1761	7890	0
6	1761	7890	0
6	1766	7920	0
6	1766	7920	0
6	1768	7921.49046086049	1
6	1772	7950	1
6	1772	7950	0
6	1778	7980	0
6	1778	7980	0
6	1783	8010	0
6	1783	8010	0
6	1788	8040	0
6	1788	8040	0
6	1795	8070	0
6	1795	8070	0
6	1800	8100	0
6	1800	8100	0
6	1807	8130	0
6	1807	8130	0
6	1815	8160	0
6	1815	8160	0
6	1821	8190	0
6	1821	8190	0
6	1823	8196.958599117901	1
6	1829	8220	1
6	1829	8220	0
6	1835	8250	0
6	1835	8250	0
6	1843	8280	0
6	1843	8280	0
6	1851	8310	0
6	1851	8310	0
6	1857	8340	0
6	1857	8340	0
6	1860	8350	1
6	1865	8370	1
6	1865	8370	0
6	1867	8376.43596971984	1
6	1873	8400	1
6	1873	8400	1
6	1878	8430	1
6	1878	8430	0
6	1885	8460	0
6	1885	8460	0
6	1889	8477.562164513308	1
6	1893	8490	1
6	1893	8490	1
6	1899	8520	1
6	1899	8520	1
6	1906	8550	1
6	1906	8550	0
6	1915	8580	0
6	1915	8580	0
6	1922	8610	0
6	1922	8610	0
6	1926	8634.941322756652	1
6	1929	8640	1
6	1929	8640	1
6	1935	8664.930547223629	2
6	1938	8670	2
6	1938	8670	0
6	1945	8700	0
6	1945	8700	0
6	1951	8730	0
6	1951	8730	0
6	1957	8760	0
6	1957	8760	0
6	1966	8790	0
6	1966	8790	0
6	1968	8795.951751320224	1
6	1970	8800	2
6	1975	8820	2
6	1975	8820	1
6	1979	8850	1
6	1979	8850	0
6	1981	8854.493036908642	1
6	1988	8880	1
6	1988	8880	1
6	1995	8910	1
6	1995	8910	1
6	1997	8917.400894098927	2
6	2003	8940	2
6	2003	8940	0
6	2010	8970	0
6	2010	8970	0
6	2016	9000	0
6	2016	9000	0
6	2022	9030	0
6	2022	9030	0
6	2029	9060	0
6	2029	9060	0
6	2032	9070.017592123228	1
6	2036	9090	1
6	2036	9090	0
6	2041	9120	0
6	2041	9120	0
6	2050	9150	0
6	2050	9150	0
6	2058	9180	0
6	2058	9180	0
6	2065	9210	0
6	2065	9210	0
6	2072	9240	0
6	2072	9240	0
6	2075	9255.332897884515	1
6	2080	9270	1
6	2080	9270	1
6	2082	9277.581665755548	2
6	2087	9300	2
6	2087	9300	0
6	2091	9330	0
6	2091	9330	0
6	2100	9360	0
6	2100	9360	0
6	2107	9390	0
6	2107	9390	0
6	2113	9420	0
6	2113	9420	0
6	2120	9450	0
6	2120	9450	0
6	2129	9480	0
6	2129	9480	0
6	2134	9510	0
6	2134	9510	0
6	2142	9540	0
6	2142	9540	0
6	2150	9570	0
6	2150	9570	0
6	2154	9600	0
6	2154	9600	0
6	2158	9630	0
6	2158	9630	0
6	2161	9641.874894220612	1
6	2164	9660	1
6	2164	9660	1
6	2169	9690	1
6	2169	9690	0
6	2175	9720	0
6	2175	9720	0
6	2179	9750	0
6	2179	9750	0
6	2186	9780	0
6	2186	9780	0
6	2189	9802.612954971834	1
6	2192	9810	1
6	2192	9810	1
6	2198	9840	1
6	2198	9840	1
6	2205	9870	1
6	2205	9870	0
6	2211	9900	0
6	2211	9900	0
6	2217	9930	0
6	2217	9930	0
6	2222	9960	0
6	2222	9960	0
6	2229	9990	0
6	2229	9990	0
6	2234	10020	0
6	2234	10020	0
6	2237	10030	1
6	2240	10050	1
6	2240	10050	0
6	2242	10057.95844094302	1
6	2249	10080	1
6	2249	10080	1
6	2254	10110	1
6	2254	10110	1
6	2261	10140	1
6	2261	10140	0
6	2266	10170	0
6	2266	10170	0
6	2274	10200	0
6	2274	10200	0
6	2282	10230	0
6	2282	10230	0
6	2289	10260	0
6	2289	10260	0
6	2291	10270	1
6	2297	10290	1
6	2297	10290	0
6	2303	10320	0
6	2303	10320	0
6	2309	10350	0
6	2309	10350	0
6	2314	10380	0
6	2314	10380	0
6	2320	10410	0
6	2320	10410	0
6	2325	10440	0
6	2325	10440	0
6	2335	10470	0
6	2335	10470	0
6	2341	10500	0
6	2341	10500	0
6	2346	10530	0
6	2346	10530	0
6	2353	10560	0
6	2353	10560	0
6	2356	10563.790957972622	1
6	2362	10590	1
6	2362	10590	0
6	2368	10620	0
6	2368	10620	0
6	2372	10649.079643266039	1
6	2375	10650	1
6	2375	10650	0
6	2383	10680	0
6	2383	10680	0
6	2391	10710	0
6	2391	10710	0
6	2398	10740	0
6	2398	10740	0
6	2404	10770	0
6	2404	10770	0
6	2409	10800	0
6	2409	10800	0
6	2416	10830	0
6	2416	10830	0
6	2421	10840	1
6	2424	10860	1
6	2424	10860	1
6	2430	10890	1
6	2430	10890	0
6	2436	10920	0
6	2436	10920	0
6	2438	10924.813710887118	1
6	2443	10950	1
6	2443	10950	0
6	2445	10960	1
6	2446	10964.987464879382	2
6	2450	10980	2
6	2450	10980	1
6	2456	11010	1
6	2456	11010	0
6	2460	11040	0
6	2460	11040	0
6	2468	11070	0
6	2468	11070	0
6	2476	11100	0
6	2476	11100	0
6	2482	11130	0
6	2482	11130	0
6	2485	11149.791200836585	1
6	2489	11160	1
6	2489	11160	0
6	2496	11190	0
6	2496	11190	0
6	2504	11220	0
6	2504	11220	0
6	2509	11250	0
6	2509	11250	0
6	2512	11260	1
6	2517	11280	1
6	2517	11280	0
6	2519	11285.262559820011	1
6	2525	11310	1
6	2525	11310	0
6	2531	11340	0
6	2531	11340	0
6	2534	11350	1
6	2538	11370	1
6	2538	11370	0
6	2546	11400	0
6	2546	11400	0
6	2555	11430	0
6	2555	11430	0
6	2562	11460	0
6	2562	11460	0
6	2567	11490	0
6	2567	11490	0
6	2572	11520	0
6	2572	11520	0
6	2578	11533.690373016296	1
6	2582	11550	1
6	2582	11550	1
6	2588	11580	1
6	2588	11580	0
6	2593	11610	0
6	2593	11610	0
6	2601	11640	0
6	2601	11640	0
6	2608	11670	0
6	2608	11670	0
6	2614	11700	0
6	2614	11700	0
6	2619	11730	0
6	2619	11730	0
6	2627	11760	0
6	2627	11760	0
6	2632	11790	0
6	2632	11790	0
6	2634	11799.535266871616	1
6	2639	11820	1
6	2639	11820	0
6	2645	11850	0
6	2645	11850	0
6	2652	11880	0
6	2652	11880	0
6	2657	11910	0
6	2657	11910	0
6	2665	11940	0
6	2665	11940	0
6	2671	11970	0
6	2671	11970	0
6	2677	12000	0
6	2677	12000	0
6	2683	12030	0
6	2683	12030	0
6	2690	12060	0
6	2690	12060	0
6	2692	12070	1
6	2697	12090	1
6	2697	12090	0
6	2701	12120	0
6	2701	12120	0
6	2706	12150	0
6	2706	12150	0
6	2712	12180	0
6	2712	12180	0
6	2720	12210	0
6	2720	12210	0
6	2725	12240	0
6	2725	12240	0
6	2729	12270	0
6	2729	12270	0
6	2732	12294.791245757072	1
6	2735	12300	1
6	2735	12300	0
6	2737	12310	1
6	2741	12330	1
6	2741	12330	0
6	2748	12360	0
6	2748	12360	0
6	2752	12390	0
6	2752	12390	0
6	2759	12420	0
6	2759	12420	0
6	2762	12432.933587346527	1
6	2766	12450	1
6	2766	12450	1
6	2771	12480	1
6	2771	12480	1
6	2775	12510	1
6	2775	12510	0
6	2781	12540	0
6	2781	12540	0
6	2787	12570	0
6	2787	12570	0
6	2792	12600	0
6	2792	12600	0
6	2798	12630	0
6	2798	12630	0
6	2801	12654.584897254388	1
6	2804	12660	1
6	2804	12660	0
6	2809	12690	0
6	2809	12690	0
6	2818	12720	0
6	2818	12720	0
6	2824	12750	0
6	2824	12750	0
6	2827	12771.373259729035	1
6	2830	12780	1
6	2830	12780	0
6	2838	12810	0
6	2838	12810	0
6	2844	12840	0
6	2844	12840	0
6	2851	12870	0
6	2851	12870	0
6	2857	12900	0
6	2857	12900	0
6	2861	12910	1
6	2865	12930	1
6	2865	12930	0
6	2870	12960	0
6	2870	12960	0
6	2878	12990	0
6	2878	12990	0
6	2885	13020	0
6	2885	13020	0
6	2891	13050	0
6	2891	13050	0
6	2897	13080	0
6	2897	13080	0
6	2903	13110	0
6	2903	13110	0
6	2908	13140	0
6	2908	13140	0
6	2912	13150	1
6	2917	13170	1
6	2917	13170	0
6	2923	13200	0
6	2923	13200	0
6	2927	13230	0
6	2927	13230	0
6	2930	13240	1
6	2936	13260	1
6	2936	13260	1
6	2943	13290	1
6	2943	13290	0
6	2950	13320	0
6	2950	13320	0
6	2952	13330.840100182738	1
6	2955	13350	1
6	2955	13350	0
6	2961	13380	0
6	2961	13380	0
6	2969	13410	0
6	2969	13410	0
6	2977	13440	0
6	2977	13440	0
6	2984	13470	0
6	2984	13470	0
6	2992	13500	0
6	2992	13500	0
6	2994	13510	1
6	2999	13530	1
6	2999	13530	0
6	3006	13545.475274428572	1
6	3010	13560	1
6	3010	13560	1
6	3013	13581.996194452348	2
6	3017	13590	2
6	3017	13590	0
6	3023	13620	0
6	3023	13620	0
6	3035	13650	0
6	3035	13650	0
6	3040	13680	0
6	3040	13680	0
6	3052	13710	0
6	3052	13710	0
6	3054	13720	1
6	3058	13740	1
6	3058	13740	1
6	3062	13770	1
6	3062	13770	0
6	3064	13770.614930417404	1
6	3071	13800	1
6	3071	13800	1
6	3079	13830	1
6	3079	13830	0
6	3085	13860	0
6	3085	13860	0
6	3091	13890	0
6	3091	13890	0
6	3100	13920	0
6	3100	13920	0
6	3111	13950	0
6	3111	13950	0
6	3116	13980	0
6	3116	13980	0
6	3122	14010	0
6	3122	14010	0
6	3129	14040	0
6	3129	14040	0
6	3135	14070	0
6	3135	14070	0
6	3141	14100	0
6	3141	14100	0
6	3143	14110	1
6	3147	14130	1
6	3147	14130	0
6	3153	14160	0
6	3153	14160	0
6	3158	14190	0
6	3158	14190	0
6	3164	14220	0
6	3164	14220	0
6	3170	14250	0
6	3170	14250	0
6	3176	14280	0
6	3176	14280	0
6	3182	14310	0
6	3182	14310	0
6	3184	14312.787618792475	1
6	3188	14340	1
6	3188	14340	0
6	3194	14370	0
6	3194	14370	0
6	3198	14400	0
6	3198	14400	0
6	3205	14430	0
6	3205	14430	0
6	3213	14460	0
6	3213	14460	0
6	3218	14490	0
6	3218	14490	0
6	3225	14520	0
6	3225	14520	0
6	3231	14550	0
6	3231	14550	0
6	3237	14580	0
6	3237	14580	0
6	3245	14610	0
6	3245	14610	0
6	3250	14640	0
6	3250	14640	0
6	3255	14670	0
6	3255	14670	0
6	3263	14700	0
6	3263	14700	0
6	3268	14730	0
6	3268	14730	0
6	3276	14760	0
6	3276	14760	0
6	3279	14774.06948292158	1
6	3282	14790	1
6	3282	14790	1
6	3289	14820	1
6	3289	14820	0
6	3295	14850	0
6	3295	14850	0
6	3300	14868.08623950469	1
6	3303	14880	1
6	3303	14880	1
6	3312	14910	1
6	3312	14910	1
6	3317	14940	1
6	3317	14940	0
6	3324	14970	0
6	3324	14970	0
6	3332	15000	0
6	3332	15000	0
6	3334	15008.052166662197	1
6	3336	15009.210653753553	2
6	3341	15030	2
6	3341	15030	1
6	3348	15060	1
6	3348	15060	0
6	3353	15090	0
6	3353	15090	0
6	3356	15095.914527777431	1
6	3361	15120	1
6	3361	15120	1
6	3367	15150	1
6	3367	15150	0
6	3373	15180	0
6	3373	15180	0
6	3380	15210	0
6	3380	15210	0
6	3386	15240	0
6	3386	15240	0
6	3394	15270	0
6	3394	15270	0
6	3401	15300	0
6	3401	15300	0
6	3408	15330	0
6	3408	15330	0
6	3413	15360	0
6	3413	15360	0
6	3420	15390	0
6	3420	15390	0
6	3425	15402.130777437005	1
6	3430	15420	1
6	3430	15420	0
6	3437	15450	0
6	3437	15450	0
6	3439	15473.303883821565	1
6	3442	15480	1
6	3442	15480	1
6	3445	15505.117698341177	2
6	3448	15510	2
6	3448	15510	0
6	3454	15540	0
6	3454	15540	0
6	3460	15570	0
6	3460	15570	0
6	3465	15600	0
6	3465	15600	0
6	3475	15630	0
6	3475	15630	0
6	3480	15660	0
6	3480	15660	0
6	3486	15690	0
6	3486	15690	0
6	3492	15720	0
6	3492	15720	0
6	3501	15750	0
6	3501	15750	0
6	3503	15757.731332422555	1
6	3509	15780	1
6	3509	15780	0
6	3515	15810	0
6	3515	15810	0
6	3520	15840	0
6	3520	15840	0
6	3529	15870	0
6	3529	15870	0
6	3532	15880	1
6	3533	15880	2
6	3536	15900	2
6	3536	15900	2
6	3542	15930	2
6	3542	15930	0
6	3548	15960	0
6	3548	15960	0
6	3553	15990	0
6	3553	15990	0
6	3559	16020	0
6	3559	16020	0
6	3566	16050	0
6	3566	16050	0
6	3571	16080	0
6	3571	16080	0
6	3576	16110	0
6	3576	16110	0
6	3583	16140	0
6	3583	16140	0
6	3588	16170	0
6	3588	16170	0
6	3590	16191.22314602112	1
6	3593	16200	1
6	3593	16200	1
6	3599	16230	1
6	3599	16230	0
6	3604	16260	0
6	3604	16260	0
6	3608	16290	0
6	3608	16290	0
6	3610	16301.838009608134	1
6	3613	16320	1
6	3613	16320	1
6	3620	16350	1
6	3620	16350	0
6	3624	16380	0
6	3624	16380	0
6	3626	16390	1
6	3629	16410	1
6	3629	16410	0
6	3633	16440	0
6	3633	16440	0
6	3641	16470	0
6	3641	16470	0
6	3646	16500	0
6	3646	16500	0
6	3651	16530	0
6	3651	16530	0
6	3656	16560	0
6	3656	16560	0
6	3663	16590	0
6	3663	16590	0
6	3668	16620	0
6	3668	16620	0
6	3672	16650	0
6	3672	16650	0
6	3678	16680	0
6	3678	16680	0
6	3685	16710	0
6	3685	16710	0
6	3691	16740	0
6	3691	16740	0
6	3698	16770	0
6	3698	16770	0
6	3703	16800	0
6	3703	16800	0
6	3711	16830	0
6	3711	16830	0
6	3714	16840	1
6	3716	16856.871600561938	2
6	3719	16860	2
6	3719	16860	1
6	3725	16890	1
6	3725	16890	0
6	3727	16903.676447298203	1
6	3732	16920	1
6	3732	16920	0
6	3737	16950	0
6	3737	16950	0
6	3746	16980	0
6	3746	16980	0
6	3754	17010	0
6	3754	17010	0
6	3761	17040	0
6	3761	17040	0
6	3766	17070	0
6	3766	17070	0
6	3768	17070.260842816329	1
6	3776	17100	1
6	3776	17100	0
6	3781	17130	0
6	3781	17130	0
6	3790	17160	0
6	3790	17160	0
6	3795	17190	0
6	3795	17190	0
6	3799	17200.696704687752	1
6	3802	17220	1
6	3802	17220	0
6	3805	17230	1
6	3811	17250	1
6	3811	17250	0
6	3816	17280	0
6	3816	17280	0
6	3821	17310	0
6	3821	17310	0
6	3830	17339.393720809549	1
6	3833	17340	1
6	3833	17340	0
6	3838	17350.906747664111	1
6	3842	17370	1
6	3842	17370	1
6	3846	17384.680075506718	2
6	3850	17400	2
6	3850	17400	2
6	3857	17430	2
6	3857	17430	0
6	3861	17437.278064276123	1
6	3871	17460	1
6	3871	17460	0
6	3876	17490	0
6	3876	17490	0
6	3882	17518.802202464634	1
6	3885	17520	1
6	3885	17520	1
6	3899	17550	1
6	3899	17550	1
6	3905	17580	1
6	3905	17580	0
6	3914	17610	0
6	3914	17610	0
6	3923	17640	0
6	3923	17640	0
6	3928	17660.187311184693	1
6	3931	17670	1
6	3931	17670	1
6	3938	17700	1
6	3938	17700	0
6	3940	17700.181813541917	1
6	3949	17730	1
6	3949	17730	1
6	3954	17760	1
6	3954	17760	1
6	3960	17790	1
6	3960	17790	0
6	3963	17800	1
6	3967	17820	1
6	3967	17820	1
6	3972	17850	1
6	3972	17850	0
6	3978	17880	0
6	3978	17880	0
6	3984	17910	0
6	3984	17910	0
6	3990	17940	0
6	3990	17940	0
6	3996	17970	0
6	3996	17970	0
6	4001	18000	0
6	4001	18000	0
6	4008	18030	0
6	4008	18030	0
6	4017	18060	0
6	4017	18060	0
6	4023	18090	0
6	4023	18090	0
6	4028	18120	0
6	4028	18120	0
6	4032	18139.26064619318	1
6	4037	18150	1
6	4037	18150	1
6	4043	18180	1
6	4043	18180	0
6	4046	18190	1
6	4050	18210	1
6	4050	18210	0
6	4059	18240	0
6	4059	18240	0
6	4066	18270	0
6	4066	18270	0
6	4072	18300	0
6	4072	18300	0
6	4077	18310	1
6	4078	18310	2
6	4083	18330	2
6	4083	18330	0
6	4088	18342.53982514619	1
6	4092	18359.601584910343	2
6	4095	18360	2
6	4095	18360	1
6	4100	18390	1
6	4100	18390	1
6	4103	18400	2
6	4107	18420	2
6	4107	18420	1
6	4111	18430	2
6	4112	18430	3
6	4113	18430	4
6	4120	18450	4
6	4120	18450	0
6	4130	18480	0
6	4130	18480	0
6	4137	18510	0
6	4137	18510	0
6	4145	18540	0
6	4145	18540	0
6	4147	18545.072316837528	1
6	4153	18562.046040282031	2
6	4155	18562.288798840359	3
6	4158	18570	3
6	4158	18570	2
6	4165	18600	2
6	4165	18600	2
6	4172	18630	2
6	4172	18630	0
6	4181	18660	0
6	4181	18660	0
6	4187	18690	0
6	4187	18690	0
6	4193	18720	0
6	4193	18720	0
6	4202	18750	0
6	4202	18750	0
6	4209	18780	0
6	4209	18780	0
6	4215	18810	0
6	4215	18810	0
6	4223	18840	0
6	4223	18840	0
6	4225	18843.646931908867	1
6	4234	18870	1
6	4234	18870	1
6	4243	18900	1
6	4243	18900	0
6	4250	18930	0
6	4250	18930	0
6	4253	18951.000582421898	1
6	4257	18960	1
6	4257	18960	1
6	4259	18961.661737548561	2
6	4266	18990	2
6	4266	18990	2
6	4270	19000	3
6	4273	19020	3
6	4273	19020	1
6	4280	19050	1
6	4280	19050	0
6	4283	19060	1
6	4286	19080	1
6	4286	19080	0
6	4294	19110	0
6	4294	19110	0
6	4304	19140	0
6	4304	19140	0
6	4314	19170	0
6	4314	19170	0
6	4317	19181.147461356689	1
6	4320	19200	1
6	4320	19200	1
6	4328	19230	1
6	4328	19230	1
6	4334	19246.449969762594	2
6	4337	19249.087664881742	3
6	4342	19260	3
6	4342	19260	1
6	4344	19270	2
6	4347	19290	2
6	4347	19290	0
6	4353	19320	0
6	4353	19320	0
6	4360	19350	0
6	4360	19350	0
6	4367	19380	0
6	4367	19380	0
6	4373	19410	0
6	4373	19410	0
6	4379	19440	0
6	4379	19440	0
6	4386	19470	0
6	4386	19470	0
6	4393	19500	0
6	4393	19500	0
6	4398	19530	0
6	4398	19530	0
6	4406	19560	0
6	4406	19560	0
6	4411	19590	0
6	4411	19590	0
6	4413	19600	1
6	4417	19620	1
6	4417	19620	1
6	4422	19650	1
6	4422	19650	0
6	4427	19680	0
6	4427	19680	0
6	4432	19710	0
6	4432	19710	0
6	4434	19720	1
6	4437	19740	1
6	4437	19740	1
6	4446	19770	1
6	4446	19770	0
6	4451	19800	0
6	4451	19800	0
6	4457	19830	0
6	4457	19830	0
6	4463	19860	0
6	4463	19860	0
6	4472	19890	0
6	4472	19890	0
6	4478	19920	0
6	4478	19920	0
6	4484	19950	0
6	4484	19950	0
6	4491	19980	0
6	4491	19980	0
7	261	1170	12.289786786324
7	284	1290	20
7	294	1330	0
7	318	1440	20
7	318	1440	20
7	325	1470	6.012893319992
7	396	1800	20
7	414	1890	49.024819416593
7	414	1890	20
7	479	2260	0
7	485	2290	0
7	534	2490	23.434453182341
7	546	2550	77.369539487496
7	560	2605.726386710293	0
7	563	2610	20
7	583	2700	86.54945955764
7	601	2760	20
7	619	2820	6.230522620336
7	628	2860	0
7	675	3060	26.072789618975
7	677	3087.775432492007	0
7	699	3180	85.950564340587
7	731	3340	0
7	777	3540	53.306695265501
7	839	3810	50
7	839	3810	50
7	844	3820	0
7	861	3904.151035113286	0
7	878	3960	20
7	878	3960	20
7	917	4110	62.021133656483
7	930	4170	50
7	934	4180	0
7	938	4200	20
7	983	4380	13.646212746994
7	988	4410	50
7	1046	4650	50
7	1054	4690	0
7	1056	4698.815997150249	0
7	1066	4740	75.249140851419
7	1073	4770	50
7	1089	4860	61.849075066882
7	1119	5020	0
7	1162	5250	50
7	1175	5310	37.674484728416
7	1219	5520	20
7	1234	5580	26.939271954154
7	1234	5580	0.839852756741
7	1250	5650	0
7	1254	5670	31.430526642546
7	1267	5730	50
7	1321	5970	50
7	1324	5980	0
7	1368	6180	36.15755877473
7	1387	6271.706888508306	0
7	1397	6330	20
7	1419	6420	66.588429329312
7	1440	6510	2.457147653885
7	1490	6730	0
7	1511	6810	50
7	1530	6900	6.01601599209
7	1597	7157.189984311277	0
7	1607	7200	82.802881246494
7	1610	7210	0
7	1622	7260	52.890653894829
7	1622	7260	38.361691440601
7	1622	7260	10.564873386107
7	1631	7290	50
7	1680	7509.41176853971	0
7	1686	7530	20
7	1725	7722.0158146059	0
7	1772	7950	28.50953913951
7	1829	8220	23.041400882099
7	1838	8260	0
7	1865	8370	20
7	1878	8430	53.56403028016
7	1896	8500	0
7	1906	8550	72.437835486692
7	1938	8670	35.058677243348
7	1938	8670	5.069452776371
7	1960	8770	0
7	1975	8820	24.048248679776
7	1979	8850	50
7	2003	8940	85.506963091358
7	2003	8940	22.599105901073
7	2024	9030.917204418716	0
7	2036	9090	19.982407876772
7	2087	9300	44.667102115485
7	2087	9300	22.418334244452
7	2124	9460	0
7	2169	9690	48.125105779388
7	2200	9862.921874006241	0
7	2205	9870	67.387045028166
7	2240	10050	20
7	2261	10140	82.04155905698
7	2269	10180	0
7	2270	10180	0
7	2279	10221.22006132477	0
7	2297	10290	20
7	2322	10420	0
7	2358	10570	0
7	2362	10590	26.209042027378
7	2375	10650	0.920356733961
7	2395	10735.240941761947	0
7	2430	10890	50
7	2443	10950	25.186289112882
7	2450	10980	15.012535120618
7	2456	11010	50
7	2489	11160	10.208799163415
7	2517	11280	20
7	2525	11310	24.737440179989
7	2538	11370	20
7	2576	11530	0
7	2588	11580	46.309626983704
7	2639	11820	20.464733128384
7	2641	11832.613992302797	0
7	2697	12090	20
7	2735	12300	5.208754242928
7	2741	12330	20
7	2745	12340	0
7	2768	12460	0
7	2775	12510	77.066412653473
7	2804	12660	5.415102745612
7	2830	12780	8.626740270965
7	2865	12930	20
7	2875	12982.637629123863	0
7	2917	13170	20
7	2943	13290	50
7	2947	13300	0
7	2955	13350	19.159899817262
7	2963	13385.722350677197	0
7	2999	13530	20
7	3003	13540	0
7	3004	13540	0
7	3005	13540	0
7	3017	13590	44.524725571428
7	3017	13590	8.003805547652
7	3062	13770	50
7	3073	13810	0
7	3079	13830	59.385069582596
7	3095	13900	0
7	3125	14020	0
7	3132	14050	0
7	3147	14130	20
7	3185	14338.467955089514	0
7	3188	14340	27.212381207525
7	3190	14352.966718503581	0
7	3220	14500	0
7	3272	14740	0
7	3284	14797.673527538432	0
7	3289	14820	45.93051707842
7	3299	14860	0
7	3317	14940	71.91376049531
7	3335	15008.268722493903	0
7	3341	15030	20.789346246447
7	3348	15060	51.947833337803
7	3367	15150	54.085472222569
7	3405	15315.097085877323	0
7	3410	15340	0
7	3430	15420	17.869222562995
7	3448	15510	36.696116178435
7	3448	15510	4.882301658823
7	3472	15626.551309861175	0
7	3488	15700	0
7	3509	15780	22.268667577445
7	3523	15850	0
7	3542	15930	50
7	3542	15930	50
7	3568	16060	0
7	3599	16230	38.77685397888
7	3620	16350	48.161990391866
7	3629	16410	20
7	3636	16450	0
7	3719	16860	3.128399438062
7	3725	16890	50
7	3732	16920	16.323552701797
7	3776	17100	29.739157183671
7	3802	17220	19.303295312248
7	3811	17250	20
7	3833	17340	0.606279190451
7	3845	17380	0
7	3857	17430	79.093252335889
7	3857	17430	45.319924493282
7	3871	17460	22.721935723877
7	3881	17500	0
7	3887	17530	0
7	3905	17580	61.197797535366
7	3917	17620	0
7	3938	17700	39.812688815307
7	3960	17790	89.818186458083
7	3972	17850	50
7	3998	17980	0
7	4043	18180	40.73935380682
7	4050	18210	20
7	4083	18330	20
7	4083	18330	20
7	4087	18340	0
7	4095	18360	0.398415089657
7	4107	18420	77.46017485381
7	4115	18433.203211490992	0
7	4120	18450	50
7	4120	18450	20
7	4120	18450	20
7	4120	18450	20
7	4158	18570	24.927683162472
7	4172	18630	67.953959717969
7	4172	18630	67.711201159641
7	4183	18662.168628417681	0
7	4243	18900	56.353068091133
7	4252	18940	0
7	4273	19020	68.999417578102
7	4273	19020	58.338262451439
7	4280	19050	50
7	4286	19080	20
7	4342	19260	78.852538643311
7	4342	19260	10.912335118258
7	4347	19290	43.550030237406
7	4347	19290	20
7	4422	19650	50
7	4446	19770	50
8	261	1170	12437
8	284	1290	12438
8	294	1330	12439
8	318	1440	12440
8	318	1440	12441
8	325	1470	12444
8	396	1800	12449
8	414	1890	12451
8	414	1890	12450
8	479	2260	12452
8	485	2290	12454
8	534	2490	12458
8	546	2550	12462
8	560	2605.726386710293	12468
8	563	2610	12459
8	583	2700	12469
8	601	2760	12467
8	619	2820	12473
8	628	2860	12463
8	675	3060	12476
8	677	3087.775432492007	12477
8	699	3180	12478
8	731	3340	12479
8	777	3540	12484
8	839	3810	12488
8	839	3810	12490
8	844	3820	12487
8	861	3904.151035113286	12496
8	878	3960	12493
8	878	3960	12494
8	917	4110	12501
8	930	4170	12499
8	934	4180	12497
8	938	4200	12502
8	983	4380	12507
8	988	4410	12504
8	1046	4650	12510
8	1054	4690	12512
8	1056	4698.815997150249	12514
8	1066	4740	12515
8	1073	4770	12511
8	1089	4860	12518
8	1119	5020	12516
8	1162	5250	12519
8	1175	5310	12522
8	1219	5520	12525
8	1234	5580	12528
8	1234	5580	12531
8	1250	5650	12526
8	1254	5670	12533
8	1267	5730	12529
8	1321	5970	12537
8	1324	5980	12535
8	1368	6180	12541
8	1387	6271.706888508306	12544
8	1397	6330	12542
8	1419	6420	12546
8	1440	6510	12549
8	1490	6730	12553
8	1511	6810	12554
8	1530	6900	12558
8	1597	7157.189984311277	12568
8	1607	7200	12562
8	1610	7210	12563
8	1622	7260	12569
8	1622	7260	12570
8	1622	7260	12571
8	1631	7290	12566
8	1680	7509.41176853971	12576
8	1686	7530	12573
8	1725	7722.0158146059	12581
8	1772	7950	12584
8	1829	8220	12588
8	1838	8260	12586
8	1865	8370	12590
8	1878	8430	12593
8	1896	8500	12591
8	1906	8550	12597
8	1938	8670	12601
8	1938	8670	12603
8	1960	8770	12602
8	1975	8820	12604
8	1979	8850	12600
8	2003	8940	12606
8	2003	8940	12607
8	2024	9030.917204418716	12611
8	2036	9090	12609
8	2087	9300	12615
8	2087	9300	12618
8	2124	9460	12614
8	2169	9690	12622
8	2200	9862.921874006241	12624
8	2205	9870	12625
8	2240	10050	12626
8	2261	10140	12631
8	2269	10180	12627
8	2270	10180	12628
8	2279	10221.22006132477	12633
8	2297	10290	12632
8	2322	10420	12634
8	2358	10570	12637
8	2362	10590	12640
8	2375	10650	12639
8	2395	10735.240941761947	12646
8	2430	10890	12642
8	2443	10950	12649
8	2450	10980	12650
8	2456	11010	12647
8	2489	11160	12651
8	2517	11280	12652
8	2525	11310	12656
8	2538	11370	12654
8	2576	11530	12659
8	2588	11580	12664
8	2639	11820	12667
8	2641	11832.613992302797	12668
8	2697	12090	12670
8	2735	12300	12676
8	2741	12330	12674
8	2745	12340	12672
8	2768	12460	12675
8	2775	12510	12677
8	2804	12660	12680
8	2830	12780	12684
8	2865	12930	12683
8	2875	12982.637629123863	12686
8	2917	13170	12689
8	2943	13290	12690
8	2947	13300	12688
8	2955	13350	12696
8	2963	13385.722350677197	12698
8	2999	13530	12697
8	3003	13540	12695
8	3004	13540	12692
8	3005	13540	12694
8	3017	13590	12700
8	3017	13590	12702
8	3062	13770	12701
8	3073	13810	12705
8	3079	13830	12708
8	3095	13900	12703
8	3125	14020	12707
8	3132	14050	12712
8	3147	14130	12713
8	3185	14338.467955089514	12717
8	3188	14340	12716
8	3190	14352.966718503581	12718
8	3220	14500	12715
8	3272	14740	12719
8	3284	14797.673527538432	12727
8	3289	14820	12726
8	3299	14860	12722
8	3317	14940	12729
8	3335	15008.268722493903	12730
8	3341	15030	12733
8	3348	15060	12732
8	3367	15150	12736
8	3405	15315.097085877323	12740
8	3410	15340	12735
8	3430	15420	12743
8	3448	15510	12744
8	3448	15510	12745
8	3472	15626.551309861175	12746
8	3488	15700	12741
8	3509	15780	12750
8	3523	15850	12747
8	3542	15930	12748
8	3542	15930	12751
8	3568	16060	12753
8	3599	16230	12756
8	3620	16350	12758
8	3629	16410	12757
8	3636	16450	12759
8	3719	16860	12767
8	3725	16890	12762
8	3732	16920	12765
8	3776	17100	12771
8	3802	17220	12776
8	3811	17250	12773
8	3833	17340	12779
8	3845	17380	12774
8	3857	17430	12780
8	3857	17430	12781
8	3871	17460	12784
8	3881	17500	12777
8	3887	17530	12782
8	3905	17580	12788
8	3917	17620	12778
8	3938	17700	12793
8	3960	17790	12794
8	3972	17850	12792
8	3998	17980	12796
8	4043	18180	12801
8	4050	18210	12799
8	4083	18330	12802
8	4083	18330	12803
8	4087	18340	12800
8	4095	18360	12806
8	4107	18420	12811
8	4115	18433.203211490992	12814
8	4120	18450	12804
8	4120	18450	12805
8	4120	18450	12808
8	4120	18450	12809
8	4158	18570	12815
8	4172	18630	12819
8	4172	18630	12820
8	4183	18662.168628417681	12822
8	4243	18900	12825
8	4252	18940	12821
8	4273	19020	12830
8	4273	19020	12832
8	4280	19050	12827
8	4286	19080	12831
8	4342	19260	12837
8	4342	19260	12840
8	4347	19290	12836
8	4347	19290	12835
8	4422	19650	12843
8	4446	19770	12844
9	232	1020	0
9	232	1020	0
9	238	1050	0
9	238	1050	0
9	245	1080	0
9	245	1080	0
9	250	1110	0
9	250	1110	0
9	251	1127.767085177979	1
9	255	1140	1
9	255	1140	1
9	262	1170	1
9	262	1170	0
9	263	1180	1
9	268	1200	1
9	268	1200	0
9	273	1230	0
9	273	1230	0
9	277	1260	0
9	277	1260	0
9	285	1290	0
9	285	1290	0
9	292	1320	0
9	292	1320	0
9	298	1350	0
9	298	1350	0
9	304	1380	0
9	304	1380	0
9	310	1410	0
9	310	1410	0
9	319	1440	0
9	319	1440	0
9	326	1470	0
9	326	1470	0
9	328	1495.80772673627	1
9	332	1500	1
9	332	1500	0
9	337	1530	0
9	337	1530	0
9	339	1540	1
9	340	1540	2
9	348	1560	2
9	348	1560	0
9	354	1590	0
9	354	1590	0
9	359	1620	0
9	359	1620	0
9	366	1650	0
9	366	1650	0
9	374	1680	0
9	374	1680	0
9	375	1687.32265953465	1
9	379	1710	1
9	379	1710	1
9	385	1740	1
9	385	1740	1
9	391	1770	1
9	391	1770	0
9	397	1800	0
9	397	1800	0
9	403	1830	0
9	403	1830	0
9	409	1860	0
9	409	1860	0
9	415	1890	0
9	415	1890	0
9	421	1920	0
9	421	1920	0
9	426	1950	0
9	426	1950	0
9	431	1980	0
9	431	1980	0
9	437	2010	0
9	437	2010	0
9	441	2040	0
9	441	2040	0
9	446	2070	0
9	446	2070	0
9	452	2100	0
9	452	2100	0
9	453	2110	1
9	457	2130	1
9	457	2130	1
9	461	2160	1
9	461	2160	0
9	468	2190	0
9	468	2190	0
9	474	2220	0
9	474	2220	0
9	478	2250	0
9	478	2250	0
9	484	2280	0
9	484	2280	0
9	486	2294.935548314552	1
9	491	2310	1
9	491	2310	1
9	497	2340	1
9	497	2340	1
9	506	2370	1
9	506	2370	0
9	512	2400	0
9	512	2400	0
9	513	2426.887086186238	1
9	517	2430	1
9	517	2430	1
9	525	2460	1
9	525	2460	1
9	535	2490	1
9	535	2490	0
9	543	2520	0
9	543	2520	0
9	547	2550	0
9	547	2550	0
9	554	2580	0
9	554	2580	0
9	564	2610	0
9	564	2610	0
9	566	2620	1
9	567	2620	2
9	572	2640	2
9	572	2640	0
9	573	2650	1
9	579	2670	1
9	579	2670	0
9	584	2700	0
9	584	2700	0
9	587	2710	1
9	594	2730	1
9	594	2730	1
9	602	2760	1
9	602	2760	0
9	603	2769.799420961962	1
9	611	2790	1
9	611	2790	1
9	620	2820	1
9	620	2820	0
9	625	2850	0
9	625	2850	0
9	634	2880	0
9	634	2880	0
9	641	2910	0
9	641	2910	0
9	649	2940	0
9	649	2940	0
9	655	2970	0
9	655	2970	0
9	661	3000	0
9	661	3000	0
9	668	3030	0
9	668	3030	0
9	676	3060	0
9	676	3060	0
9	681	3090	0
9	681	3090	0
9	689	3120	0
9	689	3120	0
9	693	3150	0
9	693	3150	0
9	700	3180	0
9	700	3180	0
9	706	3210	0
9	706	3210	0
9	707	3220	1
9	711	3240	1
9	711	3240	0
9	717	3270	0
9	717	3270	0
9	726	3300	0
9	726	3300	0
9	730	3330	0
9	730	3330	0
9	736	3360	0
9	736	3360	0
9	743	3390	0
9	743	3390	0
9	749	3420	0
9	749	3420	0
9	751	3430	1
9	757	3450	1
9	757	3450	1
9	763	3480	1
9	763	3480	0
9	771	3510	0
9	771	3510	0
9	778	3540	0
9	778	3540	0
9	783	3570	0
9	783	3570	0
9	786	3583.237732739447	1
9	792	3600	1
9	792	3600	1
9	797	3630	1
9	797	3630	1
9	800	3651.032063497217	2
9	805	3660	2
9	805	3660	0
9	811	3690	0
9	811	3690	0
9	813	3700	1
9	819	3720	1
9	819	3720	0
9	825	3750	0
9	825	3750	0
9	832	3780	0
9	832	3780	0
9	840	3810	0
9	840	3810	0
9	849	3840	0
9	849	3840	0
9	855	3870	0
9	855	3870	0
9	860	3900	0
9	860	3900	0
9	868	3930	0
9	868	3930	0
9	879	3960	0
9	879	3960	0
9	884	3987.056215904746	1
9	888	3990	1
9	888	3990	1
9	895	4020	1
9	895	4020	0
9	901	4050	0
9	901	4050	0
9	903	4060	1
9	912	4080	1
9	912	4080	0
9	918	4110	0
9	918	4110	0
9	925	4140	0
9	925	4140	0
9	931	4170	0
9	931	4170	0
9	939	4200	0
9	939	4200	0
9	945	4230	0
9	945	4230	0
9	948	4252.498887273906	1
9	952	4260	1
9	952	4260	0
9	957	4274.398700382361	1
9	962	4290	1
9	962	4290	0
9	967	4320	0
9	967	4320	0
9	974	4350	0
9	974	4350	0
9	984	4380	0
9	984	4380	0
9	989	4410	0
9	989	4410	0
9	990	4430.094318377796	1
9	992	4439.582578670433	2
9	996	4440	2
9	996	4440	2
9	1004	4470	2
9	1004	4470	2
9	1012	4500	2
9	1012	4500	0
9	1018	4530	0
9	1018	4530	0
9	1019	4537.039116898803	1
9	1024	4560	1
9	1024	4560	1
9	1032	4590	1
9	1032	4590	1
9	1042	4620	1
9	1042	4620	0
9	1047	4650	0
9	1047	4650	0
9	1053	4680	0
9	1053	4680	0
9	1060	4710	0
9	1060	4710	0
9	1067	4740	0
9	1067	4740	0
9	1068	4750	1
9	1074	4770	1
9	1074	4770	1
9	1081	4800	1
9	1081	4800	0
9	1085	4830	0
9	1085	4830	0
9	1090	4860	0
9	1090	4860	0
9	1091	4870	1
9	1096	4890	1
9	1096	4890	1
9	1097	4900	2
9	1102	4920	2
9	1102	4920	0
9	1107	4950	0
9	1107	4950	0
9	1112	4980	0
9	1112	4980	0
9	1118	5010	0
9	1118	5010	0
9	1124	5040	0
9	1124	5040	0
9	1129	5070	0
9	1129	5070	0
9	1131	5091.472417741711	1
9	1135	5100	1
9	1135	5100	0
9	1141	5130	0
9	1141	5130	0
9	1145	5160	0
9	1145	5160	0
9	1152	5190	0
9	1152	5190	0
9	1158	5220	0
9	1158	5220	0
9	1163	5250	0
9	1163	5250	0
9	1170	5280	0
9	1170	5280	0
9	1176	5310	0
9	1176	5310	0
9	1180	5340	0
9	1180	5340	0
9	1188	5370	0
9	1188	5370	0
9	1194	5400	0
9	1194	5400	0
9	1200	5430	0
9	1200	5430	0
9	1205	5460	0
9	1205	5460	0
9	1215	5490	0
9	1215	5490	0
9	1220	5520	0
9	1220	5520	0
9	1227	5550	0
9	1227	5550	0
9	1229	5564.482540919522	1
9	1235	5580	1
9	1235	5580	0
9	1236	5590	1
9	1240	5610	1
9	1240	5610	1
9	1248	5640	1
9	1248	5640	0
9	1255	5670	0
9	1255	5670	0
9	1263	5700	0
9	1263	5700	0
9	1268	5730	0
9	1268	5730	0
9	1269	5740	1
9	1278	5760	1
9	1278	5760	0
9	1279	5770	1
9	1285	5790	1
9	1285	5790	0
9	1287	5806.715100691314	1
9	1291	5820	1
9	1291	5820	0
9	1297	5850	0
9	1297	5850	0
9	1298	5860	1
9	1299	5860	2
9	1304	5880	2
9	1304	5880	0
9	1312	5910	0
9	1312	5910	0
9	1317	5940	0
9	1317	5940	0
9	1318	5943.901768322018	1
9	1322	5970	1
9	1322	5970	0
9	1330	6000	0
9	1330	6000	0
9	1335	6030	0
9	1335	6030	0
9	1341	6060	0
9	1341	6060	0
9	1348	6090	0
9	1348	6090	0
9	1355	6120	0
9	1355	6120	0
9	1362	6150	0
9	1362	6150	0
9	1369	6180	0
9	1369	6180	0
9	1370	6208.127272379932	1
9	1374	6210	1
9	1374	6210	0
9	1375	6236.265733839129	1
9	1380	6240	1
9	1380	6240	0
9	1386	6270	0
9	1386	6270	0
9	1392	6300	0
9	1392	6300	0
9	1398	6330	0
9	1398	6330	0
9	1406	6360	0
9	1406	6360	0
9	1408	6371.706888508306	1
9	1412	6390	1
9	1412	6390	0
9	1420	6420	0
9	1420	6420	0
9	1426	6450	0
9	1426	6450	0
9	1432	6480	0
9	1432	6480	0
9	1441	6510	0
9	1441	6510	0
9	1442	6517.053395332481	1
9	1444	6525.455197573923	2
9	1450	6540	2
9	1450	6540	1
9	1454	6570	1
9	1454	6570	0
9	1456	6580	1
9	1462	6600	1
9	1462	6600	0
9	1466	6629.648877202986	1
9	1470	6630	1
9	1470	6630	1
9	1477	6660	1
9	1477	6660	0
9	1483	6690	0
9	1483	6690	0
9	1489	6720	0
9	1489	6720	0
9	1497	6750	0
9	1497	6750	0
9	1505	6780	0
9	1505	6780	0
9	1512	6810	0
9	1512	6810	0
9	1520	6840	0
9	1520	6840	0
9	1526	6870	0
9	1526	6870	0
9	1531	6900	0
9	1531	6900	0
9	1532	6903.203678288409	1
9	1535	6922.018911748053	2
9	1539	6930	2
9	1539	6930	0
9	1548	6960	0
9	1548	6960	0
9	1553	6990	0
9	1553	6990	0
9	1561	7020	0
9	1561	7020	0
9	1570	7050	0
9	1570	7050	0
9	1572	7060	1
9	1577	7080	1
9	1577	7080	0
9	1580	7103.704647575737	1
9	1585	7110	1
9	1585	7110	1
9	1588	7124.340272106307	2
9	1589	7126.647787213507	3
9	1594	7140	3
9	1594	7140	2
9	1601	7170	2
9	1601	7170	0
9	1608	7200	0
9	1608	7200	0
9	1615	7230	0
9	1615	7230	0
9	1618	7253.728683295896	1
9	1623	7260	1
9	1623	7260	1
9	1632	7290	1
9	1632	7290	0
9	1639	7320	0
9	1639	7320	0
9	1643	7350	0
9	1643	7350	0
9	1648	7368.3186082381	1
9	1654	7380	1
9	1654	7380	1
9	1662	7410	1
9	1662	7410	0
9	1666	7440	0
9	1666	7440	0
9	1673	7470	0
9	1673	7470	0
9	1679	7500	0
9	1679	7500	0
9	1687	7530	0
9	1687	7530	0
9	1692	7560	0
9	1692	7560	0
9	1699	7590	0
9	1699	7590	0
9	1704	7620	0
9	1704	7620	0
9	1711	7650	0
9	1711	7650	0
9	1712	7660	1
9	1716	7680	1
9	1716	7680	0
9	1723	7710	0
9	1723	7710	0
9	1730	7740	0
9	1730	7740	0
9	1736	7770	0
9	1736	7770	0
9	1743	7800	0
9	1743	7800	0
9	1748	7822.0158146059	1
9	1752	7830	1
9	1752	7830	0
9	1756	7860	0
9	1756	7860	0
9	1762	7890	0
9	1762	7890	0
9	1767	7920	0
9	1767	7920	0
9	1773	7950	0
9	1773	7950	0
9	1779	7980	0
9	1779	7980	0
9	1784	8010	0
9	1784	8010	0
9	1789	8040	0
9	1789	8040	0
9	1796	8070	0
9	1796	8070	0
9	1801	8100	0
9	1801	8100	0
9	1808	8130	0
9	1808	8130	0
9	1811	8140	1
9	1812	8152.711548550182	2
9	1816	8160	2
9	1816	8160	0
9	1822	8190	0
9	1822	8190	0
9	1826	8208.709598353306	1
9	1830	8220	1
9	1830	8220	1
9	1836	8250	1
9	1836	8250	0
9	1844	8280	0
9	1844	8280	0
9	1845	8287.171919313356	1
9	1852	8310	1
9	1852	8310	1
9	1858	8340	1
9	1858	8340	1
9	1866	8370	1
9	1866	8370	0
9	1869	8380	1
9	1874	8400	1
9	1874	8400	0
9	1879	8430	0
9	1879	8430	0
9	1880	8433.26787532888	1
9	1886	8460	1
9	1886	8460	1
9	1894	8490	1
9	1894	8490	0
9	1900	8520	0
9	1900	8520	0
9	1907	8550	0
9	1907	8550	0
9	1916	8580	0
9	1916	8580	0
9	1923	8610	0
9	1923	8610	0
9	1925	8634.447751465903	1
9	1930	8640	1
9	1930	8640	1
9	1939	8670	1
9	1939	8670	1
9	1946	8700	1
9	1946	8700	0
9	1952	8730	0
9	1952	8730	0
9	1958	8760	0
9	1958	8760	0
9	1961	8770	1
9	1962	8770	2
9	1967	8790	2
9	1967	8790	0
9	1976	8820	0
9	1976	8820	0
9	1980	8850	0
9	1980	8850	0
9	1989	8880	0
9	1989	8880	0
9	1996	8910	0
9	1996	8910	0
9	2004	8940	0
9	2004	8940	0
9	2011	8970	0
9	2011	8970	0
9	2017	9000	0
9	2017	9000	0
9	2023	9030	0
9	2023	9030	0
9	2030	9060	0
9	2030	9060	0
9	2037	9090	0
9	2037	9090	0
9	2042	9120	0
9	2042	9120	0
9	2051	9150	0
9	2051	9150	0
9	2059	9180	0
9	2059	9180	0
9	2066	9210	0
9	2066	9210	0
9	2073	9240	0
9	2073	9240	0
9	2077	9269.197579216354	1
9	2081	9270	1
9	2081	9270	1
9	2088	9300	1
9	2088	9300	1
9	2092	9330	1
9	2092	9330	0
9	2095	9340	1
9	2101	9360	1
9	2101	9360	0
9	2108	9390	0
9	2108	9390	0
9	2114	9420	0
9	2114	9420	0
9	2121	9450	0
9	2121	9450	0
9	2130	9480	0
9	2130	9480	0
9	2135	9510	0
9	2135	9510	0
9	2143	9540	0
9	2143	9540	0
9	2151	9570	0
9	2151	9570	0
9	2155	9600	0
9	2155	9600	0
9	2159	9630	0
9	2159	9630	0
9	2165	9660	0
9	2165	9660	0
9	2170	9690	0
9	2170	9690	0
9	2176	9720	0
9	2176	9720	0
9	2180	9750	0
9	2180	9750	0
9	2187	9780	0
9	2187	9780	0
9	2193	9810	0
9	2193	9810	0
9	2199	9840	0
9	2199	9840	0
9	2201	9863.11475725444	1
9	2206	9870	1
9	2206	9870	1
9	2212	9900	1
9	2212	9900	1
9	2218	9930	1
9	2218	9930	0
9	2223	9960	0
9	2223	9960	0
9	2230	9990	0
9	2230	9990	0
9	2235	10020	0
9	2235	10020	0
9	2241	10050	0
9	2241	10050	0
9	2243	10060	1
9	2244	10060	2
9	2245	10060	3
9	2250	10080	3
9	2250	10080	0
9	2255	10110	0
9	2255	10110	0
9	2256	10110.330251901878	1
9	2262	10140	1
9	2262	10140	1
9	2267	10170	1
9	2267	10170	0
9	2275	10200	0
9	2275	10200	0
9	2283	10230	0
9	2283	10230	0
9	2290	10260	0
9	2290	10260	0
9	2298	10290	0
9	2298	10290	0
9	2299	10300	1
9	2304	10320	1
9	2304	10320	0
9	2310	10350	0
9	2310	10350	0
9	2315	10380	0
9	2315	10380	0
9	2321	10410	0
9	2321	10410	0
9	2326	10440	0
9	2326	10440	0
9	2336	10470	0
9	2336	10470	0
9	2342	10500	0
9	2342	10500	0
9	2347	10530	0
9	2347	10530	0
9	2354	10560	0
9	2354	10560	0
9	2363	10590	0
9	2363	10590	0
9	2364	10596.153687875511	1
9	2369	10620	1
9	2369	10620	0
9	2376	10650	0
9	2376	10650	0
9	2378	10660.408947055109	1
9	2384	10680	1
9	2384	10680	1
9	2387	10702.352789915867	2
9	2392	10710	2
9	2392	10710	2
9	2399	10740	2
9	2399	10740	1
9	2405	10770	1
9	2405	10770	0
9	2410	10800	0
9	2410	10800	0
9	2411	10806.444236511602	1
9	2417	10830	1
9	2417	10830	1
9	2425	10860	1
9	2425	10860	0
9	2431	10890	0
9	2431	10890	0
9	2433	10913.519541193013	1
9	2437	10920	1
9	2437	10920	1
9	2444	10950	1
9	2444	10950	1
9	2451	10980	1
9	2451	10980	0
9	2457	11010	0
9	2457	11010	0
9	2461	11040	0
9	2461	11040	0
9	2465	11050	1
9	2469	11070	1
9	2469	11070	0
9	2477	11100	0
9	2477	11100	0
9	2483	11130	0
9	2483	11130	0
9	2490	11160	0
9	2490	11160	0
9	2497	11190	0
9	2497	11190	0
9	2505	11220	0
9	2505	11220	0
9	2506	11220.624218876995	1
9	2510	11250	1
9	2510	11250	0
9	2511	11260	1
9	2518	11280	1
9	2518	11280	0
9	2526	11310	0
9	2526	11310	0
9	2532	11340	0
9	2532	11340	0
9	2539	11370	0
9	2539	11370	0
9	2547	11400	0
9	2547	11400	0
9	2556	11430	0
9	2556	11430	0
9	2563	11460	0
9	2563	11460	0
9	2568	11490	0
9	2568	11490	0
9	2573	11520	0
9	2573	11520	0
9	2583	11550	0
9	2583	11550	0
9	2589	11580	0
9	2589	11580	0
9	2590	11590	1
9	2594	11610	1
9	2594	11610	1
9	2602	11640	1
9	2602	11640	0
9	2609	11670	0
9	2609	11670	0
9	2615	11700	0
9	2615	11700	0
9	2620	11730	0
9	2620	11730	0
9	2628	11760	0
9	2628	11760	0
9	2633	11790	0
9	2633	11790	0
9	2640	11820	0
9	2640	11820	0
9	2646	11850	0
9	2646	11850	0
9	2647	11860	1
9	2653	11880	1
9	2653	11880	0
9	2654	11905.998988777475	1
9	2658	11910	1
9	2658	11910	1
9	2666	11940	1
9	2666	11940	1
9	2672	11970	1
9	2672	11970	0
9	2678	12000	0
9	2678	12000	0
9	2684	12030	0
9	2684	12030	0
9	2691	12060	0
9	2691	12060	0
9	2698	12090	0
9	2698	12090	0
9	2702	12120	0
9	2702	12120	0
9	2707	12150	0
9	2707	12150	0
9	2709	12176.535822476428	1
9	2713	12180	1
9	2713	12180	1
9	2715	12190	2
9	2721	12210	2
9	2721	12210	1
9	2726	12240	1
9	2726	12240	0
9	2730	12270	0
9	2730	12270	0
9	2736	12300	0
9	2736	12300	0
9	2742	12330	0
9	2742	12330	0
9	2744	12340	1
9	2749	12360	1
9	2749	12360	0
9	2753	12390	0
9	2753	12390	0
9	2760	12420	0
9	2760	12420	0
9	2767	12450	0
9	2767	12450	0
9	2772	12480	0
9	2772	12480	0
9	2776	12510	0
9	2776	12510	0
9	2782	12540	0
9	2782	12540	0
9	2788	12570	0
9	2788	12570	0
9	2793	12600	0
9	2793	12600	0
9	2795	12610	1
9	2799	12630	1
9	2799	12630	0
9	2805	12660	0
9	2805	12660	0
9	2810	12690	0
9	2810	12690	0
9	2819	12720	0
9	2819	12720	0
9	2821	12732.658442208283	1
9	2825	12750	1
9	2825	12750	1
9	2831	12780	1
9	2831	12780	1
9	2839	12810	1
9	2839	12810	0
9	2845	12840	0
9	2845	12840	0
9	2852	12870	0
9	2852	12870	0
9	2858	12900	0
9	2858	12900	0
9	2866	12930	0
9	2866	12930	0
9	2871	12960	0
9	2871	12960	0
9	2879	12990	0
9	2879	12990	0
9	2881	13006.956281253841	1
9	2886	13020	1
9	2886	13020	1
9	2892	13050	1
9	2892	13050	0
9	2893	13058.177474249393	1
9	2898	13080	1
9	2898	13080	1
9	2904	13110	1
9	2904	13110	1
9	2909	13140	1
9	2909	13140	0
9	2911	13150	1
9	2918	13170	1
9	2918	13170	1
9	2924	13200	1
9	2924	13200	0
9	2928	13230	0
9	2928	13230	0
9	2937	13260	0
9	2937	13260	0
9	2944	13290	0
9	2944	13290	0
9	2946	13300	1
9	2951	13320	1
9	2951	13320	0
9	2956	13350	0
9	2956	13350	0
9	2957	13351.565920174351	1
9	2962	13380	1
9	2962	13380	1
9	2965	13395.095975941877	2
9	2970	13410	2
9	2970	13410	1
9	2971	13420	2
9	2973	13420	3
9	2978	13440	3
9	2978	13440	0
9	2985	13470	0
9	2985	13470	0
9	2993	13500	0
9	2993	13500	0
9	3000	13530	0
9	3000	13530	0
9	3011	13560	0
9	3011	13560	0
9	3012	13571.930474763531	1
9	3018	13590	1
9	3018	13590	1
9	3024	13620	1
9	3024	13620	0
9	3036	13650	0
9	3036	13650	0
9	3041	13680	0
9	3041	13680	0
9	3053	13710	0
9	3053	13710	0
9	3059	13740	0
9	3059	13740	0
9	3063	13770	0
9	3063	13770	0
9	3065	13780	1
9	3072	13800	1
9	3072	13800	0
9	3080	13830	0
9	3080	13830	0
9	3086	13860	0
9	3086	13860	0
9	3087	13870	1
9	3092	13890	1
9	3092	13890	1
9	3101	13920	1
9	3101	13920	0
9	3112	13950	0
9	3112	13950	0
9	3117	13980	0
9	3117	13980	0
9	3118	13990.983711380581	1
9	3123	14010	1
9	3123	14010	0
9	3126	14033.881320734495	1
9	3130	14040	1
9	3130	14040	1
9	3136	14070	1
9	3136	14070	1
9	3142	14100	1
9	3142	14100	0
9	3148	14130	0
9	3148	14130	0
9	3154	14160	0
9	3154	14160	0
9	3159	14190	0
9	3159	14190	0
9	3165	14220	0
9	3165	14220	0
9	3171	14250	0
9	3171	14250	0
9	3177	14280	0
9	3177	14280	0
9	3183	14310	0
9	3183	14310	0
9	3189	14340	0
9	3189	14340	0
9	3191	14367.612913712311	1
9	3195	14370	1
9	3195	14370	1
9	3199	14400	1
9	3199	14400	0
9	3206	14430	0
9	3206	14430	0
9	3214	14460	0
9	3214	14460	0
9	3219	14490	0
9	3219	14490	0
9	3221	14502.162275828681	1
9	3226	14520	1
9	3226	14520	1
9	3232	14550	1
9	3232	14550	1
9	3238	14580	1
9	3238	14580	0
9	3240	14590	1
9	3246	14610	1
9	3246	14610	1
9	3251	14640	1
9	3251	14640	0
9	3256	14670	0
9	3256	14670	0
9	3264	14700	0
9	3264	14700	0
9	3265	14710	1
9	3269	14730	1
9	3269	14730	1
9	3277	14760	1
9	3277	14760	0
9	3283	14790	0
9	3283	14790	0
9	3290	14820	0
9	3290	14820	0
9	3296	14850	0
9	3296	14850	0
9	3304	14880	0
9	3304	14880	0
9	3313	14910	0
9	3313	14910	0
9	3318	14940	0
9	3318	14940	0
9	3325	14970	0
9	3325	14970	0
9	3333	15000	0
9	3333	15000	0
9	3342	15030	0
9	3342	15030	0
9	3345	15043.919527226934	1
9	3349	15060	1
9	3349	15060	1
9	3354	15090	1
9	3354	15090	0
9	3362	15120	0
9	3362	15120	0
9	3363	15130	1
9	3368	15150	1
9	3368	15150	0
9	3374	15180	0
9	3374	15180	0
9	3381	15210	0
9	3381	15210	0
9	3383	15220	1
9	3387	15240	1
9	3387	15240	0
9	3395	15270	0
9	3395	15270	0
9	3402	15300	0
9	3402	15300	0
9	3409	15330	0
9	3409	15330	0
9	3414	15360	0
9	3414	15360	0
9	3421	15390	0
9	3421	15390	0
9	3431	15420	0
9	3431	15420	0
9	3438	15450	0
9	3438	15450	0
9	3443	15480	0
9	3443	15480	0
9	3449	15510	0
9	3449	15510	0
9	3455	15540	0
9	3455	15540	0
9	3456	15550	1
9	3461	15570	1
9	3461	15570	1
9	3466	15600	1
9	3466	15600	0
9	3467	15610	1
9	3476	15630	1
9	3476	15630	0
9	3481	15660	0
9	3481	15660	0
9	3487	15690	0
9	3487	15690	0
9	3489	15716.380257373013	1
9	3493	15720	1
9	3493	15720	1
9	3502	15750	1
9	3502	15750	1
9	3506	15778.917249258533	2
9	3510	15780	2
9	3510	15780	0
9	3516	15810	0
9	3516	15810	0
9	3521	15840	0
9	3521	15840	0
9	3522	15846.976801797399	1
9	3530	15870	1
9	3530	15870	1
9	3537	15900	1
9	3537	15900	0
9	3543	15930	0
9	3543	15930	0
9	3545	15959.015134250749	1
9	3549	15960	1
9	3549	15960	0
9	3554	15990	0
9	3554	15990	0
9	3560	16020	0
9	3560	16020	0
9	3567	16050	0
9	3567	16050	0
9	3572	16080	0
9	3572	16080	0
9	3577	16110	0
9	3577	16110	0
9	3584	16140	0
9	3584	16140	0
9	3589	16170	0
9	3589	16170	0
9	3594	16200	0
9	3594	16200	0
9	3596	16225.169934896181	1
9	3600	16230	1
9	3600	16230	1
9	3605	16260	1
9	3605	16260	1
9	3609	16290	1
9	3609	16290	0
9	3614	16320	0
9	3614	16320	0
9	3615	16330	1
9	3621	16350	1
9	3621	16350	0
9	3625	16380	0
9	3625	16380	0
9	3630	16410	0
9	3630	16410	0
9	3634	16440	0
9	3634	16440	0
9	3635	16447.691707417789	1
9	3637	16450	2
9	3642	16470	2
9	3642	16470	1
9	3647	16500	1
9	3647	16500	0
9	3652	16530	0
9	3652	16530	0
9	3657	16560	0
9	3657	16560	0
9	3664	16590	0
9	3664	16590	0
9	3669	16620	0
9	3669	16620	0
9	3673	16650	0
9	3673	16650	0
9	3679	16680	0
9	3679	16680	0
9	3680	16689.216872229465	1
9	3686	16710	1
9	3686	16710	1
9	3692	16740	1
9	3692	16740	0
9	3699	16770	0
9	3699	16770	0
9	3704	16800	0
9	3704	16800	0
9	3712	16830	0
9	3712	16830	0
9	3720	16860	0
9	3720	16860	0
9	3726	16890	0
9	3726	16890	0
9	3733	16920	0
9	3733	16920	0
9	3738	16950	0
9	3738	16950	0
9	3747	16980	0
9	3747	16980	0
9	3749	16990	1
9	3755	17010	1
9	3755	17010	1
9	3756	17020	2
9	3762	17040	2
9	3762	17040	0
9	3767	17070	0
9	3767	17070	0
9	3770	17085.979568813549	1
9	3773	17096.544611408244	2
9	3777	17100	2
9	3777	17100	1
9	3782	17130	1
9	3782	17130	0
9	3791	17160	0
9	3791	17160	0
9	3796	17190	0
9	3796	17190	0
9	3803	17220	0
9	3803	17220	0
9	3808	17245.119774796508	1
9	3812	17250	1
9	3812	17250	1
9	3817	17280	1
9	3817	17280	0
9	3822	17310	0
9	3822	17310	0
9	3834	17340	0
9	3834	17340	0
9	3835	17350	1
9	3843	17370	1
9	3843	17370	1
9	3844	17380	2
9	3851	17400	2
9	3851	17400	0
9	3858	17430	0
9	3858	17430	0
9	3868	17455.995315834056	1
9	3872	17460	1
9	3872	17460	1
9	3877	17490	1
9	3877	17490	0
9	3879	17500	1
9	3886	17520	1
9	3886	17520	0
9	3900	17550	0
9	3900	17550	0
9	3906	17580	0
9	3906	17580	0
9	3915	17610	0
9	3915	17610	0
9	3920	17635.637583926738	1
9	3924	17640	1
9	3924	17640	1
9	3932	17670	1
9	3932	17670	1
9	3939	17700	1
9	3939	17700	0
9	3950	17730	0
9	3950	17730	0
9	3955	17760	0
9	3955	17760	0
9	3961	17790	0
9	3961	17790	0
9	3964	17816.319093041205	1
9	3968	17820	1
9	3968	17820	0
9	3969	17830	1
9	3973	17850	1
9	3973	17850	1
9	3979	17880	1
9	3979	17880	0
9	3985	17910	0
9	3985	17910	0
9	3991	17940	0
9	3991	17940	0
9	3997	17970	0
9	3997	17970	0
9	4002	18000	0
9	4002	18000	0
9	4009	18030	0
9	4009	18030	0
9	4013	18041.678325439902	1
9	4018	18060	1
9	4018	18060	1
9	4024	18090	1
9	4024	18090	0
9	4029	18120	0
9	4029	18120	0
9	4038	18150	0
9	4038	18150	0
9	4039	18153.421686856686	1
9	4044	18180	1
9	4044	18180	1
9	4045	18188.119662393966	2
9	4051	18210	2
9	4051	18210	0
9	4052	18220	1
9	4055	18228.230567074684	2
9	4060	18240	2
9	4060	18240	1
9	4061	18242.277408039044	2
9	4067	18270	2
9	4067	18270	2
9	4073	18300	2
9	4073	18300	1
9	4079	18323.377993240476	2
9	4080	18324.994921768638	3
9	4084	18330	3
9	4084	18330	0
9	4096	18360	0
9	4096	18360	0
9	4101	18390	0
9	4101	18390	0
9	4108	18420	0
9	4108	18420	0
9	4121	18450	0
9	4121	18450	0
9	4124	18460	1
9	4131	18480	1
9	4131	18480	0
9	4138	18510	0
9	4138	18510	0
9	4146	18540	0
9	4146	18540	0
9	4148	18550	1
9	4159	18570	1
9	4159	18570	1
9	4166	18600	1
9	4166	18600	0
9	4173	18630	0
9	4173	18630	0
9	4182	18660	0
9	4182	18660	0
9	4188	18690	0
9	4188	18690	0
9	4189	18697.264240988776	1
9	4194	18720	1
9	4194	18720	1
9	4203	18750	1
9	4203	18750	1
9	4210	18780	1
9	4210	18780	0
9	4211	18790	1
9	4216	18810	1
9	4216	18810	1
9	4224	18840	1
9	4224	18840	0
9	4235	18870	0
9	4235	18870	0
9	4240	18892.147256079131	1
9	4244	18900	1
9	4244	18900	0
9	4251	18930	0
9	4251	18930	0
9	4258	18960	0
9	4258	18960	0
9	4260	18965.892191291353	1
9	4267	18990	1
9	4267	18990	1
9	4274	19020	1
9	4274	19020	0
9	4281	19050	0
9	4281	19050	0
9	4287	19080	0
9	4287	19080	0
9	4289	19087.840921716886	1
9	4295	19110	1
9	4295	19110	1
9	4305	19140	1
9	4305	19140	1
9	4315	19170	1
9	4315	19170	0
9	4321	19200	0
9	4321	19200	0
9	4329	19230	0
9	4329	19230	0
9	4343	19260	0
9	4343	19260	0
9	4348	19290	0
9	4348	19290	0
9	4354	19320	0
9	4354	19320	0
9	4361	19350	0
9	4361	19350	0
9	4368	19380	0
9	4368	19380	0
9	4374	19410	0
9	4374	19410	0
9	4375	19420	1
9	4376	19423.811871855364	2
9	4380	19440	2
9	4380	19440	1
9	4387	19470	1
9	4387	19470	1
9	4394	19500	1
9	4394	19500	0
9	4399	19530	0
9	4399	19530	0
9	4402	19541.126473207536	1
9	4407	19560	1
9	4407	19560	1
9	4412	19590	1
9	4412	19590	1
9	4418	19620	1
9	4418	19620	0
9	4419	19636.768303044291	1
9	4423	19650	1
9	4423	19650	0
9	4428	19680	0
9	4428	19680	0
9	4433	19710	0
9	4433	19710	0
9	4438	19740	0
9	4438	19740	0
9	4447	19770	0
9	4447	19770	0
9	4452	19800	0
9	4452	19800	0
9	4458	19830	0
9	4458	19830	0
9	4464	19860	0
9	4464	19860	0
9	4473	19890	0
9	4473	19890	0
9	4479	19920	0
9	4479	19920	0
9	4485	19950	0
9	4485	19950	0
9	4488	19967.614068969126	1
9	4492	19980	1
9	4492	19980	0
10	239	1057.710213213676	0
10	262	1170	42.232914822021
10	268	1200	20
10	332	1500	4.19227326373
10	348	1560	20
10	348	1560	20
10	386	1740.975180583407	0
10	391	1770	82.67734046535
10	398	1810	0
10	461	2160	50
10	502	2366.565546817659	0
10	506	2370	75.064451685448
10	535	2490	63.112913813762
10	572	2640	20
10	572	2640	20
10	579	2670	20
10	602	2760	50
10	604	2770	0
10	607	2776.141283995914	0
10	612	2800	0
10	620	2820	50.200579038038
10	626	2859.938327404909	0
10	662	3010	0
10	711	3240	20
10	763	3480	50
10	799	3640	0
10	805	3660	76.762267260553
10	805	3660	8.967936502783
10	819	3720	20
10	820	3730	0
10	880	3970	0
10	881	3970	0
10	882	3970	0
10	895	4020	32.943784095254
10	896	4047.14464528092	0
10	912	4080	20
10	913	4090	0
10	952	4260	7.501112726094
10	962	4290	15.601299617639
10	997	4450	0
10	1012	4500	69.905681622204
10	1012	4500	60.417421329567
10	1042	4620	82.960883101197
10	1081	4800	50
10	1086	4840	0
10	1102	4920	50
10	1102	4920	20
10	1108	4960	0
10	1135	5100	8.527582258289
10	1222	5530	0
10	1235	5580	15.517459080478
10	1248	5640	50
10	1257	5680	0
10	1278	5760	20
10	1285	5790	20
10	1291	5820	13.284899308686
10	1304	5880	20
10	1304	5880	20
10	1305	5890	0
10	1322	5970	26.098231677982
10	1331	6010	0
10	1374	6210	1.872727620068
10	1380	6240	3.734266160871
10	1412	6390	18.293111491694
10	1434	6490	0
10	1450	6540	14.544802426077
10	1454	6570	52.946604667519
10	1462	6600	20
10	1464	6610	0
10	1477	6660	30.351122797014
10	1539	6930	26.796321711591
10	1539	6930	7.981088251947
10	1554	7000	0
10	1577	7080	20
10	1578	7090	0
10	1594	7140	15.659727893693
10	1601	7170	66.295352424263
10	1601	7170	43.352212786493
10	1632	7290	36.271316704104
10	1646	7360	0
10	1662	7410	41.6813917619
10	1716	7680	20
10	1717	7690	0
10	1752	7830	7.9841853941
10	1816	8160	20
10	1816	8160	7.288451449818
10	1817	8170	0
10	1836	8250	41.290401646694
10	1866	8370	82.828080686644
10	1874	8400	20
10	1894	8490	56.73212467112
10	1946	8700	65.552248534097
10	1959	8770	0
10	1967	8790	20
10	1967	8790	20
10	1998	8920	0
10	2012	8970.017592123228	0
10	2025	9040	0
10	2043	9130	0
10	2074	9250	0
10	2092	9330	60.802420783646
10	2101	9360	20
10	2102	9370	0
10	2116	9436.645689307569	0
10	2144	9541.874894220612	0
10	2218	9930	66.88524274556
10	2250	10080	20
10	2250	10080	20
10	2250	10080	20
10	2267	10170	59.669748098122
10	2304	10320	20
10	2329	10449.726026889491	0
10	2349	10549.079643266039	0
10	2357	10570	0
10	2369	10620	23.846312124489
10	2399	10740	79.591052944891
10	2405	10770	67.647210084133
10	2425	10860	53.555763488398
10	2451	10980	66.480458806987
10	2464	11050	0
10	2469	11070	20
10	2510	11250	29.375781123005
10	2518	11280	20
10	2575	11530	0
10	2602	11640	50
10	2604	11650	0
10	2649	11876.341990630207	0
10	2653	11880	20
10	2659	11920	0
10	2661	11932.613992302797	0
10	2672	11970	64.001011222525
10	2721	12210	33.464177523572
10	2726	12240	50
10	2749	12360	20
10	2799	12630	20
10	2826	12760	0
10	2839	12810	77.341557791717
10	2862	12922.150888382972	0
10	2873	12970	0
10	2892	13050	43.043718746159
10	2900	13090	0
10	2909	13140	81.822525750607
10	2924	13200	50
10	2951	13320	20
10	2970	13410	58.434079825649
10	2978	13440	44.904024058123
10	2978	13440	20
10	2978	13440	20
10	3024	13620	48.069525236469
10	3068	13795.78971251034	0
10	3072	13800	20
10	3101	13920	50
10	3123	14010	19.016288619419
10	3131	14050	0
10	3142	14100	66.118679265505
10	3199	14400	32.387086287689
10	3208	14438.467955089514	0
10	3210	14452.966718503581	0
10	3238	14580	77.837724171319
10	3239	14582.380075454035	0
10	3251	14640	50
10	3277	14760	50
10	3314	14920	0
10	3354	15090	46.080472773066
10	3368	15150	20
10	3369	15160	0
10	3387	15240	20
10	3450	15520	0
10	3466	15600	50
10	3476	15630	20
10	3510	15780	63.619742626987
10	3510	15780	1.082750741467
10	3531	15880	0
10	3537	15900	53.023198202601
10	3538	15901.545600409285	0
10	3549	15960	0.984865749251
10	3609	16290	64.830065103819
10	3621	16350	20
10	3642	16470	20
10	3647	16500	52.308292582211
10	3692	16740	50.783127770535
10	3693	16756.810200696082	0
10	3695	16767.309526924815	0
10	3707	16810	0
10	3722	16878.855694103363	0
10	3762	17040	50
10	3762	17040	20
10	3777	17100	14.020431186451
10	3782	17130	33.455388591756
10	3817	17280	34.880225203492
10	3851	17400	50
10	3851	17400	20
10	3863	17440	0
10	3877	17490	34.004684165944
10	3878	17499.072856078651	0
10	3886	17520	20
10	3926	17650	0
10	3934	17680	0
10	3939	17700	64.362416073262
10	3956	17770	0
10	3962	17800	0
10	3968	17820	3.680906958795
10	3979	17880	50
10	4024	18090	48.321674560098
10	4051	18210	56.578313143314
10	4051	18210	21.880337606034
10	4060	18240	20
10	4073	18300	71.769432925316
10	4084	18330	87.722591960956
10	4084	18330	6.622006759524
10	4084	18330	5.005078231362
10	4117	18445.072316837528	0
10	4131	18480	20
10	4166	18600	50
10	4195	18730	0
10	4198	18730.935705348985	0
10	4205	18762.168628417681	0
10	4210	18780	82.735759011224
10	4224	18840	50
10	4244	18900	7.852743920869
10	4274	19020	54.107808708647
10	4275	19023.989820715572	0
10	4306	19146.449969762594	0
10	4315	19170	82.159078283114
10	4323	19210	0
10	4380	19440	20
10	4382	19446.586619740684	0
10	4394	19500	76.188128144636
10	4418	19620	78.873526792464
10	4423	19650	13.231696955709
10	4492	19980	12.385931030874
11	239	1057.710213213676	12437
11	262	1170	12438
11	268	1200	12436
11	332	1500	12445
11	348	1560	12442
11	348	1560	12443
11	386	1740.975180583407	12451
11	391	1770	12450
11	398	1810	12447
11	461	2160	12452
11	502	2366.565546817659	12458
11	506	2370	12456
11	535	2490	12459
11	572	2640	12460
11	572	2640	12461
11	579	2670	12462
11	602	2760	12463
11	604	2770	12464
11	607	2776.141283995914	12465
11	612	2800	12469
11	620	2820	12471
11	626	2859.938327404909	12474
11	662	3010	12472
11	711	3240	12479
11	763	3480	12482
11	799	3640	12484
11	805	3660	12488
11	805	3660	12490
11	819	3720	12487
11	820	3730	12486
11	880	3970	12489
11	881	3970	12491
11	882	3970	12492
11	895	4020	12499
11	896	4047.14464528092	12500
11	912	4080	12497
11	913	4090	12495
11	952	4260	12504
11	962	4290	12505
11	997	4450	12503
11	1012	4500	12509
11	1012	4500	12510
11	1042	4620	12511
11	1081	4800	12513
11	1086	4840	12515
11	1102	4920	12516
11	1102	4920	12517
11	1108	4960	12518
11	1135	5100	12519
11	1222	5530	12523
11	1235	5580	12529
11	1248	5640	12527
11	1257	5680	12531
11	1278	5760	12532
11	1285	5790	12533
11	1291	5820	12537
11	1304	5880	12534
11	1304	5880	12535
11	1305	5890	12530
11	1322	5970	12538
11	1331	6010	12536
11	1374	6210	12542
11	1380	6240	12540
11	1412	6390	12544
11	1434	6490	12543
11	1450	6540	12552
11	1454	6570	12551
11	1462	6600	12548
11	1464	6610	12545
11	1477	6660	12554
11	1539	6930	12559
11	1539	6930	12560
11	1554	7000	12558
11	1577	7080	12561
11	1578	7090	12556
11	1594	7140	12566
11	1601	7170	12565
11	1601	7170	12567
11	1632	7290	12572
11	1646	7360	12570
11	1662	7410	12573
11	1716	7680	12577
11	1717	7690	12575
11	1752	7830	12581
11	1816	8160	12585
11	1816	8160	12586
11	1817	8170	12583
11	1836	8250	12590
11	1866	8370	12592
11	1874	8400	12591
11	1894	8490	12595
11	1946	8700	12600
11	1959	8770	12598
11	1967	8790	12601
11	1967	8790	12603
11	1998	8920	12604
11	2012	8970.017592123228	12609
11	2025	9040	12606
11	2043	9130	12605
11	2074	9250	12610
11	2092	9330	12617
11	2101	9360	12614
11	2102	9370	12612
11	2116	9436.645689307569	12620
11	2144	9541.874894220612	12622
11	2218	9930	12626
11	2250	10080	12627
11	2250	10080	12628
11	2250	10080	12629
11	2267	10170	12632
11	2304	10320	12634
11	2329	10449.726026889491	12636
11	2349	10549.079643266039	12639
11	2357	10570	12635
11	2369	10620	12641
11	2399	10740	12642
11	2405	10770	12644
11	2425	10860	12647
11	2451	10980	12648
11	2464	11050	12645
11	2469	11070	12649
11	2510	11250	12654
11	2518	11280	12653
11	2575	11530	12658
11	2602	11640	12662
11	2604	11650	12661
11	2649	11876.341990630207	12669
11	2653	11880	12665
11	2659	11920	12667
11	2661	11932.613992302797	12668
11	2672	11970	12670
11	2721	12210	12674
11	2726	12240	12672
11	2749	12360	12675
11	2799	12630	12677
11	2826	12760	12680
11	2839	12810	12683
11	2862	12922.150888382972	12687
11	2873	12970	12681
11	2892	13050	12689
11	2900	13090	12685
11	2909	13140	12690
11	2924	13200	12688
11	2951	13320	12691
11	2970	13410	12697
11	2978	13440	12695
11	2978	13440	12692
11	2978	13440	12694
11	3024	13620	12701
11	3068	13795.78971251034	12710
11	3072	13800	12703
11	3101	13920	12707
11	3123	14010	12713
11	3131	14050	12709
11	3142	14100	12714
11	3199	14400	12715
11	3208	14438.467955089514	12717
11	3210	14452.966718503581	12718
11	3238	14580	12721
11	3239	14582.380075454035	12723
11	3251	14640	12719
11	3277	14760	12722
11	3314	14920	12726
11	3354	15090	12734
11	3368	15150	12733
11	3369	15160	12732
11	3387	15240	12735
11	3450	15520	12743
11	3466	15600	12741
11	3476	15630	12744
11	3510	15780	12748
11	3510	15780	12751
11	3531	15880	12750
11	3537	15900	12752
11	3538	15901.545600409285	12754
11	3549	15960	12753
11	3609	16290	12757
11	3621	16350	12756
11	3642	16470	12758
11	3647	16500	12760
11	3692	16740	12762
11	3693	16756.810200696082	12763
11	3695	16767.309526924815	12764
11	3707	16810	12761
11	3722	16878.855694103363	12768
11	3762	17040	12766
11	3762	17040	12769
11	3777	17100	12772
11	3782	17130	12773
11	3817	17280	12774
11	3851	17400	12775
11	3851	17400	12777
11	3863	17440	12779
11	3877	17490	12786
11	3878	17499.072856078651	12787
11	3886	17520	12778
11	3926	17650	12783
11	3934	17680	12788
11	3939	17700	12792
11	3956	17770	12791
11	3962	17800	12793
11	3968	17820	12797
11	3979	17880	12796
11	4024	18090	12799
11	4051	18210	12802
11	4051	18210	12803
11	4060	18240	12800
11	4073	18300	12804
11	4084	18330	12805
11	4084	18330	12808
11	4084	18330	12809
11	4117	18445.072316837528	12815
11	4131	18480	12807
11	4166	18600	12813
11	4195	18730	12816
11	4198	18730.935705348985	12818
11	4205	18762.168628417681	12822
11	4210	18780	12823
11	4224	18840	12821
11	4244	18900	12827
11	4274	19020	12833
11	4275	19023.989820715572	12834
11	4306	19146.449969762594	12836
11	4315	19170	12835
11	4323	19210	12829
11	4380	19440	12839
11	4382	19446.586619740684	12842
11	4394	19500	12843
11	4418	19620	12844
11	4423	19650	12847
11	4492	19980	12854
12	399	1820	456.01289331999
12	621	2830	204.54324225978
12	670	3040	370.20057903804
12	672	3059.938327404909	300
12	766	3490	312.89159095779
12	947	4247.14464528092	300
12	1007	4490	315.60129961764
12	1062	4720	389.9056816222
12	1349	6096.293208805118	200
12	1364	6170	326.09823167798
12	1492	6740	486.58842932931
12	1590	7130	326.79632171159
12	1649	7370	366.29535242426
12	1675	7490	336.2713167041
12	1681	7510	235.05798906434
12	1732	7750	223.91931387192
12	1745	7810	333.44820667976
12	1746	7820	410.58823146029
12	1847	8300	478.50953913951
12	1912	8570	382.82808068664
12	1941	8690	356.73212467112
12	1963	8780	503.56403028016
12	1992	8900	522.43783548669
12	2131	9490	325.35265789997
12	2138	9530	360.80242078365
12	2145	9556.757767536204	200
12	2160	9640	303.35431069243
12	2331	10460	502.04155905698
12	2419	10840	343.84631212449
12	2603	11650	322.18825771608
12	2708	12160	383.65800936979
12	3044	13690	335.78575377242
12	3048	13700	469.15989981726
12	3049	13700	414.2776493228
12	3103	13930	395.38623245163
12	3137	14080	384.21028748966
12	3285	14800	317.61992454596
12	3337	15010	357.17592292708
12	3433	15430	251.87237571628
12	3561	16030	219.23855223033
12	3687	16720	372.30829258221
12	3739	16960	303.18979930392
12	3741	16967.309526924815	300
12	3854	17420	449.73915718367
12	3942	17710	275.41957340357
12	4003	18010	405.42479678898
12	4011	18040	323.68090695879
12	4261	18970	311.23133048787
12	4322	19210	399.93956427264
12	4325	19220	476.35306809113
12	4383	19456.518302127922	300
12	4440	19750	248.06100512781
12	4460	19850	313.23169695571
13	399	1820	56.012893319992
13	621	2830	4.543242259777
13	670	3040	70.200579038038
13	672	3059.938327404909	0
13	766	3490	12.891590957789
13	947	4247.14464528092	0
13	1007	4490	15.601299617639
13	1062	4720	89.905681622204
13	1349	6096.293208805118	0
13	1364	6170	26.098231677982
13	1492	6740	86.588429329312
13	1590	7130	26.796321711591
13	1649	7370	66.295352424263
13	1675	7490	36.271316704104
13	1681	7510	35.057989064339
13	1732	7750	23.919313871917
13	1745	7810	33.448206679763
13	1746	7820	10.58823146029
13	1847	8300	78.50953913951
13	1912	8570	82.828080686644
13	1941	8690	56.73212467112
13	1963	8780	103.56403028016
13	1992	8900	122.43783548669
13	2131	9490	25.352657899968
13	2138	9530	60.802420783646
13	2145	9556.757767536204	0
13	2160	9640	3.354310692431
13	2331	10460	102.04155905698
13	2419	10840	43.846312124489
13	2603	11650	22.188257716077
13	2708	12160	83.658009369793
13	3044	13690	35.785753772419
13	3048	13700	69.159899817262
13	3049	13700	14.277649322803
13	3103	13930	95.386232451634
13	3137	14080	84.21028748966
13	3285	14800	17.619924545965
13	3337	15010	57.17592292708
13	3433	15430	51.872375716281
13	3561	16030	19.238552230334
13	3687	16720	72.308292582211
13	3739	16960	3.189799303918
13	3741	16967.309526924815	0
13	3854	17420	49.739157183671
13	3942	17710	75.419573403566
13	4003	18010	105.42479678898
13	4011	18040	23.680906958795
13	4261	18970	11.231330487874
13	4322	19210	99.939564272637
13	4325	19220	76.353068091133
13	4383	19456.518302127922	0
13	4440	19750	48.061005127805
13	4460	19850	13.231696955709
14	399	1820	3
14	621	2830	1
14	670	3040	2
14	672	3059.938327404909	2
14	766	3490	2
14	947	4247.14464528092	2
14	1007	4490	2
14	1062	4720	2
14	1349	6096.293208805118	1
14	1364	6170	2
14	1492	6740	3
14	1590	7130	2
14	1649	7370	2
14	1675	7490	2
14	1681	7510	1
14	1732	7750	1
14	1745	7810	2
14	1746	7820	3
14	1847	8300	3
14	1912	8570	2
14	1941	8690	2
14	1963	8780	3
14	1992	8900	3
14	2131	9490	2
14	2138	9530	2
14	2145	9556.757767536204	1
14	2160	9640	2
14	2331	10460	3
14	2419	10840	2
14	2603	11650	2
14	2708	12160	2
14	3044	13690	2
14	3048	13700	3
14	3049	13700	3
14	3103	13930	2
14	3137	14080	2
14	3285	14800	2
14	3337	15010	2
14	3433	15430	1
14	3561	16030	1
14	3687	16720	2
14	3739	16960	2
14	3741	16967.309526924815	2
14	3854	17420	3
14	3942	17710	1
14	4003	18010	2
14	4011	18040	2
14	4261	18970	2
14	4322	19210	2
14	4325	19220	3
14	4383	19456.518302127922	2
14	4440	19750	1
14	4460	19850	2
15	278	1270	381.31241055093
15	300	1370	412.28978678632
15	528	2470	387.70631872343
15	555	2590	394.72901865457
15	719	3280	346.07278961897
15	721	3287.775432492007	300
15	758	3459.761931620851	300
15	891	4010	458.96793650278
15	919	4120	315.84896488671
15	1034	4600	333.64621274699
15	1043	4630	368.46519124853
15	1183	5360	351.04652902788
15	1363	6170	463.28489930869
15	1446	6530	421.87272762007
15	1540	6932.485283744499	300
15	1804	8110	404.57782553783
15	2044	9130	263.6004881606
15	2136	9520	364.66710211548
15	2286	10250	486.88524274556
15	2337	10490	479.66974809812
15	2401	10760	311.32452820023
15	2420	10840	376.20904202738
15	2473	11090	529.59105294489
15	2548	11410	243.54519135284
15	2635	11800	366.3096269837
15	2738	12320	372.11744154695
15	2880	13000	328.62674027097
15	2989	13490	531.82252575061
15	3082	13840	358.00380554765
15	3234	14560	347.21238120752
15	3242	14603.534267058409	300
15	3422	15391.38865301542	200
15	3524	15850	228.32539878462
15	3783	17136.440344390762	300
15	3933	17680	395.31992449328
15	4031	18130	213.32312042653
15	4102	18400	360.73935380682
15	4133	18490	211.2443027739
15	4388	19480	398.85253864331
15	4468	19870	387.38526690583
15	4481	19930	253.76756541548
16	278	1270	81.31241055093
16	300	1370	12.289786786324
16	528	2470	87.706318723426
16	555	2590	94.729018654575
16	719	3280	46.072789618975
16	721	3287.775432492007	0
16	758	3459.761931620851	0
16	891	4010	58.967936502783
16	919	4120	15.848964886714
16	1034	4600	33.646212746994
16	1043	4630	68.465191248532
16	1183	5360	51.046529027881
16	1363	6170	63.284899308686
16	1446	6530	21.872727620068
16	1540	6932.485283744499	0
16	1804	8110	104.57782553783
16	2044	9130	63.600488160605
16	2136	9520	64.667102115485
16	2286	10250	86.88524274556
16	2337	10490	79.669748098122
16	2401	10760	11.324528200227
16	2420	10840	76.209042027378
16	2473	11090	129.59105294489
16	2548	11410	43.545191352845
16	2635	11800	66.309626983704
16	2738	12320	72.117441546952
16	2880	13000	28.626740270965
16	2989	13490	131.82252575061
16	3082	13840	58.003805547652
16	3234	14560	47.212381207525
16	3242	14603.534267058409	0
16	3422	15391.38865301542	0
16	3524	15850	28.325398784615
16	3783	17136.440344390762	0
16	3933	17680	95.319924493282
16	4031	18130	13.323120426533
16	4102	18400	60.73935380682
16	4133	18490	11.244302773901
16	4388	19480	98.852538643311
16	4468	19870	87.385266905825
16	4481	19930	53.767565415478
17	278	1270	2
17	300	1370	3
17	528	2470	2
17	555	2590	2
17	719	3280	2
17	721	3287.775432492007	2
17	758	3459.761931620851	2
17	891	4010	3
17	919	4120	2
17	1034	4600	2
17	1043	4630	2
17	1183	5360	2
17	1363	6170	3
17	1446	6530	3
17	1540	6932.485283744499	2
17	1804	8110	2
17	2044	9130	1
17	2136	9520	2
17	2286	10250	3
17	2337	10490	3
17	2401	10760	2
17	2420	10840	2
17	2473	11090	3
17	2548	11410	1
17	2635	11800	2
17	2738	12320	2
17	2880	13000	2
17	2989	13490	3
17	3082	13840	2
17	3234	14560	2
17	3242	14603.534267058409	2
17	3422	15391.38865301542	1
17	3524	15850	1
17	3783	17136.440344390762	2
17	3933	17680	2
17	4031	18130	1
17	4102	18400	2
17	4133	18490	1
17	4388	19480	2
17	4468	19870	2
17	4481	19930	1
18	258	1160	379.2695768069
18	327	1490	462.23291482202
18	387	1751.271701233389	300
18	411	1880	359.47904898461
18	499	2350	380.49231678797
18	614	2805.726386710293	300
18	615	2810	483.11291381376
18	671	3040	326.23052262034
18	745	3400	405.95056434059
18	833	3790	395.94808084576
18	890	4010	526.76226726055
18	980	4370	482.94378409525
18	1037	4610	457.50111272609
18	1195	5408.397660987861	200
18	1209	5470	386.87233731941
18	1286	5800	346.93927195415
18	1506	6790	381.1203162137
18	1544	6947.305229571404	200
18	1556	7010	480.35112279701
18	1628	7280	318.90607355451
18	1644	7360	302.81001568872
18	1726	7730	461.6813917619
18	1758	7870	407.52836955923
18	1859	8350	314.2764331549
18	1911	8570	461.29040164669
18	1948	8720	367.58349796297
18	2137	9520	342.41833424445
18	2208	9890	448.12510577939
18	2584	11560	374.73744017999
18	2585	11570	449.375781123
18	2668	11960	307.18680936575
18	2731	12290	484.00101122252
18	2833	12800	386.19333525265
18	2860	12910	303.59673637651
18	2995	13520	365.58489516119
18	3113	13970	498.06952523647
18	3124	14020	201.33050135679
18	3138	14080	409.3850695826
18	3320	14960	326.04731483122
18	3350	15080	340.18688859045
18	3423	15400	404.08547222257
18	3772	17090	500.78312777053
18	3866	17450	453.45538859176
18	3925	17641.733419220974	200
18	3944	17720	369.62773332708
18	4140	18530	441.88033760603
18	4175	18640	397.46017485381
18	4176	18640	306.79678850901
18	4177	18650	425.00507823136
18	4237	18880	417.95395971797
18	4311	19160	388.66692169719
18	4332	19240	388.9994175781
18	4338	19250	457.85274392087
18	4389	19480	330.91233511826
19	258	1160	79.269576806901
19	327	1490	62.232914822021
19	387	1751.271701233389	0
19	411	1880	59.479048984605
19	499	2350	80.49231678797
19	614	2805.726386710293	0
19	615	2810	83.112913813762
19	671	3040	26.230522620336
19	745	3400	105.95056434059
19	833	3790	95.948080845761
19	890	4010	126.76226726055
19	980	4370	82.943784095254
19	1037	4610	57.501112726094
19	1195	5408.397660987861	0
19	1209	5470	86.872337319408
19	1286	5800	46.939271954154
19	1506	6790	81.120316213696
19	1544	6947.305229571404	0
19	1556	7010	80.351122797014
19	1628	7280	18.906073554507
19	1644	7360	2.810015688723
19	1726	7730	61.6813917619
19	1758	7870	107.52836955923
19	1859	8350	14.276433154904
19	1911	8570	61.290401646694
19	1948	8720	67.58349796297
19	2137	9520	42.418334244452
19	2208	9890	48.125105779388
19	2584	11560	74.737440179989
19	2585	11570	49.375781123005
19	2668	11960	7.186809365746
19	2731	12290	84.001011222525
19	2833	12800	86.193335252653
19	2860	12910	3.596736376511
19	2995	13520	65.584895161189
19	3113	13970	98.069525236469
19	3124	14020	1.330501356792
19	3138	14080	109.3850695826
19	3320	14960	26.047314831221
19	3350	15080	40.186888590453
19	3423	15400	104.08547222257
19	3772	17090	100.78312777054
19	3866	17450	53.455388591756
19	3925	17641.733419220974	0
19	3944	17720	69.627733327082
19	4140	18530	41.880337606034
19	4175	18640	97.46017485381
19	4176	18640	6.796788509008
19	4177	18650	25.005078231362
19	4237	18880	117.95395971797
19	4311	19160	88.666921697193
19	4332	19240	88.999417578102
19	4338	19250	57.852743920869
19	4389	19480	30.912335118258
20	258	1160	2
20	327	1490	3
20	387	1751.271701233389	2
20	411	1880	2
20	499	2350	2
20	614	2805.726386710293	2
20	615	2810	3
20	671	3040	2
20	745	3400	2
20	833	3790	2
20	890	4010	3
20	980	4370	3
20	1037	4610	3
20	1195	5408.397660987861	1
20	1209	5470	2
20	1286	5800	2
20	1506	6790	2
20	1544	6947.305229571404	1
20	1556	7010	3
20	1628	7280	2
20	1644	7360	2
20	1726	7730	3
20	1758	7870	2
20	1859	8350	2
20	1911	8570	3
20	1948	8720	2
20	2137	9520	2
20	2208	9890	3
20	2584	11560	2
20	2585	11570	3
20	2668	11960	2
20	2731	12290	3
20	2833	12800	2
20	2860	12910	2
20	2995	13520	2
20	3113	13970	3
20	3124	14020	1
20	3138	14080	2
20	3320	14960	2
20	3350	15080	2
20	3423	15400	2
20	3772	17090	3
20	3866	17450	3
20	3925	17641.733419220974	1
20	3944	17720	2
20	4140	18530	3
20	4175	18640	2
20	4176	18640	2
20	4177	18650	3
20	4237	18880	2
20	4311	19160	2
20	4332	19240	2
20	4338	19250	3
20	4389	19480	2
21	227	1000	230.0276242396
21	315	1430	389.2314795875
21	341	1540	352.69761271486
21	342	1540	322.33560087451
21	416	1900	368.01733919076
21	433	1990	402.67734046535
21	501	2360	515.87985818871
21	556	2590	323.43445318234
21	627	2860	368.25243379355
21	651	2960	503.34891863452
21	905	4060	357.59706552369
21	958	4280	439.20007473527
21	963	4300	342.57068165576
21	1077	4798.815997150249	300
21	1137	5120	502.15675257222
21	1241	5620	378.49168628949
21	1273	5750	384.95735177818
21	1344	6080	429.47507710176
21	1388	6280	236.15755877473
21	1514	6830	343.90128203788
21	1645	7360	252.89065389483
21	1647	7360	210.56487338611
21	1655	7390	365.65972789369
21	1853	8320	223.0414008821
21	1862	8360	407.28845144982
21	1984	8870	305.31080567461
21	2026	9040	222.59910590107
21	2146	9560	449.08750681145
21	2292	10280	504.01091701915
21	2293	10280	466.24450946033
21	2380	10670	382.99120796447
21	2400	10750	300.92035673396
21	2478	11110	403.5557634884
21	2513	11260	310.20879916341
21	2598	11630	306.10640931739
21	2754	12400	205.20875424293
21	2763	12440	516.55940907373
21	2888	13030	397.34155779172
21	3026	13630	378.43407982565
21	3032	13640	477.0884387953
21	3096	13910	373.22395443301
21	3321	14960	522.71916555848
21	3344	15040	271.91376049531
21	3427	15415.097085877323	200
21	3495	15726.551309861175	300
21	3511	15800	532.76515848123
21	3562	16030	413.61974262699
21	3648	16510	384.83006510382
21	3740	16960	203.12839943806
21	3873	17480	434.88022520349
21	3901	17560	222.72193572388
21	3909	17600	461.87009566937
21	3919	17630	316.14416113919
21	3945	17720	491.39314296478
21	4150	18550	407.72259196096
21	4184	18670	324.92768316247
21	4276	19040	538.50743648371
21	4370	19390	402.15907828311
21	4441	19750	426.18812814464
22	227	1000	30.027624239601
22	315	1430	89.231479587498
22	341	1540	52.697612714856
22	342	1540	22.33560087451
22	416	1900	68.017339190762
22	433	1990	102.67734046535
22	501	2360	115.87985818871
22	556	2590	23.434453182341
22	627	2860	68.252433793553
22	651	2960	103.34891863452
22	905	4060	57.597065523693
22	958	4280	39.200074735273
22	963	4300	42.570681655762
22	1077	4798.815997150249	0
22	1137	5120	102.15675257222
22	1241	5620	78.491686289492
22	1273	5750	84.957351778181
22	1344	6080	29.475077101759
22	1388	6280	36.15755877473
22	1514	6830	43.901282037883
22	1645	7360	52.890653894829
22	1647	7360	10.564873386107
22	1655	7390	65.659727893693
22	1853	8320	23.041400882099
22	1862	8360	7.288451449818
22	1984	8870	5.310805674606
22	2026	9040	22.599105901073
22	2146	9560	49.087506811451
22	2292	10280	104.01091701915
22	2293	10280	66.244509460329
22	2380	10670	82.991207964466
22	2400	10750	0.920356733961
22	2478	11110	103.5557634884
22	2513	11260	10.208799163415
22	2598	11630	6.106409317386
22	2754	12400	5.208754242928
22	2763	12440	116.55940907373
22	2888	13030	97.341557791717
22	3026	13630	78.434079825649
22	3032	13640	77.088438795301
22	3096	13910	73.223954433007
22	3321	14960	122.71916555849
22	3344	15040	71.91376049531
22	3427	15415.097085877323	0
22	3495	15726.551309861175	0
22	3511	15800	132.76515848123
22	3562	16030	113.61974262699
22	3648	16510	84.830065103819
22	3740	16960	3.128399438062
22	3873	17480	34.880225203492
22	3901	17560	22.721935723877
22	3909	17600	61.87009566937
22	3919	17630	16.14416113919
22	3945	17720	91.393142964776
22	4150	18550	107.72259196096
22	4184	18670	24.927683162472
22	4276	19040	138.50743648371
22	4370	19390	102.15907828311
22	4441	19750	126.18812814464
23	227	1000	1
23	315	1430	2
23	341	1540	2
23	342	1540	2
23	416	1900	2
23	433	1990	2
23	501	2360	3
23	556	2590	2
23	627	2860	2
23	651	2960	3
23	905	4060	2
23	958	4280	3
23	963	4300	2
23	1077	4798.815997150249	2
23	1137	5120	3
23	1241	5620	2
23	1273	5750	2
23	1344	6080	3
23	1388	6280	1
23	1514	6830	2
23	1645	7360	1
23	1647	7360	1
23	1655	7390	2
23	1853	8320	1
23	1862	8360	3
23	1984	8870	2
23	2026	9040	1
23	2146	9560	3
23	2292	10280	3
23	2293	10280	3
23	2380	10670	2
23	2400	10750	2
23	2478	11110	2
23	2513	11260	2
23	2598	11630	2
23	2754	12400	1
23	2763	12440	3
23	2888	13030	2
23	3026	13630	2
23	3032	13640	3
23	3096	13910	2
23	3321	14960	3
23	3344	15040	1
23	3427	15415.097085877323	1
23	3495	15726.551309861175	2
23	3511	15800	3
23	3562	16030	2
23	3648	16510	2
23	3740	16960	1
23	3873	17480	3
23	3901	17560	1
23	3909	17600	3
23	3919	17630	2
23	3945	17720	3
23	4150	18550	2
23	4184	18670	2
23	4276	19040	3
23	4370	19390	2
23	4441	19750	2
24	432	1990	349.02481941659
24	508	2390	315.48218829646
24	753	3440	421.22582847105
24	864	3920	489.72260475269
24	904	4060	402.90167166908
24	1069	4750	410.41742132957
24	1075	4790	328.40762322956
24	1092	4870	432.9608831012
24	1182	5350	358.52758225829
24	1196	5410	237.67448472842
24	1292	5830	365.51745908048
24	1634	7300	382.80288124649
24	1635	7310	372.34843103228
24	1919	8600	467.16980352591
24	2005	8950	415.5522485341
24	2062	9190	319.98240787677
24	2224	9962.921874006241	300
24	2305	10321.22006132477	300
24	2343	10520	448.58631907704
24	2418	10835.240941761947	200
24	2540	11380	391.61257079322
24	2761	12430	353.46417752357
24	2784	12560	477.92179574303
24	2899	13082.637629123863	300
24	2939	13270	363.04371874616
24	2966	13400	532.07679359511
24	3030	13640	444.90402405812
24	3031	13640	494.31695070192
24	3119	14000	477.21542057239
24	3144	14120	489.34037329334
24	3150	14150	321.76761526621
24	3166	14230	339.01628861942
24	3241	14600	432.38708628769
24	3292	14840	537.95464633392
24	3358	15108.268722493903	300
24	3434	15440	446.45304389928
24	3544	15950	387.94225340262
24	3563	16030	351.08275074147
24	3585	16160	400.98486574925
24	3653	16550	315.45328101894
24	3757	17020	316.3235527018
24	3888	17530	279.09325233589
24	3993	17950	414.36241607326
24	4019	18080	458.11058167625
24	4076	18310	368.3216745601
24	4109	18430	376.57831314331
24	4116	18440	423.58957524923
24	4125	18460	300.39841508966
24	4149	18550	421.76943292532
24	4151	18550	326.62200675952
24	4316	19180	325.9881803412
24	4369	19390	343.55003023741
24	4469	19870	428.87352679246
25	432	1990	49.024819416593
25	508	2390	15.482188296456
25	753	3440	21.225828471049
25	864	3920	89.722604752686
25	904	4060	102.90167166908
25	1069	4750	110.41742132957
25	1075	4790	28.40762322956
25	1092	4870	132.9608831012
25	1182	5350	58.527582258289
25	1196	5410	37.674484728416
25	1292	5830	65.517459080478
25	1634	7300	82.802881246494
25	1635	7310	72.348431032283
25	1919	8600	67.169803525906
25	2005	8950	115.5522485341
25	2062	9190	19.982407876772
25	2224	9962.921874006241	0
25	2305	10321.22006132477	0
25	2343	10520	48.586319077043
25	2418	10835.240941761947	0
25	2540	11380	91.612570793224
25	2761	12430	53.464177523572
25	2784	12560	77.921795743031
25	2899	13082.637629123863	0
25	2939	13270	63.043718746159
25	2966	13400	132.07679359511
25	3030	13640	44.904024058123
25	3031	13640	94.316950701918
25	3119	14000	77.215420572392
25	3144	14120	89.340373293336
25	3150	14150	21.767615266207
25	3166	14230	39.016288619419
25	3241	14600	32.387086287689
25	3292	14840	137.95464633392
25	3358	15108.268722493903	0
25	3434	15440	46.453043899284
25	3544	15950	87.942253402624
25	3563	16030	51.082750741467
25	3585	16160	0.984865749251
25	3653	16550	15.453281018938
25	3757	17020	16.323552701797
25	3888	17530	79.093252335889
25	3993	17950	114.36241607326
25	4019	18080	58.110581676251
25	4076	18310	68.321674560098
25	4109	18430	76.578313143314
25	4116	18440	23.589575249233
25	4125	18460	0.398415089657
25	4149	18550	121.76943292532
25	4151	18550	26.622006759524
25	4316	19180	25.988180341202
25	4369	19390	43.550030237406
25	4469	19870	128.87352679246
26	432	1990	2
26	508	2390	2
26	753	3440	3
26	864	3920	3
26	904	4060	2
26	1069	4750	2
26	1075	4790	2
26	1092	4870	2
26	1182	5350	2
26	1196	5410	1
26	1292	5830	2
26	1634	7300	2
26	1635	7310	2
26	1919	8600	3
26	2005	8950	2
26	2062	9190	2
26	2224	9962.921874006241	2
26	2305	10321.22006132477	2
26	2343	10520	3
26	2418	10835.240941761947	1
26	2540	11380	2
26	2761	12430	2
26	2784	12560	3
26	2899	13082.637629123863	2
26	2939	13270	2
26	2966	13400	3
26	3030	13640	3
26	3031	13640	3
26	3119	14000	3
26	3144	14120	3
26	3150	14150	2
26	3166	14230	2
26	3241	14600	3
26	3292	14840	3
26	3358	15108.268722493903	2
26	3434	15440	3
26	3544	15950	2
26	3563	16030	2
26	3585	16160	3
26	3653	16550	2
26	3757	17020	2
26	3888	17530	1
26	3993	17950	2
26	4019	18080	3
26	4076	18310	2
26	4109	18430	2
26	4116	18440	3
26	4125	18460	2
26	4149	18550	2
26	4151	18550	2
26	4316	19180	2
26	4369	19390	2
26	4469	19870	2
27	241	1060	438.67877771823
27	286	1300	385.83550461517
27	369	1660	348.94661373449
27	529	2470	275.06445168545
27	597	2740	386.64195834592
27	606	2770	397.3695394875
27	629	2870	411.87741494354
27	630	2876.141283995914	400
27	636	2900	386.54945955764
27	785	3580	390.78544544532
27	845	3830	405.42938270937
27	908	4070	475.7152101042
27	1020	4550	418.06806973968
27	1098	4900	413.80990247211
27	1120	5020	358.55847348313
27	1125	5060	361.84907506688
27	1243	5630	454.04186279343
27	1300	5860	334.22103304613
27	1323	5980	330.70896617639
27	1351	6110	429.35310139485
27	1458	6590	452.08380831268
27	1479	6670	252.94660466752
27	1485	6710	464.34579508268
27	1565	7030	207.98108825195
27	1604	7190	521.5638062828
27	1626	7270	243.35221278649
27	1738	7790	497.48730639695
27	1837	8260	398.29225787511
27	1839	8270	478.47736592971
27	2018	9020	324.04824867978
27	2047	9140	385.50696309136
27	2069	9230	512.37695911748
27	2271	10180	363.08508431374
27	2492	11170	345.18628911288
27	2541	11380	334.51361039569
27	2597	11630	428.96350509605
27	2623	11750	400.50992577014
27	2674	11980	365.24373648486
27	2679	12020	320.46473312838
27	2820	12730	397.06641265347
27	2919	13190	488.72366905362
27	2974	13420	406.31254142603
27	3376	15190	246.08047277307
27	3389	15250	340.78934624645
27	3786	17140	330.99031792625
27	3880	17500	413.4639719306
27	3907	17590	234.00468416594
27	3957	17780	361.19779753537
27	3981	17900	339.81268881531
27	4219	18830	478.76426716743
27	4403	19546.586619740684	300
28	241	1060	138.67877771823
28	286	1300	85.835504615167
28	369	1660	48.946613734489
28	529	2470	75.064451685448
28	597	2740	86.641958345916
28	606	2770	97.369539487496
28	629	2870	11.877414943544
28	630	2876.141283995914	0
28	636	2900	86.54945955764
28	785	3580	90.78544544532
28	845	3830	5.429382709374
28	908	4070	75.715210104198
28	1020	4550	18.068069739681
28	1098	4900	113.80990247211
28	1120	5020	58.558473483131
28	1125	5060	61.849075066882
28	1243	5630	54.041862793428
28	1300	5860	34.221033046134
28	1323	5980	30.708966176391
28	1351	6110	29.35310139485
28	1458	6590	52.083808312681
28	1479	6670	52.946604667519
28	1485	6710	64.345795082684
28	1565	7030	7.981088251947
28	1604	7190	121.5638062828
28	1626	7270	43.352212786493
28	1738	7790	97.487306396951
28	1837	8260	98.292257875113
28	1839	8270	78.477365929705
28	2018	9020	24.048248679776
28	2047	9140	85.506963091358
28	2069	9230	112.37695911748
28	2271	10180	63.085084313738
28	2492	11170	45.186289112882
28	2541	11380	34.513610395685
28	2597	11630	28.963505096048
28	2623	11750	0.509925770143
28	2674	11980	65.243736484862
28	2679	12020	20.464733128384
28	2820	12730	97.066412653473
28	2919	13190	88.723669053621
28	2974	13420	106.31254142603
28	3376	15190	46.080472773066
28	3389	15250	40.789346246447
28	3786	17140	30.990317926251
28	3880	17500	113.4639719306
28	3907	17590	34.004684165944
28	3957	17780	61.197797535366
28	3981	17900	39.812688815307
28	4219	18830	78.764267167426
28	4403	19546.586619740684	0
29	241	1060	2
29	286	1300	2
29	369	1660	2
29	529	2470	1
29	597	2740	2
29	606	2770	2
29	629	2870	3
29	630	2876.141283995914	3
29	636	2900	2
29	785	3580	2
29	845	3830	3
29	908	4070	3
29	1020	4550	3
29	1098	4900	2
29	1120	5020	2
29	1125	5060	2
29	1243	5630	3
29	1300	5860	2
29	1323	5980	2
29	1351	6110	3
29	1458	6590	3
29	1479	6670	1
29	1485	6710	3
29	1565	7030	1
29	1604	7190	3
29	1626	7270	1
29	1738	7790	3
29	1837	8260	2
29	1839	8270	3
29	2018	9020	2
29	2047	9140	2
29	2069	9230	3
29	2271	10180	2
29	2492	11170	2
29	2541	11380	2
29	2597	11630	3
29	2623	11750	3
29	2674	11980	2
29	2679	12020	2
29	2820	12730	2
29	2919	13190	3
29	2974	13420	2
29	3376	15190	1
29	3389	15250	2
29	3786	17140	2
29	3880	17500	2
29	3907	17590	1
29	3957	17780	2
29	3981	17900	2
29	4219	18830	3
29	4403	19546.586619740684	2
30	370	1660	338.92413173849
30	417	1910	455.25894872712
30	596	2740	407.75625474402
30	683	3110	405.36969895091
30	821	3740	353.3066952655
30	906	4070	531.72222365866
30	907	4070	480.84583673936
30	935	4190	484.72357665221
30	1103	4940	375.24914085142
30	1271	5740	350.69314356935
30	1280	5780	300.83985275674
30	1307	5890	351.43052664255
30	1325	5990	521.01884985344
30	1399	6340	303.73426616087
30	1435	6490	318.29311149169
30	1484	6700	341.16771201255
30	1579	7100	306.01601599209
30	1603	7180	341.28652232717
30	1668	7460	338.3616914406
30	1737	7780	321.84616701006
30	1769	7930	307.9841853941
30	1983	8870	413.27159587142
30	1990	8890	355.05867724335
30	1991	8890	325.06945277637
30	2096	9350	421.92088034128
30	2126	9470	503.13506858831
30	2350	10549.726026889491	300
30	2379	10670	451.94313616907
30	2486	11150	516.22254135094
30	2622	11740	387.90180030562
30	2685	12032.613992302797	300
30	2847	12860	305.41510274561
30	2887	13022.150888382972	200
30	2894	13070	474.0873406207
30	3149	14150	468.64857901224
30	3160	14200	266.11867926551
30	3228	14538.467955089514	300
30	3233	14552.966718503581	300
30	3258	14680	277.83772417132
30	3338	15020	345.93051707842
30	3390	15260	351.9478333378
30	3470	15620	317.86922256299
30	3497	15730	356.69611617843
30	3550	15980	322.26866757745
30	3638	16450	358.77685397888
30	3658	16570	368.16199039187
30	3729	16910	430.0416330995
30	3785	17140	411.4911614228
30	3894	17540	300.60627919045
30	3951	17750	419.0103375765
30	3975	17870	423.79432997163
30	4161	18580	376.7833029054
30	4190	18700	394.37093766177
30	4220	18830.935705348985	400
30	4230	18862.168628417681	300
30	4349	19310	481.20193735461
30	4401	19540	391.4505308098
31	370	1660	38.924131738492
31	417	1910	55.258948727118
31	596	2740	107.75625474402
31	683	3110	5.369698950911
31	821	3740	53.306695265501
31	906	4070	131.72222365866
31	907	4070	80.845836739361
31	935	4190	84.723576652213
31	1103	4940	75.249140851419
31	1271	5740	50.693143569347
31	1280	5780	0.839852756741
31	1307	5890	51.430526642546
31	1325	5990	121.01884985344
31	1399	6340	3.734266160871
31	1435	6490	18.293111491694
31	1484	6700	41.167712012551
31	1579	7100	6.01601599209
31	1603	7180	41.286522327167
31	1668	7460	38.361691440601
31	1737	7780	21.846167010062
31	1769	7930	7.9841853941
31	1983	8870	13.271595871423
31	1990	8890	55.058677243348
31	1991	8890	25.069452776371
31	2096	9350	21.920880341278
31	2126	9470	103.13506858831
31	2350	10549.726026889491	0
31	2379	10670	51.943136169068
31	2486	11150	116.22254135094
31	2622	11740	87.901800305617
31	2685	12032.613992302797	0
31	2847	12860	5.415102745612
31	2887	13022.150888382972	0
31	2894	13070	74.087340620702
31	3149	14150	68.648579012236
31	3160	14200	66.118679265505
31	3228	14538.467955089514	0
31	3233	14552.966718503581	0
31	3258	14680	77.837724171319
31	3338	15020	45.93051707842
31	3390	15260	51.947833337803
31	3470	15620	17.869222562995
31	3497	15730	56.696116178435
31	3550	15980	22.268667577445
31	3638	16450	58.77685397888
31	3658	16570	68.161990391866
31	3729	16910	30.041633099495
31	3785	17140	111.4911614228
31	3894	17540	0.606279190451
31	3951	17750	19.010337576501
31	3975	17870	23.794329971634
31	4161	18580	76.783302905401
31	4190	18700	94.370937661769
31	4220	18830.935705348985	0
31	4230	18862.168628417681	0
31	4349	19310	81.201937354608
31	4401	19540	91.4505308098
32	370	1660	2
32	417	1910	3
32	596	2740	2
32	683	3110	3
32	821	3740	2
32	906	4070	3
32	907	4070	3
32	935	4190	3
32	1103	4940	2
32	1271	5740	2
32	1280	5780	2
32	1307	5890	2
32	1325	5990	3
32	1399	6340	2
32	1435	6490	2
32	1484	6700	2
32	1579	7100	2
32	1603	7180	2
32	1668	7460	2
32	1737	7780	2
32	1769	7930	2
32	1983	8870	3
32	1990	8890	2
32	1991	8890	2
32	2096	9350	3
32	2126	9470	3
32	2350	10549.726026889491	2
32	2379	10670	3
32	2486	11150	3
32	2622	11740	2
32	2685	12032.613992302797	2
32	2847	12860	2
32	2887	13022.150888382972	1
32	2894	13070	3
32	3149	14150	3
32	3160	14200	1
32	3228	14538.467955089514	2
32	3233	14552.966718503581	2
32	3258	14680	1
32	3338	15020	2
32	3390	15260	2
32	3470	15620	2
32	3497	15730	2
32	3550	15980	2
32	3638	16450	2
32	3658	16570	2
32	3729	16910	3
32	3785	17140	2
32	3894	17540	2
32	3951	17750	3
32	3975	17870	3
32	4161	18580	2
32	4190	18700	2
32	4220	18830.935705348985	3
32	4230	18862.168628417681	2
32	4349	19310	3
32	4401	19540	2
33	380	1720	324.19227326373
33	635	2890	399.69243435467
33	712	3250	336.78861947866
33	784	3580	205.12822407997
33	940	4210	359.18652665954
33	998	4460	512.02113365648
33	1027	4570	303.48629802097
33	1455	6580	272.89432453586
33	1498	6760	334.54480242608
33	1522	6860	452.45714765388
33	1875	8410	305.63948892118
33	1931	8650	354.33581444191
33	1953	8740	258.12442208525
33	2094	9340	259.60697342611
33	2104	9380	449.08279558128
33	2123	9460	279.2106261268
33	2171	9700	230.3578657637
33	2276	10210	342.67943128615
33	2278	10220	517.38704502817
33	2439	10930	341.68728468999
33	2447	10970	367.64721008413
33	2499	11200	386.48045880699
33	2521	11300	435.01253512062
33	2574	11530	331.84963624518
33	2596	11620	225.28211668409
33	2703	12133.862946009532	300
33	2846	12850	434.40278893152
33	3104	13930	347.6409251289
33	3108	13940	494.52472557143
33	3357	15100	218.77721286827
33	3364	15140	442.32647246157
33	3444	15490	303.6541828763
33	3496	15730	427.93199477723
33	3526	15860	454.88230165882
33	3578	16120	373.0231982026
33	3579	16120	318.45439959072
33	3769	17080	301.14430589664
33	3824	17320	334.02043118645
33	3893	17540	439.30329531225
33	3935	17699.072856078651	300
33	4033	18140	539.81818645808
33	4160	18580	228.0581534611
33	4168	18610	375.36249328663
33	4262	18980	517.71120115964
33	4268	19000	402.73575901122
33	4330	19240	374.10780870865
33	4331	19240	316.01017928443
33	4350	19316.352110868072	200
33	4356	19340	478.33826245144
34	380	1720	24.19227326373
34	635	2890	99.692434354672
34	712	3250	36.788619478659
34	784	3580	5.128224079972
34	940	4210	59.186526659541
34	998	4460	112.02113365648
34	1027	4570	3.486298020975
34	1455	6580	72.89432453586
34	1498	6760	34.544802426077
34	1522	6860	52.457147653885
34	1875	8410	5.639488921181
34	1931	8650	54.33581444191
34	1953	8740	58.124422085254
34	2094	9340	59.60697342611
34	2104	9380	49.082795581284
34	2123	9460	79.210626126798
34	2171	9700	30.357865763695
34	2276	10210	42.679431286155
34	2278	10220	117.38704502817
34	2439	10930	41.687284689989
34	2447	10970	67.647210084133
34	2499	11200	86.480458806987
34	2521	11300	35.012535120618
34	2574	11530	31.849636245181
34	2596	11620	25.282116684094
34	2703	12133.862946009532	0
34	2846	12850	134.40278893152
34	3104	13930	47.640925128901
34	3108	13940	94.524725571428
34	3357	15100	18.77721286827
34	3364	15140	42.326472461568
34	3444	15490	3.654182876298
34	3496	15730	127.93199477723
34	3526	15860	54.882301658823
34	3578	16120	73.023198202601
34	3579	16120	18.454399590715
34	3769	17080	1.144305896637
34	3824	17320	34.020431186451
34	3893	17540	39.303295312248
34	3935	17699.072856078651	0
34	4033	18140	139.81818645808
34	4160	18580	28.058153461101
34	4168	18610	75.362493286625
34	4262	18980	117.71120115964
34	4268	19000	102.73575901122
34	4330	19240	74.107808708647
34	4331	19240	16.010179284428
34	4350	19316.352110868072	0
34	4356	19340	78.338262451439
35	380	1720	2
35	635	2890	2
35	712	3250	2
35	784	3580	1
35	940	4210	2
35	998	4460	3
35	1027	4570	2
35	1455	6580	1
35	1498	6760	2
35	1522	6860	3
35	1875	8410	2
35	1931	8650	2
35	1953	8740	1
35	2094	9340	1
35	2104	9380	3
35	2123	9460	1
35	2171	9700	1
35	2276	10210	2
35	2278	10220	3
35	2439	10930	2
35	2447	10970	2
35	2499	11200	2
35	2521	11300	3
35	2574	11530	2
35	2596	11620	1
35	2703	12133.862946009532	2
35	2846	12850	2
35	3104	13930	2
35	3108	13940	3
35	3357	15100	1
35	3364	15140	3
35	3444	15490	2
35	3496	15730	2
35	3526	15860	3
35	3578	16120	2
35	3579	16120	2
35	3769	17080	2
35	3824	17320	2
35	3893	17540	3
35	3935	17699.072856078651	2
35	4033	18140	3
35	4160	18580	1
35	4168	18610	2
35	4262	18980	3
35	4268	19000	2
35	4330	19240	2
35	4331	19240	2
35	4350	19316.352110868072	1
35	4356	19340	3

