version 3
run VeryHighLoad_Queue-23-20260125-17:45:54-1403
attr configname VeryHighLoad_Queue
attr datetime 20260125-17:45:54
attr datetimef 20260125-174554
attr experiment VeryHighLoad_Queue
attr inifile simulations/nwsim_project/omnetpp.ini
attr iterationvars ""
attr iterationvarsd ""
attr iterationvarsf ""
attr measurement ""
attr network CrossTraffic
attr processid 1403
attr repetition 23
attr replication #23
attr resultdir results
attr runnumber 23
attr seedset 23
config description "Very High Load - Queue Mode (200% more traffic)"
config *.Junc*.junctionMode "\"queue\""
config *.EndNW.spawnInterval exponential(267s)
config *.EndNE.spawnInterval exponential(400s)
config *.EndEN.spawnInterval exponential(333s)
config *.EndES.spawnInterval exponential(500s)
config *.EndSE.spawnInterval exponential(300s)
config *.EndSW.spawnInterval exponential(367s)
config *.EndWS.spawnInterval exponential(433s)
config *.EndWN.spawnInterval exponential(467s)
config network CrossTraffic
config sim-time-limit 20000s
config warmup-period 1000s
config repeat 50
config **.scalar-recording true
config **.vector-recording true
config *.Junc*.junctionMode "\"queue\""
config *.EndNW.spawnInterval exponential(800s)
config *.EndNE.spawnInterval exponential(1200s)
config *.EndEN.spawnInterval exponential(1000s)
config *.EndES.spawnInterval exponential(1500s)
config *.EndSE.spawnInterval exponential(900s)
config *.EndSW.spawnInterval exponential(1100s)
config *.EndWS.spawnInterval exponential(1300s)
config *.EndWN.spawnInterval exponential(1400s)

vector 0 CrossTraffic.JuncNW queueLength:vector ETV
attr interpolationmode sample-hold
attr recordingmode vector
attr source queueLength
attr title "Queue Length"
vector 1 CrossTraffic.JuncNW junctionProcessingTime:vector ETV
attr recordingmode vector
attr source junctionProcessingTime
attr title "Junction Processing Time"
vector 2 CrossTraffic.JuncNW vehicleCount:vector ETV
attr recordingmode vector
attr source vehicleCount
attr title "Vehicle Count"
vector 3 CrossTraffic.JuncNE queueLength:vector ETV
attr interpolationmode sample-hold
attr recordingmode vector
attr source queueLength
attr title "Queue Length"
vector 4 CrossTraffic.JuncNE junctionProcessingTime:vector ETV
attr recordingmode vector
attr source junctionProcessingTime
attr title "Junction Processing Time"
vector 5 CrossTraffic.JuncNE vehicleCount:vector ETV
attr recordingmode vector
attr source vehicleCount
attr title "Vehicle Count"
vector 6 CrossTraffic.JuncSE queueLength:vector ETV
attr interpolationmode sample-hold
attr recordingmode vector
attr source queueLength
attr title "Queue Length"
vector 7 CrossTraffic.JuncSE junctionProcessingTime:vector ETV
attr recordingmode vector
attr source junctionProcessingTime
attr title "Junction Processing Time"
vector 8 CrossTraffic.JuncSE vehicleCount:vector ETV
attr recordingmode vector
attr source vehicleCount
attr title "Vehicle Count"
vector 9 CrossTraffic.JuncSW queueLength:vector ETV
attr interpolationmode sample-hold
attr recordingmode vector
attr source queueLength
attr title "Queue Length"
vector 10 CrossTraffic.JuncSW junctionProcessingTime:vector ETV
attr recordingmode vector
attr source junctionProcessingTime
attr title "Junction Processing Time"
vector 11 CrossTraffic.JuncSW vehicleCount:vector ETV
attr recordingmode vector
attr source vehicleCount
attr title "Vehicle Count"
vector 12 CrossTraffic.EndNW travelTime:vector ETV
attr recordingmode vector
attr source travelTime
attr title "Vehicle Travel Time"
vector 13 CrossTraffic.EndNW junctionTime:vector ETV
attr recordingmode vector
attr source junctionTime
attr title "Total Junction Time per Vehicle"
vector 14 CrossTraffic.EndNW junctionCount:vector ETV
attr recordingmode vector
attr source junctionCount
attr title "Junctions Visited per Vehicle"
vector 15 CrossTraffic.EndNE travelTime:vector ETV
attr recordingmode vector
attr source travelTime
attr title "Vehicle Travel Time"
vector 16 CrossTraffic.EndNE junctionTime:vector ETV
attr recordingmode vector
attr source junctionTime
attr title "Total Junction Time per Vehicle"
vector 17 CrossTraffic.EndNE junctionCount:vector ETV
attr recordingmode vector
attr source junctionCount
attr title "Junctions Visited per Vehicle"
vector 18 CrossTraffic.EndEN travelTime:vector ETV
attr recordingmode vector
attr source travelTime
attr title "Vehicle Travel Time"
vector 19 CrossTraffic.EndEN junctionTime:vector ETV
attr recordingmode vector
attr source junctionTime
attr title "Total Junction Time per Vehicle"
vector 20 CrossTraffic.EndEN junctionCount:vector ETV
attr recordingmode vector
attr source junctionCount
attr title "Junctions Visited per Vehicle"
vector 21 CrossTraffic.EndES travelTime:vector ETV
attr recordingmode vector
attr source travelTime
attr title "Vehicle Travel Time"
vector 22 CrossTraffic.EndES junctionTime:vector ETV
attr recordingmode vector
attr source junctionTime
attr title "Total Junction Time per Vehicle"
vector 23 CrossTraffic.EndES junctionCount:vector ETV
attr recordingmode vector
attr source junctionCount
attr title "Junctions Visited per Vehicle"
vector 24 CrossTraffic.EndSE travelTime:vector ETV
attr recordingmode vector
attr source travelTime
attr title "Vehicle Travel Time"
vector 25 CrossTraffic.EndSE junctionTime:vector ETV
attr recordingmode vector
attr source junctionTime
attr title "Total Junction Time per Vehicle"
vector 26 CrossTraffic.EndSE junctionCount:vector ETV
attr recordingmode vector
attr source junctionCount
attr title "Junctions Visited per Vehicle"
vector 27 CrossTraffic.EndSW travelTime:vector ETV
attr recordingmode vector
attr source travelTime
attr title "Vehicle Travel Time"
vector 28 CrossTraffic.EndSW junctionTime:vector ETV
attr recordingmode vector
attr source junctionTime
attr title "Total Junction Time per Vehicle"
vector 29 CrossTraffic.EndSW junctionCount:vector ETV
attr recordingmode vector
attr source junctionCount
attr title "Junctions Visited per Vehicle"
vector 30 CrossTraffic.EndWS travelTime:vector ETV
attr recordingmode vector
attr source travelTime
attr title "Vehicle Travel Time"
vector 31 CrossTraffic.EndWS junctionTime:vector ETV
attr recordingmode vector
attr source junctionTime
attr title "Total Junction Time per Vehicle"
vector 32 CrossTraffic.EndWS junctionCount:vector ETV
attr recordingmode vector
attr source junctionCount
attr title "Junctions Visited per Vehicle"
vector 33 CrossTraffic.EndWN travelTime:vector ETV
attr recordingmode vector
attr source travelTime
attr title "Vehicle Travel Time"
vector 34 CrossTraffic.EndWN junctionTime:vector ETV
attr recordingmode vector
attr source junctionTime
attr title "Total Junction Time per Vehicle"
vector 35 CrossTraffic.EndWN junctionCount:vector ETV
attr recordingmode vector
attr source junctionCount
attr title "Junctions Visited per Vehicle"
0	168	1109.825431445285	1
0	169	1112.825431445285	0
0	171	1137.262390935533	1
0	173	1140.262390935533	0
0	174	1171.938875092649	1
0	175	1174.938875092649	0
0	176	1175.058165193954	1
0	177	1178.058165193954	0
0	188	1297.961255226573	1
0	189	1300.961255226573	0
0	207	1464.660252514722	1
0	209	1467.660252514722	0
0	211	1513.387068282644	1
0	213	1516.387068282644	0
0	224	1579.428368880997	1
0	225	1582.428368880997	0
0	250	1749.459668595427	1
0	251	1752.459668595427	0
0	252	1755.961307957249	1
0	253	1758.961307957249	0
0	262	1819.499905761771	1
0	263	1822.499905761771	0
0	272	1866.313148498704	1
0	273	1869.313148498704	0
0	280	1915.347709982819	1
0	281	1918.347709982819	0
0	286	1937.623293669641	1
0	287	1940.623293669641	0
0	289	1959.612209889283	1
0	290	1960.398646740194	2
0	291	1962.612209889283	1
0	292	1968.612209889283	0
0	326	2126.998667834686	1
0	327	2129.998667834686	0
0	337	2196.222723373705	1
0	338	2199.222723373705	0
0	347	2255.06415382212	1
0	348	2258.06415382212	0
0	353	2344.179894974568	1
0	354	2347.179894974568	0
0	390	2746.994583076445	1
0	392	2749.994583076445	0
0	399	2789.640383763539	1
0	400	2792.640383763539	0
0	406	2834.729352406534	1
0	407	2837.729352406534	0
0	423	2946.592814443364	1
0	424	2949.592814443364	0
0	425	2950.877589681422	1
0	426	2953.877589681422	0
0	427	2965.492706815158	1
0	428	2968.492706815158	0
0	432	2987.299783422976	1
0	433	2990.299783422976	0
0	451	3096.275663423533	1
0	452	3099.275663423533	0
0	453	3122.257643549083	1
0	454	3125.257643549083	0
0	460	3158.43741772522	1
0	461	3161.43741772522	0
0	480	3282.105778973329	1
0	481	3285.105778973329	0
0	483	3300.84945128753	1
0	485	3303.84945128753	0
0	508	3440.874314476854	1
0	509	3443.874314476854	0
0	515	3455.571058710171	1
0	516	3458.571058710171	0
0	553	3718.564179258501	1
0	554	3721.564179258501	0
0	555	3722.710608712499	1
0	556	3725.710608712499	0
0	559	3758.488962683743	1
0	560	3760.359080676892	2
0	561	3761.488962683743	1
0	562	3767.488962683743	0
0	576	3893.215834382288	1
0	577	3896.215834382288	0
0	583	3931.099179039866	1
0	584	3934.099179039866	0
0	594	4011.783478135399	1
0	596	4014.783478135399	0
0	602	4072.15498816091	1
0	603	4075.15498816091	0
0	606	4085.138549979747	1
0	607	4088.048068917158	2
0	608	4088.138549979747	1
0	609	4094.138549979747	0
0	614	4126.437385687636	1
0	616	4129.437385687636	0
0	619	4184.680991645212	1
0	620	4187.680991645212	0
0	651	4430.330040374201	1
0	652	4432.819297071141	2
0	653	4433.330040374201	1
0	655	4439.330040374201	0
0	676	4599.137607107643	1
0	677	4602.137607107643	0
0	679	4613.258700999529	1
0	681	4616.258700999529	0
0	696	4714.592808487131	1
0	698	4717.592808487131	0
0	707	4765.510903141495	1
0	709	4768.510903141495	0
0	715	4824.777538967401	1
0	716	4827.777538967401	0
0	726	4909.145648038029	1
0	727	4912.145648038029	0
0	733	4968.56713010731	1
0	734	4971.56713010731	0
0	736	4978.997036740721	1
0	737	4981.997036740721	0
0	744	5023.643569752778	1
0	745	5026.643569752778	0
0	758	5082.046508300895	1
0	759	5085.046508300895	0
0	786	5188.149199437066	1
0	787	5191.149199437066	0
0	798	5254.004865624716	1
0	802	5257.004865624716	0
0	821	5362.267088113764	1
0	822	5365.267088113764	0
0	826	5382.417855972124	1
0	827	5385.417855972124	0
0	837	5490.672959359389	1
0	838	5493.672959359389	0
0	842	5562.894148560157	1
0	843	5565.894148560157	0
0	849	5631.688743866437	1
0	850	5634.688743866437	0
0	860	5745.144127482798	1
0	861	5748.144127482798	0
0	862	5756.674224614256	1
0	863	5759.674224614256	0
0	864	5821.804432659891	1
0	866	5824.804432659891	0
0	892	6065.80986145919	1
0	893	6068.80986145919	0
0	895	6099.213153876462	1
0	896	6102.213153876462	0
0	921	6262.925916182974	1
0	923	6265.925916182974	0
0	925	6274.954986621189	1
0	926	6277.954986621189	0
0	927	6279.844806861493	1
0	928	6282.844806861493	0
0	929	6287.373644426334	1
0	930	6290.373644426334	0
0	937	6320.31747874319	1
0	938	6323.31747874319	0
0	940	6334.468807518767	1
0	943	6337.468807518767	0
0	965	6435.928626982015	1
0	969	6438.928626982015	0
0	992	6546.468807518767	1
0	994	6549.468807518767	0
0	995	6565.015855428706	1
0	996	6568.015855428706	0
0	997	6572.641581081542	1
0	998	6575.641581081542	0
0	1001	6621.14915644244	1
0	1002	6624.14915644244	0
0	1004	6641.80133522341	1
0	1005	6644.80133522341	0
0	1025	6829.055299959805	1
0	1026	6832.055299959805	0
0	1061	7092.453738397897	1
0	1062	7095.453738397897	0
0	1064	7113.875571016224	1
0	1065	7116.875571016224	0
0	1068	7148.092548186604	1
0	1069	7151.092548186604	0
0	1083	7275.558148433025	1
0	1084	7278.558148433025	0
0	1091	7327.162344921815	1
0	1092	7330.162344921815	0
0	1106	7462.666783252117	1
0	1108	7465.666783252117	0
0	1125	7582.76892571128	1
0	1126	7585.76892571128	0
0	1136	7690.052026715326	1
0	1137	7693.052026715326	0
0	1151	7896.980470143626	1
0	1152	7899.980470143626	0
0	1159	8036.489366542255	1
0	1160	8039.489366542255	0
0	1173	8315.537666954087	1
0	1174	8318.537666954087	0
0	1179	8354.774298615723	1
0	1180	8357.774298615723	0
0	1199	8486.369099761531	1
0	1201	8489.369099761531	0
0	1225	8659.650561200468	1
0	1226	8662.650561200468	0
0	1228	8670.81448185146	1
0	1229	8671.420512079082	2
0	1230	8671.477319475492	3
0	1231	8673.81448185146	2
0	1232	8679.81448185146	1
0	1234	8685.81448185146	0
0	1270	8862.771722437521	1
0	1272	8865.771722437521	0
0	1273	8868.109742013623	1
0	1274	8871.109742013623	0
0	1279	8888.259654223822	1
0	1280	8891.259654223822	0
0	1289	8938.583126359962	1
0	1290	8941.583126359962	0
0	1291	8945.638147353983	1
0	1292	8948.638147353983	0
0	1305	9002.692099530045	1
0	1306	9005.692099530045	0
0	1318	9080.281164034276	1
0	1319	9083.281164034276	0
0	1323	9097.474541024283	1
0	1324	9100.474541024283	0
0	1340	9231.213352684858	1
0	1341	9234.213352684858	0
0	1342	9239.380579677849	1
0	1343	9242.380579677849	0
0	1370	9483.540000374804	1
0	1371	9486.540000374804	0
0	1373	9525.945878780471	1
0	1374	9528.945878780471	0
0	1379	9580.319752881407	1
0	1380	9583.319752881407	0
0	1408	9853.668637807153	1
0	1410	9856.668637807153	0
0	1414	9878.109553191757	1
0	1416	9881.109553191757	0
0	1417	9896.590070808624	1
0	1418	9899.590070808624	0
0	1419	9938.022020216956	1
0	1420	9941.022020216956	0
0	1442	10125.276276104186	1
0	1443	10128.276276104186	0
0	1459	10232.590417596817	1
0	1461	10235.590417596817	0
0	1468	10322.830522882192	1
0	1469	10325.830522882192	0
0	1477	10354.481442221077	1
0	1479	10357.481442221077	0
0	1501	10902.569892624757	1
0	1502	10905.569892624757	0
0	1504	10913.346079367968	1
0	1505	10916.346079367968	0
0	1518	11070.34455754883	1
0	1520	11073.34455754883	0
0	1539	11219.733556397734	1
0	1542	11222.733556397734	0
0	1545	11272.717126867526	1
0	1547	11275.717126867526	0
0	1568	11396.758666102949	1
0	1569	11397.667484679205	2
0	1570	11399.758666102949	1
0	1571	11405.758666102949	0
0	1597	11577.168442214602	1
0	1599	11580.168442214602	0
0	1601	11583.592003465189	1
0	1602	11586.592003465189	0
0	1603	11595.365277849015	1
0	1604	11598.365277849015	0
0	1618	11726.746568170685	1
0	1619	11729.746568170685	0
0	1633	11837.464994315316	1
0	1634	11840.464994315316	0
0	1637	11884.95786925423	1
0	1638	11887.95786925423	0
0	1641	11918.939843278796	1
0	1643	11921.939843278796	0
0	1649	11959.063855495593	1
0	1650	11962.063855495593	0
0	1654	12021.767135864299	1
0	1656	12024.767135864299	0
0	1699	12533.159173988113	1
0	1700	12536.159173988113	0
0	1717	12694.301093747462	1
0	1718	12697.301093747462	0
0	1720	12713.481591979345	1
0	1721	12716.481591979345	0
0	1725	12736.083893005196	1
0	1726	12739.083893005196	0
0	1732	12790.260890915225	1
0	1733	12793.260890915225	0
0	1759	12922.843372240963	1
0	1760	12925.843372240963	0
0	1762	12927.633152631595	1
0	1764	12930.633152631595	0
0	1768	12977.55701319924	1
0	1769	12980.55701319924	0
0	1776	13001.824973846209	1
0	1777	13004.824973846209	0
0	1837	13559.017295791468	1
0	1838	13562.017295791468	0
0	1842	13574.656097502673	1
0	1843	13577.656097502673	0
0	1845	13628.738656272414	1
0	1846	13631.738656272414	0
0	1862	13758.434287964039	1
0	1864	13761.434287964039	0
0	1888	13970.434287964039	1
0	1889	13973.434287964039	0
0	1908	14173.040259306183	1
0	1909	14176.040259306183	0
0	1926	14345.329726285188	1
0	1927	14348.329726285188	0
0	1961	14647.297743043274	1
0	1962	14650.297743043274	0
0	1967	14683.792642629191	1
0	1969	14686.792642629191	0
0	1975	14750.762024850127	1
0	1976	14753.762024850127	0
0	1994	14916.320573156432	1
0	1995	14919.320573156432	0
0	2003	15005.66415101152	1
0	2004	15008.66415101152	0
0	2010	15064.632089734634	1
0	2011	15067.632089734634	0
0	2023	15182.528348179013	1
0	2024	15185.528348179013	0
0	2028	15223.229187072111	1
0	2030	15226.229187072111	0
0	2045	15337.977641879801	1
0	2046	15340.977641879801	0
0	2062	15485.262092792157	1
0	2063	15488.262092792157	0
0	2097	15778.402601101668	1
0	2098	15781.402601101668	0
0	2103	15825.312519389978	1
0	2104	15828.312519389978	0
0	2120	15922.651154952573	1
0	2121	15925.651154952573	0
0	2124	15966.535156527374	1
0	2126	15969.535156527374	0
0	2127	15972.850367697706	1
0	2129	15975.850367697706	0
0	2137	16009.423496809409	1
0	2138	16012.423496809409	0
0	2145	16078.168809167594	1
0	2146	16081.168809167594	0
0	2167	16235.638765236066	1
0	2168	16238.638765236066	0
0	2169	16238.976039403423	1
0	2170	16241.976039403423	0
0	2171	16245.235155174136	1
0	2172	16248.235155174136	0
0	2173	16251.132399917911	1
0	2175	16254.132399917911	0
0	2182	16288.731779126076	1
0	2184	16291.731779126076	0
0	2206	16401.79200770815	1
0	2207	16404.79200770815	0
0	2212	16452.991147346131	1
0	2213	16455.991147346131	0
0	2238	16564.851399068116	1
0	2239	16567.851399068116	0
0	2248	16606.575967664391	1
0	2250	16609.575967664391	0
0	2251	16637.665353611236	1
0	2252	16640.665353611236	0
0	2264	16702.078866450772	1
0	2265	16705.078866450772	0
0	2271	16742.45775634447	1
0	2272	16745.45775634447	0
0	2275	16764.888658349089	1
0	2276	16767.888658349089	0
0	2277	16773.898939094218	1
0	2279	16776.898939094218	0
0	2283	16812.150992537801	1
0	2285	16815.150992537801	0
0	2307	16939.363594381668	1
0	2308	16942.363594381668	0
0	2361	17242.030932113781	1
0	2362	17245.030932113781	0
0	2370	17280.527265008481	1
0	2371	17283.527265008481	0
0	2375	17337.007786370363	1
0	2376	17340.007786370363	0
0	2382	17375.956071336351	1
0	2383	17378.956071336351	0
0	2388	17409.174571322932	1
0	2389	17412.174571322932	0
0	2394	17456.566494187756	1
0	2395	17459.566494187756	0
0	2404	17539.432998588672	1
0	2405	17542.432998588672	0
0	2406	17542.820725804352	1
0	2407	17545.820725804352	0
0	2414	17602.767839059988	1
0	2415	17605.767839059988	0
0	2417	17638.635532186274	1
0	2418	17641.635532186274	0
0	2422	17658.13594583698	1
0	2423	17661.13594583698	0
0	2455	17935.34705178843	1
0	2456	17938.34705178843	0
0	2458	17976.949931127006	1
0	2460	17979.949931127006	0
0	2470	18112.999134433444	1
0	2471	18115.999134433444	0
0	2499	18398.047341097388	1
0	2501	18401.047341097388	0
0	2509	18445.708967120722	1
0	2510	18448.708967120722	0
0	2522	18539.638977546053	1
0	2523	18542.638977546053	0
0	2524	18542.853458546348	1
0	2525	18545.853458546348	0
0	2532	18574.744405248102	1
0	2533	18577.744405248102	0
0	2537	18605.012819679056	1
0	2539	18608.012819679056	0
0	2553	18687.935570108547	1
0	2554	18690.935570108547	0
0	2565	18756.592848491332	1
0	2566	18759.592848491332	0
0	2581	18807.224770117475	1
0	2583	18810.224770117475	0
0	2585	18822.298987139487	1
0	2586	18825.298987139487	0
0	2603	18908.017806877536	1
0	2605	18911.017806877536	0
0	2611	18967.359966723372	1
0	2613	18970.359966723372	0
0	2620	19002.690566696447	1
0	2621	19005.690566696447	0
0	2648	19183.511314692032	1
0	2649	19186.511314692032	0
0	2650	19188.023224185171	1
0	2651	19191.023224185171	0
0	2653	19209.66079468112	1
0	2654	19212.66079468112	0
0	2658	19235.963307214221	1
0	2659	19238.963307214221	0
0	2663	19282.821680937554	1
0	2664	19285.821680937554	0
0	2677	19381.212614241173	1
0	2679	19384.212614241173	0
0	2693	19481.676764221355	1
0	2695	19484.676764221355	0
0	2713	19571.747574939076	1
0	2714	19574.747574939076	0
0	2718	19606.334698491592	1
0	2719	19607.772316742604	2
0	2720	19609.334698491592	1
0	2723	19615.334698491592	0
0	2725	19636.577717069196	1
0	2726	19639.577717069196	0
0	2727	19651.966383243685	1
0	2729	19654.966383243685	0
0	2730	19655.723904216726	1
0	2733	19658.723904216726	0
0	2742	19712.704542484884	1
0	2744	19715.704542484884	0
0	2752	19785.640118692658	1
0	2753	19788.640118692658	0
0	2757	19797.542563674243	1
0	2758	19800.542563674243	0
0	2775	19980.902686262033	1
0	2776	19983.902686262033	0
1	169	1112.825431445285	3
1	173	1140.262390935533	3
1	175	1174.938875092649	3
1	177	1178.058165193954	3
1	189	1300.961255226573	3
1	209	1467.660252514722	3
1	213	1516.387068282644	3
1	225	1582.428368880997	3
1	251	1752.459668595427	3
1	253	1758.961307957249	3
1	263	1822.499905761771	3
1	273	1869.313148498704	3
1	281	1918.347709982819	3
1	287	1940.623293669641	3
1	291	1962.612209889283	3
1	292	1968.612209889283	8.213563149089
1	327	2129.998667834686	3
1	338	2199.222723373705	3
1	348	2258.06415382212	3
1	354	2347.179894974568	3
1	392	2749.994583076445	3
1	400	2792.640383763539	3
1	407	2837.729352406534	3
1	424	2949.592814443364	3
1	426	2953.877589681422	3
1	428	2968.492706815158	3
1	433	2990.299783422976	3
1	452	3099.275663423533	3
1	454	3125.257643549083	3
1	461	3161.43741772522	3
1	481	3285.105778973329	3
1	485	3303.84945128753	3
1	509	3443.874314476854	3
1	516	3458.571058710171	3
1	554	3721.564179258501	3
1	556	3725.710608712499	3
1	561	3761.488962683743	3
1	562	3767.488962683743	7.129882006851
1	577	3896.215834382288	3
1	584	3934.099179039866	3
1	596	4014.783478135399	3
1	603	4075.15498816091	3
1	608	4088.138549979747	3
1	609	4094.138549979747	6.090481062589
1	616	4129.437385687636	3
1	620	4187.680991645212	3
1	653	4433.330040374201	3
1	655	4439.330040374201	6.51074330306
1	677	4602.137607107643	3
1	681	4616.258700999529	3
1	698	4717.592808487131	3
1	709	4768.510903141495	3
1	716	4827.777538967401	3
1	727	4912.145648038029	3
1	734	4971.56713010731	3
1	737	4981.997036740721	3
1	745	5026.643569752778	3
1	759	5085.046508300895	3
1	787	5191.149199437066	3
1	802	5257.004865624716	3
1	822	5365.267088113764	3
1	827	5385.417855972124	3
1	838	5493.672959359389	3
1	843	5565.894148560157	3
1	850	5634.688743866437	3
1	861	5748.144127482798	3
1	863	5759.674224614256	3
1	866	5824.804432659891	3
1	893	6068.80986145919	3
1	896	6102.213153876462	3
1	923	6265.925916182974	3
1	926	6277.954986621189	3
1	928	6282.844806861493	3
1	930	6290.373644426334	3
1	938	6323.31747874319	3
1	943	6337.468807518767	3
1	969	6438.928626982015	3
1	994	6549.468807518767	3
1	996	6568.015855428706	3
1	998	6575.641581081542	3
1	1002	6624.14915644244	3
1	1005	6644.80133522341	3
1	1026	6832.055299959805	3
1	1062	7095.453738397897	3
1	1065	7116.875571016224	3
1	1069	7151.092548186604	3
1	1084	7278.558148433025	3
1	1092	7330.162344921815	3
1	1108	7465.666783252117	3
1	1126	7585.76892571128	3
1	1137	7693.052026715326	3
1	1152	7899.980470143626	3
1	1160	8039.489366542255	3
1	1174	8318.537666954087	3
1	1180	8357.774298615723	3
1	1201	8489.369099761531	3
1	1226	8662.650561200468	3
1	1231	8673.81448185146	3
1	1232	8679.81448185146	8.393969772378
1	1234	8685.81448185146	14.337162375968
1	1272	8865.771722437521	3
1	1274	8871.109742013623	3
1	1280	8891.259654223822	3
1	1290	8941.583126359962	3
1	1292	8948.638147353983	3
1	1306	9005.692099530045	3
1	1319	9083.281164034276	3
1	1324	9100.474541024283	3
1	1341	9234.213352684858	3
1	1343	9242.380579677849	3
1	1371	9486.540000374804	3
1	1374	9528.945878780471	3
1	1380	9583.319752881407	3
1	1410	9856.668637807153	3
1	1416	9881.109553191757	3
1	1418	9899.590070808624	3
1	1420	9941.022020216956	3
1	1443	10128.276276104186	3
1	1461	10235.590417596817	3
1	1469	10325.830522882192	3
1	1479	10357.481442221077	3
1	1502	10905.569892624757	3
1	1505	10916.346079367968	3
1	1520	11073.34455754883	3
1	1542	11222.733556397734	3
1	1547	11275.717126867526	3
1	1570	11399.758666102949	3
1	1571	11405.758666102949	8.091181423744
1	1599	11580.168442214602	3
1	1602	11586.592003465189	3
1	1604	11598.365277849015	3
1	1619	11729.746568170685	3
1	1634	11840.464994315316	3
1	1638	11887.95786925423	3
1	1643	11921.939843278796	3
1	1650	11962.063855495593	3
1	1656	12024.767135864299	3
1	1700	12536.159173988113	3
1	1718	12697.301093747462	3
1	1721	12716.481591979345	3
1	1726	12739.083893005196	3
1	1733	12793.260890915225	3
1	1760	12925.843372240963	3
1	1764	12930.633152631595	3
1	1769	12980.55701319924	3
1	1777	13004.824973846209	3
1	1838	13562.017295791468	3
1	1843	13577.656097502673	3
1	1846	13631.738656272414	3
1	1864	13761.434287964039	3
1	1889	13973.434287964039	3
1	1909	14176.040259306183	3
1	1927	14348.329726285188	3
1	1962	14650.297743043274	3
1	1969	14686.792642629191	3
1	1976	14753.762024850127	3
1	1995	14919.320573156432	3
1	2004	15008.66415101152	3
1	2011	15067.632089734634	3
1	2024	15185.528348179013	3
1	2030	15226.229187072111	3
1	2046	15340.977641879801	3
1	2063	15488.262092792157	3
1	2098	15781.402601101668	3
1	2104	15828.312519389978	3
1	2121	15925.651154952573	3
1	2126	15969.535156527374	3
1	2129	15975.850367697706	3
1	2138	16012.423496809409	3
1	2146	16081.168809167594	3
1	2168	16238.638765236066	3
1	2170	16241.976039403423	3
1	2172	16248.235155174136	3
1	2175	16254.132399917911	3
1	2184	16291.731779126076	3
1	2207	16404.79200770815	3
1	2213	16455.991147346131	3
1	2239	16567.851399068116	3
1	2250	16609.575967664391	3
1	2252	16640.665353611236	3
1	2265	16705.078866450772	3
1	2272	16745.45775634447	3
1	2276	16767.888658349089	3
1	2279	16776.898939094218	3
1	2285	16815.150992537801	3
1	2308	16942.363594381668	3
1	2362	17245.030932113781	3
1	2371	17283.527265008481	3
1	2376	17340.007786370363	3
1	2383	17378.956071336351	3
1	2389	17412.174571322932	3
1	2395	17459.566494187756	3
1	2405	17542.432998588672	3
1	2407	17545.820725804352	3
1	2415	17605.767839059988	3
1	2418	17641.635532186274	3
1	2423	17661.13594583698	3
1	2456	17938.34705178843	3
1	2460	17979.949931127006	3
1	2471	18115.999134433444	3
1	2501	18401.047341097388	3
1	2510	18448.708967120722	3
1	2523	18542.638977546053	3
1	2525	18545.853458546348	3
1	2533	18577.744405248102	3
1	2539	18608.012819679056	3
1	2554	18690.935570108547	3
1	2566	18759.592848491332	3
1	2583	18810.224770117475	3
1	2586	18825.298987139487	3
1	2605	18911.017806877536	3
1	2613	18970.359966723372	3
1	2621	19005.690566696447	3
1	2649	19186.511314692032	3
1	2651	19191.023224185171	3
1	2654	19212.66079468112	3
1	2659	19238.963307214221	3
1	2664	19285.821680937554	3
1	2679	19384.212614241173	3
1	2695	19484.676764221355	3
1	2714	19574.747574939076	3
1	2720	19609.334698491592	3
1	2723	19615.334698491592	7.562381748988
1	2726	19639.577717069196	3
1	2729	19654.966383243685	3
1	2733	19658.723904216726	3
1	2744	19715.704542484884	3
1	2753	19788.640118692658	3
1	2758	19800.542563674243	3
1	2776	19983.902686262033	3
2	169	1112.825431445285	10238
2	173	1140.262390935533	10234
2	175	1174.938875092649	10235
2	177	1178.058165193954	10236
2	189	1300.961255226573	10239
2	209	1467.660252514722	10244
2	213	1516.387068282644	10240
2	225	1582.428368880997	10245
2	251	1752.459668595427	10252
2	253	1758.961307957249	10248
2	263	1822.499905761771	10251
2	273	1869.313148498704	10249
2	281	1918.347709982819	10250
2	287	1940.623293669641	10256
2	291	1962.612209889283	10257
2	292	1968.612209889283	10258
2	327	2129.998667834686	10263
2	338	2199.222723373705	10259
2	348	2258.06415382212	10264
2	354	2347.179894974568	10265
2	392	2749.994583076445	10269
2	400	2792.640383763539	10274
2	407	2837.729352406534	10273
2	424	2949.592814443364	10277
2	426	2953.877589681422	10278
2	428	2968.492706815158	10279
2	433	2990.299783422976	10280
2	452	3099.275663423533	10282
2	454	3125.257643549083	10283
2	461	3161.43741772522	10284
2	481	3285.105778973329	10281
2	485	3303.84945128753	10286
2	509	3443.874314476854	10285
2	516	3458.571058710171	10289
2	554	3721.564179258501	10292
2	556	3725.710608712499	10295
2	561	3761.488962683743	10296
2	562	3767.488962683743	10293
2	577	3896.215834382288	10299
2	584	3934.099179039866	10301
2	596	4014.783478135399	10304
2	603	4075.15498816091	10302
2	608	4088.138549979747	10307
2	609	4094.138549979747	10303
2	616	4129.437385687636	10300
2	620	4187.680991645212	10306
2	653	4433.330040374201	10313
2	655	4439.330040374201	10308
2	677	4602.137607107643	10312
2	681	4616.258700999529	10316
2	698	4717.592808487131	10315
2	709	4768.510903141495	10321
2	716	4827.777538967401	10322
2	727	4912.145648038029	10323
2	734	4971.56713010731	10324
2	737	4981.997036740721	10325
2	745	5026.643569752778	10326
2	759	5085.046508300895	10330
2	787	5191.149199437066	10331
2	802	5257.004865624716	10334
2	822	5365.267088113764	10336
2	827	5385.417855972124	10341
2	838	5493.672959359389	10344
2	843	5565.894148560157	10343
2	850	5634.688743866437	10346
2	861	5748.144127482798	10347
2	863	5759.674224614256	10348
2	866	5824.804432659891	10345
2	893	6068.80986145919	10353
2	896	6102.213153876462	10350
2	923	6265.925916182974	10352
2	926	6277.954986621189	10358
2	928	6282.844806861493	10359
2	930	6290.373644426334	10355
2	938	6323.31747874319	10362
2	943	6337.468807518767	10363
2	969	6438.928626982015	10356
2	994	6549.468807518767	10364
2	996	6568.015855428706	10368
2	998	6575.641581081542	10370
2	1002	6624.14915644244	10366
2	1005	6644.80133522341	10369
2	1026	6832.055299959805	10374
2	1062	7095.453738397897	10378
2	1065	7116.875571016224	10379
2	1069	7151.092548186604	10377
2	1084	7278.558148433025	10383
2	1092	7330.162344921815	10381
2	1108	7465.666783252117	10387
2	1126	7585.76892571128	10389
2	1137	7693.052026715326	10391
2	1152	7899.980470143626	10394
2	1160	8039.489366542255	10395
2	1174	8318.537666954087	10396
2	1180	8357.774298615723	10399
2	1201	8489.369099761531	10401
2	1226	8662.650561200468	10405
2	1231	8673.81448185146	10406
2	1232	8679.81448185146	10408
2	1234	8685.81448185146	10409
2	1272	8865.771722437521	10417
2	1274	8871.109742013623	10418
2	1280	8891.259654223822	10412
2	1290	8941.583126359962	10419
2	1292	8948.638147353983	10416
2	1306	9005.692099530045	10413
2	1319	9083.281164034276	10420
2	1324	9100.474541024283	10424
2	1341	9234.213352684858	10426
2	1343	9242.380579677849	10427
2	1371	9486.540000374804	10430
2	1374	9528.945878780471	10431
2	1380	9583.319752881407	10433
2	1410	9856.668637807153	10438
2	1416	9881.109553191757	10436
2	1418	9899.590070808624	10440
2	1420	9941.022020216956	10441
2	1443	10128.276276104186	10443
2	1461	10235.590417596817	10444
2	1469	10325.830522882192	10449
2	1479	10357.481442221077	10448
2	1502	10905.569892624757	10450
2	1505	10916.346079367968	10453
2	1520	11073.34455754883	10454
2	1542	11222.733556397734	10456
2	1547	11275.717126867526	10461
2	1570	11399.758666102949	10463
2	1571	11405.758666102949	10459
2	1599	11580.168442214602	10466
2	1602	11586.592003465189	10469
2	1604	11598.365277849015	10470
2	1619	11729.746568170685	10472
2	1634	11840.464994315316	10473
2	1638	11887.95786925423	10475
2	1643	11921.939843278796	10477
2	1650	11962.063855495593	10478
2	1656	12024.767135864299	10476
2	1700	12536.159173988113	10483
2	1718	12697.301093747462	10488
2	1721	12716.481591979345	10486
2	1726	12739.083893005196	10489
2	1733	12793.260890915225	10491
2	1760	12925.843372240963	10492
2	1764	12930.633152631595	10496
2	1769	12980.55701319924	10490
2	1777	13004.824973846209	10495
2	1838	13562.017295791468	10505
2	1843	13577.656097502673	10508
2	1846	13631.738656272414	10507
2	1864	13761.434287964039	10511
2	1889	13973.434287964039	10512
2	1909	14176.040259306183	10515
2	1927	14348.329726285188	10519
2	1962	14650.297743043274	10525
2	1969	14686.792642629191	10523
2	1976	14753.762024850127	10529
2	1995	14919.320573156432	10532
2	2004	15008.66415101152	10531
2	2011	15067.632089734634	10534
2	2024	15185.528348179013	10535
2	2030	15226.229187072111	10537
2	2046	15340.977641879801	10539
2	2063	15488.262092792157	10540
2	2098	15781.402601101668	10548
2	2104	15828.312519389978	10545
2	2121	15925.651154952573	10549
2	2126	15969.535156527374	10553
2	2129	15975.850367697706	10546
2	2138	16012.423496809409	10555
2	2146	16081.168809167594	10554
2	2168	16238.638765236066	10558
2	2170	16241.976039403423	10559
2	2172	16248.235155174136	10560
2	2175	16254.132399917911	10561
2	2184	16291.731779126076	10564
2	2207	16404.79200770815	10567
2	2213	16455.991147346131	10568
2	2239	16567.851399068116	10566
2	2250	16609.575967664391	10573
2	2252	16640.665353611236	10572
2	2265	16705.078866450772	10575
2	2272	16745.45775634447	10576
2	2276	16767.888658349089	10574
2	2279	16776.898939094218	10578
2	2285	16815.150992537801	10579
2	2308	16942.363594381668	10581
2	2362	17245.030932113781	10591
2	2371	17283.527265008481	10589
2	2376	17340.007786370363	10587
2	2383	17378.956071336351	10592
2	2389	17412.174571322932	10593
2	2395	17459.566494187756	10594
2	2405	17542.432998588672	10596
2	2407	17545.820725804352	10597
2	2415	17605.767839059988	10599
2	2418	17641.635532186274	10600
2	2423	17661.13594583698	10601
2	2456	17938.34705178843	10606
2	2460	17979.949931127006	10605
2	2471	18115.999134433444	10608
2	2501	18401.047341097388	10609
2	2510	18448.708967120722	10611
2	2523	18542.638977546053	10616
2	2525	18545.853458546348	10610
2	2533	18577.744405248102	10613
2	2539	18608.012819679056	10614
2	2554	18690.935570108547	10619
2	2566	18759.592848491332	10622
2	2583	18810.224770117475	10625
2	2586	18825.298987139487	10626
2	2605	18911.017806877536	10621
2	2613	18970.359966723372	10628
2	2621	19005.690566696447	10630
2	2649	19186.511314692032	10632
2	2651	19191.023224185171	10635
2	2654	19212.66079468112	10633
2	2659	19238.963307214221	10636
2	2664	19285.821680937554	10637
2	2679	19384.212614241173	10641
2	2695	19484.676764221355	10640
2	2714	19574.747574939076	10645
2	2720	19609.334698491592	10646
2	2723	19615.334698491592	10642
2	2726	19639.577717069196	10648
2	2729	19654.966383243685	10643
2	2733	19658.723904216726	10649
2	2744	19715.704542484884	10647
2	2753	19788.640118692658	10651
2	2758	19800.542563674243	10650
2	2776	19983.902686262033	10655
3	160	1034.262390935533	1
3	162	1037.262390935533	0
3	164	1068.938875092649	1
3	165	1071.938875092649	0
3	166	1072.058165193954	1
3	167	1075.058165193954	0
3	182	1238.873605359123	1
3	184	1241.873605359123	0
3	200	1410.387068282644	1
3	202	1413.387068282644	0
3	204	1435.968941658893	1
3	205	1438.968941658893	0
3	212	1515.151325694745	1
3	214	1518.151325694745	0
3	222	1567.660252514722	1
3	223	1570.660252514722	0
3	245	1716.499905761771	1
3	246	1719.499905761771	0
3	247	1729.786227589427	1
3	248	1732.786227589427	0
3	254	1763.313148498704	1
3	255	1766.313148498704	0
3	260	1812.347709982819	1
3	261	1815.347709982819	0
3	284	1930.643805869864	1
3	285	1933.643805869864	0
3	303	2018.472080925112	1
3	304	2021.472080925112	0
3	308	2040.623293669641	1
3	309	2043.623293669641	0
3	311	2062.612209889283	1
3	312	2065.612209889283	0
3	313	2068.612209889283	1
3	315	2071.612209889283	0
3	318	2093.222723373705	1
3	319	2096.222723373705	0
3	320	2104.80191114902	1
3	321	2106.048136233045	2
3	322	2107.80191114902	1
3	323	2113.80191114902	0
3	331	2152.06415382212	1
3	332	2155.06415382212	0
3	335	2173.015553316466	1
3	336	2176.015553316466	0
3	345	2241.179894974568	1
3	346	2244.179894974568	0
3	367	2559.886960793038	1
3	368	2562.886960793038	0
3	373	2643.994583076445	1
3	375	2646.994583076445	0
3	379	2657.971002899597	1
3	380	2660.971002899597	0
3	388	2731.729352406534	1
3	389	2734.729352406534	0
3	393	2753.648847797011	1
3	394	2756.648847797011	0
3	402	2822.005093022555	1
3	403	2825.005093022555	0
3	440	3053.877589681422	1
3	441	3056.877589681422	0
3	447	3081.069432840932	1
3	448	3084.069432840932	0
3	455	3127.350172544995	1
3	456	3130.350172544995	0
3	463	3179.105778973329	1
3	464	3182.105778973329	0
3	471	3225.257643549083	1
3	472	3228.257643549083	0
3	490	3337.874314476854	1
3	491	3340.874314476854	0
3	495	3352.571058710171	1
3	496	3355.571058710171	0
3	506	3423.203245166136	1
3	507	3426.203245166136	0
3	529	3553.946866083756	1
3	532	3556.946866083756	0
3	537	3595.176439990121	1
3	538	3598.176439990121	0
3	539	3615.564179258501	1
3	540	3618.564179258501	0
3	541	3619.710608712499	1
3	542	3622.710608712499	0
3	547	3657.359080676892	1
3	549	3660.359080676892	0
3	570	3834.45307621781	1
3	571	3837.45307621781	0
3	589	3985.048068917158	1
3	591	3988.048068917158	0
3	598	4023.437385687636	1
3	599	4026.437385687636	0
3	600	4034.099179039866	1
3	601	4037.099179039866	0
3	604	4081.680991645212	1
3	605	4084.680991645212	0
3	612	4116.623292075041	1
3	613	4119.623292075041	0
3	639	4329.819297071141	1
3	641	4332.263983849211	2
3	642	4332.819297071141	1
3	643	4338.819297071141	0
3	657	4453.801554361904	1
3	658	4456.801554361904	0
3	659	4469.325652479258	1
3	660	4472.325652479258	0
3	661	4496.137607107643	1
3	662	4499.137607107643	0
3	686	4640.294548548296	1
3	687	4643.294548548296	0
3	688	4655.689753272257	1
3	690	4658.689753272257	0
3	692	4662.510903141495	1
3	693	4665.510903141495	0
3	711	4806.145648038029	1
3	712	4809.145648038029	0
3	718	4861.861002442392	1
3	719	4864.861002442392	0
3	720	4865.56713010731	1
3	722	4868.56713010731	0
3	723	4875.997036740721	1
3	724	4878.997036740721	0
3	728	4920.643569752778	1
3	729	4923.643569752778	0
3	740	4986.788028982038	1
3	741	4989.788028982038	0
3	747	5039.462776773207	1
3	748	5042.462776773207	0
3	755	5076.070727400791	1
3	756	5079.070727400791	0
3	764	5121.453310719124	1
3	765	5124.453310719124	0
3	767	5128.620857531536	1
3	769	5131.620857531536	0
3	797	5253.267088113764	1
3	799	5255.111035072576	2
3	800	5256.267088113764	1
3	804	5262.267088113764	0
3	809	5279.417855972124	1
3	810	5282.417855972124	0
3	855	5718.804432659891	1
3	856	5721.804432659891	0
3	865	5822.370549991156	1
3	867	5825.370549991156	0
3	901	6159.925916182974	1
3	903	6162.925916182974	0
3	904	6168.80986145919	1
3	905	6171.80986145919	0
3	920	6261.800875919543	1
3	922	6264.800875919543	0
3	933	6307.346348778102	1
3	935	6310.346348778102	0
3	939	6332.928626982015	1
3	942	6335.928626982015	0
3	951	6377.954986621189	1
3	952	6380.954986621189	0
3	966	6437.468807518767	1
3	967	6438.244431328849	2
3	970	6440.468807518767	1
3	973	6446.468807518767	0
3	975	6462.015855428706	1
3	976	6465.015855428706	0
3	982	6512.14915644244	1
3	983	6515.14915644244	0
3	984	6518.14915644244	1
3	985	6521.14915644244	0
3	987	6538.80133522341	1
3	990	6541.80133522341	0
3	1015	6729.617929823155	1
3	1016	6732.617929823155	0
3	1040	6932.055299959805	1
3	1041	6935.055299959805	0
3	1051	7010.875571016224	1
3	1052	7013.875571016224	0
3	1057	7045.092548186604	1
3	1058	7048.092548186604	0
3	1078	7224.162344921815	1
3	1079	7227.162344921815	0
3	1085	7278.667781956556	1
3	1086	7281.667781956556	0
3	1119	7565.666783252117	1
3	1121	7568.666783252117	0
3	1142	7793.052026715326	1
3	1143	7796.052026715326	0
3	1145	7802.257713716965	1
3	1146	7805.257713716965	0
3	1148	7890.31157628192	1
3	1149	7893.31157628192	0
3	1154	7933.489366542255	1
3	1155	7936.489366542255	0
3	1209	8556.650561200468	1
3	1210	8559.650561200468	0
3	1218	8613.182560315655	1
3	1219	8616.182560315655	0
3	1243	8751.444804383258	1
3	1244	8754.444804383258	0
3	1249	8770.509180799256	1
3	1250	8773.509180799256	0
3	1265	8842.638147353983	1
3	1266	8845.638147353983	0
3	1282	8899.692099530045	1
3	1283	8902.692099530045	0
3	1284	8907.360033493463	1
3	1285	8910.360033493463	0
3	1286	8928.003232355998	1
3	1287	8931.003232355998	0
3	1295	8965.771722437521	1
3	1296	8968.771722437521	0
3	1320	9087.023840247425	1
3	1322	9090.023840247425	0
3	1366	9458.801250832229	1
3	1367	9461.801250832229	0
3	1382	9628.945878780471	1
3	1383	9631.945878780471	0
3	1390	9683.319752881407	1
3	1391	9686.319752881407	0
3	1393	9741.642884835677	1
3	1394	9744.642884835677	0
3	1397	9770.282945331772	1
3	1398	9773.282945331772	0
3	1399	9775.109553191757	1
3	1400	9776.136321173542	2
3	1401	9778.109553191757	1
3	1403	9781.109553191757	0
3	1421	9956.668637807153	1
3	1422	9956.954184448134	2
3	1423	9959.668637807153	1
3	1424	9965.668637807153	0
3	1433	10041.022020216956	1
3	1434	10044.022020216956	0
3	1437	10097.463786325455	1
3	1438	10100.463786325455	0
3	1444	10129.590417596817	1
3	1446	10132.590417596817	0
3	1463	10249.192243425145	1
3	1465	10252.192243425145	0
3	1470	10328.038949329461	1
3	1471	10331.038949329461	0
3	1480	10425.830522882192	1
3	1481	10428.830522882192	0
3	1494	10799.569892624757	1
3	1495	10802.569892624757	0
3	1497	10820.310343834601	1
3	1498	10823.310343834601	0
3	1511	11009.576300363297	1
3	1512	11012.576300363297	0
3	1524	11116.733556397734	1
3	1527	11119.733556397734	0
3	1528	11120.791149247528	1
3	1530	11123.791149247528	0
3	1550	11294.667484679205	1
3	1552	11297.667484679205	0
3	1562	11377.257056530768	1
3	1565	11380.257056530768	0
3	1578	11474.168442214602	1
3	1580	11477.168442214602	0
3	1581	11478.404880233021	1
3	1584	11481.404880233021	0
3	1588	11499.758666102949	1
3	1589	11502.758666102949	0
3	1593	11560.240531376873	1
3	1595	11563.240531376873	0
3	1596	11574.703789796014	1
3	1598	11577.703789796014	0
3	1620	11734.464994315316	1
3	1621	11737.464994315316	0
3	1629	11820.186510541483	1
3	1630	11823.186510541483	0
3	1640	11918.767135864299	1
3	1642	11921.767135864299	0
3	1655	12021.939843278796	1
3	1657	12024.939843278796	0
3	1670	12132.909303804716	1
3	1671	12135.909303804716	0
3	1678	12232.392333524652	1
3	1679	12235.392333524652	0
3	1688	12371.021163811793	1
3	1689	12374.021163811793	0
3	1707	12610.481591979345	1
3	1708	12613.481591979345	0
3	1711	12640.068048318296	1
3	1712	12643.068048318296	0
3	1749	12874.55701319924	1
3	1750	12877.55701319924	0
3	1755	12898.824973846209	1
3	1757	12901.824973846209	0
3	1765	12938.711432411965	1
3	1766	12941.711432411965	0
3	1793	13129.456928542984	1
3	1794	13132.456928542984	0
3	1806	13235.875719983077	1
3	1808	13238.875719983077	0
3	1809	13246.403084562352	1
3	1810	13249.403084562352	0
3	1821	13399.641588905302	1
3	1822	13402.641588905302	0
3	1827	13456.017295791468	1
3	1828	13459.017295791468	0
3	1834	13525.738656272414	1
3	1835	13528.738656272414	0
3	1852	13671.765138296796	1
3	1854	13674.765138296796	0
3	1871	13845.118753870423	1
3	1872	13848.118753870423	0
3	1874	13861.434287964039	1
3	1875	13862.993560151804	2
3	1876	13864.434287964039	1
3	1878	13870.434287964039	0
3	1897	14070.040259306183	1
3	1898	14073.040259306183	0
3	1900	14075.469213577584	1
3	1901	14078.469213577584	0
3	1902	14095.406485398241	1
3	1903	14098.406485398241	0
3	1916	14242.329726285188	1
3	1917	14245.329726285188	0
3	1924	14314.923245944442	1
3	1925	14317.923245944442	0
3	1939	14472.556309176601	1
3	1940	14475.556309176601	0
3	1949	14544.297743043274	1
3	1950	14547.297743043274	0
3	1953	14580.792642629191	1
3	1955	14583.792642629191	0
3	1966	14680.917059522665	1
3	1968	14683.917059522665	0
3	1988	14853.762024850127	1
3	1989	14856.762024850127	0
3	1992	14902.66415101152	1
3	1993	14905.66415101152	0
3	2019	15125.553444753454	1
3	2020	15128.553444753454	0
3	2039	15299.731372726565	1
3	2040	15302.731372726565	0
3	2043	15326.229187072111	1
3	2044	15329.229187072111	0
3	2048	15382.262092792157	1
3	2049	15385.262092792157	0
3	2050	15397.207653151234	1
3	2051	15400.207653151234	0
3	2059	15440.977641879801	1
3	2060	15443.977641879801	0
3	2069	15525.638089220502	1
3	2070	15528.638089220502	0
3	2076	15598.114793033726	1
3	2077	15601.114793033726	0
3	2089	15722.312519389978	1
3	2090	15725.312519389978	0
3	2105	15864.060756049168	1
3	2107	15867.060756049168	0
3	2108	15869.850367697706	1
3	2109	15872.850367697706	0
3	2110	15874.426069534808	1
3	2112	15877.426069534808	0
3	2128	15975.168809167594	1
3	2131	15978.168809167594	0
3	2148	16103.876217451243	1
3	2150	16106.876217451243	0
3	2155	16149.01269206498	1
3	2157	16152.01269206498	0
3	2164	16204.649330947346	1
3	2166	16207.649330947346	0
3	2178	16265.864529845076	1
3	2179	16268.864529845076	0
3	2190	16348.235155174136	1
3	2191	16351.235155174136	0
3	2195	16357.965620992972	1
3	2197	16360.965620992972	0
3	2217	16461.851399068116	1
3	2219	16464.851399068116	0
3	2228	16504.79200770815	1
3	2230	16507.79200770815	0
3	2231	16534.665353611236	1
3	2232	16537.665353611236	0
3	2255	16661.888658349089	1
3	2256	16664.888658349089	0
3	2258	16673.574805457928	1
3	2260	16676.574805457928	0
3	2261	16680.723796995074	1
3	2262	16683.723796995074	0
3	2302	16915.150992537801	1
3	2304	16918.150992537801	0
3	2316	16989.36992666919	1
3	2317	16992.36992666919	0
3	2325	17042.363594381668	1
3	2326	17045.363594381668	0
3	2339	17116.761050205364	1
3	2340	17119.761050205364	0
3	2345	17156.286159749939	1
3	2346	17159.286159749939	0
3	2352	17177.527265008481	1
3	2353	17180.527265008481	0
3	2359	17234.007786370363	1
3	2360	17237.007786370363	0
3	2364	17268.237082202253	1
3	2366	17271.237082202253	0
3	2372	17293.492625044136	1
3	2373	17296.492625044136	0
3	2411	17572.13323951571	1
3	2412	17575.13323951571	0
3	2462	18014.735142905947	1
3	2463	18017.735142905947	0
3	2486	18295.047341097388	1
3	2487	18298.047341097388	0
3	2493	18342.708967120722	1
3	2494	18345.708967120722	0
3	2502	18401.8757778815	1
3	2504	18404.8757778815	0
3	2505	18436.638977546053	1
3	2506	18439.638977546053	0
3	2507	18439.853458546348	1
3	2508	18442.853458546348	0
3	2514	18471.744405248102	1
3	2515	18474.744405248102	0
3	2517	18502.012819679056	1
3	2519	18505.012819679056	0
3	2530	18569.123687914355	1
3	2531	18572.123687914355	0
3	2547	18659.370686502816	1
3	2548	18662.370686502816	0
3	2555	18691.367362952262	1
3	2556	18694.367362952262	0
3	2561	18716.241423159539	1
3	2562	18719.241423159539	0
3	2571	18778.190943284785	1
3	2573	18781.190943284785	0
3	2575	18790.935570108547	1
3	2576	18793.935570108547	0
3	2580	18805.017806877536	1
3	2582	18808.017806877536	0
3	2587	18859.592848491332	1
3	2588	18862.592848491332	0
3	2590	18864.359966723372	1
3	2592	18867.359966723372	0
3	2601	18899.690566696447	1
3	2602	18902.690566696447	0
3	2628	19070.250620546009	1
3	2630	19073.250620546009	0
3	2638	19106.66079468112	1
3	2640	19109.66079468112	0
3	2671	19329.875781908163	1
3	2672	19332.875781908163	0
3	2703	19529.610607873968	1
3	2704	19532.610607873968	0
3	2706	19548.966383243685	1
3	2708	19551.966383243685	0
3	2709	19554.757993901388	1
3	2712	19557.757993901388	0
3	2721	19609.704542484884	1
3	2722	19612.704542484884	0
3	2734	19674.747574939076	1
3	2735	19677.747574939076	0
3	2738	19694.542563674243	1
3	2739	19697.542563674243	0
3	2762	19862.032863191914	1
3	2763	19865.032863191914	0
3	2777	19987.702901294793	1
3	2778	19990.702901294793	0
4	162	1037.262390935533	3
4	165	1071.938875092649	3
4	167	1075.058165193954	3
4	184	1241.873605359123	3
4	202	1413.387068282644	3
4	205	1438.968941658893	3
4	214	1518.151325694745	3
4	223	1570.660252514722	3
4	246	1719.499905761771	3
4	248	1732.786227589427	3
4	255	1766.313148498704	3
4	261	1815.347709982819	3
4	285	1933.643805869864	3
4	304	2021.472080925112	3
4	309	2043.623293669641	3
4	312	2065.612209889283	3
4	315	2071.612209889283	3
4	319	2096.222723373705	3
4	322	2107.80191114902	3
4	323	2113.80191114902	7.753774915975
4	332	2155.06415382212	3
4	336	2176.015553316466	3
4	346	2244.179894974568	3
4	368	2562.886960793038	3
4	375	2646.994583076445	3
4	380	2660.971002899597	3
4	389	2734.729352406534	3
4	394	2756.648847797011	3
4	403	2825.005093022555	3
4	441	3056.877589681422	3
4	448	3084.069432840932	3
4	456	3130.350172544995	3
4	464	3182.105778973329	3
4	472	3228.257643549083	3
4	491	3340.874314476854	3
4	496	3355.571058710171	3
4	507	3426.203245166136	3
4	532	3556.946866083756	3
4	538	3598.176439990121	3
4	540	3618.564179258501	3
4	542	3622.710608712499	3
4	549	3660.359080676892	3
4	571	3837.45307621781	3
4	591	3988.048068917158	3
4	599	4026.437385687636	3
4	601	4037.099179039866	3
4	605	4084.680991645212	3
4	613	4119.623292075041	3
4	642	4332.819297071141	3
4	643	4338.819297071141	6.55531322193
4	658	4456.801554361904	3
4	660	4472.325652479258	3
4	662	4499.137607107643	3
4	687	4643.294548548296	3
4	690	4658.689753272257	3
4	693	4665.510903141495	3
4	712	4809.145648038029	3
4	719	4864.861002442392	3
4	722	4868.56713010731	3
4	724	4878.997036740721	3
4	729	4923.643569752778	3
4	741	4989.788028982038	3
4	748	5042.462776773207	3
4	756	5079.070727400791	3
4	765	5124.453310719124	3
4	769	5131.620857531536	3
4	800	5256.267088113764	3
4	804	5262.267088113764	7.156053041188
4	810	5282.417855972124	3
4	856	5721.804432659891	3
4	867	5825.370549991156	3
4	903	6162.925916182974	3
4	905	6171.80986145919	3
4	922	6264.800875919543	3
4	935	6310.346348778102	3
4	942	6335.928626982015	3
4	952	6380.954986621189	3
4	970	6440.468807518767	3
4	973	6446.468807518767	8.224376189918
4	976	6465.015855428706	3
4	983	6515.14915644244	3
4	985	6521.14915644244	3
4	990	6541.80133522341	3
4	1016	6732.617929823155	3
4	1041	6935.055299959805	3
4	1052	7013.875571016224	3
4	1058	7048.092548186604	3
4	1079	7227.162344921815	3
4	1086	7281.667781956556	3
4	1121	7568.666783252117	3
4	1143	7796.052026715326	3
4	1146	7805.257713716965	3
4	1149	7893.31157628192	3
4	1155	7936.489366542255	3
4	1210	8559.650561200468	3
4	1219	8616.182560315655	3
4	1244	8754.444804383258	3
4	1250	8773.509180799256	3
4	1266	8845.638147353983	3
4	1283	8902.692099530045	3
4	1285	8910.360033493463	3
4	1287	8931.003232355998	3
4	1296	8968.771722437521	3
4	1322	9090.023840247425	3
4	1367	9461.801250832229	3
4	1383	9631.945878780471	3
4	1391	9686.319752881407	3
4	1394	9744.642884835677	3
4	1398	9773.282945331772	3
4	1401	9778.109553191757	3
4	1403	9781.109553191757	4.973232018215
4	1423	9959.668637807153	3
4	1424	9965.668637807153	8.714453359019
4	1434	10044.022020216956	3
4	1438	10100.463786325455	3
4	1446	10132.590417596817	3
4	1465	10252.192243425145	3
4	1471	10331.038949329461	3
4	1481	10428.830522882192	3
4	1495	10802.569892624757	3
4	1498	10823.310343834601	3
4	1512	11012.576300363297	3
4	1527	11119.733556397734	3
4	1530	11123.791149247528	3
4	1552	11297.667484679205	3
4	1565	11380.257056530768	3
4	1580	11477.168442214602	3
4	1584	11481.404880233021	3
4	1589	11502.758666102949	3
4	1595	11563.240531376873	3
4	1598	11577.703789796014	3
4	1621	11737.464994315316	3
4	1630	11823.186510541483	3
4	1642	11921.767135864299	3
4	1657	12024.939843278796	3
4	1671	12135.909303804716	3
4	1679	12235.392333524652	3
4	1689	12374.021163811793	3
4	1708	12613.481591979345	3
4	1712	12643.068048318296	3
4	1750	12877.55701319924	3
4	1757	12901.824973846209	3
4	1766	12941.711432411965	3
4	1794	13132.456928542984	3
4	1808	13238.875719983077	3
4	1810	13249.403084562352	3
4	1822	13402.641588905302	3
4	1828	13459.017295791468	3
4	1835	13528.738656272414	3
4	1854	13674.765138296796	3
4	1872	13848.118753870423	3
4	1876	13864.434287964039	3
4	1878	13870.434287964039	7.440727812235
4	1898	14073.040259306183	3
4	1901	14078.469213577584	3
4	1903	14098.406485398241	3
4	1917	14245.329726285188	3
4	1925	14317.923245944442	3
4	1940	14475.556309176601	3
4	1950	14547.297743043274	3
4	1955	14583.792642629191	3
4	1968	14683.917059522665	3
4	1989	14856.762024850127	3
4	1993	14905.66415101152	3
4	2020	15128.553444753454	3
4	2040	15302.731372726565	3
4	2044	15329.229187072111	3
4	2049	15385.262092792157	3
4	2051	15400.207653151234	3
4	2060	15443.977641879801	3
4	2070	15528.638089220502	3
4	2077	15601.114793033726	3
4	2090	15725.312519389978	3
4	2107	15867.060756049168	3
4	2109	15872.850367697706	3
4	2112	15877.426069534808	3
4	2131	15978.168809167594	3
4	2150	16106.876217451243	3
4	2157	16152.01269206498	3
4	2166	16207.649330947346	3
4	2179	16268.864529845076	3
4	2191	16351.235155174136	3
4	2197	16360.965620992972	3
4	2219	16464.851399068116	3
4	2230	16507.79200770815	3
4	2232	16537.665353611236	3
4	2256	16664.888658349089	3
4	2260	16676.574805457928	3
4	2262	16683.723796995074	3
4	2304	16918.150992537801	3
4	2317	16992.36992666919	3
4	2326	17045.363594381668	3
4	2340	17119.761050205364	3
4	2346	17159.286159749939	3
4	2353	17180.527265008481	3
4	2360	17237.007786370363	3
4	2366	17271.237082202253	3
4	2373	17296.492625044136	3
4	2412	17575.13323951571	3
4	2463	18017.735142905947	3
4	2487	18298.047341097388	3
4	2494	18345.708967120722	3
4	2504	18404.8757778815	3
4	2506	18439.638977546053	3
4	2508	18442.853458546348	3
4	2515	18474.744405248102	3
4	2519	18505.012819679056	3
4	2531	18572.123687914355	3
4	2548	18662.370686502816	3
4	2556	18694.367362952262	3
4	2562	18719.241423159539	3
4	2573	18781.190943284785	3
4	2576	18793.935570108547	3
4	2582	18808.017806877536	3
4	2588	18862.592848491332	3
4	2592	18867.359966723372	3
4	2602	18902.690566696447	3
4	2630	19073.250620546009	3
4	2640	19109.66079468112	3
4	2672	19332.875781908163	3
4	2704	19532.610607873968	3
4	2708	19551.966383243685	3
4	2712	19557.757993901388	3
4	2722	19612.704542484884	3
4	2735	19677.747574939076	3
4	2739	19697.542563674243	3
4	2763	19865.032863191914	3
4	2778	19990.702901294793	3
5	162	1037.262390935533	10234
5	165	1071.938875092649	10235
5	167	1075.058165193954	10236
5	184	1241.873605359123	10237
5	202	1413.387068282644	10240
5	205	1438.968941658893	10243
5	214	1518.151325694745	10241
5	223	1570.660252514722	10244
5	246	1719.499905761771	10251
5	248	1732.786227589427	10246
5	255	1766.313148498704	10249
5	261	1815.347709982819	10250
5	285	1933.643805869864	10255
5	304	2021.472080925112	10260
5	309	2043.623293669641	10256
5	312	2065.612209889283	10257
5	315	2071.612209889283	10258
5	319	2096.222723373705	10259
5	322	2107.80191114902	10254
5	323	2113.80191114902	10262
5	332	2155.06415382212	10264
5	336	2176.015553316466	10261
5	346	2244.179894974568	10265
5	368	2562.886960793038	10267
5	375	2646.994583076445	10269
5	380	2660.971002899597	10271
5	389	2734.729352406534	10273
5	394	2756.648847797011	10266
5	403	2825.005093022555	10268
5	441	3056.877589681422	10278
5	448	3084.069432840932	10275
5	456	3130.350172544995	10276
5	464	3182.105778973329	10281
5	472	3228.257643549083	10283
5	491	3340.874314476854	10285
5	496	3355.571058710171	10289
5	507	3426.203245166136	10287
5	532	3556.946866083756	10288
5	538	3598.176439990121	10290
5	540	3618.564179258501	10292
5	542	3622.710608712499	10295
5	549	3660.359080676892	10293
5	571	3837.45307621781	10297
5	591	3988.048068917158	10303
5	599	4026.437385687636	10300
5	601	4037.099179039866	10301
5	605	4084.680991645212	10306
5	613	4119.623292075041	10305
5	642	4332.819297071141	10308
5	643	4338.819297071141	10310
5	658	4456.801554361904	10314
5	660	4472.325652479258	10311
5	662	4499.137607107643	10312
5	687	4643.294548548296	10318
5	690	4658.689753272257	10319
5	693	4665.510903141495	10321
5	712	4809.145648038029	10323
5	719	4864.861002442392	10320
5	722	4868.56713010731	10324
5	724	4878.997036740721	10325
5	729	4923.643569752778	10326
5	741	4989.788028982038	10327
5	748	5042.462776773207	10328
5	756	5079.070727400791	10329
5	765	5124.453310719124	10332
5	769	5131.620857531536	10333
5	800	5256.267088113764	10339
5	804	5262.267088113764	10336
5	810	5282.417855972124	10341
5	856	5721.804432659891	10345
5	867	5825.370549991156	10349
5	903	6162.925916182974	10352
5	905	6171.80986145919	10353
5	922	6264.800875919543	10354
5	935	6310.346348778102	10361
5	942	6335.928626982015	10356
5	952	6380.954986621189	10358
5	970	6440.468807518767	10363
5	973	6446.468807518767	10364
5	976	6465.015855428706	10368
5	983	6515.14915644244	10360
5	985	6521.14915644244	10366
5	990	6541.80133522341	10369
5	1016	6732.617929823155	10371
5	1041	6935.055299959805	10374
5	1052	7013.875571016224	10379
5	1058	7048.092548186604	10377
5	1079	7227.162344921815	10381
5	1086	7281.667781956556	10384
5	1121	7568.666783252117	10387
5	1143	7796.052026715326	10391
5	1146	7805.257713716965	10392
5	1149	7893.31157628192	10393
5	1155	7936.489366542255	10395
5	1210	8559.650561200468	10405
5	1219	8616.182560315655	10403
5	1244	8754.444804383258	10407
5	1250	8773.509180799256	10411
5	1266	8845.638147353983	10416
5	1283	8902.692099530045	10413
5	1285	8910.360033493463	10414
5	1287	8931.003232355998	10415
5	1296	8968.771722437521	10417
5	1322	9090.023840247425	10423
5	1367	9461.801250832229	10428
5	1383	9631.945878780471	10431
5	1391	9686.319752881407	10433
5	1394	9744.642884835677	10434
5	1398	9773.282945331772	10435
5	1401	9778.109553191757	10436
5	1403	9781.109553191757	10437
5	1423	9959.668637807153	10438
5	1424	9965.668637807153	10439
5	1434	10044.022020216956	10441
5	1438	10100.463786325455	10442
5	1446	10132.590417596817	10444
5	1465	10252.192243425145	10447
5	1471	10331.038949329461	10446
5	1481	10428.830522882192	10449
5	1495	10802.569892624757	10450
5	1498	10823.310343834601	10452
5	1512	11012.576300363297	10455
5	1527	11119.733556397734	10456
5	1530	11123.791149247528	10457
5	1552	11297.667484679205	10459
5	1565	11380.257056530768	10458
5	1580	11477.168442214602	10466
5	1584	11481.404880233021	10467
5	1589	11502.758666102949	10463
5	1595	11563.240531376873	10465
5	1598	11577.703789796014	10468
5	1621	11737.464994315316	10473
5	1630	11823.186510541483	10474
5	1642	11921.767135864299	10476
5	1657	12024.939843278796	10477
5	1671	12135.909303804716	10479
5	1679	12235.392333524652	10481
5	1689	12374.021163811793	10482
5	1708	12613.481591979345	10486
5	1712	12643.068048318296	10484
5	1750	12877.55701319924	10490
5	1757	12901.824973846209	10495
5	1766	12941.711432411965	10494
5	1794	13132.456928542984	10499
5	1808	13238.875719983077	10503
5	1810	13249.403084562352	10500
5	1822	13402.641588905302	10504
5	1828	13459.017295791468	10505
5	1835	13528.738656272414	10507
5	1854	13674.765138296796	10510
5	1872	13848.118753870423	10514
5	1876	13864.434287964039	10511
5	1878	13870.434287964039	10512
5	1898	14073.040259306183	10515
5	1901	14078.469213577584	10517
5	1903	14098.406485398241	10516
5	1917	14245.329726285188	10519
5	1925	14317.923245944442	10518
5	1940	14475.556309176601	10521
5	1950	14547.297743043274	10525
5	1955	14583.792642629191	10523
5	1968	14683.917059522665	10528
5	1989	14856.762024850127	10529
5	1993	14905.66415101152	10531
5	2020	15128.553444753454	10533
5	2040	15302.731372726565	10538
5	2044	15329.229187072111	10537
5	2049	15385.262092792157	10540
5	2051	15400.207653151234	10536
5	2060	15443.977641879801	10539
5	2070	15528.638089220502	10542
5	2077	15601.114793033726	10544
5	2090	15725.312519389978	10545
5	2107	15867.060756049168	10550
5	2109	15872.850367697706	10546
5	2112	15877.426069534808	10547
5	2131	15978.168809167594	10554
5	2150	16106.876217451243	10551
5	2157	16152.01269206498	10556
5	2166	16207.649330947346	10557
5	2179	16268.864529845076	10562
5	2191	16351.235155174136	10560
5	2197	16360.965620992972	10565
5	2219	16464.851399068116	10566
5	2230	16507.79200770815	10567
5	2232	16537.665353611236	10572
5	2256	16664.888658349089	10574
5	2260	16676.574805457928	10569
5	2262	16683.723796995074	10570
5	2304	16918.150992537801	10579
5	2317	16992.36992666919	10582
5	2326	17045.363594381668	10581
5	2340	17119.761050205364	10586
5	2346	17159.286159749939	10584
5	2353	17180.527265008481	10589
5	2360	17237.007786370363	10587
5	2366	17271.237082202253	10585
5	2373	17296.492625044136	10590
5	2412	17575.13323951571	10598
5	2463	18017.735142905947	10604
5	2487	18298.047341097388	10609
5	2494	18345.708967120722	10611
5	2504	18404.8757778815	10615
5	2506	18439.638977546053	10616
5	2508	18442.853458546348	10610
5	2515	18474.744405248102	10613
5	2519	18505.012819679056	10614
5	2531	18572.123687914355	10612
5	2548	18662.370686502816	10617
5	2556	18694.367362952262	10620
5	2562	18719.241423159539	10618
5	2573	18781.190943284785	10623
5	2576	18793.935570108547	10619
5	2582	18808.017806877536	10621
5	2588	18862.592848491332	10622
5	2592	18867.359966723372	10628
5	2602	18902.690566696447	10630
5	2630	19073.250620546009	10627
5	2640	19109.66079468112	10633
5	2672	19332.875781908163	10634
5	2704	19532.610607873968	10638
5	2708	19551.966383243685	10643
5	2712	19557.757993901388	10639
5	2722	19612.704542484884	10647
5	2735	19677.747574939076	10645
5	2739	19697.542563674243	10650
5	2763	19865.032863191914	10653
5	2778	19990.702901294793	10656
6	170	1135.873605359123	1
6	172	1138.873605359123	0
6	190	1307.387068282644	1
6	192	1310.387068282644	0
6	196	1360.41268755053	1
6	197	1363.41268755053	0
6	201	1412.151325694745	1
6	203	1415.151325694745	0
6	216	1538.968941658893	1
6	218	1541.968941658893	0
6	230	1626.786227589427	1
6	231	1629.786227589427	0
6	238	1660.313148498704	1
6	239	1663.313148498704	0
6	243	1709.347709982819	1
6	244	1712.347709982819	0
6	257	1785.428368880997	1
6	258	1788.428368880997	0
6	295	1974.806627542267	1
6	296	1977.806627542267	0
6	297	1990.222723373705	1
6	298	1993.222723373705	0
6	299	2001.80191114902	1
6	300	2004.80191114902	0
6	306	2033.643805869864	1
6	307	2036.643805869864	0
6	314	2070.015553316466	1
6	316	2073.015553316466	0
6	324	2121.472080925112	1
6	325	2124.472080925112	0
6	340	2213.80191114902	1
6	341	2216.80191114902	0
6	374	2644.648847797011	1
6	376	2647.212000546373	2
6	377	2647.648847797011	1
6	378	2653.648847797011	0
6	381	2662.886960793038	1
6	382	2665.886960793038	0
6	384	2719.005093022555	1
6	385	2722.005093022555	0
6	386	2726.731712830596	1
6	387	2729.731712830596	0
6	395	2760.971002899597	1
6	396	2763.971002899597	0
6	430	2978.069432840932	1
6	431	2981.069432840932	0
6	436	3024.350172544995	1
6	437	3027.350172544995	0
6	445	3076.105778973329	1
6	446	3079.105778973329	0
6	474	3234.874314476854	1
6	475	3237.874314476854	0
6	484	3302.275663423533	1
6	486	3305.275663423533	0
6	487	3320.203245166136	1
6	488	3323.203245166136	0
6	497	3364.43741772522	1
6	498	3367.43741772522	0
6	510	3444.946866083756	1
6	511	3446.571462391493	2
6	512	3447.946866083756	1
6	513	3453.946866083756	0
6	519	3492.176439990121	1
6	520	3495.176439990121	0
6	522	3512.564179258501	1
6	523	3515.564179258501	0
6	530	3554.359080676892	1
6	533	3557.359080676892	0
6	535	3568.684702683218	1
6	536	3571.684702683218	0
6	557	3731.45307621781	1
6	558	3734.45307621781	0
6	564	3798.559471545371	1
6	565	3801.559471545371	0
6	581	3920.437385687636	1
6	582	3923.437385687636	0
6	595	4013.623292075041	1
6	597	4016.623292075041	0
6	627	4226.819297071141	1
6	629	4229.819297071141	0
6	633	4291.138549979747	1
6	635	4294.138549979747	0
6	645	4366.325652479258	1
6	646	4369.325652479258	0
6	647	4393.137607107643	1
6	649	4396.137607107643	0
6	654	4438.819297071141	1
6	656	4441.819297071141	0
6	701	4740.176746409122	1
6	702	4743.176746409122	0
6	705	4758.861002442392	1
6	706	4761.861002442392	0
6	762	5089.788028982038	1
6	763	5092.788028982038	0
6	774	5152.111035072576	1
6	777	5155.111035072576	0
6	790	5224.453310719124	1
6	791	5227.453310719124	0
6	793	5231.620857531536	1
6	795	5234.620857531536	0
6	801	5257.004865624716	1
6	803	5260.004865624716	0
6	805	5264.938583469134	1
6	806	5267.938583469134	0
6	807	5271.906324037327	1
6	808	5274.906324037327	0
6	812	5320.509623695484	1
6	813	5323.509623695484	0
6	847	5615.804432659891	1
6	848	5618.804432659891	0
6	876	5951.144127482798	1
6	878	5954.144127482798	0
6	880	5962.674224614256	1
6	881	5965.674224614256	0
6	885	6053.618187077664	1
6	887	6056.618187077664	0
6	888	6056.925916182974	1
6	890	6059.925916182974	0
6	900	6158.800875919543	1
6	902	6161.800875919543	0
6	914	6229.928626982015	1
6	915	6232.928626982015	0
6	941	6335.244431328849	1
6	944	6338.244431328849	0
6	946	6350.001756075984	1
6	947	6353.001756075984	0
6	956	6395.897399412601	1
6	957	6398.897399412601	0
6	958	6409.14915644244	1
6	960	6411.322978890456	2
6	961	6412.14915644244	1
6	962	6418.14915644244	0
6	979	6485.844806861493	1
6	980	6488.844806861493	0
6	991	6545.841233404517	1
6	993	6548.841233404517	0
6	1022	6813.355388412168	1
6	1023	6816.355388412168	0
6	1027	6832.617929823155	1
6	1028	6835.617929823155	0
6	1030	6878.225256262171	1
6	1031	6881.225256262171	0
6	1038	6924.927157346288	1
6	1039	6927.927157346288	0
6	1043	6942.092548186604	1
6	1044	6945.092548186604	0
6	1049	7000.479327969444	1
6	1050	7003.479327969444	0
6	1073	7180.473035072315	1
6	1074	7183.473035072315	0
6	1081	7263.8684193285	1
6	1082	7266.8684193285	0
6	1099	7381.667781956556	1
6	1100	7384.667781956556	0
6	1101	7388.794133621298	1
6	1102	7391.794133621298	0
6	1103	7403.172285082656	1
6	1104	7406.172285082656	0
6	1107	7465.224403227289	1
6	1109	7468.224403227289	0
6	1133	7678.843044510654	1
6	1134	7681.843044510654	0
6	1138	7699.257713716965	1
6	1139	7702.257713716965	0
6	1156	7993.31157628192	1
6	1157	7996.31157628192	0
6	1177	8338.175216639418	1
6	1178	8341.175216639418	0
6	1188	8424.929450116076	1
6	1189	8427.929450116076	0
6	1196	8469.405191822101	1
6	1197	8472.405191822101	0
6	1202	8510.182560315655	1
6	1203	8513.182560315655	0
6	1205	8535.51222558218	1
6	1206	8538.51222558218	0
6	1223	8648.444804383258	1
6	1224	8651.444804383258	0
6	1258	8796.692099530045	1
6	1259	8799.692099530045	0
6	1260	8804.360033493463	1
6	1261	8807.360033493463	0
6	1262	8825.003232355998	1
6	1263	8828.003232355998	0
6	1267	8848.036028099319	1
6	1268	8851.036028099319	0
6	1275	8873.509180799256	1
6	1276	8876.509180799256	0
6	1309	9033.610034227602	1
6	1310	9036.610034227602	0
6	1314	9064.851657391278	1
6	1315	9067.851657391278	0
6	1329	9144.583126359962	1
6	1330	9147.583126359962	0
6	1334	9189.512903285552	1
6	1336	9192.512903285552	0
6	1350	9314.595971817528	1
6	1351	9317.595971817528	0
6	1356	9355.801250832229	1
6	1357	9358.801250832229	0
6	1363	9437.213352684858	1
6	1364	9440.213352684858	0
6	1388	9676.148500123342	1
6	1389	9679.148500123342	0
6	1409	9853.954184448134	1
6	1411	9856.954184448134	0
6	1412	9873.282945331772	1
6	1413	9876.282945331772	0
6	1439	10102.590070808624	1
6	1440	10105.590070808624	0
6	1445	10130.446050282233	1
6	1447	10133.446050282233	0
6	1451	10200.463786325455	1
6	1452	10203.463786325455	0
6	1455	10225.038949329461	1
6	1456	10228.038949329461	0
6	1476	10352.192243425145	1
6	1478	10355.192243425145	0
6	1489	10696.569892624757	1
6	1490	10699.569892624757	0
6	1492	10780.49086312616	1
6	1493	10783.49086312616	0
6	1506	10923.310343834601	1
6	1507	10926.310343834601	0
6	1522	11112.576300363297	1
6	1523	11115.576300363297	0
6	1526	11119.346079367968	1
6	1529	11122.346079367968	0
6	1535	11191.667484679205	1
6	1536	11194.667484679205	0
6	1538	11217.904717625957	1
6	1540	11220.904717625957	0
6	1543	11223.791149247528	1
6	1544	11226.791149247528	0
6	1546	11274.257056530768	1
6	1548	11277.257056530768	0
6	1566	11390.268652289992	1
6	1567	11393.268652289992	0
6	1576	11457.240531376873	1
6	1577	11460.240531376873	0
6	1591	11555.159705456198	1
6	1592	11558.159705456198	0
6	1622	11763.831846564495	1
6	1623	11766.831846564495	0
6	1625	11789.592003465189	1
6	1626	11792.592003465189	0
6	1646	11932.746568170685	1
6	1647	11935.746568170685	0
6	1658	12029.909303804716	1
6	1659	12032.909303804716	0
6	1663	12090.95786925423	1
6	1664	12093.95786925423	0
6	1672	12165.063855495593	1
6	1674	12168.063855495593	0
6	1676	12222.521004312665	1
6	1677	12225.521004312665	0
6	1681	12268.021163811793	1
6	1683	12271.021163811793	0
6	1701	12537.068048318296	1
6	1702	12540.068048318296	0
6	1705	12595.402302700663	1
6	1706	12598.402302700663	0
6	1713	12645.811480285198	1
6	1714	12648.811480285198	0
6	1730	12771.55701319924	1
6	1731	12774.55701319924	0
6	1741	12825.118174060536	1
6	1743	12828.118174060536	0
6	1744	12835.711432411965	1
6	1745	12838.711432411965	0
6	1770	12982.742308114124	1
6	1771	12985.742308114124	0
6	1773	12996.260890915225	1
6	1775	12999.260890915225	0
6	1779	13026.456928542984	1
6	1780	13029.456928542984	0
6	1795	13133.633152631595	1
6	1797	13136.633152631595	0
6	1798	13143.403084562352	1
6	1799	13146.403084562352	0
6	1803	13224.366354891368	1
6	1804	13227.366354891368	0
6	1812	13302.676931161805	1
6	1813	13305.676931161805	0
6	1816	13338.875719983077	1
6	1817	13341.875719983077	0
6	1829	13468.512986234517	1
6	1830	13471.512986234517	0
6	1832	13502.641588905302	1
6	1833	13505.641588905302	0
6	1860	13754.641043985353	1
6	1861	13757.641043985353	0
6	1863	13759.993560151804	1
6	1865	13762.993560151804	0
6	1867	13778.958069908049	1
6	1868	13780.656097502673	2
6	1869	13781.958069908049	1
6	1870	13787.958069908049	0
6	1883	13948.118753870423	1
6	1884	13951.118753870423	0
6	1886	13967.040259306183	1
6	1887	13970.040259306183	0
6	1892	13992.406485398241	1
6	1893	13995.406485398241	0
6	1906	14139.329726285188	1
6	1907	14142.329726285188	0
6	1910	14178.469213577584	1
6	1912	14181.469213577584	0
6	1914	14211.923245944442	1
6	1915	14214.923245944442	0
6	1920	14279.633946375254	1
6	1922	14282.633946375254	0
6	1928	14369.556309176601	1
6	1929	14372.556309176601	0
6	1941	14477.792642629191	1
6	1942	14480.792642629191	0
6	1944	14495.266061769254	1
6	1946	14498.266061769254	0
6	1957	14601.101591800895	1
6	1958	14604.101591800895	0
6	1959	14636.223334080934	1
6	1960	14639.223334080934	0
6	1964	14656.869358911547	1
6	1965	14659.869358911547	0
6	1979	14783.917059522665	1
6	1981	14786.917059522665	0
6	1998	14929.142087218743	1
6	1999	14932.142087218743	0
6	2007	15022.553444753454	1
6	2008	15025.553444753454	0
6	2016	15122.320573156432	1
6	2018	15125.320573156432	0
6	2033	15270.632089734634	1
6	2034	15273.632089734634	0
6	2037	15294.207653151234	1
6	2038	15297.207653151234	0
6	2052	15402.731372726565	1
6	2053	15405.731372726565	0
6	2054	15406.721687432972	1
6	2055	15409.721687432972	0
6	2056	15422.638089220502	1
6	2057	15425.638089220502	0
6	2072	15565.547291322964	1
6	2073	15568.547291322964	0
6	2092	15766.850367697706	1
6	2093	15769.850367697706	0
6	2094	15771.426069534808	1
6	2096	15774.426069534808	0
6	2133	16000.876217451243	1
6	2135	16003.876217451243	0
6	2140	16046.01269206498	1
6	2141	16049.01269206498	0
6	2147	16101.649330947346	1
6	2149	16104.649330947346	0
6	2181	16288.382628469953	1
6	2183	16291.382628469953	0
6	2196	16358.851399068116	1
6	2198	16361.851399068116	0
6	2209	16441.638765236066	1
6	2210	16444.638765236066	0
6	2214	16457.132399917911	1
6	2215	16460.132399917911	0
6	2216	16460.965620992972	1
6	2218	16463.965620992972	0
6	2224	16478.427311640508	1
6	2225	16481.427311640508	0
6	2226	16494.731779126076	1
6	2227	16497.731779126076	0
6	2240	16570.574805457928	1
6	2241	16573.574805457928	0
6	2242	16577.723796995074	1
6	2243	16580.723796995074	0
6	2273	16751.993897835346	1
6	2274	16754.993897835346	0
6	2284	16812.575967664391	1
6	2286	16815.575967664391	0
6	2287	16828.092671826348	1
6	2288	16831.092671826348	0
6	2300	16908.078866450772	1
6	2301	16911.078866450772	0
6	2309	16948.45775634447	1
6	2310	16951.45775634447	0
6	2328	17053.286159749939	1
6	2329	17056.286159749939	0
6	2335	17092.36992666919	1
6	2336	17095.36992666919	0
6	2337	17107.146778567467	1
6	2338	17110.146778567467	0
6	2341	17131.007786370363	1
6	2342	17134.007786370363	0
6	2347	17165.237082202253	1
6	2349	17168.237082202253	0
6	2354	17190.492625044136	1
6	2355	17193.492625044136	0
6	2365	17268.730879664677	1
6	2367	17271.730879664677	0
6	2426	17675.13323951571	1
6	2427	17678.13323951571	0
6	2437	17767.688317280257	1
6	2438	17770.688317280257	0
6	2444	17824.224800190602	1
6	2445	17827.224800190602	0
6	2452	17911.735142905947	1
6	2453	17914.735142905947	0
6	2466	18078.144320306751	1
6	2468	18081.144320306751	0
6	2473	18141.34705178843	1
6	2474	18144.34705178843	0
6	2477	18192.047341097388	1
6	2478	18195.047341097388	0
6	2491	18336.853458546348	1
6	2492	18339.853458546348	0
6	2497	18368.744405248102	1
6	2498	18371.744405248102	0
6	2500	18399.012819679056	1
6	2503	18402.012819679056	0
6	2512	18466.123687914355	1
6	2513	18469.123687914355	0
6	2518	18504.8757778815	1
6	2520	18507.8757778815	0
6	2528	18556.370686502816	1
6	2529	18559.370686502816	0
6	2540	18613.241423159539	1
6	2541	18616.241423159539	0
6	2557	18702.017806877536	1
6	2558	18705.017806877536	0
6	2572	18780.063262258285	1
6	2574	18783.063262258285	0
6	2577	18794.367362952262	1
6	2578	18797.367362952262	0
6	2610	18967.250620546009	1
6	2612	18970.250620546009	0
6	2614	18973.879754674928	1
6	2615	18976.879754674928	0
6	2617	18980.557507107453	1
6	2618	18983.557507107453	0
6	2624	19013.224770117475	1
6	2625	19016.224770117475	0
6	2656	19226.875781908163	1
6	2657	19229.875781908163	0
6	2682	19394.023224185171	1
6	2683	19397.023224185171	0
6	2685	19426.610607873968	1
6	2686	19429.610607873968	0
6	2689	19451.757993901388	1
6	2691	19454.757993901388	0
6	2728	19654.817279453277	1
6	2732	19657.817279453277	0
6	2755	19791.949519339561	1
6	2756	19794.949519339561	0
6	2780	19997.640118692658	1
7	172	1138.873605359123	3
7	192	1310.387068282644	3
7	197	1363.41268755053	3
7	203	1415.151325694745	3
7	218	1541.968941658893	3
7	231	1629.786227589427	3
7	239	1663.313148498704	3
7	244	1712.347709982819	3
7	258	1788.428368880997	3
7	296	1977.806627542267	3
7	298	1993.222723373705	3
7	300	2004.80191114902	3
7	307	2036.643805869864	3
7	316	2073.015553316466	3
7	325	2124.472080925112	3
7	341	2216.80191114902	3
7	377	2647.648847797011	3
7	378	2653.648847797011	6.436847250638
7	382	2665.886960793038	3
7	385	2722.005093022555	3
7	387	2729.731712830596	3
7	396	2763.971002899597	3
7	431	2981.069432840932	3
7	437	3027.350172544995	3
7	446	3079.105778973329	3
7	475	3237.874314476854	3
7	486	3305.275663423533	3
7	488	3323.203245166136	3
7	498	3367.43741772522	3
7	512	3447.946866083756	3
7	513	3453.946866083756	7.375403692263
7	520	3495.176439990121	3
7	523	3515.564179258501	3
7	533	3557.359080676892	3
7	536	3571.684702683218	3
7	558	3734.45307621781	3
7	565	3801.559471545371	3
7	582	3923.437385687636	3
7	597	4016.623292075041	3
7	629	4229.819297071141	3
7	635	4294.138549979747	3
7	646	4369.325652479258	3
7	649	4396.137607107643	3
7	656	4441.819297071141	3
7	702	4743.176746409122	3
7	706	4761.861002442392	3
7	763	5092.788028982038	3
7	777	5155.111035072576	3
7	791	5227.453310719124	3
7	795	5234.620857531536	3
7	803	5260.004865624716	3
7	806	5267.938583469134	3
7	808	5274.906324037327	3
7	813	5323.509623695484	3
7	848	5618.804432659891	3
7	878	5954.144127482798	3
7	881	5965.674224614256	3
7	887	6056.618187077664	3
7	890	6059.925916182974	3
7	902	6161.800875919543	3
7	915	6232.928626982015	3
7	944	6338.244431328849	3
7	947	6353.001756075984	3
7	957	6398.897399412601	3
7	961	6412.14915644244	3
7	962	6418.14915644244	6.826177551984
7	980	6488.844806861493	3
7	993	6548.841233404517	3
7	1023	6816.355388412168	3
7	1028	6835.617929823155	3
7	1031	6881.225256262171	3
7	1039	6927.927157346288	3
7	1044	6945.092548186604	3
7	1050	7003.479327969444	3
7	1074	7183.473035072315	3
7	1082	7266.8684193285	3
7	1100	7384.667781956556	3
7	1102	7391.794133621298	3
7	1104	7406.172285082656	3
7	1109	7468.224403227289	3
7	1134	7681.843044510654	3
7	1139	7702.257713716965	3
7	1157	7996.31157628192	3
7	1178	8341.175216639418	3
7	1189	8427.929450116076	3
7	1197	8472.405191822101	3
7	1203	8513.182560315655	3
7	1206	8538.51222558218	3
7	1224	8651.444804383258	3
7	1259	8799.692099530045	3
7	1261	8807.360033493463	3
7	1263	8828.003232355998	3
7	1268	8851.036028099319	3
7	1276	8876.509180799256	3
7	1310	9036.610034227602	3
7	1315	9067.851657391278	3
7	1330	9147.583126359962	3
7	1336	9192.512903285552	3
7	1351	9317.595971817528	3
7	1357	9358.801250832229	3
7	1364	9440.213352684858	3
7	1389	9679.148500123342	3
7	1411	9856.954184448134	3
7	1413	9876.282945331772	3
7	1440	10105.590070808624	3
7	1447	10133.446050282233	3
7	1452	10203.463786325455	3
7	1456	10228.038949329461	3
7	1478	10355.192243425145	3
7	1490	10699.569892624757	3
7	1493	10783.49086312616	3
7	1507	10926.310343834601	3
7	1523	11115.576300363297	3
7	1529	11122.346079367968	3
7	1536	11194.667484679205	3
7	1540	11220.904717625957	3
7	1544	11226.791149247528	3
7	1548	11277.257056530768	3
7	1567	11393.268652289992	3
7	1577	11460.240531376873	3
7	1592	11558.159705456198	3
7	1623	11766.831846564495	3
7	1626	11792.592003465189	3
7	1647	11935.746568170685	3
7	1659	12032.909303804716	3
7	1664	12093.95786925423	3
7	1674	12168.063855495593	3
7	1677	12225.521004312665	3
7	1683	12271.021163811793	3
7	1702	12540.068048318296	3
7	1706	12598.402302700663	3
7	1714	12648.811480285198	3
7	1731	12774.55701319924	3
7	1743	12828.118174060536	3
7	1745	12838.711432411965	3
7	1771	12985.742308114124	3
7	1775	12999.260890915225	3
7	1780	13029.456928542984	3
7	1797	13136.633152631595	3
7	1799	13146.403084562352	3
7	1804	13227.366354891368	3
7	1813	13305.676931161805	3
7	1817	13341.875719983077	3
7	1830	13471.512986234517	3
7	1833	13505.641588905302	3
7	1861	13757.641043985353	3
7	1865	13762.993560151804	3
7	1869	13781.958069908049	3
7	1870	13787.958069908049	7.301972405376
7	1884	13951.118753870423	3
7	1887	13970.040259306183	3
7	1893	13995.406485398241	3
7	1907	14142.329726285188	3
7	1912	14181.469213577584	3
7	1915	14214.923245944442	3
7	1922	14282.633946375254	3
7	1929	14372.556309176601	3
7	1942	14480.792642629191	3
7	1946	14498.266061769254	3
7	1958	14604.101591800895	3
7	1960	14639.223334080934	3
7	1965	14659.869358911547	3
7	1981	14786.917059522665	3
7	1999	14932.142087218743	3
7	2008	15025.553444753454	3
7	2018	15125.320573156432	3
7	2034	15273.632089734634	3
7	2038	15297.207653151234	3
7	2053	15405.731372726565	3
7	2055	15409.721687432972	3
7	2057	15425.638089220502	3
7	2073	15568.547291322964	3
7	2093	15769.850367697706	3
7	2096	15774.426069534808	3
7	2135	16003.876217451243	3
7	2141	16049.01269206498	3
7	2149	16104.649330947346	3
7	2183	16291.382628469953	3
7	2198	16361.851399068116	3
7	2210	16444.638765236066	3
7	2215	16460.132399917911	3
7	2218	16463.965620992972	3
7	2225	16481.427311640508	3
7	2227	16497.731779126076	3
7	2241	16573.574805457928	3
7	2243	16580.723796995074	3
7	2274	16754.993897835346	3
7	2286	16815.575967664391	3
7	2288	16831.092671826348	3
7	2301	16911.078866450772	3
7	2310	16951.45775634447	3
7	2329	17056.286159749939	3
7	2336	17095.36992666919	3
7	2338	17110.146778567467	3
7	2342	17134.007786370363	3
7	2349	17168.237082202253	3
7	2355	17193.492625044136	3
7	2367	17271.730879664677	3
7	2427	17678.13323951571	3
7	2438	17770.688317280257	3
7	2445	17827.224800190602	3
7	2453	17914.735142905947	3
7	2468	18081.144320306751	3
7	2474	18144.34705178843	3
7	2478	18195.047341097388	3
7	2492	18339.853458546348	3
7	2498	18371.744405248102	3
7	2503	18402.012819679056	3
7	2513	18469.123687914355	3
7	2520	18507.8757778815	3
7	2529	18559.370686502816	3
7	2541	18616.241423159539	3
7	2558	18705.017806877536	3
7	2574	18783.063262258285	3
7	2578	18797.367362952262	3
7	2612	18970.250620546009	3
7	2615	18976.879754674928	3
7	2618	18983.557507107453	3
7	2625	19016.224770117475	3
7	2657	19229.875781908163	3
7	2683	19397.023224185171	3
7	2686	19429.610607873968	3
7	2691	19454.757993901388	3
7	2732	19657.817279453277	3
7	2756	19794.949519339561	3
8	172	1138.873605359123	10237
8	192	1310.387068282644	10240
8	197	1363.41268755053	10242
8	203	1415.151325694745	10241
8	218	1541.968941658893	10243
8	231	1629.786227589427	10246
8	239	1663.313148498704	10249
8	244	1712.347709982819	10250
8	258	1788.428368880997	10245
8	296	1977.806627542267	10253
8	298	1993.222723373705	10259
8	300	2004.80191114902	10254
8	307	2036.643805869864	10255
8	316	2073.015553316466	10261
8	325	2124.472080925112	10260
8	341	2216.80191114902	10262
8	377	2647.648847797011	10270
8	378	2653.648847797011	10266
8	382	2665.886960793038	10267
8	385	2722.005093022555	10268
8	387	2729.731712830596	10272
8	396	2763.971002899597	10271
8	431	2981.069432840932	10275
8	437	3027.350172544995	10276
8	446	3079.105778973329	10281
8	475	3237.874314476854	10285
8	486	3305.275663423533	10282
8	488	3323.203245166136	10287
8	498	3367.43741772522	10284
8	512	3447.946866083756	10291
8	513	3453.946866083756	10288
8	520	3495.176439990121	10290
8	523	3515.564179258501	10292
8	533	3557.359080676892	10293
8	536	3571.684702683218	10294
8	558	3734.45307621781	10297
8	565	3801.559471545371	10298
8	582	3923.437385687636	10300
8	597	4016.623292075041	10305
8	629	4229.819297071141	10308
8	635	4294.138549979747	10307
8	646	4369.325652479258	10311
8	649	4396.137607107643	10312
8	656	4441.819297071141	10310
8	702	4743.176746409122	10317
8	706	4761.861002442392	10320
8	763	5092.788028982038	10327
8	777	5155.111035072576	10336
8	791	5227.453310719124	10332
8	795	5234.620857531536	10333
8	803	5260.004865624716	10335
8	806	5267.938583469134	10340
8	808	5274.906324037327	10337
8	813	5323.509623695484	10342
8	848	5618.804432659891	10345
8	878	5954.144127482798	10347
8	881	5965.674224614256	10348
8	887	6056.618187077664	10351
8	890	6059.925916182974	10352
8	902	6161.800875919543	10354
8	915	6232.928626982015	10356
8	944	6338.244431328849	10364
8	947	6353.001756075984	10357
8	957	6398.897399412601	10365
8	961	6412.14915644244	10360
8	962	6418.14915644244	10366
8	980	6488.844806861493	10359
8	993	6548.841233404517	10367
8	1023	6816.355388412168	10373
8	1028	6835.617929823155	10371
8	1031	6881.225256262171	10372
8	1039	6927.927157346288	10376
8	1044	6945.092548186604	10377
8	1050	7003.479327969444	10375
8	1074	7183.473035072315	10380
8	1082	7266.8684193285	10382
8	1100	7384.667781956556	10384
8	1102	7391.794133621298	10385
8	1104	7406.172285082656	10386
8	1109	7468.224403227289	10388
8	1134	7681.843044510654	10390
8	1139	7702.257713716965	10392
8	1157	7996.31157628192	10393
8	1178	8341.175216639418	10398
8	1189	8427.929450116076	10397
8	1197	8472.405191822101	10400
8	1203	8513.182560315655	10403
8	1206	8538.51222558218	10404
8	1224	8651.444804383258	10407
8	1259	8799.692099530045	10413
8	1261	8807.360033493463	10414
8	1263	8828.003232355998	10415
8	1268	8851.036028099319	10410
8	1276	8876.509180799256	10411
8	1310	9036.610034227602	10421
8	1315	9067.851657391278	10422
8	1330	9147.583126359962	10419
8	1336	9192.512903285552	10425
8	1351	9317.595971817528	10429
8	1357	9358.801250832229	10428
8	1364	9440.213352684858	10426
8	1389	9679.148500123342	10432
8	1411	9856.954184448134	10439
8	1413	9876.282945331772	10435
8	1440	10105.590070808624	10440
8	1447	10133.446050282233	10445
8	1452	10203.463786325455	10442
8	1456	10228.038949329461	10446
8	1478	10355.192243425145	10447
8	1490	10699.569892624757	10450
8	1493	10783.49086312616	10451
8	1507	10926.310343834601	10452
8	1523	11115.576300363297	10455
8	1529	11122.346079367968	10453
8	1536	11194.667484679205	10459
8	1540	11220.904717625957	10460
8	1544	11226.791149247528	10457
8	1548	11277.257056530768	10458
8	1567	11393.268652289992	10462
8	1577	11460.240531376873	10465
8	1592	11558.159705456198	10464
8	1623	11766.831846564495	10471
8	1626	11792.592003465189	10469
8	1647	11935.746568170685	10472
8	1659	12032.909303804716	10479
8	1664	12093.95786925423	10475
8	1674	12168.063855495593	10478
8	1677	12225.521004312665	10480
8	1683	12271.021163811793	10482
8	1702	12540.068048318296	10484
8	1706	12598.402302700663	10485
8	1714	12648.811480285198	10487
8	1731	12774.55701319924	10490
8	1743	12828.118174060536	10493
8	1745	12838.711432411965	10494
8	1771	12985.742308114124	10497
8	1775	12999.260890915225	10491
8	1780	13029.456928542984	10499
8	1797	13136.633152631595	10496
8	1799	13146.403084562352	10500
8	1804	13227.366354891368	10502
8	1813	13305.676931161805	10501
8	1817	13341.875719983077	10503
8	1830	13471.512986234517	10506
8	1833	13505.641588905302	10504
8	1861	13757.641043985353	10509
8	1865	13762.993560151804	10512
8	1869	13781.958069908049	10513
8	1870	13787.958069908049	10508
8	1884	13951.118753870423	10514
8	1887	13970.040259306183	10515
8	1893	13995.406485398241	10516
8	1907	14142.329726285188	10519
8	1912	14181.469213577584	10517
8	1915	14214.923245944442	10518
8	1922	14282.633946375254	10520
8	1929	14372.556309176601	10521
8	1942	14480.792642629191	10523
8	1946	14498.266061769254	10522
8	1958	14604.101591800895	10524
8	1960	14639.223334080934	10526
8	1965	14659.869358911547	10527
8	1981	14786.917059522665	10528
8	1999	14932.142087218743	10530
8	2008	15025.553444753454	10533
8	2018	15125.320573156432	10532
8	2034	15273.632089734634	10534
8	2038	15297.207653151234	10536
8	2053	15405.731372726565	10538
8	2055	15409.721687432972	10541
8	2057	15425.638089220502	10542
8	2073	15568.547291322964	10543
8	2093	15769.850367697706	10546
8	2096	15774.426069534808	10547
8	2135	16003.876217451243	10551
8	2141	16049.01269206498	10556
8	2149	16104.649330947346	10557
8	2183	16291.382628469953	10563
8	2198	16361.851399068116	10566
8	2210	16444.638765236066	10558
8	2215	16460.132399917911	10561
8	2218	16463.965620992972	10565
8	2225	16481.427311640508	10571
8	2227	16497.731779126076	10564
8	2241	16573.574805457928	10569
8	2243	16580.723796995074	10570
8	2274	16754.993897835346	10577
8	2286	16815.575967664391	10573
8	2288	16831.092671826348	10580
8	2301	16911.078866450772	10575
8	2310	16951.45775634447	10576
8	2329	17056.286159749939	10584
8	2336	17095.36992666919	10582
8	2338	17110.146778567467	10583
8	2342	17134.007786370363	10587
8	2349	17168.237082202253	10585
8	2355	17193.492625044136	10590
8	2367	17271.730879664677	10588
8	2427	17678.13323951571	10598
8	2438	17770.688317280257	10603
8	2445	17827.224800190602	10602
8	2453	17914.735142905947	10604
8	2468	18081.144320306751	10607
8	2474	18144.34705178843	10606
8	2478	18195.047341097388	10609
8	2492	18339.853458546348	10610
8	2498	18371.744405248102	10613
8	2503	18402.012819679056	10614
8	2513	18469.123687914355	10612
8	2520	18507.8757778815	10615
8	2529	18559.370686502816	10617
8	2541	18616.241423159539	10618
8	2558	18705.017806877536	10621
8	2574	18783.063262258285	10624
8	2578	18797.367362952262	10620
8	2612	18970.250620546009	10627
8	2615	18976.879754674928	10629
8	2618	18983.557507107453	10631
8	2625	19016.224770117475	10625
8	2657	19229.875781908163	10634
8	2683	19397.023224185171	10635
8	2686	19429.610607873968	10638
8	2691	19454.757993901388	10639
8	2732	19657.817279453277	10644
8	2756	19794.949519339561	10652
9	159	1032.873605359123	1
9	161	1035.873605359123	0
9	191	1309.151325694745	1
9	193	1312.151325694745	0
9	206	1463.41268755053	1
9	208	1466.41268755053	0
9	232	1639.945668258248	1
9	234	1642.945668258248	0
9	236	1652.961307957249	1
9	237	1655.961307957249	0
9	241	1682.428368880997	1
9	242	1685.428368880997	0
9	267	1852.459668595427	1
9	268	1855.459668595427	0
9	274	1871.806627542267	1
9	275	1874.806627542267	0
9	278	1898.80191114902	1
9	279	1901.80191114902	0
9	343	2229.998667834686	1
9	344	2232.998667834686	0
9	357	2447.179894974568	1
9	358	2450.179894974568	0
9	362	2544.212000546373	1
9	364	2547.212000546373	0
9	369	2616.005093022555	1
9	370	2619.005093022555	0
9	404	2829.731712830596	1
9	405	2832.731712830596	0
9	414	2875.069432840932	1
9	415	2878.069432840932	0
9	418	2921.350172544995	1
9	419	2924.350172544995	0
9	438	3049.592814443364	1
9	439	3052.592814443364	0
9	443	3068.492706815158	1
9	444	3071.492706815158	0
9	449	3090.299783422976	1
9	450	3093.299783422976	0
9	467	3199.275663423533	1
9	469	3202.275663423533	0
9	478	3261.43741772522	1
9	479	3264.43741772522	0
9	492	3343.571462391493	1
9	494	3346.571462391493	0
9	500	3389.176439990121	1
9	501	3392.176439990121	0
9	502	3403.84945128753	1
9	504	3406.84945128753	0
9	527	3547.946866083756	1
9	528	3550.946866083756	0
9	545	3655.488962683743	1
9	548	3658.488962683743	0
9	586	3969.15498816091	1
9	587	3972.15498816091	0
9	592	3996.215834382288	1
9	593	3999.215834382288	0
9	621	4188.138549979747	1
9	622	4191.138549979747	0
9	623	4194.138549979747	1
9	625	4197.138549979747	0
9	636	4295.302003985776	1
9	638	4298.302003985776	0
9	665	4533.330040374201	1
9	666	4536.330040374201	0
9	678	4611.592808487131	1
9	680	4614.592808487131	0
9	684	4637.176746409122	1
9	685	4640.176746409122	0
9	689	4655.861002442392	1
9	691	4658.861002442392	0
9	699	4721.777538967401	1
9	700	4724.777538967401	0
9	753	5071.56713010731	1
9	754	5074.56713010731	0
9	760	5085.149199437066	1
9	761	5088.149199437066	0
9	766	5126.643569752778	1
9	768	5129.643569752778	0
9	772	5151.004865624716	1
9	773	5151.707854427323	2
9	776	5154.004865624716	1
9	778	5157.004865624716	0
9	780	5168.906324037327	1
9	781	5171.906324037327	0
9	794	5234.428783360905	1
9	796	5237.428783360905	0
9	823	5367.938583469134	1
9	824	5370.938583469134	0
9	829	5423.509623695484	1
9	830	5426.509623695484	0
9	831	5459.894148560157	1
9	832	5462.894148560157	0
9	835	5485.417855972124	1
9	836	5488.417855972124	0
9	845	5593.672959359389	1
9	846	5596.672959359389	0
9	858	5734.688743866437	1
9	859	5737.688743866437	0
9	869	5848.144127482798	1
9	870	5851.144127482798	0
9	871	5859.674224614256	1
9	872	5862.674224614256	0
9	883	5996.213153876462	1
9	884	5999.213153876462	0
9	908	6184.373644426334	1
9	909	6187.373644426334	0
9	918	6247.001756075984	1
9	919	6250.001756075984	0
9	932	6306.14915644244	1
9	934	6309.14915644244	0
9	953	6382.844806861493	1
9	954	6385.844806861493	0
9	963	6423.31747874319	1
9	964	6426.31747874319	0
9	971	6442.841233404517	1
9	972	6445.841233404517	0
9	1010	6675.641581081542	1
9	1011	6678.641581081542	0
9	1018	6775.225256262171	1
9	1019	6778.225256262171	0
9	1033	6897.479327969444	1
9	1034	6900.479327969444	0
9	1036	6916.355388412168	1
9	1037	6919.355388412168	0
9	1047	6989.453738397897	1
9	1048	6992.453738397897	0
9	1054	7027.927157346288	1
9	1055	7030.927157346288	0
9	1059	7077.473035072315	1
9	1060	7080.473035072315	0
9	1076	7216.875571016224	1
9	1077	7219.875571016224	0
9	1096	7378.558148433025	1
9	1098	7381.558148433025	0
9	1111	7479.76892571128	1
9	1113	7482.76892571128	0
9	1115	7491.794133621298	1
9	1116	7494.794133621298	0
9	1117	7506.172285082656	1
9	1118	7509.172285082656	0
9	1120	7568.224403227289	1
9	1122	7571.224403227289	0
9	1123	7575.843044510654	1
9	1124	7578.843044510654	0
9	1163	8139.489366542255	1
9	1164	8142.489366542255	0
9	1165	8212.537666954087	1
9	1166	8215.537666954087	0
9	1175	8321.929450116076	1
9	1176	8324.929450116076	0
9	1181	8366.405191822101	1
9	1182	8369.405191822101	0
9	1183	8383.369099761531	1
9	1185	8386.369099761531	0
9	1191	8441.175216639418	1
9	1192	8444.175216639418	0
9	1198	8484.256670587049	1
9	1200	8487.256670587049	0
9	1211	8567.81448185146	1
9	1212	8570.81448185146	0
9	1220	8638.51222558218	1
9	1221	8641.51222558218	0
9	1241	8745.036028099319	1
9	1242	8748.036028099319	0
9	1245	8762.650561200468	1
9	1247	8765.650561200468	0
9	1252	8779.81448185146	1
9	1253	8782.81448185146	0
9	1254	8785.259654223822	1
9	1255	8785.81448185146	2
9	1256	8788.259654223822	1
9	1257	8794.259654223822	0
9	1297	8971.109742013623	1
9	1298	8974.109742013623	0
9	1300	8977.281164034276	1
9	1301	8980.281164034276	0
9	1311	9041.583126359962	1
9	1312	9044.583126359962	0
9	1337	9200.474541024283	1
9	1338	9203.474541024283	0
9	1345	9252.801250832229	1
9	1346	9255.801250832229	0
9	1352	9334.213352684858	1
9	1353	9337.213352684858	0
9	1354	9342.380579677849	1
9	1355	9345.380579677849	0
9	1358	9380.540000374804	1
9	1359	9383.540000374804	0
9	1360	9417.595971817528	1
9	1361	9420.595971817528	0
9	1377	9573.148500123342	1
9	1378	9576.148500123342	0
9	1428	9999.590070808624	1
9	1429	10002.590070808624	0
9	1457	10228.276276104186	1
9	1458	10231.276276104186	0
9	1460	10233.446050282233	1
9	1462	10236.446050282233	0
9	1464	10251.481442221077	1
9	1466	10254.481442221077	0
9	1473	10335.590417596817	1
9	1475	10338.590417596817	0
9	1508	10967.34455754883	1
9	1509	10970.34455754883	0
9	1513	11016.346079367968	1
9	1515	11019.346079367968	0
9	1531	11171.257056530768	1
9	1534	11174.257056530768	0
9	1553	11320.904717625957	1
9	1554	11322.733556397734	2
9	1555	11323.904717625957	1
9	1557	11329.904717625957	0
9	1561	11375.717126867526	1
9	1564	11378.717126867526	0
9	1574	11452.159705456198	1
9	1575	11455.159705456198	0
9	1609	11660.831846564495	1
9	1611	11663.831846564495	0
9	1614	11686.592003465189	1
9	1615	11689.592003465189	0
9	1631	11829.746568170685	1
9	1632	11832.746568170685	0
9	1651	11987.95786925423	1
9	1652	11990.95786925423	0
9	1661	12062.063855495593	1
9	1662	12065.063855495593	0
9	1665	12119.521004312665	1
9	1666	12122.521004312665	0
9	1691	12430.159173988113	1
9	1692	12433.159173988113	0
9	1693	12434.068048318296	1
9	1694	12437.068048318296	0
9	1696	12492.402302700663	1
9	1697	12495.402302700663	0
9	1728	12748.811480285198	1
9	1729	12751.811480285198	0
9	1734	12797.301093747462	1
9	1736	12800.301093747462	0
9	1737	12816.481591979345	1
9	1738	12819.481591979345	0
9	1739	12819.843372240963	1
9	1740	12822.843372240963	0
9	1746	12839.083893005196	1
9	1747	12842.083893005196	0
9	1752	12893.260890915225	1
9	1754	12896.260890915225	0
9	1772	12993.280622169788	1
9	1774	12996.280622169788	0
9	1781	13030.633152631595	1
9	1782	13033.633152631595	0
9	1790	13104.824973846209	1
9	1791	13107.824973846209	0
9	1800	13199.676931161805	1
9	1801	13202.676931161805	0
9	1814	13327.366354891368	1
9	1815	13330.366354891368	0
9	1839	13571.512986234517	1
9	1841	13574.512986234517	0
9	1847	13651.641043985353	1
9	1848	13654.641043985353	0
9	1855	13677.656097502673	1
9	1857	13680.656097502673	0
9	1879	13881.958069908049	1
9	1880	13884.958069908049	0
9	1904	14108.923245944442	1
9	1905	14111.923245944442	0
9	1931	14382.633946375254	1
9	1932	14385.633946375254	0
9	1933	14392.266061769254	1
9	1934	14395.266061769254	0
9	1945	14498.101591800895	1
9	1947	14501.101591800895	0
9	1972	14739.223334080934	1
9	1973	14742.223334080934	0
9	1977	14759.869358911547	1
9	1978	14762.869358911547	0
9	1985	14826.142087218743	1
9	1986	14829.142087218743	0
9	1996	14919.553444753454	1
9	1997	14922.553444753454	0
9	2005	15019.320573156432	1
9	2006	15022.320573156432	0
9	2012	15079.528348179013	1
9	2013	15082.528348179013	0
9	2021	15167.632089734634	1
9	2022	15170.632089734634	0
9	2025	15191.207653151234	1
9	2026	15194.207653151234	0
9	2067	15509.721687432972	1
9	2068	15512.721687432972	0
9	2074	15588.262092792157	1
9	2075	15591.262092792157	0
9	2082	15668.547291322964	1
9	2084	15671.547291322964	0
9	2101	15819.651154952573	1
9	2102	15822.651154952573	0
9	2113	15881.402601101668	1
9	2114	15884.402601101668	0
9	2115	15897.876217451243	1
9	2116	15900.876217451243	0
9	2117	15906.341324545242	1
9	2118	15909.341324545242	0
9	2142	16069.535156527374	1
9	2143	16072.535156527374	0
9	2160	16181.168809167594	1
9	2161	16184.168809167594	0
9	2187	16338.638765236066	1
9	2188	16341.638765236066	0
9	2193	16354.132399917911	1
9	2194	16357.132399917911	0
9	2204	16391.731779126076	1
9	2205	16394.731779126076	0
9	2220	16467.574805457928	1
9	2221	16470.574805457928	0
9	2222	16474.723796995074	1
9	2223	16477.723796995074	0
9	2244	16581.427311640508	1
9	2245	16584.427311640508	0
9	2266	16709.575967664391	1
9	2268	16712.575967664391	0
9	2281	16805.078866450772	1
9	2282	16808.078866450772	0
9	2290	16845.45775634447	1
9	2291	16848.45775634447	0
9	2292	16854.993897835346	1
9	2293	16857.993897835346	0
9	2294	16867.888658349089	1
9	2295	16870.888658349089	0
9	2296	16876.898939094218	1
9	2297	16879.898939094218	0
9	2305	16931.092671826348	1
9	2306	16934.092671826348	0
9	2318	17004.146778567467	1
9	2319	17007.146778567467	0
9	2330	17062.237082202253	1
9	2331	17065.237082202253	0
9	2348	17165.730879664677	1
9	2350	17168.730879664677	0
9	2368	17272.956071336351	1
9	2369	17275.956071336351	0
9	2377	17345.030932113781	1
9	2378	17348.030932113781	0
9	2384	17383.527265008481	1
9	2385	17386.527265008481	0
9	2399	17498.964457611497	1
9	2400	17501.964457611497	0
9	2409	17559.566494187756	1
9	2410	17562.566494187756	0
9	2420	17645.820725804352	1
9	2421	17648.820725804352	0
9	2428	17705.767839059988	1
9	2430	17708.767839059988	0
9	2431	17721.224800190602	1
9	2432	17724.224800190602	0
9	2435	17761.13594583698	1
9	2436	17764.13594583698	0
9	2441	17808.735142905947	1
9	2443	17811.735142905947	0
9	2448	17870.688317280257	1
9	2449	17873.688317280257	0
9	2450	17873.949931127006	1
9	2451	17876.949931127006	0
9	2464	18038.34705178843	1
9	2465	18041.34705178843	0
9	2475	18181.144320306751	1
9	2476	18184.144320306751	0
9	2495	18363.123687914355	1
9	2496	18366.123687914355	0
9	2526	18548.708967120722	1
9	2527	18551.708967120722	0
9	2542	18642.638977546053	1
9	2543	18645.638977546053	0
9	2589	18864.250620546009	1
9	2591	18867.250620546009	0
9	2593	18870.879754674928	1
9	2594	18873.879754674928	0
9	2597	18883.063262258285	1
9	2598	18886.063262258285	0
9	2604	18910.224770117475	1
9	2606	18913.224770117475	0
9	2607	18925.298987139487	1
9	2608	18928.298987139487	0
9	2629	19070.359966723372	1
9	2631	19073.359966723372	0
9	2633	19080.511314692032	1
9	2634	19083.511314692032	0
9	2637	19105.690566696447	1
9	2639	19108.690566696447	0
9	2642	19123.875781908163	1
9	2643	19126.875781908163	0
9	2666	19291.023224185171	1
9	2667	19294.023224185171	0
9	2669	19323.610607873968	1
9	2670	19326.610607873968	0
9	2674	19348.757993901388	1
9	2675	19351.757993901388	0
9	2676	19378.676764221355	1
9	2678	19381.676764221355	0
9	2680	19385.821680937554	1
9	2681	19388.821680937554	0
9	2694	19484.212614241173	1
9	2696	19487.212614241173	0
9	2699	19504.772316742604	1
9	2701	19507.772316742604	0
9	2707	19551.817279453277	1
9	2710	19554.817279453277	0
9	2740	19709.334698491592	1
9	2741	19712.334698491592	0
9	2748	19758.723904216726	1
9	2749	19761.723904216726	0
9	2766	19888.640118692658	1
9	2767	19890.562373399596	2
9	2768	19891.640118692658	1
9	2770	19897.640118692658	0
9	2771	19900.542563674243	1
9	2772	19903.542563674243	0
10	161	1035.873605359123	3
10	193	1312.151325694745	3
10	208	1466.41268755053	3
10	234	1642.945668258248	3
10	237	1655.961307957249	3
10	242	1685.428368880997	3
10	268	1855.459668595427	3
10	275	1874.806627542267	3
10	279	1901.80191114902	3
10	344	2232.998667834686	3
10	358	2450.179894974568	3
10	364	2547.212000546373	3
10	370	2619.005093022555	3
10	405	2832.731712830596	3
10	415	2878.069432840932	3
10	419	2924.350172544995	3
10	439	3052.592814443364	3
10	444	3071.492706815158	3
10	450	3093.299783422976	3
10	469	3202.275663423533	3
10	479	3264.43741772522	3
10	494	3346.571462391493	3
10	501	3392.176439990121	3
10	504	3406.84945128753	3
10	528	3550.946866083756	3
10	548	3658.488962683743	3
10	587	3972.15498816091	3
10	593	3999.215834382288	3
10	622	4191.138549979747	3
10	625	4197.138549979747	3
10	638	4298.302003985776	3
10	666	4536.330040374201	3
10	680	4614.592808487131	3
10	685	4640.176746409122	3
10	691	4658.861002442392	3
10	700	4724.777538967401	3
10	754	5074.56713010731	3
10	761	5088.149199437066	3
10	768	5129.643569752778	3
10	776	5154.004865624716	3
10	778	5157.004865624716	5.297011197393
10	781	5171.906324037327	3
10	796	5237.428783360905	3
10	824	5370.938583469134	3
10	830	5426.509623695484	3
10	832	5462.894148560157	3
10	836	5488.417855972124	3
10	846	5596.672959359389	3
10	859	5737.688743866437	3
10	870	5851.144127482798	3
10	872	5862.674224614256	3
10	884	5999.213153876462	3
10	909	6187.373644426334	3
10	919	6250.001756075984	3
10	934	6309.14915644244	3
10	954	6385.844806861493	3
10	964	6426.31747874319	3
10	972	6445.841233404517	3
10	1011	6678.641581081542	3
10	1019	6778.225256262171	3
10	1034	6900.479327969444	3
10	1037	6919.355388412168	3
10	1048	6992.453738397897	3
10	1055	7030.927157346288	3
10	1060	7080.473035072315	3
10	1077	7219.875571016224	3
10	1098	7381.558148433025	3
10	1113	7482.76892571128	3
10	1116	7494.794133621298	3
10	1118	7509.172285082656	3
10	1122	7571.224403227289	3
10	1124	7578.843044510654	3
10	1164	8142.489366542255	3
10	1166	8215.537666954087	3
10	1176	8324.929450116076	3
10	1182	8369.405191822101	3
10	1185	8386.369099761531	3
10	1192	8444.175216639418	3
10	1200	8487.256670587049	3
10	1212	8570.81448185146	3
10	1221	8641.51222558218	3
10	1242	8748.036028099319	3
10	1247	8765.650561200468	3
10	1253	8782.81448185146	3
10	1256	8788.259654223822	3
10	1257	8794.259654223822	8.445172372362
10	1298	8974.109742013623	3
10	1301	8980.281164034276	3
10	1312	9044.583126359962	3
10	1338	9203.474541024283	3
10	1346	9255.801250832229	3
10	1353	9337.213352684858	3
10	1355	9345.380579677849	3
10	1359	9383.540000374804	3
10	1361	9420.595971817528	3
10	1378	9576.148500123342	3
10	1429	10002.590070808624	3
10	1458	10231.276276104186	3
10	1462	10236.446050282233	3
10	1466	10254.481442221077	3
10	1475	10338.590417596817	3
10	1509	10970.34455754883	3
10	1515	11019.346079367968	3
10	1534	11174.257056530768	3
10	1555	11323.904717625957	3
10	1557	11329.904717625957	7.171161228223
10	1564	11378.717126867526	3
10	1575	11455.159705456198	3
10	1611	11663.831846564495	3
10	1615	11689.592003465189	3
10	1632	11832.746568170685	3
10	1652	11990.95786925423	3
10	1662	12065.063855495593	3
10	1666	12122.521004312665	3
10	1692	12433.159173988113	3
10	1694	12437.068048318296	3
10	1697	12495.402302700663	3
10	1729	12751.811480285198	3
10	1736	12800.301093747462	3
10	1738	12819.481591979345	3
10	1740	12822.843372240963	3
10	1747	12842.083893005196	3
10	1754	12896.260890915225	3
10	1774	12996.280622169788	3
10	1782	13033.633152631595	3
10	1791	13107.824973846209	3
10	1801	13202.676931161805	3
10	1815	13330.366354891368	3
10	1841	13574.512986234517	3
10	1848	13654.641043985353	3
10	1857	13680.656097502673	3
10	1880	13884.958069908049	3
10	1905	14111.923245944442	3
10	1932	14385.633946375254	3
10	1934	14395.266061769254	3
10	1947	14501.101591800895	3
10	1973	14742.223334080934	3
10	1978	14762.869358911547	3
10	1986	14829.142087218743	3
10	1997	14922.553444753454	3
10	2006	15022.320573156432	3
10	2013	15082.528348179013	3
10	2022	15170.632089734634	3
10	2026	15194.207653151234	3
10	2068	15512.721687432972	3
10	2075	15591.262092792157	3
10	2084	15671.547291322964	3
10	2102	15822.651154952573	3
10	2114	15884.402601101668	3
10	2116	15900.876217451243	3
10	2118	15909.341324545242	3
10	2143	16072.535156527374	3
10	2161	16184.168809167594	3
10	2188	16341.638765236066	3
10	2194	16357.132399917911	3
10	2205	16394.731779126076	3
10	2221	16470.574805457928	3
10	2223	16477.723796995074	3
10	2245	16584.427311640508	3
10	2268	16712.575967664391	3
10	2282	16808.078866450772	3
10	2291	16848.45775634447	3
10	2293	16857.993897835346	3
10	2295	16870.888658349089	3
10	2297	16879.898939094218	3
10	2306	16934.092671826348	3
10	2319	17007.146778567467	3
10	2331	17065.237082202253	3
10	2350	17168.730879664677	3
10	2369	17275.956071336351	3
10	2378	17348.030932113781	3
10	2385	17386.527265008481	3
10	2400	17501.964457611497	3
10	2410	17562.566494187756	3
10	2421	17648.820725804352	3
10	2430	17708.767839059988	3
10	2432	17724.224800190602	3
10	2436	17764.13594583698	3
10	2443	17811.735142905947	3
10	2449	17873.688317280257	3
10	2451	17876.949931127006	3
10	2465	18041.34705178843	3
10	2476	18184.144320306751	3
10	2496	18366.123687914355	3
10	2527	18551.708967120722	3
10	2543	18645.638977546053	3
10	2591	18867.250620546009	3
10	2594	18873.879754674928	3
10	2598	18886.063262258285	3
10	2606	18913.224770117475	3
10	2608	18928.298987139487	3
10	2631	19073.359966723372	3
10	2634	19083.511314692032	3
10	2639	19108.690566696447	3
10	2643	19126.875781908163	3
10	2667	19294.023224185171	3
10	2670	19326.610607873968	3
10	2675	19351.757993901388	3
10	2678	19381.676764221355	3
10	2681	19388.821680937554	3
10	2696	19487.212614241173	3
10	2701	19507.772316742604	3
10	2710	19554.817279453277	3
10	2741	19712.334698491592	3
10	2749	19761.723904216726	3
10	2768	19891.640118692658	3
10	2770	19897.640118692658	7.077745293062
10	2772	19903.542563674243	3
11	161	1035.873605359123	10237
11	193	1312.151325694745	10241
11	208	1466.41268755053	10242
11	234	1642.945668258248	10247
11	237	1655.961307957249	10248
11	242	1685.428368880997	10245
11	268	1855.459668595427	10252
11	275	1874.806627542267	10253
11	279	1901.80191114902	10254
11	344	2232.998667834686	10263
11	358	2450.179894974568	10265
11	364	2547.212000546373	10266
11	370	2619.005093022555	10268
11	405	2832.731712830596	10272
11	415	2878.069432840932	10275
11	419	2924.350172544995	10276
11	439	3052.592814443364	10277
11	444	3071.492706815158	10279
11	450	3093.299783422976	10280
11	469	3202.275663423533	10282
11	479	3264.43741772522	10284
11	494	3346.571462391493	10288
11	501	3392.176439990121	10290
11	504	3406.84945128753	10286
11	528	3550.946866083756	10291
11	548	3658.488962683743	10296
11	587	3972.15498816091	10302
11	593	3999.215834382288	10299
11	622	4191.138549979747	10307
11	625	4197.138549979747	10303
11	638	4298.302003985776	10309
11	666	4536.330040374201	10313
11	680	4614.592808487131	10315
11	685	4640.176746409122	10317
11	691	4658.861002442392	10320
11	700	4724.777538967401	10322
11	754	5074.56713010731	10324
11	761	5088.149199437066	10331
11	768	5129.643569752778	10326
11	776	5154.004865624716	10334
11	778	5157.004865624716	10335
11	781	5171.906324037327	10337
11	796	5237.428783360905	10338
11	824	5370.938583469134	10340
11	830	5426.509623695484	10342
11	832	5462.894148560157	10343
11	836	5488.417855972124	10341
11	846	5596.672959359389	10344
11	859	5737.688743866437	10346
11	870	5851.144127482798	10347
11	872	5862.674224614256	10348
11	884	5999.213153876462	10350
11	909	6187.373644426334	10355
11	919	6250.001756075984	10357
11	934	6309.14915644244	10360
11	954	6385.844806861493	10359
11	964	6426.31747874319	10362
11	972	6445.841233404517	10367
11	1011	6678.641581081542	10370
11	1019	6778.225256262171	10372
11	1034	6900.479327969444	10375
11	1037	6919.355388412168	10373
11	1048	6992.453738397897	10378
11	1055	7030.927157346288	10376
11	1060	7080.473035072315	10380
11	1077	7219.875571016224	10379
11	1098	7381.558148433025	10383
11	1113	7482.76892571128	10389
11	1116	7494.794133621298	10385
11	1118	7509.172285082656	10386
11	1122	7571.224403227289	10388
11	1124	7578.843044510654	10390
11	1164	8142.489366542255	10395
11	1166	8215.537666954087	10396
11	1176	8324.929450116076	10397
11	1182	8369.405191822101	10400
11	1185	8386.369099761531	10401
11	1192	8444.175216639418	10398
11	1200	8487.256670587049	10402
11	1212	8570.81448185146	10406
11	1221	8641.51222558218	10404
11	1242	8748.036028099319	10410
11	1247	8765.650561200468	10405
11	1253	8782.81448185146	10408
11	1256	8788.259654223822	10412
11	1257	8794.259654223822	10409
11	1298	8974.109742013623	10418
11	1301	8980.281164034276	10420
11	1312	9044.583126359962	10419
11	1338	9203.474541024283	10424
11	1346	9255.801250832229	10428
11	1353	9337.213352684858	10426
11	1355	9345.380579677849	10427
11	1359	9383.540000374804	10430
11	1361	9420.595971817528	10429
11	1378	9576.148500123342	10432
11	1429	10002.590070808624	10440
11	1458	10231.276276104186	10443
11	1462	10236.446050282233	10445
11	1466	10254.481442221077	10448
11	1475	10338.590417596817	10444
11	1509	10970.34455754883	10454
11	1515	11019.346079367968	10453
11	1534	11174.257056530768	10458
11	1555	11323.904717625957	10460
11	1557	11329.904717625957	10456
11	1564	11378.717126867526	10461
11	1575	11455.159705456198	10464
11	1611	11663.831846564495	10471
11	1615	11689.592003465189	10469
11	1632	11832.746568170685	10472
11	1652	11990.95786925423	10475
11	1662	12065.063855495593	10478
11	1666	12122.521004312665	10480
11	1692	12433.159173988113	10483
11	1694	12437.068048318296	10484
11	1697	12495.402302700663	10485
11	1729	12751.811480285198	10487
11	1736	12800.301093747462	10488
11	1738	12819.481591979345	10486
11	1740	12822.843372240963	10492
11	1747	12842.083893005196	10489
11	1754	12896.260890915225	10491
11	1774	12996.280622169788	10498
11	1782	13033.633152631595	10496
11	1791	13107.824973846209	10495
11	1801	13202.676931161805	10501
11	1815	13330.366354891368	10502
11	1841	13574.512986234517	10506
11	1848	13654.641043985353	10509
11	1857	13680.656097502673	10508
11	1880	13884.958069908049	10513
11	1905	14111.923245944442	10518
11	1932	14385.633946375254	10520
11	1934	14395.266061769254	10522
11	1947	14501.101591800895	10524
11	1973	14742.223334080934	10526
11	1978	14762.869358911547	10527
11	1986	14829.142087218743	10530
11	1997	14922.553444753454	10533
11	2006	15022.320573156432	10532
11	2013	15082.528348179013	10535
11	2022	15170.632089734634	10534
11	2026	15194.207653151234	10536
11	2068	15512.721687432972	10541
11	2075	15591.262092792157	10540
11	2084	15671.547291322964	10543
11	2102	15822.651154952573	10549
11	2114	15884.402601101668	10548
11	2116	15900.876217451243	10551
11	2118	15909.341324545242	10552
11	2143	16072.535156527374	10553
11	2161	16184.168809167594	10554
11	2188	16341.638765236066	10558
11	2194	16357.132399917911	10561
11	2205	16394.731779126076	10564
11	2221	16470.574805457928	10569
11	2223	16477.723796995074	10570
11	2245	16584.427311640508	10571
11	2268	16712.575967664391	10573
11	2282	16808.078866450772	10575
11	2291	16848.45775634447	10576
11	2293	16857.993897835346	10577
11	2295	16870.888658349089	10574
11	2297	16879.898939094218	10578
11	2306	16934.092671826348	10580
11	2319	17007.146778567467	10583
11	2331	17065.237082202253	10585
11	2350	17168.730879664677	10588
11	2369	17275.956071336351	10592
11	2378	17348.030932113781	10591
11	2385	17386.527265008481	10589
11	2400	17501.964457611497	10595
11	2410	17562.566494187756	10594
11	2421	17648.820725804352	10597
11	2430	17708.767839059988	10599
11	2432	17724.224800190602	10602
11	2436	17764.13594583698	10601
11	2443	17811.735142905947	10604
11	2449	17873.688317280257	10603
11	2451	17876.949931127006	10605
11	2465	18041.34705178843	10606
11	2476	18184.144320306751	10607
11	2496	18366.123687914355	10612
11	2527	18551.708967120722	10611
11	2543	18645.638977546053	10616
11	2591	18867.250620546009	10627
11	2594	18873.879754674928	10629
11	2598	18886.063262258285	10624
11	2606	18913.224770117475	10625
11	2608	18928.298987139487	10626
11	2631	19073.359966723372	10628
11	2634	19083.511314692032	10632
11	2639	19108.690566696447	10630
11	2643	19126.875781908163	10634
11	2667	19294.023224185171	10635
11	2670	19326.610607873968	10638
11	2675	19351.757993901388	10639
11	2678	19381.676764221355	10640
11	2681	19388.821680937554	10637
11	2696	19487.212614241173	10641
11	2701	19507.772316742604	10642
11	2710	19554.817279453277	10644
11	2741	19712.334698491592	10646
11	2749	19761.723904216726	10649
11	2768	19891.640118692658	10651
11	2770	19897.640118692658	10654
11	2772	19903.542563674243	10650
12	181	1212.825431445285	203
12	186	1274.938875092649	409
12	227	1616.387068282644	409
12	302	2018.347709982819	409
12	350	2299.222723373705	409
12	355	2358.06415382212	306
12	409	2849.994583076445	306
12	499	3385.105778973329	409
12	526	3543.874314476854	409
12	534	3558.571058710171	306
12	572	3861.488962683743	306
12	611	4114.783478135399	203
12	668	4539.330040374201	412.51074330306
12	694	4702.137607107643	409
12	713	4817.592808487131	306
12	730	4927.777538967401	306
12	757	5081.997036740721	306
12	818	5357.004865624716	306
12	833	5465.267088113764	413.15605304119
12	853	5665.894148560157	306
12	874	5924.804432659891	409
12	910	6202.213153876462	306
12	955	6390.373644426334	306
12	988	6538.928626982015	409
12	1007	6649.468807518767	414.22437618992
12	1008	6668.015855428706	306
12	1013	6724.14915644244	412.82617755198
12	1017	6744.80133522341	306
12	1075	7195.453738397897	306
12	1080	7251.092548186604	409
12	1135	7685.76892571128	306
12	1158	7999.980470143626	203
12	1303	8991.259654223822	306
12	1313	9048.638147353983	306
12	1333	9183.281164034276	306
12	1381	9586.540000374804	306
12	1485	10457.481442221077	306
12	1533	11173.34455754883	306
12	1616	11698.365277849015	203
12	1648	11940.464994315316	306
12	1710	12636.159173988113	306
12	1778	13025.843372240963	306
12	1785	13080.55701319924	409
12	1851	13662.017295791468	306
12	1858	13731.738656272414	306
12	1899	14073.434287964039	413.44072781223
12	1938	14448.329726285188	409
12	1974	14750.297743043274	306
12	1980	14786.792642629191	409
12	2015	15108.66415101152	306
12	2036	15285.528348179013	306
12	2122	15928.312519389978	306
12	2144	16075.850367697706	409
12	2151	16112.423496809409	203
12	2257	16667.851399068116	409
12	2397	17478.956071336351	306
12	2419	17642.432998588672	203
12	2433	17741.635532186274	203
12	2467	18079.949931127006	306
12	2479	18215.999134433444	203
12	2550	18677.744405248102	409
12	2673	19338.963307214221	203
12	2715	19584.676764221355	306
12	2760	19815.704542484884	306
13	181	1212.825431445285	3
13	186	1274.938875092649	9
13	227	1616.387068282644	9
13	302	2018.347709982819	9
13	350	2299.222723373705	9
13	355	2358.06415382212	6
13	409	2849.994583076445	6
13	499	3385.105778973329	9
13	526	3543.874314476854	9
13	534	3558.571058710171	6
13	572	3861.488962683743	6
13	611	4114.783478135399	3
13	668	4539.330040374201	12.51074330306
13	694	4702.137607107643	9
13	713	4817.592808487131	6
13	730	4927.777538967401	6
13	757	5081.997036740721	6
13	818	5357.004865624716	6
13	833	5465.267088113764	13.156053041188
13	853	5665.894148560157	6
13	874	5924.804432659891	9
13	910	6202.213153876462	6
13	955	6390.373644426334	6
13	988	6538.928626982015	9
13	1007	6649.468807518767	14.224376189918
13	1008	6668.015855428706	6
13	1013	6724.14915644244	12.826177551984
13	1017	6744.80133522341	6
13	1075	7195.453738397897	6
13	1080	7251.092548186604	9
13	1135	7685.76892571128	6
13	1158	7999.980470143626	3
13	1303	8991.259654223822	6
13	1313	9048.638147353983	6
13	1333	9183.281164034276	6
13	1381	9586.540000374804	6
13	1485	10457.481442221077	6
13	1533	11173.34455754883	6
13	1616	11698.365277849015	3
13	1648	11940.464994315316	6
13	1710	12636.159173988113	6
13	1778	13025.843372240963	6
13	1785	13080.55701319924	9
13	1851	13662.017295791468	6
13	1858	13731.738656272414	6
13	1899	14073.434287964039	13.440727812235
13	1938	14448.329726285188	9
13	1974	14750.297743043274	6
13	1980	14786.792642629191	9
13	2015	15108.66415101152	6
13	2036	15285.528348179013	6
13	2122	15928.312519389978	6
13	2144	16075.850367697706	9
13	2151	16112.423496809409	3
13	2257	16667.851399068116	9
13	2397	17478.956071336351	6
13	2419	17642.432998588672	3
13	2433	17741.635532186274	3
13	2467	18079.949931127006	6
13	2479	18215.999134433444	3
13	2550	18677.744405248102	9
13	2673	19338.963307214221	3
13	2715	19584.676764221355	6
13	2760	19815.704542484884	6
14	181	1212.825431445285	1
14	186	1274.938875092649	3
14	227	1616.387068282644	3
14	302	2018.347709982819	3
14	350	2299.222723373705	3
14	355	2358.06415382212	2
14	409	2849.994583076445	2
14	499	3385.105778973329	3
14	526	3543.874314476854	3
14	534	3558.571058710171	2
14	572	3861.488962683743	2
14	611	4114.783478135399	1
14	668	4539.330040374201	3
14	694	4702.137607107643	3
14	713	4817.592808487131	2
14	730	4927.777538967401	2
14	757	5081.997036740721	2
14	818	5357.004865624716	2
14	833	5465.267088113764	3
14	853	5665.894148560157	2
14	874	5924.804432659891	3
14	910	6202.213153876462	2
14	955	6390.373644426334	2
14	988	6538.928626982015	3
14	1007	6649.468807518767	3
14	1008	6668.015855428706	2
14	1013	6724.14915644244	3
14	1017	6744.80133522341	2
14	1075	7195.453738397897	2
14	1080	7251.092548186604	3
14	1135	7685.76892571128	2
14	1158	7999.980470143626	1
14	1303	8991.259654223822	2
14	1313	9048.638147353983	2
14	1333	9183.281164034276	2
14	1381	9586.540000374804	2
14	1485	10457.481442221077	2
14	1533	11173.34455754883	2
14	1616	11698.365277849015	1
14	1648	11940.464994315316	2
14	1710	12636.159173988113	2
14	1778	13025.843372240963	2
14	1785	13080.55701319924	3
14	1851	13662.017295791468	2
14	1858	13731.738656272414	2
14	1899	14073.434287964039	3
14	1938	14448.329726285188	3
14	1974	14750.297743043274	2
14	1980	14786.792642629191	3
14	2015	15108.66415101152	2
14	2036	15285.528348179013	2
14	2122	15928.312519389978	2
14	2144	16075.850367697706	3
14	2151	16112.423496809409	1
14	2257	16667.851399068116	3
14	2397	17478.956071336351	2
14	2419	17642.432998588672	1
14	2433	17741.635532186274	1
14	2467	18079.949931127006	2
14	2479	18215.999134433444	1
14	2550	18677.744405248102	3
14	2673	19338.963307214221	1
14	2715	19584.676764221355	2
14	2760	19815.704542484884	2
15	333	2165.612209889283	306
15	334	2171.612209889283	311.21356314909
15	339	2207.80191114902	409
15	411	2856.648847797011	412.43684725064
15	465	3184.069432840932	409
15	473	3230.350172544995	409
15	551	3698.176439990121	409
15	626	4219.623292075041	306
15	703	4743.294548548296	203
15	704	4758.689753272257	203
15	771	5142.462776773207	203
15	783	5179.070727400791	203
15	817	5356.267088113764	203
15	875	5925.370549991156	203
15	949	6364.800875919543	306
15	959	6410.346348778102	203
15	978	6480.954986621189	306
15	1000	6615.14915644244	409
15	1056	7035.055299959805	306
15	1150	7896.052026715326	306
15	1153	7905.257713716965	306
15	1237	8716.182560315655	306
15	1269	8854.444804383258	306
15	1307	9010.360033493463	306
15	1316	9068.771722437521	306
15	1407	9844.642884835677	203
15	1415	9881.109553191757	204.97323201821
15	1448	10144.022020216956	306
15	1482	10431.038949329461	306
15	1486	10528.830522882192	306
15	1583	11480.257056530768	409
15	1605	11602.758666102949	306
15	1668	12124.939843278796	306
15	1680	12235.909303804716	306
15	1695	12474.021163811793	306
15	1727	12743.068048318296	409
15	1783	13041.711432411965	306
15	1805	13232.456928542984	306
15	1913	14198.406485398241	306
15	1936	14417.923245944442	409
15	1952	14575.556309176601	306
15	2031	15228.553444753454	409
15	2080	15628.638089220502	306
15	2087	15701.114793033726	203
15	2165	16206.876217451243	409
15	2186	16307.649330947346	306
15	2249	16607.79200770815	306
15	2322	17018.150992537801	306
15	2358	17219.761050205364	203
15	2363	17259.286159749939	306
15	2380	17371.237082202253	409
15	2386	17396.492625044136	306
15	2472	18117.735142905947	409
15	2549	18672.123687914355	409
15	2609	18962.592848491332	306
15	2724	19632.610607873968	409
15	2731	19657.757993901388	409
15	2774	19965.032863191914	203
16	333	2165.612209889283	6
16	334	2171.612209889283	11.213563149089
16	339	2207.80191114902	9
16	411	2856.648847797011	12.436847250638
16	465	3184.069432840932	9
16	473	3230.350172544995	9
16	551	3698.176439990121	9
16	626	4219.623292075041	6
16	703	4743.294548548296	3
16	704	4758.689753272257	3
16	771	5142.462776773207	3
16	783	5179.070727400791	3
16	817	5356.267088113764	3
16	875	5925.370549991156	3
16	949	6364.800875919543	6
16	959	6410.346348778102	3
16	978	6480.954986621189	6
16	1000	6615.14915644244	9
16	1056	7035.055299959805	6
16	1150	7896.052026715326	6
16	1153	7905.257713716965	6
16	1237	8716.182560315655	6
16	1269	8854.444804383258	6
16	1307	9010.360033493463	6
16	1316	9068.771722437521	6
16	1407	9844.642884835677	3
16	1415	9881.109553191757	4.973232018215
16	1448	10144.022020216956	6
16	1482	10431.038949329461	6
16	1486	10528.830522882192	6
16	1583	11480.257056530768	9
16	1605	11602.758666102949	6
16	1668	12124.939843278796	6
16	1680	12235.909303804716	6
16	1695	12474.021163811793	6
16	1727	12743.068048318296	9
16	1783	13041.711432411965	6
16	1805	13232.456928542984	6
16	1913	14198.406485398241	6
16	1936	14417.923245944442	9
16	1952	14575.556309176601	6
16	2031	15228.553444753454	9
16	2080	15628.638089220502	6
16	2087	15701.114793033726	3
16	2165	16206.876217451243	9
16	2186	16307.649330947346	6
16	2249	16607.79200770815	6
16	2322	17018.150992537801	6
16	2358	17219.761050205364	3
16	2363	17259.286159749939	6
16	2380	17371.237082202253	9
16	2386	17396.492625044136	6
16	2472	18117.735142905947	9
16	2549	18672.123687914355	9
16	2609	18962.592848491332	6
16	2724	19632.610607873968	9
16	2731	19657.757993901388	9
16	2774	19965.032863191914	3
17	333	2165.612209889283	2
17	334	2171.612209889283	2
17	339	2207.80191114902	3
17	411	2856.648847797011	3
17	465	3184.069432840932	3
17	473	3230.350172544995	3
17	551	3698.176439990121	3
17	626	4219.623292075041	2
17	703	4743.294548548296	1
17	704	4758.689753272257	1
17	771	5142.462776773207	1
17	783	5179.070727400791	1
17	817	5356.267088113764	1
17	875	5925.370549991156	1
17	949	6364.800875919543	2
17	959	6410.346348778102	1
17	978	6480.954986621189	2
17	1000	6615.14915644244	3
17	1056	7035.055299959805	2
17	1150	7896.052026715326	2
17	1153	7905.257713716965	2
17	1237	8716.182560315655	2
17	1269	8854.444804383258	2
17	1307	9010.360033493463	2
17	1316	9068.771722437521	2
17	1407	9844.642884835677	1
17	1415	9881.109553191757	1
17	1448	10144.022020216956	2
17	1482	10431.038949329461	2
17	1486	10528.830522882192	2
17	1583	11480.257056530768	3
17	1605	11602.758666102949	2
17	1668	12124.939843278796	2
17	1680	12235.909303804716	2
17	1695	12474.021163811793	2
17	1727	12743.068048318296	3
17	1783	13041.711432411965	2
17	1805	13232.456928542984	2
17	1913	14198.406485398241	2
17	1936	14417.923245944442	3
17	1952	14575.556309176601	2
17	2031	15228.553444753454	3
17	2080	15628.638089220502	2
17	2087	15701.114793033726	1
17	2165	16206.876217451243	3
17	2186	16307.649330947346	2
17	2249	16607.79200770815	2
17	2322	17018.150992537801	2
17	2358	17219.761050205364	1
17	2363	17259.286159749939	2
17	2380	17371.237082202253	3
17	2386	17396.492625044136	2
17	2472	18117.735142905947	3
17	2549	18672.123687914355	3
17	2609	18962.592848491332	2
17	2724	19632.610607873968	3
17	2731	19657.757993901388	3
17	2774	19965.032863191914	1
18	195	1341.873605359123	409
18	229	1618.151325694745	409
18	240	1670.660252514722	306
18	265	1832.786227589427	306
18	330	2143.623293669641	306
18	349	2276.015553316466	306
18	420	2925.005093022555	409
18	459	3156.877589681422	306
18	489	3328.257643549083	306
18	525	3526.203245166136	306
18	546	3656.946866083756	413.37540369226
18	585	3937.45307621781	306
18	617	4137.099179039866	306
18	673	4556.801554361904	203
18	675	4572.325652479258	306
18	732	4964.861002442392	409
18	924	6271.80986145919	306
18	989	6540.468807518767	306
18	1131	7668.666783252117	306
18	1308	9031.003232355998	306
18	1335	9190.023840247425	203
18	1376	9561.801250832229	409
18	1392	9731.945878780471	306
18	1404	9786.319752881407	306
18	1435	10059.668637807153	306
18	1436	10065.668637807153	311.71445335902
18	1600	11581.404880233021	203
18	1610	11663.240531376873	306
18	1612	11677.703789796014	203
18	1644	11923.186510541483	203
18	1687	12335.392333524652	203
18	1818	13349.403084562352	306
18	1866	13774.765138296796	203
18	1885	13964.434287964039	306
18	2000	14956.762024850127	306
18	2058	15429.229187072111	306
18	2065	15500.207653151234	409
18	2071	15543.977641879801	306
18	2125	15967.060756049168	203
18	2130	15977.426069534808	306
18	2174	16252.01269206498	306
18	2200	16368.864529845076	203
18	2211	16451.235155174136	306
18	2278	16776.574805457928	409
18	2280	16783.723796995074	409
18	2344	17145.363594381668	306
18	2567	18762.370686502816	306
18	2584	18819.241423159539	306
18	2596	18881.190943284785	203
18	2599	18893.935570108547	306
18	2645	19173.250620546009	409
18	2687	19432.875781908163	409
18	2751	19777.747574939076	306
19	195	1341.873605359123	9
19	229	1618.151325694745	9
19	240	1670.660252514722	6
19	265	1832.786227589427	6
19	330	2143.623293669641	6
19	349	2276.015553316466	6
19	420	2925.005093022555	9
19	459	3156.877589681422	6
19	489	3328.257643549083	6
19	525	3526.203245166136	6
19	546	3656.946866083756	13.375403692263
19	585	3937.45307621781	6
19	617	4137.099179039866	6
19	673	4556.801554361904	3
19	675	4572.325652479258	6
19	732	4964.861002442392	9
19	924	6271.80986145919	6
19	989	6540.468807518767	6
19	1131	7668.666783252117	6
19	1308	9031.003232355998	6
19	1335	9190.023840247425	3
19	1376	9561.801250832229	9
19	1392	9731.945878780471	6
19	1404	9786.319752881407	6
19	1435	10059.668637807153	6
19	1436	10065.668637807153	11.714453359019
19	1600	11581.404880233021	3
19	1610	11663.240531376873	6
19	1612	11677.703789796014	3
19	1644	11923.186510541483	3
19	1687	12335.392333524652	3
19	1818	13349.403084562352	6
19	1866	13774.765138296796	3
19	1885	13964.434287964039	6
19	2000	14956.762024850127	6
19	2058	15429.229187072111	6
19	2065	15500.207653151234	9
19	2071	15543.977641879801	6
19	2125	15967.060756049168	3
19	2130	15977.426069534808	6
19	2174	16252.01269206498	6
19	2200	16368.864529845076	3
19	2211	16451.235155174136	6
19	2278	16776.574805457928	9
19	2280	16783.723796995074	9
19	2344	17145.363594381668	6
19	2567	18762.370686502816	6
19	2584	18819.241423159539	6
19	2596	18881.190943284785	3
19	2599	18893.935570108547	6
19	2645	19173.250620546009	9
19	2687	19432.875781908163	9
19	2751	19777.747574939076	6
20	195	1341.873605359123	3
20	229	1618.151325694745	3
20	240	1670.660252514722	2
20	265	1832.786227589427	2
20	330	2143.623293669641	2
20	349	2276.015553316466	2
20	420	2925.005093022555	3
20	459	3156.877589681422	2
20	489	3328.257643549083	2
20	525	3526.203245166136	2
20	546	3656.946866083756	3
20	585	3937.45307621781	2
20	617	4137.099179039866	2
20	673	4556.801554361904	1
20	675	4572.325652479258	2
20	732	4964.861002442392	3
20	924	6271.80986145919	2
20	989	6540.468807518767	2
20	1131	7668.666783252117	2
20	1308	9031.003232355998	2
20	1335	9190.023840247425	1
20	1376	9561.801250832229	3
20	1392	9731.945878780471	2
20	1404	9786.319752881407	2
20	1435	10059.668637807153	2
20	1436	10065.668637807153	2
20	1600	11581.404880233021	1
20	1610	11663.240531376873	2
20	1612	11677.703789796014	1
20	1644	11923.186510541483	1
20	1687	12335.392333524652	1
20	1818	13349.403084562352	2
20	1866	13774.765138296796	1
20	1885	13964.434287964039	2
20	2000	14956.762024850127	2
20	2058	15429.229187072111	2
20	2065	15500.207653151234	3
20	2071	15543.977641879801	2
20	2125	15967.060756049168	1
20	2130	15977.426069534808	2
20	2174	16252.01269206498	2
20	2200	16368.864529845076	1
20	2211	16451.235155174136	2
20	2278	16776.574805457928	3
20	2280	16783.723796995074	3
20	2344	17145.363594381668	2
20	2567	18762.370686502816	2
20	2584	18819.241423159539	2
20	2596	18881.190943284785	1
20	2599	18893.935570108547	2
20	2645	19173.250620546009	3
20	2687	19432.875781908163	3
20	2751	19777.747574939076	2
21	276	1888.428368880997	409
21	317	2077.806627542267	306
21	328	2136.643805869864	306
21	351	2316.80191114902	310.75377491597
21	391	2747.648847797011	203
21	517	3467.43741772522	409
21	550	3671.684702683218	203
21	788	5192.788028982038	306
21	814	5327.453310719124	306
21	815	5334.620857531536	306
21	820	5360.004865624716	308.29701119739
21	886	6054.144127482798	409
21	981	6498.897399412601	203
21	999	6588.844806861493	409
21	1006	6648.841233404517	306
21	1042	6935.617929823155	306
21	1063	7103.479327969444	306
21	1087	7283.473035072315	306
21	1095	7366.8684193285	203
21	1140	7781.843044510654	306
21	1204	8527.929450116076	306
21	1293	8951.036028099319	306
21	1299	8976.509180799256	306
21	1327	9136.610034227602	203
21	1348	9292.512903285552	203
21	1402	9779.148500123342	306
21	1453	10205.590070808624	409
21	1467	10303.463786325455	306
21	1484	10455.192243425145	306
21	1500	10883.49086312616	203
21	1517	11026.310343834601	306
21	1537	11215.576300363297	306
21	1541	11222.346079367968	409
21	1556	11326.791149247528	306
21	1608	11658.159705456198	306
21	1636	11866.831846564495	306
21	1675	12193.95786925423	409
21	1684	12325.521004312665	306
21	1763	12928.118174060536	203
21	1788	13099.260890915225	409
21	1807	13236.633152631595	409
21	1844	13605.641588905302	306
21	1896	14051.118753870423	306
21	1970	14704.101591800895	306
21	1991	14886.917059522665	306
21	2009	15032.142087218743	306
21	2029	15225.320573156432	409
21	2047	15373.632089734634	409
21	2066	15505.731372726565	306
21	2203	16391.382628469953	203
21	2233	16544.638765236066	409
21	2356	17195.36992666919	306
21	2482	18244.34705178843	409
21	2538	18607.8757778815	306
21	2635	19083.557507107453	203
21	2747	19757.817279453277	306
21	2769	19894.949519339561	203
22	276	1888.428368880997	9
22	317	2077.806627542267	6
22	328	2136.643805869864	6
22	351	2316.80191114902	10.753774915975
22	391	2747.648847797011	3
22	517	3467.43741772522	9
22	550	3671.684702683218	3
22	788	5192.788028982038	6
22	814	5327.453310719124	6
22	815	5334.620857531536	6
22	820	5360.004865624716	8.297011197393
22	886	6054.144127482798	9
22	981	6498.897399412601	3
22	999	6588.844806861493	9
22	1006	6648.841233404517	6
22	1042	6935.617929823155	6
22	1063	7103.479327969444	6
22	1087	7283.473035072315	6
22	1095	7366.8684193285	3
22	1140	7781.843044510654	6
22	1204	8527.929450116076	6
22	1293	8951.036028099319	6
22	1299	8976.509180799256	6
22	1327	9136.610034227602	3
22	1348	9292.512903285552	3
22	1402	9779.148500123342	6
22	1453	10205.590070808624	9
22	1467	10303.463786325455	6
22	1484	10455.192243425145	6
22	1500	10883.49086312616	3
22	1517	11026.310343834601	6
22	1537	11215.576300363297	6
22	1541	11222.346079367968	9
22	1556	11326.791149247528	6
22	1608	11658.159705456198	6
22	1636	11866.831846564495	6
22	1675	12193.95786925423	9
22	1684	12325.521004312665	6
22	1763	12928.118174060536	3
22	1788	13099.260890915225	9
22	1807	13236.633152631595	9
22	1844	13605.641588905302	6
22	1896	14051.118753870423	6
22	1970	14704.101591800895	6
22	1991	14886.917059522665	6
22	2009	15032.142087218743	6
22	2029	15225.320573156432	9
22	2047	15373.632089734634	9
22	2066	15505.731372726565	6
22	2203	16391.382628469953	3
22	2233	16544.638765236066	9
22	2356	17195.36992666919	6
22	2482	18244.34705178843	9
22	2538	18607.8757778815	6
22	2635	19083.557507107453	3
22	2747	19757.817279453277	6
22	2769	19894.949519339561	3
23	276	1888.428368880997	3
23	317	2077.806627542267	2
23	328	2136.643805869864	2
23	351	2316.80191114902	2
23	391	2747.648847797011	1
23	517	3467.43741772522	3
23	550	3671.684702683218	1
23	788	5192.788028982038	2
23	814	5327.453310719124	2
23	815	5334.620857531536	2
23	820	5360.004865624716	2
23	886	6054.144127482798	3
23	981	6498.897399412601	1
23	999	6588.844806861493	3
23	1006	6648.841233404517	2
23	1042	6935.617929823155	2
23	1063	7103.479327969444	2
23	1087	7283.473035072315	2
23	1095	7366.8684193285	1
23	1140	7781.843044510654	2
23	1204	8527.929450116076	2
23	1293	8951.036028099319	2
23	1299	8976.509180799256	2
23	1327	9136.610034227602	1
23	1348	9292.512903285552	1
23	1402	9779.148500123342	2
23	1453	10205.590070808624	3
23	1467	10303.463786325455	2
23	1484	10455.192243425145	2
23	1500	10883.49086312616	1
23	1517	11026.310343834601	2
23	1537	11215.576300363297	2
23	1541	11222.346079367968	3
23	1556	11326.791149247528	2
23	1608	11658.159705456198	2
23	1636	11866.831846564495	2
23	1675	12193.95786925423	3
23	1684	12325.521004312665	2
23	1763	12928.118174060536	1
23	1788	13099.260890915225	3
23	1807	13236.633152631595	3
23	1844	13605.641588905302	2
23	1896	14051.118753870423	2
23	1970	14704.101591800895	2
23	1991	14886.917059522665	2
23	2009	15032.142087218743	2
23	2029	15225.320573156432	3
23	2047	15373.632089734634	3
23	2066	15505.731372726565	2
23	2203	16391.382628469953	1
23	2233	16544.638765236066	3
23	2356	17195.36992666919	2
23	2482	18244.34705178843	3
23	2538	18607.8757778815	2
23	2635	19083.557507107453	1
23	2747	19757.817279453277	2
23	2769	19894.949519339561	1
24	233	1641.968941658893	306
24	342	2224.472080925112	306
24	397	2765.886960793038	306
24	412	2863.971002899597	306
24	503	3405.275663423533	409
24	578	3901.559471545371	203
24	648	4394.138549979747	409
24	670	4541.819297071141	309.55531322193
24	717	4843.176746409122	306
24	825	5374.906324037327	306
24	891	6065.674224614256	409
24	899	6156.618187077664	203
24	974	6453.001756075984	306
24	1046	6981.225256262171	306
24	1114	7484.667781956556	306
24	1161	8096.31157628192	306
24	1215	8572.405191822101	306
24	1332	9167.851657391278	203
24	1344	9247.583126359962	409
24	1375	9540.213352684858	409
24	1425	9976.282945331772	306
24	1586	11493.268652289992	203
24	1639	11892.592003465189	409
24	1660	12035.746568170685	409
24	1682	12268.063855495593	409
24	1719	12698.402302700663	306
24	1786	13085.742308114124	203
24	1823	13405.676931161805	306
24	1826	13441.875719983077	306
24	1873	13857.641043985353	306
24	1881	13887.958069908049	413.30197240538
24	1921	14281.469213577584	306
24	1956	14598.266061769254	306
24	2235	16560.132399917911	409
24	2237	16563.965620992972	306
24	2246	16597.731779126076	409
24	2303	16915.575967664391	409
24	2320	17011.078866450772	409
24	2327	17051.45775634447	409
24	2357	17210.146778567467	306
24	2381	17371.730879664677	306
24	2440	17778.13323951571	306
24	2454	17927.224800190602	306
24	2600	18897.367362952262	306
24	2632	19076.879754674928	306
24	2641	19116.224770117475	409
24	2698	19497.023224185171	409
25	233	1641.968941658893	6
25	342	2224.472080925112	6
25	397	2765.886960793038	6
25	412	2863.971002899597	6
25	503	3405.275663423533	9
25	578	3901.559471545371	3
25	648	4394.138549979747	9
25	670	4541.819297071141	9.55531322193
25	717	4843.176746409122	6
25	825	5374.906324037327	6
25	891	6065.674224614256	9
25	899	6156.618187077664	3
25	974	6453.001756075984	6
25	1046	6981.225256262171	6
25	1114	7484.667781956556	6
25	1161	8096.31157628192	6
25	1215	8572.405191822101	6
25	1332	9167.851657391278	3
25	1344	9247.583126359962	9
25	1375	9540.213352684858	9
25	1425	9976.282945331772	6
25	1586	11493.268652289992	3
25	1639	11892.592003465189	9
25	1660	12035.746568170685	9
25	1682	12268.063855495593	9
25	1719	12698.402302700663	6
25	1786	13085.742308114124	3
25	1823	13405.676931161805	6
25	1826	13441.875719983077	6
25	1873	13857.641043985353	6
25	1881	13887.958069908049	13.301972405376
25	1921	14281.469213577584	6
25	1956	14598.266061769254	6
25	2235	16560.132399917911	9
25	2237	16563.965620992972	6
25	2246	16597.731779126076	9
25	2303	16915.575967664391	9
25	2320	17011.078866450772	9
25	2327	17051.45775634447	9
25	2357	17210.146778567467	6
25	2381	17371.730879664677	6
25	2440	17778.13323951571	6
25	2454	17927.224800190602	6
25	2600	18897.367362952262	6
25	2632	19076.879754674928	6
25	2641	19116.224770117475	9
25	2698	19497.023224185171	9
26	233	1641.968941658893	2
26	342	2224.472080925112	2
26	397	2765.886960793038	2
26	412	2863.971002899597	2
26	503	3405.275663423533	3
26	578	3901.559471545371	1
26	648	4394.138549979747	3
26	670	4541.819297071141	2
26	717	4843.176746409122	2
26	825	5374.906324037327	2
26	891	6065.674224614256	3
26	899	6156.618187077664	1
26	974	6453.001756075984	2
26	1046	6981.225256262171	2
26	1114	7484.667781956556	2
26	1161	8096.31157628192	2
26	1215	8572.405191822101	2
26	1332	9167.851657391278	1
26	1344	9247.583126359962	3
26	1375	9540.213352684858	3
26	1425	9976.282945331772	2
26	1586	11493.268652289992	1
26	1639	11892.592003465189	3
26	1660	12035.746568170685	3
26	1682	12268.063855495593	3
26	1719	12698.402302700663	2
26	1786	13085.742308114124	1
26	1823	13405.676931161805	2
26	1826	13441.875719983077	2
26	1873	13857.641043985353	2
26	1881	13887.958069908049	3
26	1921	14281.469213577584	2
26	1956	14598.266061769254	2
26	2235	16560.132399917911	3
26	2237	16563.965620992972	2
26	2246	16597.731779126076	3
26	2303	16915.575967664391	3
26	2320	17011.078866450772	3
26	2327	17051.45775634447	3
26	2357	17210.146778567467	2
26	2381	17371.730879664677	2
26	2440	17778.13323951571	2
26	2454	17927.224800190602	2
26	2600	18897.367362952262	2
26	2632	19076.879754674928	2
26	2641	19116.224770117475	3
26	2698	19497.023224185171	3
27	288	1955.459668595427	306
27	352	2332.998667834686	306
27	421	2932.731712830596	306
27	462	3171.492706815158	306
27	521	3506.84945128753	306
27	610	4099.215834382288	306
27	650	4398.302003985776	203
27	683	4636.330040374201	306
27	792	5229.643569752778	409
27	816	5337.428783360905	203
27	834	5470.938583469134	306
27	844	5588.417855972124	409
27	868	5837.688743866437	306
27	1090	7319.875571016224	409
27	1128	7594.794133621298	306
27	1216	8587.256670587049	203
27	1278	8882.81448185146	311.39396977238
27	1317	9074.109742013623	306
27	1349	9303.474541024283	306
27	1365	9445.380579677849	306
27	1372	9520.595971817528	306
27	1582	11478.717126867526	306
27	1748	12851.811480285198	306
27	1825	13430.366354891368	306
27	1853	13674.512986234517	306
27	1891	13984.958069908049	306
27	1943	14485.633946375254	306
27	1990	14862.869358911547	306
27	2078	15612.721687432972	306
27	2095	15771.547291322964	306
27	2263	16684.427311640508	306
27	2312	16957.993897835346	306
27	2315	16979.898939094218	306
27	2324	17034.092671826348	306
27	2434	17748.820725804352	306
27	2447	17864.13594583698	306
27	2457	17973.688317280257	306
27	2545	18651.708967120722	409
27	2619	18986.063262258285	306
27	2627	19028.298987139487	306
27	2646	19173.359966723372	409
27	2697	19488.821680937554	306
27	2716	19587.212614241173	306
27	2761	19861.723904216726	306
27	2779	19991.640118692658	306
28	288	1955.459668595427	6
28	352	2332.998667834686	6
28	421	2932.731712830596	6
28	462	3171.492706815158	6
28	521	3506.84945128753	6
28	610	4099.215834382288	6
28	650	4398.302003985776	3
28	683	4636.330040374201	6
28	792	5229.643569752778	9
28	816	5337.428783360905	3
28	834	5470.938583469134	6
28	844	5588.417855972124	9
28	868	5837.688743866437	6
28	1090	7319.875571016224	9
28	1128	7594.794133621298	6
28	1216	8587.256670587049	3
28	1278	8882.81448185146	11.393969772378
28	1317	9074.109742013623	6
28	1349	9303.474541024283	6
28	1365	9445.380579677849	6
28	1372	9520.595971817528	6
28	1582	11478.717126867526	6
28	1748	12851.811480285198	6
28	1825	13430.366354891368	6
28	1853	13674.512986234517	6
28	1891	13984.958069908049	6
28	1943	14485.633946375254	6
28	1990	14862.869358911547	6
28	2078	15612.721687432972	6
28	2095	15771.547291322964	6
28	2263	16684.427311640508	6
28	2312	16957.993897835346	6
28	2315	16979.898939094218	6
28	2324	17034.092671826348	6
28	2434	17748.820725804352	6
28	2447	17864.13594583698	6
28	2457	17973.688317280257	6
28	2545	18651.708967120722	9
28	2619	18986.063262258285	6
28	2627	19028.298987139487	6
28	2646	19173.359966723372	9
28	2697	19488.821680937554	6
28	2716	19587.212614241173	6
28	2761	19861.723904216726	6
28	2779	19991.640118692658	6
29	288	1955.459668595427	2
29	352	2332.998667834686	2
29	421	2932.731712830596	2
29	462	3171.492706815158	2
29	521	3506.84945128753	2
29	610	4099.215834382288	2
29	650	4398.302003985776	1
29	683	4636.330040374201	2
29	792	5229.643569752778	3
29	816	5337.428783360905	1
29	834	5470.938583469134	2
29	844	5588.417855972124	3
29	868	5837.688743866437	2
29	1090	7319.875571016224	3
29	1128	7594.794133621298	2
29	1216	8587.256670587049	1
29	1278	8882.81448185146	2
29	1317	9074.109742013623	2
29	1349	9303.474541024283	2
29	1365	9445.380579677849	2
29	1372	9520.595971817528	2
29	1582	11478.717126867526	2
29	1748	12851.811480285198	2
29	1825	13430.366354891368	2
29	1853	13674.512986234517	2
29	1891	13984.958069908049	2
29	1943	14485.633946375254	2
29	1990	14862.869358911547	2
29	2078	15612.721687432972	2
29	2095	15771.547291322964	2
29	2263	16684.427311640508	2
29	2312	16957.993897835346	2
29	2315	16979.898939094218	2
29	2324	17034.092671826348	2
29	2434	17748.820725804352	2
29	2447	17864.13594583698	2
29	2457	17973.688317280257	2
29	2545	18651.708967120722	3
29	2619	18986.063262258285	2
29	2627	19028.298987139487	2
29	2646	19173.359966723372	3
29	2697	19488.821680937554	2
29	2716	19587.212614241173	2
29	2761	19861.723904216726	2
29	2779	19991.640118692658	2
30	156	1004.038185221081	306
30	158	1015.686937767044	409
30	221	1566.41268755053	306
30	249	1742.945668258248	203
30	365	2550.179894974568	409
30	458	3152.592814443364	306
30	466	3193.299783422976	306
30	544	3650.946866083756	306
30	637	4297.138549979747	412.09048106259
30	782	5174.56713010731	409
30	840	5526.509623695484	306
30	854	5696.672959359389	306
30	986	6526.31747874319	306
30	1020	6778.641581081542	306
30	1053	7019.355388412168	306
30	1067	7130.927157346288	306
30	1112	7481.558148433025	306
30	1130	7609.172285082656	306
30	1132	7671.224403227289	306
30	1169	8242.489366542255	409
30	1207	8544.175216639418	306
30	1239	8741.51222558218	306
30	1271	8865.650561200468	409
30	1281	8894.259654223822	322.78233474833
30	1472	10331.276276104186	306
30	1474	10336.446050282233	306
30	1483	10438.590417596817	409
30	1572	11423.904717625957	306
30	1573	11429.904717625957	413.17116122822
30	1756	12900.301093747462	306
30	1758	12919.481591979345	409
30	1767	12942.083893005196	306
30	1787	13096.280622169788	203
30	1802	13207.824973846209	409
30	1987	14842.223334080934	306
30	2086	15691.262092792157	409
30	2132	15984.402601101668	306
30	2136	16009.341324545242	203
30	2159	16172.535156527374	306
30	2180	16284.168809167594	409
30	2314	16970.888658349089	409
30	2393	17448.030932113781	306
30	2398	17486.527265008481	409
30	2413	17601.964457611497	203
30	2424	17662.566494187756	306
30	2442	17808.767839059988	306
30	2485	18284.144320306751	306
30	2564	18745.638977546053	409
30	2652	19208.690566696447	409
30	2759	19812.334698491592	306
31	156	1004.038185221081	6
31	158	1015.686937767044	9
31	221	1566.41268755053	6
31	249	1742.945668258248	3
31	365	2550.179894974568	9
31	458	3152.592814443364	6
31	466	3193.299783422976	6
31	544	3650.946866083756	6
31	637	4297.138549979747	12.090481062589
31	782	5174.56713010731	9
31	840	5526.509623695484	6
31	854	5696.672959359389	6
31	986	6526.31747874319	6
31	1020	6778.641581081542	6
31	1053	7019.355388412168	6
31	1067	7130.927157346288	6
31	1112	7481.558148433025	6
31	1130	7609.172285082656	6
31	1132	7671.224403227289	6
31	1169	8242.489366542255	9
31	1207	8544.175216639418	6
31	1239	8741.51222558218	6
31	1271	8865.650561200468	9
31	1281	8894.259654223822	22.78233474833
31	1472	10331.276276104186	6
31	1474	10336.446050282233	6
31	1483	10438.590417596817	9
31	1572	11423.904717625957	6
31	1573	11429.904717625957	13.171161228223
31	1756	12900.301093747462	6
31	1758	12919.481591979345	9
31	1767	12942.083893005196	6
31	1787	13096.280622169788	3
31	1802	13207.824973846209	9
31	1987	14842.223334080934	6
31	2086	15691.262092792157	9
31	2132	15984.402601101668	6
31	2136	16009.341324545242	3
31	2159	16172.535156527374	6
31	2180	16284.168809167594	9
31	2314	16970.888658349089	9
31	2393	17448.030932113781	6
31	2398	17486.527265008481	9
31	2413	17601.964457611497	3
31	2424	17662.566494187756	6
31	2442	17808.767839059988	6
31	2485	18284.144320306751	6
31	2564	18745.638977546053	9
31	2652	19208.690566696447	9
31	2759	19812.334698491592	6
32	156	1004.038185221081	2
32	158	1015.686937767044	3
32	221	1566.41268755053	2
32	249	1742.945668258248	1
32	365	2550.179894974568	3
32	458	3152.592814443364	2
32	466	3193.299783422976	2
32	544	3650.946866083756	2
32	637	4297.138549979747	3
32	782	5174.56713010731	3
32	840	5526.509623695484	2
32	854	5696.672959359389	2
32	986	6526.31747874319	2
32	1020	6778.641581081542	2
32	1053	7019.355388412168	2
32	1067	7130.927157346288	2
32	1112	7481.558148433025	2
32	1130	7609.172285082656	2
32	1132	7671.224403227289	2
32	1169	8242.489366542255	3
32	1207	8544.175216639418	2
32	1239	8741.51222558218	2
32	1271	8865.650561200468	3
32	1281	8894.259654223822	2
32	1472	10331.276276104186	2
32	1474	10336.446050282233	2
32	1483	10438.590417596817	3
32	1572	11423.904717625957	2
32	1573	11429.904717625957	3
32	1756	12900.301093747462	2
32	1758	12919.481591979345	3
32	1767	12942.083893005196	2
32	1787	13096.280622169788	1
32	1802	13207.824973846209	3
32	1987	14842.223334080934	2
32	2086	15691.262092792157	3
32	2132	15984.402601101668	2
32	2136	16009.341324545242	1
32	2159	16172.535156527374	2
32	2180	16284.168809167594	3
32	2314	16970.888658349089	3
32	2393	17448.030932113781	2
32	2398	17486.527265008481	3
32	2413	17601.964457611497	1
32	2424	17662.566494187756	2
32	2442	17808.767839059988	2
32	2485	18284.144320306751	2
32	2564	18745.638977546053	3
32	2652	19208.690566696447	3
32	2759	19812.334698491592	2
33	163	1054.343999995283	306
33	183	1240.262390935533	409
33	187	1278.058165193954	409
33	199	1400.961255226573	203
33	269	1858.961307957249	306
33	283	1922.499905761771	306
33	293	1969.313148498704	409
33	417	2892.640383763539	203
33	422	2937.729352406534	306
33	567	3821.564179258501	409
33	568	3825.710608712499	306
33	573	3867.488962683743	413.12988200685
33	618	4175.15498816091	306
33	628	4229.437385687636	409
33	632	4287.680991645212	306
33	697	4716.258700999529	203
33	721	4868.510903141495	306
33	742	5012.145648038029	306
33	785	5185.046508300895	203
33	811	5291.149199437066	306
33	950	6365.925916182974	409
33	1105	7430.162344921815	306
33	1187	8418.537666954087	306
33	1194	8457.774298615723	203
33	1217	8589.369099761531	306
33	1251	8773.81448185146	306
33	1325	9105.692099530045	409
33	1426	9981.109553191757	306
33	1510	11005.569892624757	409
33	1590	11505.758666102949	414.09118142374
33	1613	11680.168442214602	306
33	1667	12124.767135864299	306
33	1919	14276.040259306183	409
33	2139	16025.651154952573	306
33	2189	16341.976039403423	203
33	2234	16555.991147346131	203
33	2270	16740.665353611236	306
33	2391	17440.007786370363	409
33	2402	17512.174571322932	203
33	2516	18501.047341097388	409
33	2544	18645.853458546348	409
33	2560	18708.012819679056	409
33	2623	19011.017806877536	409
33	2665	19286.511314692032	306
33	2668	19312.66079468112	306
33	2743	19715.334698491592	310.56238174899
33	2745	19739.577717069196	203
33	2746	19754.966383243685	306
34	163	1054.343999995283	6
34	183	1240.262390935533	9
34	187	1278.058165193954	9
34	199	1400.961255226573	3
34	269	1858.961307957249	6
34	283	1922.499905761771	6
34	293	1969.313148498704	9
34	417	2892.640383763539	3
34	422	2937.729352406534	6
34	567	3821.564179258501	9
34	568	3825.710608712499	6
34	573	3867.488962683743	13.129882006851
34	618	4175.15498816091	6
34	628	4229.437385687636	9
34	632	4287.680991645212	6
34	697	4716.258700999529	3
34	721	4868.510903141495	6
34	742	5012.145648038029	6
34	785	5185.046508300895	3
34	811	5291.149199437066	6
34	950	6365.925916182974	9
34	1105	7430.162344921815	6
34	1187	8418.537666954087	6
34	1194	8457.774298615723	3
34	1217	8589.369099761531	6
34	1251	8773.81448185146	6
34	1325	9105.692099530045	9
34	1426	9981.109553191757	6
34	1510	11005.569892624757	9
34	1590	11505.758666102949	14.091181423744
34	1613	11680.168442214602	6
34	1667	12124.767135864299	6
34	1919	14276.040259306183	9
34	2139	16025.651154952573	6
34	2189	16341.976039403423	3
34	2234	16555.991147346131	3
34	2270	16740.665353611236	6
34	2391	17440.007786370363	9
34	2402	17512.174571322932	3
34	2516	18501.047341097388	9
34	2544	18645.853458546348	9
34	2560	18708.012819679056	9
34	2623	19011.017806877536	9
34	2665	19286.511314692032	6
34	2668	19312.66079468112	6
34	2743	19715.334698491592	10.562381748988
34	2745	19739.577717069196	3
34	2746	19754.966383243685	6
35	163	1054.343999995283	2
35	183	1240.262390935533	3
35	187	1278.058165193954	3
35	199	1400.961255226573	1
35	269	1858.961307957249	2
35	283	1922.499905761771	2
35	293	1969.313148498704	3
35	417	2892.640383763539	1
35	422	2937.729352406534	2
35	567	3821.564179258501	3
35	568	3825.710608712499	2
35	573	3867.488962683743	3
35	618	4175.15498816091	2
35	628	4229.437385687636	3
35	632	4287.680991645212	2
35	697	4716.258700999529	1
35	721	4868.510903141495	2
35	742	5012.145648038029	2
35	785	5185.046508300895	1
35	811	5291.149199437066	2
35	950	6365.925916182974	3
35	1105	7430.162344921815	2
35	1187	8418.537666954087	2
35	1194	8457.774298615723	1
35	1217	8589.369099761531	2
35	1251	8773.81448185146	2
35	1325	9105.692099530045	3
35	1426	9981.109553191757	2
35	1510	11005.569892624757	3
35	1590	11505.758666102949	3
35	1613	11680.168442214602	2
35	1667	12124.767135864299	2
35	1919	14276.040259306183	3
35	2139	16025.651154952573	2
35	2189	16341.976039403423	1
35	2234	16555.991147346131	1
35	2270	16740.665353611236	2
35	2391	17440.007786370363	3
35	2402	17512.174571322932	1
35	2516	18501.047341097388	3
35	2544	18645.853458546348	3
35	2560	18708.012819679056	3
35	2623	19011.017806877536	3
35	2665	19286.511314692032	2
35	2668	19312.66079468112	2
35	2743	19715.334698491592	2
35	2745	19739.577717069196	1
35	2746	19754.966383243685	2

