version 3
run VeryHighLoad_Queue-36-20260125-17:45:54-1403
attr configname VeryHighLoad_Queue
attr datetime 20260125-17:45:54
attr datetimef 20260125-174554
attr experiment VeryHighLoad_Queue
attr inifile simulations/nwsim_project/omnetpp.ini
attr iterationvars ""
attr iterationvarsd ""
attr iterationvarsf ""
attr measurement ""
attr network CrossTraffic
attr processid 1403
attr repetition 36
attr replication #36
attr resultdir results
attr runnumber 36
attr seedset 36
config description "Very High Load - Queue Mode (200% more traffic)"
config *.Junc*.junctionMode "\"queue\""
config *.EndNW.spawnInterval exponential(267s)
config *.EndNE.spawnInterval exponential(400s)
config *.EndEN.spawnInterval exponential(333s)
config *.EndES.spawnInterval exponential(500s)
config *.EndSE.spawnInterval exponential(300s)
config *.EndSW.spawnInterval exponential(367s)
config *.EndWS.spawnInterval exponential(433s)
config *.EndWN.spawnInterval exponential(467s)
config network CrossTraffic
config sim-time-limit 20000s
config warmup-period 1000s
config repeat 50
config **.scalar-recording true
config **.vector-recording true
config *.Junc*.junctionMode "\"queue\""
config *.EndNW.spawnInterval exponential(800s)
config *.EndNE.spawnInterval exponential(1200s)
config *.EndEN.spawnInterval exponential(1000s)
config *.EndES.spawnInterval exponential(1500s)
config *.EndSE.spawnInterval exponential(900s)
config *.EndSW.spawnInterval exponential(1100s)
config *.EndWS.spawnInterval exponential(1300s)
config *.EndWN.spawnInterval exponential(1400s)

vector 0 CrossTraffic.JuncNW queueLength:vector ETV
attr interpolationmode sample-hold
attr recordingmode vector
attr source queueLength
attr title "Queue Length"
vector 1 CrossTraffic.JuncNW junctionProcessingTime:vector ETV
attr recordingmode vector
attr source junctionProcessingTime
attr title "Junction Processing Time"
vector 2 CrossTraffic.JuncNW vehicleCount:vector ETV
attr recordingmode vector
attr source vehicleCount
attr title "Vehicle Count"
vector 3 CrossTraffic.JuncNE queueLength:vector ETV
attr interpolationmode sample-hold
attr recordingmode vector
attr source queueLength
attr title "Queue Length"
vector 4 CrossTraffic.JuncNE junctionProcessingTime:vector ETV
attr recordingmode vector
attr source junctionProcessingTime
attr title "Junction Processing Time"
vector 5 CrossTraffic.JuncNE vehicleCount:vector ETV
attr recordingmode vector
attr source vehicleCount
attr title "Vehicle Count"
vector 6 CrossTraffic.JuncSE queueLength:vector ETV
attr interpolationmode sample-hold
attr recordingmode vector
attr source queueLength
attr title "Queue Length"
vector 7 CrossTraffic.JuncSE junctionProcessingTime:vector ETV
attr recordingmode vector
attr source junctionProcessingTime
attr title "Junction Processing Time"
vector 8 CrossTraffic.JuncSE vehicleCount:vector ETV
attr recordingmode vector
attr source vehicleCount
attr title "Vehicle Count"
vector 9 CrossTraffic.JuncSW queueLength:vector ETV
attr interpolationmode sample-hold
attr recordingmode vector
attr source queueLength
attr title "Queue Length"
vector 10 CrossTraffic.JuncSW junctionProcessingTime:vector ETV
attr recordingmode vector
attr source junctionProcessingTime
attr title "Junction Processing Time"
vector 11 CrossTraffic.JuncSW vehicleCount:vector ETV
attr recordingmode vector
attr source vehicleCount
attr title "Vehicle Count"
vector 12 CrossTraffic.EndNW travelTime:vector ETV
attr recordingmode vector
attr source travelTime
attr title "Vehicle Travel Time"
vector 13 CrossTraffic.EndNW junctionTime:vector ETV
attr recordingmode vector
attr source junctionTime
attr title "Total Junction Time per Vehicle"
vector 14 CrossTraffic.EndNW junctionCount:vector ETV
attr recordingmode vector
attr source junctionCount
attr title "Junctions Visited per Vehicle"
vector 15 CrossTraffic.EndNE travelTime:vector ETV
attr recordingmode vector
attr source travelTime
attr title "Vehicle Travel Time"
vector 16 CrossTraffic.EndNE junctionTime:vector ETV
attr recordingmode vector
attr source junctionTime
attr title "Total Junction Time per Vehicle"
vector 17 CrossTraffic.EndNE junctionCount:vector ETV
attr recordingmode vector
attr source junctionCount
attr title "Junctions Visited per Vehicle"
vector 18 CrossTraffic.EndEN travelTime:vector ETV
attr recordingmode vector
attr source travelTime
attr title "Vehicle Travel Time"
vector 19 CrossTraffic.EndEN junctionTime:vector ETV
attr recordingmode vector
attr source junctionTime
attr title "Total Junction Time per Vehicle"
vector 20 CrossTraffic.EndEN junctionCount:vector ETV
attr recordingmode vector
attr source junctionCount
attr title "Junctions Visited per Vehicle"
vector 21 CrossTraffic.EndES travelTime:vector ETV
attr recordingmode vector
attr source travelTime
attr title "Vehicle Travel Time"
vector 22 CrossTraffic.EndES junctionTime:vector ETV
attr recordingmode vector
attr source junctionTime
attr title "Total Junction Time per Vehicle"
vector 23 CrossTraffic.EndES junctionCount:vector ETV
attr recordingmode vector
attr source junctionCount
attr title "Junctions Visited per Vehicle"
vector 24 CrossTraffic.EndSE travelTime:vector ETV
attr recordingmode vector
attr source travelTime
attr title "Vehicle Travel Time"
vector 25 CrossTraffic.EndSE junctionTime:vector ETV
attr recordingmode vector
attr source junctionTime
attr title "Total Junction Time per Vehicle"
vector 26 CrossTraffic.EndSE junctionCount:vector ETV
attr recordingmode vector
attr source junctionCount
attr title "Junctions Visited per Vehicle"
vector 27 CrossTraffic.EndSW travelTime:vector ETV
attr recordingmode vector
attr source travelTime
attr title "Vehicle Travel Time"
vector 28 CrossTraffic.EndSW junctionTime:vector ETV
attr recordingmode vector
attr source junctionTime
attr title "Total Junction Time per Vehicle"
vector 29 CrossTraffic.EndSW junctionCount:vector ETV
attr recordingmode vector
attr source junctionCount
attr title "Junctions Visited per Vehicle"
vector 30 CrossTraffic.EndWS travelTime:vector ETV
attr recordingmode vector
attr source travelTime
attr title "Vehicle Travel Time"
vector 31 CrossTraffic.EndWS junctionTime:vector ETV
attr recordingmode vector
attr source junctionTime
attr title "Total Junction Time per Vehicle"
vector 32 CrossTraffic.EndWS junctionCount:vector ETV
attr recordingmode vector
attr source junctionCount
attr title "Junctions Visited per Vehicle"
vector 33 CrossTraffic.EndWN travelTime:vector ETV
attr recordingmode vector
attr source travelTime
attr title "Vehicle Travel Time"
vector 34 CrossTraffic.EndWN junctionTime:vector ETV
attr recordingmode vector
attr source junctionTime
attr title "Total Junction Time per Vehicle"
vector 35 CrossTraffic.EndWN junctionCount:vector ETV
attr recordingmode vector
attr source junctionCount
attr title "Junctions Visited per Vehicle"
0	198	1049.037423839389	1
0	199	1052.037423839389	0
0	200	1055.911463179818	1
0	201	1058.911463179818	0
0	206	1090.798977371232	1
0	207	1093.798977371232	0
0	208	1099.534333857907	1
0	210	1102.534333857907	0
0	217	1124.233520231062	1
0	218	1127.233520231062	0
0	240	1219.951600425157	1
0	242	1222.951600425157	0
0	254	1269.735801363196	1
0	255	1272.735801363196	0
0	256	1275.772844126643	1
0	257	1278.772844126643	0
0	286	1413.422812860717	1
0	287	1416.422812860717	0
0	296	1445.088684740892	1
0	297	1448.088684740892	0
0	319	1575.139123926496	1
0	320	1577.136966229648	2
0	321	1578.139123926496	1
0	322	1584.139123926496	0
0	330	1627.456397517997	1
0	332	1630.456397517997	0
0	335	1640.750428409137	1
0	336	1643.750428409137	0
0	343	1708.768260432858	1
0	344	1711.768260432858	0
0	349	1735.732665577852	1
0	350	1738.732665577852	0
0	353	1754.946502868017	1
0	354	1757.946502868017	0
0	356	1776.428077015151	1
0	357	1779.428077015151	0
0	367	1846.526192043729	1
0	368	1849.526192043729	0
0	377	1893.753228841883	1
0	379	1896.753228841883	0
0	406	2084.776630310933	1
0	407	2087.776630310933	0
0	410	2091.550706132332	1
0	412	2094.550706132332	0
0	424	2194.044269001858	1
0	426	2197.044269001858	0
0	434	2292.638822471912	1
0	435	2295.638822471912	0
0	453	2458.496556437535	1
0	455	2461.496556437535	0
0	458	2516.270082179104	1
0	459	2519.270082179104	0
0	461	2558.612809051608	1
0	463	2561.612809051608	0
0	477	2748.84361065108	1
0	478	2751.84361065108	0
0	535	3134.260018553036	1
0	536	3137.260018553036	0
0	572	3428.534877209479	1
0	573	3431.534877209479	0
0	578	3502.937421434659	1
0	579	3505.937421434659	0
0	588	3576.222358093913	1
0	589	3579.222358093913	0
0	598	3671.806940833892	1
0	599	3674.806940833892	0
0	614	3778.226427695369	1
0	615	3781.226427695369	0
0	624	3862.571068063596	1
0	625	3865.571068063596	0
0	633	3910.092893099792	1
0	635	3913.092893099792	0
0	641	3986.453109196146	1
0	642	3989.453109196146	0
0	643	3998.925085832035	1
0	644	4001.925085832035	0
0	650	4023.866325398358	1
0	651	4026.866325398358	0
0	656	4107.070797293165	1
0	658	4110.070797293165	0
0	683	4345.311539388673	1
0	684	4348.311539388673	0
0	689	4420.645376131241	1
0	690	4423.645376131241	0
0	695	4459.892957473789	1
0	697	4462.892957473789	0
0	700	4487.193418483571	1
0	701	4490.193418483571	0
0	717	4644.705846243312	1
0	719	4647.705846243312	0
0	741	4814.483904263719	1
0	742	4817.483904263719	0
0	744	4848.429394800111	1
0	746	4851.429394800111	0
0	749	4869.60951539505	1
0	750	4872.60951539505	0
0	772	5130.004552738791	1
0	773	5133.004552738791	0
0	776	5190.499020699058	1
0	777	5193.499020699058	0
0	780	5210.458238206057	1
0	782	5213.458238206057	0
0	786	5290.056133774486	1
0	787	5293.056133774486	0
0	791	5305.225425236873	1
0	792	5308.225425236873	0
0	808	5411.704477844861	1
0	809	5414.317527083552	2
0	810	5414.704477844861	1
0	811	5420.704477844861	0
0	824	5577.480654967147	1
0	825	5580.480654967147	0
0	829	5601.324352504951	1
0	830	5604.324352504951	0
0	846	5767.929005756816	1
0	847	5770.929005756816	0
0	853	5820.687281370058	1
0	854	5823.687281370058	0
0	862	5879.156848514277	1
0	863	5882.156848514277	0
0	874	5966.112840076008	1
0	875	5969.112840076008	0
0	888	6065.307830536831	1
0	889	6068.307830536831	0
0	893	6116.091575801755	1
0	894	6119.091575801755	0
0	903	6221.921534952091	1
0	905	6224.921534952091	0
0	917	6335.440533162557	1
0	918	6338.440533162557	0
0	925	6404.425894782556	1
0	926	6407.425894782556	0
0	950	6585.019905317463	1
0	951	6588.019905317463	0
0	952	6607.78997791136	1
0	954	6610.78997791136	0
0	960	6643.19567339023	1
0	961	6646.19567339023	0
0	971	6716.573970855066	1
0	972	6719.573970855066	0
0	998	6880.78026512859	1
0	999	6883.78026512859	0
0	1003	6907.600339468104	1
0	1005	6910.600339468104	0
0	1010	6924.841986167642	1
0	1011	6927.841986167642	0
0	1029	7041.843183849228	1
0	1030	7044.843183849228	0
0	1034	7104.405860061174	1
0	1035	7107.405860061174	0
0	1036	7108.823531297981	1
0	1037	7111.823531297981	0
0	1043	7178.415027784493	1
0	1044	7181.415027784493	0
0	1063	7405.576660837935	1
0	1064	7408.576660837935	0
0	1091	7748.068513060038	1
0	1092	7751.068513060038	0
0	1098	7794.421042019569	1
0	1099	7797.421042019569	0
0	1101	7836.97953284798	1
0	1102	7839.97953284798	0
0	1129	8051.222378685225	1
0	1131	8054.222378685225	0
0	1134	8075.058858687473	1
0	1136	8078.058858687473	0
0	1147	8144.092013396596	1
0	1148	8147.092013396596	0
0	1160	8212.88495615212	1
0	1161	8215.88495615212	0
0	1162	8217.423363867396	1
0	1163	8220.423363867396	0
0	1164	8225.694286175972	1
0	1165	8228.694286175972	0
0	1189	8377.420963888674	1
0	1190	8380.420963888674	0
0	1201	8468.514945738194	1
0	1202	8471.514945738194	0
0	1205	8490.214287104671	1
0	1206	8493.214287104671	0
0	1209	8542.616333641222	1
0	1210	8545.616333641222	0
0	1235	8762.027413288541	1
0	1236	8765.027413288541	0
0	1249	8888.40075492257	1
0	1251	8891.40075492257	0
0	1263	9023.396548043448	1
0	1264	9026.396548043448	0
0	1270	9093.675254694809	1
0	1272	9096.675254694809	0
0	1290	9243.84384584239	1
0	1291	9246.84384584239	0
0	1314	9386.15812694313	1
0	1316	9389.15812694313	0
0	1317	9392.284952682341	1
0	1318	9395.284952682341	0
0	1334	9488.384687061155	1
0	1336	9491.384687061155	0
0	1345	9541.201351898571	1
0	1346	9544.201351898571	0
0	1347	9551.887079971541	1
0	1349	9554.887079971541	0
0	1360	9603.982113092609	1
0	1362	9606.982113092609	0
0	1365	9632.01366031992	1
0	1366	9635.01366031992	0
0	1367	9635.664474299798	1
0	1368	9638.664474299798	0
0	1379	9683.086895048832	1
0	1380	9686.086895048832	0
0	1392	9760.562268361855	1
0	1393	9763.562268361855	0
0	1395	9772.032512943003	1
0	1397	9775.032512943003	0
0	1421	9910.948710733706	1
0	1422	9913.948710733706	0
0	1427	9972.200867079851	1
0	1428	9975.200867079851	0
0	1431	9983.740162594787	1
0	1432	9986.740162594787	0
0	1433	9989.113229318853	1
0	1435	9992.113229318853	0
0	1442	10058.777599729572	1
0	1443	10060.468500119497	2
0	1444	10061.777599729572	1
0	1445	10067.777599729572	0
0	1478	10330.148455217199	1
0	1479	10333.148455217199	0
0	1490	10597.201567898809	1
0	1491	10600.201567898809	0
0	1500	10703.997893216331	1
0	1501	10706.997893216331	0
0	1514	10836.09879691497	1
0	1515	10839.09879691497	0
0	1528	10986.459501561219	1
0	1529	10989.459501561219	0
0	1534	11072.279788440661	1
0	1535	11075.279788440661	0
0	1549	11262.064672828424	1
0	1550	11265.064672828424	0
0	1564	11408.691899914793	1
0	1565	11411.691899914793	0
0	1571	11461.43443948153	1
0	1574	11464.43443948153	0
0	1579	11516.010825368443	1
0	1580	11519.010825368443	0
0	1597	11636.964712521029	1
0	1598	11639.964712521029	0
0	1606	11710.099485504059	1
0	1607	11713.099485504059	0
0	1613	11745.145137523436	1
0	1614	11748.145137523436	0
0	1629	11902.60793938414	1
0	1630	11905.60793938414	0
0	1631	11921.178651804619	1
0	1632	11924.178651804619	0
0	1635	11965.256946383414	1
0	1636	11968.256946383414	0
0	1650	12102.461586270324	1
0	1651	12105.461586270324	0
0	1684	12389.033466209411	1
0	1686	12392.033466209411	0
0	1687	12394.234409833674	1
0	1689	12397.234409833674	0
0	1711	12552.979658120232	1
0	1712	12555.979658120232	0
0	1734	12792.454332116743	1
0	1735	12795.454332116743	0
0	1736	12819.014768797936	1
0	1739	12822.014768797936	0
0	1750	12921.797888830289	1
0	1753	12924.797888830289	0
0	1762	12995.06876791636	1
0	1763	12998.06876791636	0
0	1776	13068.143543767488	1
0	1778	13071.143543767488	0
0	1779	13088.891145736336	1
0	1780	13091.891145736336	0
0	1783	13116.562613918474	1
0	1785	13119.562613918474	0
0	1787	13122.378663394026	1
0	1788	13125.378663394026	0
0	1806	13234.808696373505	1
0	1807	13237.808696373505	0
0	1808	13246.943548098863	1
0	1809	13249.943548098863	0
0	1829	13452.087369779706	1
0	1831	13455.087369779706	0
0	1832	13466.047332585872	1
0	1833	13469.047332585872	0
0	1848	13605.839435187165	1
0	1849	13608.839435187165	0
0	1857	13703.627881840788	1
0	1858	13706.627881840788	0
0	1871	13811.229893335474	1
0	1873	13814.229893335474	0
0	1881	13871.913156603813	1
0	1882	13874.913156603813	0
0	1891	13965.915525901998	1
0	1893	13968.915525901998	0
0	1929	14185.171068519824	1
0	1930	14188.171068519824	0
0	1931	14190.873225859333	1
0	1932	14191.377409690531	2
0	1933	14193.873225859333	1
0	1935	14199.873225859333	0
0	1947	14274.799463205069	1
0	1949	14277.799463205069	0
0	1973	14380.271118983839	1
0	1974	14383.271118983839	0
0	1984	14414.683017226058	1
0	1987	14417.683017226058	0
0	1996	14460.314132918244	1
0	1997	14463.314132918244	0
0	2004	14507.169624864792	1
0	2005	14510.169624864792	0
0	2006	14513.25621865228	1
0	2007	14515.33560270251	2
0	2009	14516.25621865228	1
0	2012	14519.25621865228	0
0	2022	14593.331314031898	1
0	2023	14596.331314031898	0
0	2027	14615.574952099236	1
0	2030	14618.574952099236	0
0	2043	14696.837121008085	1
0	2044	14699.837121008085	0
0	2046	14718.47233970229	1
0	2049	14721.47233970229	0
0	2052	14725.937976686245	1
0	2053	14728.937976686245	0
0	2060	14783.066296178705	1
0	2061	14786.066296178705	0
0	2070	14840.066589059939	1
0	2072	14843.066589059939	0
0	2084	14941.217818992669	1
0	2086	14944.217818992669	0
0	2094	15036.352609413353	1
0	2095	15039.352609413353	0
0	2127	15251.099965812386	1
0	2128	15254.099965812386	0
0	2132	15262.330594950419	1
0	2133	15265.330594950419	0
0	2157	15426.956257358192	1
0	2158	15429.956257358192	0
0	2168	15486.502368193726	1
0	2169	15489.502368193726	0
0	2174	15524.804553708958	1
0	2176	15527.804553708958	0
0	2195	15680.823156993369	1
0	2196	15683.823156993369	0
0	2198	15728.449650780198	1
0	2200	15731.449650780198	0
0	2218	15900.123747527626	1
0	2219	15903.123747527626	0
0	2220	15908.481935409723	1
0	2221	15911.481935409723	0
0	2225	15938.307687101046	1
0	2226	15941.307687101046	0
0	2229	15958.496576738696	1
0	2231	15961.496576738696	0
0	2233	15976.806316909487	1
0	2234	15979.806316909487	0
0	2260	16120.930522453834	1
0	2261	16123.930522453834	0
0	2269	16168.866477715147	1
0	2270	16171.866477715147	0
0	2274	16195.306809196567	1
0	2275	16198.306809196567	0
0	2288	16283.379292955409	1
0	2289	16286.379292955409	0
0	2293	16303.39323022772	1
0	2294	16306.39323022772	0
0	2303	16342.203255389943	1
0	2304	16345.203255389943	0
0	2309	16395.2903315014	1
0	2310	16398.2903315014	0
0	2313	16421.690135344456	1
0	2314	16424.690135344456	0
0	2315	16427.690135344456	1
0	2316	16430.690135344456	0
0	2335	16535.880187536792	1
0	2336	16536.844876701377	2
0	2338	16538.880187536792	1
0	2340	16544.880187536792	0
0	2342	16560.640042954563	1
0	2343	16563.640042954563	0
0	2344	16607.532301866408	1
0	2345	16610.532301866408	0
0	2365	16740.676508817284	1
0	2367	16743.676508817284	0
0	2375	16812.83213851696	1
0	2377	16815.83213851696	0
0	2382	16847.902906367271	1
0	2383	16850.902906367271	0
0	2396	16955.946127758501	1
0	2397	16958.946127758501	0
0	2398	16998.154451327065	1
0	2399	17001.154451327065	0
0	2400	17009.084571555092	1
0	2401	17012.084571555092	0
0	2432	17264.145549605087	1
0	2433	17267.145549605087	0
0	2437	17294.040294026781	1
0	2440	17297.040294026781	0
0	2442	17306.770359361599	1
0	2443	17309.770359361599	0
0	2448	17335.05976021572	1
0	2449	17338.05976021572	0
0	2479	17492.696439719664	1
0	2481	17495.696439719664	0
0	2489	17542.675370825515	1
0	2490	17545.675370825515	0
0	2503	17596.040099799302	1
0	2504	17599.040099799302	0
0	2513	17654.397425653642	1
0	2514	17657.397425653642	0
0	2525	17734.192304290343	1
0	2526	17737.192304290343	0
0	2529	17751.441905577263	1
0	2531	17754.441905577263	0
0	2540	17831.277693885628	1
0	2541	17834.277693885628	0
0	2553	17925.119022835558	1
0	2555	17928.119022835558	0
0	2560	17942.409482441598	1
0	2561	17945.409482441598	0
0	2575	18099.256095034493	1
0	2576	18102.256095034493	0
0	2596	18270.446337506644	1
0	2597	18273.446337506644	0
0	2598	18277.057457513652	1
0	2599	18280.057457513652	0
0	2612	18380.384689072441	1
0	2613	18383.384689072441	0
0	2616	18449.110137331365	1
0	2618	18452.110137331365	0
0	2628	18496.359618773275	1
0	2629	18499.359618773275	0
0	2643	18681.56278755605	1
0	2644	18684.56278755605	0
0	2645	18697.569648314838	1
0	2646	18700.569648314838	0
0	2650	18750.721480892052	1
0	2651	18753.721480892052	0
0	2679	18968.77005149647	1
0	2680	18971.77005149647	0
0	2687	19020.232189511727	1
0	2688	19023.232189511727	0
0	2689	19039.704597407081	1
0	2690	19042.704597407081	0
0	2691	19046.653077020577	1
0	2692	19049.653077020577	0
0	2719	19232.999819623222	1
0	2720	19235.999819623222	0
0	2722	19261.291951976298	1
0	2723	19264.291951976298	0
0	2738	19368.100522683129	1
0	2739	19371.100522683129	0
0	2746	19439.443212297888	1
0	2747	19442.443212297888	0
0	2753	19515.340397082729	1
0	2754	19518.340397082729	0
0	2780	19683.226225798089	1
0	2781	19686.226225798089	0
0	2787	19711.660323870715	1
0	2788	19714.660323870715	0
0	2801	19794.301925519444	1
0	2803	19797.301925519444	0
0	2810	19829.044436102502	1
0	2811	19832.044436102502	0
0	2822	19923.636036966291	1
0	2824	19926.636036966291	0
0	2828	19942.538045919367	1
0	2829	19945.538045919367	0
1	199	1052.037423839389	3
1	201	1058.911463179818	3
1	207	1093.798977371232	3
1	210	1102.534333857907	3
1	218	1127.233520231062	3
1	242	1222.951600425157	3
1	255	1272.735801363196	3
1	257	1278.772844126643	3
1	287	1416.422812860717	3
1	297	1448.088684740892	3
1	321	1578.139123926496	3
1	322	1584.139123926496	7.002157696848
1	332	1630.456397517997	3
1	336	1643.750428409137	3
1	344	1711.768260432858	3
1	350	1738.732665577852	3
1	354	1757.946502868017	3
1	357	1779.428077015151	3
1	368	1849.526192043729	3
1	379	1896.753228841883	3
1	407	2087.776630310933	3
1	412	2094.550706132332	3
1	426	2197.044269001858	3
1	435	2295.638822471912	3
1	455	2461.496556437535	3
1	459	2519.270082179104	3
1	463	2561.612809051608	3
1	478	2751.84361065108	3
1	536	3137.260018553036	3
1	573	3431.534877209479	3
1	579	3505.937421434659	3
1	589	3579.222358093913	3
1	599	3674.806940833892	3
1	615	3781.226427695369	3
1	625	3865.571068063596	3
1	635	3913.092893099792	3
1	642	3989.453109196146	3
1	644	4001.925085832035	3
1	651	4026.866325398358	3
1	658	4110.070797293165	3
1	684	4348.311539388673	3
1	690	4423.645376131241	3
1	697	4462.892957473789	3
1	701	4490.193418483571	3
1	719	4647.705846243312	3
1	742	4817.483904263719	3
1	746	4851.429394800111	3
1	750	4872.60951539505	3
1	773	5133.004552738791	3
1	777	5193.499020699058	3
1	782	5213.458238206057	3
1	787	5293.056133774486	3
1	792	5308.225425236873	3
1	810	5414.704477844861	3
1	811	5420.704477844861	6.386950761309
1	825	5580.480654967147	3
1	830	5604.324352504951	3
1	847	5770.929005756816	3
1	854	5823.687281370058	3
1	863	5882.156848514277	3
1	875	5969.112840076008	3
1	889	6068.307830536831	3
1	894	6119.091575801755	3
1	905	6224.921534952091	3
1	918	6338.440533162557	3
1	926	6407.425894782556	3
1	951	6588.019905317463	3
1	954	6610.78997791136	3
1	961	6646.19567339023	3
1	972	6719.573970855066	3
1	999	6883.78026512859	3
1	1005	6910.600339468104	3
1	1011	6927.841986167642	3
1	1030	7044.843183849228	3
1	1035	7107.405860061174	3
1	1037	7111.823531297981	3
1	1044	7181.415027784493	3
1	1064	7408.576660837935	3
1	1092	7751.068513060038	3
1	1099	7797.421042019569	3
1	1102	7839.97953284798	3
1	1131	8054.222378685225	3
1	1136	8078.058858687473	3
1	1148	8147.092013396596	3
1	1161	8215.88495615212	3
1	1163	8220.423363867396	3
1	1165	8228.694286175972	3
1	1190	8380.420963888674	3
1	1202	8471.514945738194	3
1	1206	8493.214287104671	3
1	1210	8545.616333641222	3
1	1236	8765.027413288541	3
1	1251	8891.40075492257	3
1	1264	9026.396548043448	3
1	1272	9096.675254694809	3
1	1291	9246.84384584239	3
1	1316	9389.15812694313	3
1	1318	9395.284952682341	3
1	1336	9491.384687061155	3
1	1346	9544.201351898571	3
1	1349	9554.887079971541	3
1	1362	9606.982113092609	3
1	1366	9635.01366031992	3
1	1368	9638.664474299798	3
1	1380	9686.086895048832	3
1	1393	9763.562268361855	3
1	1397	9775.032512943003	3
1	1422	9913.948710733706	3
1	1428	9975.200867079851	3
1	1432	9986.740162594787	3
1	1435	9992.113229318853	3
1	1444	10061.777599729572	3
1	1445	10067.777599729572	7.309099610075
1	1479	10333.148455217199	3
1	1491	10600.201567898809	3
1	1501	10706.997893216331	3
1	1515	10839.09879691497	3
1	1529	10989.459501561219	3
1	1535	11075.279788440661	3
1	1550	11265.064672828424	3
1	1565	11411.691899914793	3
1	1574	11464.43443948153	3
1	1580	11519.010825368443	3
1	1598	11639.964712521029	3
1	1607	11713.099485504059	3
1	1614	11748.145137523436	3
1	1630	11905.60793938414	3
1	1632	11924.178651804619	3
1	1636	11968.256946383414	3
1	1651	12105.461586270324	3
1	1686	12392.033466209411	3
1	1689	12397.234409833674	3
1	1712	12555.979658120232	3
1	1735	12795.454332116743	3
1	1739	12822.014768797936	3
1	1753	12924.797888830289	3
1	1763	12998.06876791636	3
1	1778	13071.143543767488	3
1	1780	13091.891145736336	3
1	1785	13119.562613918474	3
1	1788	13125.378663394026	3
1	1807	13237.808696373505	3
1	1809	13249.943548098863	3
1	1831	13455.087369779706	3
1	1833	13469.047332585872	3
1	1849	13608.839435187165	3
1	1858	13706.627881840788	3
1	1873	13814.229893335474	3
1	1882	13874.913156603813	3
1	1893	13968.915525901998	3
1	1930	14188.171068519824	3
1	1933	14193.873225859333	3
1	1935	14199.873225859333	8.495816168802
1	1949	14277.799463205069	3
1	1974	14383.271118983839	3
1	1987	14417.683017226058	3
1	1997	14463.314132918244	3
1	2005	14510.169624864792	3
1	2009	14516.25621865228	3
1	2012	14519.25621865228	3.92061594977
1	2023	14596.331314031898	3
1	2030	14618.574952099236	3
1	2044	14699.837121008085	3
1	2049	14721.47233970229	3
1	2053	14728.937976686245	3
1	2061	14786.066296178705	3
1	2072	14843.066589059939	3
1	2086	14944.217818992669	3
1	2095	15039.352609413353	3
1	2128	15254.099965812386	3
1	2133	15265.330594950419	3
1	2158	15429.956257358192	3
1	2169	15489.502368193726	3
1	2176	15527.804553708958	3
1	2196	15683.823156993369	3
1	2200	15731.449650780198	3
1	2219	15903.123747527626	3
1	2221	15911.481935409723	3
1	2226	15941.307687101046	3
1	2231	15961.496576738696	3
1	2234	15979.806316909487	3
1	2261	16123.930522453834	3
1	2270	16171.866477715147	3
1	2275	16198.306809196567	3
1	2289	16286.379292955409	3
1	2294	16306.39323022772	3
1	2304	16345.203255389943	3
1	2310	16398.2903315014	3
1	2314	16424.690135344456	3
1	2316	16430.690135344456	3
1	2338	16538.880187536792	3
1	2340	16544.880187536792	8.035310835415
1	2343	16563.640042954563	3
1	2345	16610.532301866408	3
1	2367	16743.676508817284	3
1	2377	16815.83213851696	3
1	2383	16850.902906367271	3
1	2397	16958.946127758501	3
1	2399	17001.154451327065	3
1	2401	17012.084571555092	3
1	2433	17267.145549605087	3
1	2440	17297.040294026781	3
1	2443	17309.770359361599	3
1	2449	17338.05976021572	3
1	2481	17495.696439719664	3
1	2490	17545.675370825515	3
1	2504	17599.040099799302	3
1	2514	17657.397425653642	3
1	2526	17737.192304290343	3
1	2531	17754.441905577263	3
1	2541	17834.277693885628	3
1	2555	17928.119022835558	3
1	2561	17945.409482441598	3
1	2576	18102.256095034493	3
1	2597	18273.446337506644	3
1	2599	18280.057457513652	3
1	2613	18383.384689072441	3
1	2618	18452.110137331365	3
1	2629	18499.359618773275	3
1	2644	18684.56278755605	3
1	2646	18700.569648314838	3
1	2651	18753.721480892052	3
1	2680	18971.77005149647	3
1	2688	19023.232189511727	3
1	2690	19042.704597407081	3
1	2692	19049.653077020577	3
1	2720	19235.999819623222	3
1	2723	19264.291951976298	3
1	2739	19371.100522683129	3
1	2747	19442.443212297888	3
1	2754	19518.340397082729	3
1	2781	19686.226225798089	3
1	2788	19714.660323870715	3
1	2803	19797.301925519444	3
1	2811	19832.044436102502	3
1	2824	19926.636036966291	3
1	2829	19945.538045919367	3
2	199	1052.037423839389	15962
2	201	1058.911463179818	15963
2	207	1093.798977371232	15960
2	210	1102.534333857907	15964
2	218	1127.233520231062	15958
2	242	1222.951600425157	15961
2	255	1272.735801363196	15970
2	257	1278.772844126643	15971
2	287	1416.422812860717	15975
2	297	1448.088684740892	15969
2	321	1578.139123926496	15974
2	322	1584.139123926496	15982
2	332	1630.456397517997	15980
2	336	1643.750428409137	15977
2	344	1711.768260432858	15983
2	350	1738.732665577852	15981
2	354	1757.946502868017	15984
2	357	1779.428077015151	15985
2	368	1849.526192043729	15987
2	379	1896.753228841883	15989
2	407	2087.776630310933	15991
2	412	2094.550706132332	15995
2	426	2197.044269001858	15992
2	435	2295.638822471912	15996
2	455	2461.496556437535	15999
2	459	2519.270082179104	16001
2	463	2561.612809051608	16002
2	478	2751.84361065108	16004
2	536	3137.260018553036	16014
2	573	3431.534877209479	16019
2	579	3505.937421434659	16021
2	589	3579.222358093913	16022
2	599	3674.806940833892	16020
2	615	3781.226427695369	16025
2	625	3865.571068063596	16024
2	635	3913.092893099792	16028
2	642	3989.453109196146	16031
2	644	4001.925085832035	16030
2	651	4026.866325398358	16033
2	658	4110.070797293165	16034
2	684	4348.311539388673	16036
2	690	4423.645376131241	16037
2	697	4462.892957473789	16040
2	701	4490.193418483571	16038
2	719	4647.705846243312	16043
2	742	4817.483904263719	16045
2	746	4851.429394800111	16047
2	750	4872.60951539505	16048
2	773	5133.004552738791	16051
2	777	5193.499020699058	16054
2	782	5213.458238206057	16052
2	787	5293.056133774486	16053
2	792	5308.225425236873	16056
2	810	5414.704477844861	16059
2	811	5420.704477844861	16055
2	825	5580.480654967147	16060
2	830	5604.324352504951	16058
2	847	5770.929005756816	16064
2	854	5823.687281370058	16066
2	863	5882.156848514277	16069
2	875	5969.112840076008	16068
2	889	6068.307830536831	16072
2	894	6119.091575801755	16073
2	905	6224.921534952091	16075
2	918	6338.440533162557	16077
2	926	6407.425894782556	16078
2	951	6588.019905317463	16080
2	954	6610.78997791136	16083
2	961	6646.19567339023	16084
2	972	6719.573970855066	16085
2	999	6883.78026512859	16087
2	1005	6910.600339468104	16088
2	1011	6927.841986167642	16093
2	1030	7044.843183849228	16094
2	1035	7107.405860061174	16096
2	1037	7111.823531297981	16097
2	1044	7181.415027784493	16095
2	1064	7408.576660837935	16100
2	1092	7751.068513060038	16104
2	1099	7797.421042019569	16101
2	1102	7839.97953284798	16106
2	1131	8054.222378685225	16111
2	1136	8078.058858687473	16113
2	1148	8147.092013396596	16110
2	1161	8215.88495615212	16119
2	1163	8220.423363867396	16115
2	1165	8228.694286175972	16116
2	1190	8380.420963888674	16123
2	1202	8471.514945738194	16122
2	1206	8493.214287104671	16125
2	1210	8545.616333641222	16124
2	1236	8765.027413288541	16128
2	1251	8891.40075492257	16132
2	1264	9026.396548043448	16133
2	1272	9096.675254694809	16131
2	1291	9246.84384584239	16135
2	1316	9389.15812694313	16136
2	1318	9395.284952682341	16137
2	1336	9491.384687061155	16139
2	1346	9544.201351898571	16147
2	1349	9554.887079971541	16143
2	1362	9606.982113092609	16149
2	1366	9635.01366031992	16150
2	1368	9638.664474299798	16151
2	1380	9686.086895048832	16153
2	1393	9763.562268361855	16148
2	1397	9775.032512943003	16152
2	1422	9913.948710733706	16158
2	1428	9975.200867079851	16160
2	1432	9986.740162594787	16156
2	1435	9992.113229318853	16157
2	1444	10061.777599729572	16159
2	1445	10067.777599729572	16162
2	1479	10333.148455217199	16164
2	1491	10600.201567898809	16167
2	1501	10706.997893216331	16168
2	1515	10839.09879691497	16169
2	1529	10989.459501561219	16174
2	1535	11075.279788440661	16175
2	1550	11265.064672828424	16176
2	1565	11411.691899914793	16180
2	1574	11464.43443948153	16179
2	1580	11519.010825368443	16182
2	1598	11639.964712521029	16183
2	1607	11713.099485504059	16186
2	1614	11748.145137523436	16184
2	1630	11905.60793938414	16190
2	1632	11924.178651804619	16188
2	1636	11968.256946383414	16189
2	1651	12105.461586270324	16193
2	1686	12392.033466209411	16200
2	1689	12397.234409833674	16201
2	1712	12555.979658120232	16198
2	1735	12795.454332116743	16205
2	1739	12822.014768797936	16206
2	1753	12924.797888830289	16210
2	1763	12998.06876791636	16212
2	1778	13071.143543767488	16214
2	1780	13091.891145736336	16209
2	1785	13119.562613918474	16213
2	1788	13125.378663394026	16216
2	1807	13237.808696373505	16218
2	1809	13249.943548098863	16219
2	1831	13455.087369779706	16221
2	1833	13469.047332585872	16220
2	1849	13608.839435187165	16225
2	1858	13706.627881840788	16223
2	1873	13814.229893335474	16228
2	1882	13874.913156603813	16230
2	1893	13968.915525901998	16231
2	1930	14188.171068519824	16235
2	1933	14193.873225859333	16238
2	1935	14199.873225859333	16236
2	1949	14277.799463205069	16234
2	1974	14383.271118983839	16242
2	1987	14417.683017226058	16247
2	1997	14463.314132918244	16240
2	2005	14510.169624864792	16250
2	2009	14516.25621865228	16251
2	2012	14519.25621865228	16252
2	2023	14596.331314031898	16246
2	2030	14618.574952099236	16255
2	2044	14699.837121008085	16256
2	2049	14721.47233970229	16257
2	2053	14728.937976686245	16254
2	2061	14786.066296178705	16259
2	2072	14843.066589059939	16261
2	2086	14944.217818992669	16260
2	2095	15039.352609413353	16264
2	2128	15254.099965812386	16265
2	2133	15265.330594950419	16269
2	2158	15429.956257358192	16273
2	2169	15489.502368193726	16275
2	2176	15527.804553708958	16277
2	2196	15683.823156993369	16278
2	2200	15731.449650780198	16279
2	2219	15903.123747527626	16282
2	2221	15911.481935409723	16283
2	2226	15941.307687101046	16285
2	2231	15961.496576738696	16280
2	2234	15979.806316909487	16287
2	2261	16123.930522453834	16289
2	2270	16171.866477715147	16291
2	2275	16198.306809196567	16288
2	2289	16286.379292955409	16292
2	2294	16306.39323022772	16296
2	2304	16345.203255389943	16298
2	2310	16398.2903315014	16295
2	2314	16424.690135344456	16297
2	2316	16430.690135344456	16293
2	2338	16538.880187536792	16302
2	2340	16544.880187536792	16300
2	2343	16563.640042954563	16301
2	2345	16610.532301866408	16303
2	2367	16743.676508817284	16305
2	2377	16815.83213851696	16308
2	2383	16850.902906367271	16306
2	2397	16958.946127758501	16309
2	2399	17001.154451327065	16310
2	2401	17012.084571555092	16311
2	2433	17267.145549605087	16318
2	2440	17297.040294026781	16320
2	2443	17309.770359361599	16315
2	2449	17338.05976021572	16317
2	2481	17495.696439719664	16322
2	2490	17545.675370825515	16326
2	2504	17599.040099799302	16329
2	2514	17657.397425653642	16327
2	2526	17737.192304290343	16332
2	2531	17754.441905577263	16330
2	2541	17834.277693885628	16334
2	2555	17928.119022835558	16337
2	2561	17945.409482441598	16335
2	2576	18102.256095034493	16339
2	2597	18273.446337506644	16344
2	2599	18280.057457513652	16340
2	2613	18383.384689072441	16345
2	2618	18452.110137331365	16341
2	2629	18499.359618773275	16346
2	2644	18684.56278755605	16348
2	2646	18700.569648314838	16349
2	2651	18753.721480892052	16351
2	2680	18971.77005149647	16353
2	2688	19023.232189511727	16358
2	2690	19042.704597407081	16355
2	2692	19049.653077020577	16356
2	2720	19235.999819623222	16363
2	2723	19264.291951976298	16364
2	2739	19371.100522683129	16366
2	2747	19442.443212297888	16365
2	2754	19518.340397082729	16368
2	2781	19686.226225798089	16373
2	2788	19714.660323870715	16376
2	2803	19797.301925519444	16375
2	2811	19832.044436102502	16379
2	2824	19926.636036966291	16378
2	2829	19945.538045919367	16380
3	189	1021.233520231062	1
3	191	1024.233520231062	0
3	203	1072.549029581293	1
3	204	1075.549029581293	0
3	214	1116.951600425157	1
3	215	1119.951600425157	0
3	225	1152.037423839389	1
3	226	1155.037423839389	0
3	237	1211.112278780465	1
3	238	1211.145428105313	2
3	239	1214.112278780465	1
3	241	1220.112278780465	0
3	258	1293.959888226581	1
3	260	1296.959888226581	0
3	271	1342.088684740892	1
3	272	1345.088684740892	0
3	298	1472.139123926496	1
3	299	1475.139123926496	0
3	302	1501.972074630042	1
3	304	1504.972074630042	0
3	311	1524.456397517997	1
3	312	1527.456397517997	0
3	316	1537.750428409137	1
3	317	1540.750428409137	0
3	333	1632.732665577852	1
3	334	1635.732665577852	0
3	346	1726.508336728359	1
3	347	1729.508336728359	0
3	395	1999.411760386846	1
3	397	2002.411760386846	0
3	409	2091.044269001858	1
3	411	2094.044269001858	0
3	432	2274.742285482902	1
3	433	2277.742285482902	0
3	439	2337.003995774169	1
3	440	2340.003995774169	0
3	451	2453.67886064603	1
3	452	2456.67886064603	0
3	466	2619.270082179104	1
3	467	2622.270082179104	0
3	485	2851.84361065108	1
3	487	2854.84361065108	0
3	494	2929.128639055048	1
3	495	2932.128639055048	0
3	500	2955.363708637362	1
3	502	2958.363708637362	0
3	515	3044.618736893901	1
3	516	3047.618736893901	0
3	521	3063.631647505447	1
3	523	3066.631647505447	0
3	528	3088.359986151474	1
3	529	3091.359986151474	0
3	531	3122.34561837563	1
3	532	3125.34561837563	0
3	538	3158.657053608314	1
3	539	3161.657053608314	0
3	546	3175.997274499885	1
3	547	3178.997274499885	0
3	548	3186.131307054459	1
3	549	3189.131307054459	0
3	570	3410.683682311357	1
3	571	3413.683682311357	0
3	585	3568.806940833892	1
3	586	3571.806940833892	0
3	592	3608.518907831019	1
3	593	3611.518907831019	0
3	600	3675.226427695369	1
3	601	3678.226427695369	0
3	609	3759.571068063596	1
3	610	3762.571068063596	0
3	618	3807.673424217917	1
3	620	3810.673424217917	0
3	626	3868.659719098447	1
3	627	3871.659719098447	0
3	630	3895.925085832035	1
3	631	3898.925085832035	0
3	645	4005.295604197077	1
3	647	4008.295604197077	0
3	659	4112.754243062986	1
3	660	4115.754243062986	0
3	673	4242.311539388673	1
3	674	4245.311539388673	0
3	678	4317.645376131241	1
3	680	4320.645376131241	0
3	691	4434.021431514958	1
3	692	4437.021431514958	0
3	707	4562.892957473789	1
3	709	4565.892957473789	0
3	724	4679.70814174792	1
3	725	4682.70814174792	0
3	727	4711.483904263719	1
3	728	4714.483904263719	0
3	731	4745.429394800111	1
3	733	4748.429394800111	0
3	763	5027.004552738791	1
3	764	5030.004552738791	0
3	769	5107.458238206057	1
3	771	5110.458238206057	0
3	774	5187.056133774486	1
3	775	5190.056133774486	0
3	788	5293.499020699058	1
3	790	5296.499020699058	0
3	793	5311.317527083552	1
3	796	5314.317527083552	0
3	798	5357.432550491908	1
3	799	5360.432550491908	0
3	813	5474.480654967147	1
3	814	5477.480654967147	0
3	817	5498.324352504951	1
3	818	5501.324352504951	0
3	820	5514.704477844861	1
3	821	5517.704477844861	0
3	855	5849.600159716768	1
3	856	5852.600159716768	0
3	857	5863.112840076008	1
3	858	5866.112840076008	0
3	880	6004.137291450907	1
3	881	6007.137291450907	0
3	914	6324.921534952091	1
3	916	6327.921534952091	0
3	920	6349.031037008073	1
3	921	6352.031037008073	0
3	937	6482.019905317463	1
3	938	6485.019905317463	0
3	944	6528.754515468323	1
3	945	6531.754515468323	0
3	979	6777.78026512859	1
3	980	6780.78026512859	0
3	992	6826.606903828546	1
3	993	6829.606903828546	0
3	996	6869.135099210654	1
3	997	6872.135099210654	0
3	1002	6907.139894907082	1
3	1004	6910.139894907082	0
3	1026	7027.841986167642	1
3	1027	7030.841986167642	0
3	1031	7075.415027784493	1
3	1032	7078.415027784493	0
3	1040	7136.588812935645	1
3	1041	7139.588812935645	0
3	1047	7207.405860061174	1
3	1048	7210.405860061174	0
3	1056	7302.576660837935	1
3	1057	7305.576660837935	0
3	1079	7645.068513060038	1
3	1080	7648.068513060038	0
3	1081	7679.108303104131	1
3	1082	7682.108303104131	0
3	1084	7691.421042019569	1
3	1085	7694.421042019569	0
3	1120	7982.621301361006	1
3	1121	7985.621301361006	0
3	1122	7995.956751305795	1
3	1124	7998.956751305795	0
3	1127	8041.092013396596	1
3	1128	8044.092013396596	0
3	1143	8114.423363867396	1
3	1144	8117.423363867396	0
3	1176	8307.930642050237	1
3	1177	8310.930642050237	0
3	1197	8439.616333641222	1
3	1198	8442.616333641222	0
3	1199	8451.987445307049	1
3	1200	8454.987445307049	0
3	1224	8659.027413288541	1
3	1225	8662.027413288541	0
3	1229	8715.127174246203	1
3	1231	8718.127174246203	0
3	1252	8919.914343044959	1
3	1254	8922.914343044959	0
3	1258	8990.675254694809	1
3	1260	8993.675254694809	0
3	1278	9140.84384584239	1
3	1279	9143.84384584239	0
3	1296	9283.15812694313	1
3	1298	9286.15812694313	0
3	1299	9289.284952682341	1
3	1300	9292.284952682341	0
3	1301	9331.260002568348	1
3	1302	9334.260002568348	0
3	1313	9385.384687061155	1
3	1315	9388.384687061155	0
3	1323	9448.887079971541	1
3	1325	9451.887079971541	0
3	1329	9473.344127695844	1
3	1330	9476.344127695844	0
3	1331	9478.84911610641	1
3	1332	9481.84911610641	0
3	1361	9606.928124859267	1
3	1363	9609.928124859267	0
3	1372	9657.562268361855	1
3	1374	9660.562268361855	0
3	1375	9669.032512943003	1
3	1377	9672.032512943003	0
3	1382	9706.982113092609	1
3	1384	9709.982113092609	0
3	1388	9738.664474299798	1
3	1389	9741.664474299798	0
3	1414	9880.740162594787	1
3	1415	9883.740162594787	0
3	1424	9955.777599729572	1
3	1425	9958.777599729572	0
3	1438	10013.948710733706	1
3	1440	10016.948710733706	0
3	1453	10114.915527946617	1
3	1455	10117.915527946617	0
3	1466	10212.015276020754	1
3	1467	10215.015276020754	0
3	1469	10227.148455217199	1
3	1470	10230.148455217199	0
3	1484	10463.131291995316	1
3	1485	10466.131291995316	0
3	1492	10600.997893216331	1
3	1493	10603.997893216331	0
3	1498	10700.201567898809	1
3	1499	10703.201567898809	0
3	1503	10733.09879691497	1
3	1504	10736.09879691497	0
3	1508	10795.566203244885	1
3	1509	10798.566203244885	0
3	1516	10858.154823723844	1
3	1517	10861.154823723844	0
3	1556	11358.43443948153	1
3	1559	11361.43443948153	0
3	1570	11461.318650745207	1
3	1573	11464.318650745207	0
3	1581	11533.964712521029	1
3	1582	11536.964712521029	0
3	1595	11619.010825368443	1
3	1596	11622.010825368443	0
3	1599	11642.145137523436	1
3	1600	11645.145137523436	0
3	1620	11818.178651804619	1
3	1621	11821.178651804619	0
3	1625	11862.256946383414	1
3	1626	11865.256946383414	0
3	1639	11999.461586270324	1
3	1640	12002.461586270324	0
3	1655	12161.315965791633	1
3	1656	12164.315965791633	0
3	1673	12308.817247961649	1
3	1674	12311.817247961649	0
3	1682	12357.270902366088	1
3	1683	12360.270902366088	0
3	1695	12443.210149507165	1
3	1696	12446.210149507165	0
3	1697	12449.979658120232	1
3	1698	12452.979658120232	0
3	1719	12626.804364528648	1
3	1720	12629.804364528648	0
3	1723	12679.38198425887	1
3	1724	12682.38198425887	0
3	1725	12689.454332116743	1
3	1726	12692.454332116743	0
3	1751	12922.014768797936	1
3	1754	12925.014768797936	0
3	1760	12985.891145736336	1
3	1761	12988.891145736336	0
3	1765	13013.562613918474	1
3	1766	13016.562613918474	0
3	1769	13024.797888830289	1
3	1771	13026.60116201993	2
3	1772	13027.797888830289	1
3	1773	13033.797888830289	0
3	1774	13050.880361711483	1
3	1775	13053.880361711483	0
3	1784	13118.804167374939	1
3	1786	13121.804167374939	0
3	1794	13170.889813013924	1
3	1796	13173.889813013924	0
3	1846	13600.627881840788	1
3	1847	13603.627881840788	0
3	1877	13843.841362042732	1
3	1878	13846.841362042732	0
3	1901	14016.900104310008	1
3	1903	14019.900104310008	0
3	1911	14082.171068519824	1
3	1912	14085.171068519824	0
3	1913	14088.377409690531	1
3	1915	14091.377409690531	0
3	1917	14106.594917188347	1
3	1919	14109.594917188347	0
3	1924	14171.799463205069	1
3	1926	14174.799463205069	0
3	1953	14293.873225859333	1
3	1955	14296.873225859333	0
3	1965	14343.723073947992	1
3	1966	14346.723073947992	0
3	1968	14357.314132918244	1
3	1969	14360.314132918244	0
3	1980	14403.28918911214	1
3	1981	14406.28918911214	0
3	1991	14440.724218622594	1
3	1992	14443.724218622594	0
3	2000	14490.331314031898	1
3	2001	14493.331314031898	0
3	2011	14517.683017226058	1
3	2015	14520.683017226058	0
3	2031	14619.25621865228	1
3	2035	14622.25621865228	0
3	2036	14622.937976686245	1
3	2037	14625.937976686245	0
3	2038	14628.937976686245	1
3	2039	14631.937976686245	0
3	2062	14799.837121008085	1
3	2063	14802.837121008085	0
3	2064	14821.47233970229	1
3	2066	14824.47233970229	0
3	2069	14838.217818992669	1
3	2071	14841.217818992669	0
3	2076	14869.316720519766	1
3	2077	14872.316720519766	0
3	2078	14886.066296178705	1
3	2079	14889.066296178705	0
3	2105	15068.32029945675	1
3	2106	15071.32029945675	0
3	2111	15148.099965812386	1
3	2113	15151.099965812386	0
3	2114	15153.090483589471	1
3	2115	15153.698765566939	2
3	2116	15156.090483589471	1
3	2117	15162.090483589471	0
3	2148	15371.775450186694	1
3	2149	15374.775450186694	0
3	2150	15378.300091304774	1
3	2151	15381.300091304774	0
3	2161	15444.752282215463	1
3	2162	15447.752282215463	0
3	2170	15492.107677636228	1
3	2171	15495.107677636228	0
3	2182	15577.823156993369	1
3	2183	15580.823156993369	0
3	2189	15625.449650780198	1
3	2191	15628.449650780198	0
3	2214	15865.622347094247	1
3	2215	15868.622347094247	0
3	2227	15947.245932076028	1
3	2228	15950.245932076028	0
3	2255	16092.306809196567	1
3	2256	16095.306809196567	0
3	2271	16180.379292955409	1
3	2272	16183.379292955409	0
3	2290	16292.2903315014	1
3	2291	16295.2903315014	0
3	2295	16318.690135344456	1
3	2296	16321.41668477351	2
3	2297	16321.690135344456	1
3	2298	16327.690135344456	0
3	2311	16406.39323022772	1
3	2312	16409.39323022772	0
3	2318	16433.844876701377	1
3	2321	16436.844876701377	0
3	2323	16445.203255389943	1
3	2324	16448.203255389943	0
3	2325	16457.640042954563	1
3	2326	16460.640042954563	0
3	2347	16629.932804548423	1
3	2348	16632.932804548423	0
3	2350	16638.880187536792	1
3	2352	16641.880187536792	0
3	2359	16710.532301866408	1
3	2361	16713.532301866408	0
3	2368	16744.902906367271	1
3	2370	16747.902906367271	0
3	2384	16852.946127758501	1
3	2385	16855.946127758501	0
3	2386	16895.154451327065	1
3	2387	16898.154451327065	0
3	2391	16934.810034014239	1
3	2392	16937.810034014239	0
3	2404	17050.338673107526	1
3	2405	17053.338673107526	0
3	2419	17192.799790075526	1
3	2421	17195.799790075526	0
3	2422	17203.770359361599	1
3	2424	17206.770359361599	0
3	2427	17227.789204388993	1
3	2428	17230.789204388993	0
3	2455	17389.696439719664	1
3	2457	17392.696439719664	0
3	2460	17397.040294026781	1
3	2463	17400.040294026781	0
3	2473	17461.069167681249	1
3	2475	17464.069167681249	0
3	2492	17551.397425653642	1
3	2493	17554.397425653642	0
3	2494	17561.54313019895	1
3	2496	17564.54313019895	0
3	2506	17621.642434160619	1
3	2507	17624.642434160619	0
3	2510	17648.441905577263	1
3	2512	17651.441905577263	0
3	2518	17690.511625636133	1
3	2519	17693.511625636133	0
3	2543	17839.409482441598	1
3	2545	17842.409482441598	0
3	2568	18028.119022835558	1
3	2570	18031.119022835558	0
3	2577	18105.348055779693	1
3	2578	18108.348055779693	0
3	2602	18346.110137331365	1
3	2603	18349.110137331365	0
3	2614	18393.359618773275	1
3	2615	18396.359618773275	0
3	2617	18449.2608662359	1
3	2619	18452.2608662359	0
3	2621	18468.059354932324	1
3	2622	18471.059354932324	0
3	2633	18578.56278755605	1
3	2635	18581.56278755605	0
3	2662	18853.721480892052	1
3	2663	18856.721480892052	0
3	2673	18936.704597407081	1
3	2674	18939.704597407081	0
3	2697	19088.049903834817	1
3	2698	19091.049903834817	0
3	2703	19123.232189511727	1
3	2704	19126.232189511727	0
3	2714	19210.329273108935	1
3	2715	19213.329273108935	0
3	2726	19275.333590927848	1
3	2727	19278.333590927848	0
3	2731	19335.999819623222	1
3	2733	19338.999819623222	0
3	2777	19652.000398943139	1
3	2778	19655.000398943139	0
3	2808	19820.636036966291	1
3	2809	19823.636036966291	0
3	2813	19839.538045919367	1
3	2814	19842.538045919367	0
3	2819	19900.895133360606	1
3	2820	19903.895133360606	0
4	191	1024.233520231062	3
4	204	1075.549029581293	3
4	215	1119.951600425157	3
4	226	1155.037423839389	3
4	239	1214.112278780465	3
4	241	1220.112278780465	8.966850675152
4	260	1296.959888226581	3
4	272	1345.088684740892	3
4	299	1475.139123926496	3
4	304	1504.972074630042	3
4	312	1527.456397517997	3
4	317	1540.750428409137	3
4	334	1635.732665577852	3
4	347	1729.508336728359	3
4	397	2002.411760386846	3
4	411	2094.044269001858	3
4	433	2277.742285482902	3
4	440	2340.003995774169	3
4	452	2456.67886064603	3
4	467	2622.270082179104	3
4	487	2854.84361065108	3
4	495	2932.128639055048	3
4	502	2958.363708637362	3
4	516	3047.618736893901	3
4	523	3066.631647505447	3
4	529	3091.359986151474	3
4	532	3125.34561837563	3
4	539	3161.657053608314	3
4	547	3178.997274499885	3
4	549	3189.131307054459	3
4	571	3413.683682311357	3
4	586	3571.806940833892	3
4	593	3611.518907831019	3
4	601	3678.226427695369	3
4	610	3762.571068063596	3
4	620	3810.673424217917	3
4	627	3871.659719098447	3
4	631	3898.925085832035	3
4	647	4008.295604197077	3
4	660	4115.754243062986	3
4	674	4245.311539388673	3
4	680	4320.645376131241	3
4	692	4437.021431514958	3
4	709	4565.892957473789	3
4	725	4682.70814174792	3
4	728	4714.483904263719	3
4	733	4748.429394800111	3
4	764	5030.004552738791	3
4	771	5110.458238206057	3
4	775	5190.056133774486	3
4	790	5296.499020699058	3
4	796	5314.317527083552	3
4	799	5360.432550491908	3
4	814	5477.480654967147	3
4	818	5501.324352504951	3
4	821	5517.704477844861	3
4	856	5852.600159716768	3
4	858	5866.112840076008	3
4	881	6007.137291450907	3
4	916	6327.921534952091	3
4	921	6352.031037008073	3
4	938	6485.019905317463	3
4	945	6531.754515468323	3
4	980	6780.78026512859	3
4	993	6829.606903828546	3
4	997	6872.135099210654	3
4	1004	6910.139894907082	3
4	1027	7030.841986167642	3
4	1032	7078.415027784493	3
4	1041	7139.588812935645	3
4	1048	7210.405860061174	3
4	1057	7305.576660837935	3
4	1080	7648.068513060038	3
4	1082	7682.108303104131	3
4	1085	7694.421042019569	3
4	1121	7985.621301361006	3
4	1124	7998.956751305795	3
4	1128	8044.092013396596	3
4	1144	8117.423363867396	3
4	1177	8310.930642050237	3
4	1198	8442.616333641222	3
4	1200	8454.987445307049	3
4	1225	8662.027413288541	3
4	1231	8718.127174246203	3
4	1254	8922.914343044959	3
4	1260	8993.675254694809	3
4	1279	9143.84384584239	3
4	1298	9286.15812694313	3
4	1300	9292.284952682341	3
4	1302	9334.260002568348	3
4	1315	9388.384687061155	3
4	1325	9451.887079971541	3
4	1330	9476.344127695844	3
4	1332	9481.84911610641	3
4	1363	9609.928124859267	3
4	1374	9660.562268361855	3
4	1377	9672.032512943003	3
4	1384	9709.982113092609	3
4	1389	9741.664474299798	3
4	1415	9883.740162594787	3
4	1425	9958.777599729572	3
4	1440	10016.948710733706	3
4	1455	10117.915527946617	3
4	1467	10215.015276020754	3
4	1470	10230.148455217199	3
4	1485	10466.131291995316	3
4	1493	10603.997893216331	3
4	1499	10703.201567898809	3
4	1504	10736.09879691497	3
4	1509	10798.566203244885	3
4	1517	10861.154823723844	3
4	1559	11361.43443948153	3
4	1573	11464.318650745207	3
4	1582	11536.964712521029	3
4	1596	11622.010825368443	3
4	1600	11645.145137523436	3
4	1621	11821.178651804619	3
4	1626	11865.256946383414	3
4	1640	12002.461586270324	3
4	1656	12164.315965791633	3
4	1674	12311.817247961649	3
4	1683	12360.270902366088	3
4	1696	12446.210149507165	3
4	1698	12452.979658120232	3
4	1720	12629.804364528648	3
4	1724	12682.38198425887	3
4	1726	12692.454332116743	3
4	1754	12925.014768797936	3
4	1761	12988.891145736336	3
4	1766	13016.562613918474	3
4	1772	13027.797888830289	3
4	1773	13033.797888830289	7.196726810359
4	1775	13053.880361711483	3
4	1786	13121.804167374939	3
4	1796	13173.889813013924	3
4	1847	13603.627881840788	3
4	1878	13846.841362042732	3
4	1903	14019.900104310008	3
4	1912	14085.171068519824	3
4	1915	14091.377409690531	3
4	1919	14109.594917188347	3
4	1926	14174.799463205069	3
4	1955	14296.873225859333	3
4	1966	14346.723073947992	3
4	1969	14360.314132918244	3
4	1981	14406.28918911214	3
4	1992	14443.724218622594	3
4	2001	14493.331314031898	3
4	2015	14520.683017226058	3
4	2035	14622.25621865228	3
4	2037	14625.937976686245	3
4	2039	14631.937976686245	3
4	2063	14802.837121008085	3
4	2066	14824.47233970229	3
4	2071	14841.217818992669	3
4	2077	14872.316720519766	3
4	2079	14889.066296178705	3
4	2106	15071.32029945675	3
4	2113	15151.099965812386	3
4	2116	15156.090483589471	3
4	2117	15162.090483589471	8.391718022532
4	2149	15374.775450186694	3
4	2151	15381.300091304774	3
4	2162	15447.752282215463	3
4	2171	15495.107677636228	3
4	2183	15580.823156993369	3
4	2191	15628.449650780198	3
4	2215	15868.622347094247	3
4	2228	15950.245932076028	3
4	2256	16095.306809196567	3
4	2272	16183.379292955409	3
4	2291	16295.2903315014	3
4	2297	16321.690135344456	3
4	2298	16327.690135344456	6.273450570946
4	2312	16409.39323022772	3
4	2321	16436.844876701377	3
4	2324	16448.203255389943	3
4	2326	16460.640042954563	3
4	2348	16632.932804548423	3
4	2352	16641.880187536792	3
4	2361	16713.532301866408	3
4	2370	16747.902906367271	3
4	2385	16855.946127758501	3
4	2387	16898.154451327065	3
4	2392	16937.810034014239	3
4	2405	17053.338673107526	3
4	2421	17195.799790075526	3
4	2424	17206.770359361599	3
4	2428	17230.789204388993	3
4	2457	17392.696439719664	3
4	2463	17400.040294026781	3
4	2475	17464.069167681249	3
4	2493	17554.397425653642	3
4	2496	17564.54313019895	3
4	2507	17624.642434160619	3
4	2512	17651.441905577263	3
4	2519	17693.511625636133	3
4	2545	17842.409482441598	3
4	2570	18031.119022835558	3
4	2578	18108.348055779693	3
4	2603	18349.110137331365	3
4	2615	18396.359618773275	3
4	2619	18452.2608662359	3
4	2622	18471.059354932324	3
4	2635	18581.56278755605	3
4	2663	18856.721480892052	3
4	2674	18939.704597407081	3
4	2698	19091.049903834817	3
4	2704	19126.232189511727	3
4	2715	19213.329273108935	3
4	2727	19278.333590927848	3
4	2733	19338.999819623222	3
4	2778	19655.000398943139	3
4	2809	19823.636036966291	3
4	2814	19842.538045919367	3
4	2820	19903.895133360606	3
5	191	1024.233520231062	15958
5	204	1075.549029581293	15954
5	215	1119.951600425157	15961
5	226	1155.037423839389	15962
5	239	1214.112278780465	15965
5	241	1220.112278780465	15968
5	260	1296.959888226581	15972
5	272	1345.088684740892	15969
5	299	1475.139123926496	15974
5	304	1504.972074630042	15973
5	312	1527.456397517997	15980
5	317	1540.750428409137	15977
5	334	1635.732665577852	15981
5	347	1729.508336728359	15979
5	397	2002.411760386846	15986
5	411	2094.044269001858	15992
5	433	2277.742285482902	15994
5	440	2340.003995774169	15997
5	452	2456.67886064603	15998
5	467	2622.270082179104	16001
5	487	2854.84361065108	16004
5	495	2932.128639055048	16003
5	502	2958.363708637362	16008
5	516	3047.618736893901	16005
5	523	3066.631647505447	16009
5	529	3091.359986151474	16013
5	532	3125.34561837563	16010
5	539	3161.657053608314	16007
5	547	3178.997274499885	16016
5	549	3189.131307054459	16017
5	571	3413.683682311357	16018
5	586	3571.806940833892	16020
5	593	3611.518907831019	16023
5	601	3678.226427695369	16025
5	610	3762.571068063596	16024
5	620	3810.673424217917	16026
5	627	3871.659719098447	16027
5	631	3898.925085832035	16030
5	647	4008.295604197077	16032
5	660	4115.754243062986	16035
5	674	4245.311539388673	16036
5	680	4320.645376131241	16037
5	692	4437.021431514958	16039
5	709	4565.892957473789	16040
5	725	4682.70814174792	16042
5	728	4714.483904263719	16045
5	733	4748.429394800111	16047
5	764	5030.004552738791	16051
5	771	5110.458238206057	16052
5	775	5190.056133774486	16053
5	790	5296.499020699058	16054
5	796	5314.317527083552	16055
5	799	5360.432550491908	16057
5	814	5477.480654967147	16060
5	818	5501.324352504951	16058
5	821	5517.704477844861	16059
5	856	5852.600159716768	16067
5	858	5866.112840076008	16068
5	881	6007.137291450907	16071
5	916	6327.921534952091	16075
5	921	6352.031037008073	16074
5	938	6485.019905317463	16080
5	945	6531.754515468323	16082
5	980	6780.78026512859	16087
5	993	6829.606903828546	16089
5	997	6872.135099210654	16086
5	1004	6910.139894907082	16091
5	1027	7030.841986167642	16093
5	1032	7078.415027784493	16095
5	1041	7139.588812935645	16098
5	1048	7210.405860061174	16096
5	1057	7305.576660837935	16100
5	1080	7648.068513060038	16104
5	1082	7682.108303104131	16105
5	1085	7694.421042019569	16101
5	1121	7985.621301361006	16108
5	1124	7998.956751305795	16107
5	1128	8044.092013396596	16110
5	1144	8117.423363867396	16115
5	1177	8310.930642050237	16120
5	1198	8442.616333641222	16124
5	1200	8454.987445307049	16121
5	1225	8662.027413288541	16128
5	1231	8718.127174246203	16126
5	1254	8922.914343044959	16129
5	1260	8993.675254694809	16131
5	1279	9143.84384584239	16135
5	1298	9286.15812694313	16136
5	1300	9292.284952682341	16137
5	1302	9334.260002568348	16138
5	1315	9388.384687061155	16139
5	1325	9451.887079971541	16143
5	1330	9476.344127695844	16144
5	1332	9481.84911610641	16141
5	1363	9609.928124859267	16146
5	1374	9660.562268361855	16148
5	1377	9672.032512943003	16152
5	1384	9709.982113092609	16149
5	1389	9741.664474299798	16151
5	1415	9883.740162594787	16156
5	1425	9958.777599729572	16159
5	1440	10016.948710733706	16158
5	1455	10117.915527946617	16163
5	1467	10215.015276020754	16161
5	1470	10230.148455217199	16164
5	1485	10466.131291995316	16166
5	1493	10603.997893216331	16168
5	1499	10703.201567898809	16167
5	1504	10736.09879691497	16169
5	1509	10798.566203244885	16171
5	1517	10861.154823723844	16173
5	1559	11361.43443948153	16179
5	1573	11464.318650745207	16181
5	1582	11536.964712521029	16183
5	1596	11622.010825368443	16182
5	1600	11645.145137523436	16184
5	1621	11821.178651804619	16188
5	1626	11865.256946383414	16189
5	1640	12002.461586270324	16193
5	1656	12164.315965791633	16191
5	1674	12311.817247961649	16197
5	1683	12360.270902366088	16199
5	1696	12446.210149507165	16203
5	1698	12452.979658120232	16198
5	1720	12629.804364528648	16202
5	1724	12682.38198425887	16204
5	1726	12692.454332116743	16205
5	1754	12925.014768797936	16206
5	1761	12988.891145736336	16209
5	1766	13016.562613918474	16213
5	1772	13027.797888830289	16210
5	1773	13033.797888830289	16207
5	1775	13053.880361711483	16211
5	1786	13121.804167374939	16215
5	1796	13173.889813013924	16217
5	1847	13603.627881840788	16223
5	1878	13846.841362042732	16226
5	1903	14019.900104310008	16233
5	1912	14085.171068519824	16235
5	1915	14091.377409690531	16236
5	1919	14109.594917188347	16237
5	1926	14174.799463205069	16234
5	1955	14296.873225859333	16238
5	1966	14346.723073947992	16245
5	1969	14360.314132918244	16240
5	1981	14406.28918911214	16244
5	1992	14443.724218622594	16239
5	2001	14493.331314031898	16246
5	2015	14520.683017226058	16247
5	2035	14622.25621865228	16252
5	2037	14625.937976686245	16254
5	2039	14631.937976686245	16248
5	2063	14802.837121008085	16256
5	2066	14824.47233970229	16257
5	2071	14841.217818992669	16260
5	2077	14872.316720519766	16258
5	2079	14889.066296178705	16259
5	2106	15071.32029945675	16262
5	2113	15151.099965812386	16265
5	2116	15156.090483589471	16266
5	2117	15162.090483589471	16263
5	2149	15374.775450186694	16267
5	2151	15381.300091304774	16271
5	2162	15447.752282215463	16274
5	2171	15495.107677636228	16272
5	2183	15580.823156993369	16278
5	2191	15628.449650780198	16279
5	2215	15868.622347094247	16281
5	2228	15950.245932076028	16286
5	2256	16095.306809196567	16288
5	2272	16183.379292955409	16292
5	2291	16295.2903315014	16295
5	2297	16321.690135344456	16297
5	2298	16327.690135344456	16293
5	2312	16409.39323022772	16296
5	2321	16436.844876701377	16300
5	2324	16448.203255389943	16298
5	2326	16460.640042954563	16301
5	2348	16632.932804548423	16304
5	2352	16641.880187536792	16302
5	2361	16713.532301866408	16303
5	2370	16747.902906367271	16306
5	2385	16855.946127758501	16309
5	2387	16898.154451327065	16310
5	2392	16937.810034014239	16307
5	2405	17053.338673107526	16312
5	2421	17195.799790075526	16314
5	2424	17206.770359361599	16315
5	2428	17230.789204388993	16313
5	2457	17392.696439719664	16322
5	2463	17400.040294026781	16320
5	2475	17464.069167681249	16325
5	2493	17554.397425653642	16327
5	2496	17564.54313019895	16321
5	2507	17624.642434160619	16324
5	2512	17651.441905577263	16330
5	2519	17693.511625636133	16331
5	2545	17842.409482441598	16335
5	2570	18031.119022835558	16337
5	2578	18108.348055779693	16336
5	2603	18349.110137331365	16341
5	2615	18396.359618773275	16346
5	2619	18452.2608662359	16347
5	2622	18471.059354932324	16343
5	2635	18581.56278755605	16348
5	2663	18856.721480892052	16351
5	2674	18939.704597407081	16355
5	2698	19091.049903834817	16354
5	2704	19126.232189511727	16358
5	2715	19213.329273108935	16362
5	2727	19278.333590927848	16361
5	2733	19338.999819623222	16363
5	2778	19655.000398943139	16367
5	2809	19823.636036966291	16378
5	2814	19842.538045919367	16380
5	2820	19903.895133360606	16377
6	183	1000.921933654011	0
6	185	1013.951600425157	1
6	186	1016.513971112066	2
6	187	1016.951600425157	1
6	190	1022.951600425157	0
6	211	1108.112278780465	1
6	212	1111.112278780465	0
6	222	1146.218895159421	1
6	224	1149.218895159421	0
6	244	1239.088684740892	1
6	245	1242.088684740892	0
6	246	1248.7975132782	1
6	248	1251.7975132782	0
6	251	1261.911463179818	1
6	252	1264.911463179818	0
6	262	1305.534333857907	1
6	263	1308.534333857907	0
6	267	1320.112278780465	1
6	269	1323.112278780465	0
6	276	1369.139123926496	1
6	277	1372.139123926496	0
6	282	1398.972074630042	1
6	283	1401.972074630042	0
6	288	1418.076765348549	1
6	290	1421.076765348549	0
6	294	1434.750428409137	1
6	295	1437.750428409137	0
6	303	1503.73417786901	1
6	306	1506.73417786901	0
6	314	1529.732665577852	1
6	315	1532.732665577852	0
6	328	1623.508336728359	1
6	329	1626.508336728359	0
6	358	1787.139123926496	1
6	359	1790.139123926496	0
6	378	1896.411760386846	1
6	380	1899.411760386846	0
6	381	1908.373449824873	1
6	382	1911.373449824873	0
6	391	1988.044269001858	1
6	392	1991.044269001858	0
6	402	2052.526192043729	1
6	403	2055.526192043729	0
6	416	2143.107092384121	1
6	417	2146.107092384121	0
6	419	2171.742285482902	1
6	420	2174.742285482902	0
6	437	2297.550706132332	1
6	438	2300.550706132332	0
6	441	2350.67886064603	1
6	442	2353.67886064603	0
6	464	2571.749117254757	1
6	465	2574.749117254757	0
6	481	2826.128639055048	1
6	482	2829.128639055048	0
6	496	2941.618736893901	1
6	497	2944.618736893901	0
6	503	2960.631647505447	1
6	504	2963.631647505447	0
6	507	2997.931860618279	1
6	508	3000.931860618279	0
6	509	3019.34561837563	1
6	510	3022.34561837563	0
6	511	3022.704591243553	1
6	512	3025.704591243553	0
6	517	3055.657053608314	1
6	518	3058.363708637362	2
6	519	3058.657053608314	1
6	522	3064.657053608314	0
6	524	3066.984950443001	1
6	525	3069.984950443001	0
6	556	3266.500841134697	1
6	557	3269.500841134697	0
6	560	3289.131307054459	1
6	561	3292.131307054459	0
6	564	3340.260018553036	1
6	565	3343.260018553036	0
6	575	3465.806940833892	1
6	576	3468.806940833892	0
6	595	3656.571068063596	1
6	596	3659.571068063596	0
6	603	3704.673424217917	1
6	605	3707.673424217917	0
6	606	3711.518907831019	1
6	607	3714.518907831019	0
6	611	3765.659719098447	1
6	612	3768.659719098447	0
6	637	3960.09139959824	1
6	638	3963.09139959824	0
6	664	4192.453109196146	1
6	665	4195.453109196146	0
6	668	4215.754243062986	1
6	670	4218.754243062986	0
6	671	4229.866325398358	1
6	672	4232.866325398358	0
6	711	4576.70814174792	1
6	712	4579.70814174792	0
6	729	4730.551859011457	1
6	730	4733.551859011457	0
6	739	4803.185345798429	1
6	740	4806.185345798429	0
6	745	4850.705846243312	1
6	747	4853.705846243312	0
6	779	5208.317527083552	1
6	781	5211.317527083552	0
6	802	5395.324352504951	1
6	805	5398.324352504951	0
6	838	5695.072858872808	1
6	839	5698.072858872808	0
6	844	5763.30345817386	1
6	845	5766.30345817386	0
6	864	5890.772739690268	1
6	865	5893.772739690268	0
6	871	5952.600159716768	1
6	872	5955.600159716768	0
6	883	6016.953883280572	1
6	884	6019.953883280572	0
6	907	6246.031037008073	1
6	908	6249.031037008073	0
6	909	6264.180993906746	1
6	910	6267.180993906746	0
6	913	6322.091575801755	1
6	915	6325.091575801755	0
6	932	6441.189261627938	1
6	934	6444.189261627938	0
6	953	6610.425894782556	1
6	955	6613.425894782556	0
6	958	6631.754515468323	1
6	959	6634.754515468323	0
6	977	6766.135099210654	1
6	978	6769.135099210654	0
6	986	6813.78997791136	1
6	988	6816.78997791136	0
6	994	6849.19567339023	1
6	995	6852.19567339023	0
6	1006	6916.311331376404	1
6	1008	6919.311331376404	0
6	1051	7239.588812935645	1
6	1052	7242.588812935645	0
6	1054	7291.423735214255	1
6	1055	7294.423735214255	0
6	1072	7588.421042019569	1
6	1073	7591.421042019569	0
6	1086	7718.569890351527	1
6	1087	7721.569890351527	0
6	1094	7782.108303104131	1
6	1095	7785.108303104131	0
6	1106	7879.621301361006	1
6	1107	7882.621301361006	0
6	1109	7892.956751305795	1
6	1110	7895.956751305795	0
6	1132	8061.454411296232	1
6	1133	8064.454411296232	0
6	1149	8154.021545624641	1
6	1151	8157.021545624641	0
6	1173	8281.058858687473	1
6	1174	8284.058858687473	0
6	1184	8348.987445307049	1
6	1186	8351.987445307049	0
6	1215	8583.420963888674	1
6	1216	8586.420963888674	0
6	1219	8612.127174246203	1
6	1220	8615.127174246203	0
6	1227	8696.214287104671	1
6	1228	8699.214287104671	0
6	1233	8750.510006696861	1
6	1234	8753.510006696861	0
6	1240	8816.914343044959	1
6	1242	8819.914343044959	0
6	1248	8887.675254694809	1
6	1250	8890.675254694809	0
6	1256	8935.348132520383	1
6	1257	8938.348132520383	0
6	1271	9094.40075492257	1
6	1273	9097.40075492257	0
6	1280	9180.15812694313	1
6	1282	9183.15812694313	0
6	1283	9186.284952682341	1
6	1284	9189.284952682341	0
6	1287	9228.260002568348	1
6	1288	9231.260002568348	0
6	1295	9282.384687061155	1
6	1297	9285.384687061155	0
6	1309	9375.84911610641	1
6	1310	9377.595216408874	2
6	1311	9378.84911610641	1
6	1312	9384.84911610641	0
6	1327	9469.923737280201	1
6	1328	9472.923737280201	0
6	1338	9496.292971900637	1
6	1339	9499.292971900637	0
6	1340	9503.928124859267	1
6	1342	9506.928124859267	0
6	1348	9554.562268361855	1
6	1350	9557.562268361855	0
6	1353	9576.344127695844	1
6	1354	9579.344127695844	0
6	1404	9820.198088643438	1
6	1405	9823.198088643438	0
6	1410	9872.448676878272	1
6	1412	9875.448676878272	0
6	1417	9889.086895048832	1
6	1419	9892.086895048832	0
6	1451	10109.015276020754	1
6	1452	10112.015276020754	0
6	1456	10124.148455217199	1
6	1457	10127.148455217199	0
6	1462	10178.200867079851	1
6	1463	10181.200867079851	0
6	1475	10288.474991464715	1
6	1476	10291.474991464715	0
6	1480	10360.131291995316	1
6	1481	10363.131291995316	0
6	1494	10630.09879691497	1
6	1495	10633.09879691497	0
6	1506	10789.546309336164	1
6	1507	10792.546309336164	0
6	1521	10898.566203244885	1
6	1522	10901.566203244885	0
6	1523	10913.627331621455	1
6	1524	10916.627331621455	0
6	1544	11192.459501561219	1
6	1545	11195.459501561219	0
6	1546	11256.165512623046	1
6	1548	11259.165512623046	0
6	1551	11274.094910792298	1
6	1552	11277.094910792298	0
6	1583	11539.145137523436	1
6	1584	11542.145137523436	0
6	1587	11564.318650745207	1
6	1589	11567.318650745207	0
6	1593	11614.691899914793	1
6	1594	11617.691899914793	0
6	1601	11660.69615243946	1
6	1602	11663.69615243946	0
6	1637	11987.661745997869	1
6	1638	11990.661745997869	0
6	1644	12058.315965791633	1
6	1645	12061.315965791633	0
6	1653	12132.76116282228	1
6	1654	12135.76116282228	0
6	1662	12210.249160918271	1
6	1663	12213.249160918271	0
6	1680	12346.979658120232	1
6	1681	12349.979658120232	0
6	1685	12391.447761699299	1
6	1688	12394.447761699299	0
6	1690	12411.817247961649	1
6	1691	12414.817247961649	0
6	1699	12460.270902366088	1
6	1700	12463.270902366088	0
6	1707	12523.804364528648	1
6	1708	12526.804364528648	0
6	1709	12546.210149507165	1
6	1710	12549.210149507165	0
6	1714	12576.38198425887	1
6	1715	12579.38198425887	0
6	1717	12600.234409833674	1
6	1718	12603.234409833674	0
6	1744	12882.891145736336	1
6	1745	12885.891145736336	0
6	1752	12923.60116201993	1
6	1755	12926.60116201993	0
6	1756	12947.880361711483	1
6	1757	12950.880361711483	0
6	1799	13201.06876791636	1
6	1800	13204.06876791636	0
6	1802	13221.804167374939	1
6	1803	13224.804167374939	0
6	1815	13328.378663394026	1
6	1816	13331.378663394026	0
6	1834	13485.110960296498	1
6	1835	13488.110960296498	0
6	1836	13497.627881840788	1
6	1837	13500.627881840788	0
6	1850	13638.073172585805	1
6	1852	13641.073172585805	0
6	1853	13658.087369779706	1
6	1854	13661.087369779706	0
6	1863	13740.841362042732	1
6	1865	13743.841362042732	0
6	1872	13811.839435187165	1
6	1874	13814.839435187165	0
6	1888	13937.146953349207	1
6	1889	13940.146953349207	0
6	1905	14068.799463205069	1
6	1907	14071.799463205069	0
6	1909	14077.913156603813	1
6	1910	14080.913156603813	0
6	1916	14104.958853852689	1
6	1918	14107.958853852689	0
6	1938	14209.594917188347	1
6	1939	14212.594917188347	0
6	1943	14254.314132918244	1
6	1944	14257.314132918244	0
6	1945	14268.954337696309	1
6	1946	14271.954337696309	0
6	1954	14295.342399182551	1
6	1956	14298.342399182551	0
6	1958	14300.28918911214	1
6	1959	14303.28918911214	0
6	1963	14337.724218622594	1
6	1964	14340.724218622594	0
6	1975	14387.331314031898	1
6	1976	14390.331314031898	0
6	2014	14519.937976686245	1
6	2016	14522.931411321615	2
6	2017	14522.937976686245	1
6	2018	14528.937976686245	0
6	2058	14766.316720519766	1
6	2059	14769.316720519766	0
6	2065	14821.574952099236	1
6	2067	14824.574952099236	0
6	2090	14965.32029945675	1
6	2091	14968.32029945675	0
6	2097	15046.066589059939	1
6	2100	15049.066589059939	0
6	2101	15050.698765566939	1
6	2103	15053.698765566939	0
6	2122	15206.585133237236	1
6	2123	15209.585133237236	0
6	2125	15242.352609413353	1
6	2126	15245.352609413353	0
6	2129	15256.090483589471	1
6	2130	15259.090483589471	0
6	2134	15268.775450186694	1
6	2135	15271.775450186694	0
6	2140	15326.961885558047	1
6	2141	15329.961885558047	0
6	2153	15389.107677636228	1
6	2154	15392.107677636228	0
6	2166	15481.300091304774	1
6	2167	15484.300091304774	0
6	2180	15547.752282215463	1
6	2181	15550.752282215463	0
6	2187	15614.721907365395	1
6	2188	15617.721907365395	0
6	2199	15730.804553708958	1
6	2201	15733.804553708958	0
6	2235	15989.306809196567	1
6	2236	15992.306809196567	0
6	2243	16035.603124237159	1
6	2244	16038.603124237159	0
6	2247	16050.245932076028	1
6	2248	16053.245932076028	0
6	2249	16060.965303064227	1
6	2251	16063.965303064227	0
6	2264	16144.307687101046	1
6	2265	16147.307687101046	0
6	2277	16218.41668477351	1
6	2279	16221.41668477351	0
6	2281	16233.640569391698	1
6	2282	16236.640569391698	0
6	2353	16641.902906367271	1
6	2355	16644.902906367271	0
6	2378	16831.810034014239	1
6	2379	16834.810034014239	0
6	2393	16947.338673107526	1
6	2394	16950.338673107526	0
6	2413	17124.789204388993	1
6	2414	17127.789204388993	0
6	2425	17218.309357053527	1
6	2426	17221.309357053527	0
6	2434	17289.544000527287	1
6	2436	17292.544000527287	0
6	2438	17295.799790075526	1
6	2441	17298.799790075526	0
6	2459	17396.648486777151	1
6	2462	17399.648486777151	0
6	2472	17458.54313019895	1
6	2474	17461.54313019895	0
6	2476	17470.145549605087	1
6	2478	17473.145549605087	0
6	2487	17518.642434160619	1
6	2488	17521.642434160619	0
6	2495	17564.069167681249	1
6	2497	17567.069167681249	0
6	2528	17748.675370825515	1
6	2530	17751.675370825515	0
6	2535	17802.040099799302	1
6	2536	17805.040099799302	0
6	2537	17822.259436302774	1
6	2539	17825.259436302774	0
6	2564	18002.348055779693	1
6	2565	18005.348055779693	0
6	2571	18037.277693885628	1
6	2572	18040.277693885628	0
6	2590	18243.110137331365	1
6	2591	18246.110137331365	0
6	2592	18252.651395946541	1
6	2593	18255.651395946541	0
6	2607	18365.059354932324	1
6	2608	18368.059354932324	0
6	2623	18476.446337506644	1
6	2625	18479.446337506644	0
6	2648	18726.22427469037	1
6	2649	18729.22427469037	0
6	2666	18877.106078719711	1
6	2667	18880.106078719711	0
6	2682	18985.049903834817	1
6	2683	18988.049903834817	0
6	2684	19005.166861618205	1
6	2685	19008.166861618205	0
6	2701	19115.695381153806	1
6	2702	19118.695381153806	0
6	2709	19162.470505990671	1
6	2710	19165.470505990671	0
6	2711	19172.333590927848	1
6	2712	19175.333590927848	0
6	2728	19313.329273108935	1
6	2729	19316.329273108935	0
6	2755	19519.305890953957	1
6	2757	19522.305890953957	0
6	2761	19549.000398943139	1
6	2762	19552.000398943139	0
6	2772	19623.729663357515	1
6	2774	19626.374799283923	2
6	2775	19626.729663357515	1
6	2776	19632.729663357515	0
6	2782	19689.78608643256	1
6	2784	19692.78608643256	0
6	2804	19797.895133360606	1
6	2805	19800.895133360606	0
6	2815	19889.226225798089	1
6	2816	19892.226225798089	0
7	183	1000.921933654011	3
7	187	1016.951600425157	3
7	190	1022.951600425157	6.437629313091
7	212	1111.112278780465	3
7	224	1149.218895159421	3
7	245	1242.088684740892	3
7	248	1251.7975132782	3
7	252	1264.911463179818	3
7	263	1308.534333857907	3
7	269	1323.112278780465	3
7	277	1372.139123926496	3
7	283	1401.972074630042	3
7	290	1421.076765348549	3
7	295	1437.750428409137	3
7	306	1506.73417786901	3
7	315	1532.732665577852	3
7	329	1626.508336728359	3
7	359	1790.139123926496	3
7	380	1899.411760386846	3
7	382	1911.373449824873	3
7	392	1991.044269001858	3
7	403	2055.526192043729	3
7	417	2146.107092384121	3
7	420	2174.742285482902	3
7	438	2300.550706132332	3
7	442	2353.67886064603	3
7	465	2574.749117254757	3
7	482	2829.128639055048	3
7	497	2944.618736893901	3
7	504	2963.631647505447	3
7	508	3000.931860618279	3
7	510	3022.34561837563	3
7	512	3025.704591243553	3
7	519	3058.657053608314	3
7	522	3064.657053608314	6.293344970952
7	525	3069.984950443001	3
7	557	3269.500841134697	3
7	561	3292.131307054459	3
7	565	3343.260018553036	3
7	576	3468.806940833892	3
7	596	3659.571068063596	3
7	605	3707.673424217917	3
7	607	3714.518907831019	3
7	612	3768.659719098447	3
7	638	3963.09139959824	3
7	665	4195.453109196146	3
7	670	4218.754243062986	3
7	672	4232.866325398358	3
7	712	4579.70814174792	3
7	730	4733.551859011457	3
7	740	4806.185345798429	3
7	747	4853.705846243312	3
7	781	5211.317527083552	3
7	805	5398.324352504951	3
7	839	5698.072858872808	3
7	845	5766.30345817386	3
7	865	5893.772739690268	3
7	872	5955.600159716768	3
7	884	6019.953883280572	3
7	908	6249.031037008073	3
7	910	6267.180993906746	3
7	915	6325.091575801755	3
7	934	6444.189261627938	3
7	955	6613.425894782556	3
7	959	6634.754515468323	3
7	978	6769.135099210654	3
7	988	6816.78997791136	3
7	995	6852.19567339023	3
7	1008	6919.311331376404	3
7	1052	7242.588812935645	3
7	1055	7294.423735214255	3
7	1073	7591.421042019569	3
7	1087	7721.569890351527	3
7	1095	7785.108303104131	3
7	1107	7882.621301361006	3
7	1110	7895.956751305795	3
7	1133	8064.454411296232	3
7	1151	8157.021545624641	3
7	1174	8284.058858687473	3
7	1186	8351.987445307049	3
7	1216	8586.420963888674	3
7	1220	8615.127174246203	3
7	1228	8699.214287104671	3
7	1234	8753.510006696861	3
7	1242	8819.914343044959	3
7	1250	8890.675254694809	3
7	1257	8938.348132520383	3
7	1273	9097.40075492257	3
7	1282	9183.15812694313	3
7	1284	9189.284952682341	3
7	1288	9231.260002568348	3
7	1297	9285.384687061155	3
7	1311	9378.84911610641	3
7	1312	9384.84911610641	7.253899697536
7	1328	9472.923737280201	3
7	1339	9499.292971900637	3
7	1342	9506.928124859267	3
7	1350	9557.562268361855	3
7	1354	9579.344127695844	3
7	1405	9823.198088643438	3
7	1412	9875.448676878272	3
7	1419	9892.086895048832	3
7	1452	10112.015276020754	3
7	1457	10127.148455217199	3
7	1463	10181.200867079851	3
7	1476	10291.474991464715	3
7	1481	10363.131291995316	3
7	1495	10633.09879691497	3
7	1507	10792.546309336164	3
7	1522	10901.566203244885	3
7	1524	10916.627331621455	3
7	1545	11195.459501561219	3
7	1548	11259.165512623046	3
7	1552	11277.094910792298	3
7	1584	11542.145137523436	3
7	1589	11567.318650745207	3
7	1594	11617.691899914793	3
7	1602	11663.69615243946	3
7	1638	11990.661745997869	3
7	1645	12061.315965791633	3
7	1654	12135.76116282228	3
7	1663	12213.249160918271	3
7	1681	12349.979658120232	3
7	1688	12394.447761699299	3
7	1691	12414.817247961649	3
7	1700	12463.270902366088	3
7	1708	12526.804364528648	3
7	1710	12549.210149507165	3
7	1715	12579.38198425887	3
7	1718	12603.234409833674	3
7	1745	12885.891145736336	3
7	1755	12926.60116201993	3
7	1757	12950.880361711483	3
7	1800	13204.06876791636	3
7	1803	13224.804167374939	3
7	1816	13331.378663394026	3
7	1835	13488.110960296498	3
7	1837	13500.627881840788	3
7	1852	13641.073172585805	3
7	1854	13661.087369779706	3
7	1865	13743.841362042732	3
7	1874	13814.839435187165	3
7	1889	13940.146953349207	3
7	1907	14071.799463205069	3
7	1910	14080.913156603813	3
7	1918	14107.958853852689	3
7	1939	14212.594917188347	3
7	1944	14257.314132918244	3
7	1946	14271.954337696309	3
7	1956	14298.342399182551	3
7	1959	14303.28918911214	3
7	1964	14340.724218622594	3
7	1976	14390.331314031898	3
7	2017	14522.937976686245	3
7	2018	14528.937976686245	6.00656536463
7	2059	14769.316720519766	3
7	2067	14824.574952099236	3
7	2091	14968.32029945675	3
7	2100	15049.066589059939	3
7	2103	15053.698765566939	3
7	2123	15209.585133237236	3
7	2126	15245.352609413353	3
7	2130	15259.090483589471	3
7	2135	15271.775450186694	3
7	2141	15329.961885558047	3
7	2154	15392.107677636228	3
7	2167	15484.300091304774	3
7	2181	15550.752282215463	3
7	2188	15617.721907365395	3
7	2201	15733.804553708958	3
7	2236	15992.306809196567	3
7	2244	16038.603124237159	3
7	2248	16053.245932076028	3
7	2251	16063.965303064227	3
7	2265	16147.307687101046	3
7	2279	16221.41668477351	3
7	2282	16236.640569391698	3
7	2355	16644.902906367271	3
7	2379	16834.810034014239	3
7	2394	16950.338673107526	3
7	2414	17127.789204388993	3
7	2426	17221.309357053527	3
7	2436	17292.544000527287	3
7	2441	17298.799790075526	3
7	2462	17399.648486777151	3
7	2474	17461.54313019895	3
7	2478	17473.145549605087	3
7	2488	17521.642434160619	3
7	2497	17567.069167681249	3
7	2530	17751.675370825515	3
7	2536	17805.040099799302	3
7	2539	17825.259436302774	3
7	2565	18005.348055779693	3
7	2572	18040.277693885628	3
7	2591	18246.110137331365	3
7	2593	18255.651395946541	3
7	2608	18368.059354932324	3
7	2625	18479.446337506644	3
7	2649	18729.22427469037	3
7	2667	18880.106078719711	3
7	2683	18988.049903834817	3
7	2685	19008.166861618205	3
7	2702	19118.695381153806	3
7	2710	19165.470505990671	3
7	2712	19175.333590927848	3
7	2729	19316.329273108935	3
7	2757	19522.305890953957	3
7	2762	19552.000398943139	3
7	2775	19626.729663357515	3
7	2776	19632.729663357515	6.354864073592
7	2784	19692.78608643256	3
7	2805	19800.895133360606	3
7	2816	19892.226225798089	3
8	183	1000.921933654011	15956
8	187	1016.951600425157	15961
8	190	1022.951600425157	15957
8	212	1111.112278780465	15965
8	224	1149.218895159421	15967
8	245	1242.088684740892	15969
8	248	1251.7975132782	15966
8	252	1264.911463179818	15963
8	263	1308.534333857907	15964
8	269	1323.112278780465	15968
8	277	1372.139123926496	15974
8	283	1401.972074630042	15973
8	290	1421.076765348549	15976
8	295	1437.750428409137	15977
8	306	1506.73417786901	15978
8	315	1532.732665577852	15981
8	329	1626.508336728359	15979
8	359	1790.139123926496	15982
8	380	1899.411760386846	15986
8	382	1911.373449824873	15990
8	392	1991.044269001858	15992
8	403	2055.526192043729	15987
8	417	2146.107092384121	15993
8	420	2174.742285482902	15994
8	438	2300.550706132332	15995
8	442	2353.67886064603	15998
8	465	2574.749117254757	16000
8	482	2829.128639055048	16003
8	497	2944.618736893901	16005
8	504	2963.631647505447	16009
8	508	3000.931860618279	16006
8	510	3022.34561837563	16010
8	512	3025.704591243553	16011
8	519	3058.657053608314	16007
8	522	3064.657053608314	16008
8	525	3069.984950443001	16012
8	557	3269.500841134697	16015
8	561	3292.131307054459	16017
8	565	3343.260018553036	16014
8	576	3468.806940833892	16020
8	596	3659.571068063596	16024
8	605	3707.673424217917	16026
8	607	3714.518907831019	16023
8	612	3768.659719098447	16027
8	638	3963.09139959824	16029
8	665	4195.453109196146	16031
8	670	4218.754243062986	16035
8	672	4232.866325398358	16033
8	712	4579.70814174792	16042
8	730	4733.551859011457	16046
8	740	4806.185345798429	16049
8	747	4853.705846243312	16043
8	781	5211.317527083552	16055
8	805	5398.324352504951	16058
8	839	5698.072858872808	16063
8	845	5766.30345817386	16062
8	865	5893.772739690268	16065
8	872	5955.600159716768	16067
8	884	6019.953883280572	16070
8	908	6249.031037008073	16074
8	910	6267.180993906746	16076
8	915	6325.091575801755	16073
8	934	6444.189261627938	16079
8	955	6613.425894782556	16078
8	959	6634.754515468323	16082
8	978	6769.135099210654	16086
8	988	6816.78997791136	16083
8	995	6852.19567339023	16084
8	1008	6919.311331376404	16092
8	1052	7242.588812935645	16098
8	1055	7294.423735214255	16099
8	1073	7591.421042019569	16101
8	1087	7721.569890351527	16102
8	1095	7785.108303104131	16105
8	1107	7882.621301361006	16108
8	1110	7895.956751305795	16107
8	1133	8064.454411296232	16112
8	1151	8157.021545624641	16117
8	1174	8284.058858687473	16113
8	1186	8351.987445307049	16121
8	1216	8586.420963888674	16123
8	1220	8615.127174246203	16126
8	1228	8699.214287104671	16125
8	1234	8753.510006696861	16127
8	1242	8819.914343044959	16129
8	1250	8890.675254694809	16131
8	1257	8938.348132520383	16130
8	1273	9097.40075492257	16132
8	1282	9183.15812694313	16136
8	1284	9189.284952682341	16137
8	1288	9231.260002568348	16138
8	1297	9285.384687061155	16139
8	1311	9378.84911610641	16141
8	1312	9384.84911610641	16142
8	1328	9472.923737280201	16140
8	1339	9499.292971900637	16145
8	1342	9506.928124859267	16146
8	1350	9557.562268361855	16148
8	1354	9579.344127695844	16144
8	1405	9823.198088643438	16154
8	1412	9875.448676878272	16155
8	1419	9892.086895048832	16153
8	1452	10112.015276020754	16161
8	1457	10127.148455217199	16164
8	1463	10181.200867079851	16160
8	1476	10291.474991464715	16165
8	1481	10363.131291995316	16166
8	1495	10633.09879691497	16169
8	1507	10792.546309336164	16170
8	1522	10901.566203244885	16171
8	1524	10916.627331621455	16172
8	1545	11195.459501561219	16174
8	1548	11259.165512623046	16177
8	1552	11277.094910792298	16178
8	1584	11542.145137523436	16184
8	1589	11567.318650745207	16181
8	1594	11617.691899914793	16180
8	1602	11663.69615243946	16185
8	1638	11990.661745997869	16192
8	1645	12061.315965791633	16191
8	1654	12135.76116282228	16194
8	1663	12213.249160918271	16195
8	1681	12349.979658120232	16198
8	1688	12394.447761699299	16196
8	1691	12414.817247961649	16197
8	1700	12463.270902366088	16199
8	1708	12526.804364528648	16202
8	1710	12549.210149507165	16203
8	1715	12579.38198425887	16204
8	1718	12603.234409833674	16201
8	1745	12885.891145736336	16209
8	1755	12926.60116201993	16207
8	1757	12950.880361711483	16211
8	1800	13204.06876791636	16212
8	1803	13224.804167374939	16215
8	1816	13331.378663394026	16216
8	1835	13488.110960296498	16222
8	1837	13500.627881840788	16223
8	1852	13641.073172585805	16224
8	1854	13661.087369779706	16221
8	1865	13743.841362042732	16226
8	1874	13814.839435187165	16225
8	1889	13940.146953349207	16229
8	1907	14071.799463205069	16234
8	1910	14080.913156603813	16230
8	1918	14107.958853852689	16232
8	1939	14212.594917188347	16237
8	1944	14257.314132918244	16240
8	1946	14271.954337696309	16241
8	1956	14298.342399182551	16243
8	1959	14303.28918911214	16244
8	1964	14340.724218622594	16239
8	1976	14390.331314031898	16246
8	2017	14522.937976686245	16254
8	2018	14528.937976686245	16248
8	2059	14769.316720519766	16258
8	2067	14824.574952099236	16255
8	2091	14968.32029945675	16262
8	2100	15049.066589059939	16261
8	2103	15053.698765566939	16263
8	2123	15209.585133237236	16268
8	2126	15245.352609413353	16264
8	2130	15259.090483589471	16266
8	2135	15271.775450186694	16267
8	2141	15329.961885558047	16270
8	2154	15392.107677636228	16272
8	2167	15484.300091304774	16271
8	2181	15550.752282215463	16274
8	2188	15617.721907365395	16276
8	2201	15733.804553708958	16277
8	2236	15992.306809196567	16288
8	2244	16038.603124237159	16284
8	2248	16053.245932076028	16286
8	2251	16063.965303064227	16290
8	2265	16147.307687101046	16285
8	2279	16221.41668477351	16293
8	2282	16236.640569391698	16294
8	2355	16644.902906367271	16306
8	2379	16834.810034014239	16307
8	2394	16950.338673107526	16312
8	2414	17127.789204388993	16313
8	2426	17221.309357053527	16316
8	2436	17292.544000527287	16319
8	2441	17298.799790075526	16314
8	2462	17399.648486777151	16323
8	2474	17461.54313019895	16321
8	2478	17473.145549605087	16318
8	2488	17521.642434160619	16324
8	2497	17567.069167681249	16325
8	2530	17751.675370825515	16326
8	2536	17805.040099799302	16329
8	2539	17825.259436302774	16333
8	2565	18005.348055779693	16336
8	2572	18040.277693885628	16334
8	2591	18246.110137331365	16341
8	2593	18255.651395946541	16342
8	2608	18368.059354932324	16343
8	2625	18479.446337506644	16344
8	2649	18729.22427469037	16350
8	2667	18880.106078719711	16352
8	2683	18988.049903834817	16354
8	2685	19008.166861618205	16357
8	2702	19118.695381153806	16360
8	2710	19165.470505990671	16359
8	2712	19175.333590927848	16361
8	2729	19316.329273108935	16362
8	2757	19522.305890953957	16369
8	2762	19552.000398943139	16367
8	2775	19626.729663357515	16370
8	2776	19632.729663357515	16372
8	2784	19692.78608643256	16374
8	2805	19800.895133360606	16377
8	2816	19892.226225798089	16373
9	194	1040.310549334502	1
9	195	1043.310549334502	0
9	221	1145.7975132782	1
9	223	1148.7975132782	0
9	227	1158.911463179818	1
9	228	1161.911463179818	0
9	235	1202.534333857907	1
9	236	1205.534333857907	0
9	247	1249.218895159421	1
9	249	1252.218895159421	0
9	259	1295.972074630042	1
9	261	1298.972074630042	0
9	279	1378.772844126643	1
9	280	1381.772844126643	0
9	308	1520.508336728359	1
9	309	1521.076765348549	2
9	310	1523.508336728359	1
9	313	1529.508336728359	0
9	324	1605.768260432858	1
9	325	1606.73417786901	2
9	326	1608.768260432858	1
9	327	1614.768260432858	0
9	340	1684.139123926496	1
9	341	1687.139123926496	0
9	360	1793.411760386846	1
9	362	1796.411760386846	0
9	369	1857.946502868017	1
9	370	1860.946502868017	0
9	371	1875.881749933218	1
9	372	1878.881749933218	0
9	384	1949.526192043729	1
9	385	1952.526192043729	0
9	389	1981.776630310933	1
9	390	1984.776630310933	0
9	394	1996.753228841883	1
9	396	1999.753228841883	0
9	398	2011.373449824873	1
9	399	2014.373449824873	0
9	400	2040.107092384121	1
9	401	2043.107092384121	0
9	404	2068.742285482902	1
9	405	2071.742285482902	0
9	422	2189.638822471912	1
9	423	2192.638822471912	0
9	425	2194.550706132332	1
9	427	2197.550706132332	0
9	443	2355.496556437535	1
9	444	2358.496556437535	0
9	456	2468.749117254757	1
9	457	2471.749117254757	0
9	470	2661.612809051608	1
9	471	2664.612809051608	0
9	474	2723.128639055048	1
9	475	2726.128639055048	0
9	483	2838.618736893901	1
9	484	2841.618736893901	0
9	490	2894.931860618279	1
9	491	2897.931860618279	0
9	498	2952.657053608314	1
9	501	2955.657053608314	0
9	533	3125.704591243553	1
9	534	3128.704591243553	0
9	540	3163.500841134697	1
9	542	3166.500841134697	0
9	544	3169.984950443001	1
9	545	3172.984950443001	0
9	553	3237.260018553036	1
9	554	3240.260018553036	0
9	582	3531.534877209479	1
9	583	3534.534877209479	0
9	617	3807.092893099792	1
9	619	3810.092893099792	0
9	622	3857.09139959824	1
9	623	3860.09139959824	0
9	653	4089.453109196146	1
9	654	4092.453109196146	0
9	661	4126.866325398358	1
9	662	4129.866325398358	0
9	666	4210.070797293165	1
9	667	4213.070797293165	0
9	687	4384.193418483571	1
9	688	4387.193418483571	0
9	693	4448.311539388673	1
9	694	4451.311539388673	0
9	696	4460.265062731609	1
9	698	4463.265062731609	0
9	702	4523.645376131241	1
9	703	4526.645376131241	0
9	722	4674.13316404268	1
9	723	4677.13316404268	0
9	732	4747.705846243312	1
9	734	4750.705846243312	0
9	735	4766.60951539505	1
9	736	4769.60951539505	0
9	751	4906.185345798429	1
9	752	4909.185345798429	0
9	755	4951.429394800111	1
9	757	4954.429394800111	0
9	758	4962.093967127386	1
9	759	4965.093967127386	0
9	783	5233.004552738791	1
9	784	5236.004552738791	0
9	801	5393.056133774486	1
9	803	5396.056133774486	0
9	806	5408.225425236873	1
9	807	5411.225425236873	0
9	826	5584.812181879471	1
9	827	5587.812181879471	0
9	832	5660.30345817386	1
9	833	5663.30345817386	0
9	849	5787.772739690268	1
9	850	5790.772739690268	0
9	860	5870.929005756816	1
9	861	5873.929005756816	0
9	867	5913.953883280572	1
9	868	5916.953883280572	0
9	869	5923.687281370058	1
9	870	5926.687281370058	0
9	877	5982.156848514277	1
9	878	5985.156848514277	0
9	897	6143.031037008073	1
9	898	6146.031037008073	0
9	900	6168.307830536831	1
9	901	6171.307830536831	0
9	902	6219.091575801755	1
9	904	6222.091575801755	0
9	922	6367.180993906746	1
9	923	6370.180993906746	0
9	931	6438.440533162557	1
9	933	6441.440533162557	0
9	939	6507.425894782556	1
9	941	6510.425894782556	0
9	942	6519.320082924761	1
9	943	6522.320082924761	0
9	948	6544.189261627938	1
9	949	6547.189261627938	0
9	965	6688.019905317463	1
9	966	6691.019905317463	0
9	968	6710.78997791136	1
9	970	6713.78997791136	0
9	975	6746.19567339023	1
9	976	6749.19567339023	0
9	983	6804.600339468104	1
9	985	6807.600339468104	0
9	989	6819.573970855066	1
9	990	6822.573970855066	0
9	1000	6897.006163170746	1
9	1001	6900.006163170746	0
9	1017	6983.78026512859	1
9	1018	6986.78026512859	0
9	1024	7019.311331376404	1
9	1025	7022.311331376404	0
9	1049	7211.823531297981	1
9	1050	7214.823531297981	0
9	1061	7394.423735214255	1
9	1062	7397.423735214255	0
9	1074	7615.569890351527	1
9	1075	7618.569890351527	0
9	1076	7628.898737487305	1
9	1077	7631.898737487305	0
9	1089	7733.97953284798	1
9	1090	7736.97953284798	0
9	1096	7789.956751305795	1
9	1097	7792.956751305795	0
9	1103	7851.068513060038	1
9	1104	7854.068513060038	0
9	1117	7974.236154708898	1
9	1119	7977.236154708898	0
9	1138	8098.321546363516	1
9	1140	8101.321546363516	0
9	1145	8122.694286175972	1
9	1146	8125.694286175972	0
9	1152	8164.454411296232	1
9	1153	8167.454411296232	0
9	1154	8178.058858687473	1
9	1155	8181.058858687473	0
9	1157	8203.860203498871	1
9	1158	8206.860203498871	0
9	1166	8247.092013396596	1
9	1168	8250.092013396596	0
9	1178	8315.88495615212	1
9	1179	8318.88495615212	0
9	1180	8320.423363867396	1
9	1181	8323.423363867396	0
9	1187	8365.514945738194	1
9	1188	8368.514945738194	0
9	1203	8480.420963888674	1
9	1204	8483.420963888674	0
9	1207	8509.127174246203	1
9	1208	8512.127174246203	0
9	1217	8593.214287104671	1
9	1218	8596.214287104671	0
9	1222	8647.510006696861	1
9	1223	8650.510006696861	0
9	1244	8832.348132520383	1
9	1245	8835.348132520383	0
9	1253	8920.396548043448	1
9	1255	8923.396548043448	0
9	1259	8991.40075492257	1
9	1261	8994.40075492257	0
9	1276	9131.993599502796	1
9	1277	9134.993599502796	0
9	1303	9346.84384584239	1
9	1305	9349.84384584239	0
9	1306	9366.923737280201	1
9	1307	9369.923737280201	0
9	1358	9599.292971900637	1
9	1359	9602.292971900637	0
9	1369	9644.201351898571	1
9	1370	9647.201351898571	0
9	1371	9654.887079971541	1
9	1373	9657.887079971541	0
9	1385	9717.198088643438	1
9	1386	9720.198088643438	0
9	1394	9769.448676878272	1
9	1396	9772.448676878272	0
9	1399	9786.086895048832	1
9	1401	9789.086895048832	0
9	1411	9875.032512943003	1
9	1413	9878.032512943003	0
9	1416	9886.113229318853	1
9	1418	9889.113229318853	0
9	1436	10006.015276020754	1
9	1437	10009.015276020754	0
9	1446	10075.200867079851	1
9	1447	10078.200867079851	0
9	1460	10167.777599729572	1
9	1461	10170.777599729572	0
9	1464	10185.474991464715	1
9	1465	10188.474991464715	0
9	1471	10257.131291995316	1
9	1472	10260.131291995316	0
9	1512	10810.627331621455	1
9	1513	10813.627331621455	0
9	1519	10892.546309336164	1
9	1520	10895.546309336164	0
9	1536	11089.459501561219	1
9	1537	11092.459501561219	0
9	1539	11159.064672828424	1
9	1540	11162.064672828424	0
9	1542	11175.279788440661	1
9	1543	11178.279788440661	0
9	1557	11359.165512623046	1
9	1560	11362.165512623046	0
9	1562	11377.094910792298	1
9	1563	11380.094910792298	0
9	1577	11511.691899914793	1
9	1578	11514.691899914793	0
9	1585	11557.69615243946	1
9	1586	11560.69615243946	0
9	1591	11607.099485504059	1
9	1592	11610.099485504059	0
9	1604	11691.100393062948	1
9	1605	11694.100393062948	0
9	1611	11739.964712521029	1
9	1612	11742.964712521029	0
9	1633	11955.315965791633	1
9	1634	11958.315965791633	0
9	1646	12068.256946383414	1
9	1647	12071.256946383414	0
9	1648	12090.661745997869	1
9	1649	12093.661745997869	0
9	1664	12235.76116282228	1
9	1665	12238.76116282228	0
9	1669	12288.447761699299	1
9	1671	12291.447761699299	0
9	1675	12313.249160918271	1
9	1676	12316.249160918271	0
9	1693	12420.804364528648	1
9	1694	12423.804364528648	0
9	1704	12497.234409833674	1
9	1705	12500.234409833674	0
9	1737	12820.60116201993	1
9	1740	12823.60116201993	0
9	1742	12877.434687235044	1
9	1743	12880.434687235044	0
9	1747	12895.454332116743	1
9	1748	12898.454332116743	0
9	1781	13098.06876791636	1
9	1782	13101.06876791636	0
9	1795	13171.143543767488	1
9	1797	13174.143543767488	0
9	1804	13225.378663394026	1
9	1805	13228.378663394026	0
9	1817	13337.808696373505	1
9	1818	13340.808696373505	0
9	1819	13349.943548098863	1
9	1821	13352.943548098863	0
9	1822	13363.047332585872	1
9	1823	13366.047332585872	0
9	1839	13535.073172585805	1
9	1840	13538.073172585805	0
9	1841	13555.087369779706	1
9	1842	13558.087369779706	0
9	1844	13588.110960296498	1
9	1845	13591.110960296498	0
9	1859	13708.839435187165	1
9	1861	13711.839435187165	0
9	1867	13766.05853305567	1
9	1868	13769.05853305567	0
9	1875	13834.146953349207	1
9	1876	13837.146953349207	0
9	1884	13914.229893335474	1
9	1887	13917.229893335474	0
9	1894	13974.913156603813	1
9	1895	13977.913156603813	0
9	1898	14001.958853852689	1
9	1899	14004.958853852689	0
9	1906	14068.915525901998	1
9	1908	14071.915525901998	0
9	1940	14234.724218622594	1
9	1941	14237.724218622594	0
9	1948	14277.271118983839	1
9	1950	14280.271118983839	0
9	1970	14371.954337696309	1
9	1971	14374.954337696309	0
9	1978	14398.342399182551	1
9	1979	14401.342399182551	0
9	1988	14419.931411321615	1
9	1990	14422.931411321615	0
9	1994	14457.120165942258	1
9	1995	14460.120165942258	0
9	2010	14516.359985532328	1
9	2013	14519.359985532328	0
9	2025	14610.169624864792	1
9	2026	14613.169624864792	0
9	2028	14616.25621865228	1
9	2032	14619.25621865228	0
9	2047	14718.574952099236	1
9	2050	14721.574952099236	0
9	2074	14862.32029945675	1
9	2075	14865.32029945675	0
9	2085	14943.066589059939	1
9	2087	14946.066589059939	0
9	2088	14947.698765566939	1
9	2089	14950.698765566939	0
9	2096	15044.217818992669	1
9	2098	15047.217818992669	0
9	2108	15139.352609413353	1
9	2109	15142.352609413353	0
9	2119	15165.775450186694	1
9	2120	15168.775450186694	0
9	2144	15354.099965812386	1
9	2145	15357.099965812386	0
9	2159	15429.961885558047	1
9	2160	15432.961885558047	0
9	2172	15511.721907365395	1
9	2173	15514.721907365395	0
9	2177	15529.956257358192	1
9	2178	15532.956257358192	0
9	2190	15627.804553708958	1
9	2192	15630.804553708958	0
9	2212	15855.496576738696	1
9	2213	15858.496576738696	0
9	2223	15932.603124237159	1
9	2224	15935.603124237159	0
9	2237	16003.123747527626	1
9	2238	16006.123747527626	0
9	2239	16011.481935409723	1
9	2240	16014.481935409723	0
9	2241	16017.930522453834	1
9	2242	16020.930522453834	0
9	2245	16041.307687101046	1
9	2246	16044.307687101046	0
9	2267	16163.965303064227	1
9	2268	16166.965303064227	0
9	2286	16271.866477715147	1
9	2287	16274.866477715147	0
9	2301	16336.640569391698	1
9	2302	16339.640569391698	0
9	2307	16386.379292955409	1
9	2308	16389.379292955409	0
9	2317	16432.206636680805	1
9	2319	16435.206636680805	0
9	2349	16637.676508817284	1
9	2351	16640.676508817284	0
9	2354	16644.880187536792	1
9	2356	16647.880187536792	0
9	2357	16663.640042954563	1
9	2358	16666.640042954563	0
9	2362	16728.810034014239	1
9	2363	16731.810034014239	0
9	2388	16906.084571555092	1
9	2389	16909.084571555092	0
9	2408	17101.154451327065	1
9	2410	17104.154451327065	0
9	2429	17232.05976021572	1
9	2430	17235.05976021572	0
9	2445	17321.309357053527	1
9	2446	17324.309357053527	0
9	2450	17355.54313019895	1
9	2451	17358.54313019895	0
9	2453	17367.145549605087	1
9	2454	17370.145549605087	0
9	2456	17392.544000527287	1
9	2458	17395.544000527287	0
9	2464	17409.770359361599	1
9	2465	17412.770359361599	0
9	2466	17415.642434160619	1
9	2467	17418.642434160619	0
9	2483	17499.648486777151	1
9	2485	17502.648486777151	0
9	2498	17572.044977722297	1
9	2500	17575.044977722297	0
9	2509	17645.675370825515	1
9	2511	17648.675370825515	0
9	2520	17699.040099799302	1
9	2521	17702.040099799302	0
9	2542	17837.192304290343	1
9	2544	17840.192304290343	0
9	2547	17854.441905577263	1
9	2548	17857.441905577263	0
9	2549	17899.348055779693	1
9	2550	17902.348055779693	0
9	2554	17925.259436302774	1
9	2556	17928.259436302774	0
9	2557	17934.277693885628	1
9	2558	17937.277693885628	0
9	2566	18012.251339902907	1
9	2567	18015.251339902907	0
9	2586	18174.057457513652	1
9	2587	18177.057457513652	0
9	2594	18262.059354932324	1
9	2595	18265.059354932324	0
9	2605	18355.651395946541	1
9	2606	18358.651395946541	0
9	2609	18373.446337506644	1
9	2610	18376.446337506644	0
9	2636	18594.569648314838	1
9	2637	18597.569648314838	0
9	2638	18599.359618773275	1
9	2639	18602.359618773275	0
9	2653	18774.106078719711	1
9	2654	18777.106078719711	0
9	2658	18829.22427469037	1
9	2659	18832.22427469037	0
9	2664	18865.77005149647	1
9	2665	18868.77005149647	0
9	2668	18882.049903834817	1
9	2669	18885.049903834817	0
9	2675	18943.653077020577	1
9	2676	18946.653077020577	0
9	2693	19059.470505990671	1
9	2694	19062.470505990671	0
9	2716	19218.695381153806	1
9	2717	19221.695381153806	0
9	2732	19336.443212297888	1
9	2734	19339.443212297888	0
9	2736	19364.291951976298	1
9	2737	19367.291951976298	0
9	2748	19446.000398943139	1
9	2749	19449.000398943139	0
9	2756	19520.729663357515	1
9	2758	19523.729663357515	0
9	2763	19552.544674075914	1
9	2764	19555.544674075914	0
9	2769	19618.340397082729	1
9	2770	19621.340397082729	0
9	2771	19622.305890953957	1
9	2773	19625.305890953957	0
9	2783	19691.301925519444	1
9	2785	19694.301925519444	0
9	2794	19732.729663357515	1
9	2795	19735.729663357515	0
9	2798	19786.226225798089	1
9	2799	19789.226225798089	0
9	2800	19792.78608643256	1
9	2802	19795.78608643256	0
9	2806	19814.660323870715	1
9	2807	19817.660323870715	0
9	2826	19932.044436102502	1
9	2827	19935.044436102502	0
10	195	1043.310549334502	3
10	223	1148.7975132782	3
10	228	1161.911463179818	3
10	236	1205.534333857907	3
10	249	1252.218895159421	3
10	261	1298.972074630042	3
10	280	1381.772844126643	3
10	310	1523.508336728359	3
10	313	1529.508336728359	8.43157137981
10	326	1608.768260432858	3
10	327	1614.768260432858	8.034082563848
10	341	1687.139123926496	3
10	362	1796.411760386846	3
10	370	1860.946502868017	3
10	372	1878.881749933218	3
10	385	1952.526192043729	3
10	390	1984.776630310933	3
10	396	1999.753228841883	3
10	399	2014.373449824873	3
10	401	2043.107092384121	3
10	405	2071.742285482902	3
10	423	2192.638822471912	3
10	427	2197.550706132332	3
10	444	2358.496556437535	3
10	457	2471.749117254757	3
10	471	2664.612809051608	3
10	475	2726.128639055048	3
10	484	2841.618736893901	3
10	491	2897.931860618279	3
10	501	2955.657053608314	3
10	534	3128.704591243553	3
10	542	3166.500841134697	3
10	545	3172.984950443001	3
10	554	3240.260018553036	3
10	583	3534.534877209479	3
10	619	3810.092893099792	3
10	623	3860.09139959824	3
10	654	4092.453109196146	3
10	662	4129.866325398358	3
10	667	4213.070797293165	3
10	688	4387.193418483571	3
10	694	4451.311539388673	3
10	698	4463.265062731609	3
10	703	4526.645376131241	3
10	723	4677.13316404268	3
10	734	4750.705846243312	3
10	736	4769.60951539505	3
10	752	4909.185345798429	3
10	757	4954.429394800111	3
10	759	4965.093967127386	3
10	784	5236.004552738791	3
10	803	5396.056133774486	3
10	807	5411.225425236873	3
10	827	5587.812181879471	3
10	833	5663.30345817386	3
10	850	5790.772739690268	3
10	861	5873.929005756816	3
10	868	5916.953883280572	3
10	870	5926.687281370058	3
10	878	5985.156848514277	3
10	898	6146.031037008073	3
10	901	6171.307830536831	3
10	904	6222.091575801755	3
10	923	6370.180993906746	3
10	933	6441.440533162557	3
10	941	6510.425894782556	3
10	943	6522.320082924761	3
10	949	6547.189261627938	3
10	966	6691.019905317463	3
10	970	6713.78997791136	3
10	976	6749.19567339023	3
10	985	6807.600339468104	3
10	990	6822.573970855066	3
10	1001	6900.006163170746	3
10	1018	6986.78026512859	3
10	1025	7022.311331376404	3
10	1050	7214.823531297981	3
10	1062	7397.423735214255	3
10	1075	7618.569890351527	3
10	1077	7631.898737487305	3
10	1090	7736.97953284798	3
10	1097	7792.956751305795	3
10	1104	7854.068513060038	3
10	1119	7977.236154708898	3
10	1140	8101.321546363516	3
10	1146	8125.694286175972	3
10	1153	8167.454411296232	3
10	1155	8181.058858687473	3
10	1158	8206.860203498871	3
10	1168	8250.092013396596	3
10	1179	8318.88495615212	3
10	1181	8323.423363867396	3
10	1188	8368.514945738194	3
10	1204	8483.420963888674	3
10	1208	8512.127174246203	3
10	1218	8596.214287104671	3
10	1223	8650.510006696861	3
10	1245	8835.348132520383	3
10	1255	8923.396548043448	3
10	1261	8994.40075492257	3
10	1277	9134.993599502796	3
10	1305	9349.84384584239	3
10	1307	9369.923737280201	3
10	1359	9602.292971900637	3
10	1370	9647.201351898571	3
10	1373	9657.887079971541	3
10	1386	9720.198088643438	3
10	1396	9772.448676878272	3
10	1401	9789.086895048832	3
10	1413	9878.032512943003	3
10	1418	9889.113229318853	3
10	1437	10009.015276020754	3
10	1447	10078.200867079851	3
10	1461	10170.777599729572	3
10	1465	10188.474991464715	3
10	1472	10260.131291995316	3
10	1513	10813.627331621455	3
10	1520	10895.546309336164	3
10	1537	11092.459501561219	3
10	1540	11162.064672828424	3
10	1543	11178.279788440661	3
10	1560	11362.165512623046	3
10	1563	11380.094910792298	3
10	1578	11514.691899914793	3
10	1586	11560.69615243946	3
10	1592	11610.099485504059	3
10	1605	11694.100393062948	3
10	1612	11742.964712521029	3
10	1634	11958.315965791633	3
10	1647	12071.256946383414	3
10	1649	12093.661745997869	3
10	1665	12238.76116282228	3
10	1671	12291.447761699299	3
10	1676	12316.249160918271	3
10	1694	12423.804364528648	3
10	1705	12500.234409833674	3
10	1740	12823.60116201993	3
10	1743	12880.434687235044	3
10	1748	12898.454332116743	3
10	1782	13101.06876791636	3
10	1797	13174.143543767488	3
10	1805	13228.378663394026	3
10	1818	13340.808696373505	3
10	1821	13352.943548098863	3
10	1823	13366.047332585872	3
10	1840	13538.073172585805	3
10	1842	13558.087369779706	3
10	1845	13591.110960296498	3
10	1861	13711.839435187165	3
10	1868	13769.05853305567	3
10	1876	13837.146953349207	3
10	1887	13917.229893335474	3
10	1895	13977.913156603813	3
10	1899	14004.958853852689	3
10	1908	14071.915525901998	3
10	1941	14237.724218622594	3
10	1950	14280.271118983839	3
10	1971	14374.954337696309	3
10	1979	14401.342399182551	3
10	1990	14422.931411321615	3
10	1995	14460.120165942258	3
10	2013	14519.359985532328	3
10	2026	14613.169624864792	3
10	2032	14619.25621865228	3
10	2050	14721.574952099236	3
10	2075	14865.32029945675	3
10	2087	14946.066589059939	3
10	2089	14950.698765566939	3
10	2098	15047.217818992669	3
10	2109	15142.352609413353	3
10	2120	15168.775450186694	3
10	2145	15357.099965812386	3
10	2160	15432.961885558047	3
10	2173	15514.721907365395	3
10	2178	15532.956257358192	3
10	2192	15630.804553708958	3
10	2213	15858.496576738696	3
10	2224	15935.603124237159	3
10	2238	16006.123747527626	3
10	2240	16014.481935409723	3
10	2242	16020.930522453834	3
10	2246	16044.307687101046	3
10	2268	16166.965303064227	3
10	2287	16274.866477715147	3
10	2302	16339.640569391698	3
10	2308	16389.379292955409	3
10	2319	16435.206636680805	3
10	2351	16640.676508817284	3
10	2356	16647.880187536792	3
10	2358	16666.640042954563	3
10	2363	16731.810034014239	3
10	2389	16909.084571555092	3
10	2410	17104.154451327065	3
10	2430	17235.05976021572	3
10	2446	17324.309357053527	3
10	2451	17358.54313019895	3
10	2454	17370.145549605087	3
10	2458	17395.544000527287	3
10	2465	17412.770359361599	3
10	2467	17418.642434160619	3
10	2485	17502.648486777151	3
10	2500	17575.044977722297	3
10	2511	17648.675370825515	3
10	2521	17702.040099799302	3
10	2544	17840.192304290343	3
10	2548	17857.441905577263	3
10	2550	17902.348055779693	3
10	2556	17928.259436302774	3
10	2558	17937.277693885628	3
10	2567	18015.251339902907	3
10	2587	18177.057457513652	3
10	2595	18265.059354932324	3
10	2606	18358.651395946541	3
10	2610	18376.446337506644	3
10	2637	18597.569648314838	3
10	2639	18602.359618773275	3
10	2654	18777.106078719711	3
10	2659	18832.22427469037	3
10	2665	18868.77005149647	3
10	2669	18885.049903834817	3
10	2676	18946.653077020577	3
10	2694	19062.470505990671	3
10	2717	19221.695381153806	3
10	2734	19339.443212297888	3
10	2737	19367.291951976298	3
10	2749	19449.000398943139	3
10	2758	19523.729663357515	3
10	2764	19555.544674075914	3
10	2770	19621.340397082729	3
10	2773	19625.305890953957	3
10	2785	19694.301925519444	3
10	2795	19735.729663357515	3
10	2799	19789.226225798089	3
10	2802	19795.78608643256	3
10	2807	19817.660323870715	3
10	2827	19935.044436102502	3
11	195	1043.310549334502	15959
11	223	1148.7975132782	15966
11	228	1161.911463179818	15963
11	236	1205.534333857907	15964
11	249	1252.218895159421	15967
11	261	1298.972074630042	15973
11	280	1381.772844126643	15971
11	310	1523.508336728359	15979
11	313	1529.508336728359	15976
11	326	1608.768260432858	15983
11	327	1614.768260432858	15978
11	341	1687.139123926496	15982
11	362	1796.411760386846	15986
11	370	1860.946502868017	15984
11	372	1878.881749933218	15988
11	385	1952.526192043729	15987
11	390	1984.776630310933	15991
11	396	1999.753228841883	15989
11	399	2014.373449824873	15990
11	401	2043.107092384121	15993
11	405	2071.742285482902	15994
11	423	2192.638822471912	15996
11	427	2197.550706132332	15995
11	444	2358.496556437535	15999
11	457	2471.749117254757	16000
11	471	2664.612809051608	16002
11	475	2726.128639055048	16003
11	484	2841.618736893901	16005
11	491	2897.931860618279	16006
11	501	2955.657053608314	16007
11	534	3128.704591243553	16011
11	542	3166.500841134697	16015
11	545	3172.984950443001	16012
11	554	3240.260018553036	16014
11	583	3534.534877209479	16019
11	619	3810.092893099792	16028
11	623	3860.09139959824	16029
11	654	4092.453109196146	16031
11	662	4129.866325398358	16033
11	667	4213.070797293165	16034
11	688	4387.193418483571	16038
11	694	4451.311539388673	16036
11	698	4463.265062731609	16041
11	703	4526.645376131241	16037
11	723	4677.13316404268	16044
11	734	4750.705846243312	16043
11	736	4769.60951539505	16048
11	752	4909.185345798429	16049
11	757	4954.429394800111	16047
11	759	4965.093967127386	16050
11	784	5236.004552738791	16051
11	803	5396.056133774486	16053
11	807	5411.225425236873	16056
11	827	5587.812181879471	16061
11	833	5663.30345817386	16062
11	850	5790.772739690268	16065
11	861	5873.929005756816	16064
11	868	5916.953883280572	16070
11	870	5926.687281370058	16066
11	878	5985.156848514277	16069
11	898	6146.031037008073	16074
11	901	6171.307830536831	16072
11	904	6222.091575801755	16073
11	923	6370.180993906746	16076
11	933	6441.440533162557	16077
11	941	6510.425894782556	16078
11	943	6522.320082924761	16081
11	949	6547.189261627938	16079
11	966	6691.019905317463	16080
11	970	6713.78997791136	16083
11	976	6749.19567339023	16084
11	985	6807.600339468104	16088
11	990	6822.573970855066	16085
11	1001	6900.006163170746	16090
11	1018	6986.78026512859	16087
11	1025	7022.311331376404	16092
11	1050	7214.823531297981	16097
11	1062	7397.423735214255	16099
11	1075	7618.569890351527	16102
11	1077	7631.898737487305	16103
11	1090	7736.97953284798	16106
11	1097	7792.956751305795	16107
11	1104	7854.068513060038	16104
11	1119	7977.236154708898	16109
11	1140	8101.321546363516	16114
11	1146	8125.694286175972	16116
11	1153	8167.454411296232	16112
11	1155	8181.058858687473	16113
11	1158	8206.860203498871	16118
11	1168	8250.092013396596	16110
11	1179	8318.88495615212	16119
11	1181	8323.423363867396	16115
11	1188	8368.514945738194	16122
11	1204	8483.420963888674	16123
11	1208	8512.127174246203	16126
11	1218	8596.214287104671	16125
11	1223	8650.510006696861	16127
11	1245	8835.348132520383	16130
11	1255	8923.396548043448	16133
11	1261	8994.40075492257	16132
11	1277	9134.993599502796	16134
11	1305	9349.84384584239	16135
11	1307	9369.923737280201	16140
11	1359	9602.292971900637	16145
11	1370	9647.201351898571	16147
11	1373	9657.887079971541	16143
11	1386	9720.198088643438	16154
11	1396	9772.448676878272	16155
11	1401	9789.086895048832	16153
11	1413	9878.032512943003	16152
11	1418	9889.113229318853	16157
11	1437	10009.015276020754	16161
11	1447	10078.200867079851	16160
11	1461	10170.777599729572	16162
11	1465	10188.474991464715	16165
11	1472	10260.131291995316	16166
11	1513	10813.627331621455	16172
11	1520	10895.546309336164	16170
11	1537	11092.459501561219	16174
11	1540	11162.064672828424	16176
11	1543	11178.279788440661	16175
11	1560	11362.165512623046	16177
11	1563	11380.094910792298	16178
11	1578	11514.691899914793	16180
11	1586	11560.69615243946	16185
11	1592	11610.099485504059	16186
11	1605	11694.100393062948	16187
11	1612	11742.964712521029	16183
11	1634	11958.315965791633	16191
11	1647	12071.256946383414	16189
11	1649	12093.661745997869	16192
11	1665	12238.76116282228	16194
11	1671	12291.447761699299	16196
11	1676	12316.249160918271	16195
11	1694	12423.804364528648	16202
11	1705	12500.234409833674	16201
11	1740	12823.60116201993	16207
11	1743	12880.434687235044	16208
11	1748	12898.454332116743	16205
11	1782	13101.06876791636	16212
11	1797	13174.143543767488	16214
11	1805	13228.378663394026	16216
11	1818	13340.808696373505	16218
11	1821	13352.943548098863	16219
11	1823	13366.047332585872	16220
11	1840	13538.073172585805	16224
11	1842	13558.087369779706	16221
11	1845	13591.110960296498	16222
11	1861	13711.839435187165	16225
11	1868	13769.05853305567	16227
11	1876	13837.146953349207	16229
11	1887	13917.229893335474	16228
11	1895	13977.913156603813	16230
11	1899	14004.958853852689	16232
11	1908	14071.915525901998	16231
11	1941	14237.724218622594	16239
11	1950	14280.271118983839	16242
11	1971	14374.954337696309	16241
11	1979	14401.342399182551	16243
11	1990	14422.931411321615	16248
11	1995	14460.120165942258	16249
11	2013	14519.359985532328	16253
11	2026	14613.169624864792	16250
11	2032	14619.25621865228	16251
11	2050	14721.574952099236	16255
11	2075	14865.32029945675	16262
11	2087	14946.066589059939	16261
11	2089	14950.698765566939	16263
11	2098	15047.217818992669	16260
11	2109	15142.352609413353	16264
11	2120	15168.775450186694	16267
11	2145	15357.099965812386	16265
11	2160	15432.961885558047	16270
11	2173	15514.721907365395	16276
11	2178	15532.956257358192	16273
11	2192	15630.804553708958	16277
11	2213	15858.496576738696	16280
11	2224	15935.603124237159	16284
11	2238	16006.123747527626	16282
11	2240	16014.481935409723	16283
11	2242	16020.930522453834	16289
11	2246	16044.307687101046	16285
11	2268	16166.965303064227	16290
11	2287	16274.866477715147	16291
11	2302	16339.640569391698	16294
11	2308	16389.379292955409	16292
11	2319	16435.206636680805	16299
11	2351	16640.676508817284	16305
11	2356	16647.880187536792	16300
11	2358	16666.640042954563	16301
11	2363	16731.810034014239	16307
11	2389	16909.084571555092	16311
11	2410	17104.154451327065	16310
11	2430	17235.05976021572	16317
11	2446	17324.309357053527	16316
11	2451	17358.54313019895	16321
11	2454	17370.145549605087	16318
11	2458	17395.544000527287	16319
11	2465	17412.770359361599	16315
11	2467	17418.642434160619	16324
11	2485	17502.648486777151	16323
11	2500	17575.044977722297	16328
11	2511	17648.675370825515	16326
11	2521	17702.040099799302	16329
11	2544	17840.192304290343	16332
11	2548	17857.441905577263	16330
11	2550	17902.348055779693	16336
11	2556	17928.259436302774	16333
11	2558	17937.277693885628	16334
11	2567	18015.251339902907	16338
11	2587	18177.057457513652	16340
11	2595	18265.059354932324	16343
11	2606	18358.651395946541	16342
11	2610	18376.446337506644	16344
11	2637	18597.569648314838	16349
11	2639	18602.359618773275	16346
11	2654	18777.106078719711	16352
11	2659	18832.22427469037	16350
11	2665	18868.77005149647	16353
11	2669	18885.049903834817	16354
11	2676	18946.653077020577	16356
11	2694	19062.470505990671	16359
11	2717	19221.695381153806	16360
11	2734	19339.443212297888	16365
11	2737	19367.291951976298	16364
11	2749	19449.000398943139	16367
11	2758	19523.729663357515	16370
11	2764	19555.544674075914	16371
11	2770	19621.340397082729	16368
11	2773	19625.305890953957	16369
11	2785	19694.301925519444	16375
11	2795	19735.729663357515	16372
11	2799	19789.226225798089	16373
11	2802	19795.78608643256	16374
11	2807	19817.660323870715	16376
11	2827	19935.044436102502	16379
12	192	1027.624882526657	311.25458142087
12	232	1193.798977371232	306
12	278	1372.735801363196	203
12	339	1678.139123926496	409
12	348	1730.456397517997	306
12	351	1743.750428409137	409
12	366	1838.732665577852	409
12	421	2187.776630310933	306
12	462	2561.496556437535	306
12	649	4013.092893099792	306
12	753	4917.483904263719	306
12	760	4972.60951539505	306
12	795	5313.458238206057	306
12	835	5680.480654967147	306
12	890	6069.112840076008	306
12	1053	7281.415027784493	306
12	1067	7508.576660837935	306
12	1111	7897.421042019569	409
12	1221	8645.616333641222	306
12	1247	8865.027413288541	306
12	1274	9126.396548043448	306
12	1335	9489.15812694313	409
12	1357	9591.384687061155	409
12	1387	9735.01366031992	203
12	1450	10092.113229318853	306
12	1459	10161.777599729572	306
12	1641	12005.60793938414	203
12	1722	12655.979658120232	409
12	1801	13219.562613918474	306
12	1843	13569.047332585872	306
12	1972	14377.799463205069	409
12	1999	14483.271118983839	306
12	2021	14563.314132918244	409
12	2068	14828.937976686245	409
12	2147	15365.330594950419	203
12	2204	15783.823156993369	306
12	2207	15831.449650780198	306
12	2250	16061.496576738696	306
12	2328	16498.2903315014	306
12	2331	16524.690135344456	306
12	2333	16530.690135344456	412.27345057095
12	2380	16843.676508817284	306
12	2411	17112.084571555092	306
12	2630	18552.110137331365	409
12	2657	18800.569648314838	306
12	2695	19071.77005149647	306
12	2706	19142.704597407081	306
13	192	1027.624882526657	11.254581420866
13	232	1193.798977371232	6
13	278	1372.735801363196	3
13	339	1678.139123926496	9
13	348	1730.456397517997	6
13	351	1743.750428409137	9
13	366	1838.732665577852	9
13	421	2187.776630310933	6
13	462	2561.496556437535	6
13	649	4013.092893099792	6
13	753	4917.483904263719	6
13	760	4972.60951539505	6
13	795	5313.458238206057	6
13	835	5680.480654967147	6
13	890	6069.112840076008	6
13	1053	7281.415027784493	6
13	1067	7508.576660837935	6
13	1111	7897.421042019569	9
13	1221	8645.616333641222	6
13	1247	8865.027413288541	6
13	1274	9126.396548043448	6
13	1335	9489.15812694313	9
13	1357	9591.384687061155	9
13	1387	9735.01366031992	3
13	1450	10092.113229318853	6
13	1459	10161.777599729572	6
13	1641	12005.60793938414	3
13	1722	12655.979658120232	9
13	1801	13219.562613918474	6
13	1843	13569.047332585872	6
13	1972	14377.799463205069	9
13	1999	14483.271118983839	6
13	2021	14563.314132918244	9
13	2068	14828.937976686245	9
13	2147	15365.330594950419	3
13	2204	15783.823156993369	6
13	2207	15831.449650780198	6
13	2250	16061.496576738696	6
13	2328	16498.2903315014	6
13	2331	16524.690135344456	6
13	2333	16530.690135344456	12.273450570946
13	2380	16843.676508817284	6
13	2411	17112.084571555092	6
13	2630	18552.110137331365	9
13	2657	18800.569648314838	6
13	2695	19071.77005149647	6
13	2706	19142.704597407081	6
14	192	1027.624882526657	2
14	232	1193.798977371232	2
14	278	1372.735801363196	1
14	339	1678.139123926496	3
14	348	1730.456397517997	2
14	351	1743.750428409137	3
14	366	1838.732665577852	3
14	421	2187.776630310933	2
14	462	2561.496556437535	2
14	649	4013.092893099792	2
14	753	4917.483904263719	2
14	760	4972.60951539505	2
14	795	5313.458238206057	2
14	835	5680.480654967147	2
14	890	6069.112840076008	2
14	1053	7281.415027784493	2
14	1067	7508.576660837935	2
14	1111	7897.421042019569	3
14	1221	8645.616333641222	2
14	1247	8865.027413288541	2
14	1274	9126.396548043448	2
14	1335	9489.15812694313	3
14	1357	9591.384687061155	3
14	1387	9735.01366031992	1
14	1450	10092.113229318853	2
14	1459	10161.777599729572	2
14	1641	12005.60793938414	1
14	1722	12655.979658120232	3
14	1801	13219.562613918474	2
14	1843	13569.047332585872	2
14	1972	14377.799463205069	3
14	1999	14483.271118983839	2
14	2021	14563.314132918244	3
14	2068	14828.937976686245	3
14	2147	15365.330594950419	1
14	2204	15783.823156993369	2
14	2207	15831.449650780198	2
14	2250	16061.496576738696	2
14	2328	16498.2903315014	2
14	2331	16524.690135344456	2
14	2333	16530.690135344456	3
14	2380	16843.676508817284	2
14	2411	17112.084571555092	2
14	2630	18552.110137331365	3
14	2657	18800.569648314838	2
14	2695	19071.77005149647	2
14	2706	19142.704597407081	2
15	205	1086.702143772183	306
15	230	1175.549029581293	409
15	250	1255.037423839389	306
15	323	1604.972074630042	409
15	365	1829.508336728359	409
15	414	2102.411760386846	409
15	460	2556.67886064603	306
15	473	2722.270082179104	306
15	513	3032.128639055048	409
15	537	3147.618736893901	409
15	543	3166.631647505447	306
15	550	3191.359986151474	203
15	581	3513.683682311357	203
15	657	4108.295604197077	203
15	704	4537.021431514958	203
15	720	4665.892957473789	306
15	738	4782.70814174792	306
15	812	5460.432550491908	203
15	892	6107.137291450907	203
15	929	6427.921534952091	306
15	935	6452.031037008073	409
15	1015	6972.135099210654	306
15	1022	7010.139894907082	203
15	1137	8085.621301361006	306
15	1139	8098.956751305795	409
15	1194	8410.930642050237	203
15	1241	8818.127174246203	409
15	1262	9022.914343044959	306
15	1321	9434.260002568348	306
15	1402	9809.982113092609	306
15	1454	10116.948710733706	306
15	1489	10566.131291995316	409
15	1526	10961.154823723844	203
15	1668	12264.315965791633	409
15	1730	12729.804364528648	409
15	1732	12782.38198425887	306
15	1770	13025.014768797936	306
15	1789	13127.797888830289	306
15	1793	13153.880361711483	306
15	1920	14119.900104310008	203
15	1977	14396.873225859333	306
15	2003	14506.28918911214	306
15	2051	14722.25621865228	306.92061594977
15	2080	14902.837121008085	306
15	2081	14924.47233970229	306
15	2093	14989.066296178705	306
15	2131	15262.090483589471	414.39171802253
15	2232	15968.622347094247	203
15	2341	16548.203255389943	306
15	2376	16813.532301866408	306
15	2484	17500.040294026781	306
15	2533	17793.511625636133	203
15	2580	18131.119022835558	306
15	2632	18571.059354932324	409
15	2718	19226.232189511727	306
15	2745	19438.999819623222	306
16	205	1086.702143772183	6
16	230	1175.549029581293	9
16	250	1255.037423839389	6
16	323	1604.972074630042	9
16	365	1829.508336728359	9
16	414	2102.411760386846	9
16	460	2556.67886064603	6
16	473	2722.270082179104	6
16	513	3032.128639055048	9
16	537	3147.618736893901	9
16	543	3166.631647505447	6
16	550	3191.359986151474	3
16	581	3513.683682311357	3
16	657	4108.295604197077	3
16	704	4537.021431514958	3
16	720	4665.892957473789	6
16	738	4782.70814174792	6
16	812	5460.432550491908	3
16	892	6107.137291450907	3
16	929	6427.921534952091	6
16	935	6452.031037008073	9
16	1015	6972.135099210654	6
16	1022	7010.139894907082	3
16	1137	8085.621301361006	6
16	1139	8098.956751305795	9
16	1194	8410.930642050237	3
16	1241	8818.127174246203	9
16	1262	9022.914343044959	6
16	1321	9434.260002568348	6
16	1402	9809.982113092609	6
16	1454	10116.948710733706	6
16	1489	10566.131291995316	9
16	1526	10961.154823723844	3
16	1668	12264.315965791633	9
16	1730	12729.804364528648	9
16	1732	12782.38198425887	6
16	1770	13025.014768797936	6
16	1789	13127.797888830289	6
16	1793	13153.880361711483	6
16	1920	14119.900104310008	3
16	1977	14396.873225859333	6
16	2003	14506.28918911214	6
16	2051	14722.25621865228	6.92061594977
16	2080	14902.837121008085	6
16	2081	14924.47233970229	6
16	2093	14989.066296178705	6
16	2131	15262.090483589471	14.391718022532
16	2232	15968.622347094247	3
16	2341	16548.203255389943	6
16	2376	16813.532301866408	6
16	2484	17500.040294026781	6
16	2533	17793.511625636133	3
16	2580	18131.119022835558	6
16	2632	18571.059354932324	9
16	2718	19226.232189511727	6
16	2745	19438.999819623222	6
17	205	1086.702143772183	2
17	230	1175.549029581293	3
17	250	1255.037423839389	2
17	323	1604.972074630042	3
17	365	1829.508336728359	3
17	414	2102.411760386846	3
17	460	2556.67886064603	2
17	473	2722.270082179104	2
17	513	3032.128639055048	3
17	537	3147.618736893901	3
17	543	3166.631647505447	2
17	550	3191.359986151474	1
17	581	3513.683682311357	1
17	657	4108.295604197077	1
17	704	4537.021431514958	1
17	720	4665.892957473789	2
17	738	4782.70814174792	2
17	812	5460.432550491908	1
17	892	6107.137291450907	1
17	929	6427.921534952091	2
17	935	6452.031037008073	3
17	1015	6972.135099210654	2
17	1022	7010.139894907082	1
17	1137	8085.621301361006	2
17	1139	8098.956751305795	3
17	1194	8410.930642050237	1
17	1241	8818.127174246203	3
17	1262	9022.914343044959	2
17	1321	9434.260002568348	2
17	1402	9809.982113092609	2
17	1454	10116.948710733706	2
17	1489	10566.131291995316	3
17	1526	10961.154823723844	1
17	1668	12264.315965791633	3
17	1730	12729.804364528648	3
17	1732	12782.38198425887	2
17	1770	13025.014768797936	2
17	1789	13127.797888830289	2
17	1793	13153.880361711483	2
17	1920	14119.900104310008	1
17	1977	14396.873225859333	2
17	2003	14506.28918911214	2
17	2051	14722.25621865228	2
17	2080	14902.837121008085	2
17	2081	14924.47233970229	2
17	2093	14989.066296178705	2
17	2131	15262.090483589471	3
17	2232	15968.622347094247	1
17	2341	16548.203255389943	2
17	2376	16813.532301866408	2
17	2484	17500.040294026781	2
17	2533	17793.511625636133	1
17	2580	18131.119022835558	2
17	2632	18571.059354932324	3
17	2718	19226.232189511727	2
17	2745	19438.999819623222	2
18	188	1019.952627852227	409
18	193	1030.193674507934	306
18	265	1314.112278780465	306
18	281	1396.959888226581	203
18	446	2377.742285482902	409
18	450	2440.003995774169	203
18	499	2954.84361065108	306
18	551	3225.34561837563	306
18	555	3261.657053608314	409
18	559	3278.997274499885	203
18	634	3910.673424217917	306
18	640	3971.659719098447	306
18	804	5396.499020699058	306
18	831	5617.704477844861	306
18	1012	6929.606903828546	203
18	1039	7130.841986167642	306
18	1058	7310.405860061174	306
18	1212	8554.987445307049	306
18	1355	9581.84911610641	306
18	1383	9709.928124859267	306
18	1406	9841.664474299798	306
18	1468	10217.915527946617	203
18	1477	10315.015276020754	409
18	1510	10803.201567898809	306
18	1610	11722.010825368443	306
18	1790	13133.797888830289	413.19672681036
18	1811	13273.889813013924	203
18	1890	13946.841362042732	306
18	1993	14446.723073947992	203
18	2019	14543.724218622594	409
18	2034	14620.683017226058	306
18	2054	14731.937976686245	412.00656536463
18	2092	14972.316720519766	306
18	2121	15171.32029945675	409
18	2164	15474.775450186694	409
18	2186	15595.107677636228	306
18	2330	16509.39323022772	306
18	2364	16732.932804548423	203
18	2366	16741.880187536792	306
18	2403	17037.810034014239	409
18	2416	17153.338673107526	306
18	2447	17330.789204388993	306
18	2515	17664.54313019895	409
18	2523	17724.642434160619	409
18	2589	18208.348055779693	409
18	2631	18552.2608662359	203
18	2677	18956.721480892052	306
18	2713	19191.049903834817	409
18	2740	19378.333590927848	306
18	2797	19755.000398943139	409
19	188	1019.952627852227	9
19	193	1030.193674507934	6
19	265	1314.112278780465	6
19	281	1396.959888226581	3
19	446	2377.742285482902	9
19	450	2440.003995774169	3
19	499	2954.84361065108	6
19	551	3225.34561837563	6
19	555	3261.657053608314	9
19	559	3278.997274499885	3
19	634	3910.673424217917	6
19	640	3971.659719098447	6
19	804	5396.499020699058	6
19	831	5617.704477844861	6
19	1012	6929.606903828546	3
19	1039	7130.841986167642	6
19	1058	7310.405860061174	6
19	1212	8554.987445307049	6
19	1355	9581.84911610641	6
19	1383	9709.928124859267	6
19	1406	9841.664474299798	6
19	1468	10217.915527946617	3
19	1477	10315.015276020754	9
19	1510	10803.201567898809	6
19	1610	11722.010825368443	6
19	1790	13133.797888830289	13.196726810359
19	1811	13273.889813013924	3
19	1890	13946.841362042732	6
19	1993	14446.723073947992	3
19	2019	14543.724218622594	9
19	2034	14620.683017226058	6
19	2054	14731.937976686245	12.00656536463
19	2092	14972.316720519766	6
19	2121	15171.32029945675	9
19	2164	15474.775450186694	9
19	2186	15595.107677636228	6
19	2330	16509.39323022772	6
19	2364	16732.932804548423	3
19	2366	16741.880187536792	6
19	2403	17037.810034014239	9
19	2416	17153.338673107526	6
19	2447	17330.789204388993	6
19	2515	17664.54313019895	9
19	2523	17724.642434160619	9
19	2589	18208.348055779693	9
19	2631	18552.2608662359	3
19	2677	18956.721480892052	6
19	2713	19191.049903834817	9
19	2740	19378.333590927848	6
19	2797	19755.000398943139	9
20	188	1019.952627852227	3
20	193	1030.193674507934	2
20	265	1314.112278780465	2
20	281	1396.959888226581	1
20	446	2377.742285482902	3
20	450	2440.003995774169	1
20	499	2954.84361065108	2
20	551	3225.34561837563	2
20	555	3261.657053608314	3
20	559	3278.997274499885	1
20	634	3910.673424217917	2
20	640	3971.659719098447	2
20	804	5396.499020699058	2
20	831	5617.704477844861	2
20	1012	6929.606903828546	1
20	1039	7130.841986167642	2
20	1058	7310.405860061174	2
20	1212	8554.987445307049	2
20	1355	9581.84911610641	2
20	1383	9709.928124859267	2
20	1406	9841.664474299798	2
20	1468	10217.915527946617	1
20	1477	10315.015276020754	3
20	1510	10803.201567898809	2
20	1610	11722.010825368443	2
20	1790	13133.797888830289	3
20	1811	13273.889813013924	1
20	1890	13946.841362042732	2
20	1993	14446.723073947992	1
20	2019	14543.724218622594	3
20	2034	14620.683017226058	2
20	2054	14731.937976686245	3
20	2092	14972.316720519766	2
20	2121	15171.32029945675	3
20	2164	15474.775450186694	3
20	2186	15595.107677636228	2
20	2330	16509.39323022772	2
20	2364	16732.932804548423	1
20	2366	16741.880187536792	2
20	2403	17037.810034014239	3
20	2416	17153.338673107526	2
20	2447	17330.789204388993	2
20	2515	17664.54313019895	3
20	2523	17724.642434160619	3
20	2589	18208.348055779693	3
20	2631	18552.2608662359	1
20	2677	18956.721480892052	2
20	2713	19191.049903834817	3
20	2740	19378.333590927848	2
20	2797	19755.000398943139	3
21	209	1100.921933654011	306
21	216	1122.951600425157	309.43762931309
21	275	1364.911463179818	409
21	530	3100.931860618279	306
21	541	3164.657053608314	309.29334497095
21	567	3369.500841134697	306
21	574	3443.260018553036	409
21	621	3814.518907831019	306
21	679	4318.754243062986	306
21	743	4833.551859011457	203
21	851	5798.072858872808	203
21	928	6425.091575801755	409
21	1007	6916.78997791136	409
21	1100	7821.569890351527	306
21	1169	8257.021545624641	203
21	1226	8686.420963888674	409
21	1239	8799.214287104671	409
21	1286	9197.40075492257	409
21	1333	9484.84911610641	207.25389969754
21	1352	9572.923737280201	306
21	1378	9679.344127695844	306
21	1423	9923.198088643438	306
21	1482	10391.474991464715	306
21	1532	11016.627331621455	306
21	1554	11295.459501561219	409
21	1603	11667.318650745207	306
21	1721	12649.210149507165	306
21	1864	13741.073172585805	306
21	1904	14040.146953349207	306
21	1937	14207.958853852689	306
21	1960	14312.594917188347	306
21	2143	15345.352609413353	409
21	2184	15584.300091304774	306
21	2194	15650.752282215463	306
21	2263	16138.603124237159	306
21	2284	16247.307687101046	409
21	2461	17398.799790075526	306
21	2499	17573.145549605087	409
21	2516	17667.069167681249	306
21	2551	17905.040099799302	409
21	2699	19108.166861618205	203
21	2724	19265.470505990671	306
22	209	1100.921933654011	6
22	216	1122.951600425157	9.437629313091
22	275	1364.911463179818	9
22	530	3100.931860618279	6
22	541	3164.657053608314	9.293344970952
22	567	3369.500841134697	6
22	574	3443.260018553036	9
22	621	3814.518907831019	6
22	679	4318.754243062986	6
22	743	4833.551859011457	3
22	851	5798.072858872808	3
22	928	6425.091575801755	9
22	1007	6916.78997791136	9
22	1100	7821.569890351527	6
22	1169	8257.021545624641	3
22	1226	8686.420963888674	9
22	1239	8799.214287104671	9
22	1286	9197.40075492257	9
22	1333	9484.84911610641	7.253899697536
22	1352	9572.923737280201	6
22	1378	9679.344127695844	6
22	1423	9923.198088643438	6
22	1482	10391.474991464715	6
22	1532	11016.627331621455	6
22	1554	11295.459501561219	9
22	1603	11667.318650745207	6
22	1721	12649.210149507165	6
22	1864	13741.073172585805	6
22	1904	14040.146953349207	6
22	1937	14207.958853852689	6
22	1960	14312.594917188347	6
22	2143	15345.352609413353	9
22	2184	15584.300091304774	6
22	2194	15650.752282215463	6
22	2263	16138.603124237159	6
22	2284	16247.307687101046	9
22	2461	17398.799790075526	6
22	2499	17573.145549605087	9
22	2516	17667.069167681249	6
22	2551	17905.040099799302	9
22	2699	19108.166861618205	3
22	2724	19265.470505990671	6
23	209	1100.921933654011	2
23	216	1122.951600425157	2
23	275	1364.911463179818	3
23	530	3100.931860618279	2
23	541	3164.657053608314	2
23	567	3369.500841134697	2
23	574	3443.260018553036	3
23	621	3814.518907831019	2
23	679	4318.754243062986	2
23	743	4833.551859011457	1
23	851	5798.072858872808	1
23	928	6425.091575801755	3
23	1007	6916.78997791136	3
23	1100	7821.569890351527	2
23	1169	8257.021545624641	1
23	1226	8686.420963888674	3
23	1239	8799.214287104671	3
23	1286	9197.40075492257	3
23	1333	9484.84911610641	1
23	1352	9572.923737280201	2
23	1378	9679.344127695844	2
23	1423	9923.198088643438	2
23	1482	10391.474991464715	2
23	1532	11016.627331621455	2
23	1554	11295.459501561219	3
23	1603	11667.318650745207	2
23	1721	12649.210149507165	2
23	1864	13741.073172585805	2
23	1904	14040.146953349207	2
23	1937	14207.958853852689	2
23	1960	14312.594917188347	2
23	2143	15345.352609413353	3
23	2184	15584.300091304774	2
23	2194	15650.752282215463	2
23	2263	16138.603124237159	2
23	2284	16247.307687101046	3
23	2461	17398.799790075526	2
23	2499	17573.145549605087	3
23	2516	17667.069167681249	2
23	2551	17905.040099799302	3
23	2699	19108.166861618205	1
23	2724	19265.470505990671	2
24	202	1062.615847772805	306
24	273	1351.7975132782	306
24	285	1408.534333857907	409
24	291	1423.112278780465	311.96685067515
24	376	1890.139123926496	413.00215769685
24	418	2155.526192043729	409
24	429	2246.107092384121	306
24	448	2400.550706132332	409
24	472	2674.749117254757	306
24	568	3392.131307054459	306
24	652	4063.09139959824	306
24	676	4295.453109196146	409
24	681	4332.866325398358	409
24	756	4953.705846243312	409
24	859	5866.30345817386	306
24	879	5993.772739690268	306
24	887	6055.600159716768	306
24	895	6119.953883280572	306
24	969	6713.425894782556	409
24	974	6734.754515468323	306
24	1014	6952.19567339023	409
24	1060	7342.588812935645	306
24	1108	7885.108303104131	306
24	1191	8384.058858687473	409
24	1246	8853.510006696861	306
24	1266	9038.348132520383	306
24	1429	9975.448676878272	306
24	1434	9992.086895048832	409
24	1474	10281.200867079851	409
24	1531	11001.566203244885	306
24	1608	11717.691899914793	409
24	1616	11763.69615243946	306
24	1703	12494.447761699299	306
24	1706	12514.817247961649	306
24	1713	12563.270902366088	306
24	1727	12703.234409833674	409
24	1813	13304.06876791636	409
24	1814	13324.804167374939	306
24	1826	13431.378663394026	409
24	1866	13761.087369779706	409
24	1885	13914.839435187165	409
24	1928	14180.913156603813	409
24	2082	14924.574952099236	409
24	2112	15149.066589059939	409
24	2138	15309.585133237236	203
24	2146	15359.090483589471	306
24	2197	15717.721907365395	306
24	2209	15833.804553708958	409
24	2266	16153.245932076028	306
24	2546	17851.675370825515	409
24	2581	18140.277693885628	409
24	2634	18579.446337506644	409
24	2681	18980.106078719711	306
24	2742	19416.329273108935	306
24	2792	19726.729663357515	306
24	2830	19992.226225798089	409
25	202	1062.615847772805	6
25	273	1351.7975132782	6
25	285	1408.534333857907	9
25	291	1423.112278780465	11.966850675152
25	376	1890.139123926496	13.002157696848
25	418	2155.526192043729	9
25	429	2246.107092384121	6
25	448	2400.550706132332	9
25	472	2674.749117254757	6
25	568	3392.131307054459	6
25	652	4063.09139959824	6
25	676	4295.453109196146	9
25	681	4332.866325398358	9
25	756	4953.705846243312	9
25	859	5866.30345817386	6
25	879	5993.772739690268	6
25	887	6055.600159716768	6
25	895	6119.953883280572	6
25	969	6713.425894782556	9
25	974	6734.754515468323	6
25	1014	6952.19567339023	9
25	1060	7342.588812935645	6
25	1108	7885.108303104131	6
25	1191	8384.058858687473	9
25	1246	8853.510006696861	6
25	1266	9038.348132520383	6
25	1429	9975.448676878272	6
25	1434	9992.086895048832	9
25	1474	10281.200867079851	9
25	1531	11001.566203244885	6
25	1608	11717.691899914793	9
25	1616	11763.69615243946	6
25	1703	12494.447761699299	6
25	1706	12514.817247961649	6
25	1713	12563.270902366088	6
25	1727	12703.234409833674	9
25	1813	13304.06876791636	9
25	1814	13324.804167374939	6
25	1826	13431.378663394026	9
25	1866	13761.087369779706	9
25	1885	13914.839435187165	9
25	1928	14180.913156603813	9
25	2082	14924.574952099236	9
25	2112	15149.066589059939	9
25	2138	15309.585133237236	3
25	2146	15359.090483589471	6
25	2197	15717.721907365395	6
25	2209	15833.804553708958	9
25	2266	16153.245932076028	6
25	2546	17851.675370825515	9
25	2581	18140.277693885628	9
25	2634	18579.446337506644	9
25	2681	18980.106078719711	6
25	2742	19416.329273108935	6
25	2792	19726.729663357515	6
25	2830	19992.226225798089	9
26	202	1062.615847772805	2
26	273	1351.7975132782	2
26	285	1408.534333857907	3
26	291	1423.112278780465	2
26	376	1890.139123926496	3
26	418	2155.526192043729	3
26	429	2246.107092384121	2
26	448	2400.550706132332	3
26	472	2674.749117254757	2
26	568	3392.131307054459	2
26	652	4063.09139959824	2
26	676	4295.453109196146	3
26	681	4332.866325398358	3
26	756	4953.705846243312	3
26	859	5866.30345817386	2
26	879	5993.772739690268	2
26	887	6055.600159716768	2
26	895	6119.953883280572	2
26	969	6713.425894782556	3
26	974	6734.754515468323	2
26	1014	6952.19567339023	3
26	1060	7342.588812935645	2
26	1108	7885.108303104131	2
26	1191	8384.058858687473	3
26	1246	8853.510006696861	2
26	1266	9038.348132520383	2
26	1429	9975.448676878272	2
26	1434	9992.086895048832	3
26	1474	10281.200867079851	3
26	1531	11001.566203244885	2
26	1608	11717.691899914793	3
26	1616	11763.69615243946	2
26	1703	12494.447761699299	2
26	1706	12514.817247961649	2
26	1713	12563.270902366088	2
26	1727	12703.234409833674	3
26	1813	13304.06876791636	3
26	1814	13324.804167374939	2
26	1826	13431.378663394026	3
26	1866	13761.087369779706	3
26	1885	13914.839435187165	3
26	1928	14180.913156603813	3
26	2082	14924.574952099236	3
26	2112	15149.066589059939	3
26	2138	15309.585133237236	1
26	2146	15359.090483589471	2
26	2197	15717.721907365395	2
26	2209	15833.804553708958	3
26	2266	16153.245932076028	2
26	2546	17851.675370825515	3
26	2581	18140.277693885628	3
26	2634	18579.446337506644	3
26	2681	18980.106078719711	2
26	2742	19416.329273108935	2
26	2792	19726.729663357515	2
26	2830	19992.226225798089	3
27	220	1143.310549334502	306
27	274	1352.218895159421	306
27	345	1714.768260432858	311.03408256385
27	386	1960.946502868017	306
27	479	2764.612809051608	306
27	708	4563.265062731609	203
27	715	4626.645376131241	409
27	797	5336.004552738791	409
27	876	5973.929005756816	306
27	936	6470.180993906746	306
27	946	6541.440533162557	306
27	957	6622.320082924761	203
27	1009	6922.573970855066	306
27	1019	7000.006163170746	203
27	1088	7731.898737487305	203
27	1115	7954.068513060038	409
27	1171	8267.454411296232	306
27	1195	8418.88495615212	306
27	1473	10270.777599729572	310.30909961008
27	1553	11278.279788440661	306
27	1572	11462.165512623046	306
27	1617	11794.100393062948	203
27	1657	12171.256946383414	409
27	1659	12193.661745997869	306
27	1692	12416.249160918271	306
27	1764	12998.454332116743	409
27	1812	13274.143543767488	306
27	1828	13440.808696373505	306
27	1830	13452.943548098863	306
27	1856	13691.110960296498	306
27	1880	13869.05853305567	203
27	1902	14017.229893335474	306
27	1925	14171.915525901998	306
27	2002	14501.342399182551	306
27	2020	14560.120165942258	203
27	2033	14619.359985532328	203
27	2110	15147.217818992669	409
27	2163	15457.099965812386	409
27	2179	15532.961885558047	306
27	2257	16106.123747527626	306
27	2258	16114.481935409723	306
27	2327	16489.379292955409	409
27	2369	16747.880187536792	414.03531083541
27	2372	16766.640042954563	409
27	2480	17495.544000527287	306
27	2486	17512.770359361599	409
27	2517	17675.044977722297	203
27	2562	17957.441905577263	409
27	2569	18028.259436302774	306
27	2790	19721.340397082729	306
27	2812	19835.729663357515	309.35486407359
27	2821	19917.660323870715	306
28	220	1143.310549334502	6
28	274	1352.218895159421	6
28	345	1714.768260432858	11.034082563848
28	386	1960.946502868017	6
28	479	2764.612809051608	6
28	708	4563.265062731609	3
28	715	4626.645376131241	9
28	797	5336.004552738791	9
28	876	5973.929005756816	6
28	936	6470.180993906746	6
28	946	6541.440533162557	6
28	957	6622.320082924761	3
28	1009	6922.573970855066	6
28	1019	7000.006163170746	3
28	1088	7731.898737487305	3
28	1115	7954.068513060038	9
28	1171	8267.454411296232	6
28	1195	8418.88495615212	6
28	1473	10270.777599729572	10.309099610075
28	1553	11278.279788440661	6
28	1572	11462.165512623046	6
28	1617	11794.100393062948	3
28	1657	12171.256946383414	9
28	1659	12193.661745997869	6
28	1692	12416.249160918271	6
28	1764	12998.454332116743	9
28	1812	13274.143543767488	6
28	1828	13440.808696373505	6
28	1830	13452.943548098863	6
28	1856	13691.110960296498	6
28	1880	13869.05853305567	3
28	1902	14017.229893335474	6
28	1925	14171.915525901998	6
28	2002	14501.342399182551	6
28	2020	14560.120165942258	3
28	2033	14619.359985532328	3
28	2110	15147.217818992669	9
28	2163	15457.099965812386	9
28	2179	15532.961885558047	6
28	2257	16106.123747527626	6
28	2258	16114.481935409723	6
28	2327	16489.379292955409	9
28	2369	16747.880187536792	14.035310835415
28	2372	16766.640042954563	9
28	2480	17495.544000527287	6
28	2486	17512.770359361599	9
28	2517	17675.044977722297	3
28	2562	17957.441905577263	9
28	2569	18028.259436302774	6
28	2790	19721.340397082729	6
28	2812	19835.729663357515	9.354864073592
28	2821	19917.660323870715	6
29	220	1143.310549334502	2
29	274	1352.218895159421	2
29	345	1714.768260432858	2
29	386	1960.946502868017	2
29	479	2764.612809051608	2
29	708	4563.265062731609	1
29	715	4626.645376131241	3
29	797	5336.004552738791	3
29	876	5973.929005756816	2
29	936	6470.180993906746	2
29	946	6541.440533162557	2
29	957	6622.320082924761	1
29	1009	6922.573970855066	2
29	1019	7000.006163170746	1
29	1088	7731.898737487305	1
29	1115	7954.068513060038	3
29	1171	8267.454411296232	2
29	1195	8418.88495615212	2
29	1473	10270.777599729572	2
29	1553	11278.279788440661	2
29	1572	11462.165512623046	2
29	1617	11794.100393062948	1
29	1657	12171.256946383414	3
29	1659	12193.661745997869	2
29	1692	12416.249160918271	2
29	1764	12998.454332116743	3
29	1812	13274.143543767488	2
29	1828	13440.808696373505	2
29	1830	13452.943548098863	2
29	1856	13691.110960296498	2
29	1880	13869.05853305567	1
29	1902	14017.229893335474	2
29	1925	14171.915525901998	2
29	2002	14501.342399182551	2
29	2020	14560.120165942258	1
29	2033	14619.359985532328	1
29	2110	15147.217818992669	3
29	2163	15457.099965812386	3
29	2179	15532.961885558047	2
29	2257	16106.123747527626	2
29	2258	16114.481935409723	2
29	2327	16489.379292955409	3
29	2369	16747.880187536792	3
29	2372	16766.640042954563	3
29	2480	17495.544000527287	2
29	2486	17512.770359361599	3
29	2517	17675.044977722297	1
29	2562	17957.441905577263	3
29	2569	18028.259436302774	2
29	2790	19721.340397082729	2
29	2812	19835.729663357515	2
29	2821	19917.660323870715	2
30	301	1481.772844126643	306
30	331	1629.508336728359	311.43157137981
30	388	1978.881749933218	203
30	413	2099.753228841883	306
30	415	2114.373449824873	306
30	552	3228.704591243553	306
30	558	3272.984950443001	306
30	594	3634.534877209479	306
30	677	4313.070797293165	306
30	706	4551.311539388673	409
30	737	4777.13316404268	203
30	762	5009.185345798429	306
30	765	5054.429394800111	409
30	766	5065.093967127386	203
30	816	5496.056133774486	409
30	819	5511.225425236873	306
30	837	5687.812181879471	203
30	885	6026.687281370058	306
30	891	6085.156848514277	306
30	911	6271.307830536831	306
30	962	6647.189261627938	306
30	981	6791.019905317463	409
30	1033	7086.78026512859	409
30	1038	7122.311331376404	306
30	1059	7314.823531297981	306
30	1066	7497.423735214255	306
30	1135	8077.236154708898	203
30	1156	8201.321546363516	203
30	1175	8306.860203498871	203
30	1185	8350.092013396596	409
30	1196	8423.423363867396	409
30	1289	9234.993599502796	203
30	1324	9449.84384584239	409
30	1381	9702.292971900637	306
30	1390	9747.201351898571	306
30	1391	9757.887079971541	409
30	1430	9978.032512943003	409
30	1530	10995.546309336164	306
30	1575	11480.094910792298	306
30	1622	11842.964712521029	409
30	1678	12338.76116282228	306
30	1759	12980.434687235044	203
30	1998	14474.954337696309	306
30	2045	14713.169624864792	306
30	2048	14719.25621865228	306
30	2193	15632.956257358192	306
30	2285	16266.965303064227	306
30	2306	16374.866477715147	306
30	2322	16439.640569391698	306
30	2334	16535.206636680805	203
30	2423	17204.154451327065	409
30	2468	17424.309357053527	306
30	2505	17602.648486777151	306
30	2559	17940.192304290343	306
30	2579	18115.251339902907	203
30	2620	18458.651395946541	306
30	2647	18702.359618773275	409
30	2672	18932.22427469037	306
30	2730	19321.695381153806	306
30	2751	19467.291951976298	306
30	2779	19655.544674075914	203
30	2791	19725.305890953957	306
30	2817	19895.78608643256	306
31	301	1481.772844126643	6
31	331	1629.508336728359	11.43157137981
31	388	1978.881749933218	3
31	413	2099.753228841883	6
31	415	2114.373449824873	6
31	552	3228.704591243553	6
31	558	3272.984950443001	6
31	594	3634.534877209479	6
31	677	4313.070797293165	6
31	706	4551.311539388673	9
31	737	4777.13316404268	3
31	762	5009.185345798429	6
31	765	5054.429394800111	9
31	766	5065.093967127386	3
31	816	5496.056133774486	9
31	819	5511.225425236873	6
31	837	5687.812181879471	3
31	885	6026.687281370058	6
31	891	6085.156848514277	6
31	911	6271.307830536831	6
31	962	6647.189261627938	6
31	981	6791.019905317463	9
31	1033	7086.78026512859	9
31	1038	7122.311331376404	6
31	1059	7314.823531297981	6
31	1066	7497.423735214255	6
31	1135	8077.236154708898	3
31	1156	8201.321546363516	3
31	1175	8306.860203498871	3
31	1185	8350.092013396596	9
31	1196	8423.423363867396	9
31	1289	9234.993599502796	3
31	1324	9449.84384584239	9
31	1381	9702.292971900637	6
31	1390	9747.201351898571	6
31	1391	9757.887079971541	9
31	1430	9978.032512943003	9
31	1530	10995.546309336164	6
31	1575	11480.094910792298	6
31	1622	11842.964712521029	9
31	1678	12338.76116282228	6
31	1759	12980.434687235044	3
31	1998	14474.954337696309	6
31	2045	14713.169624864792	6
31	2048	14719.25621865228	6
31	2193	15632.956257358192	6
31	2285	16266.965303064227	6
31	2306	16374.866477715147	6
31	2322	16439.640569391698	6
31	2334	16535.206636680805	3
31	2423	17204.154451327065	9
31	2468	17424.309357053527	6
31	2505	17602.648486777151	6
31	2559	17940.192304290343	6
31	2579	18115.251339902907	3
31	2620	18458.651395946541	6
31	2647	18702.359618773275	9
31	2672	18932.22427469037	6
31	2730	19321.695381153806	6
31	2751	19467.291951976298	6
31	2779	19655.544674075914	3
31	2791	19725.305890953957	6
31	2817	19895.78608643256	6
32	301	1481.772844126643	2
32	331	1629.508336728359	2
32	388	1978.881749933218	1
32	413	2099.753228841883	2
32	415	2114.373449824873	2
32	552	3228.704591243553	2
32	558	3272.984950443001	2
32	594	3634.534877209479	2
32	677	4313.070797293165	2
32	706	4551.311539388673	3
32	737	4777.13316404268	1
32	762	5009.185345798429	2
32	765	5054.429394800111	3
32	766	5065.093967127386	1
32	816	5496.056133774486	3
32	819	5511.225425236873	2
32	837	5687.812181879471	1
32	885	6026.687281370058	2
32	891	6085.156848514277	2
32	911	6271.307830536831	2
32	962	6647.189261627938	2
32	981	6791.019905317463	3
32	1033	7086.78026512859	3
32	1038	7122.311331376404	2
32	1059	7314.823531297981	2
32	1066	7497.423735214255	2
32	1135	8077.236154708898	1
32	1156	8201.321546363516	1
32	1175	8306.860203498871	1
32	1185	8350.092013396596	3
32	1196	8423.423363867396	3
32	1289	9234.993599502796	1
32	1324	9449.84384584239	3
32	1381	9702.292971900637	2
32	1390	9747.201351898571	2
32	1391	9757.887079971541	3
32	1430	9978.032512943003	3
32	1530	10995.546309336164	2
32	1575	11480.094910792298	2
32	1622	11842.964712521029	3
32	1678	12338.76116282228	2
32	1759	12980.434687235044	1
32	1998	14474.954337696309	2
32	2045	14713.169624864792	2
32	2048	14719.25621865228	2
32	2193	15632.956257358192	2
32	2285	16266.965303064227	2
32	2306	16374.866477715147	2
32	2322	16439.640569391698	2
32	2334	16535.206636680805	1
32	2423	17204.154451327065	3
32	2468	17424.309357053527	2
32	2505	17602.648486777151	2
32	2559	17940.192304290343	2
32	2579	18115.251339902907	1
32	2620	18458.651395946541	2
32	2647	18702.359618773275	3
32	2672	18932.22427469037	2
32	2730	19321.695381153806	2
32	2751	19467.291951976298	2
32	2779	19655.544674075914	1
32	2791	19725.305890953957	2
32	2817	19895.78608643256	2
33	243	1227.233520231062	409
33	268	1322.951600425157	409
33	307	1516.422812860717	203
33	318	1548.088684740892	409
33	364	1811.768260432858	306
33	373	1879.428077015151	203
33	436	2297.044269001858	409
33	447	2395.638822471912	306
33	591	3605.937421434659	203
33	602	3679.222358093913	203
33	613	3774.806940833892	409
33	628	3881.226427695369	306
33	639	3965.571068063596	409
33	655	4101.925085832035	306
33	713	4590.193418483571	306
33	822	5520.704477844861	412.38695076131
33	840	5704.324352504951	409
33	1023	7010.600339468104	306
33	1042	7144.843183849228	203
33	1112	7939.97953284798	306
33	1150	8154.222378685225	203
33	1182	8328.694286175972	306
33	1214	8571.514945738194	306
33	1285	9196.675254694809	409
33	1337	9495.284952682341	409
33	1408	9863.562268361855	409
33	1449	10086.740162594787	306
33	1483	10433.148455217199	409
33	1511	10806.997893216331	306
33	1525	10939.09879691497	409
33	1561	11365.064672828424	306
33	1588	11564.43443948153	306
33	1619	11813.099485504059	306
33	1623	11848.145137523436	409
33	1642	12024.178651804619	306
33	1660	12205.461586270324	306
33	1702	12492.033466209411	203
33	1798	13191.891145736336	409
33	1870	13806.627881840788	409
33	1952	14288.171068519824	306
33	1957	14299.873225859333	311.4958161688
33	2042	14696.331314031898	409
33	2185	15589.502368193726	203
33	2253	16079.806316909487	203
33	2280	16223.930522453834	306
33	2292	16298.306809196567	409
33	2390	16915.83213851696	203
33	2395	16950.902906367271	409
33	2406	17058.946127758501	306
33	2469	17438.05976021572	306
33	2502	17595.696439719664	306
33	2532	17757.397425653642	306
33	2573	18045.409482441598	306
33	2588	18202.256095034493	203
33	2611	18380.057457513652	306
33	2626	18483.384689072441	203
33	2656	18784.56278755605	306
33	2707	19149.653077020577	306
33	2752	19471.100522683129	203
33	2760	19542.443212297888	306
33	2818	19897.301925519444	306
34	243	1227.233520231062	9
34	268	1322.951600425157	9
34	307	1516.422812860717	3
34	318	1548.088684740892	9
34	364	1811.768260432858	6
34	373	1879.428077015151	3
34	436	2297.044269001858	9
34	447	2395.638822471912	6
34	591	3605.937421434659	3
34	602	3679.222358093913	3
34	613	3774.806940833892	9
34	628	3881.226427695369	6
34	639	3965.571068063596	9
34	655	4101.925085832035	6
34	713	4590.193418483571	6
34	822	5520.704477844861	12.386950761309
34	840	5704.324352504951	9
34	1023	7010.600339468104	6
34	1042	7144.843183849228	3
34	1112	7939.97953284798	6
34	1150	8154.222378685225	3
34	1182	8328.694286175972	6
34	1214	8571.514945738194	6
34	1285	9196.675254694809	9
34	1337	9495.284952682341	9
34	1408	9863.562268361855	9
34	1449	10086.740162594787	6
34	1483	10433.148455217199	9
34	1511	10806.997893216331	6
34	1525	10939.09879691497	9
34	1561	11365.064672828424	6
34	1588	11564.43443948153	6
34	1619	11813.099485504059	6
34	1623	11848.145137523436	9
34	1642	12024.178651804619	6
34	1660	12205.461586270324	6
34	1702	12492.033466209411	3
34	1798	13191.891145736336	9
34	1870	13806.627881840788	9
34	1952	14288.171068519824	6
34	1957	14299.873225859333	11.495816168802
34	2042	14696.331314031898	9
34	2185	15589.502368193726	3
34	2253	16079.806316909487	3
34	2280	16223.930522453834	6
34	2292	16298.306809196567	9
34	2390	16915.83213851696	3
34	2395	16950.902906367271	9
34	2406	17058.946127758501	6
34	2469	17438.05976021572	6
34	2502	17595.696439719664	6
34	2532	17757.397425653642	6
34	2573	18045.409482441598	6
34	2588	18202.256095034493	3
34	2611	18380.057457513652	6
34	2626	18483.384689072441	3
34	2656	18784.56278755605	6
34	2707	19149.653077020577	6
34	2752	19471.100522683129	3
34	2760	19542.443212297888	6
34	2818	19897.301925519444	6
35	243	1227.233520231062	3
35	268	1322.951600425157	3
35	307	1516.422812860717	1
35	318	1548.088684740892	3
35	364	1811.768260432858	2
35	373	1879.428077015151	1
35	436	2297.044269001858	3
35	447	2395.638822471912	2
35	591	3605.937421434659	1
35	602	3679.222358093913	1
35	613	3774.806940833892	3
35	628	3881.226427695369	2
35	639	3965.571068063596	3
35	655	4101.925085832035	2
35	713	4590.193418483571	2
35	822	5520.704477844861	3
35	840	5704.324352504951	3
35	1023	7010.600339468104	2
35	1042	7144.843183849228	1
35	1112	7939.97953284798	2
35	1150	8154.222378685225	1
35	1182	8328.694286175972	2
35	1214	8571.514945738194	2
35	1285	9196.675254694809	3
35	1337	9495.284952682341	3
35	1408	9863.562268361855	3
35	1449	10086.740162594787	2
35	1483	10433.148455217199	3
35	1511	10806.997893216331	2
35	1525	10939.09879691497	3
35	1561	11365.064672828424	2
35	1588	11564.43443948153	2
35	1619	11813.099485504059	2
35	1623	11848.145137523436	3
35	1642	12024.178651804619	2
35	1660	12205.461586270324	2
35	1702	12492.033466209411	1
35	1798	13191.891145736336	3
35	1870	13806.627881840788	3
35	1952	14288.171068519824	2
35	1957	14299.873225859333	2
35	2042	14696.331314031898	3
35	2185	15589.502368193726	1
35	2253	16079.806316909487	1
35	2280	16223.930522453834	2
35	2292	16298.306809196567	3
35	2390	16915.83213851696	1
35	2395	16950.902906367271	3
35	2406	17058.946127758501	2
35	2469	17438.05976021572	2
35	2502	17595.696439719664	2
35	2532	17757.397425653642	2
35	2573	18045.409482441598	2
35	2588	18202.256095034493	1
35	2611	18380.057457513652	2
35	2626	18483.384689072441	1
35	2656	18784.56278755605	2
35	2707	19149.653077020577	2
35	2752	19471.100522683129	1
35	2760	19542.443212297888	2
35	2818	19897.301925519444	2

