version 3
run VeryHighLoad_Circle-44-20260125-17:45:17-1400
attr configname VeryHighLoad_Circle
attr datetime 20260125-17:45:17
attr datetimef 20260125-174517
attr experiment VeryHighLoad_Circle
attr inifile simulations/nwsim_project/omnetpp.ini
attr iterationvars ""
attr iterationvarsd ""
attr iterationvarsf ""
attr measurement ""
attr network CrossTraffic
attr processid 1400
attr repetition 44
attr replication #44
attr resultdir results
attr runnumber 44
attr seedset 44
config description "Very High Load - Circle Mode (200% more traffic)"
config *.Junc*.junctionMode "\"circle\""
config *.EndNW.spawnInterval exponential(267s)
config *.EndNE.spawnInterval exponential(400s)
config *.EndEN.spawnInterval exponential(333s)
config *.EndES.spawnInterval exponential(500s)
config *.EndSE.spawnInterval exponential(300s)
config *.EndSW.spawnInterval exponential(367s)
config *.EndWS.spawnInterval exponential(433s)
config *.EndWN.spawnInterval exponential(467s)
config network CrossTraffic
config sim-time-limit 20000s
config warmup-period 1000s
config repeat 50
config **.scalar-recording true
config **.vector-recording true
config *.Junc*.junctionMode "\"queue\""
config *.EndNW.spawnInterval exponential(800s)
config *.EndNE.spawnInterval exponential(1200s)
config *.EndEN.spawnInterval exponential(1000s)
config *.EndES.spawnInterval exponential(1500s)
config *.EndSE.spawnInterval exponential(900s)
config *.EndSW.spawnInterval exponential(1100s)
config *.EndWS.spawnInterval exponential(1300s)
config *.EndWN.spawnInterval exponential(1400s)

vector 0 CrossTraffic.JuncNW queueLength:vector ETV
attr interpolationmode sample-hold
attr recordingmode vector
attr source queueLength
attr title "Queue Length"
vector 1 CrossTraffic.JuncNW junctionProcessingTime:vector ETV
attr recordingmode vector
attr source junctionProcessingTime
attr title "Junction Processing Time"
vector 2 CrossTraffic.JuncNW vehicleCount:vector ETV
attr recordingmode vector
attr source vehicleCount
attr title "Vehicle Count"
vector 3 CrossTraffic.JuncNE queueLength:vector ETV
attr interpolationmode sample-hold
attr recordingmode vector
attr source queueLength
attr title "Queue Length"
vector 4 CrossTraffic.JuncNE junctionProcessingTime:vector ETV
attr recordingmode vector
attr source junctionProcessingTime
attr title "Junction Processing Time"
vector 5 CrossTraffic.JuncNE vehicleCount:vector ETV
attr recordingmode vector
attr source vehicleCount
attr title "Vehicle Count"
vector 6 CrossTraffic.JuncSE queueLength:vector ETV
attr interpolationmode sample-hold
attr recordingmode vector
attr source queueLength
attr title "Queue Length"
vector 7 CrossTraffic.JuncSE junctionProcessingTime:vector ETV
attr recordingmode vector
attr source junctionProcessingTime
attr title "Junction Processing Time"
vector 8 CrossTraffic.JuncSE vehicleCount:vector ETV
attr recordingmode vector
attr source vehicleCount
attr title "Vehicle Count"
vector 9 CrossTraffic.JuncSW queueLength:vector ETV
attr interpolationmode sample-hold
attr recordingmode vector
attr source queueLength
attr title "Queue Length"
vector 10 CrossTraffic.JuncSW junctionProcessingTime:vector ETV
attr recordingmode vector
attr source junctionProcessingTime
attr title "Junction Processing Time"
vector 11 CrossTraffic.JuncSW vehicleCount:vector ETV
attr recordingmode vector
attr source vehicleCount
attr title "Vehicle Count"
vector 12 CrossTraffic.EndNW travelTime:vector ETV
attr recordingmode vector
attr source travelTime
attr title "Vehicle Travel Time"
vector 13 CrossTraffic.EndNW junctionTime:vector ETV
attr recordingmode vector
attr source junctionTime
attr title "Total Junction Time per Vehicle"
vector 14 CrossTraffic.EndNW junctionCount:vector ETV
attr recordingmode vector
attr source junctionCount
attr title "Junctions Visited per Vehicle"
vector 15 CrossTraffic.EndNE travelTime:vector ETV
attr recordingmode vector
attr source travelTime
attr title "Vehicle Travel Time"
vector 16 CrossTraffic.EndNE junctionTime:vector ETV
attr recordingmode vector
attr source junctionTime
attr title "Total Junction Time per Vehicle"
vector 17 CrossTraffic.EndNE junctionCount:vector ETV
attr recordingmode vector
attr source junctionCount
attr title "Junctions Visited per Vehicle"
vector 18 CrossTraffic.EndEN travelTime:vector ETV
attr recordingmode vector
attr source travelTime
attr title "Vehicle Travel Time"
vector 19 CrossTraffic.EndEN junctionTime:vector ETV
attr recordingmode vector
attr source junctionTime
attr title "Total Junction Time per Vehicle"
vector 20 CrossTraffic.EndEN junctionCount:vector ETV
attr recordingmode vector
attr source junctionCount
attr title "Junctions Visited per Vehicle"
vector 21 CrossTraffic.EndES travelTime:vector ETV
attr recordingmode vector
attr source travelTime
attr title "Vehicle Travel Time"
vector 22 CrossTraffic.EndES junctionTime:vector ETV
attr recordingmode vector
attr source junctionTime
attr title "Total Junction Time per Vehicle"
vector 23 CrossTraffic.EndES junctionCount:vector ETV
attr recordingmode vector
attr source junctionCount
attr title "Junctions Visited per Vehicle"
vector 24 CrossTraffic.EndSE travelTime:vector ETV
attr recordingmode vector
attr source travelTime
attr title "Vehicle Travel Time"
vector 25 CrossTraffic.EndSE junctionTime:vector ETV
attr recordingmode vector
attr source junctionTime
attr title "Total Junction Time per Vehicle"
vector 26 CrossTraffic.EndSE junctionCount:vector ETV
attr recordingmode vector
attr source junctionCount
attr title "Junctions Visited per Vehicle"
vector 27 CrossTraffic.EndSW travelTime:vector ETV
attr recordingmode vector
attr source travelTime
attr title "Vehicle Travel Time"
vector 28 CrossTraffic.EndSW junctionTime:vector ETV
attr recordingmode vector
attr source junctionTime
attr title "Total Junction Time per Vehicle"
vector 29 CrossTraffic.EndSW junctionCount:vector ETV
attr recordingmode vector
attr source junctionCount
attr title "Junctions Visited per Vehicle"
vector 30 CrossTraffic.EndWS travelTime:vector ETV
attr recordingmode vector
attr source travelTime
attr title "Vehicle Travel Time"
vector 31 CrossTraffic.EndWS junctionTime:vector ETV
attr recordingmode vector
attr source junctionTime
attr title "Total Junction Time per Vehicle"
vector 32 CrossTraffic.EndWS junctionCount:vector ETV
attr recordingmode vector
attr source junctionCount
attr title "Junctions Visited per Vehicle"
vector 33 CrossTraffic.EndWN travelTime:vector ETV
attr recordingmode vector
attr source travelTime
attr title "Vehicle Travel Time"
vector 34 CrossTraffic.EndWN junctionTime:vector ETV
attr recordingmode vector
attr source junctionTime
attr title "Total Junction Time per Vehicle"
vector 35 CrossTraffic.EndWN junctionCount:vector ETV
attr recordingmode vector
attr source junctionCount
attr title "Junctions Visited per Vehicle"
0	150	1057.731014870771	0
0	152	1081.356560254217	0
0	154	1098.992740034537	0
0	162	1197.800528838739	0
0	181	1328.052021904334	0
0	189	1422.090684246022	0
0	190	1425.460262468198	0
0	193	1468.69232064933	0
0	202	1549.50876460158	0
0	204	1571.809742052351	0
0	218	1753.431078950161	0
0	223	1807.314061556529	0
0	229	1864.187607725682	0
0	234	1925.448016339828	0
0	236	1953.437494777413	0
0	245	2041.732048762885	0
0	258	2199.009999554245	0
0	259	2212.10009665114	0
0	265	2271.489279266589	0
0	273	2356.24789810195	0
0	276	2411.902577358838	0
0	277	2415.093777907967	0
0	281	2445.281435587332	0
0	286	2524.99671339664	0
0	299	2701.783806018295	0
0	316	2879.873676909156	0
0	322	2928.130912214055	0
0	327	2984.206459599627	0
0	329	3006.378583377237	0
0	333	3039.492277896871	0
0	351	3296.337734743118	0
0	353	3340.933436465825	0
0	356	3371.713854328808	0
0	367	3533.969359809325	0
0	372	3568.94604119566	0
0	381	3660.54968943585	0
0	390	3746.801497875348	0
0	396	3797.632313805677	0
0	410	3909.861955297703	0
0	415	3952.096328452418	0
0	418	3968.728646493264	0
0	419	3998.941315054886	0
0	423	4031.19547791554	0
0	441	4163.575702545756	0
0	456	4310.580011395914	0
0	458	4328.684732967292	0
0	461	4363.931980665036	0
0	467	4399.37300539888	0
0	470	4435.142560463173	0
0	478	4484.047672650609	0
0	487	4558.692524276957	0
0	488	4558.789670884521	0
0	492	4574.711755998492	0
0	493	4581.712653965248	0
0	496	4599.004045904447	0
0	508	4676.19919587098	0
0	512	4695.76157054986	0
0	521	4769.477125767435	0
0	543	4925.617283034333	0
0	547	4962.026129853333	0
0	559	5077.756731432644	0
0	573	5189.773464227944	0
0	577	5233.405236866159	0
0	579	5241.714478617476	0
0	580	5252.765477287312	0
0	588	5308.666380558444	0
0	595	5361.511283949171	0
0	601	5398.866222648428	0
0	605	5442.442428755073	0
0	606	5445.964309378137	0
0	611	5488.446694209412	0
0	621	5548.099561430859	0
0	630	5598.399976755642	0
0	636	5661.552432307958	0
0	639	5686.626287374235	0
0	660	5924.653453659762	0
0	668	6004.861966416572	0
0	674	6061.656464479131	0
0	675	6064.288858448436	0
0	680	6102.394436145698	0
0	682	6112.946611322911	0
0	690	6170.207298259013	0
0	693	6196.061801502319	0
0	697	6219.573766847159	0
0	699	6234.652456792173	0
0	719	6378.209313034964	0
0	722	6433.779843132752	0
0	725	6441.460691255823	0
0	726	6455.504553098131	0
0	732	6536.765271878751	0
0	740	6609.699392763302	0
0	752	6670.790004127793	0
0	759	6760.911990079201	0
0	763	6828.004408278229	0
0	766	6861.417475142451	0
0	788	7072.450759781186	0
0	804	7209.587979028174	0
0	808	7244.43272907563	0
0	810	7258.949303046231	0
0	811	7274.505437093655	0
0	813	7281.12315061448	0
0	815	7304.894939017847	0
0	816	7310.152701453514	0
0	824	7383.622566285974	0
0	833	7452.104789852576	0
0	846	7541.624038386375	0
0	847	7554.556663743223	0
0	867	7693.341837852154	0
0	871	7711.715046419162	0
0	888	7902.33766517579	0
0	891	7941.553915227212	0
0	894	7991.140618500411	0
0	896	8006.808354544488	0
0	902	8065.939931091926	0
0	912	8193.378756785612	0
0	917	8258.138993821004	0
0	938	8498.330533816352	0
0	940	8507.481005493361	0
0	941	8526.373286387998	0
0	944	8580.360214691215	0
0	945	8594.411395793329	0
0	952	8667.486611751518	0
0	970	8847.396162975134	0
0	976	8914.371736502504	0
0	983	8956.906768492058	0
0	993	9054.825603759552	0
0	1005	9164.321337944612	0
0	1018	9302.775864900883	0
0	1021	9332.51624906118	0
0	1028	9391.187847732252	0
0	1037	9446.003921959994	0
0	1041	9499.948213112362	0
0	1047	9537.533844341263	0
0	1048	9548.989272586196	0
0	1051	9565.423863285791	0
0	1067	9718.774054315763	0
0	1078	9838.162733627176	0
0	1087	9990.224214979031	0
0	1088	9993.164143413982	0
0	1098	10245.199236314862	0
0	1104	10350.870268395987	0
0	1127	10567.034287757458	0
0	1128	10574.866279272822	0
0	1130	10581.435023307838	0
0	1131	10591.772686400341	0
0	1137	10637.673979625015	0
0	1160	10755.507029320121	0
0	1164	10778.883877444365	0
0	1173	10831.694691981107	0
0	1184	10900.5820485391	0
0	1186	10911.522009120373	0
0	1187	10920.681774359346	0
0	1189	10939.666638124701	0
0	1190	10941.591731477474	0
0	1192	10956.317329847927	0
0	1194	10971.374172394645	0
0	1210	11101.856391999447	0
0	1233	11372.576005716682	0
0	1241	11446.824098257413	0
0	1260	11601.833706015894	0
0	1261	11611.216474187628	0
0	1263	11621.329826357768	0
0	1265	11642.646365341282	0
0	1268	11683.650614978591	0
0	1274	11739.292384165177	0
0	1276	11746.97590757788	0
0	1277	11778.105955448029	0
0	1293	11896.743945284749	0
0	1297	11951.672935191866	0
0	1303	11989.663598677584	0
0	1330	12282.706263144186	0
0	1336	12344.354036654544	0
0	1339	12377.864113899852	0
0	1341	12387.575633090879	0
0	1346	12446.480256281744	0
0	1349	12470.27999749506	0
0	1357	12546.47290224283	0
0	1359	12558.578256486608	0
0	1365	12604.806002749302	0
0	1366	12612.930002118203	0
0	1368	12630.257634790053	0
0	1383	12787.644721657988	0
0	1384	12789.014551113988	0
0	1393	12921.799699332967	0
0	1396	12944.999282963062	0
0	1405	13034.158472745415	0
0	1437	13268.433760986338	0
0	1443	13304.504363539422	0
0	1450	13350.289318343783	0
0	1454	13386.145587725039	0
0	1459	13409.044664482087	0
0	1461	13426.697943795093	0
0	1462	13432.334338145777	0
0	1465	13442.88345275421	0
0	1469	13487.599505931572	0
0	1473	13507.329676337384	0
0	1478	13533.887796427653	0
0	1481	13540.246016276861	0
0	1484	13547.647545014734	0
0	1499	13651.764857688356	0
0	1506	13717.788615958979	0
0	1509	13742.573292082097	0
0	1511	13747.784139523936	0
0	1516	13804.397812694312	0
0	1537	14029.580647092157	0
0	1539	14064.356566318418	0
0	1550	14196.40667206129	0
0	1551	14208.592180671782	0
0	1555	14250.30863112786	0
0	1562	14313.050889397886	0
0	1564	14325.015564543091	0
0	1568	14382.619582649865	0
0	1595	14679.304828182951	0
0	1600	14711.375271218286	0
0	1611	14818.627560206364	0
0	1613	14845.802269971228	0
0	1614	14864.406971463704	0
0	1617	14903.702214128728	0
0	1636	15082.310813541743	0
0	1639	15113.467862401191	0
0	1641	15126.131106423389	0
0	1656	15328.737739141118	0
0	1668	15479.932956384221	0
0	1670	15499.682680698432	0
0	1675	15579.706997824189	0
0	1677	15589.147097845937	0
0	1679	15601.880023628474	0
0	1692	15736.884216160167	0
0	1693	15751.606460924549	0
0	1709	15897.896789014178	0
0	1713	15923.14683887681	0
0	1717	15962.895447531961	0
0	1719	15984.752469412132	0
0	1720	15987.757605578548	0
0	1728	16028.264194358667	0
0	1732	16079.517857859711	0
0	1767	16285.701817050293	0
0	1769	16301.234390535641	0
0	1770	16301.296373766771	0
0	1771	16303.127726186603	0
0	1775	16320.421355331069	0
0	1780	16379.627776638664	0
0	1787	16409.501615563918	0
0	1797	16482.299480177606	0
0	1804	16514.397224427993	0
0	1807	16517.619402176082	0
0	1808	16521.699284381693	0
0	1812	16568.179522005818	0
0	1823	16622.029410067411	0
0	1825	16627.682841944494	0
0	1844	16815.188376240832	0
0	1859	16960.522372962593	0
0	1861	16998.951982603392	0
0	1868	17086.601565890385	0
0	1888	17384.426782421895	0
0	1898	17628.304627622676	0
0	1904	17728.126646619552	0
0	1906	17747.538539399919	0
0	1922	17895.344781405476	0
0	1923	17908.480357622038	0
0	1924	17921.741640906384	0
0	1943	18081.792359415567	0
0	1945	18094.475272085678	0
0	1948	18128.430825969482	0
0	1958	18282.152759983958	0
0	1961	18337.828463181295	0
0	1976	18585.428835352337	0
0	1983	18675.363484853467	0
0	1985	18700.384654149659	0
0	1987	18753.973470415189	0
0	1988	18768.497147888293	0
0	2003	18882.375529414106	0
0	2015	18980.120582582954	0
0	2031	19074.11307321756	0
0	2042	19122.117769410696	0
0	2048	19160.145070280558	0
0	2057	19201.92660611644	0
0	2058	19214.375759821919	0
0	2062	19228.490421537512	0
0	2063	19229.465473112832	0
0	2067	19272.436301187707	0
0	2068	19275.43743961634	0
0	2070	19284.149067911816	0
0	2084	19369.581126641797	0
0	2089	19396.06130962818	0
0	2093	19422.510355905467	0
0	2095	19431.811692736083	0
0	2099	19438.101952021593	0
0	2115	19532.880518524438	0
0	2123	19598.214953156122	0
0	2131	19622.072685927061	0
0	2138	19665.457774799039	0
0	2151	19734.231583214487	0
0	2153	19760.837370496858	0
0	2159	19807.199785953604	0
0	2163	19815.250882548961	0
0	2179	19914.08662757727	0
0	2190	19978.867064475997	0
1	150	1057.731014870771	3
1	152	1081.356560254217	3
1	154	1098.992740034537	3
1	162	1197.800528838739	3
1	181	1328.052021904334	3
1	189	1422.090684246022	3
1	190	1425.460262468198	3
1	193	1468.69232064933	3
1	202	1549.50876460158	3
1	204	1571.809742052351	3
1	218	1753.431078950161	3
1	223	1807.314061556529	3
1	229	1864.187607725682	3
1	234	1925.448016339828	3
1	236	1953.437494777413	3
1	245	2041.732048762885	3
1	258	2199.009999554245	3
1	259	2212.10009665114	3
1	265	2271.489279266589	3
1	273	2356.24789810195	3
1	276	2411.902577358838	3
1	277	2415.093777907967	3
1	281	2445.281435587332	3
1	286	2524.99671339664	3
1	299	2701.783806018295	3
1	316	2879.873676909156	3
1	322	2928.130912214055	3
1	327	2984.206459599627	3
1	329	3006.378583377237	3
1	333	3039.492277896871	3
1	351	3296.337734743118	3
1	353	3340.933436465825	3
1	356	3371.713854328808	3
1	367	3533.969359809325	3
1	372	3568.94604119566	3
1	381	3660.54968943585	3
1	390	3746.801497875348	3
1	396	3797.632313805677	3
1	410	3909.861955297703	3
1	415	3952.096328452418	3
1	418	3968.728646493264	3
1	419	3998.941315054886	3
1	423	4031.19547791554	3
1	441	4163.575702545756	3
1	456	4310.580011395914	3
1	458	4328.684732967292	3
1	461	4363.931980665036	3
1	467	4399.37300539888	3
1	470	4435.142560463173	3
1	478	4484.047672650609	3
1	487	4558.692524276957	3
1	488	4558.789670884521	3
1	492	4574.711755998492	3
1	493	4581.712653965248	3
1	496	4599.004045904447	3
1	508	4676.19919587098	3
1	512	4695.76157054986	3
1	521	4769.477125767435	3
1	543	4925.617283034333	3
1	547	4962.026129853333	3
1	559	5077.756731432644	3
1	573	5189.773464227944	3
1	577	5233.405236866159	3
1	579	5241.714478617476	3
1	580	5252.765477287312	3
1	588	5308.666380558444	3
1	595	5361.511283949171	3
1	601	5398.866222648428	3
1	605	5442.442428755073	3
1	606	5445.964309378137	3
1	611	5488.446694209412	3
1	621	5548.099561430859	3
1	630	5598.399976755642	3
1	636	5661.552432307958	3
1	639	5686.626287374235	3
1	660	5924.653453659762	3
1	668	6004.861966416572	3
1	674	6061.656464479131	3
1	675	6064.288858448436	3
1	680	6102.394436145698	3
1	682	6112.946611322911	3
1	690	6170.207298259013	3
1	693	6196.061801502319	3
1	697	6219.573766847159	3
1	699	6234.652456792173	3
1	719	6378.209313034964	3
1	722	6433.779843132752	3
1	725	6441.460691255823	3
1	726	6455.504553098131	3
1	732	6536.765271878751	3
1	740	6609.699392763302	3
1	752	6670.790004127793	3
1	759	6760.911990079201	3
1	763	6828.004408278229	3
1	766	6861.417475142451	3
1	788	7072.450759781186	3
1	804	7209.587979028174	3
1	808	7244.43272907563	3
1	810	7258.949303046231	3
1	811	7274.505437093655	3
1	813	7281.12315061448	3
1	815	7304.894939017847	3
1	816	7310.152701453514	3
1	824	7383.622566285974	3
1	833	7452.104789852576	3
1	846	7541.624038386375	3
1	847	7554.556663743223	3
1	867	7693.341837852154	3
1	871	7711.715046419162	3
1	888	7902.33766517579	3
1	891	7941.553915227212	3
1	894	7991.140618500411	3
1	896	8006.808354544488	3
1	902	8065.939931091926	3
1	912	8193.378756785612	3
1	917	8258.138993821004	3
1	938	8498.330533816352	3
1	940	8507.481005493361	3
1	941	8526.373286387998	3
1	944	8580.360214691215	3
1	945	8594.411395793329	3
1	952	8667.486611751518	3
1	970	8847.396162975134	3
1	976	8914.371736502504	3
1	983	8956.906768492058	3
1	993	9054.825603759552	3
1	1005	9164.321337944612	3
1	1018	9302.775864900883	3
1	1021	9332.51624906118	3
1	1028	9391.187847732252	3
1	1037	9446.003921959994	3
1	1041	9499.948213112362	3
1	1047	9537.533844341263	3
1	1048	9548.989272586196	3
1	1051	9565.423863285791	3
1	1067	9718.774054315763	3
1	1078	9838.162733627176	3
1	1087	9990.224214979031	3
1	1088	9993.164143413982	3
1	1098	10245.199236314862	3
1	1104	10350.870268395987	3
1	1127	10567.034287757458	3
1	1128	10574.866279272822	3
1	1130	10581.435023307838	3
1	1131	10591.772686400341	3
1	1137	10637.673979625015	3
1	1160	10755.507029320121	3
1	1164	10778.883877444365	3
1	1173	10831.694691981107	3
1	1184	10900.5820485391	3
1	1186	10911.522009120373	3
1	1187	10920.681774359346	3
1	1189	10939.666638124701	3
1	1190	10941.591731477474	3
1	1192	10956.317329847927	3
1	1194	10971.374172394645	3
1	1210	11101.856391999447	3
1	1233	11372.576005716682	3
1	1241	11446.824098257413	3
1	1260	11601.833706015894	3
1	1261	11611.216474187628	3
1	1263	11621.329826357768	3
1	1265	11642.646365341282	3
1	1268	11683.650614978591	3
1	1274	11739.292384165177	3
1	1276	11746.97590757788	3
1	1277	11778.105955448029	3
1	1293	11896.743945284749	3
1	1297	11951.672935191866	3
1	1303	11989.663598677584	3
1	1330	12282.706263144186	3
1	1336	12344.354036654544	3
1	1339	12377.864113899852	3
1	1341	12387.575633090879	3
1	1346	12446.480256281744	3
1	1349	12470.27999749506	3
1	1357	12546.47290224283	3
1	1359	12558.578256486608	3
1	1365	12604.806002749302	3
1	1366	12612.930002118203	3
1	1368	12630.257634790053	3
1	1383	12787.644721657988	3
1	1384	12789.014551113988	3
1	1393	12921.799699332967	3
1	1396	12944.999282963062	3
1	1405	13034.158472745415	3
1	1437	13268.433760986338	3
1	1443	13304.504363539422	3
1	1450	13350.289318343783	3
1	1454	13386.145587725039	3
1	1459	13409.044664482087	3
1	1461	13426.697943795093	3
1	1462	13432.334338145777	3
1	1465	13442.88345275421	3
1	1469	13487.599505931572	3
1	1473	13507.329676337384	3
1	1478	13533.887796427653	3
1	1481	13540.246016276861	3
1	1484	13547.647545014734	3
1	1499	13651.764857688356	3
1	1506	13717.788615958979	3
1	1509	13742.573292082097	3
1	1511	13747.784139523936	3
1	1516	13804.397812694312	3
1	1537	14029.580647092157	3
1	1539	14064.356566318418	3
1	1550	14196.40667206129	3
1	1551	14208.592180671782	3
1	1555	14250.30863112786	3
1	1562	14313.050889397886	3
1	1564	14325.015564543091	3
1	1568	14382.619582649865	3
1	1595	14679.304828182951	3
1	1600	14711.375271218286	3
1	1611	14818.627560206364	3
1	1613	14845.802269971228	3
1	1614	14864.406971463704	3
1	1617	14903.702214128728	3
1	1636	15082.310813541743	3
1	1639	15113.467862401191	3
1	1641	15126.131106423389	3
1	1656	15328.737739141118	3
1	1668	15479.932956384221	3
1	1670	15499.682680698432	3
1	1675	15579.706997824189	3
1	1677	15589.147097845937	3
1	1679	15601.880023628474	3
1	1692	15736.884216160167	3
1	1693	15751.606460924549	3
1	1709	15897.896789014178	3
1	1713	15923.14683887681	3
1	1717	15962.895447531961	3
1	1719	15984.752469412132	3
1	1720	15987.757605578548	3
1	1728	16028.264194358667	3
1	1732	16079.517857859711	3
1	1767	16285.701817050293	3
1	1769	16301.234390535641	3
1	1770	16301.296373766771	3
1	1771	16303.127726186603	3
1	1775	16320.421355331069	3
1	1780	16379.627776638664	3
1	1787	16409.501615563918	3
1	1797	16482.299480177606	3
1	1804	16514.397224427993	3
1	1807	16517.619402176082	3
1	1808	16521.699284381693	3
1	1812	16568.179522005818	3
1	1823	16622.029410067411	3
1	1825	16627.682841944494	3
1	1844	16815.188376240832	3
1	1859	16960.522372962593	3
1	1861	16998.951982603392	3
1	1868	17086.601565890385	3
1	1888	17384.426782421895	3
1	1898	17628.304627622676	3
1	1904	17728.126646619552	3
1	1906	17747.538539399919	3
1	1922	17895.344781405476	3
1	1923	17908.480357622038	3
1	1924	17921.741640906384	3
1	1943	18081.792359415567	3
1	1945	18094.475272085678	3
1	1948	18128.430825969482	3
1	1958	18282.152759983958	3
1	1961	18337.828463181295	3
1	1976	18585.428835352337	3
1	1983	18675.363484853467	3
1	1985	18700.384654149659	3
1	1987	18753.973470415189	3
1	1988	18768.497147888293	3
1	2003	18882.375529414106	3
1	2015	18980.120582582954	3
1	2031	19074.11307321756	3
1	2042	19122.117769410696	3
1	2048	19160.145070280558	3
1	2057	19201.92660611644	3
1	2058	19214.375759821919	3
1	2062	19228.490421537512	3
1	2063	19229.465473112832	3
1	2067	19272.436301187707	3
1	2068	19275.43743961634	3
1	2070	19284.149067911816	3
1	2084	19369.581126641797	3
1	2089	19396.06130962818	3
1	2093	19422.510355905467	3
1	2095	19431.811692736083	3
1	2099	19438.101952021593	3
1	2115	19532.880518524438	3
1	2123	19598.214953156122	3
1	2131	19622.072685927061	3
1	2138	19665.457774799039	3
1	2151	19734.231583214487	3
1	2153	19760.837370496858	3
1	2159	19807.199785953604	3
1	2163	19815.250882548961	3
1	2179	19914.08662757727	3
1	2190	19978.867064475997	3
2	150	1057.731014870771	19459
2	152	1081.356560254217	19456
2	154	1098.992740034537	19454
2	162	1197.800528838739	19461
2	181	1328.052021904334	19462
2	189	1422.090684246022	19468
2	190	1425.460262468198	19465
2	193	1468.69232064933	19469
2	202	1549.50876460158	19466
2	204	1571.809742052351	19467
2	218	1753.431078950161	19471
2	223	1807.314061556529	19473
2	229	1864.187607725682	19472
2	234	1925.448016339828	19474
2	236	1953.437494777413	19470
2	245	2041.732048762885	19476
2	258	2199.009999554245	19481
2	259	2212.10009665114	19479
2	265	2271.489279266589	19477
2	273	2356.24789810195	19480
2	276	2411.902577358838	19484
2	277	2415.093777907967	19485
2	281	2445.281435587332	19482
2	286	2524.99671339664	19486
2	299	2701.783806018295	19490
2	316	2879.873676909156	19488
2	322	2928.130912214055	19491
2	327	2984.206459599627	19497
2	329	3006.378583377237	19489
2	333	3039.492277896871	19494
2	351	3296.337734743118	19498
2	353	3340.933436465825	19499
2	356	3371.713854328808	19501
2	367	3533.969359809325	19502
2	372	3568.94604119566	19503
2	381	3660.54968943585	19500
2	390	3746.801497875348	19509
2	396	3797.632313805677	19508
2	410	3909.861955297703	19512
2	415	3952.096328452418	19515
2	418	3968.728646493264	19516
2	419	3998.941315054886	19510
2	423	4031.19547791554	19518
2	441	4163.575702545756	19511
2	456	4310.580011395914	19517
2	458	4328.684732967292	19520
2	461	4363.931980665036	19521
2	467	4399.37300539888	19524
2	470	4435.142560463173	19525
2	478	4484.047672650609	19522
2	487	4558.692524276957	19530
2	488	4558.789670884521	19531
2	492	4574.711755998492	19532
2	493	4581.712653965248	19523
2	496	4599.004045904447	19529
2	508	4676.19919587098	19527
2	512	4695.76157054986	19528
2	521	4769.477125767435	19535
2	543	4925.617283034333	19537
2	547	4962.026129853333	19540
2	559	5077.756731432644	19544
2	573	5189.773464227944	19545
2	577	5233.405236866159	19546
2	579	5241.714478617476	19543
2	580	5252.765477287312	19539
2	588	5308.666380558444	19549
2	595	5361.511283949171	19551
2	601	5398.866222648428	19548
2	605	5442.442428755073	19550
2	606	5445.964309378137	19553
2	611	5488.446694209412	19555
2	621	5548.099561430859	19558
2	630	5598.399976755642	19560
2	636	5661.552432307958	19561
2	639	5686.626287374235	19562
2	660	5924.653453659762	19563
2	668	6004.861966416572	19565
2	674	6061.656464479131	19564
2	675	6064.288858448436	19570
2	680	6102.394436145698	19567
2	682	6112.946611322911	19568
2	690	6170.207298259013	19573
2	693	6196.061801502319	19574
2	697	6219.573766847159	19566
2	699	6234.652456792173	19575
2	719	6378.209313034964	19577
2	722	6433.779843132752	19581
2	725	6441.460691255823	19576
2	726	6455.504553098131	19579
2	732	6536.765271878751	19580
2	740	6609.699392763302	19584
2	752	6670.790004127793	19583
2	759	6760.911990079201	19590
2	763	6828.004408278229	19585
2	766	6861.417475142451	19588
2	788	7072.450759781186	19596
2	804	7209.587979028174	19591
2	808	7244.43272907563	19600
2	810	7258.949303046231	19601
2	811	7274.505437093655	19602
2	813	7281.12315061448	19597
2	815	7304.894939017847	19598
2	816	7310.152701453514	19604
2	824	7383.622566285974	19603
2	833	7452.104789852576	19606
2	846	7541.624038386375	19599
2	847	7554.556663743223	19609
2	867	7693.341837852154	19610
2	871	7711.715046419162	19608
2	888	7902.33766517579	19614
2	891	7941.553915227212	19618
2	894	7991.140618500411	19613
2	896	8006.808354544488	19619
2	902	8065.939931091926	19617
2	912	8193.378756785612	19622
2	917	8258.138993821004	19621
2	938	8498.330533816352	19628
2	940	8507.481005493361	19625
2	941	8526.373286387998	19626
2	944	8580.360214691215	19627
2	945	8594.411395793329	19629
2	952	8667.486611751518	19624
2	970	8847.396162975134	19631
2	976	8914.371736502504	19630
2	983	8956.906768492058	19634
2	993	9054.825603759552	19638
2	1005	9164.321337944612	19641
2	1018	9302.775864900883	19639
2	1021	9332.51624906118	19637
2	1028	9391.187847732252	19643
2	1037	9446.003921959994	19648
2	1041	9499.948213112362	19646
2	1047	9537.533844341263	19647
2	1048	9548.989272586196	19645
2	1051	9565.423863285791	19642
2	1067	9718.774054315763	19651
2	1078	9838.162733627176	19650
2	1087	9990.224214979031	19656
2	1088	9993.164143413982	19654
2	1098	10245.199236314862	19659
2	1104	10350.870268395987	19661
2	1127	10567.034287757458	19665
2	1128	10574.866279272822	19666
2	1130	10581.435023307838	19660
2	1131	10591.772686400341	19667
2	1137	10637.673979625015	19663
2	1160	10755.507029320121	19671
2	1164	10778.883877444365	19673
2	1173	10831.694691981107	19675
2	1184	10900.5820485391	19681
2	1186	10911.522009120373	19668
2	1187	10920.681774359346	19678
2	1189	10939.666638124701	19670
2	1190	10941.591731477474	19679
2	1192	10956.317329847927	19676
2	1194	10971.374172394645	19672
2	1210	11101.856391999447	19680
2	1233	11372.576005716682	19687
2	1241	11446.824098257413	19685
2	1260	11601.833706015894	19689
2	1261	11611.216474187628	19696
2	1263	11621.329826357768	19692
2	1265	11642.646365341282	19693
2	1268	11683.650614978591	19695
2	1274	11739.292384165177	19697
2	1276	11746.97590757788	19694
2	1277	11778.105955448029	19691
2	1293	11896.743945284749	19698
2	1297	11951.672935191866	19700
2	1303	11989.663598677584	19704
2	1330	12282.706263144186	19706
2	1336	12344.354036654544	19713
2	1339	12377.864113899852	19710
2	1341	12387.575633090879	19707
2	1346	12446.480256281744	19712
2	1349	12470.27999749506	19715
2	1357	12546.47290224283	19714
2	1359	12558.578256486608	19709
2	1365	12604.806002749302	19711
2	1366	12612.930002118203	19717
2	1368	12630.257634790053	19718
2	1383	12787.644721657988	19719
2	1384	12789.014551113988	19720
2	1393	12921.799699332967	19722
2	1396	12944.999282963062	19721
2	1405	13034.158472745415	19723
2	1437	13268.433760986338	19724
2	1443	13304.504363539422	19725
2	1450	13350.289318343783	19736
2	1454	13386.145587725039	19730
2	1459	13409.044664482087	19737
2	1461	13426.697943795093	19726
2	1462	13432.334338145777	19733
2	1465	13442.88345275421	19728
2	1469	13487.599505931572	19734
2	1473	13507.329676337384	19739
2	1478	13533.887796427653	19741
2	1481	13540.246016276861	19735
2	1484	13547.647545014734	19742
2	1499	13651.764857688356	19745
2	1506	13717.788615958979	19740
2	1509	13742.573292082097	19743
2	1511	13747.784139523936	19744
2	1516	13804.397812694312	19748
2	1537	14029.580647092157	19746
2	1539	14064.356566318418	19751
2	1550	14196.40667206129	19754
2	1551	14208.592180671782	19749
2	1555	14250.30863112786	19756
2	1562	14313.050889397886	19753
2	1564	14325.015564543091	19750
2	1568	14382.619582649865	19758
2	1595	14679.304828182951	19757
2	1600	14711.375271218286	19759
2	1611	14818.627560206364	19761
2	1613	14845.802269971228	19767
2	1614	14864.406971463704	19768
2	1617	14903.702214128728	19763
2	1636	15082.310813541743	19769
2	1639	15113.467862401191	19772
2	1641	15126.131106423389	19771
2	1656	15328.737739141118	19770
2	1668	15479.932956384221	19777
2	1670	15499.682680698432	19776
2	1675	15579.706997824189	19775
2	1677	15589.147097845937	19780
2	1679	15601.880023628474	19781
2	1692	15736.884216160167	19779
2	1693	15751.606460924549	19782
2	1709	15897.896789014178	19787
2	1713	15923.14683887681	19784
2	1717	15962.895447531961	19790
2	1719	15984.752469412132	19786
2	1720	15987.757605578548	19791
2	1728	16028.264194358667	19788
2	1732	16079.517857859711	19785
2	1767	16285.701817050293	19802
2	1769	16301.234390535641	19803
2	1770	16301.296373766771	19794
2	1771	16303.127726186603	19804
2	1775	16320.421355331069	19792
2	1780	16379.627776638664	19806
2	1787	16409.501615563918	19795
2	1797	16482.299480177606	19808
2	1804	16514.397224427993	19798
2	1807	16517.619402176082	19810
2	1808	16521.699284381693	19805
2	1812	16568.179522005818	19807
2	1823	16622.029410067411	19815
2	1825	16627.682841944494	19811
2	1844	16815.188376240832	19813
2	1859	16960.522372962593	19819
2	1861	16998.951982603392	19818
2	1868	17086.601565890385	19820
2	1888	17384.426782421895	19825
2	1898	17628.304627622676	19827
2	1904	17728.126646619552	19830
2	1906	17747.538539399919	19829
2	1922	17895.344781405476	19836
2	1923	17908.480357622038	19832
2	1924	17921.741640906384	19833
2	1943	18081.792359415567	19834
2	1945	18094.475272085678	19838
2	1948	18128.430825969482	19839
2	1958	18282.152759983958	19842
2	1961	18337.828463181295	19840
2	1976	18585.428835352337	19846
2	1983	18675.363484853467	19849
2	1985	18700.384654149659	19845
2	1987	18753.973470415189	19848
2	1988	18768.497147888293	19850
2	2003	18882.375529414106	19852
2	2015	18980.120582582954	19851
2	2031	19074.11307321756	19862
2	2042	19122.117769410696	19864
2	2048	19160.145070280558	19860
2	2057	19201.92660611644	19863
2	2058	19214.375759821919	19868
2	2062	19228.490421537512	19865
2	2063	19229.465473112832	19869
2	2067	19272.436301187707	19866
2	2068	19275.43743961634	19871
2	2070	19284.149067911816	19856
2	2084	19369.581126641797	19861
2	2089	19396.06130962818	19873
2	2093	19422.510355905467	19872
2	2095	19431.811692736083	19875
2	2099	19438.101952021593	19870
2	2115	19532.880518524438	19877
2	2123	19598.214953156122	19878
2	2131	19622.072685927061	19883
2	2138	19665.457774799039	19885
2	2151	19734.231583214487	19884
2	2153	19760.837370496858	19887
2	2159	19807.199785953604	19886
2	2163	19815.250882548961	19881
2	2179	19914.08662757727	19891
2	2190	19978.867064475997	19888
3	156	1109.785309422714	0
3	160	1160.731014870771	0
3	161	1184.356560254217	0
3	175	1300.800528838739	0
3	176	1309.32533342137	0
3	178	1317.023129405257	0
3	191	1431.052021904334	0
3	198	1525.090684246022	0
3	199	1528.460262468198	0
3	203	1571.69232064933	0
3	208	1644.437494777413	0
3	209	1652.50876460158	0
3	213	1674.809742052351	0
3	227	1856.431078950161	0
3	230	1870.444273915494	0
3	233	1910.314061556529	0
3	238	1962.489279266589	0
3	244	2028.448016339828	0
3	255	2144.732048762885	0
3	266	2302.009999554245	0
3	269	2315.10009665114	0
3	271	2330.769370744977	0
3	284	2514.902577358838	0
3	285	2518.093777907967	0
3	295	2627.853443894196	0
3	296	2627.99671339664	0
3	298	2697.378583377237	0
3	308	2804.783806018295	0
3	321	2921.390856991991	0
3	324	2951.211101319202	0
3	326	2982.873676909156	0
3	332	3031.130912214055	0
3	337	3087.206459599627	0
3	354	3351.54968943585	0
3	361	3443.933436465825	0
3	364	3474.713854328808	0
3	368	3538.002709152389	0
3	375	3623.748914574409	0
3	376	3624.137830709962	0
3	377	3636.969359809325	0
3	379	3643.615874601821	0
3	382	3671.94604119566	0
3	403	3849.801497875348	0
3	405	3854.575702545756	0
3	411	3923.354313288515	0
3	414	3939.795019516993	0
3	420	4001.580011395914	0
3	421	4012.861955297703	0
3	426	4055.096328452418	0
3	429	4071.728646493264	0
3	430	4101.941315054886	0
3	435	4134.19547791554	0
3	469	4431.684732967292	0
3	474	4466.931980665036	0
3	481	4502.37300539888	0
3	484	4538.142560463173	0
3	494	4587.047672650609	0
3	499	4626.388697949549	0
3	502	4652.904301186657	0
3	504	4661.692524276957	0
3	505	4661.789670884521	0
3	509	4677.711755998492	0
3	510	4684.712653965248	0
3	513	4702.004045904447	0
3	526	4798.76157054986	0
3	536	4877.765216111415	0
3	546	4943.765477287312	0
3	550	4982.946878742234	0
3	553	4989.351965815567	0
3	554	5028.617283034333	0
3	558	5065.026129853333	0
3	586	5292.773464227944	0
3	589	5336.405236866159	0
3	598	5391.984209313085	0
3	602	5411.666380558444	0
3	608	5464.511283949171	0
3	622	5548.964309378137	0
3	628	5591.446694209412	0
3	634	5651.099561430859	0
3	646	5764.552432307958	0
3	647	5789.626287374235	0
3	659	5910.573766847159	0
3	671	6027.12628246995	0
3	689	6167.288858448436	0
3	694	6205.394436145698	0
3	708	6315.651734218754	0
3	714	6337.652456792173	0
3	733	6536.779843132752	0
3	737	6558.504553098131	0
3	746	6653.104344348995	0
3	761	6773.790004127793	0
3	768	6863.911990079201	0
3	772	6900.587979028174	0
3	775	6932.220749181301	0
3	776	6948.902175585145	0
3	777	6964.417475142451	0
3	779	6972.436177758102	0
3	807	7232.624038386375	0
3	818	7326.20378378295	0
3	820	7347.43272907563	0
3	822	7361.949303046231	0
3	823	7377.505437093655	0
3	825	7384.12315061448	0
3	828	7407.894939017847	0
3	829	7413.152701453514	0
3	837	7486.622566285974	0
3	848	7555.104789852576	0
3	855	7601.954109263129	0
3	861	7657.556663743223	0
3	863	7668.125848932429	0
3	865	7682.140618500411	0
3	878	7796.341837852154	0
3	880	7801.701886577455	0
3	884	7843.88225498345	0
3	895	8005.33766517579	0
3	899	8044.553915227212	0
3	907	8109.808354544488	0
3	919	8296.378756785612	0
3	926	8358.486611751518	0
3	927	8361.138993821004	0
3	946	8601.330533816352	0
3	950	8629.373286387998	0
3	953	8683.360214691215	0
3	954	8697.411395793329	0
3	968	8825.670760373583	0
3	972	8879.321689449719	0
3	981	8950.396162975134	0
3	987	9017.371736502504	0
3	988	9020.173986036911	0
3	990	9023.51624906118	0
3	1004	9157.825603759552	0
3	1013	9256.423863285791	0
3	1015	9267.321337944612	0
3	1020	9330.42182077746	0
3	1030	9405.775864900883	0
3	1046	9529.162733627176	0
3	1049	9549.003921959994	0
3	1057	9617.956525774714	0
3	1060	9640.533844341263	0
3	1065	9684.164143413982	0
3	1068	9719.433057774134	0
3	1091	10093.224214979031	0
3	1101	10272.435023307838	0
3	1103	10348.199236314862	0
3	1111	10453.870268395987	0
3	1112	10456.980735607405	0
3	1132	10602.522009120373	0
3	1135	10629.318300072368	0
3	1136	10630.666638124701	0
3	1143	10662.374172394645	0
3	1145	10670.034287757458	0
3	1147	10677.866279272822	0
3	1149	10694.772686400341	0
3	1153	10728.637894225811	0
3	1167	10796.797351884281	0
3	1178	10858.507029320121	0
3	1181	10881.883877444365	0
3	1200	11003.5820485391	0
3	1203	11023.681774359346	0
3	1207	11059.317329847927	0
3	1209	11098.494127649333	0
3	1218	11204.856391999447	0
3	1234	11388.327495751044	0
3	1244	11469.105955448029	0
3	1245	11475.576005716682	0
3	1270	11704.833706015894	0
3	1271	11714.216474187628	0
3	1273	11724.329826357768	0
3	1278	11786.650614978591	0
3	1285	11849.97590757788	0
3	1304	11999.743945284749	0
3	1307	12056.444207198901	0
3	1313	12092.663598677584	0
3	1324	12235.780720959335	0
3	1327	12249.578256486608	0
3	1332	12295.806002749302	0
3	1340	12385.706263144186	0
3	1350	12480.864113899852	0
3	1360	12573.27999749506	0
3	1370	12649.47290224283	0
3	1379	12733.257634790053	0
3	1391	12890.644721657988	0
3	1392	12892.014551113988	0
3	1402	13024.799699332967	0
3	1416	13117.697943795093	0
3	1417	13125.889278422285	0
3	1420	13133.88345275421	0
3	1421	13137.158472745415	0
3	1423	13167.877577773191	0
3	1426	13186.241114630689	0
3	1427	13189.259297025467	0
3	1458	13407.504363539422	0
3	1467	13453.289318343783	0
3	1472	13506.812132074133	0
3	1476	13512.044664482087	0
3	1479	13535.334338145777	0
3	1487	13590.599505931572	0
3	1489	13610.329676337384	0
3	1493	13636.887796427653	0
3	1496	13643.246016276861	0
3	1498	13650.647545014734	0
3	1507	13720.580647092157	0
3	1513	13754.764857688356	0
3	1519	13820.788615958979	0
3	1536	14016.015564543091	0
3	1540	14069.261690379143	0
3	1553	14218.578554162513	0
3	1559	14299.40667206129	0
3	1561	14311.592180671782	0
3	1565	14353.30863112786	0
3	1566	14370.304828182951	0
3	1569	14402.375271218286	0
3	1578	14485.619582649865	0
3	1579	14502.415134487098	0
3	1598	14703.220198303911	0
3	1606	14765.029099597149	0
3	1612	14841.923820025987	0
3	1620	14921.627560206364	0
3	1623	14948.802269971228	0
3	1624	14967.406971463704	0
3	1627	15006.702214128728	0
3	1629	15019.737739141118	0
3	1648	15216.467862401191	0
3	1650	15229.131106423389	0
3	1651	15270.706997824189	0
3	1676	15582.932956384221	0
3	1680	15602.682680698432	0
3	1687	15697.682059991539	0
3	1688	15704.880023628474	0
3	1715	15953.520831335399	0
3	1723	16000.896789014178	0
3	1724	16011.421355331069	0
3	1727	16026.14683887681	0
3	1729	16054.838767751595	0
3	1734	16090.757605578548	0
3	1736	16100.501615563918	0
3	1742	16125.103478010933	0
3	1756	16205.397224427993	0
3	1761	16221.465687368068	0
3	1766	16285.008234679842	0
3	1783	16388.701817050293	0
3	1786	16406.127726186603	0
3	1798	16482.627776638664	0
3	1805	16514.797858326122	0
3	1813	16585.299480177606	0
3	1816	16595.758765828141	0
3	1819	16615.903416871603	0
3	1822	16620.619402176082	0
3	1826	16643.846511211781	0
3	1827	16671.179522005818	0
3	1830	16692.236551831474	0
3	1838	16730.682841944494	0
3	1855	16918.188376240832	0
3	1862	17006.212521970702	0
3	1867	17063.522372962593	0
3	1869	17101.951982603392	0
3	1872	17149.412420780673	0
3	1876	17189.601565890385	0
3	1886	17367.269137294309	0
3	1892	17487.426782421895	0
3	1895	17561.146797954631	0
3	1905	17731.304627622676	0
3	1914	17831.126646619552	0
3	1917	17850.538539399919	0
3	1928	17940.228668492499	0
3	1935	18011.480357622038	0
3	1938	18028.828463181295	0
3	1944	18090.80779702378	0
3	1952	18184.792359415567	0
3	1954	18197.475272085678	0
3	1957	18263.937022434579	0
3	1964	18385.152759983958	0
3	1968	18453.77762354383	0
3	1990	18778.363484853467	0
3	1997	18856.973470415189	0
3	1998	18871.497147888293	0
3	2008	18935.267028977332	0
3	2014	18975.149067911816	0
3	2017	18984.089108187486	0
3	2019	18985.375529414106	0
3	2028	19060.581126641797	0
3	2033	19083.120582582954	0
3	2052	19177.11307321756	0
3	2061	19225.117769410696	0
3	2065	19263.145070280558	0
3	2073	19304.92660611644	0
3	2075	19317.375759821919	0
3	2078	19331.490421537512	0
3	2080	19332.465473112832	0
3	2086	19378.43743961634	0
3	2090	19406.267334456375	0
3	2100	19467.952310838449	0
3	2106	19499.06130962818	0
3	2113	19525.510355905467	0
3	2117	19534.811692736083	0
3	2126	19604.617253920172	0
3	2130	19617.412325246855	0
3	2134	19635.880518524438	0
3	2142	19701.214953156122	0
3	2150	19725.072685927061	0
3	2155	19768.457774799039	0
3	2157	19799.598309611582	0
3	2168	19863.837370496858	0
3	2177	19910.199785953604	0
3	2180	19918.250882548961	0
3	2185	19967.576212241566	0
3	2186	19969.947361565788	0
4	156	1109.785309422714	3
4	160	1160.731014870771	3
4	161	1184.356560254217	3
4	175	1300.800528838739	3
4	176	1309.32533342137	3
4	178	1317.023129405257	3
4	191	1431.052021904334	3
4	198	1525.090684246022	3
4	199	1528.460262468198	3
4	203	1571.69232064933	3
4	208	1644.437494777413	3
4	209	1652.50876460158	3
4	213	1674.809742052351	3
4	227	1856.431078950161	3
4	230	1870.444273915494	3
4	233	1910.314061556529	3
4	238	1962.489279266589	3
4	244	2028.448016339828	3
4	255	2144.732048762885	3
4	266	2302.009999554245	3
4	269	2315.10009665114	3
4	271	2330.769370744977	3
4	284	2514.902577358838	3
4	285	2518.093777907967	3
4	295	2627.853443894196	3
4	296	2627.99671339664	3
4	298	2697.378583377237	3
4	308	2804.783806018295	3
4	321	2921.390856991991	3
4	324	2951.211101319202	3
4	326	2982.873676909156	3
4	332	3031.130912214055	3
4	337	3087.206459599627	3
4	354	3351.54968943585	3
4	361	3443.933436465825	3
4	364	3474.713854328808	3
4	368	3538.002709152389	3
4	375	3623.748914574409	3
4	376	3624.137830709962	3
4	377	3636.969359809325	3
4	379	3643.615874601821	3
4	382	3671.94604119566	3
4	403	3849.801497875348	3
4	405	3854.575702545756	3
4	411	3923.354313288515	3
4	414	3939.795019516993	3
4	420	4001.580011395914	3
4	421	4012.861955297703	3
4	426	4055.096328452418	3
4	429	4071.728646493264	3
4	430	4101.941315054886	3
4	435	4134.19547791554	3
4	469	4431.684732967292	3
4	474	4466.931980665036	3
4	481	4502.37300539888	3
4	484	4538.142560463173	3
4	494	4587.047672650609	3
4	499	4626.388697949549	3
4	502	4652.904301186657	3
4	504	4661.692524276957	3
4	505	4661.789670884521	3
4	509	4677.711755998492	3
4	510	4684.712653965248	3
4	513	4702.004045904447	3
4	526	4798.76157054986	3
4	536	4877.765216111415	3
4	546	4943.765477287312	3
4	550	4982.946878742234	3
4	553	4989.351965815567	3
4	554	5028.617283034333	3
4	558	5065.026129853333	3
4	586	5292.773464227944	3
4	589	5336.405236866159	3
4	598	5391.984209313085	3
4	602	5411.666380558444	3
4	608	5464.511283949171	3
4	622	5548.964309378137	3
4	628	5591.446694209412	3
4	634	5651.099561430859	3
4	646	5764.552432307958	3
4	647	5789.626287374235	3
4	659	5910.573766847159	3
4	671	6027.12628246995	3
4	689	6167.288858448436	3
4	694	6205.394436145698	3
4	708	6315.651734218754	3
4	714	6337.652456792173	3
4	733	6536.779843132752	3
4	737	6558.504553098131	3
4	746	6653.104344348995	3
4	761	6773.790004127793	3
4	768	6863.911990079201	3
4	772	6900.587979028174	3
4	775	6932.220749181301	3
4	776	6948.902175585145	3
4	777	6964.417475142451	3
4	779	6972.436177758102	3
4	807	7232.624038386375	3
4	818	7326.20378378295	3
4	820	7347.43272907563	3
4	822	7361.949303046231	3
4	823	7377.505437093655	3
4	825	7384.12315061448	3
4	828	7407.894939017847	3
4	829	7413.152701453514	3
4	837	7486.622566285974	3
4	848	7555.104789852576	3
4	855	7601.954109263129	3
4	861	7657.556663743223	3
4	863	7668.125848932429	3
4	865	7682.140618500411	3
4	878	7796.341837852154	3
4	880	7801.701886577455	3
4	884	7843.88225498345	3
4	895	8005.33766517579	3
4	899	8044.553915227212	3
4	907	8109.808354544488	3
4	919	8296.378756785612	3
4	926	8358.486611751518	3
4	927	8361.138993821004	3
4	946	8601.330533816352	3
4	950	8629.373286387998	3
4	953	8683.360214691215	3
4	954	8697.411395793329	3
4	968	8825.670760373583	3
4	972	8879.321689449719	3
4	981	8950.396162975134	3
4	987	9017.371736502504	3
4	988	9020.173986036911	3
4	990	9023.51624906118	3
4	1004	9157.825603759552	3
4	1013	9256.423863285791	3
4	1015	9267.321337944612	3
4	1020	9330.42182077746	3
4	1030	9405.775864900883	3
4	1046	9529.162733627176	3
4	1049	9549.003921959994	3
4	1057	9617.956525774714	3
4	1060	9640.533844341263	3
4	1065	9684.164143413982	3
4	1068	9719.433057774134	3
4	1091	10093.224214979031	3
4	1101	10272.435023307838	3
4	1103	10348.199236314862	3
4	1111	10453.870268395987	3
4	1112	10456.980735607405	3
4	1132	10602.522009120373	3
4	1135	10629.318300072368	3
4	1136	10630.666638124701	3
4	1143	10662.374172394645	3
4	1145	10670.034287757458	3
4	1147	10677.866279272822	3
4	1149	10694.772686400341	3
4	1153	10728.637894225811	3
4	1167	10796.797351884281	3
4	1178	10858.507029320121	3
4	1181	10881.883877444365	3
4	1200	11003.5820485391	3
4	1203	11023.681774359346	3
4	1207	11059.317329847927	3
4	1209	11098.494127649333	3
4	1218	11204.856391999447	3
4	1234	11388.327495751044	3
4	1244	11469.105955448029	3
4	1245	11475.576005716682	3
4	1270	11704.833706015894	3
4	1271	11714.216474187628	3
4	1273	11724.329826357768	3
4	1278	11786.650614978591	3
4	1285	11849.97590757788	3
4	1304	11999.743945284749	3
4	1307	12056.444207198901	3
4	1313	12092.663598677584	3
4	1324	12235.780720959335	3
4	1327	12249.578256486608	3
4	1332	12295.806002749302	3
4	1340	12385.706263144186	3
4	1350	12480.864113899852	3
4	1360	12573.27999749506	3
4	1370	12649.47290224283	3
4	1379	12733.257634790053	3
4	1391	12890.644721657988	3
4	1392	12892.014551113988	3
4	1402	13024.799699332967	3
4	1416	13117.697943795093	3
4	1417	13125.889278422285	3
4	1420	13133.88345275421	3
4	1421	13137.158472745415	3
4	1423	13167.877577773191	3
4	1426	13186.241114630689	3
4	1427	13189.259297025467	3
4	1458	13407.504363539422	3
4	1467	13453.289318343783	3
4	1472	13506.812132074133	3
4	1476	13512.044664482087	3
4	1479	13535.334338145777	3
4	1487	13590.599505931572	3
4	1489	13610.329676337384	3
4	1493	13636.887796427653	3
4	1496	13643.246016276861	3
4	1498	13650.647545014734	3
4	1507	13720.580647092157	3
4	1513	13754.764857688356	3
4	1519	13820.788615958979	3
4	1536	14016.015564543091	3
4	1540	14069.261690379143	3
4	1553	14218.578554162513	3
4	1559	14299.40667206129	3
4	1561	14311.592180671782	3
4	1565	14353.30863112786	3
4	1566	14370.304828182951	3
4	1569	14402.375271218286	3
4	1578	14485.619582649865	3
4	1579	14502.415134487098	3
4	1598	14703.220198303911	3
4	1606	14765.029099597149	3
4	1612	14841.923820025987	3
4	1620	14921.627560206364	3
4	1623	14948.802269971228	3
4	1624	14967.406971463704	3
4	1627	15006.702214128728	3
4	1629	15019.737739141118	3
4	1648	15216.467862401191	3
4	1650	15229.131106423389	3
4	1651	15270.706997824189	3
4	1676	15582.932956384221	3
4	1680	15602.682680698432	3
4	1687	15697.682059991539	3
4	1688	15704.880023628474	3
4	1715	15953.520831335399	3
4	1723	16000.896789014178	3
4	1724	16011.421355331069	3
4	1727	16026.14683887681	3
4	1729	16054.838767751595	3
4	1734	16090.757605578548	3
4	1736	16100.501615563918	3
4	1742	16125.103478010933	3
4	1756	16205.397224427993	3
4	1761	16221.465687368068	3
4	1766	16285.008234679842	3
4	1783	16388.701817050293	3
4	1786	16406.127726186603	3
4	1798	16482.627776638664	3
4	1805	16514.797858326122	3
4	1813	16585.299480177606	3
4	1816	16595.758765828141	3
4	1819	16615.903416871603	3
4	1822	16620.619402176082	3
4	1826	16643.846511211781	3
4	1827	16671.179522005818	3
4	1830	16692.236551831474	3
4	1838	16730.682841944494	3
4	1855	16918.188376240832	3
4	1862	17006.212521970702	3
4	1867	17063.522372962593	3
4	1869	17101.951982603392	3
4	1872	17149.412420780673	3
4	1876	17189.601565890385	3
4	1886	17367.269137294309	3
4	1892	17487.426782421895	3
4	1895	17561.146797954631	3
4	1905	17731.304627622676	3
4	1914	17831.126646619552	3
4	1917	17850.538539399919	3
4	1928	17940.228668492499	3
4	1935	18011.480357622038	3
4	1938	18028.828463181295	3
4	1944	18090.80779702378	3
4	1952	18184.792359415567	3
4	1954	18197.475272085678	3
4	1957	18263.937022434579	3
4	1964	18385.152759983958	3
4	1968	18453.77762354383	3
4	1990	18778.363484853467	3
4	1997	18856.973470415189	3
4	1998	18871.497147888293	3
4	2008	18935.267028977332	3
4	2014	18975.149067911816	3
4	2017	18984.089108187486	3
4	2019	18985.375529414106	3
4	2028	19060.581126641797	3
4	2033	19083.120582582954	3
4	2052	19177.11307321756	3
4	2061	19225.117769410696	3
4	2065	19263.145070280558	3
4	2073	19304.92660611644	3
4	2075	19317.375759821919	3
4	2078	19331.490421537512	3
4	2080	19332.465473112832	3
4	2086	19378.43743961634	3
4	2090	19406.267334456375	3
4	2100	19467.952310838449	3
4	2106	19499.06130962818	3
4	2113	19525.510355905467	3
4	2117	19534.811692736083	3
4	2126	19604.617253920172	3
4	2130	19617.412325246855	3
4	2134	19635.880518524438	3
4	2142	19701.214953156122	3
4	2150	19725.072685927061	3
4	2155	19768.457774799039	3
4	2157	19799.598309611582	3
4	2168	19863.837370496858	3
4	2177	19910.199785953604	3
4	2180	19918.250882548961	3
4	2185	19967.576212241566	3
4	2186	19969.947361565788	3
5	156	1109.785309422714	19460
5	160	1160.731014870771	19459
5	161	1184.356560254217	19456
5	175	1300.800528838739	19461
5	176	1309.32533342137	19463
5	178	1317.023129405257	19464
5	191	1431.052021904334	19462
5	198	1525.090684246022	19468
5	199	1528.460262468198	19465
5	203	1571.69232064933	19469
5	208	1644.437494777413	19470
5	209	1652.50876460158	19466
5	213	1674.809742052351	19467
5	227	1856.431078950161	19471
5	230	1870.444273915494	19475
5	233	1910.314061556529	19473
5	238	1962.489279266589	19477
5	244	2028.448016339828	19474
5	255	2144.732048762885	19476
5	266	2302.009999554245	19481
5	269	2315.10009665114	19479
5	271	2330.769370744977	19483
5	284	2514.902577358838	19484
5	285	2518.093777907967	19485
5	295	2627.853443894196	19487
5	296	2627.99671339664	19486
5	298	2697.378583377237	19489
5	308	2804.783806018295	19490
5	321	2921.390856991991	19493
5	324	2951.211101319202	19495
5	326	2982.873676909156	19488
5	332	3031.130912214055	19491
5	337	3087.206459599627	19497
5	354	3351.54968943585	19500
5	361	3443.933436465825	19499
5	364	3474.713854328808	19501
5	368	3538.002709152389	19504
5	375	3623.748914574409	19505
5	376	3624.137830709962	19506
5	377	3636.969359809325	19502
5	379	3643.615874601821	19507
5	382	3671.94604119566	19503
5	403	3849.801497875348	19509
5	405	3854.575702545756	19511
5	411	3923.354313288515	19513
5	414	3939.795019516993	19514
5	420	4001.580011395914	19517
5	421	4012.861955297703	19512
5	426	4055.096328452418	19515
5	429	4071.728646493264	19516
5	430	4101.941315054886	19510
5	435	4134.19547791554	19518
5	469	4431.684732967292	19520
5	474	4466.931980665036	19521
5	481	4502.37300539888	19524
5	484	4538.142560463173	19525
5	494	4587.047672650609	19522
5	499	4626.388697949549	19533
5	502	4652.904301186657	19534
5	504	4661.692524276957	19530
5	505	4661.789670884521	19531
5	509	4677.711755998492	19532
5	510	4684.712653965248	19523
5	513	4702.004045904447	19529
5	526	4798.76157054986	19528
5	536	4877.765216111415	19538
5	546	4943.765477287312	19539
5	550	4982.946878742234	19541
5	553	4989.351965815567	19542
5	554	5028.617283034333	19537
5	558	5065.026129853333	19540
5	586	5292.773464227944	19545
5	589	5336.405236866159	19546
5	598	5391.984209313085	19552
5	602	5411.666380558444	19549
5	608	5464.511283949171	19551
5	622	5548.964309378137	19553
5	628	5591.446694209412	19555
5	634	5651.099561430859	19558
5	646	5764.552432307958	19561
5	647	5789.626287374235	19562
5	659	5910.573766847159	19566
5	671	6027.12628246995	19569
5	689	6167.288858448436	19570
5	694	6205.394436145698	19567
5	708	6315.651734218754	19578
5	714	6337.652456792173	19575
5	733	6536.779843132752	19581
5	737	6558.504553098131	19579
5	746	6653.104344348995	19586
5	761	6773.790004127793	19583
5	768	6863.911990079201	19590
5	772	6900.587979028174	19591
5	775	6932.220749181301	19592
5	776	6948.902175585145	19593
5	777	6964.417475142451	19588
5	779	6972.436177758102	19594
5	807	7232.624038386375	19599
5	818	7326.20378378295	19605
5	820	7347.43272907563	19600
5	822	7361.949303046231	19601
5	823	7377.505437093655	19602
5	825	7384.12315061448	19597
5	828	7407.894939017847	19598
5	829	7413.152701453514	19604
5	837	7486.622566285974	19603
5	848	7555.104789852576	19606
5	855	7601.954109263129	19611
5	861	7657.556663743223	19609
5	863	7668.125848932429	19612
5	865	7682.140618500411	19613
5	878	7796.341837852154	19610
5	880	7801.701886577455	19615
5	884	7843.88225498345	19616
5	895	8005.33766517579	19614
5	899	8044.553915227212	19618
5	907	8109.808354544488	19619
5	919	8296.378756785612	19622
5	926	8358.486611751518	19624
5	927	8361.138993821004	19621
5	946	8601.330533816352	19628
5	950	8629.373286387998	19626
5	953	8683.360214691215	19627
5	954	8697.411395793329	19629
5	968	8825.670760373583	19632
5	972	8879.321689449719	19635
5	981	8950.396162975134	19631
5	987	9017.371736502504	19630
5	988	9020.173986036911	19636
5	990	9023.51624906118	19637
5	1004	9157.825603759552	19638
5	1013	9256.423863285791	19642
5	1015	9267.321337944612	19641
5	1020	9330.42182077746	19644
5	1030	9405.775864900883	19639
5	1046	9529.162733627176	19650
5	1049	9549.003921959994	19648
5	1057	9617.956525774714	19652
5	1060	9640.533844341263	19647
5	1065	9684.164143413982	19654
5	1068	9719.433057774134	19655
5	1091	10093.224214979031	19656
5	1101	10272.435023307838	19660
5	1103	10348.199236314862	19659
5	1111	10453.870268395987	19661
5	1112	10456.980735607405	19662
5	1132	10602.522009120373	19668
5	1135	10629.318300072368	19669
5	1136	10630.666638124701	19670
5	1143	10662.374172394645	19672
5	1145	10670.034287757458	19665
5	1147	10677.866279272822	19666
5	1149	10694.772686400341	19667
5	1153	10728.637894225811	19674
5	1167	10796.797351884281	19677
5	1178	10858.507029320121	19671
5	1181	10881.883877444365	19673
5	1200	11003.5820485391	19681
5	1203	11023.681774359346	19678
5	1207	11059.317329847927	19676
5	1209	11098.494127649333	19683
5	1218	11204.856391999447	19680
5	1234	11388.327495751044	19688
5	1244	11469.105955448029	19691
5	1245	11475.576005716682	19687
5	1270	11704.833706015894	19689
5	1271	11714.216474187628	19696
5	1273	11724.329826357768	19692
5	1278	11786.650614978591	19695
5	1285	11849.97590757788	19694
5	1304	11999.743945284749	19698
5	1307	12056.444207198901	19705
5	1313	12092.663598677584	19704
5	1324	12235.780720959335	19708
5	1327	12249.578256486608	19709
5	1332	12295.806002749302	19711
5	1340	12385.706263144186	19706
5	1350	12480.864113899852	19710
5	1360	12573.27999749506	19715
5	1370	12649.47290224283	19714
5	1379	12733.257634790053	19718
5	1391	12890.644721657988	19719
5	1392	12892.014551113988	19720
5	1402	13024.799699332967	19722
5	1416	13117.697943795093	19726
5	1417	13125.889278422285	19727
5	1420	13133.88345275421	19728
5	1421	13137.158472745415	19723
5	1423	13167.877577773191	19729
5	1426	13186.241114630689	19731
5	1427	13189.259297025467	19732
5	1458	13407.504363539422	19725
5	1467	13453.289318343783	19736
5	1472	13506.812132074133	19738
5	1476	13512.044664482087	19737
5	1479	13535.334338145777	19733
5	1487	13590.599505931572	19734
5	1489	13610.329676337384	19739
5	1493	13636.887796427653	19741
5	1496	13643.246016276861	19735
5	1498	13650.647545014734	19742
5	1507	13720.580647092157	19746
5	1513	13754.764857688356	19745
5	1519	13820.788615958979	19740
5	1536	14016.015564543091	19750
5	1540	14069.261690379143	19752
5	1553	14218.578554162513	19755
5	1559	14299.40667206129	19754
5	1561	14311.592180671782	19749
5	1565	14353.30863112786	19756
5	1566	14370.304828182951	19757
5	1569	14402.375271218286	19759
5	1578	14485.619582649865	19758
5	1579	14502.415134487098	19760
5	1598	14703.220198303911	19764
5	1606	14765.029099597149	19765
5	1612	14841.923820025987	19766
5	1620	14921.627560206364	19761
5	1623	14948.802269971228	19767
5	1624	14967.406971463704	19768
5	1627	15006.702214128728	19763
5	1629	15019.737739141118	19770
5	1648	15216.467862401191	19772
5	1650	15229.131106423389	19771
5	1651	15270.706997824189	19775
5	1676	15582.932956384221	19777
5	1680	15602.682680698432	19776
5	1687	15697.682059991539	19783
5	1688	15704.880023628474	19781
5	1715	15953.520831335399	19789
5	1723	16000.896789014178	19787
5	1724	16011.421355331069	19792
5	1727	16026.14683887681	19784
5	1729	16054.838767751595	19793
5	1734	16090.757605578548	19791
5	1736	16100.501615563918	19795
5	1742	16125.103478010933	19797
5	1756	16205.397224427993	19798
5	1761	16221.465687368068	19799
5	1766	16285.008234679842	19801
5	1783	16388.701817050293	19802
5	1786	16406.127726186603	19804
5	1798	16482.627776638664	19806
5	1805	16514.797858326122	19809
5	1813	16585.299480177606	19808
5	1816	16595.758765828141	19812
5	1819	16615.903416871603	19814
5	1822	16620.619402176082	19810
5	1826	16643.846511211781	19816
5	1827	16671.179522005818	19807
5	1830	16692.236551831474	19817
5	1838	16730.682841944494	19811
5	1855	16918.188376240832	19813
5	1862	17006.212521970702	19821
5	1867	17063.522372962593	19819
5	1869	17101.951982603392	19818
5	1872	17149.412420780673	19823
5	1876	17189.601565890385	19820
5	1886	17367.269137294309	19826
5	1892	17487.426782421895	19825
5	1895	17561.146797954631	19828
5	1905	17731.304627622676	19827
5	1914	17831.126646619552	19830
5	1917	17850.538539399919	19829
5	1928	17940.228668492499	19837
5	1935	18011.480357622038	19832
5	1938	18028.828463181295	19840
5	1944	18090.80779702378	19841
5	1952	18184.792359415567	19834
5	1954	18197.475272085678	19838
5	1957	18263.937022434579	19843
5	1964	18385.152759983958	19842
5	1968	18453.77762354383	19844
5	1990	18778.363484853467	19849
5	1997	18856.973470415189	19848
5	1998	18871.497147888293	19850
5	2008	18935.267028977332	19855
5	2014	18975.149067911816	19856
5	2017	18984.089108187486	19858
5	2019	18985.375529414106	19852
5	2028	19060.581126641797	19861
5	2033	19083.120582582954	19851
5	2052	19177.11307321756	19862
5	2061	19225.117769410696	19864
5	2065	19263.145070280558	19860
5	2073	19304.92660611644	19863
5	2075	19317.375759821919	19868
5	2078	19331.490421537512	19865
5	2080	19332.465473112832	19869
5	2086	19378.43743961634	19871
5	2090	19406.267334456375	19874
5	2100	19467.952310838449	19876
5	2106	19499.06130962818	19873
5	2113	19525.510355905467	19872
5	2117	19534.811692736083	19875
5	2126	19604.617253920172	19879
5	2130	19617.412325246855	19882
5	2134	19635.880518524438	19877
5	2142	19701.214953156122	19878
5	2150	19725.072685927061	19883
5	2155	19768.457774799039	19885
5	2157	19799.598309611582	19889
5	2168	19863.837370496858	19887
5	2177	19910.199785953604	19886
5	2180	19918.250882548961	19881
5	2185	19967.576212241566	19892
5	2186	19969.947361565788	19893
6	147	1007.906406776987	0
6	149	1023.235003627601	0
6	155	1102.919192112805	0
6	166	1212.785309422714	0
6	172	1263.731014870771	0
6	182	1343.50876460158	0
6	183	1365.809742052351	0
6	186	1403.800528838739	0
6	188	1420.023129405257	0
6	200	1534.052021904334	0
6	206	1631.460262468198	0
6	217	1747.437494777413	0
6	240	1973.444273915494	0
6	242	2006.10009665114	0
6	248	2065.489279266589	0
6	253	2131.448016339828	0
6	256	2150.24789810195	0
6	262	2239.281435587332	0
6	275	2405.009999554245	0
6	280	2433.769370744977	0
6	293	2617.902577358838	0
6	294	2621.093777907967	0
6	297	2673.873676909156	0
6	307	2800.378583377237	0
6	318	2891.387304665691	0
6	320	2907.783806018295	0
6	325	2955.336481187073	0
6	331	3024.390856991991	0
6	345	3190.206459599627	0
6	362	3454.54968943585	0
6	373	3577.713854328808	0
6	387	3727.137830709962	0
6	388	3739.969359809325	0
6	389	3746.615874601821	0
6	395	3792.941315054886	0
6	416	3952.801497875348	0
6	417	3957.575702545756	0
6	422	4026.354313288515	0
6	424	4034.625636441801	0
6	425	4042.795019516993	0
6	431	4104.580011395914	0
6	432	4115.861955297703	0
6	438	4158.096328452418	0
6	454	4278.047672650609	0
6	463	4375.712653965248	0
6	471	4447.263923933294	0
6	475	4470.19919587098	0
6	479	4489.76157054986	0
6	483	4534.684732967292	0
6	490	4569.931980665036	0
6	501	4641.142560463173	0
6	514	4703.648223887119	0
6	516	4729.388697949549	0
6	518	4755.904301186657	0
6	524	4780.711755998492	0
6	527	4805.004045904447	0
6	549	4980.765216111415	0
6	556	5035.714478617476	0
6	557	5046.765477287312	0
6	561	5085.946878742234	0
6	563	5092.351965815567	0
6	569	5168.026129853333	0
6	581	5256.58029953995	0
6	600	5395.773464227944	0
6	604	5439.405236866159	0
6	609	5470.48996483875	0
6	617	5514.666380558444	0
6	618	5530.575608316474	0
6	640	5694.446694209412	0
6	642	5718.653453659762	0
6	644	5754.099561430859	0
6	652	5855.656464479131	0
6	654	5867.552432307958	0
6	655	5892.626287374235	0
6	670	6013.573766847159	0
6	684	6130.12628246995	0
6	687	6144.247297533154	0
6	700	6235.460691255823	0
6	703	6270.288858448436	0
6	720	6418.651734218754	0
6	723	6435.774884514421	0
6	741	6622.004408278229	0
6	744	6639.779843132752	0
6	751	6667.766607325225	0
6	778	6966.911990079201	0
6	782	7003.587979028174	0
6	783	7031.233376434546	0
6	784	7035.220749181301	0
6	789	7075.12315061448	0
6	790	7075.436177758102	0
6	819	7335.624038386375	0
6	830	7429.20378378295	0
6	835	7464.949303046231	0
6	836	7480.505437093655	0
6	842	7505.715046419162	0
6	843	7510.894939017847	0
6	844	7516.152701453514	0
6	870	7704.954109263129	0
6	877	7785.140618500411	0
6	885	7859.939931091926	0
6	889	7904.701886577455	0
6	892	7946.88225498345	0
6	908	8113.829607134432	0
6	909	8147.553915227212	0
6	913	8197.052263152738	0
6	914	8212.808354544488	0
6	930	8399.378756785612	0
6	934	8461.486611751518	0
6	935	8464.138993821004	0
6	955	8704.330533816352	0
6	956	8708.371736502504	0
6	964	8786.360214691215	0
6	965	8800.411395793329	0
6	969	8829.788478479014	0
6	979	8928.670760373583	0
6	984	8982.321689449719	0
6	992	9053.396162975134	0
6	997	9096.775864900883	0
6	1000	9123.173986036911	0
6	1001	9126.51624906118	0
6	1014	9260.825603759552	0
6	1023	9342.989272586196	0
6	1025	9359.423863285791	0
6	1027	9370.321337944612	0
6	1042	9507.497981399923	0
6	1059	9632.162733627176	0
6	1061	9650.269722046134	0
6	1063	9652.003921959994	0
6	1069	9720.956525774714	0
6	1071	9743.533844341263	0
6	1074	9787.164143413982	0
6	1076	9822.433057774134	0
6	1090	10058.144021637985	0
6	1094	10146.151627158411	0
6	1097	10196.224214979031	0
6	1106	10375.435023307838	0
6	1110	10451.199236314862	0
6	1121	10537.797488027386	0
6	1124	10556.870268395987	0
6	1125	10559.980735607405	0
6	1151	10705.522009120373	0
6	1156	10733.666638124701	0
6	1159	10750.317329847927	0
6	1161	10765.374172394645	0
6	1163	10773.034287757458	0
6	1168	10797.772686400341	0
6	1182	10895.856391999447	0
6	1183	10899.797351884281	0
6	1191	10946.223450977512	0
6	1213	11126.681774359346	0
6	1217	11201.494127649333	0
6	1220	11238.665586635184	0
6	1231	11356.216492481901	0
6	1235	11395.833706015894	0
6	1253	11540.97590757788	0
6	1256	11572.105955448029	0
6	1269	11690.743945284749	0
6	1272	11714.978641385182	0
6	1281	11817.216474187628	0
6	1283	11827.329826357768	0
6	1300	11970.428633188609	0
6	1301	11983.000204333919	0
6	1302	11989.434282264124	0
6	1317	12159.444207198901	0
6	1320	12181.575633090879	0
6	1333	12338.780720959335	0
6	1337	12352.578256486608	0
6	1342	12398.806002749302	0
6	1351	12488.706263144186	0
6	1355	12513.678822803435	0
6	1372	12676.27999749506	0
6	1380	12738.999282963062	0
6	1381	12752.47290224283	0
6	1387	12836.257634790053	0
6	1398	12993.644721657988	0
6	1399	12995.014551113988	0
6	1408	13062.433760986338	0
6	1415	13098.504363539422	0
6	1419	13127.799699332967	0
6	1424	13180.145587725039	0
6	1429	13220.697943795093	0
6	1430	13226.334338145777	0
6	1434	13236.88345275421	0
6	1435	13240.158472745415	0
6	1438	13270.877577773191	0
6	1439	13281.599505931572	0
6	1441	13289.241114630689	0
6	1447	13334.246016276861	0
6	1475	13511.788615958979	0
6	1486	13556.289318343783	0
6	1488	13609.812132074133	0
6	1505	13713.329676337384	0
6	1515	13782.963284589877	0
6	1520	13823.580647092157	0
6	1523	13857.764857688356	0
6	1534	14002.592180671782	0
6	1543	14107.050889397886	0
6	1545	14119.015564543091	0
6	1549	14172.261690379143	0
6	1563	14321.578554162513	0
6	1576	14456.30863112786	0
6	1577	14473.304828182951	0
6	1580	14505.375271218286	0
6	1586	14588.619582649865	0
6	1589	14605.415134487098	0
6	1591	14612.627560206364	0
6	1592	14656.610964861522	0
6	1597	14697.702214128728	0
6	1609	14806.220198303911	0
6	1615	14868.029099597149	0
6	1622	14944.923820025987	0
6	1633	15051.802269971228	0
6	1640	15122.737739141118	0
6	1645	15173.055367798162	0
6	1647	15198.633456334901	0
6	1657	15332.131106423389	0
6	1658	15373.706997824189	0
6	1672	15527.320906551853	0
6	1673	15530.884216160167	0
6	1689	15705.682680698432	0
6	1697	15800.682059991539	0
6	1698	15807.880023628474	0
6	1706	15873.517857859711	0
6	1730	16056.520831335399	0
6	1735	16095.296373766771	0
6	1737	16103.896789014178	0
6	1739	16114.421355331069	0
6	1745	16157.838767751595	0
6	1751	16193.757605578548	0
6	1755	16203.501615563918	0
6	1762	16228.103478010933	0
6	1764	16271.002328968335	0
6	1773	16308.397224427993	0
6	1774	16315.699284381693	0
6	1801	16509.127726186603	0
6	1814	16585.627776638664	0
6	1817	16609.188376240832	0
6	1821	16617.797858326122	0
6	1832	16698.758765828141	0
6	1834	16718.903416871603	0
6	1839	16746.846511211781	0
6	1841	16792.951982603392	0
6	1842	16795.236551831474	0
6	1864	17036.931252594058	0
6	1873	17155.122163105633	0
6	1874	17166.522372962593	0
6	1889	17422.304627622676	0
6	1900	17664.146797954631	0
6	1908	17771.432128538597	0
6	1919	17875.792359415567	0
6	1921	17895.164379534711	0
6	1927	17934.126646619552	0
6	1929	17953.538539399919	0
6	1949	18131.828463181295	0
6	1960	18300.475272085678	0
6	1971	18494.384654149659	0
6	1974	18556.77762354383	0
6	1978	18610.935137918588	0
6	1989	18774.120582582954	0
6	2001	18881.363484853467	0
6	2005	18908.57730478732	0
6	2007	18932.576891354715	0
6	2010	18959.973470415189	0
6	2022	19014.912847412095	0
6	2026	19038.267028977332	0
6	2032	19078.149067911816	0
6	2036	19087.089108187486	0
6	2049	19163.581126641797	0
6	2064	19232.101952021593	0
6	2069	19280.11307321756	0
6	2077	19328.117769410696	0
6	2082	19366.145070280558	0
6	2098	19435.465473112832	0
6	2103	19481.43743961634	0
6	2110	19509.267334456375	0
6	2121	19570.952310838449	0
6	2124	19602.06130962818	0
6	2127	19605.724510791407	0
6	2128	19609.250882548961	0
6	2145	19707.617253920172	0
6	2149	19720.412325246855	0
6	2152	19738.880518524438	0
6	2156	19772.867064475997	0
6	2158	19804.214953156122	0
6	2170	19867.898193042123	0
6	2172	19871.457774799039	0
6	2175	19902.598309611582	0
6	2184	19966.837370496858	0
6	2189	19978.572945216744	0
7	147	1007.906406776987	3
7	149	1023.235003627601	3
7	155	1102.919192112805	3
7	166	1212.785309422714	3
7	172	1263.731014870771	3
7	182	1343.50876460158	3
7	183	1365.809742052351	3
7	186	1403.800528838739	3
7	188	1420.023129405257	3
7	200	1534.052021904334	3
7	206	1631.460262468198	3
7	217	1747.437494777413	3
7	240	1973.444273915494	3
7	242	2006.10009665114	3
7	248	2065.489279266589	3
7	253	2131.448016339828	3
7	256	2150.24789810195	3
7	262	2239.281435587332	3
7	275	2405.009999554245	3
7	280	2433.769370744977	3
7	293	2617.902577358838	3
7	294	2621.093777907967	3
7	297	2673.873676909156	3
7	307	2800.378583377237	3
7	318	2891.387304665691	3
7	320	2907.783806018295	3
7	325	2955.336481187073	3
7	331	3024.390856991991	3
7	345	3190.206459599627	3
7	362	3454.54968943585	3
7	373	3577.713854328808	3
7	387	3727.137830709962	3
7	388	3739.969359809325	3
7	389	3746.615874601821	3
7	395	3792.941315054886	3
7	416	3952.801497875348	3
7	417	3957.575702545756	3
7	422	4026.354313288515	3
7	424	4034.625636441801	3
7	425	4042.795019516993	3
7	431	4104.580011395914	3
7	432	4115.861955297703	3
7	438	4158.096328452418	3
7	454	4278.047672650609	3
7	463	4375.712653965248	3
7	471	4447.263923933294	3
7	475	4470.19919587098	3
7	479	4489.76157054986	3
7	483	4534.684732967292	3
7	490	4569.931980665036	3
7	501	4641.142560463173	3
7	514	4703.648223887119	3
7	516	4729.388697949549	3
7	518	4755.904301186657	3
7	524	4780.711755998492	3
7	527	4805.004045904447	3
7	549	4980.765216111415	3
7	556	5035.714478617476	3
7	557	5046.765477287312	3
7	561	5085.946878742234	3
7	563	5092.351965815567	3
7	569	5168.026129853333	3
7	581	5256.58029953995	3
7	600	5395.773464227944	3
7	604	5439.405236866159	3
7	609	5470.48996483875	3
7	617	5514.666380558444	3
7	618	5530.575608316474	3
7	640	5694.446694209412	3
7	642	5718.653453659762	3
7	644	5754.099561430859	3
7	652	5855.656464479131	3
7	654	5867.552432307958	3
7	655	5892.626287374235	3
7	670	6013.573766847159	3
7	684	6130.12628246995	3
7	687	6144.247297533154	3
7	700	6235.460691255823	3
7	703	6270.288858448436	3
7	720	6418.651734218754	3
7	723	6435.774884514421	3
7	741	6622.004408278229	3
7	744	6639.779843132752	3
7	751	6667.766607325225	3
7	778	6966.911990079201	3
7	782	7003.587979028174	3
7	783	7031.233376434546	3
7	784	7035.220749181301	3
7	789	7075.12315061448	3
7	790	7075.436177758102	3
7	819	7335.624038386375	3
7	830	7429.20378378295	3
7	835	7464.949303046231	3
7	836	7480.505437093655	3
7	842	7505.715046419162	3
7	843	7510.894939017847	3
7	844	7516.152701453514	3
7	870	7704.954109263129	3
7	877	7785.140618500411	3
7	885	7859.939931091926	3
7	889	7904.701886577455	3
7	892	7946.88225498345	3
7	908	8113.829607134432	3
7	909	8147.553915227212	3
7	913	8197.052263152738	3
7	914	8212.808354544488	3
7	930	8399.378756785612	3
7	934	8461.486611751518	3
7	935	8464.138993821004	3
7	955	8704.330533816352	3
7	956	8708.371736502504	3
7	964	8786.360214691215	3
7	965	8800.411395793329	3
7	969	8829.788478479014	3
7	979	8928.670760373583	3
7	984	8982.321689449719	3
7	992	9053.396162975134	3
7	997	9096.775864900883	3
7	1000	9123.173986036911	3
7	1001	9126.51624906118	3
7	1014	9260.825603759552	3
7	1023	9342.989272586196	3
7	1025	9359.423863285791	3
7	1027	9370.321337944612	3
7	1042	9507.497981399923	3
7	1059	9632.162733627176	3
7	1061	9650.269722046134	3
7	1063	9652.003921959994	3
7	1069	9720.956525774714	3
7	1071	9743.533844341263	3
7	1074	9787.164143413982	3
7	1076	9822.433057774134	3
7	1090	10058.144021637985	3
7	1094	10146.151627158411	3
7	1097	10196.224214979031	3
7	1106	10375.435023307838	3
7	1110	10451.199236314862	3
7	1121	10537.797488027386	3
7	1124	10556.870268395987	3
7	1125	10559.980735607405	3
7	1151	10705.522009120373	3
7	1156	10733.666638124701	3
7	1159	10750.317329847927	3
7	1161	10765.374172394645	3
7	1163	10773.034287757458	3
7	1168	10797.772686400341	3
7	1182	10895.856391999447	3
7	1183	10899.797351884281	3
7	1191	10946.223450977512	3
7	1213	11126.681774359346	3
7	1217	11201.494127649333	3
7	1220	11238.665586635184	3
7	1231	11356.216492481901	3
7	1235	11395.833706015894	3
7	1253	11540.97590757788	3
7	1256	11572.105955448029	3
7	1269	11690.743945284749	3
7	1272	11714.978641385182	3
7	1281	11817.216474187628	3
7	1283	11827.329826357768	3
7	1300	11970.428633188609	3
7	1301	11983.000204333919	3
7	1302	11989.434282264124	3
7	1317	12159.444207198901	3
7	1320	12181.575633090879	3
7	1333	12338.780720959335	3
7	1337	12352.578256486608	3
7	1342	12398.806002749302	3
7	1351	12488.706263144186	3
7	1355	12513.678822803435	3
7	1372	12676.27999749506	3
7	1380	12738.999282963062	3
7	1381	12752.47290224283	3
7	1387	12836.257634790053	3
7	1398	12993.644721657988	3
7	1399	12995.014551113988	3
7	1408	13062.433760986338	3
7	1415	13098.504363539422	3
7	1419	13127.799699332967	3
7	1424	13180.145587725039	3
7	1429	13220.697943795093	3
7	1430	13226.334338145777	3
7	1434	13236.88345275421	3
7	1435	13240.158472745415	3
7	1438	13270.877577773191	3
7	1439	13281.599505931572	3
7	1441	13289.241114630689	3
7	1447	13334.246016276861	3
7	1475	13511.788615958979	3
7	1486	13556.289318343783	3
7	1488	13609.812132074133	3
7	1505	13713.329676337384	3
7	1515	13782.963284589877	3
7	1520	13823.580647092157	3
7	1523	13857.764857688356	3
7	1534	14002.592180671782	3
7	1543	14107.050889397886	3
7	1545	14119.015564543091	3
7	1549	14172.261690379143	3
7	1563	14321.578554162513	3
7	1576	14456.30863112786	3
7	1577	14473.304828182951	3
7	1580	14505.375271218286	3
7	1586	14588.619582649865	3
7	1589	14605.415134487098	3
7	1591	14612.627560206364	3
7	1592	14656.610964861522	3
7	1597	14697.702214128728	3
7	1609	14806.220198303911	3
7	1615	14868.029099597149	3
7	1622	14944.923820025987	3
7	1633	15051.802269971228	3
7	1640	15122.737739141118	3
7	1645	15173.055367798162	3
7	1647	15198.633456334901	3
7	1657	15332.131106423389	3
7	1658	15373.706997824189	3
7	1672	15527.320906551853	3
7	1673	15530.884216160167	3
7	1689	15705.682680698432	3
7	1697	15800.682059991539	3
7	1698	15807.880023628474	3
7	1706	15873.517857859711	3
7	1730	16056.520831335399	3
7	1735	16095.296373766771	3
7	1737	16103.896789014178	3
7	1739	16114.421355331069	3
7	1745	16157.838767751595	3
7	1751	16193.757605578548	3
7	1755	16203.501615563918	3
7	1762	16228.103478010933	3
7	1764	16271.002328968335	3
7	1773	16308.397224427993	3
7	1774	16315.699284381693	3
7	1801	16509.127726186603	3
7	1814	16585.627776638664	3
7	1817	16609.188376240832	3
7	1821	16617.797858326122	3
7	1832	16698.758765828141	3
7	1834	16718.903416871603	3
7	1839	16746.846511211781	3
7	1841	16792.951982603392	3
7	1842	16795.236551831474	3
7	1864	17036.931252594058	3
7	1873	17155.122163105633	3
7	1874	17166.522372962593	3
7	1889	17422.304627622676	3
7	1900	17664.146797954631	3
7	1908	17771.432128538597	3
7	1919	17875.792359415567	3
7	1921	17895.164379534711	3
7	1927	17934.126646619552	3
7	1929	17953.538539399919	3
7	1949	18131.828463181295	3
7	1960	18300.475272085678	3
7	1971	18494.384654149659	3
7	1974	18556.77762354383	3
7	1978	18610.935137918588	3
7	1989	18774.120582582954	3
7	2001	18881.363484853467	3
7	2005	18908.57730478732	3
7	2007	18932.576891354715	3
7	2010	18959.973470415189	3
7	2022	19014.912847412095	3
7	2026	19038.267028977332	3
7	2032	19078.149067911816	3
7	2036	19087.089108187486	3
7	2049	19163.581126641797	3
7	2064	19232.101952021593	3
7	2069	19280.11307321756	3
7	2077	19328.117769410696	3
7	2082	19366.145070280558	3
7	2098	19435.465473112832	3
7	2103	19481.43743961634	3
7	2110	19509.267334456375	3
7	2121	19570.952310838449	3
7	2124	19602.06130962818	3
7	2127	19605.724510791407	3
7	2128	19609.250882548961	3
7	2145	19707.617253920172	3
7	2149	19720.412325246855	3
7	2152	19738.880518524438	3
7	2156	19772.867064475997	3
7	2158	19804.214953156122	3
7	2170	19867.898193042123	3
7	2172	19871.457774799039	3
7	2175	19902.598309611582	3
7	2184	19966.837370496858	3
7	2189	19978.572945216744	3
8	147	1007.906406776987	19451
8	149	1023.235003627601	19457
8	155	1102.919192112805	19455
8	166	1212.785309422714	19460
8	172	1263.731014870771	19459
8	182	1343.50876460158	19466
8	183	1365.809742052351	19467
8	186	1403.800528838739	19461
8	188	1420.023129405257	19464
8	200	1534.052021904334	19462
8	206	1631.460262468198	19465
8	217	1747.437494777413	19470
8	240	1973.444273915494	19475
8	242	2006.10009665114	19479
8	248	2065.489279266589	19477
8	253	2131.448016339828	19474
8	256	2150.24789810195	19480
8	262	2239.281435587332	19482
8	275	2405.009999554245	19481
8	280	2433.769370744977	19483
8	293	2617.902577358838	19484
8	294	2621.093777907967	19485
8	297	2673.873676909156	19488
8	307	2800.378583377237	19489
8	318	2891.387304665691	19492
8	320	2907.783806018295	19490
8	325	2955.336481187073	19496
8	331	3024.390856991991	19493
8	345	3190.206459599627	19497
8	362	3454.54968943585	19500
8	373	3577.713854328808	19501
8	387	3727.137830709962	19506
8	388	3739.969359809325	19502
8	389	3746.615874601821	19507
8	395	3792.941315054886	19510
8	416	3952.801497875348	19509
8	417	3957.575702545756	19511
8	422	4026.354313288515	19513
8	424	4034.625636441801	19519
8	425	4042.795019516993	19514
8	431	4104.580011395914	19517
8	432	4115.861955297703	19512
8	438	4158.096328452418	19515
8	454	4278.047672650609	19522
8	463	4375.712653965248	19523
8	471	4447.263923933294	19526
8	475	4470.19919587098	19527
8	479	4489.76157054986	19528
8	483	4534.684732967292	19520
8	490	4569.931980665036	19521
8	501	4641.142560463173	19525
8	514	4703.648223887119	19536
8	516	4729.388697949549	19533
8	518	4755.904301186657	19534
8	524	4780.711755998492	19532
8	527	4805.004045904447	19529
8	549	4980.765216111415	19538
8	556	5035.714478617476	19543
8	557	5046.765477287312	19539
8	561	5085.946878742234	19541
8	563	5092.351965815567	19542
8	569	5168.026129853333	19540
8	581	5256.58029953995	19547
8	600	5395.773464227944	19545
8	604	5439.405236866159	19546
8	609	5470.48996483875	19554
8	617	5514.666380558444	19549
8	618	5530.575608316474	19557
8	640	5694.446694209412	19555
8	642	5718.653453659762	19563
8	644	5754.099561430859	19558
8	652	5855.656464479131	19564
8	654	5867.552432307958	19561
8	655	5892.626287374235	19562
8	670	6013.573766847159	19566
8	684	6130.12628246995	19569
8	687	6144.247297533154	19572
8	700	6235.460691255823	19576
8	703	6270.288858448436	19570
8	720	6418.651734218754	19578
8	723	6435.774884514421	19582
8	741	6622.004408278229	19585
8	744	6639.779843132752	19581
8	751	6667.766607325225	19587
8	778	6966.911990079201	19590
8	782	7003.587979028174	19591
8	783	7031.233376434546	19595
8	784	7035.220749181301	19592
8	789	7075.12315061448	19597
8	790	7075.436177758102	19594
8	819	7335.624038386375	19599
8	830	7429.20378378295	19605
8	835	7464.949303046231	19601
8	836	7480.505437093655	19602
8	842	7505.715046419162	19608
8	843	7510.894939017847	19598
8	844	7516.152701453514	19604
8	870	7704.954109263129	19611
8	877	7785.140618500411	19613
8	885	7859.939931091926	19617
8	889	7904.701886577455	19615
8	892	7946.88225498345	19616
8	908	8113.829607134432	19620
8	909	8147.553915227212	19618
8	913	8197.052263152738	19623
8	914	8212.808354544488	19619
8	930	8399.378756785612	19622
8	934	8461.486611751518	19624
8	935	8464.138993821004	19621
8	955	8704.330533816352	19628
8	956	8708.371736502504	19630
8	964	8786.360214691215	19627
8	965	8800.411395793329	19629
8	969	8829.788478479014	19633
8	979	8928.670760373583	19632
8	984	8982.321689449719	19635
8	992	9053.396162975134	19631
8	997	9096.775864900883	19639
8	1000	9123.173986036911	19636
8	1001	9126.51624906118	19637
8	1014	9260.825603759552	19638
8	1023	9342.989272586196	19645
8	1025	9359.423863285791	19642
8	1027	9370.321337944612	19641
8	1042	9507.497981399923	19649
8	1059	9632.162733627176	19650
8	1061	9650.269722046134	19653
8	1063	9652.003921959994	19648
8	1069	9720.956525774714	19652
8	1071	9743.533844341263	19647
8	1074	9787.164143413982	19654
8	1076	9822.433057774134	19655
8	1090	10058.144021637985	19657
8	1094	10146.151627158411	19658
8	1097	10196.224214979031	19656
8	1106	10375.435023307838	19660
8	1110	10451.199236314862	19659
8	1121	10537.797488027386	19664
8	1124	10556.870268395987	19661
8	1125	10559.980735607405	19662
8	1151	10705.522009120373	19668
8	1156	10733.666638124701	19670
8	1159	10750.317329847927	19676
8	1161	10765.374172394645	19672
8	1163	10773.034287757458	19665
8	1168	10797.772686400341	19667
8	1182	10895.856391999447	19680
8	1183	10899.797351884281	19677
8	1191	10946.223450977512	19682
8	1213	11126.681774359346	19678
8	1217	11201.494127649333	19683
8	1220	11238.665586635184	19684
8	1231	11356.216492481901	19686
8	1235	11395.833706015894	19689
8	1253	11540.97590757788	19694
8	1256	11572.105955448029	19691
8	1269	11690.743945284749	19698
8	1272	11714.978641385182	19699
8	1281	11817.216474187628	19696
8	1283	11827.329826357768	19692
8	1300	11970.428633188609	19701
8	1301	11983.000204333919	19702
8	1302	11989.434282264124	19703
8	1317	12159.444207198901	19705
8	1320	12181.575633090879	19707
8	1333	12338.780720959335	19708
8	1337	12352.578256486608	19709
8	1342	12398.806002749302	19711
8	1351	12488.706263144186	19706
8	1355	12513.678822803435	19716
8	1372	12676.27999749506	19715
8	1380	12738.999282963062	19721
8	1381	12752.47290224283	19714
8	1387	12836.257634790053	19718
8	1398	12993.644721657988	19719
8	1399	12995.014551113988	19720
8	1408	13062.433760986338	19724
8	1415	13098.504363539422	19725
8	1419	13127.799699332967	19722
8	1424	13180.145587725039	19730
8	1429	13220.697943795093	19726
8	1430	13226.334338145777	19733
8	1434	13236.88345275421	19728
8	1435	13240.158472745415	19723
8	1438	13270.877577773191	19729
8	1439	13281.599505931572	19734
8	1441	13289.241114630689	19731
8	1447	13334.246016276861	19735
8	1475	13511.788615958979	19740
8	1486	13556.289318343783	19736
8	1488	13609.812132074133	19738
8	1505	13713.329676337384	19739
8	1515	13782.963284589877	19747
8	1520	13823.580647092157	19746
8	1523	13857.764857688356	19745
8	1534	14002.592180671782	19749
8	1543	14107.050889397886	19753
8	1545	14119.015564543091	19750
8	1549	14172.261690379143	19752
8	1563	14321.578554162513	19755
8	1576	14456.30863112786	19756
8	1577	14473.304828182951	19757
8	1580	14505.375271218286	19759
8	1586	14588.619582649865	19758
8	1589	14605.415134487098	19760
8	1591	14612.627560206364	19761
8	1592	14656.610964861522	19762
8	1597	14697.702214128728	19763
8	1609	14806.220198303911	19764
8	1615	14868.029099597149	19765
8	1622	14944.923820025987	19766
8	1633	15051.802269971228	19767
8	1640	15122.737739141118	19770
8	1645	15173.055367798162	19773
8	1647	15198.633456334901	19774
8	1657	15332.131106423389	19771
8	1658	15373.706997824189	19775
8	1672	15527.320906551853	19778
8	1673	15530.884216160167	19779
8	1689	15705.682680698432	19776
8	1697	15800.682059991539	19783
8	1698	15807.880023628474	19781
8	1706	15873.517857859711	19785
8	1730	16056.520831335399	19789
8	1735	16095.296373766771	19794
8	1737	16103.896789014178	19787
8	1739	16114.421355331069	19792
8	1745	16157.838767751595	19793
8	1751	16193.757605578548	19791
8	1755	16203.501615563918	19795
8	1762	16228.103478010933	19797
8	1764	16271.002328968335	19800
8	1773	16308.397224427993	19798
8	1774	16315.699284381693	19805
8	1801	16509.127726186603	19804
8	1814	16585.627776638664	19806
8	1817	16609.188376240832	19813
8	1821	16617.797858326122	19809
8	1832	16698.758765828141	19812
8	1834	16718.903416871603	19814
8	1839	16746.846511211781	19816
8	1841	16792.951982603392	19818
8	1842	16795.236551831474	19817
8	1864	17036.931252594058	19822
8	1873	17155.122163105633	19824
8	1874	17166.522372962593	19819
8	1889	17422.304627622676	19827
8	1900	17664.146797954631	19828
8	1908	17771.432128538597	19831
8	1919	17875.792359415567	19834
8	1921	17895.164379534711	19835
8	1927	17934.126646619552	19830
8	1929	17953.538539399919	19829
8	1949	18131.828463181295	19840
8	1960	18300.475272085678	19838
8	1971	18494.384654149659	19845
8	1974	18556.77762354383	19844
8	1978	18610.935137918588	19847
8	1989	18774.120582582954	19851
8	2001	18881.363484853467	19849
8	2005	18908.57730478732	19853
8	2007	18932.576891354715	19854
8	2010	18959.973470415189	19848
8	2022	19014.912847412095	19859
8	2026	19038.267028977332	19855
8	2032	19078.149067911816	19856
8	2036	19087.089108187486	19858
8	2049	19163.581126641797	19861
8	2064	19232.101952021593	19870
8	2069	19280.11307321756	19862
8	2077	19328.117769410696	19864
8	2082	19366.145070280558	19860
8	2098	19435.465473112832	19869
8	2103	19481.43743961634	19871
8	2110	19509.267334456375	19874
8	2121	19570.952310838449	19876
8	2124	19602.06130962818	19873
8	2127	19605.724510791407	19880
8	2128	19609.250882548961	19881
8	2145	19707.617253920172	19879
8	2149	19720.412325246855	19882
8	2152	19738.880518524438	19877
8	2156	19772.867064475997	19888
8	2158	19804.214953156122	19878
8	2170	19867.898193042123	19890
8	2172	19871.457774799039	19885
8	2175	19902.598309611582	19889
8	2184	19966.837370496858	19887
8	2189	19978.572945216744	19894
9	159	1126.235003627601	0
9	169	1225.052021904334	0
9	180	1322.460262468198	0
9	184	1366.731014870771	0
9	192	1446.50876460158	0
9	194	1468.809742052351	0
9	220	1761.187607725682	0
9	224	1822.448016339828	0
9	226	1850.437494777413	0
9	235	1938.732048762885	0
9	241	2004.574557827817	0
9	252	2109.10009665114	0
9	257	2168.489279266589	0
9	264	2253.24789810195	0
9	272	2342.281435587332	0
9	279	2421.99671339664	0
9	300	2720.902577358838	0
9	301	2724.093777907967	0
9	305	2776.873676909156	0
9	311	2825.130912214055	0
9	319	2903.378583377237	0
9	323	2936.492277896871	0
9	330	3010.783806018295	0
9	335	3058.336481187073	0
9	346	3193.337734743118	0
9	350	3293.206459599627	0
9	359	3430.969359809325	0
9	363	3465.94604119566	0
9	371	3557.54968943585	0
9	383	3680.713854328808	0
9	385	3694.632313805677	0
9	407	3895.941315054886	0
9	427	4055.801497875348	0
9	428	4060.575702545756	0
9	434	4129.354313288515	0
9	445	4207.580011395914	0
9	446	4218.861955297703	0
9	447	4225.684732967292	0
9	450	4260.931980665036	0
9	464	4381.047672650609	0
9	477	4478.712653965248	0
9	480	4496.004045904447	0
9	485	4550.263923933294	0
9	491	4573.19919587098	0
9	495	4592.76157054986	0
9	506	4666.477125767435	0
9	517	4744.142560463173	0
9	528	4806.648223887119	0
9	529	4822.617283034333	0
9	530	4832.388697949549	0
9	538	4883.711755998492	0
9	560	5083.765216111415	0
9	562	5086.773464227944	0
9	564	5130.405236866159	0
9	566	5138.714478617476	0
9	567	5149.765477287312	0
9	572	5188.946878742234	0
9	587	5295.866222648428	0
9	590	5339.442428755073	0
9	612	5493.498524809448	0
9	625	5573.48996483875	0
9	626	5580.837192006869	0
9	633	5633.575608316474	0
9	651	5821.653453659762	0
9	657	5901.861966416572	0
9	662	5958.656464479131	0
9	664	5970.552432307958	0
9	667	5999.394436145698	0
9	669	6009.946611322911	0
9	678	6085.952920363017	0
9	683	6116.573766847159	0
9	698	6233.12628246995	0
9	701	6247.247297533154	0
9	705	6275.209313034964	0
9	715	6338.460691255823	0
9	717	6352.504553098131	0
9	721	6433.765271878751	0
9	730	6521.651734218754	0
9	734	6538.774884514421	0
9	739	6567.790004127793	0
9	754	6725.004408278229	0
9	757	6758.417475142451	0
9	758	6758.686077205868	0
9	760	6770.766607325225	0
9	792	7106.587979028174	0
9	800	7178.12315061448	0
9	803	7201.894939017847	0
9	812	7280.622566285974	0
9	821	7349.104789852576	0
9	826	7390.062029759675	0
9	831	7438.624038386375	0
9	845	7532.20378378295	0
9	849	7567.949303046231	0
9	852	7583.505437093655	0
9	854	7590.341837852154	0
9	856	7608.715046419162	0
9	858	7619.152701453514	0
9	879	7799.33766517579	0
9	886	7888.140618500411	0
9	893	7962.939931091926	0
9	910	8155.138993821004	0
9	915	8216.829607134432	0
9	916	8250.553915227212	0
9	922	8315.808354544488	0
9	931	8404.481005493361	0
9	933	8423.373286387998	0
9	936	8477.360214691215	0
9	939	8502.378756785612	0
9	942	8564.486611751518	0
9	960	8744.396162975134	0
9	966	8807.330533816352	0
9	967	8811.371736502504	0
9	971	8853.906768492058	0
9	974	8903.411395793329	0
9	999	9122.809144104594	0
9	1007	9199.775864900883	0
9	1009	9226.173986036911	0
9	1010	9229.51624906118	0
9	1016	9288.187847732252	0
9	1029	9396.948213112362	0
9	1034	9434.533844341263	0
9	1036	9445.989272586196	0
9	1038	9462.423863285791	0
9	1039	9473.321337944612	0
9	1055	9610.497981399923	0
9	1056	9615.774054315763	0
9	1070	9735.162733627176	0
9	1072	9753.269722046134	0
9	1073	9755.003921959994	0
9	1082	9890.164143413982	0
9	1102	10299.224214979031	0
9	1115	10478.435023307838	0
9	1120	10534.673979625015	0
9	1123	10554.199236314862	0
9	1140	10652.507029320121	0
9	1144	10662.980735607405	0
9	1146	10675.883877444365	0
9	1154	10728.694691981107	0
9	1170	10808.522009120373	0
9	1171	10817.681774359346	0
9	1174	10836.666638124701	0
9	1175	10838.591731477474	0
9	1177	10853.317329847927	0
9	1179	10868.374172394645	0
9	1180	10876.034287757458	0
9	1185	10900.772686400341	0
9	1198	10998.856391999447	0
9	1199	11002.797351884281	0
9	1206	11049.223450977512	0
9	1226	11304.494127649333	0
9	1228	11341.665586635184	0
9	1229	11343.824098257413	0
9	1242	11450.159059413085	0
9	1248	11498.833706015894	0
9	1250	11518.329826357768	0
9	1252	11539.646365341282	0
9	1258	11580.650614978591	0
9	1264	11636.292384165177	0
9	1266	11643.97590757788	0
9	1267	11675.105955448029	0
9	1279	11793.743945284749	0
9	1282	11817.978641385182	0
9	1294	11920.216474187628	0
9	1311	12086.000204333919	0
9	1319	12179.706263144186	0
9	1329	12274.864113899852	0
9	1331	12284.575633090879	0
9	1335	12343.480256281744	0
9	1345	12443.47290224283	0
9	1348	12455.578256486608	0
9	1353	12501.806002749302	0
9	1367	12616.678822803435	0
9	1373	12684.644721657988	0
9	1374	12686.014551113988	0
9	1382	12779.27999749506	0
9	1385	12818.799699332967	0
9	1388	12841.999282963062	0
9	1394	12931.158472745415	0
9	1395	12939.257634790053	0
9	1422	13165.433760986338	0
9	1428	13201.504363539422	0
9	1440	13283.145587725039	0
9	1445	13323.697943795093	0
9	1446	13329.334338145777	0
9	1448	13339.88345275421	0
9	1452	13373.877577773191	0
9	1453	13384.599505931572	0
9	1455	13392.241114630689	0
9	1464	13437.246016276861	0
9	1490	13614.788615958979	0
9	1495	13639.573292082097	0
9	1497	13644.784139523936	0
9	1500	13659.289318343783	0
9	1504	13712.812132074133	0
9	1524	13885.963284589877	0
9	1529	13926.580647092157	0
9	1530	13960.764857688356	0
9	1542	14105.592180671782	0
9	1552	14210.050889397886	0
9	1554	14222.015564543091	0
9	1557	14275.261690379143	0
9	1574	14424.578554162513	0
9	1584	14559.30863112786	0
9	1585	14576.304828182951	0
9	1590	14608.375271218286	0
9	1601	14715.627560206364	0
9	1608	14800.702214128728	0
9	1626	14979.310813541743	0
9	1630	15023.131106423389	0
9	1632	15047.923820025987	0
9	1649	15225.737739141118	0
9	1652	15276.055367798162	0
9	1654	15301.633456334901	0
9	1661	15396.682680698432	0
9	1667	15476.706997824189	0
9	1681	15630.320906551853	0
9	1682	15633.884216160167	0
9	1683	15648.606460924549	0
9	1700	15820.14683887681	0
9	1707	15881.752469412132	0
9	1714	15925.264194358667	0
9	1718	15976.517857859711	0
9	1740	16114.471324955476	0
9	1752	16198.296373766771	0
9	1759	16217.421355331069	0
9	1772	16306.501615563918	0
9	1777	16331.103478010933	0
9	1779	16374.002328968335	0
9	1788	16411.397224427993	0
9	1791	16418.699284381693	0
9	1795	16465.179522005818	0
9	1810	16524.682841944494	0
9	1833	16712.188376240832	0
9	1835	16720.797858326122	0
9	1843	16801.758765828141	0
9	1845	16821.903416871603	0
9	1848	16849.846511211781	0
9	1851	16895.951982603392	0
9	1860	16983.601565890385	0
9	1879	17258.122163105633	0
9	1881	17269.522372962593	0
9	1882	17281.426782421895	0
9	1893	17525.304627622676	0
9	1899	17644.538539399919	0
9	1912	17805.480357622038	0
9	1913	17818.741640906384	0
9	1930	17978.792359415567	0
9	1932	17991.475272085678	0
9	1933	17998.164379534711	0
9	1937	18025.430825969482	0
9	1951	18179.152759983958	0
9	1956	18234.828463181295	0
9	1977	18597.384654149659	0
9	1979	18650.973470415189	0
9	1986	18713.935137918588	0
9	2000	18877.120582582954	0
9	2016	18981.895841267803	0
9	2021	19011.57730478732	0
9	2025	19035.576891354715	0
9	2027	19057.145070280558	0
9	2038	19098.92660611644	0
9	2041	19117.912847412095	0
9	2043	19125.490421537512	0
9	2050	19169.436301187707	0
9	2053	19181.149067911816	0
9	2055	19186.939080713718	0
9	2066	19266.581126641797	0
9	2076	19319.510355905467	0
9	2081	19335.101952021593	0
9	2087	19383.11307321756	0
9	2094	19431.117769410696	0
9	2118	19538.465473112832	0
9	2129	19612.267334456375	0
9	2133	19631.231583214487	0
9	2143	19704.199785953604	0
9	2146	19708.724510791407	0
9	2147	19712.250882548961	0
9	2160	19810.617253920172	0
9	2164	19823.412325246855	0
9	2173	19875.867064475997	0
9	2176	19907.214953156122	0
9	2187	19970.898193042123	0
10	159	1126.235003627601	3
10	169	1225.052021904334	3
10	180	1322.460262468198	3
10	184	1366.731014870771	3
10	192	1446.50876460158	3
10	194	1468.809742052351	3
10	220	1761.187607725682	3
10	224	1822.448016339828	3
10	226	1850.437494777413	3
10	235	1938.732048762885	3
10	241	2004.574557827817	3
10	252	2109.10009665114	3
10	257	2168.489279266589	3
10	264	2253.24789810195	3
10	272	2342.281435587332	3
10	279	2421.99671339664	3
10	300	2720.902577358838	3
10	301	2724.093777907967	3
10	305	2776.873676909156	3
10	311	2825.130912214055	3
10	319	2903.378583377237	3
10	323	2936.492277896871	3
10	330	3010.783806018295	3
10	335	3058.336481187073	3
10	346	3193.337734743118	3
10	350	3293.206459599627	3
10	359	3430.969359809325	3
10	363	3465.94604119566	3
10	371	3557.54968943585	3
10	383	3680.713854328808	3
10	385	3694.632313805677	3
10	407	3895.941315054886	3
10	427	4055.801497875348	3
10	428	4060.575702545756	3
10	434	4129.354313288515	3
10	445	4207.580011395914	3
10	446	4218.861955297703	3
10	447	4225.684732967292	3
10	450	4260.931980665036	3
10	464	4381.047672650609	3
10	477	4478.712653965248	3
10	480	4496.004045904447	3
10	485	4550.263923933294	3
10	491	4573.19919587098	3
10	495	4592.76157054986	3
10	506	4666.477125767435	3
10	517	4744.142560463173	3
10	528	4806.648223887119	3
10	529	4822.617283034333	3
10	530	4832.388697949549	3
10	538	4883.711755998492	3
10	560	5083.765216111415	3
10	562	5086.773464227944	3
10	564	5130.405236866159	3
10	566	5138.714478617476	3
10	567	5149.765477287312	3
10	572	5188.946878742234	3
10	587	5295.866222648428	3
10	590	5339.442428755073	3
10	612	5493.498524809448	3
10	625	5573.48996483875	3
10	626	5580.837192006869	3
10	633	5633.575608316474	3
10	651	5821.653453659762	3
10	657	5901.861966416572	3
10	662	5958.656464479131	3
10	664	5970.552432307958	3
10	667	5999.394436145698	3
10	669	6009.946611322911	3
10	678	6085.952920363017	3
10	683	6116.573766847159	3
10	698	6233.12628246995	3
10	701	6247.247297533154	3
10	705	6275.209313034964	3
10	715	6338.460691255823	3
10	717	6352.504553098131	3
10	721	6433.765271878751	3
10	730	6521.651734218754	3
10	734	6538.774884514421	3
10	739	6567.790004127793	3
10	754	6725.004408278229	3
10	757	6758.417475142451	3
10	758	6758.686077205868	3
10	760	6770.766607325225	3
10	792	7106.587979028174	3
10	800	7178.12315061448	3
10	803	7201.894939017847	3
10	812	7280.622566285974	3
10	821	7349.104789852576	3
10	826	7390.062029759675	3
10	831	7438.624038386375	3
10	845	7532.20378378295	3
10	849	7567.949303046231	3
10	852	7583.505437093655	3
10	854	7590.341837852154	3
10	856	7608.715046419162	3
10	858	7619.152701453514	3
10	879	7799.33766517579	3
10	886	7888.140618500411	3
10	893	7962.939931091926	3
10	910	8155.138993821004	3
10	915	8216.829607134432	3
10	916	8250.553915227212	3
10	922	8315.808354544488	3
10	931	8404.481005493361	3
10	933	8423.373286387998	3
10	936	8477.360214691215	3
10	939	8502.378756785612	3
10	942	8564.486611751518	3
10	960	8744.396162975134	3
10	966	8807.330533816352	3
10	967	8811.371736502504	3
10	971	8853.906768492058	3
10	974	8903.411395793329	3
10	999	9122.809144104594	3
10	1007	9199.775864900883	3
10	1009	9226.173986036911	3
10	1010	9229.51624906118	3
10	1016	9288.187847732252	3
10	1029	9396.948213112362	3
10	1034	9434.533844341263	3
10	1036	9445.989272586196	3
10	1038	9462.423863285791	3
10	1039	9473.321337944612	3
10	1055	9610.497981399923	3
10	1056	9615.774054315763	3
10	1070	9735.162733627176	3
10	1072	9753.269722046134	3
10	1073	9755.003921959994	3
10	1082	9890.164143413982	3
10	1102	10299.224214979031	3
10	1115	10478.435023307838	3
10	1120	10534.673979625015	3
10	1123	10554.199236314862	3
10	1140	10652.507029320121	3
10	1144	10662.980735607405	3
10	1146	10675.883877444365	3
10	1154	10728.694691981107	3
10	1170	10808.522009120373	3
10	1171	10817.681774359346	3
10	1174	10836.666638124701	3
10	1175	10838.591731477474	3
10	1177	10853.317329847927	3
10	1179	10868.374172394645	3
10	1180	10876.034287757458	3
10	1185	10900.772686400341	3
10	1198	10998.856391999447	3
10	1199	11002.797351884281	3
10	1206	11049.223450977512	3
10	1226	11304.494127649333	3
10	1228	11341.665586635184	3
10	1229	11343.824098257413	3
10	1242	11450.159059413085	3
10	1248	11498.833706015894	3
10	1250	11518.329826357768	3
10	1252	11539.646365341282	3
10	1258	11580.650614978591	3
10	1264	11636.292384165177	3
10	1266	11643.97590757788	3
10	1267	11675.105955448029	3
10	1279	11793.743945284749	3
10	1282	11817.978641385182	3
10	1294	11920.216474187628	3
10	1311	12086.000204333919	3
10	1319	12179.706263144186	3
10	1329	12274.864113899852	3
10	1331	12284.575633090879	3
10	1335	12343.480256281744	3
10	1345	12443.47290224283	3
10	1348	12455.578256486608	3
10	1353	12501.806002749302	3
10	1367	12616.678822803435	3
10	1373	12684.644721657988	3
10	1374	12686.014551113988	3
10	1382	12779.27999749506	3
10	1385	12818.799699332967	3
10	1388	12841.999282963062	3
10	1394	12931.158472745415	3
10	1395	12939.257634790053	3
10	1422	13165.433760986338	3
10	1428	13201.504363539422	3
10	1440	13283.145587725039	3
10	1445	13323.697943795093	3
10	1446	13329.334338145777	3
10	1448	13339.88345275421	3
10	1452	13373.877577773191	3
10	1453	13384.599505931572	3
10	1455	13392.241114630689	3
10	1464	13437.246016276861	3
10	1490	13614.788615958979	3
10	1495	13639.573292082097	3
10	1497	13644.784139523936	3
10	1500	13659.289318343783	3
10	1504	13712.812132074133	3
10	1524	13885.963284589877	3
10	1529	13926.580647092157	3
10	1530	13960.764857688356	3
10	1542	14105.592180671782	3
10	1552	14210.050889397886	3
10	1554	14222.015564543091	3
10	1557	14275.261690379143	3
10	1574	14424.578554162513	3
10	1584	14559.30863112786	3
10	1585	14576.304828182951	3
10	1590	14608.375271218286	3
10	1601	14715.627560206364	3
10	1608	14800.702214128728	3
10	1626	14979.310813541743	3
10	1630	15023.131106423389	3
10	1632	15047.923820025987	3
10	1649	15225.737739141118	3
10	1652	15276.055367798162	3
10	1654	15301.633456334901	3
10	1661	15396.682680698432	3
10	1667	15476.706997824189	3
10	1681	15630.320906551853	3
10	1682	15633.884216160167	3
10	1683	15648.606460924549	3
10	1700	15820.14683887681	3
10	1707	15881.752469412132	3
10	1714	15925.264194358667	3
10	1718	15976.517857859711	3
10	1740	16114.471324955476	3
10	1752	16198.296373766771	3
10	1759	16217.421355331069	3
10	1772	16306.501615563918	3
10	1777	16331.103478010933	3
10	1779	16374.002328968335	3
10	1788	16411.397224427993	3
10	1791	16418.699284381693	3
10	1795	16465.179522005818	3
10	1810	16524.682841944494	3
10	1833	16712.188376240832	3
10	1835	16720.797858326122	3
10	1843	16801.758765828141	3
10	1845	16821.903416871603	3
10	1848	16849.846511211781	3
10	1851	16895.951982603392	3
10	1860	16983.601565890385	3
10	1879	17258.122163105633	3
10	1881	17269.522372962593	3
10	1882	17281.426782421895	3
10	1893	17525.304627622676	3
10	1899	17644.538539399919	3
10	1912	17805.480357622038	3
10	1913	17818.741640906384	3
10	1930	17978.792359415567	3
10	1932	17991.475272085678	3
10	1933	17998.164379534711	3
10	1937	18025.430825969482	3
10	1951	18179.152759983958	3
10	1956	18234.828463181295	3
10	1977	18597.384654149659	3
10	1979	18650.973470415189	3
10	1986	18713.935137918588	3
10	2000	18877.120582582954	3
10	2016	18981.895841267803	3
10	2021	19011.57730478732	3
10	2025	19035.576891354715	3
10	2027	19057.145070280558	3
10	2038	19098.92660611644	3
10	2041	19117.912847412095	3
10	2043	19125.490421537512	3
10	2050	19169.436301187707	3
10	2053	19181.149067911816	3
10	2055	19186.939080713718	3
10	2066	19266.581126641797	3
10	2076	19319.510355905467	3
10	2081	19335.101952021593	3
10	2087	19383.11307321756	3
10	2094	19431.117769410696	3
10	2118	19538.465473112832	3
10	2129	19612.267334456375	3
10	2133	19631.231583214487	3
10	2143	19704.199785953604	3
10	2146	19708.724510791407	3
10	2147	19712.250882548961	3
10	2160	19810.617253920172	3
10	2164	19823.412325246855	3
10	2173	19875.867064475997	3
10	2176	19907.214953156122	3
10	2187	19970.898193042123	3
11	159	1126.235003627601	19457
11	169	1225.052021904334	19462
11	180	1322.460262468198	19465
11	184	1366.731014870771	19459
11	192	1446.50876460158	19466
11	194	1468.809742052351	19467
11	220	1761.187607725682	19472
11	224	1822.448016339828	19474
11	226	1850.437494777413	19470
11	235	1938.732048762885	19476
11	241	2004.574557827817	19478
11	252	2109.10009665114	19479
11	257	2168.489279266589	19477
11	264	2253.24789810195	19480
11	272	2342.281435587332	19482
11	279	2421.99671339664	19486
11	300	2720.902577358838	19484
11	301	2724.093777907967	19485
11	305	2776.873676909156	19488
11	311	2825.130912214055	19491
11	319	2903.378583377237	19489
11	323	2936.492277896871	19494
11	330	3010.783806018295	19490
11	335	3058.336481187073	19496
11	346	3193.337734743118	19498
11	350	3293.206459599627	19497
11	359	3430.969359809325	19502
11	363	3465.94604119566	19503
11	371	3557.54968943585	19500
11	383	3680.713854328808	19501
11	385	3694.632313805677	19508
11	407	3895.941315054886	19510
11	427	4055.801497875348	19509
11	428	4060.575702545756	19511
11	434	4129.354313288515	19513
11	445	4207.580011395914	19517
11	446	4218.861955297703	19512
11	447	4225.684732967292	19520
11	450	4260.931980665036	19521
11	464	4381.047672650609	19522
11	477	4478.712653965248	19523
11	480	4496.004045904447	19529
11	485	4550.263923933294	19526
11	491	4573.19919587098	19527
11	495	4592.76157054986	19528
11	506	4666.477125767435	19535
11	517	4744.142560463173	19525
11	528	4806.648223887119	19536
11	529	4822.617283034333	19537
11	530	4832.388697949549	19533
11	538	4883.711755998492	19532
11	560	5083.765216111415	19538
11	562	5086.773464227944	19545
11	564	5130.405236866159	19546
11	566	5138.714478617476	19543
11	567	5149.765477287312	19539
11	572	5188.946878742234	19541
11	587	5295.866222648428	19548
11	590	5339.442428755073	19550
11	612	5493.498524809448	19556
11	625	5573.48996483875	19554
11	626	5580.837192006869	19559
11	633	5633.575608316474	19557
11	651	5821.653453659762	19563
11	657	5901.861966416572	19565
11	662	5958.656464479131	19564
11	664	5970.552432307958	19561
11	667	5999.394436145698	19567
11	669	6009.946611322911	19568
11	678	6085.952920363017	19571
11	683	6116.573766847159	19566
11	698	6233.12628246995	19569
11	701	6247.247297533154	19572
11	705	6275.209313034964	19577
11	715	6338.460691255823	19576
11	717	6352.504553098131	19579
11	721	6433.765271878751	19580
11	730	6521.651734218754	19578
11	734	6538.774884514421	19582
11	739	6567.790004127793	19583
11	754	6725.004408278229	19585
11	757	6758.417475142451	19588
11	758	6758.686077205868	19589
11	760	6770.766607325225	19587
11	792	7106.587979028174	19591
11	800	7178.12315061448	19597
11	803	7201.894939017847	19598
11	812	7280.622566285974	19603
11	821	7349.104789852576	19606
11	826	7390.062029759675	19607
11	831	7438.624038386375	19599
11	845	7532.20378378295	19605
11	849	7567.949303046231	19601
11	852	7583.505437093655	19602
11	854	7590.341837852154	19610
11	856	7608.715046419162	19608
11	858	7619.152701453514	19604
11	879	7799.33766517579	19614
11	886	7888.140618500411	19613
11	893	7962.939931091926	19617
11	910	8155.138993821004	19621
11	915	8216.829607134432	19620
11	916	8250.553915227212	19618
11	922	8315.808354544488	19619
11	931	8404.481005493361	19625
11	933	8423.373286387998	19626
11	936	8477.360214691215	19627
11	939	8502.378756785612	19622
11	942	8564.486611751518	19624
11	960	8744.396162975134	19631
11	966	8807.330533816352	19628
11	967	8811.371736502504	19630
11	971	8853.906768492058	19634
11	974	8903.411395793329	19629
11	999	9122.809144104594	19640
11	1007	9199.775864900883	19639
11	1009	9226.173986036911	19636
11	1010	9229.51624906118	19637
11	1016	9288.187847732252	19643
11	1029	9396.948213112362	19646
11	1034	9434.533844341263	19647
11	1036	9445.989272586196	19645
11	1038	9462.423863285791	19642
11	1039	9473.321337944612	19641
11	1055	9610.497981399923	19649
11	1056	9615.774054315763	19651
11	1070	9735.162733627176	19650
11	1072	9753.269722046134	19653
11	1073	9755.003921959994	19648
11	1082	9890.164143413982	19654
11	1102	10299.224214979031	19656
11	1115	10478.435023307838	19660
11	1120	10534.673979625015	19663
11	1123	10554.199236314862	19659
11	1140	10652.507029320121	19671
11	1144	10662.980735607405	19662
11	1146	10675.883877444365	19673
11	1154	10728.694691981107	19675
11	1170	10808.522009120373	19668
11	1171	10817.681774359346	19678
11	1174	10836.666638124701	19670
11	1175	10838.591731477474	19679
11	1177	10853.317329847927	19676
11	1179	10868.374172394645	19672
11	1180	10876.034287757458	19665
11	1185	10900.772686400341	19667
11	1198	10998.856391999447	19680
11	1199	11002.797351884281	19677
11	1206	11049.223450977512	19682
11	1226	11304.494127649333	19683
11	1228	11341.665586635184	19684
11	1229	11343.824098257413	19685
11	1242	11450.159059413085	19690
11	1248	11498.833706015894	19689
11	1250	11518.329826357768	19692
11	1252	11539.646365341282	19693
11	1258	11580.650614978591	19695
11	1264	11636.292384165177	19697
11	1266	11643.97590757788	19694
11	1267	11675.105955448029	19691
11	1279	11793.743945284749	19698
11	1282	11817.978641385182	19699
11	1294	11920.216474187628	19696
11	1311	12086.000204333919	19702
11	1319	12179.706263144186	19706
11	1329	12274.864113899852	19710
11	1331	12284.575633090879	19707
11	1335	12343.480256281744	19712
11	1345	12443.47290224283	19714
11	1348	12455.578256486608	19709
11	1353	12501.806002749302	19711
11	1367	12616.678822803435	19716
11	1373	12684.644721657988	19719
11	1374	12686.014551113988	19720
11	1382	12779.27999749506	19715
11	1385	12818.799699332967	19722
11	1388	12841.999282963062	19721
11	1394	12931.158472745415	19723
11	1395	12939.257634790053	19718
11	1422	13165.433760986338	19724
11	1428	13201.504363539422	19725
11	1440	13283.145587725039	19730
11	1445	13323.697943795093	19726
11	1446	13329.334338145777	19733
11	1448	13339.88345275421	19728
11	1452	13373.877577773191	19729
11	1453	13384.599505931572	19734
11	1455	13392.241114630689	19731
11	1464	13437.246016276861	19735
11	1490	13614.788615958979	19740
11	1495	13639.573292082097	19743
11	1497	13644.784139523936	19744
11	1500	13659.289318343783	19736
11	1504	13712.812132074133	19738
11	1524	13885.963284589877	19747
11	1529	13926.580647092157	19746
11	1530	13960.764857688356	19745
11	1542	14105.592180671782	19749
11	1552	14210.050889397886	19753
11	1554	14222.015564543091	19750
11	1557	14275.261690379143	19752
11	1574	14424.578554162513	19755
11	1584	14559.30863112786	19756
11	1585	14576.304828182951	19757
11	1590	14608.375271218286	19759
11	1601	14715.627560206364	19761
11	1608	14800.702214128728	19763
11	1626	14979.310813541743	19769
11	1630	15023.131106423389	19771
11	1632	15047.923820025987	19766
11	1649	15225.737739141118	19770
11	1652	15276.055367798162	19773
11	1654	15301.633456334901	19774
11	1661	15396.682680698432	19776
11	1667	15476.706997824189	19775
11	1681	15630.320906551853	19778
11	1682	15633.884216160167	19779
11	1683	15648.606460924549	19782
11	1700	15820.14683887681	19784
11	1707	15881.752469412132	19786
11	1714	15925.264194358667	19788
11	1718	15976.517857859711	19785
11	1740	16114.471324955476	19796
11	1752	16198.296373766771	19794
11	1759	16217.421355331069	19792
11	1772	16306.501615563918	19795
11	1777	16331.103478010933	19797
11	1779	16374.002328968335	19800
11	1788	16411.397224427993	19798
11	1791	16418.699284381693	19805
11	1795	16465.179522005818	19807
11	1810	16524.682841944494	19811
11	1833	16712.188376240832	19813
11	1835	16720.797858326122	19809
11	1843	16801.758765828141	19812
11	1845	16821.903416871603	19814
11	1848	16849.846511211781	19816
11	1851	16895.951982603392	19818
11	1860	16983.601565890385	19820
11	1879	17258.122163105633	19824
11	1881	17269.522372962593	19819
11	1882	17281.426782421895	19825
11	1893	17525.304627622676	19827
11	1899	17644.538539399919	19829
11	1912	17805.480357622038	19832
11	1913	17818.741640906384	19833
11	1930	17978.792359415567	19834
11	1932	17991.475272085678	19838
11	1933	17998.164379534711	19835
11	1937	18025.430825969482	19839
11	1951	18179.152759983958	19842
11	1956	18234.828463181295	19840
11	1977	18597.384654149659	19845
11	1979	18650.973470415189	19848
11	1986	18713.935137918588	19847
11	2000	18877.120582582954	19851
11	2016	18981.895841267803	19857
11	2021	19011.57730478732	19853
11	2025	19035.576891354715	19854
11	2027	19057.145070280558	19860
11	2038	19098.92660611644	19863
11	2041	19117.912847412095	19859
11	2043	19125.490421537512	19865
11	2050	19169.436301187707	19866
11	2053	19181.149067911816	19856
11	2055	19186.939080713718	19867
11	2066	19266.581126641797	19861
11	2076	19319.510355905467	19872
11	2081	19335.101952021593	19870
11	2087	19383.11307321756	19862
11	2094	19431.117769410696	19864
11	2118	19538.465473112832	19869
11	2129	19612.267334456375	19874
11	2133	19631.231583214487	19884
11	2143	19704.199785953604	19886
11	2146	19708.724510791407	19880
11	2147	19712.250882548961	19881
11	2160	19810.617253920172	19879
11	2164	19823.412325246855	19882
11	2173	19875.867064475997	19888
11	2176	19907.214953156122	19878
11	2187	19970.898193042123	19890
12	163	1201.992740034537	512
12	239	1967.187607725682	306
12	282	2459.24789810195	409
12	289	2548.281435587332	409
12	392	3763.54968943585	512
12	452	4266.575702545756	512
12	523	4779.19919587098	409
12	591	5344.714478617476	409
12	593	5355.765477287312	512
12	616	5501.866222648428	306
12	641	5701.399976755642	203
12	672	6027.653453659762	409
12	681	6107.861966416572	306
12	688	6164.656464479131	409
12	696	6215.946611322911	306
12	704	6273.207298259013	203
12	709	6322.573766847159	512
12	735	6544.460691255823	409
12	743	6639.765271878751	306
12	753	6712.699392763302	203
12	773	6931.004408278229	409
12	817	7312.587979028174	512
12	882	7814.715046419162	409
12	904	8094.140618500411	512
12	911	8168.939931091926	409
12	949	8610.481005493361	306
12	1040	9494.187847732252	306
12	1054	9602.948213112362	306
12	1062	9651.989272586196	409
12	1064	9668.423863285791	512
12	1085	9941.162733627176	512
12	1148	10684.435023307838	512
12	1158	10740.673979625015	306
12	1204	11042.666638124701	512
12	1205	11044.591731477474	306
12	1208	11074.374172394645	512
12	1275	11745.646365341282	306
12	1284	11842.292384165177	306
12	1288	11881.105955448029	512
12	1352	12490.575633090879	409
12	1358	12549.480256281744	306
12	1371	12661.578256486608	512
12	1375	12707.806002749302	512
12	1470	13489.145587725039	409
12	1483	13545.88345275421	512
12	1526	13907.397812694312	203
12	1548	14167.356566318418	203
12	1573	14416.050889397886	409
12	1607	14782.304828182951	512
12	1684	15682.706997824189	512
12	1704	15854.606460924549	306
12	1731	16065.895447531961	203
12	1733	16087.752469412132	306
12	1744	16131.264194358667	306
12	1748	16182.517857859711	409
12	1784	16404.234390535641	203
12	1820	16617.397224427993	512
12	1824	16624.699284381693	409
12	1936	18024.741640906384	306
12	1992	18803.384654149659	409
12	2085	19375.436301187707	306
12	2088	19387.149067911816	512
12	2119	19541.101952021593	409
12	2166	19837.231583214487	306
13	163	1201.992740034537	12
13	239	1967.187607725682	6
13	282	2459.24789810195	9
13	289	2548.281435587332	9
13	392	3763.54968943585	12
13	452	4266.575702545756	12
13	523	4779.19919587098	9
13	591	5344.714478617476	9
13	593	5355.765477287312	12
13	616	5501.866222648428	6
13	641	5701.399976755642	3
13	672	6027.653453659762	9
13	681	6107.861966416572	6
13	688	6164.656464479131	9
13	696	6215.946611322911	6
13	704	6273.207298259013	3
13	709	6322.573766847159	12
13	735	6544.460691255823	9
13	743	6639.765271878751	6
13	753	6712.699392763302	3
13	773	6931.004408278229	9
13	817	7312.587979028174	12
13	882	7814.715046419162	9
13	904	8094.140618500411	12
13	911	8168.939931091926	9
13	949	8610.481005493361	6
13	1040	9494.187847732252	6
13	1054	9602.948213112362	6
13	1062	9651.989272586196	9
13	1064	9668.423863285791	12
13	1085	9941.162733627176	12
13	1148	10684.435023307838	12
13	1158	10740.673979625015	6
13	1204	11042.666638124701	12
13	1205	11044.591731477474	6
13	1208	11074.374172394645	12
13	1275	11745.646365341282	6
13	1284	11842.292384165177	6
13	1288	11881.105955448029	12
13	1352	12490.575633090879	9
13	1358	12549.480256281744	6
13	1371	12661.578256486608	12
13	1375	12707.806002749302	12
13	1470	13489.145587725039	9
13	1483	13545.88345275421	12
13	1526	13907.397812694312	3
13	1548	14167.356566318418	3
13	1573	14416.050889397886	9
13	1607	14782.304828182951	12
13	1684	15682.706997824189	12
13	1704	15854.606460924549	6
13	1731	16065.895447531961	3
13	1733	16087.752469412132	6
13	1744	16131.264194358667	6
13	1748	16182.517857859711	9
13	1784	16404.234390535641	3
13	1820	16617.397224427993	12
13	1824	16624.699284381693	9
13	1936	18024.741640906384	6
13	1992	18803.384654149659	9
13	2085	19375.436301187707	6
13	2088	19387.149067911816	12
13	2119	19541.101952021593	9
13	2166	19837.231583214487	6
14	163	1201.992740034537	4
14	239	1967.187607725682	2
14	282	2459.24789810195	3
14	289	2548.281435587332	3
14	392	3763.54968943585	4
14	452	4266.575702545756	4
14	523	4779.19919587098	3
14	591	5344.714478617476	3
14	593	5355.765477287312	4
14	616	5501.866222648428	2
14	641	5701.399976755642	1
14	672	6027.653453659762	3
14	681	6107.861966416572	2
14	688	6164.656464479131	3
14	696	6215.946611322911	2
14	704	6273.207298259013	1
14	709	6322.573766847159	4
14	735	6544.460691255823	3
14	743	6639.765271878751	2
14	753	6712.699392763302	1
14	773	6931.004408278229	3
14	817	7312.587979028174	4
14	882	7814.715046419162	3
14	904	8094.140618500411	4
14	911	8168.939931091926	3
14	949	8610.481005493361	2
14	1040	9494.187847732252	2
14	1054	9602.948213112362	2
14	1062	9651.989272586196	3
14	1064	9668.423863285791	4
14	1085	9941.162733627176	4
14	1148	10684.435023307838	4
14	1158	10740.673979625015	2
14	1204	11042.666638124701	4
14	1205	11044.591731477474	2
14	1208	11074.374172394645	4
14	1275	11745.646365341282	2
14	1284	11842.292384165177	2
14	1288	11881.105955448029	4
14	1352	12490.575633090879	3
14	1358	12549.480256281744	2
14	1371	12661.578256486608	4
14	1375	12707.806002749302	4
14	1470	13489.145587725039	3
14	1483	13545.88345275421	4
14	1526	13907.397812694312	1
14	1548	14167.356566318418	1
14	1573	14416.050889397886	3
14	1607	14782.304828182951	4
14	1684	15682.706997824189	4
14	1704	15854.606460924549	2
14	1731	16065.895447531961	1
14	1733	16087.752469412132	2
14	1744	16131.264194358667	2
14	1748	16182.517857859711	3
14	1784	16404.234390535641	1
14	1820	16617.397224427993	4
14	1824	16624.699284381693	3
14	1936	18024.741640906384	2
14	1992	18803.384654149659	3
14	2085	19375.436301187707	2
14	2088	19387.149067911816	4
14	2119	19541.101952021593	3
14	2166	19837.231583214487	2
15	212	1674.69232064933	306
15	219	1755.50876460158	512
15	222	1777.809742052351	512
15	237	1959.431078950161	306
15	263	2247.732048762885	409
15	303	2730.853443894196	203
15	342	3134.130912214055	409
15	370	3546.933436465825	306
15	378	3641.002709152389	203
15	393	3774.94604119566	409
15	442	4174.728646493264	306
15	520	4764.789670884521	306
15	525	4787.712653965248	512
15	540	4901.76157054986	512
15	565	5131.617283034333	409
15	613	5494.984209313085	203
15	624	5567.511283949171	306
15	707	6308.394436145698	409
15	750	6661.504553098131	409
15	786	7067.417475142451	409
15	832	7450.43272907563	306
15	838	7487.12315061448	512
15	853	7589.622566285974	409
15	906	8108.33766517579	409
15	1043	9508.775864900883	512
15	1165	10780.866279272822	306
15	1172	10831.637894225811	203
15	1193	10961.507029320121	409
15	1196	10984.883877444365	409
15	1247	11491.327495751044	203
15	1298	11952.97590757788	512
15	1314	12102.743945284749	512
15	1322	12195.663598677584	306
15	1431	13228.889278422285	203
15	1491	13615.044664482087	306
15	1494	13638.334338145777	512
15	1502	13693.599505931572	512
15	1512	13753.647545014734	306
15	1528	13923.788615958979	512
15	1572	14414.592180671782	512
15	1638	15109.702214128728	512
15	1685	15685.932956384221	306
15	1782	16388.008234679842	203
15	1799	16491.701817050293	306
15	1836	16723.619402176082	306
15	1870	17109.212521970702	203
15	1877	17204.951982603392	512
15	1883	17292.601565890385	409
15	1891	17470.269137294309	203
15	1896	17590.426782421895	409
15	1915	17834.304627622676	512
15	1940	18043.228668492499	203
15	1953	18193.80779702378	203
15	1959	18287.792359415567	512
15	1963	18366.937022434579	203
15	2037	19088.375529414106	306
15	2092	19420.375759821919	306
15	2097	19434.490421537512	409
15	2135	19637.811692736083	306
16	212	1674.69232064933	6
16	219	1755.50876460158	12
16	222	1777.809742052351	12
16	237	1959.431078950161	6
16	263	2247.732048762885	9
16	303	2730.853443894196	3
16	342	3134.130912214055	9
16	370	3546.933436465825	6
16	378	3641.002709152389	3
16	393	3774.94604119566	9
16	442	4174.728646493264	6
16	520	4764.789670884521	6
16	525	4787.712653965248	12
16	540	4901.76157054986	12
16	565	5131.617283034333	9
16	613	5494.984209313085	3
16	624	5567.511283949171	6
16	707	6308.394436145698	9
16	750	6661.504553098131	9
16	786	7067.417475142451	9
16	832	7450.43272907563	6
16	838	7487.12315061448	12
16	853	7589.622566285974	9
16	906	8108.33766517579	9
16	1043	9508.775864900883	12
16	1165	10780.866279272822	6
16	1172	10831.637894225811	3
16	1193	10961.507029320121	9
16	1196	10984.883877444365	9
16	1247	11491.327495751044	3
16	1298	11952.97590757788	12
16	1314	12102.743945284749	12
16	1322	12195.663598677584	6
16	1431	13228.889278422285	3
16	1491	13615.044664482087	6
16	1494	13638.334338145777	12
16	1502	13693.599505931572	12
16	1512	13753.647545014734	6
16	1528	13923.788615958979	12
16	1572	14414.592180671782	12
16	1638	15109.702214128728	12
16	1685	15685.932956384221	6
16	1782	16388.008234679842	3
16	1799	16491.701817050293	6
16	1836	16723.619402176082	6
16	1870	17109.212521970702	3
16	1877	17204.951982603392	12
16	1883	17292.601565890385	9
16	1891	17470.269137294309	3
16	1896	17590.426782421895	9
16	1915	17834.304627622676	12
16	1940	18043.228668492499	3
16	1953	18193.80779702378	3
16	1959	18287.792359415567	12
16	1963	18366.937022434579	3
16	2037	19088.375529414106	6
16	2092	19420.375759821919	6
16	2097	19434.490421537512	9
16	2135	19637.811692736083	6
17	212	1674.69232064933	2
17	219	1755.50876460158	4
17	222	1777.809742052351	4
17	237	1959.431078950161	2
17	263	2247.732048762885	3
17	303	2730.853443894196	1
17	342	3134.130912214055	3
17	370	3546.933436465825	2
17	378	3641.002709152389	1
17	393	3774.94604119566	3
17	442	4174.728646493264	2
17	520	4764.789670884521	2
17	525	4787.712653965248	4
17	540	4901.76157054986	4
17	565	5131.617283034333	3
17	613	5494.984209313085	1
17	624	5567.511283949171	2
17	707	6308.394436145698	3
17	750	6661.504553098131	3
17	786	7067.417475142451	3
17	832	7450.43272907563	2
17	838	7487.12315061448	4
17	853	7589.622566285974	3
17	906	8108.33766517579	3
17	1043	9508.775864900883	4
17	1165	10780.866279272822	2
17	1172	10831.637894225811	1
17	1193	10961.507029320121	3
17	1196	10984.883877444365	3
17	1247	11491.327495751044	1
17	1298	11952.97590757788	4
17	1314	12102.743945284749	4
17	1322	12195.663598677584	2
17	1431	13228.889278422285	1
17	1491	13615.044664482087	2
17	1494	13638.334338145777	4
17	1502	13693.599505931572	4
17	1512	13753.647545014734	2
17	1528	13923.788615958979	4
17	1572	14414.592180671782	4
17	1638	15109.702214128728	4
17	1685	15685.932956384221	2
17	1782	16388.008234679842	1
17	1799	16491.701817050293	2
17	1836	16723.619402176082	2
17	1870	17109.212521970702	1
17	1877	17204.951982603392	4
17	1883	17292.601565890385	3
17	1891	17470.269137294309	1
17	1896	17590.426782421895	3
17	1915	17834.304627622676	4
17	1940	18043.228668492499	1
17	1953	18193.80779702378	1
17	1959	18287.792359415567	4
17	1963	18366.937022434579	1
17	2037	19088.375529414106	2
17	2092	19420.375759821919	2
17	2097	19434.490421537512	3
17	2135	19637.811692736083	2
18	174	1287.356560254217	512
18	187	1412.32533342137	203
18	205	1628.090684246022	306
18	243	2013.314061556529	306
18	278	2418.10009665114	512
18	304	2730.99671339664	409
18	334	3054.211101319202	203
18	336	3085.873676909156	512
18	386	3726.748914574409	203
18	444	4204.941315054886	512
18	449	4237.19547791554	306
18	498	4605.37300539888	306
18	511	4690.047672650609	512
18	519	4764.692524276957	306
18	635	5651.964309378137	306
18	724	6440.652456792173	306
18	756	6756.104344348995	203
18	771	6876.790004127793	409
18	785	7051.902175585145	203
18	862	7658.104789852576	409
18	875	7760.556663743223	306
18	876	7771.125848932429	203
18	887	7899.341837852154	409
18	959	8732.373286387998	409
18	998	9120.371736502504	512
18	1033	9433.42182077746	203
18	1155	10732.318300072368	203
18	1212	11106.5820485391	306
18	1216	11162.317329847927	512
18	1227	11307.856391999447	512
18	1257	11578.576005716682	306
18	1280	11807.833706015894	512
18	1291	11889.650614978591	409
18	1361	12583.864113899852	409
18	1442	13292.259297025467	203
18	1474	13510.504363539422	512
18	1508	13739.887796427653	306
18	1510	13746.246016276861	512
18	1570	14402.40667206129	306
18	1631	15024.627560206364	512
18	1634	15070.406971463704	306
18	1655	15319.467862401191	306
18	1743	16129.14683887681	409
18	1776	16324.465687368068	203
18	1828	16688.299480177606	306
18	1840	16774.179522005818	409
18	1847	16833.682841944494	409
18	1863	17021.188376240832	512
18	1878	17252.412420780673	203
18	1947	18114.480357622038	409
18	1970	18488.152759983958	409
18	2013	18974.497147888293	306
18	2054	19186.120582582954	512
18	2091	19407.92660611644	409
18	2132	19628.510355905467	409
18	2165	19828.072685927061	306
19	174	1287.356560254217	12
19	187	1412.32533342137	3
19	205	1628.090684246022	6
19	243	2013.314061556529	6
19	278	2418.10009665114	12
19	304	2730.99671339664	9
19	334	3054.211101319202	3
19	336	3085.873676909156	12
19	386	3726.748914574409	3
19	444	4204.941315054886	12
19	449	4237.19547791554	6
19	498	4605.37300539888	6
19	511	4690.047672650609	12
19	519	4764.692524276957	6
19	635	5651.964309378137	6
19	724	6440.652456792173	6
19	756	6756.104344348995	3
19	771	6876.790004127793	9
19	785	7051.902175585145	3
19	862	7658.104789852576	9
19	875	7760.556663743223	6
19	876	7771.125848932429	3
19	887	7899.341837852154	9
19	959	8732.373286387998	9
19	998	9120.371736502504	12
19	1033	9433.42182077746	3
19	1155	10732.318300072368	3
19	1212	11106.5820485391	6
19	1216	11162.317329847927	12
19	1227	11307.856391999447	12
19	1257	11578.576005716682	6
19	1280	11807.833706015894	12
19	1291	11889.650614978591	9
19	1361	12583.864113899852	9
19	1442	13292.259297025467	3
19	1474	13510.504363539422	12
19	1508	13739.887796427653	6
19	1510	13746.246016276861	12
19	1570	14402.40667206129	6
19	1631	15024.627560206364	12
19	1634	15070.406971463704	6
19	1655	15319.467862401191	6
19	1743	16129.14683887681	9
19	1776	16324.465687368068	3
19	1828	16688.299480177606	6
19	1840	16774.179522005818	9
19	1847	16833.682841944494	9
19	1863	17021.188376240832	12
19	1878	17252.412420780673	3
19	1947	18114.480357622038	9
19	1970	18488.152759983958	9
19	2013	18974.497147888293	6
19	2054	19186.120582582954	12
19	2091	19407.92660611644	9
19	2132	19628.510355905467	9
19	2165	19828.072685927061	6
20	174	1287.356560254217	4
20	187	1412.32533342137	1
20	205	1628.090684246022	2
20	243	2013.314061556529	2
20	278	2418.10009665114	4
20	304	2730.99671339664	3
20	334	3054.211101319202	1
20	336	3085.873676909156	4
20	386	3726.748914574409	1
20	444	4204.941315054886	4
20	449	4237.19547791554	2
20	498	4605.37300539888	2
20	511	4690.047672650609	4
20	519	4764.692524276957	2
20	635	5651.964309378137	2
20	724	6440.652456792173	2
20	756	6756.104344348995	1
20	771	6876.790004127793	3
20	785	7051.902175585145	1
20	862	7658.104789852576	3
20	875	7760.556663743223	2
20	876	7771.125848932429	1
20	887	7899.341837852154	3
20	959	8732.373286387998	3
20	998	9120.371736502504	4
20	1033	9433.42182077746	1
20	1155	10732.318300072368	1
20	1212	11106.5820485391	2
20	1216	11162.317329847927	4
20	1227	11307.856391999447	4
20	1257	11578.576005716682	2
20	1280	11807.833706015894	4
20	1291	11889.650614978591	3
20	1361	12583.864113899852	3
20	1442	13292.259297025467	1
20	1474	13510.504363539422	4
20	1508	13739.887796427653	2
20	1510	13746.246016276861	4
20	1570	14402.40667206129	2
20	1631	15024.627560206364	4
20	1634	15070.406971463704	2
20	1655	15319.467862401191	2
20	1743	16129.14683887681	3
20	1776	16324.465687368068	1
20	1828	16688.299480177606	2
20	1840	16774.179522005818	3
20	1847	16833.682841944494	3
20	1863	17021.188376240832	4
20	1878	17252.412420780673	1
20	1947	18114.480357622038	3
20	1970	18488.152759983958	3
20	2013	18974.497147888293	2
20	2054	19186.120582582954	4
20	2091	19407.92660611644	3
20	2132	19628.510355905467	3
20	2165	19828.072685927061	2
21	157	1110.906406776987	512
21	196	1506.800528838739	409
21	207	1637.052021904334	512
21	249	2076.444273915494	306
21	283	2508.009999554245	409
21	328	2994.387304665691	203
21	341	3127.390856991991	306
21	402	3849.615874601821	306
21	437	4145.795019516993	306
21	500	4637.684732967292	512
21	507	4672.931980665036	512
21	533	4858.904301186657	306
21	574	5195.351965815567	306
21	583	5271.026129853333	409
21	594	5359.58029953995	203
21	631	5617.666380558444	409
21	648	5797.446694209412	409
21	755	6742.779843132752	409
21	794	7134.233376434546	203
21	801	7178.436177758102	306
21	857	7613.894939017847	512
21	900	8049.88225498345	306
21	920	8300.052263152738	203
21	973	8889.360214691215	512
21	980	8932.788478479014	203
21	996	9085.321689449719	306
21	1026	9363.825603759552	409
21	1077	9823.956525774714	306
21	1138	10640.797488027386	203
21	1219	11229.681774359346	512
21	1243	11459.216492481901	203
21	1344	12441.780720959335	306
21	1364	12591.706263144186	512
21	1449	13343.158472745415	512
21	1596	14691.619582649865	409
21	1618	14909.220198303911	306
21	1643	15154.802269971228	409
21	1699	15808.682680698432	512
21	1710	15903.682059991539	306
21	1763	16260.838767751595	306
21	1829	16688.627776638664	409
21	1966	18403.475272085678	512
21	2029	19062.973470415189	512
21	2047	19141.267028977332	306
21	2101	19469.145070280558	512
21	2140	19673.952310838449	306
21	2188	19974.457774799039	409
22	157	1110.906406776987	12
22	196	1506.800528838739	9
22	207	1637.052021904334	12
22	249	2076.444273915494	6
22	283	2508.009999554245	9
22	328	2994.387304665691	3
22	341	3127.390856991991	6
22	402	3849.615874601821	6
22	437	4145.795019516993	6
22	500	4637.684732967292	12
22	507	4672.931980665036	12
22	533	4858.904301186657	6
22	574	5195.351965815567	6
22	583	5271.026129853333	9
22	594	5359.58029953995	3
22	631	5617.666380558444	9
22	648	5797.446694209412	9
22	755	6742.779843132752	9
22	794	7134.233376434546	3
22	801	7178.436177758102	6
22	857	7613.894939017847	12
22	900	8049.88225498345	6
22	920	8300.052263152738	3
22	973	8889.360214691215	12
22	980	8932.788478479014	3
22	996	9085.321689449719	6
22	1026	9363.825603759552	9
22	1077	9823.956525774714	6
22	1138	10640.797488027386	3
22	1219	11229.681774359346	12
22	1243	11459.216492481901	3
22	1344	12441.780720959335	6
22	1364	12591.706263144186	12
22	1449	13343.158472745415	12
22	1596	14691.619582649865	9
22	1618	14909.220198303911	6
22	1643	15154.802269971228	9
22	1699	15808.682680698432	12
22	1710	15903.682059991539	6
22	1763	16260.838767751595	6
22	1829	16688.627776638664	9
22	1966	18403.475272085678	12
22	2029	19062.973470415189	12
22	2047	19141.267028977332	6
22	2101	19469.145070280558	12
22	2140	19673.952310838449	6
22	2188	19974.457774799039	9
23	157	1110.906406776987	4
23	196	1506.800528838739	3
23	207	1637.052021904334	4
23	249	2076.444273915494	2
23	283	2508.009999554245	3
23	328	2994.387304665691	1
23	341	3127.390856991991	2
23	402	3849.615874601821	2
23	437	4145.795019516993	2
23	500	4637.684732967292	4
23	507	4672.931980665036	4
23	533	4858.904301186657	2
23	574	5195.351965815567	2
23	583	5271.026129853333	3
23	594	5359.58029953995	1
23	631	5617.666380558444	3
23	648	5797.446694209412	3
23	755	6742.779843132752	3
23	794	7134.233376434546	1
23	801	7178.436177758102	2
23	857	7613.894939017847	4
23	900	8049.88225498345	2
23	920	8300.052263152738	1
23	973	8889.360214691215	4
23	980	8932.788478479014	1
23	996	9085.321689449719	2
23	1026	9363.825603759552	3
23	1077	9823.956525774714	2
23	1138	10640.797488027386	1
23	1219	11229.681774359346	4
23	1243	11459.216492481901	1
23	1344	12441.780720959335	2
23	1364	12591.706263144186	4
23	1449	13343.158472745415	4
23	1596	14691.619582649865	3
23	1618	14909.220198303911	2
23	1643	15154.802269971228	3
23	1699	15808.682680698432	4
23	1710	15903.682059991539	2
23	1763	16260.838767751595	2
23	1829	16688.627776638664	3
23	1966	18403.475272085678	4
23	2029	19062.973470415189	4
23	2047	19141.267028977332	2
23	2101	19469.145070280558	4
23	2140	19673.952310838449	2
23	2188	19974.457774799039	3
24	164	1205.919192112805	512
24	177	1315.785309422714	306
24	197	1523.023129405257	306
24	216	1734.460262468198	512
24	261	2234.448016339828	512
24	288	2536.769370744977	306
24	399	3830.137830709962	306
24	401	3842.969359809325	512
24	436	4137.625636441801	203
24	451	4261.096328452418	409
24	541	4908.004045904447	512
24	615	5498.773464227944	512
24	619	5542.405236866159	512
24	653	5857.099561430859	409
24	666	5995.626287374235	409
24	718	6373.288858448436	409
24	787	7069.911990079201	409
24	795	7138.220749181301	306
24	881	7807.954109263129	306
24	897	8007.701886577455	306
24	943	8567.138993821004	512
24	991	9031.670760373583	306
24	1002	9156.396162975134	512
24	1079	9846.533844341263	512
24	1084	9925.433057774134	306
24	1095	10161.144021637985	203
24	1099	10249.151627158411	203
24	1142	10659.870268395987	409
24	1296	11930.329826357768	512
24	1308	12073.428633188609	203
24	1312	12092.434282264124	203
24	1328	12262.444207198901	306
24	1389	12855.47290224283	512
24	1413	13096.644721657988	512
24	1414	13098.014551113988	512
24	1432	13230.799699332967	512
24	1518	13816.329676337384	409
24	1599	14708.415134487098	306
24	1604	14759.610964861522	203
24	1625	14971.029099597149	306
24	1666	15435.131106423389	512
24	1711	15910.880023628474	409
24	1746	16159.520831335399	306
24	1757	16206.896789014178	409
24	1768	16296.757605578548	409
24	1818	16612.127726186603	409
24	1852	16898.236551831474	306
24	1871	17139.931252594058	203
24	1907	17767.146797954631	306
24	1918	17874.432128538597	203
24	1939	18037.126646619552	409
24	1941	18056.538539399919	512
24	1980	18659.77762354383	306
24	2018	18984.363484853467	409
24	2056	19190.089108187486	306
24	2122	19584.43743961634	409
24	2144	19705.06130962818	409
24	2167	19841.880518524438	409
25	164	1205.919192112805	12
25	177	1315.785309422714	6
25	197	1523.023129405257	6
25	216	1734.460262468198	12
25	261	2234.448016339828	12
25	288	2536.769370744977	6
25	399	3830.137830709962	6
25	401	3842.969359809325	12
25	436	4137.625636441801	3
25	451	4261.096328452418	9
25	541	4908.004045904447	12
25	615	5498.773464227944	12
25	619	5542.405236866159	12
25	653	5857.099561430859	9
25	666	5995.626287374235	9
25	718	6373.288858448436	9
25	787	7069.911990079201	9
25	795	7138.220749181301	6
25	881	7807.954109263129	6
25	897	8007.701886577455	6
25	943	8567.138993821004	12
25	991	9031.670760373583	6
25	1002	9156.396162975134	12
25	1079	9846.533844341263	12
25	1084	9925.433057774134	6
25	1095	10161.144021637985	3
25	1099	10249.151627158411	3
25	1142	10659.870268395987	9
25	1296	11930.329826357768	12
25	1308	12073.428633188609	3
25	1312	12092.434282264124	3
25	1328	12262.444207198901	6
25	1389	12855.47290224283	12
25	1413	13096.644721657988	12
25	1414	13098.014551113988	12
25	1432	13230.799699332967	12
25	1518	13816.329676337384	9
25	1599	14708.415134487098	6
25	1604	14759.610964861522	3
25	1625	14971.029099597149	6
25	1666	15435.131106423389	12
25	1711	15910.880023628474	9
25	1746	16159.520831335399	6
25	1757	16206.896789014178	9
25	1768	16296.757605578548	9
25	1818	16612.127726186603	9
25	1852	16898.236551831474	6
25	1871	17139.931252594058	3
25	1907	17767.146797954631	6
25	1918	17874.432128538597	3
25	1939	18037.126646619552	9
25	1941	18056.538539399919	12
25	1980	18659.77762354383	6
25	2018	18984.363484853467	9
25	2056	19190.089108187486	6
25	2122	19584.43743961634	9
25	2144	19705.06130962818	9
25	2167	19841.880518524438	9
26	164	1205.919192112805	4
26	177	1315.785309422714	2
26	197	1523.023129405257	2
26	216	1734.460262468198	4
26	261	2234.448016339828	4
26	288	2536.769370744977	2
26	399	3830.137830709962	2
26	401	3842.969359809325	4
26	436	4137.625636441801	1
26	451	4261.096328452418	3
26	541	4908.004045904447	4
26	615	5498.773464227944	4
26	619	5542.405236866159	4
26	653	5857.099561430859	3
26	666	5995.626287374235	3
26	718	6373.288858448436	3
26	787	7069.911990079201	3
26	795	7138.220749181301	2
26	881	7807.954109263129	2
26	897	8007.701886577455	2
26	943	8567.138993821004	4
26	991	9031.670760373583	2
26	1002	9156.396162975134	4
26	1079	9846.533844341263	4
26	1084	9925.433057774134	2
26	1095	10161.144021637985	1
26	1099	10249.151627158411	1
26	1142	10659.870268395987	3
26	1296	11930.329826357768	4
26	1308	12073.428633188609	1
26	1312	12092.434282264124	1
26	1328	12262.444207198901	2
26	1389	12855.47290224283	4
26	1413	13096.644721657988	4
26	1414	13098.014551113988	4
26	1432	13230.799699332967	4
26	1518	13816.329676337384	3
26	1599	14708.415134487098	2
26	1604	14759.610964861522	1
26	1625	14971.029099597149	2
26	1666	15435.131106423389	4
26	1711	15910.880023628474	3
26	1746	16159.520831335399	2
26	1757	16206.896789014178	3
26	1768	16296.757605578548	3
26	1818	16612.127726186603	3
26	1852	16898.236551831474	2
26	1871	17139.931252594058	1
26	1907	17767.146797954631	2
26	1918	17874.432128538597	1
26	1939	18037.126646619552	3
26	1941	18056.538539399919	4
26	1980	18659.77762354383	2
26	2018	18984.363484853467	3
26	2056	19190.089108187486	2
26	2122	19584.43743961634	3
26	2144	19705.06130962818	3
26	2167	19841.880518524438	3
27	170	1229.235003627601	409
27	310	2823.902577358838	512
27	312	2827.093777907967	512
27	340	3113.783806018295	512
27	448	4232.354313288515	409
27	457	4321.861955297703	512
27	503	4653.263923933294	306
27	542	4909.648223887119	306
27	571	5186.765216111415	409
27	584	5291.946878742234	409
27	638	5683.837192006869	203
27	692	6188.952920363017	203
27	716	6350.247297533154	306
27	745	6641.774884514421	306
27	770	6873.766607325225	306
27	872	7722.152701453514	512
27	923	8319.829607134432	306
27	925	8353.553915227212	512
27	975	8910.330533816352	512
27	1066	9713.497981399923	306
27	1162	10765.980735607405	409
27	1195	10979.034287757458	512
27	1201	11003.772686400341	512
27	1240	11444.665586635184	306
27	1255	11553.159059413085	203
27	1295	11920.978641385182	306
27	1305	12023.216474187628	512
27	1321	12189.000204333919	306
27	1378	12719.678822803435	306
27	1390	12882.27999749506	512
27	1406	13042.257634790053	512
27	1468	13476.877577773191	409
27	1514	13762.289318343783	512
27	1538	14063.764857688356	512
27	1582	14527.578554162513	409
27	1593	14662.30863112786	512
27	1760	16217.471324955476	203
27	1794	16434.103478010933	409
27	1858	16952.846511211781	409
27	1946	18101.164379534711	306
27	2034	19084.895841267803	203
27	2046	19138.576891354715	306
27	2060	19220.912847412095	306
27	2071	19289.939080713718	203
27	2104	19486.11307321756	512
27	2136	19641.465473112832	512
27	2181	19926.412325246855	409
28	170	1229.235003627601	9
28	310	2823.902577358838	12
28	312	2827.093777907967	12
28	340	3113.783806018295	12
28	448	4232.354313288515	9
28	457	4321.861955297703	12
28	503	4653.263923933294	6
28	542	4909.648223887119	6
28	571	5186.765216111415	9
28	584	5291.946878742234	9
28	638	5683.837192006869	3
28	692	6188.952920363017	3
28	716	6350.247297533154	6
28	745	6641.774884514421	6
28	770	6873.766607325225	6
28	872	7722.152701453514	12
28	923	8319.829607134432	6
28	925	8353.553915227212	12
28	975	8910.330533816352	12
28	1066	9713.497981399923	6
28	1162	10765.980735607405	9
28	1195	10979.034287757458	12
28	1201	11003.772686400341	12
28	1240	11444.665586635184	6
28	1255	11553.159059413085	3
28	1295	11920.978641385182	6
28	1305	12023.216474187628	12
28	1321	12189.000204333919	6
28	1378	12719.678822803435	6
28	1390	12882.27999749506	12
28	1406	13042.257634790053	12
28	1468	13476.877577773191	9
28	1514	13762.289318343783	12
28	1538	14063.764857688356	12
28	1582	14527.578554162513	9
28	1593	14662.30863112786	12
28	1760	16217.471324955476	3
28	1794	16434.103478010933	9
28	1858	16952.846511211781	9
28	1946	18101.164379534711	6
28	2034	19084.895841267803	3
28	2046	19138.576891354715	6
28	2060	19220.912847412095	6
28	2071	19289.939080713718	3
28	2104	19486.11307321756	12
28	2136	19641.465473112832	12
28	2181	19926.412325246855	9
29	170	1229.235003627601	3
29	310	2823.902577358838	4
29	312	2827.093777907967	4
29	340	3113.783806018295	4
29	448	4232.354313288515	3
29	457	4321.861955297703	4
29	503	4653.263923933294	2
29	542	4909.648223887119	2
29	571	5186.765216111415	3
29	584	5291.946878742234	3
29	638	5683.837192006869	1
29	692	6188.952920363017	1
29	716	6350.247297533154	2
29	745	6641.774884514421	2
29	770	6873.766607325225	2
29	872	7722.152701453514	4
29	923	8319.829607134432	2
29	925	8353.553915227212	4
29	975	8910.330533816352	4
29	1066	9713.497981399923	2
29	1162	10765.980735607405	3
29	1195	10979.034287757458	4
29	1201	11003.772686400341	4
29	1240	11444.665586635184	2
29	1255	11553.159059413085	1
29	1295	11920.978641385182	2
29	1305	12023.216474187628	4
29	1321	12189.000204333919	2
29	1378	12719.678822803435	2
29	1390	12882.27999749506	4
29	1406	13042.257634790053	4
29	1468	13476.877577773191	3
29	1514	13762.289318343783	4
29	1538	14063.764857688356	4
29	1582	14527.578554162513	3
29	1593	14662.30863112786	4
29	1760	16217.471324955476	1
29	1794	16434.103478010933	3
29	1858	16952.846511211781	3
29	1946	18101.164379534711	2
29	2034	19084.895841267803	1
29	2046	19138.576891354715	2
29	2060	19220.912847412095	2
29	2071	19289.939080713718	1
29	2104	19486.11307321756	4
29	2136	19641.465473112832	4
29	2181	19926.412325246855	3
30	151	1065.103163106417	203
30	195	1469.731014870771	512
30	251	2107.574557827817	203
30	344	3161.336481187073	306
30	357	3396.206459599627	512
30	394	3783.713854328808	512
30	439	4158.801497875348	512
30	532	4847.142560463173	512
30	544	4935.388697949549	409
30	551	4986.711755998492	512
30	629	5596.498524809448	203
30	637	5676.48996483875	306
30	643	5736.575608316474	306
30	677	6073.552432307958	512
30	713	6336.12628246995	409
30	742	6624.651734218754	409
30	767	6861.686077205868	203
30	840	7493.062029759675	203
30	859	7635.20378378295	409
30	864	7670.949303046231	512
30	866	7686.505437093655	512
30	932	8418.808354544488	512
30	947	8605.378756785612	512
30	986	9006.411395793329	512
30	1008	9225.809144104594	203
30	1019	9329.173986036911	409
30	1052	9576.321337944612	512
30	1080	9856.269722046134	306
30	1081	9858.003921959994	512
30	1107	10402.224214979031	512
30	1141	10657.199236314862	512
30	1211	11105.797351884281	409
30	1215	11152.223450977512	306
30	1236	11407.494127649333	409
30	1471	13495.241114630689	409
30	1517	13815.812132074133	409
30	1533	13988.963284589877	306
30	1567	14378.261690379143	409
30	1642	15150.923820025987	409
30	1659	15379.055367798162	306
30	1662	15404.633456334901	306
30	1691	15733.320906551853	306
30	1796	16477.002328968335	306
30	1846	16823.797858326122	409
30	1853	16904.758765828141	409
30	1856	16924.903416871603	409
30	1885	17361.122163105633	306
30	1887	17372.522372962593	512
30	1994	18816.935137918588	306
30	2040	19114.57730478732	306
30	2116	19534.117769410696	512
30	2148	19715.267334456375	409
30	2161	19811.724510791407	306
30	2178	19913.617253920172	409
31	151	1065.103163106417	3
31	195	1469.731014870771	12
31	251	2107.574557827817	3
31	344	3161.336481187073	6
31	357	3396.206459599627	12
31	394	3783.713854328808	12
31	439	4158.801497875348	12
31	532	4847.142560463173	12
31	544	4935.388697949549	9
31	551	4986.711755998492	12
31	629	5596.498524809448	3
31	637	5676.48996483875	6
31	643	5736.575608316474	6
31	677	6073.552432307958	12
31	713	6336.12628246995	9
31	742	6624.651734218754	9
31	767	6861.686077205868	3
31	840	7493.062029759675	3
31	859	7635.20378378295	9
31	864	7670.949303046231	12
31	866	7686.505437093655	12
31	932	8418.808354544488	12
31	947	8605.378756785612	12
31	986	9006.411395793329	12
31	1008	9225.809144104594	3
31	1019	9329.173986036911	9
31	1052	9576.321337944612	12
31	1080	9856.269722046134	6
31	1081	9858.003921959994	12
31	1107	10402.224214979031	12
31	1141	10657.199236314862	12
31	1211	11105.797351884281	9
31	1215	11152.223450977512	6
31	1236	11407.494127649333	9
31	1471	13495.241114630689	9
31	1517	13815.812132074133	9
31	1533	13988.963284589877	6
31	1567	14378.261690379143	9
31	1642	15150.923820025987	9
31	1659	15379.055367798162	6
31	1662	15404.633456334901	6
31	1691	15733.320906551853	6
31	1796	16477.002328968335	6
31	1846	16823.797858326122	9
31	1853	16904.758765828141	9
31	1856	16924.903416871603	9
31	1885	17361.122163105633	6
31	1887	17372.522372962593	12
31	1994	18816.935137918588	6
31	2040	19114.57730478732	6
31	2116	19534.117769410696	12
31	2148	19715.267334456375	9
31	2161	19811.724510791407	6
31	2178	19913.617253920172	9
32	151	1065.103163106417	1
32	195	1469.731014870771	4
32	251	2107.574557827817	1
32	344	3161.336481187073	2
32	357	3396.206459599627	4
32	394	3783.713854328808	4
32	439	4158.801497875348	4
32	532	4847.142560463173	4
32	544	4935.388697949549	3
32	551	4986.711755998492	4
32	629	5596.498524809448	1
32	637	5676.48996483875	2
32	643	5736.575608316474	2
32	677	6073.552432307958	4
32	713	6336.12628246995	3
32	742	6624.651734218754	3
32	767	6861.686077205868	1
32	840	7493.062029759675	1
32	859	7635.20378378295	3
32	864	7670.949303046231	4
32	866	7686.505437093655	4
32	932	8418.808354544488	4
32	947	8605.378756785612	4
32	986	9006.411395793329	4
32	1008	9225.809144104594	1
32	1019	9329.173986036911	3
32	1052	9576.321337944612	4
32	1080	9856.269722046134	2
32	1081	9858.003921959994	4
32	1107	10402.224214979031	4
32	1141	10657.199236314862	4
32	1211	11105.797351884281	3
32	1215	11152.223450977512	2
32	1236	11407.494127649333	3
32	1471	13495.241114630689	3
32	1517	13815.812132074133	3
32	1533	13988.963284589877	2
32	1567	14378.261690379143	3
32	1642	15150.923820025987	3
32	1659	15379.055367798162	2
32	1662	15404.633456334901	2
32	1691	15733.320906551853	2
32	1796	16477.002328968335	2
32	1846	16823.797858326122	3
32	1853	16904.758765828141	3
32	1856	16924.903416871603	3
32	1885	17361.122163105633	2
32	1887	17372.522372962593	4
32	1994	18816.935137918588	2
32	2040	19114.57730478732	2
32	2116	19534.117769410696	4
32	2148	19715.267334456375	3
32	2161	19811.724510791407	2
32	2178	19913.617253920172	3
33	247	2056.437494777413	512
33	274	2374.489279266589	512
33	339	3109.378583377237	512
33	343	3142.492277896871	306
33	358	3399.337734743118	306
33	408	3900.632313805677	306
33	468	4413.580011395914	512
33	535	4872.477125767435	306
33	570	5180.756731432644	203
33	620	5545.442428755073	306
33	706	6299.061801502319	203
33	728	6481.209313034964	306
33	799	7175.450759781186	203
33	860	7644.624038386375	512
33	962	8770.486611751518	512
33	994	9059.906768492058	306
33	1035	9435.51624906118	512
33	1075	9821.774054315763	306
33	1092	10096.164143413982	512
33	1188	10934.694691981107	306
33	1202	11014.522009120373	512
33	1254	11549.824098257413	306
33	1306	12054.672935191866	203
33	1347	12447.354036654544	203
33	1376	12715.930002118203	203
33	1407	13047.999282963062	409
33	1451	13371.433760986338	409
33	1477	13529.697943795093	512
33	1521	13845.573292082097	306
33	1522	13850.784139523936	306
33	1546	14132.580647092157	512
33	1575	14428.015564543091	512
33	1610	14814.375271218286	512
33	1646	15185.310813541743	306
33	1665	15431.737739141118	512
33	1686	15692.147097845937	203
33	1702	15839.884216160167	409
33	1785	16404.296373766771	409
33	1792	16423.421355331069	512
33	1803	16512.501615563918	512
33	1837	16725.029410067411	203
33	1934	17998.344781405476	203
33	1955	18231.430825969482	306
33	1967	18440.828463181295	512
33	1984	18688.428835352337	203
33	2102	19472.581126641797	512
34	247	2056.437494777413	12
34	274	2374.489279266589	12
34	339	3109.378583377237	12
34	343	3142.492277896871	6
34	358	3399.337734743118	6
34	408	3900.632313805677	6
34	468	4413.580011395914	12
34	535	4872.477125767435	6
34	570	5180.756731432644	3
34	620	5545.442428755073	6
34	706	6299.061801502319	3
34	728	6481.209313034964	6
34	799	7175.450759781186	3
34	860	7644.624038386375	12
34	962	8770.486611751518	12
34	994	9059.906768492058	6
34	1035	9435.51624906118	12
34	1075	9821.774054315763	6
34	1092	10096.164143413982	12
34	1188	10934.694691981107	6
34	1202	11014.522009120373	12
34	1254	11549.824098257413	6
34	1306	12054.672935191866	3
34	1347	12447.354036654544	3
34	1376	12715.930002118203	3
34	1407	13047.999282963062	9
34	1451	13371.433760986338	9
34	1477	13529.697943795093	12
34	1521	13845.573292082097	6
34	1522	13850.784139523936	6
34	1546	14132.580647092157	12
34	1575	14428.015564543091	12
34	1610	14814.375271218286	12
34	1646	15185.310813541743	6
34	1665	15431.737739141118	12
34	1686	15692.147097845937	3
34	1702	15839.884216160167	9
34	1785	16404.296373766771	9
34	1792	16423.421355331069	12
34	1803	16512.501615563918	12
34	1837	16725.029410067411	3
34	1934	17998.344781405476	3
34	1955	18231.430825969482	6
34	1967	18440.828463181295	12
34	1984	18688.428835352337	3
34	2102	19472.581126641797	12
35	247	2056.437494777413	4
35	274	2374.489279266589	4
35	339	3109.378583377237	4
35	343	3142.492277896871	2
35	358	3399.337734743118	2
35	408	3900.632313805677	2
35	468	4413.580011395914	4
35	535	4872.477125767435	2
35	570	5180.756731432644	1
35	620	5545.442428755073	2
35	706	6299.061801502319	1
35	728	6481.209313034964	2
35	799	7175.450759781186	1
35	860	7644.624038386375	4
35	962	8770.486611751518	4
35	994	9059.906768492058	2
35	1035	9435.51624906118	4
35	1075	9821.774054315763	2
35	1092	10096.164143413982	4
35	1188	10934.694691981107	2
35	1202	11014.522009120373	4
35	1254	11549.824098257413	2
35	1306	12054.672935191866	1
35	1347	12447.354036654544	1
35	1376	12715.930002118203	1
35	1407	13047.999282963062	3
35	1451	13371.433760986338	3
35	1477	13529.697943795093	4
35	1521	13845.573292082097	2
35	1522	13850.784139523936	2
35	1546	14132.580647092157	4
35	1575	14428.015564543091	4
35	1610	14814.375271218286	4
35	1646	15185.310813541743	2
35	1665	15431.737739141118	4
35	1686	15692.147097845937	1
35	1702	15839.884216160167	3
35	1785	16404.296373766771	3
35	1792	16423.421355331069	4
35	1803	16512.501615563918	4
35	1837	16725.029410067411	1
35	1934	17998.344781405476	1
35	1955	18231.430825969482	2
35	1967	18440.828463181295	4
35	1984	18688.428835352337	1
35	2102	19472.581126641797	4

