version 3
run VeryHighLoad_Circle-47-20260125-17:45:17-1400
attr configname VeryHighLoad_Circle
attr datetime 20260125-17:45:17
attr datetimef 20260125-174517
attr experiment VeryHighLoad_Circle
attr inifile simulations/nwsim_project/omnetpp.ini
attr iterationvars ""
attr iterationvarsd ""
attr iterationvarsf ""
attr measurement ""
attr network CrossTraffic
attr processid 1400
attr repetition 47
attr replication #47
attr resultdir results
attr runnumber 47
attr seedset 47
config description "Very High Load - Circle Mode (200% more traffic)"
config *.Junc*.junctionMode "\"circle\""
config *.EndNW.spawnInterval exponential(267s)
config *.EndNE.spawnInterval exponential(400s)
config *.EndEN.spawnInterval exponential(333s)
config *.EndES.spawnInterval exponential(500s)
config *.EndSE.spawnInterval exponential(300s)
config *.EndSW.spawnInterval exponential(367s)
config *.EndWS.spawnInterval exponential(433s)
config *.EndWN.spawnInterval exponential(467s)
config network CrossTraffic
config sim-time-limit 20000s
config warmup-period 1000s
config repeat 50
config **.scalar-recording true
config **.vector-recording true
config *.Junc*.junctionMode "\"queue\""
config *.EndNW.spawnInterval exponential(800s)
config *.EndNE.spawnInterval exponential(1200s)
config *.EndEN.spawnInterval exponential(1000s)
config *.EndES.spawnInterval exponential(1500s)
config *.EndSE.spawnInterval exponential(900s)
config *.EndSW.spawnInterval exponential(1100s)
config *.EndWS.spawnInterval exponential(1300s)
config *.EndWN.spawnInterval exponential(1400s)

vector 0 CrossTraffic.JuncNW queueLength:vector ETV
attr interpolationmode sample-hold
attr recordingmode vector
attr source queueLength
attr title "Queue Length"
vector 1 CrossTraffic.JuncNW junctionProcessingTime:vector ETV
attr recordingmode vector
attr source junctionProcessingTime
attr title "Junction Processing Time"
vector 2 CrossTraffic.JuncNW vehicleCount:vector ETV
attr recordingmode vector
attr source vehicleCount
attr title "Vehicle Count"
vector 3 CrossTraffic.JuncNE queueLength:vector ETV
attr interpolationmode sample-hold
attr recordingmode vector
attr source queueLength
attr title "Queue Length"
vector 4 CrossTraffic.JuncNE junctionProcessingTime:vector ETV
attr recordingmode vector
attr source junctionProcessingTime
attr title "Junction Processing Time"
vector 5 CrossTraffic.JuncNE vehicleCount:vector ETV
attr recordingmode vector
attr source vehicleCount
attr title "Vehicle Count"
vector 6 CrossTraffic.JuncSE queueLength:vector ETV
attr interpolationmode sample-hold
attr recordingmode vector
attr source queueLength
attr title "Queue Length"
vector 7 CrossTraffic.JuncSE junctionProcessingTime:vector ETV
attr recordingmode vector
attr source junctionProcessingTime
attr title "Junction Processing Time"
vector 8 CrossTraffic.JuncSE vehicleCount:vector ETV
attr recordingmode vector
attr source vehicleCount
attr title "Vehicle Count"
vector 9 CrossTraffic.JuncSW queueLength:vector ETV
attr interpolationmode sample-hold
attr recordingmode vector
attr source queueLength
attr title "Queue Length"
vector 10 CrossTraffic.JuncSW junctionProcessingTime:vector ETV
attr recordingmode vector
attr source junctionProcessingTime
attr title "Junction Processing Time"
vector 11 CrossTraffic.JuncSW vehicleCount:vector ETV
attr recordingmode vector
attr source vehicleCount
attr title "Vehicle Count"
vector 12 CrossTraffic.EndNW travelTime:vector ETV
attr recordingmode vector
attr source travelTime
attr title "Vehicle Travel Time"
vector 13 CrossTraffic.EndNW junctionTime:vector ETV
attr recordingmode vector
attr source junctionTime
attr title "Total Junction Time per Vehicle"
vector 14 CrossTraffic.EndNW junctionCount:vector ETV
attr recordingmode vector
attr source junctionCount
attr title "Junctions Visited per Vehicle"
vector 15 CrossTraffic.EndNE travelTime:vector ETV
attr recordingmode vector
attr source travelTime
attr title "Vehicle Travel Time"
vector 16 CrossTraffic.EndNE junctionTime:vector ETV
attr recordingmode vector
attr source junctionTime
attr title "Total Junction Time per Vehicle"
vector 17 CrossTraffic.EndNE junctionCount:vector ETV
attr recordingmode vector
attr source junctionCount
attr title "Junctions Visited per Vehicle"
vector 18 CrossTraffic.EndEN travelTime:vector ETV
attr recordingmode vector
attr source travelTime
attr title "Vehicle Travel Time"
vector 19 CrossTraffic.EndEN junctionTime:vector ETV
attr recordingmode vector
attr source junctionTime
attr title "Total Junction Time per Vehicle"
vector 20 CrossTraffic.EndEN junctionCount:vector ETV
attr recordingmode vector
attr source junctionCount
attr title "Junctions Visited per Vehicle"
vector 21 CrossTraffic.EndES travelTime:vector ETV
attr recordingmode vector
attr source travelTime
attr title "Vehicle Travel Time"
vector 22 CrossTraffic.EndES junctionTime:vector ETV
attr recordingmode vector
attr source junctionTime
attr title "Total Junction Time per Vehicle"
vector 23 CrossTraffic.EndES junctionCount:vector ETV
attr recordingmode vector
attr source junctionCount
attr title "Junctions Visited per Vehicle"
vector 24 CrossTraffic.EndSE travelTime:vector ETV
attr recordingmode vector
attr source travelTime
attr title "Vehicle Travel Time"
vector 25 CrossTraffic.EndSE junctionTime:vector ETV
attr recordingmode vector
attr source junctionTime
attr title "Total Junction Time per Vehicle"
vector 26 CrossTraffic.EndSE junctionCount:vector ETV
attr recordingmode vector
attr source junctionCount
attr title "Junctions Visited per Vehicle"
vector 27 CrossTraffic.EndSW travelTime:vector ETV
attr recordingmode vector
attr source travelTime
attr title "Vehicle Travel Time"
vector 28 CrossTraffic.EndSW junctionTime:vector ETV
attr recordingmode vector
attr source junctionTime
attr title "Total Junction Time per Vehicle"
vector 29 CrossTraffic.EndSW junctionCount:vector ETV
attr recordingmode vector
attr source junctionCount
attr title "Junctions Visited per Vehicle"
vector 30 CrossTraffic.EndWS travelTime:vector ETV
attr recordingmode vector
attr source travelTime
attr title "Vehicle Travel Time"
vector 31 CrossTraffic.EndWS junctionTime:vector ETV
attr recordingmode vector
attr source junctionTime
attr title "Total Junction Time per Vehicle"
vector 32 CrossTraffic.EndWS junctionCount:vector ETV
attr recordingmode vector
attr source junctionCount
attr title "Junctions Visited per Vehicle"
vector 33 CrossTraffic.EndWN travelTime:vector ETV
attr recordingmode vector
attr source travelTime
attr title "Vehicle Travel Time"
vector 34 CrossTraffic.EndWN junctionTime:vector ETV
attr recordingmode vector
attr source junctionTime
attr title "Total Junction Time per Vehicle"
vector 35 CrossTraffic.EndWN junctionCount:vector ETV
attr recordingmode vector
attr source junctionCount
attr title "Junctions Visited per Vehicle"
0	129	1122.233270403736	0
0	130	1134.330309238478	0
0	134	1179.294668704413	0
0	140	1237.525629660504	0
0	145	1319.062168236874	0
0	152	1407.471526213804	0
0	159	1453.680445559493	0
0	180	1607.027434264865	0
0	187	1637.468338026324	0
0	190	1648.184950880542	0
0	197	1693.236909190265	0
0	204	1738.94937904721	0
0	210	1760.306845529406	0
0	214	1796.199700245457	0
0	216	1796.684979591129	0
0	219	1828.226859992156	0
0	220	1830.261273043635	0
0	221	1836.875974655222	0
0	230	1878.569056661631	0
0	237	1918.002170315659	0
0	245	1956.334572540599	0
0	253	1991.713208466485	0
0	261	2050.678980550304	0
0	275	2144.881157012118	0
0	279	2167.208751739974	0
0	284	2209.681921340215	0
0	294	2294.276740113243	0
0	303	2364.135697913003	0
0	307	2403.201000052528	0
0	308	2407.479498767414	0
0	309	2408.528495103796	0
0	311	2422.734999789044	0
0	314	2464.329482384722	0
0	316	2466.090719294014	0
0	320	2492.95046913165	0
0	337	2617.248616478529	0
0	342	2693.655555703117	0
0	349	2774.175319244626	0
0	358	2937.210524681124	0
0	363	3028.67493015349	0
0	367	3055.009902350332	0
0	382	3279.181353574581	0
0	392	3452.642155679835	0
0	403	3640.495352410597	0
0	406	3660.464155695627	0
0	407	3670.637186352069	0
0	414	3750.424440221803	0
0	421	3814.25180776926	0
0	432	3908.227795639986	0
0	443	4003.491752369881	0
0	446	4017.406174756505	0
0	450	4071.300373763776	0
0	452	4089.524441477026	0
0	460	4154.002842999242	0
0	463	4198.916173219421	0
0	467	4255.962883053371	0
0	480	4412.88855103128	0
0	484	4476.875465215419	0
0	501	4668.411078059354	0
0	510	4761.955024293309	0
0	527	4891.043054935819	0
0	531	4944.391360145557	0
0	547	5049.556973967273	0
0	552	5073.692362599053	0
0	555	5102.292685220955	0
0	559	5123.000228775017	0
0	562	5164.508244260515	0
0	570	5217.006069347925	0
0	597	5442.473380701735	0
0	603	5497.45827158143	0
0	614	5673.7693700703	0
0	616	5740.575280323743	0
0	621	5909.083818935667	0
0	632	6139.078578748776	0
0	635	6228.6257684945	0
0	637	6282.130748740568	0
0	657	6663.883244527783	0
0	659	6746.829436371626	0
0	662	6754.395973662671	0
0	675	6901.280732315737	0
0	680	6969.643982047969	0
0	681	6970.249966343996	0
0	686	7023.435838187947	0
0	705	7172.769062688671	0
0	719	7262.241382023403	0
0	720	7270.399323114294	0
0	721	7273.351230915438	0
0	725	7291.427151236626	0
0	728	7307.394381386485	0
0	740	7389.835238654217	0
0	742	7399.135013552847	0
0	743	7409.765125816722	0
0	747	7431.509440267013	0
0	750	7467.59578774097	0
0	781	7702.748455336513	0
0	784	7722.727571430511	0
0	786	7742.291792650375	0
0	787	7753.017673223693	0
0	788	7753.583859444024	0
0	790	7791.449582837896	0
0	795	7827.136258644459	0
0	801	7904.016314913224	0
0	830	8388.388682512774	0
0	835	8461.30188157305	0
0	836	8478.912520202798	0
0	838	8496.132812103736	0
0	840	8529.221151268	0
0	841	8533.204207523122	0
0	848	8627.847168493357	0
0	853	8674.415888525474	0
0	858	8705.627518403388	0
0	881	8974.821766382054	0
0	887	8997.910783516091	0
0	897	9127.782948254733	0
0	901	9200.094039822997	0
0	907	9281.779830921671	0
0	919	9443.355538844711	0
0	920	9472.835861439028	0
0	921	9478.60029830756	0
0	925	9526.862009158421	0
0	931	9617.499676318064	0
0	941	9720.198020993135	0
0	945	9773.274321801856	0
0	955	9881.334823760186	0
0	963	9929.963777471876	0
0	971	10019.18982876053	0
0	974	10025.731164050492	0
0	977	10052.935466853957	0
0	978	10053.078112764729	0
0	983	10095.297288817242	0
0	989	10129.812090180478	0
0	994	10186.596588560432	0
0	996	10191.577790090218	0
0	997	10195.021509344192	0
0	1003	10249.72612579172	0
0	1008	10294.245425295585	0
0	1013	10305.130443513611	0
0	1043	10610.123355542777	0
0	1045	10617.219951058394	0
0	1046	10622.166190348425	0
0	1047	10628.895133674445	0
0	1048	10673.240641069331	0
0	1051	10714.631346140947	0
0	1067	10864.762813447744	0
0	1083	11065.219705527356	0
0	1097	11183.728467342929	0
0	1098	11190.238243264427	0
0	1106	11272.954091141067	0
0	1113	11325.69065304956	0
0	1118	11380.269174472971	0
0	1138	11651.511059838969	0
0	1141	11704.668337752138	0
0	1143	11747.582764766478	0
0	1147	11771.473868618877	0
0	1154	11863.978353903278	0
0	1161	11940.328495276233	0
0	1168	12015.146892702172	0
0	1171	12038.070592824854	0
0	1174	12060.383389044929	0
0	1181	12127.081462282419	0
0	1188	12209.960319824397	0
0	1192	12223.051642698073	0
0	1216	12413.429716533189	0
0	1222	12453.989783245916	0
0	1225	12491.867250609592	0
0	1230	12510.582251836857	0
0	1231	12513.529399275054	0
0	1241	12563.264038068673	0
0	1244	12603.53790127119	0
0	1245	12606.447126832096	0
0	1253	12628.290500901907	0
0	1255	12640.611831340763	0
0	1258	12695.512318335155	0
0	1267	12722.927452510467	0
0	1282	12827.719288210742	0
0	1302	13009.041114824179	0
0	1306	13038.308039538744	0
0	1310	13061.490458642178	0
0	1313	13112.828325186674	0
0	1320	13205.185772894414	0
0	1327	13367.812876997335	0
0	1334	13485.11620348628	0
0	1351	13713.466455441476	0
0	1357	13783.330305638137	0
0	1363	13858.399091262189	0
0	1376	14015.880384548717	0
0	1380	14099.239389661523	0
0	1388	14202.720145483638	0
0	1390	14208.643703375754	0
0	1403	14383.623431117218	0
0	1424	14605.583449020617	0
0	1425	14613.896994344637	0
0	1429	14629.512089481411	0
0	1442	14735.375797555362	0
0	1452	14839.202037483496	0
0	1460	14921.662889927724	0
0	1468	14950.119491949532	0
0	1475	15020.235734426216	0
0	1479	15043.24625546512	0
0	1484	15057.35527340637	0
0	1494	15124.785688389337	0
0	1503	15185.591085500819	0
0	1507	15212.293035784967	0
0	1508	15217.425404318657	0
0	1509	15217.731757680791	0
0	1517	15270.439598766032	0
0	1521	15299.839161939547	0
0	1531	15368.205842978026	0
0	1535	15380.102101247242	0
0	1559	15579.177910866049	0
0	1564	15592.86574225184	0
0	1566	15605.254499453337	0
0	1569	15655.397547208098	0
0	1583	15795.284465618818	0
0	1590	15832.500434378504	0
0	1597	15905.144964060397	0
0	1600	15915.386526545441	0
0	1613	16030.007760616015	0
0	1629	16199.550275389589	0
0	1635	16254.295224641216	0
0	1641	16331.141895733625	0
0	1647	16408.878878549183	0
0	1652	16462.179772791651	0
0	1671	16702.742454749284	0
0	1673	16724.08086105865	0
0	1677	16766.106545859521	0
0	1684	16828.678411340638	0
0	1690	16908.488971307786	0
0	1691	16922.083590118197	0
0	1695	16954.693402857374	0
0	1697	16994.169424479325	0
0	1703	17055.151112927503	0
0	1705	17079.97350931368	0
0	1720	17226.227226869603	0
0	1738	17484.900605766494	0
0	1739	17523.361402017613	0
0	1745	17627.037446097774	0
0	1754	17764.014870579343	0
0	1758	17801.500516586305	0
0	1763	17882.679646952183	0
0	1768	17945.471565828816	0
0	1769	17954.600551896278	0
0	1781	18106.657550855043	0
0	1783	18119.242981237959	0
0	1787	18192.046098053811	0
0	1791	18232.265026360144	0
0	1796	18321.530156490518	0
0	1807	18497.307733841251	0
0	1821	18699.323549390775	0
0	1833	18860.871216565927	0
0	1834	18867.109210383219	0
0	1844	18997.555195470576	0
0	1853	19131.214586157805	0
0	1875	19420.095441911142	0
0	1884	19490.118672290709	0
0	1890	19539.62655951498	0
0	1892	19569.313854475594	0
0	1894	19580.175138708025	0
0	1896	19623.599554183682	0
0	1902	19674.054037551056	0
0	1917	19831.392621144214	0
0	1922	19927.80530635453	0
0	1925	19958.661096096737	0
1	129	1122.233270403736	3
1	130	1134.330309238478	3
1	134	1179.294668704413	3
1	140	1237.525629660504	3
1	145	1319.062168236874	3
1	152	1407.471526213804	3
1	159	1453.680445559493	3
1	180	1607.027434264865	3
1	187	1637.468338026324	3
1	190	1648.184950880542	3
1	197	1693.236909190265	3
1	204	1738.94937904721	3
1	210	1760.306845529406	3
1	214	1796.199700245457	3
1	216	1796.684979591129	3
1	219	1828.226859992156	3
1	220	1830.261273043635	3
1	221	1836.875974655222	3
1	230	1878.569056661631	3
1	237	1918.002170315659	3
1	245	1956.334572540599	3
1	253	1991.713208466485	3
1	261	2050.678980550304	3
1	275	2144.881157012118	3
1	279	2167.208751739974	3
1	284	2209.681921340215	3
1	294	2294.276740113243	3
1	303	2364.135697913003	3
1	307	2403.201000052528	3
1	308	2407.479498767414	3
1	309	2408.528495103796	3
1	311	2422.734999789044	3
1	314	2464.329482384722	3
1	316	2466.090719294014	3
1	320	2492.95046913165	3
1	337	2617.248616478529	3
1	342	2693.655555703117	3
1	349	2774.175319244626	3
1	358	2937.210524681124	3
1	363	3028.67493015349	3
1	367	3055.009902350332	3
1	382	3279.181353574581	3
1	392	3452.642155679835	3
1	403	3640.495352410597	3
1	406	3660.464155695627	3
1	407	3670.637186352069	3
1	414	3750.424440221803	3
1	421	3814.25180776926	3
1	432	3908.227795639986	3
1	443	4003.491752369881	3
1	446	4017.406174756505	3
1	450	4071.300373763776	3
1	452	4089.524441477026	3
1	460	4154.002842999242	3
1	463	4198.916173219421	3
1	467	4255.962883053371	3
1	480	4412.88855103128	3
1	484	4476.875465215419	3
1	501	4668.411078059354	3
1	510	4761.955024293309	3
1	527	4891.043054935819	3
1	531	4944.391360145557	3
1	547	5049.556973967273	3
1	552	5073.692362599053	3
1	555	5102.292685220955	3
1	559	5123.000228775017	3
1	562	5164.508244260515	3
1	570	5217.006069347925	3
1	597	5442.473380701735	3
1	603	5497.45827158143	3
1	614	5673.7693700703	3
1	616	5740.575280323743	3
1	621	5909.083818935667	3
1	632	6139.078578748776	3
1	635	6228.6257684945	3
1	637	6282.130748740568	3
1	657	6663.883244527783	3
1	659	6746.829436371626	3
1	662	6754.395973662671	3
1	675	6901.280732315737	3
1	680	6969.643982047969	3
1	681	6970.249966343996	3
1	686	7023.435838187947	3
1	705	7172.769062688671	3
1	719	7262.241382023403	3
1	720	7270.399323114294	3
1	721	7273.351230915438	3
1	725	7291.427151236626	3
1	728	7307.394381386485	3
1	740	7389.835238654217	3
1	742	7399.135013552847	3
1	743	7409.765125816722	3
1	747	7431.509440267013	3
1	750	7467.59578774097	3
1	781	7702.748455336513	3
1	784	7722.727571430511	3
1	786	7742.291792650375	3
1	787	7753.017673223693	3
1	788	7753.583859444024	3
1	790	7791.449582837896	3
1	795	7827.136258644459	3
1	801	7904.016314913224	3
1	830	8388.388682512774	3
1	835	8461.30188157305	3
1	836	8478.912520202798	3
1	838	8496.132812103736	3
1	840	8529.221151268	3
1	841	8533.204207523122	3
1	848	8627.847168493357	3
1	853	8674.415888525474	3
1	858	8705.627518403388	3
1	881	8974.821766382054	3
1	887	8997.910783516091	3
1	897	9127.782948254733	3
1	901	9200.094039822997	3
1	907	9281.779830921671	3
1	919	9443.355538844711	3
1	920	9472.835861439028	3
1	921	9478.60029830756	3
1	925	9526.862009158421	3
1	931	9617.499676318064	3
1	941	9720.198020993135	3
1	945	9773.274321801856	3
1	955	9881.334823760186	3
1	963	9929.963777471876	3
1	971	10019.18982876053	3
1	974	10025.731164050492	3
1	977	10052.935466853957	3
1	978	10053.078112764729	3
1	983	10095.297288817242	3
1	989	10129.812090180478	3
1	994	10186.596588560432	3
1	996	10191.577790090218	3
1	997	10195.021509344192	3
1	1003	10249.72612579172	3
1	1008	10294.245425295585	3
1	1013	10305.130443513611	3
1	1043	10610.123355542777	3
1	1045	10617.219951058394	3
1	1046	10622.166190348425	3
1	1047	10628.895133674445	3
1	1048	10673.240641069331	3
1	1051	10714.631346140947	3
1	1067	10864.762813447744	3
1	1083	11065.219705527356	3
1	1097	11183.728467342929	3
1	1098	11190.238243264427	3
1	1106	11272.954091141067	3
1	1113	11325.69065304956	3
1	1118	11380.269174472971	3
1	1138	11651.511059838969	3
1	1141	11704.668337752138	3
1	1143	11747.582764766478	3
1	1147	11771.473868618877	3
1	1154	11863.978353903278	3
1	1161	11940.328495276233	3
1	1168	12015.146892702172	3
1	1171	12038.070592824854	3
1	1174	12060.383389044929	3
1	1181	12127.081462282419	3
1	1188	12209.960319824397	3
1	1192	12223.051642698073	3
1	1216	12413.429716533189	3
1	1222	12453.989783245916	3
1	1225	12491.867250609592	3
1	1230	12510.582251836857	3
1	1231	12513.529399275054	3
1	1241	12563.264038068673	3
1	1244	12603.53790127119	3
1	1245	12606.447126832096	3
1	1253	12628.290500901907	3
1	1255	12640.611831340763	3
1	1258	12695.512318335155	3
1	1267	12722.927452510467	3
1	1282	12827.719288210742	3
1	1302	13009.041114824179	3
1	1306	13038.308039538744	3
1	1310	13061.490458642178	3
1	1313	13112.828325186674	3
1	1320	13205.185772894414	3
1	1327	13367.812876997335	3
1	1334	13485.11620348628	3
1	1351	13713.466455441476	3
1	1357	13783.330305638137	3
1	1363	13858.399091262189	3
1	1376	14015.880384548717	3
1	1380	14099.239389661523	3
1	1388	14202.720145483638	3
1	1390	14208.643703375754	3
1	1403	14383.623431117218	3
1	1424	14605.583449020617	3
1	1425	14613.896994344637	3
1	1429	14629.512089481411	3
1	1442	14735.375797555362	3
1	1452	14839.202037483496	3
1	1460	14921.662889927724	3
1	1468	14950.119491949532	3
1	1475	15020.235734426216	3
1	1479	15043.24625546512	3
1	1484	15057.35527340637	3
1	1494	15124.785688389337	3
1	1503	15185.591085500819	3
1	1507	15212.293035784967	3
1	1508	15217.425404318657	3
1	1509	15217.731757680791	3
1	1517	15270.439598766032	3
1	1521	15299.839161939547	3
1	1531	15368.205842978026	3
1	1535	15380.102101247242	3
1	1559	15579.177910866049	3
1	1564	15592.86574225184	3
1	1566	15605.254499453337	3
1	1569	15655.397547208098	3
1	1583	15795.284465618818	3
1	1590	15832.500434378504	3
1	1597	15905.144964060397	3
1	1600	15915.386526545441	3
1	1613	16030.007760616015	3
1	1629	16199.550275389589	3
1	1635	16254.295224641216	3
1	1641	16331.141895733625	3
1	1647	16408.878878549183	3
1	1652	16462.179772791651	3
1	1671	16702.742454749284	3
1	1673	16724.08086105865	3
1	1677	16766.106545859521	3
1	1684	16828.678411340638	3
1	1690	16908.488971307786	3
1	1691	16922.083590118197	3
1	1695	16954.693402857374	3
1	1697	16994.169424479325	3
1	1703	17055.151112927503	3
1	1705	17079.97350931368	3
1	1720	17226.227226869603	3
1	1738	17484.900605766494	3
1	1739	17523.361402017613	3
1	1745	17627.037446097774	3
1	1754	17764.014870579343	3
1	1758	17801.500516586305	3
1	1763	17882.679646952183	3
1	1768	17945.471565828816	3
1	1769	17954.600551896278	3
1	1781	18106.657550855043	3
1	1783	18119.242981237959	3
1	1787	18192.046098053811	3
1	1791	18232.265026360144	3
1	1796	18321.530156490518	3
1	1807	18497.307733841251	3
1	1821	18699.323549390775	3
1	1833	18860.871216565927	3
1	1834	18867.109210383219	3
1	1844	18997.555195470576	3
1	1853	19131.214586157805	3
1	1875	19420.095441911142	3
1	1884	19490.118672290709	3
1	1890	19539.62655951498	3
1	1892	19569.313854475594	3
1	1894	19580.175138708025	3
1	1896	19623.599554183682	3
1	1902	19674.054037551056	3
1	1917	19831.392621144214	3
1	1922	19927.80530635453	3
1	1925	19958.661096096737	3
2	129	1122.233270403736	20846
2	130	1134.330309238478	20847
2	134	1179.294668704413	20844
2	140	1237.525629660504	20848
2	145	1319.062168236874	20849
2	152	1407.471526213804	20851
2	159	1453.680445559493	20850
2	180	1607.027434264865	20857
2	187	1637.468338026324	20860
2	190	1648.184950880542	20855
2	197	1693.236909190265	20853
2	204	1738.94937904721	20859
2	210	1760.306845529406	20862
2	214	1796.199700245457	20856
2	216	1796.684979591129	20865
2	219	1828.226859992156	20858
2	220	1830.261273043635	20869
2	221	1836.875974655222	20866
2	230	1878.569056661631	20863
2	237	1918.002170315659	20868
2	245	1956.334572540599	20870
2	253	1991.713208466485	20864
2	261	2050.678980550304	20875
2	275	2144.881157012118	20874
2	279	2167.208751739974	20877
2	284	2209.681921340215	20873
2	294	2294.276740113243	20872
2	303	2364.135697913003	20876
2	307	2403.201000052528	20879
2	308	2407.479498767414	20878
2	309	2408.528495103796	20882
2	311	2422.734999789044	20880
2	314	2464.329482384722	20881
2	316	2466.090719294014	20885
2	320	2492.95046913165	20883
2	337	2617.248616478529	20890
2	342	2693.655555703117	20888
2	349	2774.175319244626	20887
2	358	2937.210524681124	20892
2	363	3028.67493015349	20893
2	367	3055.009902350332	20895
2	382	3279.181353574581	20896
2	392	3452.642155679835	20898
2	403	3640.495352410597	20900
2	406	3660.464155695627	20899
2	407	3670.637186352069	20903
2	414	3750.424440221803	20901
2	421	3814.25180776926	20905
2	432	3908.227795639986	20910
2	443	4003.491752369881	20904
2	446	4017.406174756505	20911
2	450	4071.300373763776	20908
2	452	4089.524441477026	20912
2	460	4154.002842999242	20907
2	463	4198.916173219421	20909
2	467	4255.962883053371	20914
2	480	4412.88855103128	20913
2	484	4476.875465215419	20918
2	501	4668.411078059354	20916
2	510	4761.955024293309	20919
2	527	4891.043054935819	20923
2	531	4944.391360145557	20926
2	547	5049.556973967273	20931
2	552	5073.692362599053	20925
2	555	5102.292685220955	20934
2	559	5123.000228775017	20936
2	562	5164.508244260515	20932
2	570	5217.006069347925	20938
2	597	5442.473380701735	20941
2	603	5497.45827158143	20945
2	614	5673.7693700703	20947
2	616	5740.575280323743	20946
2	621	5909.083818935667	20948
2	632	6139.078578748776	20949
2	635	6228.6257684945	20952
2	637	6282.130748740568	20950
2	657	6663.883244527783	20956
2	659	6746.829436371626	20957
2	662	6754.395973662671	20959
2	675	6901.280732315737	20961
2	680	6969.643982047969	20963
2	681	6970.249966343996	20964
2	686	7023.435838187947	20962
2	705	7172.769062688671	20969
2	719	7262.241382023403	20967
2	720	7270.399323114294	20968
2	721	7273.351230915438	20972
2	725	7291.427151236626	20965
2	728	7307.394381386485	20974
2	740	7389.835238654217	20977
2	742	7399.135013552847	20973
2	743	7409.765125816722	20970
2	747	7431.509440267013	20976
2	750	7467.59578774097	20971
2	781	7702.748455336513	20983
2	784	7722.727571430511	20980
2	786	7742.291792650375	20982
2	787	7753.017673223693	20985
2	788	7753.583859444024	20986
2	790	7791.449582837896	20979
2	795	7827.136258644459	20981
2	801	7904.016314913224	20988
2	830	8388.388682512774	20990
2	835	8461.30188157305	20992
2	836	8478.912520202798	20995
2	838	8496.132812103736	20993
2	840	8529.221151268	20996
2	841	8533.204207523122	20997
2	848	8627.847168493357	20994
2	853	8674.415888525474	20998
2	858	8705.627518403388	21000
2	881	8974.821766382054	21006
2	887	8997.910783516091	21004
2	897	9127.782948254733	21007
2	901	9200.094039822997	21008
2	907	9281.779830921671	21010
2	919	9443.355538844711	21013
2	920	9472.835861439028	21012
2	921	9478.60029830756	21014
2	925	9526.862009158421	21016
2	931	9617.499676318064	21015
2	941	9720.198020993135	21017
2	945	9773.274321801856	21021
2	955	9881.334823760186	21023
2	963	9929.963777471876	21019
2	971	10019.18982876053	21018
2	974	10025.731164050492	21026
2	977	10052.935466853957	21020
2	978	10053.078112764729	21027
2	983	10095.297288817242	21030
2	989	10129.812090180478	21032
2	994	10186.596588560432	21033
2	996	10191.577790090218	21024
2	997	10195.021509344192	21029
2	1003	10249.72612579172	21035
2	1008	10294.245425295585	21028
2	1013	10305.130443513611	21034
2	1043	10610.123355542777	21039
2	1045	10617.219951058394	21041
2	1046	10622.166190348425	21042
2	1047	10628.895133674445	21043
2	1048	10673.240641069331	21044
2	1051	10714.631346140947	21040
2	1067	10864.762813447744	21048
2	1083	11065.219705527356	21047
2	1097	11183.728467342929	21050
2	1098	11190.238243264427	21054
2	1106	11272.954091141067	21057
2	1113	11325.69065304956	21056
2	1118	11380.269174472971	21058
2	1138	11651.511059838969	21063
2	1141	11704.668337752138	21062
2	1143	11747.582764766478	21059
2	1147	11771.473868618877	21060
2	1154	11863.978353903278	21066
2	1161	11940.328495276233	21067
2	1168	12015.146892702172	21064
2	1171	12038.070592824854	21070
2	1174	12060.383389044929	21071
2	1181	12127.081462282419	21074
2	1188	12209.960319824397	21072
2	1192	12223.051642698073	21075
2	1216	12413.429716533189	21080
2	1222	12453.989783245916	21078
2	1225	12491.867250609592	21083
2	1230	12510.582251836857	21085
2	1231	12513.529399275054	21086
2	1241	12563.264038068673	21079
2	1244	12603.53790127119	21084
2	1245	12606.447126832096	21089
2	1253	12628.290500901907	21081
2	1255	12640.611831340763	21092
2	1258	12695.512318335155	21088
2	1267	12722.927452510467	21093
2	1282	12827.719288210742	21094
2	1302	13009.041114824179	21095
2	1306	13038.308039538744	21097
2	1310	13061.490458642178	21098
2	1313	13112.828325186674	21096
2	1320	13205.185772894414	21100
2	1327	13367.812876997335	21103
2	1334	13485.11620348628	21105
2	1351	13713.466455441476	21110
2	1357	13783.330305638137	21111
2	1363	13858.399091262189	21113
2	1376	14015.880384548717	21115
2	1380	14099.239389661523	21117
2	1388	14202.720145483638	21118
2	1390	14208.643703375754	21114
2	1403	14383.623431117218	21120
2	1424	14605.583449020617	21122
2	1425	14613.896994344637	21121
2	1429	14629.512089481411	21127
2	1442	14735.375797555362	21128
2	1452	14839.202037483496	21129
2	1460	14921.662889927724	21135
2	1468	14950.119491949532	21132
2	1475	15020.235734426216	21138
2	1479	15043.24625546512	21136
2	1484	15057.35527340637	21141
2	1494	15124.785688389337	21139
2	1503	15185.591085500819	21143
2	1507	15212.293035784967	21146
2	1508	15217.425404318657	21134
2	1509	15217.731757680791	21147
2	1517	15270.439598766032	21148
2	1521	15299.839161939547	21150
2	1531	15368.205842978026	21144
2	1535	15380.102101247242	21149
2	1559	15579.177910866049	21153
2	1564	15592.86574225184	21156
2	1566	15605.254499453337	21157
2	1569	15655.397547208098	21152
2	1583	15795.284465618818	21154
2	1590	15832.500434378504	21160
2	1597	15905.144964060397	21159
2	1600	15915.386526545441	21165
2	1613	16030.007760616015	21166
2	1629	16199.550275389589	21162
2	1635	16254.295224641216	21169
2	1641	16331.141895733625	21171
2	1647	16408.878878549183	21168
2	1652	16462.179772791651	21175
2	1671	16702.742454749284	21173
2	1673	16724.08086105865	21174
2	1677	16766.106545859521	21177
2	1684	16828.678411340638	21179
2	1690	16908.488971307786	21182
2	1691	16922.083590118197	21178
2	1695	16954.693402857374	21183
2	1697	16994.169424479325	21181
2	1703	17055.151112927503	21180
2	1705	17079.97350931368	21185
2	1720	17226.227226869603	21187
2	1738	17484.900605766494	21193
2	1739	17523.361402017613	21190
2	1745	17627.037446097774	21191
2	1754	17764.014870579343	21192
2	1758	17801.500516586305	21196
2	1763	17882.679646952183	21194
2	1768	17945.471565828816	21195
2	1769	17954.600551896278	21197
2	1781	18106.657550855043	21200
2	1783	18119.242981237959	21201
2	1787	18192.046098053811	21199
2	1791	18232.265026360144	21202
2	1796	18321.530156490518	21204
2	1807	18497.307733841251	21203
2	1821	18699.323549390775	21205
2	1833	18860.871216565927	21211
2	1834	18867.109210383219	21208
2	1844	18997.555195470576	21213
2	1853	19131.214586157805	21215
2	1875	19420.095441911142	21218
2	1884	19490.118672290709	21217
2	1890	19539.62655951498	21220
2	1892	19569.313854475594	21224
2	1894	19580.175138708025	21222
2	1896	19623.599554183682	21226
2	1902	19674.054037551056	21225
2	1917	19831.392621144214	21229
2	1922	19927.80530635453	21228
2	1925	19958.661096096737	21230
3	123	1066.679142973201	0
3	124	1075.106086013927	0
3	138	1225.233270403736	0
3	139	1237.330309238478	0
3	149	1340.525629660504	0
3	153	1419.107325379416	0
3	154	1422.062168236874	0
3	163	1510.471526213804	0
3	168	1536.637771420914	0
3	173	1556.680445559493	0
3	195	1682.713208466485	0
3	199	1710.027434264865	0
3	205	1740.468338026324	0
3	207	1751.184950880542	0
3	215	1796.236909190265	0
3	228	1863.306845529406	0
3	235	1899.684979591129	0
3	238	1931.226859992156	0
3	239	1933.261273043635	0
3	251	1981.569056661631	0
3	252	1985.276740113243	0
3	257	2021.002170315659	0
3	262	2055.135697913003	0
3	269	2098.479498767414	0
3	276	2153.678980550304	0
3	298	2312.681921340215	0
3	312	2450.837522176228	0
3	321	2506.201000052528	0
3	324	2511.528495103796	0
3	328	2565.077870758678	0
3	333	2595.95046913165	0
3	335	2611.460549838503	0
3	346	2720.248616478529	0
3	347	2736.653143750202	0
3	365	3040.210524681124	0
3	366	3046.944760738873	0
3	369	3131.67493015349	0
3	372	3158.009902350332	0
3	381	3270.05436780613	0
3	385	3351.464155695627	0
3	398	3555.642155679835	0
3	402	3613.81364349053	0
3	408	3694.491752369881	0
3	412	3743.495352410597	0
3	417	3773.637186352069	0
3	424	3845.002842999242	0
3	426	3853.424440221803	0
3	430	3889.916173219421	0
3	445	4011.227795639986	0
3	454	4103.88855103128	0
3	461	4174.300373763776	0
3	466	4250.056561999709	0
3	477	4359.411078059354	0
3	490	4561.800632712859	0
3	492	4579.875465215419	0
3	493	4582.202105362067	0
3	494	4583.319279897311	0
3	506	4735.693482852595	0
3	511	4764.692362599053	0
3	522	4864.955024293309	0
3	539	4989.142359524771	0
3	546	5047.391360145557	0
3	561	5152.556973967273	0
3	572	5226.000228775017	0
3	576	5267.508244260515	0
3	578	5294.62105365929	0
3	581	5320.006069347925	0
3	596	5438.889104015783	0
3	607	5545.473380701735	0
3	617	5776.7693700703	0
3	619	5843.575280323743	0
3	626	6012.083818935667	0
3	634	6223.107442889049	0
3	636	6242.078578748776	0
3	647	6449.574709831384	0
3	649	6544.939875034778	0
3	663	6766.883244527783	0
3	664	6779.941093719021	0
3	667	6849.829436371626	0
3	670	6857.395973662671	0
3	685	7004.280732315737	0
3	692	7072.643982047969	0
3	694	7073.249966343996	0
3	699	7126.435838187947	0
3	700	7129.762323669855	0
3	722	7275.769062688671	0
3	729	7328.007539812153	0
3	734	7365.241382023403	0
3	735	7373.399323114294	0
3	741	7394.427151236626	0
3	744	7410.394381386485	0
3	749	7462.199473575139	0
3	753	7482.449582837896	0
3	754	7492.835238654217	0
3	757	7512.765125816722	0
3	761	7534.509440267013	0
3	789	7780.355329380504	0
3	792	7805.748455336513	0
3	794	7825.727571430511	0
3	797	7856.017673223693	0
3	798	7856.583859444024	0
3	811	8007.016314913224	0
3	815	8079.388682512774	0
3	818	8136.796961467455	0
3	842	8564.30188157305	0
3	845	8581.912520202798	0
3	846	8599.132812103736	0
3	859	8730.847168493357	0
3	861	8777.415888525474	0
3	864	8788.820008837347	0
3	867	8808.627518403388	0
3	873	8882.407437111942	0
3	890	9077.821766382054	0
3	893	9097.719337309771	0
3	895	9100.910783516091	0
3	904	9207.319887503086	0
3	905	9230.782948254733	0
3	915	9384.779830921671	0
3	926	9546.355538844711	0
3	927	9575.835861439028	0
3	928	9581.60029830756	0
3	939	9710.18982876053	0
3	942	9720.499676318064	0
3	944	9743.935466853957	0
3	950	9823.198020993135	0
3	988	10128.731164050492	0
3	992	10156.078112764729	0
3	998	10198.297288817242	0
3	1002	10232.812090180478	0
3	1007	10289.596588560432	0
3	1010	10298.021509344192	0
3	1019	10397.245425295585	0
3	1021	10402.206757714902	0
3	1052	10720.219951058394	0
3	1055	10731.895133674445	0
3	1059	10776.240641069331	0
3	1063	10824.433343651745	0
3	1065	10840.828962804472	0
3	1070	10902.098652070159	0
3	1076	10967.762813447744	0
3	1082	11045.395755707528	0
3	1088	11102.443502397994	0
3	1090	11114.479715225726	0
3	1093	11168.219705527356	0
3	1109	11293.238243264427	0
3	1117	11375.954091141067	0
3	1123	11438.582764766478	0
3	1124	11462.473868618877	0
3	1125	11474.119965009202	0
3	1127	11483.269174472971	0
3	1145	11754.511059838969	0
3	1148	11807.668337752138	0
3	1151	11848.584267580312	0
3	1164	11966.978353903278	0
3	1165	11980.009261062063	0
3	1170	12031.24129358588	0
3	1172	12043.328495276233	0
3	1178	12108.914149548086	0
3	1179	12118.146892702172	0
3	1183	12141.070592824854	0
3	1186	12163.383389044929	0
3	1204	12320.507817196942	0
3	1206	12326.051642698073	0
3	1239	12556.989783245916	0
3	1243	12594.867250609592	0
3	1247	12613.582251836857	0
3	1248	12616.529399275054	0
3	1252	12628.03834585855	0
3	1257	12666.264038068673	0
3	1263	12709.447126832096	0
3	1272	12743.611831340763	0
3	1276	12798.512318335155	0
3	1278	12803.828325186674	0
3	1281	12825.927452510467	0
3	1294	12930.719288210742	0
3	1308	13049.676622407388	0
3	1312	13112.041114824179	0
3	1326	13308.185772894414	0
3	1331	13470.812876997335	0
3	1332	13471.562966038876	0
3	1340	13588.11620348628	0
3	1343	13641.787012020558	0
3	1360	13816.466455441476	0
3	1372	13961.399091262189	0
3	1383	14118.880384548717	0
3	1385	14163.671684041879	0
3	1387	14202.239389661523	0
3	1396	14304.896994344637	0
3	1399	14311.643703375754	0
3	1412	14486.623431117218	0
3	1421	14558.359908542778	0
3	1444	14738.698771385166	0
3	1451	14838.375797555362	0
3	1458	14908.425404318657	0
3	1466	14942.202037483496	0
3	1473	14993.335085538977	0
3	1477	15024.662889927724	0
3	1493	15123.235734426216	0
3	1498	15160.35527340637	0
3	1511	15227.785688389337	0
3	1520	15288.591085500819	0
3	1523	15315.293035784967	0
3	1525	15320.731757680791	0
3	1532	15373.439598766032	0
3	1538	15402.839161939547	0
3	1545	15471.205842978026	0
3	1549	15483.102101247242	0
3	1550	15486.284465618818	0
3	1571	15664.140825172875	0
3	1572	15682.177910866049	0
3	1574	15695.86574225184	0
3	1576	15708.254499453337	0
3	1579	15758.397547208098	0
3	1594	15890.550275389589	0
3	1599	15912.459733535486	0
3	1603	15935.500434378504	0
3	1609	16008.144964060397	0
3	1612	16018.386526545441	0
3	1618	16099.878878549183	0
3	1625	16133.007760616015	0
3	1634	16246.307424909764	0
3	1644	16357.295224641216	0
3	1646	16393.742454749284	0
3	1648	16415.08086105865	0
3	1649	16434.141895733625	0
3	1657	16554.944255751297	0
3	1660	16565.179772791651	0
3	1675	16746.151112927503	0
3	1698	17011.488971307786	0
3	1702	17046.254906397819	0
3	1704	17057.693402857374	0
3	1714	17182.97350931368	0
3	1728	17329.227226869603	0
3	1737	17455.014870579343	0
3	1743	17587.900605766494	0
3	1751	17730.037446097774	0
3	1765	17891.74690001798	0
3	1767	17904.500516586305	0
3	1778	18057.600551896278	0
3	1788	18209.657550855043	0
3	1790	18222.242981237959	0
3	1798	18335.265026360144	0
3	1802	18424.530156490518	0
3	1815	18600.307733841251	0
3	1816	18628.55590138591	0
3	1831	18802.323549390775	0
3	1832	18806.798562344101	0
3	1836	18883.155807522608	0
3	1841	18963.871216565927	0
3	1846	19019.65234271678	0
3	1850	19100.555195470576	0
3	1858	19215.428603337393	0
3	1863	19234.214586157805	0
3	1877	19422.464188740388	0
3	1885	19523.095441911142	0
3	1889	19538.272257527416	0
3	1899	19642.62655951498	0
3	1900	19667.026762843077	0
3	1901	19672.313854475594	0
3	1903	19683.175138708025	0
3	1905	19726.599554183682	0
3	1913	19777.054037551056	0
3	1924	19934.392621144214	0
4	123	1066.679142973201	3
4	124	1075.106086013927	3
4	138	1225.233270403736	3
4	139	1237.330309238478	3
4	149	1340.525629660504	3
4	153	1419.107325379416	3
4	154	1422.062168236874	3
4	163	1510.471526213804	3
4	168	1536.637771420914	3
4	173	1556.680445559493	3
4	195	1682.713208466485	3
4	199	1710.027434264865	3
4	205	1740.468338026324	3
4	207	1751.184950880542	3
4	215	1796.236909190265	3
4	228	1863.306845529406	3
4	235	1899.684979591129	3
4	238	1931.226859992156	3
4	239	1933.261273043635	3
4	251	1981.569056661631	3
4	252	1985.276740113243	3
4	257	2021.002170315659	3
4	262	2055.135697913003	3
4	269	2098.479498767414	3
4	276	2153.678980550304	3
4	298	2312.681921340215	3
4	312	2450.837522176228	3
4	321	2506.201000052528	3
4	324	2511.528495103796	3
4	328	2565.077870758678	3
4	333	2595.95046913165	3
4	335	2611.460549838503	3
4	346	2720.248616478529	3
4	347	2736.653143750202	3
4	365	3040.210524681124	3
4	366	3046.944760738873	3
4	369	3131.67493015349	3
4	372	3158.009902350332	3
4	381	3270.05436780613	3
4	385	3351.464155695627	3
4	398	3555.642155679835	3
4	402	3613.81364349053	3
4	408	3694.491752369881	3
4	412	3743.495352410597	3
4	417	3773.637186352069	3
4	424	3845.002842999242	3
4	426	3853.424440221803	3
4	430	3889.916173219421	3
4	445	4011.227795639986	3
4	454	4103.88855103128	3
4	461	4174.300373763776	3
4	466	4250.056561999709	3
4	477	4359.411078059354	3
4	490	4561.800632712859	3
4	492	4579.875465215419	3
4	493	4582.202105362067	3
4	494	4583.319279897311	3
4	506	4735.693482852595	3
4	511	4764.692362599053	3
4	522	4864.955024293309	3
4	539	4989.142359524771	3
4	546	5047.391360145557	3
4	561	5152.556973967273	3
4	572	5226.000228775017	3
4	576	5267.508244260515	3
4	578	5294.62105365929	3
4	581	5320.006069347925	3
4	596	5438.889104015783	3
4	607	5545.473380701735	3
4	617	5776.7693700703	3
4	619	5843.575280323743	3
4	626	6012.083818935667	3
4	634	6223.107442889049	3
4	636	6242.078578748776	3
4	647	6449.574709831384	3
4	649	6544.939875034778	3
4	663	6766.883244527783	3
4	664	6779.941093719021	3
4	667	6849.829436371626	3
4	670	6857.395973662671	3
4	685	7004.280732315737	3
4	692	7072.643982047969	3
4	694	7073.249966343996	3
4	699	7126.435838187947	3
4	700	7129.762323669855	3
4	722	7275.769062688671	3
4	729	7328.007539812153	3
4	734	7365.241382023403	3
4	735	7373.399323114294	3
4	741	7394.427151236626	3
4	744	7410.394381386485	3
4	749	7462.199473575139	3
4	753	7482.449582837896	3
4	754	7492.835238654217	3
4	757	7512.765125816722	3
4	761	7534.509440267013	3
4	789	7780.355329380504	3
4	792	7805.748455336513	3
4	794	7825.727571430511	3
4	797	7856.017673223693	3
4	798	7856.583859444024	3
4	811	8007.016314913224	3
4	815	8079.388682512774	3
4	818	8136.796961467455	3
4	842	8564.30188157305	3
4	845	8581.912520202798	3
4	846	8599.132812103736	3
4	859	8730.847168493357	3
4	861	8777.415888525474	3
4	864	8788.820008837347	3
4	867	8808.627518403388	3
4	873	8882.407437111942	3
4	890	9077.821766382054	3
4	893	9097.719337309771	3
4	895	9100.910783516091	3
4	904	9207.319887503086	3
4	905	9230.782948254733	3
4	915	9384.779830921671	3
4	926	9546.355538844711	3
4	927	9575.835861439028	3
4	928	9581.60029830756	3
4	939	9710.18982876053	3
4	942	9720.499676318064	3
4	944	9743.935466853957	3
4	950	9823.198020993135	3
4	988	10128.731164050492	3
4	992	10156.078112764729	3
4	998	10198.297288817242	3
4	1002	10232.812090180478	3
4	1007	10289.596588560432	3
4	1010	10298.021509344192	3
4	1019	10397.245425295585	3
4	1021	10402.206757714902	3
4	1052	10720.219951058394	3
4	1055	10731.895133674445	3
4	1059	10776.240641069331	3
4	1063	10824.433343651745	3
4	1065	10840.828962804472	3
4	1070	10902.098652070159	3
4	1076	10967.762813447744	3
4	1082	11045.395755707528	3
4	1088	11102.443502397994	3
4	1090	11114.479715225726	3
4	1093	11168.219705527356	3
4	1109	11293.238243264427	3
4	1117	11375.954091141067	3
4	1123	11438.582764766478	3
4	1124	11462.473868618877	3
4	1125	11474.119965009202	3
4	1127	11483.269174472971	3
4	1145	11754.511059838969	3
4	1148	11807.668337752138	3
4	1151	11848.584267580312	3
4	1164	11966.978353903278	3
4	1165	11980.009261062063	3
4	1170	12031.24129358588	3
4	1172	12043.328495276233	3
4	1178	12108.914149548086	3
4	1179	12118.146892702172	3
4	1183	12141.070592824854	3
4	1186	12163.383389044929	3
4	1204	12320.507817196942	3
4	1206	12326.051642698073	3
4	1239	12556.989783245916	3
4	1243	12594.867250609592	3
4	1247	12613.582251836857	3
4	1248	12616.529399275054	3
4	1252	12628.03834585855	3
4	1257	12666.264038068673	3
4	1263	12709.447126832096	3
4	1272	12743.611831340763	3
4	1276	12798.512318335155	3
4	1278	12803.828325186674	3
4	1281	12825.927452510467	3
4	1294	12930.719288210742	3
4	1308	13049.676622407388	3
4	1312	13112.041114824179	3
4	1326	13308.185772894414	3
4	1331	13470.812876997335	3
4	1332	13471.562966038876	3
4	1340	13588.11620348628	3
4	1343	13641.787012020558	3
4	1360	13816.466455441476	3
4	1372	13961.399091262189	3
4	1383	14118.880384548717	3
4	1385	14163.671684041879	3
4	1387	14202.239389661523	3
4	1396	14304.896994344637	3
4	1399	14311.643703375754	3
4	1412	14486.623431117218	3
4	1421	14558.359908542778	3
4	1444	14738.698771385166	3
4	1451	14838.375797555362	3
4	1458	14908.425404318657	3
4	1466	14942.202037483496	3
4	1473	14993.335085538977	3
4	1477	15024.662889927724	3
4	1493	15123.235734426216	3
4	1498	15160.35527340637	3
4	1511	15227.785688389337	3
4	1520	15288.591085500819	3
4	1523	15315.293035784967	3
4	1525	15320.731757680791	3
4	1532	15373.439598766032	3
4	1538	15402.839161939547	3
4	1545	15471.205842978026	3
4	1549	15483.102101247242	3
4	1550	15486.284465618818	3
4	1571	15664.140825172875	3
4	1572	15682.177910866049	3
4	1574	15695.86574225184	3
4	1576	15708.254499453337	3
4	1579	15758.397547208098	3
4	1594	15890.550275389589	3
4	1599	15912.459733535486	3
4	1603	15935.500434378504	3
4	1609	16008.144964060397	3
4	1612	16018.386526545441	3
4	1618	16099.878878549183	3
4	1625	16133.007760616015	3
4	1634	16246.307424909764	3
4	1644	16357.295224641216	3
4	1646	16393.742454749284	3
4	1648	16415.08086105865	3
4	1649	16434.141895733625	3
4	1657	16554.944255751297	3
4	1660	16565.179772791651	3
4	1675	16746.151112927503	3
4	1698	17011.488971307786	3
4	1702	17046.254906397819	3
4	1704	17057.693402857374	3
4	1714	17182.97350931368	3
4	1728	17329.227226869603	3
4	1737	17455.014870579343	3
4	1743	17587.900605766494	3
4	1751	17730.037446097774	3
4	1765	17891.74690001798	3
4	1767	17904.500516586305	3
4	1778	18057.600551896278	3
4	1788	18209.657550855043	3
4	1790	18222.242981237959	3
4	1798	18335.265026360144	3
4	1802	18424.530156490518	3
4	1815	18600.307733841251	3
4	1816	18628.55590138591	3
4	1831	18802.323549390775	3
4	1832	18806.798562344101	3
4	1836	18883.155807522608	3
4	1841	18963.871216565927	3
4	1846	19019.65234271678	3
4	1850	19100.555195470576	3
4	1858	19215.428603337393	3
4	1863	19234.214586157805	3
4	1877	19422.464188740388	3
4	1885	19523.095441911142	3
4	1889	19538.272257527416	3
4	1899	19642.62655951498	3
4	1900	19667.026762843077	3
4	1901	19672.313854475594	3
4	1903	19683.175138708025	3
4	1905	19726.599554183682	3
4	1913	19777.054037551056	3
4	1924	19934.392621144214	3
5	123	1066.679142973201	20840
5	124	1075.106086013927	20843
5	138	1225.233270403736	20846
5	139	1237.330309238478	20847
5	149	1340.525629660504	20848
5	153	1419.107325379416	20852
5	154	1422.062168236874	20849
5	163	1510.471526213804	20851
5	168	1536.637771420914	20854
5	173	1556.680445559493	20850
5	195	1682.713208466485	20864
5	199	1710.027434264865	20857
5	205	1740.468338026324	20860
5	207	1751.184950880542	20855
5	215	1796.236909190265	20853
5	228	1863.306845529406	20862
5	235	1899.684979591129	20865
5	238	1931.226859992156	20858
5	239	1933.261273043635	20869
5	251	1981.569056661631	20863
5	252	1985.276740113243	20872
5	257	2021.002170315659	20868
5	262	2055.135697913003	20876
5	269	2098.479498767414	20878
5	276	2153.678980550304	20875
5	298	2312.681921340215	20873
5	312	2450.837522176228	20884
5	321	2506.201000052528	20879
5	324	2511.528495103796	20882
5	328	2565.077870758678	20886
5	333	2595.95046913165	20883
5	335	2611.460549838503	20889
5	346	2720.248616478529	20890
5	347	2736.653143750202	20891
5	365	3040.210524681124	20892
5	366	3046.944760738873	20894
5	369	3131.67493015349	20893
5	372	3158.009902350332	20895
5	381	3270.05436780613	20897
5	385	3351.464155695627	20899
5	398	3555.642155679835	20898
5	402	3613.81364349053	20902
5	408	3694.491752369881	20904
5	412	3743.495352410597	20900
5	417	3773.637186352069	20903
5	424	3845.002842999242	20907
5	426	3853.424440221803	20901
5	430	3889.916173219421	20909
5	445	4011.227795639986	20910
5	454	4103.88855103128	20913
5	461	4174.300373763776	20908
5	466	4250.056561999709	20915
5	477	4359.411078059354	20916
5	490	4561.800632712859	20920
5	492	4579.875465215419	20918
5	493	4582.202105362067	20921
5	494	4583.319279897311	20922
5	506	4735.693482852595	20924
5	511	4764.692362599053	20925
5	522	4864.955024293309	20919
5	539	4989.142359524771	20929
5	546	5047.391360145557	20926
5	561	5152.556973967273	20931
5	572	5226.000228775017	20936
5	576	5267.508244260515	20932
5	578	5294.62105365929	20939
5	581	5320.006069347925	20938
5	596	5438.889104015783	20943
5	607	5545.473380701735	20941
5	617	5776.7693700703	20947
5	619	5843.575280323743	20946
5	626	6012.083818935667	20948
5	634	6223.107442889049	20951
5	636	6242.078578748776	20949
5	647	6449.574709831384	20954
5	649	6544.939875034778	20955
5	663	6766.883244527783	20956
5	664	6779.941093719021	20960
5	667	6849.829436371626	20957
5	670	6857.395973662671	20959
5	685	7004.280732315737	20961
5	692	7072.643982047969	20963
5	694	7073.249966343996	20964
5	699	7126.435838187947	20962
5	700	7129.762323669855	20966
5	722	7275.769062688671	20969
5	729	7328.007539812153	20975
5	734	7365.241382023403	20967
5	735	7373.399323114294	20968
5	741	7394.427151236626	20965
5	744	7410.394381386485	20974
5	749	7462.199473575139	20978
5	753	7482.449582837896	20979
5	754	7492.835238654217	20977
5	757	7512.765125816722	20970
5	761	7534.509440267013	20976
5	789	7780.355329380504	20987
5	792	7805.748455336513	20983
5	794	7825.727571430511	20980
5	797	7856.017673223693	20985
5	798	7856.583859444024	20986
5	811	8007.016314913224	20988
5	815	8079.388682512774	20990
5	818	8136.796961467455	20991
5	842	8564.30188157305	20992
5	845	8581.912520202798	20995
5	846	8599.132812103736	20993
5	859	8730.847168493357	20994
5	861	8777.415888525474	20998
5	864	8788.820008837347	21002
5	867	8808.627518403388	21000
5	873	8882.407437111942	21003
5	890	9077.821766382054	21006
5	893	9097.719337309771	21009
5	895	9100.910783516091	21004
5	904	9207.319887503086	21011
5	905	9230.782948254733	21007
5	915	9384.779830921671	21010
5	926	9546.355538844711	21013
5	927	9575.835861439028	21012
5	928	9581.60029830756	21014
5	939	9710.18982876053	21018
5	942	9720.499676318064	21015
5	944	9743.935466853957	21020
5	950	9823.198020993135	21017
5	988	10128.731164050492	21026
5	992	10156.078112764729	21027
5	998	10198.297288817242	21030
5	1002	10232.812090180478	21032
5	1007	10289.596588560432	21033
5	1010	10298.021509344192	21029
5	1019	10397.245425295585	21028
5	1021	10402.206757714902	21038
5	1052	10720.219951058394	21041
5	1055	10731.895133674445	21043
5	1059	10776.240641069331	21044
5	1063	10824.433343651745	21045
5	1065	10840.828962804472	21046
5	1070	10902.098652070159	21049
5	1076	10967.762813447744	21048
5	1082	11045.395755707528	21051
5	1088	11102.443502397994	21052
5	1090	11114.479715225726	21053
5	1093	11168.219705527356	21047
5	1109	11293.238243264427	21054
5	1117	11375.954091141067	21057
5	1123	11438.582764766478	21059
5	1124	11462.473868618877	21060
5	1125	11474.119965009202	21061
5	1127	11483.269174472971	21058
5	1145	11754.511059838969	21063
5	1148	11807.668337752138	21062
5	1151	11848.584267580312	21065
5	1164	11966.978353903278	21066
5	1165	11980.009261062063	21068
5	1170	12031.24129358588	21069
5	1172	12043.328495276233	21067
5	1178	12108.914149548086	21073
5	1179	12118.146892702172	21064
5	1183	12141.070592824854	21070
5	1186	12163.383389044929	21071
5	1204	12320.507817196942	21077
5	1206	12326.051642698073	21075
5	1239	12556.989783245916	21078
5	1243	12594.867250609592	21083
5	1247	12613.582251836857	21085
5	1248	12616.529399275054	21086
5	1252	12628.03834585855	21091
5	1257	12666.264038068673	21079
5	1263	12709.447126832096	21089
5	1272	12743.611831340763	21092
5	1276	12798.512318335155	21088
5	1278	12803.828325186674	21096
5	1281	12825.927452510467	21093
5	1294	12930.719288210742	21094
5	1308	13049.676622407388	21101
5	1312	13112.041114824179	21095
5	1326	13308.185772894414	21100
5	1331	13470.812876997335	21103
5	1332	13471.562966038876	21104
5	1340	13588.11620348628	21105
5	1343	13641.787012020558	21107
5	1360	13816.466455441476	21110
5	1372	13961.399091262189	21113
5	1383	14118.880384548717	21115
5	1385	14163.671684041879	21119
5	1387	14202.239389661523	21117
5	1396	14304.896994344637	21121
5	1399	14311.643703375754	21114
5	1412	14486.623431117218	21120
5	1421	14558.359908542778	21124
5	1444	14738.698771385166	21131
5	1451	14838.375797555362	21128
5	1458	14908.425404318657	21134
5	1466	14942.202037483496	21129
5	1473	14993.335085538977	21137
5	1477	15024.662889927724	21135
5	1493	15123.235734426216	21138
5	1498	15160.35527340637	21141
5	1511	15227.785688389337	21139
5	1520	15288.591085500819	21143
5	1523	15315.293035784967	21146
5	1525	15320.731757680791	21147
5	1532	15373.439598766032	21148
5	1538	15402.839161939547	21150
5	1545	15471.205842978026	21144
5	1549	15483.102101247242	21149
5	1550	15486.284465618818	21154
5	1571	15664.140825172875	21158
5	1572	15682.177910866049	21153
5	1574	15695.86574225184	21156
5	1576	15708.254499453337	21157
5	1579	15758.397547208098	21152
5	1594	15890.550275389589	21162
5	1599	15912.459733535486	21164
5	1603	15935.500434378504	21160
5	1609	16008.144964060397	21159
5	1612	16018.386526545441	21165
5	1618	16099.878878549183	21168
5	1625	16133.007760616015	21166
5	1634	16246.307424909764	21172
5	1644	16357.295224641216	21169
5	1646	16393.742454749284	21173
5	1648	16415.08086105865	21174
5	1649	16434.141895733625	21171
5	1657	16554.944255751297	21176
5	1660	16565.179772791651	21175
5	1675	16746.151112927503	21180
5	1698	17011.488971307786	21182
5	1702	17046.254906397819	21184
5	1704	17057.693402857374	21183
5	1714	17182.97350931368	21185
5	1728	17329.227226869603	21187
5	1737	17455.014870579343	21192
5	1743	17587.900605766494	21193
5	1751	17730.037446097774	21191
5	1765	17891.74690001798	21198
5	1767	17904.500516586305	21196
5	1778	18057.600551896278	21197
5	1788	18209.657550855043	21200
5	1790	18222.242981237959	21201
5	1798	18335.265026360144	21202
5	1802	18424.530156490518	21204
5	1815	18600.307733841251	21203
5	1816	18628.55590138591	21207
5	1831	18802.323549390775	21205
5	1832	18806.798562344101	21210
5	1836	18883.155807522608	21212
5	1841	18963.871216565927	21211
5	1846	19019.65234271678	21214
5	1850	19100.555195470576	21213
5	1858	19215.428603337393	21216
5	1863	19234.214586157805	21215
5	1877	19422.464188740388	21221
5	1885	19523.095441911142	21218
5	1889	19538.272257527416	21223
5	1899	19642.62655951498	21220
5	1900	19667.026762843077	21227
5	1901	19672.313854475594	21224
5	1903	19683.175138708025	21222
5	1905	19726.599554183682	21226
5	1913	19777.054037551056	21225
5	1924	19934.392621144214	21229
6	127	1089.267341491793	0
6	133	1178.106086013927	0
6	147	1328.233270403736	0
6	157	1443.525629660504	0
6	160	1487.236909190265	0
6	164	1522.107325379416	0
6	166	1525.062168236874	0
6	177	1590.199700245457	0
6	182	1622.226859992156	0
6	189	1646.835131063617	0
6	194	1672.569056661631	0
6	209	1759.552186896685	0
6	213	1785.713208466485	0
6	223	1843.468338026324	0
6	226	1854.184950880542	0
6	229	1871.846805057	0
6	255	2002.684979591129	0
6	256	2003.681921340215	0
6	259	2036.261273043635	0
6	266	2088.276740113243	0
6	273	2124.002170315659	0
6	277	2158.135697913003	0
6	281	2197.201000052528	0
6	282	2201.479498767414	0
6	285	2216.734999789044	0
6	289	2256.678980550304	0
6	290	2258.329482384722	0
6	327	2553.837522176228	0
6	330	2568.175319244626	0
6	336	2614.528495103796	0
6	340	2668.077870758678	0
6	344	2714.460549838503	0
6	352	2823.248616478529	0
6	354	2839.653143750202	0
6	368	3073.181353574581	0
6	370	3143.210524681124	0
6	371	3149.944760738873	0
6	380	3261.009902350332	0
6	388	3373.05436780613	0
6	393	3454.464155695627	0
6	397	3544.424440221803	0
6	419	3797.491752369881	0
6	423	3820.057792787753	0
6	425	3846.495352410597	0
6	427	3865.300373763776	0
6	428	3876.637186352069	0
6	436	3948.002842999242	0
6	442	3992.916173219421	0
6	456	4114.227795639986	0
6	464	4206.88855103128	0
6	479	4403.88046876276	0
6	483	4462.411078059354	0
6	489	4555.955024293309	0
6	500	4664.800632712859	0
6	502	4682.875465215419	0
6	503	4685.043054935819	0
6	504	4685.202105362067	0
6	505	4686.319279897311	0
6	518	4838.693482852595	0
6	520	4859.688338113065	0
6	521	4860.165733724835	0
6	523	4867.692362599053	0
6	542	5007.981190742968	0
6	553	5092.142359524771	0
6	575	5255.556973967273	0
6	582	5329.000228775017	0
6	583	5333.11098162946	0
6	588	5370.508244260515	0
6	589	5381.150361371832	0
6	592	5423.006069347925	0
6	599	5470.48138226829	0
6	605	5534.575280323743	0
6	620	5879.7693700703	0
6	628	6076.130748740568	0
6	641	6345.078578748776	0
6	650	6552.574709831384	0
6	653	6647.939875034778	0
6	661	6752.817549614644	0
6	672	6869.883244527783	0
6	674	6882.941093719021	0
6	677	6952.829436371626	0
6	679	6960.395973662671	0
6	696	7085.427151236626	0
6	698	7107.280732315737	0
6	707	7175.643982047969	0
6	711	7203.765125816722	0
6	717	7232.762323669855	0
6	718	7261.59578774097	0
6	751	7468.241382023403	0
6	758	7513.394381386485	0
6	759	7516.727571430511	0
6	766	7585.449582837896	0
6	767	7595.835238654217	0
6	773	7621.136258644459	0
6	782	7708.722871772598	0
6	799	7883.355329380504	0
6	807	7959.017673223693	0
6	812	8030.966343097162	0
6	821	8182.388682512774	0
6	824	8255.30188157305	0
6	832	8421.847168493357	0
6	854	8678.054201136398	0
6	857	8702.132812103736	0
6	860	8750.656394706599	0
6	872	8880.415888525474	0
6	875	8891.820008837347	0
6	902	9200.719337309771	0
6	906	9266.835861439028	0
6	910	9310.319887503086	0
6	938	9684.60029830756	0
6	943	9723.963777471876	0
6	949	9813.18982876053	0
6	951	9823.499676318064	0
6	953	9846.935466853957	0
6	967	9985.577790090218	0
6	980	10088.245425295585	0
6	986	10123.354635250552	0
6	1011	10301.297288817242	0
6	1014	10335.812090180478	0
6	1016	10386.592348218062	0
6	1020	10401.021509344192	0
6	1034	10505.206757714902	0
6	1036	10508.631346140947	0
6	1062	10823.219951058394	0
6	1066	10859.219705527356	0
6	1069	10879.240641069331	0
6	1077	10977.728467342929	0
6	1080	11005.098652070159	0
6	1084	11070.762813447744	0
6	1092	11148.395755707528	0
6	1099	11190.378524297946	0
6	1100	11205.443502397994	0
6	1102	11217.479715225726	0
6	1119	11396.238243264427	0
6	1128	11498.668337752138	0
6	1130	11541.582764766478	0
6	1132	11565.473868618877	0
6	1133	11577.119965009202	0
6	1149	11809.146892702172	0
6	1162	11951.584267580312	0
6	1176	12083.009261062063	0
6	1182	12134.24129358588	0
6	1189	12211.914149548086	0
6	1195	12244.070592824854	0
6	1211	12357.264038068673	0
6	1219	12422.290500901907	0
6	1220	12423.507817196942	0
6	1221	12429.051642698073	0
6	1246	12607.404842768934	0
6	1266	12719.529399275054	0
6	1269	12731.03834585855	0
6	1277	12803.041114824179	0
6	1283	12832.308039538744	0
6	1285	12846.611831340763	0
6	1286	12855.490458642178	0
6	1291	12906.828325186674	0
6	1293	12928.927452510467	0
6	1301	12999.185772894414	0
6	1305	13033.719288210742	0
6	1318	13152.676622407388	0
6	1336	13573.812876997335	0
6	1337	13574.562966038876	0
6	1338	13577.038366219182	0
6	1348	13685.214389792789	0
6	1350	13697.594855771486	0
6	1353	13744.787012020558	0
6	1375	14002.643703375754	0
6	1377	14028.470477734087	0
6	1391	14221.880384548717	0
6	1393	14266.671684041879	0
6	1397	14305.239389661523	0
6	1404	14399.583449020617	0
6	1405	14407.896994344637	0
6	1408	14418.61892165629	0
6	1422	14563.849544485573	0
6	1423	14589.623431117218	0
6	1426	14616.242721489228	0
6	1431	14633.202037483496	0
6	1440	14724.159609441281	0
6	1445	14744.119491949532	0
6	1454	14841.698771385166	0
6	1456	14882.879856055238	0
6	1465	14941.375797555362	0
6	1474	15011.425404318657	0
6	1478	15030.914249117191	0
6	1485	15061.893327977744	0
6	1488	15096.335085538977	0
6	1495	15127.662889927724	0
6	1499	15162.205842978026	0
6	1510	15226.235734426216	0
6	1514	15263.35527340637	0
6	1527	15330.785688389337	0
6	1534	15378.841507090928	0
6	1537	15391.591085500819	0
6	1542	15449.397547208098	0
6	1547	15476.439598766032	0
6	1556	15553.850048433374	0
6	1563	15589.284465618818	0
6	1575	15699.144964060397	0
6	1578	15751.745574791727	0
6	1580	15767.140825172875	0
6	1584	15798.86574225184	0
6	1598	15907.449142979479	0
6	1606	15993.550275389589	0
6	1611	16015.459733535486	0
6	1614	16032.074388879056	0
6	1630	16202.878878549183	0
6	1633	16236.007760616015	0
6	1651	16460.295224641216	0
6	1653	16496.742454749284	0
6	1655	16518.08086105865	0
6	1656	16537.141895733625	0
6	1667	16657.944255751297	0
6	1669	16668.179772791651	0
6	1672	16716.083590118197	0
6	1679	16788.169424479325	0
6	1685	16849.151112927503	0
6	1708	17114.488971307786	0
6	1711	17149.254906397819	0
6	1715	17188.270870037448	0
6	1725	17317.361402017613	0
6	1735	17421.037446097774	0
6	1741	17558.014870579343	0
6	1748	17676.679646952183	0
6	1749	17690.900605766494	0
6	1752	17739.471565828816	0
6	1771	17986.046098053811	0
6	1772	17994.74690001798	0
6	1774	18007.500516586305	0
6	1785	18160.600551896278	0
6	1793	18291.307733841251	0
6	1795	18312.657550855043	0
6	1797	18325.242981237959	0
6	1806	18493.323549390775	0
6	1808	18527.530156490518	0
6	1818	18661.109210383219	0
6	1819	18671.206761339324	0
6	1839	18909.798562344101	0
6	1843	18986.155807522608	0
6	1848	19066.871216565927	0
6	1852	19122.65234271678	0
6	1857	19203.555195470576	0
6	1865	19284.118672290709	0
6	1868	19318.428603337393	0
6	1870	19322.808795757633	0
6	1871	19333.62655951498	0
6	1897	19626.095441911142	0
6	1898	19641.272257527416	0
6	1911	19770.026762843077	0
6	1912	19775.313854475594	0
6	1916	19829.599554183682	0
7	127	1089.267341491793	3
7	133	1178.106086013927	3
7	147	1328.233270403736	3
7	157	1443.525629660504	3
7	160	1487.236909190265	3
7	164	1522.107325379416	3
7	166	1525.062168236874	3
7	177	1590.199700245457	3
7	182	1622.226859992156	3
7	189	1646.835131063617	3
7	194	1672.569056661631	3
7	209	1759.552186896685	3
7	213	1785.713208466485	3
7	223	1843.468338026324	3
7	226	1854.184950880542	3
7	229	1871.846805057	3
7	255	2002.684979591129	3
7	256	2003.681921340215	3
7	259	2036.261273043635	3
7	266	2088.276740113243	3
7	273	2124.002170315659	3
7	277	2158.135697913003	3
7	281	2197.201000052528	3
7	282	2201.479498767414	3
7	285	2216.734999789044	3
7	289	2256.678980550304	3
7	290	2258.329482384722	3
7	327	2553.837522176228	3
7	330	2568.175319244626	3
7	336	2614.528495103796	3
7	340	2668.077870758678	3
7	344	2714.460549838503	3
7	352	2823.248616478529	3
7	354	2839.653143750202	3
7	368	3073.181353574581	3
7	370	3143.210524681124	3
7	371	3149.944760738873	3
7	380	3261.009902350332	3
7	388	3373.05436780613	3
7	393	3454.464155695627	3
7	397	3544.424440221803	3
7	419	3797.491752369881	3
7	423	3820.057792787753	3
7	425	3846.495352410597	3
7	427	3865.300373763776	3
7	428	3876.637186352069	3
7	436	3948.002842999242	3
7	442	3992.916173219421	3
7	456	4114.227795639986	3
7	464	4206.88855103128	3
7	479	4403.88046876276	3
7	483	4462.411078059354	3
7	489	4555.955024293309	3
7	500	4664.800632712859	3
7	502	4682.875465215419	3
7	503	4685.043054935819	3
7	504	4685.202105362067	3
7	505	4686.319279897311	3
7	518	4838.693482852595	3
7	520	4859.688338113065	3
7	521	4860.165733724835	3
7	523	4867.692362599053	3
7	542	5007.981190742968	3
7	553	5092.142359524771	3
7	575	5255.556973967273	3
7	582	5329.000228775017	3
7	583	5333.11098162946	3
7	588	5370.508244260515	3
7	589	5381.150361371832	3
7	592	5423.006069347925	3
7	599	5470.48138226829	3
7	605	5534.575280323743	3
7	620	5879.7693700703	3
7	628	6076.130748740568	3
7	641	6345.078578748776	3
7	650	6552.574709831384	3
7	653	6647.939875034778	3
7	661	6752.817549614644	3
7	672	6869.883244527783	3
7	674	6882.941093719021	3
7	677	6952.829436371626	3
7	679	6960.395973662671	3
7	696	7085.427151236626	3
7	698	7107.280732315737	3
7	707	7175.643982047969	3
7	711	7203.765125816722	3
7	717	7232.762323669855	3
7	718	7261.59578774097	3
7	751	7468.241382023403	3
7	758	7513.394381386485	3
7	759	7516.727571430511	3
7	766	7585.449582837896	3
7	767	7595.835238654217	3
7	773	7621.136258644459	3
7	782	7708.722871772598	3
7	799	7883.355329380504	3
7	807	7959.017673223693	3
7	812	8030.966343097162	3
7	821	8182.388682512774	3
7	824	8255.30188157305	3
7	832	8421.847168493357	3
7	854	8678.054201136398	3
7	857	8702.132812103736	3
7	860	8750.656394706599	3
7	872	8880.415888525474	3
7	875	8891.820008837347	3
7	902	9200.719337309771	3
7	906	9266.835861439028	3
7	910	9310.319887503086	3
7	938	9684.60029830756	3
7	943	9723.963777471876	3
7	949	9813.18982876053	3
7	951	9823.499676318064	3
7	953	9846.935466853957	3
7	967	9985.577790090218	3
7	980	10088.245425295585	3
7	986	10123.354635250552	3
7	1011	10301.297288817242	3
7	1014	10335.812090180478	3
7	1016	10386.592348218062	3
7	1020	10401.021509344192	3
7	1034	10505.206757714902	3
7	1036	10508.631346140947	3
7	1062	10823.219951058394	3
7	1066	10859.219705527356	3
7	1069	10879.240641069331	3
7	1077	10977.728467342929	3
7	1080	11005.098652070159	3
7	1084	11070.762813447744	3
7	1092	11148.395755707528	3
7	1099	11190.378524297946	3
7	1100	11205.443502397994	3
7	1102	11217.479715225726	3
7	1119	11396.238243264427	3
7	1128	11498.668337752138	3
7	1130	11541.582764766478	3
7	1132	11565.473868618877	3
7	1133	11577.119965009202	3
7	1149	11809.146892702172	3
7	1162	11951.584267580312	3
7	1176	12083.009261062063	3
7	1182	12134.24129358588	3
7	1189	12211.914149548086	3
7	1195	12244.070592824854	3
7	1211	12357.264038068673	3
7	1219	12422.290500901907	3
7	1220	12423.507817196942	3
7	1221	12429.051642698073	3
7	1246	12607.404842768934	3
7	1266	12719.529399275054	3
7	1269	12731.03834585855	3
7	1277	12803.041114824179	3
7	1283	12832.308039538744	3
7	1285	12846.611831340763	3
7	1286	12855.490458642178	3
7	1291	12906.828325186674	3
7	1293	12928.927452510467	3
7	1301	12999.185772894414	3
7	1305	13033.719288210742	3
7	1318	13152.676622407388	3
7	1336	13573.812876997335	3
7	1337	13574.562966038876	3
7	1338	13577.038366219182	3
7	1348	13685.214389792789	3
7	1350	13697.594855771486	3
7	1353	13744.787012020558	3
7	1375	14002.643703375754	3
7	1377	14028.470477734087	3
7	1391	14221.880384548717	3
7	1393	14266.671684041879	3
7	1397	14305.239389661523	3
7	1404	14399.583449020617	3
7	1405	14407.896994344637	3
7	1408	14418.61892165629	3
7	1422	14563.849544485573	3
7	1423	14589.623431117218	3
7	1426	14616.242721489228	3
7	1431	14633.202037483496	3
7	1440	14724.159609441281	3
7	1445	14744.119491949532	3
7	1454	14841.698771385166	3
7	1456	14882.879856055238	3
7	1465	14941.375797555362	3
7	1474	15011.425404318657	3
7	1478	15030.914249117191	3
7	1485	15061.893327977744	3
7	1488	15096.335085538977	3
7	1495	15127.662889927724	3
7	1499	15162.205842978026	3
7	1510	15226.235734426216	3
7	1514	15263.35527340637	3
7	1527	15330.785688389337	3
7	1534	15378.841507090928	3
7	1537	15391.591085500819	3
7	1542	15449.397547208098	3
7	1547	15476.439598766032	3
7	1556	15553.850048433374	3
7	1563	15589.284465618818	3
7	1575	15699.144964060397	3
7	1578	15751.745574791727	3
7	1580	15767.140825172875	3
7	1584	15798.86574225184	3
7	1598	15907.449142979479	3
7	1606	15993.550275389589	3
7	1611	16015.459733535486	3
7	1614	16032.074388879056	3
7	1630	16202.878878549183	3
7	1633	16236.007760616015	3
7	1651	16460.295224641216	3
7	1653	16496.742454749284	3
7	1655	16518.08086105865	3
7	1656	16537.141895733625	3
7	1667	16657.944255751297	3
7	1669	16668.179772791651	3
7	1672	16716.083590118197	3
7	1679	16788.169424479325	3
7	1685	16849.151112927503	3
7	1708	17114.488971307786	3
7	1711	17149.254906397819	3
7	1715	17188.270870037448	3
7	1725	17317.361402017613	3
7	1735	17421.037446097774	3
7	1741	17558.014870579343	3
7	1748	17676.679646952183	3
7	1749	17690.900605766494	3
7	1752	17739.471565828816	3
7	1771	17986.046098053811	3
7	1772	17994.74690001798	3
7	1774	18007.500516586305	3
7	1785	18160.600551896278	3
7	1793	18291.307733841251	3
7	1795	18312.657550855043	3
7	1797	18325.242981237959	3
7	1806	18493.323549390775	3
7	1808	18527.530156490518	3
7	1818	18661.109210383219	3
7	1819	18671.206761339324	3
7	1839	18909.798562344101	3
7	1843	18986.155807522608	3
7	1848	19066.871216565927	3
7	1852	19122.65234271678	3
7	1857	19203.555195470576	3
7	1865	19284.118672290709	3
7	1868	19318.428603337393	3
7	1870	19322.808795757633	3
7	1871	19333.62655951498	3
7	1897	19626.095441911142	3
7	1898	19641.272257527416	3
7	1911	19770.026762843077	3
7	1912	19775.313854475594	3
7	1916	19829.599554183682	3
8	127	1089.267341491793	20841
8	133	1178.106086013927	20843
8	147	1328.233270403736	20846
8	157	1443.525629660504	20848
8	160	1487.236909190265	20853
8	164	1522.107325379416	20852
8	166	1525.062168236874	20849
8	177	1590.199700245457	20856
8	182	1622.226859992156	20858
8	189	1646.835131063617	20861
8	194	1672.569056661631	20863
8	209	1759.552186896685	20867
8	213	1785.713208466485	20864
8	223	1843.468338026324	20860
8	226	1854.184950880542	20855
8	229	1871.846805057	20871
8	255	2002.684979591129	20865
8	256	2003.681921340215	20873
8	259	2036.261273043635	20869
8	266	2088.276740113243	20872
8	273	2124.002170315659	20868
8	277	2158.135697913003	20876
8	281	2197.201000052528	20879
8	282	2201.479498767414	20878
8	285	2216.734999789044	20880
8	289	2256.678980550304	20875
8	290	2258.329482384722	20881
8	327	2553.837522176228	20884
8	330	2568.175319244626	20887
8	336	2614.528495103796	20882
8	340	2668.077870758678	20886
8	344	2714.460549838503	20889
8	352	2823.248616478529	20890
8	354	2839.653143750202	20891
8	368	3073.181353574581	20896
8	370	3143.210524681124	20892
8	371	3149.944760738873	20894
8	380	3261.009902350332	20895
8	388	3373.05436780613	20897
8	393	3454.464155695627	20899
8	397	3544.424440221803	20901
8	419	3797.491752369881	20904
8	423	3820.057792787753	20906
8	425	3846.495352410597	20900
8	427	3865.300373763776	20908
8	428	3876.637186352069	20903
8	436	3948.002842999242	20907
8	442	3992.916173219421	20909
8	456	4114.227795639986	20910
8	464	4206.88855103128	20913
8	479	4403.88046876276	20917
8	483	4462.411078059354	20916
8	489	4555.955024293309	20919
8	500	4664.800632712859	20920
8	502	4682.875465215419	20918
8	503	4685.043054935819	20923
8	504	4685.202105362067	20921
8	505	4686.319279897311	20922
8	518	4838.693482852595	20924
8	520	4859.688338113065	20927
8	521	4860.165733724835	20928
8	523	4867.692362599053	20925
8	542	5007.981190742968	20930
8	553	5092.142359524771	20929
8	575	5255.556973967273	20931
8	582	5329.000228775017	20936
8	583	5333.11098162946	20940
8	588	5370.508244260515	20932
8	589	5381.150361371832	20942
8	592	5423.006069347925	20938
8	599	5470.48138226829	20944
8	605	5534.575280323743	20946
8	620	5879.7693700703	20947
8	628	6076.130748740568	20950
8	641	6345.078578748776	20949
8	650	6552.574709831384	20954
8	653	6647.939875034778	20955
8	661	6752.817549614644	20958
8	672	6869.883244527783	20956
8	674	6882.941093719021	20960
8	677	6952.829436371626	20957
8	679	6960.395973662671	20959
8	696	7085.427151236626	20965
8	698	7107.280732315737	20961
8	707	7175.643982047969	20963
8	711	7203.765125816722	20970
8	717	7232.762323669855	20966
8	718	7261.59578774097	20971
8	751	7468.241382023403	20967
8	758	7513.394381386485	20974
8	759	7516.727571430511	20980
8	766	7585.449582837896	20979
8	767	7595.835238654217	20977
8	773	7621.136258644459	20981
8	782	7708.722871772598	20984
8	799	7883.355329380504	20987
8	807	7959.017673223693	20985
8	812	8030.966343097162	20989
8	821	8182.388682512774	20990
8	824	8255.30188157305	20992
8	832	8421.847168493357	20994
8	854	8678.054201136398	20999
8	857	8702.132812103736	20993
8	860	8750.656394706599	21001
8	872	8880.415888525474	20998
8	875	8891.820008837347	21002
8	902	9200.719337309771	21009
8	906	9266.835861439028	21012
8	910	9310.319887503086	21011
8	938	9684.60029830756	21014
8	943	9723.963777471876	21019
8	949	9813.18982876053	21018
8	951	9823.499676318064	21015
8	953	9846.935466853957	21020
8	967	9985.577790090218	21024
8	980	10088.245425295585	21028
8	986	10123.354635250552	21031
8	1011	10301.297288817242	21030
8	1014	10335.812090180478	21032
8	1016	10386.592348218062	21037
8	1020	10401.021509344192	21029
8	1034	10505.206757714902	21038
8	1036	10508.631346140947	21040
8	1062	10823.219951058394	21041
8	1066	10859.219705527356	21047
8	1069	10879.240641069331	21044
8	1077	10977.728467342929	21050
8	1080	11005.098652070159	21049
8	1084	11070.762813447744	21048
8	1092	11148.395755707528	21051
8	1099	11190.378524297946	21055
8	1100	11205.443502397994	21052
8	1102	11217.479715225726	21053
8	1119	11396.238243264427	21054
8	1128	11498.668337752138	21062
8	1130	11541.582764766478	21059
8	1132	11565.473868618877	21060
8	1133	11577.119965009202	21061
8	1149	11809.146892702172	21064
8	1162	11951.584267580312	21065
8	1176	12083.009261062063	21068
8	1182	12134.24129358588	21069
8	1189	12211.914149548086	21073
8	1195	12244.070592824854	21070
8	1211	12357.264038068673	21079
8	1219	12422.290500901907	21081
8	1220	12423.507817196942	21077
8	1221	12429.051642698073	21075
8	1246	12607.404842768934	21090
8	1266	12719.529399275054	21086
8	1269	12731.03834585855	21091
8	1277	12803.041114824179	21095
8	1283	12832.308039538744	21097
8	1285	12846.611831340763	21092
8	1286	12855.490458642178	21098
8	1291	12906.828325186674	21096
8	1293	12928.927452510467	21093
8	1301	12999.185772894414	21100
8	1305	13033.719288210742	21094
8	1318	13152.676622407388	21101
8	1336	13573.812876997335	21103
8	1337	13574.562966038876	21104
8	1338	13577.038366219182	21106
8	1348	13685.214389792789	21108
8	1350	13697.594855771486	21109
8	1353	13744.787012020558	21107
8	1375	14002.643703375754	21114
8	1377	14028.470477734087	21116
8	1391	14221.880384548717	21115
8	1393	14266.671684041879	21119
8	1397	14305.239389661523	21117
8	1404	14399.583449020617	21122
8	1405	14407.896994344637	21121
8	1408	14418.61892165629	21123
8	1422	14563.849544485573	21125
8	1423	14589.623431117218	21120
8	1426	14616.242721489228	21126
8	1431	14633.202037483496	21129
8	1440	14724.159609441281	21130
8	1445	14744.119491949532	21132
8	1454	14841.698771385166	21131
8	1456	14882.879856055238	21133
8	1465	14941.375797555362	21128
8	1474	15011.425404318657	21134
8	1478	15030.914249117191	21140
8	1485	15061.893327977744	21142
8	1488	15096.335085538977	21137
8	1495	15127.662889927724	21135
8	1499	15162.205842978026	21144
8	1510	15226.235734426216	21138
8	1514	15263.35527340637	21141
8	1527	15330.785688389337	21139
8	1534	15378.841507090928	21151
8	1537	15391.591085500819	21143
8	1542	15449.397547208098	21152
8	1547	15476.439598766032	21148
8	1556	15553.850048433374	21155
8	1563	15589.284465618818	21154
8	1575	15699.144964060397	21159
8	1578	15751.745574791727	21161
8	1580	15767.140825172875	21158
8	1584	15798.86574225184	21156
8	1598	15907.449142979479	21163
8	1606	15993.550275389589	21162
8	1611	16015.459733535486	21164
8	1614	16032.074388879056	21167
8	1630	16202.878878549183	21168
8	1633	16236.007760616015	21166
8	1651	16460.295224641216	21169
8	1653	16496.742454749284	21173
8	1655	16518.08086105865	21174
8	1656	16537.141895733625	21171
8	1667	16657.944255751297	21176
8	1669	16668.179772791651	21175
8	1672	16716.083590118197	21178
8	1679	16788.169424479325	21181
8	1685	16849.151112927503	21180
8	1708	17114.488971307786	21182
8	1711	17149.254906397819	21184
8	1715	17188.270870037448	21188
8	1725	17317.361402017613	21190
8	1735	17421.037446097774	21191
8	1741	17558.014870579343	21192
8	1748	17676.679646952183	21194
8	1749	17690.900605766494	21193
8	1752	17739.471565828816	21195
8	1771	17986.046098053811	21199
8	1772	17994.74690001798	21198
8	1774	18007.500516586305	21196
8	1785	18160.600551896278	21197
8	1793	18291.307733841251	21203
8	1795	18312.657550855043	21200
8	1797	18325.242981237959	21201
8	1806	18493.323549390775	21205
8	1808	18527.530156490518	21204
8	1818	18661.109210383219	21208
8	1819	18671.206761339324	21209
8	1839	18909.798562344101	21210
8	1843	18986.155807522608	21212
8	1848	19066.871216565927	21211
8	1852	19122.65234271678	21214
8	1857	19203.555195470576	21213
8	1865	19284.118672290709	21217
8	1868	19318.428603337393	21216
8	1870	19322.808795757633	21219
8	1871	19333.62655951498	21220
8	1897	19626.095441911142	21218
8	1898	19641.272257527416	21223
8	1911	19770.026762843077	21227
8	1912	19775.313854475594	21224
8	1916	19829.599554183682	21226
9	125	1076.294668704413	0
9	126	1079.492264490201	0
9	131	1134.525629660504	0
9	137	1216.062168236874	0
9	150	1350.680445559493	0
9	170	1545.184950880542	0
9	178	1590.236909190265	0
9	186	1635.94937904721	0
9	191	1657.306845529406	0
9	196	1693.199700245457	0
9	198	1693.684979591129	0
9	201	1725.226859992156	0
9	203	1733.875974655222	0
9	206	1749.835131063617	0
9	212	1775.569056661631	0
9	218	1815.002170315659	0
9	225	1853.334572540599	0
9	227	1862.552186896685	0
9	232	1888.713208466485	0
9	260	2041.881157012118	0
9	264	2064.208751739974	0
9	271	2106.681921340215	0
9	274	2139.261273043635	0
9	280	2191.276740113243	0
9	291	2261.135697913003	0
9	295	2300.201000052528	0
9	296	2304.479498767414	0
9	297	2305.528495103796	0
9	299	2319.734999789044	0
9	301	2359.678980550304	0
9	302	2361.329482384722	0
9	305	2389.95046913165	0
9	332	2590.655555703117	0
9	341	2671.175319244626	0
9	356	2926.248616478529	0
9	374	3176.181353574581	0
9	376	3246.210524681124	0
9	379	3252.944760738873	0
9	384	3349.642155679835	0
9	396	3537.495352410597	0
9	399	3557.464155695627	0
9	404	3647.424440221803	0
9	431	3900.491752369881	0
9	433	3914.406174756505	0
9	435	3923.057792787753	0
9	439	3968.300373763776	0
9	440	3979.637186352069	0
9	441	3986.524441477026	0
9	448	4051.002842999242	0
9	453	4095.916173219421	0
9	459	4152.962883053371	0
9	465	4217.227795639986	0
9	473	4309.88855103128	0
9	487	4506.88046876276	0
9	491	4565.411078059354	0
9	498	4658.955024293309	0
9	512	4767.800632712859	0
9	514	4785.875465215419	0
9	515	4788.043054935819	0
9	517	4789.319279897311	0
9	519	4841.391360145557	0
9	530	4941.693482852595	0
9	534	4962.688338113065	0
9	535	4963.165733724835	0
9	537	4970.692362599053	0
9	548	5061.508244260515	0
9	551	5073.318494834066	0
9	556	5110.981190742968	0
9	558	5120.389016335368	0
9	565	5192.887173902731	0
9	567	5195.142359524771	0
9	585	5339.473380701735	0
9	586	5358.556973967273	0
9	602	5484.150361371832	0
9	608	5570.7693700703	0
9	609	5573.48138226829	0
9	612	5637.575280323743	0
9	627	6036.078578748776	0
9	633	6179.130748740568	0
9	644	6411.631107017298	0
9	660	6750.939875034778	0
9	669	6855.817549614644	0
9	676	6920.435838187947	0
9	682	6972.883244527783	0
9	688	7055.829436371626	0
9	702	7159.241382023403	0
9	704	7167.399323114294	0
9	709	7188.427151236626	0
9	723	7278.643982047969	0
9	726	7296.135013552847	0
9	727	7306.765125816722	0
9	730	7328.509440267013	0
9	731	7335.762323669855	0
9	733	7364.59578774097	0
9	771	7616.394381386485	0
9	772	7619.727571430511	0
9	775	7639.291792650375	0
9	779	7688.449582837896	0
9	785	7724.136258644459	0
9	793	7811.722871772598	0
9	814	8062.017673223693	0
9	817	8133.966343097162	0
9	825	8285.388682512774	0
9	828	8358.30188157305	0
9	831	8393.132812103736	0
9	839	8524.847168493357	0
9	862	8781.054201136398	0
9	869	8853.656394706599	0
9	876	8894.910783516091	0
9	880	8970.695131179352	0
9	884	8994.820008837347	0
9	888	9024.782948254733	0
9	892	9097.094039822997	0
9	899	9178.779830921671	0
9	913	9369.835861439028	0
9	923	9514.499676318064	0
9	930	9617.198020993135	0
9	948	9810.899712921645	0
9	952	9826.963777471876	0
9	958	9916.18982876053	0
9	964	9949.935466853957	0
9	972	10020.644574041224	0
9	981	10088.577790090218	0
9	982	10092.021509344192	0
9	995	10191.245425295585	0
9	999	10202.130443513611	0
9	1005	10285.756790045252	0
9	1031	10489.592348218062	0
9	1035	10507.123355542777	0
9	1037	10514.219951058394	0
9	1038	10519.166190348425	0
9	1039	10525.895133674445	0
9	1040	10570.240641069331	0
9	1042	10608.206757714902	0
9	1044	10611.631346140947	0
9	1075	10962.219705527356	0
9	1085	11080.728467342929	0
9	1089	11108.098652070159	0
9	1103	11222.69065304956	0
9	1107	11277.269174472971	0
9	1112	11320.479715225726	0
9	1129	11499.238243264427	0
9	1135	11601.668337752138	0
9	1137	11644.582764766478	0
9	1139	11668.473868618877	0
9	1158	11912.146892702172	0
9	1177	12106.960319824397	0
9	1187	12186.009261062063	0
9	1194	12237.24129358588	0
9	1198	12261.612976615446	0
9	1209	12350.989783245916	0
9	1223	12456.699803078846	0
9	1224	12460.264038068673	0
9	1227	12500.53790127119	0
9	1232	12514.139650114789	0
9	1234	12525.290500901907	0
9	1235	12526.507817196942	0
9	1242	12592.512318335155	0
9	1268	12724.719288210742	0
9	1280	12822.529399275054	0
9	1284	12834.03834585855	0
9	1287	12896.107019613011	0
9	1290	12906.041114824179	0
9	1295	12935.308039538744	0
9	1297	12949.611831340763	0
9	1299	12958.490458642178	0
9	1303	13009.828325186674	0
9	1304	13031.927452510467	0
9	1311	13102.185772894414	0
9	1317	13141.554927368848	0
9	1345	13677.562966038876	0
9	1346	13680.038366219182	0
9	1358	13788.214389792789	0
9	1359	13800.594855771486	0
9	1361	13817.275191941153	0
9	1381	14099.720145483638	0
9	1382	14105.643703375754	0
9	1384	14131.470477734087	0
9	1394	14280.623431117218	0
9	1401	14324.880384548717	0
9	1406	14408.239389661523	0
9	1413	14502.583449020617	0
9	1414	14510.896994344637	0
9	1417	14521.61892165629	0
9	1430	14632.375797555362	0
9	1439	14719.242721489228	0
9	1443	14736.202037483496	0
9	1450	14827.159609441281	0
9	1455	14847.119491949532	0
9	1464	14940.24625546512	0
9	1467	14944.698771385166	0
9	1476	15021.785688389337	0
9	1487	15082.591085500819	0
9	1491	15114.425404318657	0
9	1496	15133.914249117191	0
9	1500	15164.893327977744	0
9	1506	15207.11144669542	0
9	1512	15230.662889927724	0
9	1515	15265.205842978026	0
9	1518	15277.102101247242	0
9	1530	15366.35527340637	0
9	1546	15476.177910866049	0
9	1548	15481.841507090928	0
9	1555	15552.397547208098	0
9	1573	15692.284465618818	0
9	1577	15729.500434378504	0
9	1585	15802.144964060397	0
9	1591	15854.745574791727	0
9	1593	15870.140825172875	0
9	1596	15901.86574225184	0
9	1610	16010.449142979479	0
9	1617	16096.550275389589	0
9	1628	16151.295224641216	0
9	1631	16210.668396527807	0
9	1632	16228.141895733625	0
9	1638	16305.878878549183	0
9	1661	16599.742454749284	0
9	1663	16621.08086105865	0
9	1668	16663.106545859521	0
9	1674	16725.678411340638	0
9	1678	16771.179772791651	0
9	1682	16819.083590118197	0
9	1689	16891.169424479325	0
9	1694	16952.151112927503	0
9	1709	17115.664770013596	0
9	1710	17123.227226869603	0
9	1718	17217.488971307786	0
9	1721	17252.254906397819	0
9	1723	17291.270870037448	0
9	1724	17316.263774005231	0
9	1734	17420.361402017613	0
9	1740	17524.037446097774	0
9	1747	17661.014870579343	0
9	1755	17779.679646952183	0
9	1760	17842.471565828816	0
9	1761	17851.600551896278	0
9	1773	18003.657550855043	0
9	1779	18089.046098053811	0
9	1784	18129.265026360144	0
9	1800	18394.307733841251	0
9	1803	18428.242981237959	0
9	1813	18574.518205173834	0
9	1814	18596.323549390775	0
9	1817	18630.530156490518	0
9	1827	18764.109210383219	0
9	1828	18774.206761339324	0
9	1837	18894.555195470576	0
9	1849	19089.155807522608	0
9	1854	19169.871216565927	0
9	1867	19317.095441911142	0
9	1874	19387.118672290709	0
9	1876	19421.428603337393	0
9	1879	19436.62655951498	0
9	1883	19477.175138708025	0
9	1893	19571.054037551056	0
9	1915	19824.80530635453	0
9	1918	19855.661096096737	0
9	1919	19873.026762843077	0
10	125	1076.294668704413	3
10	126	1079.492264490201	3
10	131	1134.525629660504	3
10	137	1216.062168236874	3
10	150	1350.680445559493	3
10	170	1545.184950880542	3
10	178	1590.236909190265	3
10	186	1635.94937904721	3
10	191	1657.306845529406	3
10	196	1693.199700245457	3
10	198	1693.684979591129	3
10	201	1725.226859992156	3
10	203	1733.875974655222	3
10	206	1749.835131063617	3
10	212	1775.569056661631	3
10	218	1815.002170315659	3
10	225	1853.334572540599	3
10	227	1862.552186896685	3
10	232	1888.713208466485	3
10	260	2041.881157012118	3
10	264	2064.208751739974	3
10	271	2106.681921340215	3
10	274	2139.261273043635	3
10	280	2191.276740113243	3
10	291	2261.135697913003	3
10	295	2300.201000052528	3
10	296	2304.479498767414	3
10	297	2305.528495103796	3
10	299	2319.734999789044	3
10	301	2359.678980550304	3
10	302	2361.329482384722	3
10	305	2389.95046913165	3
10	332	2590.655555703117	3
10	341	2671.175319244626	3
10	356	2926.248616478529	3
10	374	3176.181353574581	3
10	376	3246.210524681124	3
10	379	3252.944760738873	3
10	384	3349.642155679835	3
10	396	3537.495352410597	3
10	399	3557.464155695627	3
10	404	3647.424440221803	3
10	431	3900.491752369881	3
10	433	3914.406174756505	3
10	435	3923.057792787753	3
10	439	3968.300373763776	3
10	440	3979.637186352069	3
10	441	3986.524441477026	3
10	448	4051.002842999242	3
10	453	4095.916173219421	3
10	459	4152.962883053371	3
10	465	4217.227795639986	3
10	473	4309.88855103128	3
10	487	4506.88046876276	3
10	491	4565.411078059354	3
10	498	4658.955024293309	3
10	512	4767.800632712859	3
10	514	4785.875465215419	3
10	515	4788.043054935819	3
10	517	4789.319279897311	3
10	519	4841.391360145557	3
10	530	4941.693482852595	3
10	534	4962.688338113065	3
10	535	4963.165733724835	3
10	537	4970.692362599053	3
10	548	5061.508244260515	3
10	551	5073.318494834066	3
10	556	5110.981190742968	3
10	558	5120.389016335368	3
10	565	5192.887173902731	3
10	567	5195.142359524771	3
10	585	5339.473380701735	3
10	586	5358.556973967273	3
10	602	5484.150361371832	3
10	608	5570.7693700703	3
10	609	5573.48138226829	3
10	612	5637.575280323743	3
10	627	6036.078578748776	3
10	633	6179.130748740568	3
10	644	6411.631107017298	3
10	660	6750.939875034778	3
10	669	6855.817549614644	3
10	676	6920.435838187947	3
10	682	6972.883244527783	3
10	688	7055.829436371626	3
10	702	7159.241382023403	3
10	704	7167.399323114294	3
10	709	7188.427151236626	3
10	723	7278.643982047969	3
10	726	7296.135013552847	3
10	727	7306.765125816722	3
10	730	7328.509440267013	3
10	731	7335.762323669855	3
10	733	7364.59578774097	3
10	771	7616.394381386485	3
10	772	7619.727571430511	3
10	775	7639.291792650375	3
10	779	7688.449582837896	3
10	785	7724.136258644459	3
10	793	7811.722871772598	3
10	814	8062.017673223693	3
10	817	8133.966343097162	3
10	825	8285.388682512774	3
10	828	8358.30188157305	3
10	831	8393.132812103736	3
10	839	8524.847168493357	3
10	862	8781.054201136398	3
10	869	8853.656394706599	3
10	876	8894.910783516091	3
10	880	8970.695131179352	3
10	884	8994.820008837347	3
10	888	9024.782948254733	3
10	892	9097.094039822997	3
10	899	9178.779830921671	3
10	913	9369.835861439028	3
10	923	9514.499676318064	3
10	930	9617.198020993135	3
10	948	9810.899712921645	3
10	952	9826.963777471876	3
10	958	9916.18982876053	3
10	964	9949.935466853957	3
10	972	10020.644574041224	3
10	981	10088.577790090218	3
10	982	10092.021509344192	3
10	995	10191.245425295585	3
10	999	10202.130443513611	3
10	1005	10285.756790045252	3
10	1031	10489.592348218062	3
10	1035	10507.123355542777	3
10	1037	10514.219951058394	3
10	1038	10519.166190348425	3
10	1039	10525.895133674445	3
10	1040	10570.240641069331	3
10	1042	10608.206757714902	3
10	1044	10611.631346140947	3
10	1075	10962.219705527356	3
10	1085	11080.728467342929	3
10	1089	11108.098652070159	3
10	1103	11222.69065304956	3
10	1107	11277.269174472971	3
10	1112	11320.479715225726	3
10	1129	11499.238243264427	3
10	1135	11601.668337752138	3
10	1137	11644.582764766478	3
10	1139	11668.473868618877	3
10	1158	11912.146892702172	3
10	1177	12106.960319824397	3
10	1187	12186.009261062063	3
10	1194	12237.24129358588	3
10	1198	12261.612976615446	3
10	1209	12350.989783245916	3
10	1223	12456.699803078846	3
10	1224	12460.264038068673	3
10	1227	12500.53790127119	3
10	1232	12514.139650114789	3
10	1234	12525.290500901907	3
10	1235	12526.507817196942	3
10	1242	12592.512318335155	3
10	1268	12724.719288210742	3
10	1280	12822.529399275054	3
10	1284	12834.03834585855	3
10	1287	12896.107019613011	3
10	1290	12906.041114824179	3
10	1295	12935.308039538744	3
10	1297	12949.611831340763	3
10	1299	12958.490458642178	3
10	1303	13009.828325186674	3
10	1304	13031.927452510467	3
10	1311	13102.185772894414	3
10	1317	13141.554927368848	3
10	1345	13677.562966038876	3
10	1346	13680.038366219182	3
10	1358	13788.214389792789	3
10	1359	13800.594855771486	3
10	1361	13817.275191941153	3
10	1381	14099.720145483638	3
10	1382	14105.643703375754	3
10	1384	14131.470477734087	3
10	1394	14280.623431117218	3
10	1401	14324.880384548717	3
10	1406	14408.239389661523	3
10	1413	14502.583449020617	3
10	1414	14510.896994344637	3
10	1417	14521.61892165629	3
10	1430	14632.375797555362	3
10	1439	14719.242721489228	3
10	1443	14736.202037483496	3
10	1450	14827.159609441281	3
10	1455	14847.119491949532	3
10	1464	14940.24625546512	3
10	1467	14944.698771385166	3
10	1476	15021.785688389337	3
10	1487	15082.591085500819	3
10	1491	15114.425404318657	3
10	1496	15133.914249117191	3
10	1500	15164.893327977744	3
10	1506	15207.11144669542	3
10	1512	15230.662889927724	3
10	1515	15265.205842978026	3
10	1518	15277.102101247242	3
10	1530	15366.35527340637	3
10	1546	15476.177910866049	3
10	1548	15481.841507090928	3
10	1555	15552.397547208098	3
10	1573	15692.284465618818	3
10	1577	15729.500434378504	3
10	1585	15802.144964060397	3
10	1591	15854.745574791727	3
10	1593	15870.140825172875	3
10	1596	15901.86574225184	3
10	1610	16010.449142979479	3
10	1617	16096.550275389589	3
10	1628	16151.295224641216	3
10	1631	16210.668396527807	3
10	1632	16228.141895733625	3
10	1638	16305.878878549183	3
10	1661	16599.742454749284	3
10	1663	16621.08086105865	3
10	1668	16663.106545859521	3
10	1674	16725.678411340638	3
10	1678	16771.179772791651	3
10	1682	16819.083590118197	3
10	1689	16891.169424479325	3
10	1694	16952.151112927503	3
10	1709	17115.664770013596	3
10	1710	17123.227226869603	3
10	1718	17217.488971307786	3
10	1721	17252.254906397819	3
10	1723	17291.270870037448	3
10	1724	17316.263774005231	3
10	1734	17420.361402017613	3
10	1740	17524.037446097774	3
10	1747	17661.014870579343	3
10	1755	17779.679646952183	3
10	1760	17842.471565828816	3
10	1761	17851.600551896278	3
10	1773	18003.657550855043	3
10	1779	18089.046098053811	3
10	1784	18129.265026360144	3
10	1800	18394.307733841251	3
10	1803	18428.242981237959	3
10	1813	18574.518205173834	3
10	1814	18596.323549390775	3
10	1817	18630.530156490518	3
10	1827	18764.109210383219	3
10	1828	18774.206761339324	3
10	1837	18894.555195470576	3
10	1849	19089.155807522608	3
10	1854	19169.871216565927	3
10	1867	19317.095441911142	3
10	1874	19387.118672290709	3
10	1876	19421.428603337393	3
10	1879	19436.62655951498	3
10	1883	19477.175138708025	3
10	1893	19571.054037551056	3
10	1915	19824.80530635453	3
10	1918	19855.661096096737	3
10	1919	19873.026762843077	3
11	125	1076.294668704413	20844
11	126	1079.492264490201	20845
11	131	1134.525629660504	20848
11	137	1216.062168236874	20849
11	150	1350.680445559493	20850
11	170	1545.184950880542	20855
11	178	1590.236909190265	20853
11	186	1635.94937904721	20859
11	191	1657.306845529406	20862
11	196	1693.199700245457	20856
11	198	1693.684979591129	20865
11	201	1725.226859992156	20858
11	203	1733.875974655222	20866
11	206	1749.835131063617	20861
11	212	1775.569056661631	20863
11	218	1815.002170315659	20868
11	225	1853.334572540599	20870
11	227	1862.552186896685	20867
11	232	1888.713208466485	20864
11	260	2041.881157012118	20874
11	264	2064.208751739974	20877
11	271	2106.681921340215	20873
11	274	2139.261273043635	20869
11	280	2191.276740113243	20872
11	291	2261.135697913003	20876
11	295	2300.201000052528	20879
11	296	2304.479498767414	20878
11	297	2305.528495103796	20882
11	299	2319.734999789044	20880
11	301	2359.678980550304	20875
11	302	2361.329482384722	20881
11	305	2389.95046913165	20883
11	332	2590.655555703117	20888
11	341	2671.175319244626	20887
11	356	2926.248616478529	20890
11	374	3176.181353574581	20896
11	376	3246.210524681124	20892
11	379	3252.944760738873	20894
11	384	3349.642155679835	20898
11	396	3537.495352410597	20900
11	399	3557.464155695627	20899
11	404	3647.424440221803	20901
11	431	3900.491752369881	20904
11	433	3914.406174756505	20911
11	435	3923.057792787753	20906
11	439	3968.300373763776	20908
11	440	3979.637186352069	20903
11	441	3986.524441477026	20912
11	448	4051.002842999242	20907
11	453	4095.916173219421	20909
11	459	4152.962883053371	20914
11	465	4217.227795639986	20910
11	473	4309.88855103128	20913
11	487	4506.88046876276	20917
11	491	4565.411078059354	20916
11	498	4658.955024293309	20919
11	512	4767.800632712859	20920
11	514	4785.875465215419	20918
11	515	4788.043054935819	20923
11	517	4789.319279897311	20922
11	519	4841.391360145557	20926
11	530	4941.693482852595	20924
11	534	4962.688338113065	20927
11	535	4963.165733724835	20928
11	537	4970.692362599053	20925
11	548	5061.508244260515	20932
11	551	5073.318494834066	20933
11	556	5110.981190742968	20930
11	558	5120.389016335368	20935
11	565	5192.887173902731	20937
11	567	5195.142359524771	20929
11	585	5339.473380701735	20941
11	586	5358.556973967273	20931
11	602	5484.150361371832	20942
11	608	5570.7693700703	20947
11	609	5573.48138226829	20944
11	612	5637.575280323743	20946
11	627	6036.078578748776	20949
11	633	6179.130748740568	20950
11	644	6411.631107017298	20953
11	660	6750.939875034778	20955
11	669	6855.817549614644	20958
11	676	6920.435838187947	20962
11	682	6972.883244527783	20956
11	688	7055.829436371626	20957
11	702	7159.241382023403	20967
11	704	7167.399323114294	20968
11	709	7188.427151236626	20965
11	723	7278.643982047969	20963
11	726	7296.135013552847	20973
11	727	7306.765125816722	20970
11	730	7328.509440267013	20976
11	731	7335.762323669855	20966
11	733	7364.59578774097	20971
11	771	7616.394381386485	20974
11	772	7619.727571430511	20980
11	775	7639.291792650375	20982
11	779	7688.449582837896	20979
11	785	7724.136258644459	20981
11	793	7811.722871772598	20984
11	814	8062.017673223693	20985
11	817	8133.966343097162	20989
11	825	8285.388682512774	20990
11	828	8358.30188157305	20992
11	831	8393.132812103736	20993
11	839	8524.847168493357	20994
11	862	8781.054201136398	20999
11	869	8853.656394706599	21001
11	876	8894.910783516091	21004
11	880	8970.695131179352	21005
11	884	8994.820008837347	21002
11	888	9024.782948254733	21007
11	892	9097.094039822997	21008
11	899	9178.779830921671	21010
11	913	9369.835861439028	21012
11	923	9514.499676318064	21015
11	930	9617.198020993135	21017
11	948	9810.899712921645	21022
11	952	9826.963777471876	21019
11	958	9916.18982876053	21018
11	964	9949.935466853957	21020
11	972	10020.644574041224	21025
11	981	10088.577790090218	21024
11	982	10092.021509344192	21029
11	995	10191.245425295585	21028
11	999	10202.130443513611	21034
11	1005	10285.756790045252	21036
11	1031	10489.592348218062	21037
11	1035	10507.123355542777	21039
11	1037	10514.219951058394	21041
11	1038	10519.166190348425	21042
11	1039	10525.895133674445	21043
11	1040	10570.240641069331	21044
11	1042	10608.206757714902	21038
11	1044	10611.631346140947	21040
11	1075	10962.219705527356	21047
11	1085	11080.728467342929	21050
11	1089	11108.098652070159	21049
11	1103	11222.69065304956	21056
11	1107	11277.269174472971	21058
11	1112	11320.479715225726	21053
11	1129	11499.238243264427	21054
11	1135	11601.668337752138	21062
11	1137	11644.582764766478	21059
11	1139	11668.473868618877	21060
11	1158	11912.146892702172	21064
11	1177	12106.960319824397	21072
11	1187	12186.009261062063	21068
11	1194	12237.24129358588	21069
11	1198	12261.612976615446	21076
11	1209	12350.989783245916	21078
11	1223	12456.699803078846	21082
11	1224	12460.264038068673	21079
11	1227	12500.53790127119	21084
11	1232	12514.139650114789	21087
11	1234	12525.290500901907	21081
11	1235	12526.507817196942	21077
11	1242	12592.512318335155	21088
11	1268	12724.719288210742	21094
11	1280	12822.529399275054	21086
11	1284	12834.03834585855	21091
11	1287	12896.107019613011	21099
11	1290	12906.041114824179	21095
11	1295	12935.308039538744	21097
11	1297	12949.611831340763	21092
11	1299	12958.490458642178	21098
11	1303	13009.828325186674	21096
11	1304	13031.927452510467	21093
11	1311	13102.185772894414	21100
11	1317	13141.554927368848	21102
11	1345	13677.562966038876	21104
11	1346	13680.038366219182	21106
11	1358	13788.214389792789	21108
11	1359	13800.594855771486	21109
11	1361	13817.275191941153	21112
11	1381	14099.720145483638	21118
11	1382	14105.643703375754	21114
11	1384	14131.470477734087	21116
11	1394	14280.623431117218	21120
11	1401	14324.880384548717	21115
11	1406	14408.239389661523	21117
11	1413	14502.583449020617	21122
11	1414	14510.896994344637	21121
11	1417	14521.61892165629	21123
11	1430	14632.375797555362	21128
11	1439	14719.242721489228	21126
11	1443	14736.202037483496	21129
11	1450	14827.159609441281	21130
11	1455	14847.119491949532	21132
11	1464	14940.24625546512	21136
11	1467	14944.698771385166	21131
11	1476	15021.785688389337	21139
11	1487	15082.591085500819	21143
11	1491	15114.425404318657	21134
11	1496	15133.914249117191	21140
11	1500	15164.893327977744	21142
11	1506	15207.11144669542	21145
11	1512	15230.662889927724	21135
11	1515	15265.205842978026	21144
11	1518	15277.102101247242	21149
11	1530	15366.35527340637	21141
11	1546	15476.177910866049	21153
11	1548	15481.841507090928	21151
11	1555	15552.397547208098	21152
11	1573	15692.284465618818	21154
11	1577	15729.500434378504	21160
11	1585	15802.144964060397	21159
11	1591	15854.745574791727	21161
11	1593	15870.140825172875	21158
11	1596	15901.86574225184	21156
11	1610	16010.449142979479	21163
11	1617	16096.550275389589	21162
11	1628	16151.295224641216	21169
11	1631	16210.668396527807	21170
11	1632	16228.141895733625	21171
11	1638	16305.878878549183	21168
11	1661	16599.742454749284	21173
11	1663	16621.08086105865	21174
11	1668	16663.106545859521	21177
11	1674	16725.678411340638	21179
11	1678	16771.179772791651	21175
11	1682	16819.083590118197	21178
11	1689	16891.169424479325	21181
11	1694	16952.151112927503	21180
11	1709	17115.664770013596	21186
11	1710	17123.227226869603	21187
11	1718	17217.488971307786	21182
11	1721	17252.254906397819	21184
11	1723	17291.270870037448	21188
11	1724	17316.263774005231	21189
11	1734	17420.361402017613	21190
11	1740	17524.037446097774	21191
11	1747	17661.014870579343	21192
11	1755	17779.679646952183	21194
11	1760	17842.471565828816	21195
11	1761	17851.600551896278	21197
11	1773	18003.657550855043	21200
11	1779	18089.046098053811	21199
11	1784	18129.265026360144	21202
11	1800	18394.307733841251	21203
11	1803	18428.242981237959	21201
11	1813	18574.518205173834	21206
11	1814	18596.323549390775	21205
11	1817	18630.530156490518	21204
11	1827	18764.109210383219	21208
11	1828	18774.206761339324	21209
11	1837	18894.555195470576	21213
11	1849	19089.155807522608	21212
11	1854	19169.871216565927	21211
11	1867	19317.095441911142	21218
11	1874	19387.118672290709	21217
11	1876	19421.428603337393	21216
11	1879	19436.62655951498	21220
11	1883	19477.175138708025	21222
11	1893	19571.054037551056	21225
11	1915	19824.80530635453	21228
11	1918	19855.661096096737	21230
11	1919	19873.026762843077	21227
12	233	1899.199700245457	409
12	240	1939.875974655222	306
12	267	2094.713208466485	512
12	288	2247.881157012118	306
12	306	2397.276740113243	512
12	317	2467.135697913003	512
12	331	2569.090719294014	203
12	355	2877.175319244626	409
12	434	3917.25180776926	203
12	457	4120.406174756505	306
12	488	4515.88855103128	512
12	540	4994.043054935819	409
12	837	8491.388682512774	512
12	933	9629.862009158421	203
12	976	10032.963777471876	409
12	985	10122.18982876053	512
12	1009	10294.577790090218	409
12	1015	10352.72612579172	203
12	1024	10408.130443513611	306
12	1050	10713.123355542777	306
12	1054	10725.166190348425	306
12	1122	11428.69065304956	306
12	1152	11850.582764766478	512
12	1155	11874.473868618877	512
12	1262	12706.53790127119	306
12	1270	12731.290500901907	409
12	1316	13141.308039538744	409
12	1322	13215.828325186674	512
12	1438	14716.896994344637	512
12	1483	15053.119491949532	409
12	1595	15898.284465618818	512
12	1637	16302.550275389589	512
12	1692	16931.678411340638	306
12	1707	17097.169424479325	409
12	1744	17626.361402017613	409
12	1762	17867.014870579343	512
12	1770	17985.679646952183	409
12	1777	18048.471565828816	409
12	1794	18295.046098053811	409
13	233	1899.199700245457	9
13	240	1939.875974655222	6
13	267	2094.713208466485	12
13	288	2247.881157012118	6
13	306	2397.276740113243	12
13	317	2467.135697913003	12
13	331	2569.090719294014	3
13	355	2877.175319244626	9
13	434	3917.25180776926	3
13	457	4120.406174756505	6
13	488	4515.88855103128	12
13	540	4994.043054935819	9
13	837	8491.388682512774	12
13	933	9629.862009158421	3
13	976	10032.963777471876	9
13	985	10122.18982876053	12
13	1009	10294.577790090218	9
13	1015	10352.72612579172	3
13	1024	10408.130443513611	6
13	1050	10713.123355542777	6
13	1054	10725.166190348425	6
13	1122	11428.69065304956	6
13	1152	11850.582764766478	12
13	1155	11874.473868618877	12
13	1262	12706.53790127119	6
13	1270	12731.290500901907	9
13	1316	13141.308039538744	9
13	1322	13215.828325186674	12
13	1438	14716.896994344637	12
13	1483	15053.119491949532	9
13	1595	15898.284465618818	12
13	1637	16302.550275389589	12
13	1692	16931.678411340638	6
13	1707	17097.169424479325	9
13	1744	17626.361402017613	9
13	1762	17867.014870579343	12
13	1770	17985.679646952183	9
13	1777	18048.471565828816	9
13	1794	18295.046098053811	9
14	233	1899.199700245457	3
14	240	1939.875974655222	2
14	267	2094.713208466485	4
14	288	2247.881157012118	2
14	306	2397.276740113243	4
14	317	2467.135697913003	4
14	331	2569.090719294014	1
14	355	2877.175319244626	3
14	434	3917.25180776926	1
14	457	4120.406174756505	2
14	488	4515.88855103128	4
14	540	4994.043054935819	3
14	837	8491.388682512774	4
14	933	9629.862009158421	1
14	976	10032.963777471876	3
14	985	10122.18982876053	4
14	1009	10294.577790090218	3
14	1015	10352.72612579172	1
14	1024	10408.130443513611	2
14	1050	10713.123355542777	2
14	1054	10725.166190348425	2
14	1122	11428.69065304956	2
14	1152	11850.582764766478	4
14	1155	11874.473868618877	4
14	1262	12706.53790127119	2
14	1270	12731.290500901907	3
14	1316	13141.308039538744	3
14	1322	13215.828325186674	4
14	1438	14716.896994344637	4
14	1483	15053.119491949532	3
14	1595	15898.284465618818	4
14	1637	16302.550275389589	4
14	1692	16931.678411340638	2
14	1707	17097.169424479325	3
14	1744	17626.361402017613	3
14	1762	17867.014870579343	4
14	1770	17985.679646952183	3
14	1777	18048.471565828816	3
14	1794	18295.046098053811	3
15	148	1340.330309238478	306
15	181	1613.471526213804	306
15	217	1813.027434264865	306
15	310	2415.681921340215	512
15	334	2609.201000052528	512
15	375	3234.67493015349	306
15	405	3658.642155679835	409
15	410	3716.81364349053	203
15	470	4277.300373763776	512
15	475	4353.056561999709	203
15	536	4967.955024293309	512
15	606	5541.889104015783	203
15	763	7565.199473575139	203
15	770	7615.765125816722	512
15	774	7637.509440267013	409
15	802	7908.748455336513	306
15	808	7959.583859444024	306
15	816	8110.016314913224	306
15	823	8239.796961467455	203
15	852	8667.30188157305	512
15	868	8833.847168493357	512
15	877	8911.627518403388	306
15	883	8985.407437111942	203
15	900	9180.821766382054	306
15	922	9487.779830921671	409
15	961	9926.198020993135	409
15	1001	10231.731164050492	306
15	1018	10392.596588560432	306
15	1072	10927.433343651745	203
15	1105	11271.219705527356	512
15	1157	11910.668337752138	512
15	1175	12069.978353903278	306
15	1191	12221.146892702172	512
15	1259	12697.867250609592	306
15	1265	12716.582251836857	306
15	1349	13691.11620348628	306
15	1379	14064.399091262189	306
15	1407	14414.643703375754	512
15	1434	14661.359908542778	203
15	1539	15418.293035784967	306
15	1540	15423.731757680791	306
15	1554	15505.839161939547	306
15	1581	15785.177910866049	409
15	1592	15861.397547208098	512
15	1736	17432.227226869603	409
15	1804	18438.265026360144	409
15	1822	18703.307733841251	512
15	1824	18731.55590138591	203
15	1838	18905.323549390775	512
15	1888	19525.464188740388	203
15	1909	19745.62655951498	512
15	1914	19786.175138708025	409
16	148	1340.330309238478	6
16	181	1613.471526213804	6
16	217	1813.027434264865	6
16	310	2415.681921340215	12
16	334	2609.201000052528	12
16	375	3234.67493015349	6
16	405	3658.642155679835	9
16	410	3716.81364349053	3
16	470	4277.300373763776	12
16	475	4353.056561999709	3
16	536	4967.955024293309	12
16	606	5541.889104015783	3
16	763	7565.199473575139	3
16	770	7615.765125816722	12
16	774	7637.509440267013	9
16	802	7908.748455336513	6
16	808	7959.583859444024	6
16	816	8110.016314913224	6
16	823	8239.796961467455	3
16	852	8667.30188157305	12
16	868	8833.847168493357	12
16	877	8911.627518403388	6
16	883	8985.407437111942	3
16	900	9180.821766382054	6
16	922	9487.779830921671	9
16	961	9926.198020993135	9
16	1001	10231.731164050492	6
16	1018	10392.596588560432	6
16	1072	10927.433343651745	3
16	1105	11271.219705527356	12
16	1157	11910.668337752138	12
16	1175	12069.978353903278	6
16	1191	12221.146892702172	12
16	1259	12697.867250609592	6
16	1265	12716.582251836857	6
16	1349	13691.11620348628	6
16	1379	14064.399091262189	6
16	1407	14414.643703375754	12
16	1434	14661.359908542778	3
16	1539	15418.293035784967	6
16	1540	15423.731757680791	6
16	1554	15505.839161939547	6
16	1581	15785.177910866049	9
16	1592	15861.397547208098	12
16	1736	17432.227226869603	9
16	1804	18438.265026360144	9
16	1822	18703.307733841251	12
16	1824	18731.55590138591	3
16	1838	18905.323549390775	12
16	1888	19525.464188740388	3
16	1909	19745.62655951498	12
16	1914	19786.175138708025	9
17	148	1340.330309238478	2
17	181	1613.471526213804	2
17	217	1813.027434264865	2
17	310	2415.681921340215	4
17	334	2609.201000052528	4
17	375	3234.67493015349	2
17	405	3658.642155679835	3
17	410	3716.81364349053	1
17	470	4277.300373763776	4
17	475	4353.056561999709	1
17	536	4967.955024293309	4
17	606	5541.889104015783	1
17	763	7565.199473575139	1
17	770	7615.765125816722	4
17	774	7637.509440267013	3
17	802	7908.748455336513	2
17	808	7959.583859444024	2
17	816	8110.016314913224	2
17	823	8239.796961467455	1
17	852	8667.30188157305	4
17	868	8833.847168493357	4
17	877	8911.627518403388	2
17	883	8985.407437111942	1
17	900	9180.821766382054	2
17	922	9487.779830921671	3
17	961	9926.198020993135	3
17	1001	10231.731164050492	2
17	1018	10392.596588560432	2
17	1072	10927.433343651745	1
17	1105	11271.219705527356	4
17	1157	11910.668337752138	4
17	1175	12069.978353903278	2
17	1191	12221.146892702172	4
17	1259	12697.867250609592	2
17	1265	12716.582251836857	2
17	1349	13691.11620348628	2
17	1379	14064.399091262189	2
17	1407	14414.643703375754	4
17	1434	14661.359908542778	1
17	1539	15418.293035784967	2
17	1540	15423.731757680791	2
17	1554	15505.839161939547	2
17	1581	15785.177910866049	3
17	1592	15861.397547208098	4
17	1736	17432.227226869603	3
17	1804	18438.265026360144	3
17	1822	18703.307733841251	4
17	1824	18731.55590138591	1
17	1838	18905.323549390775	4
17	1888	19525.464188740388	1
17	1909	19745.62655951498	4
17	1914	19786.175138708025	3
18	132	1169.679142973201	512
18	188	1639.637771420914	203
18	193	1659.680445559493	409
18	234	1899.236909190265	512
18	249	1966.306845529406	409
18	258	2034.226859992156	512
18	265	2084.569056661631	512
18	343	2698.95046913165	409
18	438	3956.424440221803	512
18	560	5150.391360145557	409
18	591	5397.62105365929	203
18	613	5648.473380701735	409
18	623	5946.575280323743	512
18	629	6115.083818935667	306
18	639	6326.107442889049	203
18	708	7176.249966343996	306
18	716	7229.435838187947	409
18	737	7378.769062688671	306
18	746	7431.007539812153	203
18	752	7476.399323114294	409
18	755	7497.427151236626	512
18	804	7928.727571430511	512
18	855	8684.912520202798	306
18	903	9203.910783516091	409
18	911	9333.782948254733	409
18	935	9649.355538844711	306
18	937	9678.835861439028	512
18	1004	10259.078112764729	306
18	1032	10500.245425295585	512
18	1064	10834.895133674445	409
18	1073	10943.828962804472	203
18	1126	11478.954091141067	306
18	1134	11586.269174472971	409
18	1153	11857.511059838969	306
18	1184	12146.328495276233	306
18	1199	12266.383389044929	306
18	1256	12659.989783245916	409
18	1274	12769.264038068673	512
18	1279	12812.447126832096	306
18	1289	12901.512318335155	409
18	1321	13215.041114824179	512
18	1330	13411.185772894414	512
18	1369	13919.466455441476	306
18	1481	15045.202037483496	512
18	1558	15574.205842978026	512
18	1562	15586.102101247242	409
18	1587	15811.254499453337	306
18	1615	16038.500434378504	409
18	1620	16111.144964060397	512
18	1623	16121.386526545441	306
18	1643	16349.307424909764	203
18	1713	17160.693402857374	306
18	1722	17285.97350931368	306
18	1759	17833.037446097774	512
18	1872	19337.214586157805	306
18	1921	19880.054037551056	409
19	132	1169.679142973201	12
19	188	1639.637771420914	3
19	193	1659.680445559493	9
19	234	1899.236909190265	12
19	249	1966.306845529406	9
19	258	2034.226859992156	12
19	265	2084.569056661631	12
19	343	2698.95046913165	9
19	438	3956.424440221803	12
19	560	5150.391360145557	9
19	591	5397.62105365929	3
19	613	5648.473380701735	9
19	623	5946.575280323743	12
19	629	6115.083818935667	6
19	639	6326.107442889049	3
19	708	7176.249966343996	6
19	716	7229.435838187947	9
19	737	7378.769062688671	6
19	746	7431.007539812153	3
19	752	7476.399323114294	9
19	755	7497.427151236626	12
19	804	7928.727571430511	12
19	855	8684.912520202798	6
19	903	9203.910783516091	9
19	911	9333.782948254733	9
19	935	9649.355538844711	6
19	937	9678.835861439028	12
19	1004	10259.078112764729	6
19	1032	10500.245425295585	12
19	1064	10834.895133674445	9
19	1073	10943.828962804472	3
19	1126	11478.954091141067	6
19	1134	11586.269174472971	9
19	1153	11857.511059838969	6
19	1184	12146.328495276233	6
19	1199	12266.383389044929	6
19	1256	12659.989783245916	9
19	1274	12769.264038068673	12
19	1279	12812.447126832096	6
19	1289	12901.512318335155	9
19	1321	13215.041114824179	12
19	1330	13411.185772894414	12
19	1369	13919.466455441476	6
19	1481	15045.202037483496	12
19	1558	15574.205842978026	12
19	1562	15586.102101247242	9
19	1587	15811.254499453337	6
19	1615	16038.500434378504	9
19	1620	16111.144964060397	12
19	1623	16121.386526545441	6
19	1643	16349.307424909764	3
19	1713	17160.693402857374	6
19	1722	17285.97350931368	6
19	1759	17833.037446097774	12
19	1872	19337.214586157805	6
19	1921	19880.054037551056	9
20	132	1169.679142973201	4
20	188	1639.637771420914	1
20	193	1659.680445559493	3
20	234	1899.236909190265	4
20	249	1966.306845529406	3
20	258	2034.226859992156	4
20	265	2084.569056661631	4
20	343	2698.95046913165	3
20	438	3956.424440221803	4
20	560	5150.391360145557	3
20	591	5397.62105365929	1
20	613	5648.473380701735	3
20	623	5946.575280323743	4
20	629	6115.083818935667	2
20	639	6326.107442889049	1
20	708	7176.249966343996	2
20	716	7229.435838187947	3
20	737	7378.769062688671	2
20	746	7431.007539812153	1
20	752	7476.399323114294	3
20	755	7497.427151236626	4
20	804	7928.727571430511	4
20	855	8684.912520202798	2
20	903	9203.910783516091	3
20	911	9333.782948254733	3
20	935	9649.355538844711	2
20	937	9678.835861439028	4
20	1004	10259.078112764729	2
20	1032	10500.245425295585	4
20	1064	10834.895133674445	3
20	1073	10943.828962804472	1
20	1126	11478.954091141067	2
20	1134	11586.269174472971	3
20	1153	11857.511059838969	2
20	1184	12146.328495276233	2
20	1199	12266.383389044929	2
20	1256	12659.989783245916	3
20	1274	12769.264038068673	4
20	1279	12812.447126832096	2
20	1289	12901.512318335155	3
20	1321	13215.041114824179	4
20	1330	13411.185772894414	4
20	1369	13919.466455441476	2
20	1481	15045.202037483496	4
20	1558	15574.205842978026	4
20	1562	15586.102101247242	3
20	1587	15811.254499453337	2
20	1615	16038.500434378504	3
20	1620	16111.144964060397	4
20	1623	16121.386526545441	2
20	1643	16349.307424909764	1
20	1713	17160.693402857374	2
20	1722	17285.97350931368	2
20	1759	17833.037446097774	4
20	1872	19337.214586157805	2
20	1921	19880.054037551056	3
21	136	1192.267341491793	512
21	142	1281.106086013927	409
21	155	1431.233270403736	409
21	242	1946.468338026324	409
21	250	1974.846805057	203
21	339	2656.837522176228	306
21	345	2717.528495103796	512
21	348	2771.077870758678	306
21	351	2817.460549838503	306
21	359	2942.653143750202	306
21	387	3364.009902350332	409
21	394	3476.05436780613	306
21	516	4788.202105362067	306
21	595	5436.11098162946	203
21	601	5473.508244260515	512
21	625	5982.7693700703	512
21	656	6655.574709831384	306
21	780	7698.835238654217	409
21	882	8983.415888525474	409
21	909	9303.719337309771	306
21	916	9413.319887503086	306
21	947	9787.60029830756	409
21	962	9926.499676318064	512
21	1000	10226.354635250552	203
21	1022	10404.297288817242	409
21	1029	10438.812090180478	409
21	1033	10504.021509344192	512
21	1071	10926.219951058394	512
21	1078	10982.240641069331	512
21	1110	11293.378524297946	203
21	1208	12347.070592824854	409
21	1237	12532.051642698073	409
21	1264	12710.404842768934	203
21	1435	14666.849544485573	203
21	1436	14692.623431117218	512
21	1472	14985.879856055238	203
21	1541	15433.785688389337	512
21	1560	15579.439598766032	409
21	1622	16118.459733535486	306
21	1642	16339.007760616015	409
21	1659	16563.295224641216	512
21	1665	16640.141895733625	512
21	1676	16760.944255751297	306
21	1782	18110.500516586305	409
21	1801	18415.657550855043	512
21	1866	19306.555195470576	512
21	1906	19729.095441911142	512
21	1908	19744.272257527416	306
21	1923	19932.599554183682	409
22	136	1192.267341491793	12
22	142	1281.106086013927	9
22	155	1431.233270403736	9
22	242	1946.468338026324	9
22	250	1974.846805057	3
22	339	2656.837522176228	6
22	345	2717.528495103796	12
22	348	2771.077870758678	6
22	351	2817.460549838503	6
22	359	2942.653143750202	6
22	387	3364.009902350332	9
22	394	3476.05436780613	6
22	516	4788.202105362067	6
22	595	5436.11098162946	3
22	601	5473.508244260515	12
22	625	5982.7693700703	12
22	656	6655.574709831384	6
22	780	7698.835238654217	9
22	882	8983.415888525474	9
22	909	9303.719337309771	6
22	916	9413.319887503086	6
22	947	9787.60029830756	9
22	962	9926.499676318064	12
22	1000	10226.354635250552	3
22	1022	10404.297288817242	9
22	1029	10438.812090180478	9
22	1033	10504.021509344192	12
22	1071	10926.219951058394	12
22	1078	10982.240641069331	12
22	1110	11293.378524297946	3
22	1208	12347.070592824854	9
22	1237	12532.051642698073	9
22	1264	12710.404842768934	3
22	1435	14666.849544485573	3
22	1436	14692.623431117218	12
22	1472	14985.879856055238	3
22	1541	15433.785688389337	12
22	1560	15579.439598766032	9
22	1622	16118.459733535486	6
22	1642	16339.007760616015	9
22	1659	16563.295224641216	12
22	1665	16640.141895733625	12
22	1676	16760.944255751297	6
22	1782	18110.500516586305	9
22	1801	18415.657550855043	12
22	1866	19306.555195470576	12
22	1906	19729.095441911142	12
22	1908	19744.272257527416	6
22	1923	19932.599554183682	9
23	136	1192.267341491793	4
23	142	1281.106086013927	3
23	155	1431.233270403736	3
23	242	1946.468338026324	3
23	250	1974.846805057	1
23	339	2656.837522176228	2
23	345	2717.528495103796	4
23	348	2771.077870758678	2
23	351	2817.460549838503	2
23	359	2942.653143750202	2
23	387	3364.009902350332	3
23	394	3476.05436780613	2
23	516	4788.202105362067	2
23	595	5436.11098162946	1
23	601	5473.508244260515	4
23	625	5982.7693700703	4
23	656	6655.574709831384	2
23	780	7698.835238654217	3
23	882	8983.415888525474	3
23	909	9303.719337309771	2
23	916	9413.319887503086	2
23	947	9787.60029830756	3
23	962	9926.499676318064	4
23	1000	10226.354635250552	1
23	1022	10404.297288817242	3
23	1029	10438.812090180478	3
23	1033	10504.021509344192	4
23	1071	10926.219951058394	4
23	1078	10982.240641069331	4
23	1110	11293.378524297946	1
23	1208	12347.070592824854	3
23	1237	12532.051642698073	3
23	1264	12710.404842768934	1
23	1435	14666.849544485573	1
23	1436	14692.623431117218	4
23	1472	14985.879856055238	1
23	1541	15433.785688389337	4
23	1560	15579.439598766032	3
23	1622	16118.459733535486	2
23	1642	16339.007760616015	3
23	1659	16563.295224641216	4
23	1665	16640.141895733625	4
23	1676	16760.944255751297	2
23	1782	18110.500516586305	3
23	1801	18415.657550855043	4
23	1866	19306.555195470576	4
23	1906	19729.095441911142	4
23	1908	19744.272257527416	2
23	1923	19932.599554183682	3
24	171	1546.525629660504	512
24	183	1625.107325379416	306
24	184	1628.062168236874	512
24	246	1957.184950880542	512
24	270	2105.684979591129	512
24	286	2227.002170315659	512
24	437	3949.495352410597	512
24	593	5432.000228775017	409
24	604	5526.006069347925	409
24	646	6448.078578748776	512
24	684	6985.941093719021	306
24	690	7063.395973662671	409
24	713	7210.280732315737	409
24	765	7571.241382023403	512
24	810	7986.355329380504	306
24	866	8805.132812103736	512
24	1095	11173.762813447744	409
24	1104	11251.395755707528	306
24	1111	11308.443502397994	306
24	1140	11680.119965009202	306
24	1173	12054.584267580312	306
24	1203	12314.914149548086	306
24	1315	13136.719288210742	512
24	1324	13255.676622407388	306
24	1344	13676.812876997335	409
24	1362	13847.787012020558	306
24	1402	14369.671684041879	306
24	1480	15044.375797555362	512
24	1504	15199.335085538977	306
24	1526	15329.235734426216	409
24	1552	15494.591085500819	512
24	1570	15656.850048433374	203
24	1626	16135.074388879056	203
24	1757	17793.900605766494	409
24	1780	18097.74690001798	306
24	1792	18263.600551896278	512
24	1845	19012.798562344101	306
24	1861	19225.65234271678	306
24	1878	19425.808795757633	203
24	1920	19878.313854475594	409
25	171	1546.525629660504	12
25	183	1625.107325379416	6
25	184	1628.062168236874	12
25	246	1957.184950880542	12
25	270	2105.684979591129	12
25	286	2227.002170315659	12
25	437	3949.495352410597	12
25	593	5432.000228775017	9
25	604	5526.006069347925	9
25	646	6448.078578748776	12
25	684	6985.941093719021	6
25	690	7063.395973662671	9
25	713	7210.280732315737	9
25	765	7571.241382023403	12
25	810	7986.355329380504	6
25	866	8805.132812103736	12
25	1095	11173.762813447744	9
25	1104	11251.395755707528	6
25	1111	11308.443502397994	6
25	1140	11680.119965009202	6
25	1173	12054.584267580312	6
25	1203	12314.914149548086	6
25	1315	13136.719288210742	12
25	1324	13255.676622407388	6
25	1344	13676.812876997335	9
25	1362	13847.787012020558	6
25	1402	14369.671684041879	6
25	1480	15044.375797555362	12
25	1504	15199.335085538977	6
25	1526	15329.235734426216	9
25	1552	15494.591085500819	12
25	1570	15656.850048433374	3
25	1626	16135.074388879056	3
25	1757	17793.900605766494	9
25	1780	18097.74690001798	6
25	1792	18263.600551896278	12
25	1845	19012.798562344101	6
25	1861	19225.65234271678	6
25	1878	19425.808795757633	3
25	1920	19878.313854475594	9
26	171	1546.525629660504	4
26	183	1625.107325379416	2
26	184	1628.062168236874	4
26	246	1957.184950880542	4
26	270	2105.684979591129	4
26	286	2227.002170315659	4
26	437	3949.495352410597	4
26	593	5432.000228775017	3
26	604	5526.006069347925	3
26	646	6448.078578748776	4
26	684	6985.941093719021	2
26	690	7063.395973662671	3
26	713	7210.280732315737	3
26	765	7571.241382023403	4
26	810	7986.355329380504	2
26	866	8805.132812103736	4
26	1095	11173.762813447744	3
26	1104	11251.395755707528	2
26	1111	11308.443502397994	2
26	1140	11680.119965009202	2
26	1173	12054.584267580312	2
26	1203	12314.914149548086	2
26	1315	13136.719288210742	4
26	1324	13255.676622407388	2
26	1344	13676.812876997335	3
26	1362	13847.787012020558	2
26	1402	14369.671684041879	2
26	1480	15044.375797555362	4
26	1504	15199.335085538977	2
26	1526	15329.235734426216	3
26	1552	15494.591085500819	4
26	1570	15656.850048433374	1
26	1626	16135.074388879056	1
26	1757	17793.900605766494	3
26	1780	18097.74690001798	2
26	1792	18263.600551896278	4
26	1845	19012.798562344101	2
26	1861	19225.65234271678	2
26	1878	19425.808795757633	1
26	1920	19878.313854475594	3
27	135	1182.492264490201	306
27	248	1965.552186896685	306
27	287	2242.261273043635	512
27	386	3355.944760738873	409
27	447	4026.057792787753	306
27	451	4082.637186352069	512
27	496	4609.88046876276	306
27	549	5065.688338113065	306
27	550	5066.165733724835	306
27	571	5223.389016335368	203
27	580	5298.142359524771	409
27	678	6958.817549614644	306
27	701	7158.829436371626	512
27	738	7381.643982047969	512
27	957	9913.899712921645	203
27	1041	10592.592348218062	306
27	1049	10711.206757714902	409
27	1121	11423.479715225726	409
27	1136	11602.238243264427	512
27	1200	12289.009261062063	409
27	1207	12340.24129358588	409
27	1212	12364.612976615446	203
27	1254	12629.507817196942	409
27	1292	12925.529399275054	512
27	1296	12937.03834585855	409
27	1309	13052.611831340763	512
27	1323	13244.554927368848	203
27	1356	13783.038366219182	306
27	1365	13891.214389792789	306
27	1409	14427.880384548717	512
27	1415	14511.239389661523	512
27	1449	14822.242721489228	306
27	1482	15047.698771385166	409
27	1561	15584.841507090928	306
27	1605	15973.140825172875	409
27	1608	16004.86574225184	512
27	1719	17218.664770013596	203
27	1730	17355.254906397819	409
27	1810	18531.242981237959	512
27	1820	18677.518205173834	203
27	1825	18733.530156490518	512
27	1835	18877.206761339324	306
27	1856	19192.155807522608	409
27	1864	19272.871216565927	512
28	135	1182.492264490201	6
28	248	1965.552186896685	6
28	287	2242.261273043635	12
28	386	3355.944760738873	9
28	447	4026.057792787753	6
28	451	4082.637186352069	12
28	496	4609.88046876276	6
28	549	5065.688338113065	6
28	550	5066.165733724835	6
28	571	5223.389016335368	3
28	580	5298.142359524771	9
28	678	6958.817549614644	6
28	701	7158.829436371626	12
28	738	7381.643982047969	12
28	957	9913.899712921645	3
28	1041	10592.592348218062	6
28	1049	10711.206757714902	9
28	1121	11423.479715225726	9
28	1136	11602.238243264427	12
28	1200	12289.009261062063	9
28	1207	12340.24129358588	9
28	1212	12364.612976615446	3
28	1254	12629.507817196942	9
28	1292	12925.529399275054	12
28	1296	12937.03834585855	9
28	1309	13052.611831340763	12
28	1323	13244.554927368848	3
28	1356	13783.038366219182	6
28	1365	13891.214389792789	6
28	1409	14427.880384548717	12
28	1415	14511.239389661523	12
28	1449	14822.242721489228	6
28	1482	15047.698771385166	9
28	1561	15584.841507090928	6
28	1605	15973.140825172875	9
28	1608	16004.86574225184	12
28	1719	17218.664770013596	3
28	1730	17355.254906397819	9
28	1810	18531.242981237959	12
28	1820	18677.518205173834	3
28	1825	18733.530156490518	12
28	1835	18877.206761339324	6
28	1856	19192.155807522608	9
28	1864	19272.871216565927	12
29	135	1182.492264490201	2
29	248	1965.552186896685	2
29	287	2242.261273043635	4
29	386	3355.944760738873	3
29	447	4026.057792787753	2
29	451	4082.637186352069	4
29	496	4609.88046876276	2
29	549	5065.688338113065	2
29	550	5066.165733724835	2
29	571	5223.389016335368	1
29	580	5298.142359524771	3
29	678	6958.817549614644	2
29	701	7158.829436371626	4
29	738	7381.643982047969	4
29	957	9913.899712921645	1
29	1041	10592.592348218062	2
29	1049	10711.206757714902	3
29	1121	11423.479715225726	3
29	1136	11602.238243264427	4
29	1200	12289.009261062063	3
29	1207	12340.24129358588	3
29	1212	12364.612976615446	1
29	1254	12629.507817196942	3
29	1292	12925.529399275054	4
29	1296	12937.03834585855	3
29	1309	13052.611831340763	4
29	1323	13244.554927368848	1
29	1356	13783.038366219182	2
29	1365	13891.214389792789	2
29	1409	14427.880384548717	4
29	1415	14511.239389661523	4
29	1449	14822.242721489228	2
29	1482	15047.698771385166	3
29	1561	15584.841507090928	2
29	1605	15973.140825172875	3
29	1608	16004.86574225184	4
29	1719	17218.664770013596	1
29	1730	17355.254906397819	3
29	1810	18531.242981237959	4
29	1820	18677.518205173834	1
29	1825	18733.530156490518	4
29	1835	18877.206761339324	2
29	1856	19192.155807522608	3
29	1864	19272.871216565927	4
30	224	1852.835131063617	306
30	313	2462.678980550304	512
30	364	3029.248616478529	512
30	383	3349.210524681124	512
30	474	4320.227795639986	512
30	524	4870.800632712859	409
30	525	4888.875465215419	512
30	528	4892.319279897311	409
30	545	5044.693482852595	409
30	563	5176.318494834066	203
30	569	5213.981190742968	306
30	579	5295.887173902731	203
30	598	5461.556973967273	512
30	610	5587.150361371832	306
30	615	5676.48138226829	306
30	648	6514.631107017298	203
30	668	6853.939875034778	409
30	695	7075.883244527783	512
30	748	7438.762323669855	409
30	783	7719.394381386485	512
30	803	7914.722871772598	306
30	820	8165.017673223693	512
30	822	8236.966343097162	306
30	874	8884.054201136398	306
30	879	8956.656394706599	306
30	889	9073.695131179352	203
30	894	9097.820008837347	409
30	987	10123.644574041224	203
30	1017	10388.756790045252	203
30	1101	11211.098652070159	409
30	1240	12559.699803078846	203
30	1249	12617.139650114789	203
30	1300	12999.107019613011	203
30	1314	13134.927452510467	512
30	1355	13780.562966038876	409
30	1367	13903.594855771486	306
30	1370	13920.275191941153	203
30	1392	14234.470477734087	306
30	1428	14624.61892165629	306
30	1462	14930.159609441281	306
30	1513	15236.914249117191	306
30	1516	15267.893327977744	306
30	1522	15310.11144669542	203
30	1528	15333.662889927724	512
30	1544	15469.35527340637	512
30	1604	15957.745574791727	306
30	1621	16113.449142979479	306
30	1639	16313.668396527807	203
30	1688	16874.179772791651	512
30	1726	17320.488971307786	512
30	1732	17394.270870037448	306
30	1733	17419.263774005231	203
30	1887	19524.428603337393	409
30	1926	19976.026762843077	409
31	224	1852.835131063617	6
31	313	2462.678980550304	12
31	364	3029.248616478529	12
31	383	3349.210524681124	12
31	474	4320.227795639986	12
31	524	4870.800632712859	9
31	525	4888.875465215419	12
31	528	4892.319279897311	9
31	545	5044.693482852595	9
31	563	5176.318494834066	3
31	569	5213.981190742968	6
31	579	5295.887173902731	3
31	598	5461.556973967273	12
31	610	5587.150361371832	6
31	615	5676.48138226829	6
31	648	6514.631107017298	3
31	668	6853.939875034778	9
31	695	7075.883244527783	12
31	748	7438.762323669855	9
31	783	7719.394381386485	12
31	803	7914.722871772598	6
31	820	8165.017673223693	12
31	822	8236.966343097162	6
31	874	8884.054201136398	6
31	879	8956.656394706599	6
31	889	9073.695131179352	3
31	894	9097.820008837347	9
31	987	10123.644574041224	3
31	1017	10388.756790045252	3
31	1101	11211.098652070159	9
31	1240	12559.699803078846	3
31	1249	12617.139650114789	3
31	1300	12999.107019613011	3
31	1314	13134.927452510467	12
31	1355	13780.562966038876	9
31	1367	13903.594855771486	6
31	1370	13920.275191941153	3
31	1392	14234.470477734087	6
31	1428	14624.61892165629	6
31	1462	14930.159609441281	6
31	1513	15236.914249117191	6
31	1516	15267.893327977744	6
31	1522	15310.11144669542	3
31	1528	15333.662889927724	12
31	1544	15469.35527340637	12
31	1604	15957.745574791727	6
31	1621	16113.449142979479	6
31	1639	16313.668396527807	3
31	1688	16874.179772791651	12
31	1726	17320.488971307786	12
31	1732	17394.270870037448	6
31	1733	17419.263774005231	3
31	1887	19524.428603337393	9
31	1926	19976.026762843077	9
32	224	1852.835131063617	2
32	313	2462.678980550304	4
32	364	3029.248616478529	4
32	383	3349.210524681124	4
32	474	4320.227795639986	4
32	524	4870.800632712859	3
32	525	4888.875465215419	4
32	528	4892.319279897311	3
32	545	5044.693482852595	3
32	563	5176.318494834066	1
32	569	5213.981190742968	2
32	579	5295.887173902731	1
32	598	5461.556973967273	4
32	610	5587.150361371832	2
32	615	5676.48138226829	2
32	648	6514.631107017298	1
32	668	6853.939875034778	3
32	695	7075.883244527783	4
32	748	7438.762323669855	3
32	783	7719.394381386485	4
32	803	7914.722871772598	2
32	820	8165.017673223693	4
32	822	8236.966343097162	2
32	874	8884.054201136398	2
32	879	8956.656394706599	2
32	889	9073.695131179352	1
32	894	9097.820008837347	3
32	987	10123.644574041224	1
32	1017	10388.756790045252	1
32	1101	11211.098652070159	3
32	1240	12559.699803078846	1
32	1249	12617.139650114789	1
32	1300	12999.107019613011	1
32	1314	13134.927452510467	4
32	1355	13780.562966038876	3
32	1367	13903.594855771486	2
32	1370	13920.275191941153	1
32	1392	14234.470477734087	2
32	1428	14624.61892165629	2
32	1462	14930.159609441281	2
32	1513	15236.914249117191	2
32	1516	15267.893327977744	2
32	1522	15310.11144669542	1
32	1528	15333.662889927724	4
32	1544	15469.35527340637	4
32	1604	15957.745574791727	2
32	1621	16113.449142979479	2
32	1639	16313.668396527807	1
32	1688	16874.179772791651	4
32	1726	17320.488971307786	4
32	1732	17394.270870037448	2
32	1733	17419.263774005231	1
32	1887	19524.428603337393	3
32	1926	19976.026762843077	3
33	143	1282.294668704413	409
33	222	1841.94937904721	306
33	263	2059.334572540599	306
33	292	2270.208751739974	306
33	322	2510.479498767414	512
33	326	2525.734999789044	409
33	329	2567.329482384722	409
33	350	2796.655555703117	306
33	389	3382.181353574581	409
33	415	3763.464155695627	512
33	455	4106.491752369881	512
33	462	4192.524441477026	306
33	468	4257.002842999242	512
33	471	4301.916173219421	512
33	476	4358.962883053371	306
33	513	4771.411078059354	512
33	564	5176.692362599053	512
33	568	5205.292685220955	203
33	611	5600.45827158143	203
33	640	6331.6257684945	203
33	643	6385.130748740568	409
33	736	7376.351230915438	203
33	756	7502.135013552847	306
33	764	7570.59578774097	409
33	796	7845.291792650375	306
33	800	7894.449582837896	512
33	805	7930.136258644459	409
33	849	8632.221151268	203
33	850	8636.204207523122	203
33	908	9303.094039822997	306
33	954	9876.274321801856	203
33	966	9984.334823760186	203
33	991	10155.935466853957	512
33	1061	10817.631346140947	409
33	1108	11286.728467342929	409
33	1193	12230.081462282419	203
33	1201	12312.960319824397	306
33	1233	12516.429716533189	203
33	1319	13164.490458642178	409
33	1364	13886.330305638137	203
33	1398	14305.720145483638	306
33	1437	14708.583449020617	409
33	1441	14732.512089481411	203
33	1497	15146.24625546512	306
33	1524	15320.425404318657	512
33	1654	16511.878878549183	512
33	1680	16805.742454749284	512
33	1683	16827.08086105865	512
33	1687	16869.106545859521	306
33	1701	17025.083590118197	409
33	1712	17158.151112927503	512
33	1842	18970.109210383219	409
33	1895	19593.118672290709	409
34	143	1282.294668704413	9
34	222	1841.94937904721	6
34	263	2059.334572540599	6
34	292	2270.208751739974	6
34	322	2510.479498767414	12
34	326	2525.734999789044	9
34	329	2567.329482384722	9
34	350	2796.655555703117	6
34	389	3382.181353574581	9
34	415	3763.464155695627	12
34	455	4106.491752369881	12
34	462	4192.524441477026	6
34	468	4257.002842999242	12
34	471	4301.916173219421	12
34	476	4358.962883053371	6
34	513	4771.411078059354	12
34	564	5176.692362599053	12
34	568	5205.292685220955	3
34	611	5600.45827158143	3
34	640	6331.6257684945	3
34	643	6385.130748740568	9
34	736	7376.351230915438	3
34	756	7502.135013552847	6
34	764	7570.59578774097	9
34	796	7845.291792650375	6
34	800	7894.449582837896	12
34	805	7930.136258644459	9
34	849	8632.221151268	3
34	850	8636.204207523122	3
34	908	9303.094039822997	6
34	954	9876.274321801856	3
34	966	9984.334823760186	3
34	991	10155.935466853957	12
34	1061	10817.631346140947	9
34	1108	11286.728467342929	9
34	1193	12230.081462282419	3
34	1201	12312.960319824397	6
34	1233	12516.429716533189	3
34	1319	13164.490458642178	9
34	1364	13886.330305638137	3
34	1398	14305.720145483638	6
34	1437	14708.583449020617	9
34	1441	14732.512089481411	3
34	1497	15146.24625546512	6
34	1524	15320.425404318657	12
34	1654	16511.878878549183	12
34	1680	16805.742454749284	12
34	1683	16827.08086105865	12
34	1687	16869.106545859521	6
34	1701	17025.083590118197	9
34	1712	17158.151112927503	12
34	1842	18970.109210383219	9
34	1895	19593.118672290709	9
35	143	1282.294668704413	3
35	222	1841.94937904721	2
35	263	2059.334572540599	2
35	292	2270.208751739974	2
35	322	2510.479498767414	4
35	326	2525.734999789044	3
35	329	2567.329482384722	3
35	350	2796.655555703117	2
35	389	3382.181353574581	3
35	415	3763.464155695627	4
35	455	4106.491752369881	4
35	462	4192.524441477026	2
35	468	4257.002842999242	4
35	471	4301.916173219421	4
35	476	4358.962883053371	2
35	513	4771.411078059354	4
35	564	5176.692362599053	4
35	568	5205.292685220955	1
35	611	5600.45827158143	1
35	640	6331.6257684945	1
35	643	6385.130748740568	3
35	736	7376.351230915438	1
35	756	7502.135013552847	2
35	764	7570.59578774097	3
35	796	7845.291792650375	2
35	800	7894.449582837896	4
35	805	7930.136258644459	3
35	849	8632.221151268	1
35	850	8636.204207523122	1
35	908	9303.094039822997	2
35	954	9876.274321801856	1
35	966	9984.334823760186	1
35	991	10155.935466853957	4
35	1061	10817.631346140947	3
35	1108	11286.728467342929	3
35	1193	12230.081462282419	1
35	1201	12312.960319824397	2
35	1233	12516.429716533189	1
35	1319	13164.490458642178	3
35	1364	13886.330305638137	1
35	1398	14305.720145483638	2
35	1437	14708.583449020617	3
35	1441	14732.512089481411	1
35	1497	15146.24625546512	2
35	1524	15320.425404318657	4
35	1654	16511.878878549183	4
35	1680	16805.742454749284	4
35	1683	16827.08086105865	4
35	1687	16869.106545859521	2
35	1701	17025.083590118197	3
35	1712	17158.151112927503	4
35	1842	18970.109210383219	3
35	1895	19593.118672290709	3

