version 3
run VeryHighLoad_Queue-15-20260125-17:45:53-1403
attr configname VeryHighLoad_Queue
attr datetime 20260125-17:45:53
attr datetimef 20260125-174553
attr experiment VeryHighLoad_Queue
attr inifile simulations/nwsim_project/omnetpp.ini
attr iterationvars ""
attr iterationvarsd ""
attr iterationvarsf ""
attr measurement ""
attr network CrossTraffic
attr processid 1403
attr repetition 15
attr replication #15
attr resultdir results
attr runnumber 15
attr seedset 15
config description "Very High Load - Queue Mode (200% more traffic)"
config *.Junc*.junctionMode "\"queue\""
config *.EndNW.spawnInterval exponential(267s)
config *.EndNE.spawnInterval exponential(400s)
config *.EndEN.spawnInterval exponential(333s)
config *.EndES.spawnInterval exponential(500s)
config *.EndSE.spawnInterval exponential(300s)
config *.EndSW.spawnInterval exponential(367s)
config *.EndWS.spawnInterval exponential(433s)
config *.EndWN.spawnInterval exponential(467s)
config network CrossTraffic
config sim-time-limit 20000s
config warmup-period 1000s
config repeat 50
config **.scalar-recording true
config **.vector-recording true
config *.Junc*.junctionMode "\"queue\""
config *.EndNW.spawnInterval exponential(800s)
config *.EndNE.spawnInterval exponential(1200s)
config *.EndEN.spawnInterval exponential(1000s)
config *.EndES.spawnInterval exponential(1500s)
config *.EndSE.spawnInterval exponential(900s)
config *.EndSW.spawnInterval exponential(1100s)
config *.EndWS.spawnInterval exponential(1300s)
config *.EndWN.spawnInterval exponential(1400s)

vector 0 CrossTraffic.JuncNW queueLength:vector ETV
attr interpolationmode sample-hold
attr recordingmode vector
attr source queueLength
attr title "Queue Length"
vector 1 CrossTraffic.JuncNW junctionProcessingTime:vector ETV
attr recordingmode vector
attr source junctionProcessingTime
attr title "Junction Processing Time"
vector 2 CrossTraffic.JuncNW vehicleCount:vector ETV
attr recordingmode vector
attr source vehicleCount
attr title "Vehicle Count"
vector 3 CrossTraffic.JuncNE queueLength:vector ETV
attr interpolationmode sample-hold
attr recordingmode vector
attr source queueLength
attr title "Queue Length"
vector 4 CrossTraffic.JuncNE junctionProcessingTime:vector ETV
attr recordingmode vector
attr source junctionProcessingTime
attr title "Junction Processing Time"
vector 5 CrossTraffic.JuncNE vehicleCount:vector ETV
attr recordingmode vector
attr source vehicleCount
attr title "Vehicle Count"
vector 6 CrossTraffic.JuncSE queueLength:vector ETV
attr interpolationmode sample-hold
attr recordingmode vector
attr source queueLength
attr title "Queue Length"
vector 7 CrossTraffic.JuncSE junctionProcessingTime:vector ETV
attr recordingmode vector
attr source junctionProcessingTime
attr title "Junction Processing Time"
vector 8 CrossTraffic.JuncSE vehicleCount:vector ETV
attr recordingmode vector
attr source vehicleCount
attr title "Vehicle Count"
vector 9 CrossTraffic.JuncSW queueLength:vector ETV
attr interpolationmode sample-hold
attr recordingmode vector
attr source queueLength
attr title "Queue Length"
vector 10 CrossTraffic.JuncSW junctionProcessingTime:vector ETV
attr recordingmode vector
attr source junctionProcessingTime
attr title "Junction Processing Time"
vector 11 CrossTraffic.JuncSW vehicleCount:vector ETV
attr recordingmode vector
attr source vehicleCount
attr title "Vehicle Count"
vector 12 CrossTraffic.EndNW travelTime:vector ETV
attr recordingmode vector
attr source travelTime
attr title "Vehicle Travel Time"
vector 13 CrossTraffic.EndNW junctionTime:vector ETV
attr recordingmode vector
attr source junctionTime
attr title "Total Junction Time per Vehicle"
vector 14 CrossTraffic.EndNW junctionCount:vector ETV
attr recordingmode vector
attr source junctionCount
attr title "Junctions Visited per Vehicle"
vector 15 CrossTraffic.EndNE travelTime:vector ETV
attr recordingmode vector
attr source travelTime
attr title "Vehicle Travel Time"
vector 16 CrossTraffic.EndNE junctionTime:vector ETV
attr recordingmode vector
attr source junctionTime
attr title "Total Junction Time per Vehicle"
vector 17 CrossTraffic.EndNE junctionCount:vector ETV
attr recordingmode vector
attr source junctionCount
attr title "Junctions Visited per Vehicle"
vector 18 CrossTraffic.EndEN travelTime:vector ETV
attr recordingmode vector
attr source travelTime
attr title "Vehicle Travel Time"
vector 19 CrossTraffic.EndEN junctionTime:vector ETV
attr recordingmode vector
attr source junctionTime
attr title "Total Junction Time per Vehicle"
vector 20 CrossTraffic.EndEN junctionCount:vector ETV
attr recordingmode vector
attr source junctionCount
attr title "Junctions Visited per Vehicle"
vector 21 CrossTraffic.EndES travelTime:vector ETV
attr recordingmode vector
attr source travelTime
attr title "Vehicle Travel Time"
vector 22 CrossTraffic.EndES junctionTime:vector ETV
attr recordingmode vector
attr source junctionTime
attr title "Total Junction Time per Vehicle"
vector 23 CrossTraffic.EndES junctionCount:vector ETV
attr recordingmode vector
attr source junctionCount
attr title "Junctions Visited per Vehicle"
vector 24 CrossTraffic.EndSE travelTime:vector ETV
attr recordingmode vector
attr source travelTime
attr title "Vehicle Travel Time"
vector 25 CrossTraffic.EndSE junctionTime:vector ETV
attr recordingmode vector
attr source junctionTime
attr title "Total Junction Time per Vehicle"
vector 26 CrossTraffic.EndSE junctionCount:vector ETV
attr recordingmode vector
attr source junctionCount
attr title "Junctions Visited per Vehicle"
vector 27 CrossTraffic.EndSW travelTime:vector ETV
attr recordingmode vector
attr source travelTime
attr title "Vehicle Travel Time"
vector 28 CrossTraffic.EndSW junctionTime:vector ETV
attr recordingmode vector
attr source junctionTime
attr title "Total Junction Time per Vehicle"
vector 29 CrossTraffic.EndSW junctionCount:vector ETV
attr recordingmode vector
attr source junctionCount
attr title "Junctions Visited per Vehicle"
vector 30 CrossTraffic.EndWS travelTime:vector ETV
attr recordingmode vector
attr source travelTime
attr title "Vehicle Travel Time"
vector 31 CrossTraffic.EndWS junctionTime:vector ETV
attr recordingmode vector
attr source junctionTime
attr title "Total Junction Time per Vehicle"
vector 32 CrossTraffic.EndWS junctionCount:vector ETV
attr recordingmode vector
attr source junctionCount
attr title "Junctions Visited per Vehicle"
vector 33 CrossTraffic.EndWN travelTime:vector ETV
attr recordingmode vector
attr source travelTime
attr title "Vehicle Travel Time"
vector 34 CrossTraffic.EndWN junctionTime:vector ETV
attr recordingmode vector
attr source junctionTime
attr title "Total Junction Time per Vehicle"
vector 35 CrossTraffic.EndWN junctionCount:vector ETV
attr recordingmode vector
attr source junctionCount
attr title "Junctions Visited per Vehicle"
0	170	1037.638445973516	1
0	171	1040.638445973516	0
0	176	1099.406165587892	1
0	177	1102.406165587892	0
0	182	1130.126290800522	1
0	183	1133.126290800522	0
0	205	1402.752454494312	1
0	206	1405.752454494312	0
0	215	1485.578598264429	1
0	216	1488.578598264429	0
0	218	1534.14609356683	1
0	219	1537.14609356683	0
0	220	1542.986725336076	1
0	222	1545.986725336076	0
0	250	1856.091083435813	1
0	251	1859.091083435813	0
0	254	1870.679472138728	1
0	255	1873.679472138728	0
0	279	2045.542069103938	1
0	281	2048.542069103938	0
0	293	2103.598781693002	1
0	295	2106.598781693002	0
0	297	2146.483721922121	1
0	299	2149.483721922121	0
0	301	2152.107448841702	1
0	302	2155.107448841702	0
0	321	2273.062647197225	1
0	323	2276.062647197225	0
0	365	2487.074748383109	1
0	367	2490.074748383109	0
0	369	2497.207774459347	1
0	370	2500.207774459347	0
0	403	2744.185785752566	1
0	404	2747.185785752566	0
0	405	2758.150577127007	1
0	406	2761.150577127007	0
0	415	2810.661768036361	1
0	416	2813.661768036361	0
0	426	2879.3252136764	1
0	427	2882.3252136764	0
0	436	2920.436562768117	1
0	437	2923.436562768117	0
0	442	2972.46524798417	1
0	443	2975.46524798417	0
0	456	3080.90799418489	1
0	457	3083.90799418489	0
0	460	3117.35302925209	1
0	461	3120.35302925209	0
0	465	3213.982530800616	1
0	466	3216.982530800616	0
0	470	3249.695157581251	1
0	471	3252.695157581251	0
0	488	3448.599747939153	1
0	489	3451.599747939153	0
0	541	3827.503110174265	1
0	542	3830.503110174265	0
0	543	3830.533604659068	1
0	544	3833.533604659068	0
0	555	3884.961478484916	1
0	556	3887.961478484916	0
0	565	3963.409162566388	1
0	566	3966.409162566388	0
0	586	4083.944239382815	1
0	589	4086.944239382815	0
0	603	4216.213595259064	1
0	604	4219.213595259064	0
0	630	4618.096168048501	1
0	631	4621.096168048501	0
0	646	4768.981807058555	1
0	647	4771.981807058555	0
0	648	4795.84909972826	1
0	649	4798.84909972826	0
0	651	4818.990306348035	1
0	652	4821.990306348035	0
0	688	5111.588421529211	1
0	689	5114.588421529211	0
0	693	5142.281656828227	1
0	694	5145.281656828227	0
0	711	5294.941878018232	1
0	712	5297.941878018232	0
0	729	5439.432434730664	1
0	730	5442.432434730664	0
0	731	5458.925448712962	1
0	732	5461.925448712962	0
0	739	5504.202773335716	1
0	740	5507.202773335716	0
0	742	5537.179094958234	1
0	743	5540.179094958234	0
0	747	5583.82312563703	1
0	748	5586.82312563703	0
0	751	5592.497302538706	1
0	752	5595.497302538706	0
0	757	5627.561684579783	1
0	758	5630.561684579783	0
0	763	5692.344916453441	1
0	764	5695.344916453441	0
0	766	5704.797608745243	1
0	767	5704.947266420208	2
0	768	5707.797608745243	1
0	769	5713.797608745243	0
0	788	5926.443195649832	1
0	789	5929.443195649832	0
0	790	5930.224094313275	1
0	791	5933.224094313275	0
0	819	6165.861883448208	1
0	821	6168.861883448208	0
0	843	6300.928328687324	1
0	844	6303.928328687324	0
0	850	6351.521184009516	1
0	851	6354.521184009516	0
0	853	6378.833198781981	1
0	854	6381.833198781981	0
0	856	6397.550274401589	1
0	857	6400.550274401589	0
0	862	6431.473717229422	1
0	864	6434.473717229422	0
0	872	6521.456844838039	1
0	873	6524.456844838039	0
0	875	6536.801391563756	1
0	877	6539.801391563756	0
0	882	6618.308176456454	1
0	883	6621.308176456454	0
0	893	6678.798590291916	1
0	894	6681.798590291916	0
0	899	6727.633974617231	1
0	900	6730.633974617231	0
0	917	6854.418744379507	1
0	918	6857.418744379507	0
0	927	6918.76126310143	1
0	928	6921.76126310143	0
0	929	6923.562089850486	1
0	930	6926.562089850486	0
0	954	7144.232467766142	1
0	956	7147.232467766142	0
0	958	7157.052249642605	1
0	959	7160.052249642605	0
0	966	7245.493300565163	1
0	969	7248.493300565163	0
0	1001	7544.866481253861	1
0	1002	7547.866481253861	0
0	1004	7577.772345131873	1
0	1005	7580.772345131873	0
0	1019	7686.699196153078	1
0	1020	7689.699196153078	0
0	1024	7722.183595095939	1
0	1025	7725.183595095939	0
0	1039	7847.388490176601	1
0	1040	7850.388490176601	0
0	1043	7935.175341752598	1
0	1045	7938.175341752598	0
0	1054	8037.231693506363	1
0	1056	8040.231693506363	0
0	1084	8313.800576145458	1
0	1085	8316.800576145458	0
0	1099	8474.294969358541	1
0	1100	8477.294969358541	0
0	1103	8538.417517138311	1
0	1104	8541.417517138311	0
0	1113	8605.197342650119	1
0	1114	8608.197342650119	0
0	1143	8851.917507083499	1
0	1144	8854.917507083499	0
0	1152	8921.689871048061	1
0	1153	8924.689871048061	0
0	1157	8971.144383604758	1
0	1159	8974.144383604758	0
0	1163	9004.07210058917	1
0	1164	9007.07210058917	0
0	1179	9098.529179417545	1
0	1180	9101.529179417545	0
0	1190	9161.199205491178	1
0	1191	9164.199205491178	0
0	1192	9176.862370004812	1
0	1193	9179.862370004812	0
0	1216	9339.878075468473	1
0	1217	9342.878075468473	0
0	1235	9481.231415719978	1
0	1236	9484.231415719978	0
0	1258	9704.194158150759	1
0	1259	9707.194158150759	0
0	1278	9860.204956581323	1
0	1279	9863.204956581323	0
0	1280	9869.659944786174	1
0	1281	9872.659944786174	0
0	1285	9916.434156146821	1
0	1286	9919.434156146821	0
0	1291	9942.761023660242	1
0	1293	9945.761023660242	0
0	1305	9998.998827408411	1
0	1306	10001.998827408411	0
0	1311	10037.661194765583	1
0	1312	10040.661194765583	0
0	1328	10079.309898842205	1
0	1329	10082.309898842205	0
0	1341	10160.855538060668	1
0	1342	10163.855538060668	0
0	1364	10398.722844267105	1
0	1366	10401.722844267105	0
0	1368	10436.572210360775	1
0	1369	10439.572210360775	0
0	1395	10629.789431714057	1
0	1396	10632.789431714057	0
0	1397	10646.549316908821	1
0	1398	10649.549316908821	0
0	1437	11032.406456638981	1
0	1438	11035.406456638981	0
0	1452	11186.953520424851	1
0	1453	11189.953520424851	0
0	1477	11396.243451603119	1
0	1478	11399.243451603119	0
0	1484	11416.875551411793	1
0	1485	11419.875551411793	0
0	1500	11508.332764609777	1
0	1502	11511.332764609777	0
0	1503	11514.332764609777	1
0	1504	11517.332764609777	0
0	1510	11539.489424582262	1
0	1511	11542.489424582262	0
0	1515	11554.384547134332	1
0	1516	11557.384547134332	0
0	1532	11635.625157280383	1
0	1533	11638.625157280383	0
0	1576	11846.651607579255	1
0	1577	11849.651607579255	0
0	1587	11895.071755600052	1
0	1588	11898.071755600052	0
0	1589	11932.270974649715	1
0	1590	11935.270974649715	0
0	1591	11943.922748771039	1
0	1592	11946.922748771039	0
0	1594	11955.830653603417	1
0	1595	11958.830653603417	0
0	1597	11975.604300762252	1
0	1598	11978.604300762252	0
0	1599	11980.399469713977	1
0	1600	11983.399469713977	0
0	1613	12176.849527826085	1
0	1615	12179.849527826085	0
0	1632	12476.766698311706	1
0	1633	12479.766698311706	0
0	1636	12490.258185290807	1
0	1637	12493.258185290807	0
0	1641	12568.449161760676	1
0	1642	12571.449161760676	0
0	1647	12588.054964143067	1
0	1648	12591.054964143067	0
0	1679	12783.548617886403	1
0	1682	12786.548617886403	0
0	1693	12834.339660963888	1
0	1694	12837.339660963888	0
0	1697	12844.008994429439	1
0	1698	12847.008994429439	0
0	1699	12885.319559325674	1
0	1701	12888.319559325674	0
0	1707	12900.37787607631	1
0	1708	12903.37787607631	0
0	1733	13027.628316717761	1
0	1734	13030.628316717761	0
0	1744	13098.377022446534	1
0	1745	13101.377022446534	0
0	1771	13277.029406643802	1
0	1772	13280.029406643802	0
0	1774	13295.07816385195	1
0	1775	13298.07816385195	0
0	1781	13341.988445819402	1
0	1782	13344.988445819402	0
0	1792	13401.558873413293	1
0	1793	13404.558873413293	0
0	1805	13493.258307093342	1
0	1806	13496.258307093342	0
0	1807	13500.204928533214	1
0	1809	13503.204928533214	0
0	1812	13509.404777801067	1
0	1814	13512.404777801067	0
0	1822	13579.152120594417	1
0	1823	13582.152120594417	0
0	1835	13627.540902311936	1
0	1836	13630.540902311936	0
0	1845	13722.765507374319	1
0	1846	13725.765507374319	0
0	1860	13889.671386549232	1
0	1862	13892.671386549232	0
0	1889	14099.831820361102	1
0	1890	14102.831820361102	0
0	1891	14104.4172056037	1
0	1892	14107.4172056037	0
0	1893	14113.493197598449	1
0	1894	14116.493197598449	0
0	1896	14142.170870827284	1
0	1898	14145.170870827284	0
0	1900	14195.438494181566	1
0	1901	14198.438494181566	0
0	1908	14240.29012038666	1
0	1909	14243.29012038666	0
0	1918	14319.013095448642	1
0	1920	14322.013095448642	0
0	1925	14372.746921510638	1
0	1927	14375.746921510638	0
0	1928	14377.530294539703	1
0	1929	14380.530294539703	0
0	1930	14389.632242557263	1
0	1932	14392.632242557263	0
0	1958	14575.975854306614	1
0	1961	14578.975854306614	0
0	1963	14593.912518039064	1
0	1964	14596.912518039064	0
0	1969	14676.060999871922	1
0	1971	14679.060999871922	0
0	1982	14820.016779418159	1
0	1983	14823.016779418159	0
0	1985	14861.841942270517	1
0	1986	14864.841942270517	0
0	1993	14946.768475009543	1
0	1994	14949.768475009543	0
0	1998	14969.904734207917	1
0	1999	14972.904734207917	0
0	2016	15098.01126956382	1
0	2017	15101.01126956382	0
0	2029	15161.958579344822	1
0	2030	15164.958579344822	0
0	2056	15371.106626463736	1
0	2057	15374.106626463736	0
0	2080	15528.170152044209	1
0	2084	15531.170152044209	0
0	2091	15566.285037392539	1
0	2093	15569.285037392539	0
0	2098	15630.937711858837	1
0	2101	15633.937711858837	0
0	2104	15639.54448746541	1
0	2105	15642.54448746541	0
0	2106	15656.49501325773	1
0	2108	15659.49501325773	0
0	2129	15894.686072480677	1
0	2130	15897.686072480677	0
0	2156	16235.169126330178	1
0	2157	16238.169126330178	0
0	2175	16538.910669093807	1
0	2176	16541.910669093807	0
0	2177	16558.999888630425	1
0	2178	16561.999888630425	0
0	2195	16772.142043600835	1
0	2196	16775.142043600835	0
0	2217	16999.647542813899	1
0	2218	17002.647542813899	0
0	2224	17037.095548154822	1
0	2225	17040.095548154822	0
0	2232	17106.82307633211	1
0	2233	17109.82307633211	0
0	2239	17183.057018244494	1
0	2240	17186.057018244494	0
0	2249	17272.990481942352	1
0	2250	17275.990481942352	0
0	2272	17554.910017682434	1
0	2273	17557.910017682434	0
0	2285	17705.390089087058	1
0	2286	17708.390089087058	0
0	2300	17892.415329856537	1
0	2301	17895.415329856537	0
0	2304	17902.098612822617	1
0	2305	17905.098612822617	0
0	2310	17975.900434928405	1
0	2311	17978.900434928405	0
0	2364	18203.629842998516	1
0	2365	18206.629842998516	0
0	2367	18211.598714634164	1
0	2368	18214.598714634164	0
0	2382	18292.096427864818	1
0	2384	18295.096427864818	2
0	2385	18295.096427864818	1
0	2386	18298.096427864818	0
0	2389	18346.611055273269	1
0	2390	18349.611055273269	0
0	2410	18484.834581481317	1
0	2412	18486.902869697047	2
0	2413	18487.834581481317	1
0	2415	18490.834581481317	0
0	2416	18490.858329036378	1
0	2417	18493.858329036378	0
0	2432	18616.952622440247	1
0	2433	18619.952622440247	0
0	2442	18701.980275953241	1
0	2443	18704.980275953241	0
0	2444	18710.81231276024	1
0	2445	18713.81231276024	0
0	2488	18921.203862348266	1
0	2489	18924.203862348266	0
0	2490	18928.333229838912	1
0	2492	18931.333229838912	0
0	2494	18940.342259892417	1
0	2495	18943.342259892417	0
0	2496	18957.624267107556	1
0	2497	18960.624267107556	0
0	2501	18995.704676935676	1
0	2502	18998.704676935676	2
0	2503	18998.704676935676	1
0	2505	19001.704676935676	0
0	2539	19253.063292714053	1
0	2541	19256.063292714053	0
0	2554	19355.855748905872	1
0	2556	19358.855748905872	0
0	2566	19424.393851076459	1
0	2567	19427.393851076459	0
0	2577	19480.443708898843	1
0	2578	19483.443708898843	0
0	2611	19746.462094058301	1
0	2612	19749.462094058301	0
0	2639	19943.30225643132	1
0	2641	19946.30225643132	0
0	2647	19970.195075658015	1
0	2648	19973.195075658015	0
1	171	1040.638445973516	3
1	177	1102.406165587892	3
1	183	1133.126290800522	3
1	206	1405.752454494312	3
1	216	1488.578598264429	3
1	219	1537.14609356683	3
1	222	1545.986725336076	3
1	251	1859.091083435813	3
1	255	1873.679472138728	3
1	281	2048.542069103938	3
1	295	2106.598781693002	3
1	299	2149.483721922121	3
1	302	2155.107448841702	3
1	323	2276.062647197225	3
1	367	2490.074748383109	3
1	370	2500.207774459347	3
1	404	2747.185785752566	3
1	406	2761.150577127007	3
1	416	2813.661768036361	3
1	427	2882.3252136764	3
1	437	2923.436562768117	3
1	443	2975.46524798417	3
1	457	3083.90799418489	3
1	461	3120.35302925209	3
1	466	3216.982530800616	3
1	471	3252.695157581251	3
1	489	3451.599747939153	3
1	542	3830.503110174265	3
1	544	3833.533604659068	3
1	556	3887.961478484916	3
1	566	3966.409162566388	3
1	589	4086.944239382815	3
1	604	4219.213595259064	3
1	631	4621.096168048501	3
1	647	4771.981807058555	3
1	649	4798.84909972826	3
1	652	4821.990306348035	3
1	689	5114.588421529211	3
1	694	5145.281656828227	3
1	712	5297.941878018232	3
1	730	5442.432434730664	3
1	732	5461.925448712962	3
1	740	5507.202773335716	3
1	743	5540.179094958234	3
1	748	5586.82312563703	3
1	752	5595.497302538706	3
1	758	5630.561684579783	3
1	764	5695.344916453441	3
1	768	5707.797608745243	3
1	769	5713.797608745243	8.850342325035
1	789	5929.443195649832	3
1	791	5933.224094313275	3
1	821	6168.861883448208	3
1	844	6303.928328687324	3
1	851	6354.521184009516	3
1	854	6381.833198781981	3
1	857	6400.550274401589	3
1	864	6434.473717229422	3
1	873	6524.456844838039	3
1	877	6539.801391563756	3
1	883	6621.308176456454	3
1	894	6681.798590291916	3
1	900	6730.633974617231	3
1	918	6857.418744379507	3
1	928	6921.76126310143	3
1	930	6926.562089850486	3
1	956	7147.232467766142	3
1	959	7160.052249642605	3
1	969	7248.493300565163	3
1	1002	7547.866481253861	3
1	1005	7580.772345131873	3
1	1020	7689.699196153078	3
1	1025	7725.183595095939	3
1	1040	7850.388490176601	3
1	1045	7938.175341752598	3
1	1056	8040.231693506363	3
1	1085	8316.800576145458	3
1	1100	8477.294969358541	3
1	1104	8541.417517138311	3
1	1114	8608.197342650119	3
1	1144	8854.917507083499	3
1	1153	8924.689871048061	3
1	1159	8974.144383604758	3
1	1164	9007.07210058917	3
1	1180	9101.529179417545	3
1	1191	9164.199205491178	3
1	1193	9179.862370004812	3
1	1217	9342.878075468473	3
1	1236	9484.231415719978	3
1	1259	9707.194158150759	3
1	1279	9863.204956581323	3
1	1281	9872.659944786174	3
1	1286	9919.434156146821	3
1	1293	9945.761023660242	3
1	1306	10001.998827408411	3
1	1312	10040.661194765583	3
1	1329	10082.309898842205	3
1	1342	10163.855538060668	3
1	1366	10401.722844267105	3
1	1369	10439.572210360775	3
1	1396	10632.789431714057	3
1	1398	10649.549316908821	3
1	1438	11035.406456638981	3
1	1453	11189.953520424851	3
1	1478	11399.243451603119	3
1	1485	11419.875551411793	3
1	1502	11511.332764609777	3
1	1504	11517.332764609777	3
1	1511	11542.489424582262	3
1	1516	11557.384547134332	3
1	1533	11638.625157280383	3
1	1577	11849.651607579255	3
1	1588	11898.071755600052	3
1	1590	11935.270974649715	3
1	1592	11946.922748771039	3
1	1595	11958.830653603417	3
1	1598	11978.604300762252	3
1	1600	11983.399469713977	3
1	1615	12179.849527826085	3
1	1633	12479.766698311706	3
1	1637	12493.258185290807	3
1	1642	12571.449161760676	3
1	1648	12591.054964143067	3
1	1682	12786.548617886403	3
1	1694	12837.339660963888	3
1	1698	12847.008994429439	3
1	1701	12888.319559325674	3
1	1708	12903.37787607631	3
1	1734	13030.628316717761	3
1	1745	13101.377022446534	3
1	1772	13280.029406643802	3
1	1775	13298.07816385195	3
1	1782	13344.988445819402	3
1	1793	13404.558873413293	3
1	1806	13496.258307093342	3
1	1809	13503.204928533214	3
1	1814	13512.404777801067	3
1	1823	13582.152120594417	3
1	1836	13630.540902311936	3
1	1846	13725.765507374319	3
1	1862	13892.671386549232	3
1	1890	14102.831820361102	3
1	1892	14107.4172056037	3
1	1894	14116.493197598449	3
1	1898	14145.170870827284	3
1	1901	14198.438494181566	3
1	1909	14243.29012038666	3
1	1920	14322.013095448642	3
1	1927	14375.746921510638	3
1	1929	14380.530294539703	3
1	1932	14392.632242557263	3
1	1961	14578.975854306614	3
1	1964	14596.912518039064	3
1	1971	14679.060999871922	3
1	1983	14823.016779418159	3
1	1986	14864.841942270517	3
1	1994	14949.768475009543	3
1	1999	14972.904734207917	3
1	2017	15101.01126956382	3
1	2030	15164.958579344822	3
1	2057	15374.106626463736	3
1	2084	15531.170152044209	3
1	2093	15569.285037392539	3
1	2101	15633.937711858837	3
1	2105	15642.54448746541	3
1	2108	15659.49501325773	3
1	2130	15897.686072480677	3
1	2157	16238.169126330178	3
1	2176	16541.910669093807	3
1	2178	16561.999888630425	3
1	2196	16775.142043600835	3
1	2218	17002.647542813899	3
1	2225	17040.095548154822	3
1	2233	17109.82307633211	3
1	2240	17186.057018244494	3
1	2250	17275.990481942352	3
1	2273	17557.910017682434	3
1	2286	17708.390089087058	3
1	2301	17895.415329856537	3
1	2305	17905.098612822617	3
1	2311	17978.900434928405	3
1	2365	18206.629842998516	3
1	2368	18214.598714634164	3
1	2385	18295.096427864818	3
1	2386	18298.096427864818	3
1	2390	18349.611055273269	3
1	2413	18487.834581481317	3
1	2415	18490.834581481317	3.93171178427
1	2417	18493.858329036378	3
1	2433	18619.952622440247	3
1	2443	18704.980275953241	3
1	2445	18713.81231276024	3
1	2489	18924.203862348266	3
1	2492	18931.333229838912	3
1	2495	18943.342259892417	3
1	2497	18960.624267107556	3
1	2503	18998.704676935676	3
1	2505	19001.704676935676	3
1	2541	19256.063292714053	3
1	2556	19358.855748905872	3
1	2567	19427.393851076459	3
1	2578	19483.443708898843	3
1	2612	19749.462094058301	3
1	2641	19946.30225643132	3
1	2648	19973.195075658015	3
2	171	1040.638445973516	6661
2	177	1102.406165587892	6658
2	183	1133.126290800522	6660
2	206	1405.752454494312	6663
2	216	1488.578598264429	6664
2	219	1537.14609356683	6665
2	222	1545.986725336076	6666
2	251	1859.091083435813	6672
2	255	1873.679472138728	6674
2	281	2048.542069103938	6677
2	295	2106.598781693002	6680
2	299	2149.483721922121	6681
2	302	2155.107448841702	6678
2	323	2276.062647197225	6682
2	367	2490.074748383109	6685
2	370	2500.207774459347	6692
2	404	2747.185785752566	6696
2	406	2761.150577127007	6695
2	416	2813.661768036361	6700
2	427	2882.3252136764	6702
2	437	2923.436562768117	6701
2	443	2975.46524798417	6697
2	457	3083.90799418489	6705
2	461	3120.35302925209	6706
2	466	3216.982530800616	6707
2	471	3252.695157581251	6708
2	489	3451.599747939153	6709
2	542	3830.503110174265	6717
2	544	3833.533604659068	6715
2	556	3887.961478484916	6722
2	566	3966.409162566388	6723
2	589	4086.944239382815	6729
2	604	4219.213595259064	6726
2	631	4621.096168048501	6732
2	647	4771.981807058555	6733
2	649	4798.84909972826	6735
2	652	4821.990306348035	6737
2	689	5114.588421529211	6743
2	694	5145.281656828227	6745
2	712	5297.941878018232	6742
2	730	5442.432434730664	6750
2	732	5461.925448712962	6747
2	740	5507.202773335716	6752
2	743	5540.179094958234	6749
2	748	5586.82312563703	6753
2	752	5595.497302538706	6751
2	758	5630.561684579783	6756
2	764	5695.344916453441	6754
2	768	5707.797608745243	6757
2	769	5713.797608745243	6755
2	789	5929.443195649832	6760
2	791	5933.224094313275	6761
2	821	6168.861883448208	6766
2	844	6303.928328687324	6771
2	851	6354.521184009516	6768
2	854	6381.833198781981	6769
2	857	6400.550274401589	6770
2	864	6434.473717229422	6773
2	873	6524.456844838039	6772
2	877	6539.801391563756	6774
2	883	6621.308176456454	6775
2	894	6681.798590291916	6778
2	900	6730.633974617231	6779
2	918	6857.418744379507	6776
2	928	6921.76126310143	6783
2	930	6926.562089850486	6784
2	956	7147.232467766142	6785
2	959	7160.052249642605	6786
2	969	7248.493300565163	6788
2	1002	7547.866481253861	6790
2	1005	7580.772345131873	6793
2	1020	7689.699196153078	6795
2	1025	7725.183595095939	6796
2	1040	7850.388490176601	6800
2	1045	7938.175341752598	6802
2	1056	8040.231693506363	6801
2	1085	8316.800576145458	6805
2	1100	8477.294969358541	6808
2	1104	8541.417517138311	6810
2	1114	8608.197342650119	6812
2	1144	8854.917507083499	6818
2	1153	8924.689871048061	6817
2	1159	8974.144383604758	6819
2	1164	9007.07210058917	6820
2	1180	9101.529179417545	6825
2	1191	9164.199205491178	6827
2	1193	9179.862370004812	6823
2	1217	9342.878075468473	6828
2	1236	9484.231415719978	6829
2	1259	9707.194158150759	6834
2	1279	9863.204956581323	6840
2	1281	9872.659944786174	6841
2	1286	9919.434156146821	6842
2	1293	9945.761023660242	6838
2	1306	10001.998827408411	6836
2	1312	10040.661194765583	6845
2	1329	10082.309898842205	6850
2	1342	10163.855538060668	6843
2	1366	10401.722844267105	6853
2	1369	10439.572210360775	6852
2	1396	10632.789431714057	6859
2	1398	10649.549316908821	6856
2	1438	11035.406456638981	6865
2	1453	11189.953520424851	6867
2	1478	11399.243451603119	6870
2	1485	11419.875551411793	6873
2	1502	11511.332764609777	6872
2	1504	11517.332764609777	6871
2	1511	11542.489424582262	6875
2	1516	11557.384547134332	6879
2	1533	11638.625157280383	6882
2	1577	11849.651607579255	6885
2	1588	11898.071755600052	6884
2	1590	11935.270974649715	6887
2	1592	11946.922748771039	6890
2	1595	11958.830653603417	6888
2	1598	11978.604300762252	6891
2	1600	11983.399469713977	6886
2	1615	12179.849527826085	6892
2	1633	12479.766698311706	6896
2	1637	12493.258185290807	6894
2	1642	12571.449161760676	6897
2	1648	12591.054964143067	6898
2	1682	12786.548617886403	6900
2	1694	12837.339660963888	6907
2	1698	12847.008994429439	6905
2	1701	12888.319559325674	6908
2	1708	12903.37787607631	6909
2	1734	13030.628316717761	6912
2	1745	13101.377022446534	6910
2	1772	13280.029406643802	6917
2	1775	13298.07816385195	6918
2	1782	13344.988445819402	6915
2	1793	13404.558873413293	6921
2	1806	13496.258307093342	6920
2	1809	13503.204928533214	6924
2	1814	13512.404777801067	6922
2	1823	13582.152120594417	6927
2	1836	13630.540902311936	6928
2	1846	13725.765507374319	6930
2	1862	13892.671386549232	6932
2	1890	14102.831820361102	6938
2	1892	14107.4172056037	6935
2	1894	14116.493197598449	6939
2	1898	14145.170870827284	6936
2	1901	14198.438494181566	6937
2	1909	14243.29012038666	6940
2	1920	14322.013095448642	6942
2	1927	14375.746921510638	6941
2	1929	14380.530294539703	6943
2	1932	14392.632242557263	6944
2	1961	14578.975854306614	6948
2	1964	14596.912518039064	6949
2	1971	14679.060999871922	6947
2	1983	14823.016779418159	6950
2	1986	14864.841942270517	6951
2	1994	14949.768475009543	6953
2	1999	14972.904734207917	6954
2	2017	15101.01126956382	6955
2	2030	15164.958579344822	6961
2	2057	15374.106626463736	6963
2	2084	15531.170152044209	6970
2	2093	15569.285037392539	6972
2	2101	15633.937711858837	6969
2	2105	15642.54448746541	6967
2	2108	15659.49501325773	6974
2	2130	15897.686072480677	6976
2	2157	16238.169126330178	6978
2	2176	16541.910669093807	6984
2	2178	16561.999888630425	6985
2	2196	16775.142043600835	6988
2	2218	17002.647542813899	6993
2	2225	17040.095548154822	6994
2	2233	17109.82307633211	6995
2	2240	17186.057018244494	6997
2	2250	17275.990481942352	6998
2	2273	17557.910017682434	7002
2	2286	17708.390089087058	7003
2	2301	17895.415329856537	7005
2	2305	17905.098612822617	7007
2	2311	17978.900434928405	7004
2	2365	18206.629842998516	7015
2	2368	18214.598714634164	7010
2	2385	18295.096427864818	7019
2	2386	18298.096427864818	7020
2	2390	18349.611055273269	7021
2	2413	18487.834581481317	7025
2	2415	18490.834581481317	7026
2	2417	18493.858329036378	7024
2	2433	18619.952622440247	7027
2	2443	18704.980275953241	7029
2	2445	18713.81231276024	7030
2	2489	18924.203862348266	7033
2	2492	18931.333229838912	7034
2	2495	18943.342259892417	7036
2	2497	18960.624267107556	7037
2	2503	18998.704676935676	7031
2	2505	19001.704676935676	7032
2	2541	19256.063292714053	7041
2	2556	19358.855748905872	7044
2	2567	19427.393851076459	7049
2	2578	19483.443708898843	7047
2	2612	19749.462094058301	7056
2	2641	19946.30225643132	7054
2	2648	19973.195075658015	7061
3	168	1027.126290800522	1
3	169	1030.126290800522	0
3	188	1214.474935175949	1
3	189	1217.474935175949	0
3	195	1299.752454494312	1
3	196	1302.752454494312	0
3	203	1382.578598264429	1
3	204	1385.578598264429	0
3	207	1431.14609356683	1
3	208	1434.14609356683	0
3	209	1439.986725336076	1
3	211	1442.986725336076	0
3	224	1570.485976312517	1
3	225	1573.485976312517	0
3	256	1876.292774005227	1
3	257	1879.292774005227	0
3	269	1973.679472138728	1
3	270	1976.679472138728	0
3	273	1986.725327543931	1
3	274	1989.725327543931	0
3	282	2049.107448841702	1
3	283	2052.107448841702	0
3	285	2069.56420459708	1
3	287	2072.56420459708	0
3	298	2148.542069103938	1
3	300	2151.542069103938	0
3	326	2282.884227946093	1
3	329	2285.884227946093	0
3	346	2384.074748383109	1
3	349	2387.074748383109	0
3	356	2420.722228503477	1
3	358	2423.722228503477	0
3	359	2432.776498938653	1
3	360	2435.776498938653	0
3	374	2523.320613003086	1
3	376	2526.320613003086	0
3	386	2617.221944196722	1
3	388	2620.221944196722	0
3	417	2817.436562768117	1
3	418	2820.436562768117	0
3	424	2869.46524798417	1
3	425	2872.46524798417	0
3	428	2900.072620818898	1
3	429	2903.072620818898	0
3	430	2903.356282386597	1
3	431	2906.356282386597	0
3	432	2906.981130875772	1
3	433	2909.981130875772	0
3	478	3345.599747939153	1
3	479	3348.599747939153	0
3	496	3505.799842610069	1
3	497	3508.799842610069	0
3	520	3664.428167282073	1
3	521	3667.428167282073	0
3	527	3727.533604659068	1
3	528	3730.533604659068	0
3	529	3744.485623125848	1
3	531	3747.485623125848	0
3	574	3987.961478484916	1
3	575	3990.961478484916	0
3	579	4028.445780955027	1
3	580	4031.445780955027	0
3	592	4113.213595259064	1
3	593	4116.213595259064	0
3	596	4142.273580748595	1
3	597	4145.273580748595	0
3	600	4186.944239382815	1
3	602	4189.944239382815	0
3	620	4515.096168048501	1
3	621	4518.096168048501	0
3	633	4665.981807058555	1
3	634	4668.981807058555	0
3	661	4921.990306348035	1
3	662	4924.990306348035	0
3	666	4954.902438391643	1
3	667	4957.902438391643	0
3	669	4968.843428140069	1
3	670	4971.843428140069	0
3	675	5033.69227452945	1
3	676	5036.69227452945	0
3	699	5191.941878018232	1
3	700	5194.941878018232	0
3	701	5206.754271560967	1
3	702	5209.754271560967	0
3	727	5434.179094958234	1
3	728	5437.179094958234	0
3	735	5489.497302538706	1
3	736	5492.497302538706	0
3	749	5589.344916453441	1
3	750	5592.344916453441	0
3	761	5686.82312563703	1
3	762	5689.82312563703	0
3	800	6029.443195649832	1
3	801	6032.443195649832	0
3	818	6163.125510319413	1
3	820	6166.125510319413	0
3	827	6224.428783872841	1
3	828	6227.428783872841	0
3	829	6243.900332434367	1
3	830	6246.900332434367	0
3	831	6248.521184009516	1
3	832	6251.521184009516	0
3	837	6275.833198781981	1
3	838	6278.833198781981	0
3	839	6287.725967716948	1
3	840	6290.725967716948	0
3	860	6418.456844838039	1
3	861	6421.456844838039	0
3	902	6751.418744379507	1
3	903	6754.418744379507	0
3	908	6800.471917834959	1
3	909	6803.471917834959	0
3	912	6812.724915267453	1
3	913	6815.724915267453	0
3	923	6908.534665391403	1
3	924	6911.534665391403	0
3	942	7041.232467766142	1
3	944	7044.232467766142	0
3	947	7074.163379152287	1
3	948	7077.163379152287	0
3	977	7344.342799989352	1
3	978	7347.342799989352	0
3	987	7441.866481253861	1
3	988	7444.866481253861	0
3	1006	7583.699196153078	1
3	1007	7586.699196153078	0
3	1042	7934.231693506363	1
3	1044	7937.231693506363	0
3	1046	7942.446527244045	1
3	1047	7945.446527244045	0
3	1048	7950.388490176601	1
3	1049	7953.388490176601	0
3	1074	8210.800576145458	1
3	1075	8213.800576145458	0
3	1082	8310.640091958491	1
3	1083	8313.640091958491	0
3	1116	8641.417517138311	1
3	1117	8644.417517138311	0
3	1127	8715.75547030192	1
3	1129	8718.75547030192	0
3	1140	8818.689871048061	1
3	1142	8821.689871048061	0
3	1145	8868.144383604758	1
3	1146	8871.144383604758	0
3	1181	9103.405931464688	1
3	1182	9106.405931464688	0
3	1185	9113.479735085223	1
3	1186	9116.479735085223	0
3	1209	9291.862370004812	1
3	1210	9294.862370004812	0
3	1221	9378.231415719978	1
3	1222	9381.231415719978	0
3	1241	9530.436803487867	1
3	1242	9533.436803487867	0
3	1249	9601.194158150759	1
3	1250	9604.194158150759	0
3	1273	9839.761023660242	1
3	1274	9842.761023660242	0
3	1282	9895.998827408411	1
3	1283	9898.998827408411	0
3	1319	10057.855538060668	1
3	1322	10060.855538060668	0
3	1334	10140.661194765583	1
3	1335	10143.661194765583	0
3	1352	10251.043299269468	1
3	1353	10254.043299269468	0
3	1358	10333.572210360775	1
3	1359	10336.572210360775	0
3	1360	10347.85250947981	1
3	1361	10350.85250947981	0
3	1365	10398.806200130681	1
3	1367	10401.806200130681	0
3	1382	10543.549316908821	1
3	1383	10546.549316908821	0
3	1401	10666.260594647646	1
3	1403	10669.260594647646	0
3	1418	10803.130398010581	1
3	1419	10806.130398010581	0
3	1430	10935.448645345713	1
3	1431	10938.448645345713	0
3	1445	11114.970374968078	1
3	1447	11117.970374968078	0
3	1450	11144.070634577715	1
3	1451	11147.070634577715	0
3	1456	11209.860114821974	1
3	1457	11212.860114821974	0
3	1463	11293.243451603119	1
3	1464	11296.243451603119	0
3	1479	11405.332764609777	1
3	1480	11406.235644063521	2
3	1481	11408.332764609777	1
3	1482	11414.332764609777	0
3	1488	11436.489424582262	1
3	1489	11439.489424582262	0
3	1539	11657.384547134332	1
3	1540	11660.384547134332	0
3	1541	11668.317146732277	1
3	1542	11671.317146732277	0
3	1545	11678.765755992833	1
3	1547	11681.765755992833	0
3	1550	11713.284276540555	1
3	1552	11716.284276540555	0
3	1554	11738.625157280383	1
3	1555	11741.625157280383	0
3	1556	11743.651607579255	1
3	1557	11746.651607579255	0
3	1559	11756.5919226402	1
3	1561	11759.5919226402	0
3	1566	11780.237546772491	1
3	1568	11783.237546772491	0
3	1569	11792.071755600052	1
3	1570	11795.071755600052	0
3	1572	11829.270974649715	1
3	1573	11832.270974649715	0
3	1578	11852.830653603417	1
3	1579	11855.830653603417	0
3	1584	11877.399469713977	1
3	1585	11880.399469713977	0
3	1608	12078.604300762252	1
3	1609	12081.604300762252	0
3	1657	12671.449161760676	1
3	1658	12674.449161760676	0
3	1659	12680.548617886403	1
3	1661	12683.548617886403	0
3	1703	12890.951923041624	1
3	1704	12893.951923041624	0
3	1712	12920.418413043884	1
3	1713	12923.418413043884	0
3	1727	13003.37787607631	1
3	1728	13006.37787607631	0
3	1752	13142.209555196782	1
3	1753	13145.209555196782	2
3	1754	13145.209555196782	1
3	1755	13148.209555196782	0
3	1765	13238.988445819402	1
3	1766	13241.988445819402	0
3	1778	13312.840300886302	1
3	1779	13315.840300886302	0
3	1784	13357.762926126988	1
3	1785	13360.762926126988	0
3	1787	13390.258307093342	1
3	1788	13393.258307093342	0
3	1794	13406.404777801067	1
3	1795	13409.404777801067	0
3	1813	13510.641915243996	1
3	1815	13513.641915243996	0
3	1826	13603.204928533214	1
3	1828	13606.204928533214	0
3	1870	13953.704364281018	1
3	1871	13956.704364281018	0
3	1873	13992.671386549232	1
3	1875	13995.671386549232	0
3	1881	14039.170870827284	1
3	1883	14042.170870827284	0
3	1911	14269.746921510638	1
3	1912	14272.746921510638	0
3	1935	14422.013095448642	1
3	1936	14425.013095448642	0
3	1937	14437.239574569476	1
3	1938	14440.239574569476	0
3	1941	14472.975854306614	1
3	1944	14475.975854306614	0
3	1946	14480.530294539703	1
3	1947	14483.530294539703	0
3	1948	14490.912518039064	1
3	1949	14492.632242557263	2
3	1950	14493.912518039064	1
3	1951	14499.912518039064	0
3	1957	14573.060999871922	1
3	1959	14576.060999871922	0
3	1966	14614.133190333359	1
3	1967	14617.133190333359	0
3	1995	14964.841942270517	1
3	1997	14967.841942270517	0
3	2001	14995.01126956382	1
3	2002	14998.01126956382	0
3	2012	15064.9868697161	1
3	2014	15067.9868697161	0
3	2026	15135.902753559166	1
3	2027	15138.902753559166	0
3	2044	15268.106626463736	1
3	2045	15271.106626463736	0
3	2048	15308.55420214304	1
3	2049	15311.55420214304	0
3	2053	15343.562790838549	1
3	2054	15346.562790838549	0
3	2058	15393.816803230887	1
3	2059	15396.816803230887	0
3	2081	15530.54448746541	1
3	2082	15530.555292034323	2
3	2085	15533.54448746541	1
3	2086	15539.54448746541	0
3	2096	15613.086382317807	1
3	2097	15616.086382317807	0
3	2124	15818.731950485929	1
3	2125	15821.731950485929	0
3	2136	15997.686072480677	1
3	2137	16000.686072480677	0
3	2150	16171.395544617353	1
3	2152	16174.395544617353	0
3	2153	16199.858469796549	1
3	2154	16202.858469796549	0
3	2158	16271.64018063888	1
3	2160	16274.64018063888	0
3	2163	16318.494133430377	1
3	2164	16321.494133430377	0
3	2182	16636.652227511971	1
3	2183	16639.652227511971	0
3	2188	16669.142043600835	1
3	2189	16672.142043600835	0
3	2203	16882.45696350484	1
3	2205	16885.45696350484	0
3	2222	17018.377486916731	1
3	2223	17021.377486916731	0
3	2241	17188.849977363063	1
3	2242	17191.849977363063	0
3	2264	17456.702987787091	1
3	2265	17459.702987787091	0
3	2270	17543.714633566298	1
3	2271	17546.714633566298	0
3	2292	17796.09997515513	1
3	2294	17799.09997515513	0
3	2297	17872.900434928405	1
3	2298	17875.900434928405	0
3	2313	17989.665677293372	1
3	2314	17992.665677293372	0
3	2317	18000.992808592206	1
3	2318	18003.992808592206	0
3	2326	18054.396371721543	1
3	2328	18057.396371721543	0
3	2338	18100.629842998516	1
3	2339	18103.629842998516	0
3	2342	18108.598714634164	1
3	2343	18111.598714634164	0
3	2346	18134.05591918735	1
3	2347	18137.05591918735	0
3	2355	18182.624313131251	1
3	2356	18185.624313131251	0
3	2357	18189.096427864818	1
3	2359	18190.872967279088	2
3	2360	18192.096427864818	1
3	2362	18195.096427864818	0
3	2371	18243.611055273269	1
3	2372	18246.611055273269	0
3	2391	18362.747165939066	1
3	2392	18365.747165939066	0
3	2395	18383.123685102542	1
3	2397	18386.123685102542	0
3	2399	18387.858329036378	1
3	2401	18390.858329036378	0
3	2408	18472.800504014872	1
3	2409	18475.800504014872	0
3	2454	18771.436413874414	1
3	2455	18774.436413874414	0
3	2465	18818.203862348266	1
3	2466	18821.203862348266	0
3	2468	18825.333229838912	1
3	2470	18828.333229838912	0
3	2479	18892.704676935676	1
3	2480	18895.704676935676	2
3	2481	18895.704676935676	1
3	2482	18898.704676935676	0
3	2491	18928.994111595199	1
3	2493	18931.994111595199	0
3	2504	18998.725811537495	1
3	2506	19001.725811537495	0
3	2517	19075.95935761648	1
3	2518	19078.95935761648	0
3	2525	19150.063292714053	1
3	2527	19153.063292714053	0
3	2529	19175.947703204188	1
3	2530	19178.947703204188	0
3	2560	19377.443708898843	1
3	2561	19380.443708898843	0
3	2562	19389.652868364801	1
3	2563	19392.652868364801	0
3	2574	19467.272521133631	1
3	2576	19470.272521133631	0
3	2585	19555.50014841067	1
3	2588	19558.50014841067	0
3	2614	19759.751852245935	1
3	2615	19762.751852245935	0
3	2620	19840.30225643132	1
3	2622	19843.30225643132	0
3	2625	19849.462094058301	1
3	2626	19852.462094058301	0
3	2633	19904.907888966592	1
3	2636	19907.907888966592	0
3	2638	19940.967247452808	1
3	2640	19943.967247452808	0
3	2642	19947.361447212436	1
3	2643	19950.361447212436	0
4	169	1030.126290800522	3
4	189	1217.474935175949	3
4	196	1302.752454494312	3
4	204	1385.578598264429	3
4	208	1434.14609356683	3
4	211	1442.986725336076	3
4	225	1573.485976312517	3
4	257	1879.292774005227	3
4	270	1976.679472138728	3
4	274	1989.725327543931	3
4	283	2052.107448841702	3
4	287	2072.56420459708	3
4	300	2151.542069103938	3
4	329	2285.884227946093	3
4	349	2387.074748383109	3
4	358	2423.722228503477	3
4	360	2435.776498938653	3
4	376	2526.320613003086	3
4	388	2620.221944196722	3
4	418	2820.436562768117	3
4	425	2872.46524798417	3
4	429	2903.072620818898	3
4	431	2906.356282386597	3
4	433	2909.981130875772	3
4	479	3348.599747939153	3
4	497	3508.799842610069	3
4	521	3667.428167282073	3
4	528	3730.533604659068	3
4	531	3747.485623125848	3
4	575	3990.961478484916	3
4	580	4031.445780955027	3
4	593	4116.213595259064	3
4	597	4145.273580748595	3
4	602	4189.944239382815	3
4	621	4518.096168048501	3
4	634	4668.981807058555	3
4	662	4924.990306348035	3
4	667	4957.902438391643	3
4	670	4971.843428140069	3
4	676	5036.69227452945	3
4	700	5194.941878018232	3
4	702	5209.754271560967	3
4	728	5437.179094958234	3
4	736	5492.497302538706	3
4	750	5592.344916453441	3
4	762	5689.82312563703	3
4	801	6032.443195649832	3
4	820	6166.125510319413	3
4	828	6227.428783872841	3
4	830	6246.900332434367	3
4	832	6251.521184009516	3
4	838	6278.833198781981	3
4	840	6290.725967716948	3
4	861	6421.456844838039	3
4	903	6754.418744379507	3
4	909	6803.471917834959	3
4	913	6815.724915267453	3
4	924	6911.534665391403	3
4	944	7044.232467766142	3
4	948	7077.163379152287	3
4	978	7347.342799989352	3
4	988	7444.866481253861	3
4	1007	7586.699196153078	3
4	1044	7937.231693506363	3
4	1047	7945.446527244045	3
4	1049	7953.388490176601	3
4	1075	8213.800576145458	3
4	1083	8313.640091958491	3
4	1117	8644.417517138311	3
4	1129	8718.75547030192	3
4	1142	8821.689871048061	3
4	1146	8871.144383604758	3
4	1182	9106.405931464688	3
4	1186	9116.479735085223	3
4	1210	9294.862370004812	3
4	1222	9381.231415719978	3
4	1242	9533.436803487867	3
4	1250	9604.194158150759	3
4	1274	9842.761023660242	3
4	1283	9898.998827408411	3
4	1322	10060.855538060668	3
4	1335	10143.661194765583	3
4	1353	10254.043299269468	3
4	1359	10336.572210360775	3
4	1361	10350.85250947981	3
4	1367	10401.806200130681	3
4	1383	10546.549316908821	3
4	1403	10669.260594647646	3
4	1419	10806.130398010581	3
4	1431	10938.448645345713	3
4	1447	11117.970374968078	3
4	1451	11147.070634577715	3
4	1457	11212.860114821974	3
4	1464	11296.243451603119	3
4	1481	11408.332764609777	3
4	1482	11414.332764609777	8.097120546256
4	1489	11439.489424582262	3
4	1540	11660.384547134332	3
4	1542	11671.317146732277	3
4	1547	11681.765755992833	3
4	1552	11716.284276540555	3
4	1555	11741.625157280383	3
4	1557	11746.651607579255	3
4	1561	11759.5919226402	3
4	1568	11783.237546772491	3
4	1570	11795.071755600052	3
4	1573	11832.270974649715	3
4	1579	11855.830653603417	3
4	1585	11880.399469713977	3
4	1609	12081.604300762252	3
4	1658	12674.449161760676	3
4	1661	12683.548617886403	3
4	1704	12893.951923041624	3
4	1713	12923.418413043884	3
4	1728	13006.37787607631	3
4	1754	13145.209555196782	3
4	1755	13148.209555196782	3
4	1766	13241.988445819402	3
4	1779	13315.840300886302	3
4	1785	13360.762926126988	3
4	1788	13393.258307093342	3
4	1795	13409.404777801067	3
4	1815	13513.641915243996	3
4	1828	13606.204928533214	3
4	1871	13956.704364281018	3
4	1875	13995.671386549232	3
4	1883	14042.170870827284	3
4	1912	14272.746921510638	3
4	1936	14425.013095448642	3
4	1938	14440.239574569476	3
4	1944	14475.975854306614	3
4	1947	14483.530294539703	3
4	1950	14493.912518039064	3
4	1951	14499.912518039064	7.280275481801
4	1959	14576.060999871922	3
4	1967	14617.133190333359	3
4	1997	14967.841942270517	3
4	2002	14998.01126956382	3
4	2014	15067.9868697161	3
4	2027	15138.902753559166	3
4	2045	15271.106626463736	3
4	2049	15311.55420214304	3
4	2054	15346.562790838549	3
4	2059	15396.816803230887	3
4	2085	15533.54448746541	3
4	2086	15539.54448746541	8.989195431087
4	2097	15616.086382317807	3
4	2125	15821.731950485929	3
4	2137	16000.686072480677	3
4	2152	16174.395544617353	3
4	2154	16202.858469796549	3
4	2160	16274.64018063888	3
4	2164	16321.494133430377	3
4	2183	16639.652227511971	3
4	2189	16672.142043600835	3
4	2205	16885.45696350484	3
4	2223	17021.377486916731	3
4	2242	17191.849977363063	3
4	2265	17459.702987787091	3
4	2271	17546.714633566298	3
4	2294	17799.09997515513	3
4	2298	17875.900434928405	3
4	2314	17992.665677293372	3
4	2318	18003.992808592206	3
4	2328	18057.396371721543	3
4	2339	18103.629842998516	3
4	2343	18111.598714634164	3
4	2347	18137.05591918735	3
4	2356	18185.624313131251	3
4	2360	18192.096427864818	3
4	2362	18195.096427864818	4.22346058573
4	2372	18246.611055273269	3
4	2392	18365.747165939066	3
4	2397	18386.123685102542	3
4	2401	18390.858329036378	3
4	2409	18475.800504014872	3
4	2455	18774.436413874414	3
4	2466	18821.203862348266	3
4	2470	18828.333229838912	3
4	2481	18895.704676935676	3
4	2482	18898.704676935676	3
4	2493	18931.994111595199	3
4	2506	19001.725811537495	3
4	2518	19078.95935761648	3
4	2527	19153.063292714053	3
4	2530	19178.947703204188	3
4	2561	19380.443708898843	3
4	2563	19392.652868364801	3
4	2576	19470.272521133631	3
4	2588	19558.50014841067	3
4	2615	19762.751852245935	3
4	2622	19843.30225643132	3
4	2626	19852.462094058301	3
4	2636	19907.907888966592	3
4	2640	19943.967247452808	3
4	2643	19950.361447212436	3
5	169	1030.126290800522	6660
5	189	1217.474935175949	6662
5	196	1302.752454494312	6663
5	204	1385.578598264429	6664
5	208	1434.14609356683	6665
5	211	1442.986725336076	6666
5	225	1573.485976312517	6668
5	257	1879.292774005227	6675
5	270	1976.679472138728	6674
5	274	1989.725327543931	6670
5	283	2052.107448841702	6678
5	287	2072.56420459708	6673
5	300	2151.542069103938	6677
5	329	2285.884227946093	6683
5	349	2387.074748383109	6685
5	358	2423.722228503477	6687
5	360	2435.776498938653	6691
5	376	2526.320613003086	6690
5	388	2620.221944196722	6694
5	418	2820.436562768117	6701
5	425	2872.46524798417	6697
5	429	2903.072620818898	6703
5	431	2906.356282386597	6698
5	433	2909.981130875772	6699
5	479	3348.599747939153	6709
5	497	3508.799842610069	6712
5	521	3667.428167282073	6711
5	528	3730.533604659068	6715
5	531	3747.485623125848	6718
5	575	3990.961478484916	6722
5	580	4031.445780955027	6727
5	593	4116.213595259064	6726
5	597	4145.273580748595	6728
5	602	4189.944239382815	6729
5	621	4518.096168048501	6732
5	634	4668.981807058555	6733
5	662	4924.990306348035	6737
5	667	4957.902438391643	6736
5	670	4971.843428140069	6739
5	676	5036.69227452945	6738
5	700	5194.941878018232	6742
5	702	5209.754271560967	6746
5	728	5437.179094958234	6749
5	736	5492.497302538706	6751
5	750	5592.344916453441	6754
5	762	5689.82312563703	6753
5	801	6032.443195649832	6760
5	820	6166.125510319413	6762
5	828	6227.428783872841	6764
5	830	6246.900332434367	6767
5	832	6251.521184009516	6768
5	838	6278.833198781981	6769
5	840	6290.725967716948	6763
5	861	6421.456844838039	6772
5	903	6754.418744379507	6776
5	909	6803.471917834959	6780
5	913	6815.724915267453	6782
5	924	6911.534665391403	6781
5	944	7044.232467766142	6785
5	948	7077.163379152287	6787
5	978	7347.342799989352	6791
5	988	7444.866481253861	6790
5	1007	7586.699196153078	6795
5	1044	7937.231693506363	6801
5	1047	7945.446527244045	6799
5	1049	7953.388490176601	6800
5	1075	8213.800576145458	6805
5	1083	8313.640091958491	6804
5	1117	8644.417517138311	6810
5	1129	8718.75547030192	6816
5	1142	8821.689871048061	6817
5	1146	8871.144383604758	6819
5	1182	9106.405931464688	6826
5	1186	9116.479735085223	6821
5	1210	9294.862370004812	6824
5	1222	9381.231415719978	6829
5	1242	9533.436803487867	6831
5	1250	9604.194158150759	6834
5	1274	9842.761023660242	6838
5	1283	9898.998827408411	6836
5	1322	10060.855538060668	6843
5	1335	10143.661194765583	6845
5	1353	10254.043299269468	6846
5	1359	10336.572210360775	6852
5	1361	10350.85250947981	6851
5	1367	10401.806200130681	6854
5	1383	10546.549316908821	6856
5	1403	10669.260594647646	6861
5	1419	10806.130398010581	6862
5	1431	10938.448645345713	6864
5	1447	11117.970374968078	6868
5	1451	11147.070634577715	6866
5	1457	11212.860114821974	6869
5	1464	11296.243451603119	6870
5	1481	11408.332764609777	6872
5	1482	11414.332764609777	6871
5	1489	11439.489424582262	6875
5	1540	11660.384547134332	6879
5	1542	11671.317146732277	6877
5	1547	11681.765755992833	6878
5	1552	11716.284276540555	6881
5	1555	11741.625157280383	6882
5	1557	11746.651607579255	6885
5	1561	11759.5919226402	6883
5	1568	11783.237546772491	6880
5	1570	11795.071755600052	6884
5	1573	11832.270974649715	6887
5	1579	11855.830653603417	6888
5	1585	11880.399469713977	6886
5	1609	12081.604300762252	6891
5	1658	12674.449161760676	6897
5	1661	12683.548617886403	6900
5	1704	12893.951923041624	6901
5	1713	12923.418413043884	6903
5	1728	13006.37787607631	6909
5	1754	13145.209555196782	6913
5	1755	13148.209555196782	6914
5	1766	13241.988445819402	6915
5	1779	13315.840300886302	6919
5	1785	13360.762926126988	6916
5	1788	13393.258307093342	6920
5	1795	13409.404777801067	6922
5	1815	13513.641915243996	6925
5	1828	13606.204928533214	6924
5	1871	13956.704364281018	6931
5	1875	13995.671386549232	6932
5	1883	14042.170870827284	6936
5	1912	14272.746921510638	6941
5	1936	14425.013095448642	6942
5	1938	14440.239574569476	6946
5	1944	14475.975854306614	6948
5	1947	14483.530294539703	6943
5	1950	14493.912518039064	6949
5	1951	14499.912518039064	6944
5	1959	14576.060999871922	6947
5	1967	14617.133190333359	6945
5	1997	14967.841942270517	6951
5	2002	14998.01126956382	6955
5	2014	15067.9868697161	6956
5	2027	15138.902753559166	6960
5	2045	15271.106626463736	6963
5	2049	15311.55420214304	6962
5	2054	15346.562790838549	6964
5	2059	15396.816803230887	6965
5	2085	15533.54448746541	6971
5	2086	15539.54448746541	6967
5	2097	15616.086382317807	6966
5	2125	15821.731950485929	6975
5	2137	16000.686072480677	6976
5	2152	16174.395544617353	6980
5	2154	16202.858469796549	6981
5	2160	16274.64018063888	6979
5	2164	16321.494133430377	6982
5	2183	16639.652227511971	6987
5	2189	16672.142043600835	6988
5	2205	16885.45696350484	6990
5	2223	17021.377486916731	6989
5	2242	17191.849977363063	6992
5	2265	17459.702987787091	6999
5	2271	17546.714633566298	7000
5	2294	17799.09997515513	7006
5	2298	17875.900434928405	7004
5	2314	17992.665677293372	7008
5	2318	18003.992808592206	7009
5	2328	18057.396371721543	7013
5	2339	18103.629842998516	7015
5	2343	18111.598714634164	7010
5	2347	18137.05591918735	7012
5	2356	18185.624313131251	7018
5	2360	18192.096427864818	7019
5	2362	18195.096427864818	7020
5	2372	18246.611055273269	7021
5	2392	18365.747165939066	7016
5	2397	18386.123685102542	7023
5	2401	18390.858329036378	7024
5	2409	18475.800504014872	7022
5	2455	18774.436413874414	7028
5	2466	18821.203862348266	7033
5	2470	18828.333229838912	7034
5	2481	18895.704676935676	7031
5	2482	18898.704676935676	7032
5	2493	18931.994111595199	7035
5	2506	19001.725811537495	7039
5	2518	19078.95935761648	7038
5	2527	19153.063292714053	7041
5	2530	19178.947703204188	7040
5	2561	19380.443708898843	7047
5	2563	19392.652868364801	7042
5	2576	19470.272521133631	7045
5	2588	19558.50014841067	7050
5	2615	19762.751852245935	7053
5	2622	19843.30225643132	7054
5	2626	19852.462094058301	7056
5	2636	19907.907888966592	7057
5	2640	19943.967247452808	7060
5	2643	19950.361447212436	7055
6	178	1111.474935175949	1
6	179	1114.474935175949	0
6	180	1123.746166655333	1
6	181	1126.746166655333	0
6	210	1441.156033739482	1
6	212	1444.156033739482	0
6	213	1467.485976312517	1
6	214	1470.485976312517	0
6	237	1734.168020731145	1
6	238	1737.168020731145	0
6	246	1787.905283112374	1
6	247	1790.905283112374	0
6	258	1883.725327543931	1
6	259	1886.725327543931	0
6	267	1966.56420459708	1
6	268	1969.56420459708	0
6	271	1979.292774005227	1
6	272	1982.292774005227	0
6	292	2101.484782067397	1
6	294	2104.484782067397	0
6	307	2179.884227946093	1
6	309	2182.884227946093	0
6	322	2273.816316421035	1
6	324	2276.816316421035	0
6	325	2281.074748383109	1
6	327	2284.074748383109	0
6	333	2313.484782067397	1
6	334	2316.484782067397	0
6	335	2317.722228503477	1
6	337	2320.722228503477	0
6	340	2352.483721922121	1
6	342	2355.483721922121	0
6	352	2408.325530671943	1
6	353	2411.325530671943	0
6	355	2420.320613003086	1
6	357	2423.320613003086	0
6	361	2452.856308190452	1
6	363	2455.856308190452	0
6	366	2488.404095454213	1
6	368	2491.404095454213	0
6	377	2535.776498938653	1
6	378	2538.776498938653	0
6	401	2720.221944196722	1
6	402	2723.221944196722	0
6	407	2766.46524798417	1
6	408	2769.46524798417	0
6	411	2800.356282386597	1
6	412	2803.356282386597	0
6	413	2803.981130875772	1
6	414	2806.981130875772	0
6	438	2950.185785752566	1
6	439	2953.185785752566	0
6	440	2967.821931815189	1
6	441	2970.821931815189	0
6	446	3003.072620818898	1
6	447	3006.072620818898	0
6	476	3323.35302925209	1
6	477	3326.35302925209	0
6	491	3455.695157581251	1
6	493	3458.695157581251	0
6	502	3554.077619357797	1
6	504	3557.077619357797	0
6	506	3561.428167282073	1
6	507	3564.428167282073	0
6	509	3621.533604659068	1
6	510	3622.027437951678	2
6	512	3624.533604659068	1
6	513	3627.533604659068	0
6	514	3644.358261795804	1
6	516	3647.358261795804	0
6	539	3808.032294729554	1
6	540	3811.032294729554	0
6	545	3847.485623125848	1
6	547	3850.485623125848	0
6	549	3875.245468094218	1
6	550	3876.425591278652	2
6	552	3878.245468094218	1
6	554	3884.245468094218	0
6	576	4010.213595259064	1
6	577	4013.213595259064	0
6	581	4039.273580748595	1
6	582	4042.273580748595	0
6	585	4081.09433570271	1
6	587	4084.09433570271	0
6	588	4086.642588192332	1
6	590	4089.642588192332	0
6	594	4131.445780955027	1
6	595	4134.445780955027	0
6	610	4330.830735117406	1
6	611	4333.830735117406	0
6	617	4487.989538847861	1
6	618	4490.989538847861	0
6	623	4562.981807058555	1
6	624	4565.981807058555	0
6	628	4604.99856818757	1
6	629	4607.99856818757	0
6	656	4851.902438391643	1
6	657	4854.902438391643	0
6	663	4930.69227452945	1
6	664	4933.69227452945	0
6	678	5052.188839709795	1
6	679	5055.188839709795	0
6	683	5071.843428140069	1
6	684	5074.843428140069	0
6	685	5088.941878018232	1
6	686	5091.941878018232	0
6	690	5117.854676179161	1
6	691	5120.854676179161	0
6	696	5167.366747323237	1
6	697	5170.366747323237	0
6	713	5309.754271560967	1
6	714	5312.754271560967	0
6	782	5833.561684579783	1
6	784	5836.561684579783	0
6	792	5935.016940902479	1
6	794	5938.016940902479	0
6	797	5988.074065510283	1
6	798	5991.074065510283	0
6	805	6060.125510319413	1
6	806	6063.125510319413	0
6	811	6121.428783872841	1
6	812	6124.428783872841	0
6	823	6184.725967716948	1
6	824	6187.725967716948	0
6	886	6637.473717229422	1
6	888	6640.473717229422	0
6	889	6648.418744379507	1
6	890	6651.418744379507	0
6	904	6756.129527728613	1
6	905	6759.129527728613	0
6	910	6805.534665391403	1
6	911	6808.534665391403	0
6	921	6903.471917834959	1
6	922	6906.471917834959	0
6	925	6915.724915267453	1
6	926	6918.724915267453	0
6	949	7124.76126310143	1
6	950	7127.76126310143	0
6	951	7129.562089850486	1
6	952	7132.562089850486	0
6	960	7177.163379152287	1
6	961	7180.163379152287	0
6	968	7247.495909219948	1
6	971	7250.495909219948	0
6	975	7338.866481253861	1
6	976	7341.866481253861	0
6	989	7447.342799989352	1
6	990	7450.342799989352	0
6	995	7487.816926264304	1
6	996	7490.816926264304	0
6	1010	7617.110421533063	1
6	1012	7620.110421533063	0
6	1014	7627.446527244045	1
6	1015	7630.446527244045	0
6	1021	7697.82421858419	1
6	1022	7700.82421858419	0
6	1037	7839.446527244045	1
6	1038	7842.446527244045	0
6	1050	7956.203234647465	1
6	1051	7959.203234647465	0
6	1064	8107.800576145458	1
6	1065	8110.800576145458	0
6	1067	8141.175341752598	1
6	1069	8144.175341752598	0
6	1072	8207.640091958491	1
6	1073	8210.640091958491	0
6	1080	8298.765052344808	1
6	1081	8301.765052344808	0
6	1095	8440.904592158306	1
6	1096	8443.904592158306	0
6	1097	8444.455524414603	1
6	1098	8447.455524414603	0
6	1111	8596.529030515608	1
6	1112	8599.529030515608	0
6	1118	8672.909017899759	1
6	1119	8675.909017899759	0
6	1120	8688.413615268962	1
6	1121	8691.413615268962	0
6	1122	8694.067347315476	1
6	1123	8697.067347315476	0
6	1138	8811.197342650119	1
6	1139	8814.197342650119	0
6	1165	9010.479735085223	1
6	1166	9013.479735085223	0
6	1169	9031.250300400052	1
6	1170	9034.250300400052	0
6	1195	9188.862370004812	1
6	1196	9191.862370004812	0
6	1199	9206.405931464688	1
6	1200	9209.405931464688	0
6	1211	9304.529179417545	1
6	1213	9307.529179417545	0
6	1218	9367.199205491178	1
6	1219	9370.199205491178	0
6	1224	9404.95361995032	1
6	1226	9407.95361995032	0
6	1228	9427.436803487867	1
6	1229	9430.436803487867	0
6	1239	9518.656726510426	1
6	1240	9521.656726510426	0
6	1243	9545.878075468473	1
6	1244	9548.878075468473	0
6	1256	9700.847070001017	1
6	1257	9703.847070001017	0
6	1265	9792.998827408411	1
6	1266	9795.998827408411	0
6	1289	9938.553785006095	1
6	1290	9941.553785006095	0
6	1295	9954.855538060668	1
6	1298	9957.855538060668	0
6	1309	10031.458550227301	1
6	1310	10034.458550227301	0
6	1317	10055.182824234024	1
6	1320	10058.182824234024	0
6	1323	10063.215213742889	1
6	1325	10066.215213742889	0
6	1326	10075.659944786174	1
6	1327	10078.659944786174	0
6	1337	10148.043299269468	1
6	1338	10151.043299269468	0
6	1350	10244.85250947981	1
6	1351	10247.85250947981	0
6	1373	10470.34390419937	1
6	1374	10473.34390419937	0
6	1376	10501.806200130681	1
6	1378	10504.806200130681	0
6	1385	10564.544545309108	1
6	1387	10567.544545309108	0
6	1399	10649.955603000756	1
6	1400	10652.955603000756	0
6	1406	10700.130398010581	1
6	1407	10703.130398010581	0
6	1415	10769.260594647646	1
6	1417	10772.260594647646	0
6	1427	10910.072945499791	1
6	1428	10913.072945499791	0
6	1440	11041.070634577715	1
6	1441	11044.070634577715	0
6	1458	11217.970374968078	1
6	1459	11220.970374968078	0
6	1465	11303.235644063521	1
6	1467	11306.235644063521	0
6	1468	11312.860114821974	1
6	1469	11315.860114821974	0
6	1486	11423.185386553189	1
6	1487	11426.185386553189	0
6	1490	11441.877981493161	1
6	1491	11444.877981493161	0
6	1517	11565.317146732277	1
6	1518	11568.317146732277	0
6	1520	11575.765755992833	1
6	1522	11578.765755992833	0
6	1525	11610.284276540555	1
6	1527	11613.284276540555	0
6	1537	11653.5919226402	1
6	1538	11656.5919226402	0
6	1544	11677.237546772491	1
6	1546	11680.237546772491	0
6	1548	11689.071755600052	1
6	1549	11692.071755600052	0
6	1564	11774.399469713977	1
6	1565	11777.399469713977	0
6	1580	11859.040698892197	1
6	1582	11862.040698892197	0
6	1617	12277.978223418427	1
6	1619	12280.978223418427	0
6	1625	12382.849527826085	1
6	1626	12385.849527826085	0
6	1639	12543.127148036527	1
6	1640	12546.127148036527	0
6	1660	12682.766698311706	1
6	1663	12685.766698311706	0
6	1668	12705.73792689135	1
6	1669	12708.73792689135	0
6	1674	12737.692325740159	1
6	1675	12740.692325740159	0
6	1683	12787.951923041624	1
6	1684	12790.951923041624	0
6	1685	12794.054964143067	1
6	1686	12797.054964143067	0
6	1691	12817.418413043884	1
6	1692	12820.418413043884	0
6	1709	12904.059790446558	1
6	1710	12907.059790446558	0
6	1730	13013.941820470818	1
6	1731	13016.941820470818	0
6	1736	13039.209555196782	1
6	1737	13039.643251064243	2
6	1739	13042.209555196782	1
6	1740	13045.209555196782	0
6	1742	13091.319559325674	1
6	1743	13094.319559325674	0
6	1750	13135.988445819402	1
6	1751	13138.988445819402	0
6	1763	13233.628316717761	1
6	1764	13236.628316717761	0
6	1769	13254.762926126988	1
6	1770	13257.762926126988	0
6	1797	13415.840300886302	1
6	1799	13418.840300886302	0
6	1808	13501.07816385195	1
6	1810	13504.07816385195	0
6	1816	13516.373606625723	1
6	1818	13519.373606625723	0
6	1830	13613.641915243996	1
6	1831	13616.641915243996	0
6	1837	13674.953301747419	1
6	1838	13677.953301747419	0
6	1857	13850.704364281018	1
6	1858	13853.704364281018	0
6	1865	13928.765507374319	1
6	1866	13931.765507374319	0
6	1867	13937.733780968694	1
6	1869	13940.733780968694	0
6	1940	14470.060999871922	1
6	1942	14473.060999871922	0
6	1952	14511.133190333359	1
6	1953	14514.133190333359	0
6	1955	14540.239574569476	1
6	1956	14543.239574569476	0
6	2005	15026.016779418159	1
6	2006	15029.016779418159	0
6	2021	15113.51866723673	1
6	2022	15116.51866723673	0
6	2034	15205.55420214304	1
6	2035	15208.55420214304	0
6	2039	15233.676255110812	1
6	2040	15236.676255110812	0
6	2063	15427.555292034323	1
6	2067	15430.555292034323	0
6	2068	15446.562790838549	1
6	2069	15449.562790838549	0
6	2070	15451.04597551478	1
6	2071	15454.04597551478	0
6	2075	15496.816803230887	1
6	2076	15499.816803230887	0
6	2077	15510.086382317807	1
6	2078	15513.086382317807	0
6	2100	15633.54448746541	1
6	2103	15636.54448746541	0
6	2110	15670.898838429739	1
6	2112	15673.898838429739	0
6	2127	15862.49501325773	1
6	2128	15865.49501325773	0
6	2131	15921.731950485929	1
6	2132	15924.731950485929	0
6	2133	15960.230819045002	1
6	2134	15963.230819045002	0
6	2149	16168.64018063888	1
6	2151	16171.64018063888	0
6	2207	16909.793726290352	1
6	2208	16912.793726290352	0
6	2209	16915.377486916731	1
6	2210	16918.377486916731	0
6	2214	16985.45696350484	1
6	2216	16988.45696350484	0
6	2227	17085.849977363063	1
6	2229	17088.849977363063	0
6	2234	17111.807584880614	1
6	2235	17114.807584880614	0
6	2256	17353.702987787091	1
6	2257	17356.702987787091	0
6	2261	17440.714633566298	1
6	2262	17443.714633566298	0
6	2277	17623.530827336335	1
6	2278	17626.530827336335	0
6	2288	17769.900434928405	1
6	2289	17772.900434928405	0
6	2320	18005.598714634164	1
6	2321	18008.598714634164	0
6	2322	18028.011730991068	1
6	2323	18031.011730991068	0
6	2324	18031.05591918735	1
6	2325	18034.05591918735	0
6	2336	18092.665677293372	1
6	2337	18095.665677293372	0
6	2340	18103.992808592206	1
6	2341	18106.992808592206	0
6	2352	18161.574097429806	1
6	2353	18164.574097429806	0
6	2358	18189.097882979566	1
6	2361	18192.097882979566	0
6	2373	18259.747165939066	1
6	2374	18262.747165939066	0
6	2379	18285.624313131251	1
6	2381	18288.624313131251	0
6	2393	18369.800504014872	1
6	2394	18372.800504014872	0
6	2411	18486.123685102542	1
6	2414	18489.123685102542	0
6	2434	18668.436413874414	1
6	2435	18671.436413874414	0
6	2437	18690.834581481317	1
6	2440	18693.834581481317	0
6	2456	18789.704676935676	1
6	2457	18791.651996682078	2
6	2458	18792.704676935676	1
6	2460	18795.704676935676	0
6	2469	18825.994111595199	1
6	2471	18828.994111595199	0
6	2484	18907.980275953241	1
6	2485	18910.980275953241	0
6	2486	18916.81231276024	1
6	2487	18919.81231276024	0
6	2499	18972.95935761648	1
6	2500	18975.95935761648	0
6	2515	19072.947703204188	1
6	2516	19075.947703204188	0
6	2523	19101.725811537495	1
6	2524	19104.725811537495	0
6	2546	19286.652868364801	1
6	2548	19289.652868364801	0
6	2551	19330.923240207683	1
6	2552	19333.923240207683	0
6	2557	19364.272521133631	1
6	2559	19367.272521133631	0
6	2569	19452.50014841067	1
6	2571	19455.50014841067	0
6	2573	19465.963380923843	1
6	2575	19468.963380923843	0
6	2580	19522.756958222156	1
6	2581	19525.756958222156	0
6	2594	19630.393851076459	1
6	2595	19633.393851076459	0
6	2599	19656.751852245935	1
6	2600	19657.120850552213	2
6	2602	19659.751852245935	1
6	2603	19665.751852245935	0
6	2607	19737.30225643132	1
6	2608	19740.30225643132	0
6	2617	19801.907888966592	1
6	2619	19804.907888966592	0
6	2623	19844.361447212436	1
6	2624	19847.361447212436	0
6	2627	19859.081346512713	1
6	2628	19862.081346512713	0
6	2632	19902.3219486735	1
6	2634	19905.3219486735	0
7	179	1114.474935175949	3
7	181	1126.746166655333	3
7	212	1444.156033739482	3
7	214	1470.485976312517	3
7	238	1737.168020731145	3
7	247	1790.905283112374	3
7	259	1886.725327543931	3
7	268	1969.56420459708	3
7	272	1982.292774005227	3
7	294	2104.484782067397	3
7	309	2182.884227946093	3
7	324	2276.816316421035	3
7	327	2284.074748383109	3
7	334	2316.484782067397	3
7	337	2320.722228503477	3
7	342	2355.483721922121	3
7	353	2411.325530671943	3
7	357	2423.320613003086	3
7	363	2455.856308190452	3
7	368	2491.404095454213	3
7	378	2538.776498938653	3
7	402	2723.221944196722	3
7	408	2769.46524798417	3
7	412	2803.356282386597	3
7	414	2806.981130875772	3
7	439	2953.185785752566	3
7	441	2970.821931815189	3
7	447	3006.072620818898	3
7	477	3326.35302925209	3
7	493	3458.695157581251	3
7	504	3557.077619357797	3
7	507	3564.428167282073	3
7	512	3624.533604659068	3
7	513	3627.533604659068	5.50616670739
7	516	3647.358261795804	3
7	540	3811.032294729554	3
7	547	3850.485623125848	3
7	552	3878.245468094218	3
7	554	3884.245468094218	7.819876815566
7	577	4013.213595259064	3
7	582	4042.273580748595	3
7	587	4084.09433570271	3
7	590	4089.642588192332	3
7	595	4134.445780955027	3
7	611	4333.830735117406	3
7	618	4490.989538847861	3
7	624	4565.981807058555	3
7	629	4607.99856818757	3
7	657	4854.902438391643	3
7	664	4933.69227452945	3
7	679	5055.188839709795	3
7	684	5074.843428140069	3
7	686	5091.941878018232	3
7	691	5120.854676179161	3
7	697	5170.366747323237	3
7	714	5312.754271560967	3
7	784	5836.561684579783	3
7	794	5938.016940902479	3
7	798	5991.074065510283	3
7	806	6063.125510319413	3
7	812	6124.428783872841	3
7	824	6187.725967716948	3
7	888	6640.473717229422	3
7	890	6651.418744379507	3
7	905	6759.129527728613	3
7	911	6808.534665391403	3
7	922	6906.471917834959	3
7	926	6918.724915267453	3
7	950	7127.76126310143	3
7	952	7132.562089850486	3
7	961	7180.163379152287	3
7	971	7250.495909219948	3
7	976	7341.866481253861	3
7	990	7450.342799989352	3
7	996	7490.816926264304	3
7	1012	7620.110421533063	3
7	1015	7630.446527244045	3
7	1022	7700.82421858419	3
7	1038	7842.446527244045	3
7	1051	7959.203234647465	3
7	1065	8110.800576145458	3
7	1069	8144.175341752598	3
7	1073	8210.640091958491	3
7	1081	8301.765052344808	3
7	1096	8443.904592158306	3
7	1098	8447.455524414603	3
7	1112	8599.529030515608	3
7	1119	8675.909017899759	3
7	1121	8691.413615268962	3
7	1123	8697.067347315476	3
7	1139	8814.197342650119	3
7	1166	9013.479735085223	3
7	1170	9034.250300400052	3
7	1196	9191.862370004812	3
7	1200	9209.405931464688	3
7	1213	9307.529179417545	3
7	1219	9370.199205491178	3
7	1226	9407.95361995032	3
7	1229	9430.436803487867	3
7	1240	9521.656726510426	3
7	1244	9548.878075468473	3
7	1257	9703.847070001017	3
7	1266	9795.998827408411	3
7	1290	9941.553785006095	3
7	1298	9957.855538060668	3
7	1310	10034.458550227301	3
7	1320	10058.182824234024	3
7	1325	10066.215213742889	3
7	1327	10078.659944786174	3
7	1338	10151.043299269468	3
7	1351	10247.85250947981	3
7	1374	10473.34390419937	3
7	1378	10504.806200130681	3
7	1387	10567.544545309108	3
7	1400	10652.955603000756	3
7	1407	10703.130398010581	3
7	1417	10772.260594647646	3
7	1428	10913.072945499791	3
7	1441	11044.070634577715	3
7	1459	11220.970374968078	3
7	1467	11306.235644063521	3
7	1469	11315.860114821974	3
7	1487	11426.185386553189	3
7	1491	11444.877981493161	3
7	1518	11568.317146732277	3
7	1522	11578.765755992833	3
7	1527	11613.284276540555	3
7	1538	11656.5919226402	3
7	1546	11680.237546772491	3
7	1549	11692.071755600052	3
7	1565	11777.399469713977	3
7	1582	11862.040698892197	3
7	1619	12280.978223418427	3
7	1626	12385.849527826085	3
7	1640	12546.127148036527	3
7	1663	12685.766698311706	3
7	1669	12708.73792689135	3
7	1675	12740.692325740159	3
7	1684	12790.951923041624	3
7	1686	12797.054964143067	3
7	1692	12820.418413043884	3
7	1710	12907.059790446558	3
7	1731	13016.941820470818	3
7	1739	13042.209555196782	3
7	1740	13045.209555196782	5.566304132539
7	1743	13094.319559325674	3
7	1751	13138.988445819402	3
7	1764	13236.628316717761	3
7	1770	13257.762926126988	3
7	1799	13418.840300886302	3
7	1810	13504.07816385195	3
7	1818	13519.373606625723	3
7	1831	13616.641915243996	3
7	1838	13677.953301747419	3
7	1858	13853.704364281018	3
7	1866	13931.765507374319	3
7	1869	13940.733780968694	3
7	1942	14473.060999871922	3
7	1953	14514.133190333359	3
7	1956	14543.239574569476	3
7	2006	15029.016779418159	3
7	2022	15116.51866723673	3
7	2035	15208.55420214304	3
7	2040	15236.676255110812	3
7	2067	15430.555292034323	3
7	2069	15449.562790838549	3
7	2071	15454.04597551478	3
7	2076	15499.816803230887	3
7	2078	15513.086382317807	3
7	2103	15636.54448746541	3
7	2112	15673.898838429739	3
7	2128	15865.49501325773	3
7	2132	15924.731950485929	3
7	2134	15963.230819045002	3
7	2151	16171.64018063888	3
7	2208	16912.793726290352	3
7	2210	16918.377486916731	3
7	2216	16988.45696350484	3
7	2229	17088.849977363063	3
7	2235	17114.807584880614	3
7	2257	17356.702987787091	3
7	2262	17443.714633566298	3
7	2278	17626.530827336335	3
7	2289	17772.900434928405	3
7	2321	18008.598714634164	3
7	2323	18031.011730991068	3
7	2325	18034.05591918735	3
7	2337	18095.665677293372	3
7	2341	18106.992808592206	3
7	2353	18164.574097429806	3
7	2361	18192.097882979566	3
7	2374	18262.747165939066	3
7	2381	18288.624313131251	3
7	2394	18372.800504014872	3
7	2414	18489.123685102542	3
7	2435	18671.436413874414	3
7	2440	18693.834581481317	3
7	2458	18792.704676935676	3
7	2460	18795.704676935676	4.052680253598
7	2471	18828.994111595199	3
7	2485	18910.980275953241	3
7	2487	18919.81231276024	3
7	2500	18975.95935761648	3
7	2516	19075.947703204188	3
7	2524	19104.725811537495	3
7	2548	19289.652868364801	3
7	2552	19333.923240207683	3
7	2559	19367.272521133631	3
7	2571	19455.50014841067	3
7	2575	19468.963380923843	3
7	2581	19525.756958222156	3
7	2595	19633.393851076459	3
7	2602	19659.751852245935	3
7	2603	19665.751852245935	8.631001693722
7	2608	19740.30225643132	3
7	2619	19804.907888966592	3
7	2624	19847.361447212436	3
7	2628	19862.081346512713	3
7	2634	19905.3219486735	3
8	179	1114.474935175949	6662
8	181	1126.746166655333	6659
8	212	1444.156033739482	6667
8	214	1470.485976312517	6668
8	238	1737.168020731145	6669
8	247	1790.905283112374	6671
8	259	1886.725327543931	6670
8	268	1969.56420459708	6673
8	272	1982.292774005227	6675
8	294	2104.484782067397	6679
8	309	2182.884227946093	6683
8	324	2276.816316421035	6684
8	327	2284.074748383109	6685
8	334	2316.484782067397	6680
8	337	2320.722228503477	6687
8	342	2355.483721922121	6681
8	353	2411.325530671943	6686
8	357	2423.320613003086	6690
8	363	2455.856308190452	6688
8	368	2491.404095454213	6689
8	378	2538.776498938653	6691
8	402	2723.221944196722	6694
8	408	2769.46524798417	6697
8	412	2803.356282386597	6698
8	414	2806.981130875772	6699
8	439	2953.185785752566	6696
8	441	2970.821931815189	6704
8	447	3006.072620818898	6703
8	477	3326.35302925209	6706
8	493	3458.695157581251	6708
8	504	3557.077619357797	6713
8	507	3564.428167282073	6711
8	512	3624.533604659068	6714
8	513	3627.533604659068	6715
8	516	3647.358261795804	6716
8	540	3811.032294729554	6720
8	547	3850.485623125848	6718
8	552	3878.245468094218	6721
8	554	3884.245468094218	6719
8	577	4013.213595259064	6726
8	582	4042.273580748595	6728
8	587	4084.09433570271	6724
8	590	4089.642588192332	6725
8	595	4134.445780955027	6727
8	611	4333.830735117406	6730
8	618	4490.989538847861	6731
8	624	4565.981807058555	6733
8	629	4607.99856818757	6734
8	657	4854.902438391643	6736
8	664	4933.69227452945	6738
8	679	5055.188839709795	6740
8	684	5074.843428140069	6739
8	686	5091.941878018232	6742
8	691	5120.854676179161	6744
8	697	5170.366747323237	6741
8	714	5312.754271560967	6746
8	784	5836.561684579783	6756
8	794	5938.016940902479	6758
8	798	5991.074065510283	6759
8	806	6063.125510319413	6762
8	812	6124.428783872841	6764
8	824	6187.725967716948	6763
8	888	6640.473717229422	6773
8	890	6651.418744379507	6776
8	905	6759.129527728613	6777
8	911	6808.534665391403	6781
8	922	6906.471917834959	6780
8	926	6918.724915267453	6782
8	950	7127.76126310143	6783
8	952	7132.562089850486	6784
8	961	7180.163379152287	6787
8	971	7250.495909219948	6789
8	976	7341.866481253861	6790
8	990	7450.342799989352	6791
8	996	7490.816926264304	6792
8	1012	7620.110421533063	6794
8	1015	7630.446527244045	6797
8	1022	7700.82421858419	6798
8	1038	7842.446527244045	6799
8	1051	7959.203234647465	6803
8	1065	8110.800576145458	6805
8	1069	8144.175341752598	6802
8	1073	8210.640091958491	6804
8	1081	8301.765052344808	6806
8	1096	8443.904592158306	6807
8	1098	8447.455524414603	6809
8	1112	8599.529030515608	6811
8	1119	8675.909017899759	6813
8	1121	8691.413615268962	6814
8	1123	8697.067347315476	6815
8	1139	8814.197342650119	6812
8	1166	9013.479735085223	6821
8	1170	9034.250300400052	6822
8	1196	9191.862370004812	6824
8	1200	9209.405931464688	6826
8	1213	9307.529179417545	6825
8	1219	9370.199205491178	6827
8	1226	9407.95361995032	6830
8	1229	9430.436803487867	6831
8	1240	9521.656726510426	6833
8	1244	9548.878075468473	6828
8	1257	9703.847070001017	6835
8	1266	9795.998827408411	6836
8	1290	9941.553785006095	6837
8	1298	9957.855538060668	6843
8	1310	10034.458550227301	6844
8	1320	10058.182824234024	6847
8	1325	10066.215213742889	6849
8	1327	10078.659944786174	6841
8	1338	10151.043299269468	6846
8	1351	10247.85250947981	6851
8	1374	10473.34390419937	6855
8	1378	10504.806200130681	6854
8	1387	10567.544545309108	6857
8	1400	10652.955603000756	6860
8	1407	10703.130398010581	6862
8	1417	10772.260594647646	6861
8	1428	10913.072945499791	6863
8	1441	11044.070634577715	6866
8	1459	11220.970374968078	6868
8	1467	11306.235644063521	6871
8	1469	11315.860114821974	6869
8	1487	11426.185386553189	6874
8	1491	11444.877981493161	6876
8	1518	11568.317146732277	6877
8	1522	11578.765755992833	6878
8	1527	11613.284276540555	6881
8	1538	11656.5919226402	6883
8	1546	11680.237546772491	6880
8	1549	11692.071755600052	6884
8	1565	11777.399469713977	6886
8	1582	11862.040698892197	6889
8	1619	12280.978223418427	6893
8	1626	12385.849527826085	6892
8	1640	12546.127148036527	6895
8	1663	12685.766698311706	6896
8	1669	12708.73792689135	6902
8	1675	12740.692325740159	6904
8	1684	12790.951923041624	6901
8	1686	12797.054964143067	6898
8	1692	12820.418413043884	6903
8	1710	12907.059790446558	6906
8	1731	13016.941820470818	6911
8	1739	13042.209555196782	6913
8	1740	13045.209555196782	6914
8	1743	13094.319559325674	6908
8	1751	13138.988445819402	6915
8	1764	13236.628316717761	6912
8	1770	13257.762926126988	6916
8	1799	13418.840300886302	6919
8	1810	13504.07816385195	6918
8	1818	13519.373606625723	6926
8	1831	13616.641915243996	6925
8	1838	13677.953301747419	6929
8	1858	13853.704364281018	6931
8	1866	13931.765507374319	6930
8	1869	13940.733780968694	6934
8	1942	14473.060999871922	6947
8	1953	14514.133190333359	6945
8	1956	14543.239574569476	6946
8	2006	15029.016779418159	6950
8	2022	15116.51866723673	6958
8	2035	15208.55420214304	6962
8	2040	15236.676255110812	6959
8	2067	15430.555292034323	6967
8	2069	15449.562790838549	6964
8	2071	15454.04597551478	6968
8	2076	15499.816803230887	6965
8	2078	15513.086382317807	6966
8	2103	15636.54448746541	6971
8	2112	15673.898838429739	6973
8	2128	15865.49501325773	6974
8	2132	15924.731950485929	6975
8	2134	15963.230819045002	6977
8	2151	16171.64018063888	6979
8	2208	16912.793726290352	6991
8	2210	16918.377486916731	6989
8	2216	16988.45696350484	6990
8	2229	17088.849977363063	6992
8	2235	17114.807584880614	6996
8	2257	17356.702987787091	6999
8	2262	17443.714633566298	7000
8	2278	17626.530827336335	7001
8	2289	17772.900434928405	7004
8	2321	18008.598714634164	7010
8	2323	18031.011730991068	7011
8	2325	18034.05591918735	7012
8	2337	18095.665677293372	7008
8	2341	18106.992808592206	7009
8	2353	18164.574097429806	7017
8	2361	18192.097882979566	7014
8	2374	18262.747165939066	7016
8	2381	18288.624313131251	7018
8	2394	18372.800504014872	7022
8	2414	18489.123685102542	7023
8	2435	18671.436413874414	7028
8	2440	18693.834581481317	7025
8	2458	18792.704676935676	7031
8	2460	18795.704676935676	7032
8	2471	18828.994111595199	7035
8	2485	18910.980275953241	7029
8	2487	18919.81231276024	7030
8	2500	18975.95935761648	7038
8	2516	19075.947703204188	7040
8	2524	19104.725811537495	7039
8	2548	19289.652868364801	7042
8	2552	19333.923240207683	7046
8	2559	19367.272521133631	7045
8	2571	19455.50014841067	7050
8	2575	19468.963380923843	7051
8	2581	19525.756958222156	7048
8	2595	19633.393851076459	7049
8	2602	19659.751852245935	7053
8	2603	19665.751852245935	7052
8	2608	19740.30225643132	7054
8	2619	19804.907888966592	7057
8	2624	19847.361447212436	7055
8	2628	19862.081346512713	7058
8	2634	19905.3219486735	7059
9	164	1020.746166655333	1
9	165	1023.746166655333	0
9	184	1140.638445973516	1
9	185	1143.638445973516	0
9	191	1233.126290800522	1
9	192	1236.126290800522	0
9	221	1544.156033739482	1
9	223	1547.156033739482	0
9	226	1588.578598264429	1
9	227	1591.578598264429	0
9	229	1637.14609356683	1
9	230	1640.14609356683	0
9	244	1780.725327543931	1
9	245	1783.725327543931	0
9	248	1837.168020731145	1
9	249	1840.168020731145	0
9	252	1863.56420459708	1
9	253	1866.56420459708	0
9	265	1959.091083435813	1
9	266	1962.091083435813	0
9	277	2023.215568590197	1
9	278	2026.215568590197	0
9	303	2170.062647197225	1
9	305	2173.062647197225	0
9	310	2204.484782067397	1
9	312	2206.598781693002	2
9	313	2207.484782067397	1
9	314	2213.484782067397	0
9	316	2249.483721922121	1
9	319	2252.483721922121	0
9	330	2305.325530671943	1
9	332	2308.325530671943	0
9	339	2349.856308190452	1
9	341	2352.856308190452	0
9	344	2376.816316421035	1
9	345	2379.816316421035	0
9	347	2385.404095454213	1
9	350	2388.404095454213	0
9	383	2600.207774459347	1
9	384	2603.207774459347	0
9	385	2616.219646412355	1
9	387	2619.219646412355	0
9	392	2655.150577127007	1
9	393	2658.150577127007	0
9	420	2847.185785752566	1
9	421	2850.185785752566	0
9	434	2913.661768036361	1
9	435	2916.661768036361	0
9	463	3183.90799418489	1
9	464	3186.90799418489	0
9	467	3220.35302925209	1
9	468	3223.35302925209	0
9	474	3316.982530800616	1
9	475	3319.982530800616	0
9	480	3352.695157581251	1
9	481	3355.695157581251	0
9	483	3368.087040673404	1
9	484	3371.087040673404	0
9	492	3458.428167282073	1
9	494	3461.428167282073	0
9	501	3551.599747939153	1
9	503	3554.599747939153	0
9	518	3657.077619357797	1
9	519	3660.077619357797	0
9	524	3724.503110174265	1
9	526	3727.503110174265	0
9	530	3747.358261795804	1
9	532	3750.358261795804	0
9	535	3773.425591278652	1
9	537	3776.425591278652	0
9	558	3911.032294729554	1
9	559	3914.032294729554	0
9	567	3978.09433570271	1
9	569	3981.09433570271	0
9	570	3983.642588192332	1
9	573	3986.642588192332	0
9	583	4066.409162566388	1
9	584	4069.409162566388	0
9	614	4433.830735117406	1
9	615	4436.830735117406	0
9	625	4590.989538847861	1
9	627	4593.989538847861	0
9	635	4692.84909972826	1
9	637	4695.84909972826	0
9	638	4707.99856818757	1
9	639	4710.99856818757	0
9	641	4721.096168048501	1
9	642	4724.096168048501	0
9	644	4748.902438391643	1
9	645	4751.902438391643	0
9	654	4827.69227452945	1
9	655	4830.69227452945	0
9	681	5064.366747323237	1
9	682	5067.366747323237	0
9	703	5214.588421529211	1
9	704	5217.588421529211	0
9	705	5220.854676179161	1
9	706	5223.854676179161	0
9	719	5355.925448712962	1
9	720	5358.925448712962	0
9	722	5393.051051917549	1
9	723	5396.051051917549	0
9	744	5542.432434730664	1
9	745	5545.432434730664	0
9	753	5601.947266420208	1
9	755	5604.947266420208	0
9	770	5730.561684579783	1
9	772	5733.561684579783	0
9	776	5807.797608745243	1
9	777	5810.797608745243	0
9	781	5832.016940902479	1
9	783	5835.016940902479	0
9	785	5885.074065510283	1
9	786	5888.074065510283	0
9	808	6081.725967716948	1
9	809	6084.725967716948	0
9	816	6156.981738501265	1
9	817	6159.981738501265	0
9	835	6268.861883448208	1
9	836	6271.861883448208	0
9	841	6294.550274401589	1
9	842	6297.550274401589	0
9	858	6403.928328687324	1
9	859	6406.928328687324	0
9	863	6433.801391563756	1
9	865	6436.801391563756	0
9	867	6481.833198781981	1
9	868	6484.833198781981	0
9	874	6534.473717229422	1
9	876	6537.473717229422	0
9	891	6653.129527728613	1
9	892	6656.129527728613	0
9	906	6781.798590291916	1
9	907	6784.798590291916	0
9	938	7021.76126310143	1
9	939	7024.76126310143	0
9	940	7026.562089850486	1
9	941	7029.562089850486	0
9	945	7054.052249642605	1
9	946	7057.052249642605	0
9	953	7142.493300565163	1
9	955	7145.493300565163	0
9	967	7247.232467766142	1
9	970	7250.232467766142	0
9	981	7350.495909219948	1
9	982	7353.495909219948	0
9	984	7384.816926264304	1
9	985	7387.816926264304	0
9	992	7474.772345131873	1
9	993	7477.772345131873	0
9	997	7514.110421533063	1
9	998	7517.110421533063	0
9	1011	7619.183595095939	1
9	1013	7622.183595095939	0
9	1026	7730.446527244045	1
9	1027	7733.359299395276	2
9	1028	7733.446527244045	1
9	1029	7739.446527244045	0
9	1055	8038.175341752598	1
9	1057	8041.175341752598	0
9	1060	8059.203234647465	1
9	1061	8062.203234647465	0
9	1062	8104.640091958491	1
9	1063	8107.640091958491	0
9	1066	8140.231693506363	1
9	1068	8143.231693506363	0
9	1086	8337.904592158306	1
9	1087	8340.904592158306	0
9	1089	8371.294969358541	1
9	1090	8374.294969358541	0
9	1125	8708.197342650119	1
9	1126	8711.197342650119	0
9	1134	8791.413615268962	1
9	1135	8794.413615268962	0
9	1136	8797.067347315476	1
9	1137	8800.067347315476	0
9	1155	8954.917507083499	1
9	1156	8957.917507083499	0
9	1167	9024.689871048061	1
9	1168	9027.689871048061	0
9	1173	9073.862370004812	1
9	1174	9074.144383604758	2
9	1175	9076.862370004812	1
9	1176	9077.048609175743	2
9	1177	9082.862370004812	1
9	1178	9088.862370004812	0
9	1183	9107.07210058917	1
9	1184	9110.07210058917	0
9	1188	9134.250300400052	1
9	1189	9137.250300400052	0
9	1197	9201.529179417545	1
9	1198	9204.529179417545	0
9	1205	9264.199205491178	1
9	1206	9267.199205491178	0
9	1230	9442.878075468473	1
9	1231	9445.878075468473	0
9	1233	9477.102023141435	1
9	1234	9480.102023141435	0
9	1246	9584.231415719978	1
9	1247	9587.231415719978	0
9	1267	9803.847070001017	1
9	1268	9806.847070001017	0
9	1271	9835.553785006095	1
9	1272	9838.553785006095	0
9	1275	9845.268701408972	1
9	1276	9848.268701408972	0
9	1299	9963.204956581323	1
9	1301	9966.204956581323	0
9	1302	9972.659944786174	1
9	1303	9975.659944786174	0
9	1307	10019.434156146821	1
9	1308	10022.434156146821	0
9	1314	10045.043299269468	1
9	1316	10048.043299269468	0
9	1318	10057.462523650972	1
9	1321	10060.462523650972	0
9	1332	10134.458550227301	1
9	1333	10137.458550227301	0
9	1343	10166.215213742889	1
9	1344	10169.215213742889	0
9	1375	10501.722844267105	1
9	1377	10504.722844267105	0
9	1388	10573.34390419937	1
9	1389	10576.34390419937	0
9	1393	10621.038750997876	1
9	1394	10624.038750997876	0
9	1402	10667.544545309108	1
9	1404	10670.544545309108	0
9	1409	10732.789431714057	1
9	1410	10735.789431714057	0
9	1411	10749.549316908821	1
9	1412	10752.549316908821	0
9	1413	10752.955603000756	1
9	1414	10755.955603000756	0
9	1434	11013.072945499791	1
9	1436	11016.072945499791	0
9	1442	11083.953520424851	1
9	1443	11086.953520424851	0
9	1448	11135.406456638981	1
9	1449	11138.406456638981	0
9	1493	11462.317146732277	1
9	1494	11465.317146732277	0
9	1495	11472.765755992833	1
9	1497	11475.765755992833	0
9	1498	11499.243451603119	1
9	1499	11502.243451603119	0
9	1505	11519.875551411793	1
9	1506	11522.875551411793	0
9	1507	11526.185386553189	1
9	1508	11529.185386553189	0
9	1512	11544.877981493161	1
9	1513	11547.877981493161	0
9	1519	11574.237546772491	1
9	1521	11577.237546772491	0
9	1526	11611.332764609777	1
9	1528	11614.332764609777	0
9	1602	12035.270974649715	1
9	1603	12038.270974649715	0
9	1604	12046.922748771039	1
9	1605	12049.922748771039	0
9	1618	12279.849527826085	1
9	1620	12282.849527826085	0
9	1627	12387.258185290807	1
9	1628	12390.258185290807	0
9	1629	12440.127148036527	1
9	1630	12443.127148036527	0
9	1643	12579.766698311706	1
9	1645	12582.766698311706	0
9	1652	12621.87345302796	1
9	1653	12624.87345302796	0
9	1662	12684.951923041624	1
9	1664	12687.951923041624	0
9	1665	12691.054964143067	1
9	1666	12694.054964143067	0
9	1670	12714.418413043884	1
9	1671	12717.418413043884	0
9	1676	12741.008994429439	1
9	1677	12744.008994429439	0
9	1688	12801.059790446558	1
9	1689	12804.059790446558	0
9	1695	12840.692325740159	1
9	1696	12843.692325740159	0
9	1700	12886.548617886403	1
9	1702	12889.548617886403	0
9	1715	12937.339660963888	1
9	1718	12940.339660963888	0
9	1721	12988.319559325674	1
9	1723	12991.319559325674	0
9	1725	12995.377022446534	1
9	1726	12998.377022446534	0
9	1748	13130.628316717761	1
9	1749	13133.628316717761	0
9	1756	13151.762926126988	1
9	1757	13154.762926126988	0
9	1789	13398.07816385195	1
9	1791	13401.07816385195	0
9	1801	13452.544962369322	1
9	1802	13455.544962369322	0
9	1824	13596.258307093342	1
9	1825	13599.258307093342	0
9	1832	13619.373606625723	1
9	1833	13622.373606625723	0
9	1839	13682.152120594417	1
9	1840	13685.152120594417	0
9	1849	13777.953301747419	1
9	1850	13780.953301747419	0
9	1854	13825.765507374319	1
9	1855	13828.765507374319	0
9	1861	13892.517546300217	1
9	1863	13895.517546300217	0
9	1877	14001.4172056037	1
9	1878	14004.4172056037	0
9	1882	14040.733780968694	1
9	1884	14043.733780968694	0
9	1886	14092.438494181566	1
9	1887	14095.438494181566	0
9	1902	14202.831820361102	1
9	1903	14205.831820361102	0
9	1905	14216.493197598449	1
9	1907	14219.493197598449	0
9	1922	14343.29012038666	1
9	1923	14346.29012038666	0
9	1933	14408.133190333359	1
9	1934	14411.133190333359	0
9	1943	14475.746921510638	1
9	1945	14478.746921510638	0
9	1970	14678.975854306614	1
9	1972	14681.975854306614	0
9	1973	14696.912518039064	1
9	1974	14699.912518039064	0
9	1988	14883.924238134113	1
9	1989	14886.924238134113	0
9	1991	14923.016779418159	1
9	1992	14926.016779418159	0
9	2009	15049.768475009543	1
9	2010	15052.768475009543	0
9	2019	15108.873551651508	1
9	2020	15111.873551651508	0
9	2024	15130.676255110812	1
9	2025	15133.676255110812	0
9	2037	15216.51866723673	1
9	2038	15219.51866723673	0
9	2060	15407.086382317807	1
9	2061	15410.086382317807	0
9	2079	15527.937711858837	1
9	2083	15530.937711858837	0
9	2088	15554.04597551478	1
9	2090	15557.04597551478	0
9	2092	15567.898838429739	1
9	2094	15570.898838429739	0
9	2099	15631.170152044209	1
9	2102	15634.170152044209	0
9	2109	15669.285037392539	1
9	2111	15672.285037392539	0
9	2119	15759.49501325773	1
9	2120	15762.49501325773	0
9	2140	16063.230819045002	1
9	2141	16066.230819045002	0
9	2146	16132.169126330178	1
9	2147	16135.169126330178	0
9	2167	16409.767633287857	1
9	2168	16412.767633287857	0
9	2180	16605.476065240566	1
9	2181	16608.476065240566	0
9	2184	16641.910669093807	1
9	2185	16644.910669093807	0
9	2186	16661.999888630425	1
9	2187	16664.999888630425	0
9	2199	16812.377486916731	1
9	2200	16815.377486916731	0
9	2201	16875.142043600835	1
9	2202	16878.142043600835	0
9	2213	16982.849977363063	1
9	2215	16985.849977363063	0
9	2230	17102.647542813899	1
9	2231	17105.647542813899	0
9	2244	17209.82307633211	1
9	2245	17212.82307633211	0
9	2246	17214.807584880614	1
9	2247	17217.807584880614	0
9	2258	17375.990481942352	1
9	2259	17378.990481942352	0
9	2268	17520.530827336335	1
9	2269	17523.530827336335	0
9	2275	17602.390089087058	1
9	2276	17605.390089087058	0
9	2290	17789.415329856537	1
9	2291	17792.415329856537	0
9	2293	17799.098612822617	1
9	2295	17802.098612822617	0
9	2332	18086.097882979566	1
9	2334	18089.097882979566	0
9	2344	18131.011730991068	1
9	2345	18134.011730991068	0
9	2349	18156.747165939066	1
9	2351	18159.747165939066	0
9	2376	18266.800504014872	1
9	2377	18269.800504014872	0
9	2403	18398.096427864818	1
9	2404	18401.096427864818	0
9	2405	18449.611055273269	1
9	2406	18452.611055273269	0
9	2423	18587.834581481317	1
9	2425	18590.834581481317	2
9	2426	18590.834581481317	1
9	2427	18593.834581481317	0
9	2428	18593.858329036378	1
9	2429	18596.858329036378	0
9	2447	18719.952622440247	1
9	2448	18722.952622440247	0
9	2461	18804.980275953241	1
9	2462	18807.980275953241	0
9	2463	18813.81231276024	1
9	2464	18816.81231276024	0
9	2472	18837.342259892417	1
9	2473	18840.342259892417	0
9	2474	18854.624267107556	1
9	2475	18857.624267107556	0
9	2476	18869.95935761648	1
9	2477	18872.95935761648	0
9	2532	19183.652868364801	1
9	2533	19184.316115693105	2
9	2534	19186.652868364801	1
9	2535	19189.652868364801	0
9	2538	19252.855748905872	1
9	2540	19255.855748905872	0
9	2542	19261.272521133631	1
9	2543	19264.272521133631	0
9	2564	19419.756958222156	1
9	2565	19422.756958222156	0
9	2582	19527.393851076459	1
9	2583	19530.393851076459	0
9	2584	19554.120850552213	1
9	2587	19557.120850552213	0
9	2591	19583.443708898843	1
9	2592	19586.443708898843	0
9	2609	19741.361447212436	1
9	2610	19744.361447212436	0
9	2645	19962.081346512713	1
9	2646	19965.081346512713	0
10	165	1023.746166655333	3
10	185	1143.638445973516	3
10	192	1236.126290800522	3
10	223	1547.156033739482	3
10	227	1591.578598264429	3
10	230	1640.14609356683	3
10	245	1783.725327543931	3
10	249	1840.168020731145	3
10	253	1866.56420459708	3
10	266	1962.091083435813	3
10	278	2026.215568590197	3
10	305	2173.062647197225	3
10	313	2207.484782067397	3
10	314	2213.484782067397	6.886000374395
10	319	2252.483721922121	3
10	332	2308.325530671943	3
10	341	2352.856308190452	3
10	345	2379.816316421035	3
10	350	2388.404095454213	3
10	384	2603.207774459347	3
10	387	2619.219646412355	3
10	393	2658.150577127007	3
10	421	2850.185785752566	3
10	435	2916.661768036361	3
10	464	3186.90799418489	3
10	468	3223.35302925209	3
10	475	3319.982530800616	3
10	481	3355.695157581251	3
10	484	3371.087040673404	3
10	494	3461.428167282073	3
10	503	3554.599747939153	3
10	519	3660.077619357797	3
10	526	3727.503110174265	3
10	532	3750.358261795804	3
10	537	3776.425591278652	3
10	559	3914.032294729554	3
10	569	3981.09433570271	3
10	573	3986.642588192332	3
10	584	4069.409162566388	3
10	615	4436.830735117406	3
10	627	4593.989538847861	3
10	637	4695.84909972826	3
10	639	4710.99856818757	3
10	642	4724.096168048501	3
10	645	4751.902438391643	3
10	655	4830.69227452945	3
10	682	5067.366747323237	3
10	704	5217.588421529211	3
10	706	5223.854676179161	3
10	720	5358.925448712962	3
10	723	5396.051051917549	3
10	745	5545.432434730664	3
10	755	5604.947266420208	3
10	772	5733.561684579783	3
10	777	5810.797608745243	3
10	783	5835.016940902479	3
10	786	5888.074065510283	3
10	809	6084.725967716948	3
10	817	6159.981738501265	3
10	836	6271.861883448208	3
10	842	6297.550274401589	3
10	859	6406.928328687324	3
10	865	6436.801391563756	3
10	868	6484.833198781981	3
10	876	6537.473717229422	3
10	892	6656.129527728613	3
10	907	6784.798590291916	3
10	939	7024.76126310143	3
10	941	7029.562089850486	3
10	946	7057.052249642605	3
10	955	7145.493300565163	3
10	970	7250.232467766142	3
10	982	7353.495909219948	3
10	985	7387.816926264304	3
10	993	7477.772345131873	3
10	998	7517.110421533063	3
10	1013	7622.183595095939	3
10	1028	7733.446527244045	3
10	1029	7739.446527244045	6.087227848769
10	1057	8041.175341752598	3
10	1061	8062.203234647465	3
10	1063	8107.640091958491	3
10	1068	8143.231693506363	3
10	1087	8340.904592158306	3
10	1090	8374.294969358541	3
10	1126	8711.197342650119	3
10	1135	8794.413615268962	3
10	1137	8800.067347315476	3
10	1156	8957.917507083499	3
10	1168	9027.689871048061	3
10	1175	9076.862370004812	3
10	1177	9082.862370004812	8.717986400054
10	1178	9088.862370004812	11.813760829069
10	1184	9110.07210058917	3
10	1189	9137.250300400052	3
10	1198	9204.529179417545	3
10	1206	9267.199205491178	3
10	1231	9445.878075468473	3
10	1234	9480.102023141435	3
10	1247	9587.231415719978	3
10	1268	9806.847070001017	3
10	1272	9838.553785006095	3
10	1276	9848.268701408972	3
10	1301	9966.204956581323	3
10	1303	9975.659944786174	3
10	1308	10022.434156146821	3
10	1316	10048.043299269468	3
10	1321	10060.462523650972	3
10	1333	10137.458550227301	3
10	1344	10169.215213742889	3
10	1377	10504.722844267105	3
10	1389	10576.34390419937	3
10	1394	10624.038750997876	3
10	1404	10670.544545309108	3
10	1410	10735.789431714057	3
10	1412	10752.549316908821	3
10	1414	10755.955603000756	3
10	1436	11016.072945499791	3
10	1443	11086.953520424851	3
10	1449	11138.406456638981	3
10	1494	11465.317146732277	3
10	1497	11475.765755992833	3
10	1499	11502.243451603119	3
10	1506	11522.875551411793	3
10	1508	11529.185386553189	3
10	1513	11547.877981493161	3
10	1521	11577.237546772491	3
10	1528	11614.332764609777	3
10	1603	12038.270974649715	3
10	1605	12049.922748771039	3
10	1620	12282.849527826085	3
10	1628	12390.258185290807	3
10	1630	12443.127148036527	3
10	1645	12582.766698311706	3
10	1653	12624.87345302796	3
10	1664	12687.951923041624	3
10	1666	12694.054964143067	3
10	1671	12717.418413043884	3
10	1677	12744.008994429439	3
10	1689	12804.059790446558	3
10	1696	12843.692325740159	3
10	1702	12889.548617886403	3
10	1718	12940.339660963888	3
10	1723	12991.319559325674	3
10	1726	12998.377022446534	3
10	1749	13133.628316717761	3
10	1757	13154.762926126988	3
10	1791	13401.07816385195	3
10	1802	13455.544962369322	3
10	1825	13599.258307093342	3
10	1833	13622.373606625723	3
10	1840	13685.152120594417	3
10	1850	13780.953301747419	3
10	1855	13828.765507374319	3
10	1863	13895.517546300217	3
10	1878	14004.4172056037	3
10	1884	14043.733780968694	3
10	1887	14095.438494181566	3
10	1903	14205.831820361102	3
10	1907	14219.493197598449	3
10	1923	14346.29012038666	3
10	1934	14411.133190333359	3
10	1945	14478.746921510638	3
10	1972	14681.975854306614	3
10	1974	14699.912518039064	3
10	1989	14886.924238134113	3
10	1992	14926.016779418159	3
10	2010	15052.768475009543	3
10	2020	15111.873551651508	3
10	2025	15133.676255110812	3
10	2038	15219.51866723673	3
10	2061	15410.086382317807	3
10	2083	15530.937711858837	3
10	2090	15557.04597551478	3
10	2094	15570.898838429739	3
10	2102	15634.170152044209	3
10	2111	15672.285037392539	3
10	2120	15762.49501325773	3
10	2141	16066.230819045002	3
10	2147	16135.169126330178	3
10	2168	16412.767633287857	3
10	2181	16608.476065240566	3
10	2185	16644.910669093807	3
10	2187	16664.999888630425	3
10	2200	16815.377486916731	3
10	2202	16878.142043600835	3
10	2215	16985.849977363063	3
10	2231	17105.647542813899	3
10	2245	17212.82307633211	3
10	2247	17217.807584880614	3
10	2259	17378.990481942352	3
10	2269	17523.530827336335	3
10	2276	17605.390089087058	3
10	2291	17792.415329856537	3
10	2295	17802.098612822617	3
10	2334	18089.097882979566	3
10	2345	18134.011730991068	3
10	2351	18159.747165939066	3
10	2377	18269.800504014872	3
10	2404	18401.096427864818	3
10	2406	18452.611055273269	3
10	2426	18590.834581481317	3
10	2427	18593.834581481317	3
10	2429	18596.858329036378	3
10	2448	18722.952622440247	3
10	2462	18807.980275953241	3
10	2464	18816.81231276024	3
10	2473	18840.342259892417	3
10	2475	18857.624267107556	3
10	2477	18872.95935761648	3
10	2534	19186.652868364801	3
10	2535	19189.652868364801	5.336752671696
10	2540	19255.855748905872	3
10	2543	19264.272521133631	3
10	2565	19422.756958222156	3
10	2583	19530.393851076459	3
10	2587	19557.120850552213	3
10	2592	19586.443708898843	3
10	2610	19744.361447212436	3
10	2646	19965.081346512713	3
11	165	1023.746166655333	6659
11	185	1143.638445973516	6661
11	192	1236.126290800522	6660
11	223	1547.156033739482	6667
11	227	1591.578598264429	6664
11	230	1640.14609356683	6665
11	245	1783.725327543931	6670
11	249	1840.168020731145	6669
11	253	1866.56420459708	6673
11	266	1962.091083435813	6672
11	278	2026.215568590197	6676
11	305	2173.062647197225	6682
11	313	2207.484782067397	6679
11	314	2213.484782067397	6680
11	319	2252.483721922121	6681
11	332	2308.325530671943	6686
11	341	2352.856308190452	6688
11	345	2379.816316421035	6684
11	350	2388.404095454213	6689
11	384	2603.207774459347	6692
11	387	2619.219646412355	6693
11	393	2658.150577127007	6695
11	421	2850.185785752566	6696
11	435	2916.661768036361	6700
11	464	3186.90799418489	6705
11	468	3223.35302925209	6706
11	475	3319.982530800616	6707
11	481	3355.695157581251	6708
11	484	3371.087040673404	6710
11	494	3461.428167282073	6711
11	503	3554.599747939153	6709
11	519	3660.077619357797	6713
11	526	3727.503110174265	6717
11	532	3750.358261795804	6716
11	537	3776.425591278652	6719
11	559	3914.032294729554	6720
11	569	3981.09433570271	6724
11	573	3986.642588192332	6725
11	584	4069.409162566388	6723
11	615	4436.830735117406	6730
11	627	4593.989538847861	6731
11	637	4695.84909972826	6735
11	639	4710.99856818757	6734
11	642	4724.096168048501	6732
11	645	4751.902438391643	6736
11	655	4830.69227452945	6738
11	682	5067.366747323237	6741
11	704	5217.588421529211	6743
11	706	5223.854676179161	6744
11	720	5358.925448712962	6747
11	723	5396.051051917549	6748
11	745	5545.432434730664	6750
11	755	5604.947266420208	6755
11	772	5733.561684579783	6756
11	777	5810.797608745243	6757
11	783	5835.016940902479	6758
11	786	5888.074065510283	6759
11	809	6084.725967716948	6763
11	817	6159.981738501265	6765
11	836	6271.861883448208	6766
11	842	6297.550274401589	6770
11	859	6406.928328687324	6771
11	865	6436.801391563756	6774
11	868	6484.833198781981	6769
11	876	6537.473717229422	6773
11	892	6656.129527728613	6777
11	907	6784.798590291916	6778
11	939	7024.76126310143	6783
11	941	7029.562089850486	6784
11	946	7057.052249642605	6786
11	955	7145.493300565163	6788
11	970	7250.232467766142	6785
11	982	7353.495909219948	6789
11	985	7387.816926264304	6792
11	993	7477.772345131873	6793
11	998	7517.110421533063	6794
11	1013	7622.183595095939	6796
11	1028	7733.446527244045	6797
11	1029	7739.446527244045	6799
11	1057	8041.175341752598	6802
11	1061	8062.203234647465	6803
11	1063	8107.640091958491	6804
11	1068	8143.231693506363	6801
11	1087	8340.904592158306	6807
11	1090	8374.294969358541	6808
11	1126	8711.197342650119	6812
11	1135	8794.413615268962	6814
11	1137	8800.067347315476	6815
11	1156	8957.917507083499	6818
11	1168	9027.689871048061	6817
11	1175	9076.862370004812	6823
11	1177	9082.862370004812	6819
11	1178	9088.862370004812	6824
11	1184	9110.07210058917	6820
11	1189	9137.250300400052	6822
11	1198	9204.529179417545	6825
11	1206	9267.199205491178	6827
11	1231	9445.878075468473	6828
11	1234	9480.102023141435	6832
11	1247	9587.231415719978	6829
11	1268	9806.847070001017	6835
11	1272	9838.553785006095	6837
11	1276	9848.268701408972	6839
11	1301	9966.204956581323	6840
11	1303	9975.659944786174	6841
11	1308	10022.434156146821	6842
11	1316	10048.043299269468	6846
11	1321	10060.462523650972	6848
11	1333	10137.458550227301	6844
11	1344	10169.215213742889	6849
11	1377	10504.722844267105	6853
11	1389	10576.34390419937	6855
11	1394	10624.038750997876	6858
11	1404	10670.544545309108	6857
11	1410	10735.789431714057	6859
11	1412	10752.549316908821	6856
11	1414	10755.955603000756	6860
11	1436	11016.072945499791	6863
11	1443	11086.953520424851	6867
11	1449	11138.406456638981	6865
11	1494	11465.317146732277	6877
11	1497	11475.765755992833	6878
11	1499	11502.243451603119	6870
11	1506	11522.875551411793	6873
11	1508	11529.185386553189	6874
11	1513	11547.877981493161	6876
11	1521	11577.237546772491	6880
11	1528	11614.332764609777	6872
11	1603	12038.270974649715	6887
11	1605	12049.922748771039	6890
11	1620	12282.849527826085	6892
11	1628	12390.258185290807	6894
11	1630	12443.127148036527	6895
11	1645	12582.766698311706	6896
11	1653	12624.87345302796	6899
11	1664	12687.951923041624	6901
11	1666	12694.054964143067	6898
11	1671	12717.418413043884	6903
11	1677	12744.008994429439	6905
11	1689	12804.059790446558	6906
11	1696	12843.692325740159	6904
11	1702	12889.548617886403	6900
11	1718	12940.339660963888	6907
11	1723	12991.319559325674	6908
11	1726	12998.377022446534	6910
11	1749	13133.628316717761	6912
11	1757	13154.762926126988	6916
11	1791	13401.07816385195	6918
11	1802	13455.544962369322	6923
11	1825	13599.258307093342	6920
11	1833	13622.373606625723	6926
11	1840	13685.152120594417	6927
11	1850	13780.953301747419	6929
11	1855	13828.765507374319	6930
11	1863	13895.517546300217	6933
11	1878	14004.4172056037	6935
11	1884	14043.733780968694	6934
11	1887	14095.438494181566	6937
11	1903	14205.831820361102	6938
11	1907	14219.493197598449	6939
11	1923	14346.29012038666	6940
11	1934	14411.133190333359	6945
11	1945	14478.746921510638	6941
11	1972	14681.975854306614	6948
11	1974	14699.912518039064	6949
11	1989	14886.924238134113	6952
11	1992	14926.016779418159	6950
11	2010	15052.768475009543	6953
11	2020	15111.873551651508	6957
11	2025	15133.676255110812	6959
11	2038	15219.51866723673	6958
11	2061	15410.086382317807	6966
11	2083	15530.937711858837	6969
11	2090	15557.04597551478	6968
11	2094	15570.898838429739	6973
11	2102	15634.170152044209	6970
11	2111	15672.285037392539	6972
11	2120	15762.49501325773	6974
11	2141	16066.230819045002	6977
11	2147	16135.169126330178	6978
11	2168	16412.767633287857	6983
11	2181	16608.476065240566	6986
11	2185	16644.910669093807	6984
11	2187	16664.999888630425	6985
11	2200	16815.377486916731	6989
11	2202	16878.142043600835	6988
11	2215	16985.849977363063	6992
11	2231	17105.647542813899	6993
11	2245	17212.82307633211	6995
11	2247	17217.807584880614	6996
11	2259	17378.990481942352	6998
11	2269	17523.530827336335	7001
11	2276	17605.390089087058	7003
11	2291	17792.415329856537	7005
11	2295	17802.098612822617	7007
11	2334	18089.097882979566	7014
11	2345	18134.011730991068	7011
11	2351	18159.747165939066	7016
11	2377	18269.800504014872	7022
11	2404	18401.096427864818	7020
11	2406	18452.611055273269	7021
11	2426	18590.834581481317	7025
11	2427	18593.834581481317	7026
11	2429	18596.858329036378	7024
11	2448	18722.952622440247	7027
11	2462	18807.980275953241	7029
11	2464	18816.81231276024	7030
11	2473	18840.342259892417	7036
11	2475	18857.624267107556	7037
11	2477	18872.95935761648	7038
11	2534	19186.652868364801	7042
11	2535	19189.652868364801	7043
11	2540	19255.855748905872	7044
11	2543	19264.272521133631	7045
11	2565	19422.756958222156	7048
11	2583	19530.393851076459	7049
11	2587	19557.120850552213	7052
11	2592	19586.443708898843	7047
11	2610	19744.361447212436	7055
11	2646	19965.081346512713	7058
12	167	1026.725708279137	409
12	172	1048.099301921131	306
12	173	1061.499388612473	409
12	187	1202.406165587892	409
12	217	1505.752454494312	306
12	422	2861.150577127007	306
12	445	2982.3252136764	203
12	561	3930.503110174265	306
12	562	3933.533604659068	411.50616670739
12	609	4319.213595259064	409
12	659	4871.981807058555	409
12	660	4898.84909972826	306
12	707	5245.281656828227	203
12	724	5397.941878018232	409
12	765	5695.497302538706	306
12	778	5813.797608745243	311.85034232504
12	866	6454.521184009516	306
12	884	6624.456844838039	306
12	887	6639.801391563756	306
12	898	6721.308176456454	203
12	916	6830.633974617231	203
12	933	6957.418744379507	409
12	972	7260.052249642605	306
12	1017	7647.866481253861	409
12	1018	7680.772345131873	306
12	1031	7789.699196153078	306
12	1208	9279.862370004812	306
12	1315	10045.761023660242	306
12	1354	10263.855538060668	409
12	1381	10539.572210360775	306
12	1534	11642.489424582262	306
12	1593	11949.651607579255	306
12	1606	12058.830653603417	306
12	1649	12593.258185290807	306
12	1786	13380.029406643802	203
12	1800	13444.988445819402	409
12	1978	14779.060999871922	409
12	2074	15474.106626463736	306
12	2118	15742.54448746541	414.98919543109
12	2165	16338.169126330178	306
12	2237	17140.095548154822	203
12	2296	17808.390089087058	306
12	2330	18078.900434928405	409
12	2402	18395.096427864818	306
12	2510	19031.333229838912	306
12	2514	19060.624267107556	306
12	2521	19098.704676935676	409
12	2572	19458.855748905872	306
13	167	1026.725708279137	9
13	172	1048.099301921131	6
13	173	1061.499388612473	9
13	187	1202.406165587892	9
13	217	1505.752454494312	6
13	422	2861.150577127007	6
13	445	2982.3252136764	3
13	561	3930.503110174265	6
13	562	3933.533604659068	11.50616670739
13	609	4319.213595259064	9
13	659	4871.981807058555	9
13	660	4898.84909972826	6
13	707	5245.281656828227	3
13	724	5397.941878018232	9
13	765	5695.497302538706	6
13	778	5813.797608745243	11.850342325035
13	866	6454.521184009516	6
13	884	6624.456844838039	6
13	887	6639.801391563756	6
13	898	6721.308176456454	3
13	916	6830.633974617231	3
13	933	6957.418744379507	9
13	972	7260.052249642605	6
13	1017	7647.866481253861	9
13	1018	7680.772345131873	6
13	1031	7789.699196153078	6
13	1208	9279.862370004812	6
13	1315	10045.761023660242	6
13	1354	10263.855538060668	9
13	1381	10539.572210360775	6
13	1534	11642.489424582262	6
13	1593	11949.651607579255	6
13	1606	12058.830653603417	6
13	1649	12593.258185290807	6
13	1786	13380.029406643802	3
13	1800	13444.988445819402	9
13	1978	14779.060999871922	9
13	2074	15474.106626463736	6
13	2118	15742.54448746541	14.989195431087
13	2165	16338.169126330178	6
13	2237	17140.095548154822	3
13	2296	17808.390089087058	6
13	2330	18078.900434928405	9
13	2402	18395.096427864818	6
13	2510	19031.333229838912	6
13	2514	19060.624267107556	6
13	2521	19098.704676935676	9
13	2572	19458.855748905872	6
14	167	1026.725708279137	3
14	172	1048.099301921131	2
14	173	1061.499388612473	3
14	187	1202.406165587892	3
14	217	1505.752454494312	2
14	422	2861.150577127007	2
14	445	2982.3252136764	1
14	561	3930.503110174265	2
14	562	3933.533604659068	3
14	609	4319.213595259064	3
14	659	4871.981807058555	3
14	660	4898.84909972826	2
14	707	5245.281656828227	1
14	724	5397.941878018232	3
14	765	5695.497302538706	2
14	778	5813.797608745243	2
14	866	6454.521184009516	2
14	884	6624.456844838039	2
14	887	6639.801391563756	2
14	898	6721.308176456454	1
14	916	6830.633974617231	1
14	933	6957.418744379507	3
14	972	7260.052249642605	2
14	1017	7647.866481253861	3
14	1018	7680.772345131873	2
14	1031	7789.699196153078	2
14	1208	9279.862370004812	2
14	1315	10045.761023660242	2
14	1354	10263.855538060668	3
14	1381	10539.572210360775	2
14	1534	11642.489424582262	2
14	1593	11949.651607579255	2
14	1606	12058.830653603417	2
14	1649	12593.258185290807	2
14	1786	13380.029406643802	1
14	1800	13444.988445819402	3
14	1978	14779.060999871922	3
14	2074	15474.106626463736	2
14	2118	15742.54448746541	3
14	2165	16338.169126330178	2
14	2237	17140.095548154822	1
14	2296	17808.390089087058	2
14	2330	18078.900434928405	3
14	2402	18395.096427864818	2
14	2510	19031.333229838912	2
14	2514	19060.624267107556	2
14	2521	19098.704676935676	3
14	2572	19458.855748905872	2
15	166	1025.013990367625	409
15	197	1317.474935175949	306
15	318	2251.542069103938	306
15	348	2385.884227946093	306
15	449	3009.981130875772	306
15	534	3767.428167282073	409
15	591	4090.961478484916	306
15	607	4245.273580748595	306
15	692	5136.69227452945	409
15	774	5789.82312563703	306
15	813	6132.443195649832	306
15	846	6327.428783872841	306
15	849	6346.900332434367	203
15	855	6390.725967716948	409
15	1058	8045.446527244045	412.08722784877
15	1130	8744.417517138311	306
15	1141	8818.75547030192	203
15	1223	9394.862370004812	417.81376082907
15	1362	10354.043299269468	409
15	1371	10450.85250947981	306
15	1426	10906.130398010581	306
15	1439	11038.448645345713	203
15	1562	11760.384547134332	306
15	1563	11771.317146732277	409
15	1574	11841.625157280383	306
15	1581	11859.5919226402	306
15	1616	12181.604300762252	306
15	1732	13023.418413043884	409
15	1746	13106.37787607631	306
15	1962	14583.530294539703	306
15	2013	15067.841942270517	306
15	2145	16100.686072480677	306
15	2159	16274.395544617353	203
15	2166	16374.64018063888	306
15	2192	16739.652227511971	203
15	2252	17291.849977363063	409
15	2279	17646.714633566298	306
15	2407	18465.747165939066	409
15	2422	18575.800504014872	409
15	2545	19278.947703204188	306
15	2601	19658.50014841067	306
16	166	1025.013990367625	9
16	197	1317.474935175949	6
16	318	2251.542069103938	6
16	348	2385.884227946093	6
16	449	3009.981130875772	6
16	534	3767.428167282073	9
16	591	4090.961478484916	6
16	607	4245.273580748595	6
16	692	5136.69227452945	9
16	774	5789.82312563703	6
16	813	6132.443195649832	6
16	846	6327.428783872841	6
16	849	6346.900332434367	3
16	855	6390.725967716948	9
16	1058	8045.446527244045	12.087227848769
16	1130	8744.417517138311	6
16	1141	8818.75547030192	3
16	1223	9394.862370004812	17.813760829069
16	1362	10354.043299269468	9
16	1371	10450.85250947981	6
16	1426	10906.130398010581	6
16	1439	11038.448645345713	3
16	1562	11760.384547134332	6
16	1563	11771.317146732277	9
16	1574	11841.625157280383	6
16	1581	11859.5919226402	6
16	1616	12181.604300762252	6
16	1732	13023.418413043884	9
16	1746	13106.37787607631	6
16	1962	14583.530294539703	6
16	2013	15067.841942270517	6
16	2145	16100.686072480677	6
16	2159	16274.395544617353	3
16	2166	16374.64018063888	6
16	2192	16739.652227511971	3
16	2252	17291.849977363063	9
16	2279	17646.714633566298	6
16	2407	18465.747165939066	9
16	2422	18575.800504014872	9
16	2545	19278.947703204188	6
16	2601	19658.50014841067	6
17	166	1025.013990367625	3
17	197	1317.474935175949	2
17	318	2251.542069103938	2
17	348	2385.884227946093	2
17	449	3009.981130875772	2
17	534	3767.428167282073	3
17	591	4090.961478484916	2
17	607	4245.273580748595	2
17	692	5136.69227452945	3
17	774	5789.82312563703	2
17	813	6132.443195649832	2
17	846	6327.428783872841	2
17	849	6346.900332434367	1
17	855	6390.725967716948	3
17	1058	8045.446527244045	3
17	1130	8744.417517138311	2
17	1141	8818.75547030192	1
17	1223	9394.862370004812	3
17	1362	10354.043299269468	3
17	1371	10450.85250947981	2
17	1426	10906.130398010581	2
17	1439	11038.448645345713	1
17	1562	11760.384547134332	2
17	1563	11771.317146732277	3
17	1574	11841.625157280383	2
17	1581	11859.5919226402	2
17	1616	12181.604300762252	2
17	1732	13023.418413043884	3
17	1746	13106.37787607631	2
17	1962	14583.530294539703	2
17	2013	15067.841942270517	2
17	2145	16100.686072480677	2
17	2159	16274.395544617353	1
17	2166	16374.64018063888	2
17	2192	16739.652227511971	1
17	2252	17291.849977363063	3
17	2279	17646.714633566298	2
17	2407	18465.747165939066	3
17	2422	18575.800504014872	3
17	2545	19278.947703204188	2
17	2601	19658.50014841067	2
18	175	1085.983216497593	306
18	233	1673.485976312517	306
18	288	2076.679472138728	306
18	291	2089.725327543931	409
18	304	2172.56420459708	409
18	375	2523.722228503477	306
18	389	2626.320613003086	306
18	448	3006.356282386597	306
18	508	3608.799842610069	203
18	608	4289.944239382815	306
18	674	5024.990306348035	306
18	680	5057.902438391643	409
18	834	6266.125510319413	306
18	936	7011.534665391403	306
18	1059	8053.388490176601	306
18	1092	8413.640091958491	409
18	1202	9216.479735085223	306
18	1252	9633.436803487867	306
18	1349	10243.661194765583	306
18	1461	11247.070634577715	306
18	1567	11781.765755992833	409
18	1571	11816.284276540555	306
18	1586	11883.237546772491	409
18	1678	12774.449161760676	306
18	1724	12993.951923041624	409
18	1767	13245.209555196782	306
18	1768	13248.209555196782	308.56630413254
18	1803	13460.762926126988	409
18	1842	13706.204928533214	306
18	1885	14056.704364281018	306
18	1888	14095.671386549232	306
18	1954	14525.013095448642	306
18	1965	14599.912518039064	310.2802754818
18	1975	14717.133190333359	409
18	2031	15167.9868697161	203
18	2041	15238.902753559166	203
18	2062	15411.55420214304	306
18	2113	15716.086382317807	409
18	2161	16302.858469796549	203
18	2169	16421.494133430377	203
18	2236	17121.377486916731	409
18	2274	17559.702987787091	306
18	2302	17899.09997515513	203
18	2350	18157.396371721543	203
18	2370	18237.05591918735	306
18	2478	18874.436413874414	306
18	2511	19031.994111595199	306
18	2531	19178.95935761648	409
18	2579	19492.652868364801	409
18	2590	19570.272521133631	409
18	2629	19862.751852245935	306
18	2644	19952.462094058301	306
19	175	1085.983216497593	6
19	233	1673.485976312517	6
19	288	2076.679472138728	6
19	291	2089.725327543931	9
19	304	2172.56420459708	9
19	375	2523.722228503477	6
19	389	2626.320613003086	6
19	448	3006.356282386597	6
19	508	3608.799842610069	3
19	608	4289.944239382815	6
19	674	5024.990306348035	6
19	680	5057.902438391643	9
19	834	6266.125510319413	6
19	936	7011.534665391403	6
19	1059	8053.388490176601	6
19	1092	8413.640091958491	9
19	1202	9216.479735085223	6
19	1252	9633.436803487867	6
19	1349	10243.661194765583	6
19	1461	11247.070634577715	6
19	1567	11781.765755992833	9
19	1571	11816.284276540555	6
19	1586	11883.237546772491	9
19	1678	12774.449161760676	6
19	1724	12993.951923041624	9
19	1767	13245.209555196782	6
19	1768	13248.209555196782	8.566304132539
19	1803	13460.762926126988	9
19	1842	13706.204928533214	6
19	1885	14056.704364281018	6
19	1888	14095.671386549232	6
19	1954	14525.013095448642	6
19	1965	14599.912518039064	10.280275481801
19	1975	14717.133190333359	9
19	2031	15167.9868697161	3
19	2041	15238.902753559166	3
19	2062	15411.55420214304	6
19	2113	15716.086382317807	9
19	2161	16302.858469796549	3
19	2169	16421.494133430377	3
19	2236	17121.377486916731	9
19	2274	17559.702987787091	6
19	2302	17899.09997515513	3
19	2350	18157.396371721543	3
19	2370	18237.05591918735	6
19	2478	18874.436413874414	6
19	2511	19031.994111595199	6
19	2531	19178.95935761648	9
19	2579	19492.652868364801	9
19	2590	19570.272521133631	9
19	2629	19862.751852245935	6
19	2644	19952.462094058301	6
20	175	1085.983216497593	2
20	233	1673.485976312517	2
20	288	2076.679472138728	2
20	291	2089.725327543931	3
20	304	2172.56420459708	3
20	375	2523.722228503477	2
20	389	2626.320613003086	2
20	448	3006.356282386597	2
20	508	3608.799842610069	1
20	608	4289.944239382815	2
20	674	5024.990306348035	2
20	680	5057.902438391643	3
20	834	6266.125510319413	2
20	936	7011.534665391403	2
20	1059	8053.388490176601	2
20	1092	8413.640091958491	3
20	1202	9216.479735085223	2
20	1252	9633.436803487867	2
20	1349	10243.661194765583	2
20	1461	11247.070634577715	2
20	1567	11781.765755992833	3
20	1571	11816.284276540555	2
20	1586	11883.237546772491	3
20	1678	12774.449161760676	2
20	1724	12993.951923041624	3
20	1767	13245.209555196782	2
20	1768	13248.209555196782	2
20	1803	13460.762926126988	3
20	1842	13706.204928533214	2
20	1885	14056.704364281018	2
20	1888	14095.671386549232	2
20	1954	14525.013095448642	2
20	1965	14599.912518039064	2
20	1975	14717.133190333359	3
20	2031	15167.9868697161	1
20	2041	15238.902753559166	1
20	2062	15411.55420214304	2
20	2113	15716.086382317807	3
20	2161	16302.858469796549	1
20	2169	16421.494133430377	1
20	2236	17121.377486916731	3
20	2274	17559.702987787091	2
20	2302	17899.09997515513	1
20	2350	18157.396371721543	1
20	2370	18237.05591918735	2
20	2478	18874.436413874414	2
20	2511	19031.994111595199	2
20	2531	19178.95935761648	3
20	2579	19492.652868364801	3
20	2590	19570.272521133631	3
20	2629	19862.751852245935	2
20	2644	19952.462094058301	2
21	190	1226.746166655333	306
21	260	1890.905283112374	203
21	290	2082.292774005227	306
21	371	2511.325530671943	306
21	458	3106.072620818898	306
21	487	3426.35302925209	409
21	505	3558.695157581251	409
21	525	3724.533604659068	203
21	568	3978.245468094218	203
21	572	3984.245468094218	310.81987681557
21	599	4184.09433570271	306
21	695	5155.188839709795	203
21	698	5174.843428140069	306
21	726	5412.754271560967	306
21	803	6038.016940902479	306
21	919	6859.129527728613	306
21	937	7018.724915267453	306
21	963	7232.562089850486	409
21	1008	7590.816926264304	306
21	1023	7720.110421533063	306
21	1032	7800.82421858419	203
21	1078	8244.175341752598	409
21	1133	8775.909017899759	203
21	1232	9470.199205491178	409
21	1251	9621.656726510426	203
21	1392	10604.806200130681	306
21	1425	10872.260594647646	306
21	1483	11415.860114821974	306
21	1624	12380.978223418427	203
21	1681	12785.766698311706	409
21	1690	12808.73792689135	203
21	1729	13007.059790446558	306
21	1759	13194.319559325674	409
21	1780	13336.628316717761	409
21	1827	13604.07816385195	409
21	2052	15336.676255110812	306
21	2087	15549.562790838549	306
21	2095	15599.816803230887	306
21	2138	16024.731950485929	306
21	2228	17088.45696350484	306
21	2287	17726.530827336335	306
21	2375	18264.574097429806	203
21	2383	18292.097882979566	306
21	2459	18793.834581481317	409
21	2508	19019.81231276024	409
21	2536	19204.725811537495	306
21	2589	19568.963380923843	203
21	2593	19625.756958222156	306
21	2616	19765.751852245935	311.63100169372
22	190	1226.746166655333	6
22	260	1890.905283112374	3
22	290	2082.292774005227	6
22	371	2511.325530671943	6
22	458	3106.072620818898	6
22	487	3426.35302925209	9
22	505	3558.695157581251	9
22	525	3724.533604659068	3
22	568	3978.245468094218	3
22	572	3984.245468094218	10.819876815566
22	599	4184.09433570271	6
22	695	5155.188839709795	3
22	698	5174.843428140069	6
22	726	5412.754271560967	6
22	803	6038.016940902479	6
22	919	6859.129527728613	6
22	937	7018.724915267453	6
22	963	7232.562089850486	9
22	1008	7590.816926264304	6
22	1023	7720.110421533063	6
22	1032	7800.82421858419	3
22	1078	8244.175341752598	9
22	1133	8775.909017899759	3
22	1232	9470.199205491178	9
22	1251	9621.656726510426	3
22	1392	10604.806200130681	6
22	1425	10872.260594647646	6
22	1483	11415.860114821974	6
22	1624	12380.978223418427	3
22	1681	12785.766698311706	9
22	1690	12808.73792689135	3
22	1729	13007.059790446558	6
22	1759	13194.319559325674	9
22	1780	13336.628316717761	9
22	1827	13604.07816385195	9
22	2052	15336.676255110812	6
22	2087	15549.562790838549	6
22	2095	15599.816803230887	6
22	2138	16024.731950485929	6
22	2228	17088.45696350484	6
22	2287	17726.530827336335	6
22	2375	18264.574097429806	3
22	2383	18292.097882979566	6
22	2459	18793.834581481317	9
22	2508	19019.81231276024	9
22	2536	19204.725811537495	6
22	2589	19568.963380923843	3
22	2593	19625.756958222156	6
22	2616	19765.751852245935	11.631001693722
23	190	1226.746166655333	2
23	260	1890.905283112374	1
23	290	2082.292774005227	2
23	371	2511.325530671943	2
23	458	3106.072620818898	2
23	487	3426.35302925209	3
23	505	3558.695157581251	3
23	525	3724.533604659068	1
23	568	3978.245468094218	1
23	572	3984.245468094218	2
23	599	4184.09433570271	2
23	695	5155.188839709795	1
23	698	5174.843428140069	2
23	726	5412.754271560967	2
23	803	6038.016940902479	2
23	919	6859.129527728613	2
23	937	7018.724915267453	2
23	963	7232.562089850486	3
23	1008	7590.816926264304	2
23	1023	7720.110421533063	2
23	1032	7800.82421858419	1
23	1078	8244.175341752598	3
23	1133	8775.909017899759	1
23	1232	9470.199205491178	3
23	1251	9621.656726510426	1
23	1392	10604.806200130681	2
23	1425	10872.260594647646	2
23	1483	11415.860114821974	2
23	1624	12380.978223418427	1
23	1681	12785.766698311706	3
23	1690	12808.73792689135	1
23	1729	13007.059790446558	2
23	1759	13194.319559325674	3
23	1780	13336.628316717761	3
23	1827	13604.07816385195	3
23	2052	15336.676255110812	2
23	2087	15549.562790838549	2
23	2095	15599.816803230887	2
23	2138	16024.731950485929	2
23	2228	17088.45696350484	2
23	2287	17726.530827336335	2
23	2375	18264.574097429806	1
23	2383	18292.097882979566	2
23	2459	18793.834581481317	3
23	2508	19019.81231276024	3
23	2536	19204.725811537495	2
23	2589	19568.963380923843	1
23	2593	19625.756958222156	2
23	2616	19765.751852245935	2
24	174	1071.816244915272	306
24	354	2416.484782067397	412.88600037439
24	362	2455.483721922121	409
24	380	2555.856308190452	306
24	382	2591.404095454213	306
24	390	2638.776498938653	306
24	419	2823.221944196722	306
24	453	3053.185785752566	409
24	454	3070.821931815189	203
24	564	3950.485623125848	306
24	601	4189.642588192332	306
24	606	4234.445780955027	306
24	709	5270.366747323237	306
24	793	5936.561684579783	409
24	810	6091.074065510283	306
24	901	6740.473717229422	409
24	935	7006.471917834959	306
24	962	7227.76126310143	409
24	973	7280.163379152287	306
24	1003	7550.342799989352	306
24	1091	8401.765052344808	203
24	1105	8543.904592158306	306
24	1106	8547.455524414603	203
24	1124	8699.529030515608	203
24	1151	8914.197342650119	409
24	1214	9309.405931464688	306
24	1225	9407.529179417545	409
24	1238	9507.95361995032	203
24	1253	9648.878075468473	409
24	1313	10041.553785006095	306
24	1339	10158.182824234024	203
24	1345	10178.659944786174	409
24	1471	11320.970374968078	306
24	1596	11962.040698892197	203
24	1634	12485.849527826085	409
24	1656	12646.127148036527	306
24	1706	12897.054964143067	409
24	1747	13116.941820470818	203
24	1817	13518.840300886302	306
24	1843	13716.641915243996	306
24	1880	14031.765507374319	409
24	1968	14643.239574569476	306
24	2023	15129.016779418159	409
24	2117	15736.54448746541	306
24	2122	15773.898838429739	306
24	2135	15965.49501325773	409
24	2221	17012.793726290352	203
24	2363	18195.665677293372	306
24	2366	18206.992808592206	306
24	2400	18388.624313131251	306
24	2424	18589.123685102542	306
24	2507	19010.980275953241	409
24	2568	19433.923240207683	203
24	2606	19733.393851076459	409
25	174	1071.816244915272	6
25	354	2416.484782067397	12.886000374395
25	362	2455.483721922121	9
25	380	2555.856308190452	6
25	382	2591.404095454213	6
25	390	2638.776498938653	6
25	419	2823.221944196722	6
25	453	3053.185785752566	9
25	454	3070.821931815189	3
25	564	3950.485623125848	6
25	601	4189.642588192332	6
25	606	4234.445780955027	6
25	709	5270.366747323237	6
25	793	5936.561684579783	9
25	810	6091.074065510283	6
25	901	6740.473717229422	9
25	935	7006.471917834959	6
25	962	7227.76126310143	9
25	973	7280.163379152287	6
25	1003	7550.342799989352	6
25	1091	8401.765052344808	3
25	1105	8543.904592158306	6
25	1106	8547.455524414603	3
25	1124	8699.529030515608	3
25	1151	8914.197342650119	9
25	1214	9309.405931464688	6
25	1225	9407.529179417545	9
25	1238	9507.95361995032	3
25	1253	9648.878075468473	9
25	1313	10041.553785006095	6
25	1339	10158.182824234024	3
25	1345	10178.659944786174	9
25	1471	11320.970374968078	6
25	1596	11962.040698892197	3
25	1634	12485.849527826085	9
25	1656	12646.127148036527	6
25	1706	12897.054964143067	9
25	1747	13116.941820470818	3
25	1817	13518.840300886302	6
25	1843	13716.641915243996	6
25	1880	14031.765507374319	9
25	1968	14643.239574569476	6
25	2023	15129.016779418159	9
25	2117	15736.54448746541	6
25	2122	15773.898838429739	6
25	2135	15965.49501325773	9
25	2221	17012.793726290352	3
25	2363	18195.665677293372	6
25	2366	18206.992808592206	6
25	2400	18388.624313131251	6
25	2424	18589.123685102542	6
25	2507	19010.980275953241	9
25	2568	19433.923240207683	3
25	2606	19733.393851076459	9
26	174	1071.816244915272	2
26	354	2416.484782067397	3
26	362	2455.483721922121	3
26	380	2555.856308190452	2
26	382	2591.404095454213	2
26	390	2638.776498938653	2
26	419	2823.221944196722	2
26	453	3053.185785752566	3
26	454	3070.821931815189	1
26	564	3950.485623125848	2
26	601	4189.642588192332	2
26	606	4234.445780955027	2
26	709	5270.366747323237	2
26	793	5936.561684579783	3
26	810	6091.074065510283	2
26	901	6740.473717229422	3
26	935	7006.471917834959	2
26	962	7227.76126310143	3
26	973	7280.163379152287	2
26	1003	7550.342799989352	2
26	1091	8401.765052344808	1
26	1105	8543.904592158306	2
26	1106	8547.455524414603	1
26	1124	8699.529030515608	1
26	1151	8914.197342650119	3
26	1214	9309.405931464688	2
26	1225	9407.529179417545	3
26	1238	9507.95361995032	1
26	1253	9648.878075468473	3
26	1313	10041.553785006095	2
26	1339	10158.182824234024	1
26	1345	10178.659944786174	3
26	1471	11320.970374968078	2
26	1596	11962.040698892197	1
26	1634	12485.849527826085	3
26	1656	12646.127148036527	2
26	1706	12897.054964143067	3
26	1747	13116.941820470818	1
26	1817	13518.840300886302	2
26	1843	13716.641915243996	2
26	1880	14031.765507374319	3
26	1968	14643.239574569476	2
26	2023	15129.016779418159	3
26	2117	15736.54448746541	2
26	2122	15773.898838429739	2
26	2135	15965.49501325773	3
26	2221	17012.793726290352	1
26	2363	18195.665677293372	2
26	2366	18206.992808592206	2
26	2400	18388.624313131251	2
26	2424	18589.123685102542	2
26	2507	19010.980275953241	3
26	2568	19433.923240207683	1
26	2606	19733.393851076459	3
27	193	1243.638445973516	306
27	232	1647.156033739482	306
27	239	1740.14609356683	409
27	262	1940.168020731145	306
27	284	2062.091083435813	306
27	331	2307.484782067397	306
27	364	2479.816316421035	306
27	396	2703.207774459347	306
27	400	2719.219646412355	203
27	450	3016.661768036361	306
27	495	3471.087040673404	203
27	517	3654.599747939153	409
27	533	3760.077619357797	306
27	578	4014.032294729554	306
27	598	4169.409162566388	306
27	650	4810.99856818757	306
27	653	4824.096168048501	409
27	716	5323.854676179161	306
27	760	5645.432434730664	306
27	833	6259.981738501265	203
27	881	6584.833198781981	409
27	920	6884.798590291916	306
27	1070	8162.203234647465	306
27	1077	8243.231693506363	409
27	1171	9057.917507083499	306
27	1203	9237.250300400052	306
27	1254	9687.231415719978	409
27	1340	10160.462523650972	203
27	1348	10237.458550227301	306
27	1405	10676.34390419937	306
27	1408	10724.038750997876	203
27	1422	10835.789431714057	306
27	1424	10855.955603000756	306
27	1536	11647.877981493161	306
27	1551	11714.332764609777	409
27	1722	12989.548617886403	409
27	1844	13722.373606625723	306
27	1851	13785.152120594417	306
27	1874	13995.517546300217	203
27	1897	14143.733780968694	306
27	1916	14305.831820361102	306
27	1919	14319.493197598449	306
27	1939	14446.29012038666	306
27	1981	14799.912518039064	409
27	2050	15319.51866723673	306
27	2173	16512.767633287857	203
27	2190	16708.476065240566	203
27	2193	16744.910669093807	306
27	2254	17317.807584880614	306
27	2418	18501.096427864818	410.22346058573
27	2439	18693.834581481317	306.93171178427
27	2441	18696.858329036378	409
27	2467	18822.952622440247	306
27	2547	19289.652868364801	205.3367526717
28	193	1243.638445973516	6
28	232	1647.156033739482	6
28	239	1740.14609356683	9
28	262	1940.168020731145	6
28	284	2062.091083435813	6
28	331	2307.484782067397	6
28	364	2479.816316421035	6
28	396	2703.207774459347	6
28	400	2719.219646412355	3
28	450	3016.661768036361	6
28	495	3471.087040673404	3
28	517	3654.599747939153	9
28	533	3760.077619357797	6
28	578	4014.032294729554	6
28	598	4169.409162566388	6
28	650	4810.99856818757	6
28	653	4824.096168048501	9
28	716	5323.854676179161	6
28	760	5645.432434730664	6
28	833	6259.981738501265	3
28	881	6584.833198781981	9
28	920	6884.798590291916	6
28	1070	8162.203234647465	6
28	1077	8243.231693506363	9
28	1171	9057.917507083499	6
28	1203	9237.250300400052	6
28	1254	9687.231415719978	9
28	1340	10160.462523650972	3
28	1348	10237.458550227301	6
28	1405	10676.34390419937	6
28	1408	10724.038750997876	3
28	1422	10835.789431714057	6
28	1424	10855.955603000756	6
28	1536	11647.877981493161	6
28	1551	11714.332764609777	9
28	1722	12989.548617886403	9
28	1844	13722.373606625723	6
28	1851	13785.152120594417	6
28	1874	13995.517546300217	3
28	1897	14143.733780968694	6
28	1916	14305.831820361102	6
28	1919	14319.493197598449	6
28	1939	14446.29012038666	6
28	1981	14799.912518039064	9
28	2050	15319.51866723673	6
28	2173	16512.767633287857	3
28	2190	16708.476065240566	3
28	2193	16744.910669093807	6
28	2254	17317.807584880614	6
28	2418	18501.096427864818	10.22346058573
28	2439	18693.834581481317	6.93171178427
28	2441	18696.858329036378	9
28	2467	18822.952622440247	6
28	2547	19289.652868364801	5.336752671696
29	193	1243.638445973516	2
29	232	1647.156033739482	2
29	239	1740.14609356683	3
29	262	1940.168020731145	2
29	284	2062.091083435813	2
29	331	2307.484782067397	2
29	364	2479.816316421035	2
29	396	2703.207774459347	2
29	400	2719.219646412355	1
29	450	3016.661768036361	2
29	495	3471.087040673404	1
29	517	3654.599747939153	3
29	533	3760.077619357797	2
29	578	4014.032294729554	2
29	598	4169.409162566388	2
29	650	4810.99856818757	2
29	653	4824.096168048501	3
29	716	5323.854676179161	2
29	760	5645.432434730664	2
29	833	6259.981738501265	1
29	881	6584.833198781981	3
29	920	6884.798590291916	2
29	1070	8162.203234647465	2
29	1077	8243.231693506363	3
29	1171	9057.917507083499	2
29	1203	9237.250300400052	2
29	1254	9687.231415719978	3
29	1340	10160.462523650972	1
29	1348	10237.458550227301	2
29	1405	10676.34390419937	2
29	1408	10724.038750997876	1
29	1422	10835.789431714057	2
29	1424	10855.955603000756	2
29	1536	11647.877981493161	2
29	1551	11714.332764609777	3
29	1722	12989.548617886403	3
29	1844	13722.373606625723	2
29	1851	13785.152120594417	2
29	1874	13995.517546300217	1
29	1897	14143.733780968694	2
29	1916	14305.831820361102	2
29	1919	14319.493197598449	2
29	1939	14446.29012038666	2
29	1981	14799.912518039064	3
29	2050	15319.51866723673	2
29	2173	16512.767633287857	1
29	2190	16708.476065240566	1
29	2193	16744.910669093807	2
29	2254	17317.807584880614	2
29	2418	18501.096427864818	3
29	2439	18693.834581481317	2
29	2441	18696.858329036378	3
29	2467	18822.952622440247	2
29	2547	19289.652868364801	1
30	199	1336.126290800522	409
30	236	1691.578598264429	409
30	296	2126.215568590197	203
30	473	3286.90799418489	306
30	486	3419.982530800616	306
30	546	3850.358261795804	306
30	622	4536.830735117406	306
30	636	4693.989538847861	306
30	715	5317.588421529211	306
30	737	5496.051051917549	203
30	787	5910.797608745243	306
30	852	6371.861883448208	306
30	870	6506.928328687324	306
30	980	7350.232467766142	409
30	991	7453.495909219948	306
30	1034	7833.446527244045	306
30	1147	8894.413615268962	306
30	1148	8900.067347315476	306
30	1187	9127.689871048061	409
30	1194	9182.862370004812	414.71798640005
30	1201	9210.07210058917	306
30	1245	9580.102023141435	203
30	1284	9906.847070001017	306
30	1294	9948.268701408972	203
30	1324	10066.204956581323	306
30	1331	10122.434156146821	306
30	1355	10269.215213742889	306
30	1391	10604.722844267105	306
30	1416	10770.544545309108	306
30	1423	10852.549316908821	409
30	1446	11116.072945499791	306
30	1460	11238.406456638981	306
30	1524	11602.243451603119	409
30	1530	11622.875551411793	306
30	1531	11629.185386553189	306
30	1611	12138.270974649715	409
30	1612	12149.922748771039	306
30	1672	12724.87345302796	203
30	1719	12943.692325740159	306
30	1738	13040.339660963888	306
30	1820	13555.544962369322	203
30	1841	13699.258307093342	409
30	1859	13880.953301747419	306
30	1960	14578.746921510638	409
30	1979	14781.975854306614	409
30	2000	14986.924238134113	203
30	2028	15152.768475009543	306
30	2036	15211.873551651508	203
30	2107	15657.04597551478	306
30	2116	15734.170152044209	306
30	2121	15772.285037392539	306
30	2148	16166.230819045002	306
30	2194	16764.999888630425	306
30	2212	16978.142043600835	409
30	2243	17205.647542813899	306
30	2253	17312.82307633211	306
30	2266	17478.990481942352	306
30	2369	18234.011730991068	306
30	2420	18552.611055273269	409
30	2604	19686.443708898843	409
31	199	1336.126290800522	9
31	236	1691.578598264429	9
31	296	2126.215568590197	3
31	473	3286.90799418489	6
31	486	3419.982530800616	6
31	546	3850.358261795804	6
31	622	4536.830735117406	6
31	636	4693.989538847861	6
31	715	5317.588421529211	6
31	737	5496.051051917549	3
31	787	5910.797608745243	6
31	852	6371.861883448208	6
31	870	6506.928328687324	6
31	980	7350.232467766142	9
31	991	7453.495909219948	6
31	1034	7833.446527244045	6
31	1147	8894.413615268962	6
31	1148	8900.067347315476	6
31	1187	9127.689871048061	9
31	1194	9182.862370004812	14.717986400054
31	1201	9210.07210058917	6
31	1245	9580.102023141435	3
31	1284	9906.847070001017	6
31	1294	9948.268701408972	3
31	1324	10066.204956581323	6
31	1331	10122.434156146821	6
31	1355	10269.215213742889	6
31	1391	10604.722844267105	6
31	1416	10770.544545309108	6
31	1423	10852.549316908821	9
31	1446	11116.072945499791	6
31	1460	11238.406456638981	6
31	1524	11602.243451603119	9
31	1530	11622.875551411793	6
31	1531	11629.185386553189	6
31	1611	12138.270974649715	9
31	1612	12149.922748771039	6
31	1672	12724.87345302796	3
31	1719	12943.692325740159	6
31	1738	13040.339660963888	6
31	1820	13555.544962369322	3
31	1841	13699.258307093342	9
31	1859	13880.953301747419	6
31	1960	14578.746921510638	9
31	1979	14781.975854306614	9
31	2000	14986.924238134113	3
31	2028	15152.768475009543	6
31	2036	15211.873551651508	3
31	2107	15657.04597551478	6
31	2116	15734.170152044209	6
31	2121	15772.285037392539	6
31	2148	16166.230819045002	6
31	2194	16764.999888630425	6
31	2212	16978.142043600835	9
31	2243	17205.647542813899	6
31	2253	17312.82307633211	6
31	2266	17478.990481942352	6
31	2369	18234.011730991068	6
31	2420	18552.611055273269	9
31	2604	19686.443708898843	9
32	199	1336.126290800522	3
32	236	1691.578598264429	3
32	296	2126.215568590197	1
32	473	3286.90799418489	2
32	486	3419.982530800616	2
32	546	3850.358261795804	2
32	622	4536.830735117406	2
32	636	4693.989538847861	2
32	715	5317.588421529211	2
32	737	5496.051051917549	1
32	787	5910.797608745243	2
32	852	6371.861883448208	2
32	870	6506.928328687324	2
32	980	7350.232467766142	3
32	991	7453.495909219948	2
32	1034	7833.446527244045	2
32	1147	8894.413615268962	2
32	1148	8900.067347315476	2
32	1187	9127.689871048061	3
32	1194	9182.862370004812	3
32	1201	9210.07210058917	2
32	1245	9580.102023141435	1
32	1284	9906.847070001017	2
32	1294	9948.268701408972	1
32	1324	10066.204956581323	2
32	1331	10122.434156146821	2
32	1355	10269.215213742889	2
32	1391	10604.722844267105	2
32	1416	10770.544545309108	2
32	1423	10852.549316908821	3
32	1446	11116.072945499791	2
32	1460	11238.406456638981	2
32	1524	11602.243451603119	3
32	1530	11622.875551411793	2
32	1531	11629.185386553189	2
32	1611	12138.270974649715	3
32	1612	12149.922748771039	2
32	1672	12724.87345302796	1
32	1719	12943.692325740159	2
32	1738	13040.339660963888	2
32	1820	13555.544962369322	1
32	1841	13699.258307093342	3
32	1859	13880.953301747419	2
32	1960	14578.746921510638	3
32	1979	14781.975854306614	3
32	2000	14986.924238134113	1
32	2028	15152.768475009543	2
32	2036	15211.873551651508	1
32	2107	15657.04597551478	2
32	2116	15734.170152044209	2
32	2121	15772.285037392539	2
32	2148	16166.230819045002	2
32	2194	16764.999888630425	2
32	2212	16978.142043600835	3
32	2243	17205.647542813899	2
32	2253	17312.82307633211	2
32	2266	17478.990481942352	2
32	2369	18234.011730991068	2
32	2420	18552.611055273269	3
32	2604	19686.443708898843	3
33	231	1645.986725336076	306
33	320	2255.107448841702	306
33	343	2376.062647197225	306
33	381	2590.074748383109	409
33	452	3023.436562768117	306
33	455	3075.46524798417	409
33	746	5561.925448712962	306
33	756	5607.202773335716	203
33	759	5640.179094958234	306
33	775	5795.344916453441	306
33	802	6033.224094313275	203
33	869	6500.550274401589	306
33	979	7348.493300565163	306
33	1033	7825.183595095939	306
33	1093	8416.800576145458	409
33	1108	8577.294969358541	306
33	1269	9807.194158150759	306
33	1330	10101.998827408411	409
33	1346	10182.309898842205	203
33	1462	11289.953520424851	306
33	1529	11617.332764609777	414.09712054626
33	1601	11998.071755600052	409
33	1610	12083.399469713977	409
33	1720	12947.008994429439	306
33	1761	13201.377022446534	306
33	1811	13504.558873413293	203
33	1829	13612.404777801067	306
33	1847	13730.540902311936	203
33	1904	14207.4172056037	306
33	1910	14245.170870827284	306
33	1915	14298.438494181566	306
33	2015	15072.904734207917	203
33	2033	15201.01126956382	306
33	2043	15264.958579344822	203
33	2115	15733.937711858837	306
33	2251	17286.057018244494	203
33	2280	17657.910017682434	203
33	2315	17995.415329856537	306
33	2319	18005.098612822617	306
33	2387	18306.629842998516	306
33	2388	18314.598714634164	409
33	2509	19024.203862348266	306
33	2512	19043.342259892417	306
33	2522	19101.704676935676	410.0526802536
33	2555	19356.063292714053	306
34	231	1645.986725336076	6
34	320	2255.107448841702	6
34	343	2376.062647197225	6
34	381	2590.074748383109	9
34	452	3023.436562768117	6
34	455	3075.46524798417	9
34	746	5561.925448712962	6
34	756	5607.202773335716	3
34	759	5640.179094958234	6
34	775	5795.344916453441	6
34	802	6033.224094313275	3
34	869	6500.550274401589	6
34	979	7348.493300565163	6
34	1033	7825.183595095939	6
34	1093	8416.800576145458	9
34	1108	8577.294969358541	6
34	1269	9807.194158150759	6
34	1330	10101.998827408411	9
34	1346	10182.309898842205	3
34	1462	11289.953520424851	6
34	1529	11617.332764609777	14.097120546256
34	1601	11998.071755600052	9
34	1610	12083.399469713977	9
34	1720	12947.008994429439	6
34	1761	13201.377022446534	6
34	1811	13504.558873413293	3
34	1829	13612.404777801067	6
34	1847	13730.540902311936	3
34	1904	14207.4172056037	6
34	1910	14245.170870827284	6
34	1915	14298.438494181566	6
34	2015	15072.904734207917	3
34	2033	15201.01126956382	6
34	2043	15264.958579344822	3
34	2115	15733.937711858837	6
34	2251	17286.057018244494	3
34	2280	17657.910017682434	3
34	2315	17995.415329856537	6
34	2319	18005.098612822617	6
34	2387	18306.629842998516	6
34	2388	18314.598714634164	9
34	2509	19024.203862348266	6
34	2512	19043.342259892417	6
34	2522	19101.704676935676	10.052680253598
34	2555	19356.063292714053	6
35	231	1645.986725336076	2
35	320	2255.107448841702	2
35	343	2376.062647197225	2
35	381	2590.074748383109	3
35	452	3023.436562768117	2
35	455	3075.46524798417	3
35	746	5561.925448712962	2
35	756	5607.202773335716	1
35	759	5640.179094958234	2
35	775	5795.344916453441	2
35	802	6033.224094313275	1
35	869	6500.550274401589	2
35	979	7348.493300565163	2
35	1033	7825.183595095939	2
35	1093	8416.800576145458	3
35	1108	8577.294969358541	2
35	1269	9807.194158150759	2
35	1330	10101.998827408411	3
35	1346	10182.309898842205	1
35	1462	11289.953520424851	2
35	1529	11617.332764609777	3
35	1601	11998.071755600052	3
35	1610	12083.399469713977	3
35	1720	12947.008994429439	2
35	1761	13201.377022446534	2
35	1811	13504.558873413293	1
35	1829	13612.404777801067	2
35	1847	13730.540902311936	1
35	1904	14207.4172056037	2
35	1910	14245.170870827284	2
35	1915	14298.438494181566	2
35	2015	15072.904734207917	1
35	2033	15201.01126956382	2
35	2043	15264.958579344822	1
35	2115	15733.937711858837	2
35	2251	17286.057018244494	1
35	2280	17657.910017682434	1
35	2315	17995.415329856537	2
35	2319	18005.098612822617	2
35	2387	18306.629842998516	2
35	2388	18314.598714634164	3
35	2509	19024.203862348266	2
35	2512	19043.342259892417	2
35	2522	19101.704676935676	3
35	2555	19356.063292714053	2

